New model:
f      0    0    0  0.964056786012
f      0    0    0  1.691934954975
f      0    0    0  102.660000330087
f      0    0    0  2.400000000000
f      0    0    0  1.601160405190
f      0    0    0  -0.973368533423
f      0    0    2  22303.995903404881
f      0    0    3  1685.282084207290
f      0    0    4  6593.618956803959
f      0    0    5  -2027.244171679640
f      0    0    6  5435.520794282485
f      0    2    0  37477.467476952101
f      0    3    0  -6569.163565854797
f      0    4    0  -1186.424692089487
f      0    5    0  -5453.613294243152
f      0    6    0  -6790.524027604971
f      2    0    0  35143.704760601533
f      3    0    0  797.446112865977
f      4    0    0  2880.706624274552
f      5    0    0  1501.614184457821
f      6    0    0  1028.093450863102
f      0    1    1  -15504.952302002190
f      0    1    2  -15498.842551508915
f      0    1    3  -9072.833361151679
f      0    1    4  1611.553439269077
f      0    1    5  -3553.793171371016
f      0    2    1  8862.084948210615
f      0    2    2  -5248.903979700601
f      0    2    3  -3940.957148597459
f      0    2    4  -4133.958509326399
f      0    3    1  5258.855109315049
f      0    3    2  -6095.612659556046
f      0    3    3  13207.359466415524
f      0    4    1  6846.978096692686
f      0    4    2  -9086.000571106200
f      0    5    1  12219.874501066250
f      1    0    1  -898.946889367005
f      1    0    2  -2276.307548461709
f      1    0    3  -3868.484457823981
f      1    0    4  -3441.675839008721
f      1    0    5  -5625.988536882814
f      1    1    0  -1939.839646280407
f      1    2    0  -1533.373382086764
f      1    3    0  2888.196006325370
f      1    4    0  -873.708928663480
f      1    5    0  -2414.351608875367
f      2    0    1  191.251479684284
f      2    0    2  -1035.228224285511
f      2    0    3  -5708.934247218459
f      2    0    4  -10205.368810396332
f      2    1    0  387.480311310796
f      2    2    0  -844.924821496002
f      2    3    0  1509.611682780472
f      2    4    0  -1868.975253545080
f      3    0    1  696.377833296635
f      3    0    2  -1344.523799457127
f      3    0    3  -277.244383965709
f      3    1    0  1002.655647573101
f      3    2    0  -3053.589591891101
f      3    3    0  -6578.965185060631
f      4    0    1  1969.100553526326
f      4    0    2  -3311.476045643417
f      4    1    0  2087.529579815733
f      4    2    0  -4333.590036615395
f      5    0    1  2668.908827266409
f      5    1    0  3020.450665567573
f      1    1    1  2757.785918912192
f      1    1    2  1627.439495274734
f      1    1    3  10494.827056147240
f      1    1    4  7561.255506520262
f      1    2    1  41.096304794031
f      1    2    2  417.643387205881
f      1    2    3  102.819481486031
f      1    3    1  -766.406296825722
f      1    3    2  14427.581306794460
f      1    4    1  -2048.294204437780
f      2    1    1  -1114.750745795916
f      2    1    2  2645.733978627979
f      2    1    3  16942.060039799399
f      2    2    1  -9.581200577437
f      2    2    2  -9254.275512791641
f      2    3    1  11142.321899307666
f      3    1    1  -656.780888591806
f      3    1    2  516.874580968418
f      3    2    1  -58.226931104009
f      4    1    1  3210.937504573194

Grid of energies:
  0.96446195   1.68969849 103.00000000  0.000000000000 -0.020059229009 0.020059229009 
  0.96446195   1.68888476 102.61306533  0.001440122724 0.042518957987 -0.041078835263 
  0.96446195   1.68888476 103.00000000  0.277229562402 0.281592432116 -0.004362869714 
  0.96446195   1.69388476 103.00000000  0.600930348039 0.446692175943 0.154238172096 
  0.96446195   1.69655907 102.38050207  1.207155823708 1.039432099158 0.167723724550 
  0.96105346   1.69171888 103.00000000  1.578858166933 1.543380236377 0.035477930556 
  0.96446195   1.69597990 103.00000000  1.941215410829 1.932623949784 0.008591461045 
  0.96446195   1.68888476 103.31658291  2.151494756341 1.915859775341 0.235634981000 
  0.96733668   1.68888476 103.00000000  2.540629878640 2.509915384549 0.030714494092 
  0.95979899   1.68888476 103.00000000  3.543927833438 3.789887177048 -0.245959343610 
  0.96446195   1.68888476 102.00000000  3.719119936228 3.651165802978 0.067954133250 
  0.95946195   1.68888476 103.00000000  4.315464735031 4.391326755515 -0.075862020484 
  0.96446195   1.68888476 101.90954774  4.482438176870 4.599825644480 -0.117387467609 
  0.96446195   1.68388476 103.00000000  4.824088975787 4.991655665309 -0.167566689521 
  0.96446195   1.68341709 103.00000000  5.503388702869 5.686460304111 -0.183071601241 
  0.96446195   1.68888476 104.02010050  10.238799989223 10.148959951403 0.089840037820 
  0.97136730   1.69167377 103.00000000  10.648758620024 10.480227846787 0.168530773237 
  0.96446195   1.70226131 103.00000000  11.260734945536 11.276942510865 -0.016207565329 
  0.96540094   1.68045628 103.00000000  11.684802666306 11.533780991390 0.151021674916 
  0.96446195   1.70388476 103.00000000  14.381357535720 14.862054700513 -0.480697164793 
  0.96446195   1.67888476 103.00000000  15.317238301039 14.715764333769 0.601473967269 
  0.96446195   1.68888476 101.20603015  15.457127228379 15.658487390077 -0.201360161698 
  0.96446195   1.68574450 104.37583481  17.317315727472 17.305416922231 0.011898805242 
  0.95927528   1.68888476 104.23313402  18.168651714921 18.128131608366 0.040520106555 
  0.97333400   1.69541002 103.00000000  18.657013356686 18.340998802505 0.316014554181 
  0.95452387   1.69343257 103.00000000  18.933411553502 19.004504988201 -0.071093434699 
  0.96446195   1.67713568 103.00000000  18.975039854646 19.327364928204 -0.352325073558 
  0.96446195   1.68888476 101.00000000  19.910314559937 20.138080474662 -0.227765914726 
  0.97487437   1.68888476 103.00000000  23.807904154062 23.704770935379 0.103133218683 
  0.96446195   1.68888476 104.72361809  24.792157411575 24.670786068906 0.121371342669 
  0.96446195   1.69935512 100.62340731  24.823451206088 24.773974813945 0.049476392143 
  0.96446195   1.70854271 103.00000000  28.339713782072 27.752609995444 0.587103786628 
  0.95226131   1.68888476 103.00000000  28.568257555366 28.768871798506 -0.200614243141 
  0.96446195   1.67452329 102.62611899  28.964977592230 29.477707209955 -0.512729617725 
  0.96446195   1.67388476 103.00000000  29.090352669358 29.595942268739 -0.505589599380 
  0.95413055   1.70245262 102.73968705  31.193421766162 31.019167216516 0.174254549646 
  0.96446195   1.68888476 105.00000000  32.258905187249 32.080843094283 0.178062092966 
  0.96446195   1.68888476 100.50251256  32.992967724800 33.288997595534 -0.296029870734 
  0.96446195   1.68888476 100.50000000  33.067656666040 33.363825131331 -0.296168465291 
  0.96961179   1.68888476 100.70626586  33.148259297013 33.345010695343 -0.196751398329 
  0.96446195   1.69102895 100.37362833  33.980343922973 34.231850320105 -0.251506397133 
  0.97772624   1.68831483 103.00000000  37.786081761122 37.684187038756 0.101894722366 
  0.95058570   1.69383403 103.00000000  38.235696539283 38.335791869511 -0.100095330228 
  0.97723251   1.69887113 103.00000000  38.722689017653 38.876337755056 -0.153648737403 
  0.96491781   1.67135836 103.00000000  39.349388957024 39.313101432456 0.036287524568 
  0.97655834   1.70238104 103.00000000  40.575154960155 41.431480532366 -0.856325572210 
  0.96446195   1.67085427 103.00000000  41.901243135333 41.185661485832 0.715581649501 
  0.96562428   1.68888476 100.23154051  42.014352247119 42.219182400501 -0.204830153382 
  0.96446195   1.67137754 102.46500521  42.704236641526 43.337836163059 -0.633599521532 
  0.96446195   1.68888476 105.42713568  45.627827748656 45.410196358571 0.217631390085 
  0.96446195   1.71388476 103.00000000  47.917796477675 47.186370088559 0.731426389116 
  0.96446195   1.66888476 103.00000000  49.098233163357 49.777441237716 -0.679208074359 
  0.96446195   1.68888476 100.00000000  49.573767498136 49.944723488541 -0.370955990405 
  0.96446195   1.71482412 103.00000000  51.862388104200 51.106507855003 0.755880249197 
  0.96446195   1.68955214 105.61393407  52.655812710524 52.395049480238 0.260763230286 
  0.96446195   1.69539628 105.42988367  53.413485065103 52.956830094983 0.456654970120 
  0.97543044   1.70528144 103.81278984  56.032447293401 55.279803493478 0.752643799922 
  0.97560309   1.67410683 103.02305509  56.130864351988 56.578819443463 -0.447955091475 
  0.96446195   1.68888476  99.79899497  57.158663138747 57.561604967999 -0.402941829252 
  0.95460688   1.68888476 105.33803371  58.897611752152 59.774680166209 -0.877068414056 
  0.96446195   1.67555604 100.87645427  59.853171378374 59.556399158196 0.296772220178 
  0.95133151   1.68888476 100.76483933  59.910274714231 60.412786373358 -0.502511659127 
  0.94922495   1.68888476 104.56931535  65.560919314623 65.655903727617 -0.094984412994 
  0.98241206   1.68888476 103.00000000  66.353356689215 66.206037163532 0.147319525683 
  0.95672846   1.68888476  99.85713991  66.548398718238 67.079361148808 -0.530962430570 
  0.96446195   1.68888476 106.13065327  70.721058845520 72.295978320806 -1.574919475286 
  0.96446195   1.66457286 103.00000000  72.584552392364 71.552477404281 1.032074988083 
  0.97797367   1.67278413 103.00000000  73.035715058446 73.536123825862 -0.500408767416 
  0.96446195   1.66388476 103.00000000  74.552689954638 75.408829823359 -0.856139868720 
  0.94739416   1.67691111 103.00000000  75.589389681816 76.209199150185 -0.619809468369 
  0.96089384   1.70206730 105.59650635  77.148107483983 77.302597180556 -0.154489696573 
  0.96446195   1.69863757  99.06940651  77.960671275854 77.406733985907 0.553937289947 
  0.94472362   1.68888476 103.00000000  78.368549659848 78.729800168521 -0.361250508672 
  0.98428260   1.68888476 102.42764906  79.959186494350 79.851674510660 0.107511983691 
  0.96446195   1.72110553 103.00000000  82.005072116852 81.092292165151 0.912779951700 
  0.96446195   1.71344974  99.23533120  86.906375780702 86.773469523997 0.132906256705 
  0.94382710   1.68888476 103.26907181  87.148346275091 87.498335787765 -0.349989512673 
  0.96446195   1.68888476  99.09547739  88.023052632809 88.546285768752 -0.523233135943 
  0.98579237   1.68914685 103.00000000  91.904751718044 91.736841118570 0.167910599474 
  0.98306362   1.70953101 102.41214758  94.601649567485 93.786925259935 0.814724307550 
  0.95046641   1.71563524 103.00000000  96.014574304223 95.573636351730 0.440937952493 
  0.98652520   1.68888476 103.23420719  99.420901268721 99.244148270401 0.176752998319 
  0.96446195   1.72108496  99.58487088  99.671033442020 100.083550595953 -0.412517153933 
  0.94237899   1.68888476 102.47775987  100.443540588021 100.151938731243 0.291601856778 
  0.96446195   1.72444112 103.20606282  104.461553156376 103.438258483431 1.023294672944 
  0.96446195   1.68888476 106.83417085  104.963929101825 105.256885758879 -0.292956657055 
  0.96446195   1.66742103 106.26100245  105.607050135732 105.528850201343 0.078199934389 
  0.94814726   1.66737313 103.00000000  105.624748066068 106.855655915124 -1.230907849056 
  0.96446195   1.65888476 103.00000000  105.984480187297 106.642084572362 -0.657604385065 
  0.96446195   1.65829146 103.00000000  109.670297130942 110.727269756771 -1.056972625828 
  0.97013095   1.65946551 103.00000000  110.440118178725 111.459701061754 -1.019582883029 
  0.96446195   1.69008639 106.96604373  113.158392861485 113.566561267087 -0.408168405602 
  0.96446195   1.68888476 107.00000000  114.000008597970 113.903277718030 0.096730879940 
  0.95912798   1.65829881 103.00000000  114.291166499257 114.222291616078 0.068874883179 
  0.97587038   1.72287438 103.00000000  116.829032480717 115.662298377984 1.166734102732 
  0.96446195   1.72738693 103.00000000  118.527149513364 117.470198716437 1.056950796927 
  0.94389381   1.67168745 103.55385572  119.010950297117 119.778968131793 -0.768017834675 
  0.96446195   1.73027836 101.86300788  123.191002056003 122.260566817834 0.930435238168 
  0.95313926   1.72064964 103.90707915  125.412822231650 124.892971950145 0.519850281506 
  0.96483168   1.68860969 107.20725858  125.655914232135 125.006275842109 0.649638390026 
  0.96446195   1.72355825  99.02784350  125.667471140623 127.009136956408 -1.341665815785 
  0.96446195   1.68888476  98.39195980  127.311991021037 126.312722288533 0.999268732504 
  0.98994975   1.68888476 103.00000000  129.061568766832 128.898449140784 0.163119626048 
  0.95051806   1.68888476 106.68003688  132.755652904510 133.667234686213 -0.911581781703 
  0.96446195   1.66332821 106.58684237  133.829879105091 133.474142718077 0.355736387014 
  0.98902819   1.70560176 103.00000000  136.514908015728 136.105503031621 0.409404984107 
  0.97889994   1.66125905 103.00000000  136.901961892843 137.498418797420 -0.596456904577 
  0.96446195   1.68888476 107.53768844  142.415491834283 144.221677444286 -1.806185610003 
  0.96446195   1.65388476 103.00000000  144.681069269776 143.632683353720 1.048385916056 
  0.95381277   1.67805434 107.31277718  147.989056721330 148.110822760756 -0.121766039427 
  0.97314078   1.66339734 106.48890049  148.025209844112 148.772091246445 -0.746881402333 
  0.96446195   1.71774280 105.73850634  149.583682149649 150.541807285214 -0.958125135565 
  0.96727704   1.68888476 107.60811506  149.583682149649 150.981734882676 -1.398052733027 
  0.96446195   1.68888476  98.00000000  151.474100574851 150.321443230804 1.152657344047 
  0.96446195   1.68888476  98.00000000  151.797198697925 150.321443230804 1.475755467121 
  0.94989347   1.72625264 102.74867185  152.705380171537 152.093760732152 0.611619439385 
  0.96446195   1.68853397 107.72342388  154.466749176383 155.031621188345 -0.564872011962 
  0.93718593   1.68888476 103.00000000  155.502366572618 155.017123259021 0.485243313598 
  0.97949607   1.68888476 106.88161469  156.907441228628 156.454046503365 0.453394725263 
  0.96792308   1.73298976 103.00000000  157.732789814472 157.058052781550 0.674737032922 
  0.98730720   1.71620594 103.00000000  158.136562809348 157.011344694452 1.125218114897 
  0.96446195   1.73366834 103.00000000  158.306201636791 160.007047316964 -1.700845680173 
  0.96446195   1.65201005 103.00000000  161.193522706628 159.018378953859 2.175143752769 
  0.97606009   1.73055422 103.00000000  164.058802038431 163.296473144117 0.762328894314 
  0.99230170   1.68074613 103.00000000  164.645781099796 164.248522074650 0.397259025146 
  0.96446195   1.68888476  97.68844221  170.125635907054 170.930281179348 -0.804645272294 
  0.96446195   1.68915089  97.67638750  170.182142660022 170.981804275198 -0.799661615176 
  0.96446195   1.65013448 103.08912827  172.678183153272 174.027865390737 -1.349682237465 
  0.99446195   1.68888476 103.00000000  175.805089458823 175.645076647642 0.160012811181 
  0.99132333   1.71246602 103.00000000  179.154208123684 179.112321240824 0.041886882860 
  0.93534751   1.69079245 102.17267705  180.152045547962 179.827398242333 0.324647305630 
  0.97672991   1.68888476 107.58637610  181.253635481000 180.720476835924 0.533158645076 
  0.95774332   1.73792412 100.76897627  183.499602481723 184.386316415213 -0.886713933490 
  0.96446195   1.73800509 102.68574638  184.515214890242 186.496429083317 -1.981214193075 
  0.97101797   1.72364346  97.79028674  185.078270211816 185.941478430194 -0.863208218378 
  0.97214643   1.66643002  99.43810123  186.145946532488 184.641815910560 1.504130621928 
  0.94951197   1.67864477 107.62871470  186.177681535482 186.394393378320 -0.216711842838 
  0.95482203   1.68888476  97.76307978  186.279496878386 185.489925134448 0.789571743938 
  0.97719294   1.66138776 106.75383811  187.708331987262 187.037287066107 0.671044921155 
  0.98563708   1.72749996 101.79689368  189.685070335865 188.664785509463 1.020284826402 
  0.96446195   1.68888476 108.24120603  189.911191195250 189.119149370620 0.792041824629 
  0.96446195   1.74031810 100.24843084  193.989271491766 194.839859519104 -0.850588027338 
  0.96084665   1.64727343 104.75343795  195.651311099529 195.367040891917 0.284270207612 
  0.93965624   1.71832898 103.00000000  199.696120083332 199.530277898443 0.165842184889 
  0.96446195   1.73888476 103.00000000  201.133620277047 199.849978288656 1.283641988391 
  0.96446195   1.73805227  99.08558058  201.944332867861 201.388869241596 0.555463626265 
  0.99724084   1.68888476 102.71912926  207.199927017093 207.065614437253 0.134312579840 
  0.96446195   1.73994975 103.00000000  209.777536183596 208.475685742582 1.301850441014 
  0.93375333   1.68888476 104.27536889  211.375304564834 211.864013655121 -0.488709090288 
  0.96281612   1.73415758 104.61468710  215.047302797437 213.595238535145 1.452064262292 
  0.96446195   1.64572864 103.00000000  215.224777251482 216.742953993303 -1.518176741821 
  0.93302760   1.68888476 104.19069785  218.222902581096 220.339859642753 -2.116957061658 
  0.96446195   1.66628105  98.66450362  219.820708140731 219.539754540803 0.280953599928 
  0.98941726   1.72521351 103.00000000  221.002271041274 221.140057011881 -0.137785970607 
  0.93723189   1.68888476  99.64225372  221.502511829138 222.075748030275 -0.573236201137 
  0.95779686   1.65619349 107.72022499  221.732662111521 222.685301395309 -0.952639283788 
  0.96446195   1.68888476  96.98492462  222.533549144864 222.468000851617 0.065548293247 
  0.99509817   1.68888476 100.17259623  222.834333464503 222.951494714058 -0.117161249555 
  0.96446195   1.69814739  96.62870433  226.824292778969 227.623557507781 -0.799264728812 
  0.96137519   1.74037363 103.68781593  234.445932462811 233.080266325925 1.365666136886 
  0.95195352   1.69098379 108.42905343  234.692654430866 234.163081040433 0.529573390433 
  0.99780770   1.68888476 104.49919764  235.327996537089 235.259165938626 0.068830598463 
  0.99946195   1.68888476 103.00000000  235.494126319885 235.183542760934 0.310583558952 
  0.96941089   1.73873321 104.15459803  237.231842055917 236.685938608515 0.545903447402 
  0.96446195   1.68888476 108.94472362  238.283274531364 239.878169162328 -1.594894630963 
  0.96446195   1.64281739 105.08095490  239.402167201042 238.798514381531 0.603652819511 
  0.93393520   1.68888476 105.46329382  239.831026554108 240.175333479382 -0.344306925274 
  0.99209886   1.72401822 103.00000000  240.569795817137 240.205585114982 0.364210702155 
  0.96446195   1.74388476 103.00000000  241.590212181211 241.762107111624 -0.171894930413 
  0.93791510   1.72263815 103.00000000  242.817911744118 242.628070661781 0.189841082337 
  0.95239675   1.65786346  99.86885016  243.128320395947 240.872035145239 2.256285250708 
  0.96446195   1.66598753 108.91407896  247.458584085107 247.888614458018 -0.430030372911 
  0.96850555   1.64283311 103.00000000  250.361019238830 252.023860372540 -1.662841133710 
  1.00045781   1.70214521 103.00000000  256.071739956737 255.374231895004 0.697508061732 
  0.92964824   1.68888476 103.00000000  257.792440280318 259.040053308134 -1.247613027816 
  0.95769560   1.64217818 103.00000000  258.269741281867 259.402571294141 -1.132830012274 
  0.96446195   1.74623116 103.00000000  258.752694502473 262.655012407092 -3.902317904619 
  0.96446195   1.65502998  99.50586244  261.198545858264 260.319552125867 0.878993732397 
  0.92946195   1.68888476 103.00000000  264.057011708617 261.974609397161 2.082402311457 
  0.96446195   1.72899713 106.42144632  264.842064380646 263.113401579507 1.728662801139 
  0.98858299   1.73572036 101.59840756  265.332449287176 263.957358754201 1.375090532975 
  0.96446195   1.72556489  96.42881084  265.378514975309 265.573611555535 -0.195096580226 
  0.96446195   1.74970259 100.77724579  266.574341744184 266.686300044548 -0.111958300364 
  0.96446195   1.70157578  96.07862899  267.712123304605 267.425450001703 0.286673302903 
  0.96446195   1.70278745 108.81795525  273.041327774525 272.202182558604 0.839145215921 
  0.96922488   1.68384635 109.36959232  273.511228352785 272.491670435445 1.019557917340 
  0.96446195   1.74773622 102.89769501  275.318351313472 273.914586969724 1.403764343748 
  0.96446195   1.68888476  96.28140704  279.856457412243 280.994581023067 -1.138123610824 
  0.96446195   1.63944724 103.00000000  282.471765205264 284.227378615858 -1.755613410594 
  0.99736405   1.68888476  99.25041417  284.806732833385 285.067613190689 -0.260880357303 
  0.96446195   1.74888476 103.00000000  287.672253400087 287.206625836928 0.465627563160 
  1.00139031   1.68888476 100.57532540  288.645977035165 287.748472193952 0.897504841213 
  0.97272711   1.75107352 100.79554950  288.980786636472 289.617049505818 -0.636262869347 
  0.96446195   1.63888476 103.00000000  290.849257916212 290.757861854668 0.091396061545 
  0.99464972   1.65854487 103.00000000  291.491112813354 292.766182123950 -1.275069310596 
  0.96446195   1.68888476 109.64824121  295.987511858344 296.427705011763 -0.440193153419 
  1.00317187   1.68888476 104.03323208  297.265731185675 295.808289297939 1.457441887736 
  0.97820971   1.65216536 107.98330228  298.603047564626 299.898050682997 -1.295003118372 
  1.00446195   1.68888476 103.00000000  302.693461805582 302.575935959216 0.117525846366 
  0.96446195   1.68253486  96.30706398  304.786672487855 306.104474771889 -1.317802284034 
  0.94260630   1.68888476  97.23211394  305.425350964069 306.847537695088 -1.422186731018 
  0.96446195   1.70750182  95.52124038  309.815973713994 310.763066056147 -0.947092342153 
  1.00168877   1.68888476 105.41423676  309.907746046782 311.636453877209 -1.728707830428 
  0.94369709   1.68888476  97.04313252  311.892113164067 311.249930776956 0.642182387112 
  0.95219717   1.75061435  99.83669123  316.524671107531 316.572739312662 -0.048068205132 
  1.00463704   1.68062023 103.00000000  317.072288006544 317.853830101278 -0.781542094734 
  0.96446195   1.63797420 102.32357664  317.574689149857 318.383467359282 -0.808778209426 
  0.93443161   1.72983110 100.96428423  320.992472469807 321.192170701459 -0.199698231653 
  0.96446195   1.75251256 103.00000000  321.857126995921 322.329633508665 -0.472506512744 
  0.97362383   1.68888476 109.71235313  322.365548640490 321.917053173718 0.448495466771 
  0.98223879   1.68888476 109.13380589  322.816723003983 322.157842744392 0.658880259592 
  1.00142561   1.68888476 105.79198301  322.933468356729 322.087745312748 0.845723043980 
  0.95639631   1.68987233  95.93719148  323.815635293722 323.210017733156 0.605617560566 
  0.99285205   1.68888476 107.88389634  326.138641133904 327.312605921313 -1.173964787409 
  0.92593426   1.68462993 103.76583653  326.703237399459 327.006710618801 -0.303473219342 
  0.95155555   1.68888476  96.16238646  327.838187307119 328.135946885463 -0.297759578344 
  0.95259126   1.74772642  98.15535061  330.460944592953 331.236573453472 -0.775628860520 
  0.96960702   1.68888476  95.77772522  331.359702453017 331.656154390418 -0.296451937400 
  1.00270328   1.67536309 105.17065852  332.862332433462 333.321480253689 -0.459147820226 
  0.96446195   1.75388476 103.00000000  337.578640237451 336.076452137504 1.502188099946 
  0.93651102   1.71489603 106.47690868  338.565010920167 338.876929910855 -0.311918990688 
  0.98951387   1.64823057 102.17952739  339.458118870854 340.323202604811 -0.865083733957 
  1.00676816   1.68888476 103.66840995  342.234153211117 342.099645218328 0.134507992789 
  0.96446195   1.74897503  97.15472969  345.257062122226 346.994152485942 -1.737090363716 
  0.96446195   1.68888476  95.57788945  346.545945525169 346.578382316029 -0.032436790859 
  0.92446195   1.68888476 103.00000000  347.265927672386 347.485474989446 -0.219547317060 
  0.96446195   1.71441264 109.01876489  348.983215570450 349.795959900524 -0.812744330074 
  0.96446195   1.63252495 104.67247047  350.436353415251 350.946471311033 -0.510117895782 
  0.96446195   1.63388476 103.00000000  351.658945947886 352.406026001439 -0.747080053554 
  0.96446195   1.68888476  95.50000000  352.934268698096 354.276312039657 -1.342043341561 
  0.94214417   1.73778784  97.83217153  357.536093309522 357.993904476244 -0.457811166723 
  0.96446195   1.68888476 110.35175879  359.705666527152 358.696850053386 1.008816473766 
  0.96446195   1.63316583 103.00000000  359.810632392764 361.807975213854 -1.997342821090 
  0.97637983   1.68888476  95.66154272  363.100308969617 364.256250696876 -1.155941727259 
  0.98179619   1.70625554 109.03119290  369.018024697900 367.365799244609 1.652225453290 
  0.93599096   1.68888476 108.47358590  369.975899204612 369.857335082930 0.118564121682 
  0.96446195   1.72277198 108.61108022  373.588694110513 372.622579923158 0.966114187355 
  0.96446195   1.68888476 110.50000000  374.699783995748 372.540773417167 2.159010578581 
  0.93579461   1.73800135 103.00000000  376.173429265618 375.790961603092 0.382467662526 
  0.96446195   1.76055341 101.77478691  377.618905112147 378.860911318835 -1.242006206688 
  1.00946195   1.68888476 103.00000000  378.827119842172 377.540262489994 1.286857352177 
  0.97833458   1.74673087 105.11214982  380.177084892988 381.934878181096 -1.757793288108 
  0.93113910   1.65264600 103.00000000  381.283503577113 380.302505060110 0.980998517003 
  0.96446195   1.64224324 109.01634364  382.989150121808 382.839354172534 0.149795949274 
  0.93332518   1.66164668 107.71627363  383.117874726653 383.883861741967 -0.765987015314 
  0.94662797   1.68888476  95.90875892  384.020575106144 384.748463083996 -0.727887977852 
  0.96446195   1.75879397 103.00000000  388.843418300152 387.290069446652 1.553348853500 
  0.96446195   1.75888476 103.00000000  389.821694165468 388.266731659023 1.554962506445 
  0.96446195   1.70503582 110.05531596  390.272655174136 390.007102415852 0.265552758284 
  0.92211055   1.68888476 103.00000000  391.255244478583 392.275875036305 -1.020630557721 
  0.96446195   1.72729621 108.43133133  391.700432091951 392.771821862223 -1.071389770272 
  0.95321958   1.63482124 107.40279050  391.749749258161 392.017448179460 -0.267698921300 
  0.99965001   1.65340057 103.00000000  394.960617274046 393.331615982750 1.629001291296 
  0.96446195   1.69240169 110.63783209  395.118468597531 395.009127236986 0.109341360546 
  0.92529418   1.70273963 105.23552118  396.282721966505 396.931714452889 -0.648992486384 
  0.97351178   1.75365194  97.05720702  396.614865481853 398.378909753006 -1.764044271153 
  0.96446195   1.63187267 102.34918551  396.626740574837 397.215374765535 -0.588634190698 
  0.92593240   1.71922596 103.00000000  397.186827555299 401.527953272469 -4.341125717171 
  0.96728846   1.63067546 103.00000000  398.899054095149 398.763021078541 0.136033016608 
  0.96446195   1.63245787 102.05290380  401.111087501049 399.288012616584 1.823074884465 
  1.01095992   1.68888476 102.35861448  401.190849065781 401.082502855667 0.108346210113 
  0.96446195   1.71681598  94.55462780  401.707250639796 402.627839212512 -0.920588572715 
  0.95028017   1.68888476 110.45128012  405.061088815331 404.212740007818 0.848348807513 
  1.00212988   1.67711843 107.33125487  407.805868431926 408.806614015194 -1.000745583268 
  0.98966752   1.75084367  98.98119659  408.524353474379 409.035980103416 -0.511626629037 
  0.92140432   1.68888476 102.24265764  409.835087016225 408.970392999723 0.864694016502 
  0.93652944   1.72948186 105.99628740  410.234484270215 411.876449745996 -1.641965475781 
  0.96446195   1.68512231 111.00336134  412.336312234402 413.476896124876 -1.140583890475 
  0.96446195   1.62871961 103.51542851  412.728577181697 411.977924169335 0.750653012362 
  0.92535569   1.67887269  99.93898819  414.458152353764 413.938165379956 0.519986973808 
  0.95379314   1.69508207  94.92958801  414.785979792476 416.345924267470 -1.559944474994 
  0.97370533   1.75252186  96.50008780  416.091228783131 418.140158788786 -2.048930005655 
  0.99432438   1.70621792 108.25211097  417.774390101433 418.036343701716 -0.261953600283 
  0.94911604   1.68979777  95.35325055  418.479181483388 417.778184164861 0.700997318527 
  0.96446195   1.68888476  94.87437186  418.525590613484 419.287422960409 -0.761832346925 
  0.96446195   1.62888476 103.00000000  419.497033968568 420.644854219039 -1.147820250471 
  1.00891594   1.71523452 103.54217596  424.556517302990 423.344276779777 1.212240523213 
  0.96446195   1.72386078 109.11337387  424.983178958297 424.130551617648 0.852627340649 
  1.01185935   1.68888476 103.86498015  425.582665726542 424.889933441966 0.692732284577 
  0.96446195   1.68888476 111.05527638  426.399209573865 426.614846429066 -0.215636855201 
  0.92506121   1.65991874 103.00000000  427.819795742631 427.031062219833 0.788733522798 
  0.99980657   1.68331976 108.30365288  433.579531803727 433.390444994483 0.189086809244 
  0.99317752   1.75027150 102.35189200  435.801030188799 434.006684150855 1.794346037944 
  0.96446195   1.67443426  95.46230550  437.788442626595 439.579545418538 -1.791102791943 
  0.95426552   1.68888476 111.02803358  438.401183724403 441.162392747573 -2.761209023169 
  0.96446195   1.62847345 107.19008640  442.237137824297 440.544790562057 1.692347262240 
  0.96446195   1.76388476 103.00000000  445.198332130909 443.674783122557 1.523549008352 
  0.91946195   1.68888476 103.00000000  445.271253094077 446.314254844280 -1.043001750203 
  1.01246152   1.71001512 102.54868898  447.585366070271 446.686414665739 0.898951404532 
  0.98848447   1.72370167 108.08409952  447.621352493763 448.735059276258 -1.113706782495 
  1.00124097   1.73349742 104.46598119  450.927860721946 449.509453921092 1.418406800854 
  0.96446195   1.62688442 103.00000000  451.363070279360 449.830681630558 1.532388648802 
  0.96446195   1.76507538 103.00000000  456.920849278569 457.332009975959 -0.411160697390 
  0.97627840   1.68888476 111.03170369  457.657716557384 456.415591309468 1.242125247915 
  1.01446195   1.68888476 103.00000000  458.937034890056 459.803030811728 -0.865995921673 
  0.96446195   1.62493190 104.01424880  459.832114875317 459.190671770649 0.641443104668 
  0.99999862   1.66384072 108.17701155  460.775899469852 461.771694877431 -0.995795407579 
  0.96446195   1.72066809 109.79502847  460.777355909348 462.916186467625 -2.138830558277 
  0.94678790   1.66233599  96.84728883  465.278616279364 462.810869911508 2.467746367855 
  1.01052957   1.66573117 103.00000000  465.568177640438 466.718601397666 -1.150423757228 
  0.92127101   1.68821597  99.92370343  466.790207028389 468.409520304371 -1.619313275982 
  0.99581087   1.75028956  98.73617772  470.621889844537 471.722336179260 -1.100446334723 
  0.92321145   1.65730745 103.93823377  472.952110797167 472.054317789782 0.897793007385 
  0.97278877   1.73314306 108.64638534  476.908031463623 474.324235489484 2.583795974139 
  0.96446195   1.72306670 109.72556063  476.974383115768 474.536734403446 2.437648712323 
  1.00035132   1.74429044 103.00000000  479.300852507353 477.437734771926 1.863117735427 
  0.96446195   1.76192782  96.53468402  479.889752715826 480.230766027022 -0.341013311196 
  0.96446195   1.77089985 100.00156094  480.464924007654 480.701860979827 -0.236936972173 
  0.96446195   1.63902859  98.97600729  481.706210941076 482.193153012998 -0.486942071922 
  0.96446195   1.69162122  94.16830822  485.369977056980 487.006270077076 -1.636293020096 
  1.00858823   1.73045884 103.00000000  488.296442344785 488.254118720594 0.042323624191 
  0.96446195   1.65196198 111.26944549  489.866142347455 489.135244264194 0.730898083261 
  0.97488588   1.70136825 111.01841111  491.804224461317 492.086874871375 -0.282650410058 
  0.96446195   1.69926107  93.88017300  493.286784216762 493.324489150939 -0.037704934177 
  1.01488484   1.68373943 100.93496222  494.040196731687 496.002764744727 -1.962568013041 
  0.96446195   1.62388476 103.00000000  495.621189966798 495.652904363127 -0.031714396329 
  0.96446195   1.68888476  94.17085427  497.478745505214 499.189389328642 -1.710643823428 
  0.96446195   1.68888476 111.75879397  501.540433034301 500.111094789557 1.429338244744 
  0.96446195   1.76888476 103.00000000  503.827839747071 502.200045394052 1.627794353019 
  1.01237150   1.66313115 103.00000000  510.950283974409 512.285562796342 -1.335278821933 
  0.97501152   1.68888476 111.67145175  516.291884571314 516.970839129161 -0.678954557848 
  0.91715728   1.70105476 101.30268768  516.506635054946 517.616614792681 -1.109979737735 
  1.01509368   1.67091999 103.00000000  518.414606213570 517.445096641831 0.969509571738 
  0.92537237   1.72808125  98.36802199  519.789766669273 521.006659303787 -1.216892634514 
  0.95733237   1.62219204 106.99559888  520.726522162557 522.966503629699 -2.239981467142 
  0.98731151   1.63476594 100.98122143  521.852674782276 524.383933131549 -2.531258349273 
  1.01820531   1.70087410 102.02759778  526.935806065798 526.443057616353 0.492748449445 
  0.96446195   1.75151986 107.22515186  528.356041118503 530.085478618370 -1.729437499867 
  0.96446195   1.77135678 103.00000000  529.776081010699 532.256396257633 -2.480315246934 
  0.93413177   1.68888476  95.79554147  532.590698525310 530.440955289553 2.149743235756 
  1.01636459   1.68888476 100.20483855  533.896362379193 530.001555329929 3.894807049264 
  0.96290568   1.77389193 101.87772410  535.664889767766 534.299632849980 1.365256917786 
  0.96446195   1.77523909  99.20799784  536.207938507199 535.361083910172 0.846854597028 
  0.96446195   1.76883576 103.94411146  537.234000101686 537.371323549385 -0.137323447699 
  0.99447775   1.74116910  95.69164582  539.220196679235 539.013975252180 0.206221427055 
  1.00337205   1.68888476 109.04534774  539.441697731614 540.575037736607 -1.133340004993 
  0.96446195   1.67112579  94.81236082  540.722337096930 539.309739529482 1.412597567447 
  0.91722772   1.71158586 103.00000000  541.138240709901 541.563724955809 -0.425484245908 
  0.96446195   1.76156673 105.71574683  541.522066339850 542.192460256206 -0.670393916356 
  0.98721226   1.65220620 110.57812649  544.429544746876 542.790042420905 1.639502325971 
  0.96446195   1.77656005  99.54433475  546.151326104999 547.893031949006 -1.741705844007 
  0.93014136   1.63857653 106.80228031  546.359809592366 547.916098339627 -1.556288747261 
  0.96446195   1.68989521 112.17670446  548.808061555028 549.317822515441 -0.509760960413 
  1.01946195   1.68888476 103.00000000  549.066800191998 549.098983357468 -0.032183165470 
  0.96446195   1.62060302 103.00000000  550.954128608108 548.651624952370 2.302503655738 
  0.92930408   1.75020489 100.36165932  552.161541283131 556.805512655432 -4.643971372302 
  0.91457286   1.68888476 103.00000000  554.971488729119 556.273477906471 -1.301989177352 
  0.96446195   1.65651281  95.90757142  556.527144521475 554.474647315529 2.052497205946 
  0.91446195   1.68888476 103.00000000  557.618368282914 558.924240439655 -1.305872156741 
  0.96446195   1.77379548 102.94780774  562.107674404979 560.864460113422 1.243214291557 
  0.96446195   1.77388476 103.00000000  562.436854481697 563.744026464402 -1.307171982705 
  0.96446195   1.64861409 111.87344480  562.501505196095 563.354395448152 -0.852890252057 
  1.00254234   1.64408587 107.02606257  565.393240943551 564.365860420503 1.027380523048 
  0.96446195   1.67925684  94.05348046  568.333280459046 570.357970543042 -2.024690083996 
  0.96911792   1.61949176 103.00000000  572.131793498993 574.775620059007 -2.643826560014 
  0.96446195   1.64561350  96.94627655  573.123538434505 575.615956225114 -2.492417790609 
  0.96446195   1.69561642 112.24964407  575.041231408715 577.812560593415 -2.771329184700 
  0.96446195   1.68888476 112.46231156  579.097333326936 579.115166191894 -0.017832864958 
  1.02099043   1.68738223 103.00000000  579.811488285661 579.228409191239 0.583079094421 
  0.96446195   1.61888476 103.00000000  580.718607306480 577.612941947008 3.105665359472 
  0.92791619   1.68888476 109.70289256  580.797613471746 580.602127684717 0.195485787030 
  0.96446195   1.76553577 105.61458057  584.439828857780 584.214327146908 0.225501710871 
  0.91901005   1.72716987 103.00000000  585.374351739883 585.892333593871 -0.517981853988 
  0.96446195   1.68888476  93.46733668  586.471240520477 586.351648082491 0.119592437986 
  0.92790283   1.68888476  96.19176163  586.567603021860 588.807902722476 -2.240299700616 
  1.00694046   1.68888476 109.05052532  593.548263490200 593.042958426417 0.505305063783 
  0.96723788   1.68888476 112.56709227  595.841813400388 594.098319350524 1.743494049864 
  0.95551938   1.77497920 103.00000000  598.729282110929 598.211023782056 0.518258328874 
  0.96446195   1.71174714 111.70067384  599.661995977163 600.584419365709 -0.922423388546 
  0.96446195   1.65474845  95.67536598  603.243383601308 601.172983619028 2.070399982280 
  1.01209057   1.64988052 103.01542151  607.094323888421 609.214808980274 -2.120485091853 
  0.96446195   1.77763819 103.00000000  607.685776442289 611.869656085365 -4.183879643076 
  1.00390405   1.63894062 106.29512621  611.104570284486 610.264665107046 0.839905177440 
  1.02265994   1.68738545 103.00000000  613.528497532010 611.260497585682 2.267999946328 
  0.96446195   1.66415801 112.92023195  615.780351772904 616.720529332879 -0.940177559975 
  1.00630919   1.64018890 103.00000000  617.016295358539 618.329789242130 -1.313493883591 
  0.95998075   1.75107782  93.54594833  620.191066384315 621.965937768917 -1.774871384602 
  0.95111652   1.71685547  92.95074691  621.188610032201 621.974589943583 -0.785979911382 
  0.96446195   1.63459538  98.03565072  624.357367292047 627.072642491318 -2.715275199272 
  1.01517594   1.73580803 103.00000000  631.803734362125 631.174158150358 0.629576211767 
  0.97354681   1.68888476 112.74850528  632.897642731667 633.057278797741 -0.159636066074 
  0.91731462   1.72290660 104.54637546  634.479232162237 634.852733528830 -0.373501366593 
  0.96446195   1.61989539 109.13684979  634.894625067711 634.329132036814 0.565493030897 
  0.93482421   1.76334593 103.00000000  639.272624358535 639.323691563233 -0.051067204698 
  0.97320610   1.68888476 112.79606184  639.837316498160 637.416608968535 2.420707529625 
  1.02427979   1.69367216 103.00000000  640.003927841783 639.693907882682 0.310019959101 
  0.96446195   1.75629947  93.59112258  642.455200478435 643.028575730307 -0.573375251873 
  0.95425022   1.68888476 112.85660202  643.157270327210 642.780401772785 0.376868554426 
  0.92882897   1.73696891  95.88660593  644.482504114509 644.743126849927 -0.260622735418 
  1.02446195   1.68888476 103.00000000  645.066411256790 645.170837057199 -0.104425800409 
  0.96446195   1.68888476  93.00000000  646.252500697970 648.298575222242 -2.046074524272 
  0.96446195   1.78135198 102.74494164  653.810395807028 652.209117612110 1.601278194917 
  1.02421632   1.70043884 103.91487227  654.437818869948 657.278221566346 -2.840402696398 
  0.96446195   1.61304655 106.85459640  655.872849315405 657.163499179647 -1.290649864242 
  0.96446195   1.61432161 103.00000000  657.783407673240 658.637999247170 -0.854591573931 
  0.99914076   1.68888476 111.03817666  663.447268337011 662.403781782545 1.043486554467 
  0.96446195   1.68888476 113.16582915  663.928037688136 663.556802602374 0.371235085762 
  0.95778928   1.78497660  99.11308500  665.522460609674 667.016085961548 -1.493625351873 
  1.00104124   1.76191771  97.53579963  667.680149301887 667.009209666625 0.670939635261 
  0.95373825   1.77986304 103.00000000  668.114894807339 670.313778428602 -2.198883621264 
  0.96446195   1.61388476 103.00000000  671.738168716431 666.712046609239 5.026122107191 
  0.98411672   1.77600186 103.41356831  672.441673547029 671.978109802414 0.463563744616 
  1.01889299   1.71619926  97.80738113  674.001617059112 674.109080479888 -0.107463420777 
  0.96446195   1.61201433 103.99679347  674.593139812350 675.228591404724 -0.635451592374 
  0.96446195   1.68888476  92.76381910  678.727461308241 680.841263246195 -2.113801937954 
  0.90946195   1.68888476 103.00000000  682.130666390061 685.793575994182 -3.662909604121 
  0.92483566   1.63325913 103.00000000  684.283590883017 684.090051110924 0.193539772093 
  0.95969103   1.78293190 103.00000000  691.142243802547 689.572968147642 1.569275654905 
  0.97222654   1.68888476 113.26162730  692.903530612588 690.854829802446 2.048700810142 
  0.96446195   1.78391960 103.00000000  693.441856518388 695.982835947251 -2.540979428863 
  1.00743054   1.63521818 103.00000000  696.795051574707 696.327627318244 0.467424256463 
  1.01241675   1.64651132 107.08301926  697.644841060042 699.192513825636 -1.547672765594 
  0.96446195   1.75323847 108.99452610  698.289882972836 701.408535621081 -3.118652648244 
  0.96446195   1.69280758  92.47519653  704.560539945960 700.383972752673 4.176567193287 
  0.96446195   1.76228692 107.78603218  705.404117763042 702.508309888405 2.895807874638 
  0.96446195   1.76097255 108.01690591  706.351179882884 705.873709430958 0.477470451926 
  0.98207268   1.78531947  99.00679883  708.828120335937 708.216402159485 0.611718176452 
  0.91294101   1.68888476 107.13455655  709.001434504986 709.789471424601 -0.788036919615 
  0.96547318   1.68048762  92.95427919  709.283540531993 708.637441402739 0.646099129254 
  1.02763819   1.68888476 103.00000000  709.449349194765 709.605478454051 -0.156129259286 
  0.95053671   1.75854926 107.95439400  713.201879292727 714.548103767939 -1.346224475212 
  0.91105455   1.71698292 103.00000000  715.475815355778 716.530425641957 -1.054610286180 
  0.96446195   1.60949223 104.37079153  716.009487137198 716.073653975257 -0.064166838059 
  0.90851981   1.68888476 101.73244098  717.083222717047 720.779047155841 -3.695824438794 
  0.94482568   1.64119986  96.90542492  718.181219309568 718.698358064084 -0.517138754515 
  0.94926897   1.61163813 107.11630154  718.986786276102 720.615796724752 -1.629010448650 
  0.92222192   1.68888476 110.20395875  723.112245738506 726.086435316117 -2.974189577610 
  0.90975965   1.66715687 104.24029139  723.745460540056 725.334279282120 -1.588818742063 
  0.96446195   1.65878540  94.30993108  726.113922894001 725.765189749749 0.348733144252 
  1.00452502   1.68888476 110.96963456  729.707568109035 728.780723932818 0.926844176217 
  0.95220466   1.77876348  95.56424625  733.054244577885 733.303644943334 -0.249400365450 
  0.96446195   1.79189008 100.04869604  739.059305593371 743.062498778430 -4.003193185058 
  1.00090993   1.63071103 100.85990891  739.911191195250 742.227139906727 -2.315948711477 
  0.94994987   1.65941031  94.47138075  744.030451118946 742.572639007566 1.457812111380 
  1.02946195   1.68888476 103.00000000  746.673856258392 747.769032309179 -1.095176050786 
  0.96446195   1.70337148  91.83038838  747.581222325563 748.704995138962 -1.123772813398 
  1.01540801   1.74594579 104.05679756  751.043060839176 749.918978926695 1.124081912481 
  0.90703518   1.68888476 103.00000000  751.937855929136 752.656829923227 -0.718973994091 
  0.96446195   1.68888476 113.86934673  754.356831699610 753.365909167885 0.990922531725 
  0.96999938   1.61770377 110.50484839  755.643983125687 758.678917054034 -3.034933928347 
  0.95759089   1.65000260  94.97143969  755.914793550968 757.163657554235 -1.248864003267 
  0.96446195   1.70705381  91.67397994  758.340544417500 760.337487479751 -1.996943062251 
  0.96446195   1.60659091 105.99673714  759.769349947572 762.723876572769 -2.954526625198 
  0.96446195   1.60888476 103.00000000  760.138255342841 763.141719264439 -3.003463921598 
  1.01138829   1.64227824 100.35591451  763.005611225963 765.838626258733 -2.833015032770 
  0.96492083   1.73376559  91.53284771  768.511803641915 772.333179860030 -3.821376218115 
  1.02534639   1.66092314 102.46360465  770.745041355491 772.536694906798 -1.791653551307 
  0.96446195   1.63768356  96.21693572  770.820284932852 771.556829661775 -0.736544728924 
  1.02005335   1.68679927 108.54991345  774.044495403767 776.006752358309 -1.962256954542 
  0.96446195   1.60934291 108.70604081  776.055990651250 776.971178015708 -0.915187364458 
  0.96446195   1.79020101 103.00000000  777.125922903419 784.411925882313 -7.286002978895 
  0.96446195   1.60804020 103.00000000  780.411507382989 780.167456794455 0.244050588534 
  0.96446195   1.68888476  92.06030151  786.062444806099 782.725025520876 3.337419285223 
  0.98490766   1.78076494  95.41803993  788.225946739316 787.828885271036 0.397061468280 
  0.97804563   1.65680310 113.84003353  788.276919960976 788.795143953119 -0.518223992143 
  0.96446195   1.74379475  91.62528484  788.776304438710 789.609712381695 -0.833407942985 
  0.91033771   1.72080154 104.52105342  790.782933741808 791.769059747029 -0.986126005221 
  0.96446195   1.78666594  95.31063712  791.018482923508 793.064937083129 -2.046454159621 
  0.90660057   1.68888476 100.88694331  792.600212410092 792.853199688214 -0.252987278122 
  0.95631259   1.78826874 103.57291419  793.080587878823 798.654650956370 -5.574063077547 
  1.03033129   1.71517184 101.65596552  795.954169109464 797.280996972885 -1.326827863421 
  0.95965473   1.60657207 103.46794583  798.208971425891 795.542094236970 2.666877188921 
  0.92827979   1.72067463 110.32596820  800.304006978869 799.283661964335 1.020345014534 
  0.97358087   1.79057027 103.00000000  800.649835541844 801.094405103721 -0.444569561877 
  1.01931029   1.64377182 103.00000000  801.338670730591 798.674544325289 2.664126405302 
  0.96446195   1.79512913 101.15824046  802.865738466382 802.010939024275 0.854799442107 
  0.96446195   1.77359061  93.24990927  803.197979718447 806.833124196414 -3.635144477968 
  1.00961321   1.63101398 102.34462895  806.317197605968 804.603676031562 1.713521574406 
  1.02907604   1.71508542 104.24649824  810.031279847026 808.949379022500 1.081900824526 
  0.96446195   1.61322000 110.52883875  810.995219841599 813.797787400314 -2.802567558715 
  0.96488777   1.79476285  96.91768139  817.614406242967 821.864047385612 -4.249641142645 
  1.01133801   1.63511969 107.85199192  820.254418596625 820.732183481612 -0.477764884987 
  0.91182675   1.68888476 108.48894406  822.191406205297 820.898948292666 1.292457912630 
  0.96446195   1.79638654  97.55789935  825.688139498234 825.973890941080 -0.285751442847 
  0.96446195   1.79767753  98.38383370  826.409818574786 828.681795455089 -2.271976880303 
  0.90446195   1.68888476 103.00000000  829.270856633782 827.415778542972 1.855078090811 
  1.03159423   1.67264999 103.00000000  833.142406776547 834.323271279479 -1.180864502931 
  1.02067603   1.74889756 103.00000000  837.515747591853 835.605580921979 1.910166669874 
  0.98015009   1.73804365 111.38474720  838.869802251458 835.627981156492 3.241821094966 
  0.90705656   1.68888476  99.28222975  839.125460892916 841.323330439737 -2.197869546821 
  0.97315550   1.79369393 103.00000000  839.499843612313 845.293739732133 -5.793896119820 
  1.01432573   1.66525685 110.46301202  842.141299813986 844.121183140719 -1.979883326733 
  0.93210016   1.65533028  95.50959562  842.221172794700 841.986662504208 0.234510290492 
  1.01339207   1.64603847  98.86889893  842.526150554419 845.162318355482 -2.636167801064 
  0.95120069   1.64011176  95.59594693  843.055860474706 845.172583987338 -2.116723512632 
  0.96446195   1.60574304 102.55102929  847.041118234396 845.731560162581 1.309558071815 
  0.96446195   1.68888476 114.57286432  851.092483639717 848.472544597076 2.619939042642 
  1.02043844   1.75121647 103.00000000  854.501459494233 852.566311484850 1.935148009384 
  0.98708384   1.70294950 113.35199573  856.370273068547 853.511462051217 2.858811017330 
  1.03446195   1.68888476 103.00000000  856.480774074793 856.651490108724 -0.170716033932 
  0.95104189   1.79244798 103.00000000  856.539564117789 862.579613148746 -6.040049030956 
  0.96446195   1.60286644 107.65300938  859.544940561056 859.667163237420 -0.122222676364 
  0.99833562   1.74130108  92.55152531  861.448780432343 861.930317248545 -0.481536816202 
  0.98017984   1.68888476  91.80600057  863.076443880796 861.837918848686 1.238525032111 
  0.96885718   1.76780974 108.74184333  863.865583553910 863.533384145383 0.332199408528 
  1.01824842   1.75973830  99.19292266  863.956871137023 866.838983447329 -2.882112310306 
  0.96446195   1.60150654 105.22772653  866.954825282097 866.239219976451 0.715605305646 
  0.96446195   1.73504416 112.30114430  868.337595790625 869.246323552217 -0.908727761593 
  0.96446195   1.60388476 103.00000000  872.402264580131 867.097989616589 5.304274963542 
  0.99710915   1.68888476 113.12783254  873.254463568330 872.134457991181 1.120005577149 
  0.96446195   1.80112225 100.26871852  873.908569768071 875.952604299003 -2.044034530932 
  1.03517588   1.68888476 103.00000000  876.897748410702 872.697320892146 4.200427518556 
  0.96446195   1.70395953 114.23758439  876.983292505145 873.572083170494 3.411209334651 
  0.96446195   1.79648241 103.00000000  877.507493823767 876.977455268271 0.530038555496 
  0.92269316   1.76622176 103.00000000  878.603165805340 877.339634722330 1.263531083010 
  0.97814851   1.77158694 108.01321032  878.952705338597 876.548819884761 2.403885453836 
  0.96446195   1.72699560  90.68848994  879.833685591817 882.018338884345 -2.184653292528 
  0.90586026   1.68888476  99.16841219  880.107143878937 881.504243860640 -1.397099981703 
  0.94316985   1.68888476  92.10027520  880.316389307380 883.075005948349 -2.758616640969 
  0.96446195   1.61887339 112.41408896  881.930034235120 884.364947706826 -2.434913471706 
  0.96107903   1.70061761 114.45650623  887.643203258514 886.177273277441 1.465929981073 
  1.02826379   1.73705279 103.00000000  888.543185293674 886.875795195008 1.667390098667 
  1.02141005   1.68888476 109.64224478  889.443724408746 890.318379487265 -0.874655078519 
  0.96446195   1.68888476  91.35678392  889.562173813581 892.069473174649 -2.507299361068 
  0.90231321   1.68702371 103.00000000  890.591731995344 893.158010159368 -2.566278164024 
  0.96446195   1.61518859  98.95108370  891.313481241465 891.117312811763 0.196168429701 
  0.97650415   1.80077781 100.79463412  894.937102392316 898.415786677859 -3.478684285544 
  0.96446195   1.79666202 103.46617042  899.609648361802 899.829414091705 -0.219765729903 
  0.95362000   1.79925711 101.48082021  901.579830169678 901.074052978403 0.505777191275 
  0.96446195   1.60581151 109.93103153  902.101195424795 898.031487104308 4.069708320487 
  1.02175520   1.75372302 103.00000000  902.117433980107 900.930964817268 1.186469162840 
  0.92929929   1.77785922 103.00000000  902.878764033318 903.968331978153 -1.089567944835 
  0.96446195   1.75143658  90.97520461  904.273664265871 903.524864178945 0.748800086926 
  1.03022504   1.65578239 103.00000000  904.545411929488 906.523598719130 -1.978186789642 
  1.03173064   1.66878075 106.22111247  908.874025821686 910.837933718027 -1.963907896341 
  1.03667274   1.70145627 103.00000000  909.375556066632 910.167186877177 -0.791630810544 
  0.96446195   1.79888476 103.00000000  910.295991212130 913.436285874260 -3.140294662130 
  1.00981251   1.68888476  93.75134251  910.497146025300 910.713215093290 -0.216069067990 
  0.91015491   1.64715501 107.70842368  911.882014974952 913.827912072739 -1.945897097787 
  0.94065473   1.68888476  92.06321299  912.304579377174 914.732452935005 -2.427873557831 
  0.96446195   1.60175879 103.00000000  914.916614919901 913.629055662920 1.287559256981 
  0.90941147   1.68888476  97.08813893  915.049067839980 917.869685451639 -2.820617611659 
  0.90597806   1.72757044 103.00000000  915.974773690104 919.984719972699 -4.009946282595 
  1.00691201   1.62976908  99.60629661  918.800664603710 919.655204120003 -0.854539516293 
  0.96446195   1.70876003  90.57778986  920.233899608254 922.521816027978 -2.287916419723 
  0.90919675   1.74281503 101.27032227  928.239052847028 929.818467947946 -1.579415100918 
  1.03713820   1.68176541 103.00000000  928.614926233888 928.988347864983 -0.373421631096 
  0.90099346   1.69267000 103.00000000  934.420019030571 936.268188818703 -1.848169788132 
  0.96446195   1.62583713 113.75434737  936.840787976980 938.678158644412 -1.837370667432 
  0.98404609   1.74546687  90.92191006  942.840425029397 943.968031964862 -1.127606935465 
  1.02424265   1.63888768 103.00000000  946.967170700431 950.185314326515 -3.218143626084 
  0.96446195   1.62091769  97.22890190  948.486230075359 952.125366323775 -3.639136248416 
  0.96446195   1.78523364  92.78052716  957.070519223809 957.641959911036 -0.571440687226 
  0.94077006   1.75505749 110.06991472  960.105413079262 957.218606609567 2.886806469695 
  1.03445064   1.72843012 103.00000000  963.121281683445 961.729513782968 1.391767900477 
  0.96446195   1.80276382 103.00000000  968.722408398986 973.504957064616 -4.782548665630 
  0.91238949   1.75391367 103.00000000  971.198595166206 973.640909052249 -2.442313886043 
  1.03946195   1.68888476 103.00000000  973.132999643683 971.583377058659 1.549622585025 
  1.03561808   1.70957665 105.42179411  973.180931225419 972.399424860187 0.781506365232 
  0.95552891   1.63552324  95.05513294  973.255484491587 972.100779686195 1.154704805392 
  0.98327293   1.64927645  93.87050706  975.093316063285 976.701720509486 -1.608404446201 
  0.96446195   1.70909283 114.73353984  975.309124112129 977.491272605423 -2.182148493294 
  0.99373301   1.68888476  91.74533809  975.823453217745 978.191960488983 -2.368507271238 
  0.96446195   1.59888476 103.00000000  981.172452822328 978.781523673203 2.390929149125 
  0.89949749   1.68888476 103.00000000  981.480854719877 983.130066889255 -1.649212169378 
  0.96446195   1.78993475 106.51376880  982.029590293765 985.584887602977 -3.555297309212 
  0.89946195   1.68888476 103.00000000  982.341132968664 984.300281483541 -1.959148514877 
  0.95671278   1.64396351  93.98398314  988.301075428724 985.324480604770 2.976594823954 
  0.97619240   1.76772715 109.81068395  990.805499672890 992.725647079650 -1.920147406760 
  0.97349982   1.80131471 103.74652550  994.269027799368 995.786007764915 -1.516979965547 
  1.01559335   1.75181774  94.26976962  996.673277795315 993.941080096523 2.732197698792 
  0.96446195   1.79253002 106.13553325  997.677197530866 996.794969842846 0.882227688019 
  0.96579691   1.59721361 108.31793437  998.888727739453 994.206219796509 4.682507942945 
  0.93563295   1.78088553 105.89319454  999.382576689124 999.907799379197 -0.525222690073 
  1.01035393   1.68888476 112.65572844  1001.557249501348 1002.860114842513 -1.302865341166 
  0.93342338   1.63091174  96.93137629  1002.492057919502 1002.052097049664 0.439960869839 
  1.00609713   1.68888476  92.60366320  1004.147692829370 1004.697249057850 -0.549556228480 
  0.96446195   1.68888476  90.65326633  1006.247875720263 1008.940931016580 -2.693055296318 
  0.96446195   1.76600175  90.75933577  1010.267088368535 1011.561048721496 -1.293960352961 
  1.03720481   1.68888476 106.45698866  1010.993017122149 1012.034825774057 -1.041808651908 
  0.92621603   1.78202779 103.00000000  1011.703109756112 1014.407477419235 -2.704367663123 
  0.90735530   1.74478330 103.00000000  1014.877052620053 1019.446145135769 -4.569092515715 
  0.97459378   1.59855021 103.00000000  1016.091546818614 1014.805270643156 1.286276175458 
  0.97268103   1.76137810 110.89826208  1018.546582743526 1018.014348151182 0.532234592344 
  0.98695933   1.68888476 115.01461932  1020.775526598096 1018.124854929217 2.650671668879 
  1.00419311   1.61198491 103.00000000  1020.941731095314 1020.302289210239 0.639441885075 
  0.90832772   1.74827032 103.00000000  1022.307407602668 1025.308581824519 -3.001174221851 
  0.91520422   1.76511090 103.00000000  1024.504830300808 1029.433003938125 -4.928173637317 
  0.93121136   1.71445071 113.11963933  1024.682324722409 1027.490670196177 -2.808345473768 
  0.96446195   1.59936745 101.84519695  1028.674521446228 1024.427403399420 4.247118046808 
  0.97122715   1.81088016 100.54276017  1029.200508683920 1032.402393668177 -3.201884984257 
  0.89819761   1.68176463 103.00000000  1029.774441242218 1030.756690057777 -0.982248815559 
  0.95764194   1.61368471  97.95380971  1032.151430681348 1028.396371362394 3.755059318954 
  0.89985783   1.71434045 103.00000000  1033.363635003567 1033.829891159708 -0.466256156141 
  1.01858333   1.68888476 111.70280573  1037.799684271216 1037.037165721043 0.762518550174 
  0.93438637   1.78625522 105.04110474  1042.212214782834 1040.820826818930 1.391387963904 
  1.01149709   1.70250367 112.40072834  1043.921513393521 1041.816803255974 2.104710137547 
  0.96446195   1.75796138 111.56029010  1044.679044499993 1041.999597769943 2.679446730050 
  1.00466133   1.78322377  94.93669381  1046.409635320306 1044.244768698814 2.164866621492 
  0.96446195   1.80772559  95.45947712  1046.485031813383 1049.883453052505 -3.398421239122 
  0.96446195   1.74905589  89.85520080  1046.541316881776 1048.355660905454 -1.814344023679 
  0.91224051   1.70796106 110.40798644  1049.006545811892 1050.997838339861 -1.991292527969 
  1.04271357   1.68888476 103.00000000  1049.835533902049 1049.464316684355 0.371217217694 
  0.96446195   1.59407480 104.25655079  1050.126989141107 1050.029888547316 0.097100593791 
  0.99989552   1.79418725 103.00000000  1051.188984826207 1056.565589021102 -5.376604194895 
  1.01797306   1.77411550 103.00000000  1055.780185952783 1056.562144876385 -0.781958923602 
  0.96446195   1.59332371 107.33918400  1058.384850442410 1053.595465594130 4.789384848279 
  0.96446195   1.59547739 103.00000000  1058.529404625297 1059.423205195817 -0.893800570521 
  1.02520921   1.76779201 100.05887002  1065.911549150944 1068.739694333577 -2.828145182633 
  0.89785519   1.68888476 100.82686590  1065.941439300776 1068.461190511648 -2.519751210873 
  0.96446195   1.80888476 103.00000000  1065.957877337933 1071.215302629160 -5.257425291228 
  0.89748897   1.67509919 103.00000000  1069.948024794459 1068.110928336200 1.837096458260 
  0.93020458   1.71759471 113.13031724  1070.331560418010 1069.147450551574 1.184109866436 
  0.96446195   1.80904523 103.00000000  1071.510079607368 1073.823957438354 -2.313877830986 
  0.89687567   1.69043297 103.00000000  1072.756863906980 1072.019228405511 0.737635501469 
  0.95131379   1.59610653 103.00000000  1075.364543572068 1069.238233983626 6.126309588443 
  0.98381818   1.78306458 108.03837294  1075.476316884160 1075.460282266750 0.016034617410 
  1.04318243   1.68026202 103.00000000  1078.853631630540 1076.464274082032 2.389357548508 
  0.92588376   1.68888476 113.99550488  1082.025291949511 1080.762247542808 1.263044406703 
  1.01674206   1.68888476 112.46448493  1089.331805154681 1089.388816548353 -0.057011393672 
  1.04446195   1.68888476 103.00000000  1090.426365077496 1092.336878000269 -1.910512922774 
  1.04024066   1.66127760 103.00000000  1091.550916165113 1093.863450175231 -2.312534010118 
  0.96446195   1.67760620 116.44500618  1091.690670147538 1093.385274254602 -1.694604107063 
  0.96446195   1.60676990 112.80595432  1091.838299214840 1094.514627394873 -2.676328180033 
  0.98835183   1.80976437 100.30641302  1094.673147931695 1098.901839226153 -4.228691294458 
  0.96446195   1.61937054  96.32481370  1096.223315790296 1093.335206484993 2.888109305303 
  0.93274850   1.79190807  95.32895077  1097.081200256944 1099.413107722214 -2.331907465271 
  0.96446195   1.72955201  89.30447940  1097.122534081340 1099.381454761178 -2.258920679839 
  1.03644620   1.69944703  96.69659964  1098.539408624172 1097.805231598404 0.734177025768 
  0.99848838   1.79845409 103.00000000  1099.884033679962 1102.971288554327 -3.087254874365 
  0.96446195   1.59388476 103.00000000  1103.865565866232 1098.397730854691 5.467835011541 
  1.01124501   1.76185123 108.02668911  1104.726569503546 1103.166070743119 1.560498760427 
  1.02082859   1.73820613  93.34703512  1106.170495316386 1104.061017373976 2.109477942410 
  0.96446195   1.80353776 105.21984383  1106.970414802432 1107.177041191683 -0.206626389251 
  0.91781922   1.77619822 103.00000000  1107.015630111098 1107.753388084104 -0.737757973006 
  0.96925853   1.81604126 100.51513369  1107.763235896826 1111.204255610525 -3.441019713699 
  0.96446195   1.77609634 110.00136829  1108.609757483006 1108.638977917585 -0.029220434579 
  1.00722092   1.68888476  91.98235406  1109.437386900187 1109.460623496053 -0.023236595867 
  0.99192657   1.68888476  90.80745724  1110.555201798677 1109.624401979962 0.930799818715 
  1.02826045   1.63936070 108.11593637  1111.582441657782 1112.076031626276 -0.493589968494 
  1.01612753   1.68888476  92.96607843  1112.072048515081 1112.779205304844 -0.707156789763 
  0.95560219   1.80810159  94.67328655  1112.667912140489 1118.243032185103 -5.575120044614 
  1.02733648   1.68888476 110.80980409  1113.052191242576 1116.212255199320 -3.160063956744 
  0.89765733   1.66217634 103.00000000  1116.502038642764 1115.314046103290 1.187992539474 
  0.97872401   1.59843686 101.52332304  1117.193284064531 1115.824866067740 1.368417996791 
  0.89755001   1.66208421 103.00000000  1117.937631830573 1119.460042726673 -1.522410896100 
  0.95283071   1.68888476  90.20975154  1119.324581801891 1122.301187382490 -2.976605580599 
  0.99221450   1.80433629 103.00000000  1123.070914998651 1126.480750403401 -3.409835404751 
  0.98952317   1.60819112 111.74411226  1125.714546829462 1126.943557681124 -1.229010851662 
  0.91135911   1.62926494 109.39044031  1127.044685944915 1127.401825359238 -0.357139414323 
  0.99273860   1.68888476 115.38426620  1128.158702835441 1128.753813652764 -0.595110817324 
  0.96446195   1.68940299  89.94789323  1128.262389808893 1129.901938698848 -1.639548889955 
  0.94270558   1.70137016  90.19120500  1128.314925700426 1131.366180615512 -3.051254915086 
  0.96891078   1.80994539  94.36773884  1130.536914035678 1134.958742246934 -4.421828211256 
  1.03122837   1.63605184 103.00000000  1131.677353993058 1131.996435752050 -0.319081758992 
  0.89579934   1.70450092 103.00000000  1132.259438902140 1134.261147590455 -2.001708688315 
  0.96446195   1.68888476  89.94974874  1134.172810494900 1133.405547133338 0.767263361561 
  1.04624929   1.69739362 103.00000000  1134.736014187336 1135.526702002457 -0.790687815121 
  0.99140010   1.80797783  96.15497548  1135.458927035332 1140.439100876592 -4.980173841260 
  0.98431548   1.68341132  90.52674903  1135.596135005355 1137.049731285957 -1.453596280602 
  0.98698173   1.74349356  89.64612839  1137.209746122360 1138.760764111328 -1.551017988968 
  1.04000735   1.65461038 103.00000000  1139.438673079014 1138.237702865592 1.200970213422 
  1.02410682   1.71772366  93.25129842  1140.669784724712 1140.307255724700 0.362529000013 
  0.96886953   1.71200788 115.65398260  1141.863824635744 1142.601049998878 -0.737225363134 
  1.03497341   1.64220561 105.54880210  1142.366898775101 1145.255731748662 -2.888832973562 
  0.99025364   1.69397772  90.30562292  1147.372486934066 1144.971168252436 2.401318681630 
  0.96446195   1.81388476 103.00000000  1147.899443209171 1153.596193844900 -5.696750635729 
  0.96979198   1.81382988 103.00000000  1154.768272921443 1154.463367694874 0.304905226569 
  0.96446195   1.68690912  89.93759556  1155.093337342143 1150.813897535473 4.279439806670 
  1.00004910   1.72824684 113.16586260  1155.994348987937 1153.497028636049 2.497320351888 
  0.96552386   1.81418031 103.00000000  1157.649675235152 1157.981257900557 -0.331582665405 
  0.89446195   1.68888476 103.00000000  1159.483482599258 1156.973003367333 2.510479231926 
  1.02233682   1.75266599  93.73291654  1163.404746860266 1163.232524794968 0.172222065298 
  0.96446195   1.77765698 110.28856276  1167.181208685040 1164.218960870523 2.962247814518 
  1.04410132   1.68888476 106.28054869  1168.126360893250 1168.642465976048 -0.516105082799 
  0.96446195   1.82071889  99.51863650  1168.406868964434 1173.539198967500 -5.132330003067 
  1.03166076   1.63428023 106.21524799  1170.951416164637 1171.041895758005 -0.090479593368 
  1.04336812   1.68888476 106.72471056  1171.749848231673 1172.249484037033 -0.499635805360 
  0.92443214   1.68888476 114.48715916  1174.095460414886 1172.763431437294 1.332028977593 
  0.93666589   1.68888476  90.76011059  1174.149575337768 1174.268719360923 -0.119144023156 
  0.96446195   1.81532663 103.00000000  1179.055882915854 1177.768270702172 1.287612213682 
  0.96446195   1.71922132 115.51099791  1179.095916345716 1174.028456560373 5.067459785342 
  0.96553896   1.74321603 113.90767196  1179.251285478473 1176.948298127092 2.302987351380 
  0.94423529   1.68888476  90.23392549  1179.629884153605 1182.278912433813 -2.649028280208 
  0.97431521   1.78509052  90.61609274  1181.285191655159 1185.860283310006 -4.575091654847 
  1.02719462   1.62623725 103.00000000  1182.168490335345 1183.862913326813 -1.694422991468 
  0.90919622   1.68888476  94.45980687  1183.732493534684 1185.073653282777 -1.341159748093 
  0.96306363   1.63522434 116.36872405  1184.513427302241 1184.849888237746 -0.336460935505 
  1.00156952   1.68641058 115.10042366  1184.884504780173 1187.270804973437 -2.386300193264 
  0.95484987   1.67412137  90.50075266  1185.168207749724 1188.621876268477 -3.453668518752 
  0.97801891   1.59218320 103.00000000  1185.472489371896 1188.024350285901 -2.551860914005 
  0.91454990   1.61428226 103.00000000  1188.142621845007 1187.651947082888 0.490674762119 
  1.01702538   1.62221680 109.99910985  1189.649355411530 1192.377984652531 -2.728629241001 
  0.99993394   1.78797962  92.61229263  1202.249337419868 1202.488693423762 -0.239356003894 
  1.04168721   1.72114552 106.23751084  1208.565869361162 1210.269674924785 -1.703805563623 
  0.97251102   1.75173830 113.33624291  1210.109510764480 1209.859269658127 0.250241106353 
  1.04916275   1.68888476 102.95286985  1210.400689944625 1210.724337897341 -0.323647952717 
  1.01708933   1.68888476  92.36711181  1211.427173092961 1211.035706095971 0.391466996990 
  0.89295031   1.68696576 103.22894679  1213.988502681255 1212.646785904519 1.341716776737 
  0.92749029   1.80059714 101.43409290  1215.162054732442 1216.225453078543 -1.063398346101 
  1.04946195   1.68888476 103.00000000  1216.465768486261 1218.690976016192 -2.225207529930 
  0.96446195   1.58919598 103.00000000  1218.069078639150 1217.962948289453 0.106130349697 
  0.95198128   1.78594896 109.34719026  1222.165128469467 1224.015350398824 -1.850221929357 
  0.91826030   1.67280547 114.24544666  1224.034599184990 1223.680592532120 0.354006652870 
  0.99496317   1.80913944 103.00000000  1227.592487350106 1230.117645338228 -2.525157988122 
  0.96446195   1.58888476 103.00000000  1229.761242046952 1226.156870244997 3.604371801955 
  0.89712833   1.73160081 103.00000000  1230.454838588834 1232.115012305951 -1.660173717117 
  1.00071135   1.62420773 113.73404549  1231.690717697144 1232.844045463316 -1.153327766172 
  0.93886778   1.72457423  89.47286615  1233.963720172644 1237.175668180658 -3.211948008014 
  0.95628374   1.81592480 103.64836344  1238.420991972089 1239.698320039641 -1.277328067552 
  0.96446195   1.82395223  96.97686962  1238.492603302002 1240.885420344068 -2.392817042066 
  1.01922712   1.64920794 112.91518687  1240.920054376125 1240.486033886099 0.434020490027 
  1.05025126   1.68888476 103.00000000  1241.291148573160 1239.135146646829 2.156001926331 
  0.90566862   1.74377594  95.50481041  1243.679942250252 1248.136542071893 -4.456599821641 
  0.95854294   1.68888476  89.40461638  1245.072813987732 1246.740273351991 -1.667459364259 
  0.89195980   1.68888476 103.00000000  1247.146871507168 1249.480212885512 -2.333341378345 
  0.98079203   1.82235377 100.54571102  1254.409627825022 1253.637002375670 0.772625449352 
  1.04977444   1.68888476 104.76584733  1255.664667993784 1256.307418141486 -0.642750147702 
  0.94909996   1.81681772 103.00000000  1260.913378819823 1264.301956546205 -3.388577726382 
  0.94083078   1.68888476 116.63453350  1262.498936459422 1264.062032550532 -1.563096091110 
  0.96446195   1.68888476  89.24623116  1264.339687362313 1265.529332778096 -1.189645415783 
  1.02887979   1.65714723 111.68258896  1265.583578422666 1268.318845899364 -2.735267476698 
  0.96446195   1.58448047 107.22510931  1266.297559380531 1264.713684232003 1.583875148528 
  1.00005861   1.59769114 103.00000000  1267.216950446367 1269.271576323791 -2.054625877424 
  0.96446195   1.58600449 109.13181784  1267.964139595628 1271.742576809917 -3.778437214289 
  0.90196314   1.63084117 102.81472727  1270.855828166008 1273.313642270394 -2.457814104386 
  0.96446195   1.80131760 107.81677413  1282.876972392201 1279.694902994775 3.182069397427 
  0.96086210   1.73577325 115.13084019  1282.952106967568 1279.561283067681 3.390823899887 
  0.96446195   1.82160804 103.00000000  1284.895377293229 1285.176408442777 -0.281031149548 
  0.99486500   1.68888476 116.23256262  1285.087889149785 1281.536813301856 3.551075847929 
  0.89805265   1.72037311 107.12158116  1285.203091830015 1286.167403173110 -0.964311343094 
  0.96446195   1.81254528  92.58254790  1286.595581069589 1290.092683113511 -3.497102043922 
  1.05213398   1.69766461 103.00000000  1286.813187867403 1287.006098349556 -0.192910482153 
  0.93689309   1.81112819 103.00000000  1289.509500190616 1292.445494875601 -2.935994684985 
  0.96412263   1.58660182 103.00000000  1290.857790827751 1286.984642275464 3.873148552288 
  0.97213815   1.75355079  88.38798026  1293.267169311643 1295.307282254931 -2.040112943289 
  0.96396346   1.78235415  89.47995927  1293.437884867191 1296.281485990495 -2.843601123304 
  1.01143953   1.68888476  91.16999074  1294.397382766008 1297.207290647095 -2.809907881087 
  0.97501317   1.58504900 104.88564430  1294.808120638132 1295.155779896543 -0.347659258411 
  0.92568308   1.67618685 115.77783895  1296.256099566817 1297.682694278944 -1.426594712127 
  1.02280385   1.63517618 111.79418665  1299.074988275766 1299.744593652375 -0.669605376609 
  0.96446195   1.78923205  89.86502010  1300.079678878188 1304.993748351399 -4.914069473211 
  1.03552358   1.69740636  94.25816800  1300.301091581583 1301.689148173532 -1.388056591949 
  0.98088807   1.58840701 103.00000000  1303.713236212730 1304.933813245093 -1.220577032362 
  0.91366944   1.68888476 113.82589684  1311.638649672270 1311.041088360960 0.597561311310 
  1.01708103   1.79460633 103.00000000  1315.081606596708 1315.843301686770 -0.761695090062 
  1.05187378   1.67903424 104.43474953  1317.524819165468 1316.396627311218 1.128191854250 
  1.03967640   1.67371026 110.08328607  1317.570051968098 1319.764722411306 -2.194670443209 
  0.89110223   1.70801486 103.00000000  1317.954347744584 1319.810124588142 -1.855776843558 
  0.99753629   1.73167685  89.02405675  1318.446679264307 1319.872576017310 -1.425896753003 
  0.93897335   1.81767287  96.36367701  1320.565868154168 1323.455292910017 -2.889424755849 
  0.93892506   1.59879193 112.61862390  1323.106601446867 1323.162610989080 -0.056009542213 
  1.04683385   1.68947370 107.87771045  1324.065758094192 1326.429385603689 -2.363627509497 
  0.89467426   1.65829518 107.73225000  1325.862741887569 1325.774801743250 0.087940144319 
  1.00700169   1.76763923  90.61341241  1331.124784350395 1331.919087146436 -0.794302796040 
  1.00049905   1.68888476 116.12733162  1334.095341175795 1334.846757110065 -0.751415934271 
  1.03597351   1.70471853  93.84705280  1334.271445214748 1335.654395245038 -1.382950030290 
  1.02490015   1.68888476  92.49648331  1338.004604607821 1336.674954304763 1.329650303057 
  0.96446195   1.82522280 102.91448726  1341.471379444003 1344.428507667905 -2.957128223902 
  0.93925365   1.68888476  89.64178613  1343.511173039675 1344.942183922246 -1.431010882571 
  0.88946195   1.68888476 103.00000000  1345.782765135169 1345.976943905966 -0.194178770797 
  0.99497724   1.68888476 116.63948624  1348.449343800545 1347.387630783186 1.061713017359 
  1.03947726   1.72850406 108.28269166  1349.676616922021 1349.533691030447 0.142925891574 
  0.95831321   1.80272992  90.76918397  1350.984946548939 1352.599709566707 -1.614763017769 
  0.90735935   1.64527547 112.50814649  1351.179652959108 1349.624584942886 1.555068016223 
  1.05446195   1.68888476 103.00000000  1351.581515774131 1350.431239568539 1.150276205592 
  1.02455718   1.65129131 113.12448600  1354.084481060505 1357.505361392381 -3.420880331876 
  0.90492438   1.61669900 104.82630181  1355.444272384048 1356.309172599483 -0.864900215436 
  0.96839367   1.58915424 111.98064019  1361.902992710471 1365.772539552692 -3.869546842221 
  0.94898384   1.70668123 117.02686725  1364.955043599010 1366.115305453375 -1.160261854365 
  0.99450899   1.68888476  89.48484247  1370.890039145947 1368.029866182736 2.860172963210 
  0.93085645   1.80266383  93.55516698  1372.584742084146 1373.744474976170 -1.159732892024 
  0.92421046   1.72294737 114.27932887  1374.418743893504 1375.970046802435 -1.551302908931 
  0.94987721   1.70276934  88.48672562  1378.667968779802 1377.693763154832 0.974205624970 
  0.96446195   1.80261758 108.61553156  1383.443528428674 1380.117022262937 3.326506165737 
  0.96446195   1.78279902  88.85462036  1383.731445565820 1385.077160662468 -1.345715096648 
  1.05574557   1.68888476 102.92722639  1383.916700124741 1384.707891164628 -0.791191039887 
  1.03166123   1.68888476 112.48319391  1385.340402454138 1389.127134803606 -3.786732349468 
  0.96446195   1.82788945 103.00000000  1389.642516285181 1395.890477002553 -6.247960717372 
  0.96446195   1.58291457 103.00000000  1391.086408674717 1389.672899874151 1.413508800566 
  0.96446195   1.71176006  87.88867834  1397.241381004453 1394.061781910054 3.179599094399 
  1.02958526   1.73490583 110.52144478  1397.964856758714 1396.717031317422 1.247825441292 
  0.98650032   1.68888476  88.93873036  1398.176630049944 1401.301432142545 -3.124802092601 
  0.89545283   1.67271201  97.39401087  1398.846045196056 1401.871886804222 -3.025841608165 
  0.95777236   1.65510760  90.57637631  1398.993808597326 1402.447604795823 -3.453796198497 
  0.98625758   1.75296124 114.04637101  1399.331811577082 1404.591880845626 -5.260069268544 
  0.96446195   1.68888476  88.54271357  1402.201252147555 1405.378214994921 -3.176962847366 
  0.93771826   1.58390144 106.03254978  1408.050489991903 1402.108051551424 5.942438440480 
  0.96446195   1.58434724 111.17372504  1410.367852106690 1411.942088458882 -1.574236352192 
  1.04057742   1.68782140 110.85584227  1414.984253525734 1415.227100960115 -0.242847434381 
  1.04227140   1.68888476 110.46425553  1417.931648209691 1419.926210990997 -1.994562781306 
  1.03774359   1.70208103 111.15091682  1419.640378430486 1421.028602809027 -1.388224378541 
  0.90647210   1.67214963  94.02474987  1419.959014758468 1422.158452760433 -2.199438001966 
  0.98665265   1.67782478 117.79669767  1421.588584065437 1421.051211835403 0.537372230035 
  0.93125953   1.68888476  89.80094030  1421.890717953444 1425.343176859809 -3.452458906365 
  0.89757750   1.63463735 101.33481862  1424.621437922120 1422.881585214553 1.739852707567 
  0.98043882   1.68888476 117.89883301  1424.983982175589 1425.391737081265 -0.407754905677 
  0.96446195   1.60195059 115.23890163  1427.890055313706 1427.768749021561 0.121306292145 
  0.96446195   1.68154343  88.74472405  1428.690875351429 1431.163176124896 -2.472300773467 
  1.05324011   1.66007393 103.00000000  1429.020192697644 1431.706483745266 -2.686291047622 
  1.03707843   1.65844208  95.94961769  1430.016149774194 1432.390498442215 -2.374348668022 
  1.03417786   1.77907257 103.00000000  1440.081001326442 1438.377107544440 1.703893782002 
  0.91125094   1.68888476 114.34173310  1440.106332466006 1439.452600032325 0.653732433681 
  1.05778894   1.68888476 103.00000000  1440.124875843525 1440.972617754270 -0.847741910745 
  1.05692302   1.69790408 100.09382263  1441.184684276581 1441.664697371200 -0.480013094619 
  1.04948938   1.66039188  99.32839011  1441.584642827511 1444.533929818438 -2.949286990927 
  0.97979674   1.82674875  93.55479505  1448.333713710308 1450.130374111285 -1.796660400977 
  0.96446195   1.79214483  88.95135022  1448.411610841751 1449.894104419757 -1.482493578005 
  0.99270818   1.70142398  88.49597713  1449.538048550487 1451.228979103260 -1.690930552774 
  0.89341065   1.67313149 109.65942892  1451.775857165456 1458.619444986938 -6.843587821482 
  0.96446195   1.57793828 108.37071361  1457.178335070610 1455.823076796526 1.355258274084 
  0.94417770   1.68888476  88.76703394  1459.170992180705 1464.034554132353 -4.863561951648 
  0.96446195   1.59692753  97.64042743  1460.545881569386 1464.280125567888 -3.734243998502 
  1.03001011   1.67618686 113.59889029  1470.682993084192 1471.762241766564 -1.079248682372 
  0.92807476   1.72063833 115.50949820  1470.954835146666 1471.185620674857 -0.230785528191 
  0.90480291   1.66552207 113.53296717  1471.682062640786 1472.283406707709 -0.601344066923 
  1.05428059   1.68888476 107.11038772  1471.690785437822 1473.846793077117 -2.156007639295 
  1.04883783   1.68292232  96.44638631  1473.005551382899 1472.731764246312 0.273787136587 
  0.98905141   1.73508926  87.65790715  1474.638867989182 1477.609693758038 -2.970825768856 
  0.95020715   1.58091622 110.36027153  1475.277329176664 1474.437098670867 0.840230505798 
  0.94894612   1.83532280  99.29630943  1477.414515912533 1484.371129845111 -6.956613932579 
  0.94404732   1.83269951  99.82157648  1477.879789456725 1487.308794527650 -9.429005070925 
  0.90990751   1.60510396 103.00000000  1480.307930544019 1480.189696876170 0.118233667848 
  1.03645879   1.66085358  95.11501754  1484.609447255731 1484.117384148480 0.492063107250 
  0.93045909   1.58763886 103.00000000  1486.453449726105 1481.265872299465 5.187577426640 
  1.00367941   1.63995078 116.46650615  1486.456046059728 1487.483470839672 -1.027424779944 
  0.90227144   1.77551544  98.81836421  1487.617229461670 1490.196852260176 -2.579622798507 
  1.05946195   1.68888476 103.00000000  1488.276145726442 1487.349616545668 0.926529180774 
  1.04333587   1.62965425 105.76156443  1489.329990386963 1493.990994724977 -4.661004338014 
  0.96446195   1.80012682 110.12078604  1502.390912860632 1503.575458419494 -1.184545558862 
  0.96446195   1.82329105  91.68290257  1503.982248649001 1506.813667328798 -2.831418679797 
  0.96446195   1.83417085 103.00000000  1506.070732980967 1509.756545927896 -3.685812946929 
  1.04394915   1.68888476 110.94268889  1507.363912612200 1507.784415348963 -0.420502736763 
  1.05437433   1.68345283  97.92948642  1507.498018354177 1505.708251447761 1.789766906416 
  0.98203245   1.62205048 117.26047984  1507.763313472271 1508.701668538803 -0.938355066532 
  0.93051407   1.74410684 114.37005215  1507.903379395604 1509.911042934188 -2.007663538584 
  0.96446195   1.82937228 104.58624569  1511.036895737052 1513.712262111981 -2.675366374929 
  0.88544233   1.68565017 103.00000000  1513.677920833230 1510.464239791296 3.213681041934 
  0.96446195   1.57888476 103.00000000  1513.844854578376 1506.969857696979 6.874996881396 
  0.90327245   1.68888476  93.21789481  1514.255317658186 1518.292589366767 -4.037271708581 
  1.01998570   1.80494165 103.00000000  1515.587578222156 1522.143788089307 -6.556209867152 
  1.04198618   1.62614999 103.00000000  1516.273534029722 1521.166198523891 -4.892664494168 
  1.05770549   1.66494307 103.00000000  1518.930166050792 1521.406204285153 -2.476038234361 
  0.99981211   1.60922037  96.65587574  1520.085908055305 1520.192883570546 -0.106975515240 
  0.88862813   1.70216498  98.20276898  1521.718664735556 1523.995214867106 -2.276550131550 
  0.98942011   1.65815057  90.19653831  1523.539180412889 1525.859469635604 -2.320289222715 
  0.96446195   1.76946639  87.37545320  1527.003921225667 1529.280530662098 -2.276609436431 
  0.96446195   1.68888476 118.79396985  1531.351953566074 1526.454413804476 4.897539761599 
  0.96446195   1.80742151 109.26794293  1531.630981370807 1532.329876218130 -0.698894847324 
  0.99441746   1.82753201 103.00000000  1533.489238873124 1534.859572909670 -1.370334036546 
  0.92631684   1.81566267 103.00000000  1536.016474038363 1535.662095600174 0.354378438188 
  1.03442097   1.64844175 112.65547237  1536.267452046275 1534.158266006035 2.109186040240 
  1.03132364   1.61035357 103.46465556  1536.286585286260 1539.054688788724 -2.768103502464 
  0.96446195   1.73524695 116.75474981  1539.010699927807 1537.315400439337 1.695299488470 
  1.03403957   1.63489888 111.80009477  1540.985466226935 1542.999142834960 -2.013676608025 
  1.00193040   1.71102550  88.28537634  1543.932904168963 1543.710162995515 0.222741173448 
  1.01350961   1.78461679 109.05513479  1545.111156940460 1548.382678733372 -3.271521792912 
  1.04598095   1.73762262 107.89228611  1546.449901804328 1549.822697829651 -3.372796025323 
  1.04419766   1.69694704  93.86190124  1549.131497502327 1548.437588283322 0.693909219005 
  0.89076684   1.69604355 109.06180768  1549.711569815874 1552.248562615654 -2.536992799780 
  0.88446195   1.68888476 103.00000000  1550.839508771896 1551.872809376622 -1.033300604726 
  1.03783990   1.78458509  97.55408774  1550.860984683037 1552.829304056921 -1.968319373884 
  0.96446195   1.82814406  91.90658753  1551.506855860353 1556.272287181796 -4.765431321443 
  0.88442211   1.68888476 103.00000000  1551.736750319600 1553.582765214812 -1.846014895212 
  0.96446195   1.57650367 103.58779219  1552.081590414047 1549.690487400056 2.391103013991 
  0.96446195   1.68888476  87.83919598  1553.721939787269 1553.018072841778 0.703866945491 
  0.99531147   1.58371742 103.30233230  1555.548527717590 1557.630564671296 -2.082036953705 
  0.98673454   1.80330545  89.44925079  1559.646231472492 1562.858595773301 -3.212364300809 
  0.96446195   1.68981975 118.95491559  1561.125099226832 1560.201422157624 0.923677069208 
  0.89668447   1.67426724  95.25608049  1561.646981626749 1564.190761488378 -2.543779861629 
  1.00109608   1.82515415 103.00000000  1563.429243564606 1568.214303253477 -4.785059688871 
  0.90363489   1.68888476  92.80149991  1565.129286140203 1565.840879965242 -0.711593825039 
  0.96446195   1.57883541 111.50218669  1565.556332305074 1567.510793133535 -1.954460828461 
  0.93319431   1.68888476 117.92578256  1569.334768339992 1568.014823524366 1.319944815626 
  0.96446195   1.62972037  91.99004374  1570.268582999706 1569.669279493085 0.599303506621 
  1.03954848   1.66294461  94.75211485  1571.504758805037 1575.404997101788 -3.900238296751 
  0.96446195   1.78339539 112.81368209  1571.539149671793 1577.021903763098 -5.482754091305 
  0.96446195   1.57663317 103.00000000  1581.852094188333 1574.990172095940 6.861922092392 
  1.06196069   1.68888476 100.48939747  1582.622542619705 1582.960692441621 -0.338149821916 
  0.96446195   1.77536309  87.20709558  1584.586613222957 1589.995231354259 -5.408618131302 
  0.89664889   1.66543639  95.64742402  1586.353888720274 1589.059311947584 -2.705423227310 
  1.04893605   1.63337531 103.00000000  1586.917319163680 1591.537769549978 -4.620450386298 
  0.96446195   1.81686916 108.26920419  1587.765478357673 1594.675937256635 -6.910458898962 
  0.96446195   1.83888476 103.00000000  1598.148941472173 1597.187963482392 0.960977989780 
  1.00259815   1.58640914 103.00000000  1598.415660545230 1592.167486142203 6.248174403026 
  1.01370048   1.76277437 112.07659341  1599.481772691011 1597.670787150628 1.810985540383 
  0.90344639   1.67728514  93.09270926  1602.076149120927 1604.166734401213 -2.090585280286 
  0.96446195   1.83381532  92.31216464  1605.220236644149 1608.252093301312 -3.031856657163 
  0.95819484   1.83993529  94.08840727  1607.550598993897 1611.511114504933 -3.960515511035 
  1.03500792   1.68888476 113.67371010  1610.994893848896 1610.946635710445 0.048258138451 
  0.90267636   1.60744010 107.84627030  1611.679769799113 1607.238968804450 4.440800994663 
  0.96446195   1.79506507 111.67594669  1615.497520551085 1612.290729338294 3.206791212791 
  1.05906546   1.68888476 107.31272854  1616.770002648234 1616.505274018896 0.264728629338 
  0.97290634   1.84472597  95.57095627  1617.395357340574 1622.795011862122 -5.399654521547 
  0.88346431   1.68888476 104.93891285  1620.746726050973 1619.138413068861 1.608312982112 
  0.96446195   1.81375024 109.08229544  1622.207791730762 1624.256729091411 -2.048937360650 
  0.96446195   1.84045226 103.00000000  1626.048228219151 1626.625115879427 -0.576887660276 
  0.98519046   1.82639116 105.96655248  1626.795184075832 1626.317529693001 0.477654382831 
  1.03608501   1.68828668 113.60810760  1627.657757729292 1625.430643649576 2.227114079715 
  0.96446195   1.61641032  93.29296519  1627.835439205170 1625.828992272998 2.006446932171 
  0.97227470   1.63388871 119.01110656  1627.868875503540 1627.056236658675 0.812638844865 
  1.05743527   1.68888476 108.23451633  1628.118749588728 1630.361459450803 -2.242709862075 
  1.06446195   1.68888476 103.00000000  1628.197704985738 1629.244235000758 -1.046530015020 
  1.05828484   1.65241900 103.00000000  1628.613284960389 1630.257539089668 -1.644254129279 
  1.03058749   1.79980749 102.58882842  1629.395699948072 1632.936936893783 -3.541236945710 
  1.05163338   1.68888476  95.18476367  1634.235134616494 1629.833625752739 4.401508863755 
  0.96467324   1.84100847 103.00000000  1637.747057393193 1636.926969490020 0.820087903173 
  1.04201260   1.78075509 103.00000000  1638.130493536592 1637.956492430335 0.174001106257 
  1.00154365   1.68888476  88.48204079  1639.522759407759 1641.203469110190 -1.680709702431 
  1.02819398   1.60940469 110.61158103  1641.227176383138 1646.802243267877 -5.575066884739 
  0.95775728   1.84146063 102.82770559  1647.992190748453 1652.420943651961 -4.428752903508 
  0.93826246   1.83371626 102.62065501  1653.199670910835 1654.797500159878 -1.597829249043 
  1.06532663   1.68888476 103.00000000  1653.577040627599 1654.273141308587 -0.696100680988 
  0.95630030   1.63046764  91.56507131  1655.708591744304 1652.381538382998 3.327053361306 
  1.04461365   1.77743891 103.00000000  1659.760452464223 1658.194143188597 1.566309275626 
  0.97961951   1.84065488 103.00000000  1662.347305685282 1661.583076388505 0.764229296777 
  0.96446195   1.68888476 119.49748744  1662.654722005129 1656.690426499566 5.964295505563 
  0.93307661   1.77153855 113.12179191  1667.800065577030 1663.545861923277 4.254203653753 
  1.05788224   1.73438216 105.33071884  1668.004365205765 1666.879477591553 1.124887614211 
  0.96446195   1.82446708 107.66513664  1674.816283300519 1674.057090934037 0.759192366482 
  1.00320415   1.82984866 103.00000000  1675.315002515912 1677.432696844211 -2.117694328299 
  0.88493135   1.72876848 102.44946172  1677.241617619991 1677.938878462282 -0.697260842290 
  1.02556826   1.68888476 115.59033174  1678.094590708613 1676.698498841371 1.396091867242 
  0.97033735   1.68397336 119.64602672  1678.385352537036 1673.869327254916 4.516025282120 
  0.96427325   1.70489945  86.71054782  1678.635400310159 1678.143384171624 0.492016138535 
  0.94691390   1.68888476  87.62438954  1679.311338305473 1681.706924298770 -2.395585993297 
  1.06614104   1.68410083 103.00000000  1683.323546275496 1685.322170381687 -1.998624106190 
  0.96446195   1.69284944  87.07399001  1683.917047590017 1686.707156257919 -2.790108667902 
  0.96446195   1.84583643 102.35746992  1693.435793220997 1697.358969844456 -3.923176623459 
  0.89409203   1.72809412  94.01991969  1694.865471035242 1698.234200355846 -3.368729320604 
  0.99245901   1.62278338 117.89150471  1697.048274919391 1696.201901988760 0.846372930631 
  0.95172712   1.75247089 116.23713540  1698.297036334872 1694.423498067679 3.873538267193 
  1.01317727   1.60197542 113.32101667  1698.514077842236 1703.659545809240 -5.145467967005 
  0.91602505   1.81284541 103.00000000  1700.925352320075 1706.553153713890 -5.627801393815 
  0.90708504   1.59848820 103.00000000  1705.095035403967 1700.061728181011 5.033307222956 
  1.04265142   1.68468263 113.09165651  1706.390003696084 1708.320934254796 -1.930930558712 
  0.96147847   1.72660859 118.20721970  1706.685428857803 1704.611571779936 2.073857077868 
  0.96446195   1.68888476  87.13567839  1708.213861972094 1708.514793993494 -0.300932021401 
  0.92043884   1.80116755 107.51564374  1711.689335197210 1712.058739306744 -0.369404109534 
  1.03624830   1.79584290 103.00000000  1713.697729840875 1712.690371253510 1.007358587365 
  1.00728721   1.63513624  92.40418597  1714.045041903853 1712.121281589614 1.923760314240 
  1.00983814   1.82371393 104.02282142  1716.750990197062 1717.568240165865 -0.817249968803 
  1.04815070   1.72273064 110.40257600  1716.856771185994 1715.446711214627 1.410059971367 
  1.03128255   1.68652360 115.08369391  1718.840928763151 1715.498836803876 3.342091959275 
  0.96446195   1.81967267 108.97705413  1720.992775008082 1720.653980276540 0.338794731543 
  0.98250409   1.83618445  91.76755612  1721.055141076446 1725.800577814431 -4.745436737985 
  0.88293247   1.68888476  99.03567292  1724.471696853638 1725.121130317870 -0.649433464233 
  0.96446195   1.68621320  87.17937193  1724.723584502935 1724.500635082088 0.222949420847 
  0.96446195   1.77721965 114.45121314  1725.231455445290 1724.162366251521 1.069089193768 
  0.96446195   1.74193353  85.94300399  1727.125306516886 1728.358018308228 -1.232711791342 
  1.03620008   1.68888476  91.40826281  1730.615716934204 1730.438695164431 0.177021769773 
  0.88506124   1.68888476 108.71843042  1732.270161673427 1734.037165519083 -1.767003845657 
  0.95033699   1.84365509 103.00000000  1736.642155438662 1742.622451140591 -5.980295701929 
  0.96446195   1.72543984  86.00095123  1740.267362207174 1739.933705602229 0.333656604945 
  0.91190468   1.78792377 108.01537259  1742.117621496320 1743.376498350668 -1.258876854349 
  0.96446195   1.61741520 118.96216829  1742.507629394531 1742.435102632312 0.072526762220 
  0.92290767   1.59415453 113.82802706  1743.799519941211 1742.573715394884 1.225804546327 
  1.04916679   1.77017513  95.65711813  1744.467471569777 1748.334817801064 -3.867346231288 
  1.00753410   1.58097936 107.87351927  1748.899574488401 1748.480135756391 0.419438732010 
  1.03267727   1.77333237 109.07921605  1752.123064398766 1753.280922111835 -1.157857713070 
  1.02909553   1.79922858  93.04906530  1754.201050519943 1758.444723852783 -4.243673332840 
  1.01660048   1.82314303 103.00000000  1756.068069443107 1760.661535552902 -4.593466109796 
  0.96446195   1.77607592 114.76522495  1757.989688813686 1756.062141676190 1.927547137497 
  0.95132899   1.78438834  86.83994178  1758.900816574693 1763.566014878371 -4.665198303678 
  1.03451058   1.60380827 103.00000000  1760.986564517021 1760.486984563615 0.499579953406 
  0.98171363   1.57312628 103.00000000  1761.128620103002 1757.789003749967 3.339616353035 
  0.90670375   1.70599030 115.07951041  1761.564819827676 1761.939627489287 -0.374807661611 
  1.06910143   1.69304258 102.94160171  1762.682855010033 1761.925034663793 0.757820346239 
  0.88140468   1.66055778 103.00000000  1763.054316788912 1761.886574341281 1.167742447631 
  0.96446195   1.81285784  88.13460090  1765.495466500521 1766.888533785241 -1.393067284720 
  0.87946195   1.68888476 103.00000000  1769.218104973435 1775.239669850922 -6.021564877487 
  0.94912589   1.56918108 109.74610520  1769.591416597366 1773.412241620559 -3.820825023193 
  0.92837346   1.69343868 118.56477504  1772.207140967250 1775.615699608702 -3.408558641452 
  0.96446195   1.57035176 103.00000000  1779.222035348415 1774.365667113150 4.856368235266 
  0.96446195   1.71532608 119.17002334  1779.453858539462 1775.728526865551 3.725331673912 
  0.90108560   1.72123152  91.30177549  1782.921825230122 1784.470451022003 -1.548625791881 
  0.96325634   1.79520044  86.87346532  1784.736997604370 1786.721349524755 -1.984351920385 
  0.90888651   1.71421445 115.22074410  1784.906264737248 1786.661149905300 -1.754885168052 
  0.99655252   1.84717364  96.66062140  1787.947041749954 1795.130342388110 -7.183300638156 
  0.98215980   1.57195544 110.72681258  1788.256900727749 1789.974512149871 -1.717611422122 
  1.05467296   1.63556287 100.69109915  1791.361124649644 1792.917731964386 -1.556607314742 
  0.96446195   1.67211211 120.49752607  1792.766842573881 1791.941224583929 0.825617989952 
  0.96446195   1.68888476 120.20100503  1794.204587221146 1791.664866471494 2.539720749652 
  0.94284108   1.84324207 103.00000000  1794.233605027199 1799.892119424396 -5.658514397197 
  1.03798650   1.74469238  90.56210222  1795.168060958385 1796.435527561682 -1.267466603297 
  1.01879335   1.80425782  91.00819497  1796.316610679030 1799.019896611744 -2.703285932714 
  1.04774694   1.63223604  98.61468268  1796.983691230416 1796.851620370797 0.132070859620 
  0.96446195   1.83906808 106.02827274  1797.804954633117 1804.016529064745 -6.211574431628 
  0.96446195   1.60485730 118.31758927  1797.954342469573 1799.631490662825 -1.677148193252 
  1.03442110   1.63063255  95.74770892  1798.132538974285 1800.337811113391 -2.205272139106 
  0.96585357   1.56968693 103.00000000  1800.996538221836 1798.011309131645 2.985229090191 
  0.93882998   1.57881846 113.21769508  1802.298728495836 1799.518180834943 2.780547660893 
  1.07006024   1.68888476 103.85439909  1805.511939808726 1803.534467573752 1.977472234974 
  1.00418267   1.83641904 103.00000000  1806.417682945728 1808.683831368086 -2.266148422358 
  1.01382579   1.81306362  91.13764784  1806.495244622231 1807.681526238347 -1.186281616116 
  1.06964812   1.68888476 104.58515432  1808.999742478132 1806.758694340338 2.241048137794 
  1.03326137   1.76200718 110.84354233  1809.422496885061 1810.222221897136 -0.799725012075 
  0.98919343   1.67932899  87.52176639  1810.604296386242 1812.755241017733 -2.150944631491 
  0.88301665   1.73513150 103.00000000  1811.545625627041 1817.414065721515 -5.868440094474 
  1.05889469   1.65696582  98.02612809  1812.885188236833 1814.528120617190 -1.642932380357 
  0.94490586   1.84532093 103.00000000  1813.418321743608 1819.355678996743 -5.937357253136 
  0.98584484   1.84707058 103.00000000  1814.828500553966 1820.735093358107 -5.906592804141 
  1.07096888   1.69376197 103.00000000  1817.049208715558 1818.004675127465 -0.955466411907 
  0.99038572   1.76399559 115.50253574  1817.750867992640 1816.719881508141 1.030986484498 
  1.00962093   1.58219180 103.00000000  1820.483444392681 1818.049144501955 2.434299890726 
  1.01521330   1.62083154  94.29863291  1821.577209159732 1819.541689491183 2.035519668549 
  1.00166462   1.82141275  90.27161311  1822.853709965944 1825.984963977128 -3.131254011184 
  0.96446195   1.73699184 118.22761361  1823.594491094351 1820.970374730934 2.624116363417 
  0.98434977   1.79568914 112.66291635  1824.238673582673 1824.473447937243 -0.234774354569 
  1.07102379   1.68888476 103.19508389  1824.564001396298 1824.110746595964 0.453254800335 
  0.96446195   1.56888476 103.00000000  1825.726842641830 1823.003484437508 2.723358204322 
  0.96446195   1.73295471 118.49456410  1828.621349766850 1824.815218787127 3.806130979724 
  1.03322605   1.66239321 115.65736142  1828.876906529069 1830.817692569444 -1.940786040375 
  1.00880339   1.80018108 110.05588530  1830.122680291533 1831.858609571462 -1.735929279929 
  0.99914352   1.84122148 103.00000000  1830.138625845313 1834.932266441128 -4.793640595815 
  0.96446195   1.85864190  98.35989025  1832.465443953872 1836.915537722484 -4.450093768613 
  0.96446195   1.58489352  97.51730382  1835.624357908964 1830.433995462556 5.190362446408 
  0.98938830   1.61108922  93.53439604  1835.640105590224 1832.191846889880 3.448258700344 
  0.99812362   1.66089609  88.92764693  1836.117666617036 1833.421124383296 2.696542233740 
  1.06759687   1.68888476 106.89301545  1836.467215046287 1837.760011796330 -1.292796750044 
  0.92230448   1.82847971 103.00000000  1836.632105425000 1841.277801851171 -4.645696426171 
  1.07119347   1.68888476 103.84416908  1841.007156997919 1837.391028655832 3.616128342087 
  1.05874232   1.74529434 106.32160303  1841.775728061795 1839.671749150397 2.103978911398 
  0.97684044   1.81767522 110.15346266  1842.113271981478 1840.695191394708 1.418080586770 
  0.89956691   1.79377331  97.28772649  1844.312935531139 1846.601896545814 -2.288961014674 
  0.88201163   1.64583640 103.00000000  1845.077083602548 1845.105567456901 -0.028483854354 
  0.91210121   1.66325285 117.58188670  1846.413088560104 1848.441207027002 -2.028118466898 
  0.96446195   1.70700214  85.89562586  1849.406894326210 1849.876634853336 -0.469740527126 
  1.04228098   1.68888476 114.19090690  1851.327536225319 1850.766089407632 0.561446817687 
  0.88956023   1.76569518 103.00000000  1853.217153877020 1855.128649018028 -1.911495141008 
  0.91224048   1.79204731  91.24510739  1854.029520288110 1856.819061944301 -2.789541656191 
  0.96446195   1.68888476 120.50000000  1856.572906717658 1850.446526231826 6.126380485832 
  0.98988051   1.85183416  94.75150312  1856.791678354144 1861.513544520988 -4.721866166844 
  0.96446195   1.82963412 108.52690492  1860.262527659535 1859.188834391933 1.073693267602 
  0.88434172   1.67399781  97.05993121  1860.533042803407 1861.458900988461 -0.925858185054 
  0.99359349   1.85215569  99.95319666  1860.989937186241 1867.207258425571 -6.217321239330 
  1.04315346   1.79547360 103.00000000  1862.787847250700 1866.237501965865 -3.449654715165 
  0.96446195   1.85301508 103.00000000  1865.226495951414 1868.788630568118 -3.562134616704 
  0.90671681   1.68888476  90.39136208  1866.865266427398 1865.668083065299 1.197183362099 
  0.99551762   1.68888476  87.10408383  1866.918771162629 1864.626226955912 2.292544206717 
  0.96446195   1.77397734 115.62879986  1867.456358641386 1864.918716837548 2.537641803838 
  1.02884308   1.82221736  99.63289928  1868.419385790825 1871.945830325269 -3.526444534444 
  0.93994990   1.76751394 115.42814738  1869.874272078276 1869.577541320350 0.296730757926 
  0.88774620   1.76041994  98.22858478  1871.035335883498 1874.424693019755 -3.389357136256 
  1.02352220   1.67107748 117.30544285  1872.020997613668 1871.829348983676 0.191648629992 
  0.96446195   1.68888476  86.43216080  1872.029679656029 1871.934322978577 0.095356677452 
  0.96446195   1.56409186 105.92626605  1873.200362056494 1870.046865453526 3.153496602968 
  0.98439640   1.62989820  90.80745330  1874.885352060199 1872.385410077388 2.499941982811 
  0.97024553   1.60395775 118.64411616  1875.384819373488 1877.498438707171 -2.113619333682 
  1.07286432   1.68888476 103.00000000  1875.938483282924 1878.363593914442 -2.425110631519 
  1.07030822   1.72549119 103.00000000  1877.046344920993 1882.799197710566 -5.752852789573 
  0.98330168   1.60327881  94.14701758  1880.427573397756 1881.534656668526 -1.107083270770 
  0.89361370   1.68888476  92.94090422  1882.363914698362 1887.903380736094 -5.539466037731 
  1.00031668   1.57526281 103.00000000  1883.331006050110 1886.905083421959 -3.574077371849 
  0.95009571   1.81626022  87.91804375  1892.720229670405 1897.648699064653 -4.928469394247 
  1.07231703   1.67530163 103.00000000  1894.216609746218 1894.941185849809 -0.724576103592 
  0.99711198   1.84301472  92.45328016  1896.288482069969 1900.886736720302 -4.598254650332 
  0.87688442   1.68888476 103.00000000  1896.468793675303 1897.406389852443 -0.937596177139 
  1.06589150   1.68888476 108.62612485  1897.202746868134 1898.489674916117 -1.286928047983 
  1.01216699   1.81836475  90.56845936  1899.384257629514 1901.690387344199 -2.306129714686 
  0.93479944   1.57141445 103.00000000  1900.225717946887 1900.839812184849 -0.614094237962 
  1.01971691   1.82033620  92.18269276  1901.685186728835 1910.255949943585 -8.570763214750 
  0.99823640   1.66103102  88.58726035  1908.123579561710 1906.285368318669 1.838211243041 
  0.95306469   1.79529921  86.34278107  1909.012636169791 1917.444984125279 -8.432347955487 
  1.03366820   1.59480483 104.12572429  1913.864265218377 1914.905320625265 -1.041055406888 
  0.98754520   1.84822514  92.10035139  1915.199858993292 1920.330991148128 -5.131132154836 
  0.96446195   1.72509186  85.21035264  1915.318462103605 1918.806438054295 -3.487975950690 
  0.88601535   1.75900668 103.00000000  1918.895898953080 1922.297817919931 -3.401918966851 
  1.00130934   1.57378198 103.53839963  1920.074566736817 1920.358840143705 -0.284273406888 
  1.06897018   1.73809517 103.00000000  1923.378336697817 1922.479358030417 0.898978667399 
  1.07446195   1.68888476 103.00000000  1924.054336324334 1927.184458994897 -3.130122670563 
  0.96446195   1.85167885  91.68602478  1925.813053697348 1932.087913431753 -6.274859734405 
  0.87668594   1.68888476 104.93861684  1927.826438710093 1930.551768325409 -2.725329615315 
  0.93683790   1.56983116 103.00000000  1931.244869291782 1928.561407505833 2.683461785949 
  0.96446195   1.68888476 120.90452261  1934.091550886631 1931.306853297240 2.784697589391 
  0.87780413   1.71797244 103.00000000  1936.244621083140 1940.039206861728 -3.794585778588 
  1.05400770   1.62962115 109.84119612  1936.996193140745 1941.561757785425 -4.565564644679 
  1.02558234   1.58928503 102.49927085  1937.928259491920 1941.107987148607 -3.179727656687 
  1.06869397   1.74514461 100.08425369  1942.435153111815 1941.524751763958 0.910401347858 
  1.04724182   1.72810741 112.23596691  1946.847517266870 1944.768859303401 2.078657963468 
  0.97200685   1.85559290  92.36863354  1950.823901832104 1951.899907856711 -1.076006024608 
  0.94095704   1.85001023 103.00000000  1951.154329508543 1951.955043976725 -0.800714468182 
  0.96446195   1.86417389  95.94948581  1953.015832766891 1956.450554015708 -3.434721248817 
  1.05899210   1.68376220 111.50085232  1953.036836311221 1954.234032858524 -1.197196547303 
  1.07083683   1.68888476  97.90161885  1955.714722841978 1953.030782433170 2.683940408808 
  0.90000292   1.80010502 103.00000000  1956.791292205453 1957.870023503471 -1.078731298018 
  0.96446195   1.84510091 106.46530762  1956.930723756552 1959.686613272573 -2.755889516021 
  0.96446195   1.81555383 111.55056974  1958.970801994205 1958.291019347066 0.679782647139 
  0.96446195   1.83579881  88.82188598  1961.852633282542 1962.880770019857 -1.028136737315 
  0.97107175   1.69293179 120.85770360  1962.271810755134 1955.683046396425 6.588764358709 
  0.96446195   1.62043024 120.40257055  1962.652649283409 1958.196518570257 4.456130713153 
  0.98895947   1.56962182 102.53228336  1963.452638000250 1963.228236194292 0.224401805958 
  1.06899918   1.74544837 102.42586669  1965.697171404958 1967.007023960167 -1.309852555209 
  1.06198659   1.68888476  94.60758210  1965.970851406455 1968.429548293302 -2.458696886847 
  0.96446195   1.70810911  85.35777655  1966.577134341002 1970.132227663319 -3.555093322318 
  1.05617353   1.62109526 103.00000000  1968.021794453263 1971.947320398713 -3.925525945449 
  0.90231259   1.68888476 116.28198619  1973.356684833765 1973.217456720738 0.139228113027 
  0.96446195   1.74796859  84.78920756  1973.906213939190 1976.743064545150 -2.836850605960 
  0.93338078   1.68888476  87.01441628  1975.197047427297 1979.350891899365 -4.153844472069 
  0.99407609   1.85104638 103.32809849  1976.311778098345 1985.758289479671 -9.446511381326 
  1.06615723   1.71169718  95.09122171  1978.657505795360 1979.904874107534 -1.247368312175 
  0.96446195   1.60331560 119.33608275  1981.512655571103 1982.586287607528 -1.073632036425 
  0.96446195   1.59048318  95.32741957  1982.048931226134 1982.904567823764 -0.855636597630 
  1.07067775   1.65850585 100.83891150  1982.649021804333 1985.671953384877 -3.022931580544 
  0.96078498   1.84632485 106.47409523  1986.438864365220 1991.011096848700 -4.572232483480 
  0.87764237   1.68888476 107.49701803  1986.678177863359 1988.941438166050 -2.263260302690 
  0.96446195   1.85929648 103.00000000  1987.026377364993 1993.802237618234 -6.775860253241 
  1.06166195   1.76863915 102.73747013  1988.928269296885 1990.083590895367 -1.155321598483 
  1.03077745   1.60502861 113.22894313  1989.179997026920 1992.849896438198 -3.669899411277 
  0.96446195   1.71945240  84.99531466  1991.343005999923 1992.499827501598 -1.156821501675 
  0.96446195   1.56407035 103.00000000  1993.620749413967 1988.262608033867 5.358141380100 
  1.06455461   1.75563860 104.36385579  1994.839229479432 1995.030932852645 -0.191703373213 
  0.91956849   1.83397104 103.00000000  1996.263887867332 2001.579460983646 -5.315573116314 
  0.96446195   1.56388476 103.00000000  2001.979325845838 1994.808125532430 7.171200313408 
  0.93436831   1.84860888 103.00000000  2005.800001010299 2009.964606948843 -4.164605938544 
  0.92118052   1.83629484 103.00000000  2005.949935182929 2009.949657971380 -3.999722788451 
  1.05066099   1.68888476 113.79280825  2007.983374595642 2009.421679473313 -1.438304877671 
  1.02704164   1.82670680 103.00000000  2008.040499299765 2013.547744960724 -5.507245660960 
  0.87488681   1.67550658 103.00000000  2008.073616728187 2009.123069393311 -1.049452665124 
  1.05179861   1.62210893 110.37351253  2009.435930371284 2011.742290678656 -2.306360307371 
  0.91039250   1.75463941 113.98825351  2010.431978002191 2011.136699873864 -0.704721871673 
  1.04067540   1.81302321 101.27833532  2010.927820876241 2013.593961887144 -2.666141010904 
  0.90210203   1.79623917 106.24084296  2013.503872692585 2014.198672764003 -0.694800071418 
  0.95628190   1.70455338  85.39185845  2014.079304397106 2011.708803151497 2.370501245609 
  0.93389435   1.67337612  87.56726413  2014.091438382864 2012.053026934711 2.038411448153 
  1.07181987   1.73895990 103.00000000  2014.159494593740 2013.523332794233 0.636161799506 
  0.96446195   1.84305256 107.51475968  2014.353533416986 2017.118671932617 -2.765138515631 
  0.96446195   1.86553874  94.49898160  2019.267330467701 2020.665728912118 -1.398398444417 
  0.92337492   1.57952141 100.45368510  2019.791007757187 2012.813907450207 6.977100306980 
  0.93932375   1.74132935 118.27591906  2020.216665461659 2017.561293912810 2.655371548850 
  0.96446195   1.84915404 106.27453353  2024.166865572333 2023.826966058574 0.339899513759 
  1.05266434   1.61422242 108.06087173  2024.288113847375 2025.601400657956 -1.313286810581 
  0.99129636   1.61112908 119.21343557  2024.447761416435 2026.857442446365 -2.409681029930 
  0.96446195   1.69637308  85.49490689  2024.957091137767 2028.542191034888 -3.585099897121 
  0.96446195   1.73055166 119.66873750  2025.374564304948 2025.084221833589 0.290342471359 
  0.89168118   1.71053358  91.96260334  2026.037705868483 2032.127143995609 -6.089438127126 
  0.89747288   1.59364721 106.29126180  2026.119512423873 2026.717694283945 -0.598181860072 
  0.96446195   1.83735090 108.76664317  2026.317490100861 2034.953324209222 -8.635834108361 
  0.96446195   1.58571683  95.95690419  2033.387567818165 2031.257288164667 2.130279653497 
  0.98624567   1.56598865 103.00000000  2038.684880822897 2032.450642193687 6.234238629210 
  0.88557390   1.68888476 112.27824091  2039.727137431502 2041.081966797064 -1.354829365562 
  1.06214575   1.77147436 102.93725190  2039.748576119542 2042.649420739154 -2.900844619612 
  0.96446195   1.68888476  85.72864322  2043.872833907604 2043.342708682534 0.530125225070 
  0.98094529   1.60659845 119.55544387  2045.125751107931 2046.889894809297 -1.764143701366 
  1.06772404   1.68888476  95.46400688  2045.661083623767 2047.705812675234 -2.044729051467 
  1.06976553   1.68888476  96.10224447  2048.668854832649 2051.078593933311 -2.409739100662 
  0.96446195   1.75978974  84.48673324  2051.900393188000 2055.218036535997 -3.317643347997 
  0.96446195   1.80174211 113.93735609  2052.339990690351 2053.544826375969 -1.204835685618 
  0.91402242   1.67850760 118.91332403  2052.667030394077 2054.894444168304 -2.227413774227 
  0.87374585   1.69406212 103.00000000  2053.267522215843 2057.077388154420 -3.809865938577 
  1.04586826   1.69018804  90.71027661  2053.695860236883 2056.161938887138 -2.466078650255 
  1.00130097   1.58802066 115.85965419  2054.796909511089 2057.490808936074 -2.693899424985 
  1.02322956   1.68888476 118.20984879  2057.212280780077 2058.316210694031 -1.103929913954 
  0.93881673   1.56666818 112.33042964  2059.975596234202 2056.886040699738 3.089555534465 
  1.02330467   1.83994472  96.53953266  2061.781186938286 2066.767384919736 -4.986197981450 
  1.04230264   1.78462120  91.16787594  2062.545386612415 2063.506770021049 -0.961383408634 
  0.96446195   1.55882858 109.38484004  2062.783802017570 2059.558000628319 3.225801389251 
  1.06094041   1.68888476  93.48836062  2065.552202314138 2065.968285720258 -0.416083406120 
  1.06393390   1.66589467 111.09978249  2066.929559096694 2069.761614799769 -2.832055703075 
  0.87846358   1.73078748 105.53624253  2067.556667625904 2074.728644874027 -7.171977248123 
  0.90131329   1.67324028  90.89162259  2072.319275513291 2072.951915736267 -0.632640222976 
  1.07536080   1.73030936 103.48471172  2075.391278833151 2074.881214329469 0.510064503681 
  0.89297920   1.71356231 113.74466837  2075.729627341032 2078.595487039181 -2.865859698149 
  0.93417758   1.59989999 118.63235095  2076.545924201608 2077.618568292563 -1.072644090956 
  0.96446195   1.68888476 121.60804020  2076.710059389472 2075.544960132338 1.165099257134 
  0.90846194   1.82312899 103.00000000  2078.363004729152 2085.318664230625 -6.955659501473 
  1.04735270   1.60333163 103.00000000  2081.712093114853 2082.753193103520 -1.041099988667 
  0.89179795   1.63222109  96.49779928  2082.639564424753 2081.623722712897 1.015841711856 
  1.01065319   1.66278971  88.39710725  2085.062491610646 2086.731781522930 -1.669289912284 
  0.90039382   1.80962507 102.82022170  2088.101895406842 2093.195651125700 -5.093755718858 
  1.07060218   1.64203701 103.00000000  2092.286529183388 2092.920800163891 -0.634270980503 
  1.07131112   1.68888476 109.11162955  2095.270248159766 2096.779457986847 -1.509209827081 
  1.02122600   1.68888476 118.62927947  2097.165311753750 2094.225208852752 2.940102900998 
  0.99574574   1.68323938 120.83760657  2098.048635661602 2094.290909900112 3.757725761490 
  0.96446195   1.87096749  94.99044652  2100.169366300106 2105.870367589412 -5.701001289306 
  0.96446195   1.68888476  85.50000000  2103.125415518880 2100.781579407359 2.343836111520 
  1.06022312   1.74667625 108.95880006  2104.951013013721 2104.204918047338 0.746094966383 
  0.95515685   1.86118987  91.86372376  2104.999569863081 2108.242638704678 -3.243068841597 
  0.95301278   1.77915316 116.36419403  2105.649445444345 2104.326539947027 1.322905497319 
  0.96446195   1.82905814  87.00174516  2105.995683789253 2109.828647060226 -3.832963270973 
  1.01306802   1.80429803  87.63664592  2106.403921306133 2110.373977733601 -3.970056427468 
  0.97831547   1.69318233 121.41364114  2107.653700932860 2103.512793271849 4.140907661011 
  1.06497035   1.68888476  94.10153047  2108.335234954953 2108.052325398643 0.282909556311 
  0.99187245   1.68888476  85.89964491  2108.511482775211 2109.737214143720 -1.225731368509 
  0.96446195   1.62841703  89.57631886  2110.894057765603 2108.013552224429 2.880505541174 
  0.96446195   1.86557789 103.00000000  2111.593578562140 2121.255920388418 -9.662341826277 
  0.96319421   1.56059083 103.00000000  2111.824303373694 2112.252151075631 -0.427847701937 
  0.87802843   1.68888476 109.61425027  2115.488608121872 2117.519871326026 -2.031263204154 
  1.03818917   1.59228187 103.00000000  2118.072671338916 2119.234987561338 -1.162316222422 
  0.92474176   1.60923923 118.86375629  2118.632091760635 2118.538951788135 0.093139972500 
  0.98371373   1.86331139 103.00000000  2120.868901371956 2126.465994285814 -5.597092913858 
  0.90957544   1.68888476  88.65207494  2122.258875012398 2123.920447475027 -1.661572462629 
  0.98880136   1.68888476 121.20725807  2125.787373468280 2119.008726401324 6.778647066956 
  0.98441781   1.87026375  99.34059534  2127.056254133582 2129.921839472434 -2.865585338852 
  1.04705351   1.77593313 109.12002039  2127.890580460429 2126.688914684309 1.201665776120 
  1.02129787   1.83928120 103.00000000  2128.901426374912 2129.891192800571 -0.989766425659 
  0.88257331   1.62040264 107.26423207  2129.147751778364 2122.931508600585 6.216243177779 
  0.87874869   1.68888476 110.15646088  2130.113321125507 2129.837887142975 0.275433982533 
  0.89580383   1.80198179 103.00000000  2133.516611889005 2134.764492845301 -1.247880956296 
  0.96446195   1.85495223 106.21417456  2135.767781376839 2135.946381867879 -0.178600491040 
  0.98629636   1.86312484 103.00000000  2137.142895475030 2140.037135315583 -2.894239840553 
  0.98762586   1.62726316 120.98313532  2138.410014539957 2134.661476573223 3.748537966734 
  1.04648286   1.76961239 110.16180596  2140.559004724026 2138.565802395320 1.993202328706 
  0.92821967   1.60659971 119.11757232  2140.845459505916 2137.624766129432 3.220693376483 
  0.96446195   1.87167154 100.85155288  2141.033907279372 2146.162359194285 -5.128451914913 
  0.91132441   1.68888476 118.80163294  2146.346795126796 2144.839729111739 1.507066015057 
  1.05097642   1.60466653 107.98635417  2147.298252910376 2147.767776129665 -0.469523219289 
  0.94329416   1.86870523  98.59766977  2148.838800370693 2154.244651560271 -5.405851189578 
  1.07554794   1.68888476 108.08382501  2152.919851750135 2150.489113601400 2.430738148736 
  1.07889324   1.73009076 100.75539050  2154.163073897362 2152.567195505721 1.595878391641 
  0.90972047   1.83434612 100.22536319  2157.202828630805 2160.955723369066 -3.752894738261 
  0.90154427   1.81542520 103.00000000  2158.475681751966 2161.700789332458 -3.225107580492 
  1.04058989   1.70697421  88.78662732  2160.207834601402 2160.642860417179 -0.435025815777 
  0.98663966   1.84147889  88.28839524  2160.942009866238 2165.429394140614 -4.487384274376 
  0.92621552   1.84971912 103.00000000  2161.056778222322 2167.915228785614 -6.858450563292 
  1.03103162   1.66668264  89.53679357  2163.650689244270 2163.814495795566 -0.163806551296 
  0.87919880   1.68888476 110.78119056  2164.438355460763 2166.309207538604 -1.870852077841 
  0.88459580   1.68888476 113.00037718  2165.165347233415 2166.486447402008 -1.321100168593 
  1.05510547   1.60900127 103.00000000  2166.195868477225 2168.015010485031 -1.819142007806 
  1.07286679   1.72071255  95.26395124  2168.662018418312 2167.148652352108 1.513366066204 
  0.91611172   1.75929767 115.52116472  2170.798421204090 2172.049564964630 -1.251143760540 
  0.96124704   1.86812440 103.00000000  2175.436934411526 2179.275147609669 -3.838213198143 
  0.91678623   1.84001064 103.00000000  2175.714381232858 2180.155334011818 -4.440952778960 
  0.96446195   1.58615382  94.98534764  2180.323853254318 2177.967449803321 2.356403450997 
  1.04539243   1.59873201 109.50879861  2180.456154987216 2182.503964553227 -2.047809566011 
  0.93521320   1.85813475 103.00000000  2181.474814921618 2187.636354089320 -6.161539167702 
  0.87789084   1.73665645  96.96454472  2183.683369487524 2186.537416728231 -2.854047240707 
  1.03794885   1.78647572  89.35569101  2187.494137674570 2189.094024365002 -1.599886690432 
  0.92639136   1.68888476  86.63080387  2188.661869838834 2188.221259342043 0.440610496791 
  0.96446195   1.78604378 116.37354801  2190.713273569942 2187.291549093447 3.421724476494 
  1.02329777   1.80484351  88.31096574  2193.073460102081 2195.179047651433 -2.105587549352 
  0.95716289   1.68888476 122.10863115  2193.143991097808 2187.575552303917 5.568438793890 
  0.96446195   1.57982887 117.87489797  2194.814410239458 2193.799676980842 1.014733258616 
  0.91117551   1.73486618  87.16671946  2194.818840742111 2200.427837518918 -5.608996776807 
  0.96446195   1.69267806  84.97073003  2194.999775379896 2196.729936210701 -1.730160830805 
  0.96446195   1.67507184  85.76828555  2195.550408884883 2199.225790442181 -3.675381557298 
  1.06477332   1.63413606 109.94691702  2195.891874179244 2203.227853922652 -7.335979743408 
  0.96446195   1.61590463  90.50988961  2197.805654689670 2201.479012256380 -3.673357566711 
  1.03045745   1.82333960  91.46782346  2205.484613567591 2210.282335790188 -4.797722222598 
  1.07835543   1.71516450  97.02951500  2208.475449562073 2206.302741594927 2.172707967146 
  1.02343162   1.68888476 119.00933313  2208.927831187844 2206.692332658652 2.235498529193 
  1.05889124   1.77597916  93.30870755  2209.351075693965 2209.325962427385 0.025113266580 
  0.99847886   1.86134569  92.45655613  2209.554397150874 2215.780854119203 -6.226456968328 
  0.95359322   1.70409657  84.65879820  2210.628756344318 2213.470970590343 -2.842214246024 
  1.06241630   1.74421703  92.16870131  2211.029933020473 2215.344718915333 -4.314785894861 
  0.96446195   1.85500061 107.12777144  2213.555553451180 2221.039388389605 -7.483834938425 
  1.02612688   1.57906669 103.00000000  2214.241031736135 2217.081860044489 -2.840828308354 
  0.96446195   1.87241752  92.71039564  2219.147809296846 2224.232147389418 -5.084338092572 
  0.90205607   1.82513485  97.89108666  2219.215364351869 2224.016740330154 -4.801375978286 
  0.96446195   1.55778894 103.00000000  2222.350020676851 2217.157979338814 5.192041338037 
  1.08152696   1.68888476 106.03090902  2222.401512309909 2224.154691809107 -1.753179499198 
  0.96446195   1.68888476  85.02512563  2223.238897368312 2222.806163151054 0.432734217258 
  0.96446195   1.68357694 122.40671950  2223.966934099793 2218.715433285939 5.251500813854 
  0.91846290   1.57402053 113.19237693  2225.944806709886 2222.043769687948 3.901037021938 
  1.04471725   1.79813098 107.35917145  2229.479112416506 2229.230808234707 0.248304181799 
  0.96446195   1.68888476 122.31155779  2230.906377270818 2224.307072279028 6.599304991790 
  0.96446195   1.80813111 114.32062797  2231.861126035452 2229.309299173985 2.551826861467 
  1.00850959   1.82274474 110.11996590  2234.708648934960 2232.917304337343 1.791344597618 
  1.00478550   1.58476658  96.87880134  2235.993521153927 2237.982529085628 -1.989007931701 
  1.02781782   1.68888476  87.63181029  2236.415305450559 2239.075101208495 -2.659795757937 
  0.90666212   1.68964074 118.62226856  2237.700369626284 2241.044354941435 -3.343985315152 
  1.02141166   1.63209403 118.96893304  2241.026997670531 2242.409924815197 -1.382927144666 
  0.87250617   1.67256807  99.63654014  2241.163178771734 2242.479937951283 -1.316759179549 
  1.08446195   1.68888476 103.00000000  2243.043294072151 2242.753369223983 0.289924848169 
  0.96446195   1.87185930 103.00000000  2252.004475519061 2251.017695779188 0.986779739873 
  1.03578315   1.82370230 104.86651327  2253.571545690298 2252.787761701662 0.783783988636 
  1.00429987   1.85992827 103.00000000  2255.896731778979 2259.430126736743 -3.533394957763 
  0.98811007   1.68888476 121.86709729  2256.950405582786 2249.714654617648 7.235750965138 
  0.91467546   1.70324627 119.34636668  2259.127059862018 2255.958554001610 3.168505860408 
  0.91029022   1.80647952 109.56413182  2259.476553559303 2260.525001506670 -1.048447947367 
  1.05783386   1.66014812 114.22807443  2259.524519085884 2262.256401987312 -2.731882901428 
  1.06132036   1.66341238  93.71376403  2259.688138842583 2261.070951139094 -1.382812296511 
  1.07922770   1.74028753 103.43139918  2260.471214964986 2262.404944167647 -1.933729202661 
  1.08497572   1.68671760 103.00000000  2260.788089573383 2262.357937376020 -1.569847802637 
  1.07538337   1.68888476 109.63418827  2262.228932827711 2264.424565210213 -2.195632382502 
  0.98509920   1.84857357 108.28690931  2262.741083920002 2270.620421070459 -7.879337150457 
  0.87838159   1.62466075 103.00000000  2263.011228770018 2264.040363003900 -1.029134233883 
  0.96446195   1.55369855 110.30947501  2266.228277429938 2264.069008259211 2.159269170727 
  0.95385730   1.83767997  86.89062536  2269.599425852299 2272.592484416846 -2.993058564547 
  1.01030808   1.61027235 119.01615702  2271.720115885139 2272.104108820544 -0.383992935405 
  0.99055757   1.87205409  93.41345937  2273.131783261895 2279.023147895281 -5.891364633386 
  0.96446195   1.55968916 113.75164747  2273.730310291052 2270.910340962579 2.819969328473 
  0.86946195   1.68888476 103.00000000  2276.878879994154 2276.798663028875 0.080216965279 
  0.96446195   1.69019247 122.51137741  2279.343461796641 2274.562011899917 4.781449896725 
  0.99607065   1.75130856 118.71334548  2281.044043153524 2277.290618569471 3.753424584054 
  0.86934673   1.68888476 103.00000000  2282.335529431701 2283.018245583230 -0.682716151529 
  1.06929095   1.62488030 103.00000000  2285.706049874425 2287.310874726214 -1.604824851789 
  1.01692728   1.85012779 103.73183927  2294.105066135526 2299.695847439736 -5.590781304210 
  1.01339785   1.80655215 112.30049638  2298.178696647286 2300.986081351441 -2.807384704154 
  0.96446195   1.74102432 120.40597994  2299.871744409204 2298.415564409101 1.456180000103 
  0.96446195   1.55195111 106.13111877  2302.683999717236 2299.600296560059 3.083703157176 
  1.06606886   1.78447573 102.69305569  2303.443086221814 2306.273096524970 -2.830010303156 
  0.87839058   1.62216753 103.00000000  2305.496331661940 2301.452063332172 4.044268329767 
  1.02938005   1.71788838  86.53822379  2305.567291676998 2306.094773352193 -0.527481675194 
  0.89851713   1.80515746  92.47239114  2307.006955027580 2310.121816880750 -3.114861853170 
  0.89547327   1.63877789 116.96663584  2307.152869328856 2307.780540002318 -0.627670673461 
  0.91781495   1.56922697 112.41590670  2307.153883635998 2306.422583975128 0.731299660870 
  0.96446195   1.61275038  90.39618367  2307.579351350665 2311.382262885029 -3.802911534364 
  1.00894941   1.68888476 120.91634861  2322.284952521324 2317.059753115337 5.225199405987 
  0.96446195   1.84409723 110.10989770  2322.961249649525 2327.437152575479 -4.475902925954 
  0.86998495   1.68888476  99.64728191  2323.657762899995 2327.230385803008 -3.572622903013 
  0.96446195   1.72755482  83.47899843  2326.233372285962 2331.239824103996 -5.006451818034 
  1.06674277   1.62643105  99.78082577  2327.363016635180 2330.261551277169 -2.898534641990 
  0.97826137   1.78812003  83.72390769  2329.642694473267 2335.062731902863 -5.420037429597 
  1.03044163   1.68888476  87.42983550  2331.928685888648 2334.146092318410 -2.217406429762 
  0.96446195   1.60180264  91.69355075  2332.178420603275 2332.789967066095 -0.611546462820 
  1.05264730   1.81744839  98.69007563  2337.582790479064 2339.883114543336 -2.300324064272 
  0.96446195   1.84783178 109.59199921  2339.556022569537 2340.456395231788 -0.900372662250 
  0.88293634   1.78206704 102.69228398  2340.943778306246 2343.400497228939 -2.456718922693 
  0.96446195   1.81072920 114.72192694  2343.275547727942 2342.294027335470 0.981520392472 
  1.08086211   1.74631306  98.67562973  2343.823687300086 2342.868415637394 0.955271662692 
  0.96871548   1.87038646  90.28545561  2344.683012276888 2348.988754858107 -4.305742581219 
  0.96765006   1.75907907  83.18545014  2347.013016909361 2347.456419069502 -0.443402160141 
  0.97417669   1.61849650  89.66683833  2347.883374705911 2343.469149142406 4.414225563505 
  0.96446195   1.87630273 103.12445382  2348.052918523550 2351.536946534347 -3.484028010797 
  0.92971430   1.79036557  85.26781801  2349.214028835297 2350.378145026973 -1.164116191677 
  1.06346344   1.68888476 113.69646990  2352.579812034965 2348.739119704374 3.840692330590 
  1.08793970   1.68888476 103.00000000  2354.514236107469 2356.370472120800 -1.856236013331 
  1.06508114   1.78967098 103.00000000  2354.827473551035 2359.190754549892 -4.363280998857 
  0.86823988   1.70037431 102.37483037  2356.391682922840 2360.354669732707 -3.962986809867 
  0.96446195   1.76657463  83.17988066  2357.884010478854 2363.078874870065 -5.194864391211 
  1.08807359   1.70093747 103.00000000  2359.413029283285 2360.553217124747 -1.140187841462 
  1.08651010   1.68888476  99.63712365  2359.470270514488 2359.950296083258 -0.480025568770 
  1.01634255   1.63223847  90.10490762  2359.731181517243 2361.938520777904 -2.207339260661 
  0.96446195   1.74219430 120.62012036  2359.984726309776 2357.761397725215 2.223328584561 
  1.03935190   1.62677337  93.14624140  2362.728226408362 2367.618936321145 -4.890709912782 
  0.90105592   1.64480335  91.37046893  2363.372886657715 2368.663258675058 -5.290372017343 
  0.92112546   1.56132571 110.33470267  2367.086600393057 2366.099438334003 0.987162059054 
  0.92771611   1.86252898 102.65893365  2371.263674825430 2380.050813615047 -8.787138789617 
  0.96446195   1.86763045  89.42080913  2373.095896050334 2380.986834121882 -7.890938071548 
  0.89748311   1.75013072  88.63864589  2375.007049709558 2381.233715070879 -6.226665361321 
  0.96446195   1.87814070 103.00000000  2375.134673416615 2382.958937800743 -7.824264384129 
  0.96446195   1.71894771  83.46547319  2375.511879682541 2378.892383109608 -3.380503427067 
  1.01243197   1.60514683 119.00960840  2376.767302766442 2378.501017313682 -1.733714547240 
  0.99152322   1.73192022  83.58609328  2380.130063056946 2380.147248891523 -0.017185834577 
  0.96446195   1.68888476 123.00000000  2380.167806997895 2374.190955891956 5.976851105939 
  0.93938494   1.60445584  91.77122579  2380.831221580505 2376.876121283152 3.955100297354 
  0.89280309   1.71598054 115.64656725  2382.175581991673 2383.282615148193 -1.107033156520 
  0.96446195   1.68888476 123.01507538  2383.540821209550 2377.520255141525 6.020566068024 
  0.93291359   1.57184132  98.14000592  2383.950860321522 2379.683815377696 4.267044943826 
  0.98655498   1.87526678 103.00000000  2385.513779386878 2391.311398413677 -5.797619026799 
  1.08799723   1.68888476 104.73086106  2385.939616248012 2387.853039317395 -1.913423069383 
  0.89715604   1.81936767  94.87605261  2388.295684859157 2391.712555492940 -3.416870633784 
  1.04107511   1.81499986 107.04040238  2389.208702728152 2392.287337960281 -3.078635232128 
  1.04161083   1.58989439 100.84886652  2390.166806876659 2388.547377792028 1.619429084631 
  0.96446195   1.70525709  83.78561994  2391.653829172254 2392.102202424581 -0.448373252327 
  1.01400829   1.84983248 105.84996934  2393.606642842293 2399.463479753752 -5.856836911460 
  1.08381664   1.67672935 107.74742362  2393.853545099497 2396.631860535818 -2.778315436321 
  1.06767501   1.66225028  94.17837917  2394.422622114420 2395.503686197886 -1.081064083466 
  0.98025695   1.57535900 118.08420464  2394.454451918602 2398.227538301331 -3.773086382729 
  0.90700691   1.64512551  90.30637962  2400.467191189528 2399.403317338286 1.063873851242 
  1.06721379   1.78863953 103.00000000  2403.939868837595 2406.253546076096 -2.313677238501 
  0.98085246   1.68888476 122.83715352  2405.922589585185 2400.000867150322 5.921722434863 
  0.95393765   1.70708769  83.81920376  2406.529831752181 2408.006088189507 -1.476256437326 
  0.91242423   1.84630102 103.00000000  2406.680617541075 2412.005927692312 -5.325310151237 
  0.87310444   1.67844328 110.45422853  2407.007931187749 2408.723670170740 -1.715738982991 
  0.87667291   1.76422950 103.00000000  2407.968096628785 2412.155446504924 -4.187349876139 
  0.89586488   1.68885396  89.38813133  2409.175403356552 2412.256821690224 -3.081418333672 
  0.89294208   1.79531975  92.27145588  2409.609220132232 2415.167372000914 -5.558151868682 
  0.96446195   1.68888476  84.32160804  2410.843737453222 2410.391093813882 0.452643639341 
  0.90402115   1.68888476 119.16220668  2411.202465772629 2411.463280140018 -0.260814367389 
  0.99653796   1.79492483 115.77858142  2412.122810587287 2411.909798547250 0.213012040037 
  0.99137116   1.87475582 103.00000000  2413.433789283037 2419.254479491372 -5.820690208335 
  0.86727995   1.67561891 102.52686931  2413.555155187845 2413.573934610745 -0.018779422900 
  0.97675960   1.77481323  83.06787627  2416.869855821133 2416.828345439326 0.041510381806 
  0.96446195   1.83741225 111.80173763  2417.264466494322 2415.531567481810 1.732899012512 
  1.05304622   1.68888476 116.18097936  2417.791534751654 2416.562245715188 1.229289036466 
  1.01389841   1.78965518  85.09118788  2418.085022211075 2420.494151954038 -2.409129742963 
  0.89972453   1.82666589 103.00000000  2418.995930269361 2422.718260798338 -3.722330528977 
  0.89720792   1.58227534 103.00000000  2419.022920757532 2414.684207528808 4.338713228724 
  0.96446195   1.88585139  93.84222269  2419.433104544878 2425.957425121017 -6.524320576139 
  1.08830454   1.68888476  99.57306769  2420.934633821249 2421.170037354414 -0.235403533165 
  0.98214011   1.68888476  84.40610437  2421.874031424522 2421.809619331327 0.064412093195 
  0.97563048   1.55052712 105.10743185  2424.821252390742 2423.201823099053 1.619429291689 
  1.08779699   1.66573730 103.00000000  2428.462173432112 2432.547137608641 -4.084964176529 
  1.06261360   1.68800521  91.19956290  2429.016983076930 2432.824422432995 -3.807439356065 
  1.00752244   1.86321613 104.12663188  2435.952891126275 2439.168761481660 -3.215870355385 
  1.06939898   1.68888476 113.02190184  2439.319205760956 2437.089233056082 2.229972704873 
  0.87774720   1.68888476 112.72279263  2439.436616212130 2441.108709859768 -1.672093647638 
  0.96446195   1.86923062  89.02850415  2442.305702582002 2444.691676178689 -2.385973596688 
  0.98072226   1.68888476 123.00426323  2443.911690413952 2435.939703112831 7.971987301121 
  1.04917444   1.82523542  94.92541296  2444.011437907815 2446.073632414572 -2.062194506757 
  1.02221083   1.68888476 120.36208803  2444.660667762160 2441.029125734128 3.631542028032 
  1.05582339   1.64797494  92.79737466  2445.877272605896 2449.094480158112 -3.217207552216 
  0.98451477   1.88530128 100.08818799  2453.303768321872 2455.809029034188 -2.505260712316 
  1.03001553   1.64543998 119.61069684  2454.849643483758 2453.392336645773 1.457306837985 
  0.96446195   1.77709363  82.88183515  2454.954375416040 2460.017346720877 -5.062971304837 
  0.96446195   1.89007820  95.60867365  2455.566824153066 2464.681401804479 -9.114577651414 
  1.03599497   1.70405277  86.81335655  2456.511110499501 2459.641955543698 -3.130845044197 
  0.92780837   1.71922114 120.97827097  2462.456333279610 2460.292785739176 2.163547540433 
  0.92489939   1.85523919 105.47139219  2463.576790720224 2469.223757630764 -5.646966910540 
  0.96446195   1.55150754 103.00000000  2464.591348901391 2461.542102377237 3.049246524154 
  1.05668725   1.67671237  90.57292915  2465.246443867683 2469.856133507044 -4.609689639361 
  0.96446195   1.55257385 113.30549491  2466.594288662076 2467.402336368280 -0.808047706204 
  0.87974565   1.68888476  92.91708328  2467.019827440381 2474.628790289085 -7.608962848704 
  0.87485489   1.62219506 103.00000000  2467.630611285567 2470.439812238733 -2.809200953166 
  0.94172402   1.55343308 103.00000000  2469.938902735710 2471.198654060365 -1.259751324655 
  0.97827481   1.65821775  85.80575564  2470.894881084561 2474.105524426427 -3.210643341866 
  1.01822347   1.68888476 120.93547700  2478.242224156857 2480.082344022458 -1.840119865601 
  1.03768185   1.58354159 112.05288654  2485.521609202027 2485.674168340879 -0.152559138852 
  0.96446195   1.88306371  91.45963907  2485.618835180998 2491.050076659562 -5.431241478564 
  0.89673879   1.82481889 103.00000000  2490.047631666064 2493.449678316852 -3.402046650788 
  1.07996540   1.63340397 103.00000000  2492.202196449041 2491.601861659258 0.600334789784 
  0.87030010   1.68888476 109.48777649  2492.290993675590 2494.651656370711 -2.360662695121 
  1.02907079   1.61157544 118.24634938  2492.363111317158 2496.029393940518 -3.666282623360 
  0.96590642   1.61031814 122.68036981  2494.912568971515 2496.980378240225 -2.067809268710 
  0.99059429   1.68888476  84.31198879  2495.602146685123 2503.679880843828 -8.077734158704 
  0.97162323   1.54679304 108.73742401  2498.497159227729 2501.214013368710 -2.716854140981 
  0.99874898   1.56198973 100.59386780  2499.849028363824 2503.462985573430 -3.613957209606 
  0.88672991   1.59150825 108.73864628  2501.853774160147 2503.891034523862 -2.037260363715 
  0.96446195   1.88442211 103.00000000  2511.389165773988 2516.954950818272 -5.565785044284 
  1.03129421   1.60466383 117.39719445  2514.614688724279 2516.120490663734 -1.505801939455 
  0.89364505   1.79500768  90.96776570  2516.881771638989 2518.811907059000 -1.930135420011 
  0.88261661   1.79231743 103.00000000  2517.978658258915 2519.282281546221 -1.303623287306 
  1.07314580   1.68888476 112.79370349  2520.990522190928 2522.357965065368 -1.367442874439 
  0.96446195   1.69870891 123.35124925  2521.927467435598 2514.861566700307 7.065900735292 
  1.09226830   1.68888476 104.51353899  2522.282564535737 2524.348180689841 -2.065616154104 
  0.96152610   1.60386124 122.42276834  2523.231556341052 2522.270950754640 0.960605586412 
  1.03344148   1.85444644  95.51340669  2523.699377477169 2537.354156589020 -13.654779111851 
  0.96446195   1.54601075 109.65656342  2525.107162028551 2527.221308858356 -2.114146829805 
  0.90415428   1.69266507 119.70748127  2528.623311355710 2531.316406164311 -2.693094808601 
  1.02331453   1.63144415  89.97362249  2529.778624400496 2532.718468760662 -2.939844360165 
  0.96446195   1.88138944 104.32748862  2533.650914162397 2540.141237648223 -6.490323485826 
  0.87961312   1.67517933  93.14118154  2534.829086840153 2536.683062937084 -1.853976096931 
  0.96446195   1.62505402  88.16948632  2538.477549210191 2533.648524805354 4.829024404837 
  0.95569706   1.75463037  82.53197614  2541.797362104058 2542.753046789938 -0.955684685880 
  0.96446195   1.68888476 123.71859296  2541.869113385677 2535.110600072400 6.758513313277 
  0.86522061   1.70604125 102.51662500  2542.195357531309 2546.013398048978 -3.818040517669 
  0.88828731   1.70525268 116.14641192  2543.516972109675 2547.636276360187 -4.119304250512 
  0.99875037   1.68888476 122.69170837  2547.391925215721 2544.675468091344 2.716457124377 
  1.04634305   1.68888476 118.03492873  2551.771453693509 2549.793903440014 1.977550253495 
  0.97067090   1.54968566 103.00000000  2552.143854454160 2549.286006040195 2.857848413964 
  0.87649527   1.76959810 104.70338844  2554.405178934336 2557.046594783124 -2.641415848788 
  1.00268753   1.78169462  83.41731079  2555.761306345463 2558.794566463694 -3.033260118231 
  0.87734865   1.68888476 113.54300192  2558.218028888106 2559.955814734987 -1.737785846881 
  0.94678736   1.88252121 103.00000000  2561.859185338020 2563.828422335776 -1.969236997756 
  1.07754552   1.68888476 111.97914349  2565.151024088264 2563.545368718444 1.605655369819 
  1.08630361   1.75190113 103.00000000  2572.847846791148 2572.350696143626 0.497150647522 
  0.95327661   1.68888476 123.77443299  2574.853823810816 2566.756925270854 8.096898539961 
  0.96446195   1.80978098  83.17398869  2576.647131294012 2579.198723526865 -2.551592232853 
  0.94784180   1.88382915 103.00000000  2577.358460336924 2582.899314215607 -5.540853878683 
  0.99607852   1.86954222  89.08585079  2582.507004186511 2585.324486145836 -2.817481959325 
  1.07174045   1.78682368 104.44620758  2583.579590395093 2582.904780906285 0.674809488808 
  1.09493162   1.69838729 103.00000000  2584.232169106603 2587.821278247069 -3.589109140466 
  0.92098840   1.55808027 103.00000000  2586.274452388287 2582.731196995070 3.543255393217 
  0.87329499   1.76330387 103.72411382  2588.883744418621 2594.987665476325 -6.103921057704 
  1.08174719   1.76622608 103.61303081  2591.865454882383 2592.940765459638 -1.075310577255 
  0.96446195   1.89619627  95.00229986  2593.577520549297 2598.793187745852 -5.215667196554 
  0.90551307   1.68888476  87.06822575  2596.381532222033 2594.777021408937 1.604510813096 
  1.09537676   1.69633052 103.00000000  2597.593667492270 2602.110547499710 -4.516880007439 
  1.04836230   1.84057791  97.59854729  2600.427011802793 2608.366807609253 -7.939795806461 
  0.89864259   1.83330129  93.86374400  2600.451841413975 2608.821699618555 -8.369858204580 
  0.96446195   1.80020396 117.30565867  2600.773709341884 2603.032804955679 -2.259095613796 
  1.08381029   1.65651447  97.54948837  2602.410947501659 2605.620269242726 -3.209321741067 
  0.96446195   1.84116974  84.69665540  2605.293171569705 2609.156724223210 -3.863552653505 
  0.90656108   1.58543526  97.20792577  2606.541206225753 2602.469293139457 4.071913086296 
  0.96446195   1.68888476  83.61809045  2606.687200322747 2606.164156749444 0.523043573303 
  0.99880366   1.74994094  82.77364967  2606.711162313819 2608.630015853837 -1.918853540019 
  0.96782856   1.87665668 106.44608269  2606.936776831746 2612.193268939865 -5.256492108118 
  0.93266941   1.88366469  95.06185927  2607.652246341109 2612.701731161841 -5.049484820731 
  1.09547739   1.68888476 103.00000000  2607.888327136636 2609.084722496264 -1.196395359628 
  0.96446195   1.71906202  82.60489858  2609.088010013103 2610.593682080346 -1.505672067243 
  0.96818195   1.58467460  92.99899908  2611.318660080433 2608.965199074337 2.353461006096 
  0.87576480   1.62585487 111.70022849  2612.545699596405 2609.346395955752 3.199303640653 
  0.98791092   1.86182548  87.03281434  2614.870858058333 2617.376761674810 -2.505903616477 
  0.92061303   1.80294779 114.44325118  2615.114871129394 2613.943103860235 1.171767269159 
  0.92595267   1.75155615 119.66158540  2618.433488637209 2616.829150790313 1.604337846896 
  0.97150783   1.55249134 100.90096538  2621.626706212759 2617.127362551808 4.499343660951 
  0.97344639   1.86080277 109.64742494  2622.504415169358 2624.469791272029 -1.965376102671 
  0.97981823   1.77336312  82.20530929  2622.634730547667 2625.115552568701 -2.480822021034 
  1.08631244   1.75749660 103.00000000  2623.254471585155 2625.579548379291 -2.325076794136 
  0.86406648   1.68888476 105.76379093  2626.092743605375 2625.902469329535 0.190274275841 
  0.95226615   1.56359687 117.98897078  2628.675795182586 2625.986549817956 2.689245364630 
  0.99886213   1.88731230  93.36534285  2639.808591753244 2646.699820681879 -6.891228928635 
  0.99724338   1.84592174 110.94262611  2642.892265751958 2643.556941848386 -0.664676096429 
  1.06121231   1.81919265  95.61954555  2643.519561067224 2646.575482356518 -3.055921289294 
  0.90884263   1.65508531 121.52268285  2645.328548222780 2644.077486746625 1.251061476155 
  0.96446195   1.89070352 103.00000000  2646.461009666324 2652.883638388796 -6.422628722473 
  0.96446195   1.64823108  85.79394038  2647.626576855779 2646.883925594072 0.742651261707 
  0.88898711   1.80940258  93.40221185  2650.725163504481 2654.398196076582 -3.673032572101 
  1.00731692   1.57282634  97.09408406  2653.968541860580 2649.710148852782 4.258393007798 
  1.05950984   1.81383850  93.05887458  2654.533380612731 2656.207987309955 -1.674606697224 
  0.99450103   1.89374871  96.19896314  2655.184551820159 2663.135634073890 -7.951082253731 
  0.96446195   1.89372673 101.98520024  2658.404337301850 2661.277738819819 -2.873401517968 
  0.96446195   1.84669910  84.80335482  2660.507364407182 2659.492741611642 1.014622795539 
  1.00310420   1.72208692  83.12536273  2661.906588315964 2658.729063062769 3.177525253195 
  0.99677098   1.82584980 113.83982426  2662.355071857572 2660.287572492827 2.067499364745 
  0.96446195   1.85547200 110.88065852  2665.835363537073 2662.057841790365 3.777521746708 
  0.92176253   1.79967563  84.78948579  2665.846319749951 2665.677413279368 0.168906470583 
  0.96446195   1.65593531 124.66669764  2666.058116689324 2659.345786788966 6.712329900358 
  0.96446195   1.63414596 124.41907260  2667.104128196836 2661.255218884837 5.848909311998 
  1.00633202   1.79749738 116.28670797  2668.349064871669 2668.583353920824 -0.234289049155 
  0.96446195   1.61222436 123.63466373  2668.757795929909 2666.401968039899 2.355827890010 
  0.96293917   1.89666971  92.85441390  2671.468023836613 2678.395753973380 -6.927730136767 
  0.88551986   1.72084810 115.36795453  2671.951838150620 2674.645492126468 -2.693653975847 
  1.00739530   1.75927233  82.91483638  2674.132177948952 2674.706552128348 -0.574374179396 
  0.88007866   1.63542090  95.33162778  2675.491936832666 2674.557990884914 0.933945947752 
  0.93896650   1.54893387 103.00000000  2677.306652247906 2678.328312954064 -1.021660706158 
  0.94849397   1.89386507  93.07238454  2678.396054401994 2688.733977861288 -10.337923459294 
  0.98369313   1.55340573 115.00940345  2688.444261863828 2683.899064893916 4.545196969912 
  1.05886613   1.68888476 116.88698588  2688.939982101321 2688.318887144345 0.621094956976 
  0.96446195   1.81200248 116.58330851  2695.824138477445 2687.909185985355 7.914952492090 
  1.07700600   1.75826917 108.70454912  2696.193613961339 2698.707099221869 -2.513485260530 
  1.09780835   1.70672681 103.00000000  2699.467333555222 2697.409793463850 2.057540091372 
  1.08797414   1.71967238 108.68066418  2700.495268896222 2701.094383629397 -0.599114733175 
  0.96446195   1.89276009  90.92126970  2704.787848398089 2705.754923465031 -0.967075066942 
  0.96446195   1.68888476 124.42211055  2705.739207357168 2697.003073929552 8.736133427616 
  1.02836303   1.76277030 117.65688808  2705.789522111416 2752.515793370748 -46.726271259332 
  0.86180905   1.68888476 103.00000000  2708.187334343791 2712.589149815957 -4.401815472166 
  0.98805854   1.54827099 112.62929486  2708.384282305837 2711.779381311036 -3.395099005199 
  0.86426918   1.71098924  98.53255668  2711.193983137608 2717.144236990615 -5.950253853008 
  1.00083759   1.78747398  82.68736071  2714.605620265007 2721.734222849210 -7.128602584203 
  0.91148055   1.56019996 103.00000000  2716.883354932070 2713.411843067176 3.471511864894 
  1.00426206   1.66737565 123.44098266  2717.324794411659 2715.942114927307 1.382679484353 
  1.09438999   1.65601223 103.00000000  2718.530600324273 2721.918770621521 -3.388170297248 
  1.00193456   1.67850702 123.47921367  2719.771220907569 2717.311076651905 2.460144255664 
  1.02251010   1.62158643 121.03880016  2721.806732878089 2723.866711269701 -2.059978391612 
  0.96446195   1.54522613 103.00000000  2722.456348940730 2721.920450848589 0.535898092141 
  1.04029045   1.61598773  92.61312772  2722.906459897757 2729.049483650158 -6.143023752402 
  1.05099664   1.64899527  90.36846369  2724.284206956625 2729.896079505797 -5.611872549172 
  1.02888726   1.86334967 103.00000000  2724.346318483353 2736.367009445457 -12.020690962105 
  1.07416699   1.77482328 107.77599762  2733.411488100886 2732.590126345438 0.821361755448 
  1.00042857   1.75759678 120.49552216  2733.779958829284 2775.129023464632 -41.349064635348 
  1.05732743   1.60888195  96.54600712  2734.444612070918 2733.549980061825 0.894632009093 
  1.00782803   1.63704354 122.99321873  2735.451753824949 2731.239701606979 4.212052217970 
  1.05127149   1.73631771 116.37537654  2737.260696247220 2734.277132529959 2.983563717261 
  0.89328390   1.63818691 119.15004545  2737.810993507504 2734.442058536397 3.368934971107 
  0.96446195   1.64862796 124.96762015  2737.882280558348 2735.361532659116 2.520747899232 
  1.00049357   1.59904986  91.25471138  2741.450248986483 2746.218439396686 -4.768190410204 
  1.00403125   1.56651777 116.96487190  2744.080910667777 2749.579640376945 -5.498729709167 
  0.88925459   1.82358806 103.00000000  2753.613548517227 2758.292696601313 -4.679148084086 
  0.96446195   1.90291766  93.95378052  2756.319324776530 2760.859720107149 -4.540395330619 
  0.90983867   1.74079054  84.75205775  2756.552385389805 2760.114513323309 -3.562127933505 
  0.98307283   1.89389482  90.93757805  2756.984560683370 2765.164441174879 -8.179880491510 
  1.07196268   1.66015841 114.90241732  2757.331934183836 2763.307337771854 -5.975403588018 
  0.87327310   1.78068999 101.76230305  2759.594904884696 2768.438514548331 -8.843609663635 
  0.94677031   1.54839389 114.70060730  2760.193386539817 2761.538174383537 -1.344787843720 
  0.93484687   1.61208469 123.38208002  2762.706875428557 2760.904570709803 1.802304718755 
  1.09838701   1.68888476 105.56732001  2763.215255051851 2766.197430782874 -2.982175731023 
  0.88295488   1.58967548 103.00000000  2763.321289777756 2760.155325313027 3.165964464729 
  1.02214900   1.85898347 106.42298929  2763.823882594705 2771.828219164681 -8.004336569976 
  1.03562659   1.60182289  93.90251100  2764.860502913594 2767.326266590372 -2.465763676778 
  1.09464366   1.71654922  96.53603777  2765.081653326750 2766.606053449711 -1.524400122961 
  0.96446195   1.81463109 116.74297449  2765.716293960810 2766.932837758697 -1.216543797887 
  0.95768004   1.89863349 101.73506786  2768.422379627824 2774.128344720142 -5.705965092318 
  0.86098773   1.67748552 103.00000000  2772.496571004391 2769.942529106090 2.554041898301 
  1.09370903   1.64778125 103.00000000  2774.920720934868 2773.699973878225 1.220747056643 
  0.90156023   1.56225429 106.72330482  2774.923606842756 2766.879874175512 8.043732667245 
  0.89590574   1.83858284 103.00000000  2780.005340248346 2781.098833179562 -1.093492931216 
  1.08034315   1.70654110 112.58384150  2781.187658593059 2785.667654491634 -4.479995898576 
  0.93298664   1.84870838 111.02253903  2784.977005064487 2786.791265072582 -1.814260008094 
  0.96446195   1.89698492 103.00000000  2787.545668333769 2790.626051704973 -3.080383371204 
  0.96446195   1.68888476  83.00000000  2787.703878760338 2784.974862880682 2.729015879656 
  0.87934883   1.80378534 100.77544085  2791.373654842377 2790.888757780949 0.484897061428 
  0.96446195   1.64434072 125.12933864  2791.549226701260 2781.699529785593 9.849696915666 
  1.05986951   1.83381499  97.71984274  2791.807486385107 2793.112295267292 -1.304808882185 
  1.07195734   1.80622075 103.00000000  2799.070490390062 2799.681066926902 -0.610576536840 
  0.99135407   1.83625940 113.76898060  2799.712959915400 2799.722506423927 -0.009546508527 
  0.87534421   1.60276322 103.00000000  2802.075073018670 2802.758351482181 -0.683278463511 
  0.92591654   1.57057244 118.79098740  2804.047404512763 2804.436309427007 -0.388904914244 
  0.90244962   1.82228027 109.76353388  2805.583571583033 2811.166400317126 -5.582828734093 
  1.04240056   1.70595575  85.80261579  2806.400135368109 2808.471678623146 -2.071543255037 
  0.96446195   1.68888476  82.91457286  2808.356337636709 2810.192293578831 -1.835955942121 
  0.95201845   1.71080736  82.30674969  2812.465570002794 2812.815545240720 -0.349975237926 
  0.98672344   1.79293558  81.82593248  2815.703671261668 2819.038272265316 -3.334601003648 
  1.01784447   1.88346318 100.45602409  2815.795230925083 2824.472675215353 -8.677444290270 
  0.86140590   1.67972952  99.93893104  2822.266882792115 2821.397511683410 0.869371108705 
  1.08287791   1.78730433  97.25110236  2822.429999142885 2822.503737479109 -0.073738336223 
  0.96446195   1.89606064  90.04393448  2822.718226134777 2829.061972686586 -6.343746551809 
  0.86109584   1.68888476 106.39046391  2827.926882594824 2826.038500482227 1.888382112596 
  0.93133524   1.74229424 121.66646139  2828.244098797441 2822.736690388770 5.507408408670 
  0.96446195   1.82994654  82.80594542  2830.427891463041 2829.845007233319 0.582884229722 
  0.96446195   1.86102987  84.90680517  2831.878380611539 2832.516040719764 -0.637660108225 
  0.95336425   1.88611114  88.40368586  2832.930956855416 2834.759946879656 -1.828990024239 
  0.93533122   1.73391187  82.36077580  2834.112559020519 2838.445337330605 -4.332778310086 
  0.89778183   1.76132857  86.29112400  2835.115910872817 2840.674656445878 -5.558745573061 
  1.05453552   1.75243314  86.51885497  2843.958738669753 2847.101844593642 -3.143105923889 
  1.02866528   1.84742232 108.32171574  2845.374313041568 2851.720025142227 -6.345712100659 
  1.03036949   1.63930403 121.49955649  2846.884004205465 2846.389552913850 0.494451291615 
  1.10210148   1.68888476 103.83071870  2847.321123704314 2847.800905383557 -0.479781679242 
  1.03696781   1.86089997 103.00000000  2852.278963804245 2857.288801263102 -5.009837458857 
  0.96446195   1.88508809 107.05578228  2853.055212050676 2857.051665540319 -3.996453489643 
  0.96446195   1.55581521 118.05341857  2856.169837564230 2851.461699003625 4.708138560605 
  0.89473482   1.84569350 100.41136530  2860.360356971622 2865.143278826041 -4.782921854419 
  0.92883770   1.89405937  97.16415144  2861.644320234656 2866.134305434715 -4.489985200059 
  1.03181650   1.86696690 103.00000000  2861.797029629350 2868.410059447300 -6.613029817951 
  1.08441409   1.68888476 112.70162296  2862.302995011210 2866.039229636510 -3.736234625300 
  0.99107068   1.54572603 103.00000000  2863.448068454862 2860.675077943544 2.772990511317 
  1.10189533   1.68888476 100.12129280  2864.076212257147 2864.415574506711 -0.339362249564 
  1.05236135   1.75814232  86.17100846  2864.434400230646 2867.572775717238 -3.138375486592 
  1.04526772   1.68888476  86.48615373  2866.103774085641 2866.901009035585 -0.797234949944 
  0.96446195   1.67656657 125.37334577  2867.259624227881 2862.013200042239 5.246424185642 
  1.09971838   1.68888476 106.84932749  2867.729423820972 2870.858630675425 -3.129206854453 
  0.96446195   1.68888476 125.12562814  2868.327452719212 2863.121337200156 5.206115519055 
  0.96446195   1.54846536 116.18165024  2870.434306070209 2867.171613947972 3.262692122237 
  1.10301508   1.68888476 103.00000000  2871.194092154503 2870.181981250255 1.012110904247 
  0.96446195   1.84566596 113.72842244  2872.249721378088 2871.762622580442 0.487098797646 
  1.09389912   1.68888476 109.73458470  2877.110391482711 2873.685381671266 3.425009811445 
  0.99064534   1.89959640  91.54271783  2878.305760845542 2889.598140380477 -11.292379534935 
  0.88372967   1.68888476  89.46816640  2883.080444350839 2884.742303367228 -1.661859016389 
  0.92999546   1.77354161 119.65552200  2884.579538568854 2881.585007191369 2.994531377486 
  1.00177332   1.61483162 123.32517874  2885.890138298273 2881.977244542350 3.912893755924 
  0.93211956   1.84589655  85.11135941  2886.365186065435 2886.612056805399 -0.246870739963 
  0.95012498   1.90705700  94.71472182  2886.717602938414 2891.658015130949 -4.940412192536 
  1.08880466   1.72010258  92.93271761  2887.326219037175 2887.142237019442 0.183982017733 
  0.96446195   1.63066048 125.32568030  2887.902909681201 2883.006774910144 4.896134771057 
  0.96446195   1.68492681 125.29683009  2888.807825997472 2881.927784614112 6.880041383360 
  0.92648707   1.83715251 112.68904145  2888.815236106515 2891.761295325170 -2.946059218655 
  1.06386579   1.82650901 103.00000000  2890.879530772567 2896.124765298593 -5.245234526026 
  0.96446195   1.82988144 115.77904668  2891.229625239968 2892.270458414530 -1.040833174562 
  1.06514443   1.59320239 101.39628737  2895.042663469911 2895.192107700453 -0.149444230542 
  1.05261464   1.66561630 119.27424802  2895.206098854542 2895.378036856515 -0.171938001974 
  0.91212493   1.64133030 123.02504620  2895.586411848664 2892.158791600062 3.427620248603 
  1.04253441   1.85677346 103.00000000  2895.595077037811 2902.491682853321 -6.896605815510 
  0.97205937   1.56053703  96.37389735  2896.569380939007 2897.314222142578 -0.744841203571 
  1.01808249   1.58689435  93.73913477  2897.425625771284 2899.475116870457 -2.049491099173 
  1.10142073   1.73009324 101.85872133  2898.896248251200 2899.350482592491 -0.454234341291 
  1.03450953   1.56365526 103.00000000  2899.782811716199 2904.721670498289 -4.938858782090 
  0.96446195   1.53689144 110.05898964  2899.898196727037 2903.133318305272 -3.235121578235 
  1.10387384   1.68888476 101.23301892  2901.336940541863 2908.498268210072 -7.161327668208 
  0.96446195   1.91181299  97.60510533  2904.622788935900 2916.091699869033 -11.468910933133 
  0.96446195   1.60200273  89.25112665  2905.930736288428 2906.547448139780 -0.616711851351 
  0.96446195   1.84128745 114.54467133  2915.248987287283 2913.366986029567 1.882001257716 
  0.95516933   1.60686342  88.74794523  2916.775052696466 2910.421212734243 6.353839962223 
  0.86823302   1.71583660 111.20894790  2917.850793227553 2919.396880464858 -1.546087237305 
  0.87144509   1.68505376 114.17028072  2918.297442913055 2919.937852738276 -1.640409825221 
  1.07581452   1.68888476 115.16657255  2920.115327432752 2921.149026346079 -1.033698913327 
  0.98365771   1.71148791  81.83315049  2920.305120900273 2922.075300234179 -1.770179333906 
  0.96446195   1.90326633 103.00000000  2923.989647641778 2930.066995977740 -6.077348335962 
  0.96446195   1.65700905 125.78839677  2927.775700956583 2920.583580400053 7.192120556530 
  0.94511761   1.89866075 103.00000000  2930.617952525616 2932.804607750649 -2.186655225034 
  0.97262954   1.68888476  82.51555301  2931.383673787117 2927.740504219665 3.643169567452 
  0.96446195   1.86730460 111.02650261  2931.456709951162 2934.734096935680 -3.277386984517 
  1.09417273   1.63504518 103.00000000  2932.649716794491 2937.898679389443 -5.248962594952 
  1.08277643   1.71308150 112.89477944  2934.492764517665 2939.372028690588 -4.879264172923 
  1.08683799   1.67638396  93.47170556  2936.117009207606 2937.881944623027 -1.764935415420 
  0.96446195   1.53673810 110.96638235  2938.913750797510 2936.264297822191 2.649452975319 
  1.08758838   1.62015116 103.00000000  2939.077994436026 2943.651479125946 -4.573484689920 
  1.02310789   1.68888476  84.27072776  2939.464576110244 2943.730765656826 -4.266189546582 
  0.96158315   1.66489952  83.70183953  2940.079160094261 2944.781558166027 -4.702398071766 
  1.02408774   1.68888476  84.32376893  2941.153157562017 2947.484892344831 -6.331734782813 
  0.97871692   1.84290486 114.39438612  2942.799343496561 2948.685282841909 -5.885939345348 
  0.97022449   1.58597280  91.27851883  2946.153407201171 2947.978518427527 -1.825111226356 
  0.90388776   1.68888476  85.82154377  2948.765063777566 2952.379003070917 -3.613939293351 
  1.07189898   1.68888476  89.61168237  2952.525638297200 2954.139682696609 -1.614044399409 
  1.07839996   1.60936956 109.99853364  2955.291542768478 2960.340579925270 -5.049037156791 
  1.10509041   1.68104555 103.00000000  2955.966506645083 2959.033715008362 -3.067208363278 
  0.96446195   1.68888476 125.50000000  2958.599789649248 2953.215957438144 5.383832211104 
  1.09916429   1.64748449 103.00000000  2962.508244216442 2964.126471620463 -1.618227404021 
  1.07937662   1.80258826 103.00000000  2969.083350762725 2969.802925662316 -0.719574899591 
  0.89055995   1.68817312 119.72005320  2969.699545010924 2968.267115955343 1.432429055581 
  0.89672567   1.83498700 107.19047698  2978.817677959800 2983.139526983388 -4.321849023589 
  1.05499535   1.78955637 112.80250527  2982.964811354876 2984.852285634862 -1.887474279986 
  1.06071444   1.60865341  95.38360670  2983.243484765291 2988.791683862350 -5.548199097059 
  0.96046147   1.71362021  81.47343051  2985.251795366406 2989.607476512625 -4.355681146219 
  0.89133669   1.84064458 103.00000000  2987.002592131495 2994.959922165806 -7.957330034311 
  0.93880343   1.89803335  90.83762268  2987.347570002079 2993.399635028385 -6.052065026306 
  0.87379805   1.67762846 115.72815049  2990.607781931758 2992.338868883665 -1.731086951907 
  0.96446195   1.56565330 120.86183876  2990.813114717603 2989.463267005441 1.349847712162 
  1.10077293   1.74667313 102.15404195  2993.054855942726 2993.167720069637 -0.112864126911 
  0.95012640   1.54857746  99.24558227  2993.467859268188 2992.035598330460 1.432260937728 
  0.96446195   1.84016058  82.47211250  2993.531009361148 2999.337168290963 -5.806158929815 
  0.97334869   1.68888476 125.57516431  2994.266804322600 2992.713452658345 1.553351664255 
  1.07814222   1.60175638 103.00000000  2995.251774281263 3004.040860924226 -8.789086642963 
  0.96446195   1.53894472 103.00000000  2997.786459490657 2998.811520373352 -1.025060882695 
  0.85934084   1.72236414  99.78071196  2999.355425506830 3008.055134676968 -8.699709170137 
  0.96446195   1.53888476 103.00000000  3002.156720325351 3001.535893293756 0.620827031595 
  0.95017931   1.53879238 113.48188860  3002.257592424750 3004.480196516673 -2.222604091923 
  0.97013558   1.68888476 125.66306678  3012.332896679640 3002.879249897440 9.453646782199 
  0.99339396   1.70367565 124.56654274  3014.331051275134 3004.628812913932 9.702238361202 
  1.10735148   1.70034079 103.00000000  3017.493788659573 3022.342295404415 -4.848506744843 
  0.90653562   1.68888476  85.23399102  3018.372229665518 3024.458925202593 -6.086695537075 
  0.96446195   1.68888476  82.21105528  3018.710667595267 3022.542762108198 -3.832094512931 
  1.10706289   1.70298919 100.43384062  3020.393720075488 3024.775345050454 -4.381624974966 
  0.86833686   1.77804508 103.00000000  3022.243665874004 3029.712584053587 -7.468918179582 
  1.00127265   1.89871780 103.00000000  3022.853938028216 3034.770366092668 -11.916428064452 
  0.88127084   1.68888476  89.29797040  3025.932721674442 3030.214633896035 -4.281912221592 
  0.99923865   1.89980568 103.00000000  3029.510723352432 3035.075647760552 -5.564924408120 
  0.91434777   1.57723896  95.05347530  3032.067677602172 3025.071623819597 6.996053782575 
  0.96446195   1.77005331 121.85072882  3034.352728709579 3024.547011920834 9.805716788744 
  0.98557439   1.67015287 125.70680406  3034.761549025774 3024.038570997690 10.722978028084 
  1.10552863   1.68888476 105.95848279  3034.890947744250 3032.201531979153 2.689415765097 
  1.04562055   1.86004964 103.00000000  3038.182075068355 3039.582576436612 -1.400501368257 
  1.05641791   1.84601870 103.00000000  3039.356412068009 3043.057768257721 -3.701356189712 
  0.99634301   1.90892544  99.68193169  3039.812179937959 3046.002466983043 -6.190287045084 
  0.96446195   1.68888476 125.82914573  3041.881931111217 3033.387576150597 8.494354960620 
  0.93022659   1.60265526 123.90201089  3042.812984898686 3037.296039521011 5.516945377676 
  1.07151823   1.68888476 116.81302300  3043.716834440827 3043.965287292860 -0.248452852033 
  0.96446195   1.84332838 115.06442815  3044.151649117470 3042.965800683593 1.185848433877 
  1.06300211   1.74720605 115.60002255  3047.738199174404 3045.027736619742 2.710462554663 
  0.96446195   1.69059352  82.06978035  3048.607129916549 3043.674970277285 4.932159639264 
  0.97491916   1.68888476 125.73712345  3050.179667398334 3039.091139583075 11.088527815258 
  0.96446195   1.88330147  85.71283933  3051.030674353242 3051.106783423408 -0.076109070166 
  0.96446195   1.77226157 121.78786325  3052.542508497834 3045.809301606299 6.733206891535 
  0.95842506   1.90798163 103.10704186  3054.312241688371 3058.472171852020 -4.159930163649 
  1.04077786   1.87403708  95.01651214  3054.363396927714 3063.651670564710 -9.288273636996 
  0.89621707   1.72706795  85.46191897  3056.126966863871 3060.227375461353 -4.100408597483 
  0.86390356   1.66198053 112.04094880  3056.162719815969 3058.517492740644 -2.354772924674 
  1.03667496   1.84048985 109.91673532  3059.166140556335 3065.948277623083 -6.782137066748 
  1.10611178   1.71951482 104.31354764  3059.450109213591 3062.154254597860 -2.704145384269 
  0.91735855   1.65258031 124.43563264  3060.202258646488 3057.536570559302 2.665688087186 
  1.03857547   1.58739542  95.12189412  3061.079216212034 3065.561681812104 -4.482465600070 
  0.91398437   1.54964800 103.00000000  3061.948436766863 3060.687396713427 1.261040053436 
  1.08735288   1.62873468  98.06631387  3067.573738574982 3067.097992614755 0.475745960227 
  0.97238970   1.84524525  82.36127640  3070.342953875661 3072.153924483664 -1.810970608003 
  0.96446195   1.91930210  97.37656106  3074.915819704533 3076.851612671117 -1.935792966585 
  0.95129781   1.91687694  97.20298561  3075.894655421376 3078.062547538410 -2.167892117034 
  0.94803122   1.91047667 101.37434409  3076.016392573714 3080.211552076766 -4.195159503052 
  0.90109352   1.86271801 103.00000000  3076.905013918877 3082.891568171929 -5.986554253052 
  0.96446195   1.74517606  80.48690029  3077.319418713450 3081.949945340027 -4.630526626576 
  1.03122745   1.72322800 121.36385866  3077.858541250229 3077.605285801454 0.253255448775 
  0.99912757   1.65472462  84.44802107  3080.161013051867 3079.859556207648 0.301456844219 
  0.91360438   1.68888476  84.29745443  3081.385145977139 3082.577597429358 -1.192451452218 
  0.88879255   1.63113975 119.95771959  3082.425306349993 3080.136787134497 2.288519215496 
  0.95875969   1.55645581  96.21179607  3084.671655640006 3086.086461690779 -1.414806050773 
  0.93541979   1.86765289 110.51743065  3087.830774560571 3090.233248293501 -2.402473732931 
  1.03726535   1.68483918 122.02280332  3087.970999881625 3086.953187591423 1.017812290202 
  0.99548740   1.90344786 103.32454117  3088.362028107047 3096.601767506989 -8.239739399942 
  0.96446195   1.71949542  80.93395770  3091.475846141577 3092.753114386441 -1.277268244864 
  1.10588396   1.66012286 102.75534720  3091.945977345109 3092.697541943802 -0.751564598693 
  0.96446195   1.68190204  82.30417121  3095.189053088427 3091.572468717460 3.616584370966 
  1.08040611   1.72925138  89.31155014  3096.688028141856 3095.495854833789 1.192173308067 
  1.09607060   1.68888476 111.34736839  3099.620973005891 3102.234663418039 -2.613690412149 
  0.96446195   1.89017303 108.33223017  3102.178640738130 3105.979959722639 -3.801318984509 
  1.09724789   1.70707638 110.43418864  3104.578136205673 3106.271728081499 -1.693591875825 
  0.86869866   1.78764146  98.39221396  3104.614238634706 3109.585463497081 -4.971224862376 
  0.96446195   1.87550132  84.44021172  3110.098716408014 3110.208227977320 -0.109511569306 
  0.92303061   1.89182892 103.00000000  3110.293598338962 3116.008370783464 -5.714772444502 
  0.97286451   1.53483994 104.47359888  3117.336894541979 3109.999828180003 7.337066361976 
  0.95017619   1.68888476 126.00249925  3117.923126637936 3108.947361546193 8.975765091743 
  0.96446195   1.90526423  88.55669889  3119.760278522968 3121.180439497911 -1.420160974943 
  0.87026260   1.66495017 115.51162851  3120.542172372341 3123.892478230535 -3.350305858194 
  0.86598882   1.60812688 106.37953515  3120.782181546092 3122.279936436635 -1.497754890543 
  0.95382653   1.54974511 118.62934179  3121.993300408125 3124.598716862159 -2.605416454034 
  0.92631226   1.82531662 115.68562980  3135.997031271458 3138.918952452470 -2.921921181013 
  1.11055276   1.68888476 103.00000000  3136.356894984841 3139.124858164359 -2.767963179517 
  0.97642557   1.72361466  80.68041035  3144.673545122147 3140.091405914157 4.582139207990 
  1.05608983   1.85691250  94.20007652  3144.695290803909 3157.280758499282 -12.585467695373 
  1.06672161   1.67078983  88.75145088  3144.832780703902 3151.524915661856 -6.692134957954 
  1.00707471   1.90973877  94.32689868  3153.375937849283 3163.711085090935 -10.335147241652 
  1.04835337   1.56617826 103.00000000  3154.382998093963 3154.894657987928 -0.511659893966 
  0.95975026   1.70543920 125.78980714  3157.086083933711 3148.120551251753 8.965532681958 
  0.96446195   1.74355162 124.44902117  3158.270719438791 3241.346633441326 -83.075914002534 
  0.98337607   1.75894357 122.93745507  3159.254568263888 3166.686238692991 -7.431670429102 
  0.85859636   1.73950169 103.00000000  3160.039666071534 3161.690628510140 -1.650962438605 
  1.05411246   1.69127412 120.17905031  3160.115334168077 3160.515206413034 -0.399872244958 
  0.96446195   1.90854602  88.73968755  3162.895596846938 3166.784069592145 -3.888472745207 
  0.96446195   1.61633018  86.74757175  3163.229976341128 3159.644224004105 3.585752337023 
  1.00442671   1.78885727  80.96649171  3163.467442244291 3168.143243188959 -4.675800944668 
  1.08389670   1.80402478 103.75187565  3164.511599093676 3169.315347339508 -4.803748245833 
  1.08201512   1.60259385 109.45750537  3165.000743225217 3168.538145347523 -3.537402122307 
  1.02034483   1.58485447  92.91229575  3166.367254301906 3171.442805847764 -5.075551545859 
  0.85455870   1.68888476 102.35065939  3168.177810713649 3173.222054302316 -5.044243588668 
  1.08201793   1.69466226 115.43451277  3168.994318589568 3175.309683518580 -6.315364929012 
  1.11095595   1.68888476 100.58724189  3169.987915545702 3174.379072797451 -4.391157251749 
  0.99308416   1.68888476  82.04180776  3171.009562239051 3173.836721000970 -2.827158761919 
  0.85446195   1.68888476 103.00000000  3171.427259266376 3175.782247845289 -4.354988578913 
  0.96446195   1.57445458  92.12369748  3174.346433699131 3174.521454069021 -0.175020369890 
  0.96446195   1.79741259  80.22969215  3177.824666321278 3181.721573809247 -3.896907487969 
  0.98913845   1.71007940  81.11651620  3177.870974704623 3181.651325160100 -3.780350455476 
  0.97836319   1.68888476  81.73234928  3177.899913311005 3181.578004959738 -3.678091648734 
  1.10623984   1.74425893 103.00000000  3182.234253078699 3184.084660758672 -1.850407679973 
  1.00095782   1.61234273 124.66189469  3183.678811147809 3180.339431639419 3.339379508390 
  0.96446195   1.92505993  96.67766056  3186.904627159238 3197.865249508843 -10.960622349605 
  0.85428147   1.69313713 103.00000000  3190.329810976982 3191.712981566803 -1.383170589821 
  0.92740143   1.88875212 106.09683159  3190.551751747727 3197.857711379842 -7.305959632115 
  0.96446195   1.72990193  80.34972946  3190.601215034723 3197.148984865999 -6.547769831276 
  1.10433493   1.68888476 109.30462852  3192.526523694396 3198.821792349848 -6.295268655452 
  0.87910898   1.68613527 118.39153601  3193.160870119929 3198.536202005604 -5.375331885675 
  1.09919968   1.65812190  96.44679351  3193.565445721149 3199.286877539577 -5.721431818428 
  0.96446195   1.61829040  86.43101773  3195.902519494295 3195.637789280667 0.264730213628 
  1.01019936   1.54578355 101.97690423  3196.928327694535 3200.678387206794 -3.750059512259 
  0.96412112   1.54136775  99.91471877  3197.744917780161 3200.269209038460 -2.524291258299 
  0.90274906   1.72460463 121.43335801  3200.804467543960 3203.867181814653 -3.062714270694 
  0.97045118   1.54617456  98.34452413  3207.501868516207 3204.235453222508 3.266415293699 
  1.00678301   1.78182483 120.36456582  3209.998929575086 3203.870537994699 6.128391580387 
  0.96446195   1.91582915 103.00000000  3212.574908241630 3213.596387247298 -1.021479005669 
  0.86379107   1.72467885 110.87896809  3212.796141043305 3213.064376207599 -0.268235164293 
  0.88827056   1.83942852 105.00469860  3215.318499892950 3218.331673076817 -3.013173183866 
  0.96446195   1.68888476 126.53266332  3217.017511591315 3207.722316291393 9.295195299922 
  1.08684953   1.80218919 103.41291617  3217.395739406347 3219.135051057936 -1.739311651589 
  0.93775425   1.68888476  82.24110180  3217.892375230789 3217.165106704688 0.727268526101 
  0.87193548   1.70067140 115.89718127  3218.477196291089 3225.075097940189 -6.597901649100 
  1.00134864   1.64567908  84.68884808  3218.757100030780 3223.915913834543 -5.158813803763 
  0.89613560   1.55807858 103.25175488  3223.122378826141 3223.410386961935 -0.288008135794 
  0.85369340   1.69281720 103.20674435  3224.389255747199 3230.752988526402 -6.363732779203 
  0.90961170   1.73093073  82.98943894  3225.981318622828 3235.521837230319 -9.540518607492 
  0.96446195   1.53386676 114.12744839  3226.340680599213 3230.048116882926 -3.707436283713 
  0.95014138   1.87754367  84.27604180  3228.258914873004 3235.450310127477 -7.191395254473 
  0.89004718   1.58187438  97.42656945  3236.898707702756 3233.361153743051 3.537553959705 
  0.91497233   1.86941355 108.15417741  3239.405001163483 3245.323850165310 -5.918849001828 
  0.96446195   1.68888476  81.50753769  3241.499850153923 3243.283175461484 -1.783325307561 
  1.01217177   1.90202547 103.00000000  3243.658155202866 3255.276775029702 -11.618619826836 
  0.96446195   1.75948066  79.78242676  3245.838138639927 3250.621190986242 -4.783052346315 
  0.90632165   1.54863023 112.62574818  3248.092402324080 3245.203640977876 2.888761346204 
  0.92027462   1.89441733  90.81306439  3251.677646309137 3254.531309828953 -2.853663519815 
  0.99692893   1.53926294 114.00180099  3252.573709532619 3250.155212359547 2.418497173071 
  1.03356114   1.68888476 123.08881782  3253.183437928557 3251.619280620687 1.564157307870 
  1.01941225   1.58398223 121.25760977  3254.318181186914 3254.910335379720 -0.592154192805 
  1.10368456   1.72467745  94.32207671  3254.647003337741 3255.606252891203 -0.959249553462 
  1.05749363   1.61609744 118.92051925  3255.979156389832 3259.108211533582 -3.129055143750 
  1.08442268   1.68888476  90.07667593  3257.336726486683 3258.294434135919 -0.957707649236 
  1.09635982   1.68888476  92.67495054  3259.374953582883 3264.400050666260 -5.025097083377 
  1.10127742   1.76194886  95.39389758  3260.918121933937 3265.256786281238 -4.338664347301 
  0.89456167   1.68888476  85.84665104  3264.134859472513 3268.028054365390 -3.893194892877 
  0.93554521   1.86759668  84.21085999  3267.221009090543 3268.160137498890 -0.939128408348 
  1.11306472   1.69963401 104.87839236  3267.498652905226 3269.806855239300 -2.308202334074 
  1.02740796   1.73119307  82.02877855  3270.056699857116 3270.994026100474 -0.937326243358 
  1.09679297   1.68888476 112.67002600  3272.697788551450 3275.295928646258 -2.598140094808 
  0.99773382   1.88932112 108.54502535  3273.555959746242 3278.597978961072 -5.042019214830 
  0.86021947   1.76035853 103.00000000  3274.399896994233 3278.933897190760 -4.534000196527 
  1.04541467   1.84505911 109.28675926  3276.605559274554 3282.124924286753 -5.519365012199 
  1.11446195   1.68888476 103.00000000  3277.396759137511 3281.522969465939 -4.126210328428 
  1.11038088   1.68888476  97.62412643  3278.140531674027 3280.989466942689 -2.848935268661 
  0.88938920   1.70429185  86.07547100  3278.587109327316 3284.641271092133 -6.054161764816 
  0.96446195   1.78176457 122.12192271  3279.515126407146 3278.515833549478 0.999292857668 
  1.10338395   1.75171081  95.15448142  3281.515022724867 3283.312283218773 -1.797260493906 
  1.04944394   1.56331514 103.00000000  3281.953803524375 3284.065859354585 -2.112055830210 
  0.85931404   1.66487516  96.55283444  3282.928537741303 3287.269249025461 -4.340711284158 
  1.00370296   1.53692745 105.04350477  3283.148047536612 3286.928269711697 -3.780222175086 
  0.85904522   1.73845654 106.97161027  3284.002181425691 3295.376448674211 -11.374267248520 
  1.03092308   1.68888476  83.51303603  3288.096474677324 3293.493005222400 -5.396530545076 
  0.96446195   1.78082906  79.61505452  3288.450931698084 3297.514390791421 -9.063459093337 
  0.96446195   1.57887797  90.91720304  3288.572970956564 3292.259455898175 -3.686484941612 
  0.86873441   1.78879450 105.64826069  3288.868315324187 3299.765886278745 -10.897570954558 
  0.92710484   1.55143903 118.54160245  3291.599827498198 3291.728088466975 -0.128260968777 
  0.96446195   1.53266332 103.00000000  3292.173274815083 3292.748041900280 -0.574767085197 
  0.96446195   1.57938412  90.81817221  3293.013075470924 3297.504541393273 -4.491465922349 
  1.06703050   1.57763650 103.00000000  3296.128395780921 3302.524043908076 -6.395648127155 
  1.05252918   1.67397655  86.13568580  3296.453146368265 3302.650846184548 -6.197699816283 
  0.96446195   1.90175558 107.76807920  3298.528655439615 3306.079975242532 -7.551319802917 
  1.06971681   1.72848734  86.30701625  3300.855536729097 3305.222133049948 -4.366596320851 
  0.92233957   1.89617203  89.92571181  3308.762628927827 3306.813183279780 1.949445648047 
  0.96446195   1.59989175  88.02855704  3310.515828490257 3305.198012776329 5.317815713928 
  1.09702068   1.79171406  99.26437778  3311.272505879402 3311.891249212145 -0.618743332743 
  1.07275905   1.68888476 118.17206744  3312.351148411632 3312.164355475645 0.186792935986 
  0.96572131   1.85797980  81.86244197  3315.272103771567 3316.140718132274 -0.868614360707 
  0.96446195   1.88474423 111.03672672  3316.170960620046 3321.413581244363 -5.242620624317 
  0.85594739   1.73780630 103.36542879  3318.815009534359 3324.361842793479 -5.546833259120 
  0.96446195   1.64362173  83.87836578  3319.623548805714 3319.931543819930 -0.307995014216 
  1.06310738   1.57823411 112.50437842  3320.505404412746 3327.562950613994 -7.057546201248 
  1.03268964   1.69361612  83.32078321  3321.881058245897 3325.310719120454 -3.429660874557 
  0.90841039   1.59685646 122.76391166  3327.318836182356 3321.028892396324 6.289943786032 
  0.96446195   1.92860130  92.72863553  3327.769881948829 3332.532836385654 -4.762954436825 
  0.86965395   1.68888476 116.25474168  3331.364635974169 3329.837993943112 1.526642031057 
  0.92172728   1.81073966 117.79171479  3333.293368309736 3329.008570086013 4.284798223723 
  1.08115550   1.82256000 102.84119637  3335.081149488688 3334.296759129578 0.784390359110 
  0.96446195   1.79127350 121.60909499  3335.853276088834 3328.050721186231 7.802554902603 
  0.96535550   1.67792788 127.23201230  3338.128096327186 3326.614057034035 11.514039293151 
  0.96446195   1.79536341  79.57980884  3339.438704967499 3343.591840608310 -4.153135640811 
  1.05792426   1.86715074  99.28689146  3339.481707617640 3347.863847848615 -8.382140230975 
  0.96446195   1.61414711 126.74384370  3341.039889916778 3334.897072858417 6.142817058360 
  1.11573811   1.70980930 103.00000000  3344.728707790375 3342.884288862329 1.844418928045 
  1.00720252   1.69820986 125.36886327  3347.988838747144 3338.813348417877 9.175490329267 
  0.92532420   1.88938632 107.12172455  3350.128591060638 3350.160465515274 -0.031874454635 
  0.96446195   1.63810273 127.41119356  3350.549650549889 3343.570114958479 6.979535591410 
  0.87739189   1.68888476 118.72840925  3352.475046008825 3353.362653447223 -0.887607438398 
  0.96446195   1.68904528 127.07581840  3353.684030130506 3346.063119409569 7.620910720937 
  1.01494970   1.70444788 124.69074770  3355.899502888322 3348.032064260345 7.867438627977 
  0.91980853   1.53977361 103.00000000  3356.871658250690 3358.064545747102 -1.192887496413 
  0.96446195   1.84546671  80.94312226  3363.302460327744 3367.174995528369 -3.872535200624 
  1.07896460   1.82824679 103.00000000  3365.663305193186 3370.461940401817 -4.798635208631 
  0.96446195   1.74497714  79.53035644  3365.694168403745 3368.228190383048 -2.534021979303 
  0.96204569   1.61683122 126.96685948  3367.192692711949 3360.813863420856 6.378829291094 
  1.00205758   1.70248221  81.12162225  3369.292862206697 3376.489065886483 -7.196203679785 
  1.07110142   1.63695590 118.43718120  3372.677338898182 3382.149846551939 -9.472507653757 
  1.03083662   1.77386609  81.62630711  3374.910461366177 3382.364918341739 -7.454456975562 
  0.96647664   1.53100496 103.00000000  3378.389865681529 3376.197802894018 2.192062787511 
  0.96446195   1.77081793 123.32811751  3378.601233780384 3376.965622191051 1.635611589333 
  1.11079423   1.71036028  95.75217494  3380.004190698266 3382.898738556427 -2.894547858161 
  0.97135025   1.57508404  91.17372644  3384.773414954543 3384.870527182673 -0.097112228130 
  0.96446195   1.81896323  79.86234232  3387.747097194195 3391.382025773719 -3.634928579525 
  1.00614146   1.73400790  80.37139053  3388.294422775507 3388.447738889360 -0.153316113853 
  0.86620430   1.79541942  96.89442749  3391.949998825788 3397.676862793084 -5.726863967296 
  0.96446195   1.68888476 127.23618090  3395.911182612181 3386.044228732584 9.866953879597 
  0.95311224   1.85531480 115.41127328  3397.742804557085 3394.577232645734 3.165571911351 
  1.10848280   1.75940265 103.00000000  3398.296324536204 3399.736472410119 -1.440147873915 
  0.86316605   1.64138033 114.14997574  3399.142681971192 3400.234618750324 -1.091936779132 
  1.10318967   1.62440555 103.00000000  3399.294128328562 3406.939336879349 -7.645208550787 
  0.96446195   1.53252887 101.81958684  3400.899380192161 3407.413783174767 -6.514402982606 
  1.01982148   1.68888476  82.38509535  3402.117334187031 3410.429413148182 -8.312078961151 
  1.01536137   1.68888476  82.14339056  3405.957748010755 3410.614089361630 -4.656341350876 
  1.04325858   1.55562823 103.00000000  3406.295052573085 3411.658981063053 -5.363928489969 
  0.98786687   1.74052307 125.18020270  3412.306990817189 3485.794282168481 -73.487291351291 
  0.90104912   1.87850592 103.00000000  3414.789030015469 3419.452162427440 -4.663132411972 
  1.11809045   1.68888476 103.00000000  3415.070563405752 3415.400565400710 -0.330001994957 
  1.02823422   1.80290475 117.78120708  3416.675866410136 3415.219153865029 1.456712545108 
  1.09725080   1.78206979 105.85658382  3417.118086174130 3420.434687586740 -3.316601412610 
  0.99896217   1.59578419 124.87386826  3417.487156450748 3413.825641493296 3.661514957452 
  0.99009365   1.73614221  79.70854391  3419.236326739192 3419.014838332878 0.221488406314 
  1.11608482   1.72649779 103.00000000  3419.466982662678 3421.438839074565 -1.971856411888 
  1.00296952   1.70809469  80.81594469  3420.069405823946 3420.450045993185 -0.380640169239 
  1.07011091   1.62883250 118.49574431  3420.202210873365 3425.745663084461 -5.543452211095 
  0.92199075   1.66324247  83.75208264  3420.808471471071 3421.769884689593 -0.961413218522 
  0.96446195   1.89682204 109.75960419  3421.212153866887 3426.957286983478 -5.745133116591 
  1.04590466   1.71026094  83.42930092  3421.428353518248 3425.487971909433 -4.059618391185 
  1.10299654   1.75899935 107.13691379  3421.738664180040 3428.120889490520 -6.382225310480 
  0.92639138   1.65424763  84.01340000  3425.417386308312 3423.306043761001 2.111342547312 
  0.91403477   1.68888476  83.07752595  3427.612473428249 3427.592999569594 0.019473858656 
  1.09418443   1.80406713  96.06364935  3428.634738758206 3430.245869047475 -1.611130289269 
  1.03356372   1.90153617  95.18692071  3432.575435474515 3438.739862709648 -6.164427235133 
  0.85382286   1.68888476  97.51211800  3433.231572031975 3433.239251557280 -0.007679525305 
  1.08686100   1.81683073 103.16187917  3435.107912108302 3436.069750963799 -0.961838855497 
  0.86643287   1.78237058  93.34949495  3435.240227177739 3442.385764771380 -7.145537593641 
  0.86315775   1.66249484 114.92466550  3435.300285711884 3437.596095203450 -2.295809491566 
  1.11752948   1.68888476  99.71053302  3437.407181084156 3440.810646237852 -3.403465153696 
  0.97837102   1.83506370 118.02520959  3440.611112296581 3441.119006482704 -0.507894186122 
  0.96098855   1.83388861 118.24710623  3449.140884071589 3440.795378450367 8.345505621221 
  0.96446195   1.81901346 119.74512210  3449.200015380979 3442.835034038269 6.364981342710 
  1.10674335   1.68888476  94.17421697  3449.301713779569 3445.410473565283 3.891240214286 
  1.08854042   1.82017696  96.66078901  3449.321447372437 3451.168167441590 -1.846720069153 
  0.96446195   1.82878018  79.90477287  3451.947418764234 3451.800500517416 0.146918246817 
  0.94019319   1.92515345  92.02514679  3452.160556212068 3454.409656478087 -2.249100266019 
  0.96446195   1.93681021  96.50271794  3452.310469448566 3457.667089514494 -5.356620065927 
  0.86992808   1.81103122 103.00000000  3453.832232654095 3457.600851366174 -3.768618712079 
  0.96764729   1.81080403 120.53020165  3455.507319569588 3450.929075098576 4.578244471012 
  0.96446195   1.75458264 124.76749725  3456.908288195729 3474.374352128142 -17.466063932412 
  1.10642725   1.68888476  93.96683367  3457.947166845202 3457.042384655388 0.904782189815 
  0.96446195   1.83293029  80.00919185  3458.043925404549 3460.403854609448 -2.359929204899 
  1.02326611   1.77003752  80.72689652  3458.128643646836 3461.856470740126 -3.727827093289 
  0.98013757   1.74549992  79.24313203  3460.403455540538 3462.287818405251 -1.884362864713 
  1.09098529   1.60867568  99.56531749  3461.097029805183 3461.981908859716 -0.884879054533 
  0.96446195   1.91698100 105.97098020  3468.544396638870 3475.525645761352 -6.981249122482 
  0.86290229   1.74383293 110.93011570  3472.755804970860 3477.237568237554 -4.481763266693 
  0.96446195   1.68888476  80.80402010  3473.943747282028 3472.481502882008 1.462244400020 
  0.86551721   1.79744992 103.00000000  3476.566737011075 3480.758154936969 -4.191417925894 
  1.07459714   1.84216124 103.00000000  3477.044121652842 3484.911232451646 -7.867110798804 
  1.11887191   1.68888476 104.93100989  3479.112711846828 3480.211688222844 -1.098976376015 
  1.08430838   1.59177637 109.72836979  3479.467535585165 3481.925751591952 -2.458216006787 
  0.85174803   1.72305444 103.00000000  3481.878815814853 3484.285142211343 -2.406326396490 
  1.05607222   1.70195724 121.22204494  3483.254070401192 3482.668791928046 0.585278473146 
  0.96446195   1.66822281  81.78918733  3486.485309541225 3485.445379240409 1.039930300817 
  0.99163793   1.92382115 103.00000000  3490.382137894630 3498.763773940244 -8.381636045614 
  0.98473024   1.77562583  78.98057210  3494.746794119477 3499.762220954050 -5.015426834573 
  0.96446195   1.55310318 121.76841684  3495.559985727072 3493.058469021852 2.501516705220 
  0.87573530   1.80346908  90.12244461  3498.645557865500 3505.286420991549 -6.640863126048 
  0.96446195   1.76842914  78.88455280  3499.356697767973 3503.643417737630 -4.286719969657 
  1.02198234   1.66055495  83.74219748  3499.360142782331 3500.447748904824 -1.087606122494 
  1.09018555   1.81349089 103.49513896  3500.685719236732 3506.809286338103 -6.123567101372 
  0.96446195   1.75970423  78.92331207  3502.767442986369 3505.766295309536 -2.998852323167 
  0.96844723   1.91856789 105.98719046  3505.857105776668 3511.389453570981 -5.532347794314 
  0.91101461   1.90402172  94.31013260  3508.874677494168 3514.632362964301 -5.757685470133 
  1.06670487   1.57068197 103.00000000  3510.287463396788 3513.700861795304 -3.413398398517 
  0.94249909   1.59019555 125.88357759  3510.828973978758 3507.653153461908 3.175820516850 
  0.96446195   1.68387036  80.90297008  3514.922395974398 3514.663368423790 0.259027550607 
  0.96446195   1.76506566 124.26591041  3514.953276917338 3510.634678571762 4.318598345576 
  0.91236831   1.62423183  87.07769521  3515.267407998443 3513.322277772015 1.945130226428 
  0.96446195   1.73636046  79.18717204  3518.790926679969 3519.922941410005 -1.132014730036 
  1.11328100   1.75389913 103.00000000  3521.661549434066 3519.464168948325 2.197380485741 
  0.96446195   1.80018490 121.73269302  3525.137507840991 3517.306851162114 7.830656678877 
  1.02471188   1.74623859 122.78204318  3525.836782693863 3518.680082661979 7.156700031884 
  0.96446195   1.92128539 105.43523801  3527.236891403794 3526.784508230780 0.452383173014 
  1.11298098   1.70186857 109.18904172  3527.494401082397 3527.724279630842 -0.229878548445 
  0.89027806   1.71715079  84.62627234  3530.578143134713 3534.406334078731 -3.828190944018 
  1.09741815   1.68888476 114.51303895  3532.497791081667 3534.929313151824 -2.431522070157 
  0.96478624   1.93886357  93.00533362  3540.646513268352 3542.505942126522 -1.859428858171 
  0.96446195   1.84520140  80.13156785  3541.392212808132 3542.306326419230 -0.914113611097 
  1.04100456   1.87772021 106.40014186  3545.533053576946 3546.979204616327 -1.446151039380 
  0.85745733   1.71612596 111.10904517  3546.391010195017 3549.069168645881 -2.678158450864 
  1.09751369   1.80581263 101.41860381  3549.313070803881 3550.688725410168 -1.375654606287 
  0.96446195   1.87136648 114.49063327  3549.450440138578 3548.401138778083 1.049301360495 
  1.02376223   1.68888476 125.24376942  3549.685961931944 3543.675368569551 6.010593362393 
  1.11756131   1.74048992 102.34115315  3550.374476745725 3550.296261683648 0.078215062077 
  0.96230201   1.87770370 113.62638353  3551.183842554688 3551.526979043330 -0.343136488642 
  1.05468918   1.68888476  84.56391326  3555.805162444711 3556.249724757896 -0.444562313186 
  0.96446195   1.53842133 118.92282627  3558.755544081330 3554.199504199195 4.556039882135 
  0.91120434   1.87623778 108.75590400  3563.927278727293 3562.368278423902 1.559000303391 
  1.08578129   1.82385781 104.02294087  3564.800337150693 3565.113518574574 -0.313181423881 
  1.11196392   1.73861403 107.41108116  3565.462554156780 3567.816923563152 -2.354369406372 
  0.85734516   1.66852189 113.12810578  3565.543284669518 3567.556395061507 -2.013110391989 
  0.96446195   1.68888476  80.50000000  3566.662038549781 3574.162315898411 -7.500277348630 
  0.96446195   1.68888476 127.93969849  3570.193792968988 3568.269943440360 1.923849528628 
  0.94537973   1.52806813 103.00000000  3576.299651667476 3574.628277587250 1.671374080226 
  0.96446195   1.58188034  89.35216769  3578.271653369069 3585.015019320207 -6.743365951138 
  0.92940849   1.81972007  80.49909392  3590.751542344689 3593.396745095244 -2.645202750554 
  1.06262246   1.66677215 121.44559739  3591.713671609759 3591.155648778612 0.558022831147 
  0.96446195   1.90295033  84.06827836  3591.945111364126 3594.045942530354 -2.100831166228 
  0.96446195   1.68888476 128.00000000  3594.078788384795 3584.068184803887 10.010603580909 
  1.12118055   1.68888476 105.74280499  3594.718179002404 3595.027393233209 -0.309214230805 
  1.08162213   1.76027700 114.55265113  3595.082401379943 3597.138018578658 -2.055617198715 
  0.86539253   1.80459724 103.00000000  3597.719776347280 3604.830239728939 -7.110463381659 
  0.87684058   1.83875920 103.00000000  3598.234776571393 3605.371917118065 -7.137140546672 
  1.12311785   1.69916042 103.00000000  3600.566619455814 3600.435225405997 0.131394049817 
  0.96305028   1.63401327 128.37403337  3602.306744247675 3598.071630479686 4.235113767989 
  0.96446195   1.83630752  79.50048753  3604.728342875838 3608.944510824480 -4.216167948642 
  1.02863374   1.88838856 107.42322174  3606.438633143902 3613.509649504575 -7.071016360674 
  0.96446195   1.87347481  81.34676414  3606.645124405622 3610.003754563691 -3.358630158068 
  1.05950204   1.62794190 121.23229519  3610.090400695801 3608.806037010417 1.284363685384 
  0.96446195   1.52638191 103.00000000  3611.624599248171 3604.278623372420 7.345975875750 
  0.92257576   1.85591869  82.72032449  3614.000905066729 3609.919349236802 4.081555829927 
  1.07372450   1.85835259  96.14146692  3616.382481187582 3623.149851524458 -6.767370336876 
  0.85678106   1.76331866  96.37061941  3618.397879615426 3623.913484903012 -5.515605287585 
  1.00540346   1.92284630 103.00000000  3619.053941234946 3626.249653854122 -7.195712619176 
  0.94838730   1.61759838  85.33618767  3624.781130000949 3622.573743962593 2.207386038356 
  1.04336462   1.81252784 116.21150207  3625.994758576155 3631.418802737202 -5.424044161047 
  1.10973885   1.68888476 111.85080001  3626.725782200694 3636.671595137333 -9.945812936639 
  0.96446195   1.70734730 127.61326337  3629.796596005559 3628.071872746259 1.724723259300 
  1.02408287   1.53988003 103.00000000  3633.424594074488 3635.657274101731 -2.232680027243 
  1.02507488   1.54028714 103.00000000  3635.352527335286 3637.628076896080 -2.275549560793 
  0.96446195   1.91844103 107.31046007  3638.858603358269 3642.584973355089 -3.726369996821 
  0.92136221   1.52861920 111.06268980  3639.138109236956 3635.326359638506 3.811749598450 
  0.84797738   1.70117844 103.00000000  3642.785377502441 3644.537876006176 -1.752498503734 
  0.96446195   1.71161709 127.48668089  3646.300195068121 3635.541718659098 10.758476409023 
  1.10143434   1.79956256 103.00000000  3646.464548975229 3648.637301571483 -2.172752596254 
  1.06054288   1.72092752 120.69870432  3647.720012858510 3644.839200640264 2.880812218246 
  0.93656839   1.91411666  87.06064730  3647.720116198063 3646.029107085843 1.691009112219 
  0.99124897   1.81986026 120.07940365  3648.986695215106 3646.121618048362 2.865077166744 
  0.86233506   1.71176498  90.83532571  3649.469454362988 3653.016597868538 -3.547143505550 
  1.10962220   1.68888476  93.26865167  3649.931122392416 3651.676987300687 -1.745864908271 
  1.10765258   1.69128370  92.56927051  3652.867226600647 3654.911898202257 -2.044671601610 
  0.96446195   1.87532437  81.22337779  3654.715140074492 3657.581865335641 -2.866725261149 
  0.96446195   1.82128550 120.52165581  3657.783720284700 3653.605384975188 4.178335309512 
  1.11616959   1.68888476  95.45653855  3659.788819745183 3657.563678926865 2.225140818318 
  0.96446195   1.94512407  93.41312658  3660.256874799728 3668.683903442204 -8.427028642476 
  1.12450646   1.70263636 100.58450371  3662.841232135892 3663.012001039222 -0.170768903330 
  1.12412423   1.68888476 100.30862615  3664.327695459127 3668.921823759345 -4.594128300218 
  0.94449436   1.93091039 103.00000000  3665.308619484305 3676.506032992495 -11.197413508189 
  0.96722674   1.52519604 103.00000000  3667.695507809520 3669.568101303268 -1.872593493748 
  0.96386261   1.66135595 128.76024546  3676.748914793134 3668.227671382615 8.521243410518 
  0.96446195   1.55131726  94.32493951  3679.716967746615 3676.680823220152 3.036144526464 
  0.93818206   1.68888476 127.83948097  3679.757861435413 3671.124993637583 8.632867797830 
  1.04323152   1.79478265 118.17507831  3679.816888600588 3679.167750594783 0.649138005805 
  1.11054181   1.77841878 103.00000000  3680.203464359045 3685.133229737907 -4.929765378862 
  0.96446195   1.83161783 119.69149402  3682.861813262105 3684.082470448591 -1.220657186486 
  1.07058268   1.80937256 112.40561803  3684.217459112406 3693.038703510024 -8.821244397619 
  0.96446195   1.94599513  98.37118294  3684.368535235524 3695.742421112797 -11.373885877273 
  1.07810344   1.57603484 103.00000000  3689.532592713833 3691.298920669042 -1.766327955209 
  0.95626472   1.56776997  91.18274804  3692.980170175433 3689.974418663004 3.005751512429 
  1.02401835   1.58101670 122.79417581  3693.889140382409 3691.980752282416 1.908388099993 
  0.90039097   1.54279958 103.36584864  3695.090538814664 3689.978931543974 5.111607270690 
  1.12562814   1.68888476 103.00000000  3696.028209954500 3698.517699802426 -2.489489847926 
  0.98737206   1.94523298  96.24248496  3697.212603434920 3710.026565055652 -12.813961620731 
  1.12358526   1.66610795 103.00000000  3700.090751901269 3702.158266752497 -2.067514851228 
  0.96446195   1.91296777 108.98453896  3701.834986343980 3703.943670439663 -2.108684095684 
  1.03966023   1.89910679 103.00000000  3706.189807772636 3711.489790593593 -5.299982820957 
  1.11604825   1.63555700 103.00000000  3707.390590891242 3709.096465303771 -1.705874412529 
  0.93883788   1.92961770 103.00000000  3707.419937878847 3711.865589298880 -4.445651420033 
  1.06555695   1.62375960  90.02083775  3707.944731086493 3710.739013399424 -2.794282312932 
  0.96446195   1.68888476  80.10050251  3709.247505649924 3710.206091299209 -0.958585649285 
  0.84673367   1.68888476 103.00000000  3710.033563062549 3712.856120306437 -2.822557243889 
  0.84774977   1.65919206 103.00000000  3711.493131175637 3713.090239518909 -1.597108343272 
  1.06556981   1.68888476 121.38153535  3715.129367262125 3713.783625727320 1.345741534805 
  0.95967195   1.81615295 121.21537313  3716.010897353292 3713.332909385007 2.677987968284 
  0.96446195   1.86454813 116.30419465  3719.040623694658 3715.651646693689 3.388977000970 
  0.86391990   1.68888476  90.43649549  3719.268576294184 3721.510167272947 -2.241590978763 
  0.95091034   1.81270836  78.71321322  3722.729629531503 3723.036908880234 -0.307279348731 
  1.11018672   1.78251754 103.00000000  3722.769937589765 3723.605433884474 -0.835496294709 
  0.84955120   1.70272183 108.08985663  3723.659715369344 3723.049820530494 0.609894838850 
  1.12654958   1.69143785 103.00000000  3727.393716007471 3730.936190565137 -3.542474557666 
  0.94957895   1.93084725  87.98538792  3727.623561307788 3733.520527938803 -5.896966631015 
  0.96316227   1.91528675 108.76085246  3729.482622429729 3733.529313267193 -4.046690837465 
  1.10946224   1.77759508  94.50588557  3731.921981021762 3736.735808464416 -4.813827442654 
  1.01815887   1.55919847 120.67761392  3732.130319744349 3733.876016363414 -1.745696619066 
  1.12163924   1.68888476  96.99461340  3734.118421792984 3736.501328424456 -2.382906631472 
  0.96446195   1.81431134 121.51362239  3734.666061893106 3735.878936304764 -1.212874411658 
  1.11895928   1.68888476 109.45227487  3735.984163373709 3741.871255824956 -5.887092451248 
  1.01796053   1.55662217  95.44297688  3738.330775037408 3741.082735577970 -2.751960540562 
  1.03631518   1.57681994  93.13329105  3739.675452589989 3745.221863849400 -5.546411259411 
  0.96089279   1.59343043  87.32128861  3740.474487632513 3740.996434375790 -0.521946743277 
  1.00912052   1.56988827 123.23473610  3745.420467510819 3742.456183447819 2.964284063001 
  1.07665967   1.77185835 115.48429812  3748.240041375160 3749.582920287794 -1.342878912634 
  1.10465414   1.79888724 103.00000000  3749.379572197795 3750.624235390518 -1.244663192723 
  0.96446195   1.82187263  78.51623054  3749.581217855215 3752.742367042767 -3.161149187552 
  0.96640957   1.87542555  80.72622567  3751.251705452800 3752.145338091667 -0.893632638868 
  0.98710567   1.53835967 119.35584444  3752.125080958009 3753.108073978362 -0.982993020354 
  0.96446195   1.68888476 128.64321608  3760.285258337855 3754.313832204168 5.971426133688 
  0.85920311   1.68888476 115.14790101  3763.060596495867 3766.099320808167 -3.038724312300 
  1.11661381   1.63276254 103.00000000  3764.143906190991 3767.822499806194 -3.678593615202 
  0.96446195   1.77379974 124.71406111  3764.388960778713 3761.711855218551 2.677105560162 
  1.07061220   1.78625302 114.90974810  3767.175004839897 3690.197363448142 76.977641391755 
  0.85754088   1.78636740  97.89093880  3768.648568660021 3775.239452751962 -6.590884091941 
  0.85249419   1.62205597 103.00000000  3772.429008349776 3768.818151811664 3.610856538112 
  0.96446195   1.64576034 129.14071259  3772.644243791699 3765.173450795438 7.470792996261 
  1.07854593   1.70224887 119.36727279  3772.788204461336 3773.818144282418 -1.029939821082 
  0.96446195   1.66574042 129.09400209  3774.893869593740 3766.569916313180 8.323953280559 
  0.88256074   1.78097909  85.14056179  3775.409704431891 3783.581520456625 -8.171816024734 
  0.96446195   1.83942172  78.89188083  3776.003915548325 3782.369637184793 -6.365721636468 
  0.96446195   1.52604205 101.42446825  3779.230463653803 3778.150417119759 1.080046534044 
  0.99616055   1.67493478 128.18932203  3780.101335212588 3773.977867695063 6.123467517525 
  1.12116499   1.71968154  95.53362679  3782.948867172003 3782.321164841444 0.627702330558 
  1.01950228   1.83637519 117.27308488  3784.610060438514 3789.581430734327 -4.971370295813 
  1.08206470   1.85318995  99.79390081  3786.319218873978 3795.393469740680 -9.074250866703 
  0.91072634   1.83114197 116.66613029  3789.821660071611 3789.579547868152 0.242112203459 
  0.96446195   1.94095477 103.00000000  3792.341743379831 3796.275789621062 -3.934046241231 
  1.07953658   1.68888476  86.51600769  3794.433261290193 3793.043062232374 1.390199057818 
  1.07644675   1.68888476 120.15496969  3795.111647844315 3794.414993680227 0.696654164088 
  0.96446195   1.89628457  82.07746371  3795.172818616033 3797.853654728548 -2.680836112516 
  1.04965429   1.55306806 101.40737496  3796.691543474793 3796.824250164075 -0.132706689281 
  0.89247483   1.66778441  85.19345240  3797.511601746082 3796.345268321938 1.166333424145 
  0.85428205   1.70035051 112.54253366  3799.156743690372 3803.024097296009 -3.867353605637 
  1.11744255   1.68888476  94.45630005  3799.428488895297 3801.901561081658 -2.473072186361 
  0.97896014   1.54127146 120.87589430  3799.480971336365 3801.458348733395 -1.977377397030 
  0.96446195   1.90741658  83.07782345  3801.914657562971 3812.081226227635 -10.166568664664 
  0.91284121   1.67010568  82.84070628  3805.168685302138 3810.281132335744 -5.112447033606 
  0.89475255   1.54305376 112.67346947  3806.967668637633 3805.797015995392 1.170652642242 
  0.87364795   1.62921977 120.25232085  3808.216981187463 3810.418214675231 -2.201233487768 
  1.12376761   1.74738128 100.47810242  3809.949188053608 3816.827203423933 -6.878015370325 
  1.10935542   1.69509153  91.65086330  3811.303564041853 3817.013467262727 -5.709903220874 
  1.06341432   1.85851905 107.49791625  3812.094342976809 3823.694140940675 -11.599797963866 
  0.90303073   1.74170191 123.25914193  3813.670213177800 3816.274025785129 -2.603812607329 
  0.84541152   1.67663767 103.00000000  3815.536962419748 3817.566597741421 -2.029635321672 
  0.96446195   1.68880056 128.85731632  3818.982700854540 3811.119020087388 7.863680767152 
  0.99694821   1.83281311 119.40826159  3820.751735165715 3818.909211496175 1.842523669541 
  0.96446195   1.55305747  93.30566181  3821.200411409140 3819.491186148271 1.709225260868 
  1.00580859   1.52447274 108.21975587  3822.703131407499 3816.592248245439 6.110883162060 
  1.04358650   1.59916211 122.82465425  3823.997729137540 3826.413653157922 -2.415924020383 
  1.05987787   1.60888408  90.54012840  3826.648201540112 3830.717239892045 -4.069038351932 
  1.12363611   1.66427357 107.70633586  3831.749690771103 3836.879650542670 -5.129959771567 
  0.96446195   1.86599177 116.77929995  3832.304139837623 3835.208339604841 -2.904199767218 
  1.04615210   1.89833265 103.00000000  3833.949934080243 3845.078070222503 -11.128136142260 
  0.92086934   1.80132438 120.14948398  3837.027110442519 3644.919164414027 192.107946028492 
  0.99115805   1.54826403 121.82178541  3841.936312735081 3835.575884048621 6.360428686460 
  0.85488350   1.68888476  93.14305997  3842.568919345737 3844.209942924022 -1.641023578286 
  0.95759554   1.68888476 128.92749274  3843.404185533524 3835.150372556805 8.253812976719 
  1.11350460   1.62037759 103.00000000  3844.353577256203 3845.593780449142 -1.240203192939 
  1.05365418   1.83915219 112.90116564  3845.023486256599 3851.019062983956 -5.995576727357 
  1.01878722   1.68888476 126.84573996  3850.809216558933 3844.325179927575 6.484036631358 
  1.00557399   1.66146278  81.77466015  3852.442808300257 3848.912821457332 3.529986842924 
  0.86175964   1.80689102 103.00000000  3852.776935711503 3860.469381040777 -7.692445329274 
  1.09309810   1.83724419  99.44924615  3853.910432145000 3862.042285597875 -8.131853452876 
  0.90139235   1.89504392 104.29842223  3854.966352492571 3860.939890554796 -5.973538062226 
  1.12984907   1.68888476 102.16271266  3855.732744947076 3858.628755497304 -2.896010550228 
  1.04829567   1.60245241 122.62186688  3856.509344190359 3859.107410955134 -2.598066764775 
  0.90189680   1.60677415  88.68662220  3859.425954774022 3859.590487148897 -0.164532374875 
  0.92482681   1.52729846 103.00000000  3861.739594906569 3860.165024968673 1.574569937895 
  0.96446195   1.58372458 127.23482553  3863.439141228795 3860.509275771466 2.929865457329 
  1.00849721   1.68888476 127.60880215  3867.346973508596 3863.090134285656 4.256839222940 
  0.96446195   1.81420462  77.90759553  3870.383622810245 3876.543602490853 -6.159979680608 
  0.93929007   1.94011004 101.77708069  3871.409990981221 3876.612234547612 -5.202243566391 
  0.99795273   1.67153806  80.86755982  3872.142741978168 3871.337945561366 0.804796416802 
  1.09943037   1.63533622 115.48159275  3872.339571133256 3877.447558738285 -5.107987605029 
  1.03422582   1.68888476  81.71196837  3872.589134216309 3875.269788025590 -2.680653809281 
  1.11329380   1.70233816  91.99655364  3873.615366369486 3877.404793292611 -3.789426923125 
  0.98032908   1.68888476  79.64591553  3878.564503267407 3877.409089528255 1.155413739153 
  1.02774095   1.68888476 126.28405735  3879.767369508743 3880.327892118543 -0.560522609800 
  0.84848609   1.63389818 103.00000000  3880.024380505085 3883.536809362834 -3.512428857749 
  0.94794212   1.74084787 127.22533603  3884.046842679381 3965.355372658018 -81.308529978636 
  0.86303660   1.81070473  94.73736299  3886.347257882357 3899.396035991787 -13.048778109431 
  0.96446195   1.52283414 101.94511988  3887.977597996593 3891.016024014044 -3.038426017451 
  1.02284717   1.68888476 126.72085855  3892.785409957170 3890.567939435668 2.217470521502 
  0.84422668   1.68888476 103.03048642  3892.843908458948 3898.439088701785 -5.595180242837 
  0.93125067   1.52469471 103.00000000  3893.016601070762 3893.758496769171 -0.741895698409 
  0.88473017   1.55955864 100.03281995  3896.681116402149 3894.057335256735 2.623781145414 
  0.96446195   1.75097014 126.69696377  3898.713476583362 3911.996770849408 -13.283294266046 
  0.87549386   1.82109284 109.87611023  3904.726668938994 3909.537801877332 -4.811132938337 
  0.97048750   1.52092027 103.00000000  3907.635694846511 3903.451735658710 4.183959187801 
  1.11300055   1.79074612  96.32713241  3908.400950044394 3911.822450543108 -3.421500498714 
  0.94354507   1.89358259 112.89006702  3909.821305721998 3912.543622548591 -2.722316826593 
  0.96446195   1.88900679 114.29995362  3912.093752950430 3912.956528374574 -0.862775424144 
  1.09037971   1.84466475 100.41610011  3913.232378304005 3921.687118706962 -8.454740402957 
  1.12182608   1.73604544 107.53509724  3916.976737901568 3918.697505307006 -1.720767405438 
  1.01828762   1.68888476  80.65574509  3918.930450007319 3916.327735666516 2.602714340804 
  0.98881633   1.51825558 107.82937671  3920.440183937550 3912.884736847838 7.555447089712 
  1.01044796   1.85723485 116.45413506  3920.990817785263 3921.606104107716 -0.615286322453 
  1.04279258   1.57721746  92.91028853  3921.850538849831 3926.928912496192 -5.078373646361 
  1.01049496   1.53706612 117.85747108  3923.522355437279 3927.812186410702 -4.289830973423 
  1.11891519   1.77143103  96.23057841  3927.191827014089 3932.002518905014 -4.810691890925 
  1.06882203   1.87422898 103.06199832  3930.082648620009 3940.130695315192 -10.048046695183 
  0.95457881   1.94537734 103.00000000  3930.562579378486 3936.753628765993 -6.191049387508 
  0.95334204   1.57112946 126.40148766  3937.343187779188 3928.863625824187 8.479561955001 
  0.96446195   1.52010050 103.00000000  3938.603265047073 3933.965010124835 4.638254922238 
  0.96446195   1.94723618 103.00000000  3940.325820222497 3944.614435147258 -4.288614924761 
  1.08283661   1.86155548  98.29390375  3940.824791908264 3950.908157748966 -10.083365840701 
  1.01419001   1.68888476 127.52899197  3941.224832445383 3936.906414847486 4.318417597897 
  0.96446195   1.93539607 106.37188797  3941.450878396630 3945.936210714387 -4.485332317756 
  1.13133896   1.67747940 103.00000000  3943.603432342410 3944.754354840862 -1.150922498452 
  1.11335351   1.67622802 113.47229716  3943.705382302403 3947.808157235616 -4.102774933213 
  1.02013469   1.72323567  79.43145266  3944.868702471256 3944.964202563221 -0.095500091965 
  1.06396325   1.68888476  83.98562973  3945.829312652349 3947.746194708663 -1.916882056313 
  0.92217796   1.80961703  79.41806778  3946.917373076081 3951.934195198934 -5.016822122852 
  0.96446195   1.52334922 117.06704525  3947.709083214402 3944.611541931962 3.097541282440 
  0.84361890   1.69430293 103.00000000  3948.225572139025 3950.633243728483 -2.407671589458 
  0.96446195   1.68888476 129.34673367  3948.356909915805 3944.087813056926 4.269096858879 
  0.84533202   1.68888476  98.60753635  3951.731784403324 3956.419731131675 -4.687946728351 
  0.96446195   1.51733068 113.81482151  3952.404369741678 3950.168388876854 2.235980864824 
  0.96446195   1.68888476  79.39698492  3954.173373207450 3956.525661408462 -2.352288201012 
  1.05117906   1.63344445 124.24202181  3961.158217370510 3960.679765356635 0.478452013875 
  0.98932039   1.92326387  84.38579911  3966.659487873316 3970.250123558436 -3.590635685121 
  1.04103040   1.90692400 103.91715682  3966.986886590719 3976.098466741614 -9.111580150895 
  0.96446195   1.63361534 129.76092581  3968.422604113817 3959.670251372618 8.752352741199 
  0.98129384   1.68391545 129.27132906  3970.228182151914 3960.251942950822 9.976239201091 
  1.12910909   1.68888476 107.29342782  3974.270371317863 3972.179159239507 2.091212078357 
  0.84968973   1.76072815 103.00000000  3977.604711636901 3983.282018082955 -5.677306446054 
  1.08008947   1.85992539 103.00000000  3977.623044684529 3987.283701404741 -9.660656720212 
  0.97785585   1.91280873 111.03851283  3978.503296673298 3982.494067385088 -3.990770711790 
  0.92468287   1.75484131 125.35505808  3984.239089801908 3980.379440950891 3.859648851017 
  0.95368370   1.54998671 123.94170559  3984.616714954376 3980.039113764305 4.577601190072 
  1.13316583   1.68888476 103.00000000  3988.479195207357 3988.006638152958 0.472557054400 
  0.86394863   1.79871329 108.65361366  3989.330760538578 3992.958207186988 -3.627446648410 
  0.97699101   1.51715588 113.39330241  3989.480522572994 3984.311070642394 5.169451930600 
  0.96446195   1.80212410 123.59488253  3992.347292050719 3988.660607850698 3.686684200021 
  1.06944173   1.87678448 103.00000000  3998.682146325707 4006.450980005662 -7.768833679954 
  0.95226016   1.55763123 125.11091142  4000.836242884398 3992.510680242465 8.325562641933 
  0.87524337   1.85475531 103.00000000  4002.098817959428 4005.553026271000 -3.454208311572 
  1.12648979   1.75667036  99.19608369  4002.238131329417 4002.398406381063 -0.160275051645 
  1.05617626   1.89449357 103.00000000  4002.251486182213 4013.171109953635 -10.919623771422 
  1.09150627   1.70968791  86.50364623  4003.538174301386 4008.221699966096 -4.683525664710 
  0.88770463   1.65950499  85.60148392  4010.315642505884 4008.842730008326 1.472912497558 
  0.96446195   1.85690574  78.58764502  4012.097924649715 4013.435208170536 -1.337283520821 
  1.08156903   1.84391462 106.94811811  4012.246266528964 4018.784627179021 -6.538360650057 
  0.93088137   1.86649450 116.12415773  4016.025299698114 4012.012610288626 4.012689409488 
  1.01523126   1.68888476 127.72846470  4017.225182667375 4007.115186222184 10.109996445191 
  0.96446195   1.70405028 129.14285103  4017.336342766881 4008.003498393238 9.332844373643 
  1.07891021   1.66892582  86.51432283  4018.706848949194 4020.111748454186 -1.404899504992 
  0.86557499   1.79023416  89.32822487  4019.581016704440 4025.540472467289 -5.959455762849 
  0.86379985   1.78526920  89.72166368  4021.282842904329 4030.711407947376 -9.428565043047 
  0.97205709   1.93319764  84.77203841  4022.088574841619 4029.211245589006 -7.122670747387 
  1.02543039   1.63974540 127.25566865  4024.968120083213 4020.570891485705 4.397228597508 
  0.87830273   1.80107747 114.46995367  4025.362725317478 4030.290884980078 -4.928159662600 
  0.85535239   1.71848460 113.76205569  4029.335315480828 4029.250731492340 0.084583988489 
  1.03315382   1.68888476  81.14705787  4029.490112349391 4026.052805620242 3.437306729149 
  1.01330633   1.92418074 106.31887492  4032.331423819065 4040.054478851926 -7.723055032861 
  1.13418866   1.68397428 103.00000000  4039.009215921164 4036.450812662571 2.558403258593 
  1.06662633   1.76572651 119.17844071  4040.106904804707 4037.110712696922 2.996192107785 
  1.12340839   1.68888476 110.92876770  4040.762886643410 4043.921988754617 -3.159102111207 
  0.86859541   1.84140751  94.97153621  4041.902864947915 4050.913238244138 -9.010373296223 
  0.96446195   1.89046522 114.89592207  4045.728440269828 4046.871773415984 -1.143333146156 
  1.08451071   1.85646757 103.00000000  4055.267278000712 4058.402084338749 -3.134806338036 
  0.95880074   1.51267584 108.90390257  4055.652277424932 4046.599031136810 9.053246288122 
  0.86689550   1.83986736 100.22374524  4055.716611206532 4063.478094317947 -7.761483111415 
  0.89706851   1.86807757 110.64617050  4058.577864959836 4061.733392689633 -3.155527729797 
  1.10606892   1.82251706  97.32635594  4060.635966330767 4065.547452790076 -4.911486459310 
  0.86702634   1.78178851  87.99729189  4062.716566219926 4069.431112858300 -6.714546638374 
  1.07788934   1.57564190  98.49180848  4064.053610846400 4068.672747415995 -4.619136569595 
  1.10769901   1.81308031 103.00000000  4065.355957791209 4072.249752576681 -6.893794785472 
  1.11602793   1.64276992 112.61172509  4069.139331683517 4071.777417373664 -2.638085690147 
  1.04202770   1.91333973 103.00000000  4070.114241465926 4078.176883522553 -8.062642056627 
  0.86992111   1.74984500 117.18788122  4070.524347603321 4073.462084508343 -2.937736905022 
  0.96446195   1.74653523  77.32299493  4071.231881707907 4074.850118794256 -3.618237086349 
  0.96446195   1.89634363 114.25174619  4075.836153239012 4073.024418847373 2.811734391638 
  0.84254157   1.66364175 103.00000000  4079.290326759219 4075.756727165168 3.533599594051 
  0.96446195   1.87528577 117.01102064  4081.473369061947 4085.047616701514 -3.574247639567 
  0.96446195   1.66779931  80.09511065  4082.136061832309 4082.863255888240 -0.727194055931 
  1.05865099   1.66956579 124.24062977  4085.656339168549 4084.889020894061 0.767318274488 
  1.10668410   1.68888476  89.56651020  4087.735979020596 4089.117097791985 -1.381118771390 
  1.01399488   1.77988908  77.91799695  4088.580781012774 4092.609996037446 -4.029215024673 
  0.96446195   1.57329739 127.31866451  4089.155247688293 4083.274875556848 5.880372131446 
  0.96446195   1.95351759 103.00000000  4092.963666960597 4093.830603743390 -0.866936782793 
  0.96248277   1.95343934 103.00000000  4093.534612923861 4096.008741934277 -2.474129010417 
  0.84199590   1.67615547 105.57495003  4095.333851382136 4099.981640029651 -4.647788647515 
  1.11677856   1.64122080 112.54441222  4097.949694588780 4104.495068393921 -6.545373805141 
  0.97586149   1.61752531  83.69775863  4098.186631008983 4097.884876491810 0.301754517172 
  0.94835395   1.53702668  95.90166125  4098.870665639639 4102.894813014336 -4.024147374697 
  1.11796192   1.69531055  91.81026730  4100.469920322299 4104.938762719900 -4.468842397601 
  0.86033074   1.81155326 104.60998346  4107.281760469079 4111.980139409756 -4.698378940677 
  1.03519248   1.74233728  79.35487187  4111.300867706537 4115.159534235368 -3.858666528830 
  1.02632760   1.92991572 103.00000000  4116.101879000664 4123.834147410425 -7.732268409761 
  1.11803950   1.78472117 104.76112237  4120.670271158218 4122.066467496517 -1.396196338299 
  1.00358453   1.95557797  92.80836248  4122.655220955610 4132.167187355043 -9.511966399433 
  0.90434404   1.91472975 103.00000000  4123.724585533142 4125.163167091755 -1.438581558613 
  0.88036275   1.79286063 116.51139572  4125.278664797544 4127.568880153307 -2.290215355762 
  0.92133715   1.93436674 103.00000000  4125.991799637675 4128.492281051343 -2.500481413667 
  0.94654078   1.52684659 119.51771846  4126.344056844711 4121.646920813218 4.697136031494 
  1.13503111   1.68888476 105.81038184  4126.443809777498 4127.608172037313 -1.164362259815 
  0.96446195   1.96618249  96.91808329  4126.578896820545 4133.258755050659 -6.679858230113 
  0.85570239   1.64622548 116.41460080  4127.167663738132 4128.781585983221 -1.613922245089 
  0.86013787   1.68888476 117.84620199  4129.300328567624 4132.149808483908 -2.849479916284 
  0.91598515   1.89219798 111.33687401  4131.982751250267 4131.020047157598 0.962704092669 
  0.92403158   1.89718061 111.81065731  4133.905814945698 4132.919561118551 0.986253827147 
  0.94408794   1.87973969 116.12160149  4134.834107458591 4133.795735030849 1.038372427743 
  1.07607388   1.87397928 103.00000000  4136.921604216099 4144.469664480256 -7.548060264157 
  0.97609062   1.58885122  86.63189192  4139.971910372376 4134.029519664135 5.942390708242 
  0.98083238   1.93739409  84.66755785  4141.411575525999 4143.360530026179 -1.948954500180 
  0.88026357   1.54696351 106.12932309  4141.781472742558 4130.340690601296 11.440782141261 
  1.01613841   1.93635987 103.73442546  4142.401126965880 4145.649794330379 -3.248667364499 
  0.99231356   1.72590263 128.20808318  4145.961333796382 4135.338185148900 10.623148647482 
  0.96446195   1.68888476 130.05025126  4146.718605652452 4137.501139372504 9.217466279948 
  0.86121984   1.57626066 105.42937636  4147.531134292483 4138.482894725884 9.048239566599 
  1.03749769   1.89785147 108.78111653  4149.227261051536 4156.798174978729 -7.570913927193 
  0.95323920   1.68888476 130.01007458  4151.595890879631 4143.733629568364 7.862261311268 
  0.84383160   1.73583738 103.00000000  4153.365372747183 4155.281089836601 -1.915717089419 
  1.00469510   1.91269810 110.66474139  4153.551237046719 4156.115576876310 -2.564339829592 
  0.93115658   1.94383492 103.00000000  4157.625071570277 4162.125737469336 -4.500665899059 
  1.02026238   1.93961815 101.92638682  4161.003324821591 4169.859831818408 -8.856506996816 
  0.96446195   1.51771113 116.63253236  4164.886918067932 4158.019201565149 6.867716502783 
  1.04253991   1.92721125  97.39965537  4166.591707170010 4176.170945451157 -9.579238281148 
  1.09632525   1.74819490 116.03792975  4168.575095206499 4168.490025187200 0.085070019300 
  1.12818834   1.68888476 110.34425205  4168.578578248620 4168.859498801033 -0.280920552413 
  0.97758932   1.51155580 108.78356934  4170.215194121003 4161.503196327293 8.711997793710 
  0.97098424   1.89475922 115.07613946  4170.642174750566 4176.183245219978 -5.541070469411 
  0.97611193   1.82369116  76.95897839  4174.932379677892 4182.826482201327 -7.894102523435 
  0.98286506   1.94195867 106.80011775  4178.840905278921 4182.365177008694 -3.524271729773 
  0.89255383   1.53838775 103.00000000  4182.065914735198 4178.616374787589 3.449539947609 
  0.96446195   1.59301542 129.18693825  4183.751149371266 4177.488334544429 6.262814826838 
  1.05897994   1.68888476 124.36787444  4184.621203660965 4184.428214405598 0.192989255367 
  0.97205639   1.65667596 130.60901512  4187.711677581072 4179.325206014985 8.386471566087 
  0.94774520   1.51540851 103.51193752  4188.193792313337 4185.607430876120 2.586361437217 
  1.05930012   1.68888476 124.34191075  4188.683114841580 4187.299365995011 1.383748846570 
  0.97613946   1.61109100 129.87624413  4189.466630727053 4183.886491186416 5.580139540637 
  1.07733547   1.67735560 122.14910976  4191.513436153531 4192.481974180676 -0.968538027145 
  0.96446195   1.96771878  98.27576206  4193.319304779172 4198.943180032195 -5.623875253023 
  1.08040481   1.56645734 101.25534473  4200.521406397223 4196.517976487446 4.003429909778 
  0.96446195   1.80711507 124.04118440  4201.236411318183 4191.861007203982 9.375404114201 
  1.05385108   1.71665958 124.17881079  4201.639382645488 4195.174114696132 6.465267949356 
  0.97656742   1.93358194 109.04372387  4205.265920564532 4207.490694189587 -2.224773625055 
  0.96446195   1.88818202  79.29091604  4207.249821528792 4211.425178921706 -4.175357392914 
  1.12235995   1.61685676 104.38521348  4211.843125820160 4214.224949751972 -2.381823931813 
  0.96446195   1.68888476  78.69346734  4212.372368022799 4211.509291175514 0.863076847286 
  1.01328076   1.91037766 110.62023033  4212.619120955467 4218.039873216282 -5.420752260815 
  1.10154522   1.83491565 103.00000000  4214.955542802811 4223.072449591559 -8.116906788749 
  1.01735141   1.68888476  79.70070982  4217.100738003850 4215.935296310308 1.165441693542 
  1.13887876   1.68350225 102.21176779  4218.573292344809 4221.523026415865 -2.949734071057 
  0.88440024   1.59163517  91.73162635  4220.201125234365 4220.188968302805 0.012156931561 
  1.00132935   1.68888476 129.32976651  4220.670201212168 4216.267062191520 4.403139020647 
  0.92176803   1.62902604 129.37228903  4222.118599474430 4217.558856050357 4.559743424073 
  0.96446195   1.96460357  89.80227258  4223.222359135747 4232.136991174516 -8.914632038769 
  1.12380276   1.61928432 105.56774804  4223.381832659245 4228.844593055775 -5.462760396530 
  1.03598632   1.73630174  79.12329278  4226.064692646265 4232.654072772166 -6.589380125901 
  1.13939518   1.68733424 103.00000000  4227.985366284847 4233.991775519426 -6.006409234579 
  0.96251256   1.52543411  98.34835566  4228.777645692229 4232.696611457738 -3.918965765509 
  0.98553507   1.96906321  96.31757932  4229.847245886922 4242.184401323463 -12.337155436541 
  0.97867809   1.67045815  79.55162561  4232.289372816682 4231.602790297419 0.686582519263 
  0.93823238   1.91937570  82.96274821  4235.617773234844 4230.529601664146 5.088171570698 
  0.90199343   1.53929200  99.33548926  4237.733872726560 4234.030039052425 3.703833674134 
  0.87502314   1.86577703 103.00000000  4238.074448645115 4246.704281180954 -8.629832535839 
  0.96446195   1.95979899 103.00000000  4239.326349318027 4243.833676026375 -4.507326708347 
  0.84799788   1.74694361  94.33034860  4240.542021229863 4249.513231750859 -8.971210520996 
  0.96409184   1.96982945  92.00000353  4243.372943535447 4254.252431435179 -10.879487899732 
  0.91850273   1.51663016 109.83795823  4248.884086027741 4242.710126095632 6.173959932109 
  0.92953400   1.94643442 103.00000000  4250.562958493829 4252.247852431255 -1.684893937426 
  0.89643335   1.53611864 101.93286139  4254.091671511531 4246.911190176205 7.180481335326 
  1.13402707   1.75174372  99.15658072  4254.830782100558 4252.610470047580 2.220312052978 
  1.04457735   1.75096998 123.77062405  4255.829632744193 4249.855531463286 5.974101280907 
  1.04594156   1.68888476 126.08294728  4256.955618768930 4251.382509994261 5.573108774670 
  1.09518122   1.84435486 104.46134198  4257.185297891498 4266.029530144354 -8.844232252856 
  0.97294415   1.71569905  77.51474556  4257.512500688434 4260.593446697025 -3.080946008591 
  0.95885000   1.68888476  78.62352204  4261.126293569803 4259.319411480970 1.806882088833 
  0.83946195   1.68888476 103.00000000  4263.608137905598 4267.264162543318 -3.656024637720 
  0.96446195   1.96240096 102.46064690  4270.031906157732 4269.504267045718 0.527639112014 
  1.00119359   1.79931818  76.84216220  4270.992553293705 4277.310578078470 -6.318024784765 
  1.01581079   1.92955766 107.08567064  4272.910163447261 4281.222041728527 -8.311878281266 
  1.08513834   1.86714605 103.00000000  4274.288099735975 4286.873867937802 -12.585768201827 
  0.96446195   1.74290667  76.78981243  4277.147796764970 4283.055306509154 -5.907509744185 
  0.96446195   1.96429512  88.76247669  4279.305709049106 4287.379307710230 -8.073598661124 
  1.14070352   1.68888476 103.00000000  4279.661357849836 4283.418214155618 -3.756856305782 
  0.96446195   1.81460882 123.80771861  4282.310201212764 4279.862317786375 2.447883426389 
  0.98388256   1.51546862 103.00000000  4283.734779492021 4281.534587265879 2.200192226142 
  0.96446195   1.86760330  77.89074191  4283.913578763604 4287.763557914609 -3.849979151005 
  0.96446195   1.51381910 103.00000000  4287.257533922791 4282.383364153256 4.874169769535 
  0.94639107   1.86659692 118.56108030  4287.969685554504 4285.721564318912 2.248121235592 
  0.83919598   1.68888476 103.00000000  4289.333342447877 4288.475136445132 0.858206002745 
  0.96446195   1.59005736  85.96649422  4294.426357463002 4286.600842200599 7.825515262403 
  0.86310978   1.83872052 101.59510212  4295.074185296893 4301.633289477666 -6.559104180773 
  1.13232874   1.75549313  96.47373082  4295.854887574911 4297.706016856645 -1.851129281734 
  0.96446195   1.84448543  77.02923818  4296.427326187491 4301.723945231352 -5.296619043861 
  1.04343353   1.90948671 106.53409432  4297.303557991982 4311.049278721957 -13.745720729976 
  0.84580345   1.61806484 103.00000000  4298.639570951462 4301.043142318395 -2.403571366933 
  1.10686106   1.83314836 101.48451061  4298.829717591405 4311.593854620384 -12.764137028979 
  1.10114160   1.66777644  88.58016661  4299.269817024469 4307.260632263132 -7.990815238662 
  1.09089115   1.57640467 113.19680756  4306.762973636389 4308.236860096245 -1.473886459857 
  0.89015336   1.90043741 103.00000000  4308.907911300659 4312.308140880486 -3.400229579826 
  0.89458101   1.53696658 116.02467557  4310.665070042014 4301.961546640980 8.703523401035 
  0.92038147   1.76006740 125.98635155  4311.554521441460 4307.171013206943 4.383508234517 
  1.00676208   1.68888476 129.37760925  4314.734788104892 4308.185526155712 6.549261949180 
  0.96446195   1.97003364  90.34502269  4317.761903643608 4322.543677490196 -4.781773846588 
  0.96446195   1.59322078  85.51935980  4319.423569783568 4313.240567285179 6.183002498389 
  0.88555917   1.89835839 100.28969002  4322.674923747778 4329.055151624919 -6.380227877141 
  1.10496374   1.72624938 116.57449790  4323.288915932178 4331.360362470207 -8.071446538029 
  0.94130620   1.68888476  78.85506965  4326.874349832535 4328.593639621560 -1.719289789025 
  1.05278139   1.68511956 125.74300122  4329.052080839872 4326.718134579074 2.333946260798 
  1.12059629   1.80123338  95.70804694  4330.443644225597 4336.817768732163 -6.374124506566 
  0.95468824   1.68888476 130.68134127  4330.452223345637 4325.962950566053 4.489272779584 
  0.99593678   1.51680552 103.00000000  4331.885926499963 4331.155604559952 0.730321940011 
  0.95459184   1.68888476  78.49233018  4333.705587923527 4333.769060323664 -0.063472400137 
  0.84606889   1.68888476  94.03081616  4335.547073662281 4341.619254469780 -6.072180807499 
  0.86314758   1.74952374 116.56741312  4336.571480661631 4343.617275115806 -7.045794454175 
  0.96446195   1.68888476 130.75376884  4340.298005431890 4334.460187079550 5.837818352340 
  1.10163119   1.80553301 110.35354336  4342.432921111584 4352.622388450578 -10.189467338994 
  1.13470737   1.68888476  95.57027194  4344.371193826199 4348.082156458026 -3.710962631828 
  0.90780650   1.55932604  92.96044515  4344.710971415043 4347.253291279675 -2.542319864632 
  0.96446195   1.81553778  76.27630762  4345.647148922086 4355.008154282975 -9.361005360889 
  1.01505788   1.95952542  93.50227457  4350.493107140064 4364.434300851263 -13.941193711199 
  0.92788090   1.94657525 103.96881979  4351.252402454615 4356.656002150250 -5.403599695635 
  1.08550027   1.87045588 103.00000000  4354.507596522570 4364.365806316920 -9.858209794351 
  0.99070687   1.81459173  76.40623654  4355.127703577280 4362.756819611786 -7.629116034506 
  1.04803689   1.73097869  79.68051875  4357.533967167139 4358.774879943242 -1.240912776103 
  0.96446195   1.96693406 102.20408247  4358.266656294465 4361.528205291894 -3.261548997429 
  0.98812359   1.51240338 104.70748755  4360.070811584592 4355.232089709203 4.838721875389 
  0.90651856   1.52554842 103.00000000  4361.094984382391 4355.485446021727 5.609538360664 
  0.85001924   1.68946921  91.88921550  4361.486721903086 4366.794235062881 -5.307513159795 
  0.96446195   1.89991301  79.31183765  4361.764475300908 4363.280847278066 -1.516371977158 
  1.09935074   1.71089806  85.98513181  4362.211562037468 4366.696226104993 -4.484664067525 
  0.95366968   1.96319179 103.00000000  4365.397166579962 4367.840107013287 -2.442940433325 
  1.14033294   1.66520446 101.89092581  4366.578739091754 4367.315210699258 -0.736471607504 
  1.02054139   1.52233825 114.08559120  4373.891128242016 4369.246020229364 4.645108012652 
  1.06154553   1.91446292  98.10516741  4378.987433552742 4387.597101247399 -8.609667694657 
  1.13728471   1.68888476 108.70486901  4381.550349816680 4383.176316735085 -1.625966918405 
  1.00477266   1.81243143 123.29474339  4388.352235466242 4383.413751635762 4.938483830480 
  1.11101581   1.82554245 103.00000000  4389.478283137083 4393.199444234109 -3.721161097026 
  0.96293143   1.74049482 129.12974374  4390.789264678955 4421.991161357228 -31.201896678273 
  1.03778593   1.74931574 125.08568319  4391.648890256882 4387.266520221118 4.382370035763 
  0.83971918   1.68888476 107.93176679  4392.637025415897 4392.843023536721 -0.205998120824 
  0.96446195   1.96608040 103.00000000  4395.528433665633 4394.536297736779 0.992135928855 
  0.83790300   1.69212330 103.00000000  4397.510646626353 4395.803740727242 1.706905899111 
  1.14332888   1.71302465 101.14239745  4398.480364963412 4400.714497766954 -2.234132803542 
  0.95385636   1.96473422 103.00000000  4400.365551590919 4403.803124109326 -3.437572518406 
  1.11926035   1.64302547  93.97894635  4402.142180755734 4407.985556562389 -5.843375806655 
  1.05324102   1.67182965  82.22707994  4402.924575343728 4409.346224827929 -6.421649484201 
  1.01102704   1.73251539 128.00465074  4410.043664857745 4407.057678141795 2.985986715950 
  0.87629303   1.54880567 103.00000000  4411.060068786144 4409.051078166447 2.008990619697 
  1.04921033   1.74786031  79.27666448  4411.981072708964 4416.215042216059 -4.233969507095 
  1.09178301   1.85931616 104.22199086  4417.717381909490 4423.291528975808 -5.574147066318 
  0.88271455   1.68888476  83.48617159  4419.203497841954 4419.848161124851 -0.644663282897 
  1.12402639   1.70193065 113.64446388  4420.421852082014 4422.476128872681 -2.054276790667 
  1.13575485   1.72242615 108.44398936  4421.074210286140 4423.904687150896 -2.830476864756 
  0.86016110   1.83314900 103.00000000  4424.652200639248 4434.479406732105 -9.827206092857 
  1.02474412   1.94477476 103.00000000  4426.672420725226 4437.526843764222 -10.854423038995 
  0.96864354   1.71446126 130.24411017  4429.167461916804 4422.239723819313 6.927738097491 
  1.13445689   1.63378895 103.00000000  4430.568480551243 4432.705627540700 -2.137146989458 
  1.13427741   1.77088637  98.92844655  4431.481074705720 4433.693861913593 -2.212787207873 
  0.96446195   1.72953081  76.66885764  4432.154744550586 4436.384651835500 -4.229907284915 
  1.11470641   1.63368807  93.74518563  4433.167777955532 4437.002661145377 -3.834883189845 
  1.11991535   1.63301569  95.20788473  4437.249876871705 4442.156237446476 -4.906360574771 
  0.96446195   1.63284822 131.52974909  4444.570986896753 4439.980297491236 4.590689405517 
  0.96446195   1.72594208  76.72700685  4447.021533578634 4450.307473440206 -3.285939861572 
  0.99334366   1.83202188 122.52758008  4460.993653759360 4455.395553412105 5.598100347255 
  1.13525888   1.68888476 110.63419905  4463.329639151692 4469.260422437479 -5.930783285787 
  0.90467666   1.59586860  87.51889201  4465.000235036016 4466.698708068739 -1.698473032723 
  1.09294761   1.87275031  97.80942755  4466.963736474514 4481.936616505455 -14.972880030941 
  0.96446195   1.68888476  78.00000000  4470.790172979236 4471.397202295738 -0.607029316502 
  0.96446195   1.68888476  77.98994975  4476.631966784596 4475.226404535442 1.405562249154 
  0.87127523   1.83790434 110.06466500  4478.296342313290 4491.301804800158 -13.005462486868 
  1.05626567   1.68888476  81.32877607  4484.126187324524 4489.858737242435 -5.732549917911 
  1.01251130   1.53981315  95.15002118  4487.433101087809 4494.323779661356 -6.890678573547 
  1.05175279   1.68888476 126.44638232  4488.961141675711 4492.185553317315 -3.224411641604 
  0.96788532   1.79892334  75.65123320  4490.683074712753 4503.712035742409 -13.028961029656 
  0.84475849   1.64419332  96.54339589  4497.953840255737 4500.485940677077 -2.532100421339 
  0.94935497   1.52428066  97.37733703  4498.319008842111 4502.676650245606 -4.357641403495 
  1.12812877   1.79232834 103.00000000  4510.226530283689 4514.745983797459 -4.519453513770 
  0.89556088   1.74432250  80.00259714  4510.619550988078 4520.451286108945 -9.831735120867 
  0.96446195   1.93183549 111.72876059  4512.704083874822 4513.683960990687 -0.979877115865 
  1.13042999   1.78901873  96.96732443  4516.211080223322 4519.092495753440 -2.881415530118 
  1.04309505   1.73078444 126.02694766  4524.038056850433 4519.410852645687 4.627204204747 
  1.03211548   1.52044991 108.14021535  4525.819993540645 4520.550949724730 5.269043815914 
  0.96446195   1.94789776  82.97800799  4526.483639985323 4530.211562947076 -3.727922961753 
  0.88791302   1.72634313  81.23880593  4527.360847055912 4536.181215294941 -8.820368239029 
  0.86503093   1.74701941  85.39570586  4533.945586994290 4537.960391784525 -4.014804790235 
  0.96446195   1.68888476 131.45728643  4544.596638292074 4534.868255603158 9.728382688916 
  0.96446195   1.97236181 103.00000000  4545.152659729123 4545.852900037254 -0.700240308131 
  1.14457295   1.68888476 106.78516782  4546.725378438830 4549.467571582473 -2.742193143643 
  0.92223587   1.85902498 118.90563813  4550.933099105954 4546.866546310271 4.066552795683 
  0.96446195   1.84292580  76.07738558  4551.158455654979 4554.035968459057 -2.877512804078 
  0.94041230   1.68982108 131.10242088  4551.914719507098 4543.831064376016 8.083655131082 
  1.05443662   1.70341903  80.36593439  4552.536425054073 4551.798852197813 0.737572856260 
  1.14554771   1.71055205 105.26061030  4552.550672665238 4555.239375881468 -2.688703216229 
  1.11084821   1.84260401  99.27283504  4554.273773536086 4561.015031090117 -6.741257554031 
  0.96446195   1.98523692  94.98372717  4555.200873374939 4561.254057437756 -6.053184062817 
  0.97835144   1.81222538 124.98684498  4557.247017011046 4554.038316455332 3.208700555714 
  1.00621403   1.89924180 115.16883475  4561.042448654771 4560.880214836198 0.162233818573 
  1.00804138   1.68888476  78.35205805  4561.115538239479 4559.016069185144 2.099469054335 
  0.92364488   1.81897367  77.26882094  4561.521383821964 4565.206091083320 -3.684707261355 
  1.07550274   1.56802859  96.30612995  4562.287211179733 4565.729152799642 -3.441941619909 
  1.14452138   1.68888476  97.86082710  4563.209839507937 4566.435894093542 -3.226054585604 
  0.96446195   1.71674242  76.68789180  4564.559752881527 4567.099488057522 -2.539735175995 
  0.85585193   1.76421002  88.42192764  4567.106337144971 4575.831023683577 -8.724686538606 
  1.10869969   1.64862353 118.45506412  4568.124185100198 4573.828592507643 -5.704407407446 
  0.96135897   1.68888476  77.75978191  4568.261218413711 4574.734090310489 -6.472871896778 
  1.06642397   1.53943137 105.74761790  4569.247930854559 4580.215451902817 -10.967521048258 
  0.90405928   1.51982564 104.82340985  4570.093680396676 4577.583121472242 -7.489441075566 
  1.14824121   1.68888476 103.00000000  4579.861898764968 4584.322795721634 -4.460896956666 
  0.96446195   1.85490990 121.55825722  4583.155071541667 4583.548831611880 -0.393760070213 
  0.99729336   1.94130767 109.49657852  4589.869416490197 4589.437658452197 0.431758038000 
  0.96446195   1.97543082 102.66338502  4591.997836247087 4596.426376970961 -4.428540723874 
  0.96268324   1.97371236 103.23222697  4596.820282369852 4599.021356672377 -2.201074302525 
  0.97921197   1.51075456 102.23074069  4603.160476058722 4595.981910240511 7.178565818211 
  0.86352477   1.60602658  92.87215487  4606.318637832999 4598.829313450314 7.489324382685 
  1.02413891   1.96276488  98.16915430  4607.837517663836 4613.660462378873 -5.822944715037 
  0.96446195   1.79762817  75.34017132  4609.804817110300 4613.558644515559 -3.753827405259 
  1.00767092   1.86090834 119.78527544  4619.665050670505 4618.455234794970 1.209815875534 
  0.87081774   1.87946010  95.41278135  4621.162138029933 4625.573124280890 -4.410986250957 
  1.11485811   1.83122617 103.00000000  4624.511540025473 4628.070483323506 -3.558943298033 
  0.87406502   1.78575576 118.24182426  4625.163494616747 4629.674927680367 -4.511433063620 
  0.84312214   1.62837974  98.61945466  4625.235418900847 4628.064119222710 -2.828700321863 
  1.12982827   1.80061777  96.96597502  4628.336856633425 4636.460557501208 -8.123700867784 
  1.08818948   1.66514557  85.40870767  4628.481976479292 4633.831813226464 -5.349836747172 
  0.83550419   1.68888476 105.78786158  4633.177349984646 4633.813941838179 -0.636591853533 
  0.96190142   1.84247461  75.79048318  4637.680195420980 4642.536901891939 -4.856706470959 
  1.08327736   1.89695225  97.77603639  4639.650501608849 4650.422431465267 -10.771929856419 
  0.96446195   1.93755577  80.98983577  4642.239712134004 4639.653605455417 2.586106678586 
  1.03256918   1.68888476 128.78589657  4643.667409956455 4634.264180263974 9.403229692482 
  1.12218988   1.81622840 103.00000000  4644.021040141582 4647.219726362296 -3.198686220713 
  0.98464747   1.89477397 117.38488509  4644.073139861226 4650.591721356378 -6.518581495152 
  0.86991408   1.87159018 103.24983216  4644.651902511716 4658.262290168256 -13.610387656540 
  0.96446195   1.63412477 132.27832920  4648.332291081548 4644.316092373134 4.016198708414 
  0.96446195   1.50753769 103.00000000  4651.315811023116 4650.125993063168 1.189817959948 
  1.06157966   1.58653248  90.27188219  4654.200395181775 4657.632665340732 -3.432270158957 
  0.96446195   1.94067014  81.20851911  4654.930366784334 4658.082193765631 -3.151826981297 
  1.13366511   1.78775470  95.97653772  4658.795854121447 4662.408251626990 -3.612397505543 
  0.95972890   1.50659304 116.06410744  4658.980333775282 4655.768156353941 3.212177421341 
  1.01936210   1.69502431 129.70787516  4662.537021011114 4655.221408091073 7.315612920042 
  0.96446195   1.88832267 118.45403142  4664.464796170592 4662.015176824888 2.449619345704 
  1.12219170   1.81763947 103.00000000  4664.758833810687 4669.931521524791 -5.172687714104 
  0.96446195   1.77285938  75.26567574  4667.306883409619 4671.189518619844 -3.882635210224 
  1.06121979   1.53731147 103.00000000  4668.421883672476 4668.302906618506 0.118977053970 
  1.13241962   1.79233598 103.00000000  4671.177157968283 4678.570576724504 -7.393418756222 
  0.87512818   1.72563298 123.08250515  4671.554289758205 4682.098043700277 -10.543753942072 
  1.04450625   1.62512523  84.11028075  4676.286133036017 4680.402653701402 -4.116520665385 
  0.96446195   1.63224845 132.36841777  4681.782386422157 4675.979121697468 5.803264724689 
  0.96446195   1.51634616  98.75516433  4682.880868777633 4683.978215689089 -1.097346911456 
  0.85832107   1.73513719  86.54823659  4682.904277220368 4695.267779993252 -12.363502772883 
  0.93420461   1.96803424 103.00000000  4692.142600119114 4694.764575070755 -2.621974951641 
  0.96446195   1.91202517 115.74139980  4701.172176212072 4694.678571692227 6.493604519846 
  0.96446195   1.97864322 103.00000000  4702.025494873524 4697.700608049618 4.324886823906 
  0.94317437   1.97034465 103.94112446  4705.059043422341 4702.327991844549 2.731051577793 
  1.05138634   1.57899287  90.11933016  4705.360545694828 4706.446904400685 -1.086358705857 
  0.97730783   1.98572440  89.58444090  4709.574972122908 4712.625828145499 -3.050856022592 
  1.09663800   1.84451194 108.88145528  4710.832514598966 4714.981680496765 -4.149165897799 
  0.94818479   1.64816313  79.89103439  4710.875234097242 4704.422925673069 6.452308424174 
  1.10474598   1.85587660 103.00000000  4711.337862372398 4718.323758906309 -6.985896533911 
  1.12156044   1.68888476 116.59925374  4712.817465767264 4714.760185736816 -1.942719969552 
  1.11913482   1.71959393 116.14950235  4714.840898409486 4717.745953622299 -2.905055212813 
  1.03731324   1.94628807 103.00000000  4714.888372868299 4724.519368492171 -9.630995623872 
  0.98462819   1.84080533 123.17376623  4715.549592494965 4718.212346984602 -2.662754489637 
  1.06858840   1.62876337 125.26656952  4717.216781243682 4717.401809994877 -0.185028751195 
  1.11437647   1.58323618 103.00000000  4723.722459554672 4721.552322219775 2.170137334897 
  1.00739326   1.93870089 110.07015895  4725.948126778007 4721.756051964517 4.192074813490 
  0.95310614   1.51445967 120.10642616  4728.547434478998 4721.473317852257 7.074116626741 
  0.84584608   1.74668239  91.38708846  4729.223593473434 4742.578414267325 -13.354820793890 
  0.90073321   1.93728357 102.43606668  4730.338702991605 4738.715343487552 -8.376640495947 
  1.11190450   1.58357621 100.94661736  4732.402119204402 4741.779653735515 -9.377534531113 
  0.85326279   1.57259831 109.02012081  4732.607868537307 4734.665079715560 -2.057211178253 
  0.99077196   1.70652497 131.14321121  4738.650465413928 4738.143899331179 0.506566082749 
  0.96446195   1.68888476 132.16080402  4740.732077181339 4738.625341677991 2.106735503348 
  1.14672122   1.74840861 103.00000000  4743.089875265956 4749.819536370653 -6.729661104697 
  0.96446195   1.52314447  96.22526525  4747.281852751970 4749.089516928048 -1.807664176078 
  0.96446195   1.68888476  77.28643216  4748.111522495747 4747.746709368762 0.364813126985 
  1.07146349   1.53886718 110.04337978  4748.737464904785 4749.299969623852 -0.562504719067 
  1.13533499   1.79560960  99.25513729  4753.779985815287 4756.924951111060 -3.144965295774 
  1.15262349   1.69221343 103.00000000  4754.057158648968 4758.265218893901 -4.208060244933 
  0.96446195   1.95351512 109.73905212  4768.413303434849 4762.611857294281 5.801446140567 
  0.85823460   1.60978510 119.86867500  4773.081461116672 4769.168107622754 3.913353493917 
  1.12230376   1.68888476 116.82021688  4773.390225306153 4778.219086519439 -4.828861213286 
  0.96446195   1.56458290 129.41587978  4774.470660701394 4770.101674941966 4.368985759428 
  0.90432207   1.51933231 116.37920160  4774.796431347728 4780.218853525063 -5.422422177336 
  0.84846908   1.80941828 103.00000000  4783.131330519915 4792.087905763291 -8.956575243376 
  0.98241393   1.80377314  74.81220683  4783.228275015950 4793.061927336805 -9.833652320855 
  1.12329372   1.68888476  88.97995353  4785.477105796337 4791.141300484552 -5.664194688215 
  0.96446195   1.63298294  80.51265234  4787.118652567267 4786.513192739348 0.605459827920 
  0.98446751   1.66639902 132.40005676  4788.027247369289 4786.193676189117 1.833571180172 
  0.96446195   1.53667837 125.85125086  4788.139673560858 4788.336027090266 -0.196353529408 
  1.07003308   1.66353236 125.87039832  4794.745423033834 4793.567270014817 1.178153019016 
  0.84144123   1.66464174  94.43679160  4795.521525442600 4799.806530894565 -4.285005451965 
  0.96125298   1.62224943 132.62327922  4795.934273496270 4791.063421580633 4.870851915637 
  0.84799138   1.73987058  89.71899457  4797.524826660752 4808.343398671409 -10.818572010657 
  0.91584155   1.72612704  77.59302488  4802.558008551598 4812.347287806274 -9.789279254676 
  0.95392093   1.68888476 132.32762171  4804.870413511992 4801.389414054737 3.480999457254 
  0.96446195   1.68977182  77.09021777  4804.924027070403 4809.621473609409 -4.697446539006 
  1.15392764   1.69033473 102.88277970  4807.565117493272 4812.222339556888 -4.657222063616 
  1.13138896   1.68888476  90.68344775  4809.413923129439 4812.652714349575 -3.238791220136 
  1.08392023   1.89493029 103.00000000  4810.421235710382 4821.041614169966 -10.620378459584 
  0.86078179   1.85634881 102.20088067  4813.976662144065 4819.696849142061 -5.720186997996 
  0.94068676   1.96832048 105.48292383  4817.252456262708 4814.700616717587 2.551839545121 
  1.04762733   1.72503358 126.99752300  4824.919622674584 4818.251728228677 6.667894445907 
  1.07064485   1.55922701  95.97279245  4825.878968328238 4825.112671082348 0.766297245889 
  1.15379119   1.68888476 104.40590561  4825.939520150423 4830.574880897958 -4.635360747535 
  1.15003807   1.68888476 107.87371174  4828.046183928847 4832.627592324287 -4.581408395440 
  1.00572056   1.72583873 130.09393186  4834.600953325629 4825.738059261424 8.862894064206 
  1.12544877   1.82753628  98.26917199  4835.228286311030 4839.195738182098 -3.967451871067 
  1.11474522   1.68888476 118.82151225  4836.110325634480 4843.406767693690 -7.296442059211 
  1.07651699   1.68888476  82.00137447  4836.431159123778 4841.349412770990 -4.918253647212 
  1.14389702   1.68888476 110.99925152  4840.672758251429 4845.260292575163 -4.587534323734 
  1.06044084   1.68888476  80.52528286  4840.888943642378 4841.911663066625 -1.022719424247 
  1.12541541   1.70387862 116.15951927  4840.966997295618 4851.394408877921 -10.427411582303 
  1.09657483   1.68759037  84.36627734  4843.738501861691 4848.787550533152 -5.049048671461 
  1.10190522   1.86806760 103.00000000  4847.411023050547 4857.596127471427 -10.185104420881 
  0.96446195   1.98492462 103.00000000  4848.305652454495 4849.998715268951 -1.693062814456 
  0.83754513   1.75589445 103.00000000  4848.511907532811 4855.524620868825 -7.012713336014 
  1.01485965   1.63150709  81.36078366  4851.127862513065 4853.273295161947 -2.145432648882 
  0.96446195   1.96003073 109.20973479  4853.437822744250 4853.589068652841 -0.151245908591 
  0.96446195   1.51912909  96.84656330  4853.830609425902 4860.724046983512 -6.893437557610 
  0.96446195   1.61484687  81.82902726  4858.718276351690 4854.991658180933 3.726618170757 
  1.14030710   1.63157251  99.17026663  4860.523550063372 4862.841479411837 -2.317929348465 
  1.00895247   1.96006007 106.74451146  4866.048961430788 4864.448222609285 1.600738821503 
  0.95745945   1.98445482 103.00000000  4867.703814789653 4861.479014553549 6.224800236104 
  1.03673905   1.62962666 129.40468801  4870.542919844389 4868.799249028636 1.743670815753 
  0.96446195   1.54990379  89.84228436  4870.815067946911 4874.276601705321 -3.461533758410 
  0.83299217   1.71436778 103.00000000  4872.863353714347 4881.965789365654 -9.102435651307 
  1.02654648   1.97453086  96.14128351  4874.911211758852 4892.137942708589 -17.226730949737 
  0.89271322   1.57522003  90.19153282  4883.515626892447 4876.356312150902 7.159314741545 
  1.12669948   1.68253807 116.58268992  4886.489340588450 4890.923722008281 -4.434381419831 
  1.05860279   1.70250808  79.64634081  4886.951653584838 4888.712177536545 -1.760523951707 
  1.14389312   1.62726960 103.00000000  4890.633031651378 4899.519422126489 -8.886390475112 
  1.12150703   1.69680134  87.64749282  4900.236501932144 4908.182545898965 -7.946043966821 
  0.83316888   1.70105598  98.91040378  4902.076401412487 4911.728717213759 -9.652315801272 
  1.08354908   1.68888476  82.48738871  4906.544578731060 4913.666154954633 -7.121576223573 
  1.14690759   1.67297593  95.73112395  4907.799293488264 4915.190854979664 -7.391561491400 
  1.15528425   1.71011579 104.41048749  4910.917017161846 4916.056775584729 -5.139758422883 
  0.83165829   1.68888476 103.00000000  4912.272511780262 4917.916526367459 -5.644014587197 
  1.11495342   1.85588294  97.45764629  4918.537569448352 4929.651068805478 -11.113499357126 
  1.05163678   1.68888476  79.59276147  4924.244290128350 4923.802543358193 0.441746770157 
  1.14948000   1.68888476  95.55977800  4927.024993956089 4933.536803129047 -6.511809172958 
  1.11111180   1.71851477  85.00652104  4928.631698071957 4935.911935948227 -7.280237876270 
  0.87464887   1.68888476 125.59283801  4934.926208809018 4934.211121123494 0.715087685524 
  1.12294726   1.83220819 103.00000000  4937.982334837317 4941.497119356983 -3.514784519665 
  0.84694522   1.81194650 103.00000000  4938.239274427295 4947.857960573045 -9.618686145750 
  1.15432535   1.72281017 104.79951274  4939.318221062422 4943.261634962239 -3.943413899818 
  0.83693024   1.68888476 111.82067653  4939.884339913726 4942.619334097582 -2.734994183857 
  1.07877269   1.68176562 125.21985208  4940.958359405398 4944.317827910965 -3.359468505567 
  0.89703367   1.90447339 111.02877453  4945.326196730137 4952.317265602993 -6.991068872856 
  0.99041383   1.67265291  77.68768800  4946.003218635917 4949.786421299381 -3.783202663464 
  0.96446195   1.68888476 132.86432161  4946.793466582894 4945.627943337982 1.165523244912 
  0.89179638   1.53971135  96.91922335  4952.762630373240 4952.451852519320 0.310777853920 
  0.96446195   1.49731116 107.88848541  4954.815575256944 4955.045632924778 -0.230057667834 
  0.85030474   1.60312517  95.96791131  4957.338329210877 4962.430824309447 -5.092495098570 
  1.09858295   1.72253483  82.91979077  4960.199004963040 4967.034887450596 -6.835882487556 
  1.13413661   1.66482425 115.18199277  4964.050895065069 4969.342555621402 -5.291660556333 
  1.07400071   1.91590042 103.00000000  4967.419084876776 4975.877929934044 -8.458845057268 
  1.15771371   1.68888476 103.31226945  4967.887674182653 4972.290242935205 -4.402568752552 
  1.15173867   1.69662375  95.80542968  4969.829274609685 4973.970647459679 -4.141372849994 
  1.01873845   1.95155775 108.26068551  4972.192117139697 4976.573249433293 -4.381132293596 
  1.01183590   1.59689927 130.58352999  4972.456385329366 4967.992376371261 4.464008958104 
  0.97206722   1.63360213  79.97054244  4978.435996189713 4973.306795574234 5.129200615480 
  0.94285033   1.65849844 133.21189499  4978.941436499357 4971.804732081600 7.136704417757 
  0.85264197   1.77711355 113.76817602  4981.271682962775 4987.752543603296 -6.480860640520 
  0.84111414   1.73872724  91.99671603  4982.653725638986 4991.337642906607 -8.683917267622 
  0.96446195   1.91695567  77.47076962  4982.659530967474 4982.924972122014 -0.265441154540 
  1.13757876   1.68888476 114.32876971  4986.487161174417 4990.886705994091 -4.399544819675 
  1.06169368   1.52966182 113.13364464  4986.838536486030 4990.365523248676 -3.526986762647 
  0.96446195   1.68888476 133.00000000  4995.038790404797 4985.914241302277 9.124549102519 
  1.09469203   1.68888476 123.08464467  5000.520402565598 4999.977768770366 0.542633795232 
  0.86817477   1.78156383 118.95965132  5008.488060519099 5010.862521327847 -2.374460808748 
  0.89304978   1.76107593 125.56773494  5011.938799619675 5008.719379304624 3.219420315051 
  1.07909723   1.90894639 103.65650206  5014.985516399145 5019.202019140353 -4.216502741207 
  1.13176151   1.82308498  99.81703085  5015.899954095483 5018.712385144137 -2.812431048655 
  0.85244605   1.71317156  87.02231770  5016.835562467575 5030.008187945927 -13.172625478352 
  1.00507197   1.70363069  76.38613663  5021.150201991200 5024.922188716026 -3.771986724825 
  0.98321250   1.91752299 116.64006211  5024.215304315090 5028.018156108533 -3.802851793443 
  0.96446195   1.68888476  76.58291457  5024.288311034441 5029.140156022803 -4.851844988362 
  0.96446195   1.50125628 103.00000000  5036.136371567845 5037.797876975844 -1.661505407998 
  1.05183713   1.68888476 128.55996498  5037.891790762544 5043.152667448150 -5.260876685606 
  0.93054255   1.57616086  86.26796383  5049.583270430565 5043.198685873080 6.384584557485 
  0.96891811   1.68888476  76.48406022  5053.376277461648 5058.111422731442 -4.735145269794 
  0.96446195   1.92521704 116.05392596  5065.720032513142 5062.088269186887 3.631763326254 
  1.03893558   1.93610092 108.86141675  5067.939073979855 5074.237541119347 -6.298467139492 
  1.11204216   1.86143867 103.00000000  5069.320909947157 5081.742981208879 -12.422071261723 
  1.14108870   1.61777182 100.10761302  5072.217076152563 5076.133526057637 -3.916449905074 
  0.87459062   1.64001929 126.73021037  5074.094284847379 5070.128767064726 3.965517782653 
  0.86820208   1.68888476  83.76500024  5074.288537770510 5078.452459872190 -4.163922101680 
  0.91799117   1.69525437  77.76953080  5077.368371605873 5077.436981877378 -0.068610271505 
  0.84914757   1.82321586 104.70841960  5077.612040072680 5083.910130851938 -6.298090779259 
  0.90323704   1.95461660 102.58318335  5077.829716488719 5080.247540092646 -2.417823603927 
  1.00474460   1.69655413  76.52737396  5083.862591072917 5078.084637035568 5.777954037349 
  0.84390889   1.80701218 103.00000000  5084.118301361799 5091.098458254468 -6.980156892669 
  0.94001995   1.86651069 121.94819976  5086.605516657233 5084.527561658142 2.077954999091 
  0.83350734   1.64235792 109.68919637  5092.830519616604 5089.978033806464 2.852485810140 
  0.98666396   1.86527611  74.78394259  5104.536870285869 5108.553603786309 -4.016733500441 
  0.99456759   1.68888476 132.72623872  5108.415294677019 5098.971614957914 9.443679719106 
  0.96446195   1.88437792 120.97290897  5108.718714103103 5106.311032340763 2.407681762340 
  1.14926831   1.77916458  98.82882819  5113.315052196383 5112.185136670044 1.129915526340 
  0.86647903   1.75196283 121.34589157  5113.586400240660 5115.690720830048 -2.104320589388 
  0.96446195   1.98760759 105.35375874  5114.870799630880 5108.682989199406 6.187810431475 
  1.14413881   1.79564803  97.55311591  5115.810554087162 5117.540384378644 -1.729830291482 
  0.99952293   1.67002787 132.88654873  5117.390527561307 5107.420014366601 9.970513194706 
  0.96446195   1.64889995 133.96319689  5118.099511995912 5110.381866320412 7.717645675500 
  1.14236015   1.61078234 103.00000000  5118.422826275229 5128.686685721225 -10.263859445996 
  0.84743824   1.57268646 106.20928462  5121.483405381441 5121.387813985220 0.095591396221 
  1.15687354   1.65110123 103.00000000  5124.766939029098 5132.096028308189 -7.329089279092 
  0.83012804   1.71477944 103.00000000  5125.725542828441 5135.002754396640 -9.277211568199 
  1.14112362   1.62927644  96.84759129  5125.830286934972 5136.240488383408 -10.410201448436 
  1.06422159   1.65739063 127.91635847  5127.601640924811 5131.294794297160 -3.693153372348 
  0.96446195   1.52081161  95.01557515  5134.716429010034 5143.973179878009 -9.256750867976 
  0.84332436   1.80143336  94.35324552  5136.924020260572 5150.703295750211 -13.779275489638 
  1.12868629   1.68888476  88.14737824  5140.542439520359 5145.458519247120 -4.916079726761 
  0.84809699   1.64947703 119.60549116  5140.610593080521 5143.032230913891 -2.421637833370 
  0.83924357   1.79178281  99.39266338  5146.187639594078 5154.914867451626 -8.727227857548 
  0.96446195   1.93280835 115.50485364  5150.141419693828 5144.296068629402 5.845351064426 
  0.82957392   1.70886752 103.30269019  5156.615340486169 5157.399802485245 -0.784461999076 
  0.96446195   1.68888476 133.56783920  5157.200819388032 5155.768853547110 1.431965840922 
  0.83081465   1.72951793 103.00000000  5163.467332765460 5172.573474357706 -9.106141592246 
  0.96683725   1.91427479  76.44907226  5163.537616103888 5169.509232917944 -5.971616814057 
  1.10718892   1.68888476  84.44207053  5164.609821796417 5171.759166278772 -7.149344482355 
  1.08726379   1.72017382  80.80402412  5164.697824597359 5173.224175542789 -8.526350945430 
  0.98735615   1.50948718  99.00897094  5165.102469742298 5173.441651354140 -8.339181611842 
  0.83303809   1.62733090 103.00000000  5166.868394359946 5170.840873421451 -3.972479061505 
  0.89161803   1.51343367 111.01080044  5168.445494517684 5171.125754788878 -2.680260271194 
  0.96446195   1.95088497 113.06796911  5172.564538717270 5172.544231155796 0.020307561474 
  1.14685705   1.66140462  94.26510406  5173.673141300678 5182.528206729922 -8.855065429244 
  0.90685066   1.57136714  88.12684019  5174.730445668101 5176.541036943890 -1.810591275788 
  0.97202870   1.55112481 129.53135998  5176.166759610176 5173.448502959910 2.718256650266 
  0.96446195   1.55266882 129.84877701  5179.151439547539 5178.147250712720 1.004188834819 
  0.86013407   1.68888476  85.04514593  5181.043885409832 5192.706390725557 -11.662505315725 
  0.83383896   1.76028808 101.68514228  5181.201271563768 5195.298056000437 -14.096784436669 
  0.96446195   1.52932738  92.74283651  5187.183426991105 5192.373969234785 -5.190542243680 
  1.16306489   1.70532262 103.00000000  5187.233391299844 5193.619904515922 -6.386513216078 
  1.07470788   1.53467206 103.00000000  5189.207268550992 5193.425860942145 -4.218592391153 
  1.05701968   1.68888476  79.16015136  5191.445283234119 5196.899481591227 -5.454198357108 
  1.16331658   1.68888476 103.00000000  5195.823165014386 5200.984488440799 -5.161323426413 
  1.10136951   1.87242824 106.72654529  5199.275963738561 5211.270959858249 -11.994996119688 
  0.96446195   1.70005067  75.67735221  5201.796676307917 5204.899597662123 -3.102921354206 
  0.84037827   1.76883554 109.40490668  5201.955471068621 5210.902758818634 -8.947287750013 
  1.14188729   1.61036218 109.56987303  5204.660884603858 5210.894941979156 -6.234057375298 
  0.94687427   1.65361114 134.12646303  5208.218262657523 5202.626632959905 5.591629697618 
  0.96446195   1.53833751 128.06219782  5209.291976094246 5201.239005174473 8.052970919773 
  0.83767630   1.68888476 114.62057078  5210.563130915165 5222.739896989708 -12.176766074543 
  0.96847463   1.64761542 134.28361453  5215.577627018094 5214.066353491885 1.511273526209 
  0.84086929   1.79230280 105.72262447  5217.843046501279 5228.589286516371 -10.746240015093 
  1.01400465   1.59475702  83.78326085  5220.906313061714 5219.354209837621 1.552103224093 
  0.92942712   1.78301424  74.71056094  5221.321390330791 5232.567292648748 -11.245902317956 
  1.06271761   1.95087894  98.66826687  5221.754364117980 5237.843974457718 -16.089610339738 
  1.00801398   1.60021573  82.94883844  5222.991281628609 5223.220362498041 -0.229080869432 
  1.03610845   1.68458403  77.95540214  5223.615108460188 5225.886527825007 -2.271419364819 
  0.94986602   1.71184162  75.40716523  5229.868333220482 5231.023596147161 -1.155262926679 
  0.85190537   1.84657906 103.00000000  5232.046505823731 5246.757765036180 -14.711259212449 
  1.12693773   1.58998558  99.40819336  5236.880110695958 5242.751349501562 -5.871238805604 
  1.13885786   1.59889071 103.00000000  5238.590565338731 5248.090965038149 -9.500399699418 
  1.14342709   1.73996564 112.16941839  5239.776831537485 5252.967664296963 -13.190832759478 
  0.93742758   1.98187532 106.06533991  5239.802044734359 5244.748776269587 -4.946731535229 
  0.93499171   1.68888476 133.33061556  5248.322498530149 5245.102380345443 3.220118184707 
  1.16156923   1.67876139 106.90031690  5248.583553254604 5254.911444634047 -6.327891379443 
  0.85329592   1.63504142 121.88057676  5249.466567024589 5250.577830563600 -1.111263539012 
  0.93486317   1.50031958 103.00000000  5249.514402359724 5252.871673942445 -3.357271582721 
  0.96446195   1.49306374 107.19265715  5249.557072877884 5250.538913686270 -0.981840808387 
  0.85599273   1.68888476  85.77678535  5250.255093604326 5262.328118047803 -12.073024443477 
  0.86047251   1.84419093 110.17083943  5252.559780657291 5265.286274941122 -12.726494283831 
  0.83988947   1.77332813  92.43335324  5254.915173307061 5267.017789326902 -12.102616019841 
  0.89558005   1.58925578  86.75442993  5258.481760606170 5254.300142465192 4.181618140978 
  0.94918708   1.94256844 114.35451749  5258.979277744889 5254.782930052341 4.196347692548 
  0.87618213   1.53000888 103.00000000  5261.213268861175 5258.304733508264 2.908535352911 
  0.96446195   1.55895387 130.83181943  5264.107750162482 5255.142338943266 8.965411219217 
  0.96446195   1.80800700  73.42691347  5265.107338666916 5271.294824382675 -6.187485715759 
  1.07626833   1.92421028 103.71470079  5265.179858773947 5278.027962107950 -12.848103334003 
  1.09691033   1.89672998 103.00000000  5266.529531106353 5279.179977495656 -12.650446389303 
  1.14386315   1.65187582  93.57232721  5267.788059934974 5273.823491974791 -6.035432039817 
  0.82817160   1.68888476 100.51741613  5269.219312638044 5276.975549326633 -7.756236688589 
  1.16444671   1.68888476 104.69128691  5269.591890797019 5276.486026398727 -6.894135601708 
  1.15747150   1.63982932 103.00000000  5271.419732034206 5277.425643010152 -6.005910975946 
  0.96446195   1.59484513  82.67351842  5275.040443345904 5270.280203675828 4.760239670077 
  0.96446195   1.84181835 125.56292558  5275.294536516070 5276.837461681155 -1.542925165085 
  0.95345649   1.92241991 117.33653743  5277.903914198279 5277.703792919808 0.200121278472 
  1.02088894   1.50572315 104.07324513  5283.980039656162 5279.434233357708 4.545806298454 
  1.08821098   1.92039650  98.03310985  5284.395116597414 5301.749163647651 -17.354047050237 
  0.83097483   1.74253103  99.07757795  5285.562536075711 5295.342487627662 -9.779951551951 
  1.07535385   1.57315536  91.43798552  5290.206135466695 5293.313462439715 -3.107326973020 
  0.85908112   1.68888476  84.91264730  5293.957157850266 5296.050904701991 -2.093746851726 
  0.84781629   1.68888476 119.80050747  5294.484577864408 5298.057974546839 -3.573396682430 
  0.89283463   1.93676221 106.00326976  5296.081975191832 5298.445167849878 -2.363192658047 
  0.96446195   1.80738903  73.33687185  5296.772251948714 5302.955255877000 -6.183003928286 
  1.04632750   1.95825804 104.34373686  5302.192083209753 5309.652346258931 -7.460263049178 
  1.01500736   1.74579072  74.67836370  5303.073491349816 5307.530904049470 -4.457412699654 
  0.96439159   2.00112186 103.81295115  5303.938669204712 5306.470111946190 -2.531442741478 
  1.14304843   1.60327537 103.00000000  5311.082803159952 5313.987069097931 -2.904265937979 
  0.95125988   1.51991065  94.64807209  5311.370557844639 5314.662907220603 -3.292349375964 
  0.96446195   2.00376884 103.00000000  5314.236876651645 5308.827990252561 5.408886399084 
  1.16583222   1.68888476 103.90268790  5317.290079325438 5316.550285274048 0.739794051389 
  0.95709825   2.00366467 102.75106198  5319.799583420157 5313.745767448111 6.053815972046 
  1.05025317   1.68888476 129.71048633  5321.353200390935 5314.753005213170 6.600195177765 
  0.96446195   1.68888476  75.87939698  5321.577481135726 5319.476861146470 2.100619989256 
  1.12223731   1.68888476  86.08624879  5323.503923028708 5325.994860313769 -2.490937285062 
  0.99981638   1.85987579 123.44654495  5326.276711449027 5327.032334557776 -0.755623108749 
  0.96446195   1.72323207  74.54744024  5332.365995630622 5330.185678383405 2.180317247217 
  0.98715142   1.68888476 133.73877092  5333.945314645767 5324.843808427196 9.101506218572 
  1.05383262   1.95621452 103.00000000  5343.168850749731 5343.691814712918 -0.522963963187 
  1.09358235   1.90525874 103.00000000  5347.109775468707 5352.462054783519 -5.352279314812 
  1.10889032   1.88819440  99.40753691  5348.434877738357 5353.122511244483 -4.687633506126 
  0.96446195   1.89970342 120.45549549  5348.503854021430 5343.388799236335 5.115054785095 
  0.95336085   1.82953145 126.66919387  5349.785975247622 5347.075289471652 2.710685775969 
  0.97582909   1.66528031 134.49576510  5349.900911226869 5342.321825852137 7.579085374731 
  0.93915345   1.77176846  74.01582640  5352.590260773897 5362.385090513347 -9.794829739450 
  1.14911137   1.61580473 101.46823835  5352.702924370766 5358.889035002088 -6.186110631323 
  0.96446195   1.92605300  76.34206801  5354.425734654069 5356.699047272057 -2.273312617988 
  0.96446195   1.91921784  75.92479295  5361.691441357136 5361.054684042147 0.636757314989 
  0.91380283   1.50440340 103.00000000  5362.344320714474 5363.926698387789 -1.582377673315 
  0.94169217   1.59213473 133.38519198  5365.327580437064 5356.830288191693 8.497292245371 
  0.83676364   1.79136488  97.91728509  5367.077552959323 5376.848441935568 -9.770888976245 
  0.96446195   1.68888476 134.27135678  5374.442488312721 5368.936958483278 5.505529829444 
  0.97464877   1.83505460 126.44590817  5377.344740942121 5376.980841982313 0.363898959808 
  1.12495839   1.68888476 119.66684980  5377.390449777246 5380.244679739535 -2.854229962290 
  1.15648119   1.68888476  93.89392068  5380.883610203862 5382.117936265114 -1.234326061252 
  0.96446195   2.01215646 100.92184482  5382.520859003067 5378.724067479057 3.796791524010 
  1.01075870   1.69098891 132.83237789  5383.269719719887 5374.143842813036 9.125876906851 
  0.96446195   1.84638004  73.39419085  5383.692596703768 5386.158474727301 -2.465878023533 
  0.96446195   1.79771528  73.11766201  5389.547758176923 5387.580910583358 1.966847593565 
  0.87526068   1.91759560 103.00000000  5393.977056130767 5397.803602419819 -3.826546289052 
  1.05355857   1.68888476 129.65675612  5395.252648636699 5387.416300030804 7.836348605894 
  1.13012924   1.71538538  86.15367829  5395.860010743141 5404.411159843968 -8.551149100826 
  0.82641159   1.68888476 101.61780215  5397.669979229569 5406.283588406541 -8.613609176971 
  1.16230627   1.75150156 103.00000000  5400.305706039071 5410.125779625725 -9.820073586654 
  1.08751011   1.68888476  81.17738022  5402.313776895404 5409.493290646361 -7.179513750957 
  1.13651214   1.79591964 109.83660251  5406.619910731912 5416.926447519792 -10.306536787881 
  1.14397964   1.76998563 110.51331891  5408.832302570343 5416.558337657227 -7.726035086884 
  1.03290383   1.58094197  85.87074780  5413.210807174444 5412.207468971344 1.003338203101 
  0.84997923   1.84865473 103.00000000  5413.669164508581 5425.276486403269 -11.607321894688 
  1.03838091   1.98733881  96.41472996  5417.907410934567 5431.248123129979 -13.340712195411 
  1.11782751   1.57392506  99.19177505  5419.496364369988 5423.062471261489 -3.566106891501 
  0.96446195   1.83473005  73.12376800  5421.650230854750 5426.287926820160 -4.637695965411 
  1.09602483   1.68888476 124.72654005  5422.310420915484 5421.984590829740 0.325830085744 
  0.91689314   1.76116194  75.16588608  5423.134696498513 5431.266778481338 -8.132081982825 
  1.15683888   1.68888476  93.59447023  5424.318775981665 5430.142121265144 -5.823345283479 
  1.01014605   1.70743516 132.57183988  5425.631753012538 5422.683135447648 2.948617564890 
  0.83495172   1.68888476 114.51381998  5427.057810708880 5432.202003359002 -5.144192650122 
  0.83151155   1.64330804 111.92507707  5431.403335958719 5427.602877562150 3.800458396569 
  1.03328833   1.98979294  98.75001282  5432.159707009792 5440.406722682957 -8.247015673164 
  1.09888987   1.68888476 124.36842253  5432.414309173822 5435.946418292716 -3.532109118893 
  0.82590593   1.68888476 103.94917192  5436.702385500073 5439.340043799421 -2.637658299347 
  1.15621431   1.68888476 112.00045894  5437.160209283233 5447.487732545572 -10.327523262339 
  0.84387899   1.68888476  88.58263154  5438.763615459204 5450.959216775693 -12.195601316489 
  0.96446195   1.49497487 103.00000000  5442.473177924752 5446.018617114059 -3.545439189306 
  0.84202217   1.75143041 114.37094936  5451.288933992386 5457.580496852795 -6.291562860409 
  0.96446195   1.64079359 135.10379206  5453.077281892300 5452.828129541022 0.249152351277 
  1.12991729   1.57942938 102.08414506  5457.223197340965 5466.058720525521 -8.835523184556 
  1.14666943   1.62754700 113.29419774  5458.893937349319 5467.333980373704 -8.440043024384 
  0.94215779   2.00300281 103.26372468  5459.961974948645 5459.781857602786 0.180117345859 
  0.96446195   2.01005025 103.00000000  5461.461890086532 5462.170981839385 -0.709091752853 
  0.96446195   1.49475932 117.72809281  5464.253027498722 5465.799429090902 -1.546401592180 
  0.85430119   1.80917607 113.93215521  5472.743754386902 5480.783057881602 -8.039303494700 
  0.87774266   1.51969912 112.42184227  5473.648972213268 5467.856813876757 5.792158336511 
  1.02804741   1.50633645 103.05409966  5475.777490049601 5478.331713752205 -2.554223702605 
  0.94094269   1.85243323  73.81914073  5476.185851082206 5483.775421868969 -7.589570786763 
  1.13695796   1.68888476 117.70661611  5478.237800776958 5486.333744759048 -8.095943982090 
  1.13247629   1.70183941  86.59209253  5482.320661574602 5487.182360090089 -4.861698515487 
  1.10625626   1.55216668 103.00000000  5482.340143084526 5486.982572440883 -4.642429356357 
  0.99529615   1.88549712 121.94304795  5482.760504752398 5488.892142834567 -6.131638082170 
  1.17009170   1.68612089 103.00000000  5486.991270080209 5488.371288682592 -1.380018602383 
  0.95341799   2.00893966 103.00000000  5494.464541494846 5482.167554178110 12.296987316737 
  1.10887792   1.88772027 103.00000000  5494.537115603685 5498.849736436673 -4.312620832988 
  1.06252927   1.70471356  78.01389568  5494.702804267406 5492.195678460989 2.507125806417 
  0.98882038   1.70637129  74.76435516  5496.553182139993 5499.058488858315 -2.505306718323 
  0.87862283   1.71845045 127.51745716  5510.462205827236 5511.442922684974 -0.980716857738 
  0.96446195   1.92921156 117.92091462  5512.821612358093 5509.343851934747 3.477760423346 
  1.17085427   1.68888476 103.00000000  5517.958955794573 5515.972745946697 1.986209847876 
  0.85975736   1.88432440 103.00000000  5520.982903122902 5527.082401401445 -6.099498278543 
  0.96446195   1.90380906 120.82655036  5522.146207526326 5519.713797804187 2.432409722139 
  0.96469684   1.95200313 115.00030834  5528.443723559380 5515.864148490701 12.579575068678 
  0.93479225   1.68888476  76.08930079  5529.076679915190 5525.405664296766 3.671015618424 
  0.84848669   1.85523468  98.38740248  5530.597981557250 5539.253763081335 -8.655781524085 
  1.15891186   1.65503860 111.21095810  5532.041322886944 5534.852022556471 -2.810699669527 
  0.89055185   1.94627431 105.08266352  5532.269949108362 5537.145542757121 -4.875593648759 
  1.14282326   1.77224608 111.69923527  5536.426215603948 5543.918350243915 -7.492134639968 
  0.82479875   1.68030477 103.00000000  5540.258366763592 5540.101535221191 0.156831542401 
  0.94331591   1.74282477  73.91911183  5540.459186002612 5546.321464537602 -5.862278534990 
  1.15615289   1.73420624 110.81081111  5540.703260451555 5551.429756913931 -10.726496462376 
  1.14184952   1.68518836  88.87784761  5547.258337646723 5549.339394196102 -2.081056549379 
  0.96702476   1.72059684 133.82013643  5547.467980459332 5545.738901821215 1.729078638117 
  1.14018532   1.68888476 117.38406251  5553.816219255328 5558.009699758097 -4.193480502769 
  0.92027400   1.68888476  76.71691908  5555.300331160426 5555.595202356426 -0.294871196000 
  1.14760776   1.76249330 111.34940228  5560.423027887940 5564.866307467696 -4.443279579756 
  1.15900629   1.68888476 112.03482246  5561.268744245172 5565.514294614428 -4.245550369256 
  0.96446195   1.99548697 107.92491208  5572.489747732878 5565.511077386462 6.978670346416 
  0.98565650   1.68888476  75.28340018  5573.214776992798 5576.931310546571 -3.716533553773 
  0.96446195   1.90468243  74.33673593  5583.619372487068 5582.867340970739 0.752031516329 
  0.84037473   1.81962997 103.00000000  5584.649639233947 5591.802885785578 -7.153246551631 
  0.96860675   1.63814834 135.47860277  5585.231026172638 5579.431246712681 5.799779459957 
  1.06357118   1.52023609 103.00000000  5585.339158043265 5587.959489383922 -2.620331340657 
  0.96446195   1.66435704 135.42477181  5589.355891957879 5582.622056831053 6.733835126826 
  0.96446195   1.68888476 134.97487437  5590.364819064736 5585.017057347372 5.347761717365 
  1.14949833   1.64169610 114.53697216  5592.679554387927 5596.933131778300 -4.253577390373 
  0.95404597   1.97141269 112.24728056  5593.052507981658 5585.962366949199 7.090141032459 
  0.98613002   1.58934627 133.79963054  5595.382657304406 5587.224429719455 8.158227584951 
  0.96446195   1.92862420 118.43433042  5595.994249284267 5597.306196879166 -1.311947594899 
  0.89770306   1.68888476  78.27965555  5598.016456440091 5604.703961218552 -6.687504778461 
  0.82412060   1.68888476 103.00000000  5598.446199700236 5603.979817044870 -5.533617344634 
  0.94937754   1.90441834  74.61984661  5604.142160385847 5598.999492834565 5.142667551282 
  0.96052609   1.81258159  72.53425603  5605.255155563354 5610.633999753465 -5.378844190111 
  1.07126041   1.68888476  79.04691744  5605.451640605927 5604.606365842053 0.845274763874 
  1.13062763   1.59265858  96.64721450  5609.970344603062 5611.507541204895 -1.537196601833 
  1.06808742   1.64611720 129.25726275  5613.225410163403 5610.389724354558 2.835685808845 
  1.14162471   1.83236777 102.23038852  5613.626399293542 5621.830009682132 -8.203610388590 
  0.96446195   1.68888476  75.17587940  5614.593787103891 5618.827012888115 -4.233225784224 
  1.13781655   1.82204812 107.25493794  5617.549035459757 5632.469809890016 -14.920774430259 
  1.05438446   1.51480066 103.00000000  5628.797346159816 5629.272938068892 -0.475591909076 
  1.16692455   1.72411183 107.72382169  5629.617979019880 5636.611831834040 -6.993852814160 
  0.96775296   1.87283496  73.08168677  5632.422746539116 5637.945151880368 -5.522405341252 
  0.96446195   1.91754334 119.88517536  5636.149878576398 5635.930815458619 0.219063117779 
  1.04569022   1.95050505 109.49942014  5646.834884926677 5644.577681726351 2.257203200325 
  0.86361688   1.54115110 100.64283135  5650.183264553547 5640.272790891585 9.910473661962 
  1.05864923   1.93935502 109.12015946  5658.485125839710 5658.102494511198 0.382631328513 
  1.06557890   1.96119109 101.36895184  5660.333612293005 5668.802180647687 -8.468568354682 
  1.14741503   1.62553838 114.59388925  5661.202230021358 5667.465261861847 -6.263031840490 
  1.00464491   1.49400314 115.30574566  5666.644748777151 5665.711228711015 0.933520066136 
  0.96446195   1.70665305  74.29842423  5669.979655355215 5676.471990316409 -6.492334961194 
  0.96446195   1.81052381  72.27832029  5677.885923206806 5685.339983139759 -7.454059932953 
  1.17121596   1.74379252 100.48337034  5678.878410145640 5688.501262817260 -9.622852671620 
  1.14988262   1.81463607 103.00000000  5683.793023914099 5692.138203159775 -8.345179245676 
  0.97538408   1.86112877  72.63984773  5687.519170597196 5691.129004465182 -3.609833867987 
  0.96446195   1.49759970 120.92531422  5688.113960608840 5685.995269364887 2.118691243953 
  0.96446195   1.78205672  72.41842479  5688.815354734659 5696.305795556269 -7.490440821610 
  1.14979298   1.63673012 115.00021865  5692.512075483799 5705.992041347189 -13.479965863390 
  0.98137383   1.57780948  83.51516348  5699.348494708538 5700.554051626329 -1.205556917791 
  1.11363191   1.68888476  83.18692407  5702.492508515716 5711.675079486906 -9.182570971190 
  1.17271595   1.73667500  99.77751632  5703.189754918218 5713.560856694093 -10.371101775875 
  1.01905340   1.50471367 119.22106787  5708.511783555150 5707.731824219174 0.779959335976 
  1.04434240   1.68032110  77.28364707  5713.995357841253 5720.998387528059 -7.003029686805 
  1.12973918   1.64778187  88.25413369  5715.961809843779 5724.579857490055 -8.618047646277 
  0.82620205   1.74486499  99.87900987  5719.350352019072 5729.337737579771 -9.987385560699 
  0.96995554   1.54634780  87.69441954  5724.365506961942 5738.459563067391 -14.094056105449 
  0.92668504   1.89023970 121.55279184  5748.606053337455 5739.585462441753 9.020590895701 
  0.90287608   1.68888476  77.43607734  5750.376235991716 5759.848805366630 -9.472569374913 
  0.93193823   1.58989430 134.33011091  5752.643248662353 5747.399652875794 5.243595786558 
  1.12930338   1.64092042 120.59181427  5757.045341223478 5761.624705378636 -4.579364155158 
  1.17594994   1.68888476 104.86069578  5758.696554332972 5764.205314886370 -5.508760553398 
  1.04733088   1.68888476 131.55552458  5769.140344366431 5761.806051952342 7.334292414089 
  1.11725315   1.88480472 103.73738208  5769.835544735193 5783.876802886096 -14.041258150903 
  1.06179407   1.68442481 130.30911540  5769.955589011312 5772.446393971699 -2.490804960387 
  1.00844124   1.67498877  75.92743588  5772.171508997679 5774.136667568357 -1.965158570678 
  1.15440545   1.72224561  89.28196198  5775.832837164402 5780.945959214512 -5.113122050110 
  0.84328851   1.64137065  90.04263834  5778.380482986569 5781.773088651509 -3.392605664940 
  0.96328436   1.58566365 134.77097686  5779.573292464018 5777.374674591690 2.198617872328 
  1.02768986   1.54912543  89.10944857  5782.716309621930 5792.010325427777 -9.294015805847 
  1.07643200   1.72510819  77.52015270  5785.418739095330 5799.516579255587 -14.097840160257 
  0.82259337   1.66232286 103.00000000  5788.902783989906 5800.306399178242 -11.403615188336 
  0.88869070   1.54723576  92.02229695  5792.550526931882 5799.091924690793 -6.541397758911 
  1.10956616   1.55015395 101.44633742  5793.844693586230 5804.062297885780 -10.217604299550 
  1.17051702   1.68888476 109.61406540  5800.470430299640 5805.751267202917 -5.280836903277 
  1.17407682   1.68888476 107.64989790  5800.657370448112 5811.844014920151 -11.186644472039 
  0.95480681   1.68888476 135.64658416  5805.928537577391 5803.593730897520 2.334806679871 
  1.13610551   1.65233504  88.60602979  5806.509953424335 5811.099137826405 -4.589184402071 
  0.96446195   1.68888476 135.67839196  5810.814989224076 5803.889659527334 6.925329696743 
  0.91629203   2.01116891  92.59385652  5811.488690331578 5811.125137420634 0.363552910944 
  0.96446195   1.62862722  78.35143224  5818.965093523264 5809.395209224776 9.569884298488 
  1.07157079   1.68888476 129.36888079  5825.829358533025 5822.332735000297 3.496623532727 
  1.17839196   1.68888476 103.00000000  5827.183922499418 5834.913941547265 -7.730019047847 
  0.82171817   1.68888476 102.85787832  5827.416895151138 5835.610730661864 -8.193835510726 
  1.04450437   1.61638891  81.48854164  5829.056752353907 5833.861600765659 -4.804848411753 
  1.12465577   1.66641438  85.48176378  5837.707957193255 5847.299907936896 -9.591950743640 
  1.16429794   1.78499438 103.00000000  5846.411705717444 5855.335628546409 -8.923922828964 
  1.17882247   1.68888476 102.88493085  5846.684823736548 5852.582294413603 -5.897470677054 
  1.02299114   1.73076510  73.93318300  5847.425189390779 5850.894809981012 -3.469620590234 
  1.17799649   1.67324051 103.00000000  5850.987430110574 5863.234221196308 -12.246791085734 
  1.14694018   1.68888476 117.63321704  5855.255276754498 5867.447389021804 -12.192112267306 
  0.96446195   1.48888476 103.00000000  5856.622321322560 5862.025145253467 -5.402823930906 
  1.12171581   1.68888476  83.70791709  5856.851788759232 5865.667500993688 -8.815712234456 
  1.10421226   1.90241337 105.95747511  5859.772914990783 5874.965099194263 -15.192184203480 
  0.95271008   1.89391467  73.17036063  5863.016065731645 5865.022933864032 -2.006868132387 
  1.06912960   1.52414778  99.91495985  5868.537197336555 5872.062899406867 -3.525702070313 
  0.96446195   1.48869347 103.00000000  5870.332309350371 5875.420850464647 -5.088541114275 
  0.97202368   1.95797873 116.20134511  5872.101180717349 5869.869834432754 2.231346284595 
  0.82261984   1.64950616 103.00000000  5874.237141370773 5877.996683166869 -3.759541796096 
  1.09848889   1.71481620  79.71954455  5882.786717072129 5881.437305471337 1.349411600792 
  1.12431230   1.88391117 101.47522845  5887.284135833383 5896.664455133049 -9.380319299667 
  1.16356056   1.69149322 113.18464742  5888.754055470228 5893.917919100049 -5.163863629821 
  1.16307607   1.61481931 107.05034040  5890.331840023398 5891.923470602424 -1.591630579025 
  0.82361064   1.73688562 103.00000000  5891.290023207664 5898.835061766429 -7.545038558765 
  1.17578122   1.68888476 108.16241459  5899.140699699521 5917.028020811686 -17.887321112164 
  0.96446195   1.53898896  88.39560753  5904.324974924326 5914.744024396979 -10.419049472653 
  0.98415367   1.67604926  75.11689364  5909.338263332844 5913.878316963530 -4.540053630686 
  1.17849812   1.71754434  98.44986717  5910.678405672312 5920.474607550084 -9.796201877773 
  1.02927617   1.56775209  85.89468110  5911.646274715662 5917.006570981414 -5.360296265752 
  0.98214442   1.69171103  74.33398129  5913.519366264343 5918.474223345806 -4.954857081463 
  0.89651812   1.69353257  77.38401634  5914.107688605785 5928.939777819157 -14.832089213372 
  0.85560633   1.54030268 103.00000000  5914.224081069231 5919.186197479159 -4.962116409928 
  1.14902386   1.58749219 103.34624283  5915.879418537021 5928.019394372406 -12.139975835385 
  0.97218387   1.59016437  81.51462659  5918.020305857062 5919.659752856817 -1.639446999755 
  0.82279729   1.64208480 103.00000000  5918.409380346537 5925.607873416131 -7.198493069594 
  0.96446195   1.68888476  74.47236181  5920.860306054354 5927.260778608464 -6.400472554110 
  0.85831121   1.89494752 104.20698617  5921.255604714155 5940.811622982337 -19.556018268182 
  1.10884305   1.71764769 124.18090223  5922.629431560636 5934.385090652567 -11.755659091931 
  0.96446195   2.02889447 103.00000000  5924.271340176463 5922.432229394451 1.839110782013 
  1.01098130   1.48848636 109.97698076  5934.745021119714 5930.133054949448 4.611966170266 
  0.82990468   1.68888476 115.05841893  5934.997283324599 5941.776549988590 -6.779266663991 
  0.95443092   1.48474223 105.33103918  5936.025161698461 5936.593776677019 -0.568614978559 
  1.04336634   1.50466433 103.00000000  5941.626979023218 5939.151329009328 2.475650013890 
  0.94416665   2.02401103 103.00000000  5946.123769804835 5932.841571970025 13.282197834810 
  0.82655651   1.69844802 112.38459552  5948.913277566433 5954.968601446389 -6.055323879956 
  0.84349071   1.59454056  94.43137151  5951.535078912973 5957.636852233498 -6.101773320524 
  1.11253737   1.70392772  81.45811921  5956.526361078024 5964.658179177840 -8.131818099816 
  0.91054512   1.68888476  76.34349602  5963.387478366494 5973.080670054000 -9.693191687506 
  0.94845133   1.63080268 136.65745596  5967.820263624191 5967.023940384857 0.796323239334 
  1.01242691   1.68888476  74.87086932  5968.340110823512 5972.483397299026 -4.143286475514 
  0.95943481   1.94446364 118.34950011  5971.406536355615 5970.503084999848 0.903451355766 
  0.96446195   1.59457879 135.85333449  5973.183986335993 5970.585892283343 2.598094052650 
  0.97931320   1.50740472  95.22452843  5975.591931149364 5988.829989372132 -13.238058222769 
  0.96446195   1.48633704 117.85872672  5986.196064680815 5982.937354827617 3.258709853198 
  0.99273996   1.96836238 114.81010442  5991.102928578854 5979.312344470348 11.790584108506 
  0.95369704   1.96720313 115.32976838  5996.797662526369 5983.304915323782 13.492747202587 
  1.17836859   1.65470074 103.00000000  6004.184043109417 5998.811628533297 5.372414576120 
  0.93785896   2.02366564 102.89164506  6004.373031184077 5995.097986237948 9.275044946129 
  1.17248089   1.76736780 103.61478993  6005.014052495360 6011.683035330414 -6.668982835054 
  0.91923755   1.74158001  73.91126872  6007.156261995435 6018.415882781856 -11.259620786422 
  1.16768957   1.63135053  98.71253331  6009.293822258711 6014.695464483901 -5.401642225190 
  0.97540579   1.93359590 119.86297738  6013.565903291106 6014.666502088981 -1.100598797875 
  0.96446195   1.98485650 113.12652562  6013.937472507358 6004.510969297196 9.426503210161 
  0.83099895   1.80052499 102.48226761  6019.977953195572 6031.846680569587 -11.868727374015 
  0.83683463   1.76031689 114.55877853  6022.655210807920 6031.941884736957 -9.286673929038 
  0.96446195   1.53601932  88.58016257  6024.655150994658 6025.575796899155 -0.920645904496 
  0.95552135   1.68888476  74.36859218  6026.556061714888 6026.809483972359 -0.253422257471 
  0.94718104   1.48834750 119.16809272  6026.565078720450 6025.334356103640 1.230722616810 
  0.96446195   1.95667404 117.18379890  6028.046351194382 6022.340336882218 5.706014312163 
  0.96446195   1.68888476 136.38190955  6028.404392719269 6025.430821117333 2.973571601936 
  1.04462798   1.68888476  76.06147023  6032.284352675080 6031.443561100635 0.840791574446 
  0.82807787   1.77656993 105.18064389  6032.589445695281 6040.472835821444 -7.883390126163 
  1.17823976   1.64995001 103.00000000  6035.485477671027 6036.409988259512 -0.924510588485 
  0.96446195   1.97142461 115.23627971  6040.299457862973 6025.095641304155 15.203816558818 
  1.12060022   1.89399804 103.00000000  6045.575742825866 6050.205580177513 -4.629837351647 
  0.83386338   1.62669739  93.87015339  6045.865284740925 6048.304880012748 -2.439595271823 
  1.14390492   1.84975775 103.00000000  6046.285338237882 6057.543789203943 -11.258450966061 
  1.00834451   1.74334698  72.62296670  6049.807968035340 6049.536976151985 0.270991883355 
  0.96446195   1.69829993  73.76953220  6052.410205036402 6056.430561270084 -4.020356233682 
  0.96446195   1.84015446  71.33601122  6053.336589708924 6062.021978627489 -8.685388918565 
  0.82658256   1.69704544 113.37564374  6057.085733309388 6063.378436532930 -6.292703223542 
  0.86692279   1.92672954 103.00000000  6057.104752868414 6072.335798995232 -15.231046126818 
  1.10781707   1.68888476  81.17609126  6057.209789976478 6065.234864148591 -8.025074172114 
  1.01439643   1.48982390 114.97550242  6064.120812445879 6060.544773630835 3.576038815044 
  1.16618310   1.80151898  99.32671610  6068.211907431483 6074.209755265962 -5.997847834478 
  1.14664511   1.70130778  86.41212274  6068.572869598866 6073.821036554967 -5.248166956101 
  1.08697920   1.68888476 128.49620523  6070.569355204701 6070.913003964326 -0.343648759625 
  0.82112525   1.68888476 108.58481972  6073.095406681299 6076.748422896548 -3.653016215248 
  1.04459056   1.68888476 132.85989280  6074.462385684252 6076.238615161783 -1.776229477531 
  1.18161620   1.66135740 103.00000000  6075.329470664263 6085.661713718275 -10.332243054012 
  0.96446195   1.80118802  71.24624301  6078.259347140789 6091.927478095262 -13.668130954473 
  0.90222095   1.58261042  84.51999475  6083.884294882417 6078.144216662602 5.740078219815 
  0.96446195   2.03517588 103.00000000  6084.678819522262 6075.714309707642 8.964509814619 
  1.06391315   1.50655508 110.06330341  6088.748596489429 6085.858216230762 2.890380258667 
  0.89228505   1.97845471 103.00000000  6090.817440688610 6090.782100641521 0.035340047089 
  0.96446195   1.84281086  71.26007157  6091.464674279094 6096.279625607407 -4.814951328313 
  0.90868082   2.00156239 103.00000000  6091.518890321255 6089.980907382636 1.537982938618 
  1.03703048   1.68888476  75.51378509  6096.372148409486 6095.449392266990 0.922756142496 
  1.18328573   1.72295801 103.00000000  6096.631446763873 6101.922221880600 -5.290775116727 
  1.02116910   2.03092323  95.52677798  6096.883023813367 6108.405708953629 -11.522685140262 
  1.08541396   1.52075674 104.88470552  6100.857106596231 6103.141331563141 -2.284224966909 
  1.12171647   1.55257254 102.00300770  6101.907036826015 6106.425101040131 -4.518064214117 
  0.86293383   1.91843779 103.00000000  6107.409109830856 6113.858313488914 -6.449203658058 
  0.92203621   1.68888476  75.32935760  6108.550340473652 6110.336034747978 -1.785694274326 
  1.05211486   1.64896110  78.56667199  6112.469709649682 6122.280098410931 -9.810388761249 
  1.08172657   1.52051213 103.00000000  6115.735321864486 6127.945831299103 -12.210509434617 
  0.96446195   2.05018291  90.61304356  6118.570246770978 6130.171817928052 -11.601571157074 
  1.11592230   1.54500958 103.00000000  6130.085147425532 6133.520640020306 -3.435492594774 
  1.09803529   1.68888476  79.86590793  6135.682284653187 6137.703725037100 -2.021440383913 
  0.97944015   1.93542965 120.16501031  6139.413570880890 6135.520979289160 3.892591591730 
  0.95025529   1.68888476 136.63541985  6145.513198509812 6133.057493074039 12.455705435774 
  1.14001777   1.65732016 120.78011734  6147.069506630301 6149.728905615090 -2.659398984789 
  0.98128314   2.03696812 103.00000000  6149.181076109409 6139.947695117196 9.233380992213 
  0.82680796   1.78320824 103.00000000  6153.774469718337 6158.285614013284 -4.511144294946 
  0.91138650   1.96412085 112.43433878  6155.069910869002 6142.200568260652 12.869342608350 
  1.17708510   1.68888476 110.49106383  6159.968289971352 6160.518547850638 -0.550257879287 
  1.14049940   1.68888476 120.62437941  6160.578677117825 6164.730902900437 -4.152225782613 
  0.86582614   1.59863531  87.19271270  6161.267188265920 6160.879692327583 0.387495938337 
  0.94068523   1.56450288 134.51593396  6162.493271142244 6157.820939688557 4.672331453688 
  1.10428378   1.72597546 125.51432950  6169.966335803270 6175.560166833144 -5.593831029873 
  1.15279327   1.68888476  87.63276637  6176.109190151095 6179.923982929566 -3.814792778470 
  0.96446195   2.04846870  88.16586848  6177.080268219113 6180.242599982416 -3.162331763303 
  1.11869325   1.68888476  82.08437139  6179.910826265812 6184.742300783130 -4.831474517318 
  1.11364398   1.91281494 103.00000000  6185.585816711187 6203.239257724404 -17.653441013216 
  0.96590461   1.48007179 115.35901551  6195.456664308906 6190.076100163588 5.380564145317 
  0.92835363   1.95880389 115.86908734  6199.011454015970 6185.907104476749 13.104349539221 
  1.17568183   1.77946513  98.84117550  6199.130455031991 6204.928314832384 -5.797859800393 
  0.84941428   1.63795811 125.23728220  6204.143288344145 6204.417729536927 -0.274441192782 
  0.87840264   1.96660960  99.19154183  6205.874033957720 6218.433165074908 -12.559131117188 
  0.88972789   1.50977655  99.65171126  6210.836516469717 6213.359850477867 -2.523334008150 
  1.16834778   1.78941868 105.58510006  6211.360675841570 6218.971680423263 -7.611004581693 
  0.89767477   1.72557279  75.44982983  6214.031586870551 6225.598690888927 -11.567104018376 
  1.17313375   1.62045884 102.65919221  6214.276689842343 6220.878775494308 -6.602085651964 
  0.96446195   1.67942134  74.27739270  6216.997718468308 6219.967976600808 -2.970258132500 
  0.96446195   1.89766285  71.84703703  6219.915892571211 6223.154638633766 -3.238746062555 
  1.05896526   1.73239053  74.76211325  6223.993034228683 6224.544978681685 -0.551944453003 
  0.96446195   1.68830611  73.82264589  6225.682210296392 6232.450333340843 -6.768123044450 
  1.16746744   1.60637441 107.40561385  6226.055063679814 6235.153510649367 -9.098446969553 
  0.96446195   1.78034709  71.08887825  6233.071602553129 6241.609095109588 -8.537492556459 
  0.88981481   1.97651931 104.24837303  6233.630312994123 6240.173790971612 -6.543477977490 
  1.16245483   1.59630813 107.79079002  6238.407897353172 6243.018630786095 -4.610733432923 
  0.96446195   1.68888476  73.76884422  6246.550665199757 6244.848149958038 1.702515241719 
  1.12484609   1.88515477 106.15560836  6253.032960623503 6259.446474379019 -6.413513755517 
  1.04955943   1.68888476 133.00272154  6255.779045388103 6245.592117538784 10.186927849319 
  1.06458871   1.98531231 102.19034701  6256.243084639311 6257.868332556694 -1.625247917384 
  0.96446195   1.68888476 137.08542714  6256.645083755255 6249.511976827527 7.133106927728 
  1.09898613   1.68888476 127.66461128  6260.214396640658 6254.388122739140 5.826273901518 
  0.96849328   1.93125668 121.28639620  6264.679288953543 6259.803315276141 4.875973677402 
  0.96446195   1.96574379 117.25920138  6270.968290761113 6254.036809171491 16.931481589622 
  0.96446195   1.58380540  81.35878952  6273.039724349976 6270.287149590827 2.752574759149 
  0.96446195   1.53508306 132.09761088  6274.310598507524 6269.982724314030 4.327874193494 
  0.85654111   1.61640116  86.82368589  6278.923291623592 6286.831169230976 -7.907877607384 
  0.96446195   1.71200415  72.66406864  6302.939359620214 6310.431000591436 -7.491640971222 
  0.94038455   1.93281265 120.55978409  6304.368179559708 6305.476450536175 -1.108270976467 
  1.08244594   1.72916338 128.68057542  6309.880460828543 6309.310297675596 0.570163152946 
  0.94748972   1.65229383  75.87297572  6315.458392828703 6309.413955262056 6.044437566647 
  0.81794910   1.71974667 103.00000000  6316.488364994526 6325.600433735860 -9.112068741334 
  1.18968787   1.68325570 103.00000000  6316.559315562248 6330.184991751577 -13.625676189329 
  0.96446195   1.48241206 103.00000000  6319.521436750889 6326.652553000147 -7.131116249258 
  0.97689052   1.87338513  70.89199848  6323.589941814542 6334.759558939902 -11.169617125361 
  0.93174938   1.51535150  92.52719521  6331.115767538548 6337.840852695572 -6.725085157024 
  0.98546350   2.04363665 103.00000000  6339.892001241446 6323.261329425223 16.630671816222 
  0.95520143   2.04735694  85.71423793  6340.476263284683 6335.845261882893 4.631001401790 
  1.03651089   1.68888476 134.35155951  6341.279501020908 6333.812397564326 7.467103456583 
  0.95174814   1.71737337  72.58703875  6341.897050604224 6349.275822702992 -7.378772098768 
  0.81658291   1.68888476 103.00000000  6345.924470141530 6349.616884445042 -3.692414303512 
  0.90760897   1.68888476  75.67570083  6346.275085255504 6352.002139619553 -5.727054364050 
  0.96446195   1.98786167 114.70812736  6347.877614408731 6332.232700474513 15.644913934218 
  0.99151748   1.72228933  72.22436692  6358.324767336249 6352.733207050633 5.591560285617 
  1.18984317   1.70849167  99.28153787  6359.903533056378 6366.899435992408 -6.995902936030 
  0.96446195   1.96044984 118.46760025  6360.449678048491 6361.524005245573 -1.074327197081 
  1.11901154   1.54023627 104.36039973  6376.159700661898 6375.071857861945 1.087842799952 
  1.18993953   1.72514374 101.14350408  6380.301396518946 6382.202417120010 -1.901020601064 
  0.96446195   2.06069161  90.29763153  6388.266482561827 6381.685352195091 6.581130366736 
  0.96446195   1.69905492 137.23284891  6394.113860294223 6386.941521428438 7.172338865785 
  0.87643664   1.96232278 102.75797020  6394.480872645974 6398.896606358941 -4.415733712966 
  0.96446195   2.04773869 103.00000000  6395.991200149059 6381.703647344299 14.287552804760 
  0.96446195   1.75072609  71.27584008  6398.419903263450 6402.810943584528 -4.391040321078 
  0.91709738   2.02311355 103.00000000  6398.972468778491 6392.054068534761 6.918400243731 
  1.07478975   1.68888476  77.02182418  6399.071364060044 6402.509865078719 -3.438501018675 
  0.83025762   1.75195270  88.99029593  6404.365475982428 6414.440585841076 -10.075109858648 
  1.08543088   1.64541187 130.16677693  6406.573832884431 6401.344941244442 5.228891639988 
  1.01481293   1.66526540 136.38767225  6407.206731766462 6399.499884078750 7.706847687712 
  1.19061695   1.68888476 105.57035833  6409.674455165863 6415.626507929959 -5.952052764096 
  0.96480764   1.48120843 103.00000000  6409.840500503778 6416.040484797087 -6.199984293308 
  1.11420564   1.67786537 126.36448111  6419.048655062914 6418.811798713467 0.236856349446 
  1.07366521   1.70841627  76.02516642  6420.939259424806 6426.987263698632 -6.048004273826 
  1.12239768   1.68888476 125.01500660  6426.296128943563 6433.395074906735 -7.098945963173 
  0.94149075   1.48982749 122.67282239  6432.705377399921 6438.891946192314 -6.186568792393 
  0.96446195   1.58274031 136.87517631  6434.214433118701 6435.044675110123 -0.830241991422 
  0.81780202   1.69023534 109.06222915  6439.667187467217 6446.271413565760 -6.604226098542 
  0.87029844   1.51309446 103.00000000  6439.754587203264 6447.496359359241 -7.741772155977 
  0.96446195   1.56415881 135.72437022  6450.928641721606 6445.658222518127 5.270419203479 
  1.10492028   1.92851420 105.84616145  6469.684288129210 6470.745817000734 -1.061528871523 
  0.90211790   2.00816303 103.00000000  6471.015102177858 6462.519339099713 8.495763078146 
  0.95208293   1.68888476 137.71099498  6474.516063779593 6468.964359983896 5.551703795697 
  1.18365091   1.76894644 103.00000000  6474.740045875311 6479.827116674097 -5.087070798786 
  1.18980229   1.68791702  97.51630564  6474.945889443159 6479.422240154577 -4.476350711418 
  1.18839131   1.68888476 108.55417222  6476.569106265903 6482.411959683867 -5.842853417965 
  1.19346734   1.68888476 103.00000000  6476.743746936321 6483.293002968805 -6.549256032484 
  0.96446195   1.68888476 137.78894472  6482.334055230021 6475.999783515449 6.334271714572 
  0.91549377   1.65800809 136.88196209  6482.427572399378 6478.848142153479 3.579430245899 
  0.96446195   2.05574881  85.62376487  6488.676833063364 6489.669941099033 -0.993108035669 
  1.19063719   1.69928395  97.28785680  6488.983077213168 6496.828884998131 -7.845807784963 
  0.97616102   1.68888476  73.17028635  6488.995025843382 6494.841829579439 -5.846803736057 
  0.86974990   1.68888476  79.29821815  6490.072174385190 6500.332610492450 -10.260436107260 
  1.07871887   1.65191301  79.21588758  6494.361137315631 6497.684604494793 -3.323467179162 
  0.90932852   1.72963148  73.72252637  6495.020324498415 6510.098727961344 -15.078403462929 
  1.18151395   1.67921639 112.08417052  6496.823738336563 6504.418251736016 -7.594513399453 
  1.16903369   1.68325481  89.80032983  6497.873786211014 6504.610605056100 -6.736818845086 
  1.18026992   1.72588178  91.86271946  6498.696548387408 6507.431528023452 -8.734979636044 
  0.82357846   1.76036614 108.89840154  6500.028205901384 6509.601423267068 -9.573217365683 
  0.89451941   1.99861005 103.00000000  6501.505397170782 6501.587703218752 -0.082306047970 
  0.89036263   1.54733951  89.33038291  6509.556364998221 6513.031311172678 -3.474946174457 
  1.13352233   1.89413355 102.92592599  6510.804415822029 6530.548132844545 -19.743717022516 
  0.90174361   1.57238930  84.61338301  6525.686311602592 6515.449551202866 10.236760399726 
  1.13860461   1.65429867 122.89476269  6525.864705011249 6531.623272927505 -5.758567916257 
  0.95927211   2.02355988 109.92762643  6528.365863665938 6508.736301560582 19.629562105357 
  1.03003655   1.68888476  74.14216648  6530.965838894248 6535.710597351047 -4.744758456799 
  0.90459393   1.68888476  75.46597807  6531.034674301744 6542.334546498288 -11.299872196544 
  1.05864691   1.68555895 133.20957096  6535.928279757500 6532.482035097823 3.446244659676 
  1.01941790   1.48788896 102.77270433  6539.488551378250 6541.488745043006 -2.000193664756 
  1.06630963   1.99329679 103.00000000  6542.331055045128 6549.954270568023 -7.623215522895 
  0.96446195   1.68888476 138.00000000  6546.209628969431 6544.394886793412 1.814742176019 
  0.99768162   1.58634613 136.46186105  6546.787139117718 6540.580625086563 6.206514031155 
  1.00834763   1.68888476 136.79048148  6550.103992417455 6545.685207420185 4.418784997270 
  0.96446195   2.05402010 103.00000000  6550.619365721941 6534.295853117350 16.323512604591 
  0.96446195   1.69232317  72.94635452  6552.078682616353 6553.808378010617 -1.729695394264 
  1.03781136   1.49983513  99.52391021  6553.813428103924 6554.194483604928 -0.381055501004 
  0.87446810   1.71643072  77.48274692  6555.354909688234 6564.240706601950 -8.885796913716 
  0.96446195   2.02393740 110.16619793  6557.037189736962 6532.255657084882 24.781532652080 
  1.19385137   1.69238076 105.76006323  6561.363067790866 6562.965812045254 -1.602744254388 
  1.12310459   1.91016068 104.25744318  6562.163905069232 6575.063964562652 -12.900059493420 
  0.96446195   1.53426239  87.29927649  6564.765719115734 6568.159557723378 -3.393838607644 
  0.81446195   1.68888476 103.00000000  6565.767341405153 6570.587437542275 -4.820096137121 
  0.91441287   2.01124804 107.24810585  6566.191608667374 6553.793963499724 12.397645167650 
  0.96446195   1.68888476  73.06532663  6569.266179844737 6571.658809485548 -2.392629640811 
  1.16604877   1.82873965 103.00000000  6570.363939270377 6579.982072657489 -9.618133387112 
  1.09826226   1.68888476  78.53177583  6571.605656057596 6573.505607376553 -1.899951318956 
  0.81855326   1.75441111 103.00000000  6574.347000256181 6578.808752590215 -4.461752334034 
  0.97700095   1.71210167  72.01472201  6576.872193336487 6576.664409524205 0.207783812282 
  0.97945654   1.87164602 127.95659292  6580.572557047009 6589.279907495063 -8.707350448053 
  1.18656920   1.76335386  96.23507351  6584.699625343084 6588.442876885029 -3.743251541945 
  1.11035745   1.94346812  99.70012997  6585.451192945242 6598.279569521812 -12.828376576570 
  1.12263222   1.91599775 103.00000000  6590.218828961253 6597.627537987116 -7.408709025863 
  1.04990031   1.71245770  73.92283225  6592.604256749153 6590.209838284680 2.394418464473 
  1.18891749   1.68888476 109.75921092  6593.654307410121 6599.785496736436 -6.131189326316 
  1.16575543   1.83621727 100.80684796  6594.135631412268 6609.508546208949 -15.372914796681 
  0.96446195   1.68888476  73.00000000  6595.540852278471 6602.475953962156 -6.935101683685 
  0.96446195   1.47473111 106.13228977  6603.074581280351 6598.922591881280 4.151989399071 
  0.97737667   1.95166281 120.65286216  6615.749818593264 6615.552471162248 0.197347431015 
  0.97205082   1.71040123  71.99195307  6618.413783833385 6622.612498967300 -4.198715133915 
  1.18383877   1.78144680 103.00000000  6619.981078490615 6633.134552035246 -13.153473544631 
  0.99645460   1.53497974 132.38078046  6622.478914707899 6614.554732549159 7.924182158740 
  0.88074000   1.68888476  77.51038728  6623.148719668388 6634.022918264444 -10.874198596056 
  0.96791517   1.47202446 110.49745805  6625.721269056201 6629.822344971533 -4.101075915332 
  0.96446195   1.55888169  83.45372802  6627.588354021311 6632.582845078290 -4.994491056979 
  0.93793943   1.50005744  94.96273200  6629.643587961793 6649.889080380492 -20.245492418700 
  0.95180224   1.64853650 138.89841567  6635.823689401150 6644.916476426823 -9.092787025674 
  0.89626728   1.51847318  93.81457881  6647.686656460166 6656.449021860162 -8.762365399996 
  1.13151873   1.68572759 124.57694380  6652.761782526970 6661.484028225677 -8.722245698707 
  1.02183922   1.68888476 136.38766763  6659.971090540290 6657.392739339429 2.578351200861 
  0.84719853   1.60711337  88.66641162  6664.597234576941 6662.574058797059 2.023175779882 
  1.18461145   1.62265660 106.93663009  6665.151301786304 6673.133971180170 -7.982669393867 
  1.19749761   1.68137166 103.00000000  6665.594694554806 6674.327116005593 -8.732421450787 
  1.12424231   1.68888476  81.04619877  6665.717858687043 6674.306700072641 -8.588841385598 
  1.17156919   1.59365698 104.03701888  6667.161956697702 6677.016360772426 -9.854404074724 
  0.92766399   2.04364421 103.00000000  6670.682531163096 6663.571975098645 7.110556064452 
  0.92282713   1.64051872 138.08324897  6675.709470719099 6676.392190235440 -0.682719516341 
  0.93684159   1.58147996 137.29981975  6678.960964187980 6671.783368234631 7.177595953349 
  1.18914644   1.75808944  95.66746596  6680.152144759893 6688.535195455132 -8.383050695238 
  1.07241727   1.50563232 103.00000000  6682.186787053943 6686.556672697921 -4.369885643979 
  0.84154588   1.67615512  84.92558090  6688.169207125902 6695.132778535886 -6.963571409984 
  1.18828044   1.77081449 103.00000000  6691.528003722429 6699.010368385082 -7.482364662653 
  1.17990130   1.79954728 103.00000000  6693.355824291706 6705.973374535094 -12.617550243388 
  0.86740000   1.65174339  81.01385540  6694.682241514325 6705.836558530738 -11.154317016413 
  0.96446195   1.68888476 138.49246231  6695.961631163955 6704.755993060604 -8.794361896649 
  1.01996096   1.48534347 103.00000000  6698.611453726888 6707.080355898506 -8.468902171619 
  0.87327577   1.50607963 103.00000000  6700.272936031222 6709.635937820673 -9.363001789451 
  0.96446195   1.47319932 106.20318913  6702.292029067874 6710.333027875436 -8.040998807562 
  0.96446195   1.93655078 122.72030498  6710.745413631201 6714.868060466893 -4.122646835692 
  1.07892895   1.50363849 108.38221932  6711.363074332476 6714.433922704041 -3.070848371565 
  0.96824513   2.07685545  92.99747792  6725.472883388400 6715.969350884637 9.503532503763 
  0.95302121   1.92333813 123.85943116  6726.549832791090 6723.926789030019 2.623043761071 
  1.13656446   1.54710417 105.04967222  6728.195258259773 6725.386990195037 2.808268064737 
  0.97870996   1.71393930 137.61898864  6732.300988346338 6719.835553117890 12.465435228448 
  0.92975443   2.01587825 110.41552911  6732.653371229768 6707.608602222324 25.044769007443 
  0.84896832   1.63986810  85.09082953  6734.409404441714 6743.428315438852 -9.018910997138 
  1.00463711   1.48186702 118.91703113  6739.952694013715 6738.917342988977 1.035351024738 
  1.18044344   1.73757970  90.00907506  6741.892497673631 6752.658419752784 -10.765922079153 
  1.01707740   1.67753407  73.78467816  6741.942547887564 6746.911111056885 -4.968563169321 
  0.91124580   2.03098685 103.00000000  6762.425655514002 6743.104372959137 19.321282554865 
  1.07665846   1.69696192 131.93428716  6763.676816672087 6757.744414142257 5.932402529829 
  1.19183063   1.74331664 106.84732962  6769.705955624580 6775.824053257257 -6.118097632677 
  1.19578899   1.68153495 108.21093779  6770.393992036581 6779.533201109076 -9.139209072495 
  1.19514679   1.74881132 103.00000000  6773.542313635349 6781.671337261015 -8.129023625665 
  0.82312657   1.68888476 116.50853334  6774.112913340330 6780.940920165730 -6.828006825400 
  1.18190166   1.64076197  95.39861665  6775.791118934751 6780.509479583696 -4.718360648945 
  0.96446195   1.96713668 119.74374894  6776.453588902950 6780.314416746819 -3.860827843869 
  1.14131039   1.89256755 103.00000000  6782.505144119263 6801.688348882006 -19.183204762743 
  0.91526968   1.47771299 115.25651188  6787.968688830733 6792.383465226077 -4.414776395343 
  0.96446195   1.70995618  71.68534881  6793.621428519487 6801.580797771591 -7.959369252104 
  1.15372936   1.57802003  98.10337263  6796.440042912960 6802.074851800992 -5.634808888032 
  1.02052929   1.69790609 136.67272934  6800.262707337737 6794.388887022938 5.873820314800 
  0.96446195   1.47613065 103.00000000  6803.109344646335 6800.372339348638 2.737005297697 
  1.20100503   1.68888476 103.00000000  6805.045095697045 6812.086387947576 -7.041292250531 
  1.17924049   1.73136151 113.52205041  6814.075957342982 6819.465980001291 -5.390022658309 
  0.87171306   1.95828970 106.02021697  6814.189525425434 6818.335102619030 -4.145577193596 
  0.96446195   1.70052399 138.48637014  6816.395728528500 6809.602592399388 6.793136129111 
  1.05401819   1.73268243 133.12035373  6818.290457144380 6810.833328695107 7.457128449272 
  0.96446195   1.97237450 119.25969046  6820.243402108550 6805.219725928921 15.023676179630 
  0.94755125   2.02134677  77.49435714  6825.105342656374 6799.192600469801 25.912742186573 
  0.96446195   1.47287751 105.06286827  6826.967319712043 6829.764257776505 -2.796938064463 
  0.98600623   1.73256490  70.76947939  6830.405950337648 6835.745073024355 -5.339122686707 
  1.17961577   1.77662227 109.39177354  6833.755438163877 6842.331910110603 -8.576471946726 
  1.00684180   1.75607801  70.40590269  6836.911960572004 6836.881106979083 0.030853592922 
  0.83008278   1.81859889 108.41657244  6837.913035854697 6847.181553848355 -9.268517993658 
  0.97063427   1.94714333 122.18764717  6843.763500005007 6837.193772068301 6.569727936706 
  1.09002047   1.68888476 130.91368382  6844.339255928993 6839.230246311744 5.109009617249 
  0.99094119   1.83426412  69.23326295  6847.486289933324 6848.939370321641 -1.453080388317 
  1.20043165   1.71640027  98.76020154  6849.419658228755 6855.298837424067 -5.879179195312 
  1.19734243   1.72327780  96.05129828  6857.193098977208 6866.005066929109 -8.811967951900 
  0.96446195   1.82457319  69.17641056  6868.596462890506 6876.934140250653 -8.337677360148 
  0.95890651   1.66117621  73.93796850  6870.491466373205 6874.833671412273 -4.342205039068 
  0.97136033   1.80041527  69.26308553  6871.476773336530 6882.402620178488 -10.925846841958 
  1.01752708   1.63192606 137.74795970  6872.814779534936 6870.634207050991 2.180572483945 
  1.13185607   1.68888476  81.29015801  6874.198987811804 6880.885126075073 -6.686138263270 
  0.84066267   1.70290075  83.48523256  6875.867343410850 6888.940326629660 -13.072983218811 
  0.90095136   1.48049310 108.64537793  6876.312805905938 6888.270697244940 -11.957891339002 
  1.10674786   1.95444840 103.00000000  6894.109448522329 6899.075042157795 -4.965593635466 
  1.20313948   1.69452971 103.00000000  6898.475650548935 6901.076446012769 -2.600795463834 
  1.20241703   1.68888476 104.97663275  6900.419932365417 6909.469485662364 -9.049553296946 
  1.01537036   1.74020458  70.86797930  6900.998597815633 6905.664342398396 -4.665744582763 
  0.96446195   1.68888476  72.36180905  6902.576557815075 6907.761949585822 -5.185391770747 
  1.10158033   1.68888476  77.84529523  6902.857864961028 6909.137816173563 -6.279951212535 
  1.06993066   1.66341927  76.71737770  6903.897207662463 6911.230791613069 -7.333583950605 
  0.96446195   1.56786999 137.58819901  6911.665440469980 6908.076666465061 3.588774004919 
  0.98301806   1.68005800 139.06782784  6912.867463961244 6914.102973341654 -1.235509380410 
  1.18342310   1.60492802 104.07175135  6920.227856442332 6922.258846049316 -2.030989606984 
  1.10903518   1.68888476  78.50616090  6922.662845969200 6931.066146198324 -8.403300229123 
  1.11429671   1.94468005 103.00000000  6924.498393639922 6938.941677171135 -14.443283531213 
  1.19317272   1.68888476  93.84564619  6930.809809684753 6934.590247740390 -3.780438055636 
  0.90094246   1.68888476  74.85675828  6937.295198157430 6943.273870100454 -5.978671943024 
  0.96446195   1.68888476 139.19597990  6941.357153490186 6935.637307518210 5.719845971976 
  0.99805713   1.68888476 138.45121477  6943.181885510683 6935.534915646790 7.646969863893 
  0.93697579   1.75450392  70.61143767  6944.894190981984 6958.711262544103 -13.817071562119 
  0.81212687   1.72333609 103.00000000  6951.503294646740 6961.597544401873 -10.094249755133 
  1.20445158   1.68888476 102.75297270  6954.951669305563 6962.210793594620 -7.259124289057 
  1.14790573   1.70361187 122.70218250  6960.077400892973 6967.005440473160 -6.928039580187 
  1.19890790   1.64587300 103.00000000  6964.032018482685 6968.739636037902 -4.707617555217 
  1.01756930   1.75932600  70.28530300  6970.639729112387 6973.191547645563 -2.551818533177 
  1.05213757   1.68888476 135.14712109  6972.687716752291 6969.698336881064 2.989379871226 
  0.96446195   1.57193490 138.06073185  6974.542318642139 6970.088809251218 4.453509390922 
  1.18986719   1.64312349  96.34990343  6977.698557049036 6983.516857616401 -5.818300567365 
  0.82731462   1.71960515 118.53278467  6977.744873538613 6994.518724426316 -16.773850887703 
  0.96969205   1.57793758  80.32992127  6983.414224311709 6983.934722085161 -0.520497773452 
  0.96446195   1.74270044  70.17478257  6985.229083746672 6999.356930611921 -14.127846865249 
  1.19329623   1.66119947  95.40813537  6986.482983693480 6998.939669266667 -12.456685573186 
  0.96876605   1.47525795 120.46430846  6988.548213273287 6995.100789446207 -6.552576172920 
  1.03438997   1.49445834  98.55718803  6990.778555840254 7004.743000563976 -13.964444723722 
  1.19356212   1.77806571 103.00000000  6994.717521905899 7010.622316223155 -15.904794317256 
  1.12815018   1.69168014 126.41562240  7004.481445148587 7005.801580550306 -1.320135401718 
  1.13933314   1.69153660 124.66782327  7005.518275469542 7010.034768595809 -4.516493126267 
  0.98606814   1.47481901 103.00000000  7008.229353800416 7011.660805808201 -3.431452007785 
  0.96446195   2.07286432 103.00000000  7011.706662908196 6989.810697077593 21.895965830604 
  0.86417569   1.68888476  78.78089704  7017.651646584272 7023.681436070556 -6.029789486283 
  1.12913319   1.54810595  97.82045302  7025.590305373073 7033.797170290208 -8.206864917135 
  0.94799494   2.06670183  83.01939613  7033.800444498658 7023.745714677969 10.054729820689 
  1.00025679   1.54451838 134.85033995  7034.416513934731 7027.018568304543 7.397945630189 
  0.97065214   1.68888476 139.47027281  7043.422222137451 7040.896226872690 2.525995264761 
  1.01796809   1.51299602  91.46638657  7046.504512310028 7054.508197810297 -8.003685500269 
  0.97456886   1.58676886  79.24809038  7046.906907752156 7052.127007555810 -5.220099803653 
  0.84659253   1.60060556  88.15086806  7050.315074592829 7059.669347853315 -9.354273260486 
  1.04798835   2.04598625  97.83943385  7054.120820403099 7067.062800887637 -12.941980484538 
  1.20355814   1.68888476 107.46920015  7064.081205517054 7070.126912498779 -6.045706981726 
  0.86872037   1.50070579 105.20046684  7069.891494944692 7067.731798376623 2.159696568068 
  1.08357988   2.00322890  99.41289558  7071.898626998067 7084.772750292440 -12.874123294373 
  0.84136178   1.68888476  83.14187533  7073.041439205408 7083.533147463155 -10.491708257747 
  0.90705855   1.61025804 137.96198012  7076.636908784509 7073.614989602844 3.021919181665 
  1.07450681   1.64603507  77.75181200  7076.868791848421 7079.675755230628 -2.806963382207 
  0.84199212   1.68888476  82.96088741  7085.434636890888 7090.399710311201 -4.965073420313 
  0.94566425   1.65551765 140.11816585  7087.086507782340 7085.383197496350 1.703310285990 
  1.09675203   1.65834615 131.32013897  7088.635897815228 7088.614978933387 0.020918881841 
  0.92802993   1.61812207 139.50917520  7090.279053479433 7089.149709711664 1.129343767769 
  1.16062320   1.68888476 121.27069458  7090.317561283708 7101.399587625162 -11.082026341454 
  0.80966531   1.67305368 103.00000000  7092.513685017824 7098.753454510485 -6.239769492660 
  1.00482707   2.01404339 114.06021643  7094.057522028685 7075.812442623273 18.245079405411 
  1.08545506   1.99284293 103.00000000  7096.852576926351 7100.729528480290 -3.876951553940 
  1.09875109   1.70426744  76.33936405  7097.312130361795 7102.384860852787 -5.072730490991 
  1.17741403   1.62732222  93.39376255  7098.452149242163 7101.575423007213 -3.123273765051 
  0.80964821   1.68633376 105.07118868  7106.637209594250 7107.196259261203 -0.559049666953 
  1.14417349   1.65285819  84.37273188  7108.406101331115 7106.206002970710 2.200098360405 
  1.18410704   1.68888476  89.61765004  7109.624978378415 7120.422970562951 -10.797992184536 
  0.88142927   1.98495039 107.28929246  7110.463868230581 7115.205256553962 -4.741388323381 
  1.16580691   1.56974835 109.56321341  7117.760040506721 7120.411652217295 -2.651611710575 
  1.00243155   1.68888476  72.06204804  7124.224439561367 7122.877864301345 1.346575260022 
  0.96959117   1.68888476  71.86117621  7125.895332932472 7131.332021187739 -5.436688255267 
  0.94601570   1.99077691  73.26576456  7134.345052570105 7114.595107169103 19.749945401001 
  1.20854271   1.68888476 103.00000000  7136.209180250764 7143.542053932863 -7.332873682099 
  1.20254884   1.68799604  95.99271329  7137.746820941567 7144.171371914732 -6.424550973165 
  0.81809815   1.69363093 115.46568554  7138.837786033750 7145.286624875099 -6.448838841349 
  1.19443721   1.76127599 107.93222336  7140.261503711343 7150.971577892015 -10.710074180673 
  0.96446195   1.66900781  72.88098631  7140.828184917569 7145.647923222579 -4.819738305010 
  0.98200380   1.53388755 134.84359096  7145.248621061444 7134.249087830143 10.999533231301 
  0.96446195   1.79339116  68.77387499  7147.692244306207 7158.956285968270 -11.264041662063 
  0.96446195   1.59920174 139.89437202  7148.644379705191 7146.625371995409 2.019007709781 
  0.80904523   1.68888476 103.00000000  7151.231113404036 7157.942107603711 -6.710994199675 
  1.05583113   1.68888476 135.40226341  7152.368091434240 7149.104924160265 3.263167273975 
  0.96446195   2.09039881  87.50061005  7157.215584352612 7160.104624971801 -2.889040619189 
  0.98446094   1.62041962  76.04437009  7159.579796761274 7157.660380510058 1.919416251217 
  1.05172868   1.65922769 136.17950280  7162.963507473469 7155.529626856719 7.433880616750 
  1.04082364   1.71869421  71.86643635  7168.756061032414 7164.040773874842 4.715287157573 
  0.96446195   1.68888476 139.89949749  7169.243295505643 7168.495282223394 0.748013282248 
  1.20469328   1.65254848 101.77145580  7169.903195425868 7177.803279012040 -7.900083586172 
  0.83090144   1.74954318  84.84190404  7171.406780242920 7186.367433133002 -14.960652890082 
  0.95501915   1.72259061  70.57155002  7174.045705273747 7181.552992621219 -7.507287347472 
  0.85853236   1.95137558 103.00000000  7174.275654166937 7187.612756134276 -13.337101967339 
  0.87347024   1.99136611 101.47486691  7180.587935850024 7190.700994357180 -10.113058507156 
  1.15521930   1.68888476 122.73178436  7181.833356410265 7190.275841430038 -8.442485019773 
  0.95407837   2.07817327 103.00000000  7184.243553996086 7163.974401275478 20.269152720608 
  0.99727216   1.49377276  94.83527282  7186.888024106622 7197.554773572901 -10.666749466279 
  0.89377249   1.58441369  82.29438661  7189.874138891697 7183.928745736440 5.945393155257 
  0.96446195   1.61813367  76.16556308  7191.361533597112 7188.962485977990 2.399047619122 
  0.93621422   1.55107734 136.91581025  7193.789895728230 7186.463038606407 7.326857121823 
  1.20358088   1.64316334 103.00000000  7200.925550550222 7202.655451289304 -1.729900739082 
  0.96446195   2.09003578  86.45035895  7202.509257763624 7202.578916472068 -0.069658708444 
  0.98656616   1.68888476 139.63161558  7203.449393585324 7197.499937338741 5.949456246583 
  1.20560701   1.65119220 103.00000000  7204.508434563875 7209.442861146033 -4.934426582158 
  0.86814764   1.74094009  76.07805317  7211.090231463313 7219.866260080256 -8.776028616943 
  1.18059827   1.68888476 117.41735950  7211.760139837861 7216.411418177418 -4.651278339556 
  0.95955816   2.07221474 105.28346741  7213.412359207869 7178.147703733665 35.264655474203 
  0.95247282   2.09109028  88.01636030  7213.515713408589 7210.746952292496 2.768761116094 
  0.93787172   1.89713862 127.56592198  7221.871753513813 7222.934802586467 -1.063049072654 
  0.96527864   1.58896469 139.71930904  7223.142575442791 7210.789074869779 12.353500573012 
  1.15346609   1.71759946 122.40473370  7224.434950619936 7226.497978391307 -2.063027771371 
  1.18285217   1.71743145 116.02645462  7225.808841347694 7231.282734360951 -5.473893013256 
  0.88839426   1.48792252 103.00000000  7226.391934812069 7233.248873993569 -6.856939181500 
  0.99750975   1.76822419  69.05625960  7228.015136629343 7241.784314184173 -13.769177554830 
  0.90425166   1.48272890 101.68832323  7236.994931787252 7250.501960971601 -13.507029184349 
  1.14472410   1.90791563 103.00000000  7238.769825071096 7260.115838072643 -21.346013001546 
  0.96446195   1.68888476  71.65829146  7244.457795128226 7253.226097236546 -8.768302108319 
  1.02390183   1.47378903 107.94173595  7245.466011315584 7248.088052111979 -2.622040796395 
  1.00772299   1.51979872  88.81008011  7246.853612154722 7263.473311554056 -16.619699399334 
  0.82424072   1.83341889 103.00000000  7255.518166556954 7274.123606978650 -18.605440421696 
  1.20491235   1.75987316 100.99773238  7262.236754074693 7269.788418985689 -7.551664910996 
  0.94639588   1.51265559  89.54664200  7262.538134709001 7268.907837338593 -6.369702629592 
  0.94588371   2.07854971 103.00000000  7267.763924434781 7243.262979183053 24.500945251728 
  1.19900271   1.62939170 108.71419262  7273.603232845664 7275.124310112887 -1.521077267223 
  1.06923876   1.68725288  74.42540102  7278.358469814062 7281.154025522910 -2.795555708848 
  0.91527669   2.05700789 103.00000000  7282.032231792808 7273.476166930829 8.556064861978 
  1.16552569   1.69334279  84.56463045  7286.716403514147 7297.222472785925 -10.506069271778 
  1.14098859   1.68250239  81.34075967  7288.547271430492 7298.060975386309 -9.513703955817 
  0.96446195   1.46984925 103.00000000  7295.814260020852 7297.250599596320 -1.436339575468 
  1.17662035   1.62402748  92.33993778  7299.844551399350 7307.012399230968 -7.167847831618 
  0.91048777   1.53744148  86.69942275  7301.594479084015 7313.778795843332 -12.184316759317 
  1.02082759   1.67823010 138.67737532  7313.370137974620 7309.005985229461 4.364152745159 
  1.19175136   1.81225504 100.67322145  7317.184545576572 7325.332909446256 -8.148363869684 
  1.19394921   1.74901752 111.21839742  7317.776117131114 7326.064997545061 -8.288880413947 
  1.12099635   1.95060836 103.19679584  7320.156131923199 7328.371923086331 -8.215791163132 
  0.96446195   2.08542714 103.00000000  7322.694006517529 7291.097491354389 31.596515163141 
  0.96446195   1.98469786 120.28203894  7327.190177112818 7308.889507222181 18.300669890637 
  0.96446195   1.60156840  77.29581527  7327.995081469417 7318.132906706222 9.862174763195 
  0.88752179   2.02012050 103.00000000  7332.846447288990 7324.962673453439 7.883773835551 
  0.81910943   1.62533186 117.33817041  7333.907876729965 7330.773231101911 3.134645628054 
  1.14379258   1.55767067  96.80340410  7335.795623436570 7337.782234091743 -1.986610655173 
  1.20554706   1.68888476  95.08721689  7336.831911146641 7350.430488257595 -13.598577110954 
  0.96446195   1.47931079 124.75004602  7340.070368885994 7347.647430992724 -7.577062106730 
  1.20264728   1.62789452 105.89139137  7347.640004634857 7356.090533255109 -8.450528620252 
  0.96446195   2.07070578 107.32090292  7361.040298074484 7325.279843682801 35.760454391683 
  0.82017319   1.75705783  89.10758203  7365.273573040962 7378.703848226627 -13.430275185665 
  0.90833747   1.70392837  72.76805069  7365.717595368624 7380.861268966904 -15.143673598281 
  0.97108585   2.10150330  97.01456021  7369.645835578442 7356.290520309723 13.355315268719 
  0.94579852   2.08262760 103.00000000  7375.346940472722 7342.263004783342 33.083935689380 
  0.96446195   1.67121298  72.30697843  7376.412350773811 7372.963369135683 3.448981638128 
  1.18599234   1.68888476  88.56169923  7377.933723852038 7380.602561110758 -2.668837258720 
  1.18978957   1.70519179 115.59062237  7382.171355679631 7383.520291315207 -1.348935635576 
  1.20728070   1.75493250 103.69192102  7382.214064285159 7388.788213278004 -6.574148992845 
  0.80923153   1.65498640 109.60020931  7382.550627022982 7382.811812892544 -0.261185869563 
  1.09048478   1.68888476  75.55240003  7382.925497889519 7390.811527357605 -7.886029468086 
  1.12070132   1.72336912  76.93008935  7383.152022257447 7394.096474960428 -10.944452702981 
  0.80952860   1.68888476  96.74735544  7383.690058037639 7399.112052396532 -15.421994358893 
  0.92708169   2.07202748 103.00000000  7389.299237579107 7368.228316014402 21.070921564706 
  1.21267571   1.66796604 103.00000000  7396.886290073395 7397.448319421705 -0.562029348310 
  1.02526514   1.65713106 138.91529349  7398.138060212135 7390.870713733913 7.267346478222 
  1.17498739   1.68888476 119.80111627  7399.903260841966 7405.735307550190 -5.832046708224 
  0.82663183   1.85360687 102.18414661  7400.897530019283 7416.603396944311 -15.705866925027 
  1.08037716   1.68888476  74.76205314  7401.995696693659 7408.223260931619 -6.227564237960 
  0.96446195   1.68888476 140.60301508  7403.403658032417 7403.176229860385 0.227428172032 
  1.16215569   1.88220093 103.00000000  7403.734154090285 7419.078424495066 -15.344270404780 
  0.84572907   1.62116724  85.26661747  7408.684397742152 7404.676403206040 4.007994536112 
  0.90550101   1.61183674  78.31649042  7413.305864378810 7405.032755591339 8.273108787471 
  0.97462432   1.78046716  68.30328919  7420.585434928536 7426.408082496218 -5.822647567682 
  0.90405569   2.04896421 103.00000000  7428.916092127562 7407.847064313887 21.069027813674 
  1.19998437   1.78683856 103.86080615  7431.394220381975 7435.478133184743 -4.083912802767 
  0.99078225   1.96595655 122.46008140  7439.618479371071 7426.640739594487 12.977739776584 
  0.96446195   1.94357385 125.02157590  7439.742120891809 7435.207173527159 4.534947364650 
  1.19934000   1.71603449  90.92878825  7442.561329856515 7451.385471805509 -8.824141948994 
  0.80749115   1.68888476 107.63857359  7446.784522220492 7454.924676944795 -8.140154724302 
  0.95339800   2.08886206  83.16092894  7450.144341900945 7444.642806572823 5.501535328121 
  0.81065883   1.67570574  95.41711152  7450.322278022766 7467.347816233098 -17.025538210331 
  1.20252222   1.78292282 103.18750032  7456.290364846587 7467.179235539166 -10.888870692579 
  0.96446195   1.61914578  75.54423324  7460.383707270026 7455.310303230935 5.073404039091 
  1.16821239   1.68888476  84.51210608  7462.625523686409 7466.663188958059 -4.037665271650 
  0.96446195   1.92307453 127.02887580  7468.517620116472 7479.271331482314 -10.753711365842 
  1.01105549   1.74428828  69.38523985  7469.736379370093 7470.932607357656 -1.196227987562 
  1.21608040   1.68888476 103.00000000  7478.419768199325 7477.372464655872 1.047303543452 
  1.13190548   1.94037593 103.00000000  7480.688386246562 7485.176624968580 -4.488238722018 
  1.12884251   1.70888612 127.72611275  7482.090698763728 7481.609713554116 0.480985209612 
  0.83637350   1.89492156 103.00000000  7483.299475818872 7496.459986614929 -13.160510796057 
  1.17030020   1.71609560 120.46677584  7483.964354351163 7494.213756910440 -10.249402559277 
  1.09267797   1.68888476 132.81949476  7489.566438168287 7483.858115807066 5.708322361221 
  1.11325493   1.68888476 130.35272251  7489.599667489529 7486.817322626563 2.782344862966 
  0.96446195   1.50669661  89.86901997  7489.867392897606 7501.543763563074 -11.676370665468 
  1.00715154   1.68888476  71.36310613  7492.579171001911 7497.902777964846 -5.323606962935 
  0.96446195   1.81031798  67.77054772  7508.427961692214 7515.239645658148 -6.811683965934 
  1.01991737   1.74281773 137.30389122  7508.971567273140 7505.799795466501 3.171771806639 
  1.07280415   1.68888476 134.98661102  7515.346744835377 7509.345405300118 6.001339535259 
  0.99016657   1.71138792 139.80046192  7517.049973711371 7508.866017349578 8.183956361793 
  0.81282123   1.70448290  92.41185812  7517.158621817827 7527.364577549694 -10.205955731867 
  1.18277683   1.82412614 107.57774401  7518.151033475995 7528.875726026167 -10.724692550172 
  1.18276080   1.68888476 118.70294410  7519.798224195838 7530.261233299234 -10.463009103396 
  0.96446195   1.52426393 135.39196279  7523.026131227612 7513.386673340155 9.639457887458 
  0.96446195   1.49226043  93.19195841  7525.097225978971 7545.991778709875 -20.894552730904 
  1.06456286   1.69189689 135.78012746  7542.849417045712 7534.345237495342 8.504179550370 
  1.21764227   1.68464960 103.00000000  7546.388063028455 7554.183041254232 -7.794978225777 
  0.80840734   1.72492663  96.70684541  7557.640777051449 7573.323993778185 -15.683216726736 
  1.20949321   1.69047926  94.50816599  7561.181914731860 7571.988394928219 -10.806480196359 
  0.85725376   1.96288954 103.35715876  7576.062020599842 7581.477181854282 -5.415161254440 
  1.21623438   1.68240570 106.54687316  7576.086707964540 7583.800413579635 -7.713705615096 
  1.21675198   1.66688342 103.00000000  7577.084205463529 7584.352939776426 -7.268734312897 
  1.20909114   1.68888476 110.97941963  7583.233803570271 7589.003343199188 -5.769539628917 
  0.96446195   1.67073913 141.54818170  7585.328252077103 7585.985879090801 -0.657627013698 
  0.80654463   1.68888476  98.45750980  7586.126513123512 7600.338183069485 -14.211669945973 
  0.82868823   1.62560039  88.95748754  7589.354669675231 7599.217956904455 -9.863287229224 
  1.14506044   1.91511065 105.44483679  7600.008841618896 7612.102035223022 -12.093193604126 
  0.96446195   1.68888476  70.95477387  7602.493592336774 7608.118867690140 -5.625275353366 
  0.96446195   1.66212846 141.74112255  7607.534716546535 7605.168255835649 2.366460710887 
  1.01480848   1.68888476 139.70066466  7609.916987612844 7608.009408969897 1.907578642947 
  1.19192370   1.69731564  88.24460192  7612.144221231341 7624.041038179442 -11.896816948100 
  1.03947351   1.47866585 103.00000000  7612.624478608370 7618.379916218360 -5.755437609991 
  0.80738407   1.68811028  96.88285127  7613.493646949530 7629.863450865852 -16.369803916323 
  1.17617841   1.56884568 103.00000000  7616.423992842436 7625.345482048845 -8.921489206409 
  0.96446195   1.54881686 138.48408104  7617.115839704871 7611.448884719794 5.666954985078 
  0.96446195   2.09798995 103.00000000  7624.743155807257 7590.033996209444 34.709159597813 
  0.82019893   1.68888476 119.79972164  7630.275829836726 7632.379163536949 -2.103333700223 
  1.12574705   1.95719618 103.00000000  7634.230840459466 7639.663061715692 -5.432221256227 
  0.97639674   2.05842020 111.86493650  7638.000376403332 7589.035399474081 48.964976929251 
  1.21921077   1.67810273 103.00000000  7638.318445503712 7642.244103614250 -3.925658110538 
  1.00599790   2.08943051 103.00000000  7640.061009943485 7609.841066904430 30.219943039056 
  0.96446195   1.68888476 141.30653266  7645.083461433649 7639.521142548702 5.562318884947 
  1.03266585   1.47623876 103.00000000  7645.144317030907 7646.242349686393 -1.098032655486 
  0.85209995   1.73379500  77.78014544  7645.296204298735 7661.014295187555 -15.718090888820 
  0.95952855   1.46842117 101.29372256  7645.396272391081 7660.106688047996 -14.710415656915 
  0.90457625   1.68888476  73.06789142  7652.282908856869 7667.400846366806 -15.117937509937 
  0.91569603   1.55226827  83.36628847  7652.857774570584 7653.919198331739 -1.061423761154 
  1.19119411   1.83069224 103.00000000  7663.141588747501 7674.635592778067 -11.494004030566 
  1.13298904   1.68888476  78.76485596  7667.101682797074 7679.141655324582 -12.039972527507 
  0.80778455   1.62978352 101.71408676  7667.625754863024 7678.952393173299 -11.326638310275 
  1.01960360   1.53907518  84.77713334  7669.199660405517 7676.163783891960 -6.964123486443 
  1.16050217   1.68888476  82.36782134  7675.122529894114 7685.194924846735 -10.072394952622 
  0.86903730   1.61939737  80.63597718  7683.332933574915 7686.633081440847 -3.300147865932 
  0.97929929   2.10052189 103.00000000  7685.468182221055 7657.789158108717 27.679024112338 
  0.97896259   1.54456547 138.05626569  7691.546766340733 7684.884393176262 6.662373164470 
  0.85227145   1.52505224  97.21087574  7701.638544499874 7703.050707941927 -1.412163442053 
  1.21735740   1.69306973 107.95998103  7705.518946379423 7711.835755108756 -6.316808729332 
  1.08467740   1.68888476 134.40876646  7707.092562243342 7702.633274893495 4.459287349848 
  0.96446195   1.87099651  67.14424388  7709.920986205339 7722.745066648778 -12.824080443438 
  1.01690568   1.47937258  98.82366783  7714.634242400527 7722.123632066641 -7.489389666114 
  1.12539359   1.70582749  77.03230917  7719.436539173126 7725.404541466541 -5.968002293414 
  0.96446195   2.11022163  85.06601947  7730.080958873034 7728.653780495887 1.427178377146 
  1.20727928   1.68888476 113.04560374  7731.227815166116 7735.738999697262 -4.511184531146 
  1.03849804   1.67674511 138.80002709  7734.948085054755 7725.543323640702 9.404761414054 
  0.96446195   1.96275016 124.44540509  7737.919009566307 7739.065881955054 -1.146872388747 
  0.94760990   1.81723487  67.52050780  7739.622843682766 7751.709012367774 -12.086168685008 
  1.05274076   1.66128192 137.89925173  7742.333561301231 7734.089178254222 8.244383047009 
  0.89203417   2.04443712 103.00000000  7742.960319444537 7738.707492567721 4.252826876816 
  0.96446195   1.45793680 109.83791772  7749.200405389071 7744.867479274790 4.332926114281 
  0.96446195   1.57348067  79.18256104  7750.815430715680 7744.308202858806 6.507227856874 
  1.21013976   1.62226222 104.03173414  7753.042376354337 7762.473419185395 -9.431042831058 
  0.80543774   1.68888476  97.86205032  7754.733767747879 7770.620542411122 -15.886774663243 
  0.98752767   1.47353317 124.07254754  7757.960150614381 7757.795234386901 0.164916227480 
  0.88672000   2.03611008 103.00000000  7762.482799232006 7758.243485738095 4.239313493911 
  0.96446195   1.69033885  70.56884516  7763.219604671001 7771.481015238300 -8.261410567298 
  1.22284478   1.70066965 103.00000000  7764.430344879627 7775.938358842280 -11.508013962653 
  0.81648097   1.67308100  89.85217629  7768.223423734307 7780.467848879597 -12.244425145290 
  1.19471953   1.68888476 117.19126835  7773.637653976679 7781.428373837778 -7.790719861099 
  1.17003312   1.55727363 103.00000000  7775.995546996593 7778.353635936851 -2.358088940257 
  1.06171537   1.65116725 137.26629573  7776.509592473507 7768.542243369408 7.967349104099 
  1.07833096   2.03010774 103.00000000  7777.122936636209 7771.380089334891 5.742847301319 
  1.22036426   1.68888476 106.94861218  7779.144833356142 7783.102558919214 -3.957725563072 
  0.96446195   2.10427136 103.00000000  7780.926198542118 7738.512413494436 42.413785047682 
  1.21755861   1.68888476 108.93698567  7783.018489047885 7785.335495782198 -2.317006734314 
  1.09834612   1.65595063 133.50321709  7788.626468971372 7776.988081979725 11.638386991646 
  1.20542529   1.62782871 111.84772290  7788.759542733431 7794.687230370009 -5.927687636578 
  0.85576882   1.49814751 112.16624032  7790.278757616878 7790.823201676768 -0.544444059890 
  1.14435065   1.70018989  79.18991635  7796.646466538310 7807.341057526110 -10.694590987800 
  0.83302600   1.90365979  99.03026098  7798.174622744322 7821.643849572454 -23.469226828132 
  1.22361809   1.68888476 103.00000000  7798.489345371723 7813.301274054707 -14.811928682984 
  1.01162960   1.57446997  79.49036857  7805.370618462563 7806.338495216730 -0.967876754167 
  1.10993420   1.66512069 132.20003829  7806.333077192307 7810.901051459055 -4.567974266749 
  1.16604673   1.89424411 103.00000000  7815.607566475868 7825.885597635447 -10.278031159579 
  0.96446195   1.46356784 103.00000000  7820.566600352526 7817.971109002809 2.595491349716 
  0.96446195   1.86090299  66.84076742  7825.181103795767 7829.112466181205 -3.931362385438 
  0.85020318   1.93656717 107.88362334  7832.431759372354 7836.955010242205 -4.523250869852 
  1.20510428   1.69450102 114.50320383  7836.602128520608 7843.181704127846 -6.579575607238 
  1.19327599   1.68888476  87.70666066  7837.532508641481 7847.699619136503 -10.167110495022 
  1.01678070   1.69865375  70.38970396  7841.374178677797 7849.580373332109 -8.206194654312 
  0.93293781   1.62432382 142.18805067  7844.585414543748 7857.431247967147 -12.845833423399 
  0.91819825   1.51818924  88.00846498  7855.292217895389 7861.593395191067 -6.301177295678 
  1.20672951   1.68888476 114.24704796  7858.644888356328 7864.247014444465 -5.602126088137 
  1.20524222   1.68888476 114.79060712  7862.498859494925 7873.374766527759 -10.875907032834 
  1.21198571   1.62042040 104.05417366  7864.066502183676 7873.547313602165 -9.480811418489 
  1.22042088   1.65013977 103.00000000  7865.822210907936 7874.749484515265 -8.927273607329 
  0.96446195   1.57091191  79.20196692  7867.792896151543 7869.159547608203 -1.366651456660 
  1.20866526   1.71527987  90.74308488  7871.965757429600 7885.807498452585 -13.841741022985 
  0.96446195   1.68888476 142.01005025  7873.237042173743 7877.365650055252 -4.128607881508 
  0.96839349   1.46526967 122.01264541  7873.344096690416 7886.797860828012 -13.453764137595 
  1.05691082   1.48104087 103.00000000  7883.291869521141 7889.189473550674 -5.897604029533 
  1.21390509   1.67825535 111.98700363  7888.091688409448 7898.100931575749 -10.009243166302 
  1.12579858   1.68888476 130.17016458  7892.461374983191 7898.348892444741 -5.887517461550 
  1.19656585   1.68888476 117.45753528  7899.480161622167 7904.883412275819 -5.403250653652 
  0.96446195   1.93494422 127.61888414  7900.811373606324 7910.361570805354 -9.550197199030 
  1.05578365   1.47685906 105.89981529  7904.342771306634 7901.396334696109 2.946436610525 
  0.96446195   1.71215237  69.35719183  7910.511382535100 7912.811119320599 -2.299736785499 
  0.98440035   1.72040012  68.93763319  7911.226383879781 7917.731926890416 -6.505543010635 
  0.80272138   1.70355790 103.00000000  7912.664014205337 7922.820585695755 -10.156571490418 
  0.81986594   1.80278478 111.91384454  7913.106151387095 7930.580458970422 -17.474307583327 
  0.86002811   1.68888476  77.19145842  7913.338196471334 7926.052367216295 -12.714170744962 
  0.84799635   1.68319866  79.49526248  7918.646447062492 7925.187106838460 -6.540659775967 
  0.96446195   1.66710503 142.61174491  7919.993193849921 7921.973354073230 -1.980160223309 
  1.22624283   1.68888476 102.76532117  7921.626084893942 7929.757227230089 -8.131142336148 
  0.82783487   1.69117426  84.07806980  7924.103243619204 7933.811146926731 -9.707903307527 
  0.80694414   1.70732655 111.50524605  7924.847605481744 7933.123102028455 -8.275496546711 
  1.07503483   2.04029921 103.00000000  7926.910585477948 7917.558539153366 9.352046324582 
  0.96446195   2.11055276 103.00000000  7938.680129274726 7886.276003626386 52.404125648340 
  1.01655854   1.46837618 103.00000000  7941.666920423508 7943.117382170675 -1.450461747168 
  1.20421541   1.66538317  91.22969662  7956.156899526715 7966.988989727660 -10.832090200945 
  0.96446195   1.68888476  70.25125628  7964.161294043064 7972.506742123153 -8.345448080089 
  1.22501083   1.68888476 106.70943180  7971.205822825432 7977.909635859979 -6.703813034547 
  1.07641583   1.68888476 136.10069806  7978.120399609208 7970.994494101620 7.125905507588 
  0.90336878   1.70459046  71.82543087  7978.852845638990 7996.718366850567 -17.865521211576 
  0.91996157   1.62946908  74.96076321  7980.027967631817 7984.192094624002 -4.164126992186 
  1.18574546   1.72024775 119.57959702  7991.369635179639 8000.241069260348 -8.871434080709 
  0.84595900   1.94857979 103.00000000  7994.878407955170 8008.502801443475 -13.624393488305 
  1.13731638   1.52795576 100.21922116  7995.772045448422 8007.740194967682 -11.968149519260 
  1.19673052   1.68888476  87.62382530  7997.905379757285 8011.766067312087 -13.860687554802 
  0.96446195   1.53040089  84.20115751  8000.623886972666 8010.287217204930 -9.663330232264 
  1.17724232   1.87559927 104.78135470  8005.489893391728 8028.471559185142 -22.981665793413 
  1.05056717   1.69573160 138.35346625  8020.285015344620 8009.883410290971 10.401605053648 
  0.92916351   1.57236363  79.53255662  8020.727828428149 8010.515379661063 10.212448767086 
  0.80150754   1.68888476 103.00000000  8023.234699040651 8032.249343734650 -9.014644693999 
  0.96446195   1.53907888 138.97079834  8032.746798843145 8027.819219859256 4.927578983889 
  1.22856621   1.68888476 103.97135618  8038.071169063449 8045.781345185184 -7.710176121735 
  1.19530017   1.57933375 104.42457970  8049.007654294372 8060.538275078165 -11.530620783794 
  1.14294650   1.68495160 128.47006464  8066.522612974048 8075.253476729175 -8.730863755127 
  0.95636372   1.45614596 117.46248466  8075.733440607786 8083.837603857008 -8.104163249222 
  1.18691934   1.65825790 120.86037594  8075.747286573052 8089.213244605131 -13.465958032079 
  0.84343658   1.68888476  79.71015523  8085.091691032052 8097.834472622804 -12.742781590752 
  1.01407004   1.49610538  91.76459362  8085.247209578753 8097.783609668024 -12.536400089271 
  0.96446195   1.92387026 129.27339301  8090.535317897797 8113.109709544661 -22.574391646865 
  0.81261257   1.68888476  89.59251454  8096.407456189394 8109.696834188606 -13.289377999212 
  1.22463627   1.68888476  96.14989531  8107.727440983057 8107.518764548861 0.208676434196 
  1.09982466   1.68888476  74.38332874  8108.710317477584 8118.993210154425 -10.282892676842 
  0.96446195   1.75825682  67.43785244  8113.405476748943 8123.532262478628 -10.126785729684 
  0.96446195   1.68888476 142.71356784  8116.089352160692 8116.539964714970 -0.450612554278 
  0.80487194   1.68888476  94.84817685  8122.990789607167 8132.206905413168 -9.216115806001 
  1.18977631   1.84289182 107.36877954  8134.839254453778 8143.358966746237 -8.519712292458 
  1.21956179   1.66143310 111.57814030  8137.588648304343 8140.363055308924 -2.774407004581 
  0.95567149   1.68888476 142.76056082  8138.240913063288 8136.145890520210 2.095022543078 
  1.23115578   1.68888476 103.00000000  8139.057121321559 8151.064558184607 -12.007436863048 
  1.14619977   1.66054678  80.47790719  8141.841696023941 8146.502360114625 -4.660664090684 
  0.97758830   1.65784031 143.24281525  8142.848499968648 8147.607591758555 -4.759091789907 
  1.00694132   1.56239511  80.01679054  8150.854098334908 8147.522489653499 3.331608681409 
  1.12082166   1.68888476 131.73004177  8161.435171440244 8157.290587834278 4.144583605966 
  1.10595161   2.00929630 103.00000000  8163.920840695500 8157.377477757880 6.543362937620 
  0.83099766   1.90404126 103.00000000  8169.768146708608 8178.711974943976 -8.943828235369 
  0.96992462   1.97087514 125.49070465  8183.426547601819 8180.186588327325 3.239959274494 
  1.22972459   1.68888476 106.76582552  8184.592395171523 8191.344653289507 -6.752258117984 
  1.08728401   1.68966660  73.24653720  8189.892842814326 8194.715057642439 -4.822214828113 
  1.16196380   1.68888476 125.89395847  8192.732481494546 8196.003457257175 -3.270975762629 
  1.22493945   1.63810023 103.00000000  8194.020196199417 8207.520528944771 -13.500332745354 
  1.19496072   1.68888476  86.23874728  8197.578721866012 8208.422240063115 -10.843518197104 
  0.96446195   1.47289361  96.57249191  8198.148592785001 8220.195207606523 -22.046614821522 
  1.08156374   1.48951610 101.30934839  8201.184948489070 8218.385443086483 -17.200494597413 
  0.96446195   1.68888476 143.00000000  8220.995009958744 8214.258921165103 6.736088793641 
  0.80639133   1.72098910 112.63756916  8228.019386008382 8248.103686644723 -20.084300636341 
  0.97660438   1.56966830  78.55692560  8238.224337965250 8235.376360537537 2.847977427713 
  0.96446195   1.78156807  66.64786601  8240.560776799917 8246.981959196757 -6.421182396840 
  0.99565985   1.75300671 140.11320217  8243.207205057144 8240.649022341639 2.558182715506 
  0.96446195   1.56541082  79.02591182  8253.186056420207 8250.544833406240 2.641223013967 
  0.84378347   1.95271732 103.00000000  8259.766784667969 8278.868052873891 -19.101268205923 
  0.97628290   1.57963670 142.45845689  8263.734843879938 8257.745305019731 5.989538860207 
  0.79975899   1.69021714 105.64599988  8267.344522848725 8282.956986188114 -15.612463339388 
  0.98189715   1.45903966 103.00000000  8272.331348046660 8282.301341890978 -9.969993844317 
  0.97036439   1.70836115  68.73389515  8281.402271687984 8288.601807578616 -7.199535890632 
  0.83207798   1.64976778 128.49272169  8295.755739837885 8307.118535345759 -11.362795507874 
  1.09759786   1.49116572 104.31223427  8306.888589441776 8311.293858813769 -4.405269371993 
  0.96446195   1.96335291 126.69158664  8314.519223347306 8318.066857703765 -3.547634356459 
  0.99214402   1.64995457 143.39594501  8315.957050800323 8312.628489046594 3.328561753729 
  1.23246644   1.73416338 103.00000000  8317.184190109372 8328.537349413213 -11.353159303841 
  1.21118350   1.68888476  89.41401572  8320.382962405682 8326.183363056040 -5.800400650358 
  0.99024267   1.84753219  65.59693126  8322.684770122170 8332.058420343714 -9.373650221543 
  0.82535615   1.59664069  90.40811496  8323.587030023336 8329.225932538102 -5.638902514766 
  1.09736276   1.68888476 135.06673116  8329.165138915181 8328.214587170025 0.950551745156 
  0.88260714   1.66025080  74.95458334  8330.758761242032 8339.707612157856 -8.948850915824 
  0.99288944   1.70528249  68.75882354  8334.147704616189 8339.968977304370 -5.821272688181 
  1.20854771   1.68888476  88.61498563  8335.211764529347 8345.640511578787 -10.428747049440 
  0.95754183   1.46796103  97.87440192  8335.429687306285 8350.152836059677 -14.723148753392 
  0.96446195   1.68888476  69.54773869  8336.494198769331 8346.454797488706 -9.960598719375 
  0.83975094   1.51421255 103.00000000  8338.046892344952 8347.777155816973 -9.730263472022 
  0.81425840   1.62804372 120.73165695  8342.707645833492 8354.601387136156 -11.893741302663 
  0.97788563   1.76309301  66.73069171  8350.223923966289 8361.685681095414 -11.461757129126 
  0.96446195   1.68888476 143.41708543  8355.413210019469 8356.868881219729 -1.455671200260 
  0.96446195   1.45728643 103.00000000  8358.536521777511 8363.225166521177 -4.688644743666 
  0.96446195   1.45046350 113.82803515  8364.101312577724 8370.048327681907 -5.947015104182 
  1.07307083   1.66893732  73.05384757  8366.187963321805 8377.740097939510 -11.552134617705 
  1.21248468   1.59753973 103.00000000  8366.889973536134 8377.798359176299 -10.908385640165 
  1.00165965   1.67912896 142.79403531  8374.376363709569 8369.499923011022 4.876440698547 
  1.21486437   1.60043726 104.14516707  8379.274191960692 8384.569720540558 -5.295528579865 
  1.22224975   1.78421393 104.27905013  8388.708932980895 8404.075357531481 -15.366424550586 
  0.80662079   1.76684955  92.82926216  8390.037936329842 8408.647918498575 -18.609982168733 
  0.94118927   1.45777200 103.00000000  8396.360575288534 8412.049695256597 -15.689119968063 
  1.14664526   1.68888476  78.03238608  8404.310721203685 8415.442939593320 -11.132218389635 
  1.16007634   1.70300443 126.80012540  8420.691822037101 8424.820438832354 -4.128616795253 
  1.22073069   1.68888476 113.85529393  8422.493640065193 8427.978185268186 -5.484545202993 
  1.21603243   1.68888476  90.08769394  8423.318171292543 8432.553594272407 -9.235422979864 
  1.23718921   1.68888476 100.93853401  8427.921960175037 8437.421781837946 -9.499821662908 
  1.23627588   1.67959443 100.33975541  8428.094740480185 8440.888389168513 -12.793648688328 
  0.84376484   1.69399025  78.54510858  8431.015852883458 8441.135667762532 -10.119814879074 
  1.19399412   1.66664968  86.24150956  8435.534815579653 8444.413926317120 -8.879110737467 
  0.89803370   1.68888476  71.96057574  8443.998469635844 8462.925712240507 -18.927242604663 
  1.21887891   1.74531309 111.95164323  8445.832392796874 8463.997852103133 -18.165459306259 
  0.81154231   1.57193622 103.00000000  8446.740034997463 8453.580561400669 -6.840526403206 
  1.18641159   1.68888476 122.64817019  8457.482794731855 8465.058900992310 -7.576106260454 
  0.96446195   1.56577572  78.56963368  8457.519719675183 8454.134161984028 3.385557691156 
  0.79915684   1.72447450 102.57610345  8459.108976647258 8470.174569288130 -11.065592640873 
  1.19475274   1.65654902  87.02457303  8460.951023727655 8467.465479627946 -6.514455900291 
  1.23807889   1.68888476 104.20293495  8466.897267177701 8477.551819386274 -10.654552208573 
  1.07966279   1.68901150  72.12123503  8469.657993033528 8479.073468483537 -9.415475450009 
  0.80271287   1.73617795 109.39581099  8478.844658121467 8489.273293806773 -10.428635685306 
  1.23869347   1.68888476 103.00000000  8480.030281007290 8490.409879188428 -10.379598181138 
  1.04244527   1.69000934  70.25713645  8481.917257085443 8488.268579348431 -6.351322262988 
  0.97375476   1.51748673  85.10527352  8496.867955580354 8514.057171209301 -17.189215628947 
  0.96446195   1.62913582  72.76097738  8506.006221324205 8513.538348106104 -7.532126781898 
  1.13260713   1.67325680  77.03857762  8515.347182318568 8526.303964575580 -10.956782257012 
  1.20307366   1.57422863 105.44095602  8515.510055750608 8526.378823900493 -10.868768149885 
  0.96446195   1.71357652 143.10698439  8518.984937429428 8517.715703028303 1.269234401125 
  1.17123137   1.54007766 103.00000000  8523.667131692171 8533.488768113470 -9.821636421299 
  1.00414235   1.66169326 143.42495352  8529.799142763019 8523.835840401089 5.963302361930 
  1.18502034   1.68888476 123.25440441  8532.259741097689 8538.670967648746 -6.411226551058 
  0.96081235   1.77161760  66.33207488  8534.836727827787 8541.890060564161 -7.053332736374 
  0.96036119   1.44829285 112.91693560  8534.878865212202 8539.040125713127 -4.161260500925 
  1.21482782   1.68915021  89.03152815  8536.325781583786 8548.028165220781 -11.702383636995 
  1.22852449   1.66582257 111.97696267  8541.268914744258 8562.956640034194 -21.687725289936 
  1.04034189   1.47855452  97.38125663  8557.738670021296 8561.192980555097 -3.454310533802 
  1.18872693   1.55381853 107.53848610  8558.471634566784 8569.149185693077 -10.677551126293 
  1.22113645   1.70885569 114.26377991  8568.072566971183 8576.336574496545 -8.264007525362 
  1.17563838   1.68888476  81.30343492  8569.746360003948 8578.159027593098 -8.412667589149 
  0.80780554   1.73587095  89.32984325  8570.301986709237 8589.806625194986 -19.504638485749 
  0.93983532   1.68537927 143.89140195  8574.619009420276 8578.007914979009 -3.388905558733 
  1.08395025   1.48250775 103.00000000  8582.970060616732 8590.624935038408 -7.654874421676 
  0.96446195   1.68888476 144.12060302  8605.011677473783 8598.171781808485 6.839895665298 
  1.06784118   1.47547184 103.00000000  8606.478851690888 8620.717180376723 -14.238328685835 
  0.99757175   1.68888476  68.98682699  8626.019909411669 8634.327079536528 -8.307170124859 
  0.79738976   1.68888476  99.38003286  8628.039836853743 8644.595487682256 -16.555650828514 
  0.81214457   1.56257177 103.95064216  8628.893509119749 8634.423905502892 -5.530396383143 
  1.15207415   1.67092273 129.41957056  8646.561078459024 8647.605928641231 -1.044850182207 
  1.20846723   1.69791571  86.49567130  8647.657841607928 8659.465831552838 -11.807989944909 
  1.08470472   1.65180558  74.18829528  8649.184261843562 8658.970504307788 -9.786242464226 
  0.99247317   1.58396558  76.31457267  8656.472534060478 8664.440717688605 -7.968183628127 
  0.87520534   1.72678821  72.15730718  8664.423818901181 8686.129858882567 -21.706039981385 
  1.23260765   1.77819447  99.21096763  8673.411704704165 8684.558730829580 -11.147026125414 
  0.96199896   1.61813828 145.05337832  8674.825990185142 8677.980965125942 -3.154974940800 
  1.23136496   1.66660818 112.01022299  8676.808166429400 8690.639431077181 -13.831264647781 
  0.80005035   1.64894510  97.40443328  8684.508669778705 8695.362237756666 -10.853567977962 
  1.00249710   1.66651350 143.90160210  8685.327579915524 8683.670685047487 1.656894868036 
  0.93735958   1.50390779 136.36473712  8693.314213439822 8690.943438069708 2.370775370115 
  1.21397320   1.69355516  87.70139633  8696.017029315233 8707.770982310667 -11.753952995434 
  0.94123123   1.59861742  75.21611655  8708.568393453956 8714.421190125377 -5.852796671421 
  1.22899489   1.70440646  91.44226586  8714.937301740050 8729.963785199303 -15.026483459253 
  1.17427150   1.68888476 125.99180858  8716.691637769341 8726.804058191774 -10.112420422432 
  0.94538759   1.68888476  69.20168653  8719.110368058085 8730.715233273912 -11.604865215826 
  1.10645310   1.69282971 135.22896112  8721.800506785512 8719.556846816826 2.243659968686 
  0.96446195   1.68888476  68.84422111  8724.679916977882 8730.026411146748 -5.346494168865 
  1.21478674   1.83481542 102.32030820  8728.445154741406 8743.237983149054 -14.792828407648 
  1.11741536   1.49729371 103.00000000  8734.658814474940 8731.190553834896 3.468260640044 
  0.90693426   1.68888476  70.80200327  8738.471717983484 8756.038869561009 -17.567151577525 
  1.21527498   1.81652150 107.07933590  8744.003167673945 8763.082245841628 -19.079078167682 
  1.13564665   1.51802156  98.23817550  8746.231653496623 8759.648593508602 -13.416940011979 
  0.90176910   1.62246511  75.02673846  8753.552564010024 8759.392999512507 -5.840435502483 
  1.19980568   1.87066895 103.00000000  8756.262722656131 8776.848583795616 -20.585861139485 
  0.96446195   1.48364727  91.40971687  8757.407565444708 8774.361620321954 -16.954054877246 
  1.21546648   1.58725847 103.00000000  8765.847162589431 8768.602676001998 -2.755513412567 
  1.01607572   1.68888476 143.01072308  8769.107992857695 8754.622354745510 14.485638112184 
  1.24206753   1.68888476  97.84864592  8770.073086500168 8777.252323694422 -7.179237194254 
  1.20776286   1.69714956 119.51213693  8774.244086176157 8784.332594192827 -10.088508016670 
  1.24082614   1.71470111  96.17376934  8774.648319095373 8786.834420255977 -12.186101160603 
  0.92009954   1.59463316  76.20690387  8777.696752160788 8782.481387336102 -4.784635175314 
  0.83895340   1.95842614 103.00000000  8777.969184502959 8810.106727076047 -32.137542573088 
  0.87488238   1.47244135 104.50559283  8779.091285839677 8797.202225960196 -18.110940120519 
  0.97282490   1.52555686  83.13597407  8786.414773613214 8791.853015248154 -5.438241634940 
  1.21404792   1.65870999  89.40555582  8789.227146863937 8795.755605568618 -6.528458704681 
  1.24174801   1.65306289 103.64738646  8791.440515950322 8800.154803837690 -8.714287887367 
  0.93030134   1.62369747  73.41385077  8793.408274829388 8796.580352689865 -3.172077860478 
  0.96446195   1.54260551 141.85860794  8796.313364207745 8789.676968597179 6.636395610565 
  1.07526710   1.68888476 138.74848410  8803.397366657853 8795.249958879180 8.147407778673 
  1.23504977   1.68888476 111.71984997  8803.446902662516 8814.568276182026 -11.121373519511 
  1.15878067   1.95175676 103.38717139  8808.813606306911 8815.875889088105 -7.062282781195 
  1.14696415   1.52767965  97.27391721  8808.911431878805 8817.810069906445 -8.898638027640 
  1.12108523   1.49802330 103.00000000  8815.325215116143 8819.649306827907 -4.324091711764 
  1.20931155   1.85151259 103.12531778  8816.166920438409 8835.677548146050 -19.510627707641 
  0.79534612   1.68888476 101.09205818  8818.172664240003 8831.605015673866 -13.432351433863 
  1.24623116   1.68888476 103.00000000  8822.337061852217 8831.095811836103 -8.758749983886 
  1.18598751   1.54450350 105.99474577  8826.387070775032 8827.581183558861 -1.194112783829 
  1.24623001   1.69641829 103.68689115  8828.080518215895 8834.756667495420 -6.676149279525 
  1.23911671   1.75365904 104.72913831  8832.409331575036 8840.435701974406 -8.026370399370 
  1.24115296   1.75079548 103.00000000  8834.569919690490 8843.435452638023 -8.865532947533 
  1.24377018   1.65919301 103.00000000  8836.794123888016 8845.786822862709 -8.992698974693 
  1.21745975   1.68888476 117.68008580  8845.855288222432 8851.042225057048 -5.186936834616 
  0.96446195   1.68888476 144.82412060  8849.975172251463 8840.262664310538 9.712507940925 
  1.22357558   1.65512387 115.91390040  8853.787595644593 8857.966083989199 -4.178488344605 
  1.08296168   1.68888476  71.43276273  8855.688085600734 8870.167823648962 -14.479738048229 
  0.96446195   1.74282410  66.42199787  8877.766736567020 8886.081754442339 -8.315017875319 
  1.19750964   1.88197009 103.00000000  8880.300476700068 8901.349975747371 -21.049499047303 
  0.96446195   1.52333449  83.26500565  8890.833717763424 8892.666441065132 -1.832723301708 
  0.96446195   1.71314233  67.47194066  8895.238946035504 8897.966885418526 -2.727939383021 
  0.96446195   1.72543836 143.73525028  8897.423667237163 8891.572097591730 5.851569645432 
  0.96446195   2.01243427 124.48195258  8898.505636408925 8889.315533925172 9.190102483753 
  0.88633591   1.68611939  72.15954600  8908.309950485826 8916.184891812582 -7.874941326756 
  0.96446195   1.51255057  84.99240119  8915.467233419418 8915.750388350911 -0.283154931492 
  0.81023578   1.79436082 112.90413178  8915.662165656686 8927.863618457674 -12.201452800988 
  1.19738190   1.68888476  83.48554433  8915.934128955007 8925.414199913892 -9.480070958885 
  0.96446195   1.53636281 141.69069442  8917.057231411338 8919.393533256309 -2.336301844971 
  0.96711431   1.55772655  78.53011387  8918.224246531725 8926.661908440899 -8.437661909174 
  1.09726778   1.48389772 103.00000000  8923.419680163264 8931.614536459643 -8.194856296379 
  0.96446195   1.48139639 133.06523435  8935.903692871332 8947.334101536904 -11.430408665572 
  1.24899587   1.68793827 103.00000000  8938.452586442232 8957.642620397202 -19.190033954970 
  1.01493054   1.44959558 112.39406385  8948.785353317857 8944.138768814157 4.646584503700 
  0.80470600   1.68888476 117.99662644  8958.654332637787 8968.862772635535 -10.208439997748 
  0.80253363   1.73904090 113.15836644  8961.667778685689 8973.049261741364 -11.381483055675 
  0.79396985   1.68888476 103.00000000  8961.908277720213 8976.019647759835 -14.111370039622 
  1.22945769   1.60618505 101.96043702  8966.782839745283 8977.429620423864 -10.646780678580 
  1.05038785   1.46325125 104.19712603  8966.787667229772 8980.838284418756 -14.050617188985 
  1.22899751   1.72858164  89.06695442  8986.861312747002 9002.483201116400 -15.621888369398 
  0.96415448   1.78971079  64.98235355  9000.413638308644 9003.717613484547 -3.303975175902 
  0.80415922   1.61361838 117.15663655  9009.821418851614 9014.924107217696 -5.102688366082 
  0.96446195   1.74487273  66.10745449  9011.019189327955 9020.699097830295 -9.679908502339 
  1.23400555   1.61211476 103.00000000  9012.233655929565 9021.099844706427 -8.866188776861 
  1.23333540   1.79828771 103.00000000  9015.566819816828 9031.229242260713 -15.662422443886 
  0.95469724   1.78297144  65.23626447  9022.170311346650 9033.159823993548 -10.989512646898 
  1.07343656   1.47239669 103.00000000  9026.145843446255 9027.622148164719 -1.476304718464 
  0.80759458   1.68888476 120.21257388  9030.186689719558 9039.940100032280 -9.753410312722 
  0.96446195   1.72818070 144.01835342  9032.685218572617 9028.765552089953 3.919666482663 
  0.80316385   1.74311586 113.90005321  9041.298072099686 9054.167801548319 -12.869729448634 
  1.18934827   1.54590625 103.00000000  9042.540809631348 9046.231629962453 -3.690820331105 
  1.18294664   1.68045096  81.11644963  9047.290644451976 9050.158228580300 -2.867584128324 
  1.20915250   1.68888476 120.96452947  9086.197515740991 9091.590893400084 -5.393377659093 
  0.79314788   1.68888476 104.92712044  9086.941909104586 9099.134780779543 -12.192871674957 
  0.96446195   1.68888476 145.52763819  9094.437989965081 9082.950211049643 11.487778915438 
  1.17051460   1.68888476 128.07286690  9098.874191790819 9099.171962342631 -0.297770551811 
  0.85802687   1.68888476  74.81160679  9100.347284942865 9115.050006581003 -14.702721638138 
  1.19564023   1.68888476 123.80736150  9107.338439539075 9113.761655671702 -6.423216132627 
  1.25019514   1.70225374 106.54728157  9110.174044400454 9118.053988632984 -7.879944232531 
  0.96446195   1.57553055 145.13078965  9110.910065755248 9109.133751356108 1.776314399140 
  0.96446195   1.61340374 146.29762199  9111.363838970661 9114.931446463443 -3.567607492781 
  1.19286713   1.68888476 124.37839812  9115.570845097303 9125.713774553047 -10.142929455744 
  0.96446195   1.68888476  68.14070352  9122.440663933754 9123.282968374222 -0.842304440468 
  0.81092505   1.68888476 122.49495375  9123.714944615960 9132.458630096042 -8.743685480082 
  1.17752246   1.68888476 127.10124587  9129.802677080035 9139.093350430196 -9.290673350160 
  1.18375683   1.68888476 126.09160145  9137.850497126579 9148.019099675952 -10.168602549373 
  1.25333876   1.69060467 103.00000000  9140.635072469711 9151.451434739934 -10.816362270223 
  0.98929929   1.44365934 114.60945197  9142.448580682278 9141.265129800640 1.183450881637 
  0.94048011   1.67744806  69.14602232  9143.536148846149 9155.533460791594 -11.997311945444 
  1.24113868   1.68888476  92.98380285  9145.917778611183 9161.526163188142 -15.608384576959 
  0.83461964   1.53248026  94.71550348  9148.272469326854 9158.209315256905 -9.936845930051 
  1.20127670   1.55587938 103.00000000  9148.646694794297 9160.999003267021 -12.352308472724 
  1.25123901   1.68888476 106.94979881  9160.964954361320 9168.779312300019 -7.814357938700 
  0.79490875   1.74295811 103.00000000  9161.903208479285 9174.363578193484 -12.460369714199 
  1.25376884   1.68888476 103.00000000  9163.874601989985 9172.891039178539 -9.016437188555 
  0.85502682   1.71675022  74.04086761  9164.158146470785 9183.794014177440 -19.635867706655 
  1.22148467   1.84843422  99.25613329  9165.569804310799 9187.864220438691 -22.294416127892 
  1.20210188   1.55640554 103.00000000  9176.133587151766 9176.831095516360 -0.697508364594 
  0.99359483   2.16746636 100.51873817  9188.897371470928 9120.828425156513 68.068946314415 
  0.88110247   2.08410518 102.52346751  9192.484051883221 9169.887873421969 22.596178461252 
  0.96844811   1.84409379  63.77506822  9195.540887549520 9192.540612351904 3.000275197615 
  1.21932826   1.85277968 100.93436026  9195.861324444413 9207.107845637913 -11.246521193500 
  0.96446195   1.68888476  68.00000000  9197.022204384208 9203.101713228340 -6.079508844132 
  0.99693287   1.73491572 143.56648779  9197.329520046711 9183.720950833853 13.608569212858 
  0.96446195   1.68310914 146.00764680  9198.835186526179 9195.728792557498 3.106393968681 
  1.24413182   1.68888476 111.63474370  9203.613249987364 9212.180254519140 -8.567004531777 
  0.96446195   1.44569047 104.71964644  9205.773216918111 9207.777308631541 -2.004091713430 
  1.21668275   1.65372632  88.24989474  9206.629064321518 9211.040811421732 -4.411747100214 
  1.12418948   1.48944817 107.02395551  9206.673935905099 9210.554645768101 -3.880709863002 
  0.85112281   2.01459477 102.35370666  9211.494169503450 9231.921268365189 -20.427098861739 
  0.79633710   1.61386003 103.00000000  9219.880995884538 9225.485043846418 -5.604047961880 
  0.82089829   1.90845701 103.00000000  9225.789114385843 9246.432383495454 -20.643269109611 
  0.87468056   2.06308866 105.35126217  9226.605564132333 9210.128496796891 16.477067335441 
  1.04467350   1.64435013  71.49831174  9227.555312678218 9233.622821315319 -6.067508637101 
  0.79209693   1.69829825 103.00000000  9236.114101588726 9241.142437391170 -5.028335802444 
  1.25568040   1.69884529 102.22505469  9243.669604614377 9253.267140859181 -9.597536244804 
  0.96446195   1.79035206  64.47788305  9249.663359463215 9255.852015534652 -6.188656071437 
  0.96446195   1.55746830 144.52159840  9254.094285234809 9249.146607200342 4.947678034467 
  1.25529517   1.67551007 103.00000000  9267.300618857145 9276.378603406747 -9.077984549602 
  1.25572477   1.68068056 103.00000000  9268.748318895698 9278.540288806500 -9.791969910802 
  0.96530041   1.57300228 145.50105247  9269.460456058383 9270.513225986773 -1.052769928390 
  1.15804522   1.68888476 130.59806278  9278.717564880848 9277.011162029932 1.706402850916 
  0.87370266   1.48144761  97.51055144  9279.727211058140 9308.728830655247 -29.001619597107 
  1.03979965   1.73708325 141.56484822  9303.490604996681 9288.932741870860 14.557863125821 
  1.17103289   1.71525991  77.00458514  9306.322323381901 9319.783488658610 -13.461165276709 
  1.21900819   1.67151060  86.92241624  9308.965633258224 9314.871797935080 -5.906164676857 
  1.25155571   1.75673842 100.20057063  9320.403876662254 9332.815389173898 -12.411512511644 
  0.81740877   1.64506863 127.09802253  9320.876290738583 9323.037197277534 -2.160906538951 
  0.91069913   1.66421769 145.18732233  9321.241849154234 9323.089188417640 -1.847339263406 
  0.96446195   1.71137944  66.77774280  9322.360446736217 9326.286479186034 -3.926032449817 
  0.95985852   1.66848967  68.88999560  9324.378355592489 9331.156980754649 -6.778625162160 
  1.25404758   1.73928089 103.00000000  9326.064374849200 9338.966299279027 -12.901924429827 
  1.11721086   1.68888476  72.66925506  9329.517673879862 9345.216215218841 -15.698541338979 
  0.96446195   1.68888476 146.23115578  9339.710568487644 9326.037847545578 13.672720942066 
  1.12293288   1.71365725  71.94332988  9348.562751695514 9369.413719004495 -20.850967308981 
  1.10880558   1.68888476  71.97857528  9349.918387234211 9369.287915327843 -19.369528093632 
  1.24011757   1.61601604  99.82191995  9363.693706110120 9374.610708348866 -10.917002238746 
  1.21776278   1.68243258  85.70381693  9369.438861072063 9378.782551096379 -9.343690024316 
  0.86839787   1.68888476  72.92960819  9370.585015982389 9387.989053728861 -17.404037746472 
  0.82007206   1.91878202  99.23324547  9373.647074535489 9405.273451422674 -31.626376887185 
  1.17593194   1.52222408 106.96943468  9383.142102450132 9386.050491825983 -2.908389375851 
  1.18399279   1.92888276 104.15784106  9392.959399461746 9396.050055794985 -3.090656333239 
  1.24198709   1.61086543 103.00000000  9395.697284862399 9402.903986308816 -7.206701446417 
  0.79559854   1.68888476  93.69872460  9396.773572281003 9417.793984329981 -21.020412048978 
  1.22477651   1.71016980 118.51347516  9401.084547206759 9418.088567987910 -17.004020781151 
  0.86412881   1.47180869 104.35671803  9412.237514257431 9423.604429848800 -11.366915591369 
  0.79273148   1.71941467 107.52548738  9416.040931805968 9428.065333844590 -12.024402038622 
  0.84756893   2.01047779 103.00000000  9418.121994897723 9436.306114452342 -18.184119554619 
  1.14933644   1.69255583 132.26391410  9428.914347261190 9428.399163429649 0.515183831541 
  1.17986171   1.68888476 127.87125109  9433.485270857811 9434.700107073479 -1.214836215668 
  1.25857837   1.68888476 105.59793732  9434.219306692481 9442.994685331270 -8.775378638789 
  0.93028622   1.44791845 103.00000000  9435.381514340639 9444.589083938370 -9.207569597731 
  1.20684844   1.70816372 122.67361958  9444.533948555589 9449.215766418125 -4.681817862536 
  1.16727375   1.95971377 104.76178441  9451.262751176953 9445.765532962379 5.497218214574 
  0.79534376   1.70148348 112.99278357  9453.399561762810 9462.694987585803 -9.295425822993 
  0.85628165   1.71115345  73.42598123  9453.513662010431 9472.147822273129 -18.634160262698 
  1.23500716   1.70552643 116.37745386  9477.929990246892 9483.827600531211 -5.897610284319 
  0.83673910   1.70009656 134.04062759  9478.104876816273 9774.836919464798 -296.732042648526 
  1.20695272   1.68888476 123.32142037  9483.944102063775 9491.649917694824 -7.705815631049 
  1.25323038   1.76308860 103.00000000  9487.891085162759 9505.628976380314 -17.737891217555 
  1.20551955   1.55196415 103.00000000  9495.851470187306 9496.529483513770 -0.678013326464 
  1.26130653   1.68888476 103.00000000  9506.311048656702 9515.575739522528 -9.264690865826 
  0.96446195   1.68888476  67.43718593  9509.058603480458 9526.283490592572 -17.224887112114 
  1.23881368   1.79625764 107.59805436  9519.522114306688 9539.141775303769 -19.619660997081 
  0.96446195   1.44472362 103.00000000  9521.639704287052 9530.142393796370 -8.502689509318 
  0.92942880   1.68405583 146.37324688  9528.588906928897 9533.057546438755 -4.468639509858 
  0.94304841   1.57070718  76.29859490  9531.778000637889 9535.835910923573 -4.057910285685 
  1.22395162   1.69337075  85.65607639  9535.307257980108 9546.175391298009 -10.868133317901 
  0.96316444   1.44019986 106.58252453  9537.515518695116 9538.820178464506 -1.304659769390 
  1.23985615   1.68888476  89.74408314  9541.413367807865 9549.789839348347 -8.376471540481 
  0.96446195   1.70909926  66.48721528  9541.853288128972 9546.560632027265 -4.707343898293 
  0.79791829   1.78943270  94.29519358  9551.053347110748 9570.567957624700 -19.514610513952 
  1.00593452   1.73980036  65.26970990  9556.184584364295 9553.304463893915 2.880120470380 
  1.25519812   1.76106748 103.00000000  9558.897042572498 9574.995957255251 -16.098914682752 
  0.97286142   1.47092324 132.81139567  9565.136335164309 9567.076279304409 -1.939944140100 
  0.79046451   1.68888476  98.63544003  9571.486172616482 9591.086917135126 -19.600744518644 
  0.96446195   1.68888476 146.93467337  9585.631524518132 9569.323860326578 16.307664191554 
  0.82912640   1.95618218 103.00000000  9593.946259170771 9616.766201478924 -22.819942308153 
  1.26103022   1.72563761 104.13857502  9597.784266948700 9602.842603417943 -5.058336469243 
  1.21167806   1.71650150 122.13205303  9598.035049378872 9602.891491851520 -4.856442472648 
  1.08124455   1.68888476 140.54910665  9604.207829281688 9585.021181531052 19.186647750636 
  1.24502184   1.68888476 114.65704994  9605.032279402018 9613.864637349441 -8.832357947424 
  0.96446195   1.56063088  76.89319356  9608.835520744324 9613.057358084918 -4.221837340594 
  1.16188080   1.68888476 131.29342810  9624.115753293037 9629.555083123625 -5.439329830588 
  0.99487364   1.64625581  69.56045464  9627.614472731948 9633.498258133735 -5.883785401787 
  0.96072311   1.75464590  64.74835094  9629.485525816679 9633.313854450051 -3.828328633372 
  1.07092143   1.68888476  69.12629941  9630.669086486101 9644.614318537944 -13.945232051843 
  0.85677546   1.70698758  73.13961252  9633.439227566123 9648.138485623907 -14.699258057784 
  0.79467897   1.77853757 103.00000000  9636.716368630528 9651.238763135110 -14.522394504582 
  1.26446195   1.68888476 103.00000000  9641.832118391991 9659.243191521369 -17.411073129379 
  0.84297861   1.68888476  75.99014433  9649.718322202563 9662.143217099463 -12.424894896900 
  0.96446195   1.44907326 125.70467247  9649.876815438271 9667.569426040767 -17.692610602497 
  1.23585263   1.68888476 117.68864741  9658.169858396053 9664.082626441332 -5.912768045278 
  0.96022601   1.68888476  67.25852232  9659.112263575196 9665.363499315758 -6.251235740561 
  1.26457032   1.67945284 103.00000000  9670.631485700607 9684.380368853221 -13.748883152613 
  0.87627810   1.68888476  71.48291368  9675.062064856291 9702.032704654668 -26.970639798377 
  0.96446195   1.43602255 111.09378012  9682.378994673491 9686.092908910561 -3.713914237071 
  0.79025756   1.64678439 100.36872655  9703.582336902618 9722.764845214557 -19.182508311938 
  0.93270470   1.59076391  74.34775011  9710.689956337214 9717.549802000001 -6.859845662788 
  1.00848018   1.74850811 144.00893519  9726.202365294099 9701.019165284955 25.183200009144 
  1.25303213   1.78956082 100.02620812  9727.875074088573 9740.533044860378 -12.657970771805 
  1.25811144   1.68303576 110.59390802  9729.768081724644 9735.086475021659 -5.318393297015 
  1.19197304   1.68618516  79.70442843  9729.929377213120 9736.002494235341 -6.073117022221 
  1.25411086   1.64715471 111.38247700  9731.196446999907 9739.170764516675 -7.974317516768 
  1.09133052   1.67695603  70.59681878  9735.028746575117 9758.678655931970 -23.649909356853 
  0.97090900   1.56908280  75.70909093  9736.174389779568 9740.342821400069 -4.168431620501 
  1.02052323   1.60476730  72.83409541  9737.048617899418 9749.276119467124 -12.227501567706 
  1.25333330   1.78616953 103.00000000  9763.339385867119 9773.869428105876 -10.530042238757 
  1.26560411   1.68888476 105.84260583  9763.783317059278 9770.893072869801 -7.109755810523 
  1.22344462   1.68888476  84.69257313  9765.339624375105 9774.839784440712 -9.500160065607 
  0.84503874   2.00819259 105.54455722  9777.094837814569 9784.427354757850 -7.332516943281 
  1.25409091   1.78660329 102.19962631  9777.486322090030 9788.230732696431 -10.744410606401 
  0.86712302   1.70001289  71.80160027  9780.284229055047 9797.614175493321 -17.329946438274 
  1.25635136   1.62580069 103.00000000  9781.061898514628 9789.749373549836 -8.687475035207 
  1.24605549   1.68888476 115.61109050  9789.131182953715 9794.013766931375 -4.882583977660 
  1.13290516   1.68888476 135.61566350  9795.677846491337 9788.450947010200 7.226899481137 
  0.95904272   1.68888476  67.04408790  9797.012657046318 9802.671980365461 -5.659323319143 
  1.20119890   1.92260320 101.25921518  9800.094421446323 9816.973126522091 -16.878705075767 
  1.01510808   1.60880598  72.26333985  9811.336076483130 9810.173563081922 1.162513401208 
  0.79369845   1.69696814 114.39188419  9813.055868849158 9823.495026767643 -10.439157918485 
  1.11805333   2.05528541 104.64591686  9815.656625807285 9789.080124200595 26.576501606691 
  0.95835598   1.55820232  76.83213542  9829.187678769231 9824.665199041801 4.522479727430 
  0.96446195   1.68888476 147.63819095  9831.592734634876 9812.601519163329 18.991215471548 
  1.00298692   1.62902926  70.44903954  9832.034764498472 9840.951354771918 -8.916590273446 
  1.26817000   1.71216113 103.00000000  9832.321339830756 9848.067914162481 -15.746574331724 
  1.23419707   1.57858426 103.00000000  9836.332614615560 9843.004263293051 -6.671648677491 
  0.90381971   1.66379492  70.30011181  9837.201921269298 9852.093379352340 -14.891458083042 
  1.23376848   1.57581552 108.44174486  9838.314772576094 9843.842581774106 -5.527809198013 
  1.19891271   1.69712345 126.17720509  9842.280389055610 9853.484986764324 -11.204597708715 
  1.15317255   1.68888476  74.53497178  9851.229513868690 9861.554504839898 -10.324990971209 
  0.78741541   1.67045084 103.00000000  9851.340515971184 9868.337099165623 -16.996583194439 
  0.92277143   1.72306816  66.54073789  9856.715265721083 9879.425012657612 -22.709746936529 
  1.26168693   1.76184093 103.00000000  9860.533591270447 9878.207360808219 -17.673769537772 
  0.91074594   2.15838245 103.00000000  9863.154170930386 9805.270460912445 57.883710017941 
  0.95603836   1.62290044  70.92305322  9867.970902159810 9872.538987774498 -4.568085614688 
  0.99058081   1.47067464  91.80972080  9881.199338585138 9881.709883552754 -0.510544967616 
  0.89865684   1.68906537  69.26855045  9882.847266167402 9902.083442571276 -19.236176403874 
  1.24219386   1.82943691 103.00000000  9883.326449468732 9907.909522292335 -24.583072823603 
  0.83677067   1.70403749  75.99339003  9891.554652944207 9904.921934002679 -13.367281058472 
  1.25910729   1.68888476 111.83794724  9898.548436135054 9906.654878766998 -8.106442631944 
  0.96513671   1.43368246 113.69065463  9901.545339688659 9899.694263901130 1.851075787528 
  0.80689946   1.72111289 122.56274860  9903.901292815804 9916.044926397479 -12.143633581674 
  0.94641058   1.81675713  63.11464969  9905.476634472609 9917.808470165595 -12.331835692987 
  1.26627158   1.70633400  96.50464825  9909.872264906764 9925.835268947038 -15.963004040274 
  0.95603254   1.49432644  86.02395559  9911.637600034475 9926.978107152474 -15.340507117999 
  0.95861885   2.11948503  69.40581496  9912.916757881641 9911.751093184987 1.165664696655 
  1.08538245   1.48171282  95.76433776  9927.225679770112 9923.931188591618 3.294491178494 
  1.24713320   1.64488036  92.75889481  9931.584255844355 9936.428631116640 -4.844375272285 
  0.96446195   1.68888476  66.73366834  9933.835591867566 9939.084293454092 -5.248701586526 
  1.11197309   1.69451855  70.54091098  9935.259242415428 9960.880991681775 -25.621749266347 
  0.91506764   1.56525999  77.16091082  9937.676466599107 9937.050620867618 0.625845731489 
  0.96446195   1.61450277 148.82872238  9943.519108191133 9946.629916186415 -3.110807995283 
  1.25890908   1.62217183 103.23467334  9948.035365313292 9957.363603914388 -9.328238601096 
  0.96446195   1.68888476 148.00000000  9951.869773238897 9937.643633199223 14.226140039675 
  0.78986658   1.72507142 108.96512487  9956.495673835278 9969.277682021568 -12.782008186290 
  0.79488465   1.69291977  90.66760781  9957.364690139890 9980.195213667883 -22.830523527993 
  0.96446195   2.19849246 103.00000000  9958.888710007071 9860.872968447840 98.015741559231 
  0.96351617   1.49009461  86.69012879  9970.744558066130 9975.365820759105 -4.621262692976 
  1.20864523   1.69896007 124.91628430  9974.681595891714 9977.881593995397 -3.199998103682 
  1.00226672   1.63628310  69.68166711  9976.110832810402 9982.056759820440 -5.945927010038 
  0.78643216   1.68888476 103.00000000  9979.839106246829 9992.941409556399 -13.102303309570 
  1.17243041   1.51213470 103.00000000  9981.643636807799 9994.335364558365 -12.691727750565 
  0.96446195   2.16141485 111.55380514  9989.385838612914 9860.978908751975 128.406929860939 
  1.14671276   1.68888476  73.50384249  9991.437441498041 10013.845235253897 -22.407793755856 
  1.27047465   1.70392938 105.73632082  9997.344756424427 10005.230969233804 -7.886212809377 
  0.94367471   1.68276737 148.17363817  9997.631318196654 9989.431954548792 8.199363647862 
  1.16090462   1.68888476  74.89871955  10004.650044485927 10016.627170503059 -11.977126017133 
  1.16401024   1.50700131 102.38604085  10012.565984547138 10004.144862679110 8.421121868028 
  1.16042487   1.69014057 132.78879050  10016.568228498101 10013.178047593578 3.390180904524 
  1.05628316   1.67328466  68.57202927  10019.846048161387 10033.618202307460 -13.772154146072 
  1.12338486   2.05740067 104.21946461  10021.604569226503 9993.375195838436 28.229373388067 
  1.15500283   1.68888476  74.22565509  10028.522864103317 10042.401373204666 -13.878509101349 
  0.96446195   1.70557168  65.80814296  10030.006969973445 10031.467557175563 -1.460587202118 
  1.27074519   1.66248212 103.00000000  10036.981544151902 10046.384955829431 -9.403411677529 
  0.84553558   1.48133307 103.00000000  10037.006392225623 10049.852895598455 -12.846503372832 
  0.96446195   1.68888476 148.34170854  10078.749068289995 10055.659245351928 23.089822938067 
  1.14313481   1.70603484  72.11950003  10079.536777332425 10106.766844725686 -27.230067393260 
  0.82348674   1.95478784 103.00000000  10088.864849537611 10120.955715820708 -32.090866283097 
  0.80535552   1.68541854 124.20011830  10094.213127836585 10102.855741714176 -8.642613877591 
  0.78603554   1.68888476 100.37363916  10099.245934456587 10108.361006892315 -9.115072435729 
  0.93123743   1.68888476 147.91789762  10102.340532660484 10085.855450100151 16.485082560333 
  0.93887063   2.21532063  90.42137222  10104.704541370273 10078.844446696541 25.860094673732 
  0.83054555   1.68888476  77.36215701  10118.313635751605 10114.814914233779 3.498721517826 
  1.25173022   1.72274284 114.98994391  10126.261654555798 10132.225235923554 -5.963581367756 
  1.24267375   1.84142640 103.20088889  10128.693923532963 10144.313129240563 -15.619205707600 
  1.27305364   1.66459904 103.00000000  10130.780151411891 10138.120831757886 -7.340680345995 
  0.97526069   1.99041089 131.22138947  10131.988132759929 10160.894115856234 -28.905983096305 
  1.26959530   1.64522099 103.00000000  10132.505647614598 10140.109276242598 -7.603628628000 
  1.22574584   1.70281900  82.89887603  10135.515433713794 10143.428358093104 -7.912924379310 
  1.27200693   1.65898983 101.80613122  10136.301826775074 10146.508200149810 -10.206373374736 
  1.27183275   1.74309720 101.28490384  10141.763142406940 10154.663376069155 -12.900233662214 
  1.26159856   1.78701524 103.00000000  10142.772448539734 10160.817449069693 -18.045000529959 
  1.07772918   1.70525315  67.60114746  10143.626665353775 10162.986560355528 -19.359895001753 
  0.96446195   1.53369969 145.41389104  10144.962471500039 10140.095015700830 4.867455799209 
  1.26278443   1.78798382 100.01975621  10146.342948585749 10166.403848482107 -20.060899896358 
  0.96446195   1.43844221 103.00000000  10150.288709387183 10153.226801529680 -2.938092142496 
  0.99534847   1.68888476  66.24637855  10152.653581112623 10153.493757084512 -0.840175971889 
  0.86830020   2.09453381 103.00000000  10152.930963084102 10145.078476546019 7.852486538082 
  1.03493339   2.17699541 103.00000000  10158.550736203790 10066.106653668619 92.444082535170 
  1.00313371   1.68888476  66.28779036  10167.759987369180 10159.764929696637 7.995057672542 
  0.92848846   1.48645739  87.75831582  10168.774588555098 10174.134781222147 -5.360192667049 
  1.12565173   1.68888476 137.60331481  10177.446879699826 10150.672572017320 26.774307682506 
  0.84934524   2.04532522 103.00000000  10180.099731609225 10182.235251858874 -2.135520249649 
  0.83013656   1.98318537 103.00000000  10183.475417852402 10202.678234123723 -19.202816271321 
  1.02799607   1.70813411 145.81736759  10186.233676463366 10155.594985619047 30.638690844318 
  1.26649527   1.65286566  97.20790277  10187.470714718103 10197.976041614531 -10.505326896428 
  0.96361283   2.15630121  71.22710515  10191.161942973733 10194.957690614965 -3.795747641232 
  1.15767149   1.50501712  99.64709871  10199.009971797466 10200.898333302786 -1.888361505320 
  1.00032594   1.69625177  65.84189340  10204.861280634999 10197.942172147990 6.919108487009 
  1.23502389   1.68888476  85.02140966  10205.249681487679 10214.349625268011 -9.099943780331 
  1.21375089   1.54315788 103.00000000  10210.388414829969 10217.057348392804 -6.668933562834 
  1.27557638   1.66692373 103.00000000  10229.997232779860 10239.484412958687 -9.487180178827 
  1.13667803   1.66784285  73.20411184  10230.456513717771 10253.247125026912 -22.790611309141 
  1.05029018   1.68888476  67.11275946  10237.858687266707 10250.571514425950 -12.712827159243 
  1.26512443   1.78233714 103.00000000  10252.370637834072 10263.044824432680 -10.674186598608 
  0.96446195   2.11705297 119.64900912  10259.381881326437 10151.807469053927 107.574412272510 
  1.14769214   1.68888476  72.89146168  10265.729571640491 10285.052641210592 -19.323069570100 
  0.96446195   1.51062098 143.13632996  10274.408828675747 10263.460151618778 10.948677056969 
  1.26953612   1.68888476  94.51502145  10276.806228205562 10288.539620396454 -11.733392190892 
  1.12035697   1.68888476 138.55360317  10281.098048672080 10265.476521263756 15.621527408324 
  1.24118955   1.71633550  84.91698674  10285.362806916237 10295.840084596079 -10.477277679842 
  0.78996241   1.77474107 105.26426992  10305.628533542156 10320.155614367493 -14.527080825337 
  0.79917827   1.68888476 121.68116365  10309.437198072672 10320.778692642338 -11.341494569666 
  0.96446195   1.68888476 149.04522613  10325.598269581795 10298.280770869123 27.317498712671 
  1.26238661   1.70803190 113.72008903  10327.467719435692 10341.272330233080 -13.804610797388 
  1.18977782   1.51906224 103.00000000  10335.925091251731 10341.037952493713 -5.112861241982 
  1.26741875   1.62220165 103.00000000  10337.841743901372 10347.211281407146 -9.369537505774 
  0.82234158   1.96036056 103.00000000  10351.311859354377 10374.100533457493 -22.788674103116 
  1.26501168   1.79124570 103.00000000  10358.713326081634 10371.383840177668 -12.670514096035 
  0.78603225   1.74403064 100.66460596  10359.114609524608 10376.486590620003 -17.371981095395 
  0.96446195   1.68888476  66.03015075  10360.669823318720 10361.738593595774 -1.068770277054 
  1.21573971   1.70243309  80.21764188  10370.532658651471 10382.559897653398 -12.027239001927 
  1.27319378   1.63772637 103.00000000  10379.087255448103 10388.415804282973 -9.328548834870 
  0.78458399   1.70583367 106.58245960  10379.359886407852 10394.313413003749 -14.953526595897 
  0.79440832   1.81321234 105.76492412  10402.359248727560 10418.027420602873 -15.668171875313 
  1.24943240   1.83697504 104.10672862  10411.976920679212 10421.359967579534 -9.383046900322 
  1.27048169   1.65036766  97.03681129  10413.085930153728 10423.635408016213 -10.549477862485 
  1.17253039   1.69437858 132.43421139  10419.892842024565 10426.827116846598 -6.934274822033 
  1.23404957   1.66971227  84.96934483  10422.466885313392 10426.875859946627 -4.408974633236 
  0.80439179   1.63841089  86.77599067  10433.225355654955 10434.065950165130 -0.840594510175 
  1.28222941   1.68888476 103.53516181  10463.838623717427 10473.319134955616 -9.480511238189 
  0.96720590   2.09354176  65.08367800  10485.325698360801 10490.161029409255 -4.835331048454 
  1.06051477   2.17565695  99.11219334  10486.650635048747 10411.962352038416 74.688283010331 
  1.28091156   1.73084199 100.40721501  10488.070672109723 10501.079897476277 -13.009225366553 
  1.25824286   1.82157755 103.00000000  10489.068308189511 10506.800790521300 -17.732482331789 
  0.86635965   1.72136985  69.70873171  10490.097666606307 10520.030484187233 -29.932817580926 
  0.96446195   1.62171354  69.84907089  10492.097543016076 10500.008707899851 -7.911164883775 
  0.96446195   1.64410240  68.31708651  10493.488273173571 10500.223274413163 -6.735001239593 
  1.15827149   1.49440883 103.00000000  10493.956782490015 10499.767476357483 -5.810693867468 
  0.96446195   1.44497730  97.79450595  10496.680697605014 10516.521870628623 -19.841173023609 
  1.22287661   1.90980784 101.95725390  10508.662018135190 10527.440330198197 -18.778312063007 
  0.93654084   1.74557316  64.08643118  10521.478572189808 10536.344461171364 -14.865888981556 
  0.97521815   1.44396535  98.26427579  10523.587330430746 10533.314258416334 -9.726927985588 
  1.28391960   1.68888476 103.00000000  10526.548986718059 10546.900260040062 -20.351273322003 
  1.12692428   1.48220486  99.88655221  10536.936175242066 10534.868238130288 2.067937111779 
  1.27219162   1.62236045 103.00000000  10551.432244151831 10560.752501797566 -9.320257645735 
  1.07757265   1.68888476 143.65326422  10556.149526789784 10534.162622630411 21.986904159374 
  0.84038665   2.03975430 100.62425719  10569.070652663708 10590.989549746117 -21.918897082409 
  0.96446195   1.68888476 149.74874372  10572.400966316462 10540.245357586682 32.155608729779 
  1.16632795   1.49748757 103.61824949  10575.076942086220 10570.392024852474 4.684917233746 
  1.07938209   1.70752399 143.04772753  10577.454277306795 10543.319680559909 34.134596746886 
  1.20228197   1.68888476 128.74629246  10614.457283198833 10613.380221777181 1.077061421653 
  1.24983844   1.85088733 103.00000000  10617.749283388257 10626.365813005335 -8.616529617078 
  1.25271503   1.68888476 118.98844735  10633.617176502943 10637.822377404691 -4.205200901748 
  1.27534719   1.72160136 110.61215642  10641.915563657880 10651.731948872344 -9.816385214464 
  0.82194825   1.68888476  78.02768836  10645.663889944553 10650.407311884714 -4.743421940160 
  0.79463639   1.83974573 101.88231341  10677.313236996531 10696.932913823512 -19.619676826980 
  1.23630111   1.68888476  83.15131385  10686.070621982217 10693.524844349293 -7.454222367076 
  1.10887389   1.68888476  68.92823517  10689.853505909443 10724.255409250785 -34.401903341342 
  1.08365048   1.71686321  66.25661242  10692.486183091998 10714.698052745831 -22.211869653833 
  1.11131174   1.46416526 105.21552681  10705.419421464205 10717.976796882102 -12.557375417897 
  1.11261402   1.71565910 140.04137921  10725.800411477685 10706.197593426803 19.602818050882 
  1.04175802   1.66228651  67.43221386  10731.852323174477 10742.126608949875 -10.274285775398 
  1.26483841   1.59395928 105.33033678  10734.475269511342 10746.310237723052 -11.834968211710 
  0.91799108   1.46724676  91.26485466  10738.351299673319 10771.222243360120 -32.870943686801 
  0.96936874   1.62720211  68.96945642  10758.196205928922 10767.667418596966 -9.471212668044 
  1.21475630   1.68888476  79.27280027  10765.640564367175 10775.096924833859 -9.456360466684 
  0.78795083   1.74524616 112.08358910  10777.439440548420 10791.557329672065 -14.117889123645 
  1.26182501   1.68888476  88.25662178  10778.275777235627 10789.282720704969 -11.006943469341 
  1.27759210   1.77615954 104.17006314  10783.926645278931 10804.190593965599 -20.263948686668 
  0.96446195   1.68888476  65.32663317  10794.023891404271 10794.296090673864 -0.272199269593 
  0.96446195   1.43216080 103.00000000  10794.379706576467 10803.681398710949 -9.301692134482 
  0.96446195   1.68888476 150.45226131  10797.410193443298 10781.328024552471 16.082168890827 
  0.89533005   1.43908425 105.29917836  10818.969451010227 10827.047929588529 -8.078478578302 
  1.11224783   1.68888476  68.84117008  10825.666996195912 10862.458656939758 -36.791660743846 
  1.04088731   1.66636561  66.98985933  10826.211651012301 10841.242656905026 -15.031005892724 
  1.09622617   1.67161247  68.85385931  10833.433042556047 10866.959088266845 -33.526045710798 
  1.28488280   1.75316583 103.00000000  10838.932313859463 10857.232351835466 -18.300037976003 
  1.19394698   1.68888476  76.20874375  10845.974413946271 10855.769754499037 -9.795340552766 
  0.82683537   2.00736085  98.71897468  10858.091390296817 10893.408093720764 -35.316703423947 
  1.17526114   1.50037933 102.40845525  10864.415553316474 10871.625238610814 -7.209685294340 
  1.29075279   1.67829701 103.00000000  10871.878105297685 10881.842993630900 -9.964888333216 
  1.29145729   1.68888476 103.00000000  10880.936718910933 10891.122570392357 -10.185851481425 
  0.98004626   1.99084426 133.76710988  10885.249497219920 10930.278668676878 -45.029171456958 
  1.26452488   1.70590914  87.64418067  10892.569301500916 10899.339724759013 -6.770423258096 
  1.12277160   1.68888476  69.36257864  10897.851198792458 10939.418469636967 -41.567270844509 
  0.94765435   1.45849944 135.05878237  10899.305425465107 10926.844462102099 -27.539036636992 
  1.29189814   1.70043766 103.57164824  10900.348808556795 10916.248236084120 -15.899427527325 
  1.27750170   1.71189200  91.33594356  10906.320253670216 10924.492110465426 -18.171856795210 
  0.96446195   1.56822583  73.78311990  10907.409300148487 10910.575955811530 -3.166655663043 
  1.26516957   1.68888476  88.37600556  10909.384119048715 10920.410820558001 -11.026701509287 
  0.93942294   1.80434808  61.73844686  10918.464744806290 10921.096568459594 -2.631823653304 
  0.81812247   1.68888476  78.27755864  10926.684972405434 10934.315045351019 -7.630072945585 
  0.78237460   1.66940676  96.63509228  10939.583385720849 10965.608383541794 -26.024997820945 
  1.20639749   1.52523329 100.70303490  10940.028790310025 10950.909724599551 -10.880934289526 
  1.29206393   1.68888476 105.50642116  10955.361258074641 10963.396463299565 -8.035205224924 
  0.78226842   1.69791596 110.89129180  10967.246593281627 10994.968155798897 -27.721562517270 
  0.98526705   1.43138019 103.00000000  10979.358301877975 10982.497845589945 -3.139543711970 
  1.29287525   1.67209761 103.00000000  10986.723232910037 11002.196603745911 -15.473370835874 
  1.07685979   1.45548200 100.10406636  10992.294450610876 10998.275444542714 -5.980993931838 
  0.81526699   1.95762233 103.00000000  11003.439379587770 11038.308355075333 -34.868975487563 
  1.19484992   1.68888476 131.32176679  11011.583134457469 11006.655742699619 4.927391757850 
  0.98803951   1.51213934 145.11400351  11012.122981876135 10990.267894037897 21.855087838238 
  1.27090985   1.66110103 116.47177487  11025.865024209023 11027.841053453612 -1.976029244590 
  1.11279033   1.69788408 141.35592907  11030.294921323657 10997.353641480819 32.941279842838 
  1.26174438   1.68888476  86.76963705  11047.765751793981 11057.027055584331 -9.261303790350 
  1.24096252   1.89813062 101.53644322  11061.980376511812 11071.250203369118 -9.269826857306 
  1.28117152   1.63835837 111.84282600  11065.105030730367 11064.033916018640 1.071114711727 
  0.96446195   1.68888476 151.15577889  11065.111327499151 11021.299800455290 43.811527043861 
  1.29508116   1.68888476 100.64422256  11065.371788486838 11082.283459768381 -16.911671281543 
  0.77889447   1.68888476 103.00000000  11066.625521346927 11086.927332777563 -20.301811430636 
  0.95672705   1.58358090  72.12804273  11069.899528384209 11076.061781631215 -6.162253247006 
  1.28443291   1.77384739 104.26393964  11083.604496523738 11093.884725549824 -10.280229026086 
  1.29549929   1.68689003 104.46960278  11085.317716300488 11094.248022330930 -8.930306030443 
  1.28804454   1.68888476  94.87090038  11087.199050217867 11102.192429884233 -14.993379666366 
  1.22584748   1.68888476 126.67200186  11097.511302307248 11098.326837347257 -0.815535040008 
  1.06921171   1.68888476 145.91467517  11107.229781642556 11067.596583878567 39.633197763989 
  0.77920873   1.71407888 103.00000000  11112.233679965138 11131.122236077110 -18.888556111971 
  0.82991450   1.47697821 108.65480370  11116.394536986947 11119.264618794175 -2.870081807228 
  1.28041338   1.79204797 104.58269333  11146.510041832924 11156.295287819919 -9.785245986996 
  0.78334597   1.68888476  93.04746102  11155.787367135286 11181.788957553114 -26.001590417827 
  1.29168253   1.64034640 103.00000000  11187.700670763850 11197.105491393850 -9.404820629999 
  0.79271227   1.85115568 103.00000000  11208.928244948387 11234.911925268692 -25.983680320305 
  1.27095340   1.58835318 103.00000000  11213.963111177087 11218.310027147360 -4.346915970273 
  0.97968284   1.68888476  64.51666924  11215.286483928561 11207.855432643588 7.431051284973 
  1.29899497   1.68888476 103.00000000  11218.451905772090 11235.268206632425 -16.816300860335 
  1.27731881   1.81255139 103.28267682  11224.863931730390 11248.346265784210 -23.482334053821 
  0.89243821   1.43906689 103.00000000  11237.731904044747 11250.837590995023 -13.105686950275 
  1.29085200   1.69623090 110.78145001  11241.084359809756 11251.743275358867 -10.658915549111 
  0.96446195   1.68888476  64.62311558  11246.879358947277 11236.802557013763 10.076801933514 
  0.92158783   1.56557974  74.51563815  11253.271213620901 11260.822489346934 -7.551275726033 
  1.23775051   1.54325402 103.00000000  11257.341578871012 11268.049336834638 -10.707757963626 
  0.98262701   1.47756524  86.28147238  11259.090594962239 11277.494320470903 -18.403725508664 
  1.29290697   1.64947470 108.75191139  11273.565079763532 11282.938712818361 -9.373633054829 
  0.96446195   1.45470390  91.77225149  11278.529628500342 11302.465611383066 -23.935982882724 
  0.82089090   1.69854155  76.36159848  11283.682591050863 11295.867106717902 -12.184515667039 
  0.79036027   1.66801162 121.53168566  11284.738966822624 11305.101740533777 -20.362773711153 
  1.23496143   1.54418513 100.71220026  11288.281512975693 11294.660203364409 -6.378690388716 
  0.96464303   1.46822874 139.05401092  11292.216660231352 11299.204954465649 -6.988294234297 
  1.10876062   1.68888476  67.62726827  11296.231389254332 11338.979689380336 -42.748300126004 
  1.29182222   1.63092838 104.03471822  11298.354949548841 11306.819629944015 -8.464680395175 
  0.96446195   1.68888476 151.85929648  11310.627194911242 11259.928017889257 50.699177021985 
  1.20440190   1.68888476  76.05168188  11314.644985809922 11332.290995017631 -17.646009207709 
  0.87033460   1.69986649  68.65344946  11316.756092771888 11342.289386264989 -25.533293493101 
  0.96446195   1.67751262  65.07571185  11320.782372236252 11318.362306605781 2.420065630471 
  0.99264340   1.81291184  60.04557409  11341.974828854203 11305.400349811500 36.574479042703 
  1.28968322   1.62338241 107.57399429  11343.777930423617 11353.847346689185 -10.069416265567 
  0.95383587   1.51161066 146.92661671  11348.828033640981 11349.249124103027 -0.421090462047 
  0.83424822   2.04425584 103.00000000  11358.371280148625 11382.189837703461 -23.818557554836 
  1.26392357   1.86272336 100.30754994  11361.010521054268 11378.675732597079 -17.665211542811 
  0.84728973   1.68888476  71.81765965  11366.502188950777 11374.045544261664 -7.543355310887 
  0.84978038   1.68888476  71.46514272  11367.380026683211 11377.725449055644 -10.345422372433 
  0.96446195   1.80986763  60.24135026  11379.052060991526 11357.356446155494 21.695614836031 
  1.29322280   1.68888476 111.20261015  11379.508432582021 11383.369799572736 -3.861366990715 
  0.77695441   1.66523408 103.00000000  11385.436453104019 11408.168160132787 -22.731707028768 
  0.96446195   1.54268451  75.73616375  11396.891230329871 11408.656457377891 -11.765227048019 
  1.23556215   1.67874600 126.40712482  11421.981129407883 11422.049716858464 -0.068587450582 
  1.26295374   1.68888476 120.77317007  11422.715947762132 11426.138298660773 -3.422350898642 
  1.29763920   1.68888476 109.43143092  11425.359562709928 11430.495803369236 -5.136240659309 
  1.30085042   1.68888476 107.34764212  11430.120811134577 11441.419145899923 -11.298334765346 
  0.96446195   1.67403057  65.09147020  11434.865647748113 11427.483204408629 7.382443339484 
  1.11443449   1.68888476 142.55700511  11437.815474197268 11401.284460417415 36.531013779853 
  1.03669236   1.69022642 149.27196942  11438.081991791725 11380.654144348100 57.427847443625 
  1.30389179   1.69746648 103.00000000  11441.474459335208 11455.934987597293 -14.460528262085 
  0.96446195   1.59873740  70.11119707  11442.910625234246 11449.444987628658 -6.534362394412 
  0.77970497   1.61478844 103.73208484  11445.060212075710 11463.233163420289 -18.172951344579 
  0.78762250   1.69583250 119.57550701  11445.176121562719 11466.911595228026 -21.735473665307 
  1.15251656   1.47467171 105.31006174  11448.584140330553 11450.618833147102 -2.034692816549 
  1.13524594   1.69868006 140.17296761  11451.821563333273 11433.389253123130 18.432310210143 
  0.94475444   1.45840879  90.50826275  11464.197909325361 11481.394089727035 -17.196180401674 
  1.00375489   1.66793038  65.23109128  11465.457081109285 11467.728820569171 -2.271739459886 
  0.96446195   1.42587940 103.00000000  11465.974916607141 11482.221323273987 -16.246406666845 
  1.07156675   1.45656259  96.58371383  11468.926761239767 11474.246049967973 -5.319288728206 
  0.86089739   1.69539218  69.56619811  11482.949842497706 11505.602419545070 -22.652577047364 
  1.28132104   1.59572908 102.52364997  11512.540336936712 11521.887428363449 -9.347091426736 
  1.15149667   1.48570557  98.06901451  11523.039393872023 11530.263909731970 -7.224515859947 
  1.30063979   1.73926870  96.68982507  11535.575985595584 11561.636152857134 -26.060167261550 
  0.92221831   1.65914049 152.59125876  11542.723987728357 11525.651287019184 17.072700709174 
  1.30376103   1.68888476 107.06101086  11542.984439462423 11558.889625708682 -15.905186246258 
  0.78163861   1.60396975 112.42296256  11544.926736533642 11557.401914700718 -12.475178167077 
  0.96446195   1.68888476 152.56281407  11552.118349164724 11496.976597803045 55.141751361680 
  0.85327277   1.44879926 110.59625562  11555.312285065651 11560.854330073214 -5.542045007564 
  1.30653266   1.68888476 103.00000000  11568.548105329275 11579.170245352130 -10.622140022855 
  0.96446195   1.61596209  68.53193840  11584.161130890250 11593.324877466663 -9.163746576412 
  1.14621531   1.68888476 139.52698110  11589.141806751490 11572.008120827999 17.133685923491 
  0.98845312   1.42620875 124.21629315  11603.088952898979 11614.684116606126 -11.595163707147 
  0.78601008   1.71803035  87.88719558  11620.017878279090 11642.139336730083 -22.121458450993 
  1.29890613   1.68888476  94.43393424  11626.974512562156 11642.432237069650 -15.457724507494 
  1.29996263   1.76273787  97.31201562  11637.415531918406 11656.988802677441 -19.573270759034 
  1.22196343   1.68888476  77.35231272  11637.474139049649 11649.919291427397 -12.445152377748 
  1.30801081   1.68888476 104.93504469  11648.593065112829 11672.972389770492 -24.379324657662 
  1.07980837   1.44448710 103.00000000  11664.244613528252 11656.903717525927 7.340896002324 
  1.08062804   1.69894510 146.25674435  11686.120369270444 11624.685975651224 61.434393619220 
  0.84909840   1.72752176  69.44410715  11686.969860687852 11710.956834882880 -23.986974195028 
  0.87068148   1.68888476  68.47436053  11692.980185449123 11716.722224011934 -23.742038562810 
  0.96446195   1.68888476  63.91959799  11696.438402995467 11689.299342995761 7.139059999707 
  1.28613439   1.68888476 116.43268674  11699.107181981206 11711.611839533620 -12.504657552414 
  0.96446195   1.68888476 153.00000000  11706.855417788029 11643.384373056271 63.471044731758 
  0.96573790   1.50812517  79.84117320  11708.424097731709 11709.848208547573 -1.424110815864 
  0.77904079   1.72177170  93.44584782  11710.418669715524 11736.130789845622 -25.712120130098 
  0.78055639   1.74583998 111.09944965  11719.542855530977 11741.430917547505 -21.888062016527 
  1.25368080   1.55931758  98.65768752  11725.351216137409 11726.503193200226 -1.151977062817 
  1.26459648   1.71190445  83.10350177  11737.518830552697 11749.953580327337 -12.434749774640 
  0.92495854   1.68320261  65.16684443  11741.509287357330 11750.690794251746 -9.181506894416 
  0.79268689   1.67810930 124.93330839  11763.645059779286 11774.055908752704 -10.410848973417 
  0.78416288   1.57079387 110.64929672  11767.896277293563 11779.310935199775 -11.414657906213 
  1.13363742   2.11497571 104.50017145  11780.733560621738 11705.748424565340 74.985136056399 
  0.96446195   1.62022623  67.91686399  11793.734045907855 11788.511925948018 5.222119959837 
  1.26866001   1.86988882 102.39284068  11797.106521189213 11804.725436815219 -7.618915626006 
  0.96446195   1.68888476 153.26633166  11798.955348029733 11732.206391761618 66.748956268115 
  1.12139841   1.67898236  67.86707946  11804.528277173638 11847.691001180108 -43.162724006470 
  1.17563996   1.69729926 136.41919742  11808.065280064940 11795.891362465232 12.173917599708 
  0.79358623   1.88904087 100.43067575  11816.085829466581 11846.178620667140 -30.092791200559 
  0.96446195   1.62409494  67.59817285  11818.003208354115 11814.927705696055 3.075502658061 
  1.29888452   1.75278064 108.94365983  11822.798391431570 11829.600444409980 -6.802052978410 
  1.31245342   1.69322764 101.38484528  11842.557500287890 11855.149310164394 -12.591809876503 
  0.85640744   2.11845417 106.96146576  11858.852739781141 11814.748225674743 44.104514106399 
  1.30271325   1.70449290  93.28363049  11862.117193534970 11876.457122829142 -14.339929294172 
  1.30179044   1.68888476  93.41824875  11866.076712176204 11881.352811803250 -15.276099627046 
  0.79920463   1.68888476 128.39686301  11870.815946802497 11874.780891272138 -3.964944469641 
  1.27549064   1.66617007 120.38473206  11873.858594521880 11875.477364275272 -1.618769753391 
  0.97584287   1.67481741  64.24550753  11874.309643223882 11866.777194716076 7.532448507805 
  1.22202293   1.51434525 104.33262946  11877.072336614132 11885.226540487576 -8.154203873444 
  1.29900016   1.61530212 103.00000000  11880.876605972648 11894.573809997204 -13.697204024556 
  0.96446195   1.70293918  62.96851716  11885.438559576869 11871.592966141507 13.845593435362 
  1.31360365   1.68748834 103.00000000  11888.329926669598 11903.083864036813 -14.753937367215 
  1.30822428   1.72392352 107.59066311  11892.292995184660 11910.026204388294 -17.733209203634 
  1.29751602   1.61109486 103.00000000  11896.097730427980 11905.188133455098 -9.090403027118 
  1.30866594   1.66148644 108.40565829  11901.782319843769 11906.529358999562 -4.747039155793 
  0.97807789   1.43681750  95.90523899  11902.805425941944 11903.005269766652 -0.199843824708 
  1.31407035   1.68888476 103.00000000  11908.624366998672 11922.668048560810 -14.043681562138 
  0.80062055   1.68888476  80.87269027  11911.825720980763 11915.741309668207 -3.915588687443 
  1.28429277   1.65777694 118.35656363  11925.657357096672 11926.100619127603 -0.443262030931 
  1.01773952   1.68722147  63.57197011  11939.184027120471 11927.342369792465 11.841657328006 
  1.25990429   1.68888476  82.30044684  11940.109581843019 11943.802747410133 -3.693165567114 
  0.77734731   1.77021533  98.89923450  11947.451388701797 11974.220736277426 -26.769347575630 
  1.29810075   1.66470081  92.95684617  11951.089928969741 11963.205199124497 -12.115270154756 
  1.30867241   1.72100009  95.07662888  11952.495566561818 11977.917132781851 -25.421566220033 
  0.90571259   1.62967251  68.85223625  11953.280890077353 11966.804720513979 -13.523830436627 
  0.82991225   1.47246849 103.00000000  11956.279522538185 11965.017711372706 -8.738188834521 
  0.96446195   1.46318107  87.79353989  11958.401472419500 11975.135472979729 -16.734000560229 
  1.04940589   1.67444649  64.76903460  11967.870359107852 11981.801066907437 -13.930707799585 
  1.31526220   1.67806437 103.00000000  11978.742950141430 11999.418150148287 -20.675200006857 
  1.29682580   1.79716528 105.09088883  11988.831328526139 12005.562386507336 -16.731057981196 
  0.94233713   1.48505186 144.90427381  11993.167292103171 12000.091923212218 -6.924631109046 
  0.92807638   1.70276062  63.74098119  11996.321525052190 11997.769117804026 -1.447592751836 
  0.81395861   1.49251145 103.00000000  12002.884628340602 12014.565056812382 -11.680428471780 
  1.31153830   1.75229929 103.00000000  12047.616769120097 12070.119551699365 -22.502782579268 
  1.31464132   1.68888476 107.31079312  12057.847159013152 12064.807848597462 -6.960689584310 
  1.31741462   1.69365695 102.34344067  12058.300777643919 12072.039559777650 -13.738782133731 
  1.08842503   1.44541997 101.57862132  12060.249362736940 12054.526353670801 5.723009066140 
  1.31369524   1.68888476 108.26208065  12070.444101139903 12076.144291602302 -5.700190462399 
  0.77345432   1.68888476  98.17058879  12085.507110327482 12113.138325604756 -27.631215277273 
  1.10745522   1.67329162 145.38325104  12100.016675814986 12037.394929215461 62.621746599525 
  1.12722288   1.69454008 142.97420859  12107.593502357602 12056.309564490071 51.283937867531 
  1.01288721   1.68888476  63.17342845  12109.203536003828 12091.775423206293 17.428112797536 
  0.77264823   1.71386024 103.00000000  12122.375884011388 12146.285723608613 -23.909839597225 
  0.96446195   1.56516920  72.08588235  12124.204674094915 12135.808301027697 -11.603626932781 
  0.84038334   1.68555982  71.52452196  12142.897952288389 12155.405728462585 -12.507776174196 
  1.30769179   1.64778973 111.45832707  12150.406134366989 12152.063478481994 -1.657344115005 
  1.08747273   1.44691736  99.93346884  12160.928210332990 12166.597049706746 -5.668839373757 
  0.97778958   1.94210871  57.08657007  12215.139139577746 12212.997113898558 2.142025679188 
  1.31043368   1.62647472 103.19863766  12219.369542896748 12224.354786981048 -4.985244084301 
  0.91963648   1.76561305  61.37591490  12221.816077932715 12230.081567344845 -8.265489412130 
  0.77135678   1.68888476 103.00000000  12237.378593087196 12262.134847450656 -24.756254363459 
  1.31788163   1.68269012 108.08218600  12247.803198069334 12253.411658514036 -5.608460444702 
  1.32160804   1.68888476 103.00000000  12254.541525110602 12265.608798685385 -11.067273574783 
  1.30098092   1.65361405  92.58659915  12272.159088447690 12279.791508661358 -7.632420213668 
  1.01478785   1.74630803  60.47286701  12278.378245055676 12226.856802487135 51.521442568541 
  0.99404410   1.66106222  64.32989696  12284.255217179656 12274.971319075006 9.283898104650 
  0.77099895   1.68718674 103.00000000  12292.885900467634 12318.023439824705 -25.137539357071 
  0.84468289   1.68888476  70.45496646  12305.159842893481 12320.919945299782 -15.760102406301 
  0.96446195   1.68888476  63.00000000  12315.394272729754 12295.901462846605 19.492809883150 
  0.77498423   1.76996633 103.00000000  12326.684043854475 12345.693332716020 -19.009288861545 
  0.84012321   1.69493831  70.79866413  12331.859923645854 12346.632645156755 -14.772721510901 
  0.96446195   1.64190051  65.61575915  12334.289777413011 12332.227762310766 2.062015102245 
  1.32209806   1.66793391 103.00000000  12340.952236741781 12351.459716866209 -10.507480124428 
  0.78269045   1.74335204  86.70878814  12345.071752011776 12364.896685972933 -19.824933961158 
  1.29173850   1.84181016 103.00000000  12364.169513955712 12373.496444694782 -9.326930739069 
  0.92848298   1.65040867  65.90879140  12368.211333066225 12372.659379800443 -4.448046734218 
  1.13779164   1.71157978 142.18809283  12377.577547982335 12331.050414293972 46.527133688363 
  1.29474455   1.68906543  87.68594537  12380.500669315457 12385.925939333943 -5.425270018486 
  1.28690700   1.85912549 102.06736653  12409.957132264972 12421.472359295321 -11.515227030350 
  0.96446195   1.40986273 112.72121832  12412.202666223049 12425.662740023117 -13.460073800068 
  1.28817198   1.68253108 120.32322755  12439.689909532666 12444.482411514207 -4.792501981541 
  0.82537624   1.64898009  75.42339710  12442.380753949285 12435.996653866419 6.384100082865 
  1.31621898   1.68888476  94.13376402  12449.849421679974 12465.890844350241 -16.041422670267 
  1.28238816   1.87575752 100.55043496  12461.243265539408 12472.204209097652 -10.960943558244 
  1.32622663   1.69460302 103.00000000  12461.613252058625 12472.615852056342 -11.002599997717 
  0.81335053   1.68888476  75.85590983  12473.778309985995 12474.523241225826 -0.744931239831 
  0.77372017   1.70917524  93.73374317  12476.993333324790 12505.117914217799 -28.124580893009 
  0.92803476   1.68529528  63.83797115  12489.022044599056 12489.337279509813 -0.315234910757 
  0.77491518   1.66679742 115.53833592  12493.480993047357 12524.328453272738 -30.847460225381 
  1.13885929   1.45793009 103.00000000  12503.112467840314 12502.472444157247 0.640023683067 
  1.05228442   1.71601469  61.87533347  12512.589572533965 12498.048168460549 14.541404073416 
  1.30505453   1.81479549 102.80110928  12520.535343945026 12532.137314930820 -11.601970985794 
  1.30764126   1.60481139 101.81456240  12527.817430242896 12537.416534859722 -9.599104616826 
  0.77192523   1.71999980 108.79908656  12540.264207109809 12560.420881640830 -20.156674531021 
  1.02547705   1.72363833  60.98988167  12560.108138620853 12528.372060658277 31.736077962576 
  1.26936723   1.90509744 103.19778503  12571.720882803202 12584.052141146631 -12.331258343429 
  0.93449355   1.46380161  86.77882305  12584.271306484938 12589.703084533934 -5.431778048996 
  0.94174007   1.68888476  63.08564651  12585.035039559007 12573.185351134887 11.849688424119 
  1.32914573   1.68888476 103.00000000  12593.419191688299 12607.846763332527 -14.427571644228 
  0.92039554   1.41930894 103.00000000  12596.545929387212 12620.143358262532 -23.597428875320 
  1.30789198   1.81292626 103.00000000  12629.940605416894 12641.321799951571 -11.381194534677 
  1.26991130   1.70022746 124.77531488  12637.769468590617 12639.794337935020 -2.024869344403 
  1.13560357   1.68382401  66.67459681  12640.717128559947 12717.814170544694 -77.097041984747 
  1.01313701   1.68888476  62.35207875  12643.416130617261 12615.613095113573 27.803035503688 
  0.96446195   1.68888476  62.51256281  12650.383551374078 12624.404384023655 25.979167350422 
  0.78157510   1.67416807 122.21058444  12677.249758258462 12695.976024501446 -18.726266242984 
  0.98716689   1.53480703  74.47548060  12679.340057671070 12690.540139076658 -11.200081405588 
  0.82295849   1.66531332  74.41999677  12715.625001281500 12713.904336614716 1.720664666784 
  1.29678077   1.68888476  86.30409711  12731.012112930417 12736.108733030387 -5.096620099970 
  1.32748781   1.74200503  97.88032280  12737.583189323545 12757.501234397296 -19.918045073751 
  1.32195139   1.68888476 111.95553955  12746.059051379561 12751.920435866077 -5.861384486516 
  0.77040458   1.68888476 110.83738709  12748.854342609644 12768.948720531005 -20.094377921361 
  1.08611798   1.68888476  63.75241170  12749.566673427820 12795.219307134821 -45.652633707001 
  0.97907984   1.57037373  70.49527467  12756.202932029963 12765.244307326577 -9.041375296614 
  1.32595681   1.64317148 107.75497804  12768.142650380731 12772.870300647495 -4.727650266765 
  1.14318105   1.68888476  66.60256021  12769.448900416493 12852.775881431029 -83.326981014536 
  0.77871312   1.72839790 117.94865468  12777.279926657677 12795.525780007112 -18.245853349435 
  1.32720672   1.75391715 103.00000000  12787.283281490207 12800.004992249887 -12.721710759681 
  1.32298942   1.77885188 100.28057387  12797.702268913388 12824.289928146665 -26.587659233277 
  0.96446195   1.49658016  79.61940251  12807.155513003469 12810.663568766360 -3.508055762892 
  1.12013433   1.68888476  65.11573706  12832.099324777722 12906.740037422103 -74.640712644381 
  0.80052092   1.72758758  77.23475344  12833.071357488632 12833.037766041491 0.033591447142 
  0.98428212   1.55306814  72.10199050  12844.718725055456 12861.012151235393 -16.293426179936 
  0.80697444   1.68888476  76.56761850  12870.356310606003 12868.342818895399 2.013491710604 
  0.96353368   2.04540867  56.35858386  12880.429337173700 12942.139644477144 -61.710307303443 
  1.14712175   1.70207765  65.92043689  12882.837484776974 12976.347148865647 -93.509664088673 
  0.97437036   1.94882768  55.73325708  12886.314053237438 12893.277023169347 -6.962969931908 
  0.77769820   1.56516962 104.88278406  12901.900063008070 12900.419835149474 1.480227858596 
  1.23561141   1.98379898 104.27014430  12903.999535039067 12874.788588021263 29.210947017804 
  1.05485060   1.42551501 103.00000000  12906.233614981174 12882.969661911944 23.263953069230 
  0.96446195   1.70739722  61.25730304  12914.942299753428 12876.070681357536 38.871618395891 
  1.32810683   1.72114595 109.63816758  12915.969717666507 12946.451314350903 -30.481596684396 
  0.96446195   1.41331658 103.00000000  12937.696265175939 12926.412746150942 11.283519024997 
  1.33668342   1.68888476 103.00000000  12941.166705563664 12949.243029024752 -8.076323461088 
  0.76827354   1.63770446 103.00000000  12948.977244809270 12980.192599450966 -31.215354641696 
  1.13725617   1.68888476  65.77221504  12984.121759191155 13071.691422352593 -87.569663161437 
  1.29660000   1.69568448 121.01005471  12988.686644911766 12997.423472339729 -8.736827427963 
  1.33150260   1.64039673 103.00000000  12993.686296179891 12998.822402003965 -5.136105824075 
  0.96446195   1.68888476 156.78391960  12994.804078429937 12872.534392435497 122.269685994441 
  0.84367807   1.68888476  69.37104248  12997.282950580120 13022.941392779670 -25.658442199550 
  0.96446195   1.44144316  90.88648966  13007.052711278200 13019.759440285818 -12.706729007617 
  0.98245887   1.68888476  61.78626425  13015.484994113445 12981.209849539080 34.275144574365 
  0.98578843   1.52084953  75.68643421  13022.198606565595 13026.782625187829 -4.584018622234 
  0.82280969   1.65619762  74.33948487  13030.205701172352 13025.273642403734 4.932058768618 
  1.32235763   1.68888476 114.60996395  13075.584897041321 13077.674648257222 -2.089751215901 
  1.33906226   1.70889258 104.07107882  13077.610329285264 13088.376953791580 -10.766624506316 
  0.87233156   1.67381692  66.81378070  13107.682885602117 13127.685803665059 -20.002918062943 
  0.91520379   1.41559623 103.00000000  13137.361597165465 13163.720467080540 -26.358869915075 
  0.78082601   1.68888476  85.21091603  13199.541572690010 13214.369831336056 -14.828258646046 
  1.26598319   1.69667369 127.92533276  13214.765343949199 13213.152978504275 1.612365444924 
  0.96446195   1.68888476 157.48743719  13226.270582720637 13091.704269837935 134.566312882702 
  1.34258474   1.69786060 105.24302365  13243.036091506481 13252.134836108269 -9.098744601788 
  0.76732554   1.71240625 109.20522473  13259.938256666064 13283.471073726167 -23.532817060102 
  1.26257017   1.68160836  78.18811858  13260.943901553750 13261.360957234800 -0.417055681050 
  0.76543747   1.68888476 100.58863205  13266.751465618610 13297.673653575826 -30.922187957216 
  1.34422111   1.68888476 103.00000000  13277.498963013291 13289.665246561617 -12.166283548326 
  1.14748151   1.69824192  65.28824075  13277.855736553669 13379.295116705583 -101.439380151915 
  0.78438550   1.70355859 125.67252497  13286.458552941680 13297.061388642114 -10.602835700434 
  1.30935791   1.68888476  86.37384495  13290.849883481860 13294.390942419128 -3.541058937268 
  0.80142083   1.97555309 105.94606834  13305.061878889799 13336.296867966637 -31.234989076838 
  0.77106682   1.74802815 111.96081891  13311.598906785250 13345.687980543913 -34.089073758663 
  0.96446195   1.44375189  89.43526196  13325.769361987710 13331.712068919276 -5.942706931566 
  0.94172779   1.57310351  69.89561401  13331.384889259934 13340.830092681002 -9.445203421068 
  0.92896562   1.57318896  70.24715230  13343.168560713530 13351.282181115295 -8.113620401766 
  0.95403153   1.92949462  55.24656952  13382.059542298317 13371.409176519417 10.650365778900 
  0.76446195   1.68888476 103.00000000  13392.704659834504 13411.999823790038 -19.295163955534 
  1.34371700   1.65501426 103.00000000  13399.055070623755 13409.979445338407 -10.924374714652 
  0.96446195   1.73985011  59.20777573  13408.818962991238 13342.041503753215 66.777459238023 
  1.24319277   1.50540216 103.00000000  13413.128950372338 13422.318874766825 -9.189924394486 
  1.32538841   1.59659062 103.96022280  13422.143331959844 13430.908193315488 -8.764861355645 
  0.79052813   1.94146937  99.70145863  13435.656506031752 13482.082481342391 -46.425975310640 
  1.34448452   1.67139172  99.29558552  13436.852569624782 13451.731694363250 -14.879124738469 
  1.29972301   1.68888476  83.58325966  13439.494307667017 13433.592616894197 5.901690772820 
  1.32866543   1.60146413 106.63032576  13443.286442339420 13449.150227147866 -5.863784808445 
  0.96446195   1.68888476 158.19095477  13456.147086530924 13307.327462967922 148.819623563002 
  1.12762044   1.68705892  64.32688793  13479.286036208272 13572.100497208878 -92.814461000606 
  0.76381910   1.68888476 103.00000000  13492.499509960413 13522.987578487202 -30.488068526789 
  1.28264774   1.53756959 103.00000000  13500.132452532649 13508.908974011825 -8.776521479176 
  0.80498966   1.69860042  75.22484872  13530.364087209105 13524.830993282121 5.533093926984 
  1.19086353   1.47054190 103.00000000  13551.276662051678 13559.408484084475 -8.131822032798 
  1.35090587   1.69955295 103.80581094  13580.907084301114 13598.355577503249 -17.448493202135 
  1.29007636   1.69058861  81.04366513  13587.140010520816 13577.745356689169 9.394653831647 
  0.79648662   1.70872025  77.09005074  13611.645679906011 13606.536254178638 5.109425727373 
  0.76551601   1.74964649 103.00000000  13614.580910131335 13637.978610097656 -23.397699966321 
  1.34200501   1.77029003 103.00000000  13615.099279433489 13636.809241068153 -21.709961634664 
  0.79781698   1.68888476  77.40910626  13623.906642481685 13608.483470078276 15.423172403409 
  1.35031298   1.66463315 103.00000000  13630.238720431924 13641.678082025597 -11.439361593673 
  1.34094178   1.70723393  92.91501419  13636.860147044063 13659.267273773832 -22.407126729770 
  1.32267231   1.58730280 101.56346206  13639.483972758055 13646.300660822817 -6.816688064762 
  0.96446195   1.68888476  61.10552764  13641.015807554126 13599.835255545522 41.180552008604 
  0.99255251   1.44363443  88.95064303  13651.147623255849 13646.208130694073 4.939492561776 
  0.96446195   1.72486428  59.43940575  13670.223780453205 13599.779356375202 70.444424078003 
  1.34628252   1.74381461  96.15311825  13682.031491577625 13705.920714055863 -23.889222478238 
  1.25060398   1.69949144 132.04413480  13683.051171451807 13677.290310410464 5.760861041343 
  0.96446195   1.68888476 158.89447236  13687.306417062879 13519.154622551840 168.151794511039 
  1.34345662   1.75519770 106.91077353  13688.260540455580 13719.902262554257 -31.641722098677 
  0.96446195   1.40703518 103.00000000  13702.151628077030 13693.469456312432 8.682171764598 
  0.92559535   1.76111680  59.04452160  13703.124797239900 13690.108994737644 13.015802502256 
  0.96096368   1.55414159  70.82666533  13707.330492794514 13716.070021421487 -8.739528626973 
  1.32431747   1.66482779  89.28431293  13709.853323176503 13709.780219130227 0.073104046276 
  1.34852352   1.68888476 109.47999619  13712.523608878255 13723.268882872640 -10.745273994386 
  0.92498436   1.73660755  59.94600349  13714.239800751209 13699.778372990033 14.461427761176 
  1.05232276   1.41075630 111.04758158  13715.848116636276 13697.203269896569 18.644846739708 
  0.84967277   1.43620774 103.00000000  13718.999845579267 13733.587014257118 -14.587168677852 
  1.34057799   1.68888476 113.35669122  13722.251037806273 13735.563448599463 -13.312410793191 
  1.21475695   1.48351587 101.97927278  13733.603262826800 13722.604074809216 10.999188017584 
  1.09877837   1.68888476  62.47064711  13741.679027244449 13797.622853190878 -55.943825946430 
  1.35267839   1.75220449 103.68215922  13751.738507479429 13957.846961440702 -206.108453961273 
  1.34352344   1.62260290 107.19249454  13759.450742229819 13766.727140936260 -7.276398706441 
  0.80792139   1.68888476  74.41083357  13761.247383639216 13752.012073221895 9.235310417322 
  1.06943874   1.42326207 101.67949568  13764.372683003545 13758.157421176984 6.215261826561 
  0.81925045   1.71901395  70.74241966  13789.326567664742 13792.758902685695 -3.432335020952 
  1.28532593   1.69821609 126.85272460  13797.401836767793 13803.801885919534 -6.400049151742 
  1.32666918   1.68888476  87.90553018  13804.309229105711 13803.045512258965 1.263716846746 
  0.79281664   1.67808427  78.95455653  13815.413204193115 13808.521825769782 6.891378423334 
  1.30378478   1.68888476 123.66263475  13824.373507589102 13832.682299746637 -8.308792157535 
  0.89698607   1.68888476  63.23285936  13830.020581364632 13833.377520776250 -3.356939411618 
  1.34750013   1.63755573 108.87173769  13830.039378732443 13833.570849792941 -3.531471060498 
  0.81515367   2.06834225 103.00000000  13831.404165193439 13873.698958815741 -42.294793622303 
  0.96446195   1.67031315  61.83126557  13838.525751590729 13785.248499021409 53.277252569320 
  0.78713819   1.93172258 103.00000000  13839.843027308583 13877.687630696597 -37.844603388014 
  0.83875773   2.15092838 105.78064396  13852.730057060719 13820.117534147674 32.612522913045 
  1.34046852   1.67844874 114.54806269  13854.288788408041 13858.229451262659 -3.940662854618 
  0.77750294   1.56348989  96.78575827  13857.173575431108 13877.554425010143 -20.380849579034 
  0.78060785   1.89382411 103.00000000  13868.002147689462 13907.369820417509 -39.367672728047 
  0.90169332   1.64140391  65.53156715  13875.662616863847 13870.727842813425 4.934774050422 
  1.04923028   1.68888476  60.92840141  13876.279408290982 13848.561045418623 27.718362872360 
  1.30850105   1.68888476  83.37320011  13880.845225408673 13876.106785189486 4.738440219187 
  0.96446195   1.68888476 159.59798995  13906.709748178720 13726.937181327336 179.772566851385 
  1.33969078   1.69001283 115.13734137  13917.768223628402 13920.828371522173 -3.060147893772 
  0.76778044   1.75945315  91.63534982  13919.260603308678 13943.141538792426 -23.880935483749 
  0.78406103   1.67110541  82.19296362  13921.095685526729 13922.039592109109 -0.943906582381 
  1.35929648   1.68888476 103.00000000  13954.554633513093 13967.089062427882 -12.534428914789 
  0.98601212   1.68888476  60.45685441  13954.684075698256 13883.397144418268 71.286931279988 
  1.33221787   1.67151833  89.30742781  13973.881485462189 13984.639494199895 -10.758008737706 
  1.35309919   1.68888476 110.41549142  13979.168794602156 13999.765699343587 -20.596904741431 
  0.83971957   1.44071601 103.00000000  13982.741098165512 13995.900859677473 -13.159761511961 
  1.11992688   1.44178696  98.96239128  13996.315015196800 13970.853139050831 25.461876145970 
  0.76231489   1.73506614 100.89973110  14012.363439708948 14039.898983638092 -27.535543929143 
  1.02247540   1.68888476  60.39605778  14014.050646632910 13952.200797683026 61.849848949883 
  1.33240978   1.68888476  88.16272656  14014.815376177430 14019.816275380339 -5.000899202909 
  1.34591273   1.78945944 103.00000000  14031.749019831419 14044.057585449362 -12.308565617943 
  1.25598262   2.00100985 102.61896977  14088.048508569598 14057.999052076575 30.049456493023 
  1.27936022   1.68062214 129.32949020  14099.664167553186 14093.861793179040 5.802374374147 
  1.36187619   1.67426869 103.00000000  14099.764528959990 14114.478731673267 -14.714202713278 
  0.95350098   1.51770138  74.55457733  14102.258358731866 14101.836138423265 0.422220308601 
  1.33219972   1.84096956 101.09487977  14126.845459505916 14140.827244672631 -13.981785166716 
  0.96446195   1.68888476 160.30150754  14127.950501382351 13930.427872811553 197.522628570798 
  1.35632644   1.73671527  95.75180493  14128.593483716249 14152.999239528315 -24.405755812066 
  1.36352117   1.68888476 102.81440520  14143.490816786885 14156.345352895236 -12.854536108351 
  0.77322207   1.66381629 123.40988836  14147.064974546432 14168.144044472072 -21.079069925639 
  0.78533891   1.93461141 103.00000000  14165.120567843318 14206.732582985633 -41.612015142315 
  0.76603184   1.79453444 103.00000000  14167.300289288163 14187.281358497081 -19.981069208918 
  0.96446195   1.68888476  60.40201005  14171.191490381956 14102.715165997108 68.476324384848 
  1.36446195   1.68888476 103.00000000  14185.385423421860 14198.021865006061 -12.636441584202 
  1.34783685   1.73291625 112.46225806  14189.213754311204 14201.269624369856 -12.055870058652 
  0.94199601   1.59017416  67.18961519  14190.900021523237 14190.908631455786 -0.008609932549 
  0.93607428   1.45858134  84.43448994  14198.393709480762 14211.678935891223 -13.285226410460 
  1.33492585   1.68888476 118.63446006  14234.237038195133 14235.746737627858 -1.509699432725 
  1.36575140   1.70551991 103.00000000  14253.697998806834 14266.695200634620 -12.997201827786 
  1.28105741   1.69134808  76.99034593  14256.480996027589 14261.809549926325 -5.328553898737 
  1.32803900   1.68888476 120.54685583  14270.603343710303 14272.273133920180 -1.669790209877 
  0.76950934   1.83234394 103.00000000  14278.440519630909 14302.176779094525 -23.736259463616 
  1.34486789   1.69437019 116.19856195  14300.987252816558 14311.865825685371 -10.878572868813 
  1.23418303   1.67827306  71.42735681  14309.827585324645 14373.806983655666 -63.979398331021 
  1.21063393   1.47166170 103.00000000  14310.293231293559 14307.736334256080 2.556897037479 
  0.88293234   1.64543647  65.82610005  14316.868342623115 14323.253833453140 -6.385490830025 
  0.96032517   1.70460245  59.49543426  14336.014119803905 14256.013831033617 80.000288770289 
  1.15900064   1.44480342 104.09864461  14343.173016235232 14339.665046382899 3.507969852333 
  0.79809770   2.01120242 103.00000000  14373.849272608757 14430.691782370015 -56.842509761258 
  1.12261376   1.68888476  62.28822706  14382.559576034546 14473.509460515716 -90.949884481170 
  1.34589068   1.68888476  89.56888590  14395.309672847390 14404.056930495670 -8.747257648280 
  1.31811315   1.68888476  82.83447736  14438.764415040612 14429.790126492688 8.974288547925 
  1.35427022   1.70007693  91.43240797  14443.136301547289 14459.816905519838 -16.680603972549 
  1.34310772   1.67370902  89.12326919  14483.669700935483 14484.477096169385 -0.807395233902 
  0.94176494   1.56482012  69.01108836  14492.274507939816 14498.783789879513 -6.509281939698 
  0.95596486   1.54089951  71.13909091  14492.310936972499 14512.187997157767 -19.877060185268 
  0.96446195   1.40075377 103.00000000  14498.906546980143 14491.420944865655 7.485602114488 
  1.26726137   1.50474271 103.00000000  14510.022525221109 14518.276569542115 -8.254044321005 
  1.31832276   1.55126685 103.00000000  14514.635605245829 14526.682527088275 -12.046921842446 
  1.33296931   1.68888476 120.81364847  14517.085783809423 14539.182993127053 -22.097209317630 
  0.96446195   1.48234149  78.91460305  14530.158783584833 14523.358559027431 6.800224557403 
  1.28588488   1.51626745 105.18113396  14537.487565055490 14539.896345762980 -2.408780707490 
  0.77848603   1.68888476  82.02075596  14538.436837434769 14538.440425152652 -0.003587717883 
  0.95136196   1.68888476  60.14291241  14556.548002496362 14486.559138570710 69.988863925651 
  0.76859598   1.61253969  92.44522823  14583.595570400357 14613.590844315528 -29.995273915170 
  1.37437186   1.68888476 103.00000000  14626.051303982735 14639.182597168714 -13.131293185979 
  0.89105332   1.63371546  65.57744723  14632.043664425611 14641.911507079016 -9.867842653404 
  1.20045485   1.68337291 141.98304076  14642.448744416237 14579.603529030270 62.845215385967 
  0.85199381   1.42609500 103.00000000  14655.354803755879 14657.072978394335 -1.718174638456 
  0.94312786   1.68888476  60.21479400  14655.682027742267 14591.823474094866 63.858553647400 
  0.75874094   1.73562793 103.00000000  14656.800829336047 14685.523017830004 -28.722188493957 
  1.35842899   1.79603111 103.00000000  14679.628860235214 14697.574877199191 -17.946016963977 
  1.33766955   1.68888476  85.85878176  14685.937535569072 14676.370589322354 9.566946246718 
  1.22794891   1.68890912 138.63271453  14705.028599143028 14661.695191156105 43.333407986924 
  0.96446195   1.68888476  59.69849246  14709.177985996008 14615.712822256335 93.465163739673 
  0.83557492   1.43670057 103.00000000  14709.991307944059 14727.820470130815 -17.829162186756 
  0.76676416   1.67121768 121.02200144  14737.700601622462 14765.870923782373 -28.170322159911 
  1.04592451   1.66867559  60.67092416  14753.845301404595 14717.686772798454 36.158528606142 
  1.37756100   1.70616605 103.48745132  14785.160344049335 14797.840847851699 -12.680503802365 
  0.91541315   1.40227383 103.00000000  14788.077735528350 14804.974504361424 -16.896768833074 
  0.96566596   1.41661072  94.03275088  14805.135951682925 14811.391408521880 -6.255456838955 
  0.75628141   1.68888476 103.00000000  14836.339093282819 14874.208581706178 -37.869488423359 
  1.37096420   1.63558685 101.60108722  14837.773124784231 14858.252660665745 -20.479535881514 
  0.75796149   1.66905869 111.02920181  14840.971098423004 14878.406629217756 -37.435530794752 
  1.37067588   1.70753275  94.26923326  14844.572766155005 14870.270116832717 -25.697350677712 
  0.77558451   1.52788730 103.00000000  14848.546042248607 14854.508470218345 -5.962427969738 
  0.78045051   1.92967857 104.42294048  14866.949080809951 14904.867352227393 -37.918271417442 
  1.10485749   1.68188016  61.12010708  14871.895808264613 14939.943546783745 -68.047738519132 
  1.21527469   1.67178989  68.39506152  14872.356491237879 15000.651273361373 -128.294782123494 
  1.26021116   2.02477452 103.35780648  14875.612486734986 14833.457994593315 42.154492141672 
  1.36083098   1.66800529 115.66707431  14897.335685461760 14897.677048397762 -0.341362936002 
  0.87633609   1.43427920  93.27739954  14900.956780806184 14908.693259030195 -7.736478224011 
  0.75598297   1.69491812 103.00000000  14904.649542629719 14941.833011883004 -37.183469253285 
  0.75596095   1.68888476 104.86471891  14908.867427840829 14946.348645746662 -37.481217905834 
  1.01992500   1.63058431  62.56751089  14911.540569588542 14889.479191280334 22.061378308208 
  1.37121143   1.62685684 103.00000000  14926.045919746161 14938.651540059205 -12.605620313045 
  1.36398088   1.79626156 103.00000000  14932.198526531458 14950.784658579152 -18.586132047694 
  1.36833496   1.68888476  93.06005660  14938.854759663343 14948.504976604176 -9.650216940832 
  1.33814712   1.68888476  84.69093646  14939.357376635075 14930.720987163368 8.636389471707 
  1.38190955   1.68888476 103.00000000  14959.402948409319 14972.962595367118 -13.559646957799 
  1.37496155   1.68411448 110.71991304  14969.222027495503 14982.633641089857 -13.411613594353 
  0.91960947   1.40021095 103.00000000  14979.400106295943 14982.895741072532 -3.495634776589 
  0.76349767   1.73054897 116.39296352  14993.512632727623 15019.698331226627 -26.185698499005 
  0.76634272   1.55323430 107.67919565  14999.274225756526 15025.744068385917 -26.469842629391 
  0.80659737   1.68888476  72.24526320  15011.913156360388 14996.161725971353 15.751430389035 
  1.31045316   1.92681482 104.75632010  15031.663723230362 15010.010367136232 21.653356094130 
  1.30560465   1.94672802 102.18890757  15081.859663173556 15061.971877172835 19.887786000721 
  1.30393001   1.68484463 129.02796832  15101.814505621791 15105.406675120566 -3.592169498776 
  1.34477260   1.68888476  85.35653762  15110.170053064823 15094.802984110194 15.367068954629 
  1.09096235   1.68888476  59.89608213  15136.690782383084 15156.165991500586 -19.475209117501 
  1.38293652   1.68888476 108.43028024  15164.506081566215 15173.867212148320 -9.361130582105 
  0.75445496   1.67440659 103.00000000  15173.382807224989 15215.915036022123 -42.532228797134 
  1.28737342   1.51351749 100.40751499  15174.574579447508 15176.477979346257 -1.903399898749 
  1.37548007   1.68888476 112.88130103  15209.191207602620 15218.822606848491 -9.631399245871 
  1.36999468   1.68888476 114.95469293  15212.781413644552 15224.820188801565 -12.038775157012 
  1.31438715   1.53085109 103.00000000  15216.825464174151 15218.982813679289 -2.157349505138 
  0.95488124   1.74228931  56.83776476  15219.279467433691 15086.905082110035 132.374385323656 
  1.04986770   1.40471485 103.00000000  15223.382518202066 15190.515623719597 32.866894482469 
  1.38800109   1.70992341 103.00000000  15244.142295375466 15266.007531493486 -21.865236118019 
  0.96446195   1.68888476  58.99497487  15252.072108775377 15138.824255920032 113.247852855346 
  0.76007599   1.58645038 103.00000000  15253.240865468979 15285.610098465448 -32.369232996469 
  0.96161204   1.43835179  86.43891478  15255.661958470941 15260.890943165557 -5.228984694617 
  1.38944724   1.68888476 103.00000000  15290.379836216569 15305.099348674434 -14.719512457865 
  0.75579918   1.68888476 110.99830178  15291.058788672090 15329.074783993343 -38.015995321253 
  1.24615516   1.47887231 103.00000000  15291.359117597342 15296.559897033283 -5.200779435942 
  1.11498040   1.70755446  59.38088520  15316.671640872955 15377.757881498017 -61.086240625062 
  0.78679170   1.98862165 103.00000000  15325.464076295495 15378.355294070976 -52.891217775481 
  0.96446195   1.39447236 103.00000000  15330.976112797856 15320.933560597554 10.042552200302 
  0.83016281   1.68888476  67.40098370  15371.959856361151 15376.268109762239 -4.308253401088 
  0.96446195   1.60766069  63.80148143  15377.269822001457 15344.783222673044 32.486599328413 
  0.96446195   1.53191823  70.71690410  15408.308686986566 15421.553459979470 -13.244772992904 
  1.19306910   1.70148794  63.41297618  15434.043328642845 15658.284528542081 -224.241199899236 
  1.35337202   1.68888476  85.61275374  15439.039988026023 15431.044412658484 7.995575367539 
  1.38356186   1.72610810 109.77612943  15439.793174967170 15458.226140826719 -18.432965859549 
  0.76088120   1.57421729 103.00000000  15454.594069644809 15479.020001380766 -24.425931735957 
  1.36959764   1.68888476 117.16370761  15515.218457564712 15516.866247251617 -1.647789686906 
  0.96446195   1.62339392  62.50196068  15518.863580122590 15464.994409347710 53.869170774880 
  1.09138392   1.68740519  59.37529604  15526.149713307619 15536.464827334697 -10.315114027078 
  1.34189195   1.67224991 124.05984558  15540.904360607266 15541.932531869264 -1.028171261998 
  0.75263968   1.68888476 105.28927932  15544.524183660746 15582.726184165735 -38.202000504989 
  0.75778198   1.64049228 116.79688773  15567.987225458026 15610.391237263297 -42.404011805271 
  1.35012159   1.67910929 122.47753702  15580.431966230273 15582.419215164085 -1.987248933812 
  1.32379636   1.68546619 127.57469107  15606.005393415689 15604.552991209745 1.452402205945 
  1.39698492   1.68888476 103.00000000  15620.917705953121 15635.499739690427 -14.582033737306 
  1.26678070   1.48629015 103.00000000  15664.700834110379 15671.629452537101 -6.928618426722 
  0.86450002   1.68888476  62.99807939  15709.409129142761 15721.800457294466 -12.391328151705 
  1.37307429   1.68888476  88.94113590  15718.867477983236 15725.744485637626 -6.877007654390 
  1.34286253   1.54806251 103.00000000  15721.779695719481 15731.114445557518 -9.334749838037 
  0.99718283   1.68888476  58.05275774  15734.593449681997 15572.182570262596 162.410879419402 
  1.31840478   1.52328336 103.00000000  15749.423366740346 15759.896211305408 -10.472844565062 
  1.35679518   1.71176894 121.30420936  15795.390191078186 15797.987346858234 -2.597155780048 
  1.30694386   1.51257259 103.00000000  15807.061307802796 15816.769104321455 -9.707796518658 
  0.96446195   1.68888476  58.29145729  15816.469312995672 15672.036745276131 144.432567719541 
  1.39492337   1.64726242  99.72227108  15850.899673417211 15868.308227873955 -17.408554456744 
  1.39191991   1.69383383  94.04276751  15853.174597024918 15872.878930933259 -19.704333908341 
  1.17681274   1.43914092 102.05736457  15900.779283404350 15876.301723368471 24.477560035879 
  0.96197900   1.66817604  59.31920874  15902.547266006470 15779.639504808209 122.907761198261 
  0.91437741   1.71726786  58.26398799  15922.583964362741 15856.273811786250 66.310152576491 
  1.38793888   1.68888476 114.40689195  15923.037441268563 15933.028897299082 -9.991456030519 
  1.36605991   1.67989251  86.53771150  15923.765831381083 15911.091870717977 12.673960663105 
  0.96446195   1.53562755  69.58196697  15931.013523027301 15933.536387765073 -2.522864737772 
  1.40370846   1.67293627 103.00000000  15945.685508802533 15961.149138988871 -15.463630186337 
  1.40452261   1.68888476 103.00000000  15948.884353771806 15964.076839972706 -15.192486200900 
  0.75041096   1.68888476 104.22680540  15950.728265509009 15995.504586935209 -44.776321426200 
  0.78727020   1.68888476  75.27930204  15974.550857543945 15943.637186751874 30.913670792072 
  1.34768311   1.54650650 102.98129615  15991.200028598309 16004.331753200346 -13.131724602037 
  0.90281423   1.70895065  59.08334929  15997.597460404038 15955.404717918156 42.192742485882 
  0.75731597   1.68888476 118.35405641  16000.245566770434 16037.983310509424 -37.737743738990 
  0.75010381   1.68888476 104.92037381  16021.106121450663 16066.200330777858 -45.094209327195 
  1.30678342   1.69282431  74.60965190  16042.770560100675 16059.516639365516 -16.746079264842 
  0.96446195   1.68888476  58.00000000  16054.369115293026 15895.893401990004 158.475713303022 
  1.27844880   1.70120896 135.98683292  16106.146405935287 16075.763863758117 30.382542177171 
  0.96446195   1.38888476 103.00000000  16109.746477052569 16085.869294260850 23.877182791719 
  1.39566928   1.78652004 100.55314406  16176.947996541858 16197.744833142537 -20.796836600679 
  1.39809357   1.61900270 106.63766184  16180.091149404645 16189.191403162398 -9.100253757753 
  1.36767871   1.56312963 104.09011416  16192.240986719728 16207.632030407733 -15.391043688005 
  1.35619121   1.55174493 102.36863269  16200.932250604033 16214.599492888925 -13.667242284891 
  0.96446195   1.38819095 103.00000000  16204.353620141745 16182.651351759107 21.702268382638 
  1.40189484   1.62826264 103.00000000  16237.714755773544 16254.701573729470 -16.986817955925 
  1.41160176   1.69184291 103.00000000  16254.468831092119 16270.211874481598 -15.743043389479 
  1.41206030   1.68888476 103.00000000  16273.471507355571 16290.747104766828 -17.275597411257 
  0.74874372   1.68888476 103.00000000  16274.867068499327 16320.840498093368 -45.973429594042 
  1.40830703   1.73391682 105.55843986  16327.685822010040 16336.697607473472 -9.011785463432 
  0.97039253   1.64411961  60.05768956  16338.000245869160 16219.070747331742 118.929498537418 
  1.41370752   1.68888476 101.91999210  16355.061923682690 16372.886061488800 -17.824137806110 
  0.96446195   1.68888476  57.58793970  16395.415002375841 16215.328241025578 180.086761350263 
  0.75747066   1.71448532  87.06487806  16422.607355728745 16439.469347982878 -16.861992254133 
  0.96446195   1.64918894  59.73430300  16426.561990484595 16299.095813526235 127.466176958360 
  1.39410885   1.80750687 103.00000000  16432.921168953180 16454.171285241966 -21.250116288786 
  1.40022706   1.61305399 102.08002080  16437.776168957353 16456.027606612515 -18.251437655163 
  1.40324561   1.68888476  93.44558567  16438.567684233189 16456.533606690333 -17.965922457144 
  0.76991484   1.67239557  81.20063430  16445.823236376047 16416.237466539173 29.585769836875 
  0.75621858   1.77800767 112.51697167  16445.922297507524 16470.860653157648 -24.938355650123 
  1.40533011   1.62996044 109.65727792  16450.961936235428 16459.131975404682 -8.170039169254 
  1.31416305   1.70276884 132.29623235  16541.903443247080 16535.810747807831 6.092695439249 
  1.40351082   1.68888476  92.66382843  16549.157247319818 16557.977365411491 -8.820118091673 
  1.36625325   1.56161123  99.08134861  16584.921609431505 16592.209457261306 -7.287847829801 
  1.41959799   1.68888476 103.00000000  16598.777906805277 16615.431960298210 -16.654053492934 
  1.32596537   1.51287789 103.00000000  16618.798552647233 16630.951397064073 -12.152844416840 
  1.15207783   1.69382055  59.09380937  16663.889452323318 16853.771289923410 -189.881837600093 
  1.27642551   1.47804404 103.00000000  16670.923242956400 16672.769342183939 -1.846099227540 
  1.05246879   1.65879872  58.65778199  16683.920623660088 16583.989823689495 99.930799970592 
  1.37175561   1.68694121 123.29373379  16698.598812237382 16703.367289945050 -4.768477707668 
  1.41829315   1.65291321 102.04542213  16703.424104988575 16722.986321872875 -19.562216884300 
  1.39572381   1.68888476  88.97217623  16725.280220210552 16726.783396182596 -1.503175972044 
  0.74739849   1.72609871 103.00000000  16730.009979844093 16770.567739981794 -40.557760137701 
  1.41613850   1.67227733 110.66339861  16745.065854340792 16751.257755623395 -6.191901282604 
  0.75038368   1.67262655 115.29366264  16745.696736872196 16796.371559548119 -50.674822675923 
  1.42054179   1.65448823 103.00000000  16765.277156487107 16783.987982215542 -18.710825728434 
  1.40399047   1.79371317 105.10273366  16773.216801747680 16777.023538634319 -3.806736886640 
  1.41981197   1.64503910 104.66043325  16793.231465056539 16810.231193727468 -16.999728670929 
  1.36127624   1.67821862 126.14361674  16849.120742186904 16852.776480955432 -3.655738768528 
  1.32875489   1.69214734  75.06836991  16878.069426923990 16879.674964743070 -1.605537819079 
  1.01587490   1.64220610  59.20986510  16880.181013882160 16751.867215381331 128.313798500829 
  0.95608335   1.44043775  82.83922256  16889.042563006282 16872.499406253544 16.543156752738 
  1.42713568   1.68888476 103.00000000  16919.517588406801 16938.057202074491 -18.539613667690 
  0.86508860   1.40056999 103.00000000  16924.344877362251 16932.007427955519 -7.662550593268 
  1.40030290   1.59287621 100.54172666  16962.120966747403 16980.905544872956 -18.784578125553 
  1.38188282   1.55961941 103.00000000  16975.938420504332 16995.396025384714 -19.457604880383 
  1.02206325   1.64770207  58.76423301  16979.132768228650 16829.729632754799 149.403135473851 
  0.96446195   1.68888476  56.88442211  16990.844421625137 16768.666708727455 222.177712897683 
  1.39196639   1.68888476 120.37954747  16990.984186470509 17006.344687765009 -15.360501294501 
  1.40421680   1.58929243 104.44706085  17001.040247350931 17026.464120898592 -25.423873547661 
  0.79023347   1.46343846 103.00000000  17005.768655583262 16982.384942402663 23.383713180599 
  1.40645664   1.79963558 106.10842459  17024.185487970710 17024.059309540691 0.126178430019 
  0.74870834   1.61459131  99.46492545  17028.581620857120 17088.395410492856 -59.813789635737 
  1.41851754   1.71444609 111.64629442  17050.630426287651 17053.877723638456 -3.247297350805 
  1.39344873   1.68379037  86.81191968  17050.972593531013 17035.703833403099 15.268760127914 
  1.39377023   1.57495608 101.92224472  17064.690324842930 17084.717044099409 -20.026719256479 
  0.75506333   1.71526661  86.16880887  17078.735017418861 17089.912262792499 -11.177245373638 
  0.77910691   2.01406734 103.00000000  17112.340743929148 17179.970487226015 -67.629743296868 
  1.40149156   1.68888476 118.73187847  17113.527799665928 17126.780608509154 -13.252808843226 
  0.96446195   1.38190955 103.00000000  17121.723578348756 17077.187419986596 44.536158362160 
  0.79023655   1.69056215  72.00796716  17170.223460495472 17124.176029706614 46.047430788858 
  1.08482281   1.68602965  56.89452083  17183.683803513646 17079.185932222783 104.497871290863 
  1.43242390   1.66177396 102.27064155  17231.605936840177 17256.520394583655 -24.914457743478 
  1.43467337   1.68888476 103.00000000  17235.134693816304 17258.552838651820 -23.418144835516 
  1.23991653   1.45152596 103.00000000  17240.052558213472 17230.314046738062 9.738511475411 
  1.01718536   1.68888476  56.09570109  17285.074727922678 17001.839406936648 283.235320986030 
  0.96446195   1.59952821  61.95324706  17367.801957041025 17278.200606467377 89.601350573648 
  0.78194447   1.70449357 138.81063463  17387.058933675289 17320.782264385783 66.276669289506 
  1.42138535   1.67236174 115.05970682  17399.268105000257 17405.325937377420 -6.057832377162 
  1.39842065   1.85449116 103.17603916  17423.547570630908 17424.929641164617 -1.382070533709 
  0.75086190   1.82414663 101.75172510  17428.851295188069 17452.102827805731 -23.251532617662 
  1.33294974   1.69185746 132.82749678  17441.867681533098 17428.072955064741 13.794726468357 
  1.31947640   1.49737297 101.00431474  17468.720427200198 17469.599945540627 -0.879518340429 
  0.96446195   3.00000000 103.00000000  17476.241445451975 17726.679509821788 -250.438064369813 
  1.27869078   1.46891889 102.78908333  17476.432733729482 17480.739213622895 -4.306479893414 
  0.77116258   1.68888476  77.32400037  17488.116244152188 17447.422470264279 40.693773887910 
  0.96446195   1.49169231  72.85968224  17491.375491559505 17492.144534474352 -0.769042914846 
  0.96446195   3.01000000 103.00000000  17503.482077553868 17745.404819939489 -241.922742385621 
  0.96446195   3.02000000 103.00000000  17529.921353086829 17763.205801895081 -233.284448808252 
  1.29999882   1.67636451  69.83704712  17542.842588916421 17660.803070389087 -117.960481472666 
  1.27385982   1.68226777  66.28959197  17547.932975053787 17814.684530646151 -266.751555592364 
  0.96446195   3.03000000 103.00000000  17555.582123771310 17780.110787467227 -224.528663695917 
  1.44221106   1.68888476 103.00000000  17557.259711369872 17576.852941060923 -19.593229691051 
  0.96446195   3.04000000 103.00000000  17580.487177476287 17796.147482850025 -215.660305373738 
  1.43631987   1.73734867 106.61528165  17602.980102166533 17609.828147830358 -6.848045663824 
  0.96446195   1.68888476  56.18090452  17603.593728661537 17332.009541841788 271.584186819749 
  0.96446195   3.05000000 103.00000000  17604.657019451261 17811.342974042909 -206.685954591649 
  0.96446195   1.68888476 177.88944724  17608.846401140094 16988.124449721166 620.721951418927 
  0.96446195   3.06000000 103.00000000  17628.114160999656 17825.723732663741 -197.609571664085 
  1.34926910   1.69862283  75.18128387  17641.157637387514 17637.361317498966 3.796319888548 
  0.96446195   3.07000000 103.00000000  17650.878749668598 17839.315622151567 -188.436872482969 
  1.37079162   1.70206299 127.46317424  17668.098256617785 17679.913697092354 -11.815440474569 
  0.96446195   3.08000000 103.00000000  17672.971069753170 17852.143904326393 -179.172834573223 
  1.21297121   1.67528216  61.27047065  17675.349142283201 18067.384856725115 -392.035714441914 
  1.43424420   1.65075931 112.18009177  17677.665428012609 17687.966166481849 -10.300738469239 
  0.96446195   3.09000000 103.00000000  17694.410690709949 17864.233246275395 -169.822555565446 
  0.75786127   1.68888476  82.87953661  17694.826365396380 17682.688910775130 12.137454621250 
  0.96446195   3.10000000 103.00000000  17715.216707944870 17875.607727536233 -160.391019591363 
  1.32469377   1.69350207  71.42587660  17725.413396865129 17799.171520797579 -73.758123932450 
  0.96446195   3.11000000 103.00000000  17735.407776758075 17886.290847549557 -150.883070791482 
  1.44655322   1.68195309 103.00000000  17744.244074672461 17765.279780841098 -21.035706168637 
  1.43883438   1.66935299 111.37044605  17749.015150055289 17758.625773753571 -9.610623698281 
  0.96446195   3.12000000 103.00000000  17755.000998228788 17896.305533354367 -141.304535125579 
  1.41977991   1.67015840 118.28790218  17773.026339918375 17781.718928150065 -8.692588231690 
  1.33091416   1.70021853  71.76488801  17773.470333203673 17841.732369806166 -68.262036602493 
  0.96446195   3.13000000 103.00000000  17774.016003668308 17905.674147501129 -131.658143832821 
  0.96446195   3.14000000 103.00000000  17792.468947067857 17914.418496158560 -121.949549090703 
  1.30506566   1.69092711  68.62830181  17805.400394156575 17979.603515958730 -174.203121802155 
  0.74120603   1.68888476 103.00000000  17808.714675709605 17868.286651039205 -59.571975329600 
  0.96446195   3.15000000 103.00000000  17810.376681447029 17922.559837391986 -112.183155944957 
  0.74130355   1.69865817 101.89842372  17824.322388589382 17880.471018379270 -56.148629789888 
  0.96446195   3.16000000 103.00000000  17827.755295619369 17930.118889591511 -102.363593972143 
  1.42738377   1.69678460 116.09229184  17841.540905997157 17847.355114779646 -5.814208782489 
  0.96446195   3.17000000 103.00000000  17844.620811268687 17937.115840029910 -92.495028761223 
  0.96446195   3.18000000 103.00000000  17860.988771542907 17943.570353531242 -82.581581988336 
  0.75013377   1.83667536 103.00000000  17862.656491816044 17891.599010938957 -28.942519122913 
  1.44974874   1.68888476 103.00000000  17872.081922754645 17892.895079851653 -20.813157097007 
  0.96446195   3.19000000 103.00000000  17876.873586922884 17949.501581232074 -72.627994309190 
  1.41020405   1.67102619  87.08021974  17880.538404107094 17852.797758429413 27.740645677681 
  0.96446195   3.20000000 103.00000000  17892.290164798498 17954.928169418250 -62.638004619752 
  0.96446195   3.21000000 103.00000000  17907.254123657942 17959.868268421451 -52.614144763509 
  0.96446195   3.22000000 103.00000000  17921.776156723499 17964.339541560072 -42.563384836572 
  0.96446195   3.23000000 103.00000000  17935.871455594897 17968.359174110676 -32.487718515778 
  1.41162484   1.68337942 121.12741419  17936.334574952722 17946.461385034974 -10.126810082253 
  0.96446195   3.24000000 103.00000000  17949.552822694182 17971.943882296440 -22.391059602258 
  0.96446195   3.25000000 103.00000000  17962.832968637347 17975.109922280266 -12.276953642919 
  1.30080015   1.69553024 138.85315640  17968.044165357947 17904.146531965089 63.897633392859 
  0.96446195   3.26000000 103.00000000  17975.724068775773 17977.873099150882 -2.149030375109 
  0.96446195   3.27000000 103.00000000  17988.238186344504 17980.248775891017 7.989410453487 
  1.44784138   1.68888476 109.57858797  17998.317339658737 18008.341482900672 -10.024143241935 
  0.96446195   3.28000000 103.00000000  18000.386796355247 17982.251882317374 18.134914037873 
  0.96446195   3.29000000 103.00000000  18012.181388512254 17983.896923983179 28.284464529075 
  0.96446195   1.60882531  60.51910141  18018.448254957795 17876.582116218859 141.866138738937 
  0.96446195   3.30000000 103.00000000  18023.632647916675 17985.197991034172 38.434656882502 
  0.96446195   1.68888476 170.85427136  18028.062961369753 16309.710649650418 1718.352311719334 
  0.96446195   3.31000000 103.00000000  18034.751511886716 17986.168767010146 48.582744876570 
  1.01309775   1.62637589  58.85103771  18041.259001106024 17862.313959560746 178.945041545277 
  0.96446195   3.32000000 103.00000000  18045.548210591078 17986.822537584161 58.725673006917 
  0.76309493   1.71160022 130.77800375  18052.938183784485 18043.739554212287 9.198629572198 
  0.96446195   3.33000000 103.00000000  18056.032883509994 17987.172199232751 68.860684277242 
  1.43932486   1.67162800 114.55554393  18059.620696499944 18087.640842456316 -28.020145956372 
  0.96446195   1.37562814 103.00000000  18063.893225207925 18005.122941254889 58.770283953036 
  0.96446195   3.34000000 103.00000000  18066.215120419860 17987.230267830291 78.984852589569 
  0.96446195   3.35000000 103.00000000  18076.109268516302 17987.008887161981 89.100381354321 
  0.80378282   1.43426095 103.00000000  18078.083361536264 18047.171190983736 30.912170552529 
  0.73999588   1.66344806 103.00000000  18085.166856035590 18154.887015557200 -69.720159521610 
  0.96446195   3.36000000 103.00000000  18085.714097693563 17986.519837349610 99.194260343953 
  0.96446195   3.37000000 103.00000000  18095.044580072165 17985.774543185398 109.270036886766 
  0.96446195   3.38000000 103.00000000  18104.108813807368 17984.784082369319 119.324731438050 
  0.96446195   3.39000000 103.00000000  18112.915347471833 17983.559193645702 129.356153826131 
  0.75811882   1.68888476 128.72753873  18117.678455933928 18133.360300263794 -15.681844329865 
  0.79427575   1.68888476  69.44187154  18119.114698082209 18063.945829127770 55.168868954439 
  0.96446195   3.40000000 103.00000000  18121.472224980593 17982.110284835395 139.361940145198 
  1.19633766   1.42391849 103.00000000  18124.042858183384 18104.682140831152 19.360717352232 
  0.96446195   3.41000000 103.00000000  18129.787347480655 17980.447440760403 149.339906720252 
  0.96446195   3.42000000 103.00000000  18137.868374139071 17978.580431057653 159.287943081417 
  0.96446195   3.43000000 103.00000000  18145.722647517920 17976.518717879622 169.203929638297 
  0.86382871   1.68888476  59.90174190  18153.077368915081 18126.603257989267 26.474110925814 
  0.96446195   3.44000000 103.00000000  18153.357595950365 17974.271463479141 179.086132471224 
  0.96446195   3.45000000 103.00000000  18160.780296579003 17971.847537676771 188.932758902232 
  0.96446195   3.46000000 103.00000000  18167.996804982424 17969.255525208664 198.741279773760 
  0.96446195   1.68888476 171.55778894  18171.126760631800 16414.001122969210 1757.125637662590 
  0.75002145   1.70747346 121.67033394  18172.858334019780 18213.327294434195 -40.468960414415 
  0.96446195   3.47000000 103.00000000  18175.014109849930 17966.503732953635 208.510376896294 
  0.96446195   3.48000000 103.00000000  18181.838509693742 17963.600197038308 218.238312655434 
  1.45728643   1.68888476 103.00000000  18184.450471982360 18206.621859157745 -22.171387175385 
  0.96446195   3.49000000 103.00000000  18188.476201578975 17960.552689819087 227.923511759887 
  0.96446195   3.50000000 103.00000000  18194.933067440987 17957.368726740588 237.564340700399 
  1.43966732   1.60054722 106.87340507  18209.102710217237 18237.174086354589 -28.071376137352 
  1.28210585   1.70220353  63.81499079  18221.890182405710 18642.246680909895 -420.356498504185 
  1.43961231   1.79426042 103.00000000  18227.676699966192 18244.713037168727 -17.036337202535 
  0.74266235   1.73034435 111.08218974  18234.566604390740 18275.342657171928 -40.776052781188 
  0.96446195   1.68888476  55.47738693  18238.084617480636 17905.302934441523 332.781683039113 
  0.98555942   1.44949191  78.54750280  18263.907608285546 18225.050134922523 38.857473363023 
  0.96446195   1.68888476 172.26130653  18304.033218234777 16510.502584068090 1793.530634166687 
  1.43532186   1.68888476 117.33276531  18304.893943697214 18317.701944403078 -12.808000705863 
  0.97291699   1.70252359  54.57431457  18308.232832387090 17938.393208210975 369.839624176115 
  0.76642123   1.49203948 103.53046656  18321.018614456058 18306.436205839000 14.582408617058 
  1.39630850   1.53522554 105.76871727  18358.883372217417 18390.982433260197 -32.099061042780 
  0.98270969   1.68888476  55.07220166  18365.370713755488 17984.692513484486 380.678200271002 
  1.44757330   1.65715900 114.12296648  18381.442901924253 18394.798177773526 -13.355275849273 
  1.45962492   1.68888476 107.89199102  18384.550157263875 18398.614142442679 -14.063985178804 
  0.74023332   1.74524288 103.00000000  18394.665402084589 18438.921808992825 -44.256406908236 
  0.74492799   1.67904618 118.84233223  18406.670679479837 18467.386109155908 -60.715429676071 
  0.80919746   1.68888476  66.05285777  18419.671858236194 18384.585807020921 35.086051215272 
  0.96446195   1.68888476 172.96482412  18426.475682914257 16599.079387186051 1827.396295728206 
  0.96446195   1.68888476 173.00000000  18432.317942991853 16603.297915333522 1829.020027658331 
  0.75978926   1.68888476 131.03597016  18437.758391365409 18437.363805588597 0.394585776812 
  0.74324755   1.68888476 116.63261057  18448.574353128672 18509.970823971787 -61.396470843116 
  1.46101261   1.68888476 108.34203319  18463.485347300768 18477.228680374184 -13.743333073417 
  1.46446195   1.68888476 103.00000000  18479.468866676092 18503.073234488638 -23.604367812546 
  1.46482412   1.68888476 103.00000000  18494.297930479050 18517.978265668564 -23.680335189514 
  1.42995165   1.84086937 102.24527022  18528.327775180340 18527.089135474955 1.238639705385 
  0.96446195   1.68888476 173.66834171  18538.169120103121 16679.606431664317 1858.562688438804 
  1.44504725   1.59735260 103.00000000  18568.361688703299 18604.166720138786 -35.805031435488 
  0.74735251   1.84618564 102.59829707  18594.869291946292 18625.600736210017 -30.731444263725 
  0.76285922   1.68888476 133.51303976  18596.546830937266 18580.860288690026 15.686542247240 
  0.73767924   1.68888476 105.76968801  18600.648385390639 18664.249585540947 -63.601200150308 
  0.96446195   1.63717217  57.94344421  18638.554952099919 18384.634182884773 253.920769215147 
  0.96446195   1.68888476 174.37185930  18638.850338220596 16751.969492622131 1886.880845598465 
  0.99319787   1.44004176  79.84845906  18654.412956252694 18595.385309191206 59.027647061488 
  1.46885765   1.66815306 103.00000000  18686.665329515934 18724.669682344178 -38.004352828244 
  1.46218761   1.73965755 106.66705650  18696.251075178385 18712.355465790904 -16.104390612520 
  0.74068272   1.59962306 103.00000000  18705.389463230968 18766.507654762005 -61.118191531037 
  0.81472831   1.68888476  64.72058033  18715.128500998020 18685.425182069757 29.703318928263 
  0.96446195   1.68888476 175.07537688  18728.279014304280 16816.065524977766 1912.213489326514 
  1.45057782   1.71649367 114.97255824  18766.362363576889 18771.649832425945 -5.287468849056 
  1.45078284   1.63160213  95.79509242  18777.796963155270 18797.631497463168 -19.834534307898 
  1.47236181   1.68888476 103.00000000  18801.561786279082 18826.913218272770 -25.351431993688 
  0.96446195   1.68888476 175.77889447  18806.238767012954 16871.802943251558 1934.435823761396 
  1.45626246   1.78657058 103.00000000  18840.775974228978 18847.702499448518 -6.926525219540 
  1.43954214   1.58676246  99.52689574  18842.338366940618 18873.538240397731 -31.199873457113 
  0.96446195   1.68888476 176.48241206  18872.538551568985 16919.101862635380 1953.436688933605 
  0.96446195   1.68888476  54.77386935  18884.742659732699 18488.481252929978 396.261406802721 
  0.91794674   1.69277341  55.78215038  18917.008091673255 18684.048427317772 232.959664355483 
  1.25223351   1.43643260 104.92088041  18926.316981866956 18929.229605042892 -2.912623175936 
  0.96446195   1.68888476 177.18592965  18927.013765916228 16957.894318534454 1969.119447381774 
  0.74792095   1.86714895 103.00000000  18957.167332425714 18990.328247493453 -33.160915067740 
  0.96446195   1.68888476 177.88944724  18969.527588486671 16988.124449721166 1981.403138765505 
  1.45903045   1.69262610 115.03846865  18976.656776800752 18988.343711806414 -11.686935005662 
  1.47499857   1.66458544 102.02094754  18980.198447495699 19012.722975250628 -32.524527754929 
  1.47726584   1.68490912 103.00000000  18999.712559551001 19028.062049876451 -28.349490325450 
  0.96446195   1.68888476 178.59296482  18999.972520858049 17009.748649792811 1990.223871065238 
  1.47055839   1.66373178  98.18064899  19000.706648960710 19032.526555125161 -31.819906164452 
  1.47641220   1.70858137 104.70347167  19017.740774914622 19036.548669498268 -18.807894583646 
  0.96446195   1.68888476 179.29648241  19018.270724982023 17022.735686931446 1995.535038050577 
  0.96446195   1.68888476 179.40000000  19019.934796571732 17023.916391597642 1996.018404974089 
  0.96446195   1.68888476 179.50000000  19021.291536092758 17024.878953848951 1996.412582243807 
  0.96446195   1.68888476 179.60000000  19022.401587888598 17025.666543148072 1996.735044740526 
  0.96446195   1.68888476 179.70000000  19023.265060365200 17026.279136476449 1996.985923888751 
  0.96446195   1.68888476 179.80000000  19023.881848827004 17026.716715929459 1997.165132897546 
  0.96446195   1.68888476 179.90000000  19024.251956373453 17026.979268717350 1997.272687656103 
  0.96446195   1.68888476 179.91000000  19024.275421947241 17026.995897189783 1997.279524757458 
  0.96446195   1.68888476 179.92000000  19024.296379134059 17027.010775309755 1997.285603824304 
  0.96446195   1.68888476 179.93000000  19024.314896225929 17027.023903072899 1997.290993153030 
  0.96446195   1.68888476 179.94000000  19024.330929711461 17027.035280475378 1997.295649236083 
  0.96446195   1.68888476 179.96000000  19024.355588361621 17027.052784185573 1997.302804176048 
  0.96446195   1.68888476 179.97000000  19024.364251449704 17027.058910488176 1997.305340961528 
  0.96446195   1.68888476 179.98000000  19024.370402887464 17027.063286419881 1997.307116467582 
  0.96446195   1.68888476 179.99000000  19024.374113753438 17027.065911979415 1997.308201774023 
  0.96446195   1.36934673 103.00000000  19043.784276962280 18966.991094321154 76.793182641126 
  1.47989950   1.68888476 103.00000000  19106.182182803750 19133.379021109427 -27.196838305677 
  1.44826935   1.68597677 119.47181012  19147.490056440234 19164.946939343099 -17.456882902865 
  1.37798392   1.68236027 132.38958573  19158.878198891878 19159.625407827636 -0.747208935758 
  1.44785370   1.68888476 119.94263944  19219.812465503812 19237.713907910846 -17.901442407034 
  1.32706816   1.68866019 139.38333900  19221.963890448213 19151.819585502737 70.144304945476 
  1.28809703   1.68987946  62.07625081  19255.457835555077 19846.984008942378 -591.526173387301 
  1.48441239   1.70846417 103.00000000  19324.646442085505 19348.642128457508 -23.995686372004 
  1.46743546   1.60258233 103.00000000  19359.627203822136 19405.825296423202 -46.198092601066 
  0.74665586   1.68888476  84.43759384  19362.284622162580 19353.325367528247 8.959254634334 
  1.45842044   1.58457748 103.00000000  19394.456608116627 19442.442312626295 -47.985704509669 
  0.73603064   1.75391780 100.29059319  19396.827687919140 19442.491367535305 -45.663679616166 
  1.48743719   1.68888476 103.00000000  19408.101625725627 19437.331241633110 -29.229615907483 
  0.74522380   1.86472214 103.00000000  19447.143392413855 19483.226034051415 -36.082641637560 
  0.73366834   1.68888476 103.00000000  19450.025142401457 19522.348994734668 -72.323852333211 
  1.47244320   1.78280543 103.00000000  19466.943595975637 19473.719102022609 -6.775506046972 
  0.75040520   1.68888476 128.61010311  19529.785200834274 19551.968577061754 -22.183376227480 
  1.41912773   1.69929129 127.12947226  19546.827213168144 19587.433339570045 -40.606126401901 
  0.74095758   1.55927591 107.60421952  19567.424089938402 19624.875381142727 -57.451291204325 
  1.48993351   1.71596573 103.00000000  19577.018815621734 19600.360092994812 -23.341277373078 
  1.45390209   1.56888991 103.00000000  19638.871575862169 19691.015242643498 -52.143666781329 
  1.37806312   1.67682324  73.76475454  19654.431488171220 19616.555378502217 37.876109669003 
  0.77489912   1.70418800  70.94949305  19692.588112324476 19598.188350523298 94.399761801178 
  1.49497487   1.68888476 103.00000000  19707.265969529748 19738.728194569252 -31.462225039504 
  0.74470400   1.86318051 105.83685949  19716.143390432000 19745.916281393685 -29.772890961685 
  1.48791785   1.68888476 111.27791004  19729.579116031528 19748.149776905240 -18.570660873713 
  0.75139675   1.68888476 130.10548524  19733.371882095933 19745.006852228715 -11.634970132782 
  1.48811548   1.65600242  97.82867479  19774.047655835748 19831.845454626397 -57.797798790649 
  0.77534065   1.71199535  70.35294246  19785.909202888608 19689.811824920580 96.097377968028 
  0.96446195   1.45176905  75.86315316  19792.400268346071 19741.396256501495 51.004011844576 
  0.73930038   1.82380741 103.00000000  19834.346306845546 19866.602107612176 -32.255800766630 
  1.48195975   1.67890449 115.68631330  19913.964269191027 19937.602137801074 -23.637868610047 
  1.46185906   1.69492173  86.61087262  19945.263435125351 19921.502875406459 23.760559718892 
  1.47781642   1.68888476 117.10881584  19968.089215248823 19990.389763678017 -22.300548429193 
  1.47684542   1.70078787 116.98121452  19971.946283936501 19990.171680789004 -18.225396852504 
