New model:
f      0    0    0  0.964461950000
f      0    0    0  1.688884760000
f      0    0    0  103.000000000000
f      0    0    0  2.000000000000
f      0    0    0  1.000000000000
f      0    0    0  0.001294824644
f      0    0    1  -183.862168705940
f      0    0    2  22324.596159178567
f      0    0    3  1446.419486128998
f      0    0    4  7412.163315718668
f      0    0    5  -1366.824321714162
f      0    0    6  931.311407808157
f      0    0    7  -1698.427545347198
f      0    0    8  7202.883721877887
f      0    1    0  -431.440946019389
f      0    2    0  97320.255608620049
f      0    3    0  -89224.475852725009
f      0    4    0  15021.124552153886
f      0    5    0  33881.172027460721
f      0    6    0  -56489.872086604228
f      0    7    0  -377039.801773074782
f      0    8    0  633024.918058866402
f      1    0    0  105.438195204975
f      2    0    0  50449.477210924830
f      3    0    0  -8899.411822718619
f      4    0    0  3983.018962171663
f      5    0    0  2260.565041135474
f      6    0    0  -7568.168962459424
f      7    0    0  -7163.700097443214
f      8    0    0  17757.530806046652
f      0    1    1  -24941.925704729263
f      0    1    2  -25126.500369613088
f      0    1    3  -13858.892204762333
f      0    1    4  2376.529636258363
f      0    1    5  -4764.357588226655
f      0    1    6  6322.028393137031
f      0    1    7  -7671.287354114784
f      0    2    1  31525.057085874214
f      0    2    2  -5883.143080659377
f      0    2    3  -12223.319120843289
f      0    2    4  -11983.444616559420
f      0    2    5  9247.762089450283
f      0    2    6  -9858.039165688053
f      0    3    1  15169.811550561859
f      0    3    2  49012.187536875063
f      0    3    3  47750.575584965489
f      0    3    4  -171348.909848096431
f      0    3    5  63505.546119569088
f      0    4    1  -60641.955202319346
f      0    4    2  -132245.591062352527
f      0    4    3  327342.367037985648
f      0    4    4  323753.107891908090
f      0    5    1  142888.436818886374
f      0    5    2  -667307.627599163097
f      0    5    3  -775525.054379600682
f      0    6    1  609929.992053043214
f      0    6    2  1573021.972154026153
f      0    7    1  -1591306.463249820052
f      1    0    1  -1107.303818255939
f      1    0    2  -2679.313589273740
f      1    0    3  -4258.809206189414
f      1    0    4  -5277.366340734835
f      1    0    5  -5925.921813777265
f      1    0    6  6123.254828245001
f      1    0    7  -4211.496036162831
f      1    1    0  -3587.664494529281
f      1    2    0  -4951.064116718291
f      1    3    0  11922.933998152665
f      1    4    0  10939.125547010539
f      1    5    0  -34870.262160436600
f      1    6    0  -123743.632872502625
f      1    7    0  305144.838112603698
f      2    0    1  410.334395642503
f      2    0    2  -1559.349965340493
f      2    0    3  -13449.115544618617
f      2    0    4  -4738.675719660181
f      2    0    5  28708.154996285313
f      2    0    6  -45993.583567060981
f      2    1    0  563.447040393695
f      2    2    0  -1460.118588579948
f      2    3    0  50673.137889482874
f      2    4    0  -141133.389442477986
f      2    5    0  -317088.396274260245
f      2    6    0  779597.890278069186
f      3    0    1  3201.197442265850
f      3    0    2  -1052.498541656253
f      3    0    3  -188.427650501473
f      3    0    4  44543.128380147304
f      3    0    5  -106370.789372716914
f      3    1    0  4108.761162745628
f      3    2    0  -1304.749887812925
f      3    3    0  -59221.553398741693
f      3    4    0  -66162.355623233263
f      3    5    0  876895.485795020009
f      4    0    1  7603.411857831222
f      4    0    2  -27220.229069361019
f      4    0    3  40960.916196693237
f      4    0    4  -62107.427842105077
f      4    1    0  7178.159258768985
f      4    2    0  -85147.107515040494
f      4    3    0  -180156.476430315815
f      4    4    0  1105441.311442003120
f      5    0    1  -18285.372579735118
f      5    0    2  -28190.734002653087
f      5    0    3  45258.553215602777
f      5    1    0  -7261.371744605461
f      5    2    0  -47615.750612096679
f      5    3    0  142202.519256253436
f      6    0    1  -37070.599246526901
f      6    0    2  175055.943725088146
f      6    1    0  12117.174675439583
f      6    2    0  284316.780920877412
f      7    0    1  85080.921643894428
f      7    1    0  12517.809582625614
f      1    1    1  5100.157068516593
f      1    1    2  2988.066307980424
f      1    1    3  49205.339026178233
f      1    1    4  -40763.202022177713
f      1    1    5  -102018.010791974695
f      1    1    6  200972.927924918535
f      1    2    1  7210.017289700591
f      1    2    2  -55911.395172669065
f      1    2    3  17679.285042901884
f      1    2    4  221909.358529001678
f      1    2    5  -346348.432829364669
f      1    3    1  14702.971483398771
f      1    3    2  160703.498056321463
f      1    3    3  -521175.259786858514
f      1    3    4  348836.159068669775
f      1    4    1  -354112.634587764973
f      1    4    2  706795.740148535697
f      1    4    3  59295.437917135721
f      1    5    1  -338841.659006499569
f      1    5    2  -2478362.230052646715
f      1    6    1  3225193.499432365876
f      2    1    1  -5701.536862631275
f      2    1    2  51994.130185030212
f      2    1    3  -53173.079561260834
f      2    1    4  -274677.365929574764
f      2    1    5  611499.048633316183
f      2    2    1  -12246.991100685083
f      2    2    2  59190.012644353243
f      2    2    3  73099.554214505741
f      2    2    4  -407881.527110716328
f      2    3    1  289340.079858580779
f      2    3    2  -638552.437782537658
f      2    3    3  -2129491.289933525957
f      2    4    1  -213856.465580912278
f      2    4    2  690978.416757841012
f      2    5    1  -1898162.415239994414
f      3    1    1  -9845.705577265573
f      3    1    2  8126.133459029616
f      3    1    3  -399276.030661854427
f      3    1    4  906730.829565935768
f      3    2    1  -200361.229975430353
f      3    2    2  690628.329083611956
f      3    2    3  7202.752292436396
f      3    3    1  -189511.505187544419
f      3    3    2  -107562.151204957569
f      3    4    1  2909847.681687476579
f      4    1    1  143320.322894355602
f      4    1    2  -236990.574992393318
f      4    1    3  239091.940025951451
f      4    2    1  181571.437878341210
f      4    2    2  -394959.507958634058
f      4    3    1  -2991204.883630392607
f      5    1    1  129383.550281892662
f      5    1    2  -276541.421532761480
f      5    2    1  813323.999048693804
f      6    1    1  -697405.705794680165

Grid of energies:
  0.96446195   1.68969849 103.00000000  -0.277229562402 -0.285297996584 0.008068434182 0.999999999962
  0.96446195   1.68888476 102.61306533  -0.275789439678 -0.240935854375 -0.034853585303 0.999999999962
  0.96446195   1.68888476 103.00000000  0.000000000000 0.001294824644 -0.001294824644 0.999999999962
  0.96446195   1.69388476 103.00000000  0.323700785637 0.259290532418 0.064410253219 0.999999999962
  0.96446195   1.69655907 102.38050207  0.929926261306 0.883977026281 0.045949235025 0.999999999962
  0.96105346   1.69171888 103.00000000  1.301628604531 1.269654555086 0.031974049445 0.999999999962
  0.96446195   1.69597990 103.00000000  1.663985848427 1.784084307063 -0.120098458636 0.999999999962
  0.96446195   1.68888476 103.31658291  1.874265193939 1.636569119690 0.237696074250 0.999999999962
  0.96733668   1.68888476 103.00000000  2.263400316238 2.262212021623 0.001188294616 0.999999999962
  0.95979899   1.68888476 103.00000000  3.266698271036 3.449612464625 -0.182914193589 0.999999999962
  0.96446195   1.68888476 102.00000000  3.441890373826 3.357900339984 0.083990033842 0.999999999962
  0.95946195   1.68888476 103.00000000  4.038235172629 4.046390516411 -0.008155343782 0.999999999962
  0.96446195   1.68888476 101.90954774  4.205208614469 4.304579561911 -0.099370947443 0.999999999962
  0.96446195   1.68388476 103.00000000  4.546859413385 4.620354977366 -0.073495563980 0.999999999962
  0.96446195   1.68341709 103.00000000  5.226159140468 5.306838516059 -0.080679375591 0.999999999962
  0.96446195   1.68888476 104.02010050  9.961570426822 9.867540409126 0.094030017695 0.999999999962
  0.97136730   1.69167377 103.00000000  10.371529057622 10.329426815983 0.042102241639 0.999999999962
  0.96446195   1.70226131 103.00000000  10.983505383134 11.242281025816 -0.258775642682 0.999999999962
  0.96540094   1.68045628 103.00000000  11.407573103905 11.110987557402 0.296585546502 0.999999999962
  0.96446195   1.70388476 103.00000000  14.104127973318 14.855754266475 -0.751626293157 0.999999999962
  0.96446195   1.67888476 103.00000000  15.040008738637 14.257988161819 0.782020576818 0.999999999962
  0.96446195   1.68888476 101.20603015  15.179897665977 15.342866224302 -0.162968558325 0.999999999962
  0.96446195   1.68574450 104.37583481  17.040086165071 16.953460248941 0.086625916129 0.999999999962
  0.95927528   1.68888476 104.23313402  17.891422152519 17.768138693394 0.123283459125 0.999999999961
  0.97333400   1.69541002 103.00000000  18.379783794284 18.286380370525 0.093403423759 0.999999999961
  0.95452387   1.69343257 103.00000000  18.656181991100 18.656113516204 0.000068474896 0.999999999961
  0.96446195   1.67713568 103.00000000  18.697810292244 18.840894005791 -0.143083713547 0.999999999961
  0.96446195   1.68888476 101.00000000  19.633084997535 19.814776679843 -0.181691682309 0.999999999961
  0.97487437   1.68888476 103.00000000  23.530674591660 23.525636540770 0.005038050891 0.999999999961
  0.96446195   1.68888476 104.72361809  24.514927849174 24.382619531313 0.132308317860 0.999999999961
  0.96446195   1.69935512 100.62340731  24.546221643686 24.563432742174 -0.017211098488 0.999999999961
  0.96446195   1.70854271 103.00000000  28.062484219670 27.824047911280 0.238436308390 0.999999999961
  0.95226131   1.68888476 103.00000000  28.291027992964 28.314691250144 -0.023663257180 0.999999999961
  0.96446195   1.67452329 102.62611899  28.687748029828 28.962377677918 -0.274629648090 0.999999999961
  0.96446195   1.67388476 103.00000000  28.813123106956 29.058845521960 -0.245722415004 0.999999999961
  0.95413055   1.70245262 102.73968705  30.916192203760 30.795480838390 0.120711365371 0.999999999961
  0.96446195   1.68888476 105.00000000  31.981675624847 31.789183805891 0.192491818957 0.999999999961
  0.96446195   1.68888476 100.50251256  32.715738162398 32.943864790017 -0.228126627619 0.999999999961
  0.96446195   1.68888476 100.50000000  32.790427103639 33.018570267911 -0.228143164272 0.999999999961
  0.96961179   1.68888476 100.70626586  32.871029734612 33.047044914627 -0.176015180016 0.999999999961
  0.96446195   1.69102895 100.37362833  33.703114360571 33.904144453364 -0.201030092793 0.999999999961
  0.97772624   1.68831483 103.00000000  37.508852198720 37.511832874674 -0.002980675954 0.999999999961
  0.95058570   1.69383403 103.00000000  37.958466976881 37.922105503837 0.036361473044 0.999999999961
  0.97723251   1.69887113 103.00000000  38.445459455252 38.929411968171 -0.483952512919 0.999999999961
  0.96491781   1.67135836 103.00000000  39.072159394622 38.742093571948 0.330065822674 0.999999999960
  0.97655834   1.70238104 103.00000000  40.297925397754 41.550672607017 -1.252747209263 0.999999999960
  0.96446195   1.67085427 103.00000000  41.624013572931 40.605066123196 1.018947449735 0.999999999960
  0.96562428   1.68888476 100.23154051  41.737122684717 41.868802353056 -0.131679668339 0.999999999960
  0.96446195   1.67137754 102.46500521  42.427007079124 42.786637915518 -0.359630836393 0.999999999960
  0.96446195   1.68888476 105.42713568  45.350598186255 45.112635092839 0.237963093415 0.999999999960
  0.96446195   1.71388476 103.00000000  47.640566915274 47.338403543372 0.302163371902 0.999999999960
  0.96446195   1.66888476 103.00000000  48.821003600955 49.170761225827 -0.349757624872 0.999999999960
  0.96446195   1.68888476 100.00000000  49.296537935734 49.572826667429 -0.276288731695 0.999999999960
  0.96446195   1.71482412 103.00000000  51.585158541799 51.271575374060 0.313583167738 0.999999999960
  0.96446195   1.68955214 105.61393407  52.378583148122 52.110723268127 0.267859879995 0.999999999960
  0.96446195   1.69539628 105.42988367  53.136255502701 52.810954372733 0.325301129968 0.999999999960
  0.97543044   1.70528144 103.81278984  55.755217730999 55.484704700678 0.270513030321 0.999999999960
  0.97560309   1.67410683 103.02305509  55.853634789586 56.100555296803 -0.246920507217 0.999999999960
  0.96446195   1.68888476  99.79899497  56.881433576345 57.177691010030 -0.296257433685 0.999999999960
  0.95460688   1.68888476 105.33803371  58.620382189751 59.308005735817 -0.687623546067 0.999999999960
  0.96446195   1.67555604 100.87645427  59.575941815972 59.083390731227 0.492551084746 0.999999999959
  0.95133151   1.68888476 100.76483933  59.633045151830 59.934620432610 -0.301575280780 0.999999999959
  0.94922495   1.68888476 104.56931535  65.283689752221 65.109209285014 0.174480467207 0.999999999959
  0.98241206   1.68888476 103.00000000  66.076127126813 66.069907885042 0.006219241771 0.999999999959
  0.95672846   1.68888476  99.85713991  66.271169155836 66.632093272072 -0.360924116236 0.999999999959
  0.96446195   1.68888476 106.13065327  70.443829283118 71.988587220404 -1.544757937286 0.999999999959
  0.96446195   1.66457286 103.00000000  72.307322829962 70.895526280096 1.411796549866 0.999999999959
  0.97797367   1.67278413 103.00000000  72.758485496044 73.039062130300 -0.280576634256 0.999999999959
  0.96446195   1.66388476 103.00000000  74.275460392237 74.744801326361 -0.469340934124 0.999999999959
  0.94739416   1.67691111 103.00000000  75.312160119414 75.543619600781 -0.231459481367 0.999999999959
  0.96089384   1.70206730 105.59650635  76.870877921581 77.233644574677 -0.362766653096 0.999999999959
  0.96446195   1.69863757  99.06940651  77.683441713452 77.045124411053 0.638317302400 0.999999999959
  0.94472362   1.68888476 103.00000000  78.091320097446 78.144095131380 -0.052775033934 0.999999999959
  0.98428260   1.68888476 102.42764906  79.681956931949 79.700701293941 -0.018744361992 0.999999999959
  0.96446195   1.72110553 103.00000000  81.727842554450 81.334170073892 0.393672480558 0.999999999958
  0.96446195   1.71344974  99.23533120  86.629146218300 86.552331565004 0.076814653296 0.999999999958
  0.94382710   1.68888476 103.26907181  86.871116712689 86.888863527794 -0.017746815104 0.999999999958
  0.96446195   1.68888476  99.09547739  87.745823070407 88.114612409539 -0.368789339132 0.999999999958
  0.98579237   1.68914685 103.00000000  91.627522155643 91.617739057470 0.009783098173 0.999999999958
  0.98306362   1.70953101 102.41214758  94.324420005083 94.050957220057 0.273462785026 0.999999999958
  0.95046641   1.71563524 103.00000000  95.737344741821 95.441065545211 0.296279196610 0.999999999958
  0.98652520   1.68888476 103.23420719  99.143671706319 99.128405642127 0.015266064192 0.999999999958
  0.96446195   1.72108496  99.58487088  99.393803879619 99.965980091018 -0.572176211399 0.999999999958
  0.94237899   1.68888476 102.47775987  100.166311025620 99.534302971856 0.632008053764 0.999999999957
  0.96446195   1.72444112 103.20606282  104.184323593974 103.725662976539 0.458660617435 0.999999999957
  0.96446195   1.68888476 106.83417085  104.686699539423 104.941624912544 -0.254925373121 0.999999999957
  0.96446195   1.66742103 106.26100245  105.329820573330 104.710691345158 0.619129228172 0.999999999957
  0.94814726   1.66737313 103.00000000  105.347518503666 106.132830512987 -0.785312009321 0.999999999957
  0.96446195   1.65888476 103.00000000  105.707250624895 105.935312567705 -0.228061942810 0.999999999957
  0.96446195   1.65829146 103.00000000  109.393067568541 110.016500256579 -0.623432688038 0.999999999957
  0.97013095   1.65946551 103.00000000  110.162888616323 110.759164432618 -0.596275816295 0.999999999957
  0.96446195   1.69008639 106.96604373  112.881163299084 113.281005681789 -0.399842382705 0.999999999957
  0.96446195   1.68888476 107.00000000  113.722779035568 113.586718533075 0.136060502493 0.999999999957
  0.95912798   1.65829881 103.00000000  114.013936936855 113.506335359241 0.507601577614 0.999999999957
  0.97587038   1.72287438 103.00000000  116.551802918315 116.102521433554 0.449281484760 0.999999999957
  0.96446195   1.72738693 103.00000000  118.249919950962 117.768125565506 0.481794385456 0.999999999957
  0.94389381   1.67168745 103.55385572  118.733720734715 118.999437016658 -0.265716281943 0.999999999957
  0.96446195   1.73027836 101.86300788  122.913772493601 122.480432064084 0.433340429517 0.999999999956
  0.95313926   1.72064964 103.90707915  125.135592669249 124.911959109458 0.223633559790 0.999999999956
  0.96483168   1.68860969 107.20725858  125.378684669733 124.687890804316 0.690793865417 0.999999999956
  0.96446195   1.72355825  99.02784350  125.390241578221 126.815705823417 -1.425464245195 0.999999999956
  0.96446195   1.68888476  98.39195980  127.034761458635 125.825019353281 1.209742105354 0.999999999956
  0.98994975   1.68888476 103.00000000  128.784339204431 128.779275816777 0.005063387654 0.999999999956
  0.95051806   1.68888476 106.68003688  132.478423342109 133.078547429820 -0.600124087711 0.999999999956
  0.96446195   1.66332821 106.58684237  133.552649542689 132.555379971864 0.997269570825 0.999999999956
  0.98902819   1.70560176 103.00000000  136.237678453326 136.370292890447 -0.132614437121 0.999999999956
  0.97889994   1.66125905 103.00000000  136.624732330441 136.809022460852 -0.184290130410 0.999999999956
  0.96446195   1.68888476 107.53768844  142.138262271881 143.903019910441 -1.764757638560 0.999999999955
  0.96446195   1.65388476 103.00000000  144.403839707375 142.899971309681 1.503868397693 0.999999999955
  0.95381277   1.67805434 107.31277718  147.711827158928 147.340938704548 0.370888454380 0.999999999955
  0.97314078   1.66339734 106.48890049  147.747980281711 147.903838063785 -0.155857782074 0.999999999955
  0.96446195   1.71774280 105.73850634  149.306452587247 150.836457900793 -1.530005313546 0.999999999955
  0.96727704   1.68888476 107.60811506  149.306452587247 150.712808533055 -1.406355945808 0.999999999955
  0.96446195   1.68888476  98.00000000  151.196871012449 149.799329707873 1.397541304576 0.999999999955
  0.96446195   1.68888476  98.00000000  151.519969135523 149.799329707873 1.720639427650 0.999999999955
  0.94989347   1.72625264 102.74867185  152.428150609136 152.021457357184 0.406693251952 0.999999999955
  0.96446195   1.68853397 107.72342388  154.189519613981 154.703879323237 -0.514359709256 0.999999999955
  0.93718593   1.68888476 103.00000000  155.225137010217 154.286872195976 0.938264814241 0.999999999955
  0.97949607   1.68888476 106.88161469  156.630211666226 156.346642556154 0.283569110072 0.999999999954
  0.96792308   1.73298976 103.00000000  157.455560252070 157.451432384929 0.004127867141 0.999999999954
  0.98730720   1.71620594 103.00000000  157.859333246946 157.463232862280 0.396100384667 0.999999999954
  0.96446195   1.73366834 103.00000000  158.028972074389 160.336780946552 -2.307808872163 0.999999999954
  0.96446195   1.65201005 103.00000000  160.916293144226 158.280684303589 2.635608840638 0.999999999954
  0.97606009   1.73055422 103.00000000  163.781572476029 163.802916146917 -0.021343670888 0.999999999954
  0.99230170   1.68074613 103.00000000  164.368551537395 163.927758418671 0.440793118724 0.999999999954
  0.96446195   1.68888476  97.68844221  169.848406344652 170.379383915969 -0.530977571316 0.999999999954
  0.96446195   1.68915089  97.67638750  169.904913097620 170.430121969453 -0.525208871833 0.999999999954
  0.96446195   1.65013448 103.08912827  172.400953590870 173.277785918034 -0.876832327164 0.999999999954
  0.99446195   1.68888476 103.00000000  175.527859896421 175.523757356652 0.004102539770 0.999999999953
  0.99132333   1.71246602 103.00000000  178.876978561282 179.517412881503 -0.640434320220 0.999999999953
  0.93534751   1.69079245 102.17267705  179.874815985560 179.092283739429 0.782532246132 0.999999999953
  0.97672991   1.68888476 107.58637610  180.976405918598 180.590368596383 0.386037322215 0.999999999953
  0.95774332   1.73792412 100.76897627  183.222372919321 184.356517007612 -1.134144088290 0.999999999953
  0.96446195   1.73800509 102.68574638  184.237985327840 186.807881467661 -2.569896139821 0.999999999953
  0.97101797   1.72364346  97.79028674  184.801040649414 185.591307654149 -0.790267004735 0.999999999953
  0.97214643   1.66643002  99.43810123  185.868716970086 184.131523828539 1.737193141547 0.999999999953
  0.94951197   1.67864477 107.62871470  185.900451973081 185.549812437462 0.350639535619 0.999999999953
  0.95482203   1.68888476  97.76307978  186.002267315984 184.887426680130 1.114840635854 0.999999999953
  0.97719294   1.66138776 106.75383811  187.431102424860 186.116372103277 1.314730321583 0.999999999953
  0.98563708   1.72749996 101.79689368  189.407840773463 189.108447572465 0.299393200999 0.999999999953
  0.96446195   1.68888476 108.24120603  189.633961632848 188.804130501699 0.829831131149 0.999999999953
  0.96446195   1.74031810 100.24843084  193.712041929364 194.863140982487 -1.151099053123 0.999999999952
  0.96084665   1.64727343 104.75343795  195.374081537127 194.422805103433 0.951276433695 0.999999999952
  0.93965624   1.71832898 103.00000000  199.418890520930 199.112089994198 0.306800526732 0.999999999952
  0.96446195   1.73888476 103.00000000  200.856390714645 200.185550426385 0.670840288261 0.999999999952
  0.96446195   1.73805227  99.08558058  201.667103305459 201.222693736203 0.444409569256 0.999999999952
  0.99724084   1.68888476 102.71912926  206.922697454691 206.925319792788 -0.002622338097 0.999999999952
  0.96446195   1.73994975 103.00000000  209.500306621194 208.810008081851 0.690298539343 0.999999999952
  0.93375333   1.68888476 104.27536889  211.098075002432 211.008967688312 0.089107314120 0.999999999951
  0.96281612   1.73415758 104.61468710  214.770073235035 213.976300724084 0.793772510951 0.999999999951
  0.96446195   1.64572864 103.00000000  214.947547689080 216.009026422585 -1.061478733505 0.999999999951
  0.93302760   1.68888476 104.19069785  217.945673018694 219.473466427582 -1.527793408888 0.999999999951
  0.96446195   1.66628105  98.66450362  219.543478578329 219.056735971650 0.486742606679 0.999999999951
  0.98941726   1.72521351 103.00000000  220.725041478872 221.718417470420 -0.993375991548 0.999999999951
  0.93723189   1.68888476  99.64225372  221.225282266736 221.352743653689 -0.127461386953 0.999999999951
  0.95779686   1.65619349 107.72022499  221.455432549119 221.540257071336 -0.084824522217 0.999999999951
  0.96446195   1.68888476  96.98492462  222.256319582462 221.848215767029 0.408103815433 0.999999999951
  0.99509817   1.68888476 100.17259623  222.557103902102 222.632779922992 -0.075676020890 0.999999999951
  0.96446195   1.69814739  96.62870433  226.547063216567 226.952983941282 -0.405920724715 0.999999999951
  0.96137519   1.74037363 103.68781593  234.168702900410 233.391387366491 0.777315533919 0.999999999950
  0.95195352   1.69098379 108.42905343  234.415424868464 233.631991850405 0.783433018060 0.999999999950
  0.99780770   1.68888476 104.49919764  235.050766974688 235.182314511255 -0.131547536568 0.999999999950
  0.99946195   1.68888476 103.00000000  235.216896757483 235.049441720582 0.167455036902 0.999999999950
  0.96941089   1.73873321 104.15459803  236.954612493515 237.190267573653 -0.235655080138 0.999999999950
  0.96446195   1.68888476 108.94472362  238.006044968963 239.576365329781 -1.570320360819 0.999999999950
  0.96446195   1.64281739 105.08095490  239.124937638640 237.793057685056 1.331879953584 0.999999999950
  0.93393520   1.68888476 105.46329382  239.553796991706 239.262478482460 0.291318509245 0.999999999950
  0.99209886   1.72401822 103.00000000  240.292566254735 240.781392021185 -0.488825766450 0.999999999950
  0.96446195   1.74388476 103.00000000  241.312982618809 242.084327744049 -0.771345125241 0.999999999950
  0.93791510   1.72263815 103.00000000  242.540682181716 242.178446310028 0.362235871688 0.999999999950
  0.95239675   1.65786346  99.86885016  242.851090833545 240.420623699629 2.430467133916 0.999999999950
  0.96446195   1.66598753 108.91407896  247.181354522705 246.969001037070 0.212353485635 0.999999999949
  0.96850555   1.64283311 103.00000000  250.083789676428 251.276464447493 -1.192674771065 0.999999999949
  1.00045781   1.70214521 103.00000000  255.794510394335 255.566148507200 0.228361887135 0.999999999949
  0.92964824   1.68888476 103.00000000  257.515210717916 258.157413223120 -0.642202505204 0.999999999949
  0.95769560   1.64217818 103.00000000  257.992511719465 258.728582359502 -0.736070640037 0.999999999949
  0.96446195   1.74623116 103.00000000  258.475464940071 262.964268550716 -4.488803610644 0.999999999949
  0.96446195   1.65502998  99.50586244  260.921316295862 259.877655843896 1.043660451967 0.999999999948
  0.92946195   1.68888476 103.00000000  263.779782146215 261.088149589972 2.691632556243 0.999999999948
  0.96446195   1.72899713 106.42144632  264.564834818244 263.545957272595 1.018877545649 0.999999999948
  0.98858299   1.73572036 101.59840756  265.055219724774 264.425055398276 0.630164326498 0.999999999948
  0.96446195   1.72556489  96.42881084  265.101285412908 264.872718852956 0.228566559951 0.999999999948
  0.96446195   1.74970259 100.77724579  266.297112181783 266.729459329763 -0.432347147980 0.999999999948
  0.96446195   1.70157578  96.07862899  267.434893742204 266.669903600939 0.764990141265 0.999999999948
  0.96446195   1.70278745 108.81795525  272.764098212123 272.248948131220 0.515150080903 0.999999999948
  0.96922488   1.68384635 109.36959232  273.233998790383 272.148032941992 1.085965848391 0.999999999948
  0.96446195   1.74773622 102.89769501  275.041121751070 274.205240560494 0.835881190576 0.999999999948
  0.96446195   1.68888476  96.28140704  279.579227849841 280.302008423897 -0.722780574056 0.999999999947
  0.96446195   1.63944724 103.00000000  282.194535642862 283.531002093082 -1.336466450220 0.999999999947
  0.99736405   1.68888476  99.25041417  284.529503270984 284.637479710438 -0.107976439454 0.999999999947
  0.96446195   1.74888476 103.00000000  287.395023837686 287.495907904721 -0.100884067036 0.999999999947
  1.00139031   1.68888476 100.57532540  288.368747472763 287.437338237444 0.931409235319 0.999999999947
  0.97272711   1.75107352 100.79554950  288.703557074070 289.774517064015 -1.070959989945 0.999999999947
  0.96446195   1.63888476 103.00000000  290.572028353810 290.066579200435 0.505449153375 0.999999999947
  0.99464972   1.65854487 103.00000000  291.213883250952 291.957608745665 -0.743725494714 0.999999999947
  0.96446195   1.68888476 109.64824121  295.710282295942 296.151141120901 -0.440858824959 0.999999999946
  1.00317187   1.68888476 104.03323208  296.988501623273 295.698728092584 1.289773530689 0.999999999946
  0.97820971   1.65216536 107.98330228  298.325818002224 298.695175669114 -0.369357666890 0.999999999946
  1.00446195   1.68888476 103.00000000  302.416232243180 302.418583569257 -0.002351326077 0.999999999946
  0.96446195   1.68253486  96.30706398  304.509442925453 305.448962870562 -0.939519945108 0.999999999946
  0.94260630   1.68888476  97.23211394  305.148121401668 306.070154799533 -0.922033397866 0.999999999946
  0.96446195   1.70750182  95.52124038  309.538744151592 309.901143187536 -0.362399035944 0.999999999945
  1.00168877   1.68888476 105.41423676  309.630516484380 311.569437964124 -1.938921479744 0.999999999945
  0.94369709   1.68888476  97.04313252  311.614883601665 310.472352436313 1.142531165352 0.999999999945
  0.95219717   1.75061435  99.83669123  316.247441545129 316.201488597086 0.045952948043 0.999999999945
  1.00463704   1.68062023 103.00000000  316.795058444142 317.475579868182 -0.680521424040 0.999999999945
  0.96446195   1.63797420 102.32357664  317.297459587455 317.803089314674 -0.505629727220 0.999999999945
  0.93443161   1.72983110 100.96428423  320.715242907405 320.515314067343 0.199928840062 0.999999999945
  0.96446195   1.75251256 103.00000000  321.579897433519 322.582295258969 -1.002397825450 0.999999999945
  0.97362383   1.68888476 109.71235313  322.088319078088 321.809498038205 0.278821039883 0.999999999944
  0.98223879   1.68888476 109.13380589  322.539493441582 322.135047978932 0.404445462650 0.999999999944
  1.00142561   1.68888476 105.79198301  322.656238794327 322.029693417771 0.626545376556 0.999999999944
  0.95639631   1.68987233  95.93719148  323.538405731320 322.445965522863 1.092440208457 0.999999999944
  0.99285205   1.68888476 107.88389634  325.861411571503 327.310430660269 -1.449019088766 0.999999999944
  0.92593426   1.68462993 103.76583653  326.426007837057 326.002831378338 0.423176458719 0.999999999944
  0.95155555   1.68888476  96.16238646  327.560957744718 327.367892143461 0.193065601256 0.999999999944
  0.95259126   1.74772642  98.15535061  330.183715030551 330.603009953927 -0.419294923376 0.999999999944
  0.96960702   1.68888476  95.77772522  331.082472890615 330.908666798687 0.173806091928 0.999999999944
  1.00270328   1.67536309 105.17065852  332.585102871060 332.800126732004 -0.215023860944 0.999999999944
  0.96446195   1.75388476 103.00000000  337.301410675049 336.312415906083 0.988994768966 0.999999999943
  0.93651102   1.71489603 106.47690868  338.287781357765 338.343601103576 -0.055819745811 0.999999999943
  0.98951387   1.64823057 102.17952739  339.180889308453 339.509289798121 -0.328400489669 0.999999999943
  1.00676816   1.68888476 103.66840995  341.956923648715 341.956708325562 0.000215323153 0.999999999943
  0.96446195   1.74897503  97.15472969  344.979832559824 346.359439265755 -1.379606705931 0.999999999943
  0.96446195   1.68888476  95.57788945  346.268715962768 345.811184266998 0.457531695769 0.999999999943
  0.92446195   1.68888476 103.00000000  346.988698109984 346.496203621334 0.492494488651 0.999999999943
  0.96446195   1.71441264 109.01876489  348.705986008048 350.083390867872 -1.377404859824 0.999999999943
  0.96446195   1.63252495 104.67247047  350.159123852849 350.051929786883 0.107194065966 0.999999999943
  0.96446195   1.63388476 103.00000000  351.381716385484 351.772922464112 -0.391206078628 0.999999999943
  0.96446195   1.68888476  95.50000000  352.657039135695 353.500835325624 -0.843796189930 0.999999999942
  0.94214417   1.73778784  97.83217153  357.258863747120 357.089021601956 0.169842145164 0.999999999942
  0.96446195   1.68888476 110.35175879  359.428436964750 358.459836775066 0.968600189685 0.999999999942
  0.96446195   1.63316583 103.00000000  359.533402830362 361.185165369966 -1.651762539603 0.999999999942
  0.97637983   1.68888476  95.66154272  362.823079407215 363.473539990374 -0.650460583159 0.999999999942
  0.98179619   1.70625554 109.03119290  368.740795135498 367.821539339770 0.919255795728 0.999999999941
  0.93599096   1.68888476 108.47358590  369.698669642210 368.890142826324 0.808526815886 0.999999999941
  0.96446195   1.72277198 108.61108022  373.311464548111 373.022919618424 0.288544929687 0.999999999941
  0.96446195   1.68888476 110.50000000  374.422554433346 372.314117686133 2.108436747213 0.999999999941
  0.93579461   1.73800135 103.00000000  375.896199703217 375.285159277576 0.611040425641 0.999999999941
  0.96446195   1.76055341 101.77478691  377.341675549746 378.879435478488 -1.537759928743 0.999999999941
  1.00946195   1.68888476 103.00000000  378.549890279770 377.349786840884 1.200103438886 0.999999999941
  0.97833458   1.74673087 105.11214982  379.899855330586 382.594643913209 -2.694788582622 0.999999999941
  0.93113910   1.65264600 103.00000000  381.006274014711 379.610830489828 1.395443524884 0.999999999940
  0.96446195   1.64224324 109.01634364  382.711920559406 381.472721067046 1.239199492360 0.999999999940
  0.93332518   1.66164668 107.71627363  382.840645164251 382.591426313196 0.249218851056 0.999999999940
  0.94662797   1.68888476  95.90875892  383.743345543742 383.910149552729 -0.166804008986 0.999999999940
  0.96446195   1.75879397 103.00000000  388.566188737750 387.453314047121 1.112874690629 0.999999999940
  0.96446195   1.75888476 103.00000000  389.544464603066 388.428439012989 1.116025590077 0.999999999940
  0.96446195   1.70503582 110.05531596  389.995425611734 390.151111179868 -0.155685568134 0.999999999940
  0.92211055   1.68888476 103.00000000  390.978014916182 391.238311153499 -0.260296237318 0.999999999940
  0.96446195   1.72729621 108.43133133  391.423202529550 393.216088659397 -1.792886129847 0.999999999940
  0.95321958   1.63482124 107.40279050  391.472519695759 390.815408907238 0.657110788521 0.999999999940
  0.99965001   1.65340057 103.00000000  394.683387711644 392.396302500017 2.287085211627 0.999999999939
  0.96446195   1.69240169 110.63783209  394.841239035130 394.885970179784 -0.044731144654 0.999999999939
  0.92529418   1.70273963 105.23552118  396.005492404103 395.928401576010 0.077090828093 0.999999999939
  0.97351178   1.75365194  97.05720702  396.337635919452 397.780754396939 -1.443118477488 0.999999999939
  0.96446195   1.63187267 102.34918551  396.349511012435 396.721762422042 -0.372251409607 0.999999999939
  0.92593240   1.71922596 103.00000000  396.909597992897 400.644365183831 -3.734767190934 0.999999999939
  0.96728846   1.63067546 103.00000000  398.621824532747 398.146312820276 0.475511712471 0.999999999939
  0.96446195   1.63245787 102.05290380  400.833857938647 398.832734366603 2.001123572044 0.999999999939
  1.01095992   1.68888476 102.35861448  400.913619503379 400.845708351703 0.067911151676 0.999999999939
  0.96446195   1.71681598  94.55462780  401.430021077394 401.543933465204 -0.113912387809 0.999999999939
  0.95028017   1.68888476 110.45128012  404.783859252930 403.660438885324 1.123420367605 0.999999999939
  1.00212988   1.67711843 107.33125487  407.528638869524 408.335468486441 -0.806829616917 0.999999999938
  0.98966752   1.75084367  98.98119659  408.247123911977 408.978967710148 -0.731843798171 0.999999999938
  0.92140432   1.68888476 102.24265764  409.557857453823 407.947852375363 1.610005078460 0.999999999938
  0.93652944   1.72948186 105.99628740  409.957254707813 411.473351711653 -1.516097003839 0.999999999938
  0.96446195   1.68512231 111.00336134  412.059082672000 413.189149920080 -1.130067248080 0.999999999938
  0.96446195   1.62871961 103.51542851  412.451347619295 411.337564295519 1.113783323776 0.999999999938
  0.92535569   1.67887269  99.93898819  414.180922791362 413.104696852648 1.076225938714 0.999999999938
  0.95379314   1.69508207  94.92958801  414.508750230074 415.399087615933 -0.890337385859 0.999999999938
  0.97370533   1.75252186  96.50008780  415.813999220729 417.421619817243 -1.607620596514 0.999999999938
  0.99432438   1.70621792 108.25211097  417.497160539031 418.585810142781 -1.088649603750 0.999999999938
  0.94911604   1.68979777  95.35325055  418.201951920986 416.902312297683 1.299639623304 0.999999999938
  0.96446195   1.68888476  94.87437186  418.248361051083 418.446026150233 -0.197665099151 0.999999999938
  0.96446195   1.62888476 103.00000000  419.219804406166 420.093490833958 -0.873686427792 0.999999999938
  1.00891594   1.71523452 103.54217596  424.279287740588 423.823272989328 0.456014751260 0.999999999937
  0.96446195   1.72386078 109.11337387  424.705949395895 424.554321662863 0.151627733032 0.999999999937
  1.01185935   1.68888476 103.86498015  425.305436164141 424.715406407280 0.590029756861 0.999999999937
  0.96446195   1.68888476 111.05527638  426.121980011463 426.433749596937 -0.311769585474 0.999999999937
  0.92506121   1.65991874 103.00000000  427.542566180229 426.235802086121 1.306764094108 0.999999999937
  0.99980657   1.68331976 108.30365288  433.302302241325 433.194046571126 0.108255670199 0.999999999937
  0.99317752   1.75027150 102.35189200  435.523800626397 434.521348783813 1.002451842584 0.999999999936
  0.96446195   1.67443426  95.46230550  437.511213064194 438.956881923956 -1.445668859763 0.999999999936
  0.95426552   1.68888476 111.02803358  438.123954162002 440.750853944475 -2.626899782474 0.999999999936
  0.96446195   1.62847345 107.19008640  441.959908261895 439.302436992703 2.657471269192 0.999999999936
  0.96446195   1.76388476 103.00000000  444.921102568507 443.740973394872 1.180129173635 0.999999999936
  0.91946195   1.68888476 103.00000000  444.994023531675 445.222578114546 -0.228554582870 0.999999999936
  1.01246152   1.71001512 102.54868898  447.308136507869 446.943742163322 0.364394344547 0.999999999935
  0.98848447   1.72370167 108.08409952  447.344122931361 449.554598846973 -2.210475915611 0.999999999935
  1.00124097   1.73349742 104.46598119  450.650631159544 450.302630357779 0.348000801765 0.999999999935
  0.96446195   1.62688442 103.00000000  451.085840716958 449.318671573079 1.767169143879 0.999999999935
  0.96446195   1.76507538 103.00000000  456.643619716167 457.372306741392 -0.728687025224 0.999999999935
  0.97627840   1.68888476 111.03170369  457.380486994982 456.447742933918 0.932744061064 0.999999999935
  1.01446195   1.68888476 103.00000000  458.659805327654 459.570250067859 -0.910444740205 0.999999999935
  0.96446195   1.62493190 104.01424880  459.554885312915 458.529937910900 1.024947402015 0.999999999935
  0.99999862   1.66384072 108.17701155  460.498669907451 460.792987004499 -0.294317097049 0.999999999934
  0.96446195   1.72066809 109.79502847  460.500126346946 463.322402435043 -2.822276088097 0.999999999934
  0.94678790   1.66233599  96.84728883  465.001386716962 462.459029475676 2.542357241286 0.999999999934
  1.01052957   1.66573117 103.00000000  465.290948078036 465.909538094010 -0.618590015974 0.999999999934
  0.92127101   1.68821597  99.92370343  466.512977465987 467.403024732902 -0.890047266915 0.999999999934
  0.99581087   1.75028956  98.73617772  470.344660282135 471.617439090916 -1.272778808781 0.999999999934
  0.92321145   1.65730745 103.93823377  472.674881234765 471.184367978608 1.490513256157 0.999999999933
  0.97278877   1.73314306 108.64638534  476.630801901221 474.980132458019 1.650669443202 0.999999999933
  0.96446195   1.72306670 109.72556063  476.697153553367 474.969503071416 1.727650481950 0.999999999933
  1.00035132   1.74429044 103.00000000  479.023622944951 478.078576728708 0.945046216243 0.999999999933
  0.96446195   1.76192782  96.53468402  479.612523153424 479.283974697577 0.328548455847 0.999999999933
  0.96446195   1.77089985 100.00156094  480.187694445252 480.257332530153 -0.069638084900 0.999999999933
  0.96446195   1.63902859  98.97600729  481.428981378675 482.034845610433 -0.605864231759 0.999999999933
  0.96446195   1.69162122  94.16830822  485.092747494578 486.057878744111 -0.965131249533 0.999999999932
  1.00858823   1.73045884 103.00000000  488.019212782383 488.862575276211 -0.843362493828 0.999999999932
  0.96446195   1.65196198 111.26944549  489.588912785053 488.005685071924 1.583227713129 0.999999999932
  0.97488588   1.70136825 111.01841111  491.526994898915 492.424732107947 -0.897737209032 0.999999999932
  0.96446195   1.69926107  93.88017300  493.009554654360 492.251643793189 0.757910861171 0.999999999932
  1.01488484   1.68373943 100.93496222  493.762967169285 495.516936870696 -1.753969701411 0.999999999932
  0.96446195   1.62388476 103.00000000  495.343960404396 495.207005520412 0.136954883984 0.999999999932
  0.96446195   1.68888476  94.17085427  497.201515942812 498.276613326760 -1.075097383948 0.999999999932
  0.96446195   1.68888476 111.75879397  501.263203471899 500.004040875070 1.259162596829 0.999999999931
  0.96446195   1.76888476 103.00000000  503.550610184669 502.149370831835 1.401239352835 0.999999999931
  1.01237150   1.66313115 103.00000000  510.673054412007 511.395015885745 -0.721961473738 0.999999999930
  0.97501152   1.68888476 111.67145175  516.014655008912 517.051403605340 -1.036748596428 0.999999999930
  0.91715728   1.70105476 101.30268768  516.229405492544 516.440793248651 -0.211387756107 0.999999999930
  1.01509368   1.67091999 103.00000000  518.137376651168 516.714491172977 1.422885478191 0.999999999930
  0.92537237   1.72808125  98.36802199  519.512537106872 519.691308012995 -0.178770906124 0.999999999930
  0.95733237   1.62219204 106.99559888  520.449292600155 521.940765698902 -1.491473098747 0.999999999930
  0.98731151   1.63476594 100.98122143  521.575445219874 523.763920919855 -2.188475699980 0.999999999929
  1.01820531   1.70087410 102.02759778  526.658576503396 526.404290479744 0.254286023652 0.999999999929
  0.96446195   1.75151986 107.22515186  528.078811556101 530.503184464753 -2.424372908652 0.999999999929
  0.96446195   1.77135678 103.00000000  529.498851448298 532.140092929273 -2.641241480975 0.999999999929
  0.93413177   1.68888476  95.79554147  532.313468962908 529.410001167682 2.903467795226 0.999999999929
  1.01636459   1.68888476 100.20483855  533.619132816792 529.536104392280 4.083028424512 0.999999999928
  0.96290568   1.77389193 101.87772410  535.387660205364 533.984076535409 1.403583669955 0.999999999928
  0.96446195   1.77523909  99.20799784  535.930708944798 534.670190058401 1.260518886397 0.999999999928
  0.96446195   1.76883576 103.94411146  536.956770539284 537.383284388437 -0.426513849153 0.999999999928
  0.99447775   1.74116910  95.69164582  538.942967116833 538.229481114580 0.713486002253 0.999999999928
  1.00337205   1.68888476 109.04534774  539.164468169212 540.612736658657 -1.448268489445 0.999999999928
  0.96446195   1.67112579  94.81236082  540.445107534528 538.720466504368 1.724641030160 0.999999999928
  0.91722772   1.71158586 103.00000000  540.861011147499 540.364683980443 0.496327167056 0.999999999928
  0.96446195   1.76156673 105.71574683  541.244836777449 542.435990187877 -1.191153410428 0.999999999928
  0.98721226   1.65220620 110.57812649  544.152315184474 541.569597854099 2.582717330375 0.999999999928
  0.96446195   1.77656005  99.54433475  545.874096542597 547.219173977592 -1.345077434995 0.999999999927
  0.93014136   1.63857653 106.80228031  546.082580029964 546.928797438270 -0.846217408306 0.999999999927
  0.96446195   1.68989521 112.17670446  548.530831992626 549.289761217386 -0.758929224760 0.999999999927
  1.01946195   1.68888476 103.00000000  548.789570629597 548.815472509383 -0.025901879786 0.999999999927
  0.96446195   1.62060302 103.00000000  550.676899045706 548.287699973586 2.389199072120 0.999999999927
  0.92930408   1.75020489 100.36165932  551.884311720729 555.738756586667 -3.854444865938 0.999999999927
  0.91457286   1.68888476 103.00000000  554.694259166718 555.083270826339 -0.389011659622 0.999999999927
  0.96446195   1.65651281  95.90757142  556.249914959073 554.172235280631 2.077679678442 0.999999999926
  0.91446195   1.68888476 103.00000000  557.341138720512 557.731824312434 -0.390685591922 0.999999999926
  0.96446195   1.77379548 102.94780774  561.830444842577 560.674431300136 1.156013542441 0.999999999926
  0.96446195   1.77388476 103.00000000  562.159624919295 563.555285567023 -1.395660647728 0.999999999926
  0.96446195   1.64861409 111.87344480  562.224275633693 562.225682842486 -0.001407208793 0.999999999926
  1.00254234   1.64408587 107.02606257  565.116011381149 562.747472865025 2.368538516124 0.999999999926
  0.96446195   1.67925684  94.05348046  568.056050896645 569.589004930859 -1.532954034214 0.999999999925
  0.96911792   1.61949176 103.00000000  571.854563936591 574.364825619197 -2.510261682606 0.999999999925
  0.96446195   1.64561350  96.94627655  572.846308872104 575.499986565216 -2.653677693112 0.999999999925
  0.96446195   1.69561642 112.24964407  574.764001846313 577.934495305041 -3.170493458727 0.999999999925
  0.96446195   1.68888476 112.46231156  578.820103764534 579.101689184815 -0.281585420281 0.999999999924
  1.02099043   1.68738223 103.00000000  579.534258723259 578.885767285244 0.648491438015 0.999999999924
  0.96446195   1.61888476 103.00000000  580.441377744079 577.295887523916 3.145490220163 0.999999999924
  0.92791619   1.68888476 109.70289256  580.520383909345 579.456105229334 1.064278680011 0.999999999924
  0.96446195   1.76553577 105.61458057  584.162599295378 584.372588467151 -0.209989171773 0.999999999924
  0.91901005   1.72716987 103.00000000  585.097122177482 584.729376867496 0.367745309986 0.999999999924
  0.96446195   1.68888476  93.46733668  586.194010958076 585.372750751158 0.821260206917 0.999999999924
  0.92790283   1.68888476  96.19176163  586.290373459458 587.690315121499 -1.399941662041 0.999999999924
  1.00694046   1.68888476 109.05052532  593.271033927798 593.059656955899 0.211376971899 0.999999999923
  0.96723788   1.68888476 112.56709227  595.564583837986 594.157111141885 1.407472696101 0.999999999923
  0.95551938   1.77497920 103.00000000  598.452052548528 597.804810896028 0.647241652500 0.999999999923
  0.96446195   1.71174714 111.70067384  599.384766414762 600.974672063833 -1.589905649072 0.999999999923
  0.96446195   1.65474845  95.67536598  602.966154038906 600.919133587650 2.047020451256 0.999999999922
  1.01209057   1.64988052 103.01542151  606.817094326019 608.070596608542 -1.253502282523 0.999999999922
  0.96446195   1.77763819 103.00000000  607.408546879888 611.563557010581 -4.155010130693 0.999999999922
  1.00390405   1.63894062 106.29512621  610.827340722084 608.603958018316 2.223382703768 0.999999999922
  1.02265994   1.68738545 103.00000000  613.251267969608 610.898363666472 2.352904303136 0.999999999921
  0.96446195   1.66415801 112.92023195  615.503122210503 616.128983810564 -0.625861600061 0.999999999921
  1.00630919   1.64018890 103.00000000  616.739065796137 617.166841394576 -0.427775598439 0.999999999921
  0.95998075   1.75107782  93.54594833  619.913836821914 620.335589625466 -0.421752803552 0.999999999921
  0.95111652   1.71685547  92.95074691  620.911380469799 620.399321666824 0.512058802975 0.999999999921
  0.96446195   1.63459538  98.03565072  624.080137729645 627.124907319505 -3.044769589860 0.999999999920
  1.01517594   1.73580803 103.00000000  631.526504799724 631.756311921236 -0.229807121512 0.999999999920
  0.97354681   1.68888476 112.74850528  632.620413169265 633.261807615101 -0.641394445836 0.999999999919
  0.91731462   1.72290660 104.54637546  634.202002599835 633.648908527084 0.553094072751 0.999999999919
  0.96446195   1.61989539 109.13684979  634.617395505309 632.960819649482 1.656575855827 0.999999999919
  0.93482421   1.76334593 103.00000000  638.995394796133 638.522224952139 0.473169843994 0.999999999919
  0.97320610   1.68888476 112.79606184  639.560086935759 637.622805232512 1.937281703247 0.999999999919
  1.02427979   1.69367216 103.00000000  639.726698279381 639.486726866986 0.239971412394 0.999999999919
  0.96446195   1.75629947  93.59112258  642.177970916033 641.423357004409 0.754613911624 0.999999999918
  0.95425022   1.68888476 112.85660202  642.880040764809 642.604088926030 0.275951838778 0.999999999918
  0.92882897   1.73696891  95.88660593  644.205274552107 642.975349187102 1.229925365005 0.999999999918
  1.02446195   1.68888476 103.00000000  644.789181694388 644.828969222166 -0.039787527778 0.999999999918
  0.96446195   1.68888476  93.00000000  645.975271135569 647.279840861443 -1.304569725874 0.999999999918
  0.96446195   1.78135198 102.74494164  653.533166244626 651.756126861835 1.777039382791 0.999999999917
  1.02421632   1.70043884 103.91487227  654.160589307547 657.307948976458 -3.147359668911 0.999999999917
  0.96446195   1.61304655 106.85459640  655.595619753003 656.238287349285 -0.642667596282 0.999999999917
  0.96446195   1.61432161 103.00000000  657.506178110838 658.458188148327 -0.952010037489 0.999999999917
  0.99914076   1.68888476 111.03817666  663.170038774610 662.613531367668 0.556507406941 0.999999999916
  0.96446195   1.68888476 113.16582915  663.650808125734 663.657438931690 -0.006630805955 0.999999999916
  0.95778928   1.78497660  99.11308500  665.245231047273 665.888546744796 -0.643315697523 0.999999999916
  1.00104124   1.76191771  97.53579963  667.402919739485 666.469699011775 0.933220727710 0.999999999916
  0.95373825   1.77986304 103.00000000  667.837665244937 669.714571805099 -1.876906560162 0.999999999916
  0.96446195   1.61388476 103.00000000  671.460939154029 666.546319745854 4.914619408175 0.999999999916
  0.98411672   1.77600186 103.41356831  672.164443984628 671.970790289198 0.193653695430 0.999999999916
  1.01889299   1.71619926  97.80738113  673.724387496710 673.615408068530 0.108979428180 0.999999999915
  0.96446195   1.61201433 103.99679347  674.315910249949 674.915604056135 -0.599693806186 0.999999999915
  0.96446195   1.68888476  92.76381910  678.450231745839 679.803896578045 -1.353664832206 0.999999999915
  0.90946195   1.68888476 103.00000000  681.853436827660 684.503034678729 -2.649597851069 0.999999999915
  0.92483566   1.63325913 103.00000000  684.006361320615 683.968585365512 0.037775955103 0.999999999914
  0.95969103   1.78293190 103.00000000  690.865014240146 688.997889076789 1.867125163357 0.999999999914
  0.97222654   1.68888476 113.26162730  692.626301050186 691.122680110694 1.503620939492 0.999999999913
  0.96446195   1.78391960 103.00000000  693.164626955986 695.454768289841 -2.290141333855 0.999999999913
  1.00743054   1.63521818 103.00000000  696.517822012305 695.125179578219 1.392642434086 0.999999999913
  1.01241675   1.64651132 107.08301926  697.367611497641 697.435533168431 -0.067921670791 0.999999999913
  0.96446195   1.75323847 108.99452610  698.012653410435 701.830523108233 -3.817869697798 0.999999999913
  0.96446195   1.69280758  92.47519653  704.283310383558 699.245671225211 5.037639158347 0.999999999912
  0.96446195   1.76228692 107.78603218  705.126888200641 702.774116641032 2.352771559609 0.999999999912
  0.96446195   1.76097255 108.01690591  706.073950320482 706.167113743216 -0.093163422733 0.999999999912
  0.98207268   1.78531947  99.00679883  708.550890773535 707.316057832577 1.234832940958 0.999999999912
  0.91294101   1.68888476 107.13455655  708.724204942584 708.313532667821 0.410672274763 0.999999999912
  0.96547318   1.68048762  92.95427919  709.006310969591 707.783694512468 1.222616457123 0.999999999912
  1.02763819   1.68888476 103.00000000  709.172119632363 709.222949828614 -0.050830196250 0.999999999912
  0.95053671   1.75854926 107.95439400  712.924649730325 714.610283821996 -1.685634091672 0.999999999911
  0.91105455   1.71698292 103.00000000  715.198585793376 715.082946921857 0.115638871519 0.999999999911
  0.96446195   1.60949223 104.37079153  715.732257574797 715.766060396179 -0.033802821382 0.999999999911
  0.90851981   1.68888476 101.73244098  716.805993154645 719.516065535142 -2.710072380497 0.999999999911
  0.94482568   1.64119986  96.90542492  717.903989747167 718.971918527121 -1.067928779955 0.999999999911
  0.94926897   1.61163813 107.11630154  718.709556713700 720.021319049790 -1.311762336090 0.999999999911
  0.92222192   1.68888476 110.20395875  722.835016176105 724.831052384691 -1.996036208586 0.999999999910
  0.90975965   1.66715687 104.24029139  723.468230977654 724.260620047073 -0.792389069418 0.999999999910
  0.96446195   1.65878540  94.30993108  725.836693331599 725.462512913319 0.374180418281 0.999999999910
  1.00452502   1.68888476 110.96963456  729.430338546634 728.966630340923 0.463708205711 0.999999999910
  0.95220466   1.77876348  95.56424625  732.777015015483 731.559217446866 1.217797568617 0.999999999909
  0.96446195   1.79189008 100.04869604  738.782076030970 741.910564984493 -3.128488953524 0.999999999908
  1.00090993   1.63071103 100.85990891  739.633961632848 741.449027486700 -1.815065853852 0.999999999908
  0.94994987   1.65941031  94.47138075  743.753221556544 742.402227507194 1.350994049350 0.999999999908
  1.02946195   1.68888476 103.00000000  746.396626695991 747.361995279832 -0.965368583841 0.999999999908
  0.96446195   1.70337148  91.83038838  747.303992763162 747.303104989998 0.000887773164 0.999999999908
  1.01540801   1.74594579 104.05679756  750.765831276774 750.578226300238 0.187604976537 0.999999999907
  0.90703518   1.68888476 103.00000000  751.660626366735 751.319777064989 0.340849301746 0.999999999907
  0.96446195   1.68888476 113.86934673  754.079602137208 753.601748504446 0.477853632762 0.999999999907
  0.96999938   1.61770377 110.50484839  755.366753563285 757.150249272635 -1.783495709350 0.999999999907
  0.95759089   1.65000260  94.97143969  755.637563988566 757.180670043490 -1.543106054924 0.999999999907
  0.96446195   1.70705381  91.67397994  758.063314855099 758.852207532279 -0.788892677181 0.999999999906
  0.96446195   1.60659091 105.99673714  759.492120385170 762.169025637662 -2.676905252492 0.999999999906
  0.96446195   1.60888476 103.00000000  759.861025780439 763.148313280167 -3.287287499728 0.999999999906
  1.01138829   1.64227824 100.35591451  762.728381663561 764.876931588587 -2.148549925026 0.999999999906
  0.96492083   1.73376559  91.53284771  768.234574079514 770.475724518446 -2.241150438932 0.999999999905
  1.02534639   1.66092314 102.46360465  770.467811793089 771.452270855744 -0.984459062655 0.999999999905
  0.96446195   1.63768356  96.21693572  770.543055370450 771.712433841405 -1.169378470955 0.999999999905
  1.02005335   1.68679927 108.54991345  773.767265841365 775.751304769162 -1.984038927797 0.999999999905
  0.96446195   1.60934291 108.70604081  775.778761088848 775.850613044472 -0.071851955624 0.999999999904
  0.96446195   1.79020101 103.00000000  776.848693341017 783.631285812156 -6.782592471139 0.999999999904
  0.96446195   1.60804020 103.00000000  780.134277820587 780.205088758650 -0.070810938063 0.999999999904
  0.96446195   1.68888476  92.06030151  785.785215243697 781.639096915075 4.146118328622 0.999999999903
  0.98490766   1.78076494  95.41803993  787.948717176914 786.382522393058 1.566194783856 0.999999999903
  0.97804563   1.65680310 113.84003353  787.999690398574 788.328482827441 -0.328792428868 0.999999999903
  0.96446195   1.74379475  91.62528484  788.499074876308 787.663139667162 0.835935209146 0.999999999903
  0.91033771   1.72080154 104.52105342  790.505704179406 790.275750921861 0.229953257545 0.999999999903
  0.96446195   1.78666594  95.31063712  790.741253361106 791.266040121936 -0.524786760830 0.999999999903
  0.90660057   1.68888476 100.88694331  792.322982847691 791.560080082267 0.762902765424 0.999999999902
  0.95631259   1.78826874 103.57291419  792.803358316422 797.852388113666 -5.049029797245 0.999999999902
  1.03033129   1.71517184 101.65596552  795.676939547062 797.343040000734 -1.666100453672 0.999999999902
  0.95965473   1.60657207 103.46794583  797.931741863489 795.639821923094 2.291919940395 0.999999999902
  0.92827979   1.72067463 110.32596820  800.026777416468 798.810434960008 1.216342456459 0.999999999902
  0.97358087   1.79057027 103.00000000  800.372605979443 800.400893773563 -0.028287794120 0.999999999901
  1.01931029   1.64377182 103.00000000  801.061441168189 797.335069893862 3.726371274327 0.999999999901
  0.96446195   1.79512913 101.15824046  802.588508903980 800.848743698769 1.739765205211 0.999999999901
  0.96446195   1.77359061  93.24990927  802.920750156045 804.885378777896 -1.964628621851 0.999999999901
  1.00961321   1.63101398 102.34462895  806.039968043566 803.470377183859 2.569590859707 0.999999999901
  1.02907604   1.71508542 104.24649824  809.754050284624 809.280801546940 0.473248737685 0.999999999900
  0.96446195   1.61322000 110.52883875  810.717990279198 812.448472495987 -1.730482216790 0.999999999900
  0.96488777   1.79476285  96.91768139  817.337176680565 820.106433060049 -2.769256379484 0.999999999899
  1.01133801   1.63511969 107.85199192  819.977189034224 818.562183317572 1.415005716652 0.999999999899
  0.91182675   1.68888476 108.48894406  821.914176642895 819.360462597651 2.553714045244 0.999999999899
  0.96446195   1.79638654  97.55789935  825.410909935832 824.257467148980 1.153442786852 0.999999999898
  0.96446195   1.79767753  98.38383370  826.132589012384 827.043137472623 -0.910548460238 0.999999999898
  0.90446195   1.68888476 103.00000000  828.993627071381 826.030230868271 2.963396203110 0.999999999898
  1.03159423   1.67264999 103.00000000  832.865177214146 833.419411835377 -0.554234621231 0.999999999898
  1.02067603   1.74889756 103.00000000  837.238518029451 836.069359257811 1.169158771641 0.999999999897
  0.98015009   1.73804365 111.38474720  838.592572689056 836.423188080576 2.169384608480 0.999999999897
  0.90705656   1.68888476  99.28222975  838.848231330514 839.990910867046 -1.142679536532 0.999999999897
  0.97315550   1.79369393 103.00000000  839.222614049911 844.452825628452 -5.230211578540 0.999999999897
  1.01432573   1.66525685 110.46301202  841.864070251584 843.028249432797 -1.164179181213 0.999999999896
  0.93210016   1.65533028  95.50959562  841.943943232298 841.942761507948 0.001181724350 0.999999999896
  1.01339207   1.64603847  98.86889893  842.248920992017 844.204247854334 -1.955326862317 0.999999999896
  0.95120069   1.64011176  95.59594693  842.778630912304 845.562125719101 -2.783494806797 0.999999999896
  0.96446195   1.60574304 102.55102929  846.763888671994 845.948555053449 0.815333618545 0.999999999896
  0.96446195   1.68888476 114.57286432  850.815254077315 848.864745469185 1.950508608130 0.999999999895
  1.02043844   1.75121647 103.00000000  854.224229931831 853.003942072160 1.220287859671 0.999999999895
  0.98708384   1.70294950 113.35199573  856.093043506145 854.322282677153 1.770760828992 0.999999999895
  1.03446195   1.68888476 103.00000000  856.203544512391 856.173279291889 0.030265220502 0.999999999895
  0.95104189   1.79244798 103.00000000  856.262334555387 861.455176172887 -5.192841617500 0.999999999895
  0.96446195   1.60286644 107.65300938  859.267710998654 858.917066322888 0.350644675766 0.999999999894
  0.99833562   1.74130108  92.55152531  861.171550869942 860.333694304459 0.837856565483 0.999999999894
  0.98017984   1.68888476  91.80600057  862.799214318395 860.592986183501 2.206228134894 0.999999999894
  0.96885718   1.76780974 108.74184333  863.588353991508 863.745143409770 -0.156789418261 0.999999999894
  1.01824842   1.75973830  99.19292266  863.679641574621 866.583622642612 -2.903981067990 0.999999999894
  0.96446195   1.60150654 105.22772653  866.677595719695 866.048404732295 0.629190987400 0.999999999893
  0.96446195   1.73504416 112.30114430  868.060366228223 869.897881662038 -1.837515433815 0.999999999893
  0.96446195   1.60388476 103.00000000  872.125035017729 867.295778738019 4.829256279710 0.999999999893
  0.99710915   1.68888476 113.12783254  872.977234005928 872.644195599641 0.333038406287 0.999999999892
  0.96446195   1.80112225 100.26871852  873.631340205669 874.409394360816 -0.778054155147 0.999999999892
  1.03517588   1.68888476 103.00000000  876.620518848300 872.208503450788 4.412015397512 0.999999999892
  0.96446195   1.70395953 114.23758439  876.706062942743 874.183296421777 2.522766520967 0.999999999892
  0.96446195   1.79648241 103.00000000  877.230264261365 875.915730816144 1.314533445221 0.999999999892
  0.92269316   1.76622176 103.00000000  878.325936242938 875.941780259347 2.384155983592 0.999999999892
  0.97814851   1.77158694 108.01321032  878.675475776196 876.746518977991 1.928956798204 0.999999999892
  0.96446195   1.72699560  90.68848994  879.556456029415 880.078692793876 -0.522236764460 0.999999999892
  0.90586026   1.68888476  99.16841219  879.829914316535 880.139357834328 -0.309443517793 0.999999999892
  0.94316985   1.68888476  92.10027520  880.039159744978 881.896754986000 -1.857595241022 0.999999999892
  0.96446195   1.61887339 112.41408896  881.652804672718 883.039865898763 -1.387061226045 0.999999999891
  0.96107903   1.70061761 114.45650623  887.365973696113 886.715429515161 0.650544180952 0.999999999891
  1.02826379   1.73705279 103.00000000  888.265955731273 887.311452909254 0.954502822019 0.999999999890
  1.02141005   1.68888476 109.64224478  889.166494846344 890.182497453215 -1.016002606871 0.999999999890
  0.96446195   1.68888476  91.35678392  889.284944251180 890.946909146477 -1.661964895298 0.999999999890
  0.90231321   1.68702371 103.00000000  890.314502432942 891.764871832720 -1.450369399777 0.999999999890
  0.96446195   1.61518859  98.95108370  891.036251679063 891.622952778168 -0.586701099105 0.999999999890
  0.97650415   1.80077781 100.79463412  894.659872829914 897.041366564125 -2.381493734211 0.999999999890
  0.96446195   1.79666202 103.46617042  899.332418799400 898.791558498722 0.540860300678 0.999999999889
  0.95362000   1.79925711 101.48082021  901.302600607276 899.580758007087 1.721842600189 0.999999999889
  0.96446195   1.60581151 109.93103153  901.823965862393 896.873492092946 4.950473769447 0.999999999889
  1.02175520   1.75372302 103.00000000  901.840204417706 901.315732208972 0.524472208734 0.999999999889
  0.92929929   1.77785922 103.00000000  902.601534470916 902.605899192116 -0.004364721200 0.999999999889
  0.96446195   1.75143658  90.97520461  903.996434703469 901.357632273078 2.638802430391 0.999999999888
  1.03022504   1.65578239 103.00000000  904.268182367086 905.210185991737 -0.942003624651 0.999999999888
  1.03173064   1.66878075 106.22111247  908.596796259284 909.595514718925 -0.998718459641 0.999999999888
  1.03667274   1.70145627 103.00000000  909.098326504230 909.993850728792 -0.895524224562 0.999999999888
  0.96446195   1.79888476 103.00000000  910.018761649728 912.260049278182 -2.241287628454 0.999999999888
  1.00981251   1.68888476  93.75134251  910.219916462898 909.265749800092 0.954166662806 0.999999999888
  0.91015491   1.64715501 107.70842368  911.604785412550 912.735296640057 -1.130511227507 0.999999999887
  0.94065473   1.68888476  92.06321299  912.027349814773 913.514094084102 -1.486744269329 0.999999999887
  0.96446195   1.60175879 103.00000000  914.639385357499 913.913201773541 0.726183583958 0.999999999887
  0.90941147   1.68888476  97.08813893  914.771838277578 916.399501414468 -1.627663136889 0.999999999887
  0.90597806   1.72757044 103.00000000  915.697544127703 918.239104872096 -2.541560744394 0.999999999887
  1.00691201   1.62976908  99.60629661  918.523435041308 918.887284077929 -0.363849036620 0.999999999886
  0.96446195   1.70876003  90.57778986  919.956670045853 920.874182607631 -0.917512561778 0.999999999886
  0.90919675   1.74281503 101.27032227  927.961823284626 927.991797364858 -0.029974080232 0.999999999885
  1.03713820   1.68176541 103.00000000  928.337696671486 928.263450019364 0.074246652122 0.999999999885
  0.90099346   1.69267000 103.00000000  934.142789468169 934.752709759620 -0.609920291451 0.999999999884
  0.96446195   1.62583713 113.75434737  936.563558414578 937.587797204269 -1.024238789690 0.999999999884
  0.98404609   1.74546687  90.92191006  942.563195466995 942.001947993917 0.561247473079 0.999999999883
  1.02424265   1.63888768 103.00000000  946.689941138029 948.704845546322 -2.014904408293 0.999999999883
  0.96446195   1.62091769  97.22890190  948.209000512958 952.674551016029 -4.465550503071 0.999999999882
  0.96446195   1.78523364  92.78052716  956.793289661407 955.357178659082 1.436111002325 0.999999999881
  0.94077006   1.75505749 110.06991472  959.828183516860 957.343718204152 2.484465312708 0.999999999881
  1.03445064   1.72843012 103.00000000  962.844052121043 962.044768674866 0.799283446178 0.999999999880
  0.96446195   1.80276382 103.00000000  968.445178836584 972.136220813269 -3.691041976685 0.999999999879
  0.91238949   1.75391367 103.00000000  970.921365603805 971.917956740635 -0.996591136830 0.999999999879
  1.03946195   1.68888476 103.00000000  972.855770081282 971.028766315269 1.827003766013 0.999999999879
  1.03561808   1.70957665 105.42179411  972.903701663017 972.567800929912 0.335900733105 0.999999999879
  0.95552891   1.63552324  95.05513294  972.978254929185 972.645861685370 0.332393243815 0.999999999879
  0.98327293   1.64927645  93.87050706  974.816086500883 976.250085380693 -1.433998879809 0.999999999879
  0.96446195   1.70909283 114.73353984  975.031894549727 978.273419832174 -3.241525282446 0.999999999878
  0.99373301   1.68888476  91.74533809  975.546223655343 976.728029734963 -1.181806079620 0.999999999878
  0.96446195   1.59888476 103.00000000  980.895223259926 979.186603568310 1.708619691616 0.999999999878
  0.89949749   1.68888476 103.00000000  981.203625157475 981.653189627273 -0.449564469797 0.999999999878
  0.96446195   1.78993475 106.51376880  981.752360731363 984.989608844347 -3.237248112984 0.999999999877
  0.89946195   1.68888476 103.00000000  982.063903406262 982.822759706269 -0.758856300007 0.999999999877
  0.95671278   1.64396351  93.98398314  988.023845866323 985.663749213689 2.360096652633 0.999999999877
  0.97619240   1.76772715 109.81068395  990.528270110488 992.991101638275 -2.462831527788 0.999999999876
  0.97349982   1.80131471 103.74652550  993.991798236966 994.615529437760 -0.623731200793 0.999999999876
  1.01559335   1.75181774  94.26976962  996.396048232913 992.673209337936 3.722838894977 0.999999999875
  0.96446195   1.79253002 106.13553325  997.399967968464 996.077954249205 1.322013719259 0.999999999875
  0.96579691   1.59721361 108.31793437  998.611498177052 993.514843445416 5.096654731636 0.999999999875
  0.93563295   1.78088553 105.89319454  999.105347126722 998.976892485837 0.128454640886 0.999999999875
  1.01035393   1.68888476 112.65572844  1001.280019938946 1003.232356776186 -1.952336837240 0.999999999875
  0.93342338   1.63091174  96.93137629  1002.214828357100 1002.882398824089 -0.667570466989 0.999999999874
  1.00609713   1.68888476  92.60366320  1003.870463266969 1003.123018310800 0.747444956168 0.999999999874
  0.96446195   1.68888476  90.65326633  1005.970646157861 1007.795342494640 -1.824696336780 0.999999999874
  0.96446195   1.76600175  90.75933577  1009.989858806133 1009.184479426285 0.805379379849 0.999999999873
  1.03720481   1.68888476 106.45698866  1010.715787559748 1011.500665377463 -0.784877817715 0.999999999873
  0.92621603   1.78202779 103.00000000  1011.425880193710 1012.790976285046 -1.365096091336 0.999999999873
  0.90735530   1.74478330 103.00000000  1014.599823057652 1017.576965998546 -2.977142940895 0.999999999873
  0.97459378   1.59855021 103.00000000  1015.814317256212 1014.983245125785 0.831072130427 0.999999999872
  0.97268103   1.76137810 110.89826208  1018.269353181124 1018.406394179949 -0.137040998825 0.999999999872
  0.98695933   1.68888476 115.01461932  1020.498297035694 1018.973803935802 1.524493099893 0.999999999872
  1.00419311   1.61198491 103.00000000  1020.664501532912 1019.373706159200 1.290795373712 0.999999999872
  0.90832772   1.74827032 103.00000000  1022.030178040266 1023.444879104360 -1.414701064094 0.999999999871
  0.91520422   1.76511090 103.00000000  1024.227600738406 1027.668523353580 -3.440922615174 0.999999999871
  0.93121136   1.71445071 113.11963933  1024.405095160007 1027.549550933963 -3.144455773955 0.999999999871
  0.96446195   1.59936745 101.84519695  1028.397291883826 1025.035211913311 3.362079970515 0.999999999870
  0.97122715   1.81088016 100.54276017  1028.923279121518 1030.429816483945 -1.506537362427 0.999999999870
  0.89819761   1.68176463 103.00000000  1029.497211679816 1029.414081146211 0.083130533605 0.999999999870
  0.95764194   1.61368471  97.95380971  1031.874201118946 1029.256216936428 2.617984182519 0.999999999870
  0.89985783   1.71434045 103.00000000  1033.086405441165 1031.966910548602 1.119494892563 0.999999999870
  1.01858333   1.68888476 111.70280573  1037.522454708815 1037.149776433450 0.372678275365 0.999999999869
  0.93438637   1.78625522 105.04110474  1041.934985220432 1039.602013373924 2.332971846508 0.999999999868
  1.01149709   1.70250367 112.40072834  1043.644283831120 1042.589562980417 1.054720850703 0.999999999868
  0.96446195   1.75796138 111.56029010  1044.401814937592 1042.444009102862 1.957805834729 0.999999999868
  1.00466133   1.78322377  94.93669381  1046.132405757904 1042.633684726381 3.498721031523 0.999999999868
  0.96446195   1.80772559  95.45947712  1046.207802250981 1047.355061574911 -1.147259323930 0.999999999868
  0.96446195   1.74905589  89.85520080  1046.264087319374 1045.995893469198 0.268193850176 0.999999999868
  0.91224051   1.70796106 110.40798644  1048.729316249490 1049.829220525970 -1.099904276480 0.999999999867
  1.04271357   1.68888476 103.00000000  1049.558304339647 1048.857564989740 0.700739349908 0.999999999867
  0.96446195   1.59407480 104.25655079  1049.849759578705 1050.386302086054 -0.536542507349 0.999999999867
  0.99989552   1.79418725 103.00000000  1050.911755263805 1055.715941518830 -4.804186255024 0.999999999867
  1.01797306   1.77411550 103.00000000  1055.502956390381 1056.453472332821 -0.950515942440 0.999999999866
  0.96446195   1.59332371 107.33918400  1058.107620880008 1053.308980134702 4.798640745306 0.999999999866
  0.96446195   1.59547739 103.00000000  1058.252175062895 1059.977026246505 -1.724851183610 0.999999999866
  1.02520921   1.76779201 100.05887002  1065.634319588542 1068.383953308402 -2.749633719860 0.999999999865
  0.89785519   1.68888476 100.82686590  1065.664209738374 1066.998724188599 -1.334514450225 0.999999999865
  0.96446195   1.80888476 103.00000000  1065.680647775531 1069.525359939193 -3.844712163662 0.999999999865
  0.89748897   1.67509919 103.00000000  1069.670795232058 1066.934632683023 2.736162549035 0.999999999864
  0.93020458   1.71759471 113.13031724  1070.054330855608 1069.283883580980 0.770447274628 0.999999999864
  0.96446195   1.80904523 103.00000000  1071.232850044966 1072.125329907641 -0.892479862675 0.999999999864
  0.89687567   1.69043297 103.00000000  1072.479634344578 1070.461807774302 2.017826570275 0.999999999863
  0.95131379   1.59610653 103.00000000  1075.087314009666 1070.090002976604 4.997311033062 0.999999999863
  0.98381818   1.78306458 108.03837294  1075.199087321758 1075.272032410256 -0.072945088497 0.999999999863
  1.04318243   1.68026202 103.00000000  1078.576402068138 1075.598285802275 2.978116265863 0.999999999862
  0.92588376   1.68888476 113.99550488  1081.748062387109 1080.221485783917 1.526576603192 0.999999999862
  1.01674206   1.68888476 112.46448493  1089.054575592279 1089.644364085041 -0.589788492762 0.999999999861
  1.04446195   1.68888476 103.00000000  1090.149135515094 1091.701370197182 -1.552234682088 0.999999999860
  1.04024066   1.66127760 103.00000000  1091.273686602712 1092.511365684293 -1.237679081581 0.999999999860
  0.96446195   1.67760620 116.44500618  1091.413440585136 1094.085229086635 -2.671788501498 0.999999999860
  0.96446195   1.60676990 112.80595432  1091.561069652438 1093.356223877564 -1.795154225126 0.999999999860
  0.98835183   1.80976437 100.30641302  1094.395918369293 1096.974352324926 -2.578433955633 0.999999999860
  0.96446195   1.61937054  96.32481370  1095.946086227894 1094.037832109551 1.908254118343 0.999999999860
  0.93274850   1.79190807  95.32895077  1096.803970694542 1096.791504187054 0.012466507488 0.999999999859
  0.96446195   1.72955201  89.30447940  1096.845304518938 1097.193393155927 -0.348088636989 0.999999999859
  1.03644620   1.69944703  96.69659964  1098.262179061770 1096.712934499265 1.549244562505 0.999999999859
  0.99848838   1.79845409 103.00000000  1099.606804117560 1101.899116822633 -2.292312705072 0.999999999859
  0.96446195   1.59388476 103.00000000  1103.588336303830 1099.022736458301 4.565599845529 0.999999999858
  1.01124501   1.76185123 108.02668911  1104.449339941144 1103.776822410507 0.672517530637 0.999999999858
  1.02082859   1.73820613  93.34703512  1105.893265753984 1102.557995789577 3.335269964407 0.999999999858
  0.96446195   1.80353776 105.21984383  1106.693185240030 1105.908928758136 0.784256481894 0.999999999858
  0.91781922   1.77619822 103.00000000  1106.738400548697 1105.879593554829 0.858806993868 0.999999999858
  0.96925853   1.81604126 100.51513369  1107.486006334424 1108.923257223656 -1.437250889232 0.999999999858
  0.96446195   1.77609634 110.00136829  1108.332527920604 1108.629904886126 -0.297376965522 0.999999999857
  1.00722092   1.68888476  91.98235406  1109.160157337785 1107.775710035567 1.384447302217 0.999999999857
  0.99192657   1.68888476  90.80745724  1110.277972236276 1108.109723421421 2.168248814855 0.999999999857
  1.02826045   1.63936070 108.11593637  1111.305212095380 1109.464647687896 1.840564407483 0.999999999857
  1.01612753   1.68888476  92.96607843  1111.794818952680 1111.089085230686 0.705733721994 0.999999999857
  0.95560219   1.80810159  94.67328655  1112.390682578087 1115.497186278887 -3.106503700800 0.999999999857
  1.02733648   1.68888476 110.80980409  1112.774961680174 1116.036368953347 -3.261407273173 0.999999999857
  0.89765733   1.66217634 103.00000000  1116.224809080362 1114.547320890648 1.677488189715 0.999999999856
  0.97872401   1.59843686 101.52332304  1116.916054502130 1116.180599383293 0.735455118837 0.999999999856
  0.89755001   1.66208421 103.00000000  1117.660402268171 1118.697300670866 -1.036898402695 0.999999999856
  0.95283071   1.68888476  90.20975154  1119.047352239490 1121.161078545790 -2.113726306301 0.999999999856
  0.99221450   1.80433629 103.00000000  1122.793685436249 1125.104722136552 -2.311036700303 0.999999999855
  0.98952317   1.60819112 111.74411226  1125.437317267060 1124.813174788217 0.624142478844 0.999999999854
  0.91135911   1.62926494 109.39044031  1126.767456382513 1126.658342654715 0.109113727798 0.999999999854
  0.99273860   1.68888476 115.38426620  1127.881473273039 1129.743030319847 -1.861557046808 0.999999999854
  0.96446195   1.68940299  89.94789323  1127.985160246491 1128.731154666096 -0.745994419605 0.999999999854
  0.94270558   1.70137016  90.19120500  1128.037696138024 1129.618407512349 -1.580711374324 0.999999999854
  0.96891078   1.80994539  94.36773884  1130.259684473276 1132.213222704698 -1.953538231422 0.999999999854
  1.03122837   1.63605184 103.00000000  1131.400124430656 1130.354518047989 1.045606382668 0.999999999853
  0.89579934   1.70450092 103.00000000  1131.982209339738 1132.404471609094 -0.422262269356 0.999999999853
  0.96446195   1.68888476  89.94974874  1133.895580932498 1132.251797874551 1.643783057947 0.999999999853
  1.04624929   1.69739362 103.00000000  1134.458784624934 1135.095477494495 -0.636692869561 0.999999999853
  0.99140010   1.80797783  96.15497548  1135.181697472930 1138.065621235311 -2.883923762381 0.999999999853
  0.98431548   1.68341132  90.52674903  1135.318905442953 1135.775058405726 -0.456152962773 0.999999999853
  0.98698173   1.74349356  89.64612839  1136.932516559958 1136.570040175356 0.362476384602 0.999999999852
  1.04000735   1.65461038 103.00000000  1139.161443516612 1136.728622402866 2.432821113747 0.999999999852
  1.02410682   1.71772366  93.25129842  1140.392555162311 1138.671103510432 1.721451651878 0.999999999852
  0.96886953   1.71200788 115.65398260  1141.586595073342 1143.643014393695 -2.056419320353 0.999999999852
  1.03497341   1.64220561 105.54880210  1142.089669212699 1143.096657862543 -1.006988649844 0.999999999852
  0.99025364   1.69397772  90.30562292  1147.095257371664 1143.367757767894 3.727499603770 0.999999999851
  0.96446195   1.81388476 103.00000000  1147.622213646770 1151.629970233887 -4.007756587118 0.999999999851
  0.96979198   1.81382988 103.00000000  1154.491043359041 1152.531369196056 1.959674162985 0.999999999849
  0.96446195   1.68690912  89.93759556  1154.816107779741 1149.726424753015 5.089683026726 0.999999999849
  1.00004910   1.72824684 113.16586260  1155.717119425535 1154.591330663658 1.125788761877 0.999999999849
  0.96552386   1.81418031 103.00000000  1157.372445672750 1156.005743034925 1.366702637825 0.999999999849
  0.89446195   1.68888476 103.00000000  1159.206253036857 1155.405700205756 3.800552831101 0.999999999848
  1.02233682   1.75266599  93.73291654  1163.127517297864 1161.805861050437 1.321656247427 0.999999999848
  0.96446195   1.77765698 110.28856276  1166.903979122639 1164.178516724650 2.725462397989 0.999999999847
  1.04410132   1.68888476 106.28054869  1167.849131330848 1167.948557349949 -0.099426019101 0.999999999847
  0.96446195   1.82071889  99.51863650  1168.129639402032 1170.861912622610 -2.732273220578 0.999999999847
  1.03166076   1.63428023 106.21524799  1170.674186602235 1168.616135244554 2.058051357681 0.999999999846
  1.04336812   1.68888476 106.72471056  1171.472618669271 1171.559253791638 -0.086635122366 0.999999999846
  0.92443214   1.68888476 114.48715916  1173.818230852485 1172.340237734535 1.477993117950 0.999999999846
  0.93666589   1.68888476  90.76011059  1173.872345775366 1172.919289401607 0.953056373758 0.999999999846
  0.96446195   1.81532663 103.00000000  1178.778653353453 1175.720347497675 3.058305855777 0.999999999845
  0.96446195   1.71922132 115.51099791  1178.818686783314 1175.055139191566 3.763547591748 0.999999999845
  0.96553896   1.74321603 113.90767196  1178.974055916071 1177.727683113409 1.246372802662 0.999999999845
  0.94423529   1.68888476  90.23392549  1179.352654591203 1181.059731989738 -1.707077398536 0.999999999845
  0.97431521   1.78509052  90.61609274  1181.007962092757 1183.309917161151 -2.301955068394 0.999999999844
  1.02719462   1.62623725 103.00000000  1181.891260772943 1182.266239134429 -0.374978361486 0.999999999844
  0.90919622   1.68888476  94.45980687  1183.455263972282 1183.221258109512 0.234005862771 0.999999999844
  0.96306363   1.63522434 116.36872405  1184.236197739840 1184.695546351163 -0.459348611324 0.999999999844
  1.00156952   1.68641058 115.10042366  1184.607275217772 1188.145685982850 -3.538410765079 0.999999999844
  0.95484987   1.67412137  90.50075266  1184.890978187323 1188.078227872013 -3.187249684691 0.999999999844
  0.97801891   1.59218320 103.00000000  1185.195259809494 1188.379950617549 -3.184690808054 0.999999999844
  0.91454990   1.61428226 103.00000000  1187.865392282605 1188.647809544686 -0.782417262081 0.999999999843
  1.01702538   1.62221680 109.99910985  1189.372125849128 1189.330565122912 0.041560726215 0.999999999843
  0.99993394   1.78797962  92.61229263  1201.972107857466 1200.302313071115 1.669794786351 0.999999999840
  1.04168721   1.72114552 106.23751084  1208.288639798760 1210.591498741810 -2.302858943049 0.999999999839
  0.97251102   1.75173830 113.33624291  1209.832281202078 1210.472485468421 -0.640204266343 0.999999999839
  1.04916275   1.68888476 102.95286985  1210.123460382223 1210.009281828442 0.114178553781 0.999999999839
  1.01708933   1.68888476  92.36711181  1211.149943530560 1209.225239885199 1.924703645361 0.999999999839
  0.89295031   1.68696576 103.22894679  1213.711273118854 1211.089275509835 2.621997609018 0.999999999838
  0.92749029   1.80059714 101.43409290  1214.884825170040 1213.906860912832 0.977964257208 0.999999999838
  1.04946195   1.68888476 103.00000000  1216.188538923860 1217.970735336796 -1.782196412937 0.999999999838
  0.96446195   1.58919598 103.00000000  1217.791849076748 1218.801981879705 -1.010132802957 0.999999999837
  0.95198128   1.78594896 109.34719026  1221.887898907065 1223.684030768580 -1.796131861514 0.999999999837
  0.91826030   1.67280547 114.24544666  1223.757369622588 1222.667234150889 1.090135471699 0.999999999836
  0.99496317   1.80913944 103.00000000  1227.315257787704 1228.436730109125 -1.121472321421 0.999999999836
  0.96446195   1.58888476 103.00000000  1229.484012484550 1227.010280030503 2.473732454047 0.999999999835
  0.89712833   1.73160081 103.00000000  1230.177609026432 1229.881915385999 0.295693640433 0.999999999835
  1.00071135   1.62420773 113.73404549  1231.413488134742 1230.760773237765 0.652714896976 0.999999999835
  0.93886778   1.72457423  89.47286615  1233.686490610242 1234.494857451886 -0.808366841645 0.999999999834
  0.95628374   1.81592480 103.64836344  1238.143762409687 1237.596617966698 0.547144442989 0.999999999833
  0.96446195   1.82395223  96.97686962  1238.215373739600 1237.761631832161 0.453741907439 0.999999999833
  1.01922712   1.64920794 112.91518687  1240.642824813724 1238.638258669093 2.004566144631 0.999999999833
  1.05025126   1.68888476 103.00000000  1241.013919010758 1238.401218560706 2.612700450053 0.999999999833
  0.90566862   1.74377594  95.50481041  1243.402712687850 1245.203569524278 -1.800856836428 0.999999999832
  0.95854294   1.68888476  89.40461638  1244.795584425330 1245.616676527465 -0.821092102135 0.999999999832
  0.89195980   1.68888476 103.00000000  1246.869641944766 1247.868292091706 -0.998650146940 0.999999999832
  0.98079203   1.82235377 100.54571102  1254.132398262620 1250.973343184716 3.159055077904 0.999999999830
  1.04977444   1.68888476 104.76584733  1255.387438431382 1255.540321565943 -0.152883134561 0.999999999830
  0.94909996   1.81681772 103.00000000  1260.636149257421 1261.995621532905 -1.359472275483 0.999999999829
  0.94083078   1.68888476 116.63453350  1262.221706897020 1264.651674805512 -2.429967908492 0.999999999828
  0.96446195   1.68888476  89.24623116  1264.062457799911 1264.383014952629 -0.320557152718 0.999999999828
  1.02887979   1.65714723 111.68258896  1265.306348860264 1266.381714794223 -1.075365933959 0.999999999828
  0.96446195   1.58448047 107.22510931  1266.020329818130 1264.906292247418 1.114037570712 0.999999999828
  1.00005861   1.59769114 103.00000000  1266.939720883965 1268.832829317127 -1.893108433162 0.999999999828
  0.96446195   1.58600449 109.13181784  1267.686910033226 1271.474567698840 -3.787657665614 0.999999999827
  0.90196314   1.63084117 102.81472727  1270.578598603606 1273.869856537119 -3.291257933513 0.999999999827
  0.96446195   1.80131760 107.81677413  1282.599742829800 1278.672924182743 3.926818647056 0.999999999824
  0.96086210   1.73577325 115.13084019  1282.674877405167 1280.571861138714 2.103016266452 0.999999999824
  0.96446195   1.82160804 103.00000000  1284.618147730827 1282.763648040644 1.854499690183 0.999999999824
  0.99486500   1.68888476 116.23256262  1284.810659587383 1282.768502959718 2.042156627665 0.999999999824
  0.89805265   1.72037311 107.12158116  1284.925862267613 1284.188935988801 0.736926278813 0.999999999824
  0.96446195   1.81254528  92.58254790  1286.318351507187 1287.015104595435 -0.696753088248 0.999999999823
  1.05213398   1.69766461 103.00000000  1286.535958305001 1286.479356054437 0.056602250564 0.999999999823
  0.93689309   1.81112819 103.00000000  1289.232270628214 1290.140137470660 -0.907866842447 0.999999999823
  0.96412263   1.58660182 103.00000000  1290.580561265349 1287.952787766611 2.627773498739 0.999999999823
  0.97213815   1.75355079  88.38798026  1292.989939749241 1292.770242951104 0.219696798137 0.999999999822
  0.96396346   1.78235415  89.47995927  1293.160655304790 1293.480037342292 -0.319382037502 0.999999999822
  1.01143953   1.68888476  91.16999074  1294.120153203607 1295.331050815234 -1.210897611627 0.999999999822
  0.97501317   1.58504900 104.88564430  1294.530891075730 1295.522201164376 -0.991310088645 0.999999999822
  0.92568308   1.67618685 115.77783895  1295.978870004416 1297.332220819857 -1.353350815442 0.999999999821
  1.02280385   1.63517618 111.79418665  1298.797758713365 1296.818470353818 1.979288359547 0.999999999821
  0.96446195   1.78923205  89.86502010  1299.802449315786 1302.156509579722 -2.354060263936 0.999999999821
  1.03552358   1.69740636  94.25816800  1300.023862019181 1300.024099740192 -0.000237721011 0.999999999821
  0.98088807   1.58840701 103.00000000  1303.436006650329 1305.374266641997 -1.938259991668 0.999999999820
  0.91366944   1.68888476 113.82589684  1311.361420109868 1310.223467974742 1.137952135126 0.999999999818
  1.01708103   1.79460633 103.00000000  1314.804377034307 1314.801859428089 0.002517606217 0.999999999817
  1.05187378   1.67903424 104.43474953  1317.247589603066 1315.257982130064 1.989607473002 0.999999999817
  1.03967640   1.67371026 110.08328607  1317.292822405696 1318.345618928450 -1.052796522754 0.999999999817
  0.89110223   1.70801486 103.00000000  1317.677118182182 1317.726728376030 -0.049610193848 0.999999999817
  0.99753629   1.73167685  89.02405675  1318.169449701905 1317.617868612419 0.551581089486 0.999999999817
  0.93897335   1.81767287  96.36367701  1320.288638591766 1320.329774733741 -0.041136141974 0.999999999816
  0.93892506   1.59879193 112.61862390  1322.829371884465 1322.899524279704 -0.070152395238 0.999999999816
  1.04683385   1.68947370 107.87771045  1323.788528531790 1325.630203916360 -1.841675384570 0.999999999815
  0.89467426   1.65829518 107.73225000  1325.585512325168 1324.528572875776 1.056939449392 0.999999999815
  1.00700169   1.76763923  90.61341241  1330.847554787993 1329.701669090785 1.145885697208 0.999999999814
  1.00049905   1.68888476 116.12733162  1333.818111613393 1336.064233205269 -2.246121591877 0.999999999813
  1.03597351   1.70471853  93.84705280  1333.994215652347 1333.951752559145 0.042463093202 0.999999999813
  1.02490015   1.68888476  92.49648331  1337.727375045419 1334.746013251210 2.981361794208 0.999999999812
  0.96446195   1.82522280 102.91448726  1341.194149881601 1341.793028185391 -0.598878303790 0.999999999811
  0.93925365   1.68888476  89.64178613  1343.233943477273 1343.636543409174 -0.402599931901 0.999999999811
  0.88946195   1.68888476 103.00000000  1345.505535572767 1344.320285676457 1.185249896311 0.999999999810
  0.99497724   1.68888476 116.63948624  1348.172114238143 1348.737928163017 -0.565813924874 0.999999999810
  1.03947726   1.72850406 108.28269166  1349.399387359619 1350.110028610817 -0.710641251198 0.999999999810
  0.95831321   1.80272992  90.76918397  1350.707716986537 1349.538840598654 1.168876387883 0.999999999809
  0.90735935   1.64527547 112.50814649  1350.902423396707 1348.244758318528 2.657665078179 0.999999999809
  1.05446195   1.68888476 103.00000000  1351.304286211729 1349.623007806418 1.681278405311 0.999999999809
  1.02455718   1.65129131 113.12448600  1353.807251498103 1355.586091369827 -1.778839871723 0.999999999809
  0.90492438   1.61669900 104.82630181  1355.167042821646 1357.200105513683 -2.033062692037 0.999999999808
  0.96839367   1.58915424 111.98064019  1361.625763148069 1364.901620854886 -3.275857706817 0.999999999807
  0.94898384   1.70668123 117.02686725  1364.677814036608 1367.372884786634 -2.695070750026 0.999999999806
  0.99450899   1.68888476  89.48484247  1370.612809583545 1366.389996947653 4.222812635892 0.999999999805
  0.93085645   1.80266383  93.55516698  1372.307512521744 1370.510704054185 1.796808467559 0.999999999804
  0.92421046   1.72294737 114.27932887  1374.141514331102 1376.651901694843 -2.510387363740 0.999999999804
  0.94987721   1.70276934  88.48672562  1378.390739217401 1375.957272450389 2.433466767011 0.999999999803
  0.96446195   1.80261758 108.61553156  1383.166298866272 1379.088588670654 4.077710195618 0.999999999802
  0.96446195   1.78279902  88.85462036  1383.454216003418 1382.202217960749 1.251998042669 0.999999999802
  1.05574557   1.68888476 102.92722639  1383.639470562339 1383.877760941947 -0.238290379608 0.999999999802
  1.03166123   1.68888476 112.48319391  1385.063172891736 1389.033408959606 -3.970236067870 0.999999999801
  0.96446195   1.82788945 103.00000000  1389.365286722779 1393.101552429342 -3.736265706562 0.999999999800
  0.96446195   1.58291457 103.00000000  1390.809179112315 1390.803321565341 0.005857546974 0.999999999800
  0.96446195   1.71176006  87.88867834  1396.964151442051 1392.151636831498 4.812514610553 0.999999999798
  1.02958526   1.73490583 110.52144478  1397.687627196312 1397.647443900884 0.040183295428 0.999999999798
  0.98650032   1.68888476  88.93873036  1397.899400487542 1399.828150472845 -1.928749985303 0.999999999798
  0.89545283   1.67271201  97.39401087  1398.568815633655 1400.688577957605 -2.119762323950 0.999999999798
  0.95777236   1.65510760  90.57637631  1398.716579034925 1402.727837008982 -4.011257974057 0.999999999798
  0.98625758   1.75296124 114.04637101  1399.054582014680 1405.157176969440 -6.102594954760 0.999999999798
  0.96446195   1.68888476  88.54271357  1401.924022585154 1404.255038661405 -2.331016076252 0.999999999797
  0.93771826   1.58390144 106.03254978  1407.773260429502 1403.451492273441 4.321768156061 0.999999999796
  0.96446195   1.58434724 111.17372504  1410.090622544289 1411.486001667748 -1.395379123460 0.999999999795
  1.04057742   1.68782140 110.85584227  1414.707023963332 1414.597343045383 0.109680917949 0.999999999794
  1.04227140   1.68888476 110.46425553  1417.654418647289 1419.267751776554 -1.613333129265 0.999999999793
  1.03774359   1.70208103 111.15091682  1419.363148868084 1421.176312750138 -1.813163882054 0.999999999793
  0.90647210   1.67214963  94.02474987  1419.681785196066 1420.917657880743 -1.235872684677 0.999999999793
  0.98665265   1.67782478 117.79669767  1421.311354503036 1422.580260746739 -1.268906243704 0.999999999792
  0.93125953   1.68888476  89.80094030  1421.613488391042 1423.827541046651 -2.214052655610 0.999999999792
  0.89757750   1.63463735 101.33481862  1424.344208359718 1423.532366665219 0.811841694500 0.999999999792
  0.98043882   1.68888476 117.89883301  1424.706752613187 1426.997031970348 -2.290279357161 0.999999999792
  0.96446195   1.60195059 115.23890163  1427.612825751305 1427.142433494494 0.470392256811 0.999999999791
  0.96446195   1.68154343  88.74472405  1428.413645789027 1430.328261447561 -1.914615658534 0.999999999791
  1.05324011   1.66007393 103.00000000  1428.742963135242 1430.090386167707 -1.347423032464 0.999999999791
  1.03707843   1.65844208  95.94961769  1429.738920211792 1430.757722951754 -1.018802739962 0.999999999790
  1.03417786   1.77907257 103.00000000  1439.803771764040 1437.823204468186 1.980567295854 0.999999999788
  0.91125094   1.68888476 114.34173310  1439.829102903605 1438.747594528887 1.081508374718 0.999999999788
  1.05778894   1.68888476 103.00000000  1439.847646281123 1440.104272381840 -0.256626100717 0.999999999788
  1.05692302   1.69790408 100.09382263  1440.907454714179 1440.905964725729 0.001489988450 0.999999999787
  1.04948938   1.66039188  99.32839011  1441.307413265109 1443.097048375747 -1.789635110638 0.999999999787
  0.97979674   1.82674875  93.55479505  1448.056484147906 1446.547110817647 1.509373330259 0.999999999786
  0.96446195   1.79214483  88.95135022  1448.134381279349 1446.921303019571 1.213078259778 0.999999999786
  0.99270818   1.70142398  88.49597713  1449.260818988085 1449.348572953344 -0.087753965259 0.999999999785
  0.89341065   1.67313149 109.65942892  1451.498627603054 1456.847018660550 -5.348391057496 0.999999999785
  0.96446195   1.57793828 108.37071361  1456.901105508208 1456.149004392117 0.752101116091 0.999999999783
  0.94417770   1.68888476  88.76703394  1458.893762618303 1462.838175715448 -3.944413097144 0.999999999783
  0.96446195   1.59692753  97.64042743  1460.268652006984 1465.485603984635 -5.216951977651 0.999999999782
  1.03001011   1.67618686 113.59889029  1470.405763521791 1471.255602702754 -0.849839180963 0.999999999780
  0.92807476   1.72063833 115.50949820  1470.677605584264 1472.343181797595 -1.665576213331 0.999999999780
  0.90480291   1.66552207 113.53296717  1471.404833078384 1470.841963416989 0.562869661396 0.999999999780
  1.05428059   1.68888476 107.11038772  1471.413555875421 1472.826750288209 -1.413194412788 0.999999999780
  1.04883783   1.68292232  96.44638631  1472.728321820498 1471.224922926109 1.503398894388 0.999999999779
  0.98905141   1.73508926  87.65790715  1474.361638426781 1475.214692009918 -0.853053583137 0.999999999779
  0.95020715   1.58091622 110.36027153  1475.000099614263 1474.826183180280 0.173916433982 0.999999999779
  0.94894612   1.83532280  99.29630943  1477.137286350131 1480.751456470496 -3.614170120365 0.999999999778
  0.94404732   1.83269951  99.82157648  1477.602559894323 1483.819521943987 -6.216962049664 0.999999999778
  0.90990751   1.60510396 103.00000000  1480.030700981617 1481.841598304837 -1.810897323220 0.999999999777
  1.03645879   1.66085358  95.11501754  1484.332217693329 1482.370106866224 1.962110827105 0.999999999776
  0.93045909   1.58763886 103.00000000  1486.176220163703 1483.116430978518 3.059789185185 0.999999999776
  1.00367941   1.63995078 116.46650615  1486.178816497326 1486.988273205269 -0.809456707943 0.999999999776
  0.90227144   1.77551544  98.81836421  1487.339999899268 1487.246579142517 0.093420756751 0.999999999775
  1.05946195   1.68888476 103.00000000  1487.998916164041 1486.450615729625 1.548300434416 0.999999999775
  1.04333587   1.62965425 105.76156443  1489.052760824561 1491.274981894812 -2.222221070251 0.999999999775
  0.96446195   1.80012682 110.12078604  1502.113683298230 1502.762186025453 -0.648502727223 0.999999999771
  0.96446195   1.82329105  91.68290257  1503.705019086599 1503.321307157297 0.383711929302 0.999999999771
  0.96446195   1.83417085 103.00000000  1505.793503418565 1506.584654011530 -0.791150592965 0.999999999770
  1.04394915   1.68888476 110.94268889  1507.086683049798 1507.091153949151 -0.004470899353 0.999999999770
  1.05437433   1.68345283  97.92948642  1507.220788791776 1504.415021290826 2.805767500949 0.999999999770
  0.98203245   1.62205048 117.26047984  1507.486083909869 1508.611555973105 -1.125472063236 0.999999999770
  0.93051407   1.74410684 114.37005215  1507.626149833202 1511.293931407597 -3.667781574395 0.999999999770
  0.96446195   1.82937228 104.58624569  1510.759666174650 1510.981209077648 -0.221542902997 0.999999999769
  0.88544233   1.68565017 103.00000000  1513.400691270828 1508.842195785535 4.558495485293 0.999999999768
  0.96446195   1.57888476 103.00000000  1513.567625015974 1508.285404685465 5.282220330509 0.999999999768
  0.90327245   1.68888476  93.21789481  1513.978088095784 1515.975117954843 -1.997029859059 0.999999999768
  1.01998570   1.80494165 103.00000000  1515.310348659754 1520.449279925283 -5.138931265530 0.999999999768
  1.04198618   1.62614999 103.00000000  1515.996304467320 1519.235269271691 -3.238964804370 0.999999999767
  1.05770549   1.66494307 103.00000000  1518.652936488390 1519.840443206505 -1.187506718115 0.999999999767
  0.99981211   1.60922037  96.65587574  1519.808678492904 1519.923953036557 -0.115274543653 0.999999999766
  0.88862813   1.70216498  98.20276898  1521.441435173154 1521.715511263625 -0.274076090471 0.999999999766
  0.98942011   1.65815057  90.19653831  1523.261950850487 1525.090187533570 -1.828236683083 0.999999999765
  0.96446195   1.76946639  87.37545320  1526.726691663265 1526.366029852801 0.360661810464 0.999999999764
  0.96446195   1.68888476 118.79396985  1531.074724003673 1528.167847624894 2.906876378778 0.999999999763
  0.96446195   1.80742151 109.26794293  1531.353751808405 1531.146594314926 0.207157493479 0.999999999763
  0.99441746   1.82753201 103.00000000  1533.212009310722 1531.961925676963 1.250083633759 0.999999999763
  0.92631684   1.81566267 103.00000000  1535.739244475961 1532.804790813755 2.934453662206 0.999999999762
  1.03442097   1.64844175 112.65547237  1535.990222483873 1531.480295428661 4.509927055212 0.999999999762
  1.03132364   1.61035357 103.46465556  1536.009355723858 1537.353316940129 -1.343961216271 0.999999999762
  0.96446195   1.73524695 116.75474981  1538.733470365405 1538.570887837256 0.162582528149 0.999999999761
  1.03403957   1.63489888 111.80009477  1540.708236664534 1539.457306677981 1.250929986553 0.999999999760
  1.00193040   1.71102550  88.28537634  1543.655674606562 1541.508659102142 2.147015504420 0.999999999760
  1.01350961   1.78461679 109.05513479  1544.833927378058 1548.113820296660 -3.279892918601 0.999999999759
  1.04598095   1.73762262 107.89228611  1546.172672241926 1550.264439491265 -4.091767249339 0.999999999759
  1.04419766   1.69694704  93.86190124  1548.854267939925 1546.568395425377 2.285872514549 0.999999999758
  0.89076684   1.69604355 109.06180768  1549.434340253472 1550.204367900103 -0.770027646631 0.999999999758
  0.88446195   1.68888476 103.00000000  1550.562279209495 1550.124346213516 0.437932995978 0.999999999758
  1.03783990   1.78458509  97.55408774  1550.583755120635 1551.473210514319 -0.889455393684 0.999999999758
  0.96446195   1.82814406  91.90658753  1551.229626297951 1552.617190973914 -1.387564675963 0.999999999757
  0.88442211   1.68888476 103.00000000  1551.459520757198 1551.833550434438 -0.374029677240 0.999999999757
  0.96446195   1.57650367 103.58779219  1551.804360851645 1551.035337310583 0.769023541062 0.999999999757
  0.96446195   1.68888476  87.83919598  1553.444710224867 1551.933178807510 1.511531417357 0.999999999757
  0.99531147   1.58371742 103.30233230  1555.271298155189 1557.797004665227 -2.525706510038 0.999999999756
  0.98673454   1.80330545  89.44925079  1559.369001910090 1559.839681342873 -0.470679432782 0.999999999755
  0.96446195   1.68981975 118.95491559  1560.847869664431 1561.981600564599 -1.133730900168 0.999999999755
  0.89668447   1.67426724  95.25608049  1561.369752064347 1562.678900447163 -1.309148382815 0.999999999754
  1.00109608   1.82515415 103.00000000  1563.152014002204 1565.410254709439 -2.258240707235 0.999999999754
  0.90363489   1.68888476  92.80149991  1564.852056577802 1563.457929014819 1.394127562982 0.999999999753
  0.96446195   1.57883541 111.50218669  1565.279102742672 1567.298241042042 -2.019138299370 0.999999999753
  0.93319431   1.68888476 117.92578256  1569.057538777590 1569.055429120252 0.002109657338 0.999999999752
  0.96446195   1.62972037  91.99004374  1569.991353437304 1570.568837010146 -0.577483572842 0.999999999752
  1.03954848   1.66294461  94.75211485  1571.227529242635 1573.534581733602 -2.307052490968 0.999999999751
  0.96446195   1.78339539 112.81368209  1571.261920109391 1576.996186971402 -5.734266862011 0.999999999751
  0.96446195   1.57663317 103.00000000  1581.574864625931 1576.407083400243 5.167781225688 0.999999999748
  1.06196069   1.68888476 100.48939747  1582.345313057303 1581.980578438517 0.364734618786 0.999999999748
  0.96446195   1.77536309  87.20709558  1584.309383660555 1587.021525280435 -2.712141619880 0.999999999748
  0.89664889   1.66543639  95.64742402  1586.076659157872 1588.057760979557 -1.981101821685 0.999999999747
  1.04893605   1.63337531 103.00000000  1586.640089601278 1589.498203620862 -2.858114019584 0.999999999747
  0.96446195   1.81686916 108.26920419  1587.488248795271 1592.971847219561 -5.483598424290 0.999999999747
  0.96446195   1.83888476 103.00000000  1597.871711909771 1593.727078815207 4.144633094564 0.999999999743
  1.00259815   1.58640914 103.00000000  1598.138430982828 1592.056953543146 6.081477439682 0.999999999743
  1.01370048   1.76277437 112.07659341  1599.204543128610 1598.184282097381 1.020261031229 0.999999999743
  0.90344639   1.67728514  93.09270926  1601.798919558525 1602.426953308377 -0.628033749852 0.999999999742
  0.96446195   1.83381532  92.31216464  1604.943007081747 1604.385054365433 0.557952716314 0.999999999741
  0.95819484   1.83993529  94.08840727  1607.273369431496 1607.419717569366 -0.146348137871 0.999999999741
  1.03500792   1.68888476 113.67371010  1610.717664286494 1610.952635402423 -0.234971115929 0.999999999739
  0.90267636   1.60744010 107.84627030  1611.402540236712 1608.216624458989 3.185915777723 0.999999999739
  0.96446195   1.79506507 111.67594669  1615.220290988684 1611.799555065543 3.420735923141 0.999999999738
  1.05906546   1.68888476 107.31272854  1616.492773085833 1615.315910650281 1.176862435551 0.999999999738
  0.97290634   1.84472597  95.57095627  1617.118127778172 1618.352026614805 -1.233898836633 0.999999999737
  0.88346431   1.68888476 104.93891285  1620.469496488571 1617.231579051241 3.237917437330 0.999999999736
  0.96446195   1.81375024 109.08229544  1621.930562168360 1622.779780898079 -0.849218729719 0.999999999736
  0.96446195   1.84045226 103.00000000  1625.770998656750 1623.068242855109 2.702755801641 0.999999999735
  0.98519046   1.82639116 105.96655248  1626.517954513431 1623.768612172860 2.749342340571 0.999999999734
  1.03608501   1.68828668 113.60810760  1627.380528166890 1625.354927841185 2.025600325705 0.999999999734
  0.96446195   1.61641032  93.29296519  1627.558209642768 1626.945331658400 0.612877984368 0.999999999734
  0.97227470   1.63388871 119.01110656  1627.591645941138 1628.257690064319 -0.666044123180 0.999999999734
  1.05743527   1.68888476 108.23451633  1627.841520026326 1629.160526337771 -1.319006311445 0.999999999734
  1.06446195   1.68888476 103.00000000  1627.920475423336 1628.252058775334 -0.331583351998 0.999999999734
  1.05828484   1.65241900 103.00000000  1628.336055397987 1628.356013260024 -0.019957862037 0.999999999734
  1.03058749   1.79980749 102.58882842  1629.118470385671 1631.347079933904 -2.228609548233 0.999999999734
  1.05163338   1.68888476  95.18476367  1633.957905054092 1628.092414558010 5.865490496082 0.999999999732
  0.96467324   1.84100847 103.00000000  1637.469827830791 1633.335449015124 4.134378815668 0.999999999731
  1.04201260   1.78075509 103.00000000  1637.853263974190 1637.170991648810 0.682272325380 0.999999999731
  1.00154365   1.68888476  88.48204079  1639.245529845357 1639.373586338292 -0.128056492935 0.999999999730
  1.02819398   1.60940469 110.61158103  1640.949946820736 1642.789042972400 -1.839096151664 0.999999999730
  0.95775728   1.84146063 102.82770559  1647.714961186051 1648.792303531263 -1.077342345212 0.999999999728
  0.93826246   1.83371626 102.62065501  1652.922441348433 1651.389531131245 1.532910217189 0.999999999726
  1.06532663   1.68888476 103.00000000  1653.299811065197 1653.264628170454 0.035182894743 0.999999999726
  0.95630030   1.63046764  91.56507131  1655.431362181902 1653.647479368013 1.783882813889 0.999999999725
  1.04461365   1.77743891 103.00000000  1659.483222901821 1657.495427278370 1.987795623451 0.999999999724
  0.97961951   1.84065488 103.00000000  1662.070076122880 1657.922143623245 4.147932499635 0.999999999723
  0.96446195   1.68888476 119.49748744  1662.377492442727 1658.667034576357 3.710457866370 0.999999999723
  0.93307661   1.77153855 113.12179191  1667.522836014628 1664.769485217652 2.753350796977 0.999999999721
  1.05788224   1.73438216 105.33071884  1667.727135643363 1666.864156366667 0.862979276696 0.999999999721
  0.96446195   1.82446708 107.66513664  1674.539053738117 1671.918463080212 2.620590657905 0.999999999719
  1.00320415   1.82984866 103.00000000  1675.037772953510 1674.267435966698 0.770336986813 0.999999999719
  0.88493135   1.72876848 102.44946172  1676.964388057590 1675.115869917188 1.848518140402 0.999999999718
  1.02556826   1.68888476 115.59033174  1677.817361146212 1677.464994851226 0.352366294986 0.999999999718
  0.97033735   1.68397336 119.64602672  1678.108122974634 1675.951475462613 2.156647512022 0.999999999717
  0.96427325   1.70489945  86.71054782  1678.358170747757 1676.460812467703 1.897358280054 0.999999999717
  0.94691390   1.68888476  87.62438954  1679.034108743072 1680.610168837448 -1.576060094376 0.999999999717
  1.06614104   1.68410083 103.00000000  1683.046316713095 1684.161436247587 -1.115119534492 0.999999999716
  0.96446195   1.69284944  87.07399001  1683.639818027616 1685.501642361774 -1.861824334158 0.999999999716
  0.96446195   1.84583643 102.35746992  1693.158563658595 1693.402978438320 -0.244414779725 0.999999999712
  0.89409203   1.72809412  94.01991969  1694.588241472840 1694.502963134812 0.085278338028 0.999999999712
  0.99245901   1.62278338 117.89150471  1696.771045356989 1696.207060739909 0.563984617080 0.999999999711
  0.95172712   1.75247089 116.23713540  1698.019806772470 1695.979501519846 2.040305252624 0.999999999711
  1.01317727   1.60197542 113.32101667  1698.236848279834 1700.186424783506 -1.949576503673 0.999999999711
  0.91602505   1.81284541 103.00000000  1700.648122757673 1703.358375684119 -2.710252926446 0.999999999710
  0.90708504   1.59848820 103.00000000  1704.817805841565 1702.177484883591 2.640320957974 0.999999999708
  1.04265142   1.68468263 113.09165651  1706.112774133682 1707.688528783731 -1.575754650049 0.999999999708
  0.96147847   1.72660859 118.20721970  1706.408199295402 1706.292991306635 0.115207988766 0.999999999708
  0.96446195   1.68888476  87.13567839  1707.936632409692 1707.482002412361 0.454629997331 0.999999999707
  0.92043884   1.80116755 107.51564374  1711.412105634809 1710.446986845903 0.965118788906 0.999999999706
  1.03624830   1.79584290 103.00000000  1713.420500278473 1711.250556509839 2.169943768634 0.999999999705
  1.00728721   1.63513624  92.40418597  1713.767812341452 1711.050444208191 2.717368133261 0.999999999705
  1.00983814   1.82371393 104.02282142  1716.473760634661 1714.829132518560 1.644628116101 0.999999999704
  1.04815070   1.72273064 110.40257600  1716.579541623592 1715.828715102769 0.750826520824 0.999999999704
  1.03128255   1.68652360 115.08369391  1718.563699200749 1715.857376633682 2.706322567068 0.999999999703
  0.96446195   1.81967267 108.97705413  1720.715545445681 1718.900074275123 1.815471170558 0.999999999703
  0.98250409   1.83618445  91.76755612  1720.777911514044 1721.679661813740 -0.901750299697 0.999999999703
  0.88293247   1.68888476  99.03567292  1724.194467291236 1723.233948057020 0.960519234216 0.999999999701
  0.96446195   1.68621320  87.17937193  1724.446354940534 1723.587582969246 0.858771971288 0.999999999701
  0.96446195   1.77721965 114.45121314  1724.954225882888 1724.467950053933 0.486275828955 0.999999999701
  0.96446195   1.74193353  85.94300399  1726.848076954484 1725.635349394858 1.212727559626 0.999999999700
  1.03620008   1.68888476  91.40826281  1730.338487371802 1728.100403238022 2.238084133781 0.999999999699
  0.88506124   1.68888476 108.71843042  1731.992932111025 1731.918963662004 0.073968449021 0.999999999699
  0.95033699   1.84365509 103.00000000  1736.364925876260 1738.872549237518 -2.507623361259 0.999999999697
  0.96446195   1.72543984  86.00095123  1739.990132644773 1737.578908179151 2.411224465621 0.999999999696
  0.91190468   1.78792377 108.01537259  1741.840391933918 1741.870386889920 -0.029994956002 0.999999999695
  0.96446195   1.61741520 118.96216829  1742.230399832129 1743.371151270753 -1.140751438624 0.999999999695
  0.92290767   1.59415453 113.82802706  1743.522290378809 1742.972189045575 0.550101333234 0.999999999694
  1.04916679   1.77017513  95.65711813  1744.190242007375 1747.097898377355 -2.907656369980 0.999999999694
  1.00753410   1.58097936 107.87351927  1748.622344926000 1746.978839837787 1.643505088213 0.999999999693
  1.03267727   1.77333237 109.07921605  1751.845834836364 1753.374167452922 -1.528332616558 0.999999999691
  1.02909553   1.79922858  93.04906530  1753.923820957541 1755.960490868388 -2.036669910846 0.999999999691
  1.01660048   1.82314303 103.00000000  1755.790839880705 1757.782254653623 -1.991414772918 0.999999999690
  0.96446195   1.77607592 114.76522495  1757.712459251285 1756.431555489763 1.280903761521 0.999999999689
  0.95132899   1.78438834  86.83994178  1758.623587012291 1760.198887147706 -1.575300135415 0.999999999689
  1.03451058   1.60380827 103.00000000  1760.709334954619 1758.914849461599 1.794485493020 0.999999999688
  0.98171363   1.57312628 103.00000000  1760.851390540600 1758.868896498834 1.982494041766 0.999999999688
  0.90670375   1.70599030 115.07951041  1761.287590265274 1762.089588369808 -0.801998104534 0.999999999688
  1.06910143   1.69304258 102.94160171  1762.405625447631 1760.960429544167 1.445195903464 0.999999999687
  0.88140468   1.66055778 103.00000000  1762.777087226510 1761.315749787868 1.461337438642 0.999999999687
  0.96446195   1.81285784  88.13460090  1765.218236938119 1763.627176777544 1.591060160575 0.999999999686
  0.87946195   1.68888476 103.00000000  1768.940875411034 1773.392778335076 -4.451902924042 0.999999999685
  0.94912589   1.56918108 109.74610520  1769.314187034965 1774.649526308423 -5.335339273459 0.999999999685
  0.92837346   1.69343868 118.56477504  1771.929911404848 1777.112155475066 -5.182244070218 0.999999999684
  0.96446195   1.57035176 103.00000000  1778.944805786014 1776.051470615662 2.893335170352 0.999999999681
  0.96446195   1.71532608 119.17002334  1779.176628977060 1777.625101651691 1.551527325370 0.999999999681
  0.90108560   1.72123152  91.30177549  1782.644595667720 1780.285823556675 2.358772111045 0.999999999680
  0.96325634   1.79520044  86.87346532  1784.459768041968 1783.594684990190 0.865083051778 0.999999999679
  0.90888651   1.71421445 115.22074410  1784.629035174847 1787.304976458656 -2.675941283810 0.999999999679
  0.99655252   1.84717364  96.66062140  1787.669812187552 1790.278487576439 -2.608675388886 0.999999999678
  0.98215980   1.57195544 110.72681258  1787.979671165347 1789.366649566692 -1.386978401345 0.999999999678
  1.05467296   1.63556287 100.69109915  1791.083895087242 1791.091025244619 -0.007130157377 0.999999999676
  0.96446195   1.67211211 120.49752607  1792.489613011479 1794.233776875473 -1.744163863994 0.999999999676
  0.96446195   1.68888476 120.20100503  1793.927357658744 1793.908227011560 0.019130647183 0.999999999675
  0.94284108   1.84324207 103.00000000  1793.956375464797 1796.110545707223 -2.154170242426 0.999999999675
  1.03798650   1.74469238  90.56210222  1794.890831395984 1794.203167190196 0.687664205788 0.999999999675
  1.01879335   1.80425782  91.00819497  1796.039381116629 1796.040267523683 -0.000886407054 0.999999999675
  1.04774694   1.63223604  98.61468268  1796.706461668015 1795.151008557832 1.555453110183 0.999999999674
  0.96446195   1.83906808 106.02827274  1797.527725070715 1800.908702123374 -3.380977052659 0.999999999674
  0.96446195   1.60485730 118.31758927  1797.677112907171 1800.192428197518 -2.515315290347 0.999999999674
  1.03442110   1.63063255  95.74770892  1797.855309411883 1798.672528124200 -0.817218712317 0.999999999674
  0.96585357   1.56968693 103.00000000  1800.719308659434 1799.686545744760 1.032762914675 0.999999999673
  0.93882998   1.57881846 113.21769508  1802.021498933434 1800.282622413779 1.738876519656 0.999999999672
  1.07006024   1.68888476 103.85439909  1805.234710246325 1802.374619919769 2.860090326556 0.999999999671
  1.00418267   1.83641904 103.00000000  1806.140453383327 1805.026662138494 1.113791244833 0.999999999671
  1.01382579   1.81306362  91.13764784  1806.218015059829 1804.377039640862 1.840975418967 0.999999999671
  1.06964812   1.68888476 104.58515432  1808.722512915730 1805.538887005502 3.183625910228 0.999999999670
  1.03326137   1.76200718 110.84354233  1809.145267322659 1810.750258068743 -1.604990746083 0.999999999669
  0.98919343   1.67932899  87.52176639  1810.327066823840 1811.548956957703 -1.221890133863 0.999999999669
  0.88301665   1.73513150 103.00000000  1811.268396064639 1814.306756695159 -3.038360630519 0.999999999669
  1.05889469   1.65696582  98.02612809  1812.607958674431 1812.756704466406 -0.148745791975 0.999999999668
  0.94490586   1.84532093 103.00000000  1813.141092181206 1815.485636301578 -2.344544120372 0.999999999668
  0.98584484   1.84707058 103.00000000  1814.551270991564 1816.571793448063 -2.020522456499 0.999999999667
  1.07096888   1.69376197 103.00000000  1816.771979153156 1817.020039591355 -0.248060438199 0.999999999666
  0.99038572   1.76399559 115.50253574  1817.473638430238 1816.796135136759 0.677503293479 0.999999999666
  1.00962093   1.58219180 103.00000000  1820.206214830279 1817.867730227062 2.338484603217 0.999999999665
  1.01521330   1.62083154  94.29863291  1821.299979597330 1818.368150900024 2.931828697306 0.999999999665
  1.00166462   1.82141275  90.27161311  1822.576480403543 1822.306225135849 0.270255267694 0.999999999664
  0.96446195   1.73699184 118.22761361  1823.317261531949 1822.493657354461 0.823604177488 0.999999999664
  0.98434977   1.79568914 112.66291635  1823.961444020271 1823.519381335801 0.442062684470 0.999999999663
  1.07102379   1.68888476 103.19508389  1824.286771833897 1822.980867280180 1.305904553717 0.999999999663
  0.96446195   1.56888476 103.00000000  1825.449613079429 1824.748059721410 0.701553358019 0.999999999663
  0.96446195   1.73295471 118.49456410  1828.344120204449 1826.433147623175 1.910972581273 0.999999999662
  1.03322605   1.66239321 115.65736142  1828.599676966667 1829.915116860828 -1.315439894161 0.999999999662
  1.00880339   1.80018108 110.05588530  1829.845450729132 1830.767237644458 -0.921786915326 0.999999999661
  0.99914352   1.84122148 103.00000000  1829.861396282911 1830.999075693127 -1.137679410216 0.999999999661
  0.96446195   1.85864190  98.35989025  1832.188214391470 1831.835016827485 0.353197563985 0.999999999660
  0.96446195   1.58489352  97.51730382  1835.347128346562 1831.841434284789 3.505694061773 0.999999999659
  0.98938830   1.61108922  93.53439604  1835.362876027822 1832.165741002030 3.197135025792 0.999999999659
  0.99812362   1.66089609  88.92764693  1835.840437054634 1832.327418814629 3.513018240005 0.999999999659
  1.06759687   1.68888476 106.89301545  1836.189985483885 1836.326871207950 -0.136885724065 0.999999999658
  0.92230448   1.82847971 103.00000000  1836.354875862598 1837.708861128139 -1.353985265541 0.999999999658
  1.07119347   1.68888476 103.84416908  1840.729927435517 1836.207153520852 4.522773914665 0.999999999657
  1.05874232   1.74529434 106.32160303  1841.498498499393 1839.618757344397 1.879741154997 0.999999999656
  0.97684044   1.81767522 110.15346266  1841.836042419076 1838.891478783670 2.944563635406 0.999999999656
  0.89956691   1.79377331  97.28772649  1844.035705968738 1843.068394242439 0.967311726299 0.999999999655
  0.88201163   1.64583640 103.00000000  1844.799854040146 1845.331879548311 -0.532025508165 0.999999999655
  0.91210121   1.66325285 117.58188670  1846.135858997703 1848.160087570091 -2.024228572389 0.999999999654
  0.96446195   1.70700214  85.89562586  1849.129664763808 1848.137878758972 0.991786004837 0.999999999653
  1.04228098   1.68888476 114.19090690  1851.050306662917 1850.594046024734 0.456260638183 0.999999999652
  0.88956023   1.76569518 103.00000000  1852.939924314618 1851.684193187159 1.255731127459 0.999999999652
  0.91224048   1.79204731  91.24510739  1853.752290725708 1852.566030830159 1.186259895549 0.999999999651
  0.96446195   1.68888476 120.50000000  1856.295677155256 1852.803351801630 3.492325353626 0.999999999650
  0.98988051   1.85183416  94.75150312  1856.514448791742 1856.362282378232 0.152166413510 0.999999999650
  0.96446195   1.82963412 108.52690492  1859.985298097134 1856.918367351521 3.066930745613 0.999999999649
  0.88434172   1.67399781  97.05993121  1860.255813241005 1859.931093352035 0.324719888970 0.999999999648
  0.99359349   1.85215569  99.95319666  1860.712707623839 1862.259882589800 -1.547174965960 0.999999999648
  1.04315346   1.79547360 103.00000000  1862.510617688298 1864.666334751709 -2.155717063410 0.999999999648
  0.96446195   1.85301508 103.00000000  1864.949266389012 1864.476002610329 0.473263778683 0.999999999646
  0.90671681   1.68888476  90.39136208  1866.588036864996 1863.030254133390 3.557782731606 0.999999999646
  0.99551762   1.68888476  87.10408383  1866.641541600227 1862.985432123510 3.656109476717 0.999999999646
  0.96446195   1.77397734 115.62879986  1867.179129078984 1865.443701295410 1.735427783574 0.999999999646
  1.02884308   1.82221736  99.63289928  1868.142156228423 1868.708125054837 -0.565968826414 0.999999999645
  0.93994990   1.76751394 115.42814738  1869.597042515874 1871.624860369280 -2.027817853406 0.999999999644
  0.88774620   1.76041994  98.22858478  1870.758106321096 1870.968997812917 -0.210891491820 0.999999999644
  1.02352220   1.67107748 117.30544285  1871.743768051267 1872.553777790660 -0.810009739393 0.999999999644
  0.96446195   1.68888476  86.43216080  1871.752450093627 1870.965332940460 0.787117153167 0.999999999644
  0.96446195   1.56409186 105.92626605  1872.923132494092 1871.693085366962 1.230047127130 0.999999999643
  0.98439640   1.62989820  90.80745330  1874.608122497797 1872.471242897902 2.136879599895 0.999999999642
  0.97024553   1.60395775 118.64411616  1875.107589811087 1878.149286859296 -3.041697048209 0.999999999642
  1.07286432   1.68888476 103.00000000  1875.661253720522 1877.210063532368 -1.548809811846 0.999999999642
  1.07030822   1.72549119 103.00000000  1876.769115358591 1882.388850201440 -5.619734842849 0.999999999641
  0.98330168   1.60327881  94.14701758  1880.150343835354 1881.866332827697 -1.715988992343 0.999999999640
  0.89361370   1.68888476  92.94090422  1882.086685135961 1885.037851277003 -2.951166141043 0.999999999639
  1.00031668   1.57526281 103.00000000  1883.053776487708 1887.302607282041 -4.248830794333 0.999999999639
  0.95009571   1.81626022  87.91804375  1892.443000108004 1894.218942676956 -1.775942568952 0.999999999635
  1.07231703   1.67530163 103.00000000  1893.939380183816 1893.405421217313 0.533958966503 0.999999999634
  0.99711198   1.84301472  92.45328016  1896.011252507567 1896.179830096286 -0.168577588719 0.999999999633
  0.87688442   1.68888476 103.00000000  1896.191564112902 1895.504381558005 0.687182554896 0.999999999633
  1.06589150   1.68888476 108.62612485  1896.925517305732 1896.928505140659 -0.002987834927 0.999999999633
  1.01216699   1.81836475  90.56845936  1899.107028067112 1898.081319024633 1.025709042479 0.999999999632
  0.93479944   1.57141445 103.00000000  1899.948488384485 1903.253253955180 -3.304765570695 0.999999999631
  1.01971691   1.82033620  92.18269276  1901.407957166433 1906.683411579757 -5.275454413323 0.999999999631
  0.99823640   1.66103102  88.58726035  1907.846349999309 1905.207887094270 2.638462905038 0.999999999628
  0.95306469   1.79529921  86.34278107  1908.735406607389 1914.108818387577 -5.373411780188 0.999999999627
  1.03366820   1.59480483 104.12572429  1913.587035655975 1913.250970819104 0.336064836871 0.999999999625
  0.98754520   1.84822514  92.10035139  1914.922629430890 1915.474494081182 -0.551864650291 0.999999999625
  0.96446195   1.72509186  85.21035264  1915.041232541203 1916.445258867019 -1.404026325816 0.999999999625
  0.88601535   1.75900668 103.00000000  1918.618669390678 1918.766622488364 -0.147953097686 0.999999999623
  1.00130934   1.57378198 103.53839963  1919.797337174416 1920.713751175958 -0.916414001543 0.999999999622
  1.06897018   1.73809517 103.00000000  1923.101107135415 1922.111975014920 0.989132120495 0.999999999621
  1.07446195   1.68888476 103.00000000  1923.777106761932 1925.999605975936 -2.222499214004 0.999999999621
  0.96446195   1.85167885  91.68602478  1925.535824134946 1927.560017875905 -2.024193740959 0.999999999620
  0.87668594   1.68888476 104.93861684  1927.549209147692 1928.496916230072 -0.947707082380 0.999999999619
  0.93683790   1.56983116 103.00000000  1930.967639729381 1930.975603941672 -0.007964212291 0.999999999617
  0.96446195   1.68888476 120.90452261  1933.814321324229 1933.816470838928 -0.002149514699 0.999999999616
  0.87780413   1.71797244 103.00000000  1935.967391520739 1937.129036410769 -1.161644890030 0.999999999615
  1.05400770   1.62962115 109.84119612  1936.718963578343 1937.025089289579 -0.306125711235 0.999999999615
  1.02558234   1.58928503 102.49927085  1937.651029929519 1940.240573935160 -2.589544005642 0.999999999614
  1.06869397   1.74514461 100.08425369  1942.157923549414 1941.016312495597 1.141611053817 0.999999999612
  1.04724182   1.72810741 112.23596691  1946.570287704468 1945.429263146621 1.141024557847 0.999999999610
  0.97200685   1.85559290  92.36863354  1950.546672269702 1946.961202153066 3.585470116636 0.999999999608
  0.94095704   1.85001023 103.00000000  1950.877099946141 1947.817959109028 3.059140837114 0.999999999608
  0.96446195   1.86417389  95.94948581  1952.738603204489 1951.014711711475 1.723891493013 0.999999999607
  1.05899210   1.68376220 111.50085232  1952.759606748819 1952.590954336046 0.168652412774 0.999999999607
  1.07083683   1.68888476  97.90161885  1955.437493279576 1951.631683475718 3.805809803858 0.999999999606
  0.90000292   1.80010502 103.00000000  1956.514062643051 1954.156272283474 2.357790359578 0.999999999605
  0.96446195   1.84510091 106.46530762  1956.653494194150 1956.333245070160 0.320249123990 0.999999999605
  0.96446195   1.81555383 111.55056974  1958.693572431803 1957.060617259318 1.632955172485 0.999999999604
  0.96446195   1.83579881  88.82188598  1961.575403720140 1959.188955016863 2.386448703277 0.999999999603
  0.97107175   1.69293179 120.85770360  1961.994581192732 1958.181878853284 3.812702339448 0.999999999603
  0.96446195   1.62043024 120.40257055  1962.375419721007 1959.982841279296 2.392578441712 0.999999999603
  0.98895947   1.56962182 102.53228336  1963.175408437848 1964.250477608187 -1.075069170339 0.999999999602
  1.06899918   1.74544837 102.42586669  1965.419941842556 1966.570170020779 -1.150228178223 0.999999999601
  1.06198659   1.68888476  94.60758210  1965.693621844053 1966.405466875822 -0.711845031769 0.999999999601
  0.96446195   1.70810911  85.35777655  1966.299904778600 1968.368562028370 -2.068657249770 0.999999999601
  1.05617353   1.62109526 103.00000000  1967.744564890862 1969.666269340860 -1.921704449998 0.999999999600
  0.90231259   1.68888476 116.28198619  1973.079455271363 1973.075312874195 0.004142397168 0.999999999597
  0.96446195   1.74796859  84.78920756  1973.628984376788 1973.855637892251 -0.226653515463 0.999999999597
  0.93338078   1.68888476  87.01441628  1974.919817864895 1977.969821022241 -3.050003157346 0.999999999597
  0.99407609   1.85104638 103.32809849  1976.034548535943 1981.239538474152 -5.204989938209 0.999999999596
  1.06615723   1.71169718  95.09122171  1978.380276232958 1978.361727600443 0.018548632514 0.999999999595
  0.96446195   1.60331560 119.33608275  1981.235426008701 1983.680163905948 -2.444737897247 0.999999999594
  0.96446195   1.59048318  95.32741957  1981.771701663733 1984.227943347394 -2.456241683662 0.999999999593
  1.07067775   1.65850585 100.83891150  1982.371792241931 1983.877393239287 -1.505600997356 0.999999999593
  0.96078498   1.84632485 106.47409523  1986.161634802818 1987.650178364194 -1.488543561376 0.999999999591
  0.87764237   1.68888476 107.49701803  1986.400948300958 1986.687011457364 -0.286063156406 0.999999999591
  0.96446195   1.85929648 103.00000000  1986.749147802591 1989.129375793678 -2.380227991086 0.999999999591
  1.06166195   1.76863915 102.73747013  1988.651039734483 1989.294466334732 -0.643426600250 0.999999999590
  1.03077745   1.60502861 113.22894313  1988.902767464519 1988.137732217033 0.765035247485 0.999999999590
  0.96446195   1.71945240  84.99531466  1991.065776437521 1990.316963784965 0.748812652556 0.999999999589
  0.96446195   1.56407035 103.00000000  1993.343519851565 1990.185538372170 3.157981479395 0.999999999588
  1.06455461   1.75563860 104.36385579  1994.561999917030 1994.566854397542 -0.004854480512 0.999999999587
  0.91956849   1.83397104 103.00000000  1995.986658304930 1997.666717868877 -1.680059563947 0.999999999586
  0.96446195   1.56388476 103.00000000  2001.702096283436 1996.737423098751 4.964673184685 0.999999999583
  0.93436831   1.84860888 103.00000000  2005.522771447897 2005.813148159989 -0.290376712092 0.999999999582
  0.92118052   1.83629484 103.00000000  2005.672705620527 2005.999689542993 -0.326983922466 0.999999999581
  1.05066099   1.68888476 113.79280825  2007.706145033240 2008.772057668156 -1.065912634915 0.999999999580
  1.02704164   1.82670680 103.00000000  2007.763269737363 2010.215099634621 -2.451829897258 0.999999999580
  0.87488681   1.67550658 103.00000000  2007.796387165785 2007.794405794763 0.001981371021 0.999999999580
  1.05179861   1.62210893 110.37351253  2009.158700808883 2006.831237170958 2.327463637925 0.999999999580
  0.91039250   1.75463941 113.98825351  2010.154748439789 2012.839073007802 -2.684324568013 0.999999999579
  1.04067540   1.81302321 101.27833532  2010.650591313839 2010.871890713558 -0.221299399719 0.999999999579
  0.90210203   1.79623917 106.24084296  2013.226643130183 2011.263647414885 1.962995715298 0.999999999578
  0.95628190   1.70455338  85.39185845  2013.802074834704 2010.040528415637 3.761546419067 0.999999999577
  0.93389435   1.67337612  87.56726413  2013.814208820462 2011.755750925825 2.058457894637 0.999999999577
  1.07181987   1.73895990 103.00000000  2013.882265031338 2013.079254822641 0.803010208697 0.999999999577
  0.96446195   1.84305256 107.51475968  2014.076303854585 2014.052753191044 0.023550663540 0.999999999577
  0.96446195   1.86553874  94.49898160  2018.990100905299 2015.230384831836 3.759716073464 0.999999999575
  0.92337492   1.57952141 100.45368510  2019.513778194785 2015.391622185494 4.122156009291 0.999999999574
  0.93932375   1.74132935 118.27591906  2019.939435899258 2020.533823164725 -0.594387265467 0.999999999574
  0.96446195   1.84915404 106.27453353  2023.889636009932 2020.237468267592 3.652167742339 0.999999999572
  1.05266434   1.61422242 108.06087173  2024.010884284973 2021.424872175819 2.586012109154 0.999999999572
  0.99129636   1.61112908 119.21343557  2024.170531854033 2027.422592787107 -3.252060933074 0.999999999572
  0.96446195   1.69637308  85.49490689  2024.679861575365 2027.294426550775 -2.614564975410 0.999999999572
  0.96446195   1.73055166 119.66873750  2025.097334742546 2026.977331246881 -1.879996504335 0.999999999572
  0.89168118   1.71053358  91.96260334  2025.760476306081 2027.922310561477 -2.161834255396 0.999999999571
  0.89747288   1.59364721 106.29126180  2025.842282861471 2029.092685646672 -3.250402785201 0.999999999571
  0.96446195   1.83735090 108.76664317  2026.040260538459 2032.378438327557 -6.338177789098 0.999999999571
  0.96446195   1.58571683  95.95690419  2033.110338255763 2032.589432462383 0.520905793380 0.999999999567
  0.98624567   1.56598865 103.00000000  2038.407651260495 2033.675704231294 4.731947029202 0.999999999565
  0.88557390   1.68888476 112.27824091  2039.449907869101 2039.245276723109 0.204631145992 0.999999999564
  1.06214575   1.77147436 102.93725190  2039.471346557140 2041.747903585103 -2.276557027963 0.999999999564
  0.96446195   1.68888476  85.72864322  2043.595604345202 2042.446266960113 1.149337385089 0.999999999562
  0.98094529   1.60659845 119.55544387  2044.848521545529 2047.911053015750 -3.062531470221 0.999999999561
  1.06772404   1.68888476  95.46400688  2045.383854061365 2045.818640152584 -0.434786091219 0.999999999561
  1.06976553   1.68888476  96.10224447  2048.391625270247 2049.319435142465 -0.927809872218 0.999999999559
  0.96446195   1.75978974  84.48673324  2051.623163625598 2052.169840011932 -0.546676386334 0.999999999558
  0.96446195   1.80174211 113.93735609  2052.062761127949 2053.124454805844 -1.061693677895 0.999999999557
  0.91402242   1.67850760 118.91332403  2052.389800831676 2055.731699316573 -3.341898484897 0.999999999557
  0.87374585   1.69406212 103.00000000  2052.990292653441 2054.878116784109 -1.887824130668 0.999999999557
  1.04586826   1.69018804  90.71027661  2053.418630674481 2053.512686554586 -0.094055880105 0.999999999557
  1.00130097   1.58802066 115.85965419  2054.519679948688 2055.200751404761 -0.681071456073 0.999999999556
  1.02322956   1.68888476 118.20984879  2056.935051217675 2059.986277796874 -3.051226579199 0.999999999555
  0.93881673   1.56666818 112.33042964  2059.698366671801 2058.405052470786 1.293314201014 0.999999999553
  1.02330467   1.83994472  96.53953266  2061.503957375884 2062.132010125812 -0.628052749928 0.999999999552
  1.04230264   1.78462120  91.16787594  2062.268157050014 2061.148105760367 1.120051289647 0.999999999552
  0.96446195   1.55882858 109.38484004  2062.506572455168 2060.891772106208 1.614800348959 0.999999999552
  1.06094041   1.68888476  93.48836062  2065.274972751737 2063.669837419982 1.605135331754 0.999999999550
  1.06393390   1.66589467 111.09978249  2066.652329534292 2066.671472706744 -0.019143172452 0.999999999550
  0.87846358   1.73078748 105.53624253  2067.279438063502 2071.390476299925 -4.111038236423 0.999999999549
  0.90131329   1.67324028  90.89162259  2072.042045950890 2071.100005316148 0.942040634741 0.999999999547
  1.07536080   1.73030936 103.48471172  2075.114049270749 2074.357073992865 0.756975277884 0.999999999545
  0.89297920   1.71356231 113.74466837  2075.452397778630 2078.006102043225 -2.553704264595 0.999999999545
  0.93417758   1.59989999 118.63235095  2076.268694639206 2078.410445900261 -2.141751261055 0.999999999544
  0.96446195   1.68888476 121.60804020  2076.432829827070 2078.316040391949 -1.883210564878 0.999999999544
  0.90846194   1.82312899 103.00000000  2078.085775166750 2081.301543602917 -3.215768436167 0.999999999543
  1.04735270   1.60333163 103.00000000  2081.434863552451 2080.810981985588 0.623881566863 0.999999999542
  0.89179795   1.63222109  96.49779928  2082.362334862351 2082.615166000399 -0.252831138048 0.999999999541
  1.01065319   1.66278971  88.39710725  2084.785262048244 2085.139587849422 -0.354325801178 0.999999999540
  0.90039382   1.80962507 102.82022170  2087.824665844440 2089.160668567289 -1.336002722848 0.999999999538
  1.07060218   1.64203701 103.00000000  2092.009299620986 2090.552829094641 1.456470526345 0.999999999536
  1.07131112   1.68888476 109.11162955  2094.993018597364 2094.934552773960 0.058465823405 0.999999999534
  1.02122600   1.68888476 118.62927947  2096.888082191348 2096.082292860068 0.805789331280 0.999999999533
  0.99574574   1.68323938 120.83760657  2097.771406099200 2097.090784106680 0.680621992520 0.999999999533
  0.96446195   1.87096749  94.99044652  2099.892136737704 2100.124305042809 -0.232168305105 0.999999999531
  0.96446195   1.68888476  85.50000000  2102.848185956478 2099.909989743963 2.938196212515 0.999999999530
  1.06022312   1.74667625 108.95880006  2104.673783451319 2104.221918397664 0.451865053655 0.999999999529
  0.95515685   1.86118987  91.86372376  2104.722340300679 2103.577057669562 1.145282631117 0.999999999529
  0.95301278   1.77915316 116.36419403  2105.372215881944 2105.789662296353 -0.417446414409 0.999999999528
  0.96446195   1.82905814  87.00174516  2105.718454226851 2106.481458168855 -0.763003942004 0.999999999528
  1.01306802   1.80429803  87.63664592  2106.126691743731 2106.868234010307 -0.741542266576 0.999999999528
  0.97831547   1.69318233 121.41364114  2107.376471370459 2106.205826467500 1.170644902958 0.999999999527
  1.06497035   1.68888476  94.10153047  2108.058005392551 2105.851361238118 2.206644154434 0.999999999527
  0.99187245   1.68888476  85.89964491  2108.234253212810 2108.283065180983 -0.048811968173 0.999999999527
  0.96446195   1.62841703  89.57631886  2110.616828203201 2109.364099437632 1.252728765569 0.999999999525
  0.96446195   1.86557789 103.00000000  2111.316348999739 2116.241806972063 -4.925457972324 0.999999999525
  0.96319421   1.56059083 103.00000000  2111.547073811293 2114.318781735483 -2.771707924191 0.999999999525
  0.87802843   1.68888476 109.61425027  2115.211378559470 2115.209790105603 0.001588453867 0.999999999523
  1.03818917   1.59228187 103.00000000  2117.795441776514 2117.783345618946 0.012096157569 0.999999999521
  0.92474176   1.60923923 118.86375629  2118.354862198234 2119.087968734668 -0.733106536434 0.999999999521
  0.98371373   1.86331139 103.00000000  2120.591671809554 2121.270703543159 -0.679031733605 0.999999999520
  0.90957544   1.68888476  88.65207494  2121.981645449996 2121.262376036568 0.719269413428 0.999999999519
  0.98880136   1.68888476 121.20725807  2125.510143905878 2121.790217145121 3.719926760757 0.999999999517
  0.98441781   1.87026375  99.34059534  2126.779024571180 2123.798893753811 2.980130817370 0.999999999516
  1.04705351   1.77593313 109.12002039  2127.613350898027 2126.450316013013 1.163034885014 0.999999999515
  1.02129787   1.83928120 103.00000000  2128.624196812510 2125.722161099698 2.902035712813 0.999999999515
  0.88257331   1.62040264 107.26423207  2128.870522215962 2124.010213661245 4.860308554718 0.999999999515
  0.87874869   1.68888476 110.15646088  2129.836091563106 2127.564384897459 2.271706665646 0.999999999514
  0.89580383   1.80198179 103.00000000  2133.239382326603 2130.665939501440 2.573442825163 0.999999999512
  0.96446195   1.85495223 106.21417456  2135.490551814437 2132.065913561091 3.424638253346 0.999999999511
  0.98629636   1.86312484 103.00000000  2136.865665912628 2134.806749219269 2.058916693359 0.999999999510
  0.98762586   1.62726316 120.98313532  2138.132784977555 2137.043706827381 1.089078150174 0.999999999509
  1.04648286   1.76961239 110.16180596  2140.281775161624 2138.653144136575 1.628631025049 0.999999999508
  0.92821967   1.60659971 119.11757232  2140.568229943514 2138.354484431104 2.213745512410 0.999999999508
  0.96446195   1.87167154 100.85155288  2140.756677716970 2140.520469779033 0.236207937937 0.999999999508
  0.91132441   1.68888476 118.80163294  2146.069565564394 2146.080081971930 -0.010516407536 0.999999999505
  1.05097642   1.60466653 107.98635417  2147.021023347974 2143.662945549972 3.358077798001 0.999999999504
  0.94329416   1.86870523  98.59766977  2148.561570808291 2148.937901824670 -0.376331016379 0.999999999503
  1.07554794   1.68888476 108.08382501  2152.642622187734 2148.595614362530 4.047007825203 0.999999999501
  1.07889324   1.73009076 100.75539050  2153.885844334960 2151.980401991857 1.905442343103 0.999999999500
  0.90972047   1.83434612 100.22536319  2156.925599068403 2156.577390400656 0.348208667748 0.999999999498
  0.90154427   1.81542520 103.00000000  2158.198452189565 2157.534629152378 0.663823037187 0.999999999497
  1.04058989   1.70697421  88.78662732  2159.930605039001 2157.842673083202 2.087931955798 0.999999999496
  0.98663966   1.84147889  88.28839524  2160.664780303836 2161.119686136991 -0.454905833155 0.999999999496
  0.92621552   1.84971912 103.00000000  2160.779548659921 2163.549101238597 -2.769552578677 0.999999999496
  1.03103162   1.66668264  89.53679357  2163.373459681869 2161.442333063119 1.931126618749 0.999999999494
  0.87919880   1.68888476 110.78119056  2164.161125898361 2164.086037657810 0.075088240551 0.999999999494
  0.88459580   1.68888476 113.00037718  2164.888117671013 2164.761149659068 0.126968011945 0.999999999493
  1.05510547   1.60900127 103.00000000  2165.918638914824 2165.792160302714 0.126478612109 0.999999999493
  1.07286679   1.72071255  95.26395124  2168.384788855910 2165.761834297309 2.622954558601 0.999999999491
  0.91611172   1.75929767 115.52116472  2170.521191641688 2175.115531999730 -4.594340358041 0.999999999490
  0.96124704   1.86812440 103.00000000  2175.159704849124 2174.175433874434 0.984270974689 0.999999999487
  0.91678623   1.84001064 103.00000000  2175.437151670456 2175.875989186342 -0.438837515886 0.999999999487
  0.96446195   1.58615382  94.98534764  2180.046623691916 2179.238946373874 0.807677318042 0.999999999484
  1.04539243   1.59873201 109.50879861  2180.178925424814 2177.910875405129 2.268050019685 0.999999999484
  0.93521320   1.85813475 103.00000000  2181.197585359216 2183.073840177209 -1.876254817993 0.999999999483
  0.87789084   1.73665645  96.96454472  2183.406139925122 2182.821007351469 0.585132573653 0.999999999482
  1.03794885   1.78647572  89.35569101  2187.216908112168 2186.271942658768 0.944965453401 0.999999999480
  0.92639136   1.68888476  86.63080387  2188.384640276432 2186.555718112777 1.828922163655 0.999999999479
  0.96446195   1.78604378 116.37354801  2190.436044007540 2187.638912302609 2.797131704931 0.999999999478
  1.02329777   1.80484351  88.31096574  2192.796230539680 2191.645345293396 1.150885246283 0.999999999476
  0.95716289   1.68888476 122.10863115  2192.866761535406 2190.533672268799 2.333089266607 0.999999999476
  0.96446195   1.57982887 117.87489797  2194.537180677056 2194.388051781388 0.149128895668 0.999999999475
  0.91117551   1.73486618  87.16671946  2194.541611179709 2195.265496159876 -0.723884980167 0.999999999475
  0.96446195   1.69267806  84.97073003  2194.722545817494 2195.714789474986 -0.992243657491 0.999999999475
  0.96446195   1.67507184  85.76828555  2195.273179322481 2199.075356729574 -3.802177407093 0.999999999475
  1.06477332   1.63413606 109.94691702  2195.614644616842 2198.344867674256 -2.730223057414 0.999999999474
  0.96446195   1.61590463  90.50988961  2197.528425127268 2202.969995289724 -5.441570162456 0.999999999473
  1.03045745   1.82333960  91.46782346  2205.207384005189 2206.383750704437 -1.176366699248 0.999999999468
  1.07835543   1.71516450  97.02951500  2208.198219999671 2205.173538673881 3.024681325790 0.999999999466
  1.02343162   1.68888476 119.00933313  2208.650601625443 2208.646632283718 0.003969341724 0.999999999466
  1.05889124   1.77597916  93.30870755  2209.073846131563 2207.632438264878 1.441407866685 0.999999999466
  0.99847886   1.86134569  92.45655613  2209.277167588472 2209.785206791400 -0.508039202928 0.999999999466
  0.95359322   1.70409657  84.65879820  2210.351526781917 2211.820909866686 -1.469383084770 0.999999999465
  1.06241630   1.74421703  92.16870131  2210.752703458071 2213.497971892910 -2.745268434839 0.999999999465
  0.96446195   1.85500061 107.12777144  2213.278323888779 2217.357538963556 -4.079215074777 0.999999999463
  1.02612688   1.57906669 103.00000000  2213.963802173734 2216.419225346305 -2.455423172571 0.999999999463
  0.96446195   1.87241752  92.71039564  2218.870579734445 2218.702290331329 0.168289403116 0.999999999459
  0.90205607   1.82513485  97.89108666  2218.938134789467 2219.875684213626 -0.937549424159 0.999999999459
  0.96446195   1.55778894 103.00000000  2222.072791114450 2219.270882044325 2.801909070125 0.999999999457
  1.08152696   1.68888476 106.03090902  2222.124282747507 2222.395972079004 -0.271689331497 0.999999999457
  0.96446195   1.68888476  85.02512563  2222.961667805910 2221.987223163515 0.974444642395 0.999999999457
  0.96446195   1.68357694 122.40671950  2223.689704537392 2221.809250607546 1.880453929845 0.999999999456
  0.91846290   1.57402053 113.19237693  2225.667577147484 2223.815674998330 1.851902149154 0.999999999455
  1.04471725   1.79813098 107.35917145  2229.201882854104 2227.822274350339 1.379608503765 0.999999999453
  0.96446195   1.68888476 122.31155779  2230.629147708416 2227.330383048760 3.298764659656 0.999999999452
  0.96446195   1.80813111 114.32062797  2231.583896473050 2228.767841385903 2.816055087147 0.999999999451
  1.00850959   1.82274474 110.11996590  2234.431419372559 2230.573700808594 3.857718563965 0.999999999449
  1.00478550   1.58476658  96.87880134  2235.716291591525 2237.487020462742 -1.770728871217 0.999999999448
  1.02781782   1.68888476  87.63181029  2236.138075888157 2236.535308722809 -0.397232834652 0.999999999448
  0.90666212   1.68964074 118.62226856  2237.423140063882 2242.141987639156 -4.718847575274 0.999999999447
  1.02141166   1.63209403 118.96893304  2240.749768108130 2242.106519935513 -1.356751827384 0.999999999445
  0.87250617   1.67256807  99.63654014  2240.885949209332 2241.199895128952 -0.313945919619 0.999999999445
  1.08446195   1.68888476 103.00000000  2242.766064509749 2241.367634641108 1.398429868641 0.999999999444
  0.96446195   1.87185930 103.00000000  2251.727245956659 2245.686814786271 6.040431170389 0.999999999438
  1.03578315   1.82370230 104.86651327  2253.294316127896 2249.660843269083 3.633472858814 0.999999999437
  1.00429987   1.85992827 103.00000000  2255.619502216578 2254.068674065996 1.550828150581 0.999999999435
  0.98811007   1.68888476 121.86709729  2256.673176020384 2252.695290672881 3.977885347503 0.999999999434
  0.91467546   1.70324627 119.34636668  2258.849830299616 2258.384400639452 0.465429660163 0.999999999433
  0.91029022   1.80647952 109.56413182  2259.199323996902 2259.527247219989 -0.327923223088 0.999999999433
  1.05783386   1.66014812 114.22807443  2259.247289523482 2259.189479967884 0.057809555598 0.999999999433
  1.06132036   1.66341238  93.71376403  2259.410909280181 2258.459770926131 0.951138354050 0.999999999432
  1.07922770   1.74028753 103.43139918  2260.193985402584 2261.736015846663 -1.542030444079 0.999999999432
  1.08497572   1.68671760 103.00000000  2260.510860010982 2260.903152398971 -0.392292387990 0.999999999432
  1.07538337   1.68888476 109.63418827  2261.951703265309 2262.328812507704 -0.377109242395 0.999999999431
  0.98509920   1.84857357 108.28690931  2262.463854357600 2266.996368040777 -4.532513683177 0.999999999430
  0.87838159   1.62466075 103.00000000  2262.733999207616 2265.678400091170 -2.944400883554 0.999999999430
  0.96446195   1.55369855 110.30947501  2265.951047867537 2265.557304505530 0.393743362006 0.999999999428
  0.95385730   1.83767997  86.89062536  2269.322196289897 2269.323889173502 -0.001692883605 0.999999999426
  1.01030808   1.61027235 119.01615702  2271.442886322737 2271.437443656018 0.005442666719 0.999999999424
  0.99055757   1.87205409  93.41345937  2272.854553699493 2272.475056337577 0.379497361916 0.999999999423
  0.96446195   1.55968916 113.75164747  2273.453080728650 2271.564350325601 1.888730403049 0.999999999423
  0.86946195   1.68888476 103.00000000  2276.601650431752 2274.710753735512 1.890896696240 0.999999999421
  0.96446195   1.69019247 122.51137741  2279.066232234240 2277.643299605777 1.422932628462 0.999999999419
  0.99607065   1.75130856 118.71334548  2280.766813591123 2277.515408997516 3.251404593607 0.999999999418
  0.86934673   1.68888476 103.00000000  2282.058299869299 2280.927033480516 1.131266388783 0.999999999417
  1.06929095   1.62488030 103.00000000  2285.428820312023 2284.735187458089 0.693632853934 0.999999999414
  1.01692728   1.85012779 103.73183927  2293.827836573124 2294.888835063166 -1.060998490042 0.999999999409
  1.01339785   1.80655215 112.30049638  2297.901467084885 2299.494602735387 -1.593135650502 0.999999999406
  0.96446195   1.74102432 120.40597994  2299.594514846802 2300.291794969919 -0.697280123117 0.999999999404
  0.96446195   1.55195111 106.13111877  2302.406770154834 2301.872289711961 0.534480442873 0.999999999402
  1.06606886   1.78447573 102.69305569  2303.165856659412 2304.678502819198 -1.512646159786 0.999999999402
  0.87839058   1.62216753 103.00000000  2305.219102099538 2303.250812446242 1.968289653295 0.999999999400
  1.02938005   1.71788838  86.53822379  2305.290062114596 2303.225432679829 2.064629434768 0.999999999400
  0.89851713   1.80515746  92.47239114  2306.729725465178 2305.781527207074 0.948198258104 0.999999999399
  0.89547327   1.63877789 116.96663584  2306.875639766455 2306.973824523476 -0.098184757021 0.999999999399
  0.91781495   1.56922697 112.41590670  2306.876654073596 2308.594003536698 -1.717349463102 0.999999999399
  0.96446195   1.61275038  90.39618367  2307.302121788263 2312.932456056477 -5.630334268214 0.999999999399
  1.00894941   1.68888476 120.91634861  2322.007722958922 2319.825647766734 2.182075192188 0.999999999388
  0.96446195   1.84409723 110.10989770  2322.684020087123 2324.895831620632 -2.211811533509 0.999999999388
  0.86998495   1.68888476  99.64728191  2323.380533337593 2325.083109475415 -1.702576137822 0.999999999387
  0.96446195   1.72755482  83.47899843  2325.956142723560 2328.778265189169 -2.822122465609 0.999999999385
  1.06674277   1.62643105  99.78082577  2327.085787072778 2328.067082548541 -0.981295475764 0.999999999384
  0.97826137   1.78812003  83.72390769  2329.365464910865 2331.923438530336 -2.557973619471 0.999999999383
  1.03044163   1.68888476  87.42983550  2331.651456326246 2331.532240119743 0.119216206504 0.999999999381
  0.96446195   1.60180264  91.69355075  2331.901191040874 2334.225538124198 -2.324347083324 0.999999999381
  1.05264730   1.81744839  98.69007563  2337.305560916662 2336.629528037367 0.676032879295 0.999999999377
  0.96446195   1.84783178 109.59199921  2339.278793007135 2337.656250578316 1.622542428819 0.999999999375
  0.88293634   1.78206704 102.69228398  2340.666548743844 2338.914278479904 1.752270263940 0.999999999374
  0.96446195   1.81072920 114.72192694  2342.998318165541 2341.752351400334 1.245966765207 0.999999999373
  1.08086211   1.74631306  98.67562973  2343.546457737684 2342.134913026633 1.411544711052 0.999999999372
  0.96871548   1.87038646  90.28545561  2344.405782714486 2343.881048341937 0.524734372549 0.999999999372
  0.96765006   1.75907907  83.18545014  2346.735787346959 2344.389147611669 2.346639735290 0.999999999370
  0.97417669   1.61849650  89.66683833  2347.606145143509 2344.434183803093 3.171961340416 0.999999999369
  0.96446195   1.87630273 103.12445382  2347.775688961148 2346.024754111963 1.750934849185 0.999999999369
  0.92971430   1.79036557  85.26781801  2348.936799272895 2345.875670182726 3.061129090168 0.999999999368
  1.06346344   1.68888476 113.69646990  2352.302582472563 2347.347267954955 4.955314517608 0.999999999366
  1.08793970   1.68888476 103.00000000  2354.237006545067 2354.912734828825 -0.675728283758 0.999999999364
  1.06508114   1.78967098 103.00000000  2354.550243988633 2357.347020126841 -2.796776138208 0.999999999364
  0.86823988   1.70037431 102.37483037  2356.114453360438 2357.714833932760 -1.600380572322 0.999999999363
  0.96446195   1.76657463  83.17988066  2357.606780916452 2359.907085511442 -2.300304594989 0.999999999361
  1.08807359   1.70093747 103.00000000  2359.135799720883 2359.381537964854 -0.245738243971 0.999999999360
  1.08651010   1.68888476  99.63712365  2359.193040952086 2358.562395509573 0.630645442513 0.999999999360
  1.01634255   1.63223847  90.10490762  2359.453951954842 2360.359444656238 -0.905492701397 0.999999999360
  0.96446195   1.74219430 120.62012036  2359.707496747375 2359.651974990740 0.055521756634 0.999999999360
  1.03935190   1.62677337  93.14624140  2362.450996845961 2365.261091559881 -2.810094713920 0.999999999358
  0.90105592   1.64480335  91.37046893  2363.095657095313 2369.091639263671 -5.995982168358 0.999999999357
  0.92112546   1.56132571 110.33470267  2366.809370830655 2368.862903683665 -2.053532853010 0.999999999354
  0.92771611   1.86252898 102.65893365  2370.986445263028 2375.159575946893 -4.173130683865 0.999999999351
  0.96446195   1.86763045  89.42080913  2372.818666487932 2376.403152137354 -3.584485649421 0.999999999350
  0.89748311   1.75013072  88.63864589  2374.729820147157 2375.160370218987 -0.430550071830 0.999999999348
  0.96446195   1.87814070 103.00000000  2374.857443854213 2377.341296752426 -2.483852898214 0.999999999348
  0.96446195   1.71894771  83.46547319  2375.234650120139 2376.736580117315 -1.501929997176 0.999999999348
  1.01243197   1.60514683 119.00960840  2376.490073204041 2377.432142046290 -0.942068842250 0.999999999347
  0.99152322   1.73192022  83.58609328  2379.852833494544 2377.565249035865 2.287584458679 0.999999999344
  0.96446195   1.68888476 123.00000000  2379.890577435493 2377.447845962138 2.442731473356 0.999999999344
  0.93938494   1.60445584  91.77122579  2380.553992018104 2379.655000108946 0.898991909157 0.999999999344
  0.89280309   1.71598054 115.64656725  2381.898352429271 2383.790772019310 -1.892419590039 0.999999999343
  0.96446195   1.68888476 123.01507538  2383.263591647148 2380.782081655018 2.481509992130 0.999999999342
  0.93291359   1.57184132  98.14000592  2383.673630759120 2382.073535030566 1.600095728554 0.999999999341
  0.98655498   1.87526678 103.00000000  2385.236549824476 2385.357767861442 -0.121218036966 0.999999999340
  1.08799723   1.68888476 104.73086106  2385.662386685610 2386.143405548433 -0.481018862823 0.999999999340
  0.89715604   1.81936767  94.87605261  2388.018455296755 2387.687714899399 0.330740397356 0.999999999338
  1.04107511   1.81499986 107.04040238  2388.931473165751 2389.914286924985 -0.982813759235 0.999999999337
  1.04161083   1.58989439 100.84886652  2389.889577314258 2387.181103929472 2.708473384786 0.999999999336
  0.96446195   1.70525709  83.78561994  2391.376599609852 2390.538276355075 0.838323254777 0.999999999335
  1.01400829   1.84983248 105.84996934  2393.329413279891 2395.050489418871 -1.721076138980 0.999999999334
  1.08381664   1.67672935 107.74742362  2393.576315537095 2393.908487494389 -0.332171957294 0.999999999333
  1.06767501   1.66225028  94.17837917  2394.145392552018 2392.816236203134 1.329156348884 0.999999999333
  0.98025695   1.57535900 118.08420464  2394.177222356200 2398.257614057818 -4.080391701617 0.999999999333
  0.90700691   1.64512551  90.30637962  2400.189961627126 2400.189208826527 0.000752800599 0.999999999328
  1.06721379   1.78863953 103.00000000  2403.662639275193 2404.398749329327 -0.736110054134 0.999999999325
  0.98085246   1.68888476 122.83715352  2405.645360022783 2403.223101745815 2.422258276968 0.999999999324
  0.95393765   1.70708769  83.81920376  2406.252602189779 2406.234076981431 0.018525208348 0.999999999323
  0.91242423   1.84630102 103.00000000  2406.403387978673 2407.282787482356 -0.879399503683 0.999999999323
  0.87310444   1.67844328 110.45422853  2406.730701625347 2406.519728854767 0.210972770580 0.999999999323
  0.87667291   1.76422950 103.00000000  2407.690867066383 2407.692478828636 -0.001611762252 0.999999999322
  0.89586488   1.68885396  89.38813133  2408.898173794150 2408.650439755951 0.247734038199 0.999999999321
  0.89294208   1.79531975  92.27145588  2409.331990569830 2410.551796431885 -1.219805862055 0.999999999321
  0.96446195   1.68888476  84.32160804  2410.566507890821 2409.649988674348 0.916519216473 0.999999999320
  0.90402115   1.68888476 119.16220668  2410.925236210227 2412.716189568472 -1.790953358245 0.999999999319
  0.99653796   1.79492483 115.77858142  2411.845581024885 2410.443789747520 1.401791277366 0.999999999319
  0.99137116   1.87475582 103.00000000  2413.156559720635 2413.220147093097 -0.063587372462 0.999999999317
  0.86727995   1.67561891 102.52686931  2413.277925625443 2412.153968313121 1.123957312322 0.999999999317
  0.97675960   1.77481323  83.06787627  2416.592626258731 2413.702434218951 2.890192039780 0.999999999315
  0.96446195   1.83741225 111.80173763  2416.987236931920 2413.623955716343 3.363281215577 0.999999999314
  1.05304622   1.68888476 116.18097936  2417.514305189252 2416.365756182727 1.148549006525 0.999999999314
  1.01389841   1.78965518  85.09118788  2417.807792648673 2416.847353123464 0.960439525209 0.999999999314
  0.89972453   1.82666589 103.00000000  2418.718700706959 2417.987721400101 0.730979306858 0.999999999313
  0.89720792   1.58227534 103.00000000  2418.745691195130 2417.901534934369 0.844156260761 0.999999999313
  0.96446195   1.88585139  93.84222269  2419.155874982476 2419.667992370113 -0.512117387636 0.999999999313
  1.08830454   1.68888476  99.57306769  2420.657404258847 2419.748295677998 0.909108580850 0.999999999311
  0.98214011   1.68888476  84.40610437  2421.596801862121 2420.765268887348 0.831532974772 0.999999999311
  0.97563048   1.55052712 105.10743185  2424.544022828341 2425.301057715899 -0.757034887558 0.999999999308
  1.08779699   1.66573730 103.00000000  2428.184943869710 2430.435239190933 -2.250295321223 0.999999999305
  1.06261360   1.68800521  91.19956290  2428.739753514528 2429.913475001082 -1.173721486554 0.999999999305
  1.00752244   1.86321613 104.12663188  2435.675661563873 2433.707895492676 1.967766071198 0.999999999299
  1.06939898   1.68888476 113.02190184  2439.041976198554 2435.249331808648 3.792644389906 0.999999999296
  0.87774720   1.68888476 112.72279263  2439.159386649728 2439.078503246626 0.080883403102 0.999999999296
  0.96446195   1.86923062  89.02850415  2442.028473019600 2440.188700972370 1.839772047229 0.999999999293
  0.98072226   1.68888476 123.00426323  2443.634460851550 2439.207944740642 4.426516110908 0.999999999292
  1.04917444   1.82523542  94.92541296  2443.734208345413 2442.327322183140 1.406886162273 0.999999999292
  1.02221083   1.68888476 120.36208803  2444.383438199759 2443.498797874490 0.884640325269 0.999999999291
  1.05582339   1.64797494  92.79737466  2445.600043043494 2446.268180718614 -0.668137675120 0.999999999290
  0.98451477   1.88530128 100.08818799  2453.026538759470 2448.836728759820 4.189809999650 0.999999999284
  1.03001553   1.64543998 119.61069684  2454.572413921356 2453.779127599366 0.793286321990 0.999999999283
  0.96446195   1.77709363  82.88183515  2454.677145853639 2456.806715358946 -2.129569505308 0.999999999283
  0.96446195   1.89007820  95.60867365  2455.289594590664 2457.987080467120 -2.697485876456 0.999999999282
  1.03599497   1.70405277  86.81335655  2456.233880937099 2456.746928037546 -0.513047100447 0.999999999281
  0.92780837   1.71922114 120.97827097  2462.179103717208 2464.439552986255 -2.260449269048 0.999999999276
  0.92489939   1.85523919 105.47139219  2463.299561157823 2465.218349016043 -1.918787858220 0.999999999275
  0.96446195   1.55150754 103.00000000  2464.314119338989 2463.781561886761 0.532557452228 0.999999999274
  1.05668725   1.67671237  90.57292915  2464.969214305282 2466.845000749580 -1.875786444299 0.999999999274
  0.96446195   1.55257385 113.30549491  2466.317059099674 2468.476007984766 -2.158948885091 0.999999999273
  0.87974565   1.68888476  92.91708328  2466.742597877979 2470.956349715378 -4.213751837398 0.999999999272
  0.87485489   1.62219506 103.00000000  2467.353381723166 2472.333656028455 -4.980274305289 0.999999999272
  0.94172402   1.55343308 103.00000000  2469.661673173308 2473.835277495617 -4.173604322309 0.999999999270
  0.97827481   1.65821775  85.80575564  2470.617651522160 2474.371083562070 -3.753432039910 0.999999999269
  1.01822347   1.68888476 120.93547700  2477.964994594455 2482.804067272920 -4.839072678465 0.999999999262
  1.03768185   1.58354159 112.05288654  2485.244379639626 2480.618133079451 4.626246560174 0.999999999256
  0.96446195   1.88306371  91.45963907  2485.341605618596 2485.401657102674 -0.060051484078 0.999999999256
  0.89673879   1.82481889 103.00000000  2489.770402103662 2488.564381310809 1.206020792854 0.999999999252
  1.07996540   1.63340397 103.00000000  2491.924966886640 2488.887113630221 3.037853256418 0.999999999250
  0.87030010   1.68888476 109.48777649  2492.013764113188 2492.075240190949 -0.061476077761 0.999999999250
  1.02907079   1.61157544 118.24634938  2492.085881754756 2493.260812258494 -1.174930503738 0.999999999250
  0.96590642   1.61031814 122.68036981  2494.635339409113 2500.136835341211 -5.501495932098 0.999999999247
  0.99059429   1.68888476  84.31198879  2495.324917122722 2502.432565447364 -7.107648324642 0.999999999247
  0.97162323   1.54679304 108.73742401  2498.219929665327 2503.177557640508 -4.957627975180 0.999999999244
  0.99874898   1.56198973 100.59386780  2499.571798801422 2504.054874965102 -4.483076163680 0.999999999243
  0.88672991   1.59150825 108.73864628  2501.576544597745 2506.428859466580 -4.852314868835 0.999999999241
  0.96446195   1.88442211 103.00000000  2511.111936211586 2511.086064459100 0.025871752486 0.999999999232
  1.03129421   1.60466383 117.39719445  2514.337459161878 2512.227498303910 2.109960857968 0.999999999229
  0.89364505   1.79500768  90.96776570  2516.604542076588 2513.749728806282 2.854813270305 0.999999999227
  0.88261661   1.79231743 103.00000000  2517.701428696513 2514.377000261949 3.324428434564 0.999999999226
  1.07314580   1.68888476 112.79370349  2520.713292628527 2520.263019679647 0.450272948880 0.999999999223
  0.96446195   1.69870891 123.35124925  2521.650237873197 2518.090812302568 3.559425570629 0.999999999223
  1.09226830   1.68888476 104.51353899  2522.005334973335 2522.565891618411 -0.560556645076 0.999999999222
  0.96152610   1.60386124 122.42276834  2522.954326778650 2525.140828676353 -2.186501897703 0.999999999221
  1.03344148   1.85444644  95.51340669  2523.422147914767 2531.350911444724 -7.928763529957 0.999999999221
  0.96446195   1.54601075 109.65656342  2524.829932466149 2529.318697824346 -4.488765358196 0.999999999220
  0.90415428   1.69266507 119.70748127  2528.346081793308 2533.063232300064 -4.717150506755 0.999999999216
  1.02331453   1.63144415  89.97362249  2529.501394838095 2530.782678336388 -1.281283498294 0.999999999215
  0.96446195   1.88138944 104.32748862  2533.373684599996 2534.712170715346 -1.338486115350 0.999999999212
  0.87961312   1.67517933  93.14118154  2534.551857277751 2533.842111571468 0.709745706283 0.999999999210
  0.96446195   1.62505402  88.16948632  2538.200319647789 2535.385903504085 2.814416143704 0.999999999207
  0.95569706   1.75463037  82.53197614  2541.520132541656 2539.412662056692 2.107470484965 0.999999999204
  0.96446195   1.68888476 123.71859296  2541.591883823276 2538.592802011234 2.999081812041 0.999999999204
  0.86522061   1.70604125 102.51662500  2541.918127968907 2542.971310722818 -1.053182753911 0.999999999203
  0.88828731   1.70525268 116.14641192  2543.239742547274 2547.653701570864 -4.413959023590 0.999999999202
  0.99875037   1.68888476 122.69170837  2547.114695653319 2547.952752696905 -0.838057043585 0.999999999198
  1.04634305   1.68888476 118.03492873  2551.494224131107 2550.599967074073 0.894257057035 0.999999999194
  0.97067090   1.54968566 103.00000000  2551.866624891758 2551.408954427729 0.457670464029 0.999999999194
  0.87649527   1.76959810 104.70338844  2554.127949371934 2552.291221869012 1.836727502922 0.999999999192
  1.00268753   1.78169462  83.41731079  2555.484076783061 2555.246770888673 0.237305894388 0.999999999190
  0.87734865   1.68888476 113.54300192  2557.940799325705 2558.069233990436 -0.128434664732 0.999999999188
  0.94678736   1.88252121 103.00000000  2561.581955775619 2558.345332998108 3.236622777511 0.999999999184
  1.07754552   1.68888476 111.97914349  2564.873794525862 2561.158673606836 3.715120919026 0.999999999181
  1.08630361   1.75190113 103.00000000  2572.570617228746 2571.307051257169 1.263565971577 0.999999999174
  0.95327661   1.68888476 123.77443299  2574.576594248414 2570.348347690409 4.228246558005 0.999999999172
  0.96446195   1.80978098  83.17398869  2576.369901731610 2576.210700739478 0.159200992132 0.999999999170
  0.94784180   1.88382915 103.00000000  2577.081230774522 2577.363791904007 -0.282561129485 0.999999999169
  0.99607852   1.86954222  89.08585079  2582.229774624109 2578.909713572449 3.320061051660 0.999999999164
  1.07174045   1.78682368 104.44620758  2583.302360832691 2580.980951632698 2.321409199993 0.999999999163
  1.09493162   1.69838729 103.00000000  2583.954939544201 2586.439477244791 -2.484537700590 0.999999999162
  0.92098840   1.55808027 103.00000000  2585.997222825885 2585.694611063542 0.302611762343 0.999999999160
  0.87329499   1.76330387 103.72411382  2588.606514856219 2590.180293656712 -1.573778800493 0.999999999158
  1.08174719   1.76622608 103.61303081  2591.588225319982 2591.588255862107 -0.000030542125 0.999999999155
  0.96446195   1.89619627  95.00229986  2593.300290986896 2591.922767025822 1.377523961074 0.999999999153
  0.90551307   1.68888476  87.06822575  2596.104302659631 2591.651467474108 4.452835185522 0.999999999150
  1.09537676   1.69633052 103.00000000  2597.316437929869 2600.673424250507 -3.356986320638 0.999999999149
  1.04836230   1.84057791  97.59854729  2600.149782240391 2603.389254257343 -3.239472016952 0.999999999146
  0.89864259   1.83330129  93.86374400  2600.174611851573 2604.751281784422 -4.576669932849 0.999999999146
  0.96446195   1.80020396 117.30565867  2600.496479779482 2603.182576415797 -2.686096636315 0.999999999145
  1.08381029   1.65651447  97.54948837  2602.133717939258 2603.195340292510 -1.061622353252 0.999999999144
  0.96446195   1.84116974  84.69665540  2605.015942007303 2606.214017938625 -1.198075931321 0.999999999141
  0.90656108   1.58543526  97.20792577  2606.263976663351 2605.351524091071 0.912452572280 0.999999999139
  0.96446195   1.68888476  83.61809045  2606.409970760345 2605.495813004009 0.914157756336 0.999999999139
  0.99880366   1.74994094  82.77364967  2606.433932751417 2605.570405589169 0.863527162248 0.999999999139
  0.96782856   1.87665668 106.44608269  2606.659547269344 2607.451600040557 -0.792052771213 0.999999999139
  0.93266941   1.88366469  95.06185927  2607.375016778708 2607.632421749089 -0.257404970382 0.999999999138
  1.09547739   1.68888476 103.00000000  2607.611097574234 2607.466328122250 0.144769451984 0.999999999138
  0.96446195   1.71906202  82.60489858  2608.810780450702 2608.427159226635 0.383621224067 0.999999999137
  0.96818195   1.58467460  92.99899908  2611.041430518031 2609.778053975114 1.263376542917 0.999999999135
  0.87576480   1.62585487 111.70022849  2612.268470034003 2609.204862554703 3.063607479301 0.999999999133
  0.98791092   1.86182548  87.03281434  2614.593628495932 2612.132823111785 2.460805384147 0.999999999131
  0.92061303   1.80294779 114.44325118  2614.837641566992 2617.258017756935 -2.420376189943 0.999999999131
  0.92595267   1.75155615 119.66158540  2618.156259074807 2622.190450695876 -4.034191621069 0.999999999127
  0.97150783   1.55249134 100.90096538  2621.349476650357 2618.742811511705 2.606665138653 0.999999999124
  0.97344639   1.86080277 109.64742494  2622.227185606956 2620.925815785718 1.301369821238 0.999999999123
  0.97981823   1.77336312  82.20530929  2622.357500985265 2621.898349881893 0.459151103371 0.999999999123
  1.08631244   1.75749660 103.00000000  2622.977242022753 2624.394223821424 -1.416981798672 0.999999999122
  0.86406648   1.68888476 105.76379093  2625.815514042974 2623.373926440132 2.441587602842 0.999999999119
  0.95226615   1.56359687 117.98897078  2628.398565620184 2627.348312531870 1.050253088314 0.999999999116
  0.99886213   1.88731230  93.36534285  2639.531362190843 2638.682317737753 0.849044453089 0.999999999104
  0.99724338   1.84592174 110.94262611  2642.615036189556 2640.154394565001 2.460641624556 0.999999999101
  1.06121231   1.81919265  95.61954555  2643.242331504822 2643.225808464721 0.016523040100 0.999999999100
  0.90884263   1.65508531 121.52268285  2645.051318660378 2645.105380001362 -0.054061340983 0.999999999098
  0.96446195   1.89070352 103.00000000  2646.183780103922 2646.804480199161 -0.620700095239 0.999999999097
  0.96446195   1.64823108  85.79394038  2647.349347293377 2648.242302188598 -0.892954895221 0.999999999096
  0.88898711   1.80940258  93.40221185  2650.447933942080 2650.077323035726 0.370610906354 0.999999999093
  1.00731692   1.57282634  97.09408406  2653.691312298179 2648.804342038297 4.886970259882 0.999999999089
  1.05950984   1.81383850  93.05887458  2654.256151050329 2653.063138211571 1.193012838758 0.999999999088
  0.99450103   1.89374871  96.19896314  2654.907322257757 2654.907938274933 -0.000616017176 0.999999999088
  0.96446195   1.89372673 101.98520024  2658.127107739449 2654.863844784364 3.263262955084 0.999999999084
  0.96446195   1.84669910  84.80335482  2660.230134844780 2656.541943816517 3.688191028263 0.999999999082
  1.00310420   1.72208692  83.12536273  2661.629358753562 2656.210216402403 5.419142351159 0.999999999080
  0.99677098   1.82584980 113.83982426  2662.077842295170 2657.691507818107 4.386334477063 0.999999999080
  0.96446195   1.85547200 110.88065852  2665.558133974671 2659.420250987597 6.137882987074 0.999999999076
  0.92176253   1.79967563  84.78948579  2665.569090187550 2660.666181504564 4.902908682986 0.999999999076
  0.96446195   1.65593531 124.66669764  2665.780887126923 2663.538904434954 2.241982691969 0.999999999076
  0.96446195   1.63414596 124.41907260  2666.826898634434 2665.438294086359 1.388604548074 0.999999999075
  1.00633202   1.79749738 116.28670797  2668.071835309267 2666.917013578106 1.154821731161 0.999999999073
  0.96446195   1.61222436 123.63466373  2668.480566367507 2670.109626411454 -1.629060043947 0.999999999073
  0.96293917   1.89666971  92.85441390  2671.190794274211 2672.020469715855 -0.829675441644 0.999999999070
  0.88551986   1.72084810 115.36795453  2671.674608588219 2674.787426315616 -3.112817727397 0.999999999069
  1.00739530   1.75927233  82.91483638  2673.854948386550 2671.363129799983 2.491818586567 0.999999999067
  0.88007866   1.63542090  95.33162778  2675.214707270265 2674.983060490555 0.231646779710 0.999999999065
  0.93896650   1.54893387 103.00000000  2677.029422685504 2680.987464935198 -3.958042249694 0.999999999063
  0.94849397   1.89386507  93.07238454  2678.118824839592 2683.283780987188 -5.164956147596 0.999999999062
  0.98369313   1.55340573 115.00940345  2688.167032301426 2683.699209893842 4.467822407584 0.999999999051
  1.05886613   1.68888476 116.88698588  2688.662752538919 2687.991270187596 0.671482351323 0.999999999050
  0.96446195   1.81200248 116.58330851  2695.546908915043 2687.676262802363 7.870646112680 0.999999999042
  1.07700600   1.75826917 108.70454912  2695.916384398937 2697.818344148982 -1.901959750045 0.999999999042
  1.09780835   1.70672681 103.00000000  2699.190103992820 2696.116075030337 3.074028962482 0.999999999038
  1.08797414   1.71967238 108.68066418  2700.218039333820 2699.594154389912 0.623884943909 0.999999999037
  0.96446195   1.89276009  90.92126970  2704.510618835688 2699.978015734925 4.532603100763 0.999999999032
  0.96446195   1.68888476 124.42211055  2705.461977794766 2700.683249967520 4.778727827246 0.999999999031
  1.02836303   1.76277030 117.65688808  2705.512292549014 2752.845289451085 -47.332996902071 0.999999999031
  0.86180905   1.68888476 103.00000000  2707.910104781389 2710.242419736432 -2.332314955043 0.999999999028
  0.98805854   1.54827099 112.62929486  2708.107052743435 2711.927197569846 -3.820144826411 0.999999999028
  0.86426918   1.71098924  98.53255668  2710.916753575206 2713.727794289372 -2.811040714166 0.999999999024
  1.00083759   1.78747398  82.68736071  2714.328390702605 2717.978892734297 -3.650502031692 0.999999999020
  0.91148055   1.56019996 103.00000000  2716.606125369668 2716.553766041099 0.052359328569 0.999999999018
  1.00426206   1.66737565 123.44098266  2717.047564849257 2720.163832778575 -3.116267929317 0.999999999017
  1.09438999   1.65601223 103.00000000  2718.253370761871 2719.405909911669 -1.152539149798 0.999999999016
  1.00193456   1.67850702 123.47921367  2719.493991345167 2721.229130035352 -1.735138690185 0.999999999014
  1.02251010   1.62158643 121.03880016  2721.529503315687 2724.589058544364 -3.059555228677 0.999999999012
  0.96446195   1.54522613 103.00000000  2722.179119378328 2724.206391252585 -2.027271874256 0.999999999011
  1.04029045   1.61598773  92.61312772  2722.629230335355 2726.324511602753 -3.695281267398 0.999999999011
  1.05099664   1.64899527  90.36846369  2724.006977394223 2726.877593080933 -2.870615686710 0.999999999009
  1.02888726   1.86334967 103.00000000  2724.069088920951 2730.217761704178 -6.148672783228 0.999999999009
  1.07416699   1.77482328 107.77599762  2733.134258538485 2731.296006176683 1.838252361802 0.999999998998
  1.00042857   1.75759678 120.49552216  2733.502729266882 2774.603318730588 -41.100589463706 0.999999998998
  1.05732743   1.60888195  96.54600712  2734.167382508516 2730.890163942003 3.277218566513 0.999999998997
  1.00782803   1.63704354 122.99321873  2735.174524262547 2735.111266377066 0.063257885481 0.999999998996
  1.05127149   1.73631771 116.37537654  2736.983466684818 2735.445964696836 1.537501987983 0.999999998993
  0.89328390   1.63818691 119.15004545  2737.533763945103 2734.151769697527 3.381994247575 0.999999998993
  0.96446195   1.64862796 124.96762015  2737.605050995946 2739.737969213551 -2.132918217605 0.999999998993
  1.00049357   1.59904986  91.25471138  2741.173019424081 2745.041321953799 -3.868302529718 0.999999998988
  1.00403125   1.56651777 116.96487190  2743.803681105375 2747.550977927010 -3.747296821635 0.999999998985
  0.88925459   1.82358806 103.00000000  2753.336318954825 2752.815282498120 0.521036456706 0.999999998973
  0.96446195   1.90291766  93.95378052  2756.042095214128 2753.935607119081 2.106488095047 0.999999998970
  0.90983867   1.74079054  84.75205775  2756.275155827403 2753.998657499307 2.276498328096 0.999999998970
  0.98307283   1.89389482  90.93757805  2756.707331120968 2757.879579813006 -1.172248692038 0.999999998969
  1.07196268   1.66015841 114.90241732  2757.054704621434 2759.243290329302 -2.188585707868 0.999999998969
  0.87327310   1.78068999 101.76230305  2759.317675322294 2763.255233841552 -3.937558519257 0.999999998966
  0.94677031   1.54839389 114.70060730  2759.916156977415 2763.464380386392 -3.548223408977 0.999999998965
  0.93484687   1.61208469 123.38208002  2762.429645866156 2763.376139387028 -0.946493520872 0.999999998962
  1.09838701   1.68888476 105.56732001  2762.938025489450 2764.013193332016 -1.075167842566 0.999999998961
  0.88295488   1.58967548 103.00000000  2763.044060215354 2763.592271832978 -0.548211617624 0.999999998961
  1.02214900   1.85898347 106.42298929  2763.546653032303 2766.875734349862 -3.329081317559 0.999999998961
  1.03562659   1.60182289  93.90251100  2764.583273351192 2764.719637472552 -0.136364121360 0.999999998959
  1.09464366   1.71654922  96.53603777  2764.804423764348 2765.250377838415 -0.445954074067 0.999999998959
  0.96446195   1.81463109 116.74297449  2765.439064398408 2766.673433789592 -1.234369391184 0.999999998958
  0.95768004   1.89863349 101.73506786  2768.145150065422 2767.724551327339 0.420598738083 0.999999998955
  0.86098773   1.67748552 103.00000000  2772.219341441989 2768.234551261073 3.984790180916 0.999999998950
  1.09370903   1.64778125 103.00000000  2774.643491372466 2770.989863217705 3.653628154761 0.999999998947
  0.90156023   1.56225429 106.72330482  2774.646377280354 2770.575676852819 4.070700427536 0.999999998947
  0.89590574   1.83858284 103.00000000  2779.728110685945 2775.619490812913 4.108619873031 0.999999998940
  1.08034315   1.70654110 112.58384150  2780.910429030657 2784.090095434567 -3.179666403910 0.999999998939
  0.93298664   1.84870838 111.02253903  2784.699775502086 2786.305621255884 -1.605845753799 0.999999998934
  0.96446195   1.89698492 103.00000000  2787.268438771367 2784.382970896458 2.885467874909 0.999999998931
  0.96446195   1.68888476  83.00000000  2787.426649197936 2784.361425564540 3.065223633396 0.999999998931
  0.87934883   1.80378534 100.77544085  2791.096425279975 2785.651945391773 5.444479888202 0.999999998926
  0.96446195   1.64434072 125.12933864  2791.271997138858 2786.175783325356 5.096213813501 0.999999998926
  1.05986951   1.83381499  97.71984274  2791.530256822705 2788.543829021568 2.986427801137 0.999999998925
  1.07195734   1.80622075 103.00000000  2798.793260827661 2796.561238700590 2.232022127071 0.999999998916
  0.99135407   1.83625940 113.76898060  2799.435730352998 2796.827459490922 2.608270862076 0.999999998915
  0.87534421   1.60276322 103.00000000  2801.797843456268 2805.815974611450 -4.018131155181 0.999999998912
  0.92591654   1.57057244 118.79098740  2803.770174950361 2806.248147284380 -2.477972334018 0.999999998909
  0.90244962   1.82228027 109.76353388  2805.306342020631 2809.742136162537 -4.435794141907 0.999999998907
  1.04240056   1.70595575  85.80261579  2806.122905805707 2805.383162355230 0.739743450477 0.999999998906
  0.96446195   1.68888476  82.91457286  2808.079108074307 2809.585514807364 -1.506406733056 0.999999998904
  0.95201845   1.71080736  82.30674969  2812.188340440392 2810.796200159857 1.392140280535 0.999999998898
  0.98672344   1.79293558  81.82593248  2815.426441699266 2815.487978153052 -0.061536453786 0.999999998894
  1.01784447   1.88346318 100.45602409  2815.518001362681 2816.722318296767 -1.204316934086 0.999999998894
  0.86140590   1.67972952  99.93893104  2821.989653229713 2819.482678109735 2.506975119979 0.999999998885
  1.08287791   1.78730433  97.25110236  2822.152769580483 2820.773181466707 1.379588113776 0.999999998885
  0.96446195   1.89606064  90.04393448  2822.440996572375 2823.534078814095 -1.093082241720 0.999999998885
  0.86109584   1.68888476 106.39046391  2827.649653032422 2823.309482664832 4.340170367590 0.999999998878
  0.93133524   1.74229424 121.66646139  2827.966869235039 2828.320551094104 -0.353681859065 0.999999998877
  0.96446195   1.82994654  82.80594542  2830.150661900640 2827.144262748524 3.006399152116 0.999999998874
  0.96446195   1.86102987  84.90680517  2831.601151049137 2829.564539371612 2.036611677525 0.999999998872
  0.95336425   1.88611114  88.40368586  2832.653727293015 2830.993480047322 1.660247245693 0.999999998871
  0.93533122   1.73391187  82.36077580  2833.835329458117 2834.513293140272 -0.677963682154 0.999999998869
  0.89778183   1.76132857  86.29112400  2834.838681310415 2833.479285512874 1.359395797541 0.999999998868
  1.05453552   1.75243314  86.51885497  2843.681509107351 2843.813364475363 -0.131855368012 0.999999998856
  1.02866528   1.84742232 108.32171574  2845.097083479166 2847.846041881945 -2.748958402778 0.999999998854
  1.03036949   1.63930403 121.49955649  2846.606774643064 2847.923596114120 -1.316821471056 0.999999998852
  1.10210148   1.68888476 103.83071870  2847.043894141912 2845.898338559365 1.145555582548 0.999999998851
  1.03696781   1.86089997 103.00000000  2852.001734241843 2851.110684108515 0.891050133328 0.999999998844
  0.96446195   1.88508809 107.05578228  2852.777982488275 2852.443933928081 0.334048560194 0.999999998843
  0.96446195   1.55581521 118.05341857  2855.892608001828 2852.572996773230 3.319611228599 0.999999998839
  0.89473482   1.84569350 100.41136530  2860.083127409220 2859.677549372093 0.405578037126 0.999999998833
  0.92883770   1.89405937  97.16415144  2861.367090672255 2860.619708551827 0.747382120427 0.999999998831
  1.03181650   1.86696690 103.00000000  2861.519800066948 2861.928460749622 -0.408660682674 0.999999998831
  1.08441409   1.68888476 112.70162296  2862.025765448809 2863.184062796707 -1.158297347898 0.999999998830
  0.99107068   1.54572603 103.00000000  2863.170838892460 2862.264397664791 0.906441227669 0.999999998829
  1.10189533   1.68888476 100.12129280  2863.798982694745 2862.788623152251 1.010359542494 0.999999998828
  1.05236135   1.75814232  86.17100846  2864.157170668244 2864.175617605115 -0.018446936871 0.999999998827
  1.04526772   1.68888476  86.48615373  2865.826544523239 2863.872183772166 1.954360751073 0.999999998825
  0.96446195   1.67656657 125.37334577  2866.982394665480 2866.171065991285 0.811328674195 0.999999998823
  1.09971838   1.68888476 106.84932749  2867.452194258571 2868.289359419333 -0.837165160763 0.999999998823
  0.96446195   1.68888476 125.12562814  2868.050223156810 2866.973101496052 1.077121660758 0.999999998822
  0.96446195   1.54846536 116.18165024  2870.157076507807 2868.281613218624 1.875463289183 0.999999998819
  1.10301508   1.68888476 103.00000000  2870.916862592101 2868.395178090529 2.521684501572 0.999999998818
  0.96446195   1.84566596 113.72842244  2871.972491815686 2870.217735431220 1.754756384466 0.999999998816
  1.09389912   1.68888476 109.73458470  2876.833161920309 2870.619490175897 6.213671744412 0.999999998809
  0.99064534   1.89959640  91.54271783  2878.028531283140 2881.255251041203 -3.226719758063 0.999999998808
  0.88372967   1.68888476  89.46816640  2882.803214788437 2880.072567365949 2.730647422488 0.999999998801
  0.92999546   1.77354161 119.65552200  2884.302309006453 2887.620007815825 -3.317698809373 0.999999998799
  1.00177332   1.61483162 123.32517874  2885.612908735871 2885.740475450639 -0.127566714767 0.999999998797
  0.93211956   1.84589655  85.11135941  2886.087956503034 2883.724638362557 2.363318140477 0.999999998796
  0.95012498   1.90705700  94.71472182  2886.440373376012 2885.467446353303 0.972927022709 0.999999998796
  1.08880466   1.72010258  92.93271761  2887.048989474773 2884.984369882329 2.064619592445 0.999999998795
  0.96446195   1.63066048 125.32568030  2887.625680118799 2887.642471825082 -0.016791706283 0.999999998794
  0.96446195   1.68492681 125.29683009  2888.530596435070 2885.902142188369 2.628454246701 0.999999998793
  0.92648707   1.83715251 112.68904145  2888.538006544113 2893.247526124497 -4.709519580384 0.999999998793
  1.06386579   1.82650901 103.00000000  2890.602301210165 2891.797010571994 -1.194709361829 0.999999998790
  0.96446195   1.82988144 115.77904668  2890.952395677567 2891.526600201848 -0.574204524282 0.999999998789
  1.06514443   1.59320239 101.39628737  2894.765433907509 2892.924129081565 1.841304825944 0.999999998783
  1.05261464   1.66561630 119.27424802  2894.928869292140 2895.117249621259 -0.188380329119 0.999999998783
  0.91212493   1.64133030 123.02504620  2895.309182286263 2893.687991130321 1.621191155942 0.999999998783
  1.04253441   1.85677346 103.00000000  2895.317847475410 2896.469864191416 -1.152016716007 0.999999998783
  0.97205937   1.56053703  96.37389735  2896.292151376605 2897.445540502382 -1.153389125777 0.999999998781
  1.01808249   1.58689435  93.73913477  2897.148396208882 2897.145806000339 0.002590208543 0.999999998780
  1.10142073   1.73009324 101.85872133  2898.619018688798 2898.253665827677 0.365352861121 0.999999998778
  1.03450953   1.56365526 103.00000000  2899.505582153797 2904.143141130655 -4.637558976858 0.999999998777
  0.96446195   1.53689144 110.05898964  2899.620967164636 2905.672284951963 -6.051317787327 0.999999998776
  1.10387384   1.68888476 101.23301892  2901.059710979462 2906.844960175755 -5.785249196294 0.999999998774
  0.96446195   1.91181299  97.60510533  2904.345559373498 2908.603947095830 -4.258387722332 0.999999998769
  0.96446195   1.60200273  89.25112665  2905.653506726027 2908.207714132135 -2.554207406109 0.999999998767
  0.96446195   1.84128745 114.54467133  2914.971757724881 2912.127385692816 2.844372032065 0.999999998754
  0.95516933   1.60686342  88.74794523  2916.497823134065 2912.924321149734 3.573501984331 0.999999998751
  0.86823302   1.71583660 111.20894790  2917.573563665152 2916.307693774807 1.265869890345 0.999999998750
  0.87144509   1.68505376 114.17028072  2918.020213350654 2917.876818899852 0.143394450802 0.999999998749
  1.07581452   1.68888476 115.16657255  2919.838097870350 2919.142683064350 0.695414806000 0.999999998746
  0.98365771   1.71148791  81.83315049  2920.027891337872 2920.210380851350 -0.182489513478 0.999999998746
  0.96446195   1.90326633 103.00000000  2923.712418079376 2923.711603425274 0.000814654103 0.999999998740
  0.96446195   1.65700905 125.78839677  2927.498471394181 2925.181201427615 2.317269966567 0.999999998735
  0.94511761   1.89866075 103.00000000  2930.340722963214 2927.015801905281 3.324921057932 0.999999998730
  0.97262954   1.68888476  82.51555301  2931.106444224715 2927.077768947958 4.028675276757 0.999999998729
  0.96446195   1.86730460 111.02650261  2931.179480388761 2931.961113846822 -0.781633458062 0.999999998729
  1.09417273   1.63504518 103.00000000  2932.372487232089 2934.905543159716 -2.533055927627 0.999999998727
  1.08277643   1.71308150 112.89477944  2934.215534955263 2937.951061228050 -3.735526272787 0.999999998725
  1.08683799   1.67638396  93.47170556  2935.839779645205 2934.749998216057 1.089781429148 0.999999998722
  0.96446195   1.53673810 110.96638235  2938.636521235108 2938.638463272339 -0.001942037230 0.999999998718
  1.08758838   1.62015116 103.00000000  2938.800764873624 2940.602434873947 -1.801670000323 0.999999998717
  1.02310789   1.68888476  84.27072776  2939.187346547842 2941.512952104964 -2.325605557122 0.999999998717
  0.96158315   1.66489952  83.70183953  2939.801930531859 2945.670565624906 -5.868635093047 0.999999998716
  1.02408774   1.68888476  84.32376893  2940.875927999616 2945.230680784937 -4.354752785321 0.999999998714
  0.97871692   1.84290486 114.39438612  2942.522113934159 2946.156514520848 -3.634400586689 0.999999998712
  0.97022449   1.58597280  91.27851883  2945.876177638769 2948.512413326980 -2.636235688210 0.999999998707
  0.90388776   1.68888476  85.82154377  2948.487834215164 2948.983001066198 -0.495166851033 0.999999998702
  1.07189898   1.68888476  89.61168237  2952.248408734798 2950.679525160701 1.568883574097 0.999999998697
  1.07839996   1.60936956 109.99853364  2955.014313206077 2953.996176970590 1.018136235487 0.999999998692
  1.10509041   1.68104555 103.00000000  2955.689277082682 2956.998619630884 -1.309342548202 0.999999998691
  0.96446195   1.68888476 125.50000000  2958.322560086846 2957.147019369826 1.175540717020 0.999999998687
  1.09916429   1.64748449 103.00000000  2962.231014654040 2961.297420357979 0.933594296062 0.999999998681
  1.07937662   1.80258826 103.00000000  2968.806121200323 2966.643057906266 2.163063294057 0.999999998670
  0.89055995   1.68817312 119.72005320  2969.422315448523 2969.062462663732 0.359852784791 0.999999998669
  0.89672567   1.83498700 107.19047698  2978.540448397398 2978.994305472985 -0.453857075587 0.999999998655
  1.05499535   1.78955637 112.80250527  2982.687581792474 2984.699814934960 -2.012233142486 0.999999998648
  1.06071444   1.60865341  95.38360670  2982.966255202889 2985.593968047354 -2.627712844465 0.999999998648
  0.96046147   1.71362021  81.47343051  2984.974565804005 2987.590512312700 -2.615946508695 0.999999998644
  0.89133669   1.84064458 103.00000000  2986.725362569094 2989.014435252976 -2.289072683883 0.999999998642
  0.93880343   1.89803335  90.83762268  2987.070340439677 2989.458515221887 -2.388174782210 0.999999998641
  0.87379805   1.67762846 115.72815049  2990.330552369356 2990.667425170685 -0.336872801329 0.999999998636
  0.96446195   1.56565330 120.86183876  2990.535885155201 2991.405689802828 -0.869804647627 0.999999998635
  1.10077293   1.74667313 102.15404195  2992.777626380324 2991.872659064334 0.904967315991 0.999999998632
  0.95012640   1.54857746  99.24558227  2993.190629705787 2993.394245787218 -0.203616081431 0.999999998631
  0.96446195   1.84016058  82.47211250  2993.253779798746 2996.847018726636 -3.593238927890 0.999999998631
  0.97334869   1.68888476 125.57516431  2993.989574760199 2996.567366090869 -2.577791330670 0.999999998630
  1.07814222   1.60175638 103.00000000  2994.974544718862 3001.199560776674 -6.225016057813 0.999999998628
  0.96446195   1.53894472 103.00000000  2997.509229928255 3001.047419991429 -3.538190063174 0.999999998624
  0.85934084   1.72236414  99.78071196  2999.078195944428 3004.064771892397 -4.986575947969 0.999999998621
  0.96446195   1.53888476 103.00000000  3001.879490762949 3003.770799069619 -1.891308306670 0.999999998617
  0.95017931   1.53879238 113.48188860  3001.980362862349 3006.802765235006 -4.822402372657 0.999999998616
  0.97013558   1.68888476 125.66306678  3012.055667117238 3006.776067811397 5.279599305841 0.999999998600
  0.99339396   1.70367565 124.56654274  3014.053821712732 3007.379766823919 6.674054888813 0.999999998596
  1.10735148   1.70034079 103.00000000  3017.216559097171 3020.697095705460 -3.480536608290 0.999999998591
  0.90653562   1.68888476  85.23399102  3018.095000103116 3021.283396714367 -3.188396611250 0.999999998589
  0.96446195   1.68888476  82.21105528  3018.433438032866 3021.979613958083 -3.546175925218 0.999999998589
  1.10706289   1.70298919 100.43384062  3020.116490513086 3023.377690978623 -3.261200465537 0.999999998586
  0.86833686   1.77804508 103.00000000  3021.966436311603 3023.891794767344 -1.925358455741 0.999999998583
  1.00127265   1.89871780 103.00000000  3022.576708465815 3027.342671581787 -4.765963115973 0.999999998582
  0.88127084   1.68888476  89.29797040  3025.655492112041 3025.247124297479 0.408367814561 0.999999998577
  0.99923865   1.89980568 103.00000000  3029.233493790030 3027.672894764719 1.560599025311 0.999999998570
  0.91434777   1.57723896  95.05347530  3031.790448039770 3027.836072914926 3.954375124844 0.999999998566
  0.96446195   1.77005331 121.85072882  3034.075499147177 3025.906082634231 8.169416512946 0.999999998562
  0.98557439   1.67015287 125.70680406  3034.484319463372 3028.814905005316 5.669414458056 0.999999998561
  1.10552863   1.68888476 105.95848279  3034.613718181849 3029.687338151801 4.926380030047 0.999999998561
  1.04562055   1.86004964 103.00000000  3037.904845505953 3033.223643996615 4.681201509337 0.999999998556
  1.05641791   1.84601870 103.00000000  3039.079182505608 3037.444064875200 1.635117630407 0.999999998553
  0.99634301   1.90892544  99.68193169  3039.534950375557 3037.368855055377 2.166095320179 0.999999998553
  0.96446195   1.68888476 125.82914573  3041.604701548815 3037.380949727259 4.223751821556 0.999999998549
  0.93022659   1.60265526 123.90201089  3042.535755336285 3039.952753490722 2.583001845563 0.999999998547
  1.07151823   1.68888476 116.81302300  3043.439604878426 3042.706616321207 0.732988557219 0.999999998546
  0.96446195   1.84332838 115.06442815  3043.874419555068 3041.851593918812 2.022825636256 0.999999998545
  1.06300211   1.74720605 115.60002255  3047.460969612002 3045.913831654264 1.547137957738 0.999999998539
  0.96446195   1.69059352  82.06978035  3048.329900354147 3043.010677737074 5.319222617073 0.999999998537
  0.97491916   1.68888476 125.73712345  3049.902437835932 3042.958427269482 6.944010566449 0.999999998535
  0.96446195   1.88330147  85.71283933  3050.753444790840 3047.787021776354 2.966423014486 0.999999998533
  0.96446195   1.77226157 121.78786325  3052.265278935432 3047.104678440553 5.160600494880 0.999999998530
  0.95842506   1.90798163 103.10704186  3054.035012125969 3052.307816384245 1.727195741724 0.999999998527
  1.04077786   1.87403708  95.01651214  3054.086167365313 3055.582256332002 -1.496088966689 0.999999998527
  0.89621707   1.72706795  85.46191897  3055.849737301469 3053.302782111355 2.546955190114 0.999999998524
  0.86390356   1.66198053 112.04094880  3055.885490253568 3056.535619396499 -0.650129142931 0.999999998524
  1.03667496   1.84048985 109.91673532  3058.888910993934 3062.933519936770 -4.044608942836 0.999999998519
  1.10611178   1.71951482 104.31354764  3059.172879651189 3060.530320653802 -1.357441002613 0.999999998518
  0.91735855   1.65258031 124.43563264  3059.925029084086 3059.921942113425 0.003086970661 0.999999998517
  1.03857547   1.58739542  95.12189412  3060.801986649632 3062.557787938349 -1.755801288716 0.999999998515
  0.91398437   1.54964800 103.00000000  3061.671207204461 3063.562713893853 -1.891506689392 0.999999998514
  1.08735288   1.62873468  98.06631387  3067.296509012580 3064.016912863487 3.279596149093 0.999999998504
  0.97238970   1.84524525  82.36127640  3070.065724313259 3069.161192970269 0.904531342991 0.999999998499
  0.96446195   1.91930210  97.37656106  3074.638590142131 3069.233243697662 5.405346444469 0.999999998490
  0.95129781   1.91687694  97.20298561  3075.617425858974 3071.306401495152 4.311024363823 0.999999998489
  0.94803122   1.91047667 101.37434409  3075.739163011312 3073.885769048615 1.853393962698 0.999999998488
  0.90109352   1.86271801 103.00000000  3076.627784356475 3076.969801138973 -0.342016782498 0.999999998487
  0.96446195   1.74517606  80.48690029  3077.042189151049 3078.760124167932 -1.717935016884 0.999999998486
  1.03122745   1.72322800 121.36385866  3077.581311687827 3079.370841295352 -1.789529607525 0.999999998485
  0.99912757   1.65472462  84.44802107  3079.883783489466 3079.537582505869 0.346200983597 0.999999998481
  0.91360438   1.68888476  84.29745443  3081.107916414738 3080.031652296002 1.076264118735 0.999999998479
  0.88879255   1.63113975 119.95771959  3082.148076787591 3080.162346820265 1.985729967326 0.999999998477
  0.95875969   1.55645581  96.21179607  3084.394426077604 3086.479661494861 -2.085235417257 0.999999998473
  0.93541979   1.86765289 110.51743065  3087.553544998169 3089.113064236080 -1.559519237911 0.999999998467
  1.03726535   1.68483918 122.02280332  3087.693770319223 3089.734030390730 -2.040260071507 0.999999998467
  0.99548740   1.90344786 103.32454117  3088.084798544645 3089.327002100382 -1.242203555737 0.999999998466
  0.96446195   1.71949542  80.93395770  3091.198616579175 3090.480731568074 0.717885011101 0.999999998460
  1.10588396   1.66012286 102.75534720  3091.668747782707 3090.099722642480 1.569025140227 0.999999998459
  0.96446195   1.68190204  82.30417121  3094.911823526025 3091.450635693881 3.461187832144 0.999999998453
  1.08040611   1.72925138  89.31155014  3096.410798579454 3092.524794423657 3.886004155798 0.999999998450
  1.09607060   1.68888476 111.34736839  3099.343743443489 3098.724711995654 0.619031447835 0.999999998445
  0.96446195   1.89017303 108.33223017  3101.901411175728 3101.901986226721 -0.000575050994 0.999999998440
  1.09724789   1.70707638 110.43418864  3104.300906643271 3103.678337676564 0.622568966707 0.999999998436
  0.86869866   1.78764146  98.39221396  3104.337009072304 3104.648849847365 -0.311840775061 0.999999998436
  0.96446195   1.87550132  84.44021172  3109.821486845613 3107.484871629998 2.336615215615 0.999999998425
  0.92303061   1.89182892 103.00000000  3110.016368776560 3110.375698344421 -0.359329567861 0.999999998425
  0.97286451   1.53483994 104.47359888  3117.059664979577 3112.505627346187 4.554037633390 0.999999998412
  0.95017619   1.68888476 126.00249925  3117.645897075534 3113.207319778783 4.438577296751 0.999999998410
  0.96446195   1.90526423  88.55669889  3119.483048960567 3116.180963801655 3.302085158911 0.999999998407
  0.87026260   1.66495017 115.51162851  3120.264942809939 3122.079172030708 -1.814229220769 0.999999998405
  0.86598882   1.60812688 106.37953515  3120.504951983690 3124.813545305402 -4.308593321712 0.999999998405
  0.95382653   1.54974511 118.62934179  3121.716070845723 3126.251759993298 -4.535689147575 0.999999998403
  0.92631226   1.82531662 115.68562980  3135.719801709056 3143.503990816863 -7.784189107807 0.999999998376
  1.11055276   1.68888476 103.00000000  3136.079665422440 3137.159620008514 -1.079954586075 0.999999998375
  0.97642557   1.72361466  80.68041035  3144.396315559745 3137.725326037323 6.670989522422 0.999999998359
  1.05608983   1.85691250  94.20007652  3144.418061241508 3150.628493713808 -6.210432472301 0.999999998359
  1.06672161   1.67078983  88.75145088  3144.555551141500 3147.918441275976 -3.362890134475 0.999999998358
  1.00707471   1.90973877  94.32689868  3153.098708286881 3153.528077835027 -0.429369548146 0.999999998341
  1.04835337   1.56617826 103.00000000  3154.105768531561 3153.641136233656 0.464632297905 0.999999998339
  0.95975026   1.70543920 125.78980714  3156.808854371309 3151.899485192951 4.909369178358 0.999999998334
  0.96446195   1.74355162 124.44902117  3157.993489876390 3243.595112511485 -85.601622635096 0.999999998332
  0.98337607   1.75894357 122.93745507  3158.977338701487 3166.194178245757 -7.216839544270 0.999999998330
  0.85859636   1.73950169 103.00000000  3159.762436509132 3156.575621004062 3.186815505070 0.999999998328
  1.05411246   1.69127412 120.17905031  3159.838104605675 3161.867002019489 -2.028897413814 0.999999998328
  0.96446195   1.90854602  88.73968755  3162.618367284536 3161.647163624422 0.971203660114 0.999999998322
  0.96446195   1.61633018  86.74757175  3162.952746778727 3161.827931895394 1.124814883333 0.999999998322
  1.00442671   1.78885727  80.96649171  3163.190212681890 3163.744629977174 -0.554417295285 0.999999998321
  1.08389670   1.80402478 103.75187565  3164.234369531274 3165.815202744971 -1.580833213697 0.999999998319
  1.08201512   1.60259385 109.45750537  3164.723513662815 3162.394069962179 2.329443700636 0.999999998318
  1.02034483   1.58485447  92.91229575  3166.090024739504 3168.479932627885 -2.389907888381 0.999999998315
  0.85455870   1.68888476 102.35065939  3167.900581151247 3170.566332498994 -2.665751347747 0.999999998312
  1.08201793   1.69466226 115.43451277  3168.717089027166 3173.263679850951 -4.546590823785 0.999999998310
  1.11095595   1.68888476 100.58724189  3169.710685983300 3172.572259669410 -2.861573686110 0.999999998308
  0.99308416   1.68888476  82.04180776  3170.732332676649 3172.786129938073 -2.053797261424 0.999999998306
  0.85446195   1.68888476 103.00000000  3171.150029703975 3173.084597863691 -1.934568159716 0.999999998305
  0.96446195   1.57445458  92.12369748  3174.069204136729 3174.828507900314 -0.759303763585 0.999999998299
  0.96446195   1.79741259  80.22969215  3177.547436758876 3178.435190142003 -0.887753383127 0.999999998292
  0.98913845   1.71007940  81.11651620  3177.593745142221 3179.785481560855 -2.191736418633 0.999999998292
  0.97836319   1.68888476  81.73234928  3177.622683748603 3180.876538257238 -3.253854508635 0.999999998292
  1.10623984   1.74425893 103.00000000  3181.957023516297 3182.507938403563 -0.550914887265 0.999999998283
  1.00095782   1.61234273 124.66189469  3183.401581585407 3185.288057529845 -1.886475944438 0.999999998280
  0.96446195   1.92505993  96.67766056  3186.627397596836 3190.188941603749 -3.561544006913 0.999999998273
  0.85428147   1.69313713 103.00000000  3190.052581414580 3188.742141965035 1.310439449545 0.999999998266
  0.92740143   1.88875212 106.09683159  3190.274522185326 3193.535452343495 -3.260930158170 0.999999998266
  0.96446195   1.72990193  80.34972946  3190.323985472322 3194.382105260764 -4.058119788442 0.999999998266
  1.10433493   1.68888476 109.30462852  3192.249294131994 3195.326266381729 -3.076972249734 0.999999998262
  0.87910898   1.68613527 118.39153601  3192.883640557528 3197.961496649190 -5.077856091662 0.999999998260
  1.09919968   1.65812190  96.44679351  3193.288216158748 3196.136415058713 -2.848198899965 0.999999998259
  0.96446195   1.61829040  86.43101773  3195.625289931893 3197.873012784205 -2.247722852311 0.999999998255
  1.01019936   1.54578355 101.97690423  3196.651098132133 3201.144456124900 -4.493357992767 0.999999998252
  0.96412112   1.54136775  99.91471877  3197.467688217759 3201.192943722765 -3.725255505006 0.999999998251
  0.90274906   1.72460463 121.43335801  3200.527237981558 3208.727782654705 -8.200544673147 0.999999998244
  0.97045118   1.54617456  98.34452413  3207.224638953805 3204.386992692587 2.837646261218 0.999999998230
  1.00678301   1.78182483 120.36456582  3209.721700012684 3201.870987197703 7.850712814981 0.999999998225
  0.96446195   1.91582915 103.00000000  3212.297678679228 3207.191520603475 5.106158075753 0.999999998219
  0.86379107   1.72467885 110.87896809  3212.518911480904 3209.304183398081 3.214728082823 0.999999998219
  0.88827056   1.83942852 105.00469860  3215.041270330548 3212.236659532740 2.804610797808 0.999999998213
  0.96446195   1.68888476 126.53266332  3216.740282028913 3211.824234574451 4.916047454463 0.999999998210
  1.08684953   1.80218919 103.41291617  3217.118509843946 3215.644067431654 1.474442412291 0.999999998209
  0.93775425   1.68888476  82.24110180  3217.615145668387 3216.175990157491 1.439155510896 0.999999998208
  0.87193548   1.70067140 115.89718127  3218.199966728687 3223.591762132320 -5.391795403632 0.999999998207
  1.00134864   1.64567908  84.68884808  3218.479870468378 3223.653765202992 -5.173894734614 0.999999998206
  0.89613560   1.55807858 103.25175488  3222.845149263740 3226.813740307081 -3.968591043341 0.999999998197
  0.85369340   1.69281720 103.20674435  3224.112026184797 3227.749023261314 -3.636997076516 0.999999998194
  0.90961170   1.73093073  82.98943894  3225.704089060426 3229.306551289961 -3.602462229535 0.999999998190
  0.96446195   1.53386676 114.12744839  3226.063451036811 3231.909497622082 -5.846046585271 0.999999998190
  0.95014138   1.87754367  84.27604180  3227.981685310602 3234.093598426356 -6.111913115754 0.999999998185
  0.89004718   1.58187438  97.42656945  3236.621478140354 3236.192179412183 0.429298728171 0.999999998167
  0.91497233   1.86941355 108.15417741  3239.127771601081 3242.387275263551 -3.259503662470 0.999999998161
  0.96446195   1.68888476  81.50753769  3241.222620591521 3242.738505861667 -1.515885270146 0.999999998156
  1.01217177   1.90202547 103.00000000  3243.380925640464 3247.405976042816 -4.025050402352 0.999999998152
  0.96446195   1.75948066  79.78242676  3245.560909077525 3247.068969551644 -1.508060474119 0.999999998147
  0.90632165   1.54863023 112.62574818  3247.815172761679 3248.678250737786 -0.863077976107 0.999999998142
  0.92027462   1.89441733  90.81306439  3251.400416746736 3251.402149496342 -0.001732749607 0.999999998134
  0.99692893   1.53926294 114.00180099  3252.296479970217 3250.081394513202 2.215085457015 0.999999998132
  1.03356114   1.68888476 123.08881782  3252.906208366156 3254.851293186139 -1.945084819983 0.999999998130
  1.01941225   1.58398223 121.25760977  3254.040951624513 3254.204676936954 -0.163725312442 0.999999998128
  1.10368456   1.72467745  94.32207671  3254.369773775339 3253.779892945851 0.589880829488 0.999999998127
  1.05749363   1.61609744 118.92051925  3255.701926827431 3253.883671573496 1.818255253935 0.999999998124
  1.08442268   1.68888476  90.07667593  3257.059496924281 3254.576388896350 2.483108027931 0.999999998121
  1.09635982   1.68888476  92.67495054  3259.097724020481 3261.084487948701 -1.986763928220 0.999999998116
  1.10127742   1.76194886  95.39389758  3260.640892371535 3264.063488169199 -3.422595797664 0.999999998113
  0.89456167   1.68888476  85.84665104  3263.857629910111 3263.597555102308 0.260074807804 0.999999998106
  0.93554521   1.86759668  84.21085999  3266.943779528141 3266.704820713884 0.238958814257 0.999999998099
  1.11306472   1.69963401 104.87839236  3267.221423342824 3267.591934123589 -0.370510780765 0.999999998098
  1.02740796   1.73119307  82.02877855  3269.779470294714 3267.774775236123 2.004695058591 0.999999998092
  1.09679297   1.68888476 112.67002600  3272.420558989048 3271.560583173524 0.859975815524 0.999999998086
  0.99773382   1.88932112 108.54502535  3273.278730183840 3273.587273233599 -0.308543049759 0.999999998084
  0.86021947   1.76035853 103.00000000  3274.122667431831 3273.004845931343 1.117821500489 0.999999998082
  1.04541467   1.84505911 109.28675926  3276.328329712152 3278.762260285557 -2.433930573405 0.999999998077
  1.11446195   1.68888476 103.00000000  3277.119529575109 3279.460340586464 -2.340811011354 0.999999998075
  1.11038088   1.68888476  97.62412643  3277.863302111626 3278.813953369189 -0.950651257563 0.999999998074
  0.88938920   1.70429185  86.07547100  3278.309879764915 3278.400513661446 -0.090633896532 0.999999998072
  0.96446195   1.78176457 122.12192271  3279.237896844745 3279.558425901890 -0.320529057145 0.999999998070
  1.10338395   1.75171081  95.15448142  3281.237793162465 3282.098992776498 -0.861199614033 0.999999998066
  1.04944394   1.56331514 103.00000000  3281.676573961973 3282.810197650222 -1.133623688248 0.999999998065
  0.85931404   1.66487516  96.55283444  3282.651308178902 3285.239999713366 -2.588691534464 0.999999998062
  1.00370296   1.53692745 105.04350477  3282.870817974210 3288.668733902261 -5.797915928052 0.999999998062
  0.85904522   1.73845654 106.97161027  3283.724951863289 3289.990250596534 -6.265298733245 0.999999998060
  1.03092308   1.68888476  83.51303603  3287.819245114923 3291.124012897000 -3.304767782078 0.999999998050
  0.96446195   1.78082906  79.61505452  3288.173702135682 3293.907790309463 -5.734088173780 0.999999998050
  0.96446195   1.57887797  90.91720304  3288.295741394162 3292.745198181324 -4.449456787162 0.999999998049
  0.86873441   1.78879450 105.64826069  3288.591085761786 3293.257817793337 -4.666732031552 0.999999998049
  0.92710484   1.55143903 118.54160245  3291.322597935796 3293.904609224691 -2.582011288895 0.999999998042
  0.96446195   1.53266332 103.00000000  3291.896045252681 3294.821930620022 -2.925885367341 0.999999998041
  0.96446195   1.57938412  90.81817221  3292.735845908523 3298.020554806383 -5.284708897861 0.999999998039
  1.06703050   1.57763650 103.00000000  3295.851166218519 3300.297123827874 -4.445957609355 0.999999998031
  1.05252918   1.67397655  86.13568580  3296.175916805863 3299.523772424112 -3.347855618249 0.999999998031
  0.96446195   1.90175558 107.76807920  3298.251425877213 3301.805622214477 -3.554196337264 0.999999998026
  1.06971681   1.72848734  86.30701625  3300.578307166696 3301.635890028695 -1.057582861999 0.999999998020
  0.92233957   1.89617203  89.92571181  3308.485399365425 3304.028083365033 4.457316000392 0.999999998001
  0.96446195   1.59989175  88.02855704  3310.238598927855 3306.947396996850 3.291201931005 0.999999997997
  1.09702068   1.79171406  99.26437778  3310.995276317000 3309.451605249259 1.543671067742 0.999999997995
  1.07275905   1.68888476 118.17206744  3312.073918849230 3311.278080147442 0.795838701787 0.999999997993
  0.96572131   1.85797980  81.86244197  3314.994874209166 3313.979799611058 1.015074598108 0.999999997986
  0.96446195   1.88474423 111.03672672  3315.893731057644 3318.659867660399 -2.766136602756 0.999999997984
  0.85594739   1.73780630 103.36542879  3318.537779971957 3319.013368496520 -0.475588524563 0.999999997977
  0.96446195   1.64362173  83.87836578  3319.346319243312 3321.932287205277 -2.585967961965 0.999999997975
  1.06310738   1.57823411 112.50437842  3320.228174850345 3320.651285003480 -0.423110153135 0.999999997973
  1.03268964   1.69361612  83.32078321  3321.603828683496 3322.796359846613 -1.192531163117 0.999999997970
  0.90841039   1.59685646 122.76391166  3327.041606619954 3323.233330082785 3.808276537169 0.999999997956
  0.96446195   1.92860130  92.72863553  3327.492652386427 3325.453518228045 2.039134158382 0.999999997955
  0.86965395   1.68888476 116.25474168  3331.087406411767 3328.060327875082 3.027078536685 0.999999997946
  0.92172728   1.81073966 117.79171479  3333.016138747334 3336.048602032870 -3.032463285536 0.999999997942
  1.08115550   1.82256000 102.84119637  3334.803919926286 3329.585039447162 5.218880479124 0.999999997937
  0.96446195   1.79127350 121.60909499  3335.576046526432 3328.829410677942 6.746635848490 0.999999997935
  0.96535550   1.67792788 127.23201230  3337.850866764784 3331.112902097861 6.737964666922 0.999999997930
  0.96446195   1.79536341  79.57980884  3339.161475405097 3340.156261808090 -0.994786402993 0.999999997926
  1.05792426   1.86715074  99.28689146  3339.204478055239 3340.228459001922 -1.023980946683 0.999999997926
  0.96446195   1.61414711 126.74384370  3340.762660354376 3340.200321120432 0.562339233943 0.999999997922
  1.11573811   1.70980930 103.00000000  3344.451478227973 3341.138337686959 3.313140541014 0.999999997913
  1.00720252   1.69820986 125.36886327  3347.711609184742 3341.980516094501 5.731093090241 0.999999997905
  0.92532420   1.88938632 107.12172455  3349.851361498237 3346.513945619567 3.337415878670 0.999999997900
  0.96446195   1.63810273 127.41119356  3350.272420987487 3348.923041450257 1.349379537230 0.999999997899
  0.87739189   1.68888476 118.72840925  3352.197816446424 3352.767007805546 -0.569191359122 0.999999997894
  0.96446195   1.68904528 127.07581840  3353.406800568104 3350.219760556085 3.187040012019 0.999999997891
  1.01494970   1.70444788 124.69074770  3355.622273325920 3350.748201520575 4.874071805345 0.999999997885
  0.91980853   1.53977361 103.00000000  3356.594428688288 3360.417140168853 -3.822711480565 0.999999997883
  0.96446195   1.84546671  80.94312226  3363.025230765343 3365.013474589448 -1.988243824105 0.999999997866
  1.07896460   1.82824679 103.00000000  3365.386075630784 3365.388846317067 -0.002770686283 0.999999997860
  0.96446195   1.74497714  79.53035644  3365.416938841343 3364.853454397322 0.563484444021 0.999999997860
  0.96204569   1.61683122 126.96685948  3366.915463149548 3366.051557571563 0.863905577985 0.999999997856
  1.00205758   1.70248221  81.12162225  3369.015632644296 3374.717553706801 -5.701921062505 0.999999997851
  1.07110142   1.63695590 118.43718120  3372.400109335780 3376.997866657628 -4.597757321847 0.999999997842
  1.03083662   1.77386609  81.62630711  3374.633231803775 3377.692070653053 -3.058838849278 0.999999997836
  0.96647664   1.53100496 103.00000000  3378.112636119127 3378.191672497481 -0.079036378354 0.999999997827
  0.96446195   1.77081793 123.32811751  3378.324004217982 3378.328678494943 -0.004674276961 0.999999997827
  1.11079423   1.71036028  95.75217494  3379.726961135864 3380.919043703230 -1.192082567366 0.999999997823
  0.97135025   1.57508404  91.17372644  3384.496185392141 3384.443168867545 0.053016524596 0.999999997811
  0.96446195   1.81896323  79.86234232  3387.469867631793 3388.510682286065 -1.040814654272 0.999999997803
  1.00614146   1.73400790  80.37139053  3388.017193213105 3385.458840563007 2.558352650098 0.999999997801
  0.86620430   1.79541942  96.89442749  3391.672769263387 3392.826910680400 -1.154141417013 0.999999997792
  0.96446195   1.68888476 127.23618090  3395.633953049779 3390.219164864516 5.414788185263 0.999999997781
  0.95311224   1.85531480 115.41127328  3397.465574994683 3395.182085104568 2.283489890115 0.999999997776
  1.10848280   1.75940265 103.00000000  3398.019094973803 3397.638818104747 0.380276869055 0.999999997775
  0.86316605   1.64138033 114.14997574  3398.865452408791 3398.867595310362 -0.002142901571 0.999999997772
  1.10318967   1.62440555 103.00000000  3399.016898766160 3403.569241333893 -4.552342567733 0.999999997772
  0.96446195   1.53252887 101.81958684  3400.622150629759 3408.870215173662 -8.248064543904 0.999999997768
  1.01982148   1.68888476  82.38509535  3401.840104624629 3408.562156195876 -6.722051571247 0.999999997764
  1.01536137   1.68888476  82.14339056  3405.680518448353 3408.916370095686 -3.235851647333 0.999999997754
  1.04325858   1.55562823 103.00000000  3406.017823010683 3410.805739952257 -4.787916941574 0.999999997753
  0.98786687   1.74052307 125.18020270  3412.029761254787 3485.776945363516 -73.747184108729 0.999999997737
  0.90104912   1.87850592 103.00000000  3414.511800453067 3413.139691304960 1.372109148107 0.999999997730
  1.11809045   1.68888476 103.00000000  3414.793333843350 3413.244081659685 1.549252183666 0.999999997729
  1.02823422   1.80290475 117.78120708  3416.398636847734 3414.107766113252 2.290870734483 0.999999997725
  1.09725080   1.78206979 105.85658382  3416.840856611729 3417.458834784552 -0.617978172823 0.999999997724
  0.99896217   1.59578419 124.87386826  3417.209926888347 3418.592285569521 -1.382358681175 0.999999997723
  0.99009365   1.73614221  79.70854391  3418.959097176790 3416.068408814427 2.890688362364 0.999999997718
  1.11608482   1.72649779 103.00000000  3419.189753100276 3419.724483950768 -0.534730850492 0.999999997717
  1.00296952   1.70809469  80.81594469  3419.792176261544 3418.447767192863 1.344409068682 0.999999997716
  1.07011091   1.62883250 118.49574431  3419.924981310964 3419.923622469156 0.001358841808 0.999999997715
  0.92199075   1.66324247  83.75208264  3420.531241908669 3422.507778963344 -1.976537054674 0.999999997714
  0.96446195   1.89682204 109.75960419  3420.934924304485 3423.711246127730 -2.776321823244 0.999999997713
  1.04590466   1.71026094  83.42930092  3421.151123955846 3422.269969871180 -1.118845915334 0.999999997712
  1.10299654   1.75899935 107.13691379  3421.461434617639 3425.651003783681 -4.189569166042 0.999999997711
  0.92639138   1.65424763  84.01340000  3425.140156745911 3425.143233947248 -0.003077201337 0.999999997701
  0.91403477   1.68888476  83.07752595  3427.335243865848 3425.013995672711 2.321248193137 0.999999997695
  1.09418443   1.80406713  96.06364935  3428.357509195805 3427.656224207561 0.701284988244 0.999999997692
  1.03356372   1.90153617  95.18692071  3432.298205912113 3428.077402442014 4.220803470099 0.999999997681
  0.85382286   1.68888476  97.51211800  3432.954342469573 3429.973318372596 2.981024096977 0.999999997679
  1.08686100   1.81683073 103.16187917  3434.830682545900 3431.521191538199 3.309491007702 0.999999997674
  0.86643287   1.78237058  93.34949495  3434.962997615337 3437.322612764012 -2.359615148675 0.999999997674
  0.86315775   1.66249484 114.92466550  3435.023056149483 3435.499251649419 -0.476195499936 0.999999997674
  1.11752948   1.68888476  99.71053302  3437.129951521754 3438.786644731125 -1.656693209371 0.999999997668
  0.97837102   1.83506370 118.02520959  3440.333882734179 3438.838644604189 1.495238129990 0.999999997659
  0.96098855   1.83388861 118.24710623  3448.863654509187 3441.151323826107 7.712330683079 0.999999997635
  0.96446195   1.81901346 119.74512210  3448.922785818577 3442.934533038804 5.988252779773 0.999999997635
  1.10674335   1.68888476  94.17421697  3449.024484217167 3442.282748371404 6.741735845763 0.999999997634
  1.08854042   1.82017696  96.66078901  3449.044217810035 3447.443720010291 1.600497799744 0.999999997634
  0.96446195   1.82878018  79.90477287  3451.670189201832 3449.201275766710 2.468913435122 0.999999997627
  0.94019319   1.92515345  92.02514679  3451.883326649666 3450.278426497715 1.604900151951 0.999999997626
  0.96446195   1.93681021  96.50271794  3452.033239886165 3450.018908498373 2.014331387792 0.999999997626
  0.86992808   1.81103122 103.00000000  3453.555003091693 3450.517959873691 3.037043218002 0.999999997621
  0.96764729   1.81080403 120.53020165  3455.230090007186 3450.620618584642 4.609471422544 0.999999997617
  0.96446195   1.75458264 124.76749725  3456.631058633327 3476.238282743472 -19.607224110145 0.999999997613
  1.10642725   1.68888476  93.96683367  3457.669937282801 3453.850786643150 3.819150639651 0.999999997610
  0.96446195   1.83293029  80.00919185  3457.766695842147 3457.929144131385 -0.162448289238 0.999999997609
  1.02326611   1.77003752  80.72689652  3457.851414084435 3457.335334037598 0.516080046836 0.999999997609
  0.98013757   1.74549992  79.24313203  3460.126225978136 3459.004329489443 1.121896488693 0.999999997603
  1.09098529   1.60867568  99.56531749  3460.819800242782 3458.617122915507 2.202677327275 0.999999997601
  0.96446195   1.91698100 105.97098020  3468.267167076468 3470.573758310956 -2.306591234488 0.999999997579
  0.86290229   1.74383293 110.93011570  3472.478575408459 3472.938910839393 -0.460335430934 0.999999997567
  0.96446195   1.68888476  80.80402010  3473.666517719626 3471.922633089797 1.743884629830 0.999999997563
  0.86551721   1.79744992 103.00000000  3476.289507448673 3473.739048098795 2.550459349878 0.999999997556
  1.07459714   1.84216124 103.00000000  3476.766892090440 3478.905291688240 -2.138399597800 0.999999997554
  1.11887191   1.68888476 104.93100989  3478.835482284427 3477.587771170643 1.247711113783 0.999999997548
  1.08430838   1.59177637 109.72836979  3479.190306022763 3475.653127805190 3.537178217573 0.999999997547
  0.85174803   1.72305444 103.00000000  3481.601586252451 3479.385230663625 2.216355588826 0.999999997540
  1.05607222   1.70195724 121.22204494  3482.976840838790 3484.547299891269 -1.570459052479 0.999999997536
  0.96446195   1.66822281  81.78918733  3486.208079978824 3486.260792553473 -0.052712574649 0.999999997526
  0.99163793   1.92382115 103.00000000  3490.104908332229 3491.298828184925 -1.193919852697 0.999999997515
  0.98473024   1.77562583  78.98057210  3494.469564557076 3495.784219892535 -1.314655335460 0.999999997502
  0.96446195   1.55310318 121.76841684  3495.282756164670 3495.278574741038 0.004181423632 0.999999997499
  0.87573530   1.80346908  90.12244461  3498.368328303099 3499.243869286923 -0.875540983825 0.999999997490
  0.96446195   1.76842914  78.88455280  3499.079468205571 3499.805926400890 -0.726458195319 0.999999997488
  1.02198234   1.66055495  83.74219748  3499.082913219929 3499.086607179971 -0.003693960042 0.999999997488
  1.09018555   1.81349089 103.49513896  3500.408489674330 3502.325200153831 -1.916710479501 0.999999997484
  0.96446195   1.75970423  78.92331207  3502.490213423967 3501.989724700630 0.500488723337 0.999999997477
  0.96844723   1.91856789 105.98719046  3505.579876214266 3506.330283156264 -0.750406941998 0.999999997468
  0.91101461   1.90402172  94.31013260  3508.597447931767 3510.735116210401 -2.137668278635 0.999999997459
  1.06670487   1.57068197 103.00000000  3510.010233834386 3511.573737562177 -1.563503727791 0.999999997455
  0.94249909   1.59019555 125.88357759  3510.551744416356 3511.513027906048 -0.961283489692 0.999999997453
  0.96446195   1.68387036  80.90297008  3514.645166411996 3514.440295084555 0.204871327441 0.999999997440
  0.96446195   1.76506566 124.26591041  3514.676047354937 3512.153154590478 2.522892764459 0.999999997440
  0.91236831   1.62423183  87.07769521  3514.990178436041 3516.950741941910 -1.960563505869 0.999999997439
  0.96446195   1.73636046  79.18717204  3518.513697117567 3516.700480994361 1.813216123206 0.999999997429
  1.11328100   1.75389913 103.00000000  3521.384319871664 3517.348518561887 4.035801309777 0.999999997420
  0.96446195   1.80018490 121.73269302  3524.860278278589 3517.861056122878 6.999222155711 0.999999997409
  1.02471188   1.74623859 122.78204318  3525.559553131461 3518.738343276571 6.821209854890 0.999999997407
  0.96446195   1.92128539 105.43523801  3526.959661841393 3521.656899088528 5.302762752865 0.999999997402
  1.11298098   1.70186857 109.18904172  3527.217171519995 3524.264291816003 2.952879703992 0.999999997402
  0.89027806   1.71715079  84.62627234  3530.300913572311 3526.949430549103 3.351483023208 0.999999997392
  1.09741815   1.68888476 114.51303895  3532.220561519265 3531.083919994059 1.136641525206 0.999999997386
  0.96478624   1.93886357  93.00533362  3540.369283705950 3535.303445885078 5.065837820872 0.999999997360
  0.96446195   1.84520140  80.13156785  3541.114983245730 3540.192583052598 0.922400193132 0.999999997358
  1.04100456   1.87772021 106.40014186  3545.255824014544 3540.929278658098 4.326545356447 0.999999997345
  0.85745733   1.71612596 111.10904517  3546.113780632615 3544.905997048646 1.207783583969 0.999999997342
  1.09751369   1.80581263 101.41860381  3549.035841241479 3546.777274428965 2.258566812513 0.999999997333
  0.96446195   1.87136648 114.49063327  3549.173210576177 3547.113410429774 2.059800146402 0.999999997332
  1.02376223   1.68888476 125.24376942  3549.408732369542 3547.564756917835 1.843975451708 0.999999997331
  1.11756131   1.74048992 102.34115315  3550.097247183323 3548.509502851167 1.587744332156 0.999999997329
  0.96230201   1.87770370 113.62638353  3550.906612992287 3550.195792737432 0.710820254854 0.999999997327
  1.05468918   1.68888476  84.56391326  3555.527932882309 3553.009785625485 2.518147256824 0.999999997312
  0.96446195   1.53842133 118.92282627  3558.478314518929 3555.630549943406 2.847764575523 0.999999997302
  0.91120434   1.87623778 108.75590400  3563.650049164891 3559.860267315810 3.789781849081 0.999999997285
  1.08578129   1.82385781 104.02294087  3564.523107588291 3560.058716052310 4.464391535982 0.999999997283
  1.11196392   1.73861403 107.41108116  3565.185324594378 3565.146399657510 0.038924936868 0.999999997280
  0.85734516   1.66852189 113.12810578  3565.266055107117 3565.022725633770 0.243329473346 0.999999997280
  0.96446195   1.68888476  80.50000000  3566.384808987379 3573.585281601877 -7.200472614498 0.999999997276
  0.96446195   1.68888476 127.93969849  3569.916563406587 3572.480645272583 -2.564081865997 0.999999997265
  0.94537973   1.52806813 103.00000000  3576.022422105074 3576.426597959049 -0.404175853975 0.999999997245
  0.96446195   1.58188034  89.35216769  3577.994423806667 3585.628510259567 -7.634086452899 0.999999997238
  0.92940849   1.81972007  80.49909392  3590.474312782288 3589.613566213740 0.860746568548 0.999999997197
  1.06262246   1.66677215 121.44559739  3591.436442047358 3591.444604137585 -0.008162090227 0.999999997193
  0.96446195   1.90295033  84.06827836  3591.667881801724 3591.666325420274 0.001556381450 0.999999997193
  0.96446195   1.68888476 128.00000000  3593.801558822393 3588.280183737027 5.521375085366 0.999999997185
  1.12118055   1.68888476 105.74280499  3594.440949440002 3592.076058549896 2.364890890106 0.999999997183
  1.08162213   1.76027700 114.55265113  3594.805171817541 3597.354936506018 -2.549764688477 0.999999997182
  0.86539253   1.80459724 103.00000000  3597.442546784878 3597.458710631537 -0.016163846659 0.999999997173
  0.87684058   1.83875920 103.00000000  3597.957547008991 3597.948162092448 0.009384916544 0.999999997171
  1.12311785   1.69916042 103.00000000  3600.289389893413 3598.332074432252 1.957315461160 0.999999997163
  0.96305028   1.63401327 128.37403337  3602.029514685273 3603.615394329038 -1.585879643765 0.999999997157
  0.96446195   1.83630752  79.50048753  3604.451113313437 3606.542136820130 -2.091023506694 0.999999997149
  1.02863374   1.88838856 107.42322174  3606.161403581500 3607.874417485109 -1.713013903609 0.999999997143
  0.96446195   1.87347481  81.34676414  3606.367894843221 3608.447946959643 -2.080052116422 0.999999997143
  1.05950204   1.62794190 121.23229519  3609.813171133399 3606.199427221803 3.613743911596 0.999999997131
  0.96446195   1.52638191 103.00000000  3611.347369685769 3606.065052535202 5.282317150567 0.999999997125
  0.92257576   1.85591869  82.72032449  3613.723675504327 3607.395220522115 6.328454982212 0.999999997117
  1.07372450   1.85835259  96.14146692  3616.105251625180 3616.108598335774 -0.003346710594 0.999999997109
  0.85678106   1.76331866  96.37061941  3618.120650053024 3618.912043233869 -0.791393180845 0.999999997102
  1.00540346   1.92284630 103.00000000  3618.776711672544 3618.242204425273 0.534507247271 0.999999997100
  0.94838730   1.61759838  85.33618767  3624.503900438547 3626.233489317797 -1.729588879250 0.999999997080
  1.04336462   1.81252784 116.21150207  3625.717529013753 3631.417950530723 -5.700421516970 0.999999997075
  1.10973885   1.68888476 111.85080001  3626.448552638292 3632.163760078971 -5.715207440679 0.999999997073
  0.96446195   1.70734730 127.61326337  3629.519366443157 3631.617267808271 -2.097901365114 0.999999997062
  1.02408287   1.53988003 103.00000000  3633.147364512086 3635.858946056301 -2.711581544215 0.999999997049
  1.02507488   1.54028714 103.00000000  3635.075297772884 3637.780529397177 -2.705231624293 0.999999997042
  0.96446195   1.91844103 107.31046007  3638.581373795867 3638.506688051593 0.074685744274 0.999999997030
  0.92136221   1.52861920 111.06268980  3638.860879674554 3638.859527479551 0.001352195003 0.999999997029
  0.84797738   1.70117844 103.00000000  3642.508147940040 3640.606818650757 1.901329289282 0.999999997016
  0.96446195   1.71161709 127.48668089  3646.022965505719 3638.927095075434 7.095870430285 0.999999997003
  1.10143434   1.79956256 103.00000000  3646.187319412827 3644.655087981936 1.532231430891 0.999999997003
  1.06054288   1.72092752 120.69870432  3647.442783296108 3646.627689510188 0.815093785920 0.999999996998
  0.93656839   1.91411666  87.06064730  3647.442886635661 3645.169672067299 2.273214568362 0.999999996998
  0.99124897   1.81986026 120.07940365  3648.709465652704 3642.754672489032 5.954793163672 0.999999996994
  0.86233506   1.71176498  90.83532571  3649.192224800587 3646.267475436287 2.924749364299 0.999999996992
  1.10962220   1.68888476  93.26865167  3649.653892830014 3648.110094673028 1.543798156987 0.999999996990
  1.10765258   1.69128370  92.56927051  3652.589997038245 3651.251376080961 1.338620957285 0.999999996980
  0.96446195   1.87532437  81.22337779  3654.437910512090 3656.105336745415 -1.667426233325 0.999999996973
  0.96446195   1.82128550 120.52165581  3657.506490722299 3653.717434326315 3.789056395984 0.999999996962
  1.11616959   1.68888476  95.45653855  3659.511590182781 3654.557612766811 4.953977415971 0.999999996954
  0.96446195   1.94512407  93.41312658  3659.979645237327 3661.482046269426 -1.502401032099 0.999999996953
  1.12450646   1.70263636 100.58450371  3662.564002573490 3661.169224295102 1.394778278388 0.999999996943
  1.12412423   1.68888476 100.30862615  3664.050465896726 3666.752286693100 -2.701820796374 0.999999996938
  0.94449436   1.93091039 103.00000000  3665.031389921904 3671.206950783629 -6.175560861725 0.999999996934
  0.96722674   1.52519604 103.00000000  3667.418278247118 3671.277341082137 -3.859062835019 0.999999996925
  0.96386261   1.66135595 128.76024546  3676.471685230732 3673.303127750070 3.168557480662 0.999999996892
  0.96446195   1.55131726  94.32493951  3679.439738184214 3675.157337525539 4.282400658675 0.999999996881
  0.93818206   1.68888476 127.83948097  3679.480631873012 3675.749921237455 3.730710635557 0.999999996881
  1.04323152   1.79478265 118.17507831  3679.539659038186 3679.542231252693 -0.002572214507 0.999999996880
  1.11054181   1.77841878 103.00000000  3679.926234796643 3682.040667607427 -2.114432810783 0.999999996879
  0.96446195   1.83161783 119.69149402  3682.584583699703 3684.016081379851 -1.431497680148 0.999999996869
  1.07058268   1.80937256 112.40561803  3683.940229550004 3692.478757846533 -8.538528296529 0.999999996864
  0.96446195   1.94599513  98.37118294  3684.091305673122 3688.489983232260 -4.398677559138 0.999999996863
  1.07810344   1.57603484 103.00000000  3689.255363151431 3688.652791675599 0.602571475832 0.999999996844
  0.95626472   1.56776997  91.18274804  3692.702940613031 3690.081486453175 2.621454159856 0.999999996831
  1.02401835   1.58101670 122.79417581  3693.611910820007 3692.256091518179 1.355819301828 0.999999996827
  0.90039097   1.54279958 103.36584864  3694.813309252262 3692.571940187348 2.241369064914 0.999999996823
  1.12562814   1.68888476 103.00000000  3695.750980392098 3696.153954757689 -0.402974365591 0.999999996819
  0.98737206   1.94523298  96.24248496  3696.935373872519 3700.225990585523 -3.290616713004 0.999999996815
  1.12358526   1.66610795 103.00000000  3699.813522338867 3699.284591423504 0.528930915364 0.999999996804
  0.96446195   1.91296777 108.98453896  3701.557756781578 3700.743935347955 0.813821433623 0.999999996797
  1.03966023   1.89910679 103.00000000  3705.912578210235 3702.919180504242 2.993397705993 0.999999996780
  1.11604825   1.63555700 103.00000000  3707.113361328840 3705.624425488766 1.488935840075 0.999999996775
  0.93883788   1.92961770 103.00000000  3707.142708316445 3706.673730874530 0.468977441916 0.999999996775
  1.06555695   1.62375960  90.02083775  3707.667501524091 3706.649758845630 1.017742678460 0.999999996773
  0.96446195   1.68888476  80.10050251  3708.970276087523 3709.592715061761 -0.622438974238 0.999999996768
  0.84673367   1.68888476 103.00000000  3709.756333500147 3709.629186889561 0.127146610586 0.999999996765
  0.84774977   1.65919206 103.00000000  3711.215901613235 3712.057224872031 -0.841323258795 0.999999996760
  1.06556981   1.68888476 121.38153535  3714.852137699723 3714.884047814280 -0.031910114557 0.999999996745
  0.95967195   1.81615295 121.21537313  3715.733667790890 3714.619927108748 1.113740682142 0.999999996742
  0.96446195   1.86454813 116.30419465  3718.763394132257 3714.953990676780 3.809403455477 0.999999996730
  0.86391990   1.68888476  90.43649549  3718.991346731782 3715.432379104499 3.558967627283 0.999999996729
  0.95091034   1.81270836  78.71321322  3722.452399969101 3719.985291193760 2.467108775341 0.999999996716
  1.11018672   1.78251754 103.00000000  3722.492708027363 3720.289858546329 2.202849481034 0.999999996715
  0.84955120   1.70272183 108.08985663  3723.382485806942 3718.603780433394 4.778705373548 0.999999996712
  1.12654958   1.69143785 103.00000000  3727.116486445069 3728.596589920729 -1.480103475660 0.999999996697
  0.94957895   1.93084725  87.98538792  3727.346331745386 3731.262683066066 -3.916351320680 0.999999996696
  0.96316227   1.91528675 108.76085246  3729.205392867327 3730.356227538331 -1.150834671004 0.999999996689
  1.10946224   1.77759508  94.50588557  3731.644751459360 3735.123250418306 -3.478498958946 0.999999996679
  1.01815887   1.55919847 120.67761392  3731.853090181947 3732.358274005656 -0.505183823709 0.999999996678
  1.12163924   1.68888476  96.99461340  3733.841192230582 3733.796738066767 0.044454163815 0.999999996670
  0.96446195   1.81431134 121.51362239  3734.388832330704 3736.120357408655 -1.731525077952 0.999999996668
  1.11895928   1.68888476 109.45227487  3735.706933811307 3737.591351632325 -1.884417821018 0.999999996663
  1.01796053   1.55662217  95.44297688  3738.053545475006 3737.035586829014 1.017958645992 0.999999996653
  1.03631518   1.57681994  93.13329105  3739.398223027587 3740.518579067757 -1.120356040170 0.999999996648
  0.96089279   1.59343043  87.32128861  3740.197258070111 3742.876343663588 -2.679085593477 0.999999996645
  1.00912052   1.56988827 123.23473610  3745.143237948418 3744.261742112619 0.881495835799 0.999999996625
  1.07665967   1.77185835 115.48429812  3747.962811812758 3750.524682206791 -2.561870394032 0.999999996613
  1.10465414   1.79888724 103.00000000  3749.102342635393 3746.515923015501 2.586419619892 0.999999996609
  0.96446195   1.82187263  78.51623054  3749.303988292813 3749.719268191566 -0.415279898753 0.999999996608
  0.96640957   1.87542555  80.72622567  3750.974475890398 3750.460061970135 0.514413920263 0.999999996601
  0.98710567   1.53835967 119.35584444  3751.847851395607 3753.746152668420 -1.898301272813 0.999999996598
  0.96446195   1.68888476 128.64321608  3760.008028775454 3758.522169124343 1.485859651111 0.999999996564
  0.85920311   1.68888476 115.14790101  3762.783366933465 3763.237804016010 -0.454437082545 0.999999996553
  1.11661381   1.63276254 103.00000000  3763.866676628590 3764.279520626627 -0.412843998038 0.999999996548
  0.96446195   1.77379974 124.71406111  3764.111731216311 3762.879823756841 1.231907459470 0.999999996547
  1.07061220   1.78625302 114.90974810  3766.897775277495 3691.039910750440 75.857864527056 0.999999996536
  0.85754088   1.78636740  97.89093880  3768.371339097619 3769.784677162507 -1.413338064888 0.999999996529
  0.85249419   1.62205597 103.00000000  3772.151778787374 3770.718010768935 1.433768018440 0.999999996514
  0.96446195   1.64576034 129.14071259  3772.367014229298 3770.682366920083 1.684647309215 0.999999996513
  1.07854593   1.70224887 119.36727279  3772.510974898934 3773.739110172703 -1.228135273769 0.999999996512
  0.96446195   1.66574042 129.09400209  3774.616640031338 3771.548759521691 3.067880509647 0.999999996503
  0.88256074   1.78097909  85.14056179  3775.132474869490 3773.962264311800 1.170210557690 0.999999996501
  0.96446195   1.83942172  78.89188083  3775.726685985923 3780.007446889142 -4.280760903219 0.999999996499
  0.96446195   1.52604205 101.42446825  3778.953234091401 3778.843062234157 0.110171857244 0.999999996485
  0.99616055   1.67493478 128.18932203  3779.824105650187 3779.054905363989 0.769200286197 0.999999996481
  1.12116499   1.71968154  95.53362679  3782.671637609601 3780.291532166271 2.380105443330 0.999999996469
  1.01950228   1.83637519 117.27308488  3784.332830876112 3787.411591995888 -3.078761119776 0.999999996462
  1.08206470   1.85318995  99.79390081  3786.041989311576 3788.268591138928 -2.226601827352 0.999999996455
  0.91072634   1.83114197 116.66613029  3789.544430509210 3796.976915363362 -7.432484854152 0.999999996440
  0.96446195   1.94095477 103.00000000  3792.064513817430 3790.604219853624 1.460293963805 0.999999996429
  1.07953658   1.68888476  86.51600769  3794.156031727791 3788.929427884036 5.226603843755 0.999999996420
  1.07644675   1.68888476 120.15496969  3794.834418281913 3794.068647081576 0.765771200337 0.999999996417
  0.96446195   1.89628457  82.07746371  3794.895589053631 3796.472485744874 -1.576896691243 0.999999996417
  1.04965429   1.55306806 101.40737496  3796.414313912392 3794.962768826889 1.451545085502 0.999999996411
  0.89247483   1.66778441  85.19345240  3797.234372183681 3793.794021404570 3.440350779111 0.999999996407
  0.85428205   1.70035051 112.54253366  3798.879514127970 3799.229143334172 -0.349629206202 0.999999996400
  1.11744255   1.68888476  94.45630005  3799.151259332895 3798.472064713241 0.679194619654 0.999999996399
  0.97896014   1.54127146 120.87589430  3799.203741773963 3802.907230028717 -3.703488254754 0.999999996399
  0.96446195   1.90741658  83.07782345  3801.637428000569 3810.328547979779 -8.691119979209 0.999999996388
  0.91284121   1.67010568  82.84070628  3804.891455739737 3809.621982696857 -4.730526957120 0.999999996374
  0.89475255   1.54305376 112.67346947  3806.690439075232 3809.484471009379 -2.794031934147 0.999999996366
  0.87364795   1.62921977 120.25232085  3807.939751625061 3810.448522013014 -2.508770387953 0.999999996361
  1.12376761   1.74738128 100.47810242  3809.671958491206 3815.093480290371 -5.421521799165 0.999999996353
  1.10935542   1.69509153  91.65086330  3811.026334479451 3813.088419015976 -2.062084536525 0.999999996347
  1.06341432   1.85851905 107.49791625  3811.817113414407 3818.696686023662 -6.879572609255 0.999999996344
  0.90303073   1.74170191 123.25914193  3813.392983615398 3822.752248983394 -9.359265367995 0.999999996337
  0.84541152   1.67663767 103.00000000  3815.259732857347 3815.087922702290 0.171810155056 0.999999996329
  0.96446195   1.68880056 128.85731632  3818.705471292138 3815.322188035381 3.383283256757 0.999999996313
  0.99694821   1.83281311 119.40826159  3820.474505603313 3815.293475965500 5.181029637813 0.999999996306
  0.96446195   1.55305747  93.30566181  3820.923181846738 3817.641191050348 3.281990796390 0.999999996304
  1.00580859   1.52447274 108.21975587  3822.425901845098 3818.936566445566 3.489335399532 0.999999996297
  1.04358650   1.59916211 122.82465425  3823.720499575138 3825.275670268578 -1.555170693440 0.999999996291
  1.05987787   1.60888408  90.54012840  3826.370971977711 3826.367887720755 0.003084256956 0.999999996279
  1.12363611   1.66427357 107.70633586  3831.472461208701 3832.380176442872 -0.907715234171 0.999999996256
  0.96446195   1.86599177 116.77929995  3832.026910275221 3834.685104574465 -2.658194299244 0.999999996254
  1.04615210   1.89833265 103.00000000  3833.672704517841 3836.339259919300 -2.666555401458 0.999999996247
  0.92086934   1.80132438 120.14948398  3836.749880880117 3653.853236433401 182.896644446717 0.999999996233
  0.99115805   1.54826403 121.82178541  3841.659083172679 3837.049776977436 4.609306195243 0.999999996210
  0.85488350   1.68888476  93.14305997  3842.291689783335 3839.009766659808 3.281923123527 0.999999996208
  0.95759554   1.68888476 128.92749274  3843.126955971122 3839.504835471123 3.622120499998 0.999999996204
  1.11350460   1.62037759 103.00000000  3844.076347693801 3841.915746928068 2.160600765733 0.999999996199
  1.05365418   1.83915219 112.90116564  3844.746256694198 3850.290596313339 -5.544339619141 0.999999996196
  1.01878722   1.68888476 126.84573996  3850.531986996531 3848.383029190139 2.148957806392 0.999999996170
  1.00557399   1.66146278  81.77466015  3852.165578737855 3848.608458293096 3.557120444759 0.999999996162
  0.86175964   1.80689102 103.00000000  3852.499706149101 3852.492728664661 0.006977484440 0.999999996161
  1.09309810   1.83724419  99.44924615  3853.633202582598 3856.103273630536 -2.470071047939 0.999999996156
  0.90139235   1.89504392 104.29842223  3854.689122930169 3854.684128463410 0.004994466759 0.999999996151
  1.12984907   1.68888476 102.16271266  3855.455515384674 3856.251065909290 -0.795550524616 0.999999996147
  1.04829567   1.60245241 122.62186688  3856.232114627957 3857.312363307194 -1.080248679237 0.999999996144
  0.90189680   1.60677415  88.68662220  3859.148725211620 3863.490444705151 -4.341719493531 0.999999996130
  0.92482681   1.52729846 103.00000000  3861.462365344167 3861.464401828916 -0.002036484749 0.999999996119
  0.96446195   1.58372458 127.23482553  3863.161911666393 3865.821246576447 -2.659334910054 0.999999996111
  1.00849721   1.68888476 127.60880215  3867.069743946195 3867.072111100961 -0.002367154766 0.999999996093
  0.96446195   1.81420462  77.90759553  3870.106393247843 3873.103427828778 -2.997034580936 0.999999996079
  0.93929007   1.94011004 101.77708069  3871.132761418819 3871.466626675991 -0.333865257172 0.999999996074
  0.99795273   1.67153806  80.86755982  3871.865512415767 3871.053050325425 0.812462090342 0.999999996071
  1.09943037   1.63533622 115.48159275  3872.062341570854 3868.780473858380 3.281867712475 0.999999996070
  1.03422582   1.68888476  81.71196837  3872.311904653907 3873.044508740087 -0.732604086180 0.999999996068
  1.11329380   1.70233816  91.99655364  3873.338136807084 3873.731425522456 -0.393288715371 0.999999996064
  0.98032908   1.68888476  79.64591553  3878.287273705006 3876.674882249688 1.612391455317 0.999999996040
  1.02774095   1.68888476 126.28405735  3879.490139946342 3884.370269104384 -4.880129158042 0.999999996034
  0.84848609   1.63389818 103.00000000  3879.747150942683 3884.424522922487 -4.677371979803 0.999999996033
  0.94794212   1.74084787 127.22533603  3883.769613116980 3970.046421401840 -86.276808284861 0.999999996014
  0.86303660   1.81070473  94.73736299  3886.070028319955 3894.637736279016 -8.567707959061 0.999999996003
  0.96446195   1.52283414 101.94511988  3887.700368434191 3891.819021208723 -4.118652774532 0.999999995995
  1.02284717   1.68888476 126.72085855  3892.508180394769 3894.640727654350 -2.132547259581 0.999999995972
  0.84422668   1.68888476 103.03048642  3892.566678896546 3894.992435310249 -2.425756413702 0.999999995972
  0.93125067   1.52469471 103.00000000  3892.739371508360 3894.945296927530 -2.205925419170 0.999999995971
  0.88473017   1.55955864 100.03281995  3896.403886839747 3896.403526385426 0.000360454321 0.999999995953
  0.96446195   1.75097014 126.69696377  3898.436247020960 3913.821679748203 -15.385432727243 0.999999995943
  0.87549386   1.82109284 109.87611023  3904.449439376593 3904.755833458863 -0.306394082271 0.999999995914
  0.97048750   1.52092027 103.00000000  3907.358465284109 3904.878767736953 2.479697547156 0.999999995900
  1.11300055   1.79074612  96.32713241  3908.123720481992 3909.638461004425 -1.514740522433 0.999999995896
  0.94354507   1.89358259 112.89006702  3909.544076159596 3913.461303151958 -3.917226992362 0.999999995889
  0.96446195   1.88900679 114.29995362  3911.816523388028 3912.039894595635 -0.223371207607 0.999999995878
  1.09037971   1.84466475 100.41610011  3912.955148741603 3914.944154604501 -1.989005862898 0.999999995872
  1.12182608   1.73604544 107.53509724  3916.699508339167 3915.377110097880 1.322398241286 0.999999995853
  1.01828762   1.68888476  80.65574509  3918.653220444918 3914.731304730048 3.921915714870 0.999999995844
  0.98881633   1.51825558 107.82937671  3920.162954375148 3915.935694909586 4.227259465562 0.999999995836
  1.01044796   1.85723485 116.45413506  3920.713588222861 3918.903654674923 1.809933547939 0.999999995833
  1.04279258   1.57721746  92.91028853  3921.573309287429 3921.722577488219 -0.149268200791 0.999999995829
  1.01049496   1.53706612 117.85747108  3923.245125874877 3926.595796345871 -3.350670470994 0.999999995821
  1.11891519   1.77143103  96.23057841  3926.914597451687 3930.416718506983 -3.502121055296 0.999999995802
  1.06882203   1.87422898 103.06199832  3929.805419057608 3931.948515207929 -2.143096150322 0.999999995788
  0.95457881   1.94537734 103.00000000  3930.285349816084 3931.844027883914 -1.558678067830 0.999999995785
  0.95334204   1.57112946 126.40148766  3937.065958216786 3933.094550526911 3.971407689875 0.999999995751
  0.96446195   1.52010050 103.00000000  3938.326035484672 3935.328219703522 2.997815781149 0.999999995744
  0.96446195   1.94723618 103.00000000  3940.048590660095 3939.324405645504 0.724185014591 0.999999995736
  1.08283661   1.86155548  98.29390375  3940.547562345862 3943.115299251281 -2.567736905419 0.999999995733
  1.01419001   1.68888476 127.52899197  3940.947602882981 3940.938756654114 0.008846228868 0.999999995731
  0.96446195   1.93539607 106.37188797  3941.173648834229 3942.142024928135 -0.968376093907 0.999999995730
  1.13133896   1.67747940 103.00000000  3943.326202780008 3941.968707271414 1.357495508594 0.999999995719
  1.11335351   1.67622802 113.47229716  3943.428152740002 3941.893231649445 1.534921090557 0.999999995718
  1.02013469   1.72323567  79.43145266  3944.591472908854 3942.085811655678 2.505661253176 0.999999995712
  1.06396325   1.68888476  83.98562973  3945.552083089948 3944.225930102361 1.326152987587 0.999999995707
  0.92217796   1.80961703  79.41806778  3946.640143513680 3946.504956496146 0.135187017534 0.999999995702
  0.96446195   1.52334922 117.06704525  3947.431853652000 3946.128397570501 1.303456081500 0.999999995698
  0.84361890   1.69430293 103.00000000  3947.948342576623 3946.759675924147 1.188666652476 0.999999995695
  0.96446195   1.68888476 129.34673367  3948.079680353403 3948.255727104474 -0.176046751071 0.999999995694
  0.84533202   1.68888476  98.60753635  3951.454554840922 3952.845068553184 -1.390513712262 0.999999995677
  0.96446195   1.51733068 113.81482151  3952.127140179276 3952.545362476198 -0.418222296921 0.999999995673
  0.96446195   1.68888476  79.39698492  3953.896143645048 3955.809990793971 -1.913847148923 0.999999995664
  1.05117906   1.63344445 124.24202181  3960.880987808108 3962.593719365876 -1.712731557767 0.999999995628
  0.98932039   1.92326387  84.38579911  3966.382258310914 3960.033586664152 6.348671646762 0.999999995599
  1.04103040   1.90692400 103.91715682  3966.709657028317 3967.737712264320 -1.028055236003 0.999999995597
  0.96446195   1.63361534 129.76092581  3968.145374551415 3965.462514018555 2.682860532860 0.999999995589
  0.98129384   1.68391545 129.27132906  3969.950952589512 3964.469569185326 5.481383404186 0.999999995580
  1.12910909   1.68888476 107.29342782  3973.993141755462 3968.358792603026 5.634349152435 0.999999995558
  0.84968973   1.76072815 103.00000000  3977.327482074499 3976.092263008103 1.235219066396 0.999999995540
  1.08008947   1.85992539 103.00000000  3977.345815122128 3979.609391918827 -2.263576796699 0.999999995540
  0.97785585   1.91280873 111.03851283  3978.226067110896 3979.872078868734 -1.646011757838 0.999999995536
  0.92468287   1.75484131 125.35505808  3983.961860239506 3988.208785435418 -4.246925195912 0.999999995505
  0.95368370   1.54998671 123.94170559  3984.339485391974 3982.814504316863 1.524981075111 0.999999995503
  1.13316583   1.68888476 103.00000000  3988.201965644956 3985.416090877547 2.785874767409 0.999999995482
  0.86394863   1.79871329 108.65361366  3989.053530976176 3985.856157996009 3.197372980168 0.999999995477
  0.97699101   1.51715588 113.39330241  3989.203293010592 3986.607208952937 2.596084057656 0.999999995476
  0.96446195   1.80212410 123.59488253  3992.070062488317 3989.023186403085 3.046876085232 0.999999995461
  1.06944173   1.87678448 103.00000000  3998.404916763306 3998.055200635378 0.349716127927 0.999999995426
  0.95226016   1.55763123 125.11091142  4000.559013321996 3995.888067966384 4.670945355612 0.999999995414
  0.87524337   1.85475531 103.00000000  4001.821588397026 3997.282929461664 4.538658935362 0.999999995407
  1.12648979   1.75667036  99.19608369  4001.960901767015 4000.618200551829 1.342701215186 0.999999995407
  1.05617626   1.89449357 103.00000000  4001.974256619811 4004.273718200039 -2.299461580228 0.999999995407
  1.09150627   1.70968791  86.50364623  4003.260944738984 4003.874309880692 -0.613365141708 0.999999995399
  0.88770463   1.65950499  85.60148392  4010.038412943482 4006.668295703250 3.370117240232 0.999999995362
  0.96446195   1.85690574  78.58764502  4011.820695087314 4011.678802470383 0.141892616930 0.999999995352
  1.08156903   1.84391462 106.94811811  4011.969036966562 4013.457882119758 -1.488845153196 0.999999995351
  0.93088137   1.86649450 116.12415773  4015.748070135713 4017.323326152950 -1.575256017238 0.999999995330
  1.01523126   1.68888476 127.72846470  4016.947953104973 4011.152042368725 5.795910736248 0.999999995323
  0.96446195   1.70405028 129.14285103  4017.059113204479 4011.574142697878 5.484970506601 0.999999995323
  1.07891021   1.66892582  86.51432283  4018.429619386792 4015.988774363524 2.440845023269 0.999999995315
  0.86557499   1.79023416  89.32822487  4019.303787142038 4018.188202444889 1.115584697150 0.999999995310
  0.86379985   1.78526920  89.72166368  4021.005613341928 4023.545680731798 -2.540067389870 0.999999995300
  0.97205709   1.93319764  84.77203841  4021.811345279217 4024.281726328857 -2.470381049640 0.999999995296
  1.02543039   1.63974540 127.25566865  4024.690890520811 4027.348267574831 -2.657377054019 0.999999995280
  0.87830273   1.80107747 114.46995367  4025.085495755076 4031.095057600475 -6.009561845399 0.999999995277
  0.85535239   1.71848460 113.76205569  4029.058085918427 4025.240714284971 3.817371633455 0.999999995255
  1.03315382   1.68888476  81.14705787  4029.212882786989 4023.940327325250 5.272555461740 0.999999995254
  1.01330633   1.92418074 106.31887492  4032.054194256663 4034.069673191962 -2.015478935298 0.999999995238
  1.13418866   1.68397428 103.00000000  4038.731986358762 4033.728641057094 5.003345301668 0.999999995199
  1.06662633   1.76572651 119.17844071  4039.829675242305 4039.264538355239 0.565136887066 0.999999995193
  1.12340839   1.68888476 110.92876770  4040.485657081008 4038.839097446521 1.646559634487 0.999999995189
  0.86859541   1.84140751  94.97153621  4041.625635385513 4046.210317611290 -4.584682225777 0.999999995183
  0.96446195   1.89046522 114.89592207  4045.451210707426 4046.316085901606 -0.864875194180 0.999999995161
  1.08451071   1.85646757 103.00000000  4054.990048438311 4050.773378701889 4.216669736421 0.999999995105
  0.95880074   1.51267584 108.90390257  4055.375047862530 4049.838229135404 5.536818727126 0.999999995103
  0.86689550   1.83986736 100.22374524  4055.439381644130 4056.147038116582 -0.707656472453 0.999999995102
  0.89706851   1.86807757 110.64617050  4058.300635397434 4060.557351581983 -2.256716184549 0.999999995085
  1.10606892   1.82251706  97.32635594  4060.358736768365 4061.101768343623 -0.743031575258 0.999999995073
  0.86702634   1.78178851  87.99729189  4062.439336657524 4060.849943566029 1.589393091495 0.999999995061
  1.07788934   1.57564190  98.49180848  4063.776381283998 4064.371749635324 -0.595368351325 0.999999995053
  1.10769901   1.81308031 103.00000000  4065.078728228807 4066.868643305074 -1.789915076266 0.999999995045
  1.11602793   1.64276992 112.61172509  4068.862102121115 4063.814645900461 5.047456220654 0.999999995023
  1.04202770   1.91333973 103.00000000  4069.837011903524 4069.079519041043 0.757492862481 0.999999995017
  0.86992111   1.74984500 117.18788122  4070.247118040919 4073.088148164011 -2.841030123092 0.999999995014
  0.96446195   1.74653523  77.32299493  4070.954652145505 4070.692736004264 0.261916141241 0.999999995010
  0.96446195   1.89634363 114.25174619  4075.558923676610 4072.405254805892 3.153668870718 0.999999994982
  0.84254157   1.66364175 103.00000000  4079.013097196817 4073.988878324567 5.024218872250 0.999999994962
  0.96446195   1.87528577 117.01102064  4081.196139499545 4084.806331202404 -3.610191702859 0.999999994948
  0.96446195   1.66779931  80.09511065  4081.858832269907 4083.674000570372 -1.815168300465 0.999999994944
  1.05865099   1.66956579 124.24062977  4085.379109606147 4087.535831923958 -2.156722317811 0.999999994923
  1.10668410   1.68888476  89.56651020  4087.458749458194 4084.412546987700 3.046202470493 0.999999994910
  1.01399488   1.77988908  77.91799695  4088.303551450372 4086.966312626947 1.337238823424 0.999999994905
  0.96446195   1.57329739 127.31866451  4088.878018125892 4088.409331099768 0.468687026124 0.999999994902
  0.96446195   1.95351759 103.00000000  4092.686437398195 4089.008922903024 3.677514495172 0.999999994878
  0.96248277   1.95343934 103.00000000  4093.257383361459 4091.292502551572 1.964880809887 0.999999994875
  0.84199590   1.67615547 105.57495003  4095.056621819735 4096.959503651456 -1.902881831721 0.999999994864
  1.11677856   1.64122080 112.54441222  4097.672465026379 4096.452012770054 1.220452256324 0.999999994848
  0.97586149   1.61752531  83.69775863  4097.909401446581 4099.699571365409 -1.790169918828 0.999999994846
  0.94835395   1.53702668  95.90166125  4098.593436077237 4100.788189718182 -2.194753640945 0.999999994842
  1.11796192   1.69531055  91.81026730  4100.192690759897 4100.701151610748 -0.508460850850 0.999999994832
  0.86033074   1.81155326 104.60998346  4107.004530906677 4103.036907609639 3.967623297039 0.999999994790
  1.03519248   1.74233728  79.35487187  4111.023638144135 4111.246855106840 -0.223216962705 0.999999994764
  1.02632760   1.92991572 103.00000000  4115.824649438262 4115.118904281857 0.705745156405 0.999999994734
  1.11803950   1.78472117 104.76112237  4120.393041595817 4117.685626686786 2.707414909030 0.999999994705
  1.00358453   1.95557797  92.80836248  4122.377991393209 4118.802330579646 3.575660813563 0.999999994693
  0.90434404   1.91472975 103.00000000  4123.447355970740 4119.027229627466 4.420126343274 0.999999994686
  0.88036275   1.79286063 116.51139572  4125.001435235143 4130.602558397962 -5.601123162819 0.999999994676
  0.92133715   1.93436674 103.00000000  4125.714570075274 4123.688373011320 2.026197063954 0.999999994671
  0.94654078   1.52684659 119.51771846  4126.066827282310 4122.992502624525 3.074324657785 0.999999994669
  1.13503111   1.68888476 105.81038184  4126.166580215096 4124.180213957040 1.986366258056 0.999999994668
  0.96446195   1.96618249  96.91808329  4126.301667258143 4126.694862914313 -0.393195656169 0.999999994667
  0.85570239   1.64622548 116.41460080  4126.890434175730 4126.888746638728 0.001687537002 0.999999994664
  0.86013787   1.68888476 117.84620199  4129.023099005222 4129.318681535409 -0.295582530187 0.999999994650
  0.91598515   1.89219798 111.33687401  4131.705521687865 4132.119312355037 -0.413790667172 0.999999994633
  0.92403158   1.89718061 111.81065731  4133.628585383296 4134.594325722964 -0.965740339668 0.999999994620
  0.94408794   1.87973969 116.12160149  4134.556877896190 4137.048847592290 -2.491969696101 0.999999994614
  1.07607388   1.87397928 103.00000000  4136.644374653697 4135.967833757134 0.676540896563 0.999999994601
  0.97609062   1.58885122  86.63189192  4139.694680809975 4134.066019219814 5.628661590161 0.999999994581
  0.98083238   1.93739409  84.66755785  4141.134345963597 4135.164973269420 5.969372694177 0.999999994572
  0.88026357   1.54696351 106.12932309  4141.504243180156 4134.165198794571 7.339044385585 0.999999994569
  1.01613841   1.93635987 103.73442546  4142.123897403479 4137.953701599289 4.170195804189 0.999999994565
  0.99231356   1.72590263 128.20808318  4145.684104233980 4135.574877675795 10.109226558186 0.999999994542
  0.96446195   1.68888476 130.05025126  4146.441376090050 4141.591693381812 4.849682708238 0.999999994537
  0.86121984   1.57626066 105.42937636  4147.253904730082 4142.493506219454 4.760398510628 0.999999994532
  1.03749769   1.89785147 108.78111653  4148.950031489134 4152.444877177522 -3.494845688389 0.999999994521
  0.95323920   1.68888476 130.01007458  4151.318661317229 4148.077973194107 3.240688123123 0.999999994505
  0.84383160   1.73583738 103.00000000  4153.088143184781 4148.791653686935 4.296489497846 0.999999994493
  1.00469510   1.91269810 110.66474139  4153.274007484317 4152.922142192049 0.351865292268 0.999999994492
  0.93115658   1.94383492 103.00000000  4157.347842007875 4157.899613439088 -0.551771431213 0.999999994465
  1.02026238   1.93961815 101.92638682  4160.726095259190 4160.723118231859 0.002977027330 0.999999994443
  0.96446195   1.51771113 116.63253236  4164.609688505530 4159.593538856162 5.016149649368 0.999999994417
  1.04253991   1.92721125  97.39965537  4166.314477607608 4163.652117700645 2.662359906963 0.999999994405
  1.09632525   1.74819490 116.03792975  4168.297865644097 4168.294770759190 0.003094884907 0.999999994392
  1.12818834   1.68888476 110.34425205  4168.301348686218 4163.745543002943 4.555805683275 0.999999994392
  0.97758932   1.51155580 108.78356934  4169.937964558601 4164.822365019904 5.115599538697 0.999999994381
  0.97098424   1.89475922 115.07613946  4170.364945188165 4175.135800194864 -4.770855006699 0.999999994378
  0.97611193   1.82369116  76.95897839  4174.655150115490 4178.193528071631 -3.538377956141 0.999999994349
  0.98286506   1.94195867 106.80011775  4178.563675716519 4178.563083701497 0.000592015022 0.999999994322
  0.89255383   1.53838775 103.00000000  4181.788685172796 4180.438479210159 1.350205962637 0.999999994300
  0.96446195   1.59301542 129.18693825  4183.473919808865 4183.485783457268 -0.011863648403 0.999999994289
  1.05897994   1.68888476 124.36787444  4184.343974098563 4187.288435829613 -2.944461731050 0.999999994283
  0.97205639   1.65667596 130.60901512  4187.434448018670 4184.819135073059 2.615312945611 0.999999994262
  0.94774520   1.51540851 103.51193752  4187.916562750936 4186.610481601853 1.306081149082 0.999999994258
  1.05930012   1.68888476 124.34191075  4188.405885279179 4190.133608938991 -1.727723659812 0.999999994255
  0.97613946   1.61109100 129.87624413  4189.189401164651 4190.904761527937 -1.715360363286 0.999999994249
  1.07733547   1.67735560 122.14910976  4191.236206591129 4192.410797335901 -1.174590744772 0.999999994235
  0.96446195   1.96771878  98.27576206  4193.042075216770 4192.838315734187 0.203759482583 0.999999994223
  1.08040481   1.56645734 101.25534473  4200.244176834822 4193.206472727461 7.037704107361 0.999999994173
  0.96446195   1.80711507 124.04118440  4200.959181755781 4191.992757926388 8.966423829394 0.999999994168
  1.05385108   1.71665958 124.17881079  4201.362153083086 4197.609175464774 3.752977618312 0.999999994165
  0.97656742   1.93358194 109.04372387  4204.988691002131 4205.040299105184 -0.051608103054 0.999999994139
  0.96446195   1.88818202  79.29091604  4206.972591966391 4210.766739754323 -3.794147787932 0.999999994125
  1.12235995   1.61685676 104.38521348  4211.565896257758 4210.112821409822 1.453074847936 0.999999994093
  0.96446195   1.68888476  78.69346734  4212.095138460398 4210.636488553038 1.458649907359 0.999999994089
  1.01328076   1.91037766 110.62023033  4212.341891393065 4214.950223256338 -2.608331863273 0.999999994087
  1.10154522   1.83491565 103.00000000  4214.678313240409 4216.241527775331 -1.563214534922 0.999999994071
  1.01735141   1.68888476  79.70070982  4216.823508441448 4214.455829963267 2.367678478181 0.999999994056
  1.13887876   1.68350225 102.21176779  4218.296062782407 4218.722194988668 -0.426132206261 0.999999994045
  0.88440024   1.59163517  91.73162635  4219.923895671964 4222.619823300737 -2.695927628773 0.999999994033
  1.00132935   1.68888476 129.32976651  4220.392971649766 4220.027892981512 0.365078668254 0.999999994030
  0.92176803   1.62902604 129.37228903  4221.841369912028 4221.416562396414 0.424807515615 0.999999994020
  0.96446195   1.96460357  89.80227258  4222.945129573345 4226.670869833576 -3.725740260231 0.999999994012
  1.12380276   1.61928432 105.56774804  4223.104603096843 4224.389452955481 -1.284849858638 0.999999994011
  1.03598632   1.73630174  79.12329278  4225.787463083863 4228.964581210162 -3.177118126298 0.999999993991
  1.13939518   1.68733424 103.00000000  4227.708136722445 4231.168081991214 -3.459945268768 0.999999993977
  0.96251256   1.52543411  98.34835566  4228.500416129827 4230.449821121624 -1.949404991797 0.999999993972
  0.98553507   1.96906321  96.31757932  4229.570016324520 4233.003670877074 -3.433654552554 0.999999993964
  0.97867809   1.67045815  79.55162561  4232.012143254280 4231.936942497756 0.075200756524 0.999999993946
  0.93823238   1.91937570  82.96274821  4235.340543672442 4233.567929520370 1.772614152072 0.999999993922
  0.90199343   1.53929200  99.33548926  4237.456643164158 4233.797850792004 3.658792372154 0.999999993907
  0.87502314   1.86577703 103.00000000  4237.797219082713 4238.003747774578 -0.206528691865 0.999999993904
  0.96446195   1.95979899 103.00000000  4239.049119755626 4239.570448656013 -0.521328900388 0.999999993895
  0.84799788   1.74694361  94.33034860  4240.264791667461 4243.795812349074 -3.531020681613 0.999999993886
  0.96409184   1.96982945  92.00000353  4243.095713973045 4248.187201611156 -5.091487638110 0.999999993865
  0.91850273   1.51663016 109.83795823  4248.606856465340 4245.756237892571 2.850618572768 0.999999993824
  0.92953400   1.94643442 103.00000000  4250.285728931427 4248.235793360164 2.049935571263 0.999999993812
  0.89643335   1.53611864 101.93286139  4253.814441949129 4247.798152787796 6.016289161334 0.999999993786
  1.13402707   1.75174372  99.15658072  4254.553552538157 4250.673788370529 3.879764167627 0.999999993780
  1.04457735   1.75096998 123.77062405  4255.552403181791 4250.722536929140 4.829866252651 0.999999993773
  1.04594156   1.68888476 126.08294728  4256.678389206529 4255.233748603739 1.444640602790 0.999999993764
  1.09518122   1.84435486 104.46134198  4256.908068329096 4258.932525625205 -2.024457296109 0.999999993763
  0.97294415   1.71569905  77.51474556  4257.235271126032 4257.908809486303 -0.673538360271 0.999999993760
  0.95885000   1.68888476  78.62352204  4260.849064007401 4258.345377140970 2.503686866431 0.999999993733
  0.83946195   1.68888476 103.00000000  4263.330908343196 4263.332023986514 -0.001115643318 0.999999993714
  0.96446195   1.96240096 102.46064690  4269.754676595330 4265.112884419413 4.641792175918 0.999999993666
  1.00119359   1.79931818  76.84216220  4270.715323731303 4270.712061001354 0.003262729949 0.999999993658
  1.01581079   1.92955766 107.08567064  4272.632933884859 4276.140097229822 -3.507163344963 0.999999993644
  1.08513834   1.86714605 103.00000000  4274.010870173573 4278.403265629777 -4.392395456203 0.999999993633
  0.96446195   1.74290667  76.78981243  4276.870567202568 4278.733572318506 -1.863005115938 0.999999993611
  0.96446195   1.96429512  88.76247669  4279.028479486704 4282.453464840289 -3.424985353585 0.999999993595
  1.14070352   1.68888476 103.00000000  4279.384128287435 4280.577591192391 -1.193462904957 0.999999993592
  0.96446195   1.81460882 123.80771861  4282.032971650362 4279.824297941310 2.208673709052 0.999999993572
  0.98388256   1.51546862 103.00000000  4283.457549929619 4282.455696857779 1.001853071840 0.999999993561
  0.96446195   1.86760330  77.89074191  4283.636349201202 4286.351558915260 -2.715209714058 0.999999993559
  0.96446195   1.51381910 103.00000000  4286.980304360390 4283.181900260975 3.798404099415 0.999999993533
  0.94639107   1.86659692 118.56108030  4287.692455992103 4289.723434263577 -2.030978271475 0.999999993528
  0.83919598   1.68888476 103.00000000  4289.056112885475 4284.512598264851 4.543514620625 0.999999993517
  0.96446195   1.59005736  85.96649422  4294.149127900600 4288.021037869818 6.128090030783 0.999999993478
  0.86310978   1.83872052 101.59510212  4294.796955734491 4293.045024733277 1.751931001214 0.999999993473
  1.13232874   1.75549313  96.47373082  4295.577658012509 4295.982131547125 -0.404473534616 0.999999993466
  0.96446195   1.84448543  77.02923818  4296.150096625090 4299.103942829084 -2.953846203995 0.999999993462
  1.04343353   1.90948671 106.53409432  4297.026328429580 4304.771150299787 -7.744821870207 0.999999993455
  0.84580345   1.61806484 103.00000000  4298.362341389060 4302.819779297211 -4.457437908150 0.999999993445
  1.10686106   1.83314836 101.48451061  4298.552488029003 4304.869536522380 -6.317048493377 0.999999993443
  1.10114160   1.66777644  88.58016661  4298.992587462068 4302.185836547490 -3.193249085422 0.999999993440
  1.09089115   1.57640467 113.19680756  4306.485744073987 4299.384256570151 7.101487503836 0.999999993380
  0.89015336   1.90043741 103.00000000  4308.630681738257 4304.838414925140 3.792266813118 0.999999993363
  0.89458101   1.53696658 116.02467557  4310.387840479612 4304.727736498003 5.660103981610 0.999999993349
  0.92038147   1.76006740 125.98635155  4311.277291879058 4315.050467065614 -3.773175186556 0.999999993342
  1.00676208   1.68888476 129.37760925  4314.457558542490 4311.976106404012 2.481452138478 0.999999993317
  0.96446195   1.97003364  90.34502269  4317.484674081206 4316.994527463215 0.490146617992 0.999999993292
  0.96446195   1.59322078  85.51935980  4319.146340221167 4314.941116696290 4.205223524877 0.999999993279
  0.88555917   1.89835839 100.28969002  4322.397694185376 4321.975468307283 0.422225878093 0.999999993253
  1.10496374   1.72624938 116.57449790  4323.011686369777 4329.598693135354 -6.587006765577 0.999999993248
  0.94130620   1.68888476  78.85506965  4326.597120270133 4327.123330886366 -0.526210616233 0.999999993219
  1.05278139   1.68511956 125.74300122  4328.774851277471 4330.422628621885 -1.647777344414 0.999999993201
  1.12059629   1.80123338  95.70804694  4330.166414663196 4333.883497382082 -3.717082718887 0.999999993190
  0.95468824   1.68888476 130.68134127  4330.174993783236 4330.168636482042 0.006357301194 0.999999993189
  0.99593678   1.51680552 103.00000000  4331.608696937561 4331.895726004437 -0.287029066876 0.999999993178
  0.95459184   1.68888476  78.49233018  4333.428358361125 4332.655583406371 0.772774954754 0.999999993163
  0.84606889   1.68888476  94.03081616  4335.269844099879 4336.255896567012 -0.986052467133 0.999999993148
  0.86314758   1.74952374 116.56741312  4336.294251099229 4341.221824048061 -4.927572948832 0.999999993139
  0.96446195   1.68888476 130.75376884  4340.020775869489 4338.438700953886 1.582074915603 0.999999993108
  1.10163119   1.80553301 110.35354336  4342.155691549182 4349.667287942009 -7.511596392827 0.999999993091
  1.13470737   1.68888476  95.57027194  4344.093964263797 4344.261395550244 -0.167431286447 0.999999993075
  0.90780650   1.55932604  92.96044515  4344.433741852641 4348.226660008287 -3.792918155646 0.999999993072
  0.96446195   1.81553778  76.27630762  4345.369919359684 4350.888901737360 -5.518982377676 0.999999993064
  1.01505788   1.95952542  93.50227457  4350.215877577662 4349.534308660901 0.681568916762 0.999999993024
  0.92788090   1.94657525 103.96881979  4350.975172892213 4353.193573822175 -2.218400929963 0.999999993017
  1.08550027   1.87045588 103.00000000  4354.230366960168 4355.639968301657 -1.409601341489 0.999999992990
  0.99070687   1.81459173  76.40623654  4354.850474014878 4356.142144335276 -1.291670320397 0.999999992985
  1.04803689   1.73097869  79.68051875  4357.256737604737 4355.027311446706 2.229426158031 0.999999992964
  0.96446195   1.96693406 102.20408247  4357.989426732063 4357.417797002985 0.571629729078 0.999999992958
  0.98812359   1.51240338 104.70748755  4359.793582022190 4357.230561578916 2.563020443274 0.999999992943
  0.90651856   1.52554842 103.00000000  4360.817754819989 4355.893825124972 4.923929695017 0.999999992934
  0.85001924   1.68946921  91.88921550  4361.209492340684 4360.402944539114 0.806547801570 0.999999992931
  0.96446195   1.89991301  79.31183765  4361.487245738506 4362.990305470297 -1.503059731791 0.999999992929
  1.09935074   1.71089806  85.98513181  4361.934332475066 4361.931759243360 0.002573231706 0.999999992925
  0.95366968   1.96319179 103.00000000  4365.119937017560 4364.547783778032 0.572153239528 0.999999992898
  1.14033294   1.66520446 101.89092581  4366.301509529352 4363.968376317616 2.333133211736 0.999999992888
  1.02054139   1.52233825 114.08559120  4373.613898679614 4369.353746367655 4.260152311959 0.999999992825
  1.06154553   1.91446292  98.10516741  4378.710203990340 4375.438171550446 3.272032439894 0.999999992781
  1.13728471   1.68888476 108.70486901  4381.273120254278 4378.390829352482 2.882290901796 0.999999992759
  1.00477266   1.81243143 123.29474339  4388.075005903840 4378.882538637279 9.192467266561 0.999999992699
  1.11101581   1.82554245 103.00000000  4389.201053574681 4386.554259316549 2.646794258132 0.999999992690
  0.96293143   1.74049482 129.12974374  4390.512035116553 4424.079084146530 -33.567049029977 0.999999992678
  1.03778593   1.74931574 125.08568319  4391.371660694480 4387.311521990433 4.060138704047 0.999999992670
  0.83971918   1.68888476 107.93176679  4392.359795853496 4388.389894465872 3.969901387623 0.999999992662
  0.96446195   1.96608040 103.00000000  4395.251204103231 4390.924655184588 4.326548918643 0.999999992636
  0.83790300   1.69212330 103.00000000  4397.233417063951 4391.457782642778 5.775634421174 0.999999992619
  1.14332888   1.71302465 101.14239745  4398.203135401011 4398.316498987450 -0.113363586440 0.999999992610
  0.95385636   1.96473422 103.00000000  4400.088322028518 4400.671314479717 -0.582992451199 0.999999992593
  1.11926035   1.64302547  93.97894635  4401.864951193333 4402.422897389998 -0.557946196665 0.999999992578
  1.05324102   1.67182965  82.22707994  4402.647345781326 4406.795332819809 -4.147987038483 0.999999992571
  1.01102704   1.73251539 128.00465074  4409.766435295343 4406.158838810879 3.607596484464 0.999999992507
  0.87629303   1.54880567 103.00000000  4410.782839223742 4411.735096820305 -0.952257596563 0.999999992498
  1.04921033   1.74786031  79.27666448  4411.703843146563 4411.700323771729 0.003519374834 0.999999992489
  1.09178301   1.85931616 104.22199086  4417.440152347088 4415.311423427366 2.128728919722 0.999999992438
  0.88271455   1.68888476  83.48617159  4418.926268279552 4413.202920715851 5.723347563701 0.999999992424
  1.12402639   1.70193065 113.64446388  4420.144622519612 4417.210662435727 2.933960083885 0.999999992413
  1.13575485   1.72242615 108.44398936  4420.796980723739 4419.493817330516 1.303163393222 0.999999992407
  0.86016110   1.83314900 103.00000000  4424.374971076846 4424.931644266670 -0.556673189824 0.999999992374
  1.02474412   1.94477476 103.00000000  4426.395191162825 4429.213695014237 -2.818503851412 0.999999992356
  0.96864354   1.71446126 130.24411017  4428.890232354403 4424.784682738333 4.105549616070 0.999999992333
  1.13445689   1.63378895 103.00000000  4430.291250988841 4428.724290929402 1.566960059439 0.999999992320
  1.13427741   1.77088637  98.92844655  4431.203845143318 4431.204977611701 -0.001132468383 0.999999992312
  0.96446195   1.72953081  76.66885764  4431.877514988184 4432.454741071690 -0.577226083507 0.999999992305
  1.11470641   1.63368807  93.74518563  4432.890548393130 4431.306391660003 1.584156733127 0.999999992296
  1.11991535   1.63301569  95.20788473  4436.972647309303 4436.605674764959 0.366972544344 0.999999992258
  0.96446195   1.63284822 131.52974909  4444.293757334352 4445.670876607743 -1.377119273391 0.999999992190
  0.96446195   1.72594208  76.72700685  4446.744304016232 4446.558199690463 0.186104325770 0.999999992167
  0.99334366   1.83202188 122.52758008  4460.716424196959 4450.912433194826 9.803991002133 0.999999992034
  1.13525888   1.68888476 110.63419905  4463.052409589291 4463.649065963915 -0.596656374624 0.999999992012
  0.90467666   1.59586860  87.51889201  4464.723005473614 4471.423449068531 -6.700443594917 0.999999991996
  1.09294761   1.87275031  97.80942755  4466.686506912112 4472.567451802896 -5.880944890784 0.999999991977
  0.96446195   1.68888476  78.00000000  4470.512943416834 4470.309712549311 0.203230867523 0.999999991940
  0.96446195   1.68888476  77.98994975  4476.354737222195 4474.135340685377 2.219396536818 0.999999991884
  0.87127523   1.83790434 110.06466500  4478.019112750888 4485.196837868394 -7.177725117506 0.999999991867
  1.05626567   1.68888476  81.32877607  4483.848957762122 4486.897951746146 -3.048993984024 0.999999991810
  1.01251130   1.53981315  95.15002118  4487.155871525407 4487.870137242295 -0.714265716888 0.999999991778
  1.05175279   1.68888476 126.44638232  4488.683912113309 4496.002186655935 -7.318274542626 0.999999991763
  0.96788532   1.79892334  75.65123320  4490.405845150352 4498.617880212561 -8.212035062209 0.999999991746
  0.84475849   1.64419332  96.54339589  4497.676610693336 4498.692093881128 -1.015483187793 0.999999991673
  0.94935497   1.52428066  97.37733703  4498.041779279709 4499.276306805199 -1.234527525490 0.999999991670
  1.12812877   1.79232834 103.00000000  4509.949300721288 4509.665354191110 0.283946530178 0.999999991550
  0.89556088   1.74432250  80.00259714  4510.342321425676 4510.345283786217 -0.002962360541 0.999999991546
  0.96446195   1.93183549 111.72876059  4512.426854312420 4514.015277901671 -1.588423589251 0.999999991525
  1.13042999   1.78901873  96.96732443  4515.933850660920 4516.353782772424 -0.419932111504 0.999999991489
  1.04309505   1.73078444 126.02694766  4523.760827288032 4520.694043492442 3.066783795590 0.999999991408
  1.03211548   1.52044991 108.14021535  4525.542763978243 4522.289145164495 3.253618813748 0.999999991390
  0.96446195   1.94789776  82.97800799  4526.206410422921 4529.018956503956 -2.812546081035 0.999999991383
  0.88791302   1.72634313  81.23880593  4527.083617493510 4526.368356204796 0.715261288714 0.999999991374
  0.86503093   1.74701941  85.39570586  4533.668357431889 4526.826918155907 6.841439275981 0.999999991306
  0.96446195   1.68888476 131.45728643  4544.319408729672 4538.703520237633 5.615888492040 0.999999991194
  0.96446195   1.97236181 103.00000000  4544.875430166721 4542.988724280624 1.886705886098 0.999999991188
  1.14457295   1.68888476 106.78516782  4546.448148876429 4545.313844841899 1.134304034530 0.999999991171
  0.92223587   1.85902498 118.90563813  4550.655869543552 4556.197802543791 -5.541933000239 0.999999991127
  0.96446195   1.84292580  76.07738558  4550.881226092577 4550.926721446452 -0.045495353875 0.999999991124
  0.94041230   1.68982108 131.10242088  4551.637489944696 4547.897552177989 3.739937766707 0.999999991116
  1.05443662   1.70341903  80.36593439  4552.259195491672 4548.638604650053 3.620590841619 0.999999991110
  1.14554771   1.71055205 105.26061030  4552.273443102837 4551.685826556546 0.587616546291 0.999999991109
  1.11084821   1.84260401  99.27283504  4553.996543973684 4553.810986193269 0.185557780415 0.999999991091
  0.96446195   1.98523692  94.98372717  4554.923643812537 4555.785688674404 -0.862044861867 0.999999991081
  0.97835144   1.81222538 124.98684498  4556.969787448645 4550.676102687808 6.293684760836 0.999999991059
  1.00621403   1.89924180 115.16883475  4560.765219092369 4559.748883022314 1.016336070055 0.999999991018
  1.00804138   1.68888476  78.35205805  4560.838308677077 4557.787900099594 3.050408577484 0.999999991018
  0.92364488   1.81897367  77.26882094  4561.244154259562 4559.778576905638 1.465577353924 0.999999991013
  1.07550274   1.56802859  96.30612995  4562.009981617332 4559.512284972815 2.497696644517 0.999999991005
  1.14452138   1.68888476  97.86082710  4562.932609945536 4562.936661004987 -0.004051059452 0.999999990995
  0.96446195   1.71674242  76.68789180  4564.282523319125 4563.768259824995 0.514263494130 0.999999990980
  0.85585193   1.76421002  88.42192764  4566.829107582569 4566.827721303865 0.001386278704 0.999999990953
  1.10869969   1.64862353 118.45506412  4567.846955537796 4565.578237480303 2.268718057493 0.999999990942
  0.96135897   1.68888476  77.75978191  4567.983988851309 4573.496793283438 -5.512804432129 0.999999990940
  1.06642397   1.53943137 105.74761790  4568.970701292157 4579.221456921459 -10.250755629302 0.999999990929
  0.90405928   1.51982564 104.82340985  4569.816450834274 4578.440308352319 -8.623857518045 0.999999990920
  1.14824121   1.68888476 103.00000000  4579.584669202566 4581.205004308501 -1.620335105935 0.999999990813
  0.96446195   1.85490990 121.55825722  4582.877841979265 4583.378550789326 -0.500708810061 0.999999990777
  0.99729336   1.94130767 109.49657852  4589.592186927795 4587.618313096001 1.973873831795 0.999999990702
  0.96446195   1.97543082 102.66338502  4591.720606684685 4593.676482972794 -1.955876288110 0.999999990678
  0.96268324   1.97371236 103.23222697  4596.543052807450 4596.645548369876 -0.102495562425 0.999999990624
  0.97921197   1.51075456 102.23074069  4602.883246496320 4595.762472286166 7.120774210153 0.999999990553
  0.86352477   1.60602658  92.87215487  4606.041408270597 4599.118834595483 6.922573675114 0.999999990517
  1.02413891   1.96276488  98.16915430  4607.560288101435 4601.737599517073 5.822688584361 0.999999990500
  0.96446195   1.79762817  75.34017132  4609.527587547898 4608.327157099255 1.200430448644 0.999999990477
  1.00767092   1.86090834 119.78527544  4619.387821108103 4615.944024930615 3.443796177487 0.999999990364
  0.87081774   1.87946010  95.41278135  4620.884908467531 4620.258943151925 0.625965315607 0.999999990346
  1.11485811   1.83122617 103.00000000  4624.234310463071 4620.660515215637 3.573795247434 0.999999990308
  0.87406502   1.78575576 118.24182426  4624.886265054345 4631.080342448005 -6.194077393659 0.999999990300
  0.84312214   1.62837974  98.61945466  4624.958189338446 4628.085361791805 -3.127172453359 0.999999990299
  1.12982827   1.80061777  96.96597502  4628.059627071023 4633.004578651750 -4.944951580727 0.999999990263
  1.08818948   1.66514557  85.40870767  4628.204746916890 4629.439505675680 -1.234758758790 0.999999990261
  0.83550419   1.68888476 105.78786158  4632.900120422244 4629.112561068110 3.787559354134 0.999999990206
  0.96190142   1.84247461  75.79048318  4637.402965858579 4639.606628669283 -2.203662810704 0.999999990153
  1.08327736   1.89695225  97.77603639  4639.373272046447 4638.806690080482 0.566581965965 0.999999990130
  0.96446195   1.93755577  80.98983577  4641.962482571602 4639.575591367314 2.386891204288 0.999999990099
  1.03256918   1.68888476 128.78589657  4643.390180394053 4638.427985388758 4.962195005295 0.999999990082
  1.12218988   1.81622840 103.00000000  4643.743810579181 4640.589819794329 3.153990784852 0.999999990078
  0.98464747   1.89477397 117.38488509  4643.795910298824 4649.146697098148 -5.350786799324 0.999999990077
  0.86991408   1.87159018 103.24983216  4644.374672949314 4648.492819987799 -4.118147038484 0.999999990070
  0.96446195   1.63412477 132.27832920  4648.055061519146 4649.821375242421 -1.766313723275 0.999999990027
  0.96446195   1.50753769 103.00000000  4651.038581460714 4650.219062613273 0.819518847441 0.999999989991
  1.06157966   1.58653248  90.27188219  4653.923165619373 4651.777412800697 2.145752818677 0.999999989956
  0.96446195   1.94067014  81.20851911  4654.653137221932 4657.931249581136 -3.278112359204 0.999999989947
  1.13366511   1.78775470  95.97653772  4658.518624559045 4659.728899489177 -1.210274930132 0.999999989900
  0.95972890   1.50659304 116.06410744  4658.703104212880 4657.204133373183 1.498970839697 0.999999989898
  1.01936210   1.69502431 129.70787516  4662.259791448712 4658.377222956014 3.882568492699 0.999999989855
  0.96446195   1.88832267 118.45403142  4664.187566608191 4662.632327114587 1.555239493604 0.999999989832
  1.12219170   1.81763947 103.00000000  4664.481604248285 4663.177982902888 1.303621345397 0.999999989828
  0.96446195   1.77285938  75.26567574  4667.029653847218 4665.576247298547 1.453406548671 0.999999989797
  1.06121979   1.53731147 103.00000000  4668.144654110074 4666.344609934927 1.800044175147 0.999999989783
  1.13241962   1.79233598 103.00000000  4670.899928405881 4673.186018605438 -2.286090199557 0.999999989749
  0.87512818   1.72563298 123.08250515  4671.277060195804 4679.161390779054 -7.884330583251 0.999999989745
  1.04450625   1.62512523  84.11028075  4676.008903473616 4678.383663418412 -2.374759944796 0.999999989686
  0.96446195   1.63224845 132.36841777  4681.505156859756 4681.504597741157 0.000559118598 0.999999989618
  0.96446195   1.51634616  98.75516433  4682.603639215231 4680.508361005989 2.095278209242 0.999999989604
  0.85832107   1.73513719  86.54823659  4682.627047657967 4684.730745422966 -2.103697764999 0.999999989604
  0.93420461   1.96803424 103.00000000  4691.865370556712 4692.841715294873 -0.976344738161 0.999999989488
  0.96446195   1.91202517 115.74139980  4700.894946649671 4695.910411687440 4.984534962231 0.999999989374
  0.96446195   1.97864322 103.00000000  4701.748265311122 4695.682261126342 6.066004184780 0.999999989363
  0.94317437   1.97034465 103.94112446  4704.781813859940 4701.142268150305 3.639545709635 0.999999989324
  1.05138634   1.57899287  90.11933016  4705.083316132426 4700.233743706826 4.849572425600 0.999999989320
  0.97730783   1.98572440  89.58444090  4709.297742560506 4703.825626548206 5.472116012300 0.999999989266
  1.09663800   1.84451194 108.88145528  4710.555285036564 4710.554916510375 0.000368526189 0.999999989250
  0.94818479   1.64816313  79.89103439  4710.598004534841 4706.794522002120 3.803482532720 0.999999989249
  1.10474598   1.85587660 103.00000000  4711.060632809997 4709.534505393246 1.526127416751 0.999999989243
  1.12156044   1.68888476 116.59925374  4712.540236204863 4708.781950335270 3.758285869592 0.999999989224
  1.11913482   1.71959393 116.14950235  4714.563668847084 4714.102039152611 0.461629694473 0.999999989198
  1.03731324   1.94628807 103.00000000  4714.611143305898 4715.842375613276 -1.231232307378 0.999999989197
  0.98462819   1.84080533 123.17376623  4715.272362932563 4714.065056161319 1.207306771244 0.999999989189
  1.06858840   1.62876337 125.26656952  4716.939551681280 4717.820023451130 -0.880471769849 0.999999989167
  1.11437647   1.58323618 103.00000000  4723.445229992270 4717.590398520215 5.854831472056 0.999999989082
  1.00739326   1.93870089 110.07015895  4725.670897215605 4720.402051286418 5.268845929187 0.999999989053
  0.95310614   1.51445967 120.10642616  4728.270204916596 4721.888597177342 6.381607739255 0.999999989019
  0.84584608   1.74668239  91.38708846  4728.946363911033 4735.358184111002 -6.411820199969 0.999999989010
  0.90073321   1.93728357 102.43606668  4730.061473429203 4733.058601651845 -2.997128222642 0.999999988995
  1.11190450   1.58357621 100.94661736  4732.124889642000 4737.247626793726 -5.122737151726 0.999999988968
  0.85326279   1.57259831 109.02012081  4732.330638974905 4737.322338538112 -4.991699563207 0.999999988965
  0.99077196   1.70652497 131.14321121  4738.373235851526 4739.683503590039 -1.310267738512 0.999999988885
  0.96446195   1.68888476 132.16080402  4740.454847618937 4742.290898595968 -1.836050977030 0.999999988857
  1.14672122   1.74840861 103.00000000  4742.812645703554 4746.176407531487 -3.363761827933 0.999999988825
  0.96446195   1.52314447  96.22526525  4747.004623189569 4743.908275186342 3.096348003227 0.999999988769
  0.96446195   1.68888476  77.28643216  4747.834292933345 4746.371087834241 1.463205099104 0.999999988758
  1.07146349   1.53886718 110.04337978  4748.460235342383 4747.139126549238 1.321108793145 0.999999988749
  1.13533499   1.79560960  99.25513729  4753.502756252885 4752.800554058465 0.702202194419 0.999999988681
  1.15262349   1.69221343 103.00000000  4753.779929086566 4755.017925098243 -1.237996011677 0.999999988677
  0.96446195   1.95351512 109.73905212  4768.136073872447 4763.766699575997 4.369374296450 0.999999988481
  0.85823460   1.60978510 119.86867500  4772.804231554270 4770.157640619231 2.646590935039 0.999999988416
  1.12230376   1.68888476 116.82021688  4773.112995743752 4772.182986751947 0.930008991804 0.999999988412
  0.96446195   1.56458290 129.41587978  4774.193431138992 4775.558066323481 -1.364635184489 0.999999988397
  0.90432207   1.51933231 116.37920160  4774.519201785326 4781.898238755721 -7.379036970395 0.999999988392
  0.84846908   1.80941828 103.00000000  4782.854100957513 4781.953100464313 0.901000493200 0.999999988275
  0.98241393   1.80377314  74.81220683  4782.951045453548 4786.538221022353 -3.587175568805 0.999999988274
  1.12329372   1.68888476  88.97995353  4785.199876233935 4785.380188232421 -0.180311998486 0.999999988242
  0.96446195   1.63298294  80.51265234  4786.841423004866 4789.151580797707 -2.310157792841 0.999999988219
  0.98446751   1.66639902 132.40005676  4787.750017806888 4791.198527213248 -3.448509406360 0.999999988206
  0.96446195   1.53667837 125.85125086  4787.862443998456 4791.261117525371 -3.398673526915 0.999999988205
  1.07003308   1.66353236 125.87039832  4794.468193471432 4796.159139754628 -1.690946283196 0.999999988111
  0.84144123   1.66464174  94.43679160  4795.244295880198 4795.245959986210 -0.001664106011 0.999999988100
  0.96125298   1.62224943 132.62327922  4795.657043933868 4796.485201409896 -0.828157476028 0.999999988094
  0.84799138   1.73987058  89.71899457  4797.247597098351 4799.906589375400 -2.658992277050 0.999999988071
  0.91584155   1.72612704  77.59302488  4802.280778989196 4805.021510627677 -2.740731638482 0.999999987999
  0.95392093   1.68888476 132.32762171  4804.593183949590 4805.178976478301 -0.585792528711 0.999999987966
  0.96446195   1.68977182  77.09021777  4804.646797508001 4808.096212269304 -3.449414761303 0.999999987965
  1.15392764   1.69033473 102.88277970  4807.287887930870 4808.909937029645 -1.622049098775 0.999999987927
  1.13138896   1.68888476  90.68344775  4809.136693567038 4806.936082015466 2.200611551571 0.999999987900
  1.08392023   1.89493029 103.00000000  4810.144006147981 4810.974428864995 -0.830422717015 0.999999987885
  0.86078179   1.85634881 102.20088067  4813.699432581663 4809.588975275592 4.110457306071 0.999999987833
  0.94068676   1.96832048 105.48292383  4816.975226700306 4814.761986121427 2.213240578879 0.999999987785
  1.04762733   1.72503358 126.99752300  4824.642393112183 4819.996010413682 4.646382698501 0.999999987672
  1.07064485   1.55922701  95.97279245  4825.601738765836 4817.981662488787 7.620076277049 0.999999987658
  1.15379119   1.68888476 104.40590561  4825.662290588021 4826.962224897476 -1.299934309454 0.999999987657
  1.15003807   1.68888476 107.87371174  4827.768954366446 4827.764164192938 0.004790173508 0.999999987626
  1.00572056   1.72583873 130.09393186  4834.323723763227 4824.858875669537 9.464848093690 0.999999987528
  1.12544877   1.82753628  98.26917199  4834.951056748629 4833.143453394074 1.807603354555 0.999999987519
  1.11474522   1.68888476 118.82151225  4835.833096072078 4838.566623665098 -2.733527593020 0.999999987506
  1.07651699   1.68888476  82.00137447  4836.153929561377 4837.442516991983 -1.288587430607 0.999999987501
  1.14389702   1.68888476 110.99925152  4840.395528689027 4839.036017330803 1.359511358224 0.999999987437
  1.06044084   1.68888476  80.52528286  4840.611714079976 4838.848617630008 1.763096449968 0.999999987434
  1.12541541   1.70387862 116.15951927  4840.689767733216 4846.086504747907 -5.396737014691 0.999999987433
  1.09657483   1.68759037  84.36627734  4843.461272299290 4843.850636400408 -0.389364101118 0.999999987391
  1.10190522   1.86806760 103.00000000  4847.133793488145 4848.070410916075 -0.936617427930 0.999999987335
  0.96446195   1.98492462 103.00000000  4848.028422892094 4848.926770807862 -0.898347915769 0.999999987322
  0.83754513   1.75589445 103.00000000  4848.234677970409 4846.951103904998 1.283574065411 0.999999987318
  1.01485965   1.63150709  81.36078366  4850.850632950664 4853.182073436471 -2.331440485807 0.999999987279
  0.96446195   1.96003073 109.20973479  4853.160593181849 4855.160487448438 -1.999894266590 0.999999987243
  0.96446195   1.51912909  96.84656330  4853.553379863501 4855.392413929467 -1.839034065966 0.999999987237
  0.96446195   1.61484687  81.82902726  4858.441046789289 4857.861200248027 0.579846541262 0.999999987162
  1.14030710   1.63157251  99.17026663  4860.246320500970 4857.632124988229 2.614195512740 0.999999987134
  1.00895247   1.96006007 106.74451146  4865.771731868386 4861.773972563416 3.997759304970 0.999999987049
  0.95745945   1.98445482 103.00000000  4867.426585227251 4860.812942001859 6.613643225392 0.999999987023
  1.03673905   1.62962666 129.40468801  4870.265690281987 4876.904114898120 -6.638424616132 0.999999986979
  0.96446195   1.54990379  89.84228436  4870.537838384509 4870.113767931416 0.424070453093 0.999999986974
  0.83299217   1.71436778 103.00000000  4872.586124151945 4875.409029723118 -2.822905571173 0.999999986942
  1.02654648   1.97453086  96.14128351  4874.633982196450 4877.951523837995 -3.317541641544 0.999999986910
  0.89271322   1.57522003  90.19153282  4883.238397330046 4878.901539634600 4.336857695445 0.999999986774
  1.12669948   1.68253807 116.58268992  4886.212111026049 4883.955201128142 2.256909897907 0.999999986727
  1.05860279   1.70250808  79.64634081  4886.674424022436 4885.455749772968 1.218674249468 0.999999986720
  1.14389312   1.62726960 103.00000000  4890.355802088976 4895.122304423328 -4.766502334352 0.999999986661
  1.12150703   1.69680134  87.64749282  4899.959272369742 4902.378184483892 -2.418912114150 0.999999986506
  0.83316888   1.70105598  98.91040378  4901.799171850085 4906.227746233661 -4.428574383575 0.999999986477
  1.08354908   1.68888476  82.48738871  4906.267349168658 4909.393348673900 -3.125999505241 0.999999986404
  1.14690759   1.67297593  95.73112395  4907.522063925862 4909.859349824738 -2.337285898876 0.999999986383
  1.15528425   1.71011579 104.41048749  4910.639787599444 4912.362742396745 -1.722954797301 0.999999986332
  0.83165829   1.68888476 103.00000000  4911.995282217860 4912.932503755013 -0.937221537153 0.999999986310
  1.11495342   1.85588294  97.45764629  4918.260339885950 4921.202133282899 -2.941793396949 0.999999986207
  1.05163678   1.68888476  79.59276147  4923.967060565948 4921.187612222760 2.779448343188 0.999999986112
  1.14948000   1.68888476  95.55977800  4926.747764393687 4928.767887629650 -2.020123235962 0.999999986066
  1.11111180   1.71851477  85.00652104  4928.354468509555 4930.374414022581 -2.019945513026 0.999999986039
  0.87464887   1.68888476 125.59283801  4934.648979246616 4928.546420448811 6.102558797806 0.999999985933
  1.12294726   1.83220819 103.00000000  4937.705105274916 4933.386614793054 4.318490481862 0.999999985881
  0.84694522   1.81194650 103.00000000  4937.962044864893 4937.322453990675 0.639590874218 0.999999985877
  1.15432535   1.72281017 104.79951274  4939.040991500020 4939.249520305204 -0.208528805184 0.999999985858
  0.83693024   1.68888476 111.82067653  4939.607110351324 4937.737674955810 1.869435395514 0.999999985849
  1.07877269   1.68176562 125.21985208  4940.681129842997 4946.165092836068 -5.483962993071 0.999999985831
  0.89703367   1.90447339 111.02877453  4945.048967167735 4952.454616474791 -7.405649307056 0.999999985756
  0.99041383   1.67265291  77.68768800  4945.725989073515 4949.523964019805 -3.797974946290 0.999999985745
  0.96446195   1.68888476 132.86432161  4946.516237020493 4949.103416708236 -2.587179687744 0.999999985731
  0.89179638   1.53971135  96.91922335  4952.485400810838 4949.984392216084 2.501008594753 0.999999985628
  0.96446195   1.49731116 107.88848541  4954.538345694542 4957.577677965872 -3.039332271330 0.999999985593
  0.85030474   1.60312517  95.96791131  4957.061099648476 4962.866378216699 -5.805278568223 0.999999985549
  1.09858295   1.72253483  82.91979077  4959.921775400639 4961.724085263028 -1.802309862389 0.999999985500
  1.13413661   1.66482425 115.18199277  4963.773665502667 4960.747425222017 3.026240280650 0.999999985432
  1.07400071   1.91590042 103.00000000  4967.141855314374 4965.640808976072 1.501046338302 0.999999985373
  1.15771371   1.68888476 103.31226945  4967.610444620252 4968.741477255138 -1.131032634887 0.999999985365
  1.15173867   1.69662375  95.80542968  4969.552045047283 4969.552183173979 -0.000138126696 0.999999985331
  1.01873845   1.95155775 108.26068551  4971.914887577295 4974.911900862426 -2.997013285130 0.999999985289
  1.01183590   1.59689927 130.58352999  4972.179155766964 4977.598429301100 -5.419273534136 0.999999985285
  0.97206722   1.63360213  79.97054244  4978.158766627312 4975.453386958070 2.705379669242 0.999999985179
  0.94285033   1.65849844 133.21189499  4978.664206936955 4975.458652807621 3.205554129335 0.999999985170
  0.85264197   1.77711355 113.76817602  4980.994453400373 4980.994327509136 0.000125891237 0.999999985128
  0.84111414   1.73872724  91.99671603  4982.376496076584 4984.131500717017 -1.755004640433 0.999999985104
  0.96446195   1.91695567  77.47076962  4982.382301405072 4983.407468591203 -1.025167186131 0.999999985104
  1.13757876   1.68888476 114.32876971  4986.209931612015 4983.739237509264 2.470694102751 0.999999985035
  1.06169368   1.52966182 113.13364464  4986.561306923628 4987.773563702547 -1.212256778919 0.999999985029
  0.96446195   1.68888476 133.00000000  4994.761560842395 4989.351315021410 5.410245820985 0.999999984881
  1.09469203   1.68888476 123.08464467  5000.243173003197 4999.430979532170 0.812193471027 0.999999984781
  0.86817477   1.78156383 118.95965132  5008.210830956697 5008.957397323596 -0.746566366898 0.999999984635
  0.89304978   1.76107593 125.56773494  5011.661570057273 5009.589487899614 2.072082157659 0.999999984571
  1.07909723   1.90894639 103.65650206  5014.708286836743 5009.405096608160 5.303190228583 0.999999984514
  1.13176151   1.82308498  99.81703085  5015.622724533081 5012.079280908497 3.543443624584 0.999999984497
  0.85244605   1.71317156  87.02231770  5016.558332905173 5019.779538950416 -3.221206045243 0.999999984480
  1.00507197   1.70363069  76.38613663  5020.872972428799 5022.854629181907 -1.981656753108 0.999999984399
  0.98321250   1.91752299 116.64006211  5023.938074752688 5028.524210729540 -4.586135976851 0.999999984342
  0.96446195   1.68888476  76.58291457  5024.011081472039 5027.410043409786 -3.398961937747 0.999999984340
  0.96446195   1.50125628 103.00000000  5035.859142005444 5037.053779579845 -1.194637574401 0.999999984116
  1.05183713   1.68888476 128.55996498  5037.614561200142 5047.353187933002 -9.738626732860 0.999999984083
  0.93054255   1.57616086  86.26796383  5049.306040868163 5046.754745991702 2.551294876461 0.999999983858
  0.96891811   1.68888476  76.48406022  5053.099047899246 5056.446411788776 -3.347363889530 0.999999983784
  0.96446195   1.92521704 116.05392596  5065.442802950740 5064.755625435459 0.687177515281 0.999999983542
  1.03893558   1.93610092 108.86141675  5067.661844417453 5072.694668018427 -5.032823600975 0.999999983498
  1.11204216   1.86143867 103.00000000  5069.043680384755 5072.001946062685 -2.958265677929 0.999999983471
  1.14108870   1.61777182 100.10761302  5071.939846590161 5070.792845521413 1.147001068748 0.999999983413
  0.87459062   1.64001929 126.73021037  5073.817055284977 5070.973842998536 2.843212286441 0.999999983376
  0.86820208   1.68888476  83.76500024  5074.011308208108 5069.576386565874 4.434921642234 0.999999983372
  0.91799117   1.69525437  77.76953080  5077.091142043471 5072.845869556015 4.245272487457 0.999999983311
  0.84914757   1.82321586 104.70841960  5077.334810510278 5072.184820640617 5.149989869661 0.999999983306
  0.90323704   1.95461660 102.58318335  5077.552486926317 5075.942979393559 1.609507532758 0.999999983301
  1.00474460   1.69655413  76.52737396  5083.585361510515 5076.367156542781 7.218204967734 0.999999983180
  0.84390889   1.80701218 103.00000000  5083.841071799397 5080.357891872821 3.483179926577 0.999999983175
  0.94001995   1.86651069 121.94819976  5086.328287094831 5090.845413472082 -4.517126377251 0.999999983125
  0.83350734   1.64235792 109.68919637  5092.553290054202 5087.333111356468 5.220178697734 0.999999982998
  0.98666396   1.86527611  74.78394259  5104.259640723467 5098.040127947257 6.219512776210 0.999999982758
  0.99456759   1.68888476 132.72623872  5108.138065114617 5101.894696229865 6.243368884752 0.999999982677
  0.96446195   1.88437792 120.97290897  5108.441484540701 5106.737132512610 1.704352028091 0.999999982671
  1.14926831   1.77916458  98.82882819  5113.037822633982 5108.522246605383 4.515576028599 0.999999982575
  0.86647903   1.75196283 121.34589157  5113.309170678258 5109.985493331028 3.323677347230 0.999999982569
  0.96446195   1.98760759 105.35375874  5114.593570068479 5110.638288771079 3.955281297400 0.999999982542
  1.14413881   1.79564803  97.55311591  5115.533324524760 5113.523579800386 2.009744724374 0.999999982523
  0.99952293   1.67002787 132.88654873  5117.113297998905 5112.379118243328 4.734179755577 0.999999982489
  0.96446195   1.64889995 133.96319689  5117.822282433510 5114.943246453282 2.879035980228 0.999999982475
  1.14236015   1.61078234 103.00000000  5118.145596712828 5124.066340722987 -5.920744010159 0.999999982468
  0.84743824   1.57268646 106.20928462  5121.206175819039 5124.276380302154 -3.070204483115 0.999999982403
  1.15687354   1.65110123 103.00000000  5124.489709466696 5127.805917140315 -3.316207673619 0.999999982334
  0.83012804   1.71477944 103.00000000  5125.448313266039 5127.968912197925 -2.520598931887 0.999999982313
  1.14112362   1.62927644  96.84759129  5125.553057372570 5129.827143156844 -4.274085784274 0.999999982311
  1.06422159   1.65739063 127.91635847  5127.324411362410 5135.860557834622 -8.536146472213 0.999999982274
  0.96446195   1.52081161  95.01557515  5134.439199447632 5136.762400503883 -2.323201056251 0.999999982122
  0.84332436   1.80143336  94.35324552  5136.646790698171 5144.720942728065 -8.074152029894 0.999999982074
  1.12868629   1.68888476  88.14737824  5140.265209957957 5139.145575736575 1.119634221383 0.999999981996
  0.84809699   1.64947703 119.60549116  5140.333363518119 5140.529303294768 -0.195939776650 0.999999981995
  0.83924357   1.79178281  99.39266338  5145.910410031676 5146.742272830019 -0.831862798343 0.999999981874
  0.96446195   1.93280835 115.50485364  5149.864190131426 5147.564965669023 2.299224462403 0.999999981788
  0.82957392   1.70886752 103.30269019  5156.338110923767 5150.641075613733 5.697035310034 0.999999981646
  0.96446195   1.68888476 133.56783920  5156.923589825630 5159.041320039490 -2.117730213859 0.999999981633
  0.83081465   1.72951793 103.00000000  5163.190103203058 5164.667894422411 -1.477791219353 0.999999981494
  0.96683725   1.91427479  76.44907226  5163.260386541486 5168.539870018472 -5.279483476987 0.999999981492
  1.10718892   1.68888476  84.44207053  5164.332592234015 5166.247716444132 -1.915124210117 0.999999981469
  1.08726379   1.72017382  80.80402412  5164.420595034957 5168.282533676049 -3.861938641092 0.999999981467
  0.98735615   1.50948718  99.00897094  5164.825240179896 5168.502871803941 -3.677631624045 0.999999981458
  0.83303809   1.62733090 103.00000000  5166.591164797544 5170.496236023313 -3.905071225769 0.999999981418
  0.89161803   1.51343367 111.01080044  5168.168264955282 5173.412876357430 -5.244611402148 0.999999981383
  0.96446195   1.95088497 113.06796911  5172.287309154868 5176.587672222114 -4.300363067246 0.999999981291
  1.14685705   1.66140462  94.26510406  5173.395911738276 5175.937989280912 -2.542077542636 0.999999981266
  0.90685066   1.57136714  88.12684019  5174.453216105700 5179.907694769457 -5.454478663757 0.999999981242
  0.97202870   1.55112481 129.53135998  5175.889530047774 5178.970017558277 -3.080487510502 0.999999981210
  0.96446195   1.55266882 129.84877701  5178.874209985137 5183.135563818825 -4.261353833688 0.999999981142
  0.86013407   1.68888476  85.04514593  5180.766655847430 5183.208994218772 -2.442338371342 0.999999981100
  0.83383896   1.76028808 101.68514228  5180.924042001367 5186.455549788344 -5.531507786977 0.999999981096
  0.96446195   1.52932738  92.74283651  5186.906197428703 5185.009070543520 1.897126885184 0.999999980960
  1.16306489   1.70532262 103.00000000  5186.956161737442 5189.959535034349 -3.003373296907 0.999999980959
  1.07470788   1.53467206 103.00000000  5188.930038988590 5190.571411450196 -1.641372461606 0.999999980913
  1.05701968   1.68888476  79.16015136  5191.168053671718 5194.058987984280 -2.890934312562 0.999999980862
  1.16331658   1.68888476 103.00000000  5195.545935451984 5197.216128488240 -1.670193036256 0.999999980761
  1.10136951   1.87242824 106.72654529  5198.998734176159 5203.970736438308 -4.972002262149 0.999999980681
  0.96446195   1.70005067  75.67735221  5201.519446745515 5201.923115775719 -0.403669030205 0.999999980623
  0.84037827   1.76883554 109.40490668  5201.678241506219 5200.938903556135 0.739337950084 0.999999980619
  1.14188729   1.61036218 109.56987303  5204.383655041456 5204.272327290389 0.111327751068 0.999999980556
  0.94687427   1.65361114 134.12646303  5207.941033095121 5206.228383440543 1.712649654579 0.999999980473
  0.96446195   1.53833751 128.06219782  5209.014746531844 5204.897082560695 4.117663971149 0.999999980448
  0.83767630   1.68888476 114.62057078  5210.285901352763 5217.713339667362 -7.427438314598 0.999999980418
  0.96847463   1.64761542 134.28361453  5215.300397455692 5218.744530895161 -3.444133439469 0.999999980300
  0.84086929   1.79230280 105.72262447  5217.565816938877 5217.100841972044 0.464974966833 0.999999980246
  1.01400465   1.59475702  83.78326085  5220.629083499312 5217.381277087942 3.247806411370 0.999999980173
  0.92942712   1.78301424  74.71056094  5221.044160768390 5224.281499746032 -3.237338977642 0.999999980164
  1.06271761   1.95087894  98.66826687  5221.477134555578 5223.996279051198 -2.519144495620 0.999999980153
  1.00801398   1.60021573  82.94883844  5222.714052066207 5222.143493418887 0.570558647320 0.999999980124
  1.03610845   1.68458403  77.95540214  5223.337878897786 5224.066386419903 -0.728507522117 0.999999980109
  0.94986602   1.71184162  75.40716523  5229.591103658080 5226.295696520840 3.295407137241 0.999999979959
  0.85190537   1.84657906 103.00000000  5231.769276261330 5235.074168236273 -3.304891974944 0.999999979907
  1.12693773   1.58998558  99.40819336  5236.602881133556 5236.916141892738 -0.313260759182 0.999999979790
  1.13885786   1.59889071 103.00000000  5238.313335776329 5243.452534007612 -5.139198231283 0.999999979748
  1.14342709   1.73996564 112.16941839  5239.499601975083 5247.007948335416 -7.508346360332 0.999999979719
  0.93742758   1.98187532 106.06533991  5239.524815171957 5247.877665496661 -8.352850324704 0.999999979719
  0.93499171   1.68888476 133.33061556  5248.045268967748 5247.531092730220 0.514176237528 0.999999979510
  1.16156923   1.67876139 106.90031690  5248.306323692203 5250.136959607252 -1.830635915049 0.999999979504
  0.85329592   1.63504142 121.88057676  5249.189337462187 5250.224184368707 -1.034846906520 0.999999979482
  0.93486317   1.50031958 103.00000000  5249.237172797322 5250.228597891618 -0.991425094296 0.999999979481
  0.96446195   1.49306374 107.19265715  5249.279843315482 5252.435956230727 -3.156112915245 0.999999979480
  0.85599273   1.68888476  85.77678535  5249.977864041924 5252.662392680078 -2.684528638153 0.999999979463
  0.86047251   1.84419093 110.17083943  5252.282551094890 5255.947934809673 -3.665383714783 0.999999979406
  0.83988947   1.77332813  92.43335324  5254.637943744659 5260.312473856221 -5.674530111562 0.999999979348
  0.89558005   1.58925578  86.75442993  5258.204531043768 5258.816940708275 -0.612409664507 0.999999979259
  0.94918708   1.94256844 114.35451749  5258.702048182487 5260.656709118003 -1.954660935516 0.999999979247
  0.87618213   1.53000888 103.00000000  5260.936039298773 5258.224533514436 2.711505784337 0.999999979191
  0.96446195   1.55895387 130.83181943  5263.830520600080 5260.532339568035 3.298181032045 0.999999979119
  0.96446195   1.80800700  73.42691347  5264.830109104514 5264.836596821360 -0.006487716846 0.999999979093
  1.07626833   1.92421028 103.71470079  5264.902629211545 5268.414627816637 -3.511998605092 0.999999979092
  1.09691033   1.89672998 103.00000000  5266.252301543951 5268.354236810536 -2.101935266585 0.999999979058
  1.14386315   1.65187582  93.57232721  5267.510830372572 5266.806927538804 0.703902833768 0.999999979026
  0.82817160   1.68888476 100.51741613  5268.942083075643 5271.415858686713 -2.473775611071 0.999999978990
  1.16444671   1.68888476 104.69128691  5269.314661234617 5272.380956696425 -3.066295461807 0.999999978981
  1.15747150   1.63982932 103.00000000  5271.142502471805 5272.837830628837 -1.695328157032 0.999999978935
  0.96446195   1.59484513  82.67351842  5274.763213783503 5272.331581715231 2.431632068272 0.999999978843
  0.96446195   1.84181835 125.56292558  5275.017306953669 5275.232903830615 -0.215596876947 0.999999978836
  0.95345649   1.92241991 117.33653743  5277.626684635878 5282.484176129401 -4.857491493523 0.999999978770
  1.02088894   1.50572315 104.07324513  5283.702810093760 5279.616575504115 4.086234589646 0.999999978615
  1.08821098   1.92039650  98.03310985  5284.117887035012 5287.648773276809 -3.530886241797 0.999999978604
  0.83097483   1.74253103  99.07757795  5285.285306513309 5287.855336039632 -2.570029526322 0.999999978574
  1.07535385   1.57315536  91.43798552  5289.928905904293 5285.923067226775 4.005838677518 0.999999978454
  0.85908112   1.68888476  84.91264730  5293.679928287864 5286.342767196738 7.337161091125 0.999999978357
  0.84781629   1.68888476 119.80050747  5294.207348302007 5291.492747989018 2.714600312989 0.999999978343
  0.89283463   1.93676221 106.00326976  5295.804745629430 5293.419686668437 2.385058960993 0.999999978302
  0.96446195   1.80738903  73.33687185  5296.495022386312 5296.397815564372 0.097206821941 0.999999978284
  1.04632750   1.95825804 104.34373686  5301.914853647351 5303.226269970137 -1.311416322786 0.999999978142
  1.01500736   1.74579072  74.67836370  5302.796261787415 5303.268856063665 -0.472594276251 0.999999978119
  0.96439159   2.00112186 103.81295115  5303.661439642310 5309.294672251702 -5.633232609392 0.999999978096
  1.14304843   1.60327537 103.00000000  5310.805573597550 5309.257659956676 1.547913640874 0.999999977908
  0.95125988   1.51991065  94.64807209  5311.093328282237 5307.154130622657 3.939197659580 0.999999977900
  0.96446195   2.00376884 103.00000000  5313.959647089243 5311.216998572905 2.742648516338 0.999999977824
  1.16583222   1.68888476 103.90268790  5317.012849763036 5312.553259384517 4.459590378518 0.999999977742
  0.95709825   2.00366467 102.75106198  5319.522353857756 5316.383320651796 3.139033205960 0.999999977675
  1.05025317   1.68888476 129.71048633  5321.075970828533 5319.028644357930 2.047326470603 0.999999977634
  0.96446195   1.68888476  75.87939698  5321.300251573324 5317.320662281109 3.979589292216 0.999999977628
  1.12223731   1.68888476  86.08624879  5323.226693466306 5319.736841833173 3.489851633133 0.999999977576
  0.99981638   1.85987579 123.44654495  5325.999481886625 5323.347397761296 2.652084125330 0.999999977501
  0.96446195   1.72323207  74.54744024  5332.088766068220 5325.176357409676 6.912408658544 0.999999977336
  0.98715142   1.68888476 133.73877092  5333.668085083365 5327.561664559494 6.106420523872 0.999999977293
  1.05383262   1.95621452 103.00000000  5342.891621187329 5335.078150753779 7.813470433551 0.999999977040
  1.09358235   1.90525874 103.00000000  5346.832545906305 5341.550769843700 5.281776062606 0.999999976932
  1.10889032   1.88819440  99.40753691  5348.157648175955 5341.168382564284 6.989265611671 0.999999976895
  0.96446195   1.89970342 120.45549549  5348.226624459028 5344.593466957010 3.633157502019 0.999999976893
  0.95336085   1.82953145 126.66919387  5349.508745685220 5348.080588191231 1.428157493989 0.999999976857
  0.97582909   1.66528031 134.49576510  5349.623681664467 5346.466517268266 3.157164396201 0.999999976854
  0.93915345   1.77176846  74.01582640  5352.313031211495 5354.215215584806 -1.902184373311 0.999999976779
  1.14911137   1.61580473 101.46823835  5352.425694808364 5353.642808757491 -1.217113949127 0.999999976776
  0.96446195   1.92605300  76.34206801  5354.148505091667 5357.396299921492 -3.247794829825 0.999999976728
  0.96446195   1.91921784  75.92479295  5361.414211794734 5361.410599437270 0.003612357464 0.999999976524
  0.91380283   1.50440340 103.00000000  5362.067091152072 5360.391316077063 1.675775075008 0.999999976506
  0.94169217   1.59213473 133.38519198  5365.050350874662 5361.919989370913 3.130361503750 0.999999976422
  0.83676364   1.79136488  97.91728509  5366.800323396921 5369.248684344429 -2.448360947508 0.999999976372
  0.96446195   1.68888476 134.27135678  5374.165258750319 5372.002339332937 2.162919417383 0.999999976162
  0.97464877   1.83505460 126.44590817  5377.067511379719 5372.851465148565 4.216046231154 0.999999976079
  1.12495839   1.68888476 119.66684980  5377.113220214844 5374.528022609160 2.585197605684 0.999999976078
  1.15648119   1.68888476  93.89392068  5380.606380641460 5375.950235756772 4.656144884689 0.999999975977
  0.96446195   2.01215646 100.92184482  5382.243629440665 5380.470992918660 1.772636522005 0.999999975930
  1.01075870   1.69098891 132.83237789  5382.992490157485 5376.824194441071 6.168295716414 0.999999975909
  0.96446195   1.84638004  73.39419085  5383.415367141366 5381.309127366152 2.106239775214 0.999999975896
  0.96446195   1.79771528  73.11766201  5389.270528614521 5380.567069850646 8.703458763875 0.999999975726
  0.87526068   1.91759560 103.00000000  5393.699826568365 5388.218098078242 5.481728490123 0.999999975597
  1.05355857   1.68888476 129.65675612  5394.975419074297 5391.697185792772 3.278233281525 0.999999975560
  1.13012924   1.71538538  86.15367829  5395.582781180739 5397.927688630952 -2.344907450212 0.999999975542
  0.82641159   1.68888476 101.61780215  5397.392749667168 5400.408678072487 -3.015928405319 0.999999975489
  1.16230627   1.75150156 103.00000000  5400.028476476669 5405.302726899105 -5.274250422435 0.999999975411
  1.08751011   1.68888476  81.17738022  5402.036547333002 5405.009386246611 -2.972838913609 0.999999975352
  1.13651214   1.79591964 109.83660251  5406.342681169510 5410.692127112421 -4.349445942911 0.999999975224
  1.14397964   1.76998563 110.51331891  5408.555073007941 5410.179823706118 -1.624750698177 0.999999975158
  1.03290383   1.58094197  85.87074780  5412.933577612042 5407.781246745114 5.152330866928 0.999999975027
  0.84997923   1.84865473 103.00000000  5413.391934946179 5413.118552027003 0.273382919177 0.999999975014
  1.03838091   1.98733881  96.41472996  5417.630181372166 5416.129447497805 1.500733874361 0.999999974886
  1.11782751   1.57392506  99.19177505  5419.219134807587 5416.855257304935 2.363877502652 0.999999974838
  0.96446195   1.83473005  73.12376800  5421.373001292348 5420.617217795098 0.755783497249 0.999999974773
  1.09602483   1.68888476 124.72654005  5422.033191353083 5422.285259848795 -0.252068495713 0.999999974753
  0.91689314   1.76116194  75.16588608  5422.857466936111 5420.990025648401 1.867441287711 0.999999974728
  1.15683888   1.68888476  93.59447023  5424.041546419263 5423.788881860904 0.252664558359 0.999999974692
  1.01014605   1.70743516 132.57183988  5425.354523450136 5423.288932598368 2.065590851768 0.999999974652
  0.83495172   1.68888476 114.51381998  5426.780581146479 5426.956036172664 -0.175455026186 0.999999974609
  0.83151155   1.64330804 111.92507707  5431.126106396317 5424.223452849785 6.902653546533 0.999999974476
  1.03328833   1.98979294  98.75001282  5431.882477447391 5429.518363339508 2.364114107882 0.999999974453
  1.09888987   1.68888476 124.36842253  5432.137079611421 5435.738105177903 -3.601025566482 0.999999974445
  0.82590593   1.68888476 103.94917192  5436.425155937672 5433.302893429425 3.122262508246 0.999999974313
  1.15621431   1.68888476 112.00045894  5436.882979720831 5440.158471841162 -3.275492120331 0.999999974299
  0.84387899   1.68888476  88.58263154  5438.486385896802 5441.727985701466 -3.241599804664 0.999999974250
  0.96446195   1.49497487 103.00000000  5442.195948362350 5444.325621286451 -2.129672924100 0.999999974135
  0.84202217   1.75143041 114.37094936  5451.011704429984 5449.104763095704 1.906941334280 0.999999973860
  0.96446195   1.64079359 135.10379206  5452.800052329898 5457.110082750641 -4.310030420743 0.999999973804
  1.12991729   1.57942938 102.08414506  5456.945967778563 5461.184681267880 -4.238713489317 0.999999973673
  1.14666943   1.62754700 113.29419774  5458.616707786918 5457.733241224460 0.883466562458 0.999999973620
  0.94215779   2.00300281 103.26372468  5459.684745386243 5463.723099258526 -4.038353872283 0.999999973586
  0.96446195   2.01005025 103.00000000  5461.184660524130 5465.925782897799 -4.741122373669 0.999999973539
  0.96446195   1.49475932 117.72809281  5463.975797936320 5465.789510336307 -1.813712399987 0.999999973450
  0.85430119   1.80917607 113.93215521  5472.466524824500 5472.746375110726 -0.279850286226 0.999999973178
  0.87774266   1.51969912 112.42184227  5473.371742650867 5469.872892893183 3.498849757683 0.999999973149
  1.02804741   1.50633645 103.05409966  5475.500260487199 5476.893074226985 -1.392813739786 0.999999973080
  0.94094269   1.85243323  73.81914073  5475.908621519804 5481.855507663057 -5.946886143253 0.999999973067
  1.13695796   1.68888476 117.70661611  5477.960571214557 5478.908793047105 -0.948221832548 0.999999973001
  1.13247629   1.70183941  86.59209253  5482.043432012200 5480.461557133191 1.581874879009 0.999999972868
  1.10625626   1.55216668 103.00000000  5482.062913522124 5483.042030519854 -0.979116997730 0.999999972867
  0.99529615   1.88549712 121.94304795  5482.483275189996 5487.121167197584 -4.637892007589 0.999999972854
  1.17009170   1.68612089 103.00000000  5486.714040517807 5484.231400913127 2.482639604680 0.999999972715
  0.95341799   2.00893966 103.00000000  5494.187311932445 5486.496024436430 7.691287496014 0.999999972470
  1.10887792   1.88772027 103.00000000  5494.259886041284 5487.667605326021 6.592280715263 0.999999972467
  1.06252927   1.70471356  78.01389568  5494.425574705005 5488.746428670544 5.679146034461 0.999999972462
  0.98882038   1.70637129  74.76435516  5496.275952577591 5496.158835261094 0.117117316497 0.999999972401
  0.87862283   1.71845045 127.51745716  5510.184976264834 5497.888193980605 12.296782284229 0.999999971936
  0.96446195   1.92921156 117.92091462  5512.544382795691 5513.127601056149 -0.583218260457 0.999999971856
  1.17085427   1.68888476 103.00000000  5517.681726232171 5511.824055553434 5.857670678737 0.999999971682
  0.85975736   1.88432440 103.00000000  5520.705673560500 5515.102400626730 5.603272933770 0.999999971579
  0.96446195   1.90380906 120.82655036  5521.868977963924 5521.051164156699 0.817813807225 0.999999971540
  0.96469684   1.95200313 115.00030834  5528.166493996978 5521.633622659246 6.532871337732 0.999999971324
  0.93479225   1.68888476  76.08930079  5528.799450352788 5521.667266066088 7.132184286700 0.999999971302
  0.84848669   1.85523468  98.38740248  5530.320751994848 5530.322909394063 -0.002157399214 0.999999971250
  1.15891186   1.65503860 111.21095810  5531.764093324542 5527.518556398677 4.245536925865 0.999999971200
  0.89055185   1.94627431 105.08266352  5531.992719545960 5531.770010683822 0.222708862138 0.999999971192
  1.14282326   1.77224608 111.69923527  5536.148986041546 5538.084262788687 -1.935276747141 0.999999971048
  0.82479875   1.68030477 103.00000000  5539.981137201190 5534.473614123435 5.507523077755 0.999999970914
  0.94331591   1.74282477  73.91911183  5540.181956440210 5538.386511171248 1.795445268962 0.999999970907
  1.15615289   1.73420624 110.81081111  5540.426030889153 5544.419443386398 -3.993412497244 0.999999970899
  1.14184952   1.68518836  88.87784761  5546.981108084321 5542.210056085449 4.771051998872 0.999999970669
  0.96702476   1.72059684 133.82013643  5547.190750896931 5547.221340397538 -0.030589500608 0.999999970662
  1.14018532   1.68888476 117.38406251  5553.538989692926 5550.258327024736 3.280662668190 0.999999970437
  0.92027400   1.68888476  76.71691908  5555.023101598024 5551.000753712273 4.022347885752 0.999999970385
  1.14760776   1.76249330 111.34940228  5560.145798325539 5558.357166640090 1.788631685448 0.999999970202
  1.15900629   1.68888476 112.03482246  5560.991514682770 5558.041070179416 2.950444503354 0.999999970172
  0.96446195   1.99548697 107.92491208  5572.212518170476 5572.583476063308 -0.370957892832 0.999999969767
  0.98565650   1.68888476  75.28340018  5572.937547430396 5575.045621098776 -2.108073668380 0.999999969741
  0.96446195   1.90468243  74.33673593  5583.342142924666 5581.866145005319 1.475997919348 0.999999969361
  0.84037473   1.81962997 103.00000000  5584.372409671545 5579.669426275170 4.702983396375 0.999999969323
  0.96860675   1.63814834 135.47860277  5584.953796610236 5583.830999766512 1.122796843724 0.999999969302
  1.06357118   1.52023609 103.00000000  5585.061928480864 5585.066949487247 -0.005021006384 0.999999969298
  0.96446195   1.66435704 135.42477181  5589.078662395477 5586.158109670144 2.920552725333 0.999999969149
  0.96446195   1.68888476 134.97487437  5590.087589502335 5587.881516065187 2.206073437147 0.999999969112
  1.14949833   1.64169610 114.53697216  5592.402324825525 5586.846945122013 5.555379703512 0.999999969026
  0.95404597   1.97141269 112.24728056  5592.775278419256 5594.067468554706 -1.292190135450 0.999999969012
  0.98613002   1.58934627 133.79963054  5595.105427742004 5595.106850501707 -0.001422759703 0.999999968925
  0.96446195   1.92862420 118.43433042  5595.717019721866 5601.087547258647 -5.370527536781 0.999999968903
  0.89770306   1.68888476  78.27965555  5597.739226877689 5598.270355747813 -0.531128870124 0.999999968827
  0.82412060   1.68888476 103.00000000  5598.168970137835 5597.615338508476 0.553631629358 0.999999968811
  0.94937754   1.90441834  74.61984661  5603.864930823445 5603.864295679728 0.000635143718 0.999999968597
  0.96052609   1.81258159  72.53425603  5604.977926000953 5603.666782135946 1.311143865007 0.999999968555
  1.07126041   1.68888476  79.04691744  5605.174411043525 5600.984749770257 4.189661273268 0.999999968548
  1.13062763   1.59265858  96.64721450  5609.693115040660 5604.279442698018 5.413672342642 0.999999968377
  1.06808742   1.64611720 129.25726275  5612.948180601001 5615.601750639022 -2.653570038021 0.999999968253
  1.14162471   1.83236777 102.23038852  5613.349169731140 5612.363167713472 0.986002017668 0.999999968238
  0.96446195   1.68888476  75.17587940  5614.316557541490 5616.173928415649 -1.857370874160 0.999999968201
  1.13781655   1.82204812 107.25493794  5617.271805897355 5623.966975468533 -6.695169571178 0.999999968088
  1.05438446   1.51480066 103.00000000  5628.520116597414 5626.639294166481 1.880822430933 0.999999967654
  1.16692455   1.72411183 107.72382169  5629.340749457479 5630.362324309801 -1.021574852322 0.999999967622
  0.96775296   1.87283496  73.08168677  5632.145516976714 5633.085770460987 -0.940253484273 0.999999967513
  0.96446195   1.91754334 119.88517536  5635.872649013996 5638.504368366869 -2.631719352873 0.999999967367
  1.04569022   1.95050505 109.49942014  5646.557655364275 5647.050438665261 -0.492783300986 0.999999966946
  0.86361688   1.54115110 100.64283135  5649.906034991145 5639.585683615975 10.320351375171 0.999999966813
  1.05864923   1.93935502 109.12015946  5658.207896277308 5659.283616468068 -1.075720190760 0.999999966481
  1.06557890   1.96119109 101.36895184  5660.056382730603 5657.997162355930 2.059220374673 0.999999966406
  1.14741503   1.62553838 114.59388925  5660.925000458956 5656.701698581887 4.223301877068 0.999999966371
  1.00464491   1.49400314 115.30574566  5666.367519214749 5668.389542814605 -2.022023599856 0.999999966151
  0.96446195   1.70665305  74.29842423  5669.702425792813 5672.104385454744 -2.401959661931 0.999999966015
  0.96446195   1.81052381  72.27832029  5677.608693644404 5677.900566693572 -0.291873049167 0.999999965691
  1.17121596   1.74379252 100.48337034  5678.601180583239 5684.312070903175 -5.710890319937 0.999999965651
  1.14988262   1.81463607 103.00000000  5683.515794351697 5683.314903694132 0.200890657565 0.999999965447
  0.97538408   1.86112877  72.63984773  5687.241941034794 5682.873710824997 4.368230209797 0.999999965293
  0.96446195   1.49759970 120.92531422  5687.836731046438 5684.875828129827 2.960902916611 0.999999965268
  0.96446195   1.78205672  72.41842479  5688.538125172257 5688.418753882745 0.119371289513 0.999999965238
  1.14979298   1.63673012 115.00021865  5692.234845921397 5695.356105498282 -3.121259576885 0.999999965084
  0.98137383   1.57780948  83.51516348  5699.071265146136 5699.072640197868 -0.001375051732 0.999999964796
  1.11363191   1.68888476  83.18692407  5702.215278953314 5705.714024527513 -3.498745574199 0.999999964663
  1.17271595   1.73667500  99.77751632  5702.912525355816 5709.517317654192 -6.604792298376 0.999999964634
  1.01905340   1.50471367 119.22106787  5708.234553992748 5708.840080646267 -0.605526653519 0.999999964407
  1.04434240   1.68032110  77.28364707  5713.718128278852 5718.886157994665 -5.168029715814 0.999999964172
  1.12973918   1.64778187  88.25413369  5715.684580281377 5718.299171178677 -2.614590897300 0.999999964087
  0.82620205   1.74486499  99.87900987  5719.073122456670 5720.668278759144 -1.595156302475 0.999999963941
  0.96995554   1.54634780  87.69441954  5724.088277399540 5732.303701185309 -8.215423785769 0.999999963723
  0.92668504   1.89023970 121.55279184  5748.328823775053 5748.326704289381 0.002119485672 0.999999962653
  0.90287608   1.68888476  77.43607734  5750.099006429315 5753.561489093235 -3.462482663920 0.999999962573
  0.93193823   1.58989430 134.33011091  5752.366019099951 5753.715662248193 -1.349643148242 0.999999962471
  1.12930338   1.64092042 120.59181427  5756.768111661077 5750.647573562351 6.120538098726 0.999999962273
  1.17594994   1.68888476 104.86069578  5758.419324770570 5759.568834783246 -1.149510012676 0.999999962198
  1.04733088   1.68888476 131.55552458  5768.863114804029 5765.949385783370 2.913729020659 0.999999961721
  1.11725315   1.88480472 103.73738208  5769.558315172791 5772.631325845475 -3.073010672683 0.999999961689
  1.06179407   1.68442481 130.30911540  5769.678359448910 5777.049728291619 -7.371368842710 0.999999961684
  1.00844124   1.67498877  75.92743588  5771.894279435277 5773.110984645403 -1.216705210126 0.999999961582
  1.15440545   1.72224561  89.28196198  5775.555607602000 5774.017308565813 1.538299036187 0.999999961412
  0.84328851   1.64137065  90.04263834  5778.103253424168 5775.831426518295 2.271826905872 0.999999961294
  0.96328436   1.58566365 134.77097686  5779.296062901616 5782.392356142114 -3.096293240498 0.999999961239
  1.02768986   1.54912543  89.10944857  5782.439080059528 5782.442846073271 -0.003766013742 0.999999961092
  1.07643200   1.72510819  77.52015270  5785.141509532928 5794.998957301105 -9.857447768177 0.999999960966
  0.82259337   1.66232286 103.00000000  5788.625554427505 5795.414141848792 -6.788587421288 0.999999960802
  0.88869070   1.54723576  92.02229695  5792.273297369480 5796.137482422804 -3.864185053324 0.999999960630
  1.10956616   1.55015395 101.44633742  5793.567464023829 5798.693008453139 -5.125544429310 0.999999960569
  1.17051702   1.68888476 109.61406540  5800.193200737238 5799.245702290726 0.947498446512 0.999999960254
  1.17407682   1.68888476 107.64989790  5800.380140885711 5806.280123916520 -5.899983030809 0.999999960246
  0.95480681   1.68888476 135.64658416  5805.651308014989 5806.161236319681 -0.509928304692 0.999999959993
  1.13610551   1.65233504  88.60602979  5806.232723861933 5804.349116548677 1.883607313256 0.999999959965
  0.96446195   1.68888476 135.67839196  5810.537759661674 5806.570988002823 3.966771658851 0.999999959758
  0.91629203   2.01116891  92.59385652  5811.211460769176 5813.145103899876 -1.933643130699 0.999999959725
  0.96446195   1.62862722  78.35143224  5818.687863960862 5811.527225708925 7.160638251938 0.999999959363
  1.07157079   1.68888476 129.36888079  5825.552128970623 5826.360044376265 -0.807915405642 0.999999959026
  1.17839196   1.68888476 103.00000000  5826.906692937016 5830.344223136696 -3.437530199680 0.999999958960
  0.82171817   1.68888476 102.85787832  5827.139665588737 5828.718456064471 -1.578790475734 0.999999958948
  1.04450437   1.61638891  81.48854164  5828.779522791505 5833.037107496801 -4.257584705296 0.999999958867
  1.12465577   1.66641438  85.48176378  5837.430727630854 5841.267015178157 -3.836287547303 0.999999958438
  1.16429794   1.78499438 103.00000000  5846.134476155043 5847.947434832614 -1.812958677571 0.999999958002
  1.17882247   1.68888476 102.88493085  5846.407594174147 5847.984429372981 -1.576835198834 0.999999957988
  1.02299114   1.73076510  73.93318300  5847.147959828377 5847.696644907238 -0.548685078861 0.999999957951
  1.17799649   1.67324051 103.00000000  5850.710200548172 5858.475486122240 -7.765285574068 0.999999957771
  1.14694018   1.68888476 117.63321704  5854.978047192097 5859.080770100904 -4.102722908808 0.999999957554
  0.96446195   1.48888476 103.00000000  5856.345091760159 5859.337220405679 -2.992128645520 0.999999957484
  1.12171581   1.68888476  83.70791709  5856.574559196830 5859.241300014164 -2.666740817334 0.999999957472
  1.10421226   1.90241337 105.95747511  5859.495685428381 5866.951175322486 -7.455489894105 0.999999957323
  0.95271008   1.89391467  73.17036063  5862.738836169243 5867.095159225327 -4.356323056084 0.999999957157
  1.06912960   1.52414778  99.91495985  5868.259967774153 5864.866557259288 3.393410514865 0.999999956872
  0.96446195   1.48869347 103.00000000  5870.055079787970 5872.700945432430 -2.645865644460 0.999999956779
  0.97202368   1.95797873 116.20134511  5871.823951154947 5876.824584889898 -5.000633734950 0.999999956687
  0.82261984   1.64950616 103.00000000  5873.959911808372 5873.963145371528 -0.003233563157 0.999999956576
  1.09848889   1.71481620  79.71954455  5882.509487509727 5875.755936166079 6.753551343649 0.999999956128
  1.12431230   1.88391117 101.47522845  5887.006906270981 5884.130771716813 2.876134554168 0.999999955891
  1.16356056   1.69149322 113.18464742  5888.476825907826 5885.671627755582 2.805198152245 0.999999955813
  1.16307607   1.61481931 107.05034040  5890.054610460997 5886.943674928244 3.110935532753 0.999999955729
  0.82361064   1.73688562 103.00000000  5891.012793645263 5889.209139532113 1.803654113150 0.999999955678
  1.17578122   1.68888476 108.16241459  5898.863470137119 5911.159080405075 -12.295610267955 0.999999955259
  0.96446195   1.53898896  88.39560753  5904.047745361924 5907.511905369664 -3.464160007740 0.999999954979
  0.98415367   1.67604926  75.11689364  5909.061033770442 5912.478496583254 -3.417462812812 0.999999954708
  1.17849812   1.71754434  98.44986717  5910.401176109910 5915.711413834299 -5.310237724389 0.999999954635
  1.02927617   1.56775209  85.89468110  5911.369045153260 5911.365317762488 0.003727390772 0.999999954582
  0.98214442   1.69171103  74.33398129  5913.242136701941 5915.851587404621 -2.609450702679 0.999999954480
  0.89651812   1.69353257  77.38401634  5913.830459043384 5921.084345885832 -7.253886842448 0.999999954448
  0.85560633   1.54030268 103.00000000  5913.946851506829 5919.918999311742 -5.972147804912 0.999999954441
  1.14902386   1.58749219 103.34624283  5915.602188974619 5923.118894740768 -7.516705766149 0.999999954351
  0.97218387   1.59016437  81.51462659  5917.743076294661 5920.578531906702 -2.835455612041 0.999999954233
  0.82279729   1.64208480 103.00000000  5918.132150784135 5922.096045214044 -3.963894429909 0.999999954212
  0.96446195   1.68888476  74.47236181  5920.583076491952 5924.043780752861 -3.460704260910 0.999999954077
  0.85831121   1.89494752 104.20698617  5920.978375151753 5927.643975571376 -6.665600419623 0.999999954055
  1.10884305   1.71764769 124.18090223  5922.352201998234 5935.960955156562 -13.608753158328 0.999999953979
  0.96446195   2.02889447 103.00000000  5923.994110614061 5930.935371559866 -6.941260945805 0.999999953889
  1.01098130   1.48848636 109.97698076  5934.467791557312 5934.141710802655 0.326080754657 0.999999953305
  0.82990468   1.68888476 115.05841893  5934.720053762197 5936.045780388329 -1.325726626132 0.999999953291
  0.95443092   1.48474223 105.33103918  5935.747932136059 5935.363235827669 0.384696308390 0.999999953234
  1.04336634   1.50466433 103.00000000  5941.349749460816 5936.461587862436 4.888161598380 0.999999952918
  0.94416665   2.02401103 103.00000000  5945.846540242434 5941.412749396887 4.433790845546 0.999999952664
  0.82655651   1.69844802 112.38459552  5948.636048004031 5948.778355861822 -0.142307857791 0.999999952505
  0.84349071   1.59454056  94.43137151  5951.257849350572 5956.376125039983 -5.118275689411 0.999999952355
  1.11253737   1.70392772  81.45811921  5956.249131515622 5958.334934390030 -2.085802874408 0.999999952069
  0.91054512   1.68888476  76.34349602  5963.110248804092 5966.855337960743 -3.745089156650 0.999999951673
  0.94845133   1.63080268 136.65745596  5967.543034061790 5970.224962439185 -2.681928377396 0.999999951415
  1.01242691   1.68888476  74.87086932  5968.062881261110 5970.713293401886 -2.650412140776 0.999999951385
  0.95943481   1.94446364 118.34950011  5971.129306793213 5977.038241849576 -5.908935056363 0.999999951205
  0.96446195   1.59457879 135.85333449  5972.906756773591 5975.081969431723 -2.175212658132 0.999999951101
  0.97931320   1.50740472  95.22452843  5975.314701586962 5977.807124023339 -2.492422436378 0.999999950960
  0.96446195   1.48633704 117.85872672  5985.918835118413 5981.876325426135 4.042509692278 0.999999950332
  0.99273996   1.96836238 114.81010442  5990.825699016452 5987.845624808126 2.980074208326 0.999999950038
  0.95369704   1.96720313 115.32976838  5996.520432963967 5993.613619906067 2.906813057900 0.999999949696
  1.17836859   1.65470074 103.00000000  6003.906813547015 5993.645428351104 10.261385195911 0.999999949248
  0.93785896   2.02366564 102.89164506  6004.095801621675 6003.640552644621 0.455248977055 0.999999949236
  1.17248089   1.76736780 103.61478993  6004.736822932959 6004.653715030773 0.083107902185 0.999999949197
  0.91923755   1.74158001  73.91126872  6006.879032433033 6007.296143938604 -0.417111505571 0.999999949067
  1.16768957   1.63135053  98.71253331  6009.016592696309 6007.378609202223 1.637983494086 0.999999948936
  0.97540579   1.93359590 119.86297738  6013.288673728704 6018.027053148712 -4.738379420008 0.999999948673
  0.96446195   1.98485650 113.12652562  6013.660242944956 6015.710846242726 -2.050603297770 0.999999948650
  0.83099895   1.80052499 102.48226761  6019.700723633170 6019.703436825654 -0.002713192483 0.999999948277
  0.83683463   1.76031689 114.55877853  6022.377981245518 6021.017027990010 1.360953255507 0.999999948110
  0.96446195   1.53601932  88.58016257  6024.377921432257 6017.620927043942 6.756994388315 0.999999947986
  0.95552135   1.68888476  74.36859218  6026.278832152486 6022.928685453465 3.350146699021 0.999999947867
  0.94718104   1.48834750 119.16809272  6026.287849158049 6021.975689100521 4.312160057528 0.999999947866
  0.96446195   1.95667404 117.18379890  6027.769121631980 6030.068585427069 -2.299463795089 0.999999947774
  0.96446195   1.68888476 136.38190955  6028.127163156867 6027.959796256517 0.167366900350 0.999999947751
  1.04462798   1.68888476  76.06147023  6032.007123112679 6028.983655281435 3.023467831244 0.999999947507
  0.82807787   1.77656993 105.18064389  6032.312216132879 6028.290087161337 4.022128971542 0.999999947488
  1.17823976   1.64995001 103.00000000  6035.208248108625 6031.142220791730 4.066027316895 0.999999947305
  0.96446195   1.97142461 115.23627971  6040.022228300571 6034.911918658904 5.110309641667 0.999999947000
  1.12060022   1.89399804 103.00000000  6045.298513263464 6037.959707758790 7.338805504674 0.999999946663
  0.83386338   1.62669739  93.87015339  6045.588055178523 6044.385962975923 1.202092202600 0.999999946645
  1.14390492   1.84975775 103.00000000  6046.008108675480 6046.008524400557 -0.000415725077 0.999999946618
  1.00834451   1.74334698  72.62296670  6049.530738472939 6045.282851599729 4.247886873210 0.999999946392
  0.96446195   1.69829993  73.76953220  6052.132975474000 6052.075239504836 0.057735969164 0.999999946224
  0.96446195   1.84015446  71.33601122  6053.059360146523 6054.855193538771 -1.795833392249 0.999999946164
  0.82658256   1.69704544 113.37564374  6056.808503746986 6057.261569052561 -0.453065305574 0.999999945922
  0.86692279   1.92672954 103.00000000  6056.827523306012 6061.017492087810 -4.189968781798 0.999999945920
  1.10781707   1.68888476  81.17609126  6056.932560414076 6059.437621849042 -2.505061434966 0.999999945914
  1.01439643   1.48982390 114.97550242  6063.843582883477 6063.843652861651 -0.000069978174 0.999999945463
  1.16618310   1.80151898  99.32671610  6067.934677869081 6067.249303147631 0.685374721451 0.999999945195
  1.14664511   1.70130778  86.41212274  6068.295640036464 6065.955955118081 2.339684918383 0.999999945171
  1.08697920   1.68888476 128.49620523  6070.292125642300 6074.004552746559 -3.712427104259 0.999999945039
  0.82112525   1.68888476 108.58481972  6072.818177118897 6070.155900774298 2.662276344599 0.999999944873
  1.04459056   1.68888476 132.85989280  6074.185156121850 6080.113852982551 -5.928696860701 0.999999944782
  1.18161620   1.66135740 103.00000000  6075.052241101861 6080.467306199044 -5.415065097183 0.999999944725
  0.96446195   1.80118802  71.24624301  6077.982117578387 6083.266869681418 -5.284752103031 0.999999944530
  0.90222095   1.58261042  84.51999475  6083.607065320015 6083.604407923720 0.002657396295 0.999999944154
  0.96446195   2.03517588 103.00000000  6084.401589959860 6086.019465970321 -1.617876010461 0.999999944101
  1.06391315   1.50655508 110.06330341  6088.471366927028 6087.687396613442 0.783970313586 0.999999943827
  0.89228505   1.97845471 103.00000000  6090.540211126208 6087.528353417247 3.011857708962 0.999999943688
  0.96446195   1.84281086  71.26007157  6091.187444716692 6089.164630923753 2.022813792939 0.999999943644
  0.90868082   2.00156239 103.00000000  6091.241660758853 6092.539405307431 -1.297744548578 0.999999943640
  1.03703048   1.68888476  75.51378509  6096.094918847084 6093.243327746476 2.851591100608 0.999999943311
  1.18328573   1.72295801 103.00000000  6096.354217201471 6096.739678771364 -0.385461569893 0.999999943293
  1.02116910   2.03092323  95.52677798  6096.605794250965 6096.604792728926 0.001001522040 0.999999943276
  1.08541396   1.52075674 104.88470552  6100.579877033830 6101.018580719903 -0.438703686073 0.999999943005
  1.12171647   1.55257254 102.00300770  6101.629807263613 6101.137811158139 0.491996105474 0.999999942933
  0.86293383   1.91843779 103.00000000  6107.131880268455 6101.658177858529 5.473702409926 0.999999942555
  0.92203621   1.68888476  75.32935760  6108.273110911250 6104.431727904162 3.841383007088 0.999999942477
  1.05211486   1.64896110  78.56667199  6112.192480087280 6120.716461318302 -8.523981231022 0.999999942205
  1.08172657   1.52051213 103.00000000  6115.458092302084 6123.875162010609 -8.417069708525 0.999999941978
  0.96446195   2.05018291  90.61304356  6118.293017208576 6130.272419611709 -11.979402403133 0.999999941781
  1.11592230   1.54500958 103.00000000  6129.807917863131 6129.005706040697 0.802211822433 0.999999940971
  1.09803529   1.68888476  79.86590793  6135.405055090785 6132.351192510404 3.053862580381 0.999999940573
  0.97944015   1.93542965 120.16501031  6139.136341318488 6139.133608270685 0.002733047803 0.999999940306
  0.95025529   1.68888476 136.63541985  6145.235968947411 6134.956912108233 10.279056839177 0.999999939868
  1.14001777   1.65732016 120.78011734  6146.792277067900 6139.431396648658 7.360880419242 0.999999939755
  0.98128314   2.03696812 103.00000000  6148.903846547008 6149.187646952517 -0.283800405509 0.999999939602
  0.82680796   1.78320824 103.00000000  6153.497240155935 6146.260958931432 7.236281224503 0.999999939269
  0.91138650   1.96412085 112.43433878  6154.792681306601 6152.492371034582 2.300310272019 0.999999939174
  1.17708510   1.68888476 110.49106383  6159.691060408950 6153.317025831153 6.374034577797 0.999999938815
  1.14049940   1.68888476 120.62437941  6160.301447555423 6157.600146246214 2.701301309209 0.999999938771
  0.86582614   1.59863531  87.19271270  6160.989958703518 6160.989431556058 0.000527147460 0.999999938720
  0.94068523   1.56450288 134.51593396  6162.216041579843 6163.366256284071 -1.150214704228 0.999999938630
  1.10428378   1.72597546 125.51432950  6169.689106240869 6179.350762302855 -9.661656061987 0.999999938077
  1.15279327   1.68888476  87.63276637  6175.831960588694 6171.804416924176 4.027543664518 0.999999937619
  0.96446195   2.04846870  88.16586848  6176.803038656712 6179.345964358564 -2.542925701852 0.999999937546
  1.11869325   1.68888476  82.08437139  6179.633596703410 6178.347662281829 1.285934421581 0.999999937334
  1.11364398   1.91281494 103.00000000  6185.308587148786 6191.157427391829 -5.848840243043 0.999999936905
  0.96590461   1.48007179 115.35901551  6195.179434746504 6189.987200933024 5.192233813480 0.999999936154
  0.92835363   1.95880389 115.86908734  6198.734224453568 6198.932033916642 -0.197809463074 0.999999935881
  1.17568183   1.77946513  98.84117550  6198.853225469589 6199.110457813543 -0.257232343954 0.999999935871
  0.84941428   1.63795811 125.23728220  6203.866058781743 6203.865908786752 0.000149994991 0.999999935485
  0.87840264   1.96660960  99.19154183  6205.596804395318 6210.807590989934 -5.210786594616 0.999999935350
  0.88972789   1.50977655  99.65171126  6210.559286907315 6204.070975354106 6.488311553209 0.999999934964
  1.16834778   1.78941868 105.58510006  6211.083446279168 6209.382088260236 1.701358018932 0.999999934923
  0.89767477   1.72557279  75.44982983  6213.754357308149 6213.236457075054 0.517900233095 0.999999934714
  1.17313375   1.62045884 102.65919221  6213.999460279942 6215.103695037214 -1.104234757272 0.999999934695
  0.96446195   1.67942134  74.27739270  6216.720488905907 6217.110366960443 -0.389878054536 0.999999934482
  0.96446195   1.89766285  71.84703703  6219.638663008809 6219.704108145682 -0.065445136873 0.999999934252
  1.05896526   1.73239053  74.76211325  6223.715804666281 6221.134715685872 2.581088980409 0.999999933929
  0.96446195   1.68830611  73.82264589  6225.404980733991 6228.690814893988 -3.285834159998 0.999999933795
  1.16746744   1.60637441 107.40561385  6225.777834117413 6230.240527317563 -4.462693200150 0.999999933766
  0.96446195   1.78034709  71.08887825  6232.794372990727 6232.544620481867 0.249752508860 0.999999933206
  0.88981481   1.97651931 104.24837303  6233.353083431721 6237.121729652455 -3.768646220734 0.999999933161
  1.16245483   1.59630813 107.79079002  6238.130667790771 6238.131115108038 -0.000447317268 0.999999932777
  0.96446195   1.68888476  73.76884422  6246.273435637355 6241.007509936640 5.265925700715 0.999999932116
  1.12484609   1.88515477 106.15560836  6252.755731061101 6250.181707517575 2.574023543526 0.999999931586
  1.04955943   1.68888476 133.00272154  6255.501815825701 6249.611602181961 5.890213643740 0.999999931361
  1.06458871   1.98531231 102.19034701  6255.965855076909 6250.670793504532 5.295061572378 0.999999931322
  0.96446195   1.68888476 137.08542714  6256.367854192853 6251.933669570555 4.434184622298 0.999999931289
  1.09898613   1.68888476 127.66461128  6259.937167078257 6256.208704614546 3.728462463710 0.999999930994
  0.96849328   1.93125668 121.28639620  6264.402059391141 6262.650979007752 1.751080383389 0.999999930624
  0.96446195   1.96574379 117.25920138  6270.691061198711 6263.564757601034 7.126303597677 0.999999930098
  0.96446195   1.58380540  81.35878952  6272.762494787574 6271.385563548847 1.376931238727 0.999999929924
  0.96446195   1.53508306 132.09761088  6274.033368945122 6273.890225674905 0.143143270217 0.999999929817
  0.85654111   1.61640116  86.82368589  6278.646062061191 6283.981391066774 -5.335329005584 0.999999929428
  0.96446195   1.71200415  72.66406864  6302.662130057812 6304.383492681915 -1.721362624103 0.999999927364
  0.94038455   1.93281265 120.55978409  6304.090949997306 6313.291878807180 -9.200928809874 0.999999927239
  1.08244594   1.72916338 128.68057542  6309.603231266141 6314.181725528125 -4.578494261984 0.999999926757
  0.94748972   1.65229383  75.87297572  6315.181163266301 6308.993226460223 6.187936806078 0.999999926265
  0.81794910   1.71974667 103.00000000  6316.211135432124 6315.903484209925 0.307651222199 0.999999926173
  1.18968787   1.68325570 103.00000000  6316.282085999846 6324.860159515942 -8.578073516095 0.999999926167
  0.96446195   1.48241206 103.00000000  6319.244207188487 6322.878547385388 -3.634340196901 0.999999925904
  0.97689052   1.87338513  70.89199848  6323.312712252140 6323.467879713628 -0.155167461488 0.999999925542
  0.93174938   1.51535150  92.52719521  6330.838537976146 6326.754572684736 4.083965291410 0.999999924866
  0.98546350   2.04363665 103.00000000  6339.614771679044 6334.117219036246 5.497552642798 0.999999924071
  0.95520143   2.04735694  85.71423793  6340.199033722281 6340.197334424209 0.001699298073 0.999999924017
  1.03651089   1.68888476 134.35155951  6341.002271458507 6337.071765885475 3.930505573032 0.999999923944
  0.95174814   1.71737337  72.58703875  6341.619821041822 6341.561172897472 0.058648144351 0.999999923888
  0.81658291   1.68888476 103.00000000  6345.647240579128 6341.442187143325 4.205053435803 0.999999923519
  0.90760897   1.68888476  75.67570083  6345.997855693102 6344.565814835721 1.432040857381 0.999999923487
  0.96446195   1.98786167 114.70812736  6347.600384846330 6345.784767290784 1.815617555546 0.999999923340
  0.99151748   1.72228933  72.22436692  6358.047537773848 6348.334458586057 9.713079187791 0.999999922372
  1.18984317   1.70849167  99.28153787  6359.626303493977 6361.064214678312 -1.437911184335 0.999999922225
  0.96446195   1.96044984 118.46760025  6360.172448486090 6370.075369640931 -9.902921154841 0.999999922174
  1.11901154   1.54023627 104.36039973  6375.882471099496 6371.406879720214 4.475591379282 0.999999920693
  1.18993953   1.72514374 101.14350408  6380.024166956544 6376.735686809152 3.288480147392 0.999999920298
  0.96446195   2.06069161  90.29763153  6387.989252999425 6382.599088815598 5.390164183827 0.999999919533
  0.96446195   1.69905492 137.23284891  6393.836630731821 6389.077295146181 4.759335585640 0.999999918966
  0.87643664   1.96232278 102.75797020  6394.203643083572 6390.750024844327 3.453618239246 0.999999918930
  0.96446195   2.04773869 103.00000000  6395.713970586658 6395.944240780797 -0.230270194140 0.999999918783
  0.96446195   1.75072609  71.27584008  6398.142673701048 6394.187251567793 3.955422133255 0.999999918546
  0.91709738   2.02311355 103.00000000  6398.695239216089 6400.037740442309 -1.342501226220 0.999999918492
  1.07478975   1.68888476  77.02182418  6398.794134497643 6398.174021295737 0.620113201905 0.999999918482
  0.83025762   1.75195270  88.99029593  6404.088246420026 6404.086473374765 0.001773045261 0.999999917963
  1.08543088   1.64541187 130.16677693  6406.296603322029 6405.058790490664 1.237812831365 0.999999917745
  1.01481293   1.66526540 136.38767225  6406.929502204061 6404.266178875221 2.663323328839 0.999999917683
  1.19061695   1.68888476 105.57035833  6409.397225603461 6410.184095264001 -0.786869660540 0.999999917439
  0.96480764   1.48120843 103.00000000  6409.563270941377 6412.092180446851 -2.528909505474 0.999999917422
  1.11420564   1.67786537 126.36448111  6418.771425500512 6417.236720338789 1.534705161723 0.999999916505
  1.07366521   1.70841627  76.02516642  6420.662029862404 6422.716141765894 -2.054111903490 0.999999916315
  1.12239768   1.68888476 125.01500660  6426.018899381161 6430.995353028576 -4.976453647415 0.999999915775
  0.94149075   1.48982749 122.67282239  6432.428147837520 6432.428932937140 -0.000785099621 0.999999915125
  0.96446195   1.58274031 136.87517631  6433.937203556299 6438.889224315863 -4.952020759563 0.999999914971
  0.81780202   1.69023534 109.06222915  6439.389957904816 6439.387170082619 0.002787822196 0.999999914413
  0.87029844   1.51309446 103.00000000  6439.477357640862 6443.034719965594 -3.557362324732 0.999999914404
  0.96446195   1.56415881 135.72437022  6450.651412159204 6450.046552626225 0.604859532979 0.999999913249
  1.10492028   1.92851420 105.84616145  6469.407058566809 6464.441226464742 4.965832102067 0.999999911274
  0.90211790   2.00816303 103.00000000  6470.737872615457 6465.381673436117 5.356199179339 0.999999911132
  0.95208293   1.68888476 137.71099498  6474.238834217191 6470.635561582882 3.603272634309 0.999999910758
  1.18365091   1.76894644 103.00000000  6474.462816312909 6472.013878307398 2.448938005511 0.999999910734
  1.18980229   1.68791702  97.51630564  6474.668659880757 6471.904130789141 2.764529091616 0.999999910712
  1.18839131   1.68888476 108.55417222  6476.291876703501 6476.004292114724 0.287584588777 0.999999910538
  1.19346734   1.68888476 103.00000000  6476.466517373919 6477.750398372811 -1.283880998892 0.999999910519
  0.96446195   1.68888476 137.78894472  6482.056825667620 6478.374801927623 3.682023739997 0.999999909917
  0.91549377   1.65800809 136.88196209  6482.150342836976 6476.289728891395 5.860613945581 0.999999909907
  0.96446195   2.05574881  85.62376487  6488.399603500962 6488.403448801212 -0.003845300250 0.999999909229
  1.19063719   1.69928395  97.28785680  6488.705847650766 6489.634295137165 -0.928447486399 0.999999909195
  0.97616102   1.68888476  73.17028635  6488.717796280980 6491.272557914227 -2.554761633247 0.999999909194
  0.86974990   1.68888476  79.29821815  6489.794944822788 6489.703436305982 0.091508516806 0.999999909076
  1.07871887   1.65191301  79.21588758  6494.083907753229 6494.760567672555 -0.676659919326 0.999999908607
  0.90932852   1.72963148  73.72252637  6494.743094936013 6497.382930831725 -2.639835895712 0.999999908535
  1.18151395   1.67921639 112.08417052  6496.546508774161 6496.386003020577 0.160505753584 0.999999908337
  1.16903369   1.68325481  89.80032983  6497.596556648612 6495.523420815361 2.073135833251 0.999999908221
  1.18026992   1.72588178  91.86271946  6498.419318825006 6499.283085320662 -0.863766495656 0.999999908131
  0.82357846   1.76036614 108.89840154  6499.750976338983 6498.200721077038 1.550255261945 0.999999907984
  0.89451941   1.99861005 103.00000000  6501.228167608380 6501.409667342270 -0.181499733890 0.999999907820
  0.89036263   1.54733951  89.33038291  6509.279135435820 6510.406220392780 -1.127084956960 0.999999906926
  1.13352233   1.89413355 102.92592599  6510.527186259627 6517.298769632387 -6.771583372760 0.999999906786
  0.90174361   1.57238930  84.61338301  6525.409082040191 6520.160694774040 5.248387266151 0.999999905106
  1.13860461   1.65429867 122.89476269  6525.587475448847 6521.767421477241 3.820053971605 0.999999905086
  0.95927211   2.02355988 109.92762643  6528.088634103537 6528.089114969534 -0.000480865997 0.999999904801
  1.03003655   1.68888476  74.14216648  6530.688609331846 6533.469266246479 -2.780656914633 0.999999904503
  0.90459393   1.68888476  75.46597807  6530.757444739342 6534.164856029267 -3.407411289925 0.999999904495
  1.05864691   1.68555895 133.20957096  6535.651050195098 6537.070798831827 -1.419748636729 0.999999903933
  1.01941790   1.48788896 102.77270433  6539.211321815848 6538.245382608980 0.965939206869 0.999999903522
  1.06630963   1.99329679 103.00000000  6542.053825482726 6545.699543000965 -3.645717518239 0.999999903192
  0.96446195   1.68888476 138.00000000  6545.932399407029 6546.770188896025 -0.837789488995 0.999999902740
  0.99768162   1.58634613 136.46186105  6546.509909555316 6548.756740058216 -2.246830502900 0.999999902673
  1.00834763   1.68888476 136.79048148  6549.826762855053 6547.669271938666 2.157490916387 0.999999902285
  0.96446195   2.05402010 103.00000000  6550.342136159539 6550.670368116324 -0.328231956785 0.999999902224
  0.96446195   1.69232317  72.94635452  6551.801453053951 6549.005831235431 2.795621818520 0.999999902053
  1.03781136   1.49983513  99.52391021  6553.536198541522 6545.136557973023 8.399640568499 0.999999901849
  0.87446810   1.71643072  77.48274692  6555.077680125833 6550.314455310024 4.763224815809 0.999999901667
  0.96446195   2.02393740 110.16619793  6556.759960174561 6551.637952125749 5.122008048812 0.999999901468
  1.19385137   1.69238076 105.76006323  6561.085838228464 6557.259379839625 3.826458388839 0.999999900956
  1.12310459   1.91016068 104.25744318  6561.886675506830 6563.928616710391 -2.041941203561 0.999999900860
  0.96446195   1.53426239  87.29927649  6564.488489553332 6559.690302860593 4.798186692739 0.999999900550
  0.81446195   1.68888476 103.00000000  6565.490111842752 6561.817417169611 3.672694673141 0.999999900431
  0.91441287   2.01124804 107.24810585  6565.914379104972 6565.919030970102 -0.004651865130 0.999999900380
  0.96446195   1.68888476  73.06532663  6568.988950282335 6567.146207083561 1.842743198774 0.999999900012
  1.16604877   1.82873965 103.00000000  6570.086709707975 6568.117356903081 1.969352804895 0.999999899880
  1.09826226   1.68888476  78.53177583  6571.328426495194 6567.671535059721 3.656891435473 0.999999899731
  0.81855326   1.75441111 103.00000000  6574.069770693779 6567.186957864263 6.882812829516 0.999999899400
  0.97700095   1.71210167  72.01472201  6576.594963774085 6571.342540424434 5.252423349652 0.999999899095
  0.97945654   1.87164602 127.95659292  6580.295327484608 6583.205771476298 -2.910443991690 0.999999898646
  1.18656920   1.76335386  96.23507351  6584.422395780683 6582.260209012262 2.162186768421 0.999999898143
  1.11035745   1.94346812  99.70012997  6585.173963382840 6583.032693107217 2.141270275623 0.999999898051
  1.12263222   1.91599775 103.00000000  6589.941599398851 6585.092265009383 4.849334389468 0.999999897466
  1.04990031   1.71245770  73.92283225  6592.327027186751 6587.408132734623 4.918894452128 0.999999897172
  1.18891749   1.68888476 109.75921092  6593.377077847719 6592.746166239086 0.630911608633 0.999999897042
  1.16575543   1.83621727 100.80684796  6593.858401849866 6597.927239273741 -4.068837423875 0.999999896983
  0.96446195   1.68888476  73.00000000  6595.263622716069 6597.899033175703 -2.635410459634 0.999999896809
  0.96446195   1.47473111 106.13228977  6602.797351717949 6597.922147255114 4.875204462835 0.999999895872
  0.97737667   1.95166281 120.65286216  6615.472589030862 6621.735318765144 -6.262729734282 0.999999894276
  0.97205082   1.71040123  71.99195307  6618.136554270983 6616.853515616137 1.283038654846 0.999999893937
  1.18383877   1.78144680 103.00000000  6619.703848928213 6624.186935633250 -4.483086705037 0.999999893738
  0.99645460   1.53497974 132.38078046  6622.201685145497 6623.693478483043 -1.491793337545 0.999999893419
  0.88074000   1.68888476  77.51038728  6622.871490105987 6624.041739284045 -1.170249178058 0.999999893333
  0.96791517   1.47202446 110.49745805  6625.444039493799 6630.883819475473 -5.439779981673 0.999999893003
  0.96446195   1.55888169  83.45372802  6627.311124458909 6630.079932575957 -2.768808117048 0.999999892763
  0.93793943   1.50005744  94.96273200  6629.366358399391 6635.881444383998 -6.515085984607 0.999999892498
  0.95180224   1.64853650 138.89841567  6635.546459838748 6647.031240340798 -11.484780502050 0.999999891698
  0.89626728   1.51847318  93.81457881  6647.409426897764 6644.373502805105 3.035924092659 0.999999890146
  1.13151873   1.68572759 124.57694380  6652.484552964568 6657.279510737667 -4.794957773099 0.999999889474
  1.02183922   1.68888476 136.38766763  6659.693860977888 6659.694668573654 -0.000807595766 0.999999888514
  0.84719853   1.60711337  88.66641162  6664.320005014539 6658.743781471383 5.576223543156 0.999999887894
  1.18461145   1.62265660 106.93663009  6664.874072223902 6668.217206987124 -3.343134763222 0.999999887819
  1.19749761   1.68137166 103.00000000  6665.317464992404 6668.444578821091 -3.127113828687 0.999999887759
  1.12424231   1.68888476  81.04619877  6665.440629124641 6667.318678289747 -1.878049165106 0.999999887743
  1.17156919   1.59365698 104.03701888  6666.884727135301 6671.774832781061 -4.890105645761 0.999999887548
  0.92766399   2.04364421 103.00000000  6670.405301600695 6677.888401801570 -7.483100200875 0.999999887072
  0.92282713   1.64051872 138.08324897  6675.432241156697 6678.327672267803 -2.895431111106 0.999999886389
  0.93684159   1.58147996 137.29981975  6678.683734625578 6678.683604331037 0.000130294541 0.999999885944
  1.18914644   1.75808944  95.66746596  6679.874915197492 6681.935039658153 -2.060124460661 0.999999885781
  1.07241727   1.50563232 103.00000000  6681.909557491541 6681.823474204501 0.086083287040 0.999999885502
  0.84154588   1.67615512  84.92558090  6687.891977563500 6684.160806716961 3.731170846539 0.999999884677
  1.18828044   1.77081449 103.00000000  6691.250774160028 6690.588784576232 0.661989583796 0.999999884211
  1.17990130   1.79954728 103.00000000  6693.078594729304 6695.629507125409 -2.550912396105 0.999999883957
  0.86740000   1.65174339  81.01385540  6694.405011951923 6700.243120208576 -5.838108256653 0.999999883772
  0.96446195   1.68888476 138.49246231  6695.684401601553 6707.161641272265 -11.477239670712 0.999999883594
  1.01996096   1.48534347 103.00000000  6698.334224164486 6703.940315003933 -5.606090839447 0.999999883223
  0.87327577   1.50607963 103.00000000  6699.995706468821 6703.267800284051 -3.272093815231 0.999999882990
  0.96446195   1.47319932 106.20318913  6702.014799505472 6709.206529602412 -7.191730096940 0.999999882706
  0.96446195   1.93655078 122.72030498  6710.468184068799 6717.040407669570 -6.572223600771 0.999999881510
  1.07892895   1.50363849 108.38221932  6711.085844770074 6715.435490465454 -4.349645695380 0.999999881422
  0.96824513   2.07685545  92.99747792  6725.195653825998 6720.452249292322 4.743404533677 0.999999879398
  0.95302121   1.92333813 123.85943116  6726.272603228688 6724.407722660974 1.864880567714 0.999999879242
  1.13656446   1.54710417 105.04967222  6727.918028697371 6721.702901719038 6.215126978334 0.999999879003
  0.97870996   1.71393930 137.61898864  6732.023758783937 6721.236393886457 10.787364897479 0.999999878405
  0.92975443   2.01587825 110.41552911  6732.376141667366 6728.072137360919 4.304004306447 0.999999878354
  0.84896832   1.63986810  85.09082953  6734.132174879313 6736.527910109588 -2.395735230276 0.999999878097
  1.00463711   1.48186702 118.91703113  6739.675464451313 6741.161032669938 -1.485568218625 0.999999877284
  1.18044344   1.73757970  90.00907506  6741.615268111229 6743.262400556157 -1.647132444928 0.999999876998
  1.01707740   1.67753407  73.78467816  6741.665318325162 6744.922583095200 -3.257264770038 0.999999876990
  0.91124580   2.03098685 103.00000000  6762.148425951600 6752.366138270495 9.782287681105 0.999999873929
  1.07665846   1.69696192 131.93428716  6763.399587109685 6762.071743277818 1.327843831867 0.999999873740
  1.19183063   1.74331664 106.84732962  6769.428726062179 6767.071214586828 2.357511475350 0.999999872823
  1.19578899   1.68153495 108.21093779  6770.116762474179 6773.386994474069 -3.270231999890 0.999999872718
  1.19514679   1.74881132 103.00000000  6773.265084072948 6774.288995308362 -1.023911235415 0.999999872236
  0.82312657   1.68888476 116.50853334  6773.835683777928 6774.360223907769 -0.524540129841 0.999999872149
  1.18190166   1.64076197  95.39861665  6775.513889372349 6770.858611245393 4.655278126956 0.999999871891
  0.96446195   1.96713668 119.74374894  6776.176359340549 6789.709553903130 -13.533194562581 0.999999871789
  1.14131039   1.89256755 103.00000000  6782.227914556861 6787.920205765376 -5.692291208515 0.999999870855
  0.91526968   1.47771299 115.25651188  6787.691459268332 6787.690813310373 0.000645957958 0.999999870005
  0.96446195   1.70995618  71.68534881  6793.344198957086 6794.748493000025 -1.404294042939 0.999999869120
  1.15372936   1.57802003  98.10337263  6796.162813350558 6794.326632593285 1.836180757273 0.999999868677
  1.02052929   1.69790609 136.67272934  6799.985477775335 6795.680970313626 4.304507461709 0.999999868073
  0.96446195   1.47613065 103.00000000  6802.832115083933 6795.588864507022 7.243250576911 0.999999867622
  1.20100503   1.68888476 103.00000000  6804.767866134644 6805.989319620871 -1.221453486228 0.999999867314
  1.17924049   1.73136151 113.52205041  6813.798727780581 6809.981843961909 3.816883818671 0.999999865868
  0.87171306   1.95828970 106.02021697  6813.912295863032 6810.657057457998 3.255238405034 0.999999865850
  0.96446195   1.70052399 138.48637014  6816.118498966098 6811.833626594605 4.284872371493 0.999999865494
  1.05401819   1.73268243 133.12035373  6818.013227581978 6812.681306232652 5.331921349326 0.999999865188
  0.96446195   1.97237450 119.25969046  6819.966172546148 6815.957285683175 4.008886862974 0.999999864872
  0.94755125   2.02134677  77.49435714  6824.828113093972 6816.463394347982 8.364718745990 0.999999864081
  0.96446195   1.47287751 105.06286827  6826.690090149641 6827.370192836937 -0.680102687296 0.999999863777
  0.98600623   1.73256490  70.76947939  6830.128720775247 6830.128376657212 0.000344118034 0.999999863214
  1.17961577   1.77662227 109.39177354  6833.478208601475 6831.540993578818 1.937215022656 0.999999862663
  1.00684180   1.75607801  70.40590269  6836.634731009603 6832.778128394042 3.856602615560 0.999999862142
  0.83008278   1.81859889 108.41657244  6837.635806292295 6831.582238662981 6.053567629315 0.999999861976
  0.97063427   1.94714333 122.18764717  6843.486270442605 6841.199591359737 2.286679082868 0.999999861004
  1.09002047   1.68888476 130.91368382  6844.062026366591 6843.216566976514 0.845459390078 0.999999860907
  0.99094119   1.83426412  69.23326295  6847.209060370922 6835.906226369238 11.302834001684 0.999999860381
  1.20043165   1.71640027  98.76020154  6849.142428666353 6848.274770413876 0.867658252478 0.999999860057
  1.19734243   1.72327780  96.05129828  6856.915869414806 6858.209945491224 -1.294076076418 0.999999858745
  0.96446195   1.82457319  69.17641056  6868.319233328104 6867.202947361471 1.116285966633 0.999999856799
  0.95890651   1.66117621  73.93796850  6870.214236810803 6872.228403143555 -2.014166332751 0.999999856473
  0.97136033   1.80041527  69.26308553  6871.199543774128 6872.590882012106 -1.391338237978 0.999999856303
  1.01752708   1.63192606 137.74795970  6872.537549972534 6878.102810903945 -5.565260931411 0.999999856072
  1.13185607   1.68888476  81.29015801  6873.921758249402 6873.449761474761 0.471996774641 0.999999855833
  0.84066267   1.70290075  83.48523256  6875.590113848448 6875.906567012108 -0.316453163660 0.999999855544
  0.90095136   1.48049310 108.64537793  6876.035576343536 6884.548437944104 -8.512861600568 0.999999855467
  1.10674786   1.95444840 103.00000000  6893.832218959928 6889.527114738652 4.305104221276 0.999999852347
  1.20313948   1.69452971 103.00000000  6898.198420986533 6894.812813430952 3.385607555581 0.999999851572
  1.20241703   1.68888476 104.97663275  6900.142702803016 6903.500808536933 -3.358105733917 0.999999851225
  1.01537036   1.74020458  70.86797930  6900.721368253231 6903.054376633364 -2.333008380133 0.999999851121
  0.96446195   1.68888476  72.36180905  6902.299328252673 6902.545192148305 -0.245863895632 0.999999850839
  1.10158033   1.68888476  77.84529523  6902.580635398626 6902.582096836270 -0.001461437643 0.999999850789
  1.06993066   1.66341927  76.71737770  6903.619978100061 6907.148713815846 -3.528735715785 0.999999850603
  0.96446195   1.56786999 137.58819901  6911.388210907578 6911.386365582694 0.001845324885 0.999999849204
  0.98301806   1.68005800 139.06782784  6912.590234398842 6916.830363571900 -4.240129173058 0.999999848986
  1.18342310   1.60492802 104.07175135  6919.950626879930 6916.646978032988 3.303648846942 0.999999847646
  1.10903518   1.68888476  78.50616090  6922.385616406798 6924.185496729749 -1.799880322950 0.999999847200
  1.11429671   1.94468005 103.00000000  6924.221164077520 6928.307331115403 -4.086167037883 0.999999846863
  1.19317272   1.68888476  93.84564619  6930.532580122352 6924.527565935115 6.005014187236 0.999999845699
  0.90094246   1.68888476  74.85675828  6937.017968595028 6933.667521218935 3.350447376093 0.999999844494
  0.96446195   1.68888476 139.19597990  6941.079923927784 6938.168642594676 2.911281333108 0.999999843734
  0.99805713   1.68888476 138.45121477  6942.904655948281 6937.687195472694 5.217460475587 0.999999843391
  0.93697579   1.75450392  70.61143767  6944.616961419582 6945.561593746887 -0.944632327304 0.999999843069
  0.81212687   1.72333609 103.00000000  6951.226065084338 6950.356734582536 0.869330501802 0.999999841820
  1.20445158   1.68888476 102.75297270  6954.674439743161 6955.775497383102 -1.101057639941 0.999999841164
  1.14790573   1.70361187 122.70218250  6959.800171330571 6962.075684971357 -2.275513640786 0.999999840184
  1.19890790   1.64587300 103.00000000  6963.754788920283 6962.170066068727 1.584722851556 0.999999839423
  1.01756930   1.75932600  70.28530300  6970.362499549985 6970.366343615076 -0.003844065091 0.999999838145
  1.05213757   1.68888476 135.14712109  6972.410487189889 6973.580195250625 -1.169708060736 0.999999837747
  0.96446195   1.57193490 138.06073185  6974.265089079738 6973.081002673210 1.184086406528 0.999999837385
  1.18986719   1.64312349  96.34990343  6977.421327486634 6973.520535297119 3.900792189515 0.999999836768
  0.82731462   1.71960515 118.53278467  6977.467643976212 6979.285073179896 -1.817429203685 0.999999836759
  0.96969205   1.57793758  80.32992127  6983.136994749308 6983.947666784204 -0.810672034896 0.999999835645
  0.96446195   1.74270044  70.17478257  6984.951854184270 6990.144747100261 -5.192892915991 0.999999835287
  1.19329623   1.66119947  95.40813537  6986.205754131079 6988.621335769471 -2.415581638392 0.999999835039
  0.96876605   1.47525795 120.46430846  6988.270983710885 6991.004317291441 -2.733333580556 0.999999834629
  1.03438997   1.49445834  98.55718803  6990.501326277852 6993.365165214466 -2.863838936614 0.999999834186
  1.19356212   1.77806571 103.00000000  6994.440292343497 7000.999834229245 -6.559541885747 0.999999833400
  1.12815018   1.69168014 126.41562240  7004.204215586185 7004.199702028947 0.004513557238 0.999999831437
  1.13933314   1.69153660 124.66782327  7005.241045907140 7005.759312868966 -0.518266961826 0.999999831227
  0.98606814   1.47481901 103.00000000  7007.952124238014 7007.948437370988 0.003686867026 0.999999830677
  0.96446195   2.07286432 103.00000000  7011.429433345795 7013.253696739632 -1.824263393837 0.999999829969
  0.86417569   1.68888476  78.78089704  7017.374417021871 7011.896474502902 5.477942518969 0.999999828752
  1.12913319   1.54810595  97.82045302  7025.313075810671 7025.312223746708 0.000852063963 0.999999827113
  0.94799494   2.06670183  83.01939613  7033.523214936256 7033.523359711502 -0.000144775246 0.999999825401
  1.00025679   1.54451838 134.85033995  7034.139284372330 7037.293019723257 -3.153735350927 0.999999825272
  0.97065214   1.68888476 139.47027281  7043.144992575049 7043.712029053513 -0.567036478464 0.999999823373
  1.01796809   1.51299602  91.46638657  7046.227282747626 7039.371361082543 6.855921665084 0.999999822719
  0.97456886   1.58676886  79.24809038  7046.629678189754 7052.467164903927 -5.837486714173 0.999999822633
  0.84659253   1.60060556  88.15086806  7050.037845030427 7055.824480085988 -5.786635055561 0.999999821906
  1.04798835   2.04598625  97.83943385  7053.843590840697 7060.606754763777 -6.763163923079 0.999999821091
  1.20355814   1.68888476 107.46920015  7063.803975954652 7063.752616580877 0.051359373775 0.999999818940
  0.86872037   1.50070579 105.20046684  7069.614265382290 7063.108936232374 6.505329149916 0.999999817673
  1.08357988   2.00322890  99.41289558  7071.621397435665 7073.910968694684 -2.289571259019 0.999999817233
  0.84136178   1.68888476  83.14187533  7072.764209643006 7071.168246906243 1.595962736764 0.999999816982
  0.90705855   1.61025804 137.96198012  7076.359679222107 7088.022480631630 -11.662801409523 0.999999816191
  1.07450681   1.64603507  77.75181200  7076.591562286019 7076.593093558706 -0.001531272686 0.999999816140
  0.84199212   1.68888476  82.96088741  7085.157407328486 7078.008081939543 7.149325388944 0.999999814240
  0.94566425   1.65551765 140.11816585  7086.809278219938 7086.810253120374 -0.000974900436 0.999999813872
  1.09675203   1.65834615 131.32013897  7088.358668252826 7091.792134118711 -3.433465865885 0.999999813525
  0.92802993   1.61812207 139.50917520  7090.001823917031 7095.392532010037 -5.390708093006 0.999999813157
  1.16062320   1.68888476 121.27069458  7090.040331721306 7092.481313907444 -2.440982186138 0.999999813149
  0.80966531   1.67305368 103.00000000  7092.236455455422 7089.235045676420 3.001409779003 0.999999812656
  1.00482707   2.01404339 114.06021643  7093.780292466283 7099.362646761362 -5.582354295079 0.999999812308
  1.08545506   1.99284293 103.00000000  7096.575347363949 7096.929190629271 -0.353843265322 0.999999811678
  1.09875109   1.70426744  76.33936405  7097.034900799394 7095.630412638186 1.404488161208 0.999999811574
  1.17741403   1.62732222  93.39376255  7098.174919679761 7092.880226489207 5.294693190554 0.999999811316
  0.80964821   1.68633376 105.07118868  7106.359980031848 7097.654428652056 8.705551379792 0.999999809453
  1.14417349   1.65285819  84.37273188  7108.128871768713 7101.722092473617 6.406779295096 0.999999809048
  1.18410704   1.68888476  89.61765004  7109.347748816013 7110.049915601947 -0.702166785934 0.999999808769
  0.88142927   1.98495039 107.28929246  7110.186638668180 7115.802732702507 -5.616094034327 0.999999808576
  1.16580691   1.56974835 109.56321341  7117.482810944319 7115.712971495280 1.769839449039 0.999999806893
  1.00243155   1.68888476  72.06204804  7123.947209998965 7120.117585708859 3.829624290106 0.999999805389
  0.96959117   1.68888476  71.86117621  7125.618103370070 7126.141688919486 -0.523585549416 0.999999804999
  0.94601570   1.99077691  73.26576456  7134.067823007703 7134.068486348393 -0.000663340690 0.999999803011
  1.20854271   1.68888476 103.00000000  7135.931950688362 7136.844824161795 -0.912873473433 0.999999802570
  1.20254884   1.68799604  95.99271329  7137.469591379166 7134.125461910370 3.344129468795 0.999999802205
  0.81809815   1.69363093 115.46568554  7138.560556471348 7139.242251908937 -0.681695437589 0.999999801946
  1.19443721   1.76127599 107.93222336  7139.984274148941 7139.989540559973 -0.005266411032 0.999999801608
  0.96446195   1.66900781  72.88098631  7140.550955355167 7141.835421431003 -1.284466075836 0.999999801473
  0.98200380   1.53388755 134.84359096  7144.971391499043 7140.832561645819 4.138829853224 0.999999800417
  0.96446195   1.79339116  68.77387499  7147.415014743805 7148.446233632635 -1.031218888830 0.999999799831
  0.96446195   1.59920174 139.89437202  7148.367150142789 7148.270194260444 0.096955882345 0.999999799602
  0.80904523   1.68888476 103.00000000  7150.953883841634 7147.469493305007 3.484390536627 0.999999798979
  1.05583113   1.68888476 135.40226341  7152.090861871839 7153.174547250877 -1.083685379039 0.999999798704
  0.96446195   2.09039881  87.50061005  7156.938354790211 7159.937683868536 -2.999329078325 0.999999797530
  0.98446094   1.62041962  76.04437009  7159.302567198873 7157.666777076774 1.635790122099 0.999999796955
  1.05172868   1.65922769 136.17950280  7162.686277911067 7162.465785613301 0.220492297766 0.999999796129
  1.04082364   1.71869421  71.86643635  7168.478831470013 7162.328617303178 6.150214166834 0.999999794707
  0.96446195   1.68888476 139.89949749  7168.966065943241 7171.266051546642 -2.299985603401 0.999999794587
  1.20469328   1.65254848 101.77145580  7169.625965863466 7170.121712295101 -0.495746431635 0.999999794424
  0.83090144   1.74954318  84.84190404  7171.129550680518 7171.130437255106 -0.000886574588 0.999999794053
  0.95501915   1.72259061  70.57155002  7173.768475711346 7171.818011755678 1.950463955668 0.999999793399
  0.85853236   1.95137558 103.00000000  7173.998424604535 7174.001351378705 -0.002926774170 0.999999793342
  0.87347024   1.99136611 101.47486691  7180.310706287622 7182.236169180258 -1.925462892636 0.999999791771
  1.15521930   1.68888476 122.73178436  7181.556126847863 7182.570888023455 -1.014761175592 0.999999791460
  0.95407837   2.07817327 103.00000000  7183.966324433684 7190.428202599181 -6.461878165496 0.999999790856
  0.99727216   1.49377276  94.83527282  7186.610794544220 7182.529176846456 4.081617697764 0.999999790191
  0.89377249   1.58441369  82.29438661  7189.596909329295 7189.600353527533 -0.003444198238 0.999999789438
  0.96446195   1.61813367  76.16556308  7191.084304034710 7189.597514049237 1.486789985473 0.999999789062
  0.93621422   1.55107734 136.91581025  7193.512666165829 7194.629372125024 -1.116705959195 0.999999788446
  1.20358088   1.64316334 103.00000000  7200.648320987821 7195.719984196584 4.928336791237 0.999999786627
  0.96446195   2.09003578  86.45035895  7202.232028201222 7201.234794225493 0.997233975730 0.999999786221
  0.98656616   1.68888476 139.63161558  7203.172164022923 7200.334776796153 2.837387226769 0.999999785980
  1.20560701   1.65119220 103.00000000  7204.231205001473 7202.505737258594 1.725467742879 0.999999785707
  0.86814764   1.74094009  76.07805317  7210.813001900911 7200.739310514857 10.073691386055 0.999999784008
  1.18059827   1.68888476 117.41735950  7211.482910275459 7205.892862164535 5.590048110924 0.999999783834
  0.95955816   2.07221474 105.28346741  7213.135129645467 7207.667754698960 5.467374946506 0.999999783405
  0.95247282   2.09109028  88.01636030  7213.238483846188 7216.397388981617 -3.158905135429 0.999999783379
  0.93787172   1.89713862 127.56592198  7221.594523951411 7213.004909246964 8.589614704447 0.999999781196
  0.96527864   1.58896469 139.71930904  7222.865345880389 7212.504237147374 10.361108733015 0.999999780862
  1.15346609   1.71759946 122.40473370  7224.157721057534 7223.114330037585 1.043391019949 0.999999780521
  1.18285217   1.71743145 116.02645462  7225.531611785293 7221.491799992823 4.039811792470 0.999999780159
  0.88839426   1.48792252 103.00000000  7226.114705249667 7222.021591822750 4.093113426917 0.999999780005
  0.99750975   1.76822419  69.05625960  7227.737907066941 7236.878697011716 -9.140789944775 0.999999779577
  0.90425166   1.48272890 101.68832323  7236.717702224851 7236.717755667351 -0.000053442500 0.999999777188
  1.14472410   1.90791563 103.00000000  7238.492595508695 7246.134123954678 -7.641528445984 0.999999776713
  0.96446195   1.68888476  71.65829146  7244.180565565825 7247.294471367036 -3.113905801211 0.999999775184
  1.02390183   1.47378903 107.94173595  7245.188781753182 7251.010706018998 -5.821924265815 0.999999774912
  1.00772299   1.51979872  88.81008011  7246.576382592320 7250.015693409066 -3.439310816746 0.999999774537
  0.82424072   1.83341889 103.00000000  7255.240936994553 7258.457269768004 -3.216332773452 0.999999772180
  1.20491235   1.75987316 100.99773238  7261.959524512291 7261.425691386589 0.533833125702 0.999999770336
  0.94639588   1.51265559  89.54664200  7262.260905146599 7255.762289690836 6.498615455763 0.999999770253
  0.94588371   2.07854971 103.00000000  7267.486694872379 7270.259767265276 -2.773072392897 0.999999768808
  1.19900271   1.62939170 108.71419262  7273.326003283262 7270.168221989730 3.157781293532 0.999999767182
  1.06923876   1.68725288  74.42540102  7278.081240251660 7275.792987152489 2.288253099171 0.999999765850
  0.91527669   2.05700789 103.00000000  7281.755002230406 7290.722224456986 -8.967222226580 0.999999764815
  1.16552569   1.69334279  84.56463045  7286.439173951745 7288.072207224690 -1.633033272945 0.999999763490
  1.14098859   1.68250239  81.34075967  7288.270041868091 7290.507264486844 -2.237222618754 0.999999762969
  0.96446195   1.46984925 103.00000000  7295.537030458450 7291.599610607559 3.937419850891 0.999999760893
  1.17662035   1.62402748  92.33993778  7299.567321836948 7299.567622809201 -0.000300972252 0.999999759734
  0.91048777   1.53744148  86.69942275  7301.317249521613 7310.266896426613 -8.949646905000 0.999999759229
  1.02082759   1.67823010 138.67737532  7313.092908412218 7312.217290397526 0.875618014692 0.999999755803
  1.19175136   1.81225504 100.67322145  7316.907316014171 7313.658580356004 3.248735658167 0.999999754682
  1.19394921   1.74901752 111.21839742  7317.498887568712 7315.035633200671 2.463254368041 0.999999754508
  1.12099635   1.95060836 103.19679584  7319.878902360797 7318.773491188478 1.105411172319 0.999999753806
  0.96446195   2.08542714 103.00000000  7322.416776955128 7319.810031028959 2.606745926169 0.999999753055
  0.96446195   1.98469786 120.28203894  7326.912947550416 7321.676749192217 5.236198358199 0.999999751719
  0.96446195   1.60156840  77.29581527  7327.717851907015 7319.224403481234 8.493448425781 0.999999751479
  0.88752179   2.02012050 103.00000000  7332.569217726588 7326.371749088924 6.197468637664 0.999999750028
  0.81910943   1.62533186 117.33817041  7333.630647167563 7327.534910263517 6.095736904046 0.999999749710
  1.14379258   1.55767067  96.80340410  7335.518393874168 7330.252880406389 5.265513467780 0.999999749142
  1.20554706   1.68888476  95.08721689  7336.554681584239 7339.476287559724 -2.921605975485 0.999999748830
  0.96446195   1.47931079 124.75004602  7339.793139323592 7341.337741610277 -1.544602286684 0.999999747852
  1.20264728   1.62789452 105.89139137  7347.362775072455 7350.736554110899 -3.373779038444 0.999999745551
  0.96446195   2.07070578 107.32090292  7360.763068512082 7358.995442224837 1.767626287245 0.999999741426
  0.82017319   1.75705783  89.10758203  7364.996343478560 7366.432259118386 -1.435915639826 0.999999740109
  0.90833747   1.70392837  72.76805069  7365.440365806222 7367.809656369141 -2.369290562919 0.999999739971
  0.97108585   2.10150330  97.01456021  7369.368606016040 7374.040286815928 -4.671680799888 0.999999738742
  0.94579852   2.08262760 103.00000000  7375.069710910320 7370.963927205138 4.105783705182 0.999999736949
  0.96446195   1.67121298  72.30697843  7376.135121211410 7368.413453708406 7.721667503003 0.999999736612
  1.18599234   1.68888476  88.56169923  7377.656494289637 7370.125035970516 7.531458319120 0.999999736131
  1.18978957   1.70519179 115.59062237  7381.894126117229 7373.255578822023 8.638547295206 0.999999734786
  1.20728070   1.75493250 103.69192102  7381.936834722757 7379.466520643225 2.470314079533 0.999999734772
  0.80923153   1.65498640 109.60020931  7382.273397460580 7375.306382559238 6.967014901342 0.999999734665
  1.09048478   1.68888476  75.55240003  7382.648268327117 7383.625557742559 -0.977289415442 0.999999734546
  1.12070132   1.72336912  76.93008935  7382.874792695045 7385.851324599691 -2.976531904646 0.999999734473
  0.80952860   1.68888476  96.74735544  7383.412828475237 7387.901190256749 -4.488361781512 0.999999734302
  0.92708169   2.07202748 103.00000000  7389.022008016706 7392.152500810166 -3.130492793461 0.999999732508
  1.21267571   1.66796604 103.00000000  7396.609060510993 7390.238998994681 6.370061516312 0.999999730061
  1.02526514   1.65713106 138.91529349  7397.860830649734 7396.059043006583 1.801787643150 0.999999729655
  1.17498739   1.68888476 119.80111627  7399.626031279564 7395.395823184707 4.230208094857 0.999999729082
  0.82663183   1.85360687 102.18414661  7400.620300456882 7400.294830254973 0.325470201909 0.999999728759
  1.08037716   1.68888476  74.76205314  7401.718467131257 7401.714209071437 0.004258059820 0.999999728401
  0.96446195   1.68888476 140.60301508  7403.126428470016 7406.319672346486 -3.193243876471 0.999999727942
  1.16215569   1.88220093 103.00000000  7403.456924527884 7403.814617974438 -0.357693446555 0.999999727834
  0.84572907   1.62116724  85.26661747  7408.407168179750 7398.980289754965 9.426878424785 0.999999726212
  0.90550101   1.61183674  78.31649042  7413.028634816408 7408.780686227044 4.247948589365 0.999999724690
  0.97462432   1.78046716  68.30328919  7420.308205366135 7417.519972217272 2.788233148863 0.999999722274
  0.90405569   2.04896421 103.00000000  7428.638862565160 7420.396305185248 8.242557379912 0.999999719484
  1.19998437   1.78683856 103.86080615  7431.116990819573 7423.759194046426 7.357796773147 0.999999718648
  0.99078225   1.96595655 122.46008140  7439.341249808669 7439.341410406649 -0.000160597980 0.999999715858
  0.96446195   1.94357385 125.02157590  7439.464891329408 7433.334230327291 6.130661002117 0.999999715816
  1.19934000   1.71603449  90.92878825  7442.284100294113 7439.670942731558 2.613157562555 0.999999714853
  0.80749115   1.68888476 107.63857359  7446.507292658091 7446.314772940016 0.192519718074 0.999999713404
  0.95339800   2.08886206  83.16092894  7449.867112338543 7449.866199047770 0.000913290773 0.999999712246
  0.81065883   1.67570574  95.41711152  7450.045048460364 7456.796034036742 -6.750985576377 0.999999712185
  1.20252222   1.78292282 103.18750032  7456.013135284185 7456.009501705289 0.003633578896 0.999999710116
  0.96446195   1.61914578  75.54423324  7460.106477707624 7455.356494861083 4.749982846542 0.999999708689
  1.16821239   1.68888476  84.51210608  7462.348294124007 7457.780725618679 4.567568505328 0.999999707904
  0.96446195   1.92307453 127.02887580  7468.240390554070 7472.023053908226 -3.782663354155 0.999999705831
  1.01105549   1.74428828  69.38523985  7469.459149807692 7469.459161509629 -0.000011701937 0.999999705401
  1.21608040   1.68888476 103.00000000  7478.142538636923 7470.030291346790 8.112247290132 0.999999702315
  1.13190548   1.94037593 103.00000000  7480.411156684160 7473.873287622761 6.537869061399 0.999999701503
  1.12884251   1.70888612 127.72611275  7481.813469201326 7484.077600066926 -2.264130865599 0.999999701001
  0.83637350   1.89492156 103.00000000  7483.022246256471 7478.785817092603 4.236429163868 0.999999700567
  1.17030020   1.71609560 120.46677584  7483.687124788761 7487.318332160668 -3.631207371907 0.999999700328
  1.09267797   1.68888476 132.81949476  7489.289208605886 7488.559680680095 0.729527925791 0.999999698306
  1.11325493   1.68888476 130.35272251  7489.322437927127 7489.324208235226 -0.001770308099 0.999999698294
  0.96446195   1.50669661  89.86901997  7489.590163335204 7486.531024869857 3.059138465347 0.999999698197
  1.00715154   1.68888476  71.36310613  7492.301941439509 7495.128344071291 -2.826402631782 0.999999697214
  0.96446195   1.81031798  67.77054772  7508.150732129812 7504.668593969033 3.482138160779 0.999999691400
  1.01991737   1.74281773 137.30389122  7508.694337710738 7505.621710434002 3.072627276736 0.999999691199
  1.07280415   1.68888476 134.98661102  7515.069515272975 7514.253602329483 0.815912943492 0.999999688827
  0.99016657   1.71138792 139.80046192  7516.772744148970 7511.807686980690 4.965057168280 0.999999688191
  0.81282123   1.70448290  92.41185812  7516.881392255425 7516.175642074949 0.705750180477 0.999999688150
  1.18277683   1.82412614 107.57774401  7517.873803913593 7515.487612192831 2.386191720762 0.999999687778
  1.18276080   1.68888476 118.70294410  7519.520994633436 7519.525918700621 -0.004924067185 0.999999687161
  0.96446195   1.52426393 135.39196279  7522.748901665211 7516.237007380425 6.511894284786 0.999999685946
  0.96446195   1.49226043  93.19195841  7524.819996416569 7529.304295912248 -4.484299495679 0.999999685165
  1.06456286   1.69189689 135.78012746  7542.572187483311 7538.770892794384 3.801294688927 0.999999678386
  1.21764227   1.68464960 103.00000000  7546.110833466053 7546.696893870495 -0.586060404442 0.999999677018
  0.80840734   1.72492663  96.70684541  7557.363547489047 7560.683623909808 -3.320076420761 0.999999672627
  1.20949321   1.69047926  94.50816599  7560.904685169458 7560.248350511213 0.656334658245 0.999999671233
  0.85725376   1.96288954 103.35715876  7575.784791037440 7567.723900703521 8.060890333919 0.999999665309
  1.21623438   1.68240570 106.54687316  7575.809478402138 7577.411011680089 -1.601533277952 0.999999665299
  1.21675198   1.66688342 103.00000000  7576.806975901127 7576.788844519420 0.018131381707 0.999999664899
  1.20909114   1.68888476 110.97941963  7582.956574007869 7581.206262699639 1.750311308230 0.999999662416
  0.96446195   1.67073913 141.54818170  7585.051022514701 7589.158315228798 -4.107292714097 0.999999661567
  0.80654463   1.68888476  98.45750980  7585.849283561110 7588.094340579342 -2.245057018232 0.999999661243
  0.82868823   1.62560039  88.95748754  7589.077440112829 7591.474717454078 -2.397277341249 0.999999659928
  1.14506044   1.91511065 105.44483679  7599.731612056494 7602.912728945331 -3.181116888837 0.999999655552
  0.96446195   1.68888476  70.95477387  7602.216362774372 7601.489142741825 0.727220032547 0.999999654523
  0.96446195   1.66212846 141.74112255  7607.257486984134 7608.052044395154 -0.794557411020 0.999999652427
  1.01480848   1.68888476 139.70066466  7609.639758050442 7610.740946143483 -1.101188093041 0.999999651432
  1.19192370   1.69731564  88.24460192  7611.866991668940 7612.763657335250 -0.896665666311 0.999999650499
  1.03947351   1.47866585 103.00000000  7612.347249045968 7613.385307759509 -1.038058713541 0.999999650298
  0.80738407   1.68811028  96.88285127  7613.216417387128 7617.843089506111 -4.626672118983 0.999999649933
  1.17617841   1.56884568 103.00000000  7616.146763280034 7619.612366771209 -3.465603491175 0.999999648700
  0.96446195   1.54881686 138.48408104  7616.838610142469 7614.116145320919 2.722464821551 0.999999648408
  0.96446195   2.09798995 103.00000000  7624.465926244855 7624.464466245997 0.001459998858 0.999999645175
  0.82019893   1.68888476 119.79972164  7629.998600274324 7620.422137571634 9.576462702690 0.999999642812
  1.12574705   1.95719618 103.00000000  7633.953610897064 7630.667661196453 3.285949700611 0.999999641112
  0.97639674   2.05842020 111.86493650  7637.723146840930 7625.838426049164 11.884720791766 0.999999639485
  1.21921077   1.67810273 103.00000000  7638.041215941310 7634.584580608611 3.456635332699 0.999999639348
  1.00599790   2.08943051 103.00000000  7639.783780381083 7636.123599654318 3.660180726765 0.999999638593
  0.96446195   1.68888476 141.30653266  7644.806231871247 7643.190637949479 1.615593921769 0.999999636408
  1.03266585   1.47623876 103.00000000  7644.867087468505 7641.525113448766 3.341974019739 0.999999636381
  0.85209995   1.73379500  77.78014544  7645.018974736333 7642.011145308556 3.007829427777 0.999999636315
  0.95952855   1.46842117 101.29372256  7645.119042828679 7650.950507030387 -5.831464201708 0.999999636271
  0.90457625   1.68888476  73.06789142  7652.005679294467 7655.357498309327 -3.351819014860 0.999999633253
  0.91569603   1.55226827  83.36628847  7652.580545008183 7655.862337560384 -3.281792552201 0.999999633000
  1.19119411   1.83069224 103.00000000  7662.864359185100 7659.803213336873 3.061145848226 0.999999628443
  1.13298904   1.68888476  78.76485596  7666.824453234673 7670.185560675735 -3.361107441063 0.999999626673
  0.80778455   1.62978352 101.71408676  7667.348525300622 7670.728998358444 -3.380473057822 0.999999626438
  1.01960360   1.53907518  84.77713334  7668.922430843115 7670.182729733931 -1.260298890816 0.999999625732
  1.16050217   1.68888476  82.36782134  7674.845300331712 7676.653428746728 -1.808128415016 0.999999623063
  0.86903730   1.61939737  80.63597718  7683.055704012513 7685.837677514727 -2.781973502214 0.999999619330
  0.97929929   2.10052189 103.00000000  7685.190952658653 7691.868262972076 -6.677310313423 0.999999618354
  0.97896259   1.54456547 138.05626569  7691.269536778331 7689.239557615160 2.029979163171 0.999999615560
  0.85227145   1.52505224  97.21087574  7701.361314937472 7692.809986852943 8.551328084530 0.999999610876
  1.21735740   1.69306973 107.95998103  7705.241716817021 7704.768897597853 0.472819219169 0.999999609060
  1.08467740   1.68888476 134.40876646  7706.815332680941 7707.829805884138 -1.014473203198 0.999999608321
  0.96446195   1.87099651  67.14424388  7709.643756642938 7713.891128476771 -4.247371833833 0.999999606989
  1.01690568   1.47937258  98.82366783  7714.357012838125 7710.789042512994 3.567970325131 0.999999604760
  1.12539359   1.70582749  77.03230917  7719.159309610724 7715.908379067600 3.250930543125 0.999999602476
  0.96446195   2.11022163  85.06601947  7729.803729310632 7723.761086896725 6.042642413907 0.999999597365
  1.20727928   1.68888476 113.04560374  7730.950585603714 7726.897397057649 4.053188546065 0.999999596811
  1.03849804   1.67674511 138.80002709  7734.670855492353 7729.716250964666 4.954604527687 0.999999595007
  0.96446195   1.96275016 124.44540509  7737.641780003905 7739.956538289929 -2.314758286024 0.999999593561
  0.94760990   1.81723487  67.52050780  7739.345614120364 7739.343286226404 0.002327893960 0.999999592729
  1.05274076   1.66128192 137.89925173  7742.056331738830 7740.490923451158 1.565408287672 0.999999591402
  0.89203417   2.04443712 103.00000000  7742.683089882135 7746.404023363332 -3.720933481197 0.999999591094
  0.96446195   1.45793680 109.83791772  7748.923175826669 7743.961856849488 4.961318977181 0.999999588021
  0.96446195   1.57348067  79.18256104  7750.538201153278 7744.403294439632 6.134906713646 0.999999587222
  1.21013976   1.62226222 104.03173414  7752.765146791935 7755.677560579767 -2.912413787832 0.999999586117
  0.80543774   1.68888476  97.86205032  7754.456538185477 7757.816405980263 -3.359867794786 0.999999585276
  0.98752767   1.47353317 124.07254754  7757.682921051979 7756.872253199535 0.810667852444 0.999999583667
  0.88672000   2.03611008 103.00000000  7762.205569669604 7762.202725725431 0.002843944173 0.999999581402
  0.96446195   1.69033885  70.56884516  7762.942375108600 7764.439502153465 -1.497127044865 0.999999581031
  1.22284478   1.70066965 103.00000000  7764.153115317225 7767.896138544937 -3.743023227712 0.999999580422
  0.81648097   1.67308100  89.85217629  7767.946194171906 7769.614417385916 -1.668223214010 0.999999578508
  1.19471953   1.68888476 117.19126835  7773.360424414277 7770.719313993505 2.641110420772 0.999999575761
  1.17003312   1.55727363 103.00000000  7775.718317434192 7772.852911821246 2.865405612945 0.999999574559
  1.06171537   1.65116725 137.26629573  7776.232362911105 7776.231548279926 0.000814631179 0.999999574296
  1.07833096   2.03010774 103.00000000  7776.845707073808 7777.229351981901 -0.383644908094 0.999999573983
  1.22036426   1.68888476 106.94861218  7778.867603793740 7776.297202243887 2.570401549853 0.999999572948
  0.96446195   2.10427136 103.00000000  7780.648968979716 7775.971277832226 4.677691147490 0.999999572034
  1.21755861   1.68888476 108.93698567  7782.741259485483 7778.315169883184 4.426089602299 0.999999570958
  1.09834612   1.65595063 133.50321709  7788.349239408970 7781.236444680300 7.112794728670 0.999999568061
  1.20542529   1.62782871 111.84772290  7788.482313171029 7788.944110468482 -0.461797297453 0.999999567992
  0.85576882   1.49814751 112.16624032  7790.001528054476 7787.511076108804 2.490451945671 0.999999567204
  1.14435065   1.70018989  79.18991635  7796.369236975908 7797.553486189850 -1.184249213942 0.999999563884
  0.83302600   1.90365979  99.03026098  7797.897393181920 7801.993541230551 -4.096148048631 0.999999563084
  1.22361809   1.68888476 103.00000000  7798.212115809321 7805.271336772221 -7.059220962899 0.999999562919
  1.01162960   1.57446997  79.49036857  7805.093388900161 7806.114613133596 -1.021224233436 0.999999559294
  1.10993420   1.66512069 132.20003829  7806.055847629905 7813.171357438331 -7.115509808426 0.999999558785
  1.16604673   1.89424411 103.00000000  7815.330336913466 7810.247424418220 5.082912495246 0.999999553847
  0.96446195   1.46356784 103.00000000  7820.289370790124 7811.722566947420 8.566803842704 0.999999551184
  0.96446195   1.86090299  66.84076742  7824.903874233365 7819.841251428913 5.062622804452 0.999999548692
  0.85020318   1.93656717 107.88362334  7832.154529809952 7823.423280918391 8.731248891560 0.999999544748
  1.20510428   1.69450102 114.50320383  7836.324898958206 7833.338040674148 2.986858284058 0.999999542464
  1.19327599   1.68888476  87.70666066  7837.255279079080 7837.078389748378 0.176889330702 0.999999541953
  1.01678070   1.69865375  70.38970396  7841.096949115396 7847.447196917751 -6.350247802356 0.999999539837
  0.93293781   1.62432382 142.18805067  7844.308184981346 7863.235622756041 -18.927437774695 0.999999538060
  0.91819825   1.51818924  88.00846498  7855.014988332987 7850.744773481266 4.270214851721 0.999999532087
  1.20672951   1.68888476 114.24704796  7858.367658793926 7854.810847309828 3.556811484098 0.999999530200
  1.20524222   1.68888476 114.79060712  7862.221629932523 7863.656697107422 -1.435067174899 0.999999528023
  1.21198571   1.62042040 104.05417366  7863.789272621274 7866.663830330514 -2.874557709240 0.999999527134
  1.22042088   1.65013977 103.00000000  7865.544981345534 7866.633401701607 -1.088420356073 0.999999526137
  0.96446195   1.57091191  79.20196692  7867.515666589141 7869.070169871970 -1.554503282830 0.999999525015
  1.20866526   1.71527987  90.74308488  7871.688527867198 7872.621822111956 -0.933294244758 0.999999522630
  0.96446195   1.68888476 142.01005025  7872.959812611341 7881.735201784709 -8.775389173367 0.999999521902
  0.96839349   1.46526967 122.01264541  7873.066867128015 7879.048081491641 -5.981214363626 0.999999521840
  1.05691082   1.48104087 103.00000000  7883.014639958739 7883.064022075384 -0.049382116645 0.999999516098
  1.21390509   1.67825535 111.98700363  7887.814458847046 7890.636881693477 -2.822422846431 0.999999513303
  1.12579858   1.68888476 130.17016458  7892.184145420790 7899.806406754719 -7.622261333930 0.999999510744
  1.19656585   1.68888476 117.45753528  7899.202932059765 7894.119189221604 5.083742838161 0.999999506606
  0.96446195   1.93494422 127.61888414  7900.534144043922 7900.535095250781 -0.000951206858 0.999999505817
  1.05578365   1.47685906 105.89981529  7904.065541744232 7900.382013041086 3.683528703146 0.999999503718
  0.96446195   1.71215237  69.35719183  7910.234152972698 7904.181052767086 6.053100205612 0.999999500031
  0.98440035   1.72040012  68.93763319  7910.949154317379 7912.713214309140 -1.764059991761 0.999999499602
  0.80272138   1.70355790 103.00000000  7912.386784642935 7909.642682217644 2.744102425291 0.999999498738
  0.81986594   1.80278478 111.91384454  7912.828921824694 7915.047014469250 -2.218092644556 0.999999498472
  0.86002811   1.68888476  77.19145842  7913.060966908932 7912.841514112090 0.219452796841 0.999999498332
  0.84799635   1.68319866  79.49526248  7918.369217500091 7912.731739366368 5.637478133723 0.999999495127
  0.96446195   1.66710503 142.61174491  7919.715964287519 7925.726638551843 -6.010674264324 0.999999494310
  1.22624283   1.68888476 102.76532117  7921.348855331540 7921.344867684642 0.003987646898 0.999999493318
  0.82783487   1.69117426  84.07806980  7923.826014056802 7921.551229600157 2.274784456645 0.999999491810
  0.80694414   1.70732655 111.50524605  7924.570375919342 7928.021728708891 -3.451352789549 0.999999491356
  1.07503483   2.04029921 103.00000000  7926.633355915546 7926.633947857716 -0.000591942169 0.999999490095
  0.96446195   2.11055276 103.00000000  7938.402899712324 7926.877233471087 11.525666241238 0.999999482842
  1.01655854   1.46837618 103.00000000  7941.389690861106 7938.815282403254 2.574408457852 0.999999480985
  1.20421541   1.66538317  91.22969662  7955.879669964314 7956.225421450977 -0.345751486663 0.999999471882
  0.96446195   1.68888476  70.25125628  7963.884064480662 7965.229839528476 -1.345775047814 0.999999466784
  1.22501083   1.68888476 106.70943180  7970.928593263030 7970.933706015652 -0.005112752622 0.999999462258
  1.07641583   1.68888476 136.10069806  7977.843170046806 7976.332066486038 1.511103560769 0.999999457777
  0.90336878   1.70459046  71.82543087  7978.575616076589 7980.939824570809 -2.364208494220 0.999999457301
  0.91996157   1.62946908  74.96076321  7979.750738069415 7982.801923552573 -3.051185483158 0.999999456535
  1.18574546   1.72024775 119.57959702  7991.092405617237 7992.135398145890 -1.042992528653 0.999999449088
  0.84595900   1.94857979 103.00000000  7994.601178392768 7990.768909859027 3.832268533741 0.999999446763
  1.13731638   1.52795576 100.21922116  7995.494815886021 7999.913016663674 -4.418200777654 0.999999446170
  1.19673052   1.68888476  87.62382530  7997.628150194883 8001.081545063512 -3.453394868628 0.999999444750
  0.96446195   1.53040089  84.20115751  8000.346657410264 8002.996075296941 -2.649417886677 0.999999442936
  1.17724232   1.87559927 104.78135470  8005.212663829327 8013.406812003932 -8.194148174605 0.999999439673
  1.05056717   1.69573160 138.35346625  8020.007785782218 8013.681546561795 6.326239220423 0.999999429636
  0.92916351   1.57236363  79.53255662  8020.450598865747 8014.347173330779 6.103425534969 0.999999429333
  0.80150754   1.68888476 103.00000000  8022.957469478250 8018.961780392532 3.995689085717 0.999999427614
  0.96446195   1.53907888 138.97079834  8032.469569280744 8030.257731551442 2.211837729302 0.999999421043
  1.22856621   1.68888476 103.97135618  8037.793939501047 8037.801532793106 -0.007593292059 0.999999417332
  1.19530017   1.57933375 104.42457970  8048.730424731970 8055.007167331116 -6.276742599146 0.999999409635
  1.14294650   1.68495160 128.47006464  8066.245383411646 8072.874557226411 -6.629173814765 0.999999397095
  0.95636372   1.45614596 117.46248466  8075.456211045384 8075.457176758387 -0.000965713002 0.999999390394
  1.18691934   1.65825790 120.86037594  8075.470057010651 8076.407033329953 -0.936976319303 0.999999390384
  0.84343658   1.68888476  79.71015523  8084.814461469650 8084.814952912402 -0.000491442752 0.999999383510
  1.01407004   1.49610538  91.76459362  8084.969980016351 8082.131680400091 2.838299616260 0.999999383395
  0.96446195   1.92387026 129.27339301  8090.258088335395 8098.170422514776 -7.912334179381 0.999999379470
  0.81261257   1.68888476  89.59251454  8096.130226626992 8098.073513432431 -1.943286805439 0.999999375082
  1.22463627   1.68888476  96.14989531  8107.450211420655 8094.564222462805 12.885988957850 0.999999366535
  1.09982466   1.68888476  74.38332874  8108.433087915182 8108.468701606573 -0.035613691391 0.999999365787
  0.96446195   1.75825682  67.43785244  8113.128247186542 8113.511846543644 -0.383599357102 0.999999362204
  0.96446195   1.68888476 142.71356784  8115.812122598290 8121.804502858465 -5.992380260174 0.999999360147
  0.80487194   1.68888476  94.84817685  8122.713560044765 8118.955576410883 3.757983633883 0.999999354825
  1.18977631   1.84289182 107.36877954  8134.562024891376 8129.290579399956 5.271445491420 0.999999345587
  1.21956179   1.66143310 111.57814030  8137.311418741941 8134.368002827225 2.943415914717 0.999999343424
  0.95567149   1.68888476 142.76056082  8137.963683500886 8139.764364762927 -1.800681262041 0.999999342910
  1.23115578   1.68888476 103.00000000  8138.779891759157 8142.307110857653 -3.527219098496 0.999999342266
  1.14619977   1.66054678  80.47790719  8141.564466461539 8141.565500456027 -0.001033994487 0.999999340065
  0.97758830   1.65784031 143.24281525  8142.571270406246 8151.383752247530 -8.812481841283 0.999999339267
  1.00694132   1.56239511  80.01679054  8150.576868772507 8147.000468854768 3.576399917739 0.999999332889
  1.12082166   1.68888476 131.73004177  8161.157941877842 8160.423214236015 0.734727641827 0.999999324364
  1.10595161   2.00929630 103.00000000  8163.643611133099 8159.858465317525 3.785145815574 0.999999322346
  0.83099766   1.90404126 103.00000000  8169.490917146206 8159.379668536989 10.111248609217 0.999999317574
  0.96992462   1.97087514 125.49070465  8183.149318039417 8180.700848380961 2.448469658456 0.999999306297
  1.22972459   1.68888476 106.76582552  8184.315165609121 8184.207670211827 0.107495397294 0.999999305326
  1.08728401   1.68966660  73.24653720  8189.615613251925 8185.015791422048 4.599821829876 0.999999300893
  1.16196380   1.68888476 125.89395847  8192.455251932144 8190.031936835922 2.423315096222 0.999999298507
  1.22493945   1.63810023 103.00000000  8193.742966637015 8198.887773372475 -5.144806735459 0.999999297422
  1.19496072   1.68888476  86.23874728  8197.301492303610 8198.581049973300 -1.279557669690 0.999999294416
  0.96446195   1.47289361  96.57249191  8197.871363222599 8204.632729384502 -6.761366161903 0.999999293933
  1.08156374   1.48951610 101.30934839  8200.907718926668 8208.347147832001 -7.439428905333 0.999999291356
  0.96446195   1.68888476 143.00000000  8220.717780396342 8219.948521504180 0.769258892162 0.999999274308
  0.80639133   1.72098910 112.63756916  8227.742156445980 8243.725163304094 -15.983006858114 0.999999268165
  0.97660438   1.56966830  78.55692560  8237.947108402848 8234.688820019217 3.258288383631 0.999999259148
  0.96446195   1.78156807  66.64786601  8240.283547237515 8237.046134468574 3.237412768942 0.999999257068
  0.99565985   1.75300671 140.11320217  8242.929975494742 8246.034624257501 -3.104648762759 0.999999254705
  0.96446195   1.56541082  79.02591182  8252.908826857805 8250.155062580656 2.753764277149 0.999999245726
  0.84378347   1.95271732 103.00000000  8259.489555105567 8260.258633025609 -0.769077920042 0.999999239746
  0.97628290   1.57963670 142.45845689  8263.457614317536 8256.635237595839 6.822376721697 0.999999236118
  0.79975899   1.69021714 105.64599988  8267.067293286324 8271.229014298407 -4.161721012084 0.999999232802
  0.98189715   1.45903966 103.00000000  8272.054118484259 8277.581168194634 -5.527049710376 0.999999228197
  0.97036439   1.70836115  68.73389515  8281.125042125583 8281.124931493572 0.000110632011 0.999999219750
  0.83207798   1.64976778 128.49272169  8295.478510275483 8289.838024162103 5.640486113380 0.999999206194
  1.09759786   1.49116572 104.31223427  8306.611359879375 8305.661252762236 0.950107117138 0.999999195518
  0.96446195   1.96335291 126.69158664  8314.241993784904 8311.029520224089 3.212473560816 0.999999188118
  0.99214402   1.64995457 143.39594501  8315.679821237922 8315.776853804418 -0.097032566497 0.999999186716
  1.23246644   1.73416338 103.00000000  8316.906960546970 8318.371755725670 -1.464795178699 0.999999185518
  1.21118350   1.68888476  89.41401572  8320.105732843280 8314.082839876150 6.022892967130 0.999999182385
  0.99024267   1.84753219  65.59693126  8322.407540559769 8322.406762202132 0.000778357637 0.999999180124
  0.82535615   1.59664069  90.40811496  8323.309800460935 8323.308977803563 0.000822657372 0.999999179235
  1.09736276   1.68888476 135.06673116  8328.887909352779 8334.015813030144 -5.127903677365 0.999999173723
  0.88260714   1.66025080  74.95458334  8330.481531679630 8330.480156463664 0.001375215967 0.999999172141
  0.99288944   1.70528249  68.75882354  8333.870475053787 8336.730065159521 -2.859590105734 0.999999168768
  1.20854771   1.68888476  88.61498563  8334.934534966946 8334.107090247398 0.827444719547 0.999999167706
  0.95754183   1.46796103  97.87440192  8335.152457743883 8335.219793889089 -0.067336145206 0.999999167488
  0.96446195   1.68888476  69.54773869  8336.216969206929 8338.623134830175 -2.406165623246 0.999999166424
  0.83975094   1.51421255 103.00000000  8337.769662782550 8343.230353851977 -5.460691069427 0.999999164869
  0.81425840   1.62804372 120.73165695  8342.430416271091 8357.163798239502 -14.733381968412 0.999999160186
  0.97788563   1.76309301  66.73069171  8349.946694403887 8356.210760702188 -6.264066298301 0.999999152577
  0.96446195   1.68888476 143.41708543  8355.135980457067 8363.244374047488 -8.108393590421 0.999999147283
  0.96446195   1.45728643 103.00000000  8358.259292215109 8356.813677968563 1.445614246546 0.999999144081
  0.96446195   1.45046350 113.82803515  8363.824083015323 8366.328781328164 -2.504698312841 0.999999138346
  1.07307083   1.66893732  73.05384757  8365.910733759403 8367.653071521081 -1.742337761678 0.999999136186
  1.21248468   1.59753973 103.00000000  8366.612743973732 8370.298186889597 -3.685442915865 0.999999135458
  1.00165965   1.67912896 142.79403531  8374.099134147167 8374.930606801752 -0.831472654585 0.999999127656
  1.21486437   1.60043726 104.14516707  8378.996962398291 8377.741994707416 1.254967690875 0.999999122514
  1.22224975   1.78421393 104.27905013  8388.431703418493 8390.150249511296 -1.718546092803 0.999999112523
  0.80662079   1.76684955  92.82926216  8389.760706767440 8392.690006851775 -2.929300084335 0.999999111107
  0.94118927   1.45777200 103.00000000  8396.083345726132 8401.892562207282 -5.809216481150 0.999999104337
  1.14664526   1.68888476  78.03238608  8404.033491641283 8404.518774387154 -0.485282745871 0.999999095751
  1.16007634   1.70300443 126.80012540  8420.414592474699 8423.082569714637 -2.667977239938 0.999999077800
  1.22073069   1.68888476 113.85529393  8422.216410502791 8419.251558254377 2.964852248415 0.999999075804
  1.21603243   1.68888476  90.08769394  8423.040941730142 8419.881733154865 3.159208575276 0.999999074889
  1.23718921   1.68888476 100.93853401  8427.644730612636 8426.408439117429 1.236291495206 0.999999069764
  1.23627588   1.67959443 100.33975541  8427.817510917783 8429.259686866080 -1.442175948298 0.999999069571
  0.84376484   1.69399025  78.54510858  8430.738623321056 8427.472883609431 3.265739711625 0.999999066304
  1.19399412   1.66664968  86.24150956  8435.257586017251 8439.080044930710 -3.822458913459 0.999999061227
  0.89803370   1.68888476  71.96057574  8443.721240073442 8447.552672816475 -3.831432743033 0.999999051644
  1.21887891   1.74531309 111.95164323  8445.555163234472 8451.641762530475 -6.086599296003 0.999999049555
  0.81154231   1.57193622 103.00000000  8446.462805435061 8448.504524484670 -2.041719049608 0.999999048519
  1.18641159   1.68888476 122.64817019  8457.205565169454 8455.164956660425 2.040608509029 0.999999036174
  0.96446195   1.56577572  78.56963368  8457.242490112782 8453.870447039992 3.372043072790 0.999999036131
  0.79915684   1.72447450 102.57610345  8458.831747084856 8455.146537541785 3.685209543071 0.999999034291
  1.19475274   1.65654902  87.02457303  8460.673794165254 8463.796002138188 -3.122207972934 0.999999032154
  1.23807889   1.68888476 104.20293495  8466.620037615299 8468.914549314026 -2.294511698727 0.999999025223
  1.07966279   1.68901150  72.12123503  8469.380763471127 8469.139918502673 0.240844968454 0.999999021989
  0.80271287   1.73617795 109.39581099  8478.567428559065 8483.023462450958 -4.456033891893 0.999999011147
  1.23869347   1.68888476 103.00000000  8479.753051444888 8480.889421965492 -1.136370520604 0.999999009740
  1.04244527   1.69000934  70.25713645  8481.640027523041 8484.185751324283 -2.545723801242 0.999999007495
  0.97375476   1.51748673  85.10527352  8496.590726017952 8504.768490240107 -8.177764222155 0.999998989528
  0.96446195   1.62913582  72.76097738  8505.728991761804 8510.142050028462 -4.413058266658 0.999998978386
  1.13260713   1.67325680  77.03857762  8515.069952756166 8515.036629504895 0.033323251271 0.999998966870
  1.20307366   1.57422863 105.44095602  8515.232826188207 8521.247059272166 -6.014233083959 0.999998966668
  0.96446195   1.71357652 143.10698439  8518.707707867026 8524.927256057170 -6.219548190144 0.999998962350
  1.17123137   1.54007766 103.00000000  8523.389902129769 8528.235324732774 -4.845422603004 0.999998956504
  1.00414235   1.66169326 143.42495352  8529.521913200617 8528.380438090662 1.141475109955 0.999998948797
  1.18502034   1.68888476 123.25440441  8531.982511535287 8529.171011370403 2.811500164884 0.999998945688
  0.96081235   1.77161760  66.33207488  8534.559498265386 8531.408585930016 3.150912335370 0.999998942423
  0.96036119   1.44829285 112.91693560  8534.601635649800 8535.143087645021 -0.541451995221 0.999998942370
  1.21482782   1.68915021  89.03152815  8536.048552021384 8536.045924274234 0.002627747150 0.999998940532
  1.22852449   1.66582257 111.97696267  8540.991685181856 8557.117433639020 -16.125748457163 0.999998934228
  1.04034189   1.47855452  97.38125663  8557.461440458894 8547.359500190312 10.101940268582 0.999998912955
  1.18872693   1.55381853 107.53848610  8558.194405004382 8565.038482026490 -6.844077022108 0.999998911999
  1.22113645   1.70885569 114.26377991  8567.795337408781 8566.094743716647 1.700593692134 0.999998899391
  1.17563838   1.68888476  81.30343492  8569.469130441546 8569.674855636533 -0.205725194986 0.999998897178
  0.80780554   1.73587095  89.32984325  8570.024757146835 8575.565286616653 -5.540529469818 0.999998896443
  0.93983532   1.68537927 143.89140195  8574.341779857874 8575.685593585573 -1.343813727699 0.999998890711
  1.08395025   1.48250775 103.00000000  8582.692831054330 8582.685588798478 0.007242255851 0.999998879539
  0.96446195   1.68888476 144.12060302  8604.734447911382 8605.895145691737 -1.160697780355 0.999998849507
  1.06784118   1.47547184 103.00000000  8606.201622128487 8613.302939963449 -7.101317834962 0.999998847480
  0.99757175   1.68888476  68.98682699  8625.742679849267 8631.094056401525 -5.351376552258 0.999998820135
  0.79738976   1.68888476  99.38003286  8627.762607291341 8627.760267566662 0.002339724679 0.999998817272
  0.81214457   1.56257177 103.95064216  8628.616279557347 8628.615754602341 0.000524955007 0.999998816059
  1.15207415   1.67092273 129.41957056  8646.283848896623 8642.610317754132 3.673531142491 0.999998790691
  1.20846723   1.69791571  86.49567130  8647.380612045527 8648.081745185911 -0.701133140385 0.999998789098
  1.08470472   1.65180558  74.18829528  8648.907032281160 8647.564884151479 1.342148129681 0.999998786878
  0.99247317   1.58396558  76.31457267  8656.195304498076 8663.998922223496 -7.803617725420 0.999998776222
  0.87520534   1.72678821  72.15730718  8664.146589338779 8664.571081553946 -0.424492215167 0.999998764489
  1.23260765   1.77819447  99.21096763  8673.134475141764 8670.983931732622 2.150543409141 0.999998751091
  0.96199896   1.61813828 145.05337832  8674.548760622740 8679.683102393907 -5.134341771167 0.999998748970
  1.23136496   1.66660818 112.01022299  8676.530936866999 8684.934822844305 -8.403885977306 0.999998745991
  0.80005035   1.64894510  97.40443328  8684.231440216303 8682.298883319654 1.932556896649 0.999998734349
  1.00249710   1.66651350 143.90160210  8685.050350353122 8689.224526302996 -4.174175949875 0.999998733105
  0.93735958   1.50390779 136.36473712  8693.036983877420 8693.037262643807 -0.000278766387 0.999998720905
  1.21397320   1.69355516  87.70139633  8695.739799752831 8696.207415539749 -0.467615786918 0.999998716749
  0.94123123   1.59861742  75.21611655  8708.291163891554 8714.589533440861 -6.298369549308 0.999998697275
  1.22899489   1.70440646  91.44226586  8714.660072177649 8714.661380017740 -0.001307840092 0.999998687281
  1.17427150   1.68888476 125.99180858  8716.414408206940 8720.031771807528 -3.617363600588 0.999998684514
  0.94538759   1.68888476  69.20168653  8718.833138495684 8718.843639239918 -0.010500744234 0.999998680690
  1.10645310   1.69282971 135.22896112  8721.523277223110 8726.186219027451 -4.662941804341 0.999998676425
  0.96446195   1.68888476  68.84422111  8724.402687415481 8721.781924097320 2.620763318160 0.999998671843
  1.21478674   1.83481542 102.32030820  8728.167925179005 8725.681151978575 2.486773200430 0.999998665829
  1.11741536   1.49729371 103.00000000  8734.381584912539 8723.470836365610 10.910748546929 0.999998655844
  0.90693426   1.68888476  70.80200327  8738.194488421082 8739.604775764479 -1.410287343397 0.999998649679
  1.21527498   1.81652150 107.07933590  8743.725938111544 8746.757930576432 -3.031992464888 0.999998640686
  1.13564665   1.51802156  98.23817550  8745.954423934221 8752.514775917081 -6.560351982860 0.999998637047
  0.90176910   1.62246511  75.02673846  8753.275334447622 8757.432881643261 -4.157547195638 0.999998625020
  1.19980568   1.87066895 103.00000000  8755.985493093729 8758.782362154368 -2.796869060639 0.999998620541
  0.96446195   1.48364727  91.40971687  8757.130335882306 8757.130043901887 0.000291980419 0.999998618645
  1.21546648   1.58725847 103.00000000  8765.569933027029 8761.369748241914 4.200184785115 0.999998604584
  1.01607572   1.68888476 143.01072308  8768.830763295293 8761.415858564644 7.414904730649 0.999998599113
  1.24206753   1.68888476  97.84864592  8769.795856937766 8762.897227482939 6.898629454827 0.999998597490
  1.20776286   1.69714956 119.51213693  8773.966856613755 8773.965586134575 0.001270479181 0.999998590452
  1.24082614   1.71470111  96.17376934  8774.371089532971 8771.802737579952 2.568351953019 0.999998589768
  0.92009954   1.59463316  76.20690387  8777.419522598386 8784.919788119214 -7.500265520828 0.999998584600
  0.83895340   1.95842614 103.00000000  8777.691954940557 8789.617088156998 -11.925133216440 0.999998584137
  0.87488238   1.47244135 104.50559283  8778.814056277275 8784.727915125704 -5.913858848429 0.999998582230
  0.97282490   1.52555686  83.13597407  8786.137544050813 8786.137451326282 0.000092724531 0.999998569715
  1.21404792   1.65870999  89.40555582  8788.949917301536 8789.341071327704 -0.391154026169 0.999998564880
  1.24174801   1.65306289 103.64738646  8791.163286387920 8790.823857329033 0.339429058888 0.999998561063
  0.93030134   1.62369747  73.41385077  8793.131045266986 8793.129215396208 0.001829870778 0.999998557661
  0.96446195   1.54260551 141.85860794  8796.036134645343 8790.862466679710 5.173667965633 0.999998552624
  1.07526710   1.68888476 138.74848410  8803.120137095451 8801.690929970571 1.429207124880 0.999998540268
  1.23504977   1.68888476 111.71984997  8803.169673100114 8807.284878280116 -4.115205180002 0.999998540181
  1.15878067   1.95175676 103.38717139  8808.536376744509 8808.535415811031 0.000960933477 0.999998530750
  1.14696415   1.52767965  97.27391721  8808.634202316403 8813.544991378585 -4.910789062182 0.999998530577
  1.12108523   1.49802330 103.00000000  8815.047985553741 8811.976036747870 3.071948805871 0.999998519224
  1.20931155   1.85151259 103.12531778  8815.889690876007 8817.481832462090 -1.592141586083 0.999998517728
  0.79534612   1.68888476 101.09205818  8817.895434677601 8814.233480305837 3.661954371764 0.999998514156
  1.24623116   1.68888476 103.00000000  8822.059832289815 8820.782309691987 1.277522597828 0.999998506712
  1.18598751   1.54450350 105.99474577  8826.109841212630 8823.249049900645 2.860791311985 0.999998499437
  1.24623001   1.69641829 103.68689115  8827.803288653493 8824.902417398996 2.900871254496 0.999998496385
  1.23911671   1.75365904 104.72913831  8832.132102012634 8827.972487447070 4.159614565564 0.999998488554
  1.24115296   1.75079548 103.00000000  8834.292690128088 8831.239333009158 3.053357118930 0.999998484630
  1.24377018   1.65919301 103.00000000  8836.516894325614 8835.592586075423 0.924308250191 0.999998480580
  1.21745975   1.68888476 117.68008580  8845.578058660030 8841.000007302604 4.578051357426 0.999998463968
  0.96446195   1.68888476 144.82412060  8849.697942689061 8849.591463786752 0.106478902309 0.999998456356
  1.22357558   1.65512387 115.91390040  8853.510366082191 8850.483486435543 3.026879646648 0.999998449278
  1.08296168   1.68888476  71.43276273  8855.410856038332 8857.956864867900 -2.546008829568 0.999998445737
  0.96446195   1.74282410  66.42199787  8877.489507004619 8877.482204778160 0.007302226459 0.999998404007
  1.19750964   1.88197009 103.00000000  8880.023247137666 8883.540275447358 -3.517028309692 0.999998399147
  0.96446195   1.52333449  83.26500565  8890.556488201022 8886.742525140984 3.813963060038 0.999998378784
  0.96446195   1.71314233  67.47194066  8894.961716473103 8889.215110362427 5.746606110675 0.999998370192
  0.96446195   1.72543836 143.73525028  8897.146437674761 8900.690073487009 -3.543635812248 0.999998365913
  0.96446195   2.01243427 124.48195258  8898.228406846523 8898.228372800042 0.000034046481 0.999998363790
  0.88633591   1.68611939  72.15954600  8908.032720923424 8899.678182063497 8.354538859927 0.999998344426
  0.96446195   1.51255057  84.99240119  8915.190003857017 8906.825575233146 8.364428623870 0.999998330146
  0.81023578   1.79436082 112.90413178  8915.384936094284 8915.384730355965 0.000205738319 0.999998329755
  1.19738190   1.68888476  83.48554433  8915.656899392605 8917.924265675703 -2.267366283098 0.999998329210
  0.96446195   1.53636281 141.69069442  8916.780001848936 8920.990216711594 -4.210214862658 0.999998326957
  0.96711431   1.55772655  78.53011387  8917.947016969323 8926.257504894704 -8.310487925381 0.999998324612
  1.09726778   1.48389772 103.00000000  8923.142450600863 8923.146591407840 -0.004140806977 0.999998314134
  0.96446195   1.48139639 133.06523435  8935.626463308930 8943.126385554535 -7.499922245604 0.999998288688
  1.24899587   1.68793827 103.00000000  8938.175356879830 8947.035264140701 -8.859907260870 0.999998283446
  1.01493054   1.44959558 112.39406385  8948.508123755455 8948.508434860070 -0.000311104615 0.999998262029
  0.80470600   1.68888476 117.99662644  8958.377103075385 8966.479333473124 -8.102230397739 0.999998241325
  0.80253363   1.73904090 113.15836644  8961.390549123287 8970.705058596235 -9.314509472948 0.999998234954
  0.79396985   1.68888476 103.00000000  8961.631048157811 8959.422038135717 2.209010022094 0.999998234444
  1.22945769   1.60618505 101.96043702  8966.505610182881 8968.072548025895 -1.566937843014 0.999998224086
  1.05038785   1.46325125 104.19712603  8966.510437667370 8976.498585450736 -9.988147783366 0.999998224076
  1.22899751   1.72858164  89.06695442  8986.584083184600 8984.485000223327 2.099082961273 0.999998180778
  0.96415448   1.78971079  64.98235355  9000.136408746243 8996.436507717119 3.699901029124 0.999998150950
  0.80415922   1.61361838 117.15663655  9009.544189289212 9009.544268633910 -0.000079344698 0.999998129957
  0.96446195   1.74487273  66.10745449  9010.741959765553 9012.525508030467 -1.783548264913 0.999998127268
  1.23400555   1.61211476 103.00000000  9011.956426367164 9011.957362545796 -0.000936178632 0.999998124536
  1.23333540   1.79828771 103.00000000  9015.289590254426 9015.289859096010 -0.000268841584 0.999998117020
  0.95469724   1.78297144  65.23626447  9021.893081784248 9021.896304908638 -0.003223124389 0.999998102040
  1.07343656   1.47239669 103.00000000  9025.868613883853 9019.639783040935 6.228830842918 0.999998092963
  0.80759458   1.68888476 120.21257388  9029.909460157156 9029.909372620737 0.000087536419 0.999998083694
  0.96446195   1.72818070 144.01835342  9032.407989010215 9038.752298396326 -6.344309386111 0.999998077940
  0.80316385   1.74311586 113.90005321  9041.020842537284 9050.854180035922 -9.833337498638 0.999998057971
  1.18934827   1.54590625 103.00000000  9042.263580068946 9041.326761833361 0.936818235585 0.999998055073
  1.18294664   1.68045096  81.11644963  9047.013414889574 9044.176171880474 2.837243009100 0.999998043956
  1.20915250   1.68888476 120.96452947  9085.920286178589 9081.243620479103 4.676665699486 0.999997950466
  0.79314788   1.68888476 104.92712044  9086.664679542184 9084.728225483606 1.936454058578 0.999997948635
  0.96446195   1.68888476 145.52763819  9094.160760402679 9094.162142887177 -0.001382484497 0.999997930099
  1.17051460   1.68888476 128.07286690  9098.596962228417 9094.908315247711 3.688646980707 0.999997919050
  0.85802687   1.68888476  74.81160679  9100.070055380464 9100.071917202415 -0.001861821951 0.999997915369
  1.19564023   1.68888476 123.80736150  9107.061209976673 9104.483946782078 2.577263194595 0.999997897806
  1.25019514   1.70225374 106.54728157  9109.896814838052 9109.291114692416 0.605700145636 0.999997890641
  0.96446195   1.57553055 145.13078965  9110.632836192846 9108.131294487997 2.501541704849 0.999997888777
  0.96446195   1.61340374 146.29762199  9111.086609408259 9116.584325383756 -5.497715975496 0.999997887627
  1.19286713   1.68888476 124.37839812  9115.293615534902 9116.875082690232 -1.581467155331 0.999997876936
  0.96446195   1.68888476  68.14070352  9122.163434371352 9114.825807501744 7.337626869608 0.999997859362
  0.81092505   1.68888476 122.49495375  9123.437715053558 9108.816617564551 14.621097489007 0.999997856086
  1.17752246   1.68888476 127.10124587  9129.525447517633 9133.337494712274 -3.812047194640 0.999997840367
  1.18375683   1.68888476 126.09160145  9137.573267564178 9140.931271172740 -3.358003608562 0.999997819409
  1.25333876   1.69060467 103.00000000  9140.357842907310 9140.360931305486 -0.003088398176 0.999997812111
  0.98929929   1.44365934 114.60945197  9142.171351119876 9140.776109982275 1.395241137601 0.999997807344
  0.94048011   1.67744806  69.14602232  9143.258919283748 9142.918966256577 0.339953027171 0.999997804481
  1.24113868   1.68888476  92.98380285  9145.640549048781 9145.921231279946 -0.280682231165 0.999997798197
  0.83461964   1.53248026  94.71550348  9147.995239764452 9148.181286727518 -0.186046963066 0.999997791967
  1.20127670   1.55587938 103.00000000  9148.369465231895 9155.816348476656 -7.446883244760 0.999997790975
  1.25123901   1.68888476 106.94979881  9160.687724798918 9161.028518154708 -0.340793355790 0.999997758079
  0.79490875   1.74295811 103.00000000  9161.625978916883 9158.861766250564 2.764212666320 0.999997755553
  1.25376884   1.68888476 103.00000000  9163.597372427583 9161.761176678825 1.836195748758 0.999997750238
  0.85502682   1.71675022  74.04086761  9163.880916908383 9164.579658114752 -0.698741206368 0.999997749472
  1.22148467   1.84843422  99.25613329  9165.292574748397 9167.361658843729 -2.069084095332 0.999997745656
  1.20210188   1.55640554 103.00000000  9175.856357589364 9171.630241697896 4.226115891468 0.999997716897
  0.99359483   2.16746636 100.51873817  9188.620141908526 9180.122223524470 8.497918384057 0.999997681659
  0.88110247   2.08410518 102.52346751  9192.206822320819 9177.392246394693 14.814575926126 0.999997671659
  0.96844811   1.84409379  63.77506822  9195.263657987118 9188.818894928516 6.444763058602 0.999997663103
  1.21932826   1.85277968 100.93436026  9195.584094882011 9187.324963308518 8.259131573494 0.999997662204
  0.96446195   1.68888476  68.00000000  9196.744974821806 9194.631810293404 2.113164528402 0.999997658945
  0.99693287   1.73491572 143.56648779  9197.052290484309 9200.273488979174 -3.221198494864 0.999997658082
  0.96446195   1.68310914 146.00764680  9198.557956963778 9207.510630886070 -8.952673922293 0.999997653846
  1.24413182   1.68888476 111.63474370  9203.336020424962 9205.465177111677 -2.129156686715 0.999997640356
  0.96446195   1.44569047 104.71964644  9205.495987355709 9204.350071997374 1.145915358335 0.999997634232
  1.21668275   1.65372632  88.24989474  9206.351834759116 9210.108182256163 -3.756347497047 0.999997631801
  1.12418948   1.48944817 107.02395551  9206.396706342697 9206.396365753997 0.000340588700 0.999997631673
  0.85112281   2.01459477 102.35370666  9211.216939941049 9212.648594671178 -1.431654730130 0.999997617934
  0.79633710   1.61386003 103.00000000  9219.603766322136 9210.726018630194 8.877747691942 0.999997593840
  0.82089829   1.90845701 103.00000000  9225.511884823442 9225.509156574457 0.002728248985 0.999997576720
  0.87468056   2.06308866 105.35126217  9226.328334569931 9226.324673286395 0.003661283536 0.999997574345
  1.04467350   1.64435013  71.49831174  9227.278083115816 9223.445381708649 3.832701407167 0.999997571579
  0.79209693   1.69829825 103.00000000  9235.836872026324 9223.880267498822 11.956604527502 0.999997546509
  1.25568040   1.69884529 102.22505469  9243.392375051975 9241.120873471002 2.271501580974 0.999997524163
  0.96446195   1.79035206  64.47788305  9249.386129900813 9250.198385293759 -0.812255392946 0.999997506292
  0.96446195   1.55746830 144.52159840  9253.817055672407 9248.701024559647 5.116031112761 0.999997492997
  1.25529517   1.67551007 103.00000000  9267.023389294744 9265.071660771113 1.951728523631 0.999997452951
  1.25572477   1.68068056 103.00000000  9268.471089333296 9267.202171408744 1.268917924552 0.999997448522
  0.96530041   1.57300228 145.50105247  9269.183226495981 9269.183510895227 -0.000284399246 0.999997446341
  1.15804522   1.68888476 130.59806278  9278.440335318446 9276.678397014162 1.761938304284 0.999997417815
  0.87370266   1.48144761  97.51055144  9279.449981495738 9279.449287894333 0.000693601405 0.999997414685
  1.03979965   1.73708325 141.56484822  9303.213375434279 9303.214067257233 -0.000691822954 0.999997339901
  1.17103289   1.71525991  77.00458514  9306.045093819499 9306.044597119182 0.000496700317 0.999997330846
  1.21900819   1.67151060  86.92241624  9308.688403695822 9310.990471488623 -2.302067792802 0.999997322366
  1.25155571   1.75673842 100.20057063  9320.126647099853 9318.177075880287 1.949571219566 0.999997285360
  0.81740877   1.64506863 127.09802253  9320.599061176181 9316.249765895831 4.349295280350 0.999997283821
  0.91069913   1.66421769 145.18732233  9320.964619591832 9301.361150028779 19.603469563053 0.999997282629
  0.96446195   1.71137944  66.77774280  9322.083217173815 9318.087415955828 3.995801217987 0.999997278979
  0.95985852   1.66848967  68.88999560  9324.101126030087 9322.264964827322 1.836161202766 0.999997272382
  1.25404758   1.73928089 103.00000000  9325.787145286798 9326.248281246355 -0.461135959556 0.999997266858
  1.11721086   1.68888476  72.66925506  9329.240444317460 9325.194202308032 4.046242009428 0.999997255508
  0.96446195   1.68888476 146.23115578  9339.433338925242 9339.430004385593 0.003334539650 0.999997221733
  1.12293288   1.71365725  71.94332988  9348.285522133112 9355.813440847291 -7.527918714179 0.999997192063
  1.10880558   1.68888476  71.97857528  9349.641157671809 9349.641169875129 -0.000012203320 0.999997187492
  1.24011757   1.61601604  99.82191995  9363.416476547718 9363.480965736080 -0.064489188362 0.999997140614
  1.21776278   1.68243258  85.70381693  9369.161631509662 9373.321444746525 -4.159813236864 0.999997120833
  0.86839787   1.68888476  72.92960819  9370.307786419988 9370.992487279382 -0.684700859394 0.999997116870
  0.82007206   1.91878202  99.23324547  9373.369844973087 9373.369960509461 -0.000115536373 0.999997106257
  1.17593194   1.52222408 106.96943468  9382.864872887731 9381.263689607991 1.601183279739 0.999997073097
  1.18399279   1.92888276 104.15784106  9392.682169899344 9387.304078808062 5.378091091283 0.999997038412
  1.24198709   1.61086543 103.00000000  9395.420055299997 9393.262696897611 2.157358402386 0.999997028666
  0.79559854   1.68888476  93.69872460  9396.496342718601 9400.323968714387 -3.827625995786 0.999997024826
  1.22477651   1.71016980 118.51347516  9400.807317644358 9408.722689790793 -7.915372146435 0.999997009395
  0.86412881   1.47180869 104.35671803  9411.960284695029 9411.960638449669 -0.000353754640 0.999996969101
  0.79273148   1.71941467 107.52548738  9415.763702243567 9421.680689565073 -5.916987321507 0.999996955236
  0.84756893   2.01047779 103.00000000  9417.844765335321 9417.846349514308 -0.001584178986 0.999996947623
  1.14933644   1.69255583 132.26391410  9428.637117698789 9431.779304933880 -3.142187235091 0.999996907835
  1.17986171   1.68888476 127.87125109  9433.208041295409 9429.784509220817 3.423532074592 0.999996890828
  1.25857837   1.68888476 105.59793732  9433.942077130079 9433.937350378535 0.004726751544 0.999996888088
  0.93028622   1.44791845 103.00000000  9435.104284778237 9432.598835297258 2.505449480979 0.999996883745
  1.20684844   1.70816372 122.67361958  9444.256718993187 9442.357383375514 1.899335617672 0.999996849331
  1.16727375   1.95971377 104.76178441  9450.985521614552 9447.978795413372 3.006726201180 0.999996823787
  0.79534376   1.70148348 112.99278357  9453.122332200408 9466.682077164911 -13.559744964503 0.999996815633
  0.85628165   1.71115345  73.42598123  9453.236432448030 9453.234378054463 0.002054393566 0.999996815197
  1.23500716   1.70552643 116.37745386  9477.652760684490 9474.673010134664 2.979750549826 0.999996720503
  0.83673910   1.70009656 134.04062759  9477.827647253871 9575.303091920750 -97.475444666879 0.999996719815
  1.20695272   1.68888476 123.32142037  9483.666872501373 9482.339758383952 1.327114117421 0.999996696749
  1.25323038   1.76308860 103.00000000  9487.613855600357 9491.225948076286 -3.612092475929 0.999996681067
  1.20551955   1.55196415 103.00000000  9495.574240624905 9491.825801165684 3.748439459221 0.999996649211
  1.26130653   1.68888476 103.00000000  9506.033819094300 9503.614194686999 2.419624407301 0.999996606889
  0.96446195   1.68888476  67.43718593  9508.781373918056 9517.881383639138 -9.100009721082 0.999996595683
  1.23881368   1.79625764 107.59805436  9519.244884744287 9522.678909892575 -3.434025148288 0.999996552668
  0.96446195   1.44472362 103.00000000  9521.362474724650 9525.592342176389 -4.229867451739 0.999996543897
  0.92942880   1.68405583 146.37324688  9528.311677366495 9521.517620281147 6.794057085348 0.999996514956
  0.94304841   1.57070718  76.29859490  9531.500771075487 9537.035465235049 -5.534694159562 0.999996501594
  1.22395162   1.69337075  85.65607639  9535.030028417706 9538.084141942174 -3.054113524468 0.999996486746
  0.96316444   1.44019986 106.58252453  9537.238289132714 9537.238307152453 -0.000018019738 0.999996477424
  1.23985615   1.68888476  89.74408314  9541.136138245463 9537.427257078920 3.708881166544 0.999996460909
  0.96446195   1.70909926  66.48721528  9541.576058566570 9538.730969465314 2.845089101256 0.999996459040
  0.79791829   1.78943270  94.29519358  9550.776117548347 9544.536359343288 6.239758205058 0.999996419731
  1.00593452   1.73980036  65.26970990  9555.907354801893 9565.080061725575 -9.172706923682 0.999996397618
  1.25519812   1.76106748 103.00000000  9558.619813010097 9560.580026028580 -1.960213018483 0.999996385873
  0.97286142   1.47092324 132.81139567  9564.859105601907 9564.859649597685 -0.000543995779 0.999996358712
  0.79046451   1.68888476  98.63544003  9571.208943054080 9569.426188050011 1.782755004069 0.999996330861
  0.96446195   1.68888476 146.93467337  9585.354294955730 9585.211772106348 0.142522849383 0.999996268048
  0.82912640   1.95618218 103.00000000  9593.669029608369 9593.574646596200 0.094383012169 0.999996230625
  1.26103022   1.72563761 104.13857502  9597.507037386298 9590.818984624644 6.688052761654 0.999996213225
  1.21167806   1.71650150 122.13205303  9597.757819816470 9597.168033305934 0.589786510536 0.999996212085
  1.08124455   1.68888476 140.54910665  9603.930599719286 9593.802497992161 10.128101727125 0.999996183923
  1.24502184   1.68888476 114.65704994  9604.755049839616 9607.094334396170 -2.339284556554 0.999996180146
  0.96446195   1.56063088  76.89319356  9608.558291181922 9613.518782039817 -4.960490857895 0.999996162672
  1.16188080   1.68888476 131.29342810  9623.838523730636 9630.010892036911 -6.172368306276 0.999996091661
  0.99487364   1.64625581  69.56045464  9627.337243169546 9627.337261002611 -0.000017833065 0.999996075218
  0.96072311   1.75464590  64.74835094  9629.208296254277 9626.429461388976 2.778834865301 0.999996066396
  1.07092143   1.68888476  69.12629941  9630.391856923699 9632.132610693852 -1.740753770153 0.999996060805
  0.85677546   1.70698758  73.13961252  9633.161998003721 9629.542773735289 3.619224268432 0.999996047689
  0.79467897   1.77853757 103.00000000  9636.439139068127 9636.440834043438 -0.001694975312 0.999996032116
  1.26446195   1.68888476 103.00000000  9641.554888829589 9646.931117166314 -5.376228336725 0.999996007682
  0.84297861   1.68888476  75.99014433  9649.441092640162 9649.140334836315 0.300757803847 0.999995969722
  0.96446195   1.44907326 125.70467247  9649.599585875869 9649.598621427655 0.000964448214 0.999995968955
  1.23585263   1.68888476 117.68864741  9657.892628833652 9655.952505769617 1.940123064034 0.999995928640
  0.96022601   1.68888476  67.25852232  9658.835034012794 9655.904208109527 2.930825903268 0.999995924033
  1.26457032   1.67945284 103.00000000  9670.354256138206 9672.056300454538 -1.702044316333 0.999995867300
  0.87627810   1.68888476  71.48291368  9674.784835293889 9682.915614381438 -8.130779087549 0.999995845269
  0.96446195   1.43602255 111.09378012  9682.101765111089 9683.827837661698 -1.726072550609 0.999995808629
  0.79025756   1.64678439 100.36872655  9703.305107340217 9703.306154842187 -0.001047501970 0.999995700615
  0.93270470   1.59076391  74.34775011  9710.412726774812 9716.960223984190 -6.547497209378 0.999995663789
  1.00848018   1.74850811 144.00893519  9725.925135731697 9725.924101495675 0.001034236022 0.999995582315
  1.25303213   1.78956082 100.02620812  9727.597844526172 9722.825492677130 4.772351849042 0.999995573439
  1.25811144   1.68303576 110.59390802  9729.490852162242 9729.729559109201 -0.238706946959 0.999995563372
  1.19197304   1.68618516  79.70442843  9729.652147650719 9729.652887842363 -0.000740191645 0.999995562513
  1.25411086   1.64715471 111.38247700  9730.919217437506 9736.290626750997 -5.371409313491 0.999995555761
  1.09133052   1.67695603  70.59681878  9734.751517012715 9735.644863601336 -0.893346588620 0.999995535276
  0.97090900   1.56908280  75.70909093  9735.897160217166 9740.302743290098 -4.405583072932 0.999995529134
  1.02052323   1.60476730  72.83409541  9736.771388337016 9745.158858897259 -8.387470560243 0.999995524441
  1.25333330   1.78616953 103.00000000  9763.062156304717 9757.376675430736 5.685480873981 0.999995380992
  1.26560411   1.68888476 105.84260583  9763.506087496877 9761.696270668797 1.809816828079 0.999995378530
  1.22344462   1.68888476  84.69257313  9765.062394812703 9770.222274368487 -5.159879555784 0.999995369892
  0.84503874   2.00819259 105.54455722  9776.817608252168 9776.819749648943 -0.002141396775 0.999995304115
  1.25409091   1.78660329 102.19962631  9777.209092527628 9771.511239301708 5.697853225920 0.999995301909
  0.86712302   1.70001289  71.80160027  9780.006999492645 9777.811771762912 2.195227729733 0.999995286109
  1.25635136   1.62580069 103.00000000  9780.784668952227 9778.467361275872 2.317307676354 0.999995281708
  1.24605549   1.68888476 115.61109050  9788.853953391314 9787.366245136955 1.487708254359 0.999995235798
  1.13290516   1.68888476 135.61566350  9795.400616928935 9795.401050306711 -0.000433377776 0.999995198223
  0.95904272   1.68888476  67.04408790  9796.735427483916 9792.950271841328 3.785155642589 0.999995190526
  1.20119890   1.92260320 101.25921518  9799.817191883922 9799.817561482689 -0.000369598767 0.999995172707
  1.01510808   1.60880598  72.26333985  9811.058846920729 9805.089353502921 5.969493417808 0.999995107146
  0.79369845   1.69696814 114.39188419  9812.778639286757 9831.728414914751 -18.949775627994 0.999995097038
  1.11805333   2.05528541 104.64591686  9815.379396244884 9828.112766145008 -12.733369900125 0.999995081712
  0.95835598   1.55820232  76.83213542  9828.910449206829 9825.561307794536 3.349141412293 0.999995001201
  0.96446195   1.68888476 147.63819095  9831.315505072474 9831.317972390969 -0.002467318494 0.999994986754
  1.00298692   1.62902926  70.44903954  9831.757534936070 9834.106828219145 -2.349293283074 0.999994984094
  1.26817000   1.71216113 103.00000000  9832.044110268354 9835.053365099206 -3.009254830851 0.999994982369
  1.23419707   1.57858426 103.00000000  9836.055385053158 9836.054811159343 0.000573893814 0.999994958158
  0.90381971   1.66379492  70.30011181  9836.924691706896 9835.441648380802 1.483043326094 0.999994952896
  1.23376848   1.57581552 108.44174486  9838.037543013692 9838.037713579386 -0.000170565694 0.999994946151
  1.19891271   1.69712345 126.17720509  9842.003159493208 9848.560769311247 -6.557609818039 0.999994922044
  1.15317255   1.68888476  74.53497178  9850.952284306288 9840.008136172088 10.944148134200 0.999994867219
  0.78741541   1.67045084 103.00000000  9851.063286408782 9847.653010404696 3.410276004086 0.999994866535
  0.92277143   1.72306816  66.54073789  9856.438036158681 9857.465088840456 -1.027052681775 0.999994833319
  1.26168693   1.76184093 103.00000000  9860.256361708045 9863.153338603510 -2.896976895465 0.999994809591
  0.91074594   2.15838245 103.00000000  9862.876941367984 9862.877924929895 -0.000983561911 0.999994793243
  0.95603836   1.62290044  70.92305322  9867.693672597408 9865.764716147234 1.928956450174 0.999994763061
  0.99058081   1.47067464  91.80972080  9880.922109022737 9872.887070626160 8.035038396576 0.999994679266
  0.89865684   1.68906537  69.26855045  9882.570036605000 9880.561541895438 2.008494709562 0.999994668734
  1.24219386   1.82943691 103.00000000  9883.049219906330 9888.682795062885 -5.633575156555 0.999994665667
  0.83677067   1.70403749  75.99339003  9891.277423381805 9891.278131706569 -0.000708324764 0.999994612736
  1.25910729   1.68888476 111.83794724  9898.271206572652 9901.246454051843 -2.975247479191 0.999994567334
  0.96513671   1.43368246 113.69065463  9901.268110126257 9894.347268348409 6.920841777848 0.999994547761
  0.80689946   1.72111289 122.56274860  9903.624063253403 9864.709874780672 38.914188472731 0.999994532325
  0.94641058   1.81675713  63.11464969  9905.199404910207 9907.819810518153 -2.620405607946 0.999994521979
  1.26627158   1.70633400  96.50464825  9909.595035344362 9906.720317231035 2.874718113328 0.999994493008
  0.95603254   1.49432644  86.02395559  9911.360370472074 9918.446401186960 -7.086030714887 0.999994481330
  0.95861885   2.11948503  69.40581496  9912.639528319240 9912.639498955978 0.000029363262 0.999994472852
  1.08538245   1.48171282  95.76433776  9926.948450207710 9917.732478773181 9.215971434529 0.999994377128
  1.24713320   1.64488036  92.75889481  9931.307026281953 9931.306097595874 0.000928686079 0.999994347642
  0.96446195   1.68888476  66.73366834  9933.558362305164 9931.082556800455 2.475805504710 0.999994332351
  1.11197309   1.69451855  70.54091098  9934.982012853026 9937.111268259447 -2.129255406420 0.999994322660
  0.91506764   1.56525999  77.16091082  9937.399237036705 9941.567277811648 -4.168040774943 0.999994306168
  0.96446195   1.61450277 148.82872238  9943.241878628731 9952.235001428215 -8.993122799484 0.999994266108
  1.25890908   1.62217183 103.23467334  9947.758135750890 9946.202677753599 1.555457997290 0.999994234949
  0.96446195   1.68888476 148.00000000  9951.592543676496 9957.949584070057 -6.357040393561 0.999994208361
  0.78986658   1.72507142 108.96512487  9956.218444272876 9970.111733037576 -13.893288764701 0.999994176122
  0.79488465   1.69291977  90.66760781  9957.087460577488 9964.093918623741 -7.006458046253 0.999994170046
  0.96446195   2.19849246 103.00000000  9958.611480444670 9958.611404352921 0.000076091748 0.999994159374
  0.96351617   1.49009461  86.69012879  9970.467328503728 9967.314007367198 3.153321136529 0.999994075686
  1.20864523   1.69896007 124.91628430  9974.404366329312 9972.165134184304 2.239232145008 0.999994047631
  1.00226672   1.63628310  69.68166711  9975.833603248000 9974.703460522034 1.130142725966 0.999994037413
  0.78643216   1.68888476 103.00000000  9979.561876684427 9972.643502021579 6.918374662848 0.999994010677
  1.17243041   1.51213470 103.00000000  9981.366407245398 9989.901846359286 -8.535439113888 0.999993997694
  0.96446195   2.16141485 111.55380514  9989.108609050512 9989.108544796716 0.000064253796 0.999993941669
  1.14671276   1.68888476  73.50384249  9991.160211935639 9988.544545932011 2.615666003629 0.999993926736
  1.27047465   1.70392938 105.73632082  9997.067526862025 9995.017720978496 2.049805883529 0.999993883531
  0.94367471   1.68276737 148.17363817  9997.354088634253 9997.354089603932 -0.000000969680 0.999993881427
