New model:
f      0    0    0  0.964461950000
f      0    0    0  1.688884760000
f      0    0    0  103.000000000000
f      0    0    0  2.300000000000
f      0    0    0  1.000000000000
f      0    0    0  -0.255674377865
f      0    0    1  -171.232352301333
f      0    0    2  22311.524217222777
f      0    0    3  1099.471119636941
f      0    0    4  8134.117458919131
f      0    0    5  527.583126919553
f      0    0    6  -3721.908998274890
f      0    0    7  -4366.192803662351
f      0    0    8  14529.079704007641
f      0    1    0  -463.526068370359
f      0    2    0  97336.745208188237
f      0    3    0  -86712.372931485850
f      0    4    0  13558.698166349661
f      0    5    0  -20530.937494544316
f      0    6    0  5717.805988029588
f      0    7    0  -3309.814817702926
f      0    8    0  1007.390222526581
f      1    0    0  92.561322572397
f      2    0    0  38217.694635829299
f      3    0    0  -800.703375727685
f      4    0    0  2211.851925807949
f      5    0    0  1343.579181655205
f      6    0    0  2534.464559972186
f      7    0    0  -175.410719533416
f      8    0    0  -2230.610900390576
f      0    1    1  -24961.736521605722
f      0    1    2  -23920.147034487709
f      0    1    3  -15495.042402937026
f      0    1    4  -3265.277418827190
f      0    1    5  10061.060895918952
f      0    1    6  9672.304495728858
f      0    1    7  -32193.196607791335
f      0    2    1  30300.476881676968
f      0    2    2  -8031.891313895494
f      0    2    3  -1902.335729870238
f      0    2    4  -5513.816368275786
f      0    2    5  -1949.770280118223
f      0    2    6  -10395.594549052084
f      0    3    1  18871.482267949195
f      0    3    2  -13918.491359762169
f      0    3    3  40067.693820411492
f      0    3    4  8646.008318984812
f      0    3    5  18058.067543638925
f      0    4    1  1935.142022773154
f      0    4    2  -17499.052536504943
f      0    4    3  6041.043725961881
f      0    4    4  3041.533525095075
f      0    5    1  -13468.234510088278
f      0    5    2  -4922.741785595303
f      0    5    3  2445.721066574377
f      0    6    1  -3359.331491537460
f      0    6    2  -3305.501070997804
f      0    7    1  -3081.980464526909
f      1    0    1  -857.859856862949
f      1    0    2  -2803.869369807959
f      1    0    3  -4695.003492407211
f      1    0    4  1507.859374771121
f      1    0    5  -6819.570813542125
f      1    0    6  -6315.616465169176
f      1    0    7  3955.331518502465
f      1    1    0  -3090.910784961317
f      1    2    0  -4113.007099457751
f      1    3    0  8555.420178715516
f      1    4    0  -246.993841804914
f      1    5    0  2534.252962887258
f      1    6    0  47.040711653526
f      1    7    0  439.443923433325
f      2    0    1  66.695102033114
f      2    0    2  -3239.975887096415
f      2    0    3  1425.712587488362
f      2    0    4  -9064.074938748479
f      2    0    5  -17338.215684391129
f      2    0    6  672.526879515679
f      2    1    0  904.327951636797
f      2    2    0  -5809.157148790341
f      2    3    0  6546.723619488455
f      2    4    0  5347.235433443392
f      2    5    0  1101.910992203654
f      2    6    0  807.794602401302
f      3    0    1  571.091084409356
f      3    0    2  1791.017667781034
f      3    0    3  260.881818483262
f      3    0    4  -14261.364188776544
f      3    0    5  -14229.291090505476
f      3    1    0  1803.255681135923
f      3    2    0  -4351.906567409040
f      3    3    0  10845.328967277548
f      3    4    0  1375.543882959649
f      3    5    0  1061.945882225218
f      4    0    1  673.901649601885
f      4    0    2  5933.199828722983
f      4    0    3  -7122.523109133041
f      4    0    4  1297.899414835682
f      4    1    0  2148.056104477009
f      4    2    0  -3557.888842674881
f      4    3    0  1030.195926808410
f      4    4    0  499.968683300033
f      5    0    1  4144.500812227064
f      5    0    2  -3745.236225412016
f      5    0    3  15241.108552211470
f      5    1    0  -443.418911223679
f      5    2    0  -8746.567661931789
f      5    3    0  2154.406535934212
f      6    0    1  4413.627713886755
f      6    0    2  -7514.589802908861
f      6    1    0  4408.424857766866
f      6    2    0  -447.973471612233
f      7    0    1  -4287.592675541415
f      7    1    0  10524.166595988881
f      1    1    1  4943.734007406294
f      1    1    2  3419.781233565014
f      1    1    3  10025.016721786897
f      1    1    4  14611.280549271360
f      1    1    5  11659.349904217615
f      1    1    6  11280.179033684606
f      1    2    1  -2605.369437723252
f      1    2    2  -12895.884045292791
f      1    2    3  2490.632404053476
f      1    2    4  -2380.167179464603
f      1    2    5  939.509585431618
f      1    3    1  -7748.126297494151
f      1    3    2  245.843319292653
f      1    3    3  -370.707376947588
f      1    3    4  38.029737466582
f      1    4    1  1292.013531289093
f      1    4    2  -655.419377195640
f      1    4    3  297.777908718503
f      1    5    1  -456.588389284640
f      1    5    2  102.335463161501
f      1    6    1  199.013945656371
f      2    1    1  669.329150916253
f      2    1    2  -3838.784067772140
f      2    1    3  27899.232014087429
f      2    1    4  8113.385494211883
f      2    1    5  10309.348362368306
f      2    2    1  -462.498395239538
f      2    2    2  945.732995800737
f      2    2    3  6.867190971404
f      2    2    4  76.599616141019
f      2    3    1  -2851.429933805372
f      2    3    2  -88.275131200803
f      2    3    3  16.056272962831
f      2    4    1  40.000590173600
f      2    4    2  -13.177584661361
f      2    5    1  -218.201595883042
f      3    1    1  -1237.603996802972
f      3    1    2  -3217.933035046231
f      3    1    3  3418.214332130558
f      3    1    4  1111.763880997989
f      3    2    1  -1166.828789154554
f      3    2    2  -234.833888055949
f      3    2    3  -66.615789162911
f      3    3    1  -604.141633611594
f      3    3    2  4.113379063224
f      3    4    1  -34.416725755963
f      4    1    1  -2311.333896354350
f      4    1    2  -2537.247249429534
f      4    1    3  4952.026362281140
f      4    2    1  43.510861828730
f      4    2    2  75.616920063035
f      4    3    1  -475.189131451129
f      5    1    1  -4046.193258468839
f      5    1    2  -973.428294520051
f      5    2    1  -126.458770267003
f      6    1    1  -439.332442805730

Grid of energies:
  0.96446195   1.68969849 103.00000000  -0.277229562402 -0.568352944830 0.291123382428 
  0.96446195   1.68888476 102.61306533  -0.275789439678 -0.415398788447 0.139609348769 
  0.96446195   1.68888476 103.00000000  0.000000000000 -0.255674377865 0.255674377865 
  0.96446195   1.69388476 103.00000000  0.323700785637 -0.156983104948 0.480683890585 
  0.96446195   1.69655907 102.38050207  0.929926261306 0.513828781381 0.416097479925 
  0.96105346   1.69171888 103.00000000  1.301628604531 0.918607424171 0.383021180360 
  0.96446195   1.69597990 103.00000000  1.663985848427 1.301979763514 0.362006084913 
  0.96446195   1.68888476 103.31658291  1.874265193939 1.311323477357 0.562941716582 
  0.96733668   1.68888476 103.00000000  2.263400316238 2.013842548008 0.249557768230 
  0.95979899   1.68888476 103.00000000  3.266698271036 3.190612171798 0.076086099238 
  0.96446195   1.68888476 102.00000000  3.441890373826 3.310686903425 0.131203470401 
  0.95946195   1.68888476 103.00000000  4.038235172629 3.787810857137 0.250424315493 
  0.96446195   1.68888476 101.90954774  4.205208614469 4.275669386654 -0.070460772185 
  0.96446195   1.68388476 103.00000000  4.546859413385 4.524310299255 0.022549114130 
  0.96446195   1.68341709 103.00000000  5.226159140468 5.225861258872 0.000297881596 
  0.96446195   1.68888476 104.02010050  9.961570426822 9.389877894751 0.571692532071 
  0.97136730   1.69167377 103.00000000  10.371529057622 10.015099202672 0.356429854950 
  0.96446195   1.70226131 103.00000000  10.983505383134 10.567718347005 0.415787036129 
  0.96540094   1.68045628 103.00000000  11.407573103905 11.126912282723 0.280660821181 
  0.96446195   1.70388476 103.00000000  14.104127973318 14.132933849952 -0.028805876634 
  0.96446195   1.67888476 103.00000000  15.040008738637 14.322585964940 0.717422773697 
  0.96446195   1.68888476 101.20603015  15.179897665977 15.451015661180 -0.271117995203 
  0.96446195   1.68574450 104.37583481  17.040086165071 16.497017974383 0.543068190688 
  0.95927528   1.68888476 104.23313402  17.891422152519 17.272312745502 0.619109407017 
  0.97333400   1.69541002 103.00000000  18.379783794284 17.872243121238 0.507540673046 
  0.95452387   1.69343257 103.00000000  18.656181991100 18.265820926464 0.390361064636 
  0.96446195   1.67713568 103.00000000  18.697810292244 18.961259265702 -0.263448973458 
  0.96446195   1.68888476 101.00000000  19.633084997535 19.961030992486 -0.327945994951 
  0.97487437   1.68888476 103.00000000  23.530674591660 23.326263906072 0.204410685588 
  0.96446195   1.68888476 104.72361809  24.514927849174 23.754764303805 0.760163545369 
  0.96446195   1.69935512 100.62340731  24.546221643686 24.452444703183 0.093776940503 
  0.96446195   1.70854271 103.00000000  28.062484219670 26.966929628578 1.095554591093 
  0.95226131   1.68888476 103.00000000  28.291027992964 28.082877414879 0.208150578085 
  0.96446195   1.67452329 102.62611899  28.687748029828 29.244515871715 -0.556767841887 
  0.96446195   1.67388476 103.00000000  28.813123106956 29.281842912232 -0.468719805275 
  0.95413055   1.70245262 102.73968705  30.916192203760 30.167182782451 0.749009421309 
  0.96446195   1.68888476 105.00000000  31.981675624847 31.103810874437 0.877864750410 
  0.96446195   1.68888476 100.50251256  32.715738162398 33.177711190031 -0.461973027633 
  0.96446195   1.68888476 100.50000000  32.790427103639 33.252842179651 -0.462415076012 
  0.96961179   1.68888476 100.70626586  32.871029734612 33.303140045846 -0.432110311235 
  0.96446195   1.69102895 100.37362833  33.703114360571 34.093639248218 -0.390524887647 
  0.97772624   1.68831483 103.00000000  37.508852198720 37.358203869373 0.150648329347 
  0.95058570   1.69383403 103.00000000  37.958466976881 37.542333641354 0.416133335527 
  0.97723251   1.69887113 103.00000000  38.445459455252 38.452132779640 -0.006673324388 
  0.96491781   1.67135836 103.00000000  39.072159394622 39.044153728497 0.028005666125 
  0.97655834   1.70238104 103.00000000  40.297925397754 40.963563314444 -0.665637916690 
  0.96446195   1.67085427 103.00000000  41.624013572931 40.922133497138 0.701880075793 
  0.96562428   1.68888476 100.23154051  41.737122684717 42.160452334836 -0.423329650119 
  0.96446195   1.67137754 102.46500521  42.427007079124 43.199092612067 -0.772085532943 
  0.96446195   1.68888476 105.42713568  45.350598186255 44.340854463973 1.009743722281 
  0.96446195   1.71388476 103.00000000  47.640566915274 46.336085198062 1.304481717212 
  0.96446195   1.66888476 103.00000000  48.821003600955 49.547917105261 -0.726913504306 
  0.96446195   1.68888476 100.00000000  49.296537935734 49.888137835264 -0.591599899530 
  0.96446195   1.71482412 103.00000000  51.585158541799 50.244819044237 1.340339497562 
  0.96446195   1.68955214 105.61393407  52.378583148122 51.283164292777 1.095418855344 
  0.96446195   1.69539628 105.42988367  53.136255502701 51.852765660897 1.283489841804 
  0.97543044   1.70528144 103.81278984  55.755217730999 54.599376442658 1.155841288341 
  0.97560309   1.67410683 103.02305509  55.853634789586 56.358613387346 -0.504978597760 
  0.96446195   1.68888476  99.79899497  56.881433576345 57.523446866167 -0.642013289822 
  0.95460688   1.68888476 105.33803371  58.620382189751 58.678302977498 -0.057920787748 
  0.96446195   1.67555604 100.87645427  59.575941815972 59.660456982340 -0.084515166368 
  0.95133151   1.68888476 100.76483933  59.633045151830 60.046647318231 -0.413602166401 
  0.94922495   1.68888476 104.56931535  65.283689752221 64.673319013202 0.610370739019 
  0.98241206   1.68888476 103.00000000  66.076127126813 65.956306023219 0.119821103594 
  0.95672846   1.68888476  99.85713991  66.271169155836 66.894987547109 -0.623818391273 
  0.96446195   1.68888476 106.13065327  70.443829283118 71.083292616598 -0.639463333480 
  0.96446195   1.66457286 103.00000000  72.307322829962 71.400677779892 0.906645050070 
  0.97797367   1.67278413 103.00000000  72.758485496044 73.361568802516 -0.603083306472 
  0.96446195   1.66388476 103.00000000  74.275460392237 75.269862512976 -0.994402120740 
  0.94739416   1.67691111 103.00000000  75.312160119414 75.730689179754 -0.418529060339 
  0.96089384   1.70206730 105.59650635  76.870877921581 76.108027490883 0.762850430699 
  0.96446195   1.69863757  99.06940651  77.683441713452 77.208719132051 0.474722581401 
  0.94472362   1.68888476 103.00000000  78.091320097446 77.974425510059 0.116894587387 
  0.98428260   1.68888476 102.42764906  79.681956931949 79.773507380512 -0.091550448564 
  0.96446195   1.72110553 103.00000000  81.727842554450 80.153379323620 1.574463230830 
  0.96446195   1.71344974  99.23533120  86.629146218300 86.271714263220 0.357431955080 
  0.94382710   1.68888476 103.26907181  86.871116712689 86.695665409966 0.175451302723 
  0.96446195   1.68888476  99.09547739  87.745823070407 88.556549800137 -0.810726729730 
  0.98579237   1.68914685 103.00000000  91.627522155643 91.546020456751 0.081501698892 
  0.98306362   1.70953101 102.41214758  94.324420005083 93.525255370978 0.799164634105 
  0.95046641   1.71563524 103.00000000  95.737344741821 94.418611734352 1.318733007469 
  0.98652520   1.68888476 103.23420719  99.143671706319 99.006944196545 0.136727509774 
  0.96446195   1.72108496  99.58487088  99.393803879619 99.427898488142 -0.034094608523 
  0.94237899   1.68888476 102.47775987  100.166311025620 99.451566133736 0.714744891883 
  0.96446195   1.72444112 103.20606282  104.184323593974 102.433114755823 1.751208838151 
  0.96446195   1.68888476 106.83417085  104.686699539423 103.917384361712 0.769315177711 
  0.96446195   1.66742103 106.26100245  105.329820573330 104.383806397548 0.946014175782 
  0.94814726   1.66737313 103.00000000  105.347518503666 106.605311200177 -1.257792696511 
  0.96446195   1.65888476 103.00000000  105.707250624895 106.600025422563 -0.892774797668 
  0.96446195   1.65829146 103.00000000  109.393067568541 110.697143861018 -1.304076292477 
  0.97013095   1.65946551 103.00000000  110.162888616323 111.418203308310 -1.255314691987 
  0.96446195   1.69008639 106.96604373  112.881163299084 112.206513344145 0.674649954939 
  0.96446195   1.68888476 107.00000000  113.722779035568 112.537007824152 1.185771211417 
  0.95912798   1.65829881 103.00000000  114.013936936855 114.190112930856 -0.176175994001 
  0.97587038   1.72287438 103.00000000  116.551802918315 114.987534113446 1.564268804869 
  0.96446195   1.72738693 103.00000000  118.249919950962 116.451233480900 1.798686470062 
  0.94389381   1.67168745 103.55385572  118.733720734715 119.303492775821 -0.569772041105 
  0.96446195   1.73027836 101.86300788  122.913772493601 121.313201051850 1.600571441751 
  0.95313926   1.72064964 103.90707915  125.135592669249 123.631219699837 1.504372969411 
  0.96483168   1.68860969 107.20725858  125.378684669733 123.607419514134 1.771265155599 
  0.96446195   1.72355825  99.02784350  125.390241578221 126.310221256937 -0.919979678716 
  0.96446195   1.68888476  98.39195980  127.034761458635 126.345982229629 0.688779229006 
  0.98994975   1.68888476 103.00000000  128.784339204431 128.784744558748 -0.000405354317 
  0.95051806   1.68888476 106.68003688  132.478423342109 132.374574998343 0.103848343765 
  0.96446195   1.66332821 106.58684237  133.552649542689 132.265654410900 1.286995131789 
  0.98902819   1.70560176 103.00000000  136.237678453326 135.899361044487 0.338317408839 
  0.97889994   1.66125905 103.00000000  136.624732330441 137.464856108198 -0.840123777757 
  0.96446195   1.68888476 107.53768844  142.138262271881 142.778479084795 -0.640216812914 
  0.96446195   1.65388476 103.00000000  144.403839707375 143.694120797420 0.709718909954 
  0.95381277   1.67805434 107.31277718  147.711827158928 146.763738917323 0.948088241605 
  0.97314078   1.66339734 106.48890049  147.747980281711 147.533265651410 0.214714630300 
  0.96446195   1.71774280 105.73850634  149.306452587247 149.296823471966 0.009629115281 
  0.96727704   1.68888476 107.60811506  149.306452587247 149.521140780866 -0.214688193620 
  0.96446195   1.68888476  98.00000000  151.196871012449 150.356524461556 0.840346550893 
  0.96446195   1.68888476  98.00000000  151.519969135523 150.356524461556 1.163444673967 
  0.94989347   1.72625264 102.74867185  152.428150609136 150.779013214938 1.649137394197 
  0.96446195   1.68853397 107.72342388  154.189519613981 153.564316726936 0.625202887046 
  0.93718593   1.68888476 103.00000000  155.225137010217 154.209082683347 1.016054326869 
  0.97949607   1.68888476 106.88161469  156.630211666226 155.136896831076 1.493314835151 
  0.96792308   1.73298976 103.00000000  157.455560252070 156.053399213826 1.402161038244 
  0.98730720   1.71620594 103.00000000  157.859333246946 156.697837032965 1.161496213981 
  0.96446195   1.73366834 103.00000000  158.028972074389 158.903673881516 -0.874701807127 
  0.96446195   1.65201005 103.00000000  160.916293144226 159.120342840617 1.795950303609 
  0.97606009   1.73055422 103.00000000  163.781572476029 162.541246813231 1.240325662799 
  0.99230170   1.68074613 103.00000000  164.368551537395 164.204100891204 0.164450646190 
  0.96446195   1.68888476  97.68844221  169.848406344652 170.961315662230 -1.112909317578 
  0.96446195   1.68915089  97.67638750  169.904913097620 171.006179980770 -1.101266883150 
  0.96446195   1.65013448 103.08912827  172.400953590870 174.143703662229 -1.742750071359 
  0.99446195   1.68888476 103.00000000  175.527859896421 175.614404341461 -0.086544445040 
  0.99132333   1.71246602 103.00000000  178.876978561282 178.926966757282 -0.049988196000 
  0.93534751   1.69079245 102.17267705  179.874815985560 179.052035948998 0.822780036563 
  0.97672991   1.68888476 107.58637610  180.976405918598 179.250592193960 1.725813724638 
  0.95774332   1.73792412 100.76897627  183.222372919321 183.176154420205 0.046218499116 
  0.96446195   1.73800509 102.68574638  184.237985327840 185.358993842210 -1.121008514371 
  0.97101797   1.72364346  97.79028674  184.801040649414 185.395362234507 -0.594321585092 
  0.97214643   1.66643002  99.43810123  185.868716970086 185.210982730451 0.657734239635 
  0.94951197   1.67864477 107.62871470  185.900451973081 185.051122350622 0.849329622459 
  0.95482203   1.68888476  97.76307978  186.002267315984 185.346793587164 0.655473728819 
  0.97719294   1.66138776 106.75383811  187.431102424860 185.692452694230 1.738649730630 
  0.98563708   1.72749996 101.79689368  189.407840773463 188.390900899853 1.016939873610 
  0.96446195   1.68888476 108.24120603  189.633961632848 187.601841069809 2.032120563039 
  0.96446195   1.74031810 100.24843084  193.712041929364 193.808825502145 -0.096783572781 
  0.96084665   1.64727343 104.75343795  195.374081537127 195.010809928057 0.363271609071 
  0.93965624   1.71832898 103.00000000  199.418890520930 198.145867435741 1.273023085189 
  0.96446195   1.73888476 103.00000000  200.856390714645 198.672182197365 2.184208517280 
  0.96446195   1.73805227  99.08558058  201.667103305459 200.404079039502 1.263024265957 
  0.99724084   1.68888476 102.71912926  206.922697454691 207.160599588604 -0.237902133913 
  0.96446195   1.73994975 103.00000000  209.500306621194 207.282138936228 2.218167684966 
  0.93375333   1.68888476 104.27536889  211.098075002432 210.892067896837 0.206007105594 
  0.96281612   1.73415758 104.61468710  214.770073235035 212.300878760211 2.469194474824 
  0.96446195   1.64572864 103.00000000  214.947547689080 216.987516059944 -2.039968370863 
  0.93302760   1.68888476 104.19069785  217.945673018694 219.377133370189 -1.431460351495 
  0.96446195   1.66628105  98.66450362  219.543478578329 220.111967976075 -0.568489397746 
  0.98941726   1.72521351 103.00000000  220.725041478872 220.813279022202 -0.088237543329 
  0.93723189   1.68888476  99.64225372  221.225282266736 221.576356720958 -0.351074454222 
  0.95779686   1.65619349 107.72022499  221.455432549119 221.318097904920 0.137334644199 
  0.96446195   1.68888476  96.98492462  222.256319582462 222.472689119488 -0.216369537026 
  0.99509817   1.68888476 100.17259623  222.557103902102 223.466970636094 -0.909866733992 
  0.96446195   1.69814739  96.62870433  226.547063216567 227.375216188863 -0.828152972296 
  0.96137519   1.74037363 103.68781593  234.168702900410 231.749543714118 2.419159186292 
  0.95195352   1.69098379 108.42905343  234.415424868464 232.747943167124 1.667481701341 
  0.99780770   1.68888476 104.49919764  235.050766974688 234.836770517125 0.213996457563 
  0.99946195   1.68888476 103.00000000  235.216896757483 235.244754502686 -0.027857745202 
  0.96941089   1.73873321 104.15459803  236.954612493515 235.522395589154 1.432216904361 
  0.96446195   1.68888476 108.94472362  238.006044968963 238.322521060579 -0.316476091616 
  0.96446195   1.64281739 105.08095490  239.124937638640 238.376047132472 0.748890506168 
  0.93393520   1.68888476 105.46329382  239.553796991706 239.079156892234 0.474640099472 
  0.99209886   1.72401822 103.00000000  240.292566254735 239.963950967224 0.328615287511 
  0.96446195   1.74388476 103.00000000  241.312982618809 240.508563625988 0.804418992821 
  0.93791510   1.72263815 103.00000000  242.540682181716 241.136645512572 1.404036669144 
  0.95239675   1.65786346  99.86885016  242.851090833545 241.497408159285 1.353682674259 
  0.96446195   1.66598753 108.91407896  247.181354522705 246.155135369248 1.026219153458 
  0.96850555   1.64283311 103.00000000  250.083789676428 252.314298695129 -2.230509018701 
  1.00045781   1.70214521 103.00000000  255.794510394335 255.446254435050 0.348255959284 
  0.92964824   1.68888476 103.00000000  257.515210717916 258.193754764747 -0.678544046830 
  0.95769560   1.64217818 103.00000000  257.992511719465 259.780023552396 -1.787511832931 
  0.96446195   1.74623116 103.00000000  258.475464940071 261.364264049910 -2.888799109839 
  0.96446195   1.65502998  99.50586244  260.921316295862 261.107216138746 -0.185899842884 
  0.92946195   1.68888476 103.00000000  263.779782146215 261.127516274531 2.652265871684 
  0.96446195   1.72899713 106.42144632  264.564834818244 261.773858825134 2.790975993110 
  0.98858299   1.73572036 101.59840756  265.055219724774 263.693176692585 1.362043032189 
  0.96446195   1.72556489  96.42881084  265.101285412908 264.662230233622 0.439055179285 
  0.96446195   1.74970259 100.77724579  266.297112181783 265.460868836020 0.836243345763 
  0.96446195   1.70157578  96.07862899  267.434893742204 267.040829431047 0.394064311157 
  0.96446195   1.70278745 108.81795525  272.764098212123 270.781137810497 1.982960401626 
  0.96922488   1.68384635 109.36959232  273.233998790383 270.811941370594 2.422057419789 
  0.96446195   1.74773622 102.89769501  275.041121751070 272.606735795484 2.434385955586 
  0.96446195   1.68888476  96.28140704  279.579227849841 280.950744688181 -1.371516838340 
  0.96446195   1.63944724 103.00000000  282.194535642862 284.624709229130 -2.430173586267 
  0.99736405   1.68888476  99.25041417  284.529503270984 285.678980435184 -1.149477164200 
  0.96446195   1.74888476 103.00000000  287.395023837686 285.872431450073 1.522592387613 
  1.00139031   1.68888476 100.57532540  288.368747472763 288.335658661715 0.033088811049 
  0.97272711   1.75107352 100.79554950  288.703557074070 288.633040793084 0.070516280986 
  0.96446195   1.63888476 103.00000000  290.572028353810 291.169344698995 -0.597316345185 
  0.99464972   1.65854487 103.00000000  291.213883250952 292.838918098563 -1.625034847611 
  0.96446195   1.68888476 109.64824121  295.710282295942 294.875223931435 0.835058364507 
  1.00317187   1.68888476 104.03323208  296.988501623273 295.623951864819 1.364549758454 
  0.97820971   1.65216536 107.98330228  298.325818002224 298.125662838378 0.200155163846 
  1.00446195   1.68888476 103.00000000  302.416232243180 302.727479551715 -0.311247308535 
  0.96446195   1.68253486  96.30706398  304.509442925453 306.228458749278 -1.719015823825 
  0.94260630   1.68888476  97.23211394  305.148121401668 306.463145669156 -1.315024267489 
  0.96446195   1.70750182  95.52124038  309.538744151592 310.163929391711 -0.625185240118 
  1.00168877   1.68888476 105.41423676  309.630516484380 310.959611636090 -1.329095151711 
  0.94369709   1.68888476  97.04313252  311.614883601665 310.880019531278 0.734864070388 
  0.95219717   1.75061435  99.83669123  316.247441545129 314.943863513360 1.303578031769 
  1.00463704   1.68062023 103.00000000  316.795058444142 317.994601316858 -1.199542872716 
  0.96446195   1.63797420 102.32357664  317.297459587455 319.028856361580 -1.731396774125 
  0.93443161   1.72983110 100.96428423  320.715242907405 319.510014883553 1.205228023852 
  0.96446195   1.75251256 103.00000000  321.579897433519 320.933564651810 0.646332781709 
  0.97362383   1.68888476 109.71235313  322.088319078088 320.251865597593 1.836453480495 
  0.98223879   1.68888476 109.13380589  322.539493441582 320.440448358510 2.099045083071 
  1.00142561   1.68888476 105.79198301  322.656238794327 321.275308883141 1.380929911186 
  0.95639631   1.68987233  95.93719148  323.538405731320 322.976803566409 0.561602164911 
  0.99285205   1.68888476 107.88389634  325.861411571503 325.790031420278 0.071380151225 
  0.92593426   1.68462993 103.76583653  326.426007837057 326.192460034141 0.233547802916 
  0.95155555   1.68888476  96.16238646  327.560957744718 327.865863741040 -0.304905996323 
  0.95259126   1.74772642  98.15535061  330.183715030551 329.613125432918 0.570589597632 
  0.96960702   1.68888476  95.77772522  331.082472890615 331.639694358243 -0.557221467627 
  1.00270328   1.67536309 105.17065852  332.585102871060 332.660455976764 -0.075353105703 
  0.96446195   1.75388476 103.00000000  337.301410675049 334.656202771136 2.645207903912 
  0.93651102   1.71489603 106.47690868  338.287781357765 337.431014910443 0.856766447322 
  0.98951387   1.64823057 102.17952739  339.180889308453 340.725828079983 -1.544938771530 
  1.00676816   1.68888476 103.66840995  341.956923648715 342.092105454921 -0.135181806206 
  0.96446195   1.74897503  97.15472969  344.979832559824 345.649260977127 -0.669428417303 
  0.96446195   1.68888476  95.57788945  346.268715962768 346.466548906875 -0.197832944108 
  0.92446195   1.68888476 103.00000000  346.988698109984 346.619135759231 0.369562350753 
  0.96446195   1.71441264 109.01876489  348.705986008048 348.491489832234 0.214496175814 
  0.96446195   1.63252495 104.67247047  350.159123852849 350.909707430670 -0.750583577821 
  0.96446195   1.63388476 103.00000000  351.381716385484 352.946485856958 -1.564769471475 
  0.96446195   1.68888476  95.50000000  352.657039135695 354.155893132667 -1.498853996972 
  0.94214417   1.73778784  97.83217153  357.258863747120 356.228701892368 1.030161854752 
  0.96446195   1.68888476 110.35175879  359.428436964750 357.194176599235 2.234260365515 
  0.96446195   1.63316583 103.00000000  359.533402830362 362.367426230370 -2.834023400007 
  0.97637983   1.68888476  95.66154272  362.823079407215 364.313835592889 -1.490756185674 
  0.98179619   1.70625554 109.03119290  368.740795135498 365.920797873987 2.819997261511 
  0.93599096   1.68888476 108.47358590  369.698669642210 368.629547076514 1.069122565696 
  0.96446195   1.72277198 108.61108022  373.311464548111 371.334652940048 1.976811608063 
  0.96446195   1.68888476 110.50000000  374.422554433346 371.054972050332 3.367582383013 
  0.93579461   1.73800135 103.00000000  375.896199703217 373.980100802460 1.916098900756 
  0.96446195   1.76055341 101.77478691  377.341675549746 377.380000560427 -0.038325010681 
  1.00946195   1.68888476 103.00000000  378.549890279770 377.779092649430 0.770797630340 
  0.97833458   1.74673087 105.11214982  379.899855330586 380.775518359291 -0.875663028704 
  0.93113910   1.65264600 103.00000000  381.006274014711 380.569342091505 0.436931923206 
  0.96446195   1.64224324 109.01634364  382.711920559406 381.077750963354 1.634169596053 
  0.93332518   1.66164668 107.71627363  382.840645164251 382.977093677662 -0.136448513410 
  0.94662797   1.68888476  95.90875892  383.743345543742 384.370246193078 -0.626900649336 
  0.96446195   1.75879397 103.00000000  388.566188737750 385.779664352400 2.786524385350 
  0.96446195   1.75888476 103.00000000  389.544464603066 386.754604247331 2.789860355735 
  0.96446195   1.70503582 110.05531596  389.995425611734 388.724138306784 1.271287304950 
  0.92211055   1.68888476 103.00000000  390.978014916182 391.401567964152 -0.423553047971 
  0.96446195   1.72729621 108.43133133  391.423202529550 391.484230668609 -0.061028139059 
  0.95321958   1.63482124 107.40279050  391.472519695759 391.138404544378 0.334115151381 
  0.99965001   1.65340057 103.00000000  394.683387711644 393.446236690057 1.237151021587 
  0.96446195   1.69240169 110.63783209  394.841239035130 393.605884324423 1.235354710707 
  0.92529418   1.70273963 105.23552118  396.005492404103 395.633479620418 0.372012783686 
  0.97351178   1.75365194  97.05720702  396.337635919452 397.211171508678 -0.873535589226 
  0.96446195   1.63187267 102.34918551  396.349511012435 398.015826714477 -1.666315702042 
  0.92593240   1.71922596 103.00000000  396.909597992897 399.925974579918 -3.016376587021 
  0.96728846   1.63067546 103.00000000  398.621824532747 399.356971279963 -0.735146747216 
  0.96446195   1.63245787 102.05290380  400.833857938647 400.159002955249 0.674854983398 
  1.01095992   1.68888476 102.35861448  400.913619503379 401.515848185755 -0.602228682377 
  0.96446195   1.71681598  94.55462780  401.430021077394 401.648170715768 -0.218149638373 
  0.95028017   1.68888476 110.45128012  404.783859252930 402.962400917481 1.821458335449 
  1.00212988   1.67711843 107.33125487  407.528638869524 407.315719242369 0.212919627155 
  0.98966752   1.75084367  98.98119659  408.247123911977 408.636032489113 -0.388908577136 
  0.92140432   1.68888476 102.24265764  409.557857453823 408.137021653468 1.420835800356 
  0.93652944   1.72948186 105.99628740  409.957254707813 410.270365594473 -0.313110886660 
  0.96446195   1.68512231 111.00336134  412.059082672000 411.989788722736 0.069293949264 
  0.96446195   1.62871961 103.51542851  412.451347619295 412.477584046389 -0.026236427094 
  0.92535569   1.67887269  99.93898819  414.180922791362 413.608171602165 0.572751189197 
  0.95379314   1.69508207  94.92958801  414.508750230074 415.805657319924 -1.296907089850 
  0.97370533   1.75252186  96.50008780  415.813999220729 416.923752778155 -1.109753557426 
  0.99432438   1.70621792 108.25211097  417.497160539031 416.669070790107 0.828089748924 
  0.94911604   1.68979777  95.35325055  418.201951920986 417.368489466881 0.833462454106 
  0.96446195   1.68888476  94.87437186  418.248361051083 419.091488199148 -0.843127148065 
  0.96446195   1.62888476 103.00000000  419.219804406166 421.319488775859 -2.099684369693 
  1.00891594   1.71523452 103.54217596  424.279287740588 423.461737547707 0.817550192881 
  0.96446195   1.72386078 109.11337387  424.705949395895 422.908142486497 1.797806909398 
  1.01185935   1.68888476 103.86498015  425.305436164141 424.901853967744 0.403582196397 
  0.96446195   1.68888476 111.05527638  426.121980011463 425.213003600607 0.908976410856 
  0.92506121   1.65991874 103.00000000  427.542566180229 427.086739072584 0.455827107646 
  0.99980657   1.68331976 108.30365288  433.302302241325 431.668743846547 1.633558394778 
  0.99317752   1.75027150 102.35189200  435.523800626397 433.565747716042 1.958052910355 
  0.96446195   1.67443426  95.46230550  437.511213064194 439.849429413205 -2.338216349012 
  0.95426552   1.68888476 111.02803358  438.123954162002 439.950012942618 -1.826058780617 
  0.96446195   1.62847345 107.19008640  441.959908261895 439.574781406013 2.385126855882 
  0.96446195   1.76388476 103.00000000  444.921102568507 442.064623057187 2.856479511320 
  0.91946195   1.68888476 103.00000000  444.994023531675 445.431458623807 -0.437435092132 
  1.01246152   1.71001512 102.54868898  447.308136507869 447.135629393062 0.172507114807 
  0.98848447   1.72370167 108.08409952  447.344122931361 447.518477778540 -0.174354847179 
  1.00124097   1.73349742 104.46598119  450.650631159544 449.127458498734 1.523172660810 
  0.96446195   1.62688442 103.00000000  451.085840716958 450.560256290656 0.525584426302 
  0.96446195   1.76507538 103.00000000  456.643619716167 455.697570425661 0.946049290506 
  0.97627840   1.68888476 111.03170369  457.380486994982 454.784674738058 2.595812256924 
  1.01446195   1.68888476 103.00000000  458.659805327654 460.124606181141 -1.464800853487 
  0.96446195   1.62493190 104.01424880  459.554885312915 459.607798568251 -0.052913255337 
  0.99999862   1.66384072 108.17701155  460.498669907451 459.782483824099 0.716186083352 
  0.96446195   1.72066809 109.79502847  460.500126346946 461.782754029883 -1.282627682937 
  0.94678790   1.66233599  96.84728883  465.001386716962 463.424370002215 1.577016714747 
  1.01052957   1.66573117 103.00000000  465.290948078036 466.883349338847 -1.592401260811 
  0.92127101   1.68821597  99.92370343  466.512977465987 467.668497613268 -1.155520147281 
  0.99581087   1.75028956  98.73617772  470.344660282135 471.518337271389 -1.173676989254 
  0.92321145   1.65730745 103.93823377  472.674881234765 472.062655227910 0.612226006855 
  0.97278877   1.73314306 108.64638534  476.630801901221 473.088639502341 3.542162398880 
  0.96446195   1.72306670 109.72556063  476.697153553367 473.412415217471 3.284738335896 
  1.00035132   1.74429044 103.00000000  479.023622944951 477.210742333285 1.812880611666 
  0.96446195   1.76192782  96.53468402  479.612523153424 478.515148249465 1.097374903959 
  0.96446195   1.77089985 100.00156094  480.187694445252 479.028453703369 1.159240741884 
  0.96446195   1.63902859  98.97600729  481.428981378675 483.459958513498 -2.030977134823 
  0.96446195   1.69162122  94.16830822  485.092747494578 486.636730947989 -1.543983453411 
  1.00858823   1.73045884 103.00000000  488.019212782383 488.418961010297 -0.399748227914 
  0.96446195   1.65196198 111.26944549  489.588912785053 487.099961377497 2.488951407556 
  0.97488588   1.70136825 111.01841111  491.526994898915 490.770211287480 0.756783611435 
  0.96446195   1.69926107  93.88017300  493.009554654360 492.697949190053 0.311605464307 
  1.01488484   1.68373943 100.93496222  493.762967169285 496.751366725403 -2.988399556118 
  0.96446195   1.62388476 103.00000000  495.343960404396 496.466007287269 -1.122046882873 
  0.96446195   1.68888476  94.17085427  497.201515942812 498.897156726297 -1.695640783485 
  0.96446195   1.68888476 111.75879397  501.263203471899 498.864599108012 2.398604363887 
  0.96446195   1.76888476 103.00000000  503.550610184669 500.485459067558 3.065151117111 
  1.01237150   1.66313115 103.00000000  510.673054412007 512.452025011079 -1.778970599072 
  0.97501152   1.68888476 111.67145175  516.014655008912 515.469085929534 0.545569079378 
  0.91715728   1.70105476 101.30268768  516.229405492544 516.368832241393 -0.139426748849 
  1.01509368   1.67091999 103.00000000  518.137376651168 517.670579096159 0.466797555009 
  0.92537237   1.72808125  98.36802199  519.512537106872 518.989389487590 0.523147619281 
  0.95733237   1.62219204 106.99559888  520.449292600155 522.408530590814 -1.959237990659 
  0.98731151   1.63476594 100.98122143  521.575445219874 525.273748359605 -3.698303139730 
  1.01820531   1.70087410 102.02759778  526.658576503396 527.115629611103 -0.457053107707 
  0.96446195   1.75151986 107.22515186  528.078811556101 528.618582155745 -0.539770599644 
  0.96446195   1.77135678 103.00000000  529.498851448298 530.487771732834 -0.988920284536 
  0.93413177   1.68888476  95.79554147  532.313468962908 529.798630546846 2.514838416062 
  1.01636459   1.68888476 100.20483855  533.619132816792 530.855947569539 2.763185247252 
  0.96290568   1.77389193 101.87772410  535.387660205364 532.476909131167 2.910751074197 
  0.96446195   1.77523909  99.20799784  535.930708944798 533.567293335191 2.363415609606 
  0.96446195   1.76883576 103.94411146  536.956770539284 535.616536653162 1.340233886121 
  0.99447775   1.74116910  95.69164582  538.942967116833 538.463849124029 0.479117992804 
  1.00337205   1.68888476 109.04534774  539.164468169212 538.751273584471 0.413194584742 
  0.96446195   1.67112579  94.81236082  540.445107534528 539.603179065380 0.841928469148 
  0.91722772   1.71158586 103.00000000  540.861011147499 540.037518288650 0.823492858849 
  0.96446195   1.76156673 105.71574683  541.244836777449 540.538508629060 0.706328148389 
  0.98721226   1.65220620 110.57812649  544.152315184474 540.108595101235 4.043720083239 
  0.96446195   1.77656005  99.54433475  545.874096542597 546.076759899111 -0.202663356514 
  0.93014136   1.63857653 106.80228031  546.082580029964 547.772571430867 -1.689991400902 
  0.96446195   1.68989521 112.17670446  548.530831992626 548.217058429592 0.313773563034 
  1.01946195   1.68888476 103.00000000  548.789570629597 549.497283862127 -0.707713232530 
  0.96446195   1.62060302 103.00000000  550.676899045706 549.557404321927 1.119494723779 
  0.92930408   1.75020489 100.36165932  551.884311720729 554.501375472733 -2.617063752004 
  0.91457286   1.68888476 103.00000000  554.694259166718 555.375271499171 -0.681012332453 
  0.96446195   1.65651281  95.90757142  556.249914959073 555.277242753162 0.972672205911 
  0.91446195   1.68888476 103.00000000  557.341138720512 558.025674515861 -0.684535795348 
  0.96446195   1.77379548 102.94780774  561.830444842577 559.043214657356 2.787230185221 
  0.96446195   1.77388476 103.00000000  562.159624919295 561.918478170394 0.241146748901 
  0.96446195   1.64861409 111.87344480  562.224275633693 561.292099065115 0.932176568578 
  1.00254234   1.64408587 107.02606257  565.116011381149 562.703610637853 2.412400743296 
  0.96446195   1.67925684  94.05348046  568.056050896645 570.324302938774 -2.268252042129 
  0.96911792   1.61949176 103.00000000  571.854563936591 575.638864140658 -3.784300204067 
  0.96446195   1.64561350  96.94627655  572.846308872104 576.763420660205 -3.917111788101 
  0.96446195   1.69561642 112.24964407  574.764001846313 576.886718609552 -2.122716763239 
  0.96446195   1.68888476 112.46231156  578.820103764534 578.081015231704 0.739088532830 
  1.02099043   1.68738223 103.00000000  579.534258723259 579.637483872673 -0.103225149414 
  0.96446195   1.61888476 103.00000000  580.441377744079 578.567661630865 1.873716113213 
  0.92791619   1.68888476 109.70289256  580.520383909345 579.609136244214 0.911247665130 
  0.96446195   1.76553577 105.61458057  584.162599295378 582.493277298073 1.669321997305 
  0.91901005   1.72716987 103.00000000  585.097122177482 584.012356852449 1.084765325033 
  0.96446195   1.68888476  93.46733668  586.194010958076 585.955226624263 0.238784333813 
  0.92790283   1.68888476  96.19176163  586.290373459458 588.047455887609 -1.757082428150 
  1.00694046   1.68888476 109.05052532  593.271033927798 591.202220834179 2.068813093619 
  0.96723788   1.68888476 112.56709227  595.564583837986 593.030479306175 2.534104531811 
  0.95551938   1.77497920 103.00000000  598.452052548528 596.142166016470 2.309886532058 
  0.96446195   1.71174714 111.70067384  599.384766414762 599.843413762106 -0.458647347344 
  0.96446195   1.65474845  95.67536598  602.966154038906 602.005605070732 0.960548968174 
  1.01209057   1.64988052 103.01542151  606.817094326019 609.335382431130 -2.518288105111 
  0.96446195   1.77763819 103.00000000  607.408546879888 609.956486629858 -2.547939749970 
  1.00390405   1.63894062 106.29512621  610.827340722084 608.958131521742 1.869209200342 
  1.02265994   1.68738545 103.00000000  613.251267969608 611.691946622766 1.559321346842 
  0.96446195   1.66415801 112.92023195  615.503122210503 615.139084800501 0.364037410002 
  1.00630919   1.64018890 103.00000000  616.739065796137 618.483127232344 -1.744061436207 
  0.95998075   1.75107782  93.54594833  619.913836821914 619.843982429834 0.069854392080 
  0.95111652   1.71685547  92.95074691  620.911380469799 620.425746477688 0.485633992111 
  0.96446195   1.63459538  98.03565072  624.080137729645 628.506983988081 -4.426846258437 
  1.01517594   1.73580803 103.00000000  631.526504799724 631.462836677375 0.063668122349 
  0.97354681   1.68888476 112.74850528  632.620413169265 631.883988999205 0.736424170060 
  0.91731462   1.72290660 104.54637546  634.202002599835 633.127785188488 1.074217411348 
  0.96446195   1.61989539 109.13684979  634.617395505309 632.780999474079 1.836396031230 
  0.93482421   1.76334593 103.00000000  638.995394796133 637.013503515913 1.981891280220 
  0.97320610   1.68888476 112.79606184  639.560086935759 636.269125977246 3.290960958513 
  1.02427979   1.69367216 103.00000000  639.726698279381 640.197581735601 -0.470883456220 
  0.96446195   1.75629947  93.59112258  642.177970916033 640.904174682614 1.273796233419 
  0.95425022   1.68888476 112.85660202  642.880040764809 642.140967690882 0.739073073926 
  0.92882897   1.73696891  95.88660593  644.205274552107 642.326428370686 1.878846181421 
  1.02446195   1.68888476 103.00000000  644.789181694388 645.638399698348 -0.849218003959 
  0.96446195   1.68888476  93.00000000  645.975271135569 647.830806946138 -1.855535810570 
  0.96446195   1.78135198 102.74494164  653.533166244626 650.215677551712 3.317488692914 
  1.02421632   1.70043884 103.91487227  654.160589307547 657.551298574584 -3.390709267037 
  0.96446195   1.61304655 106.85459640  655.595619753003 656.701484238063 -1.105864485060 
  0.96446195   1.61432161 103.00000000  657.506178110838 659.723530964425 -2.217352853587 
  0.99914076   1.68888476 111.03817666  663.170038774610 660.350073740137 2.819965034473 
  0.96446195   1.68888476 113.16582915  663.650808125734 662.793355471714 0.857452654020 
  0.95778928   1.78497660  99.11308500  665.245231047273 664.775142883400 0.470088163873 
  1.00104124   1.76191771  97.53579963  667.402919739485 666.542809569235 0.860110170250 
  0.95373825   1.77986304 103.00000000  667.837665244937 668.094178857502 -0.256513612565 
  0.96446195   1.61388476 103.00000000  671.460939154029 667.810133814201 3.650805339828 
  0.98411672   1.77600186 103.41356831  672.164443984628 670.567050065620 1.597393919008 
  1.01889299   1.71619926  97.80738113  673.724387496710 674.844239639067 -1.119852142357 
  0.96446195   1.61201433 103.99679347  674.315910249949 676.021745838620 -1.705835588671 
  0.96446195   1.68888476  92.76381910  678.450231745839 680.337306617974 -1.887074872135 
  0.90946195   1.68888476 103.00000000  681.853436827660 684.877423489377 -3.023986661718 
  0.92483566   1.63325913 103.00000000  684.006361320615 685.170919236273 -1.164557915658 
  0.95969103   1.78293190 103.00000000  690.865014240146 687.418682435185 3.446331804960 
  0.97222654   1.68888476 113.26162730  692.626301050186 689.912005372040 2.714295678146 
  0.96446195   1.78391960 103.00000000  693.164626955986 693.914806899904 -0.750179943918 
  1.00743054   1.63521818 103.00000000  696.517822012305 696.492630769115 0.025191243190 
  1.01241675   1.64651132 107.08301926  697.367611497641 697.433365971162 -0.065754473521 
  0.96446195   1.75323847 108.99452610  698.012653410435 700.188724810332 -2.176071399897 
  0.96446195   1.69280758  92.47519653  704.283310383558 699.718273817457 4.565036566101 
  0.96446195   1.76228692 107.78603218  705.126888200641 700.987384588688 4.139503611953 
  0.96446195   1.76097255 108.01690591  706.073950320482 704.402668546487 1.671281773995 
  0.98207268   1.78531947  99.00679883  708.550890773535 706.681500907518 1.869389866016 
  0.91294101   1.68888476 107.13455655  708.724204942584 708.835700173091 -0.111495230507 
  0.96547318   1.68048762  92.95427919  709.006310969591 708.415633356394 0.590677613197 
  1.02763819   1.68888476 103.00000000  709.172119632363 710.112526394719 -0.940406762356 
  0.95053671   1.75854926 107.95439400  712.924649730325 713.024992784705 -0.100343054380 
  0.91105455   1.71698292 103.00000000  715.198585793376 714.789126979379 0.409458813997 
  0.96446195   1.60949223 104.37079153  715.732257574797 716.794434479626 -1.062176904830 
  0.90851981   1.68888476 101.73244098  716.805993154645 719.846367241995 -3.040374087350 
  0.94482568   1.64119986  96.90542492  717.903989747167 720.088801329883 -2.184811582716 
  0.94926897   1.61163813 107.11630154  718.709556713700 720.567229705421 -1.857672991721 
  0.92222192   1.68888476 110.20395875  722.835016176105 725.262635967557 -2.427619791453 
  0.90975965   1.66715687 104.24029139  723.468230977654 725.112286763455 -1.644055785800 
  0.96446195   1.65878540  94.30993108  725.836693331599 726.348190241711 -0.511496910112 
  1.00452502   1.68888476 110.96963456  729.430338546634 726.634471439552 2.795867107082 
  0.95220466   1.77876348  95.56424625  732.777015015483 730.703755020397 2.073259995086 
  0.96446195   1.79189008 100.04869604  738.782076030970 740.856747385468 -2.074671354498 
  1.00090993   1.63071103 100.85990891  739.633961632848 743.031839287739 -3.397877654891 
  0.94994987   1.65941031  94.47138075  743.753221556544 743.187342253392 0.565879303152 
  1.02946195   1.68888476 103.00000000  746.396626695991 748.297003453853 -1.900376757863 
  0.96446195   1.70337148  91.83038838  747.303992763162 747.620858878750 -0.316866115588 
  1.01540801   1.74594579 104.05679756  750.765831276774 749.838827043553 0.927004233221 
  0.90703518   1.68888476 103.00000000  751.660626366735 751.730634074890 -0.070007708155 
  0.96446195   1.68888476 113.86934673  754.079602137208 752.931678893672 1.147923243536 
  0.96999938   1.61770377 110.50484839  755.366753563285 756.504470297330 -1.137716734045 
  0.95759089   1.65000260  94.97143969  755.637563988566 758.113375387308 -2.475811398741 
  0.96446195   1.70705381  91.67397994  758.063314855099 759.118511283737 -1.055196428638 
  0.96446195   1.60659091 105.99673714  759.492120385170 762.834677833902 -3.342557448732 
  0.96446195   1.60888476 103.00000000  759.861025780439 764.383265721696 -4.522239941257 
  1.01138829   1.64227824 100.35591451  762.728381663561 766.542560797249 -3.814179133689 
  0.96492083   1.73376559  91.53284771  768.234574079514 770.348197688618 -2.113623609104 
  1.02534639   1.66092314 102.46360465  770.467811793089 772.889866935721 -2.422055142632 
  0.96446195   1.63768356  96.21693572  770.543055370450 772.869969764886 -2.326914394436 
  1.02005335   1.68679927 108.54991345  773.767265841365 774.242439553122 -0.475173711757 
  0.96446195   1.60934291 108.70604081  775.778761088848 775.809401293454 -0.030640204606 
  0.96446195   1.79020101 103.00000000  776.848693341017 782.179029687119 -5.330336346102 
  0.96446195   1.60804020 103.00000000  780.134277820587 781.433110778962 -1.298832958374 
  0.96446195   1.68888476  92.06030151  785.785215243697 782.114799489915 3.670415753783 
  0.98490766   1.78076494  95.41803993  787.948717176914 785.961709674925 1.987007501989 
  0.97804563   1.65680310 113.84003353  787.999690398574 786.679374805098 1.320315593476 
  0.96446195   1.74379475  91.62528484  788.499074876308 787.375530180134 1.123544696174 
  0.91033771   1.72080154 104.52105342  790.505704179406 790.031821388514 0.473882790892 
  0.96446195   1.78666594  95.31063712  790.741253361106 790.561948408250 0.179304952856 
  0.90660057   1.68888476 100.88694331  792.322982847691 791.865869470475 0.457113377215 
  0.95631259   1.78826874 103.57291419  792.803358316422 796.290535956146 -3.487177639724 
  1.03033129   1.71517184 101.65596552  795.676939547062 798.264745961363 -2.587806414301 
  0.95965473   1.60657207 103.46794583  797.931741863489 796.793310997043 1.138430866446 
  0.92827979   1.72067463 110.32596820  800.026777416468 798.468080141069 1.558697275399 
  0.97358087   1.79057027 103.00000000  800.372605979443 799.053651967470 1.318954011972 
  1.01931029   1.64377182 103.00000000  801.061441168189 798.756940856957 2.304500311232 
  0.96446195   1.79512913 101.15824046  802.588508903980 799.703650010711 2.884858893269 
  0.96446195   1.77359061  93.24990927  802.920750156045 804.229273164221 -1.308523008177 
  1.00961321   1.63101398 102.34462895  806.039968043566 804.969579674525 1.070388369041 
  1.02907604   1.71508542 104.24649824  809.754050284624 809.271147678924 0.482902605700 
  0.96446195   1.61322000 110.52883875  810.717990279198 811.930506571093 -1.212516291895 
  0.96488777   1.79476285  96.91768139  817.337176680565 819.405611615590 -2.068434935025 
  1.01133801   1.63511969 107.85199192  819.977189034224 818.491009960492 1.486179073732 
  0.91182675   1.68888476 108.48894406  821.914176642895 820.028329814965 1.885846827930 
  0.96446195   1.79638654  97.55789935  825.410909935832 823.529794153283 1.881115782549 
  0.96446195   1.79767753  98.38383370  826.132589012384 826.265923447292 -0.133334434908 
  0.90446195   1.68888476 103.00000000  828.993627071381 826.477315658658 2.516311412723 
  1.03159423   1.67264999 103.00000000  832.865177214146 834.675754936590 -1.810577722444 
  1.02067603   1.74889756 103.00000000  837.238518029451 835.848836118597 1.389681910854 
  0.98015009   1.73804365 111.38474720  838.592572689056 834.961380470092 3.631192218964 
  0.90705656   1.68888476  99.28222975  838.848231330514 840.243004100966 -1.394772770452 
  0.97315550   1.79369393 103.00000000  839.222614049911 843.150165257828 -3.927551207916 
  1.01432573   1.66525685 110.46301202  841.864070251584 841.178827651880 0.685242599704 
  0.93210016   1.65533028  95.50959562  841.943943232298 842.741345974919 -0.797402742621 
  1.01339207   1.64603847  98.86889893  842.248920992017 845.877299074854 -3.628378082837 
  0.95120069   1.64011176  95.59594693  842.778630912304 846.525366841714 -3.746735929410 
  0.96446195   1.60574304 102.55102929  846.763888671994 847.200721703858 -0.436833031863 
  0.96446195   1.68888476 114.57286432  850.815254077315 848.424923527025 2.390330550290 
  1.02043844   1.75121647 103.00000000  854.224229931831 852.761386698653 1.462843233178 
  0.98708384   1.70294950 113.35199573  856.093043506145 852.660580840901 3.432462665244 
  1.03446195   1.68888476 103.00000000  856.203544512391 857.229692323236 -1.026147810845 
  0.95104189   1.79244798 103.00000000  856.262334555387 860.003694329364 -3.741359773977 
  0.96446195   1.60286644 107.65300938  859.267710998654 859.137077915509 0.130633083145 
  0.99833562   1.74130108  92.55152531  861.171550869942 860.480774678462 0.690776191479 
  0.98017984   1.68888476  91.80600057  862.799214318395 861.208639265525 1.590575052870 
  0.96885718   1.76780974 108.74184333  863.588353991508 862.119920944183 1.468433047325 
  1.01824842   1.75973830  99.19292266  863.679641574621 867.081610807655 -3.401969233034 
  0.96446195   1.60150654 105.22772653  866.677595719695 866.845916606562 -0.168320886867 
  0.96446195   1.73504416 112.30114430  868.060366228223 869.175440597828 -1.115074369605 
  0.96446195   1.60388476 103.00000000  872.125035017729 868.481160066893 3.643874950836 
  0.99710915   1.68888476 113.12783254  872.977234005928 870.354721764918 2.622512241010 
  0.96446195   1.80112225 100.26871852  873.631340205669 873.488200294292 0.143139911377 
  1.03517588   1.68888476 103.00000000  876.620518848300 873.281791459626 3.338727388674 
  0.96446195   1.70395953 114.23758439  876.706062942743 873.863067616925 2.842995325818 
  0.96446195   1.79648241 103.00000000  877.230264261365 874.570259150352 2.660005111013 
  0.92269316   1.76622176 103.00000000  878.325936242938 874.694855804088 3.631080438850 
  0.97814851   1.77158694 108.01321032  878.675475776196 874.968552719204 3.706923056992 
  0.96446195   1.72699560  90.68848994  879.556456029415 880.059061033729 -0.502605004314 
  0.90586026   1.68888476  99.16841219  879.829914316535 880.382913644538 -0.552999328003 
  0.94316985   1.68888476  92.10027520  880.039159744978 882.255302109623 -2.216142364645 
  0.96446195   1.61887339 112.41408896  881.652804672718 882.132969788854 -0.480165116136 
  0.96107903   1.70061761 114.45650623  887.365973696113 886.571789312393 0.794184383720 
  1.02826379   1.73705279 103.00000000  888.265955731273 887.453497025718 0.812458705554 
  1.02141005   1.68888476 109.64224478  889.166494846344 888.220416842782 0.946078003562 
  0.96446195   1.68888476  91.35678392  889.284944251180 891.358741398051 -2.073797146871 
  0.90231321   1.68702371 103.00000000  890.314502432942 892.274652353597 -1.960149920654 
  0.96446195   1.61518859  98.95108370  891.036251679063 892.973200072238 -1.936948393175 
  0.97650415   1.80077781 100.79463412  894.659872829914 896.247021971270 -1.587149141356 
  0.96446195   1.79666202 103.46617042  899.332418799400 897.401873612563 1.930545186838 
  0.95362000   1.79925711 101.48082021  901.302600607276 898.386216138217 2.916384469059 
  0.96446195   1.60581151 109.93103153  901.823965862393 896.493830765689 5.330135096705 
  1.02175520   1.75372302 103.00000000  901.840204417706 901.106730077201 0.733474340505 
  0.92929929   1.77785922 103.00000000  902.601534470916 901.236056362934 1.365478107982 
  0.96446195   1.75143658  90.97520461  903.996434703469 900.972332596036 3.024102107433 
  1.03022504   1.65578239 103.00000000  904.268182367086 906.660396861253 -2.392214494167 
  1.03173064   1.66878075 106.22111247  908.596796259284 909.794189553482 -1.197393294198 
  1.03667274   1.70145627 103.00000000  909.098326504230 910.898048804582 -1.799722300352 
  0.96446195   1.79888476 103.00000000  910.018761649728 910.960102796092 -0.941341146364 
  1.00981251   1.68888476  93.75134251  910.219916462898 910.442813295599 -0.222896832700 
  0.91015491   1.64715501 107.70842368  911.604785412550 913.909838412191 -2.305052999641 
  0.94065473   1.68888476  92.06321299  912.027349814773 913.868079770025 -1.840729955253 
  0.96446195   1.60175879 103.00000000  914.639385357499 915.071358789765 -0.431973432265 
  0.90941147   1.68888476  97.08813893  914.771838277578 916.646508951784 -1.874670674206 
  0.90597806   1.72757044 103.00000000  915.697544127703 917.881058196663 -2.183514068961 
  1.00691201   1.62976908  99.60629661  918.523435041308 920.472885744654 -1.949450703345 
  0.96446195   1.70876003  90.57778986  919.956670045853 921.081994327890 -1.125324282037 
  0.90919675   1.74281503 101.27032227  927.961823284626 927.179405641391 0.782417643235 
  1.03713820   1.68176541 103.00000000  928.337696671486 929.493276684990 -1.155580013504 
  0.90099346   1.69267000 103.00000000  934.142789468169 935.174518470684 -1.031729002515 
  0.96446195   1.62583713 113.75434737  936.563558414578 936.537178253321 0.026380161257 
  0.98404609   1.74546687  90.92191006  942.563195466995 941.788236606048 0.774958860947 
  1.02424265   1.63888768 103.00000000  946.689941138029 950.205244822322 -3.515303684293 
  0.96446195   1.62091769  97.22890190  948.209000512958 953.863425547172 -5.654425034214 
  0.96446195   1.78523364  92.78052716  956.793289661407 954.664315369583 2.128974291825 
  0.94077006   1.75505749 110.06991472  959.828183516860 956.332422466057 3.495761050803 
  1.03445064   1.72843012 103.00000000  962.844052121043 962.488625257295 0.355426863748 
  0.96446195   1.80276382 103.00000000  968.445178836584 970.914872560161 -2.469693723577 
  0.91238949   1.75391367 103.00000000  970.921365603805 971.021032495605 -0.099666891801 
  1.03946195   1.68888476 103.00000000  972.855770081282 972.200388548475 0.655381532807 
  1.03561808   1.70957665 105.42179411  972.903701663017 972.351699372232 0.552002290786 
  0.95552891   1.63552324  95.05513294  972.978254929185 973.503488327607 -0.525233398423 
  0.98327293   1.64927645  93.87050706  974.816086500883 977.158755475141 -2.342668974258 
  0.96446195   1.70909283 114.73353984  975.031894549727 978.277069029609 -3.245174479882 
  0.99373301   1.68888476  91.74533809  975.546223655343 977.479671809012 -1.933448153669 
  0.96446195   1.59888476 103.00000000  980.895223259926 980.302284285313 0.592938974613 
  0.89949749   1.68888476 103.00000000  981.203625157475 982.161518179824 -0.957893022349 
  0.96446195   1.78993475 106.51376880  981.752360731363 983.391833285556 -1.639472554193 
  0.89946195   1.68888476 103.00000000  982.063903406262 983.331480375433 -1.267576969171 
  0.95671278   1.64396351  93.98398314  988.023845866323 986.371323771025 1.652522095298 
  0.97619240   1.76772715 109.81068395  990.528270110488 991.540483058768 -1.012212948280 
  0.97349982   1.80131471 103.74652550  993.991798236966 993.363208717388 0.628589519578 
  1.01559335   1.75181774  94.26976962  996.396048232913 993.039044906070 3.357003326843 
  0.96446195   1.79253002 106.13553325  997.399967968464 994.505976008098 2.893991960366 
  0.96579691   1.59721361 108.31793437  998.611498177052 993.497471786482 5.114026390569 
  0.93563295   1.78088553 105.89319454  999.105347126722 997.546322154459 1.559024972263 
  1.01035393   1.68888476 112.65572844  1001.280019938946 1000.578564500988 0.701455437958 
  0.93342338   1.63091174  96.93137629  1002.214828357100 1003.865633541234 -1.650805184133 
  1.00609713   1.68888476  92.60366320  1003.870463266969 1004.102178251724 -0.231714984755 
  0.96446195   1.68888476  90.65326633  1005.970646157861 1008.139653595496 -2.169007437636 
  0.96446195   1.76600175  90.75933577  1009.989858806133 1008.615946099152 1.373912706982 
  1.03720481   1.68888476 106.45698866  1010.715787559748 1011.271064748545 -0.555277188797 
  0.92621603   1.78202779 103.00000000  1011.425880193710 1011.513468234833 -0.087588041122 
  0.90735530   1.74478330 103.00000000  1014.599823057652 1016.926807247139 -2.326984189488 
  0.97459378   1.59855021 103.00000000  1015.814317256212 1016.102666409310 -0.288349153098 
  0.97268103   1.76137810 110.89826208  1018.269353181124 1017.289837289899 0.979515891225 
  0.98695933   1.68888476 115.01461932  1020.498297035694 1017.503446994546 2.994850041148 
  1.00419311   1.61198491 103.00000000  1020.664501532912 1020.701167244328 -0.036665711415 
  0.90832772   1.74827032 103.00000000  1022.030178040266 1022.726096411183 -0.695918370917 
  0.91520422   1.76511090 103.00000000  1024.227600738406 1026.629360192906 -2.401759454500 
  0.93121136   1.71445071 113.11963933  1024.405095160007 1027.744940818032 -3.339845658024 
  0.96446195   1.59936745 101.84519695  1028.397291883826 1026.243395173545 2.153896710282 
  0.97122715   1.81088016 100.54276017  1028.923279121518 1029.787706379998 -0.864427258480 
  0.89819761   1.68176463 103.00000000  1029.497211679816 1030.048746429355 -0.551534749538 
  0.95764194   1.61368471  97.95380971  1031.874201118946 1030.434963730630 1.439237388317 
  0.89985783   1.71434045 103.00000000  1033.086405441165 1032.006584488743 1.079820952422 
  1.01858333   1.68888476 111.70280573  1037.522454708815 1034.545126892195 2.977327816620 
  0.93438637   1.78625522 105.04110474  1041.934985220432 1038.213482207279 3.721503013154 
  1.01149709   1.70250367 112.40072834  1043.644283831120 1039.976379075305 3.667904755814 
  0.96446195   1.75796138 111.56029010  1044.401814937592 1041.683957855365 2.717857082226 
  1.00466133   1.78322377  94.93669381  1046.132405757904 1042.473947750858 3.658458007046 
  0.96446195   1.80772559  95.45947712  1046.207802250981 1046.870313143035 -0.662510892054 
  0.96446195   1.74905589  89.85520080  1046.264087319374 1045.669474784223 0.594612535151 
  0.91224051   1.70796106 110.40798644  1048.729316249490 1050.244625493196 -1.515309243706 
  1.04271357   1.68888476 103.00000000  1049.558304339647 1050.099886383359 -0.541582043712 
  0.96446195   1.59407480 104.25655079  1049.849759578705 1051.255278789217 -1.405519210512 
  0.99989552   1.79418725 103.00000000  1050.911755263805 1054.982863369305 -4.071108105500 
  1.01797306   1.77411550 103.00000000  1055.502956390381 1056.104119660190 -0.601163269809 
  0.96446195   1.59332371 107.33918400  1058.107620880008 1053.508189195196 4.599431684812 
  0.96446195   1.59547739 103.00000000  1058.252175062895 1061.034164701758 -2.781989638863 
  1.02520921   1.76779201 100.05887002  1065.634319588542 1068.947839353401 -3.313519764859 
  0.89785519   1.68888476 100.82686590  1065.664209738374 1067.301545286351 -1.637335547977 
  0.96446195   1.80888476 103.00000000  1065.680647775531 1068.439802837870 -2.759155062339 
  0.89748897   1.67509919 103.00000000  1069.670795232058 1067.664398934824 2.006396297233 
  0.93020458   1.71759471 113.13031724  1070.054330855608 1069.443659035766 0.610671819842 
  0.96446195   1.80904523 103.00000000  1071.232850044966 1071.043512321422 0.189337723543 
  0.89687567   1.69043297 103.00000000  1072.479634344578 1070.972569071849 1.507065272729 
  0.95131379   1.59610653 103.00000000  1075.087314009666 1071.133750935751 3.953563073915 
  0.98381818   1.78306458 108.03837294  1075.199087321758 1073.628924977253 1.570162344505 
  1.04318243   1.68026202 103.00000000  1078.576402068138 1076.968640748460 1.607761319678 
  0.92588376   1.68888476 113.99550488  1081.748062387109 1081.058327525829 0.689734861279 
  1.01674206   1.68888476 112.46448493  1089.054575592279 1086.908512468796 2.146063123483 
  1.04446195   1.68888476 103.00000000  1090.149135515094 1092.980122755969 -2.830987240876 
  1.04024066   1.66127760 103.00000000  1091.273686602712 1094.047815927268 -2.774129324556 
  0.96446195   1.67760620 116.44500618  1091.413440585136 1094.108122670978 -2.694682085842 
  0.96446195   1.60676990 112.80595432  1091.561069652438 1092.347982320420 -0.786912667982 
  0.98835183   1.80976437 100.30641302  1094.395918369293 1096.686910783114 -2.290992413821 
  0.96446195   1.61937054  96.32481370  1095.946086227894 1095.034980789606 0.911105438288 
  0.93274850   1.79190807  95.32895077  1096.803970694542 1095.960506222676 0.843464471866 
  0.96446195   1.72955201  89.30447940  1096.845304518938 1097.149588609976 -0.304284091038 
  1.03644620   1.69944703  96.69659964  1098.262179061770 1098.347980835320 -0.085801773550 
  0.99848838   1.79845409 103.00000000  1099.606804117560 1101.190958239098 -1.584154121538 
  0.96446195   1.59388476 103.00000000  1103.588336303830 1100.049577469316 3.538758834514 
  1.01124501   1.76185123 108.02668911  1104.449339941144 1101.842527073097 2.606812868047 
  1.02082859   1.73820613  93.34703512  1105.893265753984 1103.102471182410 2.790794571574 
  0.96446195   1.80353776 105.21984383  1106.693185240030 1104.538132072462 2.155053167568 
  0.91781922   1.77619822 103.00000000  1106.738400548697 1104.772840622668 1.965559926029 
  0.96925853   1.81604126 100.51513369  1107.486006334424 1108.381969160801 -0.895962826377 
  0.96446195   1.77609634 110.00136829  1108.332527920604 1107.493459149727 0.839068770877 
  1.00722092   1.68888476  91.98235406  1109.160157337785 1108.662930379756 0.497226958029 
  0.99192657   1.68888476  90.80745724  1110.277972236276 1108.715884172032 1.562088064244 
  1.02826045   1.63936070 108.11593637  1111.305212095380 1109.497497038365 1.807715057015 
  1.01612753   1.68888476  92.96607843  1111.794818952680 1112.173324563926 -0.378505611246 
  0.95560219   1.80810159  94.67328655  1112.390682578087 1114.980957907038 -2.590275328951 
  1.02733648   1.68888476 110.80980409  1112.774961680174 1113.709736016842 -0.934774336669 
  0.89765733   1.66217634 103.00000000  1116.224809080362 1115.410617977878 0.814191102484 
  0.97872401   1.59843686 101.52332304  1116.916054502130 1117.395646825851 -0.479592323721 
  0.89755001   1.66208421 103.00000000  1117.660402268171 1119.560580183176 -1.900177915005 
  0.95283071   1.68888476  90.20975154  1119.047352239490 1121.414017124074 -2.366664884585 
  0.99221450   1.80433629 103.00000000  1122.793685436249 1124.345379131772 -1.551693695524 
  0.98952317   1.60819112 111.74411226  1125.437317267060 1123.565242789700 1.872074477360 
  0.91135911   1.62926494 109.39044031  1126.767456382513 1127.810205881420 -1.042749498907 
  0.99273860   1.68888476 115.38426620  1127.881473273039 1128.079118272307 -0.197644999268 
  0.96446195   1.68940299  89.94789323  1127.985160246491 1129.006434986898 -1.021274740407 
  0.94270558   1.70137016  90.19120500  1128.037696138024 1129.861121340486 -1.823425202462 
  0.96891078   1.80994539  94.36773884  1130.259684473276 1131.733622663264 -1.473938189988 
  1.03122837   1.63605184 103.00000000  1131.400124430656 1131.917229910568 -0.517105479912 
  0.89579934   1.70450092 103.00000000  1131.982209339738 1132.699213345054 -0.717004005316 
  0.96446195   1.68888476  89.94974874  1133.895580932498 1132.527390730164 1.368190202334 
  1.04624929   1.69739362 103.00000000  1134.458784624934 1136.293827005638 -1.835042380704 
  0.99140010   1.80797783  96.15497548  1135.181697472930 1137.899867073193 -2.718169600263 
  0.98431548   1.68341132  90.52674903  1135.318905442953 1136.277280862942 -0.958375419988 
  0.98698173   1.74349356  89.64612839  1136.932516559958 1136.337860485869 0.594656074090 
  1.04000735   1.65461038 103.00000000  1139.161443516612 1138.312624794354 0.848818722258 
  1.02410682   1.71772366  93.25129842  1140.392555162311 1139.594536740483 0.798018421827 
  0.96886953   1.71200788 115.65398260  1141.586595073342 1144.052893494543 -2.466298421201 
  1.03497341   1.64220561 105.54880210  1142.089669212699 1144.129178818355 -2.039509605656 
  0.99025364   1.69397772  90.30562292  1147.095257371664 1143.883919215223 3.211338156441 
  0.96446195   1.81388476 103.00000000  1147.622213646770 1150.664851711405 -3.042638064636 
  0.96979198   1.81382988 103.00000000  1154.491043359041 1151.610402951612 2.880640407429 
  0.96446195   1.68690912  89.93759556  1154.816107779741 1150.000075915792 4.816031863950 
  1.00004910   1.72824684 113.16586260  1155.717119425535 1152.891175711202 2.825943714334 
  0.96552386   1.81418031 103.00000000  1157.372445672750 1155.055745978435 2.316699694316 
  0.89446195   1.68888476 103.00000000  1159.206253036857 1155.962146963813 3.244106073043 
  1.02233682   1.75266599  93.73291654  1163.127517297864 1162.107611920070 1.019905377794 
  0.96446195   1.77765698 110.28856276  1166.903979122639 1163.161382924627 3.742596198012 
  1.04410132   1.68888476 106.28054869  1167.849131330848 1167.989903005312 -0.140771674465 
  0.96446195   1.82071889  99.51863650  1168.129639402032 1170.492089331174 -2.362449929142 
  1.03166076   1.63428023 106.21524799  1170.674186602235 1169.497221433308 1.176965168927 
  1.04336812   1.68888476 106.72471056  1171.472618669271 1171.378150787341 0.094467881931 
  0.92443214   1.68888476 114.48715916  1173.818230852485 1173.279069545692 0.539161306792 
  0.93666589   1.68888476  90.76011059  1173.872345775366 1173.228087641558 0.644258133808 
  0.96446195   1.81532663 103.00000000  1178.778653353453 1174.791378762685 3.987274590768 
  0.96446195   1.71922132 115.51099791  1178.818686783314 1175.716363654498 3.102323128815 
  0.96553896   1.74321603 113.90767196  1178.974055916071 1177.948890672297 1.025165243774 
  0.94423529   1.68888476  90.23392549  1179.352654591203 1181.316958756581 -1.964304165378 
  0.97431521   1.78509052  90.61609274  1181.007962092757 1182.450148899355 -1.442186806598 
  1.02719462   1.62623725 103.00000000  1181.891260772943 1183.780135554880 -1.888874781936 
  0.90919622   1.68888476  94.45980687  1183.455263972282 1183.514278387440 -0.059014415157 
  0.96306363   1.63522434 116.36872405  1184.236197739840 1183.904374906806 0.331822833033 
  1.00156952   1.68641058 115.10042366  1184.607275217772 1185.893829729627 -1.286554511856 
  0.95484987   1.67412137  90.50075266  1184.890978187323 1188.328437546297 -3.437459358975 
  0.97801891   1.59218320 103.00000000  1185.195259809494 1189.385590163638 -4.190330354144 
  0.91454990   1.61428226 103.00000000  1187.865392282605 1189.664150561211 -1.798758278606 
  1.01702538   1.62221680 109.99910985  1189.372125849128 1188.734037671509 0.638088177618 
  0.99993394   1.78797962  92.61229263  1201.972107857466 1199.592253244920 2.379854612546 
  1.04168721   1.72114552 106.23751084  1208.288639798760 1210.010994375273 -1.722354576513 
  0.97251102   1.75173830 113.33624291  1209.832281202078 1210.412230191218 -0.579948989140 
  1.04916275   1.68888476 102.95286985  1210.123460382223 1211.392229896620 -1.268769514397 
  1.01708933   1.68888476  92.36711181  1211.149943530560 1210.204911138499 0.945032392061 
  0.89295031   1.68696576 103.22894679  1213.711273118854 1211.715181767472 1.996091351382 
  0.92749029   1.80059714 101.43409290  1214.884825170040 1212.847205222912 2.037619947128 
  1.04946195   1.68888476 103.00000000  1216.188538923860 1219.346822820687 -3.158283896827 
  0.96446195   1.58919598 103.00000000  1217.791849076748 1219.729379446231 -1.937530369484 
  0.95198128   1.78594896 109.34719026  1221.887898907065 1222.533958289095 -0.646059382029 
  0.91826030   1.67280547 114.24544666  1223.757369622588 1223.951126472606 -0.193756850018 
  0.99496317   1.80913944 103.00000000  1227.315257787704 1227.829026117151 -0.513768329447 
  0.96446195   1.58888476 103.00000000  1229.484012484550 1227.930560449899 1.553452034651 
  0.89712833   1.73160081 103.00000000  1230.177609026432 1229.717663240301 0.459945786131 
  1.00071135   1.62420773 113.73404549  1231.413488134742 1228.571506924463 2.841981210279 
  0.93886778   1.72457423  89.47286615  1233.686490610242 1234.682159343348 -0.995668733106 
  0.95628374   1.81592480 103.64836344  1238.143762409687 1236.587702011537 1.556060398150 
  0.96446195   1.82395223  96.97686962  1238.215373739600 1237.621562361841 0.593811377759 
  1.01922712   1.64920794 112.91518687  1240.642824813724 1236.241473778977 4.401351034747 
  1.05025126   1.68888476 103.00000000  1241.013919010758 1239.791673151293 1.222245859466 
  0.90566862   1.74377594  95.50481041  1243.402712687850 1244.390908993747 -0.988196305897 
  0.95854294   1.68888476  89.40461638  1244.795584425330 1245.815705065616 -1.020120640286 
  0.89195980   1.68888476 103.00000000  1246.869641944766 1248.442656310317 -1.573014365551 
  0.98079203   1.82235377 100.54571102  1254.132398262620 1250.782782633672 3.349615628948 
  1.04977444   1.68888476 104.76584733  1255.387438431382 1256.358685268001 -0.971246836619 
  0.94909996   1.81681772 103.00000000  1260.636149257421 1261.066427544699 -0.430278287278 
  0.94083078   1.68888476 116.63453350  1262.221706897020 1265.836553487947 -3.614846590927 
  0.96446195   1.68888476  89.24623116  1264.062457799911 1264.590995940453 -0.528538140541 
  1.02887979   1.65714723 111.68258896  1265.306348860264 1264.389857246185 0.916491614079 
  0.96446195   1.58448047 107.22510931  1266.020329818130 1264.971107961294 1.049221856835 
  1.00005861   1.59769114 103.00000000  1266.939720883965 1269.960556993420 -3.020836109455 
  0.96446195   1.58600449 109.13181784  1267.686910033226 1271.090154679878 -3.403244646652 
  0.90196314   1.63084117 102.81472727  1270.578598603606 1274.804685983679 -4.226087380073 
  0.96446195   1.80131760 107.81677413  1282.599742829800 1277.386323045502 5.213419784297 
  0.96086210   1.73577325 115.13084019  1282.674877405167 1281.431579221477 1.243298183690 
  0.96446195   1.82160804 103.00000000  1284.618147730827 1281.998634956079 2.619512774748 
  0.99486500   1.68888476 116.23256262  1284.810659587383 1281.279601212541 3.531058374843 
  0.89805265   1.72037311 107.12158116  1284.925862267613 1284.675902071220 0.249960196393 
  0.96446195   1.81254528  92.58254790  1286.318351507187 1286.428555725004 -0.110204217817 
  1.05213398   1.69766461 103.00000000  1286.535958305001 1287.796005354429 -1.260047049428 
  0.93689309   1.81112819 103.00000000  1289.232270628214 1289.144904535403 0.087366092811 
  0.96412263   1.58660182 103.00000000  1290.580561265349 1288.818464673140 1.762096592209 
  0.97213815   1.75355079  88.38798026  1292.989939749241 1292.352012414665 0.637927334576 
  0.96396346   1.78235415  89.47995927  1293.160655304790 1292.755647763913 0.405007540877 
  1.01143953   1.68888476  91.16999074  1294.120153203607 1296.096886244185 -1.976733040579 
  0.97501317   1.58504900 104.88564430  1294.530891075730 1296.109043712999 -1.578152637269 
  0.92568308   1.67618685 115.77783895  1295.978870004416 1298.620868372423 -2.641998368008 
  1.02280385   1.63517618 111.79418665  1298.797758713365 1295.249714820639 3.548043892726 
  0.96446195   1.78923205  89.86502010  1299.802449315786 1301.371045208707 -1.568595892920 
  1.03552358   1.69740636  94.25816800  1300.023862019181 1301.299960736669 -1.276098717488 
  0.98088807   1.58840701 103.00000000  1303.436006650329 1306.299897066571 -2.863890416242 
  0.91366944   1.68888476 113.82589684  1311.361420109868 1311.245621400118 0.115798709750 
  1.01708103   1.79460633 103.00000000  1314.804377034307 1314.569101007580 0.235276026726 
  1.05187378   1.67903424 104.43474953  1317.247589603066 1316.397835864957 0.849753738110 
  1.03967640   1.67371026 110.08328607  1317.292822405696 1316.854428226285 0.438394179411 
  0.89110223   1.70801486 103.00000000  1317.677118182182 1318.049085007291 -0.371966825109 
  0.99753629   1.73167685  89.02405675  1318.169449701905 1317.628793978020 0.540655723885 
  0.93897335   1.81767287  96.36367701  1320.288638591766 1319.873930061904 0.414708529862 
  0.93892506   1.59879193 112.61862390  1322.829371884465 1322.739169280238 0.090202604228 
  1.04683385   1.68947370 107.87771045  1323.788528531790 1324.990500425305 -1.201971893515 
  0.89467426   1.65829518 107.73225000  1325.585512325168 1325.942821222505 -0.357308897337 
  1.00700169   1.76763923  90.61341241  1330.847554787993 1328.973609357364 1.873945430630 
  1.00049905   1.68888476 116.12733162  1333.818111613393 1334.213457857145 -0.395346243752 
  1.03597351   1.70471853  93.84705280  1333.994215652347 1335.107831649083 -1.113615996737 
  1.02490015   1.68888476  92.49648331  1337.727375045419 1335.734534509628 1.992840535790 
  0.96446195   1.82522280 102.91448726  1341.194149881601 1341.137270595093 0.056879286508 
  0.93925365   1.68888476  89.64178613  1343.233943477273 1343.884607819697 -0.650664342424 
  0.88946195   1.68888476 103.00000000  1345.505535572767 1344.908259013724 0.597276559043 
  0.99497724   1.68888476 116.63948624  1348.172114238143 1347.404390060045 0.767724178098 
  1.03947726   1.72850406 108.28269166  1349.399387359619 1348.456174956641 0.943212402978 
  0.95831321   1.80272992  90.76918397  1350.707716986537 1348.872434925193 1.835282061344 
  0.90735935   1.64527547 112.50814649  1350.902423396707 1349.867193861853 1.035229534854 
  1.05446195   1.68888476 103.00000000  1351.304286211729 1351.085108091858 0.219178119871 
  1.02455718   1.65129131 113.12448600  1353.807251498103 1353.105070723036 0.702180775067 
  0.90492438   1.61669900 104.82630181  1355.167042821646 1358.097412629606 -2.930369807960 
  0.96839367   1.58915424 111.98064019  1361.625763148069 1363.821674584860 -2.195911436791 
  0.94898384   1.70668123 117.02686725  1364.677814036608 1368.774921346808 -4.097107310200 
  0.99450899   1.68888476  89.48484247  1370.612809583545 1366.839253618659 3.773555964885 
  0.93085645   1.80266383  93.55516698  1372.307512521744 1369.977487215203 2.330025306541 
  0.92421046   1.72294737 114.27932887  1374.141514331102 1376.833600684851 -2.692086353749 
  0.94987721   1.70276934  88.48672562  1378.390739217401 1376.139891135050 2.250848082351 
  0.96446195   1.80261758 108.61553156  1383.166298866272 1377.957690234823 5.208608631449 
  0.96446195   1.78279902  88.85462036  1383.454216003418 1381.464676037052 1.989539966366 
  1.05574557   1.68888476 102.92722639  1383.639470562339 1385.376993983049 -1.737523420711 
  1.03166123   1.68888476 112.48319391  1385.063172891736 1386.210071742707 -1.146898850971 
  0.96446195   1.82788945 103.00000000  1389.365286722779 1392.509300965854 -3.144014243074 
  0.96446195   1.58291457 103.00000000  1390.809179112315 1391.575772022107 -0.766592909792 
  0.96446195   1.71176006  87.88867834  1396.964151442051 1392.267260845764 4.696890596287 
  1.02958526   1.73490583 110.52144478  1397.687627196312 1395.132384873059 2.555242323253 
  0.98650032   1.68888476  88.93873036  1397.899400487542 1400.157713926871 -2.258313439329 
  0.89545283   1.67271201  97.39401087  1398.568815633655 1400.965298083521 -2.396482449866 
  0.95777236   1.65510760  90.57637631  1398.716579034925 1402.811568934227 -4.094989899302 
  0.98625758   1.75296124 114.04637101  1399.054582014680 1405.215994937372 -6.161412922692 
  0.96446195   1.68888476  88.54271357  1401.924022585154 1404.398577471888 -2.474554886735 
  0.93771826   1.58390144 106.03254978  1407.773260429502 1403.766861013125 4.006399416377 
  0.96446195   1.58434724 111.17372504  1410.090622544289 1410.578885859689 -0.488263315400 
  1.04057742   1.68782140 110.85584227  1414.707023963332 1412.456057500798 2.250966462534 
  1.04227140   1.68888476 110.46425553  1417.654418647289 1417.306847613899 0.347571033390 
  1.03774359   1.70208103 111.15091682  1419.363148868084 1418.655082910952 0.708065957132 
  0.90647210   1.67214963  94.02474987  1419.681785196066 1421.329806684635 -1.648021488569 
  0.98665265   1.67782478 117.79669767  1421.311354503036 1421.792364952148 -0.481010449113 
  0.93125953   1.68888476  89.80094030  1421.613488391042 1424.147186308747 -2.533697917705 
  0.89757750   1.63463735 101.33481862  1424.344208359718 1424.276251712762 0.067956646957 
  0.98043882   1.68888476 117.89883301  1424.706752613187 1427.208156490432 -2.501403877245 
  0.96446195   1.60195059 115.23890163  1427.612825751305 1425.846281451240 1.766544300065 
  0.96446195   1.68154343  88.74472405  1428.413645789027 1430.447291203817 -2.033645414790 
  1.05324011   1.66007393 103.00000000  1428.742963135242 1431.777129607515 -3.034166472272 
  1.03707843   1.65844208  95.94961769  1429.738920211792 1432.073503939409 -2.334583727617 
  1.03417786   1.77907257 103.00000000  1439.803771764040 1438.021675426736 1.782096337304 
  0.91125094   1.68888476 114.34173310  1439.829102903605 1439.796918357279 0.032184546326 
  1.05778894   1.68888476 103.00000000  1439.847646281123 1441.616674260487 -1.769027979363 
  1.05692302   1.69790408 100.09382263  1440.907454714179 1442.726059257779 -1.818604543600 
  1.04948938   1.66039188  99.32839011  1441.307413265109 1444.864801051800 -3.557387786691 
  0.97979674   1.82674875  93.55479505  1448.056484147906 1446.129377449819 1.927106698087 
  0.96446195   1.79214483  88.95135022  1448.134381279349 1446.094021356863 2.040359922486 
  0.99270818   1.70142398  88.49597713  1449.260818988085 1449.674523099034 -0.413704110949 
  0.89341065   1.67313149 109.65942892  1451.498627603054 1458.421992222037 -6.923364618983 
  0.96446195   1.57793828 108.37071361  1456.901105508208 1455.780404539873 1.120700968335 
  0.94417770   1.68888476  88.76703394  1458.893762618303 1463.009497947245 -4.115735328942 
  0.96446195   1.59692753  97.64042743  1460.268652006984 1466.341812723867 -6.073160716883 
  1.03001011   1.67618686 113.59889029  1470.405763521791 1468.261793240378 2.143970281413 
  0.92807476   1.72063833 115.50949820  1470.677605584264 1472.794593063222 -2.116987478958 
  0.90480291   1.66552207 113.53296717  1471.404833078384 1472.470990450234 -1.066157371850 
  1.05428059   1.68888476 107.11038772  1471.413555875421 1472.779202911279 -1.365647035859 
  1.04883783   1.68292232  96.44638631  1472.728321820498 1472.780954866828 -0.052633046331 
  0.98905141   1.73508926  87.65790715  1474.361638426781 1475.092953583803 -0.731315157022 
  0.95020715   1.58091622 110.36027153  1475.000099614263 1474.205107337665 0.794992276597 
  0.94894612   1.83532280  99.29630943  1477.137286350131 1480.700915525398 -3.563629175267 
  0.94404732   1.83269951  99.82157648  1477.602559894323 1483.614653243532 -6.012093349208 
  0.90990751   1.60510396 103.00000000  1480.030700981617 1482.612680409181 -2.581979427564 
  1.03645879   1.66085358  95.11501754  1484.332217693329 1483.545563217258 0.786654476071 
  0.93045909   1.58763886 103.00000000  1486.176220163703 1483.832940651301 2.343279512402 
  1.00367941   1.63995078 116.46650615  1486.178816497326 1484.014393776204 2.164422721122 
  0.90227144   1.77551544  98.81836421  1487.339999899268 1486.052750319333 1.287249579935 
  1.05946195   1.68888476 103.00000000  1487.998916164041 1487.986088837479 0.012827326562 
  1.04333587   1.62965425 105.76156443  1489.052760824561 1492.512844229646 -3.460083405085 
  0.96446195   1.80012682 110.12078604  1502.113683298230 1501.991753593446 0.121929704784 
  0.96446195   1.82329105  91.68290257  1503.705019086599 1502.730421804155 0.974597282444 
  0.96446195   1.83417085 103.00000000  1505.793503418565 1506.171614616693 -0.378111198128 
  1.04394915   1.68888476 110.94268889  1507.086683049798 1504.958588607540 2.128094442258 
  1.05437433   1.68345283  97.92948642  1507.220788791776 1506.149966984512 1.070821807264 
  0.98203245   1.62205048 117.26047984  1507.486083909869 1506.472784373291 1.013299536578 
  0.93051407   1.74410684 114.37005215  1507.626149833202 1511.185587977518 -3.559438144316 
  0.96446195   1.82937228 104.58624569  1510.759666174650 1510.246024671989 0.513641502661 
  0.88544233   1.68565017 103.00000000  1513.400691270828 1509.468514173673 3.932177097155 
  0.96446195   1.57888476 103.00000000  1513.567625015974 1508.947271216339 4.620353799635 
  0.90327245   1.68888476  93.21789481  1513.978088095784 1516.277237704645 -2.299149608861 
  1.01998570   1.80494165 103.00000000  1515.310348659754 1520.417004114052 -5.106655454298 
  1.04198618   1.62614999 103.00000000  1515.996304467320 1520.800757495311 -4.804453027990 
  1.05770549   1.66494307 103.00000000  1518.652936488390 1521.541290210289 -2.888353721899 
  0.99981211   1.60922037  96.65587574  1519.808678492904 1520.790141367681 -0.981462874777 
  0.88862813   1.70216498  98.20276898  1521.441435173154 1521.426102657568 0.015332515586 
  0.98942011   1.65815057  90.19653831  1523.261950850487 1525.346210633752 -2.084259783265 
  0.96446195   1.76946639  87.37545320  1526.726691663265 1525.853350163150 0.873341500116 
  0.96446195   1.68888476 118.79396985  1531.074724003673 1529.702444133464 1.372279870209 
  0.96446195   1.80742151 109.26794293  1531.353751808405 1530.233156201282 1.120595607123 
  0.99441746   1.82753201 103.00000000  1533.212009310722 1531.731839910624 1.480169400099 
  0.92631684   1.81566267 103.00000000  1535.739244475961 1532.038348742490 3.700895733470 
  1.03442097   1.64844175 112.65547237  1535.990222483873 1529.411569476236 6.578653007637 
  1.03132364   1.61035357 103.46465556  1536.009355723858 1538.701209288881 -2.691853565023 
  0.96446195   1.73524695 116.75474981  1538.733470365405 1540.490105293912 -1.756634928507 
  1.03403957   1.63489888 111.80009477  1540.708236664534 1538.149116646773 2.559120017761 
  1.00193040   1.71102550  88.28537634  1543.655674606562 1541.804074959276 1.851599647286 
  1.01350961   1.78461679 109.05513479  1544.833927378058 1546.289549034255 -1.455621656197 
  1.04598095   1.73762262 107.89228611  1546.172672241926 1548.853927279639 -2.681255037713 
  1.04419766   1.69694704  93.86190124  1548.854267939925 1547.675621491547 1.178646448378 
  0.89076684   1.69604355 109.06180768  1549.434340253472 1551.511683659954 -2.077343406482 
  0.88446195   1.68888476 103.00000000  1550.562279209495 1550.726124144555 -0.163844935061 
  1.03783990   1.78458509  97.55408774  1550.583755120635 1552.155426491377 -1.571671370742 
  0.96446195   1.82814406  91.90658753  1551.229626297951 1552.113542641766 -0.883916343815 
  0.88442211   1.68888476 103.00000000  1551.459520757198 1552.435365002821 -0.975844245623 
  0.96446195   1.57650367 103.58779219  1551.804360851645 1551.566737673925 0.237623177720 
  0.96446195   1.68888476  87.83919598  1553.444710224867 1552.017183090135 1.427527134732 
  0.99531147   1.58371742 103.30233230  1555.271298155189 1558.593973536999 -3.322675381811 
  0.98673454   1.80330545  89.44925079  1559.369001910090 1558.374617229177 0.994384680914 
  0.96446195   1.68981975 118.95491559  1560.847869664431 1563.643678563539 -2.795808899109 
  0.89668447   1.67426724  95.25608049  1561.369752064347 1562.921863949302 -1.552111884954 
  1.00109608   1.82515415 103.00000000  1563.152014002204 1565.254082082410 -2.102068080206 
  0.90363489   1.68888476  92.80149991  1564.852056577802 1563.794562361446 1.057494216356 
  0.96446195   1.57883541 111.50218669  1565.279102742672 1566.223911877639 -0.944809134967 
  0.93319431   1.68888476 117.92578256  1569.057538777590 1570.553022196624 -1.495483419034 
  0.96446195   1.62972037  91.99004374  1569.991353437304 1570.622246380974 -0.630892943670 
  1.03954848   1.66294461  94.75211485  1571.227529242635 1574.616225862972 -3.388696620338 
  0.96446195   1.78339539 112.81368209  1571.261920109391 1577.230440147598 -5.968520038207 
  0.96446195   1.57663317 103.00000000  1581.574864625931 1577.003995587963 4.570869037967 
  1.06196069   1.68888476 100.48939747  1582.345313057303 1583.829655413453 -1.484342356150 
  0.96446195   1.77536309  87.20709558  1584.309383660555 1586.435096781489 -2.125713120934 
  0.89664889   1.66543639  95.64742402  1586.076659157872 1588.355336668523 -2.278677510651 
  1.04893605   1.63337531 103.00000000  1586.640089601278 1591.134871203727 -4.494781602448 
  0.96446195   1.81686916 108.26920419  1587.488248795271 1592.010411736121 -4.522162940850 
  0.96446195   1.83888476 103.00000000  1597.871711909771 1593.451335875255 4.420376034516 
  1.00259815   1.58640914 103.00000000  1598.138430982828 1592.945046279574 5.193384703254 
  1.01370048   1.76277437 112.07659341  1599.204543128610 1596.355343278018 2.849199850592 
  0.90344639   1.67728514  93.09270926  1601.798919558525 1602.800136901368 -1.001217342843 
  0.96446195   1.83381532  92.31216464  1604.943007081747 1604.027152069293 0.915855012454 
  0.95819484   1.83993529  94.08840727  1607.273369431496 1607.519211449871 -0.245842018375 
  1.03500792   1.68888476 113.67371010  1610.717664286494 1607.845462664617 2.872201621877 
  0.90267636   1.60744010 107.84627030  1611.402540236712 1608.964207647878 2.438332588834 
  0.96446195   1.79506507 111.67594669  1615.220290988684 1611.585509492055 3.634781496628 
  1.05906546   1.68888476 107.31272854  1616.492773085833 1615.314120279673 1.178652806159 
  0.97290634   1.84472597  95.57095627  1617.118127778172 1618.710684192549 -1.592556414377 
  0.88346431   1.68888476 104.93891285  1620.469496488571 1618.244224896196 2.225271592375 
  0.96446195   1.81375024 109.08229544  1621.930562168360 1621.915365354667 0.015196813692 
  0.96446195   1.84045226 103.00000000  1625.770998656750 1622.838490156304 2.932508500446 
  0.98519046   1.82639116 105.96655248  1626.517954513431 1622.890928351650 3.627026161781 
  1.03608501   1.68828668 113.60810760  1627.380528166890 1622.261304961074 5.119223205816 
  0.96446195   1.61641032  93.29296519  1627.558209642768 1627.114921175376 0.443288467392 
  0.97227470   1.63388871 119.01110656  1627.591645941138 1627.254063433749 0.337582507389 
  1.05743527   1.68888476 108.23451633  1627.841520026326 1628.675724626997 -0.834204600671 
  1.06446195   1.68888476 103.00000000  1627.920475423336 1629.847170784825 -1.926695361489 
  1.05828484   1.65241900 103.00000000  1628.336055397987 1630.087947886391 -1.751892488404 
  1.03058749   1.79980749 102.58882842  1629.118470385671 1631.675000659462 -2.556530273791 
  1.05163338   1.68888476  95.18476367  1633.957905054092 1629.376572296724 4.581332757369 
  0.96467324   1.84100847 103.00000000  1637.469827830791 1633.123119376495 4.346708454296 
  1.04201260   1.78075509 103.00000000  1637.853263974190 1637.611611469886 0.241652504304 
  1.00154365   1.68888476  88.48204079  1639.245529845357 1639.738278516614 -0.492748671257 
  1.02819398   1.60940469 110.61158103  1640.949946820736 1642.428755301632 -1.478808480896 
  0.95775728   1.84146063 102.82770559  1647.714961186051 1648.590124880153 -0.875163694102 
  0.93826246   1.83371626 102.62065501  1652.922441348433 1650.990371403201 1.932069945233 
  1.06532663   1.68888476 103.00000000  1653.299811065197 1654.868594230765 -1.568783165568 
  0.95630030   1.63046764  91.56507131  1655.431362181902 1653.525746487355 1.905615694547 
  1.04461365   1.77743891 103.00000000  1659.483222901821 1658.005147247452 1.478075654370 
  0.97961951   1.84065488 103.00000000  1662.070076122880 1657.814897369574 4.255178753306 
  0.96446195   1.68888476 119.49748744  1662.377492442727 1660.585427833915 1.792064608813 
  0.93307661   1.77153855 113.12179191  1667.522836014628 1664.145132271726 3.377703742903 
  1.05788224   1.73438216 105.33071884  1667.727135643363 1667.029958243621 0.697177399742 
  0.96446195   1.82446708 107.66513664  1674.539053738117 1671.018789700092 3.520264038025 
  1.00320415   1.82984866 103.00000000  1675.037772953510 1674.247886474352 0.789886479158 
  0.88493135   1.72876848 102.44946172  1676.964388057590 1675.175582724615 1.788805332974 
  1.02556826   1.68888476 115.59033174  1677.817361146212 1674.377387997657 3.439973148554 
  0.97033735   1.68397336 119.64602672  1678.108122974634 1677.473174157951 0.634948816683 
  0.96427325   1.70489945  86.71054782  1678.358170747757 1676.567408319731 1.790762428026 
  0.94691390   1.68888476  87.62438954  1679.034108743072 1680.697446723809 -1.663337980737 
  1.06614104   1.68410083 103.00000000  1683.046316713095 1685.811109885830 -2.764793172735 
  0.96446195   1.69284944  87.07399001  1683.639818027616 1685.561434450719 -1.921616423104 
  0.96446195   1.84583643 102.35746992  1693.158563658595 1693.434503636885 -0.275939978290 
  0.89409203   1.72809412  94.01991969  1694.588241472840 1693.919114857170 0.669126615671 
  0.99245901   1.62278338 117.89150471  1696.771045356989 1693.478941321415 3.292104035574 
  0.95172712   1.75247089 116.23713540  1698.019806772470 1697.487329190255 0.532477582216 
  1.01317727   1.60197542 113.32101667  1698.236848279834 1698.539060966199 -0.302212686365 
  0.91602505   1.81284541 103.00000000  1700.648122757673 1702.711009968462 -2.062887210789 
  0.90708504   1.59848820 103.00000000  1704.817805841565 1702.734232993131 2.083572848434 
  1.04265142   1.68468263 113.09165651  1706.112774133682 1704.800708837280 1.312065296403 
  0.96147847   1.72660859 118.20721970  1706.408199295402 1708.906416961235 -2.498217665833 
  0.96446195   1.68888476  87.13567839  1707.936632409692 1707.512714649960 0.423917759732 
  0.92043884   1.80116755 107.51564374  1711.412105634809 1709.486007400785 1.926098234024 
  1.03624830   1.79584290 103.00000000  1713.420500278473 1711.593148852991 1.827351425482 
  1.00728721   1.63513624  92.40418597  1713.767812341452 1711.350653704999 2.417158636453 
  1.00983814   1.82371393 104.02282142  1716.473760634661 1714.547906534494 1.925854100166 
  1.04815070   1.72273064 110.40257600  1716.579541623592 1713.487070595108 3.092471028484 
  1.03128255   1.68652360 115.08369391  1718.563699200749 1712.601563090822 5.962136109927 
  0.96446195   1.81967267 108.97705413  1720.715545445681 1718.099022833461 2.616522612220 
  0.98250409   1.83618445  91.76755612  1720.777911514044 1720.804139589100 -0.026228075057 
  0.88293247   1.68888476  99.03567292  1724.194467291236 1723.091979003796 1.102488287440 
  0.96446195   1.68621320  87.17937193  1724.446354940534 1723.595290792969 0.851064147564 
  0.96446195   1.77721965 114.45121314  1724.954225882888 1725.640873052300 -0.686647169412 
  0.96446195   1.74193353  85.94300399  1726.848076954484 1725.606624355729 1.241452598755 
  1.03620008   1.68888476  91.40826281  1730.338487371802 1728.761275341921 1.577212029881 
  0.88506124   1.68888476 108.71843042  1731.992932111025 1733.473440562125 -1.480508451100 
  0.95033699   1.84365509 103.00000000  1736.364925876260 1738.703174288937 -2.338248412677 
  0.96446195   1.72543984  86.00095123  1739.990132644773 1737.673945388416 2.316187256357 
  0.91190468   1.78792377 108.01537259  1741.840391933918 1741.048020456305 0.792371477613 
  0.96446195   1.61741520 118.96216829  1742.230399832129 1742.602246163251 -0.371846331121 
  0.92290767   1.59415453 113.82802706  1743.522290378809 1743.380330691912 0.141959686897 
  1.04916679   1.77017513  95.65711813  1744.190242007375 1747.414937701040 -3.224695693665 
  1.00753410   1.58097936 107.87351927  1748.622344926000 1747.026070716615 1.596274209385 
  1.03267727   1.77333237 109.07921605  1751.845834836364 1751.300071107677 0.545763728687 
  1.02909553   1.79922858  93.04906530  1753.923820957541 1754.893049025400 -0.969228067858 
  1.01660048   1.82314303 103.00000000  1755.790839880705 1757.920326577059 -2.129486696354 
  0.96446195   1.77607592 114.76522495  1757.712459251285 1757.802606621804 -0.090147370519 
  0.95132899   1.78438834  86.83994178  1758.623587012291 1760.004261263843 -1.380674251552 
  1.03451058   1.60380827 103.00000000  1760.709334954619 1760.160784113423 0.548550841197 
  0.98171363   1.57312628 103.00000000  1760.851390540600 1759.387378319780 1.464012220820 
  0.90670375   1.70599030 115.07951041  1761.287590265274 1762.399989018110 -1.112398752836 
  1.06910143   1.69304258 102.94160171  1762.405625447631 1762.575446809669 -0.169821362038 
  0.88140468   1.66055778 103.00000000  1762.777087226510 1761.948034823312 0.829052403198 
  0.96446195   1.81285784  88.13460090  1765.218236938119 1762.621523637462 2.596713300657 
  0.87946195   1.68888476 103.00000000  1768.940875411034 1773.990100992935 -5.049225581901 
  0.94912589   1.56918108 109.74610520  1769.314187034965 1773.802477212672 -4.488290177708 
  0.92837346   1.69343868 118.56477504  1771.929911404848 1778.439832158921 -6.509920754073 
  0.96446195   1.57035176 103.00000000  1778.944805786014 1776.457944201843 2.486861584170 
  0.96446195   1.71532608 119.17002334  1779.176628977060 1780.505489533296 -1.328860556235 
  0.90108560   1.72123152  91.30177549  1782.644595667720 1780.523438563865 2.121157103855 
  0.96325634   1.79520044  86.87346532  1784.459768041968 1782.804264322925 1.655503719043 
  0.90888651   1.71421445 115.22074410  1784.629035174847 1787.281603889223 -2.652568714377 
  0.99655252   1.84717364  96.66062140  1787.669812187552 1790.881532014190 -3.211719826638 
  0.98215980   1.57195544 110.72681258  1787.979671165347 1788.259589723720 -0.279918558373 
  1.05467296   1.63556287 100.69109915  1791.083895087242 1792.628282830826 -1.544387743584 
  0.96446195   1.67211211 120.49752607  1792.489613011479 1795.875814812347 -3.386201800867 
  0.96446195   1.68888476 120.20100503  1793.927357658744 1796.209398696201 -2.282041037457 
  0.94284108   1.84324207 103.00000000  1793.956375464797 1795.938689039328 -1.982313574531 
  1.03798650   1.74469238  90.56210222  1794.890831395984 1793.805804835914 1.085026560070 
  1.01879335   1.80425782  91.00819497  1796.039381116629 1794.221647413922 1.817733702706 
  1.04774694   1.63223604  98.61468268  1796.706461668015 1796.359110091831 0.347351576184 
  0.96446195   1.83906808 106.02827274  1797.527725070715 1800.286873786316 -2.759148715601 
  0.96446195   1.60485730 118.31758927  1797.677112907171 1799.108102806711 -1.430989899540 
  1.03442110   1.63063255  95.74770892  1797.855309411883 1799.369021394928 -1.513711983044 
  0.96585357   1.56968693 103.00000000  1800.719308659434 1800.075353621123 0.643955038311 
  0.93882998   1.57881846 113.21769508  1802.021498933434 1799.633850092891 2.387648840543 
  1.07006024   1.68888476 103.85439909  1805.234710246325 1803.851842806709 1.382867439615 
  1.00418267   1.83641904 103.00000000  1806.140453383327 1805.157892605256 0.982560778071 
  1.01382579   1.81306362  91.13764784  1806.218015059829 1802.556440562880 3.661574496949 
  1.06964812   1.68888476 104.58515432  1808.722512915730 1806.824732089394 1.897780826336 
  1.03326137   1.76200718 110.84354233  1809.145267322659 1808.243326292613 0.901941030046 
  0.98919343   1.67932899  87.52176639  1810.327066823840 1811.676475930951 -1.349409107111 
  0.88301665   1.73513150 103.00000000  1811.268396064639 1814.495897799285 -3.227501734646 
  1.05889469   1.65696582  98.02612809  1812.607958674431 1814.168762119189 -1.560803444758 
  0.94490586   1.84532093 103.00000000  1813.141092181206 1815.370911757727 -2.229819576522 
  0.98584484   1.84707058 103.00000000  1814.551270991564 1816.697089696072 -2.145818704508 
  1.07096888   1.69376197 103.00000000  1816.771979153156 1818.634048185037 -1.862069031881 
  0.99038572   1.76399559 115.50253574  1817.473638430238 1818.196987263316 -0.723348833078 
  1.00962093   1.58219180 103.00000000  1820.206214830279 1818.648726545488 1.557488284791 
  1.01521330   1.62083154  94.29863291  1821.299979597330 1818.758483258528 2.541496338803 
  1.00166462   1.82141275  90.27161311  1822.576480403543 1820.377069268361 2.199411135182 
  0.96446195   1.73699184 118.22761361  1823.317261531949 1825.521376178105 -2.204114646156 
  0.98434977   1.79568914 112.66291635  1823.961444020271 1823.700249331411 0.261194688860 
  1.07102379   1.68888476 103.19508389  1824.286771833897 1824.599633918713 -0.312862084816 
  0.96446195   1.56888476 103.00000000  1825.449613079429 1825.108610042109 0.341003037320 
  0.96446195   1.73295471 118.49456410  1828.344120204449 1829.518438161843 -1.174317957395 
  1.03322605   1.66239321 115.65736142  1828.599676966667 1826.546254556433 2.053422410234 
  1.00880339   1.80018108 110.05588530  1829.845450729132 1829.220173992359 0.625276736772 
  0.99914352   1.84122148 103.00000000  1829.861396282911 1831.151665724640 -1.290269441728 
  0.96446195   1.85864190  98.35989025  1832.188214391470 1832.742705161894 -0.554490770424 
  0.96446195   1.58489352  97.51730382  1835.347128346562 1832.427180601323 2.919947745240 
  0.98938830   1.61108922  93.53439604  1835.362876027822 1832.385342213852 2.977533813971 
  0.99812362   1.66089609  88.92764693  1835.840437054634 1832.413209604901 3.427227449733 
  1.06759687   1.68888476 106.89301545  1836.189985483885 1836.749790051858 -0.559804567974 
  0.92230448   1.82847971 103.00000000  1836.354875862598 1837.289530779478 -0.934654916880 
  1.07119347   1.68888476 103.84416908  1840.729927435517 1837.699726952284 3.030200483234 
  1.05874232   1.74529434 106.32160303  1841.498498499393 1839.253921799097 2.244576700297 
  0.97684044   1.81767522 110.15346266  1841.836042419076 1838.303855476252 3.532186942824 
  0.89956691   1.79377331  97.28772649  1844.035705968738 1841.674994923786 2.360711044952 
  0.88201163   1.64583640 103.00000000  1844.799854040146 1845.873370906729 -1.073516866584 
  0.91210121   1.66325285 117.58188670  1846.135858997703 1849.805963421337 -3.670104423635 
  0.96446195   1.70700214  85.89562586  1849.129664763808 1848.247047204669 0.882617559139 
  1.04228098   1.68888476 114.19090690  1851.050306662917 1847.364255319234 3.686051343683 
  0.88956023   1.76569518 103.00000000  1852.939924314618 1851.477804578963 1.462119735655 
  0.91224048   1.79204731  91.24510739  1853.752290725708 1852.380043646147 1.372247079561 
  0.96446195   1.68888476 120.50000000  1856.295677155256 1855.265086400404 1.030590754852 
  0.98988051   1.85183416  94.75150312  1856.514448791742 1856.587953725129 -0.073504933387 
  0.96446195   1.82963412 108.52690492  1859.985298097134 1856.187619080388 3.797679016746 
  0.88434172   1.67399781  97.05993121  1860.255813241005 1859.815530461851 0.440282779154 
  0.99359349   1.85215569  99.95319666  1860.712707623839 1863.149136659930 -2.436429036091 
  1.04315346   1.79547360 103.00000000  1862.510617688298 1865.195856792145 -2.685239103847 
  0.96446195   1.85301508 103.00000000  1864.949266389012 1864.615629095326 0.333637293686 
  0.90671681   1.68888476  90.39136208  1866.588036864996 1863.595473500839 2.992563364157 
  0.99551762   1.68888476  87.10408383  1866.641541600227 1863.204095159808 3.437446440419 
  0.96446195   1.77397734 115.62879986  1867.179129078984 1867.395919245216 -0.216790166231 
  1.02884308   1.82221736  99.63289928  1868.142156228423 1869.592746337724 -1.450590109300 
  0.93994990   1.76751394 115.42814738  1869.597042515874 1871.898272902345 -2.301230386471 
  0.88774620   1.76041994  98.22858478  1870.758106321096 1869.620970429225 1.137135891872 
  1.02352220   1.67107748 117.30544285  1871.743768051267 1869.285536029193 2.458232022074 
  0.96446195   1.68888476  86.43216080  1871.752450093627 1870.949859813819 0.802590279808 
  0.96446195   1.56409186 105.92626605  1872.923132494092 1871.442119393454 1.481013100638 
  0.98439640   1.62989820  90.80745330  1874.608122497797 1872.334905132860 2.273217364937 
  0.97024553   1.60395775 118.64411616  1875.107589811087 1876.672079575500 -1.564489764413 
  1.07286432   1.68888476 103.00000000  1875.661253720522 1878.872205606165 -3.210951885643 
  1.07030822   1.72549119 103.00000000  1876.769115358591 1883.724533890875 -6.955418532284 
  0.98330168   1.60327881  94.14701758  1880.150343835354 1882.113409485383 -1.963065650030 
  0.89361370   1.68888476  92.94090422  1882.086685135961 1885.223684175400 -3.136999039439 
  1.00031668   1.57526281 103.00000000  1883.053776487708 1887.896512655871 -4.842736168163 
  0.95009571   1.81626022  87.91804375  1892.443000108004 1893.870953437138 -1.427953329134 
  1.07231703   1.67530163 103.00000000  1893.939380183816 1895.140188448537 -1.200808264721 
  0.99711198   1.84301472  92.45328016  1896.011252507567 1895.226687972106 0.784564535462 
  0.87688442   1.68888476 103.00000000  1896.191564112902 1896.092439351191 0.099124761710 
  1.06589150   1.68888476 108.62612485  1896.925517305732 1896.518079890805 0.407437414927 
  1.01216699   1.81836475  90.56845936  1899.107028067112 1895.971967642884 3.135060424228 
  0.93479944   1.57141445 103.00000000  1899.948488384485 1903.548067758181 -3.599579373695 
  1.01971691   1.82033620  92.18269276  1901.407957166433 1905.047653315837 -3.639696149404 
  0.99823640   1.66103102  88.58726035  1907.846349999309 1905.239777978101 2.606572021207 
  0.95306469   1.79529921  86.34278107  1908.735406607389 1913.820369527073 -5.084962919683 
  1.03366820   1.59480483 104.12572429  1913.587035655975 1914.309622838352 -0.722587182377 
  0.98754520   1.84822514  92.10035139  1914.922629430890 1914.682913681467 0.239715749423 
  0.96446195   1.72509186  85.21035264  1915.041232541203 1916.588707220445 -1.547474679242 
  0.88601535   1.75900668 103.00000000  1918.618669390678 1918.704196988382 -0.085527597704 
  1.00130934   1.57378198 103.53839963  1919.797337174416 1921.227661534835 -1.430324360420 
  1.06897018   1.73809517 103.00000000  1923.101107135415 1923.333167647563 -0.232060512147 
  1.07446195   1.68888476 103.00000000  1923.777106761932 1927.669600565050 -3.892493803118 
  0.96446195   1.85167885  91.68602478  1925.535824134946 1927.341477275791 -1.805653140846 
  0.87668594   1.68888476 104.93861684  1927.549209147692 1929.596208248863 -2.046999101172 
  0.93683790   1.56983116 103.00000000  1930.967639729381 1931.239207721805 -0.271567992425 
  0.96446195   1.68888476 120.90452261  1933.814321324229 1936.491955251839 -2.677633927610 
  0.87780413   1.71797244 103.00000000  1935.967391520739 1937.565814547063 -1.598423026325 
  1.05400770   1.62962115 109.84119612  1936.718963578343 1937.321276645677 -0.602313067333 
  1.02558234   1.58928503 102.49927085  1937.651029929519 1941.175689376616 -3.524659447098 
  1.06869397   1.74514461 100.08425369  1942.157923549414 1942.474040372035 -0.316116822621 
  1.04724182   1.72810741 112.23596691  1946.570287704468 1942.433414691625 4.136873012843 
  0.97200685   1.85559290  92.36863354  1950.546672269702 1946.802255693194 3.744416576508 
  0.94095704   1.85001023 103.00000000  1950.877099946141 1947.850432011974 3.026667934167 
  0.96446195   1.86417389  95.94948581  1952.738603204489 1951.993111374667 0.745491829822 
  1.05899210   1.68376220 111.50085232  1952.759606748819 1950.713599510481 2.046007238338 
  1.07083683   1.68888476  97.90161885  1955.437493279576 1953.136462099857 2.301031179719 
  0.90000292   1.80010502 103.00000000  1956.514062643051 1953.719075084792 2.794987558259 
  0.96446195   1.84510091 106.46530762  1956.653494194150 1955.807077169383 0.846417024767 
  0.96446195   1.81555383 111.55056974  1958.693572431803 1956.986792642673 1.706779789130 
  0.96446195   1.83579881  88.82188598  1961.575403720140 1958.197536248933 3.377867471207 
  0.97107175   1.69293179 120.85770360  1961.994581192732 1960.908046676493 1.086534516239 
  0.96446195   1.62043024 120.40257055  1962.375419721007 1959.635683589449 2.739736131559 
  0.98895947   1.56962182 102.53228336  1963.175408437848 1964.708895384996 -1.533486947148 
  1.06899918   1.74544837 102.42586669  1965.419941842556 1967.867941414140 -2.447999571584 
  1.06198659   1.68888476  94.60758210  1965.693621844053 1967.323059082700 -1.629437238647 
  0.96446195   1.70810911  85.35777655  1966.299904778600 1968.487885844321 -2.187981065721 
  1.05617353   1.62109526 103.00000000  1967.744564890862 1971.159755600711 -3.415190709849 
  0.90231259   1.68888476 116.28198619  1973.079455271363 1973.737719407021 -0.658264135658 
  0.96446195   1.74796859  84.78920756  1973.628984376788 1973.885892635486 -0.256908258698 
  0.93338078   1.68888476  87.01441628  1974.919817864895 1978.200083665362 -3.280265800467 
  0.99407609   1.85104638 103.32809849  1976.034548535943 1981.463192472065 -5.428643936122 
  1.06615723   1.71169718  95.09122171  1978.380276232958 1979.241363725352 -0.861087492394 
  0.96446195   1.60331560 119.33608275  1981.235426008701 1982.760902045201 -1.525476036499 
  0.96446195   1.59048318  95.32741957  1981.771701663733 1984.474286092366 -2.702584428634 
  1.07067775   1.65850585 100.83891150  1982.371792241931 1985.578068050954 -3.206275809024 
  0.96078498   1.84632485 106.47409523  1986.161634802818 1987.154990514658 -0.993355711839 
  0.87764237   1.68888476 107.49701803  1986.400948300958 1988.302581046662 -1.901632745704 
  0.96446195   1.85929648 103.00000000  1986.749147802591 1989.450522584810 -2.701374782219 
  1.06166195   1.76863915 102.73747013  1988.651039734483 1990.307375093693 -1.656335359210 
  1.03077745   1.60502861 113.22894313  1988.902767464519 1986.908161022424 1.994606442094 
  0.96446195   1.71945240  84.99531466  1991.065776437521 1990.479659199098 0.586117238423 
  0.96446195   1.56407035 103.00000000  1993.343519851565 1990.393373852222 2.950145999343 
  1.06455461   1.75563860 104.36385579  1994.561999917030 1995.172873882368 -0.610873965338 
  0.91956849   1.83397104 103.00000000  1995.986658304930 1997.412310687537 -1.425652382607 
  0.96446195   1.56388476 103.00000000  2001.702096283436 1996.939341027465 4.762755255971 
  0.93436831   1.84860888 103.00000000  2005.522771447897 2005.827538111079 -0.304766663182 
  0.92118052   1.83629484 103.00000000  2005.672705620527 2005.783053827568 -0.110348207040 
  1.05066099   1.68888476 113.79280825  2007.706145033240 2005.695066614034 2.011078419206 
  1.02704164   1.82670680 103.00000000  2007.763269737363 2010.632814253489 -2.869544516126 
  0.87488681   1.67550658 103.00000000  2007.796387165785 2008.354931587920 -0.558544422136 
  1.05179861   1.62210893 110.37351253  2009.158700808883 2007.043447642626 2.115253166256 
  0.91039250   1.75463941 113.98825351  2010.154748439789 2011.407926445702 -1.253178005913 
  1.04067540   1.81302321 101.27833532  2010.650591313839 2011.824324060285 -1.173732746446 
  0.90210203   1.79623917 106.24084296  2013.226643130183 2010.929893114282 2.296750015901 
  0.95628190   1.70455338  85.39185845  2013.802074834704 2010.165422942049 3.636651892655 
  0.93389435   1.67337612  87.56726413  2013.814208820462 2011.699637764984 2.114571055479 
  1.07181987   1.73895990 103.00000000  2013.882265031338 2014.337805674973 -0.455540643635 
  0.96446195   1.84305256 107.51475968  2014.076303854585 2013.458079439852 0.618224414733 
  0.96446195   1.86553874  94.49898160  2018.990100905299 2016.002687094489 2.987413810810 
  0.92337492   1.57952141 100.45368510  2019.513778194785 2015.816306946762 3.697471248023 
  0.93932375   1.74132935 118.27591906  2019.939435899258 2021.713829284021 -1.774393384763 
  0.96446195   1.84915404 106.27453353  2023.889636009932 2019.804266628515 4.085369381417 
  1.05266434   1.61422242 108.06087173  2024.010884284973 2022.427118915566 1.583765369407 
  0.99129636   1.61112908 119.21343557  2024.170531854033 2024.611097490679 -0.440565636645 
  0.96446195   1.69637308  85.49490689  2024.679861575365 2027.322686487078 -2.642824911713 
  0.96446195   1.73055166 119.66873750  2025.097334742546 2030.788854897033 -5.691520154487 
  0.89168118   1.71053358  91.96260334  2025.760476306081 2027.984628513430 -2.224152207350 
  0.89747288   1.59364721 106.29126180  2025.842282861471 2029.302130495300 -3.459847633829 
  0.96446195   1.83735090 108.76664317  2026.040260538459 2031.776491953327 -5.736231414868 
  0.96446195   1.58571683  95.95690419  2033.110338255763 2032.898397801158 0.211940454605 
  0.98624567   1.56598865 103.00000000  2038.407651260495 2033.985290009670 4.422361250825 
  0.88557390   1.68888476 112.27824091  2039.449907869101 2040.697640059015 -1.247732189915 
  1.06214575   1.77147436 102.93725190  2039.471346557140 2042.717159768350 -3.245813211209 
  0.96446195   1.68888476  85.72864322  2043.595604345202 2042.392054334580 1.203550010622 
  0.98094529   1.60659845 119.55544387  2044.848521545529 2045.762168316307 -0.913646770777 
  1.06772404   1.68888476  95.46400688  2045.383854061365 2046.815186944942 -1.431332883577 
  1.06976553   1.68888476  96.10224447  2048.391625270247 2050.431353551481 -2.039728281233 
  0.96446195   1.75978974  84.48673324  2051.623163625598 2052.103676241715 -0.480512616117 
  0.96446195   1.80174211 113.93735609  2052.062761127949 2054.198326127076 -2.135564999127 
  0.91402242   1.67850760 118.91332403  2052.389800831676 2056.758391998449 -4.368591166774 
  0.87374585   1.69406212 103.00000000  2052.990292653441 2055.446979430612 -2.456686777171 
  1.04586826   1.69018804  90.71027661  2053.418630674481 2053.868154157678 -0.449523483197 
  1.00130097   1.58802066 115.85965419  2054.519679948688 2052.769881558283 1.749798390404 
  1.02322956   1.68888476 118.20984879  2056.935051217675 2057.521289342731 -0.586238125055 
  0.93881673   1.56666818 112.33042964  2059.698366671801 2057.372477762116 2.325888909684 
  1.02330467   1.83994472  96.53953266  2061.503957375884 2062.509635710137 -1.005678334253 
  1.04230264   1.78462120  91.16787594  2062.268157050014 2059.273579948171 2.994577101843 
  0.96446195   1.55882858 109.38484004  2062.506572455168 2059.719996955364 2.786575499804 
  1.06094041   1.68888476  93.48836062  2065.274972751737 2064.312063140216 0.962909611520 
  1.06393390   1.66589467 111.09978249  2066.652329534292 2065.687935806292 0.964393728000 
  0.87846358   1.73078748 105.53624253  2067.279438063502 2072.418597137495 -5.139159073992 
  0.90131329   1.67324028  90.89162259  2072.042045950890 2071.546430027082 0.495615923808 
  1.07536080   1.73030936 103.48471172  2075.114049270749 2075.610341152495 -0.496291881746 
  0.89297920   1.71356231 113.74466837  2075.452397778630 2078.122934999952 -2.670537221322 
  0.93417758   1.59989999 118.63235095  2076.268694639206 2079.515674655689 -3.246980016483 
  0.96446195   1.68888476 121.60804020  2076.432829827070 2081.349579703254 -4.916749876184 
  0.90846194   1.82312899 103.00000000  2078.085775166750 2080.988880962490 -2.903105795740 
  1.04735270   1.60333163 103.00000000  2081.434863552451 2082.011816929114 -0.576953376662 
  0.89179795   1.63222109  96.49779928  2082.362334862351 2082.658565959486 -0.296231097135 
  1.01065319   1.66278971  88.39710725  2084.785262048244 2085.156559297649 -0.371297249405 
  0.90039382   1.80962507 102.82022170  2087.824665844440 2088.791328030703 -0.966662186263 
  1.07060218   1.64203701 103.00000000  2092.009299620986 2092.237290178217 -0.227990557231 
  1.07131112   1.68888476 109.11162955  2094.993018597364 2094.467699990824 0.525318606541 
  1.02122600   1.68888476 118.62927947  2096.888082191348 2093.892725166674 2.995357024674 
  0.99574574   1.68323938 120.83760657  2097.771406099200 2097.621732134522 0.149673964678 
  0.96446195   1.87096749  94.99044652  2099.892136737704 2101.143319271463 -1.251182533759 
  0.96446195   1.68888476  85.50000000  2102.848185956478 2099.844768895724 3.003417060754 
  1.06022312   1.74667625 108.95880006  2104.673783451319 2102.510740796639 2.163042654680 
  0.95515685   1.86118987  91.86372376  2104.722340300679 2103.809482370352 0.912857930327 
  0.95301278   1.77915316 116.36419403  2105.372215881944 2107.505070128067 -2.132854246123 
  0.96446195   1.82905814  87.00174516  2105.718454226851 2105.300997120721 0.417457106131 
  1.01306802   1.80429803  87.63664592  2106.126691743731 2104.257352067799 1.869339675932 
  0.97831547   1.69318233 121.41364114  2107.376471370459 2109.049513035696 -1.673041665238 
  1.06497035   1.68888476  94.10153047  2108.058005392551 2106.548175416406 1.509829976146 
  0.99187245   1.68888476  85.89964491  2108.234253212810 2108.420891566521 -0.186638353711 
  0.96446195   1.62841703  89.57631886  2110.616828203201 2108.742514138376 1.874314064826 
  0.96446195   1.86557789 103.00000000  2111.316348999739 2116.739462962446 -5.423113962708 
  0.96319421   1.56059083 103.00000000  2111.547073811293 2114.412472813424 -2.865399002131 
  0.87802843   1.68888476 109.61425027  2115.211378559470 2117.012154409085 -1.800775849615 
  1.03818917   1.59228187 103.00000000  2117.795441776514 2118.767152812114 -0.971711035600 
  0.92474176   1.60923923 118.86375629  2118.354862198234 2120.888515779282 -2.533653581048 
  0.98371373   1.86331139 103.00000000  2120.591671809554 2121.784817013755 -1.193145204201 
  0.90957544   1.68888476  88.65207494  2121.981645449996 2121.970584415711 0.011061034285 
  0.98880136   1.68888476 121.20725807  2125.510143905878 2123.555838278564 1.954305627314 
  0.98441781   1.87026375  99.34059534  2126.779024571180 2125.163381047706 1.615643523475 
  1.04705351   1.77593313 109.12002039  2127.613350898027 2124.324093099575 3.289257798453 
  1.02129787   1.83928120 103.00000000  2128.624196812510 2126.199907175982 2.424289636528 
  0.88257331   1.62040264 107.26423207  2128.870522215962 2124.860622870992 4.009899344970 
  0.87874869   1.68888476 110.15646088  2129.836091563106 2129.348969718405 0.487121844700 
  0.89580383   1.80198179 103.00000000  2133.239382326603 2130.365557023525 2.873825303078 
  0.96446195   1.85495223 106.21417456  2135.490551814437 2131.748866057637 3.741685756800 
  0.98629636   1.86312484 103.00000000  2136.865665912628 2135.331384605766 1.534281306862 
  0.98762586   1.62726316 120.98313532  2138.132784977555 2134.961207292295 3.171577685261 
  1.04648286   1.76961239 110.16180596  2140.281775161624 2136.123769859769 4.158005301855 
  0.92821967   1.60659971 119.11757232  2140.568229943514 2140.034539352382 0.533690591132 
  0.96446195   1.87167154 100.85155288  2140.756677716970 2141.612061849180 -0.855384132209 
  0.91132441   1.68888476 118.80163294  2146.069565564394 2146.455429159264 -0.385863594870 
  1.05097642   1.60466653 107.98635417  2147.021023347974 2144.659374136718 2.361649211256 
  0.94329416   1.86870523  98.59766977  2148.561570808291 2149.979287221453 -1.417716413162 
  1.07554794   1.68888476 108.08382501  2152.642622187734 2148.732617442786 3.910004744947 
  1.07889324   1.73009076 100.75539050  2153.885844334960 2153.536583019441 0.349261315519 
  0.90972047   1.83434612 100.22536319  2156.925599068403 2156.207199116820 0.718399951583 
  0.90154427   1.81542520 103.00000000  2158.198452189565 2157.241852131003 0.956600058561 
  1.04058989   1.70697421  88.78662732  2159.930605039001 2157.969708670470 1.960896368530 
  0.98663966   1.84147889  88.28839524  2160.664780303836 2158.919153242878 1.745627060958 
  0.92621552   1.84971912 103.00000000  2160.779548659921 2163.637421395264 -2.857872735343 
  1.03103162   1.66668264  89.53679357  2163.373459681869 2161.522363070287 1.851096611582 
  0.87919880   1.68888476 110.78119056  2164.161125898361 2165.833473884044 -1.672347985683 
  0.88459580   1.68888476 113.00037718  2164.888117671013 2166.088387888675 -1.200270217662 
  1.05510547   1.60900127 103.00000000  2165.918638914824 2167.075058546014 -1.156419631190 
  1.07286679   1.72071255  95.26395124  2168.384788855910 2166.370328499423 2.014460356487 
  0.91611172   1.75929767 115.52116472  2170.521191641688 2173.287284538026 -2.766092896337 
  0.96124704   1.86812440 103.00000000  2175.159704849124 2174.737066827916 0.422638021208 
  0.91678623   1.84001064 103.00000000  2175.437151670456 2175.797807437646 -0.360655767191 
  0.96446195   1.58615382  94.98534764  2180.046623691916 2179.344706326633 0.701917365283 
  1.04539243   1.59873201 109.50879861  2180.178925424814 2178.472571186358 1.706354238456 
  0.93521320   1.85813475 103.00000000  2181.197585359216 2183.356447536864 -2.158862177648 
  0.87789084   1.73665645  96.96454472  2183.406139925122 2181.317349757782 2.088790167340 
  1.03794885   1.78647572  89.35569101  2187.216908112168 2183.829146918973 3.387761193195 
  0.92639136   1.68888476  86.63080387  2188.384640276432 2186.937872955958 1.446767320474 
  0.96446195   1.78604378 116.37354801  2190.436044007540 2190.267048407574 0.168995599966 
  1.02329777   1.80484351  88.31096574  2192.796230539680 2188.751242022916 4.044988516764 
  0.95716289   1.68888476 122.10863115  2192.866761535406 2193.726295567791 -0.859534032385 
  0.96446195   1.57982887 117.87489797  2194.537180677056 2193.034453581337 1.502727095719 
  0.91117551   1.73486618  87.16671946  2194.541611179709 2196.590669936204 -2.049058756495 
  0.96446195   1.69267806  84.97073003  2194.722545817494 2195.684015692286 -0.961469874791 
  0.96446195   1.67507184  85.76828555  2195.273179322481 2198.790932119814 -3.517752797333 
  1.06477332   1.63413606 109.94691702  2195.614644616842 2198.851310219805 -3.236665602963 
  0.96446195   1.61590463  90.50988961  2197.528425127268 2202.344714413807 -4.816289286539 
  1.03045745   1.82333960  91.46782346  2205.207384005189 2203.906078109572 1.301305895617 
  1.07835543   1.71516450  97.02951500  2208.198219999671 2206.211519797003 1.986700202668 
  1.02343162   1.68888476 119.00933313  2208.650601625443 2206.463986488091 2.186615137351 
  1.05889124   1.77597916  93.30870755  2209.073846131563 2206.434071004824 2.639775126740 
  0.99847886   1.86134569  92.45655613  2209.277167588472 2208.938330717528 0.338836870945 
  0.95359322   1.70409657  84.65879820  2210.351526781917 2211.964350272309 -1.612823490393 
  1.06241630   1.74421703  92.16870131  2210.752703458071 2212.823187785249 -2.070484327178 
  0.96446195   1.85500061 107.12777144  2213.278323888779 2216.957191889387 -3.678868000608 
  1.02612688   1.57906669 103.00000000  2213.963802173734 2217.101704486031 -3.137902312297 
  0.96446195   1.87241752  92.71039564  2218.870579734445 2219.153713903992 -0.283134169547 
  0.90205607   1.82513485  97.89108666  2218.938134789467 2218.846809567718 0.091325221749 
  0.96446195   1.55778894 103.00000000  2222.072791114450 2219.279466944367 2.793324170082 
  1.08152696   1.68888476 106.03090902  2222.124282747507 2223.456035528356 -1.331752780849 
  0.96446195   1.68888476  85.02512563  2222.961667805910 2221.901492717631 1.060175088279 
  0.96446195   1.68357694 122.40671950  2223.689704537392 2224.931677846194 -1.241973308802 
  0.91846290   1.57402053 113.19237693  2225.667577147484 2223.611760627281 2.055816520202 
  1.04471725   1.79813098 107.35917145  2229.201882854104 2226.479254401600 2.722628452504 
  0.96446195   1.68888476 122.31155779  2230.629147708416 2230.697698160328 -0.068550451912 
  0.96446195   1.80813111 114.32062797  2231.583896473050 2230.096379985800 1.487516487251 
  1.00850959   1.82274474 110.11996590  2234.431419372559 2229.141110227392 5.290309145166 
  1.00478550   1.58476658  96.87880134  2235.716291591525 2237.934840538382 -2.218548946857 
  1.02781782   1.68888476  87.63181029  2236.138075888157 2236.744463431732 -0.606387543575 
  0.90666212   1.68964074 118.62226856  2237.423140063882 2242.179795871620 -4.756655807738 
  1.02141166   1.63209403 118.96893304  2240.749768108130 2238.245942604626 2.503825503503 
  0.87250617   1.67256807  99.63654014  2240.885949209332 2240.861726897939 0.024222311394 
  1.08446195   1.68888476 103.00000000  2242.766064509749 2243.050436323943 -0.284371814194 
  0.96446195   1.87185930 103.00000000  2251.727245956659 2246.353946769683 5.373299186976 
  1.03578315   1.82370230 104.86651327  2253.294316127896 2249.506450735598 3.787865392298 
  1.00429987   1.85992827 103.00000000  2255.619502216578 2254.663040970045 0.956461246532 
  0.98811007   1.68888476 121.86709729  2256.673176020384 2254.960582152880 1.712593867504 
  0.91467546   1.70324627 119.34636668  2258.849830299616 2258.023487526400 0.826342773215 
  0.91029022   1.80647952 109.56413182  2259.199323996902 2258.372271251569 0.827052745333 
  1.05783386   1.66014812 114.22807443  2259.247289523482 2256.791423815088 2.455865708394 
  1.06132036   1.66341238  93.71376403  2259.410909280181 2258.797368185112 0.613541095069 
  1.07922770   1.74028753 103.43139918  2260.193985402584 2262.987776376260 -2.793790973676 
  1.08497572   1.68671760 103.00000000  2260.510860010982 2262.594093020712 -2.083233009730 
  1.07538337   1.68888476 109.63418827  2261.951703265309 2261.750868835025 0.200834430284 
  0.98509920   1.84857357 108.28690931  2262.463854357600 2266.286077364413 -3.822223006813 
  0.87838159   1.62466075 103.00000000  2262.733999207616 2265.737185601090 -3.003186393474 
  0.96446195   1.55369855 110.30947501  2265.951047867537 2264.036577577308 1.914470290229 
  0.95385730   1.83767997  86.89062536  2269.322196289897 2268.764476901473 0.557719388424 
  1.01030808   1.61027235 119.01615702  2271.442886322737 2267.835762799009 3.607123523727 
  0.99055757   1.87205409  93.41345937  2272.854553699493 2272.525943751816 0.328609947678 
  0.96446195   1.55968916 113.75164747  2273.453080728650 2269.809297645341 3.643783083309 
  0.86946195   1.68888476 103.00000000  2276.601650431752 2275.248473714209 1.353176717544 
  0.96446195   1.69019247 122.51137741  2279.066232234240 2281.170524041726 -2.104291807486 
  0.99607065   1.75130856 118.71334548  2280.766813591123 2281.226402923729 -0.459589332606 
  0.86934673   1.68888476 103.00000000  2282.058299869299 2281.463731338728 0.594568530571 
  1.06929095   1.62488030 103.00000000  2285.428820312023 2286.220691010615 -0.791870698592 
  1.01692728   1.85012779 103.73183927  2293.827836573124 2295.206249827162 -1.378413254038 
  1.01339785   1.80655215 112.30049638  2297.901467084885 2298.172562346582 -0.271095261698 
  0.96446195   1.74102432 120.40597994  2299.594514846802 2304.945154743636 -5.350639896834 
  0.96446195   1.55195111 106.13111877  2302.406770154834 2301.134197752900 1.272572401934 
  1.06606886   1.78447573 102.69305569  2303.165856659412 2305.777743576546 -2.611886917134 
  0.87839058   1.62216753 103.00000000  2305.219102099538 2303.256755594361 1.962346505177 
  1.02938005   1.71788838  86.53822379  2305.290062114596 2303.284565567159 2.005496547438 
  0.89851713   1.80515746  92.47239114  2306.729725465178 2304.803355880815 1.926369584364 
  0.89547327   1.63877789 116.96663584  2306.875639766455 2308.993087102309 -2.117447335854 
  0.91781495   1.56922697 112.41590670  2306.876654073596 2308.107458638044 -1.230804564448 
  0.96446195   1.61275038  90.39618367  2307.302121788263 2312.222914934030 -4.920793145766 
  1.00894941   1.68888476 120.91634861  2322.007722958922 2319.788024509328 2.219698449594 
  0.96446195   1.84409723 110.10989770  2322.684020087123 2324.546725847582 -1.862705760459 
  0.86998495   1.68888476  99.64728191  2323.380533337593 2324.585099817776 -1.204566480183 
  0.96446195   1.72755482  83.47899843  2325.956142723560 2329.060300601298 -3.104157877738 
  1.06674277   1.62643105  99.78082577  2327.085787072778 2329.075876631737 -1.990089558959 
  0.97826137   1.78812003  83.72390769  2329.365464910865 2331.094433483669 -1.728968572805 
  1.03044163   1.68888476  87.42983550  2331.651456326246 2331.700952336521 -0.049496010275 
  0.96446195   1.60180264  91.69355075  2331.901191040874 2333.697193350761 -1.796002309888 
  1.05264730   1.81744839  98.69007563  2337.305560916662 2337.501636563973 -0.196075647310 
  0.96446195   1.84783178 109.59199921  2339.278793007135 2337.244457136414 2.034335870722 
  0.88293634   1.78206704 102.69228398  2340.666548743844 2338.817455819534 1.849092924310 
  0.96446195   1.81072920 114.72192694  2342.998318165541 2343.327519165987 -0.329201000446 
  1.08086211   1.74631306  98.67562973  2343.546457737684 2343.191138678827 0.355319058857 
  0.96871548   1.87038646  90.28545561  2344.405782714486 2343.281139595539 1.124643118947 
  0.96765006   1.75907907  83.18545014  2346.735787346959 2344.477247573261 2.258539773698 
  0.97417669   1.61849650  89.66683833  2347.606145143509 2343.757550020508 3.848595123001 
  0.96446195   1.87630273 103.12445382  2347.775688961148 2346.776701301334 0.998987659814 
  0.92971430   1.79036557  85.26781801  2348.936799272895 2347.268833964833 1.667965308062 
  1.06346344   1.68888476 113.69646990  2352.302582472563 2344.537562316986 7.765020155577 
  1.08793970   1.68888476 103.00000000  2354.237006545067 2356.585320428806 -2.348313883739 
  1.06508114   1.78967098 103.00000000  2354.550243988633 2358.365164458721 -3.814920470088 
  0.86823988   1.70037431 102.37483037  2356.114453360438 2358.042261449407 -1.927808088969 
  0.96446195   1.76657463  83.17988066  2357.606780916452 2359.974550752122 -2.367769835670 
  1.08807359   1.70093747 103.00000000  2359.135799720883 2360.996160045451 -1.860360324568 
  1.08651010   1.68888476  99.63712365  2359.193040952086 2360.042315366727 -0.849274414641 
  1.01634255   1.63223847  90.10490762  2359.453951954842 2359.946241058298 -0.492289103457 
  0.96446195   1.74219430 120.62012036  2359.707496747375 2364.474543535772 -4.767046788398 
  1.03935190   1.62677337  93.14624140  2362.450996845961 2365.013237550474 -2.562240704513 
  0.90105592   1.64480335  91.37046893  2363.095657095313 2369.058749484197 -5.963092388884 
  0.92112546   1.56132571 110.33470267  2366.809370830655 2367.878575935541 -1.069205104886 
  0.92771611   1.86252898 102.65893365  2370.986445263028 2375.614965085583 -4.628519822555 
  0.96446195   1.86763045  89.42080913  2372.818666487932 2375.678325169047 -2.859658681115 
  0.89748311   1.75013072  88.63864589  2374.729820147157 2376.118040544715 -1.388220397558 
  0.96446195   1.87814070 103.00000000  2374.857443854213 2378.169000693526 -3.311556839314 
  0.96446195   1.71894771  83.46547319  2375.234650120139 2376.992979434955 -1.758329314816 
  1.01243197   1.60514683 119.00960840  2376.490073204041 2373.830482912333 2.659590291707 
  0.99152322   1.73192022  83.58609328  2379.852833494544 2377.805417500815 2.047415993729 
  0.96446195   1.68888476 123.00000000  2379.890577435493 2381.110470377846 -1.219892942352 
  0.93938494   1.60445584  91.77122579  2380.553992018104 2378.827781869926 1.726210148177 
  0.89280309   1.71598054 115.64656725  2381.898352429271 2382.823859051960 -0.925506622689 
  0.96446195   1.68888476 123.01507538  2383.263591647148 2384.450768095599 -1.187176448450 
  0.93291359   1.57184132  98.14000592  2383.673630759120 2382.262859091578 1.410771667542 
  0.98655498   1.87526678 103.00000000  2385.236549824476 2386.153664373833 -0.917114549356 
  1.08799723   1.68888476 104.73086106  2385.662386685610 2387.609032934176 -1.946646248566 
  0.89715604   1.81936767  94.87605261  2388.018455296755 2386.181375439134 1.837079857621 
  1.04107511   1.81499986 107.04040238  2388.931473165751 2388.686581037763 0.244892127988 
  1.04161083   1.58989439 100.84886652  2389.889577314258 2387.886274825252 2.003302489005 
  0.96446195   1.70525709  83.78561994  2391.376599609852 2390.665939714056 0.710659895796 
  1.01400829   1.84983248 105.84996934  2393.329413279891 2394.500171177684 -1.170757897793 
  1.08381664   1.67672935 107.74742362  2393.576315537095 2394.672216055524 -1.095900518429 
  1.06767501   1.66225028  94.17837917  2394.145392552018 2393.085065871790 1.060326680228 
  0.98025695   1.57535900 118.08420464  2394.177222356200 2396.067845696881 -1.890623340681 
  0.90700691   1.64512551  90.30637962  2400.189961627126 2400.031096782691 0.158864844435 
  1.06721379   1.78863953 103.00000000  2403.662639275193 2405.454788609271 -1.792149334078 
  0.98085246   1.68888476 122.83715352  2405.645360022783 2406.528734629496 -0.883374606713 
  0.95393765   1.70708769  83.81920376  2406.252602189779 2406.423826018471 -0.171223828692 
  0.91242423   1.84630102 103.00000000  2406.403387978673 2407.397075588704 -0.993687610031 
  0.87310444   1.67844328 110.45422853  2406.730701625347 2408.534823898705 -1.804122273358 
  0.87667291   1.76422950 103.00000000  2407.690867066383 2407.921881015932 -0.231013949548 
  0.89586488   1.68885396  89.38813133  2408.898173794150 2409.454363941223 -0.556190147072 
  0.89294208   1.79531975  92.27145588  2409.331990569830 2409.343649995199 -0.011659425369 
  0.96446195   1.68888476  84.32160804  2410.566507890821 2409.539155067003 1.027352823817 
  0.90402115   1.68888476 119.16220668  2410.925236210227 2412.313659171800 -1.388422961573 
  0.99653796   1.79492483 115.77858142  2411.845581024885 2412.506943818558 -0.661362793673 
  0.99137116   1.87475582 103.00000000  2413.156559720635 2414.019748749491 -0.863189028855 
  0.86727995   1.67561891 102.52686931  2413.277925625443 2412.417201483095 0.860724142349 
  0.97675960   1.77481323  83.06787627  2416.592626258731 2413.368778297953 3.223847960778 
  0.96446195   1.83741225 111.80173763  2416.987236931920 2413.711280899442 3.275956032478 
  1.05304622   1.68888476 116.18097936  2417.514305189252 2412.771195875996 4.743109313256 
  1.01389841   1.78965518  85.09118788  2417.807792648673 2414.839158146244 2.968634502429 
  0.89972453   1.82666589 103.00000000  2418.718700706959 2417.905041552037 0.813659154921 
  0.89720792   1.58227534 103.00000000  2418.745691195130 2417.745436902665 1.000254292465 
  0.96446195   1.88585139  93.84222269  2419.155874982476 2420.757596116974 -1.601721134498 
  1.08830454   1.68888476  99.57306769  2420.657404258847 2421.174301454391 -0.516897195544 
  0.98214011   1.68888476  84.40610437  2421.596801862121 2420.796649388911 0.800152473209 
  0.97563048   1.55052712 105.10743185  2424.544022828341 2424.755964967473 -0.211942139133 
  1.08779699   1.66573730 103.00000000  2428.184943869710 2432.138974695911 -3.954030826201 
  1.06261360   1.68800521  91.19956290  2428.739753514528 2429.931539902377 -1.191786387849 
  1.00752244   1.86321613 104.12663188  2435.675661563873 2433.980196797647 1.695464766226 
  1.06939898   1.68888476 113.02190184  2439.041976198554 2432.879974336692 6.162001861862 
  0.87774720   1.68888476 112.72279263  2439.159386649728 2440.545488176980 -1.386101527252 
  0.96446195   1.86923062  89.02850415  2442.028473019600 2439.344420084502 2.684052935098 
  0.98072226   1.68888476 123.00426323  2443.634460851550 2442.621828352089 1.012632499461 
  1.04917444   1.82523542  94.92541296  2443.734208345413 2441.281512429555 2.452695915858 
  1.02221083   1.68888476 120.36208803  2444.383438199759 2442.030445284868 2.352992914891 
  1.05582339   1.64797494  92.79737466  2445.600043043494 2446.093796635254 -0.493753591760 
  0.98451477   1.88530128 100.08818799  2453.026538759470 2450.544262316820 2.482276442650 
  1.03001553   1.64543998 119.61069684  2454.572413921356 2449.785016285582 4.787397635775 
  0.96446195   1.77709363  82.88183515  2454.677145853639 2456.791231284100 -2.114085430461 
  0.96446195   1.89007820  95.60867365  2455.289594590664 2459.636215252843 -4.346620662179 
  1.03599497   1.70405277  86.81335655  2456.233880937099 2456.861080565212 -0.627199628113 
  0.92780837   1.71922114 120.97827097  2462.179103717208 2464.339720138910 -2.160616421702 
  0.92489939   1.85523919 105.47139219  2463.299561157823 2465.193413261336 -1.893852103513 
  0.96446195   1.55150754 103.00000000  2464.314119338989 2463.598568226912 0.715551112077 
  1.05668725   1.67671237  90.57292915  2464.969214305282 2466.777028943486 -1.807814638204 
  0.96446195   1.55257385 113.30549491  2466.317059099674 2466.588253927772 -0.271194828098 
  0.87974565   1.68888476  92.91708328  2466.742597877979 2470.692723909217 -3.950126031238 
  0.87485489   1.62219506 103.00000000  2467.353381723166 2472.171989747330 -4.818608024165 
  0.94172402   1.55343308 103.00000000  2469.661673173308 2473.634709414287 -3.973036240979 
  0.97827481   1.65821775  85.80575564  2470.617651522160 2473.857952196449 -3.240300674289 
  1.01822347   1.68888476 120.93547700  2477.964994594455 2481.981012430711 -4.016017836257 
  1.03768185   1.58354159 112.05288654  2485.244379639626 2480.298885475093 4.945494164532 
  0.96446195   1.88306371  91.45963907  2485.341605618596 2485.575759656088 -0.234154037492 
  0.89673879   1.82481889 103.00000000  2489.770402103662 2488.514381940997 1.256020162665 
  1.07996540   1.63340397 103.00000000  2491.924966886640 2490.413259313956 1.511707572684 
  0.87030010   1.68888476 109.48777649  2492.013764113188 2494.093957345864 -2.080193232676 
  1.02907079   1.61157544 118.24634938  2492.085881754756 2489.806957876108 2.278923878648 
  0.96590642   1.61031814 122.68036981  2494.635339409113 2500.111674224968 -5.476334815855 
  0.99059429   1.68888476  84.31198879  2495.324917122722 2502.546136687120 -7.221219564399 
  0.97162323   1.54679304 108.73742401  2498.219929665327 2501.718233757500 -3.498304092172 
  0.99874898   1.56198973 100.59386780  2499.571798801422 2504.429964080909 -4.858165279487 
  0.88672991   1.59150825 108.73864628  2501.576544597745 2506.663624092559 -5.087079494814 
  0.96446195   1.88442211 103.00000000  2511.111936211586 2512.063739423497 -0.951803211911 
  1.03129421   1.60466383 117.39719445  2514.337459161878 2509.322334834728 5.015124327150 
  0.89364505   1.79500768  90.96776570  2516.604542076588 2513.168181708303 3.436360368285 
  0.88261661   1.79231743 103.00000000  2517.701428696513 2514.422300368155 3.279128328358 
  1.07314580   1.68888476 112.79370349  2520.713292628527 2518.117773136332 2.595519492194 
  0.96446195   1.69870891 123.35124925  2521.650237873197 2522.415378165740 -0.765140292543 
  1.09226830   1.68888476 104.51353899  2522.005334973335 2524.089282930093 -2.083947956758 
  0.96152610   1.60386124 122.42276834  2522.954326778650 2525.376876264182 -2.422549485532 
  1.03344148   1.85444644  95.51340669  2523.422147914767 2531.137708870133 -7.715560955366 
  0.96446195   1.54601075 109.65656342  2524.829932466149 2527.639537367921 -2.809604901772 
  0.90415428   1.69266507 119.70748127  2528.346081793308 2532.074724739989 -3.728642946681 
  1.02331453   1.63144415  89.97362249  2529.501394838095 2530.211257973557 -0.709863135462 
  0.96446195   1.88138944 104.32748862  2533.373684599996 2535.271935069578 -1.898250469583 
  0.87961312   1.67517933  93.14118154  2534.551857277751 2533.654587380603 0.897269897148 
  0.96446195   1.62505402  88.16948632  2538.200319647789 2534.367376910958 3.832942736831 
  0.95569706   1.75463037  82.53197614  2541.520132541656 2539.928814593362 1.591317948295 
  0.96446195   1.68888476 123.71859296  2541.591883823276 2542.522358724877 -0.930474901601 
  0.86522061   1.70604125 102.51662500  2541.918127968907 2543.345735209733 -1.427607240826 
  0.88828731   1.70525268 116.14641192  2543.239742547274 2546.882031081700 -3.642288534426 
  0.99875037   1.68888476 122.69170837  2547.114695653319 2550.008110600462 -2.893414947142 
  1.04634305   1.68888476 118.03492873  2551.494224131107 2547.062162496604 4.432061634503 
  0.97067090   1.54968566 103.00000000  2551.866624891758 2551.191406470703 0.675218421055 
  0.87649527   1.76959810 104.70338844  2554.127949371934 2553.114453106613 1.013496265321 
  1.00268753   1.78169462  83.41731079  2555.484076783061 2554.209837552715 1.274239230346 
  0.87734865   1.68888476 113.54300192  2557.940799325705 2559.288738259010 -1.347938933306 
  0.94678736   1.88252121 103.00000000  2561.581955775619 2559.278757084483 2.303198691136 
  1.07754552   1.68888476 111.97914349  2564.873794525862 2559.544999233717 5.328795292145 
  1.08630361   1.75190113 103.00000000  2572.570617228746 2572.648102356876 -0.077485128130 
  0.95327661   1.68888476 123.77443299  2574.576594248414 2573.746647415170 0.829946833244 
  0.96446195   1.80978098  83.17398869  2576.369901731610 2575.598086472567 0.771815259044 
  0.94784180   1.88382915 103.00000000  2577.081230774522 2578.329397106396 -1.248166331874 
  0.99607852   1.86954222  89.08585079  2582.229774624109 2576.418068172478 5.811706451631 
  1.07174045   1.78682368 104.44620758  2583.302360832691 2581.663489582045 1.638871250646 
  1.09493162   1.69838729 103.00000000  2583.954939544201 2588.035101636652 -4.080162092451 
  0.92098840   1.55808027 103.00000000  2585.997222825885 2585.464119003913 0.533103821972 
  0.87329499   1.76330387 103.72411382  2588.606514856219 2590.827798582868 -2.221283726649 
  1.08174719   1.76622608 103.61303081  2591.588225319982 2592.738477129488 -1.150251809507 
  0.96446195   1.89619627  95.00229986  2593.300290986896 2593.573407323996 -0.273116337100 
  0.90551307   1.68888476  87.06822575  2596.104302659631 2592.663068676182 3.441233983449 
  1.09537676   1.69633052 103.00000000  2597.316437929869 2602.274168553912 -4.957730624043 
  1.04836230   1.84057791  97.59854729  2600.149782240391 2603.936109799409 -3.786327559018 
  0.89864259   1.83330129  93.86374400  2600.174611851573 2603.549037078239 -3.374425226666 
  0.96446195   1.80020396 117.30565867  2600.496479779482 2606.498304964387 -6.001825184906 
  1.08381029   1.65651447  97.54948837  2602.133717939258 2603.902456676997 -1.768738737739 
  0.96446195   1.84116974  84.69665540  2605.015942007303 2604.888823910461 0.127118096842 
  0.90656108   1.58543526  97.20792577  2606.263976663351 2605.193852980668 1.070123682683 
  0.96446195   1.68888476  83.61809045  2606.409970760345 2605.364903273894 1.045067486451 
  0.99880366   1.74994094  82.77364967  2606.433932751417 2605.689140344347 0.744792407070 
  0.96782856   1.87665668 106.44608269  2606.659547269344 2607.405028418530 -0.745481149185 
  0.93266941   1.88366469  95.06185927  2607.375016778708 2608.775643851960 -1.400627073252 
  1.09547739   1.68888476 103.00000000  2607.611097574234 2609.091456589158 -1.480359014924 
  0.96446195   1.71906202  82.60489858  2608.810780450702 2608.744928118319 0.065852332382 
  0.96818195   1.58467460  92.99899908  2611.041430518031 2609.484878996746 1.556551521285 
  0.87576480   1.62585487 111.70022849  2612.268470034003 2611.105133240742 1.163336793261 
  0.98791092   1.86182548  87.03281434  2614.593628495932 2609.360300014743 5.233328481189 
  0.92061303   1.80294779 114.44325118  2614.837641566992 2614.640438778798 0.197202788193 
  0.92595267   1.75155615 119.66158540  2618.156259074807 2620.437983149514 -2.281724074707 
  0.97150783   1.55249134 100.90096538  2621.349476650357 2618.859866389303 2.489610261055 
  0.97344639   1.86080277 109.64742494  2622.227185606956 2620.494676859348 1.732508747608 
  0.97981823   1.77336312  82.20530929  2622.357500985265 2621.772693610961 0.584807374304 
  1.08631244   1.75749660 103.00000000  2622.977242022753 2625.719305679685 -2.742063656932 
  0.86406648   1.68888476 105.76379093  2625.815514042974 2624.874865799078 0.940648243896 
  0.95226615   1.56359687 117.98897078  2628.398565620184 2626.698537448844 1.700028171340 
  0.99886213   1.88731230  93.36534285  2639.531362190843 2638.699499609437 0.831862581406 
  0.99724338   1.84592174 110.94262611  2642.615036189556 2639.215704078319 3.399332111237 
  1.06121231   1.81919265  95.61954555  2643.242331504822 2642.272435155607 0.969896349215 
  0.90884263   1.65508531 121.52268285  2645.051318660378 2646.034385957066 -0.983067296688 
  0.96446195   1.89070352 103.00000000  2646.183780103922 2647.920020327952 -1.736240224030 
  0.96446195   1.64823108  85.79394038  2647.349347293377 2647.328082959574 0.021264333803 
  0.88898711   1.80940258  93.40221185  2650.447933942080 2648.163882188585 2.284051753495 
  1.00731692   1.57282634  97.09408406  2653.691312298179 2649.193733524360 4.497578773819 
  1.05950984   1.81383850  93.05887458  2654.256151050329 2650.396237195309 3.859913855020 
  0.99450103   1.89374871  96.19896314  2654.907322257757 2656.494211899515 -1.586889641757 
  0.96446195   1.89372673 101.98520024  2658.127107739449 2656.320637501925 1.806470237523 
  0.96446195   1.84669910  84.80335482  2660.230134844780 2655.139162467181 5.090972377599 
  1.00310420   1.72208692  83.12536273  2661.629358753562 2656.666037369444 4.963321384118 
  0.99677098   1.82584980 113.83982426  2662.077842295170 2658.166688492342 3.911153802828 
  0.96446195   1.85547200 110.88065852  2665.558133974671 2659.216307041720 6.341826932951 
  0.92176253   1.79967563  84.78948579  2665.569090187550 2663.021762319853 2.547327867696 
  0.96446195   1.65593531 124.66669764  2665.780887126923 2665.970918825095 -0.190031698172 
  0.96446195   1.63414596 124.41907260  2666.826898634434 2666.809890426748 0.017008207686 
  1.00633202   1.79749738 116.28670797  2668.071835309267 2668.631792549137 -0.559957239870 
  0.96446195   1.61222436 123.63466373  2668.480566367507 2670.583755759446 -2.103189391939 
  0.96293917   1.89666971  92.85441390  2671.190794274211 2672.984132289408 -1.793338015197 
  0.88551986   1.72084810 115.36795453  2671.674608588219 2673.459309390450 -1.784700802231 
  1.00739530   1.75927233  82.91483638  2673.854948386550 2671.170957485740 2.683990900810 
  0.88007866   1.63542090  95.33162778  2675.214707270265 2674.515252093191 0.699455177074 
  0.93896650   1.54893387 103.00000000  2677.029422685504 2680.655509010332 -3.626086324828 
  0.94849397   1.89386507  93.07238454  2678.118824839592 2684.480335377712 -6.361510538120 
  0.98369313   1.55340573 115.00940345  2688.167032301426 2681.498708915202 6.668323386224 
  1.05886613   1.68888476 116.88698588  2688.662752538919 2684.295489530053 4.367263008866 
  0.96446195   1.81200248 116.58330851  2695.546908915043 2690.435530221674 5.111378693369 
  1.07700600   1.75826917 108.70454912  2695.916384398937 2696.466524274853 -0.550139875916 
  1.09780835   1.70672681 103.00000000  2699.190103992820 2697.654604297547 1.535499695273 
  1.08797414   1.71967238 108.68066418  2700.218039333820 2699.199130071005 1.018909262816 
  0.96446195   1.89276009  90.92126970  2704.510618835688 2700.026961201723 4.483657633964 
  0.96446195   1.68888476 124.42211055  2705.461977794766 2704.825247300610 0.636730494156 
  1.02836303   1.76277030 117.65688808  2705.512292549014 2752.699548362872 -47.187255813858 
  0.86180905   1.68888476 103.00000000  2707.910104781389 2710.701595305980 -2.791490524591 
  0.98805854   1.54827099 112.62929486  2708.107052743435 2709.889892705350 -1.782839961915 
  0.86426918   1.71098924  98.53255668  2710.916753575206 2712.405117001565 -1.488363426359 
  1.00083759   1.78747398  82.68736071  2714.328390702605 2717.040702043372 -2.712311340767 
  0.91148055   1.56019996 103.00000000  2716.606125369668 2716.239914430483 0.366210939185 
  1.00426206   1.66737565 123.44098266  2717.047564849257 2720.000618868383 -2.953054019126 
  1.09438999   1.65601223 103.00000000  2718.253370761871 2721.004556960950 -2.751186199078 
  1.00193456   1.67850702 123.47921367  2719.493991345167 2722.444012140175 -2.950020795008 
  1.02251010   1.62158643 121.03880016  2721.529503315687 2720.273826852660 1.255676463027 
  0.96446195   1.54522613 103.00000000  2722.179119378328 2723.848203039387 -1.669083661058 
  1.04029045   1.61598773  92.61312772  2722.629230335355 2725.656239835225 -3.027009499870 
  1.05099664   1.64899527  90.36846369  2724.006977394223 2726.242960863746 -2.235983469523 
  1.02888726   1.86334967 103.00000000  2724.069088920951 2731.090977325392 -7.021888404441 
  1.07416699   1.77482328 107.77599762  2733.134258538485 2730.268771056761 2.865487481723 
  1.00042857   1.75759678 120.49552216  2733.502729266882 2780.321242060951 -46.818512794069 
  1.05732743   1.60888195  96.54600712  2734.167382508516 2730.771418468114 3.395964040402 
  1.00782803   1.63704354 122.99321873  2735.174524262547 2732.084929443340 3.089594819207 
  1.05127149   1.73631771 116.37537654  2736.983466684818 2732.066871001513 4.916595683305 
  0.89328390   1.63818691 119.15004545  2737.533763945103 2735.697405660094 1.836358285009 
  0.96446195   1.64862796 124.96762015  2737.605050995946 2741.892558815476 -4.287507819530 
  1.00049357   1.59904986  91.25471138  2741.173019424081 2744.613001302012 -3.439981877931 
  1.00403125   1.56651777 116.96487190  2743.803681105375 2745.008936758850 -1.205255653475 
  0.88925459   1.82358806 103.00000000  2753.336318954825 2752.913372445506 0.422946509320 
  0.96446195   1.90291766  93.95378052  2756.042095214128 2755.386882980061 0.655212234068 
  0.90983867   1.74079054  84.75205775  2756.275155827403 2756.269079767279 0.006076060125 
  0.98307283   1.89389482  90.93757805  2756.707331120968 2757.173213356942 -0.465882235974 
  1.07196268   1.66015841 114.90241732  2757.054704621434 2757.157468842873 -0.102764221439 
  0.87327310   1.78068999 101.76230305  2759.317675322294 2762.950637752809 -3.632962430514 
  0.94677031   1.54839389 114.70060730  2759.916156977415 2761.980355773934 -2.064198796519 
  0.93484687   1.61208469 123.38208002  2762.429645866156 2765.943484193375 -3.513838327219 
  1.09838701   1.68888476 105.56732001  2762.938025489450 2765.405073460053 -2.467047970604 
  0.88295488   1.58967548 103.00000000  2763.044060215354 2763.047234683484 -0.003174468130 
  1.02214900   1.85898347 106.42298929  2763.546653032303 2765.974244234952 -2.427591202649 
  1.03562659   1.60182289  93.90251100  2764.583273351192 2764.288174622222 0.295098728971 
  1.09464366   1.71654922  96.53603777  2764.804423764348 2765.479960783770 -0.675537019422 
  0.96446195   1.81463109 116.74297449  2765.439064398408 2769.508590952284 -4.069526553876 
  0.95768004   1.89863349 101.73506786  2768.145150065422 2769.340397856055 -1.195247790632 
  0.86098773   1.67748552 103.00000000  2772.219341441989 2768.548045787527 3.671295654462 
  1.09370903   1.64778125 103.00000000  2774.643491372466 2772.533098794691 2.110392577775 
  0.90156023   1.56225429 106.72330482  2774.646377280354 2769.739709246414 4.906668033941 
  0.89590574   1.83858284 103.00000000  2779.728110685945 2775.796334867957 3.931775817988 
  1.08034315   1.70654110 112.58384150  2780.910429030657 2781.761837012942 -0.851407982285 
  0.93298664   1.84870838 111.02253903  2784.699775502086 2785.126547619106 -0.426772117020 
  0.96446195   1.89698492 103.00000000  2787.268438771367 2785.622975353782 1.645463417585 
  0.96446195   1.68888476  83.00000000  2787.426649197936 2784.215501009386 3.211148188550 
  0.87934883   1.80378534 100.77544085  2791.096425279975 2784.791264153160 6.305161126815 
  0.96446195   1.64434072 125.12933864  2791.271997138858 2788.175647027994 3.096350110864 
  1.05986951   1.83381499  97.71984274  2791.530256822705 2788.917434449104 2.612822373601 
  1.07195734   1.80622075 103.00000000  2798.793260827661 2797.734096980022 1.059163847639 
  0.99135407   1.83625940 113.76898060  2799.435730352998 2797.445264638148 1.990465714850 
  0.87534421   1.60276322 103.00000000  2801.797843456268 2805.212572461864 -3.414729005595 
  0.92591654   1.57057244 118.79098740  2803.770174950361 2807.567342201490 -3.797167251129 
  0.90244962   1.82228027 109.76353388  2805.306342020631 2808.523728336899 -3.217386316268 
  1.04240056   1.70595575  85.80261579  2806.122905805707 2805.429060909627 0.693844896080 
  0.96446195   1.68888476  82.91457286  2808.079108074307 2809.437614415718 -1.358506341410 
  0.95201845   1.71080736  82.30674969  2812.188340440392 2811.086586026203 1.101754414189 
  0.98672344   1.79293558  81.82593248  2815.426441699266 2814.928760429237 0.497681270030 
  1.01784447   1.88346318 100.45602409  2815.518001362681 2818.456467205488 -2.938465842807 
  0.86140590   1.67972952  99.93893104  2821.989653229713 2818.671280367874 3.318372861839 
  1.08287791   1.78730433  97.25110236  2822.152769580483 2820.524259023890 1.628510556593 
  0.96446195   1.89606064  90.04393448  2822.440996572375 2823.201518395579 -0.760521823203 
  0.86109584   1.68888476 106.39046391  2827.649653032422 2825.061911778081 2.587741254341 
  0.93133524   1.74229424 121.66646139  2827.966869235039 2827.335779625646 0.631089609392 
  0.96446195   1.82994654  82.80594542  2830.150661900640 2826.267674167260 3.882987733380 
  0.96446195   1.86102987  84.90680517  2831.601151049137 2827.980852801377 3.620298247760 
  0.95336425   1.88611114  88.40368586  2832.653727293015 2830.656959032164 1.996768260851 
  0.93533122   1.73391187  82.36077580  2833.835329458117 2835.641648965858 -1.806319507740 
  0.89778183   1.76132857  86.29112400  2834.838681310415 2835.853938768215 -1.015257457800 
  1.05453552   1.75243314  86.51885497  2843.681509107351 2842.103587654833 1.577921452519 
  1.02866528   1.84742232 108.32171574  2845.097083479166 2845.813059263729 -0.715975784562 
  1.03036949   1.63930403 121.49955649  2846.606774643064 2843.640286917586 2.966487725478 
  1.10210148   1.68888476 103.83071870  2847.043894141912 2847.460915338180 -0.417021196268 
  1.03696781   1.86089997 103.00000000  2852.001734241843 2852.044080048699 -0.042345806856 
  0.96446195   1.88508809 107.05578228  2852.777982488275 2852.372970211045 0.405012277230 
  0.96446195   1.55581521 118.05341857  2855.892608001828 2851.240802086845 4.651805914983 
  0.89473482   1.84569350 100.41136530  2860.083127409220 2859.267445215375 0.815682193845 
  0.92883770   1.89405937  97.16415144  2861.367090672255 2861.996179937731 -0.629089265477 
  1.03181650   1.86696690 103.00000000  2861.519800066948 2862.859177649955 -1.339377583007 
  1.08441409   1.68888476 112.70162296  2862.025765448809 2861.509086251384 0.516679197424 
  0.99107068   1.54572603 103.00000000  2863.170838892460 2862.026044471373 1.144794421087 
  1.10189533   1.68888476 100.12129280  2863.798982694745 2863.963326890110 -0.164344195365 
  1.05236135   1.75814232  86.17100846  2864.157170668244 2862.292476966158 1.864693702087 
  1.04526772   1.68888476  86.48615373  2865.826544523239 2863.811199330979 2.015345192261 
  0.96446195   1.67656657 125.37334577  2866.982394665480 2869.861954237346 -2.879559571866 
  1.09971838   1.68888476 106.84932749  2867.452194258571 2869.428274437937 -1.976080179367 
  0.96446195   1.68888476 125.12562814  2868.050223156810 2871.271492900196 -3.221269743386 
  0.96446195   1.54846536 116.18165024  2870.157076507807 2866.522746630589 3.634329877218 
  1.10301508   1.68888476 103.00000000  2870.916862592101 2869.939930196671 0.976932395430 
  0.96446195   1.84566596 113.72842244  2871.972491815686 2870.983825635266 0.988666180420 
  1.09389912   1.68888476 109.73458470  2876.833161920309 2870.638113692926 6.195048227383 
  0.99064534   1.89959640  91.54271783  2878.028531283140 2880.650705670242 -2.622174387101 
  0.88372967   1.68888476  89.46816640  2882.803214788437 2880.837091485904 1.966123302533 
  0.92999546   1.77354161 119.65552200  2884.302309006453 2885.535830726702 -1.233521720249 
  1.00177332   1.61483162 123.32517874  2885.612908735871 2882.309091567784 3.303817168087 
  0.93211956   1.84589655  85.11135941  2886.087956503034 2885.466101508252 0.621854994781 
  0.95012498   1.90705700  94.71472182  2886.440373376012 2887.263347640077 -0.822974264065 
  1.08880466   1.72010258  92.93271761  2887.048989474773 2884.081245966229 2.967743508545 
  0.96446195   1.63066048 125.32568030  2887.625680118799 2889.147727210348 -1.522047091548 
  0.96446195   1.68492681 125.29683009  2888.530596435070 2890.023109350895 -1.492512915825 
  0.92648707   1.83715251 112.68904145  2888.538006544113 2891.239384927782 -2.701378383669 
  1.06386579   1.82650901 103.00000000  2890.602301210165 2892.914285192274 -2.311983982109 
  0.96446195   1.82988144 115.77904668  2890.952395677567 2893.568059892666 -2.615664215099 
  1.06514443   1.59320239 101.39628737  2894.765433907509 2893.511619319207 1.253814588302 
  1.05261464   1.66561630 119.27424802  2894.928869292140 2891.188552382088 3.740316910052 
  0.91212493   1.64133030 123.02504620  2895.309182286263 2894.934135776842 0.375046509421 
  1.04253441   1.85677346 103.00000000  2895.317847475410 2897.436964768002 -2.119117292592 
  0.97205937   1.56053703  96.37389735  2896.292151376605 2897.718592176027 -1.426440799421 
  1.01808249   1.58689435  93.73913477  2897.148396208882 2896.994534042522 0.153862166360 
  1.10142073   1.73009324 101.85872133  2898.619018688798 2899.608262567464 -0.989243878666 
  1.03450953   1.56365526 103.00000000  2899.505582153797 2904.430919672283 -4.925337518486 
  0.96446195   1.53689144 110.05898964  2899.620967164636 2903.598133849413 -3.977166684777 
  1.10387384   1.68888476 101.23301892  2901.059710979462 2908.184689042970 -7.124978063508 
  0.96446195   1.91181299  97.60510533  2904.345559373498 2911.017260452842 -6.671701079344 
  0.96446195   1.60200273  89.25112665  2905.653506726027 2907.110153522688 -1.456646796661 
  0.96446195   1.84128745 114.54467133  2914.971757724881 2913.330627680890 1.641130043991 
  0.95516933   1.60686342  88.74794523  2916.497823134065 2911.562172555304 4.935650578761 
  0.86823302   1.71583660 111.20894790  2917.573563665152 2917.843745833645 -0.270182168493 
  0.87144509   1.68505376 114.17028072  2918.020213350654 2919.001750310841 -0.981536960187 
  1.07581452   1.68888476 115.16657255  2919.838097870350 2916.142504046498 3.695593823852 
  0.98365771   1.71148791  81.83315049  2920.027891337872 2920.657691626576 -0.629800288704 
  0.96446195   1.90326633 103.00000000  2923.712418079376 2925.061601432469 -1.349183353092 
  0.96446195   1.65700905 125.78839677  2927.498471394181 2927.931995323761 -0.433523929580 
  0.94511761   1.89866075 103.00000000  2930.340722963214 2928.308345916252 2.032377046962 
  0.97262954   1.68888476  82.51555301  2931.106444224715 2927.005646999624 4.100797225091 
  0.96446195   1.86730460 111.02650261  2931.179480388761 2931.705077730177 -0.525597341417 
  1.09417273   1.63504518 103.00000000  2932.372487232089 2936.291448893491 -3.918961661402 
  1.08277643   1.71308150 112.89477944  2934.215534955263 2935.354371204216 -1.138836248953 
  1.08683799   1.67638396  93.47170556  2935.839779645205 2934.438875074586 1.400904570618 
  0.96446195   1.53673810 110.96638235  2938.636521235108 2936.450598583387 2.185922651722 
  1.08758838   1.62015116 103.00000000  2938.800764873624 2941.820694055052 -3.019929181428 
  1.02310789   1.68888476  84.27072776  2939.187346547842 2941.763635264108 -2.576288716266 
  0.96158315   1.66489952  83.70183953  2939.801930531859 2944.931756192111 -5.129825660252 
  1.02408774   1.68888476  84.32376893  2940.875927999616 2945.474799782957 -4.598871783341 
  0.97871692   1.84290486 114.39438612  2942.522113934159 2947.506042777570 -4.983928843411 
  0.97022449   1.58597280  91.27851883  2945.876177638769 2947.927476003990 -2.051298365221 
  0.90388776   1.68888476  85.82154377  2948.487834215164 2950.235352556379 -1.747518341214 
  1.07189898   1.68888476  89.61168237  2952.248408734798 2950.148352689895 2.100056044904 
  1.07839996   1.60936956 109.99853364  2955.014313206077 2955.346609868418 -0.332296662342 
  1.10509041   1.68104555 103.00000000  2955.689277082682 2958.523682393816 -2.834405311135 
  0.96446195   1.68888476 125.50000000  2958.322560086846 2961.503301029266 -3.180740942420 
  1.09916429   1.64748449 103.00000000  2962.231014654040 2962.763906357462 -0.532891703421 
  1.07937662   1.80258826 103.00000000  2968.806121200323 2967.908614249138 0.897506951185 
  0.89055995   1.68817312 119.72005320  2969.422315448523 2967.009844428665 2.412471019858 
  0.89672567   1.83498700 107.19047698  2978.540448397398 2979.044970416474 -0.504522019076 
  1.05499535   1.78955637 112.80250527  2982.687581792474 2980.460488279860 2.227093512614 
  1.06071444   1.60865341  95.38360670  2982.966255202889 2985.038101627779 -2.071846424890 
  0.96046147   1.71362021  81.47343051  2984.974565804005 2987.904629692979 -2.930063888974 
  0.89133669   1.84064458 103.00000000  2986.725362569094 2989.294530667327 -2.569168098233 
  0.93880343   1.89803335  90.83762268  2987.070340439677 2990.366842763082 -3.296502323405 
  0.87379805   1.67762846 115.72815049  2990.330552369356 2991.330918126450 -1.000365757094 
  0.96446195   1.56565330 120.86183876  2990.535885155201 2990.894054581758 -0.358169426557 
  1.10077293   1.74667313 102.15404195  2992.777626380324 2993.205673560949 -0.428047180625 
  0.95012640   1.54857746  99.24558227  2993.190629705787 2993.504893947206 -0.314264241419 
  0.96446195   1.84016058  82.47211250  2993.253779798746 2995.875456857793 -2.621677059047 
  0.97334869   1.68888476 125.57516431  2993.989574760199 3001.298204805262 -7.308630045063 
  1.07814222   1.60175638 103.00000000  2994.974544718862 3002.125579385491 -7.151034666629 
  0.96446195   1.53894472 103.00000000  2997.509229928255 3000.539199788166 -3.029969859911 
  0.85934084   1.72236414  99.78071196  2999.078195944428 3002.928263137675 -3.850067193247 
  0.96446195   1.53888476 103.00000000  3001.879490762949 3003.261295569509 -1.381804806560 
  0.95017931   1.53879238 113.48188860  3001.980362862349 3004.829548086803 -2.849185224455 
  0.97013558   1.68888476 125.66306678  3012.055667117238 3011.437344014830 0.618323102408 
  0.99339396   1.70367565 124.56654274  3014.053821712732 3012.755721064458 1.298100648275 
  1.10735148   1.70034079 103.00000000  3017.216559097171 3022.155918740852 -4.939359643681 
  0.90653562   1.68888476  85.23399102  3018.095000103116 3022.483684767908 -4.388684664792 
  0.96446195   1.68888476  82.21105528  3018.433438032866 3021.815366452077 -3.381928419212 
  1.10706289   1.70298919 100.43384062  3020.116490513086 3024.454919365040 -4.338428851954 
  0.86833686   1.77804508 103.00000000  3021.966436311603 3024.391392761834 -2.424956450232 
  1.00127265   1.89871780 103.00000000  3022.576708465815 3028.494011565564 -5.917303099749 
  0.88127084   1.68888476  89.29797040  3025.655492112041 3026.036368648400 -0.380876536360 
  0.99923865   1.89980568 103.00000000  3029.233493790030 3028.842361728687 0.391132061344 
  0.91434777   1.57723896  95.05347530  3031.790448039770 3027.294620711411 4.495827328359 
  0.96446195   1.77005331 121.85072882  3034.075499147177 3031.888333281749 2.187165865428 
  0.98557439   1.67015287 125.70680406  3034.484319463372 3031.619648245766 2.864671217606 
  1.10552863   1.68888476 105.95848279  3034.613718181849 3031.066466279835 3.547251902014 
  1.04562055   1.86004964 103.00000000  3037.904845505953 3034.244044802493 3.660800703460 
  1.05641791   1.84601870 103.00000000  3039.079182505608 3038.533127021851 0.546055483757 
  0.99634301   1.90892544  99.68193169  3039.534950375557 3039.649078180173 -0.114127804616 
  0.96446195   1.68888476 125.82914573  3041.604701548815 3041.772529943058 -0.167828394243 
  0.93022659   1.60265526 123.90201089  3042.535755336285 3042.860132800691 -0.324377464407 
  1.07151823   1.68888476 116.81302300  3043.439604878426 3039.131707294327 4.307897584098 
  0.96446195   1.84332838 115.06442815  3043.874419555068 3043.269856798492 0.604562756576 
  1.06300211   1.74720605 115.60002255  3047.460969612002 3041.661178919327 5.799790692676 
  0.96446195   1.69059352  82.06978035  3048.329900354147 3042.883756323703 5.446144030444 
  0.97491916   1.68888476 125.73712345  3049.902437835932 3047.767256472392 2.135181363540 
  0.96446195   1.88330147  85.71283933  3050.753444790840 3046.013283118949 4.740161671891 
  0.96446195   1.77226157 121.78786325  3052.265278935432 3053.070323716210 -0.805044780778 
  0.95842506   1.90798163 103.10704186  3054.035012125969 3053.715031292637 0.319980833332 
  1.04077786   1.87403708  95.01651214  3054.086167365313 3054.916241518120 -0.830074152808 
  0.89621707   1.72706795  85.46191897  3055.849737301469 3055.742231175491 0.107506125978 
  0.86390356   1.66198053 112.04094880  3055.885490253568 3058.750032326745 -2.864542073177 
  1.03667496   1.84048985 109.91673532  3058.888910993934 3059.698354958088 -0.809443964155 
  1.10611178   1.71951482 104.31354764  3059.172879651189 3061.904504435992 -2.731624784803 
  0.91735855   1.65258031 124.43563264  3059.925029084086 3060.406881493177 -0.481852409091 
  1.03857547   1.58739542  95.12189412  3060.801986649632 3062.283504899379 -1.481518249747 
  0.91398437   1.54964800 103.00000000  3061.671207204461 3063.094187251724 -1.422980047263 
  1.08735288   1.62873468  98.06631387  3067.296509012580 3064.148020897652 3.148488114928 
  0.97238970   1.84524525  82.36127640  3070.065724313259 3067.662120049257 2.403604264002 
  0.96446195   1.91930210  97.37656106  3074.638590142131 3071.763110262938 2.875479879193 
  0.95129781   1.91687694  97.20298561  3075.617425858974 3073.666750632577 1.950675226398 
  0.94803122   1.91047667 101.37434409  3075.739163011312 3075.779671556559 -0.040508545247 
  0.90109352   1.86271801 103.00000000  3076.627784356475 3077.515978688614 -0.888194332139 
  0.96446195   1.74517606  80.48690029  3077.042189151049 3079.439115649527 -2.396926498478 
  1.03122745   1.72322800 121.36385866  3077.581311687827 3080.247100230978 -2.665788543151 
  0.99912757   1.65472462  84.44802107  3079.883783489466 3079.024663813760 0.859119675706 
  0.91360438   1.68888476  84.29745443  3081.107916414738 3080.941029990325 0.166886424412 
  0.88879255   1.63113975 119.95771959  3082.148076787591 3081.393152204482 0.754924583109 
  0.95875969   1.55645581  96.21179607  3084.394426077604 3086.628779530444 -2.234353452840 
  0.93541979   1.86765289 110.51743065  3087.553544998169 3088.131255248275 -0.577710250106 
  1.03726535   1.68483918 122.02280332  3087.693770319223 3087.602709330080 0.091060989143 
  0.99548740   1.90344786 103.32454117  3088.084798544645 3090.402231820373 -2.317433275728 
  0.96446195   1.71949542  80.93395770  3091.198616579175 3090.914036433232 0.284580145943 
  1.10588396   1.66012286 102.75534720  3091.668747782707 3091.526751081578 0.141996701129 
  0.96446195   1.68190204  82.30417121  3094.911823526025 3091.115111486122 3.796712039903 
  1.08040611   1.72925138  89.31155014  3096.410798579454 3090.855298550579 5.555500028875 
  1.09607060   1.68888476 111.34736839  3099.343743443489 3098.142929715861 1.200813727628 
  0.96446195   1.89017303 108.33223017  3101.901411175728 3101.588427155186 0.312984020542 
  1.09724789   1.70707638 110.43418864  3104.300906643271 3103.014685973410 1.286220669861 
  0.86869866   1.78764146  98.39221396  3104.337009072304 3102.144908966988 2.192100105316 
  0.96446195   1.87550132  84.44021172  3109.821486845613 3105.703618563806 4.117868281806 
  0.92303061   1.89182892 103.00000000  3110.016368776560 3111.497945344967 -1.481576568407 
  0.97286451   1.53483994 104.47359888  3117.059664979577 3111.582358279348 5.477306700229 
  0.95017619   1.68888476 126.00249925  3117.645897075534 3116.081746847102 1.564150228432 
  0.96446195   1.90526423  88.55669889  3119.483048960567 3115.142757573828 4.340291386738 
  0.87026260   1.66495017 115.51162851  3120.264942809939 3123.316578620260 -3.051635810321 
  0.86598882   1.60812688 106.37953515  3120.504951983690 3124.803760454980 -4.298808471290 
  0.95382653   1.54974511 118.62934179  3121.716070845723 3125.806065507595 -4.089994661872 
  0.92631226   1.82531662 115.68562980  3135.719801709056 3140.358784892318 -4.638983183262 
  1.11055276   1.68888476 103.00000000  3136.079665422440 3138.594119889678 -2.514454467238 
  0.97642557   1.72361466  80.68041035  3144.396315559745 3138.324981983188 6.071333576557 
  1.05608983   1.85691250  94.20007652  3144.418061241508 3148.449375457299 -4.031314215791 
  1.06672161   1.67078983  88.75145088  3144.555551141500 3147.211578475419 -2.656027333918 
  1.00707471   1.90973877  94.32689868  3153.098708286881 3154.224457989741 -1.125749702860 
  1.04835337   1.56617826 103.00000000  3154.105768531561 3153.957478117755 0.148290413806 
  0.95975026   1.70543920 125.78980714  3156.808854371309 3156.431777712339 0.377076658970 
  0.96446195   1.74355162 124.44902117  3157.993489876390 3249.896403856773 -91.902913980383 
  0.98337607   1.75894357 122.93745507  3158.977338701487 3174.726962148012 -15.749623446526 
  0.85859636   1.73950169 103.00000000  3159.762436509132 3157.341886632721 2.420549876411 
  1.05411246   1.69127412 120.17905031  3159.838104605675 3158.438606313488 1.399498292187 
  0.96446195   1.90854602  88.73968755  3162.618367284536 3160.676066516805 1.942300767731 
  0.96446195   1.61633018  86.74757175  3162.952746778727 3160.408149430831 2.544597347896 
  1.00442671   1.78885727  80.96649171  3163.190212681890 3163.599414661209 -0.409201979320 
  1.08389670   1.80402478 103.75187565  3164.234369531274 3166.970097819752 -2.735728288478 
  1.08201512   1.60259385 109.45750537  3164.723513662815 3163.871124514219 0.852389148596 
  1.02034483   1.58485447  92.91229575  3166.090024739504 3168.209193160686 -2.119168421182 
  0.85455870   1.68888476 102.35065939  3167.900581151247 3170.613297912208 -2.712716760961 
  1.08201793   1.69466226 115.43451277  3168.717089027166 3170.181456873477 -1.464367846310 
  1.11095595   1.68888476 100.58724189  3169.710685983300 3173.587477796947 -3.876791813646 
  0.99308416   1.68888476  82.04180776  3170.732332676649 3173.010664151852 -2.278331475203 
  0.85446195   1.68888476 103.00000000  3171.150029703975 3173.462596319920 -2.312566615945 
  0.96446195   1.57445458  92.12369748  3174.069204136729 3174.392284847539 -0.323080710810 
  0.96446195   1.79741259  80.22969215  3177.547436758876 3178.832759743690 -1.285322984814 
  0.98913845   1.71007940  81.11651620  3177.593745142221 3180.372158406171 -2.778413263950 
  0.97836319   1.68888476  81.73234928  3177.622683748603 3180.889658592700 -3.266974844097 
  1.10623984   1.74425893 103.00000000  3181.957023516297 3183.848942503932 -1.891918987634 
  1.00095782   1.61234273 124.66189469  3183.401581585407 3181.942294376871 1.459287208536 
  0.96446195   1.92505993  96.67766056  3186.627397596836 3192.713104058802 -6.085706461966 
  0.85428147   1.69313713 103.00000000  3190.052581414580 3189.182207950001 0.870373464580 
  0.92740143   1.88875212 106.09683159  3190.274522185326 3193.956536574265 -3.682014388939 
  0.96446195   1.72990193  80.34972946  3190.323985472322 3194.979504235874 -4.655518763552 
  1.10433493   1.68888476 109.30462852  3192.249294131994 3195.844035186901 -3.594741054907 
  0.87910898   1.68613527 118.39153601  3192.883640557528 3196.376625344651 -3.492984787124 
  1.09919968   1.65812190  96.44679351  3193.288216158748 3196.073274672732 -2.785058513984 
  0.96446195   1.61829040  86.43101773  3195.625289931893 3196.430732701252 -0.805442769359 
  1.01019936   1.54578355 101.97690423  3196.651098132133 3201.205667692279 -4.554569560146 
  0.96412112   1.54136775  99.91471877  3197.467688217759 3201.283849311539 -3.816161093780 
  0.90274906   1.72460463 121.43335801  3200.527237981558 3202.882359071554 -2.355121089996 
  0.97045118   1.54617456  98.34452413  3207.224638953805 3204.702976195229 2.521662758576 
  1.00678301   1.78182483 120.36456582  3209.721700012684 3207.640376901262 2.081323111422 
  0.96446195   1.91582915 103.00000000  3212.297678679228 3208.715002876080 3.582675803148 
  0.86379107   1.72467885 110.87896809  3212.518911480904 3211.047316816299 1.471594664605 
  0.88827056   1.83942852 105.00469860  3215.041270330548 3212.954972950962 2.086297379587 
  0.96446195   1.68888476 126.53266332  3216.740282028913 3216.239245100412 0.501036928502 
  1.08684953   1.80218919 103.41291617  3217.118509843946 3216.920497445103 0.198012398842 
  0.93775425   1.68888476  82.24110180  3217.615145668387 3216.105521505961 1.509624162426 
  0.87193548   1.70067140 115.89718127  3218.199966728687 3222.902618980230 -4.702652251543 
  1.00134864   1.64567908  84.68884808  3218.479870468378 3222.949815606444 -4.469945138066 
  0.89613560   1.55807858 103.25175488  3222.845149263740 3226.136899313426 -3.291750049686 
  0.85369340   1.69281720 103.20674435  3224.112026184797 3228.289720635336 -4.177694450539 
  0.90961170   1.73093073  82.98943894  3225.704089060426 3231.854969793473 -6.150880733047 
  0.96446195   1.53386676 114.12744839  3226.063451036811 3229.658992191918 -3.595541155107 
  0.95014138   1.87754367  84.27604180  3227.981685310602 3233.704136008468 -5.722450697865 
  0.89004718   1.58187438  97.42656945  3236.621478140354 3235.632372755765 0.989105384589 
  0.91497233   1.86941355 108.15417741  3239.127771601081 3241.980452368368 -2.852680767287 
  0.96446195   1.68888476  81.50753769  3241.222620591521 3242.555695525719 -1.333074934198 
  1.01217177   1.90202547 103.00000000  3243.380925640464 3248.542293059549 -5.161367419085 
  0.96446195   1.75948066  79.78242676  3245.560909077525 3247.870774786963 -2.309865709438 
  0.90632165   1.54863023 112.62574818  3247.815172761679 3247.712993635798 0.102179125880 
  0.92027462   1.89441733  90.81306439  3251.400416746736 3252.647968470907 -1.247551724171 
  0.99692893   1.53926294 114.00180099  3252.296479970217 3247.669019062078 4.627460908139 
  1.03356114   1.68888476 123.08881782  3252.906208366156 3253.905806305043 -0.999597938888 
  1.01941225   1.58398223 121.25760977  3254.040951624513 3250.213141071533 3.827810552980 
  1.10368456   1.72467745  94.32207671  3254.369773775339 3252.459339647276 1.910434128063 
  1.05749363   1.61609744 118.92051925  3255.701926827431 3251.161588734994 4.540338092436 
  1.08442268   1.68888476  90.07667593  3257.059496924281 3253.709065628720 3.350431295561 
  1.09635982   1.68888476  92.67495054  3259.097724020481 3260.262656939637 -1.164932919156 
  1.10127742   1.76194886  95.39389758  3260.640892371535 3262.196447999141 -1.555555627605 
  0.89456167   1.68888476  85.84665104  3263.857629910111 3265.266350574015 -1.408720663904 
  0.93554521   1.86759668  84.21085999  3266.943779528141 3268.442415965464 -1.498636437323 
  1.11306472   1.69963401 104.87839236  3267.221423342824 3269.014767424367 -1.793344081543 
  1.02740796   1.73119307  82.02877855  3269.779470294714 3268.393461605162 1.386008689552 
  1.09679297   1.68888476 112.67002600  3272.420558989048 3270.436721489738 1.983837499310 
  0.99773382   1.88932112 108.54502535  3273.278730183840 3272.152847879142 1.125882304698 
  0.86021947   1.76035853 103.00000000  3274.122667431831 3273.764331051090 0.358336380741 
  1.04541467   1.84505911 109.28675926  3276.328329712152 3275.311901370927 1.016428341225 
  1.11446195   1.68888476 103.00000000  3277.119529575109 3280.827191393370 -3.707661818260 
  1.11038088   1.68888476  97.62412643  3277.863302111626 3278.967419568339 -1.104117456713 
  0.88938920   1.70429185  86.07547100  3278.309879764915 3280.486960143776 -2.177080378862 
  0.96446195   1.78176457 122.12192271  3279.237896844745 3285.622238670414 -6.384341825670 
  1.10338395   1.75171081  95.15448142  3281.237793162465 3280.298887329899 0.938905832566 
  1.04944394   1.56331514 103.00000000  3281.676573961973 3283.070091485880 -1.393517523907 
  0.85931404   1.66487516  96.55283444  3282.651308178902 3283.569073458468 -0.917765279567 
  1.00370296   1.53692745 105.04350477  3282.870817974210 3287.859093600067 -4.988275625857 
  0.85904522   1.73845654 106.97161027  3283.724951863289 3292.428485746218 -8.703533882929 
  1.03092308   1.68888476  83.51303603  3287.819245114923 3291.415580892357 -3.596335777434 
  0.96446195   1.78082906  79.61505452  3288.173702135682 3294.652264691496 -6.478562555814 
  0.96446195   1.57887797  90.91720304  3288.295741394162 3292.066580463205 -3.770839069043 
  0.86873441   1.78879450 105.64826069  3288.591085761786 3294.904815650033 -6.313729888248 
  0.92710484   1.55143903 118.54160245  3291.322597935796 3295.009881715784 -3.687283779988 
  0.96446195   1.53266332 103.00000000  3291.896045252681 3294.197211830734 -2.301166578053 
  0.96446195   1.57938412  90.81817221  3292.735845908523 3297.319530339229 -4.583684430706 
  1.06703050   1.57763650 103.00000000  3295.851166218519 3300.753984987674 -4.902818769155 
  1.05252918   1.67397655  86.13568580  3296.175916805863 3299.105233939346 -2.929317133483 
  0.96446195   1.90175558 107.76807920  3298.251425877213 3301.585471549782 -3.334045672569 
  1.06971681   1.72848734  86.30701625  3300.578307166696 3300.475602729279 0.102704437416 
  0.92233957   1.89617203  89.92571181  3308.485399365425 3305.483365855352 3.002033510073 
  0.96446195   1.59989175  88.02855704  3310.238598927855 3305.635073364707 4.603525563148 
  1.09702068   1.79171406  99.26437778  3310.995276317000 3309.801297933105 1.193978383895 
  1.07275905   1.68888476 118.17206744  3312.073918849230 3307.482148444532 4.591770404698 
  0.96572131   1.85797980  81.86244197  3314.994874209166 3312.784802420299 2.210071788867 
  0.96446195   1.88474423 111.03672672  3315.893731057644 3318.193126683509 -2.299395625865 
  0.85594739   1.73780630 103.36542879  3318.537779971957 3320.069199184347 -1.531419212390 
  0.96446195   1.64362173  83.87836578  3319.346319243312 3320.672114771888 -1.325795528576 
  1.06310738   1.57823411 112.50437842  3320.228174850345 3321.220370824069 -0.992195973724 
  1.03268964   1.69361612  83.32078321  3321.603828683496 3323.171682895821 -1.567854212325 
  0.90841039   1.59685646 122.76391166  3327.041606619954 3325.855764093991 1.185842525963 
  0.96446195   1.92860130  92.72863553  3327.492652386427 3326.585961822751 0.906690563676 
  0.86965395   1.68888476 116.25474168  3331.087406411767 3327.736488303664 3.350918108103 
  0.92172728   1.81073966 117.79171479  3333.016138747334 3331.110686541497 1.905452205838 
  1.08115550   1.82256000 102.84119637  3334.803919926286 3330.958959270939 3.844960655347 
  0.96446195   1.79127350 121.60909499  3335.576046526432 3334.625724048276 0.950322478156 
  0.96535550   1.67792788 127.23201230  3337.850866764784 3335.046978848349 2.803887916435 
  0.96446195   1.79536341  79.57980884  3339.161475405097 3340.779207169258 -1.617731764161 
  1.05792426   1.86715074  99.28689146  3339.204478055239 3341.587370371076 -2.382892315838 
  0.96446195   1.61414711 126.74384370  3340.762660354376 3341.658906805542 -0.896246451166 
  1.11573811   1.70980930 103.00000000  3344.451478227973 3342.440944867339 2.010533360634 
  1.00720252   1.69820986 125.36886327  3347.711609184742 3346.339550932001 1.372058252741 
  0.92532420   1.88938632 107.12172455  3349.851361498237 3346.641106724060 3.210254774177 
  0.96446195   1.63810273 127.41119356  3350.272420987487 3351.113783534475 -0.841362546988 
  0.87739189   1.68888476 118.72840925  3352.197816446424 3350.559756944778 1.638059501645 
  0.96446195   1.68904528 127.07581840  3353.406800568104 3354.608404224156 -1.201603656052 
  1.01494970   1.70444788 124.69074770  3355.622273325920 3354.611504179093 1.010769146827 
  0.91980853   1.53977361 103.00000000  3356.594428688288 3359.874750328955 -3.280321640667 
  0.96446195   1.84546671  80.94312226  3363.025230765343 3364.421137489503 -1.395906724160 
  1.07896460   1.82824679 103.00000000  3365.386075630784 3366.722940017090 -1.336864386306 
  0.96446195   1.74497714  79.53035644  3365.416938841343 3365.655573649648 -0.238634808306 
  0.96204569   1.61683122 126.96685948  3366.915463149548 3367.828114556328 -0.912651406781 
  1.00205758   1.70248221  81.12162225  3369.015632644296 3375.381997898894 -6.366365254598 
  1.07110142   1.63695590 118.43718120  3372.400109335780 3374.491490601073 -2.091381265293 
  1.03083662   1.77386609  81.62630711  3374.633231803775 3377.358226340939 -2.724994537165 
  0.96647664   1.53100496 103.00000000  3378.112636119127 3377.549380488739 0.563255630389 
  0.96446195   1.77081793 123.32811751  3378.324004217982 3384.723393184589 -6.399388966606 
  1.11079423   1.71036028  95.75217494  3379.726961135864 3380.148083868810 -0.421122732946 
  0.97135025   1.57508404  91.17372644  3384.496185392141 3384.044040244487 0.452145147654 
  0.96446195   1.81896323  79.86234232  3387.469867631793 3388.741011450000 -1.271143818207 
  1.00614146   1.73400790  80.37139053  3388.017193213105 3386.508633779863 1.508559433242 
  0.86620430   1.79541942  96.89442749  3391.672769263387 3389.126182667197 2.546586596190 
  0.96446195   1.68888476 127.23618090  3395.633953049779 3394.582045583708 1.051907466071 
  0.95311224   1.85531480 115.41127328  3397.465574994683 3395.478213905282 1.987361089401 
  1.10848280   1.75940265 103.00000000  3398.019094973803 3398.957688903194 -0.938593929392 
  0.86316605   1.64138033 114.14997574  3398.865452408791 3401.066848576044 -2.201396167254 
  1.10318967   1.62440555 103.00000000  3399.016898766160 3404.645274095222 -5.628375329062 
  0.96446195   1.53252887 101.81958684  3400.622150629759 3408.546696675827 -7.924546046068 
  1.01982148   1.68888476  82.38509535  3401.840104624629 3408.987543833301 -7.147439208672 
  1.01536137   1.68888476  82.14339056  3405.680518448353 3409.349936998142 -3.669418549789 
  1.04325858   1.55562823 103.00000000  3406.017823010683 3410.951519184099 -4.933696173416 
  0.98786687   1.74052307 125.18020270  3412.029761254787 3494.990520170627 -82.960758915840 
  0.90104912   1.87850592 103.00000000  3414.511800453067 3413.970235256875 0.541565196192 
  1.11809045   1.68888476 103.00000000  3414.793333843350 3414.542476398917 0.250857444433 
  1.02823422   1.80290475 117.78120708  3416.398636847734 3413.479342239544 2.919294608190 
  1.09725080   1.78206979 105.85658382  3416.840856611729 3418.070996447567 -1.230139835839 
  0.99896217   1.59578419 124.87386826  3417.209926888347 3415.115161350998 2.094765537348 
  0.99009365   1.73614221  79.70854391  3418.959097176790 3417.092360627063 1.866736549727 
  1.11608482   1.72649779 103.00000000  3419.189753100276 3420.983045185485 -1.793292085209 
  1.00296952   1.70809469  80.81594469  3419.792176261544 3419.242765228220 0.549411033324 
  1.07011091   1.62883250 118.49574431  3419.924981310964 3417.679302464766 2.245678846198 
  0.92199075   1.66324247  83.75208264  3420.531241908669 3422.011305686427 -1.480063777758 
  0.96446195   1.89682204 109.75960419  3420.934924304485 3423.135263105602 -2.200338801117 
  1.04590466   1.71026094  83.42930092  3421.151123955846 3422.590249708826 -1.439125752980 
  1.10299654   1.75899935 107.13691379  3421.461434617639 3425.933140467868 -4.471705850230 
  0.92639138   1.65424763  84.01340000  3425.140156745911 3424.154505586631 0.985651159279 
  0.91403477   1.68888476  83.07752595  3427.335243865848 3425.913406033641 1.421837832206 
  1.09418443   1.80406713  96.06364935  3428.357509195805 3425.576921888546 2.780587307259 
  1.03356372   1.90153617  95.18692071  3432.298205912113 3428.227150662580 4.071055249533 
  0.85382286   1.68888476  97.51211800  3432.954342469573 3427.857186783938 5.097155685635 
  1.08686100   1.81683073 103.16187917  3434.830682545900 3432.882926022197 1.947756523703 
  0.86643287   1.78237058  93.34949495  3434.962997615337 3433.265380493501 1.697617121837 
  0.86315775   1.66249484 114.92466550  3435.023056149483 3437.015869965405 -1.992813815923 
  1.11752948   1.68888476  99.71053302  3437.129951521754 3439.345735537544 -2.215784015790 
  0.97837102   1.83506370 118.02520959  3440.333882734179 3442.995807677976 -2.661924943796 
  0.96098855   1.83388861 118.24710623  3448.863654509187 3443.974136904837 4.889517604350 
  0.96446195   1.81901346 119.74512210  3448.922785818577 3447.390792268929 1.531993549648 
  1.10674335   1.68888476  94.17421697  3449.024484217167 3441.455086945889 7.569397271278 
  1.08854042   1.82017696  96.66078901  3449.044217810035 3445.993224707970 3.050993102065 
  0.96446195   1.82878018  79.90477287  3451.670189201832 3449.274224452015 2.395964749817 
  0.94019319   1.92515345  92.02514679  3451.883326649666 3451.437537643754 0.445789005912 
  0.96446195   1.93681021  96.50271794  3452.033239886165 3452.615906413690 -0.582666527525 
  0.86992808   1.81103122 103.00000000  3453.555003091693 3451.032456363161 2.522546728532 
  0.96764729   1.81080403 120.53020165  3455.230090007186 3456.176030729286 -0.945940722100 
  0.96446195   1.75458264 124.76749725  3456.631058633327 3482.673771139297 -26.042712505970 
  1.10642725   1.68888476  93.96683367  3457.669937282801 3452.976431894710 4.693505388091 
  0.96446195   1.83293029  80.00919185  3457.766695842147 3457.898932379151 -0.132236537004 
  1.02326611   1.77003752  80.72689652  3457.851414084435 3457.713397134361 0.138016950073 
  0.98013757   1.74549992  79.24313203  3460.126225978136 3460.001910465093 0.124315513043 
  1.09098529   1.60867568  99.56531749  3460.819800242782 3458.670208117873 2.149592124909 
  0.96446195   1.91698100 105.97098020  3468.267167076468 3470.938723983192 -2.671556906723 
  0.86290229   1.74383293 110.93011570  3472.478575408459 3474.466848220497 -1.988272812038 
  0.96446195   1.68888476  80.80402010  3473.666517719626 3471.715882128255 1.950635591372 
  0.86551721   1.79744992 103.00000000  3476.289507448673 3474.356878403133 1.932629045541 
  1.07459714   1.84216124 103.00000000  3476.766892090440 3480.221849937001 -3.454957846561 
  1.11887191   1.68888476 104.93100989  3478.835482284427 3479.028959830516 -0.193477546089 
  1.08430838   1.59177637 109.72836979  3479.190306022763 3477.084953467356 2.105352555407 
  0.85174803   1.72305444 103.00000000  3481.601586252451 3480.189054415137 1.412531837314 
  1.05607222   1.70195724 121.22204494  3482.976840838790 3481.645081783352 1.331759055438 
  0.96446195   1.66822281  81.78918733  3486.208079978824 3485.513153315244 0.694926663579 
  0.99163793   1.92382115 103.00000000  3490.104908332229 3492.684775937333 -2.579867605104 
  0.98473024   1.77562583  78.98057210  3494.469564557076 3496.793336362017 -2.323771804942 
  0.96446195   1.55310318 121.76841684  3495.282756164670 3495.452495352124 -0.169739187454 
  0.87573530   1.80346908  90.12244461  3498.368328303099 3497.924567362614 0.443760940485 
  0.96446195   1.76842914  78.88455280  3499.079468205571 3500.766814683775 -1.687346478204 
  1.02198234   1.66055495  83.74219748  3499.082913219929 3498.716457876754 0.366455343174 
  1.09018555   1.81349089 103.49513896  3500.408489674330 3503.649254158513 -3.240764484184 
  0.96446195   1.75970423  78.92331207  3502.490213423967 3502.936423818895 -0.446210394927 
  0.96844723   1.91856789 105.98719046  3505.579876214266 3506.614473482125 -1.034597267859 
  0.91101461   1.90402172  94.31013260  3508.597447931767 3511.217945240129 -2.620497308362 
  1.06670487   1.57068197 103.00000000  3510.010233834386 3511.891243160678 -1.881009326292 
  0.94249909   1.59019555 125.88357759  3510.551744416356 3514.775430307936 -4.223685891580 
  0.96446195   1.68387036  80.90297008  3514.645166411996 3514.097900972577 0.547265439418 
  0.96446195   1.76506566 124.26591041  3514.676047354937 3518.624356155080 -3.948308800144 
  0.91236831   1.62423183  87.07769521  3514.990178436041 3515.429130316316 -0.438951880275 
  0.96446195   1.73636046  79.18717204  3518.513697117567 3517.456769367388 1.056927750179 
  1.11328100   1.75389913 103.00000000  3521.384319871664 3518.624811815299 2.759508056365 
  0.96446195   1.80018490 121.73269302  3524.860278278589 3523.536410984223 1.323867294367 
  1.02471188   1.74623859 122.78204318  3525.559553131461 3523.332247883626 2.227305247835 
  0.96446195   1.92128539 105.43523801  3526.959661841393 3522.243107974897 4.716553866496 
  1.11298098   1.70186857 109.18904172  3527.217171519995 3524.792609522836 2.424561997158 
  0.89027806   1.71715079  84.62627234  3530.300913572311 3529.820718894088 0.480194678224 
  1.09741815   1.68888476 114.51303895  3532.220561519265 3529.214609639207 3.005951880058 
  0.96478624   1.93886357  93.00533362  3540.369283705950 3536.559167136525 3.810116569425 
  0.96446195   1.84520140  80.13156785  3541.114983245730 3539.925735266485 1.189247979245 
  1.04100456   1.87772021 106.40014186  3545.255824014544 3539.416830557900 5.838993456644 
  0.85745733   1.71612596 111.10904517  3546.113780632615 3547.037841369171 -0.924060736556 
  1.09751369   1.80581263 101.41860381  3549.035841241479 3548.043774941937 0.992066299542 
  0.96446195   1.87136648 114.49063327  3549.173210576177 3547.599270428160 1.573940148017 
  1.02376223   1.68888476 125.24376942  3549.408732369542 3548.979949734310 0.428782635232 
  1.11756131   1.74048992 102.34115315  3550.097247183323 3549.610429253101 0.486817930222 
  0.96230201   1.87770370 113.62638353  3550.906612992287 3550.197861603351 0.708751388936 
  1.05468918   1.68888476  84.56391326  3555.527932882309 3552.958548445747 2.569384436562 
  0.96446195   1.53842133 118.92282627  3558.478314518929 3554.789043864851 3.689270654077 
  0.91120434   1.87623778 108.75590400  3563.650049164891 3559.278724378059 4.371324786832 
  1.08578129   1.82385781 104.02294087  3564.523107588291 3561.160233967688 3.362873620603 
  1.11196392   1.73861403 107.41108116  3565.185324594378 3565.749984432331 -0.564659837952 
  0.85734516   1.66852189 113.12810578  3565.266055107117 3567.077370579752 -1.811315472635 
  0.96446195   1.68888476  80.50000000  3566.384808987379 3573.365689887120 -6.980880899741 
  0.96446195   1.68888476 127.93969849  3569.916563406587 3576.710929113186 -6.794365706599 
  0.94537973   1.52806813 103.00000000  3576.022422105074 3575.741847944552 0.280574160522 
  0.96446195   1.58188034  89.35216769  3577.994423806667 3584.698096115229 -6.703672308561 
  0.92940849   1.81972007  80.49909392  3590.474312782288 3593.217451268513 -2.743138486226 
  1.06262246   1.66677215 121.44559739  3591.436442047358 3587.454937084961 3.981504962397 
  0.96446195   1.90295033  84.06827836  3591.667881801724 3589.425929497713 2.241952304011 
  0.96446195   1.68888476 128.00000000  3593.801558822393 3592.495224368855 1.306334453538 
  1.12118055   1.68888476 105.74280499  3594.440949440002 3593.506075524857 0.934873915145 
  1.08162213   1.76027700 114.55265113  3594.805171817541 3592.032081709694 2.773090107847 
  0.86539253   1.80459724 103.00000000  3597.442546784878 3598.093838203867 -0.651291418989 
  0.87684058   1.83875920 103.00000000  3597.957547008991 3598.454338619708 -0.496791610717 
  1.12311785   1.69916042 103.00000000  3600.289389893413 3599.515246135516 0.774143757896 
  0.96305028   1.63401327 128.37403337  3602.029514685273 3605.833384948509 -3.803870263236 
  0.96446195   1.83630752  79.50048753  3604.451113313437 3606.675814402313 -2.224701088876 
  1.02863374   1.88838856 107.42322174  3606.161403581500 3605.525796397018 0.635607184483 
  0.96446195   1.87347481  81.34676414  3606.367894843221 3607.237504790649 -0.869609947428 
  1.05950204   1.62794190 121.23229519  3609.813171133399 3602.310485314930 7.502685818469 
  0.96446195   1.52638191 103.00000000  3611.347369685769 3605.364729248028 5.982640437741 
  0.92257576   1.85591869  82.72032449  3613.723675504327 3612.327928683367 1.395746820960 
  1.07372450   1.85835259  96.14146692  3616.105251625180 3614.806624845161 1.298626780020 
  0.85678106   1.76331866  96.37061941  3618.120650053024 3614.773672833212 3.346977219812 
  1.00540346   1.92284630 103.00000000  3618.776711672544 3619.496050332446 -0.719338659901 
  0.94838730   1.61759838  85.33618767  3624.503900438547 3624.239450359890 0.264450078657 
  1.04336462   1.81252784 116.21150207  3625.717529013753 3626.502606192026 -0.785077178273 
  1.10973885   1.68888476 111.85080001  3626.448552638292 3631.956503253540 -5.507950615247 
  0.96446195   1.70734730 127.61326337  3629.519366443157 3636.565145132129 -7.045778688972 
  1.02408287   1.53988003 103.00000000  3633.147364512086 3635.775183329147 -2.627818817061 
  1.02507488   1.54028714 103.00000000  3635.075297772884 3637.707152561802 -2.631854788917 
  0.96446195   1.91844103 107.31046007  3638.581373795867 3638.351733038234 0.229640757633 
  0.92136221   1.52861920 111.06268980  3638.860879674554 3636.698006495181 2.162873179373 
  0.84797738   1.70117844 103.00000000  3642.508147940040 3641.160173176082 1.347974763958 
  0.96446195   1.71161709 127.48668089  3646.022965505719 3644.037494765640 1.985470740080 
  1.10143434   1.79956256 103.00000000  3646.187319412827 3646.089262945033 0.098056467794 
  1.06054288   1.72092752 120.69870432  3647.442783296108 3643.558836118425 3.883947177683 
  0.93656839   1.91411666  87.06064730  3647.442886635661 3645.975818464394 1.467068171267 
  0.99124897   1.81986026 120.07940365  3648.709465652704 3649.020389828585 -0.310924175881 
  0.86233506   1.71176498  90.83532571  3649.192224800587 3644.859533849220 4.332690951366 
  1.10962220   1.68888476  93.26865167  3649.653892830014 3646.931643433172 2.722249396842 
  1.10765258   1.69128370  92.56927051  3652.589997038245 3649.963580313618 2.626416724627 
  0.96446195   1.87532437  81.22337779  3654.437910512090 3654.907450898704 -0.469540386614 
  0.96446195   1.82128550 120.52165581  3657.506490722299 3658.421316738915 -0.914826016616 
  1.11616959   1.68888476  95.45653855  3659.511590182781 3653.746770354709 5.764819828072 
  0.96446195   1.94512407  93.41312658  3659.979645237327 3662.926371640392 -2.946726403065 
  1.12450646   1.70263636 100.58450371  3662.564002573490 3661.703508860725 0.860493712765 
  1.12412423   1.68888476 100.30862615  3664.050465896726 3667.265573354741 -3.215107458015 
  0.94449436   1.93091039 103.00000000  3665.031389921904 3672.929420466924 -7.898030545020 
  0.96722674   1.52519604 103.00000000  3667.418278247118 3670.577639277670 -3.159361030552 
  0.96386261   1.66135595 128.76024546  3676.471685230732 3676.300186531033 0.171498699699 
  0.96446195   1.55131726  94.32493951  3679.439738184214 3675.495214016011 3.944524168202 
  0.93818206   1.68888476 127.83948097  3679.480631873012 3675.137231131403 4.343400741608 
  1.04323152   1.79478265 118.17507831  3679.539659038186 3676.277314294370 3.262344743816 
  1.11054181   1.77841878 103.00000000  3679.926234796643 3683.392486477223 -3.466251680579 
  0.96446195   1.83161783 119.69149402  3682.584583699703 3688.052489416538 -5.467905716835 
  1.07058268   1.80937256 112.40561803  3683.940229550004 3686.247888431014 -2.307658881010 
  0.96446195   1.94599513  98.37118294  3684.091305673122 3691.309313838257 -7.218008165135 
  1.07810344   1.57603484 103.00000000  3689.255363151431 3688.984683168756 0.270679982675 
  0.95626472   1.56776997  91.18274804  3692.702940613031 3689.468784401466 3.234156211566 
  1.02401835   1.58101670 122.79417581  3693.611910820007 3687.774441253449 5.837469566558 
  0.90039097   1.54279958 103.36584864  3694.813309252262 3691.864263347462 2.949045904800 
  1.12562814   1.68888476 103.00000000  3695.750980392098 3697.295256276910 -1.544275884812 
  0.98737206   1.94523298  96.24248496  3696.935373872519 3702.712905079991 -5.777531207473 
  1.12358526   1.66610795 103.00000000  3699.813522338867 3700.441806066819 -0.628283727952 
  0.96446195   1.91296777 108.98453896  3701.557756781578 3700.114813153202 1.442943628376 
  1.03966023   1.89910679 103.00000000  3705.912578210235 3704.000148686196 1.912429524039 
  1.11604825   1.63555700 103.00000000  3707.113361328840 3706.664885111688 0.448476217152 
  0.93883788   1.92961770 103.00000000  3707.142708316445 3708.387326995930 -1.244618679485 
  1.06555695   1.62375960  90.02083775  3707.667501524091 3704.730297919254 2.937203604837 
  0.96446195   1.68888476  80.10050251  3708.970276087523 3709.353328768302 -0.383052680779 
  0.84673367   1.68888476 103.00000000  3709.756333500147 3709.946819211350 -0.190485711203 
  0.84774977   1.65919206 103.00000000  3711.215901613235 3711.666012302142 -0.450110688906 
  1.06556981   1.68888476 121.38153535  3714.852137699723 3711.213601370932 3.638536328791 
  0.95967195   1.81615295 121.21537313  3715.733667790890 3718.633952932424 -2.900285141534 
  0.96446195   1.86454813 116.30419465  3718.763394132257 3716.333022547084 2.430371585173 
  0.86391990   1.68888476  90.43649549  3718.991346731782 3714.977263577677 4.014083154105 
  0.95091034   1.81270836  78.71321322  3722.452399969101 3721.313469120790 1.138930848311 
  1.11018672   1.78251754 103.00000000  3722.492708027363 3721.659068028031 0.833639999331 
  0.84955120   1.70272183 108.08985663  3723.382485806942 3721.384738088764 1.997747718178 
  1.12654958   1.69143785 103.00000000  3727.116486445069 3729.715455383772 -2.598968938702 
  0.94957895   1.93084725  87.98538792  3727.346331745386 3730.594156957555 -3.247825212169 
  0.96316227   1.91528675 108.76085246  3729.205392867327 3729.787603093833 -0.582210226507 
  1.10946224   1.77759508  94.50588557  3731.644751459360 3731.410264851234 0.234486608126 
  1.01815887   1.55919847 120.67761392  3731.853090181947 3729.066204776812 2.786885405135 
  1.12163924   1.68888476  96.99461340  3733.841192230582 3733.284128679069 0.557063551514 
  0.96446195   1.81431134 121.51362239  3734.388832330704 3741.351912881302 -6.963080550599 
  1.11895928   1.68888476 109.45227487  3735.706933811307 3738.478728875860 -2.771795064553 
  1.01796053   1.55662217  95.44297688  3738.053545475006 3737.799312774037 0.254232700969 
  1.03631518   1.57681994  93.13329105  3739.398223027587 3740.185811573934 -0.787588546347 
  0.96089279   1.59343043  87.32128861  3740.197258070111 3741.413583502492 -1.216325432380 
  1.00912052   1.56988827 123.23473610  3745.143237948418 3740.353193000504 4.790044947914 
  1.07665967   1.77185835 115.48429812  3747.962811812758 3744.130927829434 3.831883983325 
  1.10465414   1.79888724 103.00000000  3749.102342635393 3747.957822812554 1.144519822839 
  0.96446195   1.82187263  78.51623054  3749.303988292813 3750.440341285869 -1.136352993056 
  0.96640957   1.87542555  80.72622567  3750.974475890398 3749.358604551041 1.615871339357 
  0.98710567   1.53835967 119.35584444  3751.847851395607 3751.668919824592 0.178931571015 
  0.96446195   1.68888476 128.64321608  3760.008028775454 3762.535514653299 -2.527485877846 
  0.85920311   1.68888476 115.14790101  3762.783366933465 3763.725822838691 -0.942455905226 
  1.11661381   1.63276254 103.00000000  3763.866676628590 3765.269798730755 -1.403122102165 
  0.96446195   1.77379974 124.71406111  3764.111731216311 3769.239340269037 -5.127609052726 
  1.07061220   1.78625302 114.90974810  3766.897775277495 3684.452181769488 82.445593508008 
  0.85754088   1.78636740  97.89093880  3768.371339097619 3766.092981530633 2.278357566986 
  0.85249419   1.62205597 103.00000000  3772.151778787374 3769.460445640839 2.691333146535 
  0.96446195   1.64576034 129.14071259  3772.367014229298 3773.153390050421 -0.786375821123 
  1.07854593   1.70224887 119.36727279  3772.510974898934 3769.601060709908 2.909914189026 
  0.96446195   1.66574042 129.09400209  3774.616640031338 3774.655165548495 -0.038525517158 
  0.88256074   1.78097909  85.14056179  3775.132474869490 3778.400948960590 -3.268474091100 
  0.96446195   1.83942172  78.89188083  3775.726685985923 3780.373357469282 -4.646671483360 
  0.96446195   1.52604205 101.42446825  3778.953234091401 3778.631162418801 0.322071672600 
  0.99616055   1.67493478 128.18932203  3779.824105650187 3782.711183370224 -2.887077720037 
  1.12116499   1.71968154  95.53362679  3782.671637609601 3778.647010780262 4.024626829339 
  1.01950228   1.83637519 117.27308488  3784.332830876112 3786.041341363727 -1.708510487616 
  1.08206470   1.85318995  99.79390081  3786.041989311576 3789.413648422263 -3.371659110687 
  0.91072634   1.83114197 116.66613029  3789.544430509210 3790.058224286005 -0.513793776795 
  0.96446195   1.94095477 103.00000000  3792.064513817430 3792.281094034040 -0.216580216610 
  1.07953658   1.68888476  86.51600769  3794.156031727791 3788.226557391232 5.929474336559 
  1.07644675   1.68888476 120.15496969  3794.834418281913 3790.151346451587 4.683071830326 
  0.96446195   1.89628457  82.07746371  3794.895589053631 3794.615569752896 0.280019300735 
  1.04965429   1.55306806 101.40737496  3796.414313912392 3795.260890704762 1.153423207630 
  0.89247483   1.66778441  85.19345240  3797.234372183681 3795.044736195558 2.189635988123 
  0.85428205   1.70035051 112.54253366  3798.879514127970 3801.090235678049 -2.210721550080 
  1.11744255   1.68888476  94.45630005  3799.151259332895 3797.311091501147 1.840167831749 
  0.97896014   1.54127146 120.87589430  3799.203741773963 3801.706203639203 -2.502461865240 
  0.96446195   1.90741658  83.07782345  3801.637428000569 3808.046604047787 -6.409176047217 
  0.91284121   1.67010568  82.84070628  3804.891455739737 3809.773401885690 -4.881946145953 
  0.89475255   1.54305376 112.67346947  3806.690439075232 3808.723797747467 -2.033358672235 
  0.87364795   1.62921977 120.25232085  3807.939751625061 3810.419900704247 -2.480149079186 
  1.12376761   1.74738128 100.47810242  3809.671958491206 3815.324599375539 -5.652640884332 
  1.10935542   1.69509153  91.65086330  3811.026334479451 3811.524697813672 -0.498363334220 
  1.06341432   1.85851905 107.49791625  3811.817113414407 3816.011560183329 -4.194446768923 
  0.90303073   1.74170191 123.25914193  3813.392983615398 3812.580874060447 0.812109554952 
  0.84541152   1.67663767 103.00000000  3815.259732857347 3815.112118807865 0.147614049482 
  0.96446195   1.68880056 128.85731632  3818.705471292138 3819.249834759661 -0.544363467523 
  0.99694821   1.83281311 119.40826159  3820.474505603313 3819.832741644533 0.641763958781 
  0.96446195   1.55305747  93.30566181  3820.923181846738 3817.925573913456 2.997607933281 
  1.00580859   1.52447274 108.21975587  3822.425901845098 3816.925297119406 5.500604725692 
  1.04358650   1.59916211 122.82465425  3823.720499575138 3820.666640442742 3.053859132396 
  1.05987787   1.60888408  90.54012840  3826.370971977711 3824.434220705053 1.936751272658 
  1.12363611   1.66427357 107.70633586  3831.472461208701 3833.944052985961 -2.471591777260 
  0.96446195   1.86599177 116.77929995  3832.026910275221 3836.202143430021 -4.175233154800 
  1.04615210   1.89833265 103.00000000  3833.672704517841 3837.431147143980 -3.758442626138 
  0.92086934   1.80132438 120.14948398  3836.749880880117 3647.009863910183 189.740016969935 
  0.99115805   1.54826403 121.82178541  3841.659083172679 3834.904222131923 6.754861040756 
  0.85488350   1.68888476  93.14305997  3842.291689783335 3836.747138571338 5.544551211996 
  0.95759554   1.68888476 128.92749274  3843.126955971122 3842.284619738722 0.842336232400 
  1.11350460   1.62037759 103.00000000  3844.076347693801 3842.750336367148 1.326011326653 
  1.05365418   1.83915219 112.90116564  3844.746256694198 3842.837209970098 1.909046724100 
  1.01878722   1.68888476 126.84573996  3850.531986996531 3851.366358599027 -0.834371602496 
  1.00557399   1.66146278  81.77466015  3852.165578737855 3848.298452167491 3.867126570364 
  0.86175964   1.80689102 103.00000000  3852.499706149101 3853.245474024554 -0.745767875453 
  1.09309810   1.83724419  99.44924615  3853.633202582598 3856.714944662935 -3.081742080337 
  0.90139235   1.89504392 104.29842223  3854.689122930169 3855.851218333926 -1.162095403757 
  1.12984907   1.68888476 102.16271266  3855.455515384674 3857.105685179004 -1.650169794330 
  1.04829567   1.60245241 122.62186688  3856.232114627957 3852.916156203108 3.315958424850 
  0.90189680   1.60677415  88.68662220  3859.148725211620 3861.887137091318 -2.738411879698 
  0.92482681   1.52729846 103.00000000  3861.462365344167 3860.895170175180 0.567195168986 
  0.96446195   1.58372458 127.23482553  3863.161911666393 3867.586940189728 -4.425028523335 
  1.00849721   1.68888476 127.60880215  3867.069743946195 3871.473969513824 -4.404225567630 
  0.96446195   1.81420462  77.90759553  3870.106393247843 3874.120856566456 -4.014463318613 
  0.93929007   1.94011004 101.77708069  3871.132761418819 3873.540953839818 -2.408192420999 
  0.99795273   1.67153806  80.86755982  3871.865512415767 3870.961293868339 0.904218547427 
  1.09943037   1.63533622 115.48159275  3872.062341570854 3869.304915810331 2.757425760523 
  1.03422582   1.68888476  81.71196837  3872.311904653907 3873.558298130015 -1.246393476108 
  1.11329380   1.70233816  91.99655364  3873.338136807084 3871.909890306622 1.428246500462 
  0.98032908   1.68888476  79.64591553  3878.287273705006 3876.740363429532 1.546910275474 
  1.02774095   1.68888476 126.28405735  3879.490139946342 3886.021237908534 -6.531097962192 
  0.84848609   1.63389818 103.00000000  3879.747150942683 3883.339522072084 -3.592371129401 
  0.94794212   1.74084787 127.22533603  3883.769613116980 3970.233369189008 -86.463756072028 
  0.86303660   1.81070473  94.73736299  3886.070028319955 3889.454241919846 -3.384213599891 
  0.96446195   1.52283414 101.94511988  3887.700368434191 3891.455492831504 -3.755124397313 
  1.02284717   1.68888476 126.72085855  3892.508180394769 3897.110384095643 -4.602203700874 
  0.84422668   1.68888476 103.03048642  3892.566678896546 3895.322275512186 -2.755596615640 
  0.93125067   1.52469471 103.00000000  3892.739371508360 3894.335119881240 -1.595748372880 
  0.88473017   1.55955864 100.03281995  3896.403886839747 3895.876187820132 0.527699019615 
  0.96446195   1.75097014 126.69696377  3898.436247020960 3919.735432828870 -21.299185807910 
  0.87549386   1.82109284 109.87611023  3904.449439376593 3905.072799538698 -0.623360162106 
  0.97048750   1.52092027 103.00000000  3907.358465284109 3904.176980950400 3.181484333709 
  1.11300055   1.79074612  96.32713241  3908.123720481992 3906.820696216562 1.303024265430 
  0.94354507   1.89358259 112.89006702  3909.544076159596 3912.166759394177 -2.622683234581 
  0.96446195   1.88900679 114.29995362  3911.816523388028 3911.922518692934 -0.105995304906 
  1.09037971   1.84466475 100.41610011  3912.955148741603 3916.186562449270 -3.231413707667 
  1.12182608   1.73604544 107.53509724  3916.699508339167 3916.209089629652 0.490418709514 
  1.01828762   1.68888476  80.65574509  3918.653220444918 3915.332310091394 3.320910353524 
  0.98881633   1.51825558 107.82937671  3920.162954375148 3913.703867868590 6.459086506558 
  1.01044796   1.85723485 116.45413506  3920.713588222861 3917.339469074770 3.374119148091 
  1.04279258   1.57721746  92.91028853  3921.573309287429 3921.189664827460 0.383644459969 
  1.01049496   1.53706612 117.85747108  3923.245125874877 3923.844837029907 -0.599711155030 
  1.11891519   1.77143103  96.23057841  3926.914597451687 3927.622922357041 -0.708324905354 
  1.06882203   1.87422898 103.06199832  3929.805419057608 3933.195040173468 -3.389621115861 
  0.95457881   1.94537734 103.00000000  3930.285349816084 3933.587194732153 -3.301844916069 
  0.95334204   1.57112946 126.40148766  3937.065958216786 3936.380958612403 0.684999604384 
  0.96446195   1.52010050 103.00000000  3938.326035484672 3934.598786024481 3.727249460190 
  0.96446195   1.94723618 103.00000000  3940.048590660095 3941.000710619787 -0.952119959692 
  1.08283661   1.86155548  98.29390375  3940.547562345862 3943.377927385791 -2.830365039929 
  1.01419001   1.68888476 127.52899197  3940.947602882981 3944.789725106719 -3.842122223738 
  0.96446195   1.93539607 106.37188797  3941.173648834229 3942.265055600089 -1.091406765860 
  1.13133896   1.67747940 103.00000000  3943.326202780008 3942.980765790221 0.345436989787 
  1.11335351   1.67622802 113.47229716  3943.428152740002 3941.788735836140 1.639416903861 
  1.02013469   1.72323567  79.43145266  3944.591472908854 3943.430767715638 1.160705193216 
  1.06396325   1.68888476  83.98562973  3945.552083089948 3944.166333674682 1.385749415265 
  0.92217796   1.80961703  79.41806778  3946.640143513680 3951.401289018716 -4.761145505037 
  0.96446195   1.52334922 117.06704525  3947.431853652000 3944.638874167847 2.792979484153 
  0.84361890   1.69430293 103.00000000  3947.948342576623 3947.191436512244 0.756906064379 
  0.96446195   1.68888476 129.34673367  3948.079680353403 3951.965081968091 -3.885401614688 
  0.84533202   1.68888476  98.60753635  3951.454554840922 3950.510859614925 0.943695225997 
  0.96446195   1.51733068 113.81482151  3952.127140179276 3949.969975110227 2.157165069049 
  0.96446195   1.68888476  79.39698492  3953.896143645048 3955.525985789394 -1.629842144346 
  1.05117906   1.63344445 124.24202181  3960.880987808108 3957.598669829559 3.282317978550 
  0.98932039   1.92326387  84.38579911  3966.382258310914 3957.181964957405 9.200293353509 
  1.04103040   1.90692400 103.91715682  3966.709657028317 3968.112497044024 -1.402840015706 
  0.96446195   1.63361534 129.76092581  3968.145374551415 3967.616175342248 0.529199209168 
  0.98129384   1.68391545 129.27132906  3969.950952589512 3969.519195999953 0.431756589559 
  1.12910909   1.68888476 107.29342782  3973.993141755462 3969.743447759079 4.249693996383 
  0.84968973   1.76072815 103.00000000  3977.327482074499 3977.193104960279 0.134377114220 
  1.08008947   1.85992539 103.00000000  3977.345815122128 3981.018535433017 -3.672720310890 
  0.97785585   1.91280873 111.03851283  3978.226067110896 3978.338540234622 -0.112473123726 
  0.92468287   1.75484131 125.35505808  3983.961860239506 3980.350392518763 3.611467720743 
  0.95368370   1.54998671 123.94170559  3984.339485391974 3985.679378476696 -1.339893084722 
  1.13316583   1.68888476 103.00000000  3988.201965644956 3986.384861206685 1.817104438271 
  0.86394863   1.79871329 108.65361366  3989.053530976176 3988.042705886102 1.010825090074 
  0.97699101   1.51715588 113.39330241  3989.203293010592 3983.735605733730 5.467687276863 
  0.96446195   1.80212410 123.59488253  3992.070062488317 3994.843896203625 -2.773833715308 
  1.06944173   1.87678448 103.00000000  3998.404916763306 3999.335522365032 -0.930605601726 
  0.95226016   1.55763123 125.11091142  4000.559013321996 3999.282725045437 1.276288276558 
  0.87524337   1.85475531 103.00000000  4001.821588397026 3997.937854158315 3.883734238711 
  1.12648979   1.75667036  99.19608369  4001.960901767015 3999.905821945562 2.055079821453 
  1.05617626   1.89449357 103.00000000  4001.974256619811 4005.412296649972 -3.438040030161 
  1.09150627   1.70968791  86.50364623  4003.260944738984 4002.694786655477 0.566158083507 
  0.88770463   1.65950499  85.60148392  4010.038412943482 4007.836533845034 2.201879098448 
  0.96446195   1.85690574  78.58764502  4011.820695087314 4011.996614855093 -0.175919767780 
  1.08156903   1.84391462 106.94811811  4011.969036966562 4011.862165461505 0.106871505057 
  0.93088137   1.86649450 116.12415773  4015.748070135713 4013.801774107828 1.946296027884 
  1.01523126   1.68888476 127.72846470  4016.947953104973 4015.014580735297 1.933372369676 
  0.96446195   1.70405028 129.14285103  4017.059113204479 4015.719906321765 1.339206882714 
  1.07891021   1.66892582  86.51432283  4018.429619386792 4014.977231192498 3.452388194294 
  0.86557499   1.79023416  89.32822487  4019.303787142038 4016.552931909437 2.750855232601 
  0.86379985   1.78526920  89.72166368  4021.005613341928 4021.218044025781 -0.212430683854 
  0.97205709   1.93319764  84.77203841  4021.811345279217 4021.148134638658 0.663210640559 
  1.02543039   1.63974540 127.25566865  4024.690890520811 4023.696353645332 0.994536875479 
  0.87830273   1.80107747 114.46995367  4025.085495755076 4026.611625848229 -1.526130093153 
  0.85535239   1.71848460 113.76205569  4029.058085918427 4025.957389549163 3.100696369263 
  1.03315382   1.68888476  81.14705787  4029.212882786989 4024.530477336794 4.682405450195 
  1.01330633   1.92418074 106.31887492  4032.054194256663 4032.571645497681 -0.517451241018 
  1.13418866   1.68397428 103.00000000  4038.731986358762 4034.675917797468 4.056068561294 
  1.06662633   1.76572651 119.17844071  4039.829675242305 4033.459897245073 6.369777997232 
  1.12340839   1.68888476 110.92876770  4040.485657081008 4039.478309664769 1.007347416239 
  0.86859541   1.84140751  94.97153621  4041.625635385513 4041.598398257036 0.027237128478 
  0.96446195   1.89046522 114.89592207  4045.451210707426 4046.293711018930 -0.842500311504 
  1.08451071   1.85646757 103.00000000  4054.990048438311 4052.234280188366 2.755768249945 
  0.95880074   1.51267584 108.90390257  4055.375047862530 4047.185236300972 8.189811561558 
  0.86689550   1.83986736 100.22374524  4055.439381644130 4054.477104835326 0.962276808803 
  0.89706851   1.86807757 110.64617050  4058.300635397434 4058.900483607617 -0.599848210183 
  1.10606892   1.82251706  97.32635594  4060.358736768365 4059.295924404906 1.062812363459 
  0.86702634   1.78178851  87.99729189  4062.439336657524 4060.993096809785 1.446239847739 
  1.07788934   1.57564190  98.49180848  4063.776381283998 4064.095074317863 -0.318693033865 
  1.10769901   1.81308031 103.00000000  4065.078728228807 4068.399061976621 -3.320333747813 
  1.11602793   1.64276992 112.61172509  4068.862102121115 4065.346717269574 3.515384851541 
  1.04202770   1.91333973 103.00000000  4069.837011903524 4070.128880302526 -0.291868399001 
  0.86992111   1.74984500 117.18788122  4070.247118040919 4067.989913160646 2.257204880273 
  0.96446195   1.74653523  77.32299493  4070.954652145505 4071.660724025803 -0.706071880298 
  0.96446195   1.89634363 114.25174619  4075.558923676610 4072.032037447056 3.526886229554 
  0.84254157   1.66364175 103.00000000  4079.013097196817 4073.624874371112 5.388222825705 
  0.96446195   1.87528577 117.01102064  4081.196139499545 4086.040993456774 -4.844853957229 
  0.96446195   1.66779931  80.09511065  4081.858832269907 4082.793026856082 -0.934194586175 
  1.05865099   1.66956579 124.24062977  4085.379109606147 4083.969191785961 1.409917820185 
  1.10668410   1.68888476  89.56651020  4087.458749458194 4082.907627264501 4.551122193693 
  1.01399488   1.77988908  77.91799695  4088.303551450372 4088.980406416758 -0.676854966387 
  0.96446195   1.57329739 127.31866451  4088.878018125892 4090.561488666217 -1.683470540325 
  0.96446195   1.95351759 103.00000000  4092.686437398195 4090.670588284710 2.015849113485 
  0.96248277   1.95343934 103.00000000  4093.257383361459 4092.970917791819 0.286465569640 
  0.84199590   1.67615547 105.57495003  4095.056621819735 4098.465613965826 -3.408992146092 
  1.11677856   1.64122080 112.54441222  4097.672465026379 4098.070292873129 -0.397827846750 
  0.97586149   1.61752531  83.69775863  4097.909401446581 4098.298033657091 -0.388632210510 
  0.94835395   1.53702668  95.90166125  4098.593436077237 4101.363544273097 -2.770108195860 
  1.11796192   1.69531055  91.81026730  4100.192690759897 4098.871709139307 1.320981620590 
  0.86033074   1.81155326 104.60998346  4107.004530906677 4105.002097747290 2.002433159387 
  1.03519248   1.74233728  79.35487187  4111.023638144135 4112.561613711603 -1.537975567468 
  1.02632760   1.92991572 103.00000000  4115.824649438262 4116.178679150906 -0.354029712644 
  1.11803950   1.78472117 104.76112237  4120.393041595817 4119.056045427769 1.336996168047 
  1.00358453   1.95557797  92.80836248  4122.377991393209 4119.231599825156 3.146391568052 
  0.90434404   1.91472975 103.00000000  4123.447355970740 4120.408303394292 3.039052576449 
  0.88036275   1.79286063 116.51139572  4125.001435235143 4123.465407406494 1.536027828649 
  0.92133715   1.93436674 103.00000000  4125.714570075274 4125.381035754958 0.333534320315 
  0.94654078   1.52684659 119.51771846  4126.066827282310 4124.164618427208 1.902208855102 
  1.13503111   1.68888476 105.81038184  4126.166580215096 4125.545189452195 0.621390762902 
  0.96446195   1.96618249  96.91808329  4126.301667258143 4129.316526113962 -3.014858855819 
  0.85570239   1.64622548 116.41460080  4126.890434175730 4128.146076570811 -1.255642395081 
  0.86013787   1.68888476 117.84620199  4129.023099005222 4127.514132802312 1.508966202910 
  0.91598515   1.89219798 111.33687401  4131.705521687865 4130.040237137698 1.665284550168 
  0.92403158   1.89718061 111.81065731  4133.628585383296 4132.520406290541 1.108179092755 
  0.94408794   1.87973969 116.12160149  4134.556877896190 4135.583075942953 -1.026198046763 
  1.07607388   1.87397928 103.00000000  4136.644374653697 4137.323231242270 -0.678856588573 
  0.97609062   1.58885122  86.63189192  4139.694680809975 4133.146209471279 6.548471338696 
  0.98083238   1.93739409  84.66755785  4141.134345963597 4132.032813417105 9.101532546492 
  0.88026357   1.54696351 106.12932309  4141.504243180156 4132.834960614399 8.669282565756 
  1.01613841   1.93635987 103.73442546  4142.123897403479 4138.526195908412 3.597701495067 
  0.99231356   1.72590263 128.20808318  4145.684104233980 4144.922331783259 0.761772450721 
  0.96446195   1.68888476 130.05025126  4146.441376090050 4144.908579588865 1.532796501185 
  0.86121984   1.57626066 105.42937636  4147.253904730082 4141.369442853001 5.884461877081 
  1.03749769   1.89785147 108.78111653  4148.950031489134 4147.474689618061 1.475341871072 
  0.95323920   1.68888476 130.01007458  4151.318661317229 4149.115384525654 2.203276791575 
  0.84383160   1.73583738 103.00000000  4153.088143184781 4149.897086324723 3.191056860058 
  1.00469510   1.91269810 110.66474139  4153.274007484317 4148.963712548909 4.310294935408 
  0.93115658   1.94383492 103.00000000  4157.347842007875 4159.676644961570 -2.328802953694 
  1.02026238   1.93961815 101.92638682  4160.726095259190 4162.492332419694 -1.766237160505 
  0.96446195   1.51771113 116.63253236  4164.609688505530 4157.949517073047 6.660171432483 
  1.04253991   1.92721125  97.39965537  4166.314477607608 4165.352304005904 0.962173601704 
  1.09632525   1.74819490 116.03792975  4168.297865644097 4162.383554553926 5.914311090171 
  1.12818834   1.68888476 110.34425205  4168.301348686218 4164.682676428132 3.618672258086 
  0.97758932   1.51155580 108.78356934  4169.937964558601 4162.130888712783 7.807075845818 
  0.97098424   1.89475922 115.07613946  4170.364945188165 4175.028040558341 -4.663095370176 
  0.97611193   1.82369116  76.95897839  4174.655150115490 4179.798128519258 -5.142978403768 
  0.98286506   1.94195867 106.80011775  4178.563675716519 4177.768153560694 0.795522155825 
  0.89255383   1.53838775 103.00000000  4181.788685172796 4179.843879397929 1.944805774867 
  0.96446195   1.59301542 129.18693825  4183.473919808865 4185.634032258779 -2.160112449915 
  1.05897994   1.68888476 124.36787444  4184.343974098563 4184.829295241358 -0.485321142794 
  0.97205639   1.65667596 130.60901512  4187.434448018670 4187.556435798406 -0.121987779736 
  0.94774520   1.51540851 103.51193752  4187.916562750936 4185.715470594586 2.201092156350 
  1.05930012   1.68888476 124.34191075  4188.405885279179 4187.641460758385 0.764424520794 
  0.97613946   1.61109100 129.87624413  4189.189401164651 4191.669687872602 -2.480286707951 
  1.07733547   1.67735560 122.14910976  4191.236206591129 4188.615452216177 2.620754374952 
  0.96446195   1.96771878  98.27576206  4193.042075216770 4195.598729327866 -2.556654111096 
  1.08040481   1.56645734 101.25534473  4200.244176834822 4193.281829897865 6.962346936957 
  0.96446195   1.80711507 124.04118440  4200.959181755781 4197.563891414512 3.395290341269 
  1.05385108   1.71665958 124.17881079  4201.362153083086 4197.041455964047 4.320697119039 
  0.97656742   1.93358194 109.04372387  4204.988691002131 4203.550999273526 1.437691728604 
  0.96446195   1.88818202  79.29091604  4206.972591966391 4210.301251962184 -3.328659995794 
  1.12235995   1.61685676 104.38521348  4211.565896257758 4211.066360639628 0.499535618130 
  0.96446195   1.68888476  78.69346734  4212.095138460398 4210.292840467045 1.802297993353 
  1.01328076   1.91037766 110.62023033  4212.341891393065 4210.007995552521 2.333895840545 
  1.10154522   1.83491565 103.00000000  4214.678313240409 4217.843677981205 -3.165364740797 
  1.01735141   1.68888476  79.70070982  4216.823508441448 4215.127976997001 1.695531444447 
  1.13887876   1.68350225 102.21176779  4218.296062782407 4219.351521194293 -1.055458411886 
  0.88440024   1.59163517  91.73162635  4219.923895671964 4221.627006660719 -1.703110988756 
  1.00132935   1.68888476 129.32976651  4220.392971649766 4225.589347669458 -5.196376019692 
  0.92176803   1.62902604 129.37228903  4221.841369912028 4220.215062821421 1.626307090607 
  0.96446195   1.96460357  89.80227258  4222.945129573345 4225.395476355213 -2.450346781868 
  1.12380276   1.61928432 105.56774804  4223.104603096843 4225.618888598573 -2.514285501730 
  1.03598632   1.73630174  79.12329278  4225.787463083863 4230.359651913846 -4.572188829983 
  1.13939518   1.68733424 103.00000000  4227.708136722445 4231.988456353362 -4.280319630917 
  0.96251256   1.52543411  98.34835566  4228.500416129827 4231.179377427658 -2.678961297830 
  0.98553507   1.96906321  96.31757932  4229.570016324520 4235.513836309899 -5.943819985378 
  0.97867809   1.67045815  79.55162561  4232.012143254280 4231.425884647698 0.586258606582 
  0.93823238   1.91937570  82.96274821  4235.340543672442 4234.998190464497 0.342353207945 
  0.90199343   1.53929200  99.33548926  4237.456643164158 4234.229457657430 3.227185506728 
  0.87502314   1.86577703 103.00000000  4237.797219082713 4238.743249747780 -0.946030665067 
  0.96446195   1.95979899 103.00000000  4239.049119755626 4241.204577069984 -2.155457314359 
  0.84799788   1.74694361  94.33034860  4240.264791667461 4238.328753538961 1.936038128501 
  0.96409184   1.96982945  92.00000353  4243.095713973045 4248.365995268125 -5.270281295079 
  0.91850273   1.51663016 109.83795823  4248.606856465340 4243.278601873654 5.328254591685 
  0.92953400   1.94643442 103.00000000  4250.285728931427 4250.016325176425 0.269403755002 
  0.89643335   1.53611864 101.93286139  4253.814441949129 4247.624805223087 6.189636726042 
  1.13402707   1.75174372  99.15658072  4254.553552538157 4249.599595148981 4.953957389175 
  1.04457735   1.75096998 123.77062405  4255.552403181791 4252.263657941177 3.288745240614 
  1.04594156   1.68888476 126.08294728  4256.678389206529 4254.764331515729 1.914057690799 
  1.09518122   1.84435486 104.46134198  4256.908068329096 4259.901587996893 -2.993519667797 
  0.97294415   1.71569905  77.51474556  4257.235271126032 4258.462477636950 -1.227206510918 
  0.95885000   1.68888476  78.62352204  4260.849064007401 4257.878877080097 2.970186927304 
  0.83946195   1.68888476 103.00000000  4263.330908343196 4263.653646392717 -0.322738049521 
  0.96446195   1.96240096 102.46064690  4269.754676595330 4266.972136215134 2.782540380196 
  1.00119359   1.79931818  76.84216220  4270.715323731303 4273.384225125273 -2.668901393969 
  1.01581079   1.92955766 107.08567064  4272.632933884859 4273.576201948669 -0.943268063810 
  1.08513834   1.86714605 103.00000000  4274.010870173573 4279.874979268956 -5.864109095382 
  0.96446195   1.74290667  76.78981243  4276.870567202568 4279.629195665316 -2.758628462748 
  0.96446195   1.96429512  88.76247669  4279.028479486704 4280.456314795596 -1.427835308892 
  1.14070352   1.68888476 103.00000000  4279.384128287435 4281.364458721768 -1.980330434333 
  0.96446195   1.81460882 123.80771861  4282.032971650362 4285.130440312766 -3.097468662404 
  0.98388256   1.51546862 103.00000000  4283.457549929619 4281.900502623814 1.557047305805 
  0.96446195   1.86760330  77.89074191  4283.636349201202 4286.966806242117 -3.330457040915 
  0.96446195   1.51381910 103.00000000  4286.980304360390 4282.472764370830 4.507539989560 
  0.94639107   1.86659692 118.56108030  4287.692455992103 4288.743394537016 -1.050938544913 
  0.83919598   1.68888476 103.00000000  4289.056112885475 4284.836021863608 4.220091021867 
  0.96446195   1.59005736  85.96649422  4294.149127900600 4286.658670782964 7.490457117637 
  0.86310978   1.83872052 101.59510212  4294.796955734491 4292.530108917233 2.266846817259 
  1.13232874   1.75549313  96.47373082  4295.577658012509 4292.958332856422 2.619325156087 
  0.96446195   1.84448543  77.02923818  4296.150096625090 4300.328463913342 -4.178367288252 
  1.04343353   1.90948671 106.53409432  4297.026328429580 4302.063210321023 -5.036881891443 
  0.84580345   1.61806484 103.00000000  4298.362341389060 4301.221447869884 -2.859106480824 
  1.10686106   1.83314836 101.48451061  4298.552488029003 4306.274951195937 -7.722463166934 
  1.10114160   1.66777644  88.58016661  4298.992587462068 4300.701487301152 -1.708899839085 
  1.09089115   1.57640467 113.19680756  4306.485744073987 4301.116022568611 5.369721505376 
  0.89015336   1.90043741 103.00000000  4308.630681738257 4305.940506164176 2.690175574082 
  0.89458101   1.53696658 116.02467557  4310.387840479612 4305.694994603699 4.692845875913 
  0.92038147   1.76006740 125.98635155  4311.277291879058 4304.114369273379 7.162922605679 
  1.00676208   1.68888476 129.37760925  4314.457558542490 4317.275323630861 -2.817765088371 
  0.96446195   1.97003364  90.34502269  4317.484674081206 4315.953936671270 1.530737409937 
  0.96446195   1.59322078  85.51935980  4319.146340221167 4313.490921879327 5.655418341839 
  0.88555917   1.89835839 100.28969002  4322.397694185376 4321.700441224627 0.697252960749 
  1.10496374   1.72624938 116.57449790  4323.011686369777 4325.069345244759 -2.057658874982 
  0.94130620   1.68888476  78.85506965  4326.597120270133 4326.545994243928 0.051126026205 
  1.05278139   1.68511956 125.74300122  4328.774851277471 4328.786301417442 -0.011450139971 
  1.12059629   1.80123338  95.70804694  4330.166414663196 4329.631651895429 0.534762767767 
  0.95468824   1.68888476 130.68134127  4330.174993783236 4330.912278352997 -0.737284569761 
  0.99593678   1.51680552 103.00000000  4331.608696937561 4331.517351538645 0.091345398916 
  0.95459184   1.68888476  78.49233018  4333.428358361125 4332.098026678613 1.330331682512 
  0.84606889   1.68888476  94.03081616  4335.269844099879 4332.831628236118 2.438215863761 
  0.86314758   1.74952374 116.56741312  4336.294251099229 4337.527281738162 -1.233030638933 
  0.96446195   1.68888476 130.75376884  4340.020775869489 4341.274611144219 -1.253835274731 
  1.10163119   1.80553301 110.35354336  4342.155691549182 4345.400800056123 -3.245108506941 
  1.13470737   1.68888476  95.57027194  4344.093964263797 4342.813280618710 1.280683645087 
  0.90780650   1.55932604  92.96044515  4344.433741852641 4347.628076597820 -3.194334745179 
  0.96446195   1.81553778  76.27630762  4345.369919359684 4352.443121900351 -7.073202540667 
  1.01505788   1.95952542  93.50227457  4350.215877577662 4350.244086491529 -0.028208913866 
  0.92788090   1.94657525 103.96881979  4350.975172892213 4354.744519780555 -3.769346888343 
  1.08550027   1.87045588 103.00000000  4354.230366960168 4357.114262473365 -2.883895513197 
  0.99070687   1.81459173  76.40623654  4354.850474014878 4358.873877409458 -4.023403394580 
  1.04803689   1.73097869  79.68051875  4357.256737604737 4356.139993296411 1.116744308326 
  0.96446195   1.96693406 102.20408247  4357.989426732063 4359.357203420243 -1.367776688180 
  0.98812359   1.51240338 104.70748755  4359.793582022190 4355.988523474343 3.805058547847 
  0.90651856   1.52554842 103.00000000  4360.817754819989 4355.540981036725 5.276773783265 
  0.85001924   1.68946921  91.88921550  4361.209492340684 4357.891504547635 3.317987793049 
  0.96446195   1.89991301  79.31183765  4361.487245738506 4362.347943500616 -0.860697762109 
  1.09935074   1.71089806  85.98513181  4361.934332475066 4360.720714465467 1.213618009599 
  0.95366968   1.96319179 103.00000000  4365.119937017560 4366.246713538731 -1.126776521171 
  1.14033294   1.66520446 101.89092581  4366.301509529352 4364.478170131102 1.823339398250 
  1.02054139   1.52233825 114.08559120  4373.613898679614 4366.393585182400 7.220313497214 
  1.06154553   1.91446292  98.10516741  4378.710203990340 4376.884332071427 1.825871918913 
  1.13728471   1.68888476 108.70486901  4381.273120254278 4379.761270767771 1.511849486507 
  1.00477266   1.81243143 123.29474339  4388.075005903840 4386.494664370012 1.580341533828 
  1.11101581   1.82554245 103.00000000  4389.201053574681 4388.186685523551 1.014368051130 
  0.96293143   1.74049482 129.12974374  4390.512035116553 4427.747970695305 -37.235935578751 
  1.03778593   1.74931574 125.08568319  4391.371660694480 4391.408276816964 -0.036616122484 
  0.83971918   1.68888476 107.93176679  4392.359795853496 4391.277618069017 1.082177784479 
  0.96446195   1.96608040 103.00000000  4395.251204103231 4392.519749025243 2.731455077988 
  0.83790300   1.69212330 103.00000000  4397.233417063951 4391.876755613425 5.356661450526 
  1.14332888   1.71302465 101.14239745  4398.203135401011 4398.309720806609 -0.106585405599 
  0.95385636   1.96473422 103.00000000  4400.088322028518 4402.360027618371 -2.271705589853 
  1.11926035   1.64302547  93.97894635  4401.864951193333 4400.855377278097 1.009573915236 
  1.05324102   1.67182965  82.22707994  4402.647345781326 4406.702806860239 -4.055461078912 
  1.01102704   1.73251539 128.00465074  4409.766435295343 4415.739645813936 -5.973210518593 
  0.87629303   1.54880567 103.00000000  4410.782839223742 4410.749081973281 0.033757250461 
  1.04921033   1.74786031  79.27666448  4411.703843146563 4412.752832191071 -1.048989044509 
  1.09178301   1.85931616 104.22199086  4417.440152347088 4416.253465861934 1.186686485154 
  0.88271455   1.68888476  83.48617159  4418.926268279552 4416.196929772674 2.729338506879 
  1.12402639   1.70193065 113.64446388  4420.144622519612 4416.461051930040 3.683570589572 
  1.13575485   1.72242615 108.44398936  4420.796980723739 4420.547352567943 0.249628155796 
  0.86016110   1.83314900 103.00000000  4424.374971076846 4425.748903295222 -1.373932218376 
  1.02474412   1.94477476 103.00000000  4426.395191162825 4430.215984659353 -3.820793496528 
  0.96864354   1.71446126 130.24411017  4428.890232354403 4429.236719222378 -0.346486867976 
  1.13445689   1.63378895 103.00000000  4430.291250988841 4429.415112103452 0.876138885389 
  1.13427741   1.77088637  98.92844655  4431.203845143318 4429.713377551261 1.490467592057 
  0.96446195   1.72953081  76.66885764  4431.877514988184 4433.051205173188 -1.173690185004 
  1.11470641   1.63368807  93.74518563  4432.890548393130 4429.510722370555 3.379826022576 
  1.11991535   1.63301569  95.20788473  4436.972647309303 4435.190859205489 1.781788103815 
  0.96446195   1.63284822 131.52974909  4444.293757334352 4447.591030777627 -3.297273443275 
  0.96446195   1.72594208  76.72700685  4446.744304016232 4447.071617133474 -0.327313117242 
  0.99334366   1.83202188 122.52758008  4460.716424196959 4457.890451921423 2.825972275536 
  1.13525888   1.68888476 110.63419905  4463.052409589291 4464.733967138380 -1.681557549089 
  0.90467666   1.59586860  87.51889201  4464.723005473614 4469.265388305334 -4.542382831721 
  1.09294761   1.87275031  97.80942755  4466.686506912112 4472.221091010712 -5.534584098600 
  0.96446195   1.68888476  78.00000000  4470.512943416834 4469.890096274188 0.622847142646 
  0.96446195   1.68888476  77.98994975  4476.354737222195 4473.714488585178 2.640248637017 
  0.87127523   1.83790434 110.06466500  4478.019112750888 4485.996497837502 -7.977385086614 
  1.05626567   1.68888476  81.32877607  4483.848957762122 4487.419267705852 -3.570309943730 
  1.01251130   1.53981315  95.15002118  4487.155871525407 4489.741976661413 -2.586105136006 
  1.05175279   1.68888476 126.44638232  4488.683912113309 4495.140007223381 -6.456095110072 
  0.96788532   1.79892334  75.65123320  4490.405845150352 4500.347624320000 -9.941779169649 
  0.84475849   1.64419332  96.54339589  4497.676610693336 4495.702935794545 1.973674898791 
  0.94935497   1.52428066  97.37733703  4498.041779279709 4500.243358613373 -2.201579333664 
  1.12812877   1.79232834 103.00000000  4509.949300721288 4511.030565249916 -1.081264528629 
  0.89556088   1.74432250  80.00259714  4510.342321425676 4515.337744347522 -4.995422921846 
  0.96446195   1.93183549 111.72876059  4512.426854312420 4512.463249184733 -0.036394872313 
  1.13042999   1.78901873  96.96732443  4515.933850660920 4512.981809036202 2.952041624718 
  1.04309505   1.73078444 126.02694766  4523.760827288032 4523.880850610556 -0.120023322525 
  1.03211548   1.52044991 108.14021535  4525.542763978243 4520.391870902400 5.150893075843 
  0.96446195   1.94789776  82.97800799  4526.206410422921 4525.678196208257 0.528214214664 
  0.88791302   1.72634313  81.23880593  4527.083617493510 4530.945418900297 -3.861801406787 
  0.86503093   1.74701941  85.39570586  4533.668357431889 4529.656400056125 4.011957375764 
  0.96446195   1.68888476 131.45728643  4544.319408729672 4540.971412270281 3.347996459392 
  0.96446195   1.97236181 103.00000000  4544.875430166721 4544.534899420094 0.340530746627 
  1.14457295   1.68888476 106.78516782  4546.448148876429 4546.703963395272 -0.255814518843 
  0.92223587   1.85902498 118.90563813  4550.655869543552 4548.917083325312 1.738786218240 
  0.96446195   1.84292580  76.07738558  4550.881226092577 4552.597912433733 -1.716686341156 
  0.94041230   1.68982108 131.10242088  4551.637489944696 4543.948493304405 7.688996640291 
  1.05443662   1.70341903  80.36593439  4552.259195491672 4549.550379292450 2.708816199221 
  1.14554771   1.71055205 105.26061030  4552.273443102837 4552.897383853435 -0.623940750598 
  1.11084821   1.84260401  99.27283504  4553.996543973684 4553.837518470596 0.159025503088 
  0.96446195   1.98523692  94.98372717  4554.923643812537 4557.433410973917 -2.509767161380 
  0.97835144   1.81222538 124.98684498  4556.969787448645 4559.008784261527 -2.038996812882 
  1.00621403   1.89924180 115.16883475  4560.765219092369 4554.654518833632 6.110700258737 
  1.00804138   1.68888476  78.35205805  4560.838308677077 4558.398678838267 2.439629838810 
  0.92364488   1.81897367  77.26882094  4561.244154259562 4565.260697586244 -4.016543326681 
  1.07550274   1.56802859  96.30612995  4562.009981617332 4559.090917601376 2.919064015956 
  1.14452138   1.68888476  97.86082710  4562.932609945536 4561.902658400572 1.029951544963 
  0.96446195   1.71674242  76.68789180  4564.282523319125 4564.027235753498 0.255287565627 
  0.85585193   1.76421002  88.42192764  4566.829107582569 4564.976102277055 1.853005305514 
  1.10869969   1.64862353 118.45506412  4567.846955537796 4565.416291169719 2.430664368077 
  0.96135897   1.68888476  77.75978191  4567.983988851309 4572.967747925917 -4.983759074608 
  1.06642397   1.53943137 105.74761790  4568.970701292157 4578.811337638333 -9.840636346175 
  0.90405928   1.51982564 104.82340985  4569.816450834274 4577.422436652626 -7.605985818352 
  1.14824121   1.68888476 103.00000000  4579.584669202566 4581.807002028679 -2.222332826113 
  0.96446195   1.85490990 121.55825722  4582.877841979265 4586.835069409742 -3.957227430476 
  0.99729336   1.94130767 109.49657852  4589.592186927795 4583.951291163141 5.640895764654 
  0.96446195   1.97543082 102.66338502  4591.720606684685 4595.351520708948 -3.630914024263 
  0.96268324   1.97371236 103.23222697  4596.543052807450 4598.087706094526 -1.544653287076 
  0.97921197   1.51075456 102.23074069  4602.883246496320 4595.573748321402 7.309498174917 
  0.86352477   1.60602658  92.87215487  4606.041408270597 4598.082934280423 7.958473990175 
  1.02413891   1.96276488  98.16915430  4607.560288101435 4604.393373554894 3.166914546540 
  0.96446195   1.79762817  75.34017132  4609.527587547898 4609.963269447040 -0.435681899142 
  1.00767092   1.86090834 119.78527544  4619.387821108103 4615.587004430754 3.800816677349 
  0.87081774   1.87946010  95.41278135  4620.884908467531 4616.363053927295 4.521854540236 
  1.11485811   1.83122617 103.00000000  4624.234310463071 4622.366100026315 1.868210436756 
  0.87406502   1.78575576 118.24182426  4624.886265054345 4622.554024454940 2.332240599405 
  0.84312214   1.62837974  98.61945466  4624.958189338446 4625.037431808722 -0.079242470276 
  1.12982827   1.80061777  96.96597502  4628.059627071023 4629.486057553933 -1.426430482910 
  1.08818948   1.66514557  85.40870767  4628.204746916890 4628.352645896762 -0.147898979872 
  0.83550419   1.68888476 105.78786158  4632.900120422244 4631.316871392724 1.583249029520 
  0.96190142   1.84247461  75.79048318  4637.402965858579 4641.330055183862 -3.927089325283 
  1.08327736   1.89695225  97.77603639  4639.373272046447 4639.191160938806 0.182111107641 
  0.96446195   1.93755577  80.98983577  4641.962482571602 4637.207360081851 4.755122489751 
  1.03256918   1.68888476 128.78589657  4643.390180394053 4641.013801052869 2.376379341184 
  1.12218988   1.81622840 103.00000000  4643.743810579181 4642.206984177343 1.536826401838 
  0.98464747   1.89477397 117.38488509  4643.795910298824 4648.950234964133 -5.154324665309 
  0.86991408   1.87159018 103.24983216  4644.374672949314 4649.468287356195 -5.093614406881 
  0.96446195   1.63412477 132.27832920  4648.055061519146 4651.558936804938 -3.503875285792 
  0.96446195   1.50753769 103.00000000  4651.038581460714 4649.578738207239 1.459843253476 
  1.06157966   1.58653248  90.27188219  4653.923165619373 4649.610840237738 4.312325381636 
  0.96446195   1.94067014  81.20851911  4654.653137221932 4655.372462437383 -0.719325215450 
  1.13366511   1.78775470  95.97653772  4658.518624559045 4655.136524895141 3.382099663904 
  0.95972890   1.50659304 116.06410744  4658.703104212880 4655.606135900352 3.096968312528 
  1.01936210   1.69502431 129.70787516  4662.259791448712 4663.708752918555 -1.448961469842 
  0.96446195   1.88832267 118.45403142  4664.187566608191 4663.764878919590 0.422687688600 
  1.12219170   1.81763947 103.00000000  4664.481604248285 4664.809549775052 -0.327945526767 
  0.96446195   1.77285938  75.26567574  4667.029653847218 4666.904292013580 0.125361833638 
  1.06121979   1.53731147 103.00000000  4668.144654110074 4666.614814977735 1.529839132339 
  1.13241962   1.79233598 103.00000000  4670.899928405881 4674.529284463583 -3.629356057702 
  0.87512818   1.72563298 123.08250515  4671.277060195804 4668.979557286710 2.297502909094 
  1.04450625   1.62512523  84.11028075  4676.008903473616 4676.439748780454 -0.430845306838 
  0.96446195   1.63224845 132.36841777  4681.505156859756 4683.232719494174 -1.727562634419 
  0.96446195   1.51634616  98.75516433  4682.603639215231 4681.515038049663 1.088601165568 
  0.85832107   1.73513719  86.54823659  4682.627047657967 4685.601100092319 -2.974052434352 
  0.93420461   1.96803424 103.00000000  4691.865370556712 4694.597859685199 -2.732489128487 
  0.96446195   1.91202517 115.74139980  4700.894946649671 4695.275000141906 5.619946507764 
  0.96446195   1.97864322 103.00000000  4701.748265311122 4697.171444984280 4.576820326842 
  0.94317437   1.97034465 103.94112446  4704.781813859940 4702.517781296827 2.264032563113 
  1.05138634   1.57899287  90.11933016  4705.083316132426 4698.720432476669 6.362883655757 
  0.97730783   1.98572440  89.58444090  4709.297742560506 4701.727975788235 7.569766772271 
  1.09663800   1.84451194 108.88145528  4710.555285036564 4705.890486144767 4.664798891797 
  0.94818479   1.64816313  79.89103439  4710.598004534841 4704.975561747320 5.622442787520 
  1.10474598   1.85587660 103.00000000  4711.060632809997 4711.260234196539 -0.199601386543 
  1.12156044   1.68888476 116.59925374  4712.540236204863 4707.504628343413 5.035607861450 
  1.11913482   1.71959393 116.14950235  4714.563668847084 4710.759720852019 3.803947995065 
  1.03731324   1.94628807 103.00000000  4714.611143305898 4716.735252002774 -2.124108696877 
  0.98462819   1.84080533 123.17376623  4715.272362932563 4720.778305407734 -5.505942475172 
  1.06858840   1.62876337 125.26656952  4716.939551681280 4713.235194982305 3.704356698975 
  1.11437647   1.58323618 103.00000000  4723.445229992270 4717.672526984973 5.772703007297 
  1.00739326   1.93870089 110.07015895  4725.670897215605 4715.084037273006 10.586859942598 
  0.95310614   1.51445967 120.10642616  4728.270204916596 4723.623146691659 4.647058224938 
  0.84584608   1.74668239  91.38708846  4728.946363911033 4729.760560816351 -0.814196905319 
  0.90073321   1.93728357 102.43606668  4730.061473429203 4734.539503522424 -4.478030093221 
  1.11190450   1.58357621 100.94661736  4732.124889642000 4736.978840489353 -4.853950847353 
  0.85326279   1.57259831 109.02012081  4732.330638974905 4738.301123113693 -5.970484138788 
  0.99077196   1.70652497 131.14321121  4738.373235851526 4746.974921581557 -8.601685730031 
  0.96446195   1.68888476 132.16080402  4740.454847618937 4743.906774245783 -3.451926626845 
  1.14672122   1.74840861 103.00000000  4742.812645703554 4746.888504869209 -4.075859165655 
  0.96446195   1.52314447  96.22526525  4747.004623189569 4745.427537479570 1.577085709999 
  0.96446195   1.68888476  77.28643216  4747.834292933345 4745.853733256315 1.980559677030 
  1.07146349   1.53886718 110.04337978  4748.460235342383 4746.320943935517 2.139291406867 
  1.13533499   1.79560960  99.25513729  4753.502756252885 4751.449313420901 2.053442831983 
  1.15262349   1.69221343 103.00000000  4753.779929086566 4755.506306362863 -1.726377276297 
  0.96446195   1.95351512 109.73905212  4768.136073872447 4762.196156883952 5.939916988495 
  0.85823460   1.60978510 119.86867500  4772.804231554270 4770.393632808744 2.410598745526 
  1.12230376   1.68888476 116.82021688  4773.112995743752 4770.882823512503 2.230172231249 
  0.96446195   1.56458290 129.41587978  4774.193431138992 4779.025074898866 -4.831643759873 
  0.90432207   1.51933231 116.37920160  4774.519201785326 4782.719719984211 -8.200518198885 
  0.84846908   1.80941828 103.00000000  4782.854100957513 4783.113304326649 -0.259203369136 
  0.98241393   1.80377314  74.81220683  4782.951045453548 4789.422441201719 -6.471395748171 
  1.12329372   1.68888476  88.97995353  4785.199876233935 4783.717777568498 1.482098665438 
  0.96446195   1.63298294  80.51265234  4786.841423004866 4787.452115387498 -0.610692382632 
  0.98446751   1.66639902 132.40005676  4787.750017806888 4794.464311155484 -6.714293348597 
  0.96446195   1.53667837 125.85125086  4787.862443998456 4794.836607231373 -6.974163232917 
  1.07003308   1.66353236 125.87039832  4794.468193471432 4792.431451973703 2.036741497729 
  0.84144123   1.66464174  94.43679160  4795.244295880198 4791.848946121188 3.395349759010 
  0.96125298   1.62224943 132.62327922  4795.657043933868 4798.294689056964 -2.637645123095 
  0.84799138   1.73987058  89.71899457  4797.247597098351 4795.989374733101 1.258222365250 
  0.91584155   1.72612704  77.59302488  4802.280778989196 4806.412182492861 -4.131403503665 
  0.95392093   1.68888476 132.32762171  4804.593183949590 4803.827501825526 0.765682124063 
  0.96446195   1.68977182  77.09021777  4804.646797508001 4807.577301668327 -2.930504160326 
  1.15392764   1.69033473 102.88277970  4807.287887930870 4809.334240961385 -2.046353030515 
  1.13138896   1.68888476  90.68344775  4809.136693567038 4804.974032644338 4.162660922700 
  1.08392023   1.89493029 103.00000000  4810.144006147981 4812.361816328351 -2.217810180370 
  0.86078179   1.85634881 102.20088067  4813.699432581663 4809.615757834435 4.083674747229 
  0.94068676   1.96832048 105.48292383  4816.975226700306 4815.560444091510 1.414782608796 
  1.04762733   1.72503358 126.99752300  4824.642393112183 4822.678364131754 1.964028980428 
  1.07064485   1.55922701  95.97279245  4825.601738765836 4818.036933514951 7.564805250885 
  1.15379119   1.68888476 104.40590561  4825.662290588021 4827.826643344405 -2.164352756384 
  1.15003807   1.68888476 107.87371174  4827.768954366446 4829.228274744483 -1.459320378038 
  1.00572056   1.72583873 130.09393186  4834.323723763227 4834.568728622273 -0.245004859045 
  1.12544877   1.82753628  98.26917199  4834.951056748629 4831.362944497899 3.588112250730 
  1.11474522   1.68888476 118.82151225  4835.833096072078 4836.205006157391 -0.371910085313 
  1.07651699   1.68888476  82.00137447  4836.153929561377 4837.824704318302 -1.670774756925 
  1.14389702   1.68888476 110.99925152  4840.395528689027 4840.306548581285 0.088980107742 
  1.06044084   1.68888476  80.52528286  4840.611714079976 4839.513481259774 1.098232820202 
  1.12541541   1.70387862 116.15951927  4840.689767733216 4844.216734009477 -3.526966276260 
  1.09657483   1.68759037  84.36627734  4843.461272299290 4843.556964181843 -0.095691882553 
  1.10190522   1.86806760 103.00000000  4847.133793488145 4849.780379449144 -2.646585960999 
  0.96446195   1.98492462 103.00000000  4848.028422892094 4850.352883018004 -2.324460125910 
  0.83754513   1.75589445 103.00000000  4848.234677970409 4848.453398631646 -0.218720661237 
  1.01485965   1.63150709  81.36078366  4850.850632950664 4852.107278337498 -1.256645386834 
  0.96446195   1.96003073 109.20973479  4853.160593181849 4853.667860150889 -0.507266969041 
  0.96446195   1.51912909  96.84656330  4853.553379863501 4856.965584512675 -3.412204649175 
  0.96446195   1.61484687  81.82902726  4858.441046789289 4856.087750919973 2.353295869316 
  1.14030710   1.63157251  99.17026663  4860.246320500970 4857.218733426713 3.027587074257 
  1.00895247   1.96006007 106.74451146  4865.771731868386 4859.180128501211 6.591603367176 
  0.95745945   1.98445482 103.00000000  4867.426585227251 4862.307229742947 5.119355484304 
  1.03673905   1.62962666 129.40468801  4870.265690281987 4871.618593835356 -1.352903553368 
  0.96446195   1.54990379  89.84228436  4870.537838384509 4870.736960199090 -0.199121814581 
  0.83299217   1.71436778 103.00000000  4872.586124151945 4876.469046550211 -3.882922398266 
  1.02654648   1.97453086  96.14128351  4874.633982196450 4880.101041314404 -5.467059117954 
  0.89271322   1.57522003  90.19153282  4883.238397330046 4877.717429925156 5.520967404890 
  1.12669948   1.68253807 116.58268992  4886.212111026049 4883.413539640622 2.798571385427 
  1.05860279   1.70250808  79.64634081  4886.674424022436 4886.455291232326 0.219132790110 
  1.14389312   1.62726960 103.00000000  4890.355802088976 4895.593268482005 -5.237466393030 
  1.12150703   1.69680134  87.64749282  4899.959272369742 4900.899806118038 -0.940533748296 
  0.83316888   1.70105598  98.91040378  4901.799171850085 4903.398424088100 -1.599252238015 
  1.08354908   1.68888476  82.48738871  4906.267349168658 4909.670003999237 -3.402654830578 
  1.14690759   1.67297593  95.73112395  4907.522063925862 4908.465611284338 -0.943547358475 
  1.15528425   1.71011579 104.41048749  4910.639787599444 4913.243001918336 -2.603214318891 
  0.83165829   1.68888476 103.00000000  4911.995282217860 4913.372326700507 -1.377044482647 
  1.11495342   1.85588294  97.45764629  4918.260339885950 4919.298400034721 -1.038060148770 
  1.05163678   1.68888476  79.59276147  4923.967060565948 4921.962204623881 2.004855942067 
  1.14948000   1.68888476  95.55977800  4926.747764393687 4926.928331492627 -0.180567098940 
  1.11111180   1.71851477  85.00652104  4928.354468509555 4929.168888299322 -0.814419789767 
  0.87464887   1.68888476 125.59283801  4934.648979246616 4918.415165279248 16.233813967368 
  1.12294726   1.83220819 103.00000000  4937.705105274916 4935.173728314274 2.531376960642 
  0.84694522   1.81194650 103.00000000  4937.962044864893 4938.517540130246 -0.555495265353 
  1.15432535   1.72281017 104.79951274  4939.040991500020 4940.322410799456 -1.281419299436 
  0.83693024   1.68888476 111.82067653  4939.607110351324 4940.524867471247 -0.917757119923 
  1.07877269   1.68176562 125.21985208  4940.681129842997 4942.820030097702 -2.138900254706 
  0.89703367   1.90447339 111.02877453  4945.048967167735 4950.929113967204 -5.880146799469 
  0.99041383   1.67265291  77.68768800  4945.725989073515 4949.252928052939 -3.526938979424 
  0.96446195   1.68888476 132.86432161  4946.516237020493 4949.987968608714 -3.471731588222 
  0.89179638   1.53971135  96.91922335  4952.485400810838 4951.195827018687 1.289573792151 
  0.96446195   1.49731116 107.88848541  4954.538345694542 4954.899672014722 -0.361326320181 
  0.85030474   1.60312517  95.96791131  4957.061099648476 4960.411145553916 -3.350045905440 
  1.09858295   1.72253483  82.91979077  4959.921775400639 4961.351626938682 -1.429851538043 
  1.13413661   1.66482425 115.18199277  4963.773665502667 4961.920414244230 1.853251258438 
  1.07400071   1.91590042 103.00000000  4967.141855314374 4966.790334323755 0.351520990619 
  1.15771371   1.68888476 103.31226945  4967.610444620252 4969.214798793808 -1.604354173556 
  1.15173867   1.69662375  95.80542968  4969.552045047283 4967.465827534169 2.086217513114 
  1.01873845   1.95155775 108.26068551  4971.914887577295 4969.752364859846 2.162522717449 
  1.01183590   1.59689927 130.58352999  4972.179155766964 4972.443277307181 -0.264121540217 
  0.97206722   1.63360213  79.97054244  4978.158766627312 4973.964642166164 4.194124461148 
  0.94285033   1.65849844 133.21189499  4978.664206936955 4972.208891706112 6.455315230844 
  0.85264197   1.77711355 113.76817602  4980.994453400373 4981.426503006198 -0.432049605824 
  0.84111414   1.73872724  91.99671603  4982.376496076584 4977.864758694161 4.511737382423 
  0.96446195   1.91695567  77.47076962  4982.382301405072 4984.019103244514 -1.636801839441 
  1.13757876   1.68888476 114.32876971  4986.209931612015 4984.088508799063 2.121422812952 
  1.06169368   1.52966182 113.13364464  4986.561306923628 4986.200333569232 0.360973354395 
  0.96446195   1.68888476 133.00000000  4994.761560842395 4990.086211488577 4.675349353818 
  1.09469203   1.68888476 123.08464467  5000.243173003197 4995.678479759528 4.564693243668 
  0.86817477   1.78156383 118.95965132  5008.210830956697 5001.053315233065 7.157515723632 
  0.89304978   1.76107593 125.56773494  5011.661570057273 4993.674220073015 17.987349984258 
  1.07909723   1.90894639 103.65650206  5014.708286836743 5010.070501158792 4.637785677952 
  1.13176151   1.82308498  99.81703085  5015.622724533081 5011.691429715946 3.931294817135 
  0.85244605   1.71317156  87.02231770  5016.558332905173 5019.898255696074 -3.339922790900 
  1.00507197   1.70363069  76.38613663  5020.872972428799 5023.780334262299 -2.907361833501 
  0.98321250   1.91752299 116.64006211  5023.938074752688 5026.456151145861 -2.518076393172 
  0.96446195   1.68888476  76.58291457  5024.011081472039 5026.776281954910 -2.765200482871 
  0.96446195   1.50125628 103.00000000  5035.859142005444 5036.524726542745 -0.665584537302 
  1.05183713   1.68888476 128.55996498  5037.614561200142 5047.605240588428 -9.990679388286 
  0.93054255   1.57616086  86.26796383  5049.306040868163 5044.337806459143 4.968234409020 
  0.96891811   1.68888476  76.48406022  5053.099047899246 5055.938185269449 -2.839137370202 
  0.96446195   1.92521704 116.05392596  5065.442802950740 5063.703926249118 1.738876701622 
  1.03893558   1.93610092 108.86141675  5067.661844417453 5064.846415806875 2.815428610578 
  1.11204216   1.86143867 103.00000000  5069.043680384755 5073.859016493151 -4.815336108396 
  1.14108870   1.61777182 100.10761302  5071.939846590161 5070.470266149195 1.469580440967 
  0.87459062   1.64001929 126.73021037  5073.817055284977 5060.690286727439 13.126768557538 
  0.86820208   1.68888476  83.76500024  5074.011308208108 5073.223186357763 0.788121850345 
  0.91799117   1.69525437  77.76953080  5077.091142043471 5072.833405683522 4.257736359949 
  0.84914757   1.82321586 104.70841960  5077.334810510278 5074.993359930389 2.341450579888 
  0.90323704   1.95461660 102.58318335  5077.552486926317 5077.602408041758 -0.049921115441 
  1.00474460   1.69655413  76.52737396  5083.585361510515 5077.069478691313 6.515882819202 
  0.84390889   1.80701218 103.00000000  5083.841071799397 5081.661896809523 2.179174989875 
  0.94001995   1.86651069 121.94819976  5086.328287094831 5087.158496984543 -0.830209889712 
  0.83350734   1.64235792 109.68919637  5092.553290054202 5090.339201707284 2.214088346918 
  0.98666396   1.86527611  74.78394259  5104.259640723467 5104.115587508019 0.144053215448 
  0.99456759   1.68888476 132.72623872  5108.138065114617 5107.430634283564 0.707430831053 
  0.96446195   1.88437792 120.97290897  5108.441484540701 5108.639825250332 -0.198340709631 
  1.14926831   1.77916458  98.82882819  5113.037822633982 5106.049298318291 6.988524315690 
  0.86647903   1.75196283 121.34589157  5113.309170678258 5101.549780093804 11.759390584454 
  0.96446195   1.98760759 105.35375874  5114.593570068479 5110.769900458336 3.823669610142 
  1.14413881   1.79564803  97.55311591  5115.533324524760 5109.818112892104 5.715211632656 
  0.99952293   1.67002787 132.88654873  5117.113297998905 5116.012786569904 1.100511429001 
  0.96446195   1.64889995 133.96319689  5117.822282433510 5115.741351450210 2.080930983300 
  1.14236015   1.61078234 103.00000000  5118.145596712828 5124.328763360671 -6.183166647843 
  0.84743824   1.57268646 106.20928462  5121.206175819039 5123.897016173578 -2.690840354539 
  1.15687354   1.65110123 103.00000000  5124.489709466696 5128.253206752294 -3.763497285599 
  0.83012804   1.71477944 103.00000000  5125.448313266039 5129.135679335097 -3.687366069058 
  1.14112362   1.62927644  96.84759129  5125.553057372570 5128.687748892447 -3.134691519876 
  1.06422159   1.65739063 127.91635847  5127.324411362410 5132.144121850492 -4.819710488082 
  0.96446195   1.52081161  95.01557515  5134.439199447632 5138.809599000324 -4.370399552692 
  0.84332436   1.80143336  94.35324552  5136.646790698171 5136.720755786901 -0.073965088731 
  1.12868629   1.68888476  88.14737824  5140.265209957957 5137.702747024963 2.562462932994 
  0.84809699   1.64947703 119.60549116  5140.333363518119 5138.450306220565 1.883057297554 
  0.83924357   1.79178281  99.39266338  5145.910410031676 5143.348616529039 2.561793502638 
  0.96446195   1.93280835 115.50485364  5149.864190131426 5146.139197576300 3.724992555126 
  0.82957392   1.70886752 103.30269019  5156.338110923767 5151.954050777149 4.384060146618 
  0.96446195   1.68888476 133.56783920  5156.923589825630 5159.121629750835 -2.198039925205 
  0.83081465   1.72951793 103.00000000  5163.190103203058 5166.104636424167 -2.914533221108 
  0.96683725   1.91427479  76.44907226  5163.260386541486 5170.398601081816 -7.138214540330 
  1.10718892   1.68888476  84.44207053  5164.332592234015 5166.030462589228 -1.697870355212 
  1.08726379   1.72017382  80.80402412  5164.420595034957 5168.822755011113 -4.402159976156 
  0.98735615   1.50948718  99.00897094  5164.825240179896 5170.276318326815 -5.451078146919 
  0.83303809   1.62733090 103.00000000  5166.591164797544 5169.014399239602 -2.423234442057 
  0.89161803   1.51343367 111.01080044  5168.168264955282 5171.494793083668 -3.326528128386 
  0.96446195   1.95088497 113.06796911  5172.287309154868 5174.421006385624 -2.133697230755 
  1.14685705   1.66140462  94.26510406  5173.395911738276 5174.392345343585 -0.996433605308 
  0.90685066   1.57136714  88.12684019  5174.453216105700 5177.897272561355 -3.444056455655 
  0.97202870   1.55112481 129.53135998  5175.889530047774 5181.944700851067 -6.055170803293 
  0.96446195   1.55266882 129.84877701  5178.874209985137 5187.626583160141 -8.752373175004 
  0.86013407   1.68888476  85.04514593  5180.766655847430 5186.070637315448 -5.303981468018 
  0.83383896   1.76028808 101.68514228  5180.924042001367 5186.549641248043 -5.625599246677 
  0.96446195   1.52932738  92.74283651  5186.906197428703 5186.918710928456 -0.012513499752 
  1.16306489   1.70532262 103.00000000  5186.956161737442 5190.166545624793 -3.210383887351 
  1.07470788   1.53467206 103.00000000  5188.930038988590 5191.021131021484 -2.091092032893 
  1.05701968   1.68888476  79.16015136  5191.168053671718 5194.881920046875 -3.713866375158 
  1.16331658   1.68888476 103.00000000  5195.545935451984 5197.465696339304 -1.919760887320 
  1.10136951   1.87242824 106.72654529  5198.998734176159 5201.594214494386 -2.595480318227 
  0.96446195   1.70005067  75.67735221  5201.519446745515 5201.471302473177 0.048144272338 
  0.84037827   1.76883554 109.40490668  5201.678241506219 5205.533374990568 -3.855133484349 
  1.14188729   1.61036218 109.56987303  5204.383655041456 5206.123753923140 -1.740098881683 
  0.94687427   1.65361114 134.12646303  5207.941033095121 5203.369414419131 4.571618675990 
  0.96446195   1.53833751 128.06219782  5209.014746531844 5209.725011960644 -0.710265428800 
  0.83767630   1.68888476 114.62057078  5210.285901352763 5218.935098077578 -8.649196724815 
  0.96847463   1.64761542 134.28361453  5215.300397455692 5219.804131953347 -4.503734497654 
  0.84086929   1.79230280 105.72262447  5217.565816938877 5221.148404815256 -3.582587876379 
  1.01400465   1.59475702  83.78326085  5220.629083499312 5216.268248760702 4.360834738611 
  0.92942712   1.78301424  74.71056094  5221.044160768390 5225.876169674753 -4.832008906364 
  1.06271761   1.95087894  98.66826687  5221.477134555578 5226.336104260625 -4.858969705047 
  1.00801398   1.60021573  82.94883844  5222.714052066207 5221.075878421212 1.638173644995 
  1.03610845   1.68458403  77.95540214  5223.337878897786 5224.730023582896 -1.392144685110 
  0.94986602   1.71184162  75.40716523  5229.591103658080 5225.658935076327 3.932168581753 
  0.85190537   1.84657906 103.00000000  5231.769276261330 5235.997078057413 -4.227801796083 
  1.12693773   1.58998558  99.40819336  5236.602881133556 5236.152511728224 0.450369405333 
  1.13885786   1.59889071 103.00000000  5238.313335776329 5243.553982030313 -5.240646253984 
  1.14342709   1.73996564 112.16941839  5239.499601975083 5246.240800058174 -6.741198083090 
  0.93742758   1.98187532 106.06533991  5239.524815171957 5248.387686916932 -8.862871744975 
  0.93499171   1.68888476 133.33061556  5248.045268967748 5238.273858649908 9.771410317840 
  1.16156923   1.67876139 106.90031690  5248.306323692203 5251.402358935716 -3.096035243513 
  0.85329592   1.63504142 121.88057676  5249.189337462187 5245.741070654079 3.448266808108 
  0.93486317   1.50031958 103.00000000  5249.237172797322 5250.025649172840 -0.788476375517 
  0.96446195   1.49306374 107.19265715  5249.279843315482 5249.972738397642 -0.692895082160 
  0.85599273   1.68888476  85.77678535  5249.977864041924 5254.801494633684 -4.823630591760 
  0.86047251   1.84419093 110.17083943  5252.282551094890 5258.477958944675 -6.195407849786 
  0.83988947   1.77332813  92.43335324  5254.637943744659 5252.382853825465 2.255089919195 
  0.89558005   1.58925578  86.75442993  5258.204531043768 5256.932093847786 1.272437195982 
  0.94918708   1.94256844 114.35451749  5258.702048182487 5258.917986713209 -0.215938530721 
  0.87618213   1.53000888 103.00000000  5260.936039298773 5257.968891080394 2.967148218378 
  0.96446195   1.55895387 130.83181943  5263.830520600080 5264.886556910799 -1.056036310719 
  0.96446195   1.80800700  73.42691347  5264.830109104514 5266.643532830140 -1.813423725626 
  1.07626833   1.92421028 103.71470079  5264.902629211545 5268.768426710249 -3.865797498704 
  1.09691033   1.89672998 103.00000000  5266.252301543951 5269.932010434873 -3.679708890922 
  1.14386315   1.65187582  93.57232721  5267.510830372572 5265.102296092468 2.408534280104 
  0.82817160   1.68888476 100.51741613  5268.942083075643 5269.793429398236 -0.851346322594 
  1.16444671   1.68888476 104.69128691  5269.314661234617 5273.127358282141 -3.812697047524 
  1.15747150   1.63982932 103.00000000  5271.142502471805 5273.242838170183 -2.100335698378 
  0.96446195   1.59484513  82.67351842  5274.763213783503 5270.835569959721 3.927643823781 
  0.96446195   1.84181835 125.56292558  5275.017306953669 5278.287351575987 -3.270044622318 
  0.95345649   1.92241991 117.33653743  5277.626684635878 5281.516654442714 -3.889969806836 
  1.02088894   1.50572315 104.07324513  5283.702810093760 5279.500742707834 4.202067385926 
  1.08821098   1.92039650  98.03310985  5284.117887035012 5288.729639441544 -4.611752406532 
  0.83097483   1.74253103  99.07757795  5285.285306513309 5284.773108028399 0.512198484910 
  1.07535385   1.57315536  91.43798552  5289.928905904293 5283.576699682796 6.352206221497 
  0.85908112   1.68888476  84.91264730  5293.679928287864 5289.283970229820 4.395958058044 
  0.84781629   1.68888476 119.80050747  5294.207348302007 5288.192623080186 6.014725221820 
  0.89283463   1.93676221 106.00326976  5295.804745629430 5295.118603693995 0.686141935435 
  0.96446195   1.80738903  73.33687185  5296.495022386312 5298.182798638391 -1.687776252078 
  1.04632750   1.95825804 104.34373686  5301.914853647351 5302.331368585401 -0.416514938050 
  1.01500736   1.74579072  74.67836370  5302.796261787415 5305.281601009835 -2.485339222420 
  0.96439159   2.00112186 103.81295115  5303.661439642310 5310.140890044295 -6.479450401985 
  1.14304843   1.60327537 103.00000000  5310.805573597550 5309.395515152749 1.410058444802 
  0.95125988   1.51991065  94.64807209  5311.093328282237 5309.110884119716 1.982444162521 
  0.96446195   2.00376884 103.00000000  5313.959647089243 5312.439620344860 1.520026744383 
  1.16583222   1.68888476 103.90268790  5317.012849763036 5313.039766618392 3.973083144644 
  0.95709825   2.00366467 102.75106198  5319.522353857756 5317.773813377281 1.748540480475 
  1.05025317   1.68888476 129.71048633  5321.075970828533 5320.067523211103 1.008447617431 
  0.96446195   1.68888476  75.87939698  5321.300251573324 5316.551485421488 4.748766151836 
  1.12223731   1.68888476  86.08624879  5323.226693466306 5319.018677778481 4.208015687825 
  0.99981638   1.85987579 123.44654495  5325.999481886625 5325.448599346942 0.550882539684 
  0.96446195   1.72323207  74.54744024  5332.088766068220 5325.176853972134 6.911912096086 
  0.98715142   1.68888476 133.73877092  5333.668085083365 5331.972679691937 1.695405391429 
  1.05383262   1.95621452 103.00000000  5342.891621187329 5335.845565905280 7.046055282050 
  1.09358235   1.90525874 103.00000000  5346.832545906305 5343.026720269923 3.805825636382 
  1.10889032   1.88819440  99.40753691  5348.157648175955 5342.230330513418 5.927317662537 
  0.96446195   1.89970342 120.45549549  5348.226624459028 5345.720368131163 2.506256327865 
  0.95336085   1.82953145 126.66919387  5349.508745685220 5346.794313572608 2.714432112612 
  0.97582909   1.66528031 134.49576510  5349.623681664467 5348.187580179750 1.436101484717 
  0.93915345   1.77176846  74.01582640  5352.313031211495 5354.519854444321 -2.206823232826 
  1.14911137   1.61580473 101.46823835  5352.425694808364 5353.588804381256 -1.163109572892 
  0.96446195   1.92605300  76.34206801  5354.148505091667 5359.092685622386 -4.944180530719 
  0.96446195   1.91921784  75.92479295  5361.414211794734 5363.492619664506 -2.078407869772 
  0.91380283   1.50440340 103.00000000  5362.067091152072 5360.667516006341 1.399575145731 
  0.94169217   1.59213473 133.38519198  5365.050350874662 5364.169583603270 0.880767271392 
  0.83676364   1.79136488  97.91728509  5366.800323396921 5363.761277964320 3.039045432602 
  0.96446195   1.68888476 134.27135678  5374.165258750319 5371.213608205187 2.951650545132 
  0.97464877   1.83505460 126.44590817  5377.067511379719 5378.072932691211 -1.005421311492 
  1.12495839   1.68888476 119.66684980  5377.113220214844 5372.617422228827 4.495797986016 
  1.15648119   1.68888476  93.89392068  5380.606380641460 5373.770264774365 6.836115867095 
  0.96446195   2.01215646 100.92184482  5382.243629440665 5382.363310963055 -0.119681522390 
  1.01075870   1.69098891 132.83237789  5382.992490157485 5382.821061914610 0.171428242875 
  0.96446195   1.84638004  73.39419085  5383.415367141366 5383.875932245914 -0.460565104548 
  0.96446195   1.79771528  73.11766201  5389.270528614521 5382.109626775476 7.160901839045 
  0.87526068   1.91759560 103.00000000  5393.699826568365 5389.333607588847 4.366218979518 
  1.05355857   1.68888476 129.65675612  5394.975419074297 5392.340395284598 2.635023789699 
  1.13012924   1.71538538  86.15367829  5395.582781180739 5396.411819698021 -0.829038517281 
  0.82641159   1.68888476 101.61780215  5397.392749667168 5399.806204145949 -2.413454478781 
  1.16230627   1.75150156 103.00000000  5400.028476476669 5405.723058529843 -5.694582053174 
  1.08751011   1.68888476  81.17738022  5402.036547333002 5405.741969637914 -3.705422304912 
  1.13651214   1.79591964 109.83660251  5406.342681169510 5408.767215083128 -2.424533913618 
  1.14397964   1.76998563 110.51331891  5408.555073007941 5409.323322481274 -0.768249473333 
  1.03290383   1.58094197  85.87074780  5412.933577612042 5406.207969204727 6.725608407315 
  0.84997923   1.84865473 103.00000000  5413.391934946179 5414.046439215178 -0.654504268999 
  1.03838091   1.98733881  96.41472996  5417.630181372166 5418.492445476568 -0.862264104402 
  1.11782751   1.57392506  99.19177505  5419.219134807587 5416.141447878505 3.077686929082 
  0.96446195   1.83473005  73.12376800  5421.373001292348 5422.961370321762 -1.588369029414 
  1.09602483   1.68888476 124.72654005  5422.033191353083 5418.674466081955 3.358725271128 
  0.91689314   1.76116194  75.16588608  5422.857466936111 5422.767196877375 0.090270058737 
  1.15683888   1.68888476  93.59447023  5424.041546419263 5421.592637083792 2.448909335470 
  1.01014605   1.70743516 132.57183988  5425.354523450136 5431.088828096210 -5.734304646074 
  0.83495172   1.68888476 114.51381998  5426.780581146479 5428.250422317606 -1.469841171127 
  0.83151155   1.64330804 111.92507707  5431.126106396317 5427.720829038806 3.405277357511 
  1.03328833   1.98979294  98.75001282  5431.882477447391 5432.367305435549 -0.484827988159 
  1.09888987   1.68888476 124.36842253  5432.137079611421 5432.121934621938 0.015144989483 
  0.82590593   1.68888476 103.94917192  5436.425155937672 5434.702746822772 1.722409114900 
  1.15621431   1.68888476 112.00045894  5436.882979720831 5441.664409767687 -4.781430046856 
  0.84387899   1.68888476  88.58263154  5438.486385896802 5440.332466617989 -1.846080721187 
  0.96446195   1.49497487 103.00000000  5442.195948362350 5443.937476177669 -1.741527815318 
  0.84202217   1.75143041 114.37094936  5451.011704429984 5450.578567696196 0.433136733788 
  0.96446195   1.64079359 135.10379206  5452.800052329898 5457.532414145661 -4.732361815763 
  1.12991729   1.57942938 102.08414506  5456.945967778563 5460.919748053658 -3.973780275094 
  1.14666943   1.62754700 113.29419774  5458.616707786918 5460.599364155628 -1.982656368710 
  0.94215779   2.00300281 103.26372468  5459.684745386243 5465.070099155762 -5.385353769519 
  0.96446195   2.01005025 103.00000000  5461.184660524130 5467.083823570239 -5.899163046110 
  0.96446195   1.49475932 117.72809281  5463.975797936320 5465.249602357932 -1.273804421611 
  0.85430119   1.80917607 113.93215521  5472.466524824500 5473.265803595308 -0.799278770808 
  0.87774266   1.51969912 112.42184227  5473.371742650867 5469.644972169970 3.726770480896 
  1.02804741   1.50633645 103.05409966  5475.500260487199 5477.709802298016 -2.209541810817 
  0.94094269   1.85243323  73.81914073  5475.908621519804 5484.766986368886 -8.858364849082 
  1.13695796   1.68888476 117.70661611  5477.960571214557 5478.327343175803 -0.366771961246 
  1.13247629   1.70183941  86.59209253  5482.043432012200 5479.380467859205 2.662964152995 
  1.10625626   1.55216668 103.00000000  5482.062913522124 5483.057647688194 -0.994734166070 
  0.99529615   1.88549712 121.94304795  5482.483275189996 5486.402759154001 -3.919483964005 
  1.17009170   1.68612089 103.00000000  5486.714040517807 5484.355205654195 2.358834863612 
  0.95341799   2.00893966 103.00000000  5494.187311932445 5487.760763757705 6.426548174740 
  1.10887792   1.88772027 103.00000000  5494.259886041284 5489.500421911104 4.759464130179 
  1.06252927   1.70471356  78.01389568  5494.425574705005 5489.799254332041 4.626320372964 
  0.98882038   1.70637129  74.76435516  5496.275952577591 5496.568481318038 -0.292528740447 
  0.87862283   1.71845045 127.51745716  5510.184976264834 5485.904442382674 24.280533882160 
  0.96446195   1.92921156 117.92091462  5512.544382795691 5512.466049158003 0.078333637689 
  1.17085427   1.68888476 103.00000000  5517.681726232171 5511.918913562264 5.762812669907 
  0.85975736   1.88432440 103.00000000  5520.705673560500 5515.902457449381 4.803216111120 
  0.96446195   1.90380906 120.82655036  5521.868977963924 5522.087017464919 -0.218039500995 
  0.96469684   1.95200313 115.00030834  5528.166493996978 5519.557815443570 8.608678553408 
  0.93479225   1.68888476  76.08930079  5528.799450352788 5520.313870208249 8.485580144539 
  0.84848669   1.85523468  98.38740248  5530.320751994848 5525.333166396911 4.987585597937 
  1.15891186   1.65503860 111.21095810  5531.764093324542 5529.502270242076 2.261823082466 
  0.89055185   1.94627431 105.08266352  5531.992719545960 5533.644417322525 -1.651697776564 
  1.14282326   1.77224608 111.69923527  5536.148986041546 5535.651596222408 0.497389819137 
  0.82479875   1.68030477 103.00000000  5539.981137201190 5534.886527536079 5.094609665111 
  0.94331591   1.74282477  73.91911183  5540.181956440210 5537.808706638659 2.373249801552 
  1.15615289   1.73420624 110.81081111  5540.426030889153 5545.277244235886 -4.851213346732 
  1.14184952   1.68518836  88.87784761  5546.981108084321 5540.728079642102 6.253028442219 
  0.96702476   1.72059684 133.82013643  5547.190750896931 5546.357357859655 0.833393037276 
  1.14018532   1.68888476 117.38406251  5553.538989692926 5549.977235825732 3.561753867194 
  0.92027400   1.68888476  76.71691908  5555.023101598024 5550.187061113122 4.836040484903 
  1.14760776   1.76249330 111.34940228  5560.145798325539 5557.262109189376 2.883689136163 
  1.15900629   1.68888476 112.03482246  5560.991514682770 5559.617859714363 1.373654968406 
  0.96446195   1.99548697 107.92491208  5572.212518170476 5571.180391800555 1.032126369921 
  0.98565650   1.68888476  75.28340018  5572.937547430396 5574.869270592355 -1.931723161959 
  0.96446195   1.90468243  74.33673593  5583.342142924666 5585.159037869633 -1.816894944966 
  0.84037473   1.81962997 103.00000000  5584.372409671545 5580.972337054083 3.400072617462 
  0.96860675   1.63814834 135.47860277  5584.953796610236 5584.581332206094 0.372464404142 
  1.06357118   1.52023609 103.00000000  5585.061928480864 5586.080729307992 -1.018800827129 
  0.96446195   1.66435704 135.42477181  5589.078662395477 5585.276305600018 3.802356795460 
  0.96446195   1.68888476 134.97487437  5590.087589502335 5586.168809504371 3.918779997964 
  1.14949833   1.64169610 114.53697216  5592.402324825525 5589.647246008972 2.755078816554 
  0.95404597   1.97141269 112.24728056  5592.775278419256 5592.087321789358 0.687956629899 
  0.98613002   1.58934627 133.79963054  5595.105427742004 5594.870217734260 0.235210007744 
  0.96446195   1.92862420 118.43433042  5595.717019721866 5600.612938775115 -4.895919053250 
  0.89770306   1.68888476  78.27965555  5597.739226877689 5599.786558796625 -2.047331918936 
  0.82412060   1.68888476 103.00000000  5598.168970137835 5598.330459298109 -0.161489160274 
  0.94937754   1.90441834  74.61984661  5603.864930823445 5606.506733122330 -2.641802298885 
  0.96052609   1.81258159  72.53425603  5604.977926000953 5605.071412302628 -0.093486301676 
  1.07126041   1.68888476  79.04691744  5605.174411043525 5601.915824376155 3.258586667370 
  1.13062763   1.59265858  96.64721450  5609.693115040660 5602.418671479125 7.274443561535 
  1.06808742   1.64611720 129.25726275  5612.948180601001 5611.318398556459 1.629782044542 
  1.14162471   1.83236777 102.23038852  5613.349169731140 5613.987955241188 -0.638785510047 
  0.96446195   1.68888476  75.17587940  5614.316557541490 5615.253132373246 -0.936574831757 
  1.13781655   1.82204812 107.25493794  5617.271805897355 5624.156442695158 -6.884636797803 
  1.05438446   1.51480066 103.00000000  5628.520116597414 5627.795892855265 0.724223742149 
  1.16692455   1.72411183 107.72382169  5629.340749457479 5632.035482052814 -2.694732595335 
  0.96775296   1.87283496  73.08168677  5632.145516976714 5636.912473110944 -4.766956134230 
  0.96446195   1.91754334 119.88517536  5635.872649013996 5638.832245075379 -2.959596061383 
  1.04569022   1.95050505 109.49942014  5646.557655364275 5635.427508378519 11.130146985756 
  0.86361688   1.54115110 100.64283135  5649.906034991145 5639.502224230714 10.403810760431 
  1.05864923   1.93935502 109.12015946  5658.207896277308 5647.627780118376 10.580116158932 
  1.06557890   1.96119109 101.36895184  5660.056382730603 5660.165785501780 -0.109402771177 
  1.14741503   1.62553838 114.59388925  5660.925000458956 5660.064905076276 0.860095382680 
  1.00464491   1.49400314 115.30574566  5666.367519214749 5664.187603312706 2.179915902044 
  0.96446195   1.70665305  74.29842423  5669.702425792813 5671.511504433081 -1.809078640267 
  0.96446195   1.81052381  72.27832029  5677.608693644404 5679.551273806144 -1.942580161740 
  1.17121596   1.74379252 100.48337034  5678.601180583239 5682.623413382395 -4.022232799157 
  1.14988262   1.81463607 103.00000000  5683.515794351697 5685.000289892793 -1.484495541096 
  0.97538408   1.86112877  72.63984773  5687.241941034794 5688.065425660768 -0.823484625974 
  0.96446195   1.49759970 120.92531422  5687.836731046438 5687.065836119057 0.770894927381 
  0.96446195   1.78205672  72.41842479  5688.538125172257 5689.368713993437 -0.830588821180 
  1.14979298   1.63673012 115.00021865  5692.234845921397 5698.474917716277 -6.240071794879 
  0.98137383   1.57780948  83.51516348  5699.071265146136 5698.816772620155 0.254492525982 
  1.11363191   1.68888476  83.18692407  5702.215278953314 5706.216923984352 -4.001645031038 
  1.17271595   1.73667500  99.77751632  5702.912525355816 5707.336110810847 -4.423585455031 
  1.01905340   1.50471367 119.22106787  5708.234553992748 5704.752886356448 3.481667636300 
  1.04434240   1.68032110  77.28364707  5713.718128278852 5719.394959445057 -5.676831166205 
  1.12973918   1.64778187  88.25413369  5715.684580281377 5715.848834517822 -0.164254236445 
  0.82620205   1.74486499  99.87900987  5719.073122456670 5718.607549718043 0.465572738627 
  0.96995554   1.54634780  87.69441954  5724.088277399540 5733.577026825262 -9.488749425722 
  0.92668504   1.89023970 121.55279184  5748.328823775053 5741.869909676459 6.458914098594 
  0.90287608   1.68888476  77.43607734  5750.099006429315 5754.230080260195 -4.131073830880 
  0.93193823   1.58989430 134.33011091  5752.366019099951 5753.041984321141 -0.675965221190 
  1.12930338   1.64092042 120.59181427  5756.768111661077 5752.998398260821 3.769713400256 
  1.17594994   1.68888476 104.86069578  5758.419324770570 5760.172050366290 -1.752725595720 
  1.04733088   1.68888476 131.55552458  5768.863114804029 5768.261246623092 0.601868180937 
  1.11725315   1.88480472 103.73738208  5769.558315172791 5774.225089489321 -4.666774316530 
  1.06179407   1.68442481 130.30911540  5769.678359448910 5776.786929565460 -7.108570116550 
  1.00844124   1.67498877  75.92743588  5771.894279435277 5773.045092697947 -1.150813262670 
  1.15440545   1.72224561  89.28196198  5775.555607602000 5770.683743263692 4.871864338308 
  0.84328851   1.64137065  90.04263834  5778.103253424168 5775.116718936872 2.986534487296 
  0.96328436   1.58566365 134.77097686  5779.296062901616 5785.627510957624 -6.331448056008 
  1.02768986   1.54912543  89.10944857  5782.439080059528 5783.533040589659 -1.093960530131 
  1.07643200   1.72510819  77.52015270  5785.141509532928 5795.628954398397 -10.487444865468 
  0.82259337   1.66232286 103.00000000  5788.625554427505 5795.354135971927 -6.728581544422 
  0.88869070   1.54723576  92.02229695  5792.273297369480 5797.337035839206 -5.063738469726 
  1.10956616   1.55015395 101.44633742  5793.567464023829 5798.850198254756 -5.282734230927 
  1.17051702   1.68888476 109.61406540  5800.193200737238 5800.913608196381 -0.720407459143 
  1.17407682   1.68888476 107.64989790  5800.380140885711 5807.625791914366 -7.245651028656 
  0.95480681   1.68888476 135.64658416  5805.651308014989 5800.246202157981 5.405105857008 
  1.13610551   1.65233504  88.60602979  5806.232723861933 5802.177612415773 4.055111446160 
  0.96446195   1.68888476 135.67839196  5810.537759661674 5803.890973149189 6.646786512485 
  0.91629203   2.01116891  92.59385652  5811.211460769176 5815.719212520115 -4.507751750939 
  0.96446195   1.62862722  78.35143224  5818.687863960862 5809.715447578938 8.972416381925 
  1.07157079   1.68888476 129.36888079  5825.552128970623 5825.125063247350 0.427065723273 
  1.17839196   1.68888476 103.00000000  5826.906692937016 5830.306745375890 -3.400052438874 
  0.82171817   1.68888476 102.85787832  5827.139665588737 5829.438069936802 -2.298404348066 
  1.04450437   1.61638891  81.48854164  5828.779522791505 5830.505708564688 -1.726185773183 
  1.12465577   1.66641438  85.48176378  5837.430727630854 5840.397320728499 -2.966593097645 
  1.16429794   1.78499438 103.00000000  5846.134476155043 5848.922293696774 -2.787817541732 
  1.17882247   1.68888476 102.88493085  5846.407594174147 5847.901405418635 -1.493811244488 
  1.02299114   1.73076510  73.93318300  5847.147959828377 5848.637979186922 -1.490019358545 
  1.17799649   1.67324051 103.00000000  5850.710200548172 5858.560992996650 -7.850792448478 
  1.14694018   1.68888476 117.63321704  5854.978047192097 5859.190714744897 -4.212667552801 
  0.96446195   1.48888476 103.00000000  5856.345091760159 5859.093745231005 -2.748653470846 
  1.12171581   1.68888476  83.70791709  5856.574559196830 5859.713730586119 -3.139171389289 
  1.10421226   1.90241337 105.95747511  5859.495685428381 5864.478258544733 -4.982573116352 
  0.95271008   1.89391467  73.17036063  5862.738836169243 5869.605570663547 -6.866734494304 
  1.06912960   1.52414778  99.91495985  5868.259967774153 5867.316598003983 0.943369770170 
  0.96446195   1.48869347 103.00000000  5870.055079787970 5872.461846126049 -2.406766338079 
  0.97202368   1.95797873 116.20134511  5871.823951154947 5874.031571099274 -2.207619944326 
  0.82261984   1.64950616 103.00000000  5873.959911808372 5873.495623430545 0.464288377827 
  1.09848889   1.71481620  79.71954455  5882.509487509727 5876.768167451964 5.741320057764 
  1.12431230   1.88391117 101.47522845  5887.006906270981 5886.307261343764 0.699644927216 
  1.16356056   1.69149322 113.18464742  5888.476825907826 5887.238399295204 1.238426612623 
  1.16307607   1.61481931 107.05034040  5890.054610460997 5887.849458879024 2.205151581973 
  0.82361064   1.73688562 103.00000000  5891.012793645263 5891.084167460338 -0.071373815075 
  1.17578122   1.68888476 108.16241459  5898.863470137119 5912.594004984840 -13.730534847720 
  0.96446195   1.53898896  88.39560753  5904.047745361924 5909.057256517335 -5.009511155411 
  0.98415367   1.67604926  75.11689364  5909.061033770442 5911.827589772160 -2.766556001718 
  1.17849812   1.71754434  98.44986717  5910.401176109910 5913.108956914039 -2.707780804129 
  1.02927617   1.56775209  85.89468110  5911.369045153260 5910.323273061303 1.045772091958 
  0.98214442   1.69171103  74.33398129  5913.242136701941 5915.464123281430 -2.221986579489 
  0.89651812   1.69353257  77.38401634  5913.830459043384 5922.561291280227 -8.730832236844 
  0.85560633   1.54030268 103.00000000  5913.946851506829 5919.101366433513 -5.154514926684 
  1.14902386   1.58749219 103.34624283  5915.602188974619 5923.038021348099 -7.435832373480 
  0.97218387   1.59016437  81.51462659  5917.743076294661 5919.555587261684 -1.812510967024 
  0.82279729   1.64208480 103.00000000  5918.132150784135 5921.397914149053 -3.265763364918 
  0.96446195   1.68888476  74.47236181  5920.583076491952 5922.960318027432 -2.377241535480 
  0.85831121   1.89494752 104.20698617  5920.978375151753 5929.536446066459 -8.558070914705 
  1.10884305   1.71764769 124.18090223  5922.352201998234 5929.344216268973 -6.992014270739 
  0.96446195   2.02889447 103.00000000  5923.994110614061 5931.945172809037 -7.951062194976 
  1.01098130   1.48848636 109.97698076  5934.467791557312 5930.517400709859 3.950390847453 
  0.82990468   1.68888476 115.05841893  5934.720053762197 5936.802928290302 -2.082874528104 
  0.95443092   1.48474223 105.33103918  5935.747932136059 5933.815693251297 1.932238884762 
  1.04336634   1.50466433 103.00000000  5941.349749460816 5938.008145926802 3.341603534014 
  0.94416665   2.02401103 103.00000000  5945.846540242434 5942.647990419637 3.198549822797 
  0.82655651   1.69844802 112.38459552  5948.636048004031 5951.258406804634 -2.622358800603 
  0.84349071   1.59454056  94.43137151  5951.257849350572 5954.194952043596 -2.937102693024 
  1.11253737   1.70392772  81.45811921  5956.249131515622 5959.486627069710 -3.237495554088 
  0.91054512   1.68888476  76.34349602  5963.110248804092 5966.378727214254 -3.268478410161 
  0.94845133   1.63080268 136.65745596  5967.543034061790 5967.399611437675 0.143422624114 
  1.01242691   1.68888476  74.87086932  5968.062881261110 5970.897060128541 -2.834178867431 
  0.95943481   1.94446364 118.34950011  5971.129306793213 5976.419926731666 -5.290619938453 
  0.96446195   1.59457879 135.85333449  5972.906756773591 5977.666119838585 -4.759363064994 
  0.97931320   1.50740472  95.22452843  5975.314701586962 5981.266619261167 -5.951917674205 
  0.96446195   1.48633704 117.85872672  5985.918835118413 5981.721204793878 4.197630324535 
  0.99273996   1.96836238 114.81010442  5990.825699016452 5979.901603126030 10.924095890422 
  0.95369704   1.96720313 115.32976838  5996.520432963967 5991.984010470022 4.536422493945 
  1.17836859   1.65470074 103.00000000  6003.906813547015 5993.860699716068 10.046113830947 
  0.93785896   2.02366564 102.89164506  6004.095801621675 6005.010675166212 -0.914873544536 
  1.17248089   1.76736780 103.61478993  6004.736822932959 6005.598076303948 -0.861253370989 
  0.91923755   1.74158001  73.91126872  6006.879032433033 6006.677621875828 0.201410557205 
  1.16768957   1.63135053  98.71253331  6009.016592696309 6006.863612935904 2.152979760405 
  0.97540579   1.93359590 119.86297738  6013.288673728704 6016.619394057281 -3.330720328577 
  0.96446195   1.98485650 113.12652562  6013.660242944956 6012.921306457451 0.738936487504 
  0.83099895   1.80052499 102.48226761  6019.700723633170 6020.675588151849 -0.974864518679 
  0.83683463   1.76031689 114.55877853  6022.377981245518 6023.514974140260 -1.136992894742 
  0.96446195   1.53601932  88.58016257  6024.377921432257 6019.390136901128 4.987784531128 
  0.95552135   1.68888476  74.36859218  6026.278832152486 6021.471967698168 4.806864454318 
  0.94718104   1.48834750 119.16809272  6026.287849158049 6024.933590672226 1.354258485822 
  0.96446195   1.95667404 117.18379890  6027.769121631980 6028.530510763044 -0.761389131064 
  0.96446195   1.68888476 136.38190955  6028.127163156867 6024.282452267435 3.844710889432 
  1.04462798   1.68888476  76.06147023  6032.007123112679 6029.485003150805 2.522119961874 
  0.82807787   1.77656993 105.18064389  6032.312216132879 6032.493060020471 -0.180843887591 
  1.17823976   1.64995001 103.00000000  6035.208248108625 6031.384232124388 3.824015984237 
  0.96446195   1.97142461 115.23627971  6040.022228300571 6032.549462427092 7.472765873479 
  1.12060022   1.89399804 103.00000000  6045.298513263464 6040.041060942497 5.257452320967 
  0.83386338   1.62669739  93.87015339  6045.588055178523 6040.915092648076 4.672962530447 
  1.14390492   1.84975775 103.00000000  6046.008108675480 6048.305573490195 -2.297464814716 
  1.00834451   1.74334698  72.62296670  6049.530738472939 6046.408978953897 3.121759519042 
  0.96446195   1.69829993  73.76953220  6052.132975474000 6051.079652199546 1.053323274454 
  0.96446195   1.84015446  71.33601122  6053.059360146523 6057.082205156390 -4.022845009868 
  0.82658256   1.69704544 113.37564374  6056.808503746986 6059.079841897523 -2.271338150536 
  0.86692279   1.92672954 103.00000000  6056.827523306012 6062.072165286541 -5.244641980529 
  1.10781707   1.68888476  81.17609126  6056.932560414076 6060.690031922952 -3.757471508876 
  1.01439643   1.48982390 114.97550242  6063.843582883477 6059.029731095146 4.813851788332 
  1.16618310   1.80151898  99.32671610  6067.934677869081 6064.695790963799 3.238886905282 
  1.14664511   1.70130778  86.41212274  6068.295640036464 6065.387691957364 2.907948079100 
  1.08697920   1.68888476 128.49620523  6070.292125642300 6071.475700692667 -1.183575050368 
  0.82112525   1.68888476 108.58481972  6072.818177118897 6073.695007754840 -0.876830635942 
  1.04459056   1.68888476 132.85989280  6074.185156121850 6083.336548833469 -9.151392711619 
  1.18161620   1.66135740 103.00000000  6075.052241101861 6080.617655193950 -5.565414092089 
  0.96446195   1.80118802  71.24624301  6077.982117578387 6084.238171593478 -6.256054015091 
  0.90222095   1.58261042  84.51999475  6083.607065320015 6081.058440775116 2.548624544899 
  0.96446195   2.03517588 103.00000000  6084.401589959860 6087.003713269363 -2.602123309503 
  1.06391315   1.50655508 110.06330341  6088.471366927028 6085.016956711275 3.454410215752 
  0.89228505   1.97845471 103.00000000  6090.540211126208 6089.427901881752 1.112309244456 
  0.96446195   1.84281086  71.26007157  6091.187444716692 6091.454024308046 -0.266579591354 
  0.90868082   2.00156239 103.00000000  6091.241660758853 6094.457303357744 -3.215642598891 
  1.03703048   1.68888476  75.51378509  6096.094918847084 6093.599281484843 2.495637362241 
  1.18328573   1.72295801 103.00000000  6096.354217201471 6096.514616983476 -0.160399782005 
  1.02116910   2.03092323  95.52677798  6096.605794250965 6098.717309770349 -2.111515519384 
  1.08541396   1.52075674 104.88470552  6100.579877033830 6101.266658117372 -0.686781083542 
  1.12171647   1.55257254 102.00300770  6101.629807263613 6101.081071125213 0.548736138399 
  0.86293383   1.91843779 103.00000000  6107.131880268455 6102.575568406503 4.556311861951 
  0.92203621   1.68888476  75.32935760  6108.273110911250 6102.902318014705 5.370792896545 
  1.05211486   1.64896110  78.56667199  6112.192480087280 6119.950745775578 -7.758265688298 
  1.08172657   1.52051213 103.00000000  6115.458092302084 6125.174178083656 -9.716085781572 
  0.96446195   2.05018291  90.61304356  6118.293017208576 6126.200641106303 -7.907623897727 
  1.11592230   1.54500958 103.00000000  6129.807917863131 6129.120828979618 0.687088883513 
  1.09803529   1.68888476  79.86590793  6135.405055090785 6133.718344337217 1.686710753568 
  0.97944015   1.93542965 120.16501031  6139.136341318488 6136.719416373561 2.416924944927 
  0.95025529   1.68888476 136.63541985  6145.235968947411 6125.763664392820 19.472304554591 
  1.14001777   1.65732016 120.78011734  6146.792277067900 6141.508177319760 5.284099748140 
  0.98128314   2.03696812 103.00000000  6148.903846547008 6150.163794336388 -1.259947789380 
  0.82680796   1.78320824 103.00000000  6153.497240155935 6148.198964718932 5.298275437003 
  0.91138650   1.96412085 112.43433878  6154.792681306601 6150.652017453382 4.140663853219 
  1.17708510   1.68888476 110.49106383  6159.691060408950 6155.098667195376 4.592393213574 
  1.14049940   1.68888476 120.62437941  6160.301447555423 6156.608278532989 3.693169022434 
  0.86582614   1.59863531  87.19271270  6160.989958703518 6162.074064623686 -1.084105920168 
  0.94068523   1.56450288 134.51593396  6162.216041579843 6167.593534890631 -5.377493310788 
  1.10428378   1.72597546 125.51432950  6169.689106240869 6171.337818522130 -1.648712281261 
  1.15279327   1.68888476  87.63276637  6175.831960588694 6171.041391456958 4.790569131736 
  0.96446195   2.04846870  88.16586848  6176.803038656712 6173.165688636018 3.637350020694 
  1.11869325   1.68888476  82.08437139  6179.633596703410 6179.583118369917 0.050478333494 
  1.11364398   1.91281494 103.00000000  6185.308587148786 6192.978520114302 -7.669932965517 
  0.96590461   1.48007179 115.35901551  6195.179434746504 6188.023819845836 7.155614900667 
  0.92835363   1.95880389 115.86908734  6198.734224453568 6196.663841696425 2.070382757143 
  1.17568183   1.77946513  98.84117550  6198.853225469589 6195.450480943691 3.402744525898 
  0.84941428   1.63795811 125.23728220  6203.866058781743 6191.947959413464 11.918099368279 
  0.87840264   1.96660960  99.19154183  6205.596804395318 6211.401881585006 -5.805077189688 
  0.88972789   1.50977655  99.65171126  6210.559286907315 6207.634920018958 2.924366888357 
  1.16834778   1.78941868 105.58510006  6211.083446279168 6211.678560940936 -0.595114661768 
  0.89767477   1.72557279  75.44982983  6213.754357308149 6214.914257157743 -1.159899849594 
  1.17313375   1.62045884 102.65919221  6213.999460279942 6215.296164496267 -1.296704216325 
  0.96446195   1.67942134  74.27739270  6216.720488905907 6215.737385636010 0.983103269897 
  0.96446195   1.89766285  71.84703703  6219.638663008809 6224.039863840536 -4.401200831727 
  1.05896526   1.73239053  74.76211325  6223.715804666281 6220.614550634706 3.101254031575 
  0.96446195   1.68830611  73.82264589  6225.404980733991 6227.439500612239 -2.034519878249 
  1.16746744   1.60637441 107.40561385  6225.777834117413 6231.064802623311 -5.286968505899 
  0.96446195   1.78034709  71.08887825  6232.794372990727 6232.808742197883 -0.014369207156 
  0.88981481   1.97651931 104.24837303  6233.353083431721 6239.134813741925 -5.781730310204 
  1.16245483   1.59630813 107.79079002  6238.130667790771 6238.977872829197 -0.847205038426 
  0.96446195   1.68888476  73.76884422  6246.273435637355 6239.758317334878 6.515118302477 
  1.12484609   1.88515477 106.15560836  6252.755731061101 6248.614400496962 4.141330564139 
  1.04955943   1.68888476 133.00272154  6255.501815825701 6252.390333152294 3.111482673406 
  1.06458871   1.98531231 102.19034701  6255.965855076909 6252.262253967979 3.703601108930 
  0.96446195   1.68888476 137.08542714  6256.367854192853 6247.243949542634 9.123904650219 
  1.09898613   1.68888476 127.66461128  6259.937167078257 6253.155976792279 6.781190285978 
  0.96849328   1.93125668 121.28639620  6264.402059391141 6262.729407716468 1.672651674673 
  0.96446195   1.96574379 117.25920138  6270.691061198711 6261.970562578327 8.720498620384 
  0.96446195   1.58380540  81.35878952  6272.762494787574 6270.243805982663 2.518688804911 
  0.96446195   1.53508306 132.09761088  6274.033368945122 6280.583015464574 -6.549646519452 
  0.85654111   1.61640116  86.82368589  6278.646062061191 6286.103616705806 -7.457554644616 
  0.96446195   1.71200415  72.66406864  6302.662130057812 6303.428134474924 -0.766004417113 
  0.94038455   1.93281265 120.55978409  6304.090949997306 6312.558840822813 -8.467890825507 
  1.08244594   1.72916338 128.68057542  6309.603231266141 6309.312039403037 0.291191863103 
  0.94748972   1.65229383  75.87297572  6315.181163266301 6306.783476689530 8.397686576771 
  0.81794910   1.71974667 103.00000000  6316.211135432124 6317.783854335679 -1.572718903555 
  1.18968787   1.68325570 103.00000000  6316.282085999846 6324.735969279600 -8.453883279753 
  0.96446195   1.48241206 103.00000000  6319.244207188487 6322.764218055641 -3.520010867154 
  0.97689052   1.87338513  70.89199848  6323.312712252140 6330.723149888925 -7.410437636785 
  0.93174938   1.51535150  92.52719521  6330.838537976146 6329.530376739110 1.308161237036 
  0.98546350   2.04363665 103.00000000  6339.614771679044 6335.154981388834 4.459790290210 
  0.95520143   2.04735694  85.71423793  6340.199033722281 6332.971193592165 7.227840130116 
  1.03651089   1.68888476 134.35155951  6341.002271458507 6341.631005845629 -0.628734387123 
  0.95174814   1.71737337  72.58703875  6341.619821041822 6340.007886197220 1.611934844603 
  0.81658291   1.68888476 103.00000000  6345.647240579128 6342.632886199617 3.014354379511 
  0.90760897   1.68888476  75.67570083  6345.997855693102 6343.920376207435 2.077479485667 
  0.96446195   1.98786167 114.70812736  6347.600384846330 6343.173327617866 4.427057228464 
  0.99151748   1.72228933  72.22436692  6358.047537773848 6348.504898481560 9.542639292287 
  1.18984317   1.70849167  99.28153787  6359.626303493977 6359.026281869402 0.600021624575 
  0.96446195   1.96044984 118.46760025  6360.172448486090 6369.094306866838 -8.921858380749 
  1.11901154   1.54023627 104.36039973  6375.882471099496 6371.413141041519 4.469330057977 
  1.18993953   1.72514374 101.14350408  6380.024166956544 6375.231916183241 4.792250773303 
  0.96446195   2.06069161  90.29763153  6387.989252999425 6377.881597226341 10.107655773084 
  0.96446195   1.69905492 137.23284891  6393.836630731821 6383.074813443097 10.761817288724 
  0.87643664   1.96232278 102.75797020  6394.203643083572 6392.310711211521 1.892931872051 
  0.96446195   2.04773869 103.00000000  6395.713970586658 6396.928474991618 -1.214504404960 
  0.96446195   1.75072609  71.27584008  6398.142673701048 6393.703606694065 4.439067006982 
  0.91709738   2.02311355 103.00000000  6398.695239216089 6401.886408144206 -3.191168928117 
  1.07478975   1.68888476  77.02182418  6398.794134497643 6399.091687636902 -0.297553139259 
  0.83025762   1.75195270  88.99029593  6404.088246420026 6397.510089609249 6.578156810777 
  1.08543088   1.64541187 130.16677693  6406.296603322029 6402.019537961249 4.277065360780 
  1.01481293   1.66526540 136.38767225  6406.929502204061 6407.384293646284 -0.454791442224 
  1.19061695   1.68888476 105.57035833  6409.397225603461 6410.791800455278 -1.394574851817 
  0.96480764   1.48120843 103.00000000  6409.563270941377 6411.997933470945 -2.434662529568 
  1.11420564   1.67786537 126.36448111  6418.771425500512 6415.237809472646 3.533616027866 
  1.07366521   1.70841627  76.02516642  6420.662029862404 6422.989298440675 -2.327268578271 
  1.12239768   1.68888476 125.01500660  6426.018899381161 6428.258059354574 -2.239159973413 
  0.94149075   1.48982749 122.67282239  6432.428147837520 6441.109540304598 -8.681392467079 
  0.96446195   1.58274031 136.87517631  6433.937203556299 6442.224973567839 -8.287770011540 
  0.81780202   1.69023534 109.06222915  6439.389957904816 6442.820572143408 -3.430614238592 
  0.87029844   1.51309446 103.00000000  6439.477357640862 6444.010439595970 -4.533081955107 
  0.96446195   1.56415881 135.72437022  6450.651412159204 6454.663746271884 -4.012334112679 
  1.10492028   1.92851420 105.84616145  6469.407058566809 6460.649860147395 8.757198419414 
  0.90211790   2.00816303 103.00000000  6470.737872615457 6467.540403231433 3.197469384024 
  0.95208293   1.68888476 137.71099498  6474.238834217191 6460.424150605338 13.814683611853 
  1.18365091   1.76894644 103.00000000  6474.462816312909 6472.406137830684 2.056678482225 
  1.18980229   1.68791702  97.51630564  6474.668659880757 6470.310042725406 4.358617155352 
  1.18839131   1.68888476 108.55417222  6476.291876703501 6477.412742275299 -1.120865571798 
  1.19346734   1.68888476 103.00000000  6476.466517373919 6477.536139046551 -1.069621672632 
  0.96446195   1.68888476 137.78894472  6482.056825667620 6472.674225327762 9.382600339858 
  0.91549377   1.65800809 136.88196209  6482.150342836976 6458.143871591363 24.006471245613 
  0.96446195   2.05574881  85.62376487  6488.399603500962 6480.629378719259 7.770224781703 
  1.19063719   1.69928395  97.28785680  6488.705847650766 6487.431196998848 1.274650651918 
  0.97616102   1.68888476  73.17028635  6488.717796280980 6490.340854819154 -1.623058538174 
  0.86974990   1.68888476  79.29821815  6489.794944822788 6494.707035310763 -4.912090487975 
  1.07871887   1.65191301  79.21588758  6494.083907753229 6494.196945524102 -0.113037770873 
  0.90932852   1.72963148  73.72252637  6494.743094936013 6496.507426585995 -1.764331649982 
  1.18151395   1.67921639 112.08417052  6496.546508774161 6498.346470310181 -1.799961536020 
  1.16903369   1.68325481  89.80032983  6497.596556648612 6494.349328996547 3.247227652065 
  1.18026992   1.72588178  91.86271946  6498.419318825006 6495.108833233498 3.310485591508 
  0.82357846   1.76036614 108.89840154  6499.750976338983 6503.369713880905 -3.618737541922 
  0.89451941   1.99861005 103.00000000  6501.228167608380 6503.606885813327 -2.378718204946 
  0.89036263   1.54733951  89.33038291  6509.279135435820 6511.379250132937 -2.100114697118 
  1.13352233   1.89413355 102.92592599  6510.527186259627 6519.733998680713 -9.206812421085 
  0.90174361   1.57238930  84.61338301  6525.409082040191 6517.774621650515 7.634460389676 
  1.13860461   1.65429867 122.89476269  6525.587475448847 6524.293688341289 1.293787107557 
  0.95927211   2.02355988 109.92762643  6528.088634103537 6525.958013931738 2.130620171799 
  1.03003655   1.68888476  74.14216648  6530.688609331846 6533.327444731247 -2.638835399401 
  0.90459393   1.68888476  75.46597807  6530.757444739342 6533.619295306584 -2.861850567242 
  1.05864691   1.68555895 133.20957096  6535.651050195098 6538.759830727745 -3.108780532647 
  1.01941790   1.48788896 102.77270433  6539.211321815848 6540.146309762371 -0.934987946523 
  1.06630963   1.99329679 103.00000000  6542.053825482726 6546.331908906409 -4.278083423683 
  0.96446195   1.68888476 138.00000000  6545.932399407029 6540.769315341061 5.163084065968 
  0.99768162   1.58634613 136.46186105  6546.509909555316 6546.890754333851 -0.380844778535 
  1.00834763   1.68888476 136.79048148  6549.826762855053 6552.685782623307 -2.859019768254 
  0.96446195   2.05402010 103.00000000  6550.342136159539 6551.684958021874 -1.342821862335 
  0.96446195   1.69232317  72.94635452  6551.801453053951 6547.645806501632 4.155646552319 
  1.03781136   1.49983513  99.52391021  6553.536198541522 6549.711509854045 3.824688687477 
  0.87446810   1.71643072  77.48274692  6555.077680125833 6555.774251720150 -0.696571594318 
  0.96446195   2.02393740 110.16619793  6556.759960174561 6549.142968841096 7.616991333464 
  1.19385137   1.69238076 105.76006323  6561.085838228464 6557.911010890938 3.174827337526 
  1.12310459   1.91016068 104.25744318  6561.886675506830 6564.613382905884 -2.726707399053 
  0.96446195   1.53426239  87.29927649  6564.488489553332 6561.480168113280 3.008321440052 
  0.81446195   1.68888476 103.00000000  6565.490111842752 6563.181655271230 2.308456571522 
  0.91441287   2.01124804 107.24810585  6565.914379104972 6566.244856520506 -0.330477415534 
  0.96446195   1.68888476  73.06532663  6568.988950282335 6565.739541797520 3.249408484815 
  1.16604877   1.82873965 103.00000000  6570.086709707975 6570.272903634786 -0.186193926811 
  1.09826226   1.68888476  78.53177583  6571.328426495194 6569.301514616063 2.026911879131 
  0.81855326   1.75441111 103.00000000  6574.069770693779 6569.453907687855 4.615863005924 
  0.97700095   1.71210167  72.01472201  6576.594963774085 6570.741081831435 5.853881942650 
  0.97945654   1.87164602 127.95659292  6580.295327484608 6582.561214720284 -2.265887235676 
  1.18656920   1.76335386  96.23507351  6584.422395780683 6576.130738993033 8.291656787649 
  1.11035745   1.94346812  99.70012997  6585.173963382840 6585.681298106400 -0.507334723560 
  1.12263222   1.91599775 103.00000000  6589.941599398851 6587.090967946306 2.850631452546 
  1.04990031   1.71245770  73.92283225  6592.327027186751 6586.655774598652 5.671252588099 
  1.18891749   1.68888476 109.75921092  6593.377077847719 6594.386609364940 -1.009531517221 
  1.16575543   1.83621727 100.80684796  6593.858401849866 6598.299725893891 -4.441324044025 
  0.96446195   1.68888476  73.00000000  6595.263622716069 6596.478668348199 -1.215045632130 
  0.96446195   1.47473111 106.13228977  6602.797351717949 6595.976674520991 6.820677196958 
  0.97737667   1.95166281 120.65286216  6615.472589030862 6618.841393144071 -3.368804113209 
  0.97205082   1.71040123  71.99195307  6618.136554270983 6616.000096979318 2.136457291665 
  1.18383877   1.78144680 103.00000000  6619.703848928213 6624.915738298191 -5.211889369978 
  0.99645460   1.53497974 132.38078046  6622.201685145497 6621.130137309712 1.071547835785 
  0.88074000   1.68888476  77.51038728  6622.871490105987 6627.316828185824 -4.445338079838 
  0.96791517   1.47202446 110.49745805  6625.444039493799 6627.566578178287 -2.122538684488 
  0.96446195   1.55888169  83.45372802  6627.311124458909 6630.066993277457 -2.755868818548 
  0.93793943   1.50005744  94.96273200  6629.366358399391 6639.595240548329 -10.228882148938 
  0.95180224   1.64853650 138.89841567  6635.546459838748 6640.969232261446 -5.422772422698 
  0.89626728   1.51847318  93.81457881  6647.409426897764 6649.216978410044 -1.807551512280 
  1.13151873   1.68572759 124.57694380  6652.484552964568 6655.565815600788 -3.081262636219 
  1.02183922   1.68888476 136.38766763  6659.693860977888 6665.266409804170 -5.572548826281 
  0.84719853   1.60711337  88.66641162  6664.320005014539 6660.196903921527 4.123101093011 
  1.18461145   1.62265660 106.93663009  6664.874072223902 6668.882677291759 -4.008605067857 
  1.19749761   1.68137166 103.00000000  6665.317464992404 6668.304154977409 -2.986689985005 
  1.12424231   1.68888476  81.04619877  6665.440629124641 6669.322168924983 -3.881539800342 
  1.17156919   1.59365698 104.03701888  6666.884727135301 6671.866633495439 -4.981906360138 
  0.92766399   2.04364421 103.00000000  6670.405301600695 6679.515313060528 -9.110011459833 
  0.92282713   1.64051872 138.08324897  6675.432241156697 6662.324227651761 13.108013504936 
  0.93684159   1.58147996 137.29981975  6678.683734625578 6676.687899273805 1.995835351773 
  1.18914644   1.75808944  95.66746596  6679.874915197492 6675.686727097544 4.188188099947 
  1.07241727   1.50563232 103.00000000  6681.909557491541 6684.283378385392 -2.373820893851 
  0.84154588   1.67615512  84.92558090  6687.891977563500 6686.450163850190 1.441813713311 
  1.18828044   1.77081449 103.00000000  6691.250774160028 6690.981514455832 0.269259704196 
  1.17990130   1.79954728 103.00000000  6693.078594729304 6696.943710573061 -3.865115843757 
  0.86740000   1.65174339  81.01385540  6694.405011951923 6704.543170228236 -10.138158276312 
  0.96446195   1.68888476 138.49246231  6695.684401601553 6700.469795805809 -4.785394204256 
  1.01996096   1.48534347 103.00000000  6698.334224164486 6705.843861119083 -7.509636954597 
  0.87327577   1.50607963 103.00000000  6699.995706468821 6704.745601216427 -4.749894747606 
  0.96446195   1.47319932 106.20318913  6702.014799505472 6707.219678572289 -5.204879066817 
  0.96446195   1.93655078 122.72030498  6710.468184068799 6718.038586475543 -7.570402406744 
  1.07892895   1.50363849 108.38221932  6711.085844770074 6713.946868990502 -2.861024220428 
  0.96824513   2.07685545  92.99747792  6725.195653825998 6718.097043181810 7.098610644189 
  0.95302121   1.92333813 123.85943116  6726.272603228688 6726.041898246614 0.230704982075 
  1.13656446   1.54710417 105.04967222  6727.918028697371 6721.538726627297 6.379302070074 
  0.97870996   1.71393930 137.61898864  6732.023758783937 6718.288320860464 13.735437923472 
  0.92975443   2.01587825 110.41552911  6732.376141667366 6726.652438975659 5.723702691707 
  0.84896832   1.63986810  85.09082953  6734.132174879313 6740.207629567340 -6.075454688027 
  1.00463711   1.48186702 118.91703113  6739.675464451313 6736.826593249517 2.848871201796 
  1.18044344   1.73757970  90.00907506  6741.615268111229 6738.971027655467 2.644240455762 
  1.01707740   1.67753407  73.78467816  6741.665318325162 6744.501171899099 -2.835853573937 
  0.91124580   2.03098685 103.00000000  6762.148425951600 6754.546571699522 7.601854252078 
  1.07665846   1.69696192 131.93428716  6763.399587109685 6761.800450741951 1.599136367734 
  1.19183063   1.74331664 106.84732962  6769.428726062179 6769.121382829405 0.307343232774 
  1.19578899   1.68153495 108.21093779  6770.116762474179 6774.506691683976 -4.389929209797 
  1.19514679   1.74881132 103.00000000  6773.265084072948 6774.120767350711 -0.855683277763 
  0.82312657   1.68888476 116.50853334  6773.835683777928 6773.357763609436 0.477920168492 
  1.18190166   1.64076197  95.39861665  6775.513889372349 6769.706570409268 5.807318963080 
  0.96446195   1.96713668 119.74374894  6776.176359340549 6789.552002670503 -13.375643329954 
  1.14131039   1.89256755 103.00000000  6782.227914556861 6790.528993926088 -8.301079369227 
  0.91526968   1.47771299 115.25651188  6787.691459268332 6787.499084479108 0.192374789223 
  0.96446195   1.70995618  71.68534881  6793.344198957086 6793.423299844257 -0.079100887171 
  1.15372936   1.57802003  98.10337263  6796.162813350558 6792.242030918028 3.920782432530 
  1.02052929   1.69790609 136.67272934  6799.985477775335 6801.789638267762 -1.804160492426 
  0.96446195   1.47613065 103.00000000  6802.832115083933 6795.529079559880 7.303035524053 
  1.20100503   1.68888476 103.00000000  6804.767866134644 6805.739050498899 -0.971184364255 
  1.17924049   1.73136151 113.52205041  6813.798727780581 6810.613126125770 3.185601654811 
  0.87171306   1.95828970 106.02021697  6813.912295863032 6813.113730060726 0.798565802306 
  0.96446195   1.70052399 138.48637014  6816.118498966098 6803.573921179284 12.544577786814 
  1.05401819   1.73268243 133.12035373  6818.013227581978 6814.862397770910 3.150829811068 
  0.96446195   1.97237450 119.25969046  6819.966172546148 6815.555330408048 4.410842138101 
  0.94755125   2.02134677  77.49435714  6824.828113093972 6815.891656392761 8.936456701212 
  0.96446195   1.47287751 105.06286827  6826.690090149641 6826.010761456087 0.679328693554 
  0.98600623   1.73256490  70.76947939  6830.128720775247 6829.833209307269 0.295511467977 
  1.17961577   1.77662227 109.39177354  6833.478208601475 6833.225831010360 0.252377591115 
  1.00684180   1.75607801  70.40590269  6836.634731009603 6832.595548518181 4.039182491421 
  0.83008278   1.81859889 108.41657244  6837.635806292295 6837.568541215825 0.067265076471 
  0.97063427   1.94714333 122.18764717  6843.486270442605 6840.731812441548 2.754458001057 
  1.09002047   1.68888476 130.91368382  6844.062026366591 6841.594021467095 2.468004899497 
  0.99094119   1.83426412  69.23326295  6847.209060370922 6842.286196220485 4.922864150437 
  1.20043165   1.71640027  98.76020154  6849.142428666353 6845.669492423130 3.472936243224 
  1.19734243   1.72327780  96.05129828  6856.915869414806 6854.336170235794 2.579699179012 
  0.96446195   1.82457319  69.17641056  6868.319233328104 6867.465031577868 0.854201750236 
  0.95890651   1.66117621  73.93796850  6870.214236810803 6870.310407456976 -0.096170646173 
  0.97136033   1.80041527  69.26308553  6871.199543774128 6873.086236913391 -1.886693139263 
  1.01752708   1.63192606 137.74795970  6872.537549972534 6877.725791527186 -5.188241554652 
  1.13185607   1.68888476  81.29015801  6873.921758249402 6875.706722105091 -1.784963855689 
  0.84066267   1.70290075  83.48523256  6875.590113848448 6878.619412667048 -3.029298818600 
  0.90095136   1.48049310 108.64537793  6876.035576343536 6881.530238216433 -5.494661872896 
  1.10674786   1.95444840 103.00000000  6893.832218959928 6890.658001099053 3.174217860875 
  1.20313948   1.69452971 103.00000000  6898.198420986533 6894.484834910129 3.713586076404 
  1.20241703   1.68888476 104.97663275  6900.142702803016 6903.804291120962 -3.661588317947 
  1.01537036   1.74020458  70.86797930  6900.721368253231 6901.903067668981 -1.181699415750 
  0.96446195   1.68888476  72.36180905  6902.299328252673 6901.004504703119 1.294823549554 
  1.10158033   1.68888476  77.84529523  6902.580635398626 6904.394568882355 -1.813933483729 
  1.06993066   1.66341927  76.71737770  6903.619978100061 6907.522271659473 -3.902293559411 
  0.96446195   1.56786999 137.58819901  6911.388210907578 6915.672594521771 -4.284383614193 
  0.98301806   1.68005800 139.06782784  6912.590234398842 6916.356085512673 -3.765851113831 
  1.18342310   1.60492802 104.07175135  6919.950626879930 6916.934619258767 3.016007621163 
  1.10903518   1.68888476  78.50616090  6922.385616406798 6926.287897239334 -3.902280832535 
  1.11429671   1.94468005 103.00000000  6924.221164077520 6929.712186558421 -5.491022480901 
  1.19317272   1.68888476  93.84564619  6930.532580122352 6922.895796212587 7.636783909765 
  0.90094246   1.68888476  74.85675828  6937.017968595028 6933.023480985928 3.994487609100 
  0.96446195   1.68888476 139.19597990  6941.079923927784 6930.524575028655 10.555348899129 
  0.99805713   1.68888476 138.45121477  6942.904655948281 6940.605800041195 2.298855907086 
  0.93697579   1.75450392  70.61143767  6944.616961419582 6942.399839958242 2.217121461341 
  0.81212687   1.72333609 103.00000000  6951.226065084338 6952.675530489390 -1.449465405052 
  1.20445158   1.68888476 102.75297270  6954.674439743161 6955.455548785866 -0.781109042705 
  1.14790573   1.70361187 122.70218250  6959.800171330571 6958.779489851467 1.020681479104 
  1.19890790   1.64587300 103.00000000  6963.754788920283 6962.537760323289 1.217028596994 
  1.01756930   1.75932600  70.28530300  6970.362499549985 6969.044726294773 1.317773255212 
  1.05213757   1.68888476 135.14712109  6972.410487189889 6977.210084428812 -4.799597238923 
  0.96446195   1.57193490 138.06073185  6974.265089079738 6977.101646309526 -2.836557229788 
  1.18986719   1.64312349  96.34990343  6977.421327486634 6972.836742911940 4.584584574694 
  0.82731462   1.71960515 118.53278467  6977.467643976212 6980.263603287340 -2.795959311128 
  0.96969205   1.57793758  80.32992127  6983.136994749308 6983.135911808135 0.001082941173 
  0.96446195   1.74270044  70.17478257  6984.951854184270 6988.880512857148 -3.928658672879 
  1.19329623   1.66119947  95.40813537  6986.205754131079 6987.858202904531 -1.652448773452 
  0.96876605   1.47525795 120.46430846  6988.270983710885 6993.209489606305 -4.938505895420 
  1.03438997   1.49445834  98.55718803  6990.501326277852 6998.924386812022 -8.423060534170 
  1.19356212   1.77806571 103.00000000  6994.440292343497 7001.562855900185 -7.122563556688 
  1.12815018   1.69168014 126.41562240  7004.204215586185 7001.397273339275 2.806942246911 
  1.13933314   1.69153660 124.66782327  7005.241045907140 7003.711033129521 1.530012777619 
  0.98606814   1.47481901 103.00000000  7007.952124238014 7008.457815592025 -0.505691354011 
  0.96446195   2.07286432 103.00000000  7011.429433345795 7014.506609256503 -3.077175910708 
  0.86417569   1.68888476  78.78089704  7017.374417021871 7017.475569577708 -0.101152555837 
  1.12913319   1.54810595  97.82045302  7025.313075810671 7023.840897268916 1.472178541755 
  0.94799494   2.06670183  83.01939613  7033.523214936256 7027.996929554591 5.526285381666 
  1.00025679   1.54451838 134.85033995  7034.139284372330 7033.133445303408 1.005839068922 
  0.97065214   1.68888476 139.47027281  7043.144992575049 7038.010745890999 5.134246684051 
  1.01796809   1.51299602  91.46638657  7046.227282747626 7043.589227024005 2.638055723622 
  0.97456886   1.58676886  79.24809038  7046.629678189754 7051.499559134730 -4.869880944975 
  0.84659253   1.60060556  88.15086806  7050.037845030427 7058.017773959607 -7.979928929180 
  1.04798835   2.04598625  97.83943385  7053.843590840697 7063.934050693493 -10.090459852796 
  1.20355814   1.68888476 107.46920015  7063.803975954652 7064.701173034516 -0.897197079864 
  0.86872037   1.50070579 105.20046684  7069.614265382290 7062.970991573458 6.643273808832 
  1.08357988   2.00322890  99.41289558  7071.621397435665 7077.264950910922 -5.643553475257 
  0.84136178   1.68888476  83.14187533  7072.764209643006 7074.649446879635 -1.885237236628 
  0.90705855   1.61025804 137.96198012  7076.359679222107 7061.917772655723 14.441906566384 
  1.07450681   1.64603507  77.75181200  7076.591562286019 7075.859870156499 0.731692129521 
  0.84199212   1.68888476  82.96088741  7085.157407328486 7081.724101380836 3.433305947650 
  0.94566425   1.65551765 140.11816585  7086.809278219938 7076.337793074975 10.471485144963 
  1.09675203   1.65834615 131.32013897  7088.358668252826 7090.761004619285 -2.402336366459 
  0.92802993   1.61812207 139.50917520  7090.001823917031 7081.467336408572 8.534487508459 
  1.16062320   1.68888476 121.27069458  7090.040331721306 7092.874003315671 -2.833671594365 
  0.80966531   1.67305368 103.00000000  7092.236455455422 7090.651424624953 1.585030830470 
  1.00482707   2.01404339 114.06021643  7093.780292466283 7085.371930528833 8.408361937450 
  1.08545506   1.99284293 103.00000000  7096.575347363949 7097.475193055443 -0.899845691494 
  1.09875109   1.70426744  76.33936405  7097.034900799394 7096.299145382334 0.735755417059 
  1.17741403   1.62732222  93.39376255  7098.174919679761 7089.850146973855 8.324772705906 
  0.80964821   1.68633376 105.07118868  7106.359980031848 7100.680719596330 5.679260435518 
  1.14417349   1.65285819  84.37273188  7108.128871768713 7099.982406257342 8.146465511371 
  1.18410704   1.68888476  89.61765004  7109.347748816013 7109.356556659873 -0.008807843859 
  0.88142927   1.98495039 107.28929246  7110.186638668180 7117.609380815768 -7.422742147588 
  1.16580691   1.56974835 109.56321341  7117.482810944319 7116.979382888747 0.503428055572 
  1.00243155   1.68888476  72.06204804  7123.947209998965 7119.328203386228 4.619006612737 
  0.96959117   1.68888476  71.86117621  7125.618103370070 7124.738155515675 0.879947854395 
  0.94601570   1.99077691  73.26576456  7134.067823007703 7137.847633225493 -3.779810217790 
  1.20854271   1.68888476 103.00000000  7135.931950688362 7136.597505782946 -0.665555094583 
  1.20254884   1.68799604  95.99271329  7137.469591379166 7132.718182135976 4.751409243189 
  0.81809815   1.69363093 115.46568554  7138.560556471348 7138.151981861321 0.408574610027 
  1.19443721   1.76127599 107.93222336  7139.984274148941 7142.718036373293 -2.733762224352 
  0.96446195   1.66900781  72.88098631  7140.550955355167 7140.132489115362 0.418466239806 
  0.98200380   1.53388755 134.84359096  7144.971391499043 7142.543805845461 2.427585653581 
  0.96446195   1.79339116  68.77387499  7147.415014743805 7147.358611263627 0.056403480178 
  0.96446195   1.59920174 139.89437202  7148.367150142789 7150.520844533358 -2.153694390569 
  0.80904523   1.68888476 103.00000000  7150.953883841634 7149.356412098142 1.597471743492 
  1.05583113   1.68888476 135.40226341  7152.090861871839 7156.654538220353 -4.563676348514 
  0.96446195   2.09039881  87.50061005  7156.938354790211 7152.539828991269 4.398525798942 
  0.98446094   1.62041962  76.04437009  7159.302567198873 7156.387954470972 2.914612727901 
  1.05172868   1.65922769 136.17950280  7162.686277911067 7163.348570104912 -0.662292193845 
  1.04082364   1.71869421  71.86643635  7168.478831470013 7159.530693596741 8.948137873272 
  0.96446195   1.68888476 139.89949749  7168.966065943241 7162.729527332101 6.236538611141 
  1.20469328   1.65254848 101.77145580  7169.625965863466 7170.450011827528 -0.824045964062 
  0.83090144   1.74954318  84.84190404  7171.129550680518 7172.093186470889 -0.963635790371 
  0.95501915   1.72259061  70.57155002  7173.768475711346 7169.719209086828 4.049266624518 
  0.85853236   1.95137558 103.00000000  7173.998424604535 7175.131201448896 -1.132776844361 
  0.87347024   1.99136611 101.47486691  7180.310706287622 7184.797725816405 -4.487019528782 
  1.15521930   1.68888476 122.73178436  7181.556126847863 7182.375486625934 -0.819359778071 
  0.95407837   2.07817327 103.00000000  7183.966324433684 7191.790712854219 -7.824388420535 
  0.99727216   1.49377276  94.83527282  7186.610794544220 7187.398486747567 -0.787692203347 
  0.89377249   1.58441369  82.29438661  7189.596909329295 7187.641781264580 1.955128064715 
  0.96446195   1.61813367  76.16556308  7191.084304034710 7187.829494836253 3.254809198457 
  0.93621422   1.55107734 136.91581025  7193.512666165829 7195.943019965278 -2.430353799449 
  1.20358088   1.64316334 103.00000000  7200.648320987821 7196.191132645112 4.457188342709 
  0.96446195   2.09003578  86.45035895  7202.232028201222 7193.333257838327 8.898770362895 
  0.98656616   1.68888476 139.63161558  7203.172164022923 7199.669670496382 3.502493526540 
  1.20560701   1.65119220 103.00000000  7204.231205001473 7202.897897418464 1.333307583010 
  0.86814764   1.74094009  76.07805317  7210.813001900911 7209.647015732471 1.165986168440 
  1.18059827   1.68888476 117.41735950  7211.482910275459 7207.781813715714 3.701096559746 
  0.95955816   2.07221474 105.28346741  7213.135129645467 7207.838751065915 5.296378579552 
  0.95247282   2.09109028  88.01636030  7213.238483846188 7211.220108183478 2.018375662709 
  0.93787172   1.89713862 127.56592198  7221.594523951411 7213.499573246705 8.094950704706 
  0.96527864   1.58896469 139.71930904  7222.865345880389 7215.579323088221 7.286022792168 
  1.15346609   1.71759946 122.40473370  7224.157721057534 7217.069317637735 7.088403419799 
  1.18285217   1.71743145 116.02645462  7225.531611785293 7221.698899662658 3.832712122635 
  0.88839426   1.48792252 103.00000000  7226.114705249667 7224.312287930225 1.802417319443 
  0.99750975   1.76822419  69.05625960  7227.737907066941 7236.400107173094 -8.662200106152 
  0.90425166   1.48272890 101.68832323  7236.717702224851 7240.006271405082 -3.288569180231 
  1.14472410   1.90791563 103.00000000  7238.492595508695 7248.743817333992 -10.251221825298 
  0.96446195   1.68888476  71.65829146  7244.180565565825 7245.662840973565 -1.482275407740 
  1.02390183   1.47378903 107.94173595  7245.188781753182 7249.064532086883 -3.875750333700 
  1.00772299   1.51979872  88.81008011  7246.576382592320 7252.905334088366 -6.328951496045 
  0.82424072   1.83341889 103.00000000  7255.240936994553 7259.379977876911 -4.139040882358 
  1.20491235   1.75987316 100.99773238  7261.959524512291 7259.420091221084 2.539433291207 
  0.94639588   1.51265559  89.54664200  7262.260905146599 7258.350095558812 3.910809587787 
  0.94588371   2.07854971 103.00000000  7267.486694872379 7271.759509803484 -4.272814931104 
  1.19900271   1.62939170 108.71419262  7273.326003283262 7270.899930487932 2.426072795331 
  1.06923876   1.68725288  74.42540102  7278.081240251660 7275.690292131248 2.390948120413 
  0.91527669   2.05700789 103.00000000  7281.755002230406 7293.273317512085 -11.518315281679 
  1.16552569   1.69334279  84.56463045  7286.439173951745 7289.844798884516 -3.405624932770 
  1.14098859   1.68250239  81.34075967  7288.270041868091 7293.049912508752 -4.779870640661 
  0.96446195   1.46984925 103.00000000  7295.537030458450 7291.461612824341 4.075417634110 
  1.17662035   1.62402748  92.33993778  7299.567321836948 7295.206284389797 4.361037447151 
  0.91048777   1.53744148  86.69942275  7301.317249521613 7310.135616443904 -8.818366922291 
  1.02082759   1.67823010 138.67737532  7313.092908412218 7317.361787955041 -4.268879542823 
  1.19175136   1.81225504 100.67322145  7316.907316014171 7312.700913527287 4.206402486883 
  1.19394921   1.74901752 111.21839742  7317.498887568712 7316.924914315561 0.573973253151 
  1.12099635   1.95060836 103.19679584  7319.878902360797 7319.827221585278 0.051680775519 
  0.96446195   2.08542714 103.00000000  7322.416776955128 7321.361912024877 1.054864930251 
  0.96446195   1.98469786 120.28203894  7326.912947550416 7322.516976517399 4.395971033017 
  0.96446195   1.60156840  77.29581527  7327.717851907015 7317.608133630935 10.109718276080 
  0.88752179   2.02012050 103.00000000  7332.569217726588 7329.503137012392 3.066080714197 
  0.81910943   1.62533186 117.33817041  7333.630647167563 7329.495254111943 4.135393055621 
  1.14379258   1.55767067  96.80340410  7335.518393874168 7326.493164268590 9.025229605579 
  1.20554706   1.68888476  95.08721689  7336.554681584239 7338.165824049559 -1.611142465320 
  0.96446195   1.47931079 124.75004602  7339.793139323592 7348.836095369664 -9.042956046072 
  1.20264728   1.62789452 105.89139137  7347.362775072455 7351.260032755766 -3.897257683310 
  0.96446195   2.07070578 107.32090292  7360.763068512082 7358.127588112652 2.635480399430 
  0.82017319   1.75705783  89.10758203  7364.996343478560 7359.073199392579 5.923144085981 
  0.90833747   1.70392837  72.76805069  7365.440365806222 7365.264763167094 0.175602639128 
  0.97108585   2.10150330  97.01456021  7369.368606016040 7375.277820810939 -5.909214794900 
  0.94579852   2.08262760 103.00000000  7375.069710910320 7372.561169547838 2.508541362482 
  0.96446195   1.67121298  72.30697843  7376.135121211410 7366.721458727757 9.413662483653 
  1.18599234   1.68888476  88.56169923  7377.656494289637 7370.029164627665 7.627329661972 
  1.18978957   1.70519179 115.59062237  7381.894126117229 7374.699876574068 7.194249543161 
  1.20728070   1.75493250 103.69192102  7381.936834722757 7379.908447909358 2.028386813399 
  0.80923153   1.65498640 109.60020931  7382.273397460580 7379.300345752222 2.973051708358 
  1.09048478   1.68888476  75.55240003  7382.648268327117 7384.545471664669 -1.897203337552 
  1.12070132   1.72336912  76.93008935  7382.874792695045 7385.752241198944 -2.877448503898 
  0.80952860   1.68888476  96.74735544  7383.412828475237 7383.365387402410 0.047441072827 
  0.92708169   2.07202748 103.00000000  7389.022008016706 7394.316239083259 -5.294231066554 
  1.21267571   1.66796604 103.00000000  7396.609060510993 7390.426205518085 6.182854992908 
  1.02526514   1.65713106 138.91529349  7397.860830649734 7399.569080267844 -1.708249618110 
  1.17498739   1.68888476 119.80111627  7399.626031279564 7396.840494415860 2.785536863704 
  0.82663183   1.85360687 102.18414661  7400.620300456882 7399.612719000193 1.007581456688 
  1.08037716   1.68888476  74.76205314  7401.718467131257 7401.934417463281 -0.215950332024 
  0.96446195   1.68888476 140.60301508  7403.126428470016 7396.972284952004 6.154143518012 
  1.16215569   1.88220093 103.00000000  7403.456924527884 7406.928090835856 -3.471166307972 
  0.84572907   1.62116724  85.26661747  7408.407168179750 7403.202861770087 5.204306409663 
  0.90550101   1.61183674  78.31649042  7413.028634816408 7406.459958319158 6.568676497251 
  0.97462432   1.78046716  68.30328919  7420.308205366135 7416.706930856703 3.601274509431 
  0.90405569   2.04896421 103.00000000  7428.638862565160 7423.557629835660 5.081232729500 
  1.19998437   1.78683856 103.86080615  7431.116990819573 7425.425539252825 5.691451566749 
  0.99078225   1.96595655 122.46008140  7439.341249808669 7426.871676431654 12.469573377015 
  0.96446195   1.94357385 125.02157590  7439.464891329408 7435.505876754001 3.959014575406 
  1.19934000   1.71603449  90.92878825  7442.284100294113 7437.635037598680 4.649062695433 
  0.80749115   1.68888476 107.63857359  7446.507292658091 7449.470939897218 -2.963647239128 
  0.95339800   2.08886206  83.16092894  7449.867112338543 7443.208459650022 6.658652688521 
  0.81065883   1.67570574  95.41711152  7450.045048460364 7451.091694157498 -1.046645697133 
  1.20252222   1.78292282 103.18750032  7456.013135284185 7456.889490847574 -0.876355563389 
  0.96446195   1.61914578  75.54423324  7460.106477707624 7453.618968319213 6.487509388411 
  1.16821239   1.68888476  84.51210608  7462.348294124007 7459.611313487700 2.736980636307 
  0.96446195   1.92307453 127.02887580  7468.240390554070 7473.040514462439 -4.800123908369 
  1.01105549   1.74428828  69.38523985  7469.459149807692 7466.789392751425 2.669757056266 
  1.21608040   1.68888476 103.00000000  7478.142538636923 7469.826535624624 8.316003012299 
  1.13190548   1.94037593 103.00000000  7480.411156684160 7475.600318905918 4.810837778242 
  1.12884251   1.70888612 127.72611275  7481.813469201326 7477.438965926531 4.374503274796 
  0.83637350   1.89492156 103.00000000  7483.022246256471 7478.645173805436 4.377072451035 
  1.17030020   1.71609560 120.46677584  7483.687124788761 7483.868457498352 -0.181332709591 
  1.09267797   1.68888476 132.81949476  7489.289208605886 7487.910704608197 1.378503997688 
  1.11325493   1.68888476 130.35272251  7489.322437927127 7487.249591567240 2.072846359887 
  0.96446195   1.50669661  89.86901997  7489.590163335204 7489.636211907684 -0.046048572480 
  1.00715154   1.68888476  71.36310613  7492.301941439509 7494.035902610816 -1.733961171307 
  0.96446195   1.81031798  67.77054772  7508.150732129812 7502.951878364939 5.198853764873 
  1.01991737   1.74281773 137.30389122  7508.694337710738 7507.705137433872 0.989200276867 
  1.07280415   1.68888476 134.98661102  7515.069515272975 7516.180356664753 -1.110841391778 
  0.99016657   1.71138792 139.80046192  7516.772744148970 7509.401450621340 7.371293527630 
  0.81282123   1.70448290  92.41185812  7516.881392255425 7508.034094228529 8.847298026896 
  1.18277683   1.82412614 107.57774401  7517.873803913593 7517.263619373570 0.610184540024 
  1.18276080   1.68888476 118.70294410  7519.520994633436 7521.386451503626 -1.865456870190 
  0.96446195   1.52426393 135.39196279  7522.748901665211 7523.156405388189 -0.407503722979 
  0.96446195   1.49226043  93.19195841  7524.819996416569 7533.007731657782 -8.187735241213 
  1.06456286   1.69189689 135.78012746  7542.572187483311 7541.917610037907 0.654577445403 
  1.21764227   1.68464960 103.00000000  7546.110833466053 7546.592804572436 -0.481971106383 
  0.80840734   1.72492663  96.70684541  7557.363547489047 7556.021895450431 1.341652038616 
  1.20949321   1.69047926  94.50816599  7560.904685169458 7559.074657014075 1.830028155383 
  0.85725376   1.96288954 103.35715876  7575.784791037440 7569.151157273510 6.633633763930 
  1.21623438   1.68240570 106.54687316  7575.809478402138 7577.887942590280 -2.078464188142 
  1.21675198   1.66688342 103.00000000  7576.806975901127 7577.067389549318 -0.260413648191 
  1.20909114   1.68888476 110.97941963  7582.956574007869 7582.746161391256 0.210412616613 
  0.96446195   1.67073913 141.54818170  7585.051022514701 7582.290928510055 2.760094004646 
  0.80654463   1.68888476  98.45750980  7585.849283561110 7585.768105538088 0.081178023022 
  0.82868823   1.62560039  88.95748754  7589.077440112829 7591.107450763498 -2.030010650668 
  1.14506044   1.91511065 105.44483679  7599.731612056494 7601.336855544680 -1.605243488187 
  0.96446195   1.68888476  70.95477387  7602.216362774372 7599.834296867507 2.382065906865 
  0.96446195   1.66212846 141.74112255  7607.257486984134 7602.620320467773 4.637166516361 
  1.01480848   1.68888476 139.70066466  7609.639758050442 7615.788515080694 -6.148757030252 
  1.19192370   1.69731564  88.24460192  7611.866991668940 7613.047355696518 -1.180364027578 
  1.03947351   1.47866585 103.00000000  7612.347249045968 7617.164766015445 -4.817516969477 
  0.80738407   1.68811028  96.88285127  7613.216417387128 7613.669747218641 -0.453329831513 
  1.17617841   1.56884568 103.00000000  7616.146763280034 7619.162466833759 -3.015703553725 
  0.96446195   1.54881686 138.48408104  7616.838610142469 7619.064448813603 -2.225838671134 
  0.96446195   2.09798995 103.00000000  7624.465926244855 7626.438489540794 -1.972563295939 
  0.82019893   1.68888476 119.79972164  7629.998600274324 7617.887392202173 12.111208072151 
  1.12574705   1.95719618 103.00000000  7633.953610897064 7631.831987214959 2.121623682106 
  0.97639674   2.05842020 111.86493650  7637.723146840930 7622.440720495742 15.282426345188 
  1.21921077   1.67810273 103.00000000  7638.041215941310 7634.645399858285 3.395816083025 
  1.00599790   2.08943051 103.00000000  7639.783780381083 7639.124011977499 0.659768403584 
  0.96446195   1.68888476 141.30653266  7644.806231871247 7633.136749823201 11.669482048046 
  1.03266585   1.47623876 103.00000000  7644.867087468505 7645.004372555740 -0.137285087235 
  0.85209995   1.73379500  77.78014544  7645.018974736333 7652.366986070664 -7.348011334331 
  0.95952855   1.46842117 101.29372256  7645.119042828679 7651.722402569249 -6.603359740569 
  0.90457625   1.68888476  73.06789142  7652.005679294467 7653.178721764515 -1.173042470048 
  0.91569603   1.55226827  83.36628847  7652.580545008183 7653.415698834408 -0.835153826225 
  1.19119411   1.83069224 103.00000000  7662.864359185100 7662.313975327563 0.550383857537 
  1.13298904   1.68888476  78.76485596  7666.824453234673 7673.559851547498 -6.735398312825 
  0.80778455   1.62978352 101.71408676  7667.348525300622 7669.944052977246 -2.595527676624 
  1.01960360   1.53907518  84.77713334  7668.922430843115 7668.383947628102 0.538483215013 
  1.16050217   1.68888476  82.36782134  7674.845300331712 7679.635904564891 -4.790604233179 
  0.86903730   1.61939737  80.63597718  7683.055704012513 7689.354351986548 -6.298647974035 
  0.97929929   2.10052189 103.00000000  7685.190952658653 7694.361401336005 -9.170448677351 
  0.97896259   1.54456547 138.05626569  7691.269536778331 7691.648177320975 -0.378640542644 
  0.85227145   1.52505224  97.21087574  7701.361314937472 7697.224563493659 4.136751443813 
  1.21735740   1.69306973 107.95998103  7705.241716817021 7705.684609186569 -0.442892369548 
  1.08467740   1.68888476 134.40876646  7706.815332680941 7708.633182106420 -1.817849425480 
  0.96446195   1.87099651  67.14424388  7709.643756642938 7713.210388813540 -3.566632170602 
  1.01690568   1.47937258  98.82366783  7714.357012838125 7715.945234589878 -1.588221751753 
  1.12539359   1.70582749  77.03230917  7719.159309610724 7717.699287257816 1.460022352909 
  0.96446195   2.11022163  85.06601947  7729.803729310632 7716.587808676554 13.215920634078 
  1.20727928   1.68888476 113.04560374  7730.950585603714 7728.738802290878 2.211783312836 
  1.03849804   1.67674511 138.80002709  7734.670855492353 7735.287753897695 -0.616898405341 
  0.96446195   1.96275016 124.44540509  7737.641780003905 7743.338671966925 -5.696891963020 
  0.94760990   1.81723487  67.52050780  7739.345614120364 7734.595845237313 4.749768883051 
  1.05274076   1.66128192 137.89925173  7742.056331738830 7743.460984377618 -1.404652638788 
  0.89203417   2.04443712 103.00000000  7742.683089882135 7750.440610610226 -7.757520728091 
  0.96446195   1.45793680 109.83791772  7748.923175826669 7740.548703479053 8.374472347616 
  0.96446195   1.57348067  79.18256104  7750.538201153278 7743.209598525889 7.328602627389 
  1.21013976   1.62226222 104.03173414  7752.765146791935 7756.419680511427 -3.654533719492 
  0.80543774   1.68888476  97.86205032  7754.456538185477 7754.997035612907 -0.540497427430 
  0.98752767   1.47353317 124.07254754  7757.682921051979 7756.818360043904 0.864561008075 
  0.88672000   2.03611008 103.00000000  7762.205569669604 7766.225927085029 -4.020357415425 
  0.96446195   1.69033885  70.56884516  7762.942375108600 7762.800317318936 0.142057789663 
  1.22284478   1.70066965 103.00000000  7764.153115317225 7767.540779817016 -3.387664499791 
  0.81648097   1.67308100  89.85217629  7767.946194171906 7763.650389425838 4.295804746068 
  1.19471953   1.68888476 117.19126835  7773.360424414277 7772.865973994923 0.494450419355 
  1.17003312   1.55727363 103.00000000  7775.718317434192 7772.273873914254 3.444443519938 
  1.06171537   1.65116725 137.26629573  7776.232362911105 7777.179194797895 -0.946831886790 
  1.07833096   2.03010774 103.00000000  7776.845707073808 7777.841074436274 -0.995367362466 
  1.22036426   1.68888476 106.94861218  7778.867603793740 7776.873272304925 1.994331488815 
  0.96446195   2.10427136 103.00000000  7780.648968979716 7778.203866115485 2.445102864232 
  1.21755861   1.68888476 108.93698567  7782.741259485483 7779.302127417526 3.439132067957 
  1.09834612   1.65595063 133.50321709  7788.349239408970 7781.938446848802 6.410792560168 
  1.20542529   1.62782871 111.84772290  7788.482313171029 7790.360045069907 -1.877731898878 
  0.85576882   1.49814751 112.16624032  7790.001528054476 7789.610540627688 0.390987426787 
  1.14435065   1.70018989  79.18991635  7796.369236975908 7801.154831619755 -4.785594643847 
  0.83302600   1.90365979  99.03026098  7797.897393181920 7799.388565213260 -1.491172031340 
  1.22361809   1.68888476 103.00000000  7798.212115809321 7805.152172193229 -6.940056383907 
  1.01162960   1.57446997  79.49036857  7805.093388900161 7803.429057819340 1.664331080821 
  1.10993420   1.66512069 132.20003829  7806.055847629905 7814.209009248258 -8.153161618353 
  1.16604673   1.89424411 103.00000000  7815.330336913466 7813.440210912228 1.890126001238 
  0.96446195   1.46356784 103.00000000  7820.289370790124 7811.290956535549 8.998414254575 
  0.96446195   1.86090299  66.84076742  7824.903874233365 7818.197221422485 6.706652810880 
  0.85020318   1.93656717 107.88362334  7832.154529809952 7826.555620595920 5.598909214032 
  1.20510428   1.69450102 114.50320383  7836.324898958206 7835.291904766399 1.032994191807 
  1.19327599   1.68888476  87.70666066  7837.255279079080 7837.672436019875 -0.417156940795 
  1.01678070   1.69865375  70.38970396  7841.096949115396 7845.344914093413 -4.247964978017 
  0.93293781   1.62432382 142.18805067  7844.308184981346 7848.487595550408 -4.179410569061 
  0.91819825   1.51818924  88.00846498  7855.014988332987 7852.717738246370 2.297250086617 
  1.20672951   1.68888476 114.24704796  7858.367658793926 7856.761015054281 1.606643739645 
  1.20524222   1.68888476 114.79060712  7862.221629932523 7865.670949718291 -3.449319785768 
  1.21198571   1.62042040 104.05417366  7863.789272621274 7867.458406755314 -3.669134134040 
  1.22042088   1.65013977 103.00000000  7865.544981345534 7867.373370713259 -1.828389367724 
  0.96446195   1.57091191  79.20196692  7867.515666589141 7867.861908926558 -0.346242337418 
  1.20866526   1.71527987  90.74308488  7871.688527867198 7871.375814080217 0.312713786981 
  0.96446195   1.68888476 142.01005025  7872.959812611341 7871.102700124144 1.857112487198 
  0.96839349   1.46526967 122.01264541  7873.066867128015 7883.378133972111 -10.311266844096 
  1.05691082   1.48104087 103.00000000  7883.014639958739 7887.795479176387 -4.780839217648 
  1.21390509   1.67825535 111.98700363  7887.814458847046 7891.945093940554 -4.130635093508 
  1.12579858   1.68888476 130.17016458  7892.184145420790 7898.114027075054 -5.929881654264 
  1.19656585   1.68888476 117.45753528  7899.202932059765 7896.261990175942 2.940941883823 
  0.96446195   1.93494422 127.61888414  7900.534144043922 7902.622746928992 -2.088602885070 
  1.05578365   1.47685906 105.89981529  7904.065541744232 7902.125781026905 1.939760717327 
  0.96446195   1.71215237  69.35719183  7910.234152972698 7902.428695381861 7.805457590837 
  0.98440035   1.72040012  68.93763319  7910.949154317379 7911.253342745116 -0.304188427737 
  0.80272138   1.70355790 103.00000000  7912.386784642935 7912.464544374679 -0.077759731744 
  0.81986594   1.80278478 111.91384454  7912.828921824694 7920.326927423365 -7.498005598672 
  0.86002811   1.68888476  77.19145842  7913.060966908932 7918.548014941180 -5.487048032248 
  0.84799635   1.68319866  79.49526248  7918.369217500091 7919.081293197170 -0.712075697080 
  0.96446195   1.66710503 142.61174491  7919.715964287519 7919.229702120506 0.486262167014 
  1.22624283   1.68888476 102.76532117  7921.348855331540 7921.233858087184 0.114997244356 
  0.82783487   1.69117426  84.07806980  7923.826014056802 7921.689403850021 2.136610206780 
  0.80694414   1.70732655 111.50524605  7924.570375919342 7927.073177895008 -2.502801975666 
  1.07503483   2.04029921 103.00000000  7926.633355915546 7927.457347665417 -0.823991749870 
  0.96446195   2.11055276 103.00000000  7938.402899712324 7929.399955628388 9.002944083936 
  1.01655854   1.46837618 103.00000000  7941.389690861106 7941.427867476094 -0.038176614988 
  1.20421541   1.66538317  91.22969662  7955.879669964314 7955.088898439619 0.790771524695 
  0.96446195   1.68888476  70.25125628  7963.884064480662 7963.649775229100 0.234289251563 
  1.22501083   1.68888476 106.70943180  7970.928593263030 7971.403506752556 -0.474913489526 
  1.07641583   1.68888476 136.10069806  7977.843170046806 7978.967543575564 -1.124373528758 
  0.90336878   1.70459046  71.82543087  7978.575616076589 7977.716618179055 0.858997897533 
  0.91996157   1.62946908  74.96076321  7979.750738069415 7980.261066973421 -0.510328904006 
  1.18574546   1.72024775 119.57959702  7991.092405617237 7989.115565238234 1.976840379003 
  0.84595900   1.94857979 103.00000000  7994.601178392768 7991.139966914403 3.461211478365 
  1.13731638   1.52795576 100.21922116  7995.494815886021 7999.685197290440 -4.190381404419 
  1.19673052   1.68888476  87.62382530  7997.628150194883 8001.798933650392 -4.170783455508 
  0.96446195   1.53040089  84.20115751  8000.346657410264 8003.336147478632 -2.989490068368 
  1.17724232   1.87559927 104.78135470  8005.212663829327 8016.032192048437 -10.819528219110 
  1.05056717   1.69573160 138.35346625  8020.007785782218 8019.402534692599 0.605251089619 
  0.92916351   1.57236363  79.53255662  8020.450598865747 8011.106439900054 9.344158965693 
  0.80150754   1.68888476 103.00000000  8022.957469478250 8021.743555071685 1.213914406564 
  0.96446195   1.53907888 138.97079834  8032.469569280744 8034.970205875104 -2.500636594360 
  1.22856621   1.68888476 103.97135618  8037.793939501047 8037.875822928307 -0.081883427260 
  1.19530017   1.57933375 104.42457970  8048.730424731970 8055.251478397115 -6.521053665145 
  1.14294650   1.68495160 128.47006464  8066.245383411646 8072.734752132972 -6.489368721326 
  0.95636372   1.45614596 117.46248466  8075.456211045384 8076.863857822661 -1.407646777277 
  1.18691934   1.65825790 120.86037594  8075.470057010651 8082.033865487616 -6.563808476965 
  0.84343658   1.68888476  79.71015523  8084.814461469650 8090.921527151683 -6.107065682033 
  1.01407004   1.49610538  91.76459362  8084.969980016351 8085.508290734632 -0.538310718282 
  0.96446195   1.92387026 129.27339301  8090.258088335395 8098.740556954574 -8.482468619180 
  0.81261257   1.68888476  89.59251454  8096.130226626992 8090.555079996941 5.575146630052 
  1.22463627   1.68888476  96.14989531  8107.450211420655 8094.042791443495 13.407419977160 
  1.09982466   1.68888476  74.38332874  8108.433087915182 8109.208304313187 -0.775216398005 
  0.96446195   1.75825682  67.43785244  8113.128247186542 8110.976798864860 2.151448321682 
  0.96446195   1.68888476 142.71356784  8115.812122598290 8110.745355030431 5.066767567860 
  0.80487194   1.68888476  94.84817685  8122.713560044765 8113.070779307740 9.642780737026 
  1.18977631   1.84289182 107.36877954  8134.562024891376 8130.483628032416 4.078396858960 
  1.21956179   1.66143310 111.57814030  8137.311418741941 8135.057567373944 2.253851367997 
  0.95567149   1.68888476 142.76056082  8137.963683500886 8125.495520902321 12.468162598565 
  1.23115578   1.68888476 103.00000000  8138.779891759157 8142.312655536101 -3.532763776944 
  1.14619977   1.66054678  80.47790719  8141.564466461539 8142.584443154557 -1.019976693018 
  0.97758830   1.65784031 143.24281525  8142.571270406246 8151.366484846094 -8.795214439848 
  1.00694132   1.56239511  80.01679054  8150.576868772507 8144.077424527512 6.499444244995 
  1.12082166   1.68888476 131.73004177  8161.157941877842 8159.230215610450 1.927726267392 
  1.10595161   2.00929630 103.00000000  8163.643611133099 8159.571587451880 4.072023681219 
  0.83099766   1.90404126 103.00000000  8169.490917146206 8158.397255417074 11.093661729132 
  0.96992462   1.97087514 125.49070465  8183.149318039417 8182.210965991476 0.938352047941 
  1.22972459   1.68888476 106.76582552  8184.315165609121 8184.620273990613 -0.305108381492 
  1.08728401   1.68966660  73.24653720  8189.615613251925 8184.272680671501 5.342932580424 
  1.16196380   1.68888476 125.89395847  8192.455251932144 8190.165006971770 2.290244960374 
  1.22493945   1.63810023 103.00000000  8193.742966637015 8199.997582111982 -6.254615474967 
  1.19496072   1.68888476  86.23874728  8197.301492303610 8199.981667332560 -2.680175028951 
  0.96446195   1.47289361  96.57249191  8197.871363222599 8207.086768872643 -9.215405650044 
  1.08156374   1.48951610 101.30934839  8200.907718926668 8214.375934094369 -13.468215167701 
  0.96446195   1.68888476 143.00000000  8220.717780396342 8208.764806139588 11.952974256754 
  0.80639133   1.72098910 112.63756916  8227.742156445980 8240.666205386931 -12.924048940951 
  0.97660438   1.56966830  78.55692560  8237.947108402848 8233.395523472311 4.551584930538 
  0.96446195   1.78156807  66.64786601  8240.283547237515 8233.825285672718 6.458261564798 
  0.99565985   1.75300671 140.11320217  8242.929975494742 8234.975330714058 7.954644780684 
  0.96446195   1.56541082  79.02591182  8252.908826857805 8248.737196770233 4.171630087572 
  0.84378347   1.95271732 103.00000000  8259.489555105567 8260.483065262344 -0.993510156777 
  0.97628290   1.57963670 142.45845689  8263.457614317536 8262.195068682842 1.262545634694 
  0.79975899   1.69021714 105.64599988  8267.067293286324 8274.445851660370 -7.378558374046 
  0.98189715   1.45903966 103.00000000  8272.054118484259 8277.396306078810 -5.342187594551 
  0.97036439   1.70836115  68.73389515  8281.125042125583 8279.707889959538 1.417152166045 
  0.83207798   1.64976778 128.49272169  8295.478510275483 8277.480658592960 17.997851682523 
  1.09759786   1.49116572 104.31223427  8306.611359879375 8309.538968618170 -2.927608738795 
  0.96446195   1.96335291 126.69158664  8314.241993784904 8316.564347367887 -2.322353582982 
  0.99214402   1.64995457 143.39594501  8315.679821237922 8320.831446495940 -5.151625258019 
  1.23246644   1.73416338 103.00000000  8316.906960546970 8317.845235832570 -0.938275285600 
  1.21118350   1.68888476  89.41401572  8320.105732843280 8314.325077828917 5.780655014363 
  0.99024267   1.84753219  65.59693126  8322.407540559769 8324.600191980482 -2.192651420713 
  0.82535615   1.59664069  90.40811496  8323.309800460935 8322.486852711307 0.822947749628 
  1.09736276   1.68888476 135.06673116  8328.887909352779 8335.017923912170 -6.130014559390 
  0.88260714   1.66025080  74.95458334  8330.481531679630 8331.903111952610 -1.421580272980 
  0.99288944   1.70528249  68.75882354  8333.870475053787 8335.108263035438 -1.237787981650 
  1.20854771   1.68888476  88.61498563  8334.934534966946 8334.585026227913 0.349508739033 
  0.95754183   1.46796103  97.87440192  8335.152457743883 8337.101383899022 -1.948926155139 
  0.96446195   1.68888476  69.54773869  8336.216969206929 8337.252354724460 -1.035385517531 
  0.83975094   1.51421255 103.00000000  8337.769662782550 8343.543085179332 -5.773422396782 
  0.81425840   1.62804372 120.73165695  8342.430416271091 8349.785529057364 -7.355112786274 
  0.97788563   1.76309301  66.73069171  8349.946694403887 8353.737225396495 -3.790530992608 
  0.96446195   1.68888476 143.41708543  8355.135980457067 8351.934969011132 3.201011445935 
  0.96446195   1.45728643 103.00000000  8358.259292215109 8355.766233614717 2.493058600392 
  0.96446195   1.45046350 113.82803515  8363.824083015323 8363.729586679710 0.094496335612 
  1.07307083   1.66893732  73.05384757  8365.910733759403 8368.486310248920 -2.575576489517 
  1.21248468   1.59753973 103.00000000  8366.612743973732 8370.887104690106 -4.274360716374 
  1.00165965   1.67912896 142.79403531  8374.099134147167 8378.620378096541 -4.521243949373 
  1.21486437   1.60043726 104.14516707  8378.996962398291 8378.610755970634 0.386206427656 
  1.22224975   1.78421393 104.27905013  8388.431703418493 8392.111779339859 -3.680075921366 
  0.80662079   1.76684955  92.82926216  8389.760706767440 8385.921808052426 3.838898715014 
  0.94118927   1.45777200 103.00000000  8396.083345726132 8400.963501794595 -4.880156068462 
  1.14664526   1.68888476  78.03238608  8404.033491641283 8408.797426096249 -4.763934454966 
  1.16007634   1.70300443 126.80012540  8420.414592474699 8418.737640675996 1.676951798703 
  1.22073069   1.68888476 113.85529393  8422.216410502791 8420.653400564925 1.563009937867 
  1.21603243   1.68888476  90.08769394  8423.040941730142 8420.013425780724 3.027515949418 
  1.23718921   1.68888476 100.93853401  8427.644730612636 8426.477631066760 1.167099545875 
  1.23627588   1.67959443 100.33975541  8427.817510917783 8429.746532128265 -1.929021210482 
  0.84376484   1.69399025  78.54510858  8430.738623321056 8433.941247094130 -3.202623773073 
  1.19399412   1.66664968  86.24150956  8435.257586017251 8437.581687683491 -2.324101666240 
  0.89803370   1.68888476  71.96057574  8443.721240073442 8444.986351067548 -1.265110994105 
  1.21887891   1.74531309 111.95164323  8445.555163234472 8453.636019965421 -8.080856730949 
  0.81154231   1.57193622 103.00000000  8446.462805435061 8448.417993935182 -1.955188500120 
  1.18641159   1.68888476 122.64817019  8457.205565169454 8456.821298450186 0.384266719268 
  0.96446195   1.56577572  78.56963368  8457.242490112782 8452.234115907941 5.008374204841 
  0.79915684   1.72447450 102.57610345  8458.831747084856 8458.182677250927 0.649069833929 
  1.19475274   1.65654902  87.02457303  8460.673794165254 8460.146372620200 0.527421545054 
  1.23807889   1.68888476 104.20293495  8466.620037615299 8469.110982723894 -2.490945108595 
  1.07966279   1.68901150  72.12123503  8469.380763471127 8467.256112220633 2.124651250493 
  0.80271287   1.73617795 109.39581099  8478.567428559065 8481.977407137843 -3.409978578778 
  1.23869347   1.68888476 103.00000000  8479.753051444888 8481.057480316234 -1.304428871346 
  1.04244527   1.69000934  70.25713645  8481.640027523041 8480.970383692897 0.669643830144 
  0.97375476   1.51748673  85.10527352  8496.590726017952 8504.501081468235 -7.910355450284 
  0.96446195   1.62913582  72.76097738  8505.728991761804 8508.885364889720 -3.156373127917 
  1.13260713   1.67325680  77.03857762  8515.069952756166 8519.099571716017 -4.029618959850 
  1.20307366   1.57422863 105.44095602  8515.232826188207 8521.932388946272 -6.699562758065 
  0.96446195   1.71357652 143.10698439  8518.707707867026 8507.864882493439 10.842825373587 
  1.17123137   1.54007766 103.00000000  8523.389902129769 8527.473776999843 -4.083874870073 
  1.00414235   1.66169326 143.42495352  8529.521913200617 8535.002845508880 -5.480932308263 
  1.18502034   1.68888476 123.25440441  8531.982511535287 8530.740055300246 1.242456235041 
  0.96081235   1.77161760  66.33207488  8534.559498265386 8527.760297835117 6.799200430269 
  0.96036119   1.44829285 112.91693560  8534.601635649800 8532.048434728311 2.553200921489 
  1.21482782   1.68915021  89.03152815  8536.048552021384 8536.460459891672 -0.411907870288 
  1.22852449   1.66582257 111.97696267  8540.991685181856 8557.445843979818 -16.454158797962 
  1.04034189   1.47855452  97.38125663  8557.461440458894 8553.634800490958 3.826639967936 
  1.18872693   1.55381853 107.53848610  8558.194405004382 8566.487410861693 -8.293005857311 
  1.22113645   1.70885569 114.26377991  8567.795337408781 8567.515487014212 0.279850394569 
  1.17563838   1.68888476  81.30343492  8569.469130441546 8573.587804364828 -4.118673923282 
  0.80780554   1.73587095  89.32984325  8570.024757146835 8567.389934930552 2.634822216283 
  0.93983532   1.68537927 143.89140195  8574.341779857874 8558.717719593205 15.624060264669 
  1.08395025   1.48250775 103.00000000  8582.692831054330 8588.588825141558 -5.895994087228 
  0.96446195   1.68888476 144.12060302  8604.734447911382 8594.536409827089 10.198038084292 
  1.06784118   1.47547184 103.00000000  8606.201622128487 8619.433087436266 -13.231465307779 
  0.99757175   1.68888476  68.98682699  8625.742679849267 8629.914974669717 -4.172294820450 
  0.79738976   1.68888476  99.38003286  8627.762607291341 8628.454633384294 -0.692026092953 
  0.81214457   1.56257177 103.95064216  8628.616279557347 8630.408206870341 -1.791927312994 
  1.15207415   1.67092273 129.41957056  8646.283848896623 8647.310188557340 -1.026339660717 
  1.20846723   1.69791571  86.49567130  8647.380612045527 8650.057207288770 -2.676595243243 
  1.08470472   1.65180558  74.18829528  8648.907032281160 8649.669190329227 -0.762158048066 
  0.99247317   1.58396558  76.31457267  8656.195304498076 8661.977957998513 -5.782653500437 
  0.87520534   1.72678821  72.15730718  8664.146589338779 8665.417720370489 -1.271131031710 
  1.23260765   1.77819447  99.21096763  8673.134475141764 8667.492844991681 5.641630150083 
  0.96199896   1.61813828 145.05337832  8674.548760622740 8682.329630775168 -7.780870152428 
  1.23136496   1.66660818 112.01022299  8676.530936866999 8685.103679533950 -8.572742666951 
  0.80005035   1.64894510  97.40443328  8684.231440216303 8678.572322175940 5.659118040363 
  1.00249710   1.66651350 143.90160210  8685.050350353122 8695.644818440343 -10.594468087222 
  0.93735958   1.50390779 136.36473712  8693.036983877420 8700.021838104562 -6.984854227141 
  1.21397320   1.69355516  87.70139633  8695.739799752831 8697.345502402781 -1.605702649949 
  0.94123123   1.59861742  75.21611655  8708.291163891554 8712.099876096252 -3.808712204698 
  1.22899489   1.70440646  91.44226586  8714.660072177649 8714.792148545937 -0.132076368289 
  1.17427150   1.68888476 125.99180858  8716.414408206940 8721.009713965546 -4.595305758607 
  0.94538759   1.68888476  69.20168653  8718.833138495684 8716.750370052436 2.082768443248 
  1.10645310   1.69282971 135.22896112  8721.523277223110 8726.574215869359 -5.050938646249 
  0.96446195   1.68888476  68.84422111  8724.402687415481 8720.798294718819 3.604392696661 
  1.21478674   1.83481542 102.32030820  8728.167925179005 8727.873326403209 0.294598775796 
  1.11741536   1.49729371 103.00000000  8734.381584912539 8727.407516290466 6.974068622072 
  0.90693426   1.68888476  70.80200327  8738.194488421082 8736.034757278230 2.159731142852 
  1.21527498   1.81652150 107.07933590  8743.725938111544 8750.127965871667 -6.402027760123 
  1.13564665   1.51802156  98.23817550  8745.954423934221 8749.657657663747 -3.703233729526 
  0.90176910   1.62246511  75.02673846  8753.275334447622 8756.021666822608 -2.746332374985 
  1.19980568   1.87066895 103.00000000  8755.985493093729 8762.378800372486 -6.393307278757 
  0.96446195   1.48364727  91.40971687  8757.130335882306 8758.301676151887 -1.171340269580 
  1.21546648   1.58725847 103.00000000  8765.569933027029 8761.677467214231 3.892465812798 
  1.01607572   1.68888476 143.01072308  8768.830763295293 8767.447254190645 1.383509104648 
  1.24206753   1.68888476  97.84864592  8769.795856937766 8763.242162461178 6.553694476588 
  1.20776286   1.69714956 119.51213693  8773.966856613755 8774.883063515230 -0.916206901475 
  1.24082614   1.71470111  96.17376934  8774.371089532971 8770.512067933762 3.859021599210 
  0.92009954   1.59463316  76.20690387  8777.419522598386 8781.699308324716 -4.279785726330 
  0.83895340   1.95842614 103.00000000  8777.691954940557 8789.328702606488 -11.636747665931 
  0.87488238   1.47244135 104.50559283  8778.814056277275 8784.264084186279 -5.450027909004 
  0.97282490   1.52555686  83.13597407  8786.137544050813 8784.434568201323 1.702975849490 
  1.21404792   1.65870999  89.40555582  8788.949917301536 8785.786147521843 3.163769779692 
  1.24174801   1.65306289 103.64738646  8791.163286387920 8792.084236832536 -0.920950444615 
  0.93030134   1.62369747  73.41385077  8793.131045266986 8790.882502036478 2.248543230507 
  0.96446195   1.54260551 141.85860794  8796.036134645343 8793.966325425487 2.069809219856 
  1.07526710   1.68888476 138.74848410  8803.120137095451 8807.294299887310 -4.174162791858 
  1.23504977   1.68888476 111.71984997  8803.169673100114 8807.797795198199 -4.628122098085 
  1.15878067   1.95175676 103.38717139  8808.536376744509 8808.691542007398 -0.155165262890 
  1.14696415   1.52767965  97.27391721  8808.634202316403 8806.580421338160 2.053780978244 
  1.12108523   1.49802330 103.00000000  8815.047985553741 8815.726831838749 -0.678846285007 
  1.20931155   1.85151259 103.12531778  8815.889690876007 8820.877269423438 -4.987578547431 
  0.79534612   1.68888476 101.09205818  8817.895434677601 8816.987212561946 0.908222115655 
  1.24623116   1.68888476 103.00000000  8822.059832289815 8821.146908469682 0.912923820133 
  1.18598751   1.54450350 105.99474577  8826.109841212630 8824.154976686601 1.954864526029 
  1.24623001   1.69641829 103.68689115  8827.803288653493 8825.061427258735 2.741861394758 
  1.23911671   1.75365904 104.72913831  8832.132102012634 8829.029003764839 3.103098247795 
  1.24115296   1.75079548 103.00000000  8834.292690128088 8830.909721722062 3.382968406026 
  1.24377018   1.65919301 103.00000000  8836.516894325614 8836.901120400935 -0.384226075321 
  1.21745975   1.68888476 117.68008580  8845.578058660030 8842.569494649211 3.008564010819 
  0.96446195   1.68888476 144.82412060  8849.697942689061 8838.408741520347 11.289201168714 
  1.22357558   1.65512387 115.91390040  8853.510366082191 8852.282011915575 1.228354166617 
  1.08296168   1.68888476  71.43276273  8855.410856038332 8855.490649356894 -0.079793318562 
  0.96446195   1.74282410  66.42199787  8877.489507004619 8875.197236844706 2.292270159913 
  1.19750964   1.88197009 103.00000000  8880.023247137666 8887.116980667312 -7.093733529646 
  0.96446195   1.52333449  83.26500565  8890.556488201022 8884.903770790705 5.652717410318 
  0.96446195   1.71314233  67.47194066  8894.961716473103 8887.974032158125 6.987684314978 
  0.96446195   1.72543836 143.73525028  8897.146437674761 8880.214575149699 16.931862525062 
  0.96446195   2.01243427 124.48195258  8898.228406846523 8908.333393465500 -10.104986618977 
  0.88633591   1.68611939  72.15954600  8908.032720923424 8898.320077048025 9.712643875398 
  0.96446195   1.51255057  84.99240119  8915.190003857017 8905.394847519756 9.795156337261 
  0.81023578   1.79436082 112.90413178  8915.384936094284 8916.477793551419 -1.092857457135 
  1.19738190   1.68888476  83.48554433  8915.656899392605 8920.470063826271 -4.813164433666 
  0.96446195   1.53636281 141.69069442  8916.780001848936 8923.438870529091 -6.658868680155 
  0.96711431   1.55772655  78.53011387  8917.947016969323 8923.974291298460 -6.027274329137 
  1.09726778   1.48389772 103.00000000  8923.142450600863 8929.141171315216 -5.998720714353 
  0.96446195   1.48139639 133.06523435  8935.626463308930 8951.204811258318 -15.578347949388 
  1.24899587   1.68793827 103.00000000  8938.175356879830 8947.511959677267 -9.336602797437 
  1.01493054   1.44959558 112.39406385  8948.508123755455 8943.822741435790 4.685382319665 
  0.80470600   1.68888476 117.99662644  8958.377103075385 8956.474642326930 1.902460748455 
  0.80253363   1.73904090 113.15836644  8961.390549123287 8963.713175631059 -2.322626507772 
  0.79396985   1.68888476 103.00000000  8961.631048157811 8963.201870096460 -1.570821938649 
  1.22945769   1.60618505 101.96043702  8966.505610182881 8968.994391028638 -2.488780845757 
  1.05038785   1.46325125 104.19712603  8966.510437667370 8981.415422485048 -14.904984817678 
  1.22899751   1.72858164  89.06695442  8986.584083184600 8985.946039169574 0.638044015026 
  0.96415448   1.78971079  64.98235355  9000.136408746243 8991.609239654390 8.527169091853 
  0.80415922   1.61361838 117.15663655  9009.544189289212 9013.959561830454 -4.415372541242 
  0.96446195   1.74487273  66.10745449  9010.741959765553 9010.213821260419 0.528138505135 
  1.23400555   1.61211476 103.00000000  9011.956426367164 9013.482208949257 -1.525782582094 
  1.23333540   1.79828771 103.00000000  9015.289590254426 9016.538762383683 -1.249172129257 
  0.95469724   1.78297144  65.23626447  9021.893081784248 9016.463506817416 5.429574966833 
  1.07343656   1.47239669 103.00000000  9025.868613883853 9026.499261508985 -0.630647625132 
  0.80759458   1.68888476 120.21257388  9029.909460157156 9023.057405007268 6.852055149888 
  0.96446195   1.72818070 144.01835342  9032.407989010215 9017.395443389441 15.012545620773 
  0.80316385   1.74311586 113.90005321  9041.020842537284 9043.858958412906 -2.838115875622 
  1.18934827   1.54590625 103.00000000  9042.263580068946 9039.954623568718 2.308956500228 
  1.18294664   1.68045096  81.11644963  9047.013414889574 9046.952223374445 0.061191515129 
  1.20915250   1.68888476 120.96452947  9085.920286178589 9082.997018063883 2.923268114706 
  0.79314788   1.68888476 104.92712044  9086.664679542184 9087.970107327519 -1.305427785335 
  0.96446195   1.68888476 145.52763819  9094.160760402679 9083.404834738443 10.755925664236 
  1.17051460   1.68888476 128.07286690  9098.596962228417 9095.843768630999 2.753193597418 
  0.85802687   1.68888476  74.81160679  9100.070055380464 9104.480534247552 -4.410478867088 
  1.19564023   1.68888476 123.80736150  9107.061209976673 9106.253766533657 0.807443443016 
  1.25019514   1.70225374 106.54728157  9109.896814838052 9109.569374334875 0.327440503177 
  0.96446195   1.57553055 145.13078965  9110.632836192846 9114.267702067380 -3.634865874534 
  0.96446195   1.61340374 146.29762199  9111.086609408259 9122.942745626660 -11.856136218401 
  1.19286713   1.68888476 124.37839812  9115.293615534902 9118.592903343741 -3.299287808839 
  0.96446195   1.68888476  68.14070352  9122.163434371352 9114.458042267575 7.705392103777 
  0.81092505   1.68888476 122.49495375  9123.437715053558 9109.240655402045 14.197059651513 
  1.17752246   1.68888476 127.10124587  9129.525447517633 9134.571208547874 -5.045761030240 
  1.18375683   1.68888476 126.09160145  9137.573267564178 9142.394371280316 -4.821103716138 
  1.25333876   1.69060467 103.00000000  9140.357842907310 9140.875209513582 -0.517366606273 
  0.98929929   1.44365934 114.60945197  9142.171351119876 9136.773603422262 5.397747697614 
  0.94048011   1.67744806  69.14602232  9143.258919283748 9141.330610243333 1.928309040415 
  1.24113868   1.68888476  92.98380285  9145.640549048781 9146.251294322919 -0.610745274138 
  0.83461964   1.53248026  94.71550348  9147.995239764452 9151.880976909075 -3.885737144623 
  1.20127670   1.55587938 103.00000000  9148.369465231895 9154.516469682518 -6.147004450622 
  1.25123901   1.68888476 106.94979881  9160.687724798918 9161.095213288734 -0.407488489816 
  0.79490875   1.74295811 103.00000000  9161.625978916883 9161.577950773957 0.048028142926 
  1.25376884   1.68888476 103.00000000  9163.597372427583 9162.351055704143 1.246316723440 
  0.85502682   1.71675022  74.04086761  9163.880916908383 9170.138528231128 -6.257611322744 
  1.22148467   1.84843422  99.25613329  9165.292574748397 9166.903876529917 -1.611301781521 
  1.20210188   1.55640554 103.00000000  9175.856357589364 9170.336490316133 5.519867273231 
  0.99359483   2.16746636 100.51873817  9188.620141908526 9186.927115206412 1.693026702114 
  0.88110247   2.08410518 102.52346751  9192.206822320819 9188.960262287424 3.246560033394 
  0.96844811   1.84409379  63.77506822  9195.263657987118 9180.755946294597 14.507711692520 
  1.21932826   1.85277968 100.93436026  9195.584094882011 9188.931926256202 6.652168625809 
  0.96446195   1.68888476  68.00000000  9196.744974821806 9194.419701606950 2.325273214856 
  0.99693287   1.73491572 143.56648779  9197.052290484309 9186.856120258597 10.196170225712 
  0.96446195   1.68310914 146.00764680  9198.557956963778 9198.803788601372 -0.245831637594 
  1.24413182   1.68888476 111.63474370  9203.336020424962 9205.348457298640 -2.012436873678 
  0.96446195   1.44569047 104.71964644  9205.495987355709 9200.734196021962 4.761791333747 
  1.21668275   1.65372632  88.24989474  9206.351834759116 9203.311674042601 3.040160716515 
  1.12418948   1.48944817 107.02395551  9206.396706342697 9210.031753641370 -3.635047298672 
  0.85112281   2.01459477 102.35370666  9211.216939941049 9218.350464007539 -7.133524066490 
  0.79633710   1.61386003 103.00000000  9219.603766322136 9213.810883820905 5.792882501231 
  0.82089829   1.90845701 103.00000000  9225.511884823442 9222.207630313293 3.304254510149 
  0.87468056   2.06308866 105.35126217  9226.328334569931 9227.256937464592 -0.928602894661 
  1.04467350   1.64435013  71.49831174  9227.278083115816 9224.901694312652 2.376388803164 
  0.79209693   1.69829825 103.00000000  9235.836872026324 9227.786698386060 8.050173640264 
  1.25568040   1.69884529 102.22505469  9243.392375051975 9241.445808919392 1.946566132583 
  0.96446195   1.79035206  64.47788305  9249.386129900813 9244.987456461775 4.398673439038 
  0.96446195   1.55746830 144.52159840  9253.817055672407 9253.006676779331 0.810378893077 
  1.25529517   1.67551007 103.00000000  9267.023389294744 9266.237297419188 0.786091875556 
  1.25572477   1.68068056 103.00000000  9268.471089333296 9268.175168721682 0.295920611614 
  0.96530041   1.57300228 145.50105247  9269.183226495981 9275.895535235903 -6.712308739921 
  1.15804522   1.68888476 130.59806278  9278.440335318446 9277.438413011170 1.001922307276 
  0.87370266   1.48144761  97.51055144  9279.449981495738 9292.353111311197 -12.903129815459 
  1.03979965   1.73708325 141.56484822  9303.213375434279 9297.638853595614 5.574521838666 
  1.17103289   1.71525991  77.00458514  9306.045093819499 9307.890273972353 -1.845180152854 
  1.21900819   1.67151060  86.92241624  9308.688403695822 9308.078193233090 0.610210462732 
  1.25155571   1.75673842 100.20057063  9320.126647099853 9316.034649833275 4.091997266578 
  0.81740877   1.64506863 127.09802253  9320.599061176181 9300.333682287604 20.265378888576 
  0.91069913   1.66421769 145.18732233  9320.964619591832 9290.197206043093 30.767413548740 
  0.96446195   1.71137944  66.77774280  9322.083217173815 9317.576335394015 4.506881779800 
  0.95985852   1.66848967  68.88999560  9324.101126030087 9322.301796871936 1.799329158152 
  1.25404758   1.73928089 103.00000000  9325.787145286798 9325.849543790067 -0.062398503269 
  1.11721086   1.68888476  72.66925506  9329.240444317460 9325.851156057024 3.389288260436 
  0.96446195   1.68888476 146.23115578  9339.433338925242 9329.370957333698 10.062381591544 
  1.12293288   1.71365725  71.94332988  9348.285522133112 9345.336654551727 2.948867581385 
  1.10880558   1.68888476  71.97857528  9349.641157671809 9349.075773470822 0.565384200987 
  1.24011757   1.61601604  99.82191995  9363.416476547718 9363.693272308350 -0.276795760632 
  1.21776278   1.68243258  85.70381693  9369.161631509662 9372.815663402398 -3.654031892736 
  0.86839787   1.68888476  72.92960819  9370.307786419988 9372.345426444981 -2.037640024993 
  0.82007206   1.91878202  99.23324547  9373.369844973087 9375.766548866861 -2.396703893774 
  1.17593194   1.52222408 106.96943468  9382.864872887731 9383.988128606628 -1.123255718898 
  1.18399279   1.92888276 104.15784106  9392.682169899344 9386.844210513240 5.837959386105 
  1.24198709   1.61086543 103.00000000  9395.420055299997 9395.056408891953 0.363646408045 
  0.79559854   1.68888476  93.69872460  9396.496342718601 9394.929472300215 1.566870418386 
  1.22477651   1.71016980 118.51347516  9400.807317644358 9407.572544423962 -6.765226779604 
  0.86412881   1.47180869 104.35671803  9411.960284695029 9410.429840168728 1.530444526301 
  0.79273148   1.71941467 107.52548738  9415.763702243567 9418.655644379960 -2.891942136393 
  0.84756893   2.01047779 103.00000000  9417.844765335321 9421.320241052024 -3.475475716703 
  1.14933644   1.69255583 132.26391410  9428.637117698789 9431.262079706019 -2.624962007230 
  1.17986171   1.68888476 127.87125109  9433.208041295409 9431.240356588358 1.967684707051 
  1.25857837   1.68888476 105.59793732  9433.942077130079 9434.168844012716 -0.226766882637 
  0.93028622   1.44791845 103.00000000  9435.104284778237 9429.762619577905 5.341665200332 
  1.20684844   1.70816372 122.67361958  9444.256718993187 9439.044437585151 5.212281408036 
  1.16727375   1.95971377 104.76178441  9450.985521614552 9442.278304894873 8.707216719678 
  0.79534376   1.70148348 112.99278357  9453.122332200408 9453.710348086308 -0.588015885900 
  0.85628165   1.71115345  73.42598123  9453.236432448030 9457.171778875212 -3.935346427183 
  1.23500716   1.70552643 116.37745386  9477.652760684490 9474.411320371850 3.241440312640 
  0.83673910   1.70009656 134.04062759  9477.827647253871 9692.410570557848 -214.582923303977 
  1.20695272   1.68888476 123.32142037  9483.666872501373 9483.987392324001 -0.320519822628 
  1.25323038   1.76308860 103.00000000  9487.613855600357 9491.120561059219 -3.506705458862 
  1.20551955   1.55196415 103.00000000  9495.574240624905 9490.073061312498 5.501179312407 
  1.26130653   1.68888476 103.00000000  9506.033819094300 9504.451269130639 1.582549963661 
  0.96446195   1.68888476  67.43718593  9508.781373918056 9518.417146678128 -9.635772760072 
  1.23881368   1.79625764 107.59805436  9519.244884744287 9525.935787420762 -6.690902676475 
  0.96446195   1.44472362 103.00000000  9521.362474724650 9521.769665212722 -0.407190488071 
  0.92942880   1.68405583 146.37324688  9528.311677366495 9512.753139973773 15.558537392722 
  0.94304841   1.57070718  76.29859490  9531.500771075487 9533.590314614299 -2.089543538812 
  1.22395162   1.69337075  85.65607639  9535.030028417706 9539.202910693899 -4.172882276192 
  0.96316444   1.44019986 106.58252453  9537.238289132714 9532.086198085415 5.152091047299 
  1.23985615   1.68888476  89.74408314  9541.136138245463 9537.282081141071 3.854057104392 
  0.96446195   1.70909926  66.48721528  9541.576058566570 9538.787454375746 2.788604190824 
  0.79791829   1.78943270  94.29519358  9550.776117548347 9546.211038241794 4.565079306552 
  1.00593452   1.73980036  65.26970990  9555.907354801893 9556.678791444554 -0.771436642661 
  1.25519812   1.76106748 103.00000000  9558.619813010097 9560.422402373835 -1.802589363739 
  0.97286142   1.47092324 132.81139567  9564.859105601907 9566.830315678631 -1.971210076725 
  0.79046451   1.68888476  98.63544003  9571.208943054080 9571.731517675371 -0.522574621291 
  0.96446195   1.68888476 146.93467337  9585.354294955730 9576.146419644267 9.207875311464 
  0.82912640   1.95618218 103.00000000  9593.669029608369 9591.192610406530 2.476419201839 
  1.26103022   1.72563761 104.13857502  9597.507037386298 9590.849204565477 6.657832820822 
  1.21167806   1.71650150 122.13205303  9597.757819816470 9591.496741073535 6.261078742935 
  1.08124455   1.68888476 140.54910665  9603.930599719286 9602.403698905240 1.526900814046 
  1.24502184   1.68888476 114.65704994  9604.755049839616 9606.449828659299 -1.694778819683 
  0.96446195   1.56063088  76.89319356  9608.558291181922 9610.065997306298 -1.507706124376 
  1.16188080   1.68888476 131.29342810  9623.838523730636 9631.425520709812 -7.586996979177 
  0.99487364   1.64625581  69.56045464  9627.337243169546 9628.727717898488 -1.390474728942 
  0.96072311   1.75464590  64.74835094  9629.208296254277 9623.896590680108 5.311705574170 
  1.07092143   1.68888476  69.12629941  9630.391856923699 9627.207495925002 3.184360998697 
  0.85677546   1.70698758  73.13961252  9633.161998003721 9632.656678219297 0.505319784425 
  0.79467897   1.77853757 103.00000000  9636.439139068127 9636.990840286669 -0.551701218543 
  1.26446195   1.68888476 103.00000000  9641.554888829589 9647.876227890180 -6.321339060591 
  0.84297861   1.68888476  75.99014433  9649.441092640162 9654.840563807160 -5.399471166998 
  0.96446195   1.44907326 125.70467247  9649.599585875869 9658.648090786583 -9.048504910714 
  1.23585263   1.68888476 117.68864741  9657.892628833652 9655.897111506938 1.995517326714 
  0.96022601   1.68888476  67.25852232  9658.835034012794 9656.641575668295 2.193458344500 
  1.26457032   1.67945284 103.00000000  9670.354256138206 9673.421163025469 -3.066906887263 
  0.87627810   1.68888476  71.48291368  9674.784835293889 9681.819778430561 -7.034943136672 
  0.96446195   1.43602255 111.09378012  9682.101765111089 9678.714751473801 3.387013637288 
  0.79025756   1.64678439 100.36872655  9703.305107340217 9705.224309384292 -1.919202044075 
  0.93270470   1.59076391  74.34775011  9710.412726774812 9714.120133307419 -3.707406532607 
  1.00848018   1.74850811 144.00893519  9725.925135731697 9707.103868055005 18.821267676693 
  1.25303213   1.78956082 100.02620812  9727.597844526172 9720.879182637747 6.718661888424 
  1.25811144   1.68303576 110.59390802  9729.490852162242 9728.512324729865 0.978527432377 
  1.19197304   1.68618516  79.70442843  9729.652147650719 9732.665668244854 -3.013520594135 
  1.25411086   1.64715471 111.38247700  9730.919217437506 9735.017263013724 -4.098045576218 
  1.09133052   1.67695603  70.59681878  9734.751517012715 9737.318923236291 -2.567406223576 
  0.97090900   1.56908280  75.70909093  9735.897160217166 9737.138902655241 -1.241742438075 
  1.02052323   1.60476730  72.83409541  9736.771388337016 9743.553983875670 -6.782595538654 
  1.25333330   1.78616953 103.00000000  9763.062156304717 9757.938965038378 5.123191266339 
  1.26560411   1.68888476 105.84260583  9763.506087496877 9761.842105710668 1.663981786209 
  1.22344462   1.68888476  84.69257313  9765.062394812703 9770.190588093661 -5.128193280958 
  0.84503874   2.00819259 105.54455722  9776.817608252168 9773.299587688974 3.518020563193 
  1.25409091   1.78660329 102.19962631  9777.209092527628 9771.366529517556 5.842563010072 
  0.86712302   1.70001289  71.80160027  9780.006999492645 9777.671534175070 2.335465317576 
  1.25635136   1.62580069 103.00000000  9780.784668952227 9781.050865006431 -0.266196054205 
  1.24605549   1.68888476 115.61109050  9788.853953391314 9786.392546259684 2.461407131630 
  1.13290516   1.68888476 135.61566350  9795.400616928935 9798.351461176993 -2.950844248058 
  0.95904272   1.68888476  67.04408790  9796.735427483916 9794.042997521306 2.692429962610 
  1.20119890   1.92260320 101.25921518  9799.817191883922 9802.666598891023 -2.849407007101 
  1.01510808   1.60880598  72.26333985  9811.058846920729 9804.441910492462 6.616936428267 
  0.79369845   1.69696814 114.39188419  9812.778639286757 9813.190935391260 -0.412296104503 
  1.11805333   2.05528541 104.64591686  9815.379396244884 9817.651225078307 -2.271828833424 
  0.95835598   1.55820232  76.83213542  9828.910449206829 9821.534900036284 7.375549170545 
  0.96446195   1.68888476 147.63819095  9831.315505072474 9823.563224076339 7.752280996136 
  1.00298692   1.62902926  70.44903954  9831.757534936070 9835.570916099807 -3.813381163736 
  1.26817000   1.71216113 103.00000000  9832.044110268354 9835.224190786626 -3.180080518272 
  1.23419707   1.57858426 103.00000000  9836.055385053158 9835.898251522765 0.157133530392 
  0.90381971   1.66379492  70.30011181  9836.924691706896 9833.854401273991 3.070290432905 
  1.23376848   1.57581552 108.44174486  9838.037543013692 9841.956650451293 -3.919107437601 
  1.19891271   1.69712345 126.17720509  9842.003159493208 9847.132951788184 -5.129792294976 
  1.15317255   1.68888476  74.53497178  9850.952284306288 9844.030009961802 6.922274344486 
  0.78741541   1.67045084 103.00000000  9851.063286408782 9852.647976722435 -1.584690313653 
  0.92277143   1.72306816  66.54073789  9856.438036158681 9852.189382733171 4.248653425509 
  1.26168693   1.76184093 103.00000000  9860.256361708045 9862.966843804139 -2.710482096094 
  0.91074594   2.15838245 103.00000000  9862.876941367984 9874.876043150416 -11.999101782432 
  0.95603836   1.62290044  70.92305322  9867.693672597408 9865.884646249302 1.809026348106 
  0.99058081   1.47067464  91.80972080  9880.922109022737 9867.048463252730 13.873645770007 
  0.89865684   1.68906537  69.26855045  9882.570036605000 9876.785646300616 5.784390304385 
  1.24219386   1.82943691 103.00000000  9883.049219906330 9890.989086593438 -7.939866687107 
  0.83677067   1.70403749  75.99339003  9891.277423381805 9897.235454283180 -5.958030901375 
  1.25910729   1.68888476 111.83794724  9898.271206572652 9899.707939895094 -1.436733322442 
  0.96513671   1.43368246 113.69065463  9901.268110126257 9890.471836238856 10.796273887401 
  0.80689946   1.72111289 122.56274860  9903.624063253403 9885.453181036366 18.170882217037 
  0.94641058   1.81675713  63.11464969  9905.199404910207 9896.425210137135 8.774194773072 
  1.26627158   1.70633400  96.50464825  9909.595035344362 9907.666737217320 1.928298127043 
  0.95603254   1.49432644  86.02395559  9911.360370472074 9912.727411183023 -1.367040710949 
  0.95861885   2.11948503  69.40581496  9912.639528319240 9927.231481004428 -14.591952685189 
  1.08538245   1.48171282  95.76433776  9926.948450207710 9915.325327893608 11.623122314102 
  1.24713320   1.64488036  92.75889481  9931.307026281953 9924.017127686031 7.289898595922 
  0.96446195   1.68888476  66.73366834  9933.558362305164 9932.877177746133 0.681184559031 
  1.11197309   1.69451855  70.54091098  9934.982012853026 9932.338106824627 2.643906028399 
  0.91506764   1.56525999  77.16091082  9937.399237036705 9936.665050181628 0.734186855077 
  0.96446195   1.61450277 148.82872238  9943.241878628731 9964.944881644937 -21.703003016206 
  1.25890908   1.62217183 103.23467334  9947.758135750890 9948.903914185472 -1.145778434582 
  0.96446195   1.68888476 148.00000000  9951.592543676496 9950.998887368665 0.593656307830 
  0.78986658   1.72507142 108.96512487  9956.218444272876 9959.447525684571 -3.229081411695 
  0.79488465   1.69291977  90.66760781  9957.087460577488 9956.067881554740 1.019579022748 
  0.96446195   2.19849246 103.00000000  9958.611480444670 9967.163129792052 -8.551649347382 
  0.96351617   1.49009461  86.69012879  9970.467328503728 9960.574344078035 9.892984425693 
  1.20864523   1.69896007 124.91628430  9974.404366329312 9970.157912924235 4.246453405078 
  1.00226672   1.63628310  69.68166711  9975.833603248000 9976.917038181811 -1.083434933811 
  0.78643216   1.68888476 103.00000000  9979.561876684427 9977.311829288719 2.250047395708 
  1.17243041   1.51213470 103.00000000  9981.366407245398 9988.925998263469 -7.559591018071 
  0.96446195   2.16141485 111.55380514  9989.108609050512 9980.624769577771 8.483839472741 
  1.14671276   1.68888476  73.50384249  9991.160211935639 9991.843295906410 -0.683083970771 
  1.27047465   1.70392938 105.73632082  9997.067526862025 9995.013754349457 2.053772512569 
  0.94367471   1.68276737 148.17363817  9997.354088634253 9990.756766491742 6.597322142510 
  1.16090462   1.68888476  74.89871955  10004.372814923525 9999.944723156572 4.428091766953 
  1.16401024   1.50700131 102.38604085  10012.288754984736 9998.360122408956 13.928632575780 
  1.16042487   1.69014057 132.78879050  10016.290998935699 10018.072071065550 -1.781072129850 
  1.05628316   1.67328466  68.57202927  10019.568818598986 10019.407405258906 0.161413340080 
  1.12338486   2.05740067 104.21946461  10021.327339664102 10023.709003828673 -2.381664164572 
  1.15500283   1.68888476  74.22565509  10028.245634540915 10022.990854422769 5.254780118146 
  0.96446195   1.70557168  65.80814296  10029.729740411043 10026.411667534658 3.318072876385 
  1.27074519   1.66248212 103.00000000  10036.704314589500 10035.712555330290 0.991759259210 
  0.84553558   1.48133307 103.00000000  10036.729162663221 10039.355282246286 -2.626119583065 
  0.96446195   1.68888476 148.34170854  10078.471838727593 10071.445765950499 7.026072777095 
  1.14313481   1.70603484  72.11950003  10079.259547770023 10076.791660582185 2.467887187839 
  0.82348674   1.95478784 103.00000000  10088.587619975209 10092.596678153417 -4.009058178208 
  0.80535552   1.68541854 124.20011830  10093.935898274183 10074.909878069780 19.026020204403 
  0.78603554   1.68888476 100.37363916  10098.968704894185 10089.559372786149 9.409332108036 
  0.93123743   1.68888476 147.91789762  10102.063303098083 10074.146693635344 27.916609462738 
  0.93887063   2.21532063  90.42137222  10104.427311807871 10105.411569014323 -0.984257206452 
  0.83054555   1.68888476  77.36215701  10118.036406189203 10109.458858507905 8.577547681298 
  1.25173022   1.72274284 114.98994391  10125.984424993396 10121.698446322449 4.285978670947 
  1.24267375   1.84142640 103.20088889  10128.416693970561 10127.387521123974 1.029172846587 
  1.27305364   1.66459904 103.00000000  10130.502921849489 10127.213236812608 3.289685036882 
  0.97526069   1.99041089 131.22138947  10131.710903197527 10140.497174324839 -8.786271127312 
  1.26959530   1.64522099 103.00000000  10132.228418052197 10130.168346282699 2.060071769498 
  1.22574584   1.70281900  82.89887603  10135.238204151392 10139.212132003313 -3.973927851921 
  1.27200693   1.65898983 101.80613122  10136.024597212672 10134.681249895339 1.343347317334 
  1.27183275   1.74309720 101.28490384  10141.485912844539 10137.778259059634 3.707653784904 
  1.26159856   1.78701524 103.00000000  10142.495218977332 10144.094732092397 -1.599513115065 
  1.07772918   1.70525315  67.60114746  10143.349435791373 10139.939950014403 3.409485776971 
  0.96446195   1.53369969 145.41389104  10144.685241937637 10140.510210753235 4.175031184403 
  1.26278443   1.78798382 100.01975621  10146.065719023347 10145.682515917026 0.383203106321 
  0.96446195   1.43844221 103.00000000  10150.011479824781 10144.917529412718 5.093950412063 
  0.99534847   1.68888476  66.24637855  10152.376351550221 10154.828955117497 -2.452603567275 
  0.86830020   2.09453381 103.00000000  10152.653733521700 10161.699508700600 -9.045775178900 
  1.03493339   2.17699541 103.00000000  10158.273506641388 10161.007895722661 -2.734389081274 
  1.00313371   1.68888476  66.28779036  10167.482757806778 10161.114245164948 6.368512641830 
  0.92848846   1.48645739  87.75831582  10168.497358992696 10156.283157981225 12.214201011471 
  1.12565173   1.68888476 137.60331481  10177.169650137424 10165.508048980275 11.661601157150 
  0.84934524   2.04532522 103.00000000  10179.822502046824 10172.475699682431 7.346802364393 
  0.83013656   1.98318537 103.00000000  10183.198188290000 10176.148665909501 7.049522380499 
  1.02799607   1.70813411 145.81736759  10185.956446900964 10182.790584654354 3.165862246609 
  1.26649527   1.65286566  97.20790277  10187.193485155702 10183.281648196926 3.911836958776 
  0.96361283   2.15630121  71.22710515  10190.884713411331 10190.234056918847 0.650656492484 
  1.15767149   1.50501712  99.64709871  10198.732742235065 10192.580974107959 6.151768127105 
  1.00032594   1.69625177  65.84189340  10204.584051072598 10200.944244915310 3.639806157287 
  1.23502389   1.68888476  85.02140966  10204.972451925278 10210.185999745116 -5.213547819838 
  1.21375089   1.54315788 103.00000000  10210.111185267568 10210.743243596915 -0.632058329347 
  1.27557638   1.66692373 103.00000000  10229.720003217459 10228.312417632937 1.407585584522 
  1.13667803   1.66784285  73.20411184  10230.179284155369 10231.517166341058 -1.337882185690 
  1.05029018   1.68888476  67.11275946  10237.581457704306 10239.287109538476 -1.705651834171 
  1.26512443   1.78233714 103.00000000  10252.093408271670 10246.274064958208 5.819343313462 
  0.96446195   2.11705297 119.64900912  10259.104651764035 10249.705174304601 9.399477459434 
  1.14769214   1.68888476  72.89146168  10265.452342078090 10258.977285866666 6.475056211424 
  0.96446195   1.51062098 143.13632996  10274.131599113345 10260.773240974006 13.358358139340 
  1.26953612   1.68888476  94.51502145  10276.528998643160 10271.194241314390 5.334757328770 
  1.12035697   1.68888476 138.55360317  10280.820819109678 10282.689086867653 -1.868267757975 
  1.24118955   1.71633550  84.91698674  10285.085577353835 10286.896731242427 -1.811153888591 
  0.78996241   1.77474107 105.26426992  10305.351303979754 10307.611370649385 -2.260066669631 
  0.79917827   1.68888476 121.68116365  10309.159968510270 10299.640002950477 9.519965559793 
  0.96446195   1.68888476 149.04522613  10325.321040019393 10319.610534379510 5.710505639883 
  1.26238661   1.70803190 113.72008903  10327.190489873290 10332.512085242524 -5.321595369234 
  1.18977782   1.51906224 103.00000000  10335.647861689329 10335.338724985721 0.309136703609 
  1.26741875   1.62220165 103.00000000  10337.564514338970 10338.163365440139 -0.598851101169 
  0.82234158   1.96036056 103.00000000  10351.034629791975 10344.596328799460 6.438300992515 
  1.26501168   1.79124570 103.00000000  10358.436096519232 10354.152778096010 4.283318423222 
  0.78603225   1.74403064 100.66460596  10358.837379962206 10358.876329953384 -0.038949991178 
  0.96446195   1.68888476  66.03015075  10360.392593756318 10358.056552917791 2.336040838527 
  1.21573971   1.70243309  80.21764188  10370.255429089069 10378.837051260471 -8.581622171401 
  1.27319378   1.63772637 103.00000000  10378.810025885701 10378.562536500514 0.247489385187 
  0.78458399   1.70583367 106.58245960  10379.082656845450 10381.466235662661 -2.383578817211 
  0.79440832   1.81321234 105.76492412  10402.082019165158 10403.748412987181 -1.666393822023 
  1.24943240   1.83697504 104.10672862  10411.699691116810 10405.055583471189 6.644107645621 
  1.27048169   1.65036766  97.03681129  10412.808700591326 10408.827374859155 3.981325732171 
  1.17253039   1.69437858 132.43421139  10419.615612462163 10431.031421363656 -11.415808901493 
  1.23404957   1.66971227  84.96934483  10422.189655750990 10426.026445881022 -3.836790130032 
  0.80439179   1.63841089  86.77599067  10432.948126092553 10421.242401253847 11.705724838706 
  1.28222941   1.68888476 103.53516181  10463.561394155025 10461.172886300907 2.388507854119 
  0.96720590   2.09354176  65.08367800  10485.048468798399 10485.210385740089 -0.161916941690 
  1.06051477   2.17565695  99.11219334  10486.373405486345 10481.009664943716 5.363740542629 
  1.28091156   1.73084199 100.40721501  10487.793442547321 10483.092375202850 4.701067344471 
  1.25824286   1.82157755 103.00000000  10488.791078627110 10488.927525728537 -0.136447101428 
  0.86635965   1.72136985  69.70873171  10489.820437043905 10491.349050244889 -1.528613200984 
  0.96446195   1.62171354  69.84907089  10491.820313453674 10493.995373531232 -2.175060077558 
  0.96446195   1.64410240  68.31708651  10493.211043611169 10494.545340167864 -1.334296556695 
  1.15827149   1.49440883 103.00000000  10493.679552927613 10495.360348914310 -1.680795986696 
  0.96446195   1.44497730  97.79450595  10496.403468042612 10502.791836943416 -6.388368900803 
  1.22287661   1.90980784 101.95725390  10508.384788572788 10512.927118253574 -4.542329680786 
  0.93654084   1.74557316  64.08643118  10521.201342627406 10516.780429523715 4.420913103691 
  0.97521815   1.44396535  98.26427579  10523.310100868344 10522.352537022323 0.957563846021 
  1.28391960   1.68888476 103.00000000  10526.271757155657 10534.069638475525 -7.797881319868 
  1.12692428   1.48220486  99.88655221  10536.658945679665 10529.091936407827 7.567009271837 
  1.27219162   1.62236045 103.00000000  10551.155014589429 10551.499280592636 -0.344266003207 
  1.07757265   1.68888476 143.65326422  10555.872297227383 10563.818114808315 -7.945817580932 
  0.84038665   2.03975430 100.62425719  10568.793423101306 10567.871359933755 0.922063167551 
  0.96446195   1.68888476 149.74874372  10572.123736754060 10567.865888401853 4.257848352207 
  1.16632795   1.49748757 103.61824949  10574.799712523818 10566.343032387729 8.456680136089 
  1.07938209   1.70752399 143.04772753  10577.177047744393 10569.360509053076 7.816538691317 
  1.20228197   1.68888476 128.74629246  10614.180053636432 10612.073427776122 2.106625860310 
  1.24983844   1.85088733 103.00000000  10617.472053825855 10608.877135124221 8.594918701634 
  1.25271503   1.68888476 118.98844735  10633.339946940541 10629.869297993111 3.470648947430 
  1.27534719   1.72160136 110.61215642  10641.638334095478 10642.124840850940 -0.486506755462 
  0.82194825   1.68888476  78.02768836  10645.386660382152 10645.904953827310 -0.518293445159 
  0.79463639   1.83974573 101.88231341  10677.036007434130 10675.284480861888 1.751526572241 
  1.23630111   1.68888476  83.15131385  10685.793392419815 10693.032955045031 -7.239562625216 
  1.10887389   1.68888476  68.92823517  10689.576276347041 10686.800571907677 2.775704439364 
  1.08365048   1.71686321  66.25661242  10692.208953529596 10685.690369880411 6.518583649186 
  1.11131174   1.46416526 105.21552681  10705.142191901803 10718.946484936534 -13.804293034731 
  1.11261402   1.71565910 140.04137921  10725.523181915283 10724.103321193103 1.419860722181 
  1.04175802   1.66228651  67.43221386  10731.575093612075 10731.996698119263 -0.421604507188 
  1.26483841   1.59395928 105.33033678  10734.198039948940 10740.848675366833 -6.650635417893 
  0.91799108   1.46724676  91.26485466  10738.074070110917 10747.915511403668 -9.841441292750 
  0.96936874   1.62720211  68.96945642  10757.918976366520 10762.535836719082 -4.616860352562 
  1.21475630   1.68888476  79.27280027  10765.363334804773 10773.260357511144 -7.897022706371 
  0.78795083   1.74524616 112.08358910  10777.162210986018 10780.240936693002 -3.078725706984 
  1.26182501   1.68888476  88.25662178  10777.998547673225 10780.120434772300 -2.121887099074 
  1.27759210   1.77615954 104.17006314  10783.649415716529 10788.049781317384 -4.400365600855 
  0.96446195   1.68888476  65.32663317  10793.746661841869 10794.191285883686 -0.444624041816 
  0.96446195   1.43216080 103.00000000  10794.102477014065 10795.950658239433 -1.848181225369 
  0.96446195   1.68888476 150.45226131  10797.132963880897 10816.011860325420 -18.878896444523 
  0.89533005   1.43908425 105.29917836  10818.692221447825 10806.367256754365 12.324964693460 
  1.11224783   1.68888476  68.84117008  10825.389766633511 10822.353760141252 3.036006492259 
  1.04088731   1.66636561  66.98985933  10825.934421449900 10832.183408318813 -6.248986868914 
  1.09622617   1.67161247  68.85385931  10833.155812993646 10834.431862157997 -1.276049164351 
  1.28488280   1.75316583 103.00000000  10838.655084297061 10840.515755819979 -1.860671522918 
  1.19394698   1.68888476  76.20874375  10845.697184383869 10843.726199681787 1.970984702082 
  0.82683537   2.00736085  98.71897468  10857.814160734415 10856.665856713289 1.148304021126 
  1.17526114   1.50037933 102.40845525  10864.138323754072 10866.180455155431 -2.042131401358 
  1.29075279   1.67829701 103.00000000  10871.600875735283 10869.086960145341 2.513915589941 
  1.29145729   1.68888476 103.00000000  10880.659489348531 10877.740280728094 2.919208620437 
  0.98004626   1.99084426 133.76710988  10884.972267657518 10892.274312300895 -7.302044643377 
  1.26452488   1.70590914  87.64418067  10892.292071938515 10888.440687713020 3.851384225494 
  1.12277160   1.68888476  69.36257864  10897.573969230056 10896.800784174886 0.773185055170 
  0.94765435   1.45849944 135.05878237  10899.028195902705 10916.337661728636 -17.309465825931 
  1.29189814   1.70043766 103.57164824  10900.071578994393 10902.809693259695 -2.738114265301 
  1.27750170   1.71189200  91.33594356  10906.043024107814 10906.176628174417 -0.133604066603 
  0.96446195   1.56822583  73.78311990  10907.132070586085 10905.930714628763 1.201355957322 
  1.26516957   1.68888476  88.37600556  10909.106889486313 10911.172939989683 -2.066050503370 
  0.93942294   1.80434808  61.73844686  10918.187515243888 10901.225026766273 16.962488477615 
  0.81812247   1.68888476  78.27755864  10926.407742843032 10930.195134344496 -3.787391501464 
  0.78237460   1.66940676  96.63509228  10939.306156158447 10941.134403712307 -1.828247553860 
  1.20639749   1.52523329 100.70303490  10939.751560747623 10942.755125416685 -3.003564669061 
  1.29206393   1.68888476 105.50642116  10955.084028512239 10952.609873365534 2.474155146705 
  0.78226842   1.69791596 110.89129180  10966.969363719225 10981.904102722667 -14.934739003442 
  0.98526705   1.43138019 103.00000000  10979.081072315574 10979.826643873546 -0.745571557973 
  1.29287525   1.67209761 103.00000000  10986.446003347635 10989.622035518978 -3.176032171343 
  1.07685979   1.45548200 100.10406636  10992.017221048474 10997.576505777977 -5.559284729503 
  0.81526699   1.95762233 103.00000000  11003.162150025368 11005.312967975500 -2.150817950132 
  1.19484992   1.68888476 131.32176679  11011.305904895067 11010.600353802214 0.705551092853 
  0.98803951   1.51213934 145.11400351  11011.845752313733 10980.593552569208 31.252199744526 
  1.27090985   1.66110103 116.47177487  11025.587794646621 11023.346992556057 2.240802090564 
  1.11279033   1.69788408 141.35592907  11030.017691761255 11024.036384915451 5.981306845804 
  1.26174438   1.68888476  86.76963705  11047.488522231579 11051.511010914206 -4.022488682627 
  1.24096252   1.89813062 101.53644322  11061.703146949410 11054.322933571430 7.380213377981 
  1.28117152   1.63835837 111.84282600  11064.827801167965 11060.938832357957 3.888968810008 
  0.96446195   1.68888476 151.15577889  11064.834097936749 11063.840008308434 0.994089628315 
  1.29508116   1.68888476 100.64422256  11065.094558924437 11066.039413956923 -0.944855032487 
  0.77889447   1.68888476 103.00000000  11066.348291784525 11067.826393564374 -1.478101779849 
  0.95672705   1.58358090  72.12804273  11069.622298821807 11070.544038220738 -0.921739398931 
  1.28443291   1.77384739 104.26393964  11083.327266961336 11077.535843451587 5.791423509749 
  1.29549929   1.68689003 104.46960278  11085.040486738086 11082.314175708501 2.726311029584 
  1.28804454   1.68888476  94.87090038  11086.921820655465 11083.707081750337 3.214738905128 
  1.22584748   1.68888476 126.67200186  11097.234072744846 11094.485026080918 2.749046663928 
  1.06921171   1.68888476 145.91467517  11106.952552080154 11108.925609543630 -1.973057463476 
  0.77920873   1.71407888 103.00000000  11111.956450402737 11113.432463102390 -1.476012699653 
  0.82991450   1.47697821 108.65480370  11116.117307424545 11114.490802573135 1.626504851411 
  1.28041338   1.79204797 104.58269333  11146.232812270522 11139.788124758212 6.444687512310 
  0.78334597   1.68888476  93.04746102  11155.510137572885 11155.493138168018 0.016999404867 
  1.29168253   1.64034640 103.00000000  11187.423441201448 11186.160215028051 1.263226173398 
  0.79271227   1.85115568 103.00000000  11208.651015385985 11212.732513293444 -4.081497907458 
  1.27095340   1.58835318 103.00000000  11213.685881614685 11210.255687053042 3.430194561643 
  0.97968284   1.68888476  64.51666924  11215.009254366159 11217.884785277663 -2.875530911504 
  1.29899497   1.68888476 103.00000000  11218.174676209688 11221.342782945050 -3.168106735362 
  1.27731881   1.81255139 103.28267682  11224.586702167988 11229.916276577616 -5.329574409629 
  0.89243821   1.43906689 103.00000000  11237.454674482346 11228.697634560243 8.757039922102 
  1.29085200   1.69623090 110.78145001  11240.807130247355 11243.827299608121 -3.020169360767 
  0.96446195   1.68888476  64.62311558  11246.602129384875 11241.535674895274 5.066454489601 
  0.92158783   1.56557974  74.51563815  11252.993984058499 11257.420547305450 -4.426563246951 
  1.23775051   1.54325402 103.00000000  11257.064349308610 11261.739675663139 -4.675326354529 
  0.98262701   1.47756524  86.28147238  11258.813365399837 11265.152947448258 -6.339582048420 
  1.29290697   1.64947470 108.75191139  11273.287850201130 11277.220154166363 -3.932303965234 
  0.96446195   1.45470390  91.77225149  11278.252398937941 11284.629395898217 -6.376996960276 
  0.82089090   1.69854155  76.36159848  11283.405361488461 11292.627223407970 -9.221861919508 
  0.79036027   1.66801162 121.53168566  11284.461737260222 11288.863867629421 -4.402130369199 
  1.23496143   1.54418513 100.71220026  11288.004283413291 11286.076875281467 1.927408131824 
  0.96464303   1.46822874 139.05401092  11291.939430668950 11286.389904675751 5.549525993199 
  1.10876062   1.68888476  67.62726827  11295.954159691930 11292.952399835263 3.001759856666 
  1.29182222   1.63092838 104.03471822  11298.077719986439 11297.462358494266 0.615361492173 
  0.96446195   1.68888476 151.85929648  11310.349965348840 11311.133339964606 -0.783374615767 
  1.20440190   1.68888476  76.05168188  11314.367756247520 11319.629982449818 -5.262226202298 
  0.87033460   1.69986649  68.65344946  11316.478863209486 11312.401365614571 4.077497594915 
  0.96446195   1.67751262  65.07571185  11320.505142673850 11321.891640169475 -1.386497495625 
  0.99264340   1.81291184  60.04557409  11341.697599291801 11342.338899439808 -0.641300148007 
  1.28968322   1.62338241 107.57399429  11343.500700861216 11348.766908162093 -5.266207300878 
  0.95383587   1.51161066 146.92661671  11348.550804078579 11343.536003317495 5.014800761084 
  0.83424822   2.04425584 103.00000000  11358.094050586224 11359.691264418885 -1.597213832662 
  1.26392357   1.86272336 100.30754994  11360.733291491866 11355.579101917698 5.154189574168 
  0.84728973   1.68888476  71.81765965  11366.224959388375 11360.147023562988 6.077935825388 
  0.84978038   1.68888476  71.46514272  11367.102797120810 11362.229629787409 4.873167333400 
  0.96446195   1.80986763  60.24135026  11378.774831429124 11372.793047982990 5.981783446134 
  1.29322280   1.68888476 111.20261015  11379.231203019619 11376.096557937870 3.134645081749 
  0.77695441   1.66523408 103.00000000  11385.159223541617 11386.685585398247 -1.526361856630 
  0.96446195   1.54268451  75.73616375  11396.614000767469 11404.038738388261 -7.424737620791 
  1.23556215   1.67874600 126.40712482  11421.703899845481 11419.948295492155 1.755604353326 
  1.26295374   1.68888476 120.77317007  11422.438718199730 11418.575981459506 3.862736740224 
  1.29763920   1.68888476 109.43143092  11425.082333147526 11422.457374352089 2.624958795437 
  1.30085042   1.68888476 107.34764212  11429.843581572175 11431.870000207377 -2.026418635201 
  0.96446195   1.67403057  65.09147020  11434.588418185711 11431.535328419099 3.053089766612 
  1.11443449   1.68888476 142.55700511  11437.538244634867 11436.075773611225 1.462471023642 
  1.03669236   1.69022642 149.27196942  11437.804762229323 11438.532638700379 -0.727876471055 
  1.30389179   1.69746648 103.00000000  11441.197229772806 11441.155875582983 0.041354189823 
  0.96446195   1.59873740  70.11119707  11442.633395671844 11443.864708577214 -1.231312905369 
  0.77970497   1.61478844 103.73208484  11444.782982513309 11443.080725471422 1.702257041887 
  0.78762250   1.69583250 119.57550701  11444.898892000318 11448.242178708357 -3.343286708039 
  1.15251656   1.47467171 105.31006174  11448.306910768151 11449.905860872515 -1.598950104364 
  1.13524594   1.69868006 140.17296761  11451.544333770871 11459.643785661379 -8.099451890508 
  0.94475444   1.45840879  90.50826275  11463.920679762959 11460.117853312910 3.802826450050 
  1.00375489   1.66793038  65.23109128  11465.179851546884 11475.636883022558 -10.457031475675 
  0.96446195   1.42587940 103.00000000  11465.697687044740 11475.742138225689 -10.044451180949 
  1.07156675   1.45656259  96.58371383  11468.649531677365 11471.755541313194 -3.106009635829 
  0.86089739   1.69539218  69.56619811  11482.672612935305 11480.857991539613 1.814621395692 
  1.28132104   1.59572908 102.52364997  11512.263107374310 11512.732136829469 -0.469029455158 
  1.15149667   1.48570557  98.06901451  11522.762164309621 11523.516373425537 -0.754209115916 
  1.30063979   1.73926870  96.68982507  11535.298756033182 11537.011688659277 -1.712932626095 
  0.92221831   1.65914049 152.59125876  11542.446758165956 11561.269953704417 -18.823195538462 
  1.30376103   1.68888476 107.06101086  11542.707209900022 11548.975930950448 -6.268721050426 
  0.78163861   1.60396975 112.42296256  11544.649506971240 11546.321309155965 -1.671802184725 
  0.96446195   1.68888476 152.56281407  11551.841119602323 11557.666257996732 -5.825138394410 
  0.85327277   1.44879926 110.59625562  11555.035055503249 11544.678027801479 10.357027701770 
  1.30653266   1.68888476 103.00000000  11568.270875766873 11564.709866087325 3.561009679548 
  0.96446195   1.61596209  68.53193840  11583.883901327848 11588.979429668230 -5.095528340382 
  1.14621531   1.68888476 139.52698110  11588.864577189088 11599.251749569070 -10.387172379982 
  0.98845312   1.42620875 124.21629315  11602.811723336577 11597.312503956935 5.499219379642 
  0.78601008   1.71803035  87.88719558  11619.740648716688 11618.206492597643 1.534156119045 
  1.29890613   1.68888476  94.43393424  11626.697282999754 11623.645619005023 3.051663994731 
  1.29996263   1.76273787  97.31201562  11637.138302356005 11630.455602753214 6.682699602790 
  1.22196343   1.68888476  77.35231272  11637.196909487247 11644.369031312721 -7.172121825473 
  1.30801081   1.68888476 104.93504469  11648.315835550427 11660.682729318663 -12.366893768236 
  1.07980837   1.44448710 103.00000000  11663.967383965850 11661.133565989297 2.833817976552 
  1.08062804   1.69894510 146.25674435  11685.843139708042 11673.533488852725 12.309650855317 
  0.84909840   1.72752176  69.44410715  11686.692631125450 11686.023674499647 0.668956625803 
  0.87068148   1.68888476  68.47436053  11692.702955886722 11688.686059222653 4.016896664069 
  0.96446195   1.68888476  63.91959799  11696.161173433065 11700.362823514834 -4.201650081768 
  1.28613439   1.68888476 116.43268674  11698.829952418804 11704.432982090993 -5.603029672189 
  0.96446195   1.68888476 153.00000000  11706.578188225627 11710.383030584318 -3.804842358692 
  0.96573790   1.50812517  79.84117320  11708.146868169308 11703.086902822428 5.059965346880 
  0.77904079   1.72177170  93.44584782  11710.141440153122 11709.486683065765 0.654757087357 
  0.78055639   1.74583998 111.09944965  11719.265625968575 11728.338686675716 -9.073060707140 
  1.25368080   1.55931758  98.65768752  11725.073986575007 11716.431210881738 8.642775693270 
  1.26459648   1.71190445  83.10350177  11737.241600990295 11747.530390121377 -10.288789131082 
  0.92495854   1.68320261  65.16684443  11741.232057794929 11736.265790296406 4.966267498523 
  0.79268689   1.67810930 124.93330839  11763.367830216885 11748.619706003796 14.748124213089 
  0.78416288   1.57079387 110.64929672  11767.619047731161 11771.225357509833 -3.606309778672 
  1.13363742   2.11497571 104.50017145  11780.456331059337 11790.477349006571 -10.021017947234 
  0.96446195   1.62022623  67.91686399  11793.456816345453 11785.365614039352 8.091202306101 
  1.26866001   1.86988882 102.39284068  11796.829291626811 11786.800161983225 10.029129643586 
  0.96446195   1.68888476 153.26633166  11798.678118467331 11803.204601782709 -4.526483315378 
  1.12139841   1.67898236  67.86707946  11804.251047611237 11792.142845459997 12.108202151239 
  1.17563996   1.69729926 136.41919742  11807.788050502539 11813.138613548579 -5.350563046040 
  0.79358623   1.88904087 100.43067575  11815.808599904180 11813.842253378050 1.966346526129 
  0.96446195   1.62409494  67.59817285  11817.725978791714 11812.465636637826 5.260342153888 
  1.29888452   1.75278064 108.94365983  11822.521161869168 11817.304845953349 5.216315915819 
  1.31245342   1.69322764 101.38484528  11842.280270725489 11838.070233394066 4.210037331422 
  0.85640744   2.11845417 106.96146576  11858.575510218740 11852.647155929137 5.928354289603 
  1.30271325   1.70449290  93.28363049  11861.839963972569 11856.318019162494 5.521944810074 
  1.30179044   1.68888476  93.41824875  11865.799482613802 11863.392398906584 2.407083707218 
  0.79920463   1.68888476 128.39686301  11870.538717240095 11832.487895592663 38.050821647432 
  1.27549064   1.66617007 120.38473206  11873.581364959478 11871.284146046593 2.297218912885 
  0.97584287   1.67481741  64.24550753  11874.032413661480 11880.942602193700 -6.910188532220 
  1.22202293   1.51434525 104.33262946  11876.795107051730 11881.245813825597 -4.450706773867 
  1.29900016   1.61530212 103.00000000  11880.599376410246 11884.375907737058 -3.776531326812 
  0.96446195   1.70293918  62.96851716  11885.161330014467 11889.675993928238 -4.514663913771 
  1.31360365   1.68748834 103.00000000  11888.052697107196 11888.210991954218 -0.158294847022 
  1.30822428   1.72392352 107.59066311  11892.015765622258 11898.294048370568 -6.278282748310 
  1.29751602   1.61109486 103.00000000  11895.820500865579 11895.250546708916 0.569954156663 
  1.30866594   1.66148644 108.40565829  11901.505090281367 11899.297269810993 2.207820470374 
  0.97807789   1.43681750  95.90523899  11902.528196379542 11892.923506451974 9.604689927568 
  1.31407035   1.68888476 103.00000000  11908.347137436271 11907.680315211126 0.666822225145 
  0.80062055   1.68888476  80.87269027  11911.548491418362 11908.981133757838 2.567357660524 
  1.28429277   1.65777694 118.35656363  11925.380127534270 11922.645780615330 2.734346918940 
  1.01773952   1.68722147  63.57197011  11938.906797558069 11946.056825856709 -7.150028298640 
  1.25990429   1.68888476  82.30044684  11939.832352280617 11948.741330718642 -8.908978438025 
  0.77734731   1.77021533  98.89923450  11947.174159139395 11952.682450236112 -5.508291096718 
  1.29810075   1.66470081  92.95684617  11950.812699407339 11949.308416545511 1.504282861828 
  1.30867241   1.72100009  95.07662888  11952.218336999416 11954.208736811075 -1.990399811659 
  0.90571259   1.62967251  68.85223625  11953.003660514951 11953.508283659341 -0.504623144390 
  0.82991225   1.47246849 103.00000000  11956.002292975783 11956.389771509161 -0.387478533377 
  0.96446195   1.46318107  87.79353989  11958.124242857099 11959.256175125731 -1.131932268632 
  1.04940589   1.67444649  64.76903460  11967.593129545450 11975.093817717203 -7.500688171753 
  1.31526220   1.67806437 103.00000000  11978.465720579028 11984.981145236030 -6.515424657002 
  1.29682580   1.79716528 105.09088883  11988.554098963737 11989.044497993382 -0.490399029644 
  0.94233713   1.48505186 144.90427381  11992.890062540770 11985.048421330461 7.841641210309 
  0.92807638   1.70276062  63.74098119  11996.044295489788 11987.373311121921 8.670984367867 
  0.81395861   1.49251145 103.00000000  12002.607398778200 12010.621311799730 -8.013913021530 
  1.31153830   1.75229929 103.00000000  12047.339539557695 12051.615919352425 -4.276379794730 
  1.31464132   1.68888476 107.31079312  12057.569929450750 12054.675980179863 2.893949270887 
  1.31741462   1.69365695 102.34344067  12058.023548081517 12055.716602585519 2.306945495999 
  1.08842503   1.44541997 101.57862132  12059.972133174539 12058.313870216314 1.658262958224 
  1.31369524   1.68888476 108.26208065  12070.166871577501 12066.879578378370 3.287293199131 
  0.77345432   1.68888476  98.17058879  12085.229880765080 12087.093894554077 -1.864013788996 
  1.10745522   1.67329162 145.38325104  12099.739446252584 12089.889434791887 9.850011460698 
  1.12722288   1.69454008 142.97420859  12107.316272795200 12098.120755587834 9.195517207367 
  1.01288721   1.68888476  63.17342845  12108.926306441426 12116.362861684360 -7.436555242934 
  0.77264823   1.71386024 103.00000000  12122.098654448986 12125.541531283137 -3.442876834151 
  0.96446195   1.56516920  72.08588235  12123.927444532514 12130.177469157537 -6.250024625024 
  0.84038334   1.68555982  71.52452196  12142.620722725987 12144.636307932395 -2.015585206407 
  1.30769179   1.64778973 111.45832707  12150.128904804587 12147.937209940039 2.191694864548 
  1.08747273   1.44691736  99.93346884  12160.650980770588 12169.459699906907 -8.808719136319 
  0.97778958   1.94210871  57.08657007  12214.861910015345 12212.578042295801 2.283867719543 
  1.31043368   1.62647472 103.19863766  12219.092313334346 12213.223862293798 5.868451040547 
  0.91963648   1.76561305  61.37591490  12221.538848370314 12207.497688595386 14.041159774928 
  0.77135678   1.68888476 103.00000000  12237.101363524795 12238.667164572784 -1.565801047989 
  1.31788163   1.68269012 108.08218600  12247.525968506932 12244.235542630682 3.290425876250 
  1.32160804   1.68888476 103.00000000  12254.264295548201 12250.100525236840 4.163770311361 
  1.30098092   1.65361405  92.58659915  12271.881858885288 12268.314071138968 3.567787746320 
  1.01478785   1.74630803  60.47286701  12278.101015493274 12284.691900268972 -6.590884775698 
  0.99404410   1.66106222  64.32989696  12283.977987617254 12291.920288658344 -7.942301041090 
  0.77099895   1.68718674 103.00000000  12292.608670905232 12294.177949052166 -1.569278146933 
  0.84468289   1.68888476  70.45496646  12304.882613331079 12305.637087502229 -0.754474171150 
  0.96446195   1.68888476  63.00000000  12315.117043167353 12317.918598627310 -2.801555459957 
  0.77498423   1.76996633 103.00000000  12326.406814292073 12328.044584075069 -1.637769782996 
  0.84012321   1.69493831  70.79866413  12331.582694083452 12333.160456144265 -1.577762060813 
  0.96446195   1.64190051  65.61575915  12334.012547850609 12337.894402462600 -3.881854611991 
  1.32209806   1.66793391 103.00000000  12340.675007179379 12337.133264423270 3.541742756110 
  0.78269045   1.74335204  86.70878814  12344.794522449374 12343.747662195641 1.046860253733 
  1.29173850   1.84181016 103.00000000  12363.892284393311 12354.836815685303 9.055468708008 
  0.92848298   1.65040867  65.90879140  12367.934103503823 12365.219080084082 2.715023419742 
  1.13779164   1.71157978 142.18809283  12377.300318419933 12368.339420850969 8.960897568964 
  1.29474455   1.68906543  87.68594537  12380.223439753056 12381.162854549921 -0.939414796865 
  1.28690700   1.85912549 102.06736653  12409.679902702570 12401.984698723063 7.695203979507 
  0.96446195   1.40986273 112.72121832  12411.925436660647 12415.375098686391 -3.449662025743 
  1.28817198   1.68253108 120.32322755  12439.412679970264 12438.163595421873 1.249084548392 
  0.82537624   1.64898009  75.42339710  12442.103524386883 12441.883950458052 0.219573928831 
  1.31621898   1.68888476  94.13376402  12449.572192117572 12446.760085157635 2.812106959937 
  1.28238816   1.87575752 100.55043496  12460.966035977006 12450.092559536823 10.873476440183 
  1.32622663   1.69460302 103.00000000  12461.336022496223 12456.456543863025 4.879478633198 
  0.81335053   1.68888476  75.85590983  12473.501080423594 12476.501342382448 -3.000261958854 
  0.77372017   1.70917524  93.73374317  12476.716103762388 12477.697624634784 -0.981520872396 
  0.92803476   1.68529528  63.83797115  12488.744815036654 12484.665319436244 4.079495600410 
  0.77491518   1.66679742 115.53833592  12493.203763484955 12505.937224802021 -12.733461317066 
  1.13885929   1.45793009 103.00000000  12502.835238277912 12503.350955433649 -0.515717155737 
  1.05228442   1.71601469  61.87533347  12512.312342971563 12514.439692583894 -2.127349612330 
  1.30505453   1.81479549 102.80110928  12520.258114382625 12512.038932724607 8.219181658018 
  1.30764126   1.60481139 101.81456240  12527.540200680494 12526.028400356390 1.511800324104 
  0.77192523   1.71999980 108.79908656  12539.986977547407 12542.125689575663 -2.138712028256 
  1.02547705   1.72363833  60.98988167  12559.830909058452 12578.010345083849 -18.179436025397 
  1.26936723   1.90509744 103.19778503  12571.443653240800 12573.862323717702 -2.418670476902 
  0.93449355   1.46380161  86.77882305  12583.994076922536 12570.262533959185 13.731542963351 
  0.94174007   1.68888476  63.08564651  12584.757809996605 12582.698700728284 2.059109268321 
  1.32914573   1.68888476 103.00000000  12593.141962125897 12591.823781330140 1.318180795757 
  0.92039554   1.41930894 103.00000000  12596.268699824810 12603.062351219822 -6.793651395012 
  1.30789198   1.81292626 103.00000000  12629.663375854492 12621.543405513441 8.119970341051 
  1.26991130   1.70022746 124.77531488  12637.492239028215 12632.389319343612 5.102919684603 
  1.13560357   1.68382401  66.67459681  12640.439898997545 12637.526187224394 2.913711773152 
  1.01313701   1.68888476  62.35207875  12643.138901054859 12651.875628149335 -8.736727094476 
  0.96446195   1.68888476  62.51256281  12650.106321811676 12653.654456328526 -3.548134516850 
  0.78157510   1.67416807 122.21058444  12676.972528696060 12677.195774967433 -0.223246271373 
  0.98716689   1.53480703  74.47548060  12679.062828108668 12687.130665779545 -8.067837670877 
  0.82295849   1.66531332  74.41999677  12715.347771719098 12717.714637315432 -2.366865596334 
  1.29678077   1.68888476  86.30409711  12730.734883368015 12736.507397910978 -5.772514542963 
  1.32748781   1.74200503  97.88032280  12737.305959761143 12731.352766430638 5.953193330504 
  1.32195139   1.68888476 111.95553955  12745.781821817160 12744.598198941922 1.183622875238 
  0.77040458   1.68888476 110.83738709  12748.577113047242 12747.202459260927 1.374653786315 
  1.08611798   1.68888476  63.75241170  12749.289443865418 12758.015361736128 -8.725917870710 
  0.97907984   1.57037373  70.49527467  12755.925702467561 12760.066757039693 -4.141054572132 
  1.32595681   1.64317148 107.75497804  12767.865420818329 12765.383818410943 2.481602407386 
  1.14318105   1.68888476  66.60256021  12769.171670854092 12764.162950558479 5.008720295613 
  0.77871312   1.72839790 117.94865468  12777.002697095275 12774.667997756243 2.334699339031 
  1.32720672   1.75391715 103.00000000  12787.006051927805 12780.640769735808 6.365282191997 
  1.32298942   1.77885188 100.28057387  12797.425039350986 12799.272151820402 -1.847112469415 
  0.96446195   1.49658016  79.61940251  12806.878283441067 12804.599253097147 2.279030343920 
  1.12013433   1.68888476  65.11573706  12831.822095215321 12830.143740424361 1.678354790960 
  0.80052092   1.72758758  77.23475344  12832.794127926230 12836.259049809243 -3.464921883013 
  0.98428212   1.55306814  72.10199050  12844.441495493054 12856.086350726873 -11.644855233819 
  0.80697444   1.68888476  76.56761850  12870.079081043601 12872.109715827179 -2.030634783578 
  0.96353368   2.04540867  56.35858386  12880.152107611299 12876.447351568180 3.704756043118 
  1.14712175   1.70207765  65.92043689  12882.560255214572 12876.154170048352 6.406085166220 
  0.97437036   1.94882768  55.73325708  12886.036823675036 12899.717638214004 -13.680814538968 
  0.77769820   1.56516962 104.88278406  12901.622833445668 12883.515456523355 18.107376922313 
  1.23561141   1.98379898 104.27014430  12903.722305476665 12893.735030957110 9.987274519555 
  1.05485060   1.42551501 103.00000000  12905.956385418773 12894.484085895439 11.472299523333 
  0.96446195   1.70739722  61.25730304  12914.665070191026 12920.639250873488 -5.974180682462 
  1.32810683   1.72114595 109.63816758  12915.692488104105 12935.988117962490 -20.295629858385 
  0.96446195   1.41331658 103.00000000  12937.419035613537 12925.241608896175 12.177426717362 
  1.33668342   1.68888476 103.00000000  12940.889476001263 12932.710008511160 8.179467490103 
  0.76827354   1.63770446 103.00000000  12948.700015246868 12950.769223150717 -2.069207903849 
  1.13725617   1.68888476  65.77221504  12983.844529628754 12979.600028041548 4.244501587205 
  1.29660000   1.69568448 121.01005471  12988.409415349364 12989.237791543701 -0.828376194337 
  1.33150260   1.64039673 103.00000000  12993.409066617489 12985.340994375778 8.068072241711 
  0.96446195   1.68888476 156.78391960  12994.526848867536 13007.199536281125 -12.672687413589 
  0.84367807   1.68888476  69.37104248  12997.005721017718 13006.518955820029 -9.513234802311 
  0.96446195   1.44144316  90.88648966  13006.775481715798 13006.434954173532 0.340527542266 
  0.98245887   1.68888476  61.78626425  13015.207764551044 13029.282378819691 -14.074614268648 
  0.98578843   1.52084953  75.68643421  13021.921377003193 13024.559470451002 -2.638093447809 
  0.82280969   1.65619762  74.33948487  13029.928471609950 13031.822485710041 -1.894014100091 
  1.32235763   1.68888476 114.60996395  13075.307667478919 13070.795487736092 4.512179742827 
  1.33906226   1.70889258 104.07107882  13077.333099722862 13072.117351892912 5.215747829950 
  0.87233156   1.67381692  66.81378070  13107.405656039715 13102.214467849977 5.191188189738 
  0.91520379   1.41559623 103.00000000  13137.084367603064 13146.571936189614 -9.487568586550 
  0.78082601   1.68888476  85.21091603  13199.264343127608 13198.203664975339 1.060678152269 
  1.26598319   1.69667369 127.92533276  13214.488114386797 13210.742615166087 3.745499220709 
  0.96446195   1.68888476 157.48743719  13225.993353158236 13241.393320898584 -15.399967740348 
  1.34258474   1.69786060 105.24302365  13242.758861944079 13237.846163758342 4.912698185737 
  0.76732554   1.71240625 109.20522473  13259.661027103662 13260.863650856949 -1.202623753286 
  1.26257017   1.68160836  78.18811858  13260.666671991348 13267.938761147143 -7.272089155795 
  0.76543747   1.68888476 100.58863205  13266.474236056209 13269.088848837404 -2.614612781195 
  1.34422111   1.68888476 103.00000000  13277.221733450890 13272.625533632799 4.596199818090 
  1.14748151   1.69824192  65.28824075  13277.578506991267 13268.883609199731 8.694897791536 
  0.78438550   1.70355859 125.67252497  13286.181323379278 13264.257639744275 21.923683635003 
  1.30935791   1.68888476  86.37384495  13290.572653919458 13296.568768001162 -5.996114081703 
  0.80142083   1.97555309 105.94606834  13304.784649327397 13301.416313997306 3.368335330091 
  0.77106682   1.74802815 111.96081891  13311.321677222848 13327.650029148786 -16.328351925938 
  0.96446195   1.44375189  89.43526196  13325.492132425308 13319.603020328073 5.889112097235 
  0.94172779   1.57310351  69.89561401  13331.107659697533 13335.120072745220 -4.012413047687 
  0.92896562   1.57318896  70.24715230  13342.891331151128 13345.129966522540 -2.238635371412 
  0.95403153   1.92949462  55.24656952  13381.782312735915 13369.923465479327 11.858847256588 
  0.76446195   1.68888476 103.00000000  13392.427430272102 13383.462627844305 8.964802427798 
  1.34371700   1.65501426 103.00000000  13398.777841061354 13394.800188923233 3.977652138121 
  0.96446195   1.73985011  59.20777573  13408.541733428836 13418.465180271509 -9.923446842673 
  1.24319277   1.50540216 103.00000000  13412.851720809937 13417.484141953109 -4.632421143173 
  1.32538841   1.59659062 103.96022280  13421.866102397442 13421.030267138845 0.835835258596 
  0.79052813   1.94146937  99.70145863  13435.379276469350 13434.754886516466 0.624389952884 
  1.34448452   1.67139172  99.29558552  13436.575340062380 13431.930669529842 4.644670532538 
  1.29972301   1.68888476  83.58325966  13439.217078104615 13444.210439681303 -4.993361576688 
  1.32866543   1.60146413 106.63032576  13443.009212777019 13442.205308306997 0.803904470022 
  0.96446195   1.68888476 158.19095477  13455.869856968522 13472.729763276311 -16.859906307789 
  1.12762044   1.68705892  64.32688793  13479.008806645870 13477.511909010904 1.496897634966 
  0.76381910   1.68888476 103.00000000  13492.222280398011 13493.912595816417 -1.690315418406 
  1.28264774   1.53756959 103.00000000  13499.855222970247 13502.255740018663 -2.400517048416 
  0.80498966   1.69860042  75.22484872  13530.086857646704 13532.431038111925 -2.344180465221 
  1.19086353   1.47054190 103.00000000  13550.999432489276 13557.859229473062 -6.859796983787 
  1.35090587   1.69955295 103.80581094  13580.629854738712 13581.504254492078 -0.874399753366 
  1.29007636   1.69058861  81.04366513  13586.862780958414 13590.890031259811 -4.027250301397 
  0.79648662   1.70872025  77.09005074  13611.368450343609 13613.205221613545 -1.836771269936 
  0.76551601   1.74964649 103.00000000  13614.303680568933 13616.260541578127 -1.956861009194 
  1.34200501   1.77029003 103.00000000  13614.822049871087 13616.619863951915 -1.797814080828 
  0.79781698   1.68888476  77.40910626  13623.629412919283 13615.043619979677 8.585792939606 
  1.35031298   1.66463315 103.00000000  13629.961490869522 13625.485233651038 4.476257218485 
  1.34094178   1.70723393  92.91501419  13636.582917481661 13638.234932948675 -1.652015467014 
  1.32267231   1.58730280 101.56346206  13639.206743195653 13634.732353484584 4.474389711069 
  0.96446195   1.68888476  61.10552764  13640.738577991724 13656.640768011874 -15.902190020150 
  0.99255251   1.44363443  88.95064303  13650.870393693447 13644.564776434683 6.305617258764 
  0.96446195   1.72486428  59.43940575  13669.946550890803 13679.818467883950 -9.871916993146 
  1.34628252   1.74381461  96.15311825  13681.754262015224 13676.850472257589 4.903789757635 
  1.25060398   1.69949144 132.04413480  13682.773941889405 13684.838274508049 -2.064332618644 
  0.96446195   1.68888476 158.89447236  13687.029187500477 13700.915218483276 -13.886030982800 
  1.34345662   1.75519770 106.91077353  13687.983310893178 13706.074946213477 -18.091635320299 
  0.96446195   1.40703518 103.00000000  13701.874398514628 13696.838047294981 5.036351219647 
  0.92559535   1.76111680  59.04452160  13702.847567677498 13711.390641887614 -8.543074210116 
  0.96096368   1.55414159  70.82666533  13707.053263232112 13710.715568541624 -3.662305309512 
  1.32431747   1.66482779  89.28431293  13709.576093614101 13708.968686689230 0.607406924872 
  1.34852352   1.68888476 109.47999619  13712.246379315853 13713.965631916750 -1.719252600897 
  0.92498436   1.73660755  59.94600349  13713.962571188807 13720.346001061253 -6.383429872445 
  1.05232276   1.41075630 111.04758158  13715.570887073874 13708.183324251957 7.387562821918 
  0.84967277   1.43620774 103.00000000  13718.722616016865 13717.038833623319 1.683782393546 
  1.34057799   1.68888476 113.35669122  13721.973808243871 13728.417259052849 -6.443450808978 
  1.21475695   1.48351587 101.97927278  13733.326033264399 13719.069861208789 14.256172055610 
  1.09877837   1.68888476  62.47064711  13741.401797682047 13743.485197046659 -2.083399364612 
  1.35267839   1.75220449 103.68215922  13751.461277917027 13939.005129805993 -187.543851888966 
  1.34352344   1.62260290 107.19249454  13759.173512667418 13758.446547360340 0.726965307078 
  0.80792139   1.68888476  74.41083357  13760.970154076815 13760.945817114722 0.024336962093 
  1.06943874   1.42326207 101.67949568  13764.095453441143 13773.747804151011 -9.652350709868 
  0.81925045   1.71901395  70.74241966  13789.049338102341 13792.630831759559 -3.581493657219 
  1.28532593   1.69821609 126.85272460  13797.124607205391 13799.176823582504 -2.052216377113 
  1.32666918   1.68888476  87.90553018  13804.031999543309 13801.501487669431 2.530511873878 
  0.79281664   1.67808427  78.95455653  13815.135974630713 13813.658447922147 1.477526708566 
  1.30378478   1.68888476 123.66263475  13824.096278026700 13826.570409700664 -2.474131673964 
  0.89698607   1.68888476  63.23285936  13829.743351802230 13817.211167048717 12.532184753512 
  1.34750013   1.63755573 108.87173769  13829.762149170041 13826.310419074505 3.451730095536 
  0.81515367   2.06834225 103.00000000  13831.126935631037 13831.873710738233 -0.746775107196 
  0.96446195   1.67031315  61.83126557  13838.248522028327 13834.275253465301 3.973268563026 
  0.78713819   1.93172258 103.00000000  13839.565797746181 13837.872707885605 1.693089860577 
  0.83875773   2.15092838 105.78064396  13852.452827498317 13846.702497639026 5.750329859291 
  1.34046852   1.67844874 114.54806269  13854.011558845639 13852.081937637773 1.929621207866 
  0.77750294   1.56348989  96.78575827  13856.896345868707 13862.093901087983 -5.197555219276 
  0.78060785   1.89382411 103.00000000  13867.724918127060 13875.488059506015 -7.763141378955 
  0.90169332   1.64140391  65.53156715  13875.385387301445 13861.805464107652 13.579923193793 
  1.04923028   1.68888476  60.92840141  13876.002178728580 13884.393776319215 -8.391597590635 
  1.30850105   1.68888476  83.37320011  13880.567995846272 13889.573151630935 -9.005155784664 
  0.96446195   1.68888476 159.59798995  13906.432518616319 13925.650775473337 -19.218256857019 
  1.33969078   1.69001283 115.13734137  13917.490994066000 13913.741639234111 3.749354831889 
  0.76778044   1.75945315  91.63534982  13918.983373746276 13919.174426858288 -0.191053112012 
  0.78406103   1.67110541  82.19296362  13920.818455964327 13918.584228341701 2.234227622626 
  1.35929648   1.68888476 103.00000000  13954.277403950691 13949.039998781265 5.237405169426 
  0.98601212   1.68888476  60.45685441  13954.406846135855 13963.716984115676 -9.310137979821 
  1.33221787   1.67151833  89.30742781  13973.604255899787 13982.899647196835 -9.295391297048 
  1.35309919   1.68888476 110.41549142  13978.891565039754 13991.070077917806 -12.178512878052 
  0.83971957   1.44071601 103.00000000  13982.463868603110 13983.676857759940 -1.212989156829 
  1.11992688   1.44178696  98.96239128  13996.037785634398 13979.702096719588 16.335688914811 
  0.76231489   1.73506614 100.89973110  14012.086210146546 14014.566359651308 -2.480149504761 
  1.02247540   1.68888476  60.39605778  14013.773417070508 14024.935262756582 -11.161845686074 
  1.33240978   1.68888476  88.16272656  14014.538146615028 14017.935523215607 -3.397376600578 
  1.34591273   1.78945944 103.00000000  14031.471790269017 14024.039682419510 7.432107849507 
  1.25598262   2.00100985 102.61896977  14087.771279007196 14088.818010506169 -1.046731498973 
  1.27936022   1.68062214 129.32949020  14099.386937990785 14099.181073451908 0.205864538877 
  1.36187619   1.67426869 103.00000000  14099.487299397588 14096.922077868849 2.565221528739 
  0.95350098   1.51770138  74.55457733  14101.981129169464 14096.797748652130 5.183380517334 
  1.33219972   1.84096956 101.09487977  14126.568229943514 14118.430355523082 8.137874420432 
  0.96446195   1.68888476 160.30150754  14127.673271819949 14146.632984653497 -18.959712833548 
  1.35632644   1.73671527  95.75180493  14128.316254153848 14124.232026468288 4.084227685560 
  1.36352117   1.68888476 102.81440520  14143.213587224483 14137.748765675007 5.464821549476 
  0.77322207   1.66381629 123.40988836  14146.787744984031 14152.150939405054 -5.363194421023 
  0.78533891   1.93461141 103.00000000  14164.843338280916 14165.654898154145 -0.811559873229 
  0.76603184   1.79453444 103.00000000  14167.023059725761 14167.035056499617 -0.011996773856 
  0.96446195   1.68888476  60.40201005  14170.914260819554 14177.660079860700 -6.745819041145 
  1.36446195   1.68888476 103.00000000  14185.108193859458 14179.626333274904 5.481860584554 
  1.34783685   1.73291625 112.46225806  14188.936524748802 14191.668378818133 -2.731854069330 
  0.94199601   1.59017416  67.18961519  14190.622791960835 14191.364175350456 -0.741383389621 
  0.93607428   1.45858134  84.43448994  14198.116479918361 14198.211432088821 -0.094952170461 
  1.33492585   1.68888476 118.63446006  14233.959808632731 14228.356154110154 5.603654522578 
  1.36575140   1.70551991 103.00000000  14253.420769244432 14247.547118909295 5.873650335137 
  1.28105741   1.69134808  76.99034593  14256.203766465187 14263.564174793648 -7.360408328461 
  1.32803900   1.68888476 120.54685583  14270.326114147902 14264.808260717416 5.517853430485 
  0.76950934   1.83234394 103.00000000  14278.163290068507 14280.136808768370 -1.973518699862 
  1.34486789   1.69437019 116.19856195  14300.710023254156 14304.232349857564 -3.522326603408 
  1.23418303   1.67827306  71.42735681  14309.550355762243 14307.390737965346 2.159617796897 
  1.21063393   1.47166170 103.00000000  14310.016001731157 14306.158194622383 3.857807108774 
  0.88293234   1.64543647  65.82610005  14316.591113060713 14310.579767668900 6.011345391813 
  0.96032517   1.70460245  59.49543426  14335.736890241504 14345.645567227861 -9.908676986357 
  0.96446195   1.68888476 161.00502513  14336.760201990604 14363.554632880963 -26.794430890359 
  1.15900064   1.44480342 104.09864461  14342.895786672831 14344.685680015855 -1.789893343024 
  0.79809770   2.01120242 103.00000000  14373.572043046355 14377.784496765460 -4.212453719105 
  1.12261376   1.68888476  62.28822706  14382.282346472144 14373.798804452708 8.483542019436 
  1.34589068   1.68888476  89.56888590  14395.032443284988 14397.672428892620 -2.639985607631 
  1.31811315   1.68888476  82.83447736  14438.487185478210 14447.602652636317 -9.115467158106 
  1.35427022   1.70007693  91.43240797  14442.859071984887 14444.107670174151 -1.248598189264 
  1.34310772   1.67370902  89.12326919  14483.392471373081 14484.369295122924 -0.976823749843 
  0.94176494   1.56482012  69.01108836  14491.997278377414 14495.050943461569 -3.053665084155 
  0.95596486   1.54089951  71.13909091  14492.033707410097 14507.073882336486 -15.040174926389 
  0.96446195   1.40075377 103.00000000  14498.629317417741 14500.978850323194 -2.349532905453 
  1.26726137   1.50474271 103.00000000  14509.745295658708 14513.219224416880 -3.473928758172 
  1.31832276   1.55126685 103.00000000  14514.358375683427 14517.785117083034 -3.426741399608 
  1.33296931   1.68888476 120.81364847  14516.808554247022 14531.570159450743 -14.761605203721 
  0.96446195   1.48234149  78.91460305  14529.881554022431 14522.062412562569 7.819141459862 
  1.28588488   1.51626745 105.18113396  14537.210335493088 14535.478411628465 1.731923864623 
  0.77848603   1.68888476  82.02075596  14538.159607872367 14536.186053779133 1.973554093234 
  0.96446195   1.68888476 161.70854271  14555.124418929219 14576.105579426199 -20.981160496980 
  0.95136196   1.68888476  60.14291241  14556.270772933960 14561.216871165807 -4.946098231847 
  0.76859598   1.61253969  92.44522823  14583.318340837955 14592.092815609632 -8.774474771677 
  1.37437186   1.68888476 103.00000000  14625.774074420333 14620.118379058684 5.655695361649 
  0.89105332   1.63371546  65.57744723  14631.766434863210 14635.379945699617 -3.613510836407 
  1.20045485   1.68337291 141.98304076  14642.171514853835 14647.591449251226 -5.419934397391 
  0.85199381   1.42609500 103.00000000  14655.077574193478 14641.679445064921 13.398129128556 
  0.94312786   1.68888476  60.21479400  14655.404798179865 14658.525155291829 -3.120357111964 
  0.75874094   1.73562793 103.00000000  14656.523599773645 14658.303100638923 -1.779500865277 
  1.35842899   1.79603111 103.00000000  14679.351630672812 14678.306304563910 1.045326108902 
  1.33766955   1.68888476  85.85878176  14685.660306006670 14686.247757347517 -0.587451340847 
  1.22794891   1.68890912 138.63271453  14704.751369580626 14707.247465606166 -2.496096025539 
  0.96446195   1.68888476  59.69849246  14708.900756433606 14712.210627694387 -3.309871260781 
  0.83557492   1.43670057 103.00000000  14709.714078381658 14719.197293855570 -9.483215473912 
  0.76676416   1.67121768 121.02200144  14737.423372060061 14743.244640659563 -5.821268599502 
  1.04592451   1.66867559  60.67092416  14753.568071842194 14764.272751878310 -10.704680036117 
  0.96446195   1.68888476 162.41206030  14762.958232313395 14783.973663719707 -21.015431406313 
  1.37756100   1.70616605 103.48745132  14784.883114486933 14778.844478337396 6.038636149537 
  0.91541315   1.40227383 103.00000000  14787.800505965948 14796.000080286514 -8.199574320566 
  0.96566596   1.41661072  94.03275088  14804.858722120523 14814.175320160328 -9.316598039804 
  0.75628141   1.68888476 103.00000000  14836.061863720417 14837.786199882319 -1.724336161902 
  1.37096420   1.63558685 101.60108722  14837.495895221829 14840.166064870187 -2.670169648358 
  0.75796149   1.66905869 111.02920181  14840.693868860602 14838.632193611773 2.061675248829 
  1.37067588   1.70753275  94.26923326  14844.295536592603 14846.577760350579 -2.282223757977 
  0.77558451   1.52788730 103.00000000  14848.268812686205 14846.423877021720 1.844935664485 
  0.78045051   1.92967857 104.42294048  14866.671851247549 14867.188720952592 -0.516869705043 
  1.10485749   1.68188016  61.12010708  14871.618578702211 14876.820237931370 -5.201659229158 
  1.21527469   1.67178989  68.39506152  14872.079261675477 14874.733529947596 -2.654268272119 
  1.26021116   2.02477452 103.35780648  14875.335257172585 14891.694245507670 -16.358988335085 
  1.36083098   1.66800529 115.66707431  14897.058455899358 14891.787527643224 5.270928256134 
  0.87633609   1.43427920  93.27739954  14900.679551243782 14887.323286947460 13.356264296322 
  0.75598297   1.69491812 103.00000000  14904.372313067317 14906.033988821808 -1.661675754491 
  0.75596095   1.68888476 104.86471891  14908.590198278427 14908.547758830353 0.042439448074 
  1.01992500   1.63058431  62.56751089  14911.263340026140 14925.746689913285 -14.483349887145 
  1.37121143   1.62685684 103.00000000  14925.768690183759 14922.156643162823 3.612047020935 
  1.36398088   1.79626156 103.00000000  14931.921296969056 14931.854402086243 0.066894882813 
  0.96446195   1.68888476 163.00000000  14933.057595714927 14953.872809318756 -20.815213603830 
  1.36833496   1.68888476  93.06005660  14938.577530100942 14930.995125276317 7.582404824625 
  1.33814712   1.68888476  84.69093646  14939.080147072673 14946.380177979836 -7.300030907163 
  1.38190955   1.68888476 103.00000000  14959.125718846917 14953.384083171281 5.741635675637 
  0.96446195   1.68888476 163.11557789  14966.094682410359 14986.845635278511 -20.750952868151 
  1.37496155   1.68411448 110.71991304  14968.944797933102 14973.602390762928 -4.657592829826 
  0.91960947   1.40021095 103.00000000  14979.122876733541 14976.964332743819 2.158543989723 
  0.76349767   1.73054897 116.39296352  14993.235403165221 14991.492332581454 1.743070583767 
  0.76634272   1.55323430 107.67919565  14998.996996194124 15004.189472902512 -5.192476708387 
  0.80659737   1.68888476  72.24526320  15011.635926797986 15012.456409622553 -0.820482824567 
  1.31045316   1.92681482 104.75632010  15031.386493667960 15021.827095984110 9.559397683850 
  1.30560465   1.94672802 102.18890757  15081.582433611155 15071.997255229351 9.585178381803 
  1.30393001   1.68484463 129.02796832  15101.537276059389 15108.419427247716 -6.882151188327 
  1.34477260   1.68888476  85.35653762  15109.892823502421 15108.783072812714 1.109750689708 
  1.09096235   1.68888476  59.89608213  15136.413552820683 15137.688078028834 -1.274525208151 
  1.38293652   1.68888476 108.43028024  15164.228852003813 15162.184086173858 2.044765829954 
  0.96446195   1.68888476 163.81909548  15167.862343072891 15184.408161294024 -16.545818221133 
  0.75445496   1.67440659 103.00000000  15173.105577662587 15175.077796520625 -1.972218858038 
  1.28737342   1.51351749 100.40751499  15174.297349885106 15170.734133011409 3.563216873697 
  1.37548007   1.68888476 112.88130103  15208.913978040218 15210.786669912333 -1.872691872115 
  1.36999468   1.68888476 114.95469293  15212.504184082150 15217.186536033079 -4.682351950929 
  1.31438715   1.53085109 103.00000000  15216.548234611750 15210.784298686021 5.763935925728 
  0.95488124   1.74228931  56.83776476  15219.002237871289 15240.813032190234 -21.810794318944 
  1.04986770   1.40471485 103.00000000  15223.105288639665 15221.212635613019 1.892653026645 
  1.38800109   1.70992341 103.00000000  15243.865065813065 15245.648700744894 -1.783634931830 
  0.96446195   1.68888476  58.99497487  15251.794879212976 15260.701213203032 -8.906333990057 
  0.76007599   1.58645038 103.00000000  15252.963635906577 15250.398442538184 2.565193368393 
  0.96161204   1.43835179  86.43891478  15255.384728908539 15261.106145743777 -5.721416835238 
  1.38944724   1.68888476 103.00000000  15290.102606654167 15284.999505652269 5.103101001898 
  0.75579918   1.68888476 110.99830178  15290.781559109688 15287.825440907705 2.956118201982 
  1.24615516   1.47887231 103.00000000  15291.081888034940 15293.890400362137 -2.808512327198 
  1.11498040   1.70755446  59.38088520  15316.394411310554 15306.043278433626 10.351132876927 
  0.78679170   1.98862165 103.00000000  15325.186846733093 15323.088324764205 2.098521968888 
  0.96446195   1.39447236 103.00000000  15330.698883235455 15338.685946857226 -7.987063621771 
  0.96446195   1.68888476 164.52261307  15357.050787836313 15376.348860930335 -19.298073094022 
  0.83016281   1.68888476  67.40098370  15371.682626798749 15371.731034253473 -0.048407454724 
  0.96446195   1.60766069  63.80148143  15376.992592439055 15377.621729634138 -0.629137195083 
  0.96446195   1.53191823  70.71690410  15408.031457424164 15418.636269800749 -10.604812376585 
  1.19306910   1.70148794  63.41297618  15433.766099080443 15426.191306993329 7.574792087114 
  1.35337202   1.68888476  85.61275374  15438.762758463621 15445.678010250211 -6.915251786590 
  1.38356186   1.72610810 109.77612943  15439.515945404768 15448.270546680595 -8.754601275827 
  0.76088120   1.57421729 103.00000000  15454.316840082407 15447.274538638359 7.042301444048 
  1.36959764   1.68888476 117.16370761  15514.941228002310 15508.774719536010 6.166508466300 
  0.96446195   1.62339392  62.50196068  15518.586350560188 15517.582051263798 1.004299296390 
  1.09138392   1.68740519  59.37529604  15525.872483745217 15525.435521950025 0.436961795192 
  1.34189195   1.67224991 124.05984558  15540.627131044865 15537.697054297447 2.930076747418 
  0.96446195   1.68888476 165.22613065  15540.924242585897 15562.357376076921 -21.433133491024 
  0.75263968   1.68888476 105.28927932  15544.246954098344 15539.765256582899 4.481697515444 
  0.75778198   1.64049228 116.79688773  15567.709995895624 15573.828037405541 -6.118041509917 
  1.35012159   1.67910929 122.47753702  15580.154736667871 15575.538204687307 4.616531980564 
  1.32379636   1.68546619 127.57469107  15605.728163853288 15602.987385952902 2.740777900386 
  1.39698492   1.68888476 103.00000000  15620.640476390719 15614.869554363928 5.770922026792 
  1.26678070   1.48629015 103.00000000  15664.423604547977 15667.742392284752 -3.318787736775 
  0.86450002   1.68888476  62.99807939  15709.131899580359 15705.655099658354 3.476799922006 
  1.37307429   1.68888476  88.94113590  15718.590248420835 15725.440751228394 -6.850502807560 
  1.34286253   1.54806251 103.00000000  15721.502466157079 15719.767799931298 1.734666225781 
  0.96446195   1.68888476 165.92964824  15725.502798706293 15742.126484870476 -16.623686164183 
  0.99718283   1.68888476  58.05275774  15734.316220119596 15741.510492657368 -7.194272537772 
  1.31840478   1.52328336 103.00000000  15749.146137177944 15751.419294486255 -2.273157308311 
  1.35679518   1.71176894 121.30420936  15795.112961515784 15786.023111558185 9.089849957600 
  1.30694386   1.51257259 103.00000000  15806.784078240395 15809.451419904461 -2.667341664066 
  0.96446195   1.68888476  58.29145729  15816.192083433270 15823.558527377318 -7.366443944047 
  1.39492337   1.64726242  99.72227108  15850.622443854809 15846.350427970472 4.272015884337 
  1.39191991   1.69383383  94.04276751  15852.897367462516 15851.923293316064 0.974074146452 
  0.96446195   1.68888476 166.63316583  15884.353138625622 15915.353211841777 -31.000073216155 
  1.17681274   1.43914092 102.05736457  15900.502053841949 15886.194367671389 14.307686170559 
  0.96197900   1.66817604  59.31920874  15902.270036444068 15903.534257108922 -1.264220664854 
  0.91437741   1.71726786  58.26398799  15922.306734800339 15929.949788843005 -7.643054042666 
  1.38793888   1.68888476 114.40689195  15922.760211706161 15924.722849240041 -1.962637533879 
  1.36605991   1.67989251  86.53771150  15923.488601818681 15927.254427451116 -3.765825632436 
  0.96446195   1.53562755  69.58196697  15930.736293464899 15932.428538014592 -1.692244549693 
  1.40370846   1.67293627 103.00000000  15945.408279240131 15940.086011207637 5.322268032494 
  1.40452261   1.68888476 103.00000000  15948.607124209404 15942.905298287924 5.701825921480 
  0.75041096   1.68888476 104.22680540  15950.451035946608 15950.150068340890 0.300967605717 
  0.78727020   1.68888476  75.27930204  15974.273627981544 15971.076072739201 3.197555242343 
  1.34768311   1.54650650 102.98129615  15990.922799035907 15992.325307851079 -1.402508815172 
  0.90281423   1.70895065  59.08334929  15997.320230841637 16000.597306417661 -3.277075576025 
  0.75731597   1.68888476 118.35405641  15999.968337208033 16000.743264111534 -0.774926903501 
  0.75010381   1.68888476 104.92037381  16020.828891888261 16019.463463639868 1.365428248393 
  1.30678342   1.69282431  74.60965190  16042.493330538273 16041.845285905856 0.648044632417 
  0.96446195   1.68888476  58.00000000  16054.091885730624 16061.055178182312 -6.963292451688 
  0.96446195   1.68888476 167.33668342  16068.927587687969 16081.739980588460 -12.812392900491 
  1.27844880   1.70120896 135.98683292  16105.869176372886 16104.910889194089 0.958287178797 
  0.96446195   1.38888476 103.00000000  16109.469247490168 16112.928597904716 -3.459350414549 
  1.39566928   1.78652004 100.55314406  16176.670766979456 16173.531928656101 3.138838323355 
  1.39809357   1.61900270 106.63766184  16179.813919842243 16173.370636470812 6.443283371431 
  1.36767871   1.56312963 104.09011416  16191.963757157326 16193.232235608095 -1.268478450769 
  1.35619121   1.55174493 102.36863269  16200.655021041632 16201.251007796465 -0.595986754834 
  0.96446195   1.38819095 103.00000000  16204.076390579343 16211.015710734031 -6.939320154688 
  0.96446195   1.68888476 168.04020101  16230.465317904949 16240.995761832915 -10.530443927966 
  1.40189484   1.62826264 103.00000000  16237.437526211143 16234.069655693454 3.367870517688 
  1.41160176   1.69184291 103.00000000  16254.191601529717 16248.555282140038 5.636319389680 
  1.41206030   1.68888476 103.00000000  16273.194277793169 16269.021181842105 4.173095951064 
  0.74874372   1.68888476 103.00000000  16274.589838936925 16274.616582434901 -0.026743497976 
  1.40830703   1.73391682 105.55843986  16327.408592447639 16321.480697497513 5.927894950126 
  0.97039253   1.64411961  60.05768956  16337.723016306758 16333.188107748359 4.534908558398 
  1.41370752   1.68888476 101.91999210  16354.784694120288 16349.459861607300 5.324832512988 
  0.96446195   1.68888476 168.74371859  16384.802678570151 16392.837223352410 -8.034544782258 
  0.96446195   1.68888476  57.58793970  16395.137772813439 16401.226216424438 -6.088443610999 
  0.75747066   1.71448532  87.06487806  16422.330126166344 16429.703004320734 -7.372878154390 
  0.96446195   1.64918894  59.73430300  16426.284760922194 16421.117804710226 5.166956211968 
  1.39410885   1.80750687 103.00000000  16432.643939390779 16439.720475487426 -7.076536096647 
  1.40022706   1.61305399 102.08002080  16437.498939394951 16435.073730072272 2.425209322679 
  1.40324561   1.68888476  93.44558567  16438.290454670787 16438.242560814717 0.047893856070 
  0.76991484   1.67239557  81.20063430  16445.546006813645 16429.105364247196 16.440642566449 
  0.75621858   1.77800767 112.51697167  16445.645067945123 16441.892537563985 3.752530381138 
  1.40533011   1.62996044 109.65727792  16450.684706673026 16446.144051394975 4.540655278051 
  0.96446195   1.68888476 169.44723618  16531.629865542054 16536.989884249735 -5.360018707681 
  1.31416305   1.70276884 132.29623235  16541.626213684678 16543.161393567487 -1.535179882809 
  1.40351082   1.68888476  92.66382843  16548.880017757416 16542.434805511359 6.445212246057 
  1.36625325   1.56161123  99.08134861  16584.644379869103 16579.936556228986 4.707823640118 
  1.41959799   1.68888476 103.00000000  16598.500677242875 16593.136624017719 5.364053225156 
  1.32596537   1.51287789 103.00000000  16618.521323084831 16621.632073074969 -3.110749990137 
  1.15207783   1.69382055  59.09380937  16663.612222760916 16656.524742874946 7.087479885970 
  0.96446195   1.68888476 170.15075377  16666.143133357167 16673.189233794317 -7.046100437150 
  1.27642551   1.47804404 103.00000000  16670.646013393998 16669.190851836316 1.455161557682 
  1.05246879   1.65879872  58.65778199  16683.643394097686 16680.407762037568 3.235632060117 
  1.37175561   1.68694121 123.29373379  16698.321582674980 16692.965378266013 5.356204408967 
  1.41829315   1.65291321 102.04542213  16703.146875426173 16699.170541764604 3.976333661569 
  1.39572381   1.68888476  88.97217623  16725.002990648150 16729.248077024502 -4.245086376352 
  0.74739849   1.72609871 103.00000000  16729.732750281692 16730.193480830669 -0.460730548977 
  1.41613850   1.67227733 110.66339861  16744.788624778390 16739.316609125770 5.472015652620 
  0.75038368   1.67262655 115.29366264  16745.419507309794 16741.525953655389 3.893553654405 
  1.42054179   1.65448823 103.00000000  16764.999926924706 16760.854294430730 4.145632493975 
  1.40399047   1.79371317 105.10273366  16772.939572185278 16767.784743080520 5.154829104758 
  1.41981197   1.64503910 104.66043325  16792.954235494137 16788.977603634543 3.976631859594 
  1.36127624   1.67821862 126.14361674  16848.843512624502 16846.685329335880 2.158183288622 
  1.32875489   1.69214734  75.06836991  16877.792197361588 16873.291434184870 4.500763176718 
  1.01587490   1.64220610  59.20986510  16879.903784319758 16883.462987270588 -3.559202950830 
  0.95608335   1.44043775  82.83922256  16888.765333443880 16885.941049784189 2.824283659691 
  1.42713568   1.68888476 103.00000000  16919.240358844399 16915.175431235843 4.064927608557 
  0.96446195   1.68888476 171.55778894  16920.255642414093 16920.726478540491 -0.470836126398 
  0.86508860   1.40056999 103.00000000  16924.067647799850 16928.180973847266 -4.113326047416 
  1.40030290   1.59287621 100.54172666  16961.843737185001 16960.352583030734 1.491154154268 
  1.38188282   1.55961941 103.00000000  16975.661190941930 16977.592428139797 -1.931237197867 
  1.02206325   1.64770207  58.76423301  16978.855538666248 16971.536397609580 7.319141056669 
  0.96446195   1.68888476  56.88442211  16990.567192062736 16994.163647175905 -3.596455113169 
  1.39196639   1.68888476 120.37954747  16990.706956908107 16994.751814360803 -4.044857452696 
  1.40421680   1.58929243 104.44706085  17000.763017788529 17005.717172014014 -4.954154225485 
  0.79023347   1.46343846 103.00000000  17005.491426020861 17005.483600636286 0.007825384575 
  1.40645664   1.79963558 106.10842459  17023.908258408308 17019.212442283209 4.695816125099 
  0.74870834   1.61459131  99.46492545  17028.304391294718 17043.375547932832 -15.071156638114 
  0.96446195   1.68888476 172.26130653  17037.912060037255 17031.595080154813 6.316979882442 
  1.41851754   1.71444609 111.64629442  17050.353196725249 17045.186565481214 5.166631244036 
  1.39344873   1.68379037  86.81191968  17050.695363968611 17054.252310138290 -3.556946169680 
  1.39377023   1.57495608 101.92224472  17064.413095280528 17064.862617616425 -0.449522335897 
  0.75506333   1.71526661  86.16880887  17078.457787856460 17087.072146380753 -8.614358524293 
  0.77910691   2.01406734 103.00000000  17112.063514366746 17112.053385008359 0.010129358387 
  1.40149156   1.68888476 118.73187847  17113.250570103526 17115.522200549771 -2.271630446245 
  0.96446195   1.38190955 103.00000000  17121.446348786354 17119.057555970870 2.388792815484 
  0.96446195   1.68888476 172.96482412  17142.824431359768 17133.573824322390 9.250607037378 
  0.96446195   1.68888476 173.00000000  17147.830547258258 17138.435772285764 9.394774972494 
  0.79023655   1.69056215  72.00796716  17169.946230933070 17166.681329385297 3.264901547773 
  1.08482281   1.68602965  56.89452083  17183.406573951244 17157.542875751715 25.863698199530 
  1.43242390   1.66177396 102.27064155  17231.328707277775 17231.182963628446 0.145743649329 
  1.43467337   1.68888476 103.00000000  17234.857464253902 17235.065654132857 -0.208189878955 
  0.96446195   1.68888476 173.66834171  17238.554961428046 17226.464043682761 12.090917745285 
  1.23991653   1.45152596 103.00000000  17239.775328651071 17233.410838728214 6.364489922857 
  1.01718536   1.68888476  56.09570109  17284.797498360276 17270.606784125899 14.190714234377 
  0.96446195   1.68888476 174.37185930  17324.874090969563 17310.083124149412 14.790966820150 
  0.96446195   1.59952821  61.95324706  17367.524727478623 17353.178072993112 14.346654485511 
  0.78194447   1.70449357 138.81063463  17386.781704112887 17315.492230044456 71.289474068431 
  1.42138535   1.67236174 115.05970682  17398.990875437856 17394.003058408511 4.987817029345 
  0.96446195   1.68888476 175.07537688  17401.567542478442 17384.265331309267 17.302211169175 
  1.39842065   1.85449116 103.17603916  17423.270341068506 17425.088492552888 -1.818151484382 
  0.75086190   1.82414663 101.75172510  17428.574065625668 17425.983330090017 2.590735535650 
  1.33294974   1.69185746 132.82749678  17441.590451970696 17440.294919967375 1.295532003322 
  0.96446195   1.68888476 175.77889447  17465.774312391877 17448.862571818245 16.911740573632 
  1.31947640   1.49737297 101.00431474  17468.443197637796 17463.738563536899 4.704634100897 
  1.27869078   1.46891889 102.78908333  17476.155504167080 17478.382578466721 -2.227074299641 
  0.77116258   1.68888476  77.32400037  17487.839014589787 17484.598049571247 3.240965018540 
  0.96446195   1.49169231  72.85968224  17491.098261997104 17500.217158675448 -9.118896678345 
  0.96446195   1.68888476 176.48241206  17525.329794317484 17503.745068841570 21.584725475914 
  1.29999882   1.67636451  69.83704712  17542.565359354019 17531.247205519281 11.318153834738 
  1.27385982   1.68226777  66.28959197  17547.655745491385 17550.984962866227 -3.329217374841 
  1.44221106   1.68888476 103.00000000  17556.982481807470 17552.739449129065 4.243032678405 
  0.96446195   1.68888476 177.18592965  17572.079191982746 17548.801967693318 23.277224289428 
  1.43631987   1.73734867 106.61528165  17602.702872604132 17598.199890636999 4.502981967133 
  0.96446195   1.68888476  56.18090452  17603.316499099135 17602.844525819866 0.471973279269 
  0.96446195   1.68888476 177.88944724  17608.569171577692 17583.941851138043 24.627320439649 
  0.96446195   1.68888476 178.59296482  17634.704004153609 17609.093166895978 25.610837257631 
  1.34926910   1.69862283  75.18128387  17640.880407825112 17633.406866314359 7.473541510753 
  0.96446195   1.68888476 179.29648241  17650.412615284324 17624.204564958924 26.208050325400 
  0.96446195   1.68888476 180.00000000  17655.653765156865 17629.245137243503 26.408627913363 
  1.37079162   1.70206299 127.46317424  17667.821027055383 17667.642356910157 0.178670145226 
  1.21297121   1.67528216  61.27047065  17675.071912720799 17698.485603701396 -23.413690980597 
  1.43424420   1.65075931 112.18009177  17677.388198450208 17673.047861839026 4.340336611182 
  0.75786127   1.68888476  82.87953661  17694.549135833979 17696.972159616780 -2.423023782801 
  1.32469377   1.69350207  71.42587660  17725.136167302728 17710.600491880581 14.535675422147 
  1.44655322   1.68195309 103.00000000  17743.966845110059 17740.248554476006 3.718290634053 
  1.43883438   1.66935299 111.37044605  17748.737920492887 17744.345718832643 4.392201660245 
  1.41977991   1.67015840 118.28790218  17772.749110355973 17768.668700401820 4.080409954153 
  1.33091416   1.70021853  71.76488801  17773.193103641272 17759.475993486096 13.717110155176 
  1.30506566   1.69092711  68.62830181  17805.123164594173 17794.177304302073 10.945860292100 
  0.74120603   1.68888476 103.00000000  17808.437446147203 17808.798875528068 -0.361429380864 
  0.74130355   1.69865817 101.89842372  17824.045159026980 17826.895361211591 -2.850202184611 
  1.42738377   1.69678460 116.09229184  17841.263676434755 17836.138471392213 5.125205042543 
  0.75013377   1.83667536 103.00000000  17862.379262253642 17863.791097157697 -1.411834904055 
  1.44974874   1.68888476 103.00000000  17871.804693192244 17868.132527588474 3.672165603770 
  1.41020405   1.67102619  87.08021974  17880.261174544692 17879.229598795013 1.031575749679 
  1.41162484   1.68337942 121.12741419  17936.057345390320 17931.725880794951 4.331464595369 
  1.30080015   1.69553024 138.85315640  17967.766935795546 17963.083958998395 4.682976797150 
  1.44784138   1.68888476 109.57858797  17998.040110096335 17994.050092627960 3.990017468375 
  0.96446195   1.60882531  60.51910141  18018.171025395393 17993.367993836106 24.803031559288 
  1.01309775   1.62637589  58.85103771  18040.981771543622 18018.963727662027 22.018043881595 
  0.76309493   1.71160022 130.77800375  18052.660954222083 18038.122186662531 14.538767559552 
  1.43932486   1.67162800 114.55554393  18059.343466937542 18073.920434534699 -14.576967597157 
  0.96446195   1.37562814 103.00000000  18063.615995645523 18063.941105884842 -0.325110239319 
  0.80378282   1.43426095 103.00000000  18077.806131973863 18079.050011967927 -1.243879994065 
  0.73999588   1.66344806 103.00000000  18084.889626473188 18087.255319673397 -2.365693200209 
  0.75811882   1.68888476 128.72753873  18117.401226371527 18133.191761085527 -15.790534714000 
  0.79427575   1.68888476  69.44187154  18118.837468519807 18115.322807334338 3.514661185469 
  1.19633766   1.42391849 103.00000000  18123.765628620982 18123.864718180386 -0.099089559404 
  0.86382871   1.68888476  59.90174190  18152.800139352679 18160.670258712587 -7.870119359908 
  0.75002145   1.70747346 121.67033394  18172.581104457378 18170.321573980811 2.259530476567 
  1.45728643   1.68888476 103.00000000  18184.173242419958 18181.185696725617 2.987545694341 
  1.43966732   1.60054722 106.87340507  18208.825480654836 18210.168357905211 -1.342877250376 
  1.28210585   1.70220353  63.81499079  18221.612952843308 18228.656645311308 -7.043692468000 
  1.43961231   1.79426042 103.00000000  18227.399470403790 18235.245409159961 -7.845938756171 
  0.74266235   1.73034435 111.08218974  18234.289374828339 18211.300967226282 22.988407602057 
  0.96446195   1.68888476  55.47738693  18237.807387918234 18227.755245797231 10.052142121003 
  0.98555942   1.44949191  78.54750280  18263.630378723145 18269.390863391840 -5.760484668695 
  1.43532186   1.68888476 117.33276531  18304.616714134812 18303.889318129703 0.727396005110 
  0.97291699   1.70252359  54.57431457  18307.955602824688 18318.552790332691 -10.597187508003 
  0.76642123   1.49203948 103.53046656  18320.741384893656 18326.206450495101 -5.465065601446 
  1.39630850   1.53522554 105.76871727  18358.606142655015 18367.410700316930 -8.804557661915 
  0.98270969   1.68888476  55.07220166  18365.093484193087 18347.365933259563 17.727550933523 
  1.44757330   1.65715900 114.12296648  18381.165672361851 18378.181731857872 2.983940503978 
  1.45962492   1.68888476 107.89199102  18384.272927701473 18381.199355942554 3.073571758920 
  0.74023332   1.74524288 103.00000000  18394.388172522187 18391.955533694450 2.432638827737 
  0.74492799   1.67904618 118.84233223  18406.393449917436 18403.690524188511 2.702925728925 
  0.80919746   1.68888476  66.05285777  18419.394628673792 18423.312281674403 -3.917653000612 
  0.75978926   1.68888476 131.03597016  18437.481161803007 18453.765321347943 -16.284159544935 
  0.74324755   1.68888476 116.63261057  18448.297123566270 18436.935389793380 11.361733772890 
  1.46101261   1.68888476 108.34203319  18463.208117738366 18460.324289447159 2.883828291207 
  1.46446195   1.68888476 103.00000000  18479.191637113690 18476.971445200968 2.220191912722 
  1.46482412   1.68888476 103.00000000  18494.020700916648 18491.842223125666 2.178477790982 
  1.42995165   1.84086937 102.24527022  18528.050545617938 18527.387438933834 0.663106684104 
  1.44504725   1.59735260 103.00000000  18568.084459140897 18572.424857888131 -4.340398747234 
  0.74735251   1.84618564 102.59829707  18594.592062383890 18595.761034786799 -1.168972402909 
  0.76285922   1.68888476 133.51303976  18596.269601374865 18614.437162030365 -18.167560655500 
  0.73767924   1.68888476 105.76968801  18600.371155828238 18586.595963235202 13.775192593035 
  0.96446195   1.63717217  57.94344421  18638.277722537518 18602.914945764936 35.362776772581 
  0.99319787   1.44004176  79.84845906  18654.135726690292 18655.539011611596 -1.403284921304 
  1.46885765   1.66815306 103.00000000  18686.388099953532 18695.367809818727 -8.979709865194 
  1.46218761   1.73965755 106.66705650  18695.973845615983 18702.997469164966 -7.023623548983 
  0.74068272   1.59962306 103.00000000  18705.112233668566 18699.554878949202 5.557354719364 
  0.81472831   1.68888476  64.72058033  18714.851271435618 18721.590531301237 -6.739259865619 
  1.45057782   1.71649367 114.97255824  18766.085134014487 18762.567790962345 3.517343052143 
  1.45078284   1.63160213  95.79509242  18777.519733592868 18778.347792245102 -0.828058652234 
  1.47236181   1.68888476 103.00000000  18801.284556716681 18800.049387430612 1.235169286068 
  1.45626246   1.78657058 103.00000000  18840.498744666576 18839.374222579427 1.124522087150 
  1.43954214   1.58676246  99.52689574  18842.061137378216 18846.280381124856 -4.219243746640 
  0.96446195   1.68888476  54.77386935  18884.465430170298 18869.393000086489 15.072430083808 
  0.91794674   1.69277341  55.78215038  18916.730862110853 18926.060100419203 -9.329238308350 
  1.25223351   1.43643260 104.92088041  18926.039752304554 18932.365802788827 -6.326050484273 
  0.74792095   1.86714895 103.00000000  18956.890102863312 18957.858627228616 -0.968524365304 
  1.45903045   1.69262610 115.03846865  18976.379547238350 18974.431596094480 1.947951143869 
  1.47499857   1.66458544 102.02094754  18979.921217933297 18980.964684089857 -1.043466156560 
  1.47726584   1.68490912 103.00000000  18999.435329988599 19000.063353571568 -0.628023582969 
  1.47055839   1.66373178  98.18064899  19000.429419398308 19002.030018444817 -1.600599046509 
  1.47641220   1.70858137 104.70347167  19017.463545352221 19016.129018928070 1.334526424151 
  0.96446195   1.36934673 103.00000000  19043.507047399879 19046.828912549310 -3.321865149432 
  1.47989950   1.68888476 103.00000000  19105.904953241348 19105.757945765101 0.147007476247 
  1.44826935   1.68597677 119.47181012  19147.212826877832 19145.589251128833 1.623575748999 
  1.37798392   1.68236027 132.38958573  19158.600969329476 19163.711255217138 -5.110285887662 
  1.44785370   1.68888476 119.94263944  19219.535235941410 19217.800727360816 1.734508580594 
  1.32706816   1.68866019 139.38333900  19221.686660885811 19220.985695509815 0.700965375996 
  1.28809703   1.68987946  62.07625081  19255.180605992675 19296.679091367390 -41.498485374716 
  1.48441239   1.70846417 103.00000000  19324.369212523103 19324.354606870711 0.014605652392 
  1.46743546   1.60258233 103.00000000  19359.349974259734 19367.559955015338 -8.209980755604 
  0.74665586   1.68888476  84.43759384  19362.007392600179 19375.426080877452 -13.418688277274 
  1.45842044   1.58457748 103.00000000  19394.179378554225 19404.331838101927 -10.152459547702 
  0.73603064   1.75391780 100.29059319  19396.550458356738 19400.628732944846 -4.078274588108 
  1.48743719   1.68888476 103.00000000  19407.824396163225 19408.922014419306 -1.097618256081 
  0.74522380   1.86472214 103.00000000  19446.866162851453 19449.557022821031 -2.690859969578 
  0.73366834   1.68888476 103.00000000  19449.747912839055 19444.728207187334 5.019705651721 
  1.47244320   1.78280543 103.00000000  19466.666366413236 19467.487832189287 -0.821465776051 
  0.75040520   1.68888476 128.61010311  19529.507971271873 19557.948764626472 -28.440793354599 
  1.41912773   1.69929129 127.12947226  19546.549983605742 19563.674603359916 -17.124619754173 
  0.74095758   1.55927591 107.60421952  19567.146860376000 19559.136045829324 8.010814546677 
  1.48993351   1.71596573 103.00000000  19576.741586059332 19577.547876185483 -0.806290126151 
  1.45390209   1.56888991 103.00000000  19638.594346299767 19651.792976582539 -13.198630282772 
  1.37806312   1.67682324  73.76475454  19654.154258608818 19608.658135132937 45.496123475881 
  0.77489912   1.70418800  70.94949305  19692.310882762074 19684.570642505183 7.740240256891 
  1.49497487   1.68888476 103.00000000  19706.988739967346 19709.498560639731 -2.509820672385 
  0.74470400   1.86318051 105.83685949  19715.866160869598 19710.311520897259 5.554639972339 
  1.48791785   1.68888476 111.27791004  19729.301886469126 19731.082657955405 -1.780771486279 
  0.75139675   1.68888476 130.10548524  19733.094652533531 19767.260202955338 -34.165550421807 
  1.48811548   1.65600242  97.82867479  19773.770426273346 19799.186078780851 -25.415652507505 
  0.77534065   1.71199535  70.35294246  19785.631973326206 19780.005629600255 5.626343725951 
  0.96446195   1.45176905  75.86315316  19792.123038783669 19785.310760091459 6.812278692210 
  0.73930038   1.82380741 103.00000000  19834.069077283144 19829.953817369889 4.115259913255 
  1.48195975   1.67890449 115.68631330  19913.687039628625 19916.386907981519 -2.699868352895 
  1.46185906   1.69492173  86.61087262  19944.986205562949 19949.696156673224 -4.709951110275 
  1.47781642   1.68888476 117.10881584  19967.811985686421 19970.034960809695 -2.222975123273 
  1.47684542   1.70078787 116.98121452  19971.669054374099 19972.993318331421 -1.324263957322 
