New model:
f      0    0    0  0.964461950000
f      0    0    0  1.688884760000
f      0    0    0  103.000000000000
f      0    0    0  1.000000000000
f      0    0    0  1.000000000000
f      0    0    1  0.000005447024
f      0    0    2  0.000009134470
f      0    0    3  -0.000023659692
f      0    0    4  0.000000373221
f      0    0    5  0.000004278440
f      0    0    6  0.000005939291
f      0    0    7  0.000002759714
f      0    0    8  -0.000003667597
f      0    1    0  0.000001573610
f      0    2    0  -0.000001974198
f      0    3    0  -0.000002089394
f      0    4    0  0.000005212366
f      0    5    0  0.000000546843
f      0    6    0  -0.000000772358
f      0    7    0  0.000005276242
f      0    8    0  -0.000003150632
f      1    0    0  0.000000196583
f      2    0    0  -0.000001748130
f      3    0    0  0.000003211201
f      4    0    0  0.000000551877
f      5    0    0  -0.000000124558
f      6    0    0  0.000004365970
f      7    0    0  -0.000000493675
f      8    0    0  -0.000005634914
f      0    1    1  0.000001474586
f      0    1    2  0.000000413771
f      0    1    3  0.000002618361
f      0    1    4  -0.000004161200
f      0    1    5  -0.000001303477
f      0    1    6  0.000001049513
f      0    1    7  -0.000004842749
f      0    2    1  0.000000150660
f      0    2    2  -0.000001664549
f      0    2    3  -0.000000275075
f      0    2    4  0.000000200500
f      0    2    5  -0.000000118820
f      0    2    6  -0.000000234553
f      0    3    1  -0.000000006387
f      0    3    2  -0.000000202616
f      0    3    3  0.000000134361
f      0    3    4  0.000000120691
f      0    3    5  -0.000000149802
f      0    4    1  -0.000000154697
f      0    4    2  0.000000545759
f      0    4    3  -0.000000275283
f      0    4    4  0.000000073009
f      0    5    1  -0.000000028606
f      0    5    2  0.000000074716
f      0    5    3  -0.000000039799
f      0    6    1  0.000000032912
f      0    6    2  -0.000000018074
f      0    7    1  -0.000000053043
f      1    0    1  0.000000023312
f      1    0    2  -0.000000061387
f      1    0    3  -0.000000018554
f      1    0    4  0.000000035638
f      1    0    5  0.000000097950
f      1    0    6  -0.000000162504
f      1    0    7  0.000000032258
f      1    1    0  0.000000048715
f      1    2    0  0.000000074994
f      1    3    0  -0.000000109226
f      1    4    0  -0.000000232544
f      1    5    0  -0.000000102570
f      1    6    0  -0.000000149025
f      1    7    0  -0.000000024776
f      2    0    1  0.000000034223
f      2    0    2  -0.000000023607
f      2    0    3  0.000000018116
f      2    0    4  0.000000035813
f      2    0    5  -0.000000067780
f      2    0    6  0.000000020358
f      2    1    0  -0.000000038663
f      2    2    0  -0.000000016037
f      2    3    0  0.000000011820
f      2    4    0  0.000000010076
f      2    5    0  -0.000000016491
f      2    6    0  -0.000000018594
f      3    0    1  -0.000000005328
f      3    0    2  -0.000000028135
f      3    0    3  0.000000017183
f      3    0    4  0.000000012582
f      3    0    5  0.000000026127
f      3    1    0  0.000000018763
f      3    2    0  0.000000008085
f      3    3    0  -0.000000025173
f      3    4    0  0.000000002540
f      3    5    0  -0.000000014764
f      4    0    1  -0.000000006437
f      4    0    2  -0.000000001944
f      4    0    3  0.000000005134
f      4    0    4  0.000000012435
f      4    1    0  -0.000000002143
f      4    2    0  0.000000000200
f      4    3    0  -0.000000012300
f      4    4    0  0.000000008148
f      5    0    1  -0.000000018773
f      5    0    2  0.000000004644
f      5    0    3  -0.000000005225
f      5    1    0  -0.000000006767
f      5    2    0  0.000000000361
f      5    3    0  -0.000000000765
f      6    0    1  0.000000006102
f      6    0    2  -0.000000010363
f      6    1    0  0.000000009429
f      6    2    0  0.000000003095
f      7    0    1  -0.000000000908
f      7    1    0  0.000000008728
f      1    1    1  0.000000000158
f      1    1    2  -0.000000001019
f      1    1    3  -0.000000005694
f      1    1    4  -0.000000008081
f      1    1    5  0.000000003888
f      1    1    6  0.000000001570
f      1    2    1  -0.000000007649
f      1    2    2  0.000000007645
f      1    2    3  -0.000000001237
f      1    2    4  0.000000002052
f      1    2    5  -0.000000000339
f      1    3    1  -0.000000006303
f      1    3    2  -0.000000006131
f      1    3    3  0.000000002140
f      1    3    4  -0.000000011651
f      1    4    1  0.000000002490
f      1    4    2  -0.000000001787
f      1    4    3  0.000000003275
f      1    5    1  0.000000005563
f      1    5    2  -0.000000001262
f      1    6    1  0.000000004253
f      2    1    1  0.000000000175
f      2    1    2  0.000000000434
f      2    1    3  0.000000001690
f      2    1    4  0.000000000482
f      2    1    5  0.000000002300
f      2    2    1  0.000000001227
f      2    2    2  -0.000000000418
f      2    2    3  0.000000001707
f      2    2    4  -0.000000000743
f      2    3    1  0.000000000665
f      2    3    2  0.000000000027
f      2    3    3  -0.000000000890
f      2    4    1  -0.000000000059
f      2    4    2  0.000000000700
f      2    5    1  0.000000000729
f      3    1    1  -0.000000000414
f      3    1    2  0.000000000011
f      3    1    3  -0.000000000999
f      3    1    4  0.000000000951
f      3    2    1  0.000000001077
f      3    2    2  0.000000000706
f      3    2    3  0.000000001481
f      3    3    1  0.000000000403
f      3    3    2  -0.000000000315
f      3    4    1  -0.000000000049
f      4    1    1  0.000000000115
f      4    1    2  0.000000000484
f      4    1    3  -0.000000000748
f      4    2    1  0.000000000389
f      4    2    2  -0.000000000304
f      4    3    1  0.000000000236
f      5    1    1  -0.000000000092
f      5    1    2  -0.000000000062
f      5    2    1  -0.000000000070
f      6    1    1  0.000000000037
f      0    0    1  -8240.363205068845
f      0    0    2  -38956.925444968045
f      0    0    3  705.123704238494
f      0    0    4  -6134.682745855296
f      0    0    5  -823.709511552832
f      0    0    6  137.459824590316
f      0    0    7  -3.752092080929
f      0    0    8  28.369606720763
f      0    1    0  59225.931231314549
f      0    2    0  -27551.281962125395
f      0    3    0  12124.855538865511
f      0    4    0  -3998.985086817829
f      0    5    0  504.839474466991
f      0    6    0  -83.573412201293
f      0    7    0  19.125970695644
f      0    8    0  -3.572741970291
f      1    0    0  72678.850527833420
f      2    0    0  -23493.702884570292
f      3    0    0  24692.555980204314
f      4    0    0  -1976.960427021682
f      5    0    0  1690.558406760609
f      6    0    0  -90.462104021386
f      7    0    0  7.130118089214
f      8    0    0  15.695921842444
f      0    1    1  44029.606084238869
f      0    1    2  61279.578915995327
f      0    1    3  -3946.643934615323
f      0    1    4  5293.718474136494
f      0    1    5  -116.148175292937
f      0    1    6  40.137758277407
f      0    1    7  169.165487769882
f      0    2    1  -3907.254337401345
f      0    2    2  -35444.087590348565
f      0    2    3  2831.742223723959
f      0    2    4  -4097.633216094041
f      0    2    5  160.473992427805
f      0    2    6  169.988624838928
f      0    3    1  -1207.218856787049
f      0    3    2  4809.993189047875
f      0    3    3  -3442.505982838220
f      0    3    4  310.208159068884
f      0    3    5  6.226205888430
f      0    4    1  -2125.867522674613
f      0    4    2  -2620.390942784328
f      0    4    3  51.291658415319
f      0    4    4  -45.829164699672
f      0    5    1  31.769711356250
f      0    5    2  92.328551489339
f      0    5    3  42.591318834371
f      0    6    1  -16.012101193046
f      0    6    2  17.372849628275
f      0    7    1  6.948207121438
f      1    0    1  24623.895979477620
f      1    0    2  72322.874640750233
f      1    0    3  -1230.525507362721
f      1    0    4  11169.688763756072
f      1    0    5  1354.258089481017
f      1    0    6  321.404170240709
f      1    0    7  5.507402819719
f      1    1    0  -71525.715846565727
f      1    2    0  55895.653577100355
f      1    3    0  -5671.524824890925
f      1    4    0  4760.783891235209
f      1    5    0  -431.945965208818
f      1    6    0  51.959150338736
f      1    7    0  -6.964034671157
f      2    0    1  -14354.068734724926
f      2    0    2  -38519.649013023780
f      2    0    3  1657.010519065960
f      2    0    4  -5339.830029970083
f      2    0    5  -753.383708089513
f      2    0    6  -203.079935143749
f      2    1    0  43346.632404915807
f      2    2    0  -31345.658537152922
f      2    3    0  2374.827185529480
f      2    4    0  -2455.348614490042
f      2    5    0  -32.541002561123
f      2    6    0  -15.375575444339
f      3    0    1  2303.759199153190
f      3    0    2  6806.336123742352
f      3    0    3  -2531.906147120973
f      3    0    4  227.082854697168
f      3    0    5  118.005792600284
f      3    1    0  -15322.460411489026
f      3    2    0  5888.705323446053
f      3    3    0  432.712372875365
f      3    4    0  235.925691122975
f      3    5    0  26.077567386651
f      4    0    1  -1336.936583742551
f      4    0    2  -2121.208236743117
f      4    0    3  988.048599003205
f      4    0    4  96.256221236699
f      4    1    0  4643.155535209450
f      4    2    0  -1957.631739210019
f      4    3    0  -8.983459214633
f      4    4    0  -46.519933012250
f      5    0    1  167.501513605076
f      5    0    2  461.546286844832
f      5    0    3  -286.375446968199
f      5    1    0  -938.252981617287
f      5    2    0  92.045011264420
f      5    3    0  30.261643616885
f      6    0    1  -367.067337088890
f      6    0    2  -111.986815288250
f      6    1    0  143.890769411295
f      6    2    0  -9.292067353239
f      7    0    1  54.408608385433
f      7    1    0  -45.867433580689
f      1    1    1  -52695.934279326262
f      1    1    2  -80764.757982516210
f      1    1    3  9307.732318032868
f      1    1    4  -7343.993230526457
f      1    1    5  1952.670940346578
f      1    1    6  -37.985232903872
f      1    2    1  16142.045911848543
f      1    2    2  49153.020274771465
f      1    2    3  -4076.095541743804
f      1    2    4  6271.181720919242
f      1    2    5  -122.732745227303
f      1    3    1  -1622.869794657852
f      1    3    2  -6502.553561412758
f      1    3    3  4453.040851742451
f      1    3    4  -449.099689120942
f      1    4    1  2222.853601828207
f      1    4    2  3341.980887916499
f      1    4    3  -332.624275289703
f      1    5    1  306.301395888652
f      1    5    2  -394.054107641869
f      1    6    1  -44.471660817834
f      2    1    1  53937.963927423451
f      2    1    2  48404.914795034267
f      2    1    3  578.887779754748
f      2    1    4  3550.436203824541
f      2    1    5  -665.970990938248
f      2    2    1  -12281.795215860879
f      2    2    2  -26176.493630130961
f      2    2    3  1472.947955465203
f      2    2    4  -2901.271490007614
f      2    3    1  3162.552610539394
f      2    3    2  2214.565555502257
f      2    3    3  -2181.816345273116
f      2    4    1  -1785.626935715799
f      2    4    2  -1699.654071290315
f      2    5    1  -188.584329229194
f      3    1    1  -34126.852576831676
f      3    1    2  -16718.171971933483
f      3    1    3  -4580.078606085467
f      3    1    4  -971.577577872478
f      3    2    1  3754.978418088172
f      3    2    2  2850.641632381068
f      3    2    3  -561.758851195366
f      3    3    1  -3599.170527096037
f      3    3    2  333.872660950768
f      3    4    1  671.674307326172
f      4    1    1  10779.471635922522
f      4    1    2  4386.716999331577
f      4    1    3  1292.325025256976
f      4    2    1  -1050.715570045894
f      4    2    2  -1069.753797129562
f      4    3    1  1112.899011385546
f      5    1    1  -815.659536675319
f      5    1    2  -714.549516721764
f      5    2    1  -320.637510424673
f      6    1    1  230.039116426030

Grid of energies:
  0.96446195   1.68888476 103.00000000  0.000000000000 0.001664344277 -0.001664344277 
  0.96446195   1.68969849 103.00000000  0.110378339887 0.112390433548 -0.002012093662 
  0.96446195   1.68888476 103.31658291  0.734456002712 0.728293633991 0.006162368721 
  0.96446195   1.68888476 102.61306533  0.859109133482 0.870143507383 -0.011034373901 
  0.96733668   1.68888476 103.00000000  1.710188731551 1.712410754765 -0.002222023214 
  0.96446195   1.68388476 103.00000000  2.205507457256 2.206995900321 -0.001488443065 
  0.96446195   1.68341709 103.00000000  2.668619573116 2.670092092434 -0.001472519318 
  0.96446195   1.69388476 103.00000000  2.719728201628 2.721543053740 -0.001814852112 
  0.96105346   1.69171888 103.00000000  3.327585786581 3.328822280125 -0.001236493544 
  0.95979899   1.68888476 103.00000000  4.377197906375 4.378149274359 -0.000951367984 
  0.95946195   1.68888476 103.00000000  5.042832508683 5.043722357682 -0.000889848999 
  0.96446195   1.69597990 103.00000000  5.290544018149 5.292808810741 -0.002264792592 
  0.96446195   1.68888476 102.00000000  6.201700076461 6.226094092883 -0.024394016422 
  0.96446195   1.69655907 102.38050207  6.405861973763 6.422824377453 -0.016962403690 
  0.96540094   1.68045628 103.00000000  6.881819933653 6.883569499211 -0.001749565558 
  0.96446195   1.68888476 104.02010050  6.969081491232 6.944053978545 0.025027512687 
  0.96446195   1.68888476 101.90954774  7.405311435461 7.431469129625 -0.026157694164 
  0.96446195   1.67888476 103.00000000  9.475689485669 9.476681737073 -0.000992251404 
  0.97136730   1.69167377 103.00000000  10.410864531994 10.413966186099 -0.003101654105 
  0.96446195   1.68574450 104.37583481  11.491454258561 11.456825884518 0.034628374044 
  0.96446195   1.67713568 103.00000000  13.240503698587 13.241605566279 -0.001101867692 
  0.95927528   1.68888476 104.23313402  15.306476503611 15.273926953820 0.032549549790 
  0.96446195   1.70226131 103.00000000  17.940598592162 17.943183043782 -0.002584451620 
  0.96446195   1.68888476 104.72361809  19.498930543661 19.455236322915 0.043694220746 
  0.97333400   1.69541002 103.00000000  19.893403559923 19.896730322936 -0.003326763013 
  0.96446195   1.68888476 101.20603015  20.434946089983 20.473839739831 -0.038893649848 
  0.97487437   1.68888476 103.00000000  21.610441744328 21.613567323875 -0.003125579547 
  0.96446195   1.67388476 103.00000000  21.951700106263 21.952964662737 -0.001264556473 
  0.96446195   1.70388476 103.00000000  22.392867609859 22.395415816519 -0.002548206660 
  0.95452387   1.69343257 103.00000000  22.904364198446 22.903830423624 0.000533774823 
  0.96446195   1.67452329 102.62611899  23.254140272737 23.263626752408 -0.009486479671 
  0.96446195   1.68888476 101.00000000  25.487411245704 25.529200859899 -0.041789614195 
  0.96446195   1.68888476 105.00000000  26.130350768566 26.079115926272 0.051234842294 
  0.96491781   1.67135836 103.00000000  30.383696332574 30.384953642053 -0.001257309479 
  0.95226131   1.68888476 103.00000000  30.837764397264 30.836240858270 0.001523538994 
  0.96446195   1.67085427 103.00000000  32.109302148223 32.110353288252 -0.001051140029 
  0.97772624   1.68831483 103.00000000  34.829618841410 34.833071549102 -0.003452707692 
  0.96446195   1.67137754 102.46500521  36.120000198483 36.133002188554 -0.013001990071 
  0.96446195   1.69935512 100.62340731  36.316946402192 36.366192184665 -0.049245782473 
  0.96446195   1.70854271 103.00000000  37.799557924271 37.802591545446 -0.003033621175 
  0.96446195   1.68888476 105.42713568  38.261058792472 38.199297931299 0.061760861173 
  0.96961179   1.68888476 100.70626586  38.584372907877 38.629478904059 -0.045105996182 
  0.96446195   1.66888476 103.00000000  39.780337601900 39.781260817054 -0.000923215154 
  0.96446195   1.68888476 100.50251256  40.010398909450 40.058548802873 -0.048149893423 
  0.96446195   1.68888476 100.50000000  40.092362478375 40.140291695033 -0.047929216657 
  0.95413055   1.70245262 102.73968705  40.353968098760 40.360897290072 -0.006929191312 
  0.97723251   1.69887113 103.00000000  41.647452205420 41.651221912078 -0.003769706658 
  0.96446195   1.69102895 100.37362833  42.339835211635 42.389407373836 -0.049572162201 
  0.95058570   1.69383403 103.00000000  43.220656275749 43.219092071918 0.001564203831 
  0.96446195   1.68955214 105.61393407  45.081654354930 45.015462892168 0.066191462762 
  0.97655834   1.70238104 103.00000000  46.196043387055 46.199806124860 -0.003762737804 
  0.97560309   1.67410683 103.02305509  46.898266762495 46.900426950873 -0.002160188378 
  0.96446195   1.69539628 105.42988367  49.313223645091 49.251921275659 0.061302369432 
  0.96562428   1.68888476 100.23154051  49.469636633992 49.520117476451 -0.050480842459 
  0.95460688   1.68888476 105.33803371  54.728264927864 54.661523238800 0.066741689064 
  0.96446195   1.68888476 100.00000000  58.034591913223 58.086957861046 -0.052365947823 
  0.96446195   1.67555604 100.87645427  58.960790455341 59.000638763661 -0.039848308319 
  0.96446195   1.66457286 103.00000000  59.566924557090 59.567726483996 -0.000801926906 
  0.97543044   1.70528144 103.81278984  59.640322774649 59.624399901848 0.015922872801 
  0.96446195   1.71388476 103.00000000  60.171707525849 60.174728991004 -0.003021465155 
  0.97797367   1.67278413 103.00000000  62.865047588944 62.867721189325 -0.002673600380 
  0.98241206   1.68888476 103.00000000  62.908673420548 62.912005091470 -0.003331670922 
  0.96446195   1.66388476 103.00000000  63.109180837870 63.110236257796 -0.001055419926 
  0.96446195   1.68888476 106.13065327  63.191729530692 63.113305157568 0.078424373125 
  0.94922495   1.68888476 104.56931535  63.873060569167 63.825261889607 0.047798679560 
  0.96446195   1.71482412 103.00000000  64.614165708423 64.617291734966 -0.003126026543 
  0.96446195   1.68888476  99.79899497  66.193020835519 66.246628528125 -0.053607692606 
  0.95133151   1.68888476 100.76483933  68.949234560132 68.992745982258 -0.043511422126 
  0.94739416   1.67691111 103.00000000  73.541369929910 73.537785258041 0.003584671869 
  0.95672846   1.68888476  99.85713991  77.010057449341 77.062883530723 -0.052826081383 
  0.96089384   1.70206730 105.59650635  77.521944746375 77.455727461092 0.066217285283 
  0.98428260   1.68888476 102.42764906  77.882308706641 77.897123156792 -0.014814450150 
  0.94472362   1.68888476 103.00000000  82.374098882079 82.370974602526 0.003124279553 
  0.96446195   1.66742103 106.26100245  84.921526610851 84.837274083852 0.084252527000 
  0.98579237   1.68914685 103.00000000  88.066180020571 88.069832961404 -0.003652940834 
  0.94382710   1.68888476 103.26907181  90.570437848568 90.558679515666 0.011758332902 
  0.96446195   1.65888476 103.00000000  92.091086283326 92.091885654939 -0.000799371613 
  0.96446195   1.69863757  99.06940651  92.630024254322 92.689967102779 -0.059942848457 
  0.96446195   1.68888476 106.83417085  94.225896254182 94.133892548560 0.092003705622 
  0.98652520   1.68888476 103.23420719  94.668982237577 94.667339602570 0.001642635008 
  0.96446195   1.65829146 103.00000000  95.911969035864 95.913265039671 -0.001296003807 
  0.97013095   1.65946551 103.00000000  96.011627107859 96.013457639385 -0.001830531526 
  0.96446195   1.72110553 103.00000000  98.137116119266 98.140324806682 -0.003208687416 
  0.96446195   1.68888476  99.09547739  99.043253377080 99.098857561551 -0.055604184471 
  0.94814726   1.66737313 103.00000000  99.655449688435 99.651800225903 0.003649462532 
  0.95912798   1.65829881 103.00000000  100.551129207015 100.550825228907 0.000303978108 
  0.96446195   1.68888476 107.00000000  102.422702416778 102.328318740399 0.094383676379 
  0.96446195   1.69008639 106.96604373  102.840910032392 102.747358252828 0.093551779563 
  0.98306362   1.70953101 102.41214758  103.072879791260 103.090501504279 -0.017621713019 
  0.94237899   1.68888476 102.47775987  105.789877906442 105.799253162735 -0.009375256293 
  0.96446195   1.71344974  99.23533120  109.011218398809 109.076748261169 -0.065529862360 
  0.96446195   1.66332821 106.58684237  109.871143490076 109.778598509593 0.092544980483 
  0.95046641   1.71563524 103.00000000  111.978601709008 111.978936062236 -0.000334353228 
  0.96483168   1.68860969 107.20725858  112.750537246466 112.652916563222 0.097620683243 
  0.94389381   1.67168745 103.55385572  113.821418747306 113.800787440430 0.020631306876 
  0.97889994   1.66125905 103.00000000  121.191611826420 121.194340517167 -0.002728690748 
  0.96446195   1.72444112 103.20606282  121.888357326388 121.886190892972 0.002166433416 
  0.97314078   1.66339734 106.48890049  123.831163480878 123.751783119929 0.079380360948 
  0.98994975   1.68888476 103.00000000  124.488068744540 124.491334393802 -0.003265649261 
  0.96446195   1.72108496  99.58487088  125.489452376962 125.555305609931 -0.065853232969 
  0.95051806   1.68888476 106.68003688  125.691064640880 125.586406724676 0.104657916204 
  0.96446195   1.65388476 103.00000000  126.880397886038 126.881613152923 -0.001215266885 
  0.96446195   1.68888476 107.53768844  131.299016550183 131.197221139845 0.101795410339 
  0.95381277   1.67805434 107.31277718  131.975428476930 131.856900700239 0.118527776690 
  0.97587038   1.72287438 103.00000000  132.013231217861 132.017792099720 -0.004560881858 
  0.96727704   1.68888476 107.60811506  137.386751636863 137.287868952633 0.098882684230 
  0.96446195   1.72738693 103.00000000  138.128235831857 138.131364362165 -0.003128530308 
  0.96446195   1.68888476  98.39195980  138.622186988592 138.675764935773 -0.053577947181 
  0.98902819   1.70560176 103.00000000  140.874882414937 140.878924070784 -0.004041655847 
  0.95313926   1.72064964 103.90707915  141.331884577870 141.308418668178 0.023465909692 
  0.96446195   1.68853397 107.72342388  141.420235186815 141.316285448108 0.103949738708 
  0.96446195   1.65201005 103.00000000  141.454298779368 141.455154246187 -0.000855466819 
  0.97949607   1.68888476 106.88161469  142.832190588117 142.754552872672 0.077637715444 
  0.96446195   1.73027836 101.86300788  147.313803598285 147.344847541850 -0.031043943565 
  0.96446195   1.72355825  99.02784350  155.039481937885 155.108875437108 -0.069393499223 
  0.99230170   1.68074613 103.00000000  155.268707394600 155.271260129262 -0.002552734662 
  0.96446195   1.65013448 103.08912827  155.371751621366 155.370747637131 0.001003984234 
  0.96446195   1.71774280 105.73850634  158.854885190725 158.791309457619 0.063575733107 
  0.97719294   1.66138776 106.75383811  159.565180167556 159.485211059738 0.079969107818 
  0.93718593   1.68888476 103.00000000  160.334203988314 160.328230976909 0.005973011405 
  0.96446195   1.68888476  98.00000000  163.613725617528 163.665052935623 -0.051327318095 
  0.96446195   1.68888476  98.00000000  163.613725617528 163.665052935623 -0.051327318095 
  0.97672991   1.68888476 107.58637610  165.650933727622 165.563961652512 0.086972075110 
  0.98730720   1.71620594 103.00000000  167.996115028858 168.000501777046 -0.004386748188 
  0.94951197   1.67864477 107.62871470  170.564456179738 170.433889689982 0.130566489756 
  0.99446195   1.68888476 103.00000000  170.611481234431 170.614150828562 -0.002669594131 
  0.96084665   1.64727343 104.75343795  170.885384261608 170.840823555250 0.044560706358 
  0.96446195   1.68888476 108.24120603  174.345221251249 174.238930012516 0.106291238734 
  0.94989347   1.72625264 102.74867185  175.164659217000 175.171704952804 -0.007045735804 
  0.96792308   1.73298976 103.00000000  180.481793969870 180.486152196487 -0.004358226617 
  0.97214643   1.66643002  99.43810123  182.609456568956 182.652603028750 -0.043146459794 
  0.97606009   1.73055422 103.00000000  184.124220892787 184.128816431395 -0.004595538608 
  0.96446195   1.73366834 103.00000000  184.352968260646 184.356763874018 -0.003795613373 
  0.96446195   1.68888476  97.68844221  184.989098727703 185.037623293243 -0.048524565540 
  0.96446195   1.68915089  97.67638750  185.191940426826 185.240502762084 -0.048562335258 
  0.99132333   1.71246602 103.00000000  187.458710029721 187.462943312144 -0.004233282423 
  0.93534751   1.69079245 102.17267705  188.817355886102 188.832315553360 -0.014959667258 
  0.95779686   1.65619349 107.72022499  193.582857593894 193.454332646352 0.128524947542 
  0.96446195   1.64572864 103.00000000  196.509337052703 196.510138333658 -0.000801280955 
  0.95482203   1.68888476  97.76307978  201.157052144408 201.202716955042 -0.045664810634 
  0.99724084   1.68888476 102.71912926  202.449720874429 202.457234497849 -0.007513623421 
  0.98563708   1.72749996 101.79689368  209.330061733723 209.361549366609 -0.031487632886 
  0.96446195   1.64281739 105.08095490  210.517880797386 210.468395812221 0.049484985165 
  0.96446195   1.73800509 102.68574638  214.153516590595 214.165006717768 -0.011490127172 
  0.93375333   1.68888476 104.27536889  214.334267333150 214.288075910772 0.046191422378 
  0.97101797   1.72364346  97.79028674  215.813250944018 215.882859233901 -0.069608289883 
  0.95774332   1.73792412 100.76897627  217.436408519745 217.488963090737 -0.052554570992 
  0.96446195   1.66598753 108.91407896  218.855447664857 218.731238052690 0.124209612167 
  0.93965624   1.71832898 103.00000000  219.519639596343 219.517189368755 0.002450227588 
  0.96446195   1.66628105  98.66450362  221.102417364717 221.144619887902 -0.042202523186 
  0.95195352   1.69098379 108.42905343  222.368901029229 222.243936045150 0.124964984079 
  0.93302760   1.68888476 104.19069785  223.222755014896 223.179187707082 0.043567307815 
  0.96446195   1.68888476 108.94472362  223.299646332860 223.194090881328 0.105555451532 
  0.99780770   1.68888476 104.49919764  225.604065105319 225.577749733929 0.026315371390 
  0.99509817   1.68888476 100.17259623  225.673056989908 225.714580325194 -0.041523335286 
  0.96446195   1.73888476 103.00000000  227.316332265735 227.319909199772 -0.003576934038 
  0.96446195   1.74031810 100.24843084  229.386158466339 229.448144901089 -0.061986434749 
  0.99946195   1.68888476 103.00000000  229.495860040188 229.498225275494 -0.002365235306 
  0.96850555   1.64283311 103.00000000  229.692154854536 229.693967363591 -0.001812509055 
  0.96281612   1.73415758 104.61468710  234.737339228392 234.700170792314 0.037168436077 
  0.96446195   1.73994975 103.00000000  236.585252568126 236.588988830887 -0.003736262762 
  0.93723189   1.68888476  99.64225372  236.635458812118 236.681512240437 -0.046053428319 
  0.98941726   1.72521351 103.00000000  237.116859734058 237.121502296485 -0.004642562427 
  0.96446195   1.73805227  99.08558058  237.215384751558 237.288903599139 -0.073518847581 
  0.95239675   1.65786346  99.86885016  238.099331557751 238.139085900248 -0.039754342497 
  0.96446195   1.68888476  96.98492462  238.203911140561 238.244441189282 -0.040530048721 
  0.93393520   1.68888476 105.46329382  239.214307487011 239.128674540372 0.085632946639 
  0.95769560   1.64217818 103.00000000  239.251916021109 239.251624016841 0.000292004268 
  0.96446195   1.69814739  96.62870433  248.433655366302 248.474868394664 -0.041213028362 
  0.96922488   1.68384635 109.36959232  251.152202308178 251.053904570631 0.098297737547 
  0.96446195   1.65502998  99.50586244  254.807923287153 254.846667782104 -0.038744494951 
  0.99209886   1.72401822 103.00000000  255.165900900960 255.170450500906 -0.004549599946 
  1.00045781   1.70214521 103.00000000  256.813142091036 256.816105623219 -0.002963532183 
  0.96137519   1.74037363 103.68781593  260.360832810402 260.346309820160 0.014522990242 
  0.96941089   1.73873321 104.15459803  260.721199184656 260.696661340312 0.024537844344 
  0.96446195   1.63944724 103.00000000  261.402434319258 261.403894908772 -0.001460589514 
  0.97820971   1.65216536 107.98330228  263.995218649507 263.898874266997 0.096344382509 
  0.96446195   1.70278745 108.81795525  264.106133669615 264.012891902347 0.093241767268 
  0.93791510   1.72263815 103.00000000  265.351377204061 265.349012897457 0.002364306604 
  0.92964824   1.68888476 103.00000000  266.126693129539 266.118719383559 0.007973745980 
  0.96446195   1.63888476 103.00000000  267.704639554024 267.706208881251 -0.001569327227 
  0.92946195   1.68888476 103.00000000  269.106353417039 269.098209032433 0.008144384606 
  0.96446195   1.74388476 103.00000000  272.267442822456 272.271228700164 -0.003785877708 
  0.99464972   1.65854487 103.00000000  272.471580147743 272.473557550959 -0.001977403216 
  0.96446195   1.72899713 106.42144632  276.688250169158 276.616932796792 0.071317372366 
  0.96446195   1.68888476 109.64824121  278.094960063696 277.997160283287 0.097799780409 
  1.00317187   1.68888476 104.03323208  286.786321610212 286.769328049108 0.016993561105 
  1.00139031   1.68888476 100.57532540  288.539035707712 288.574015975129 -0.034980267417 
  0.98858299   1.73572036 101.59840756  289.560185581446 289.595890383367 -0.035704801921 
  0.99736405   1.68888476  99.25041417  289.951198324561 289.995586713801 -0.044388389240 
  0.96446195   1.70157578  96.07862899  291.028964027762 291.063406969315 -0.034442941552 
  0.96446195   1.74623116 103.00000000  294.603181123734 294.606682317883 -0.003501194149 
  1.00446195   1.68888476 103.00000000  296.273056536913 296.274701281547 -0.001644744634 
  0.96446195   1.63797420 102.32357664  297.192106142640 297.205001866219 -0.012895723578 
  0.96446195   1.68888476  96.28140704  298.326269373298 298.355947502085 -0.029678128788 
  1.00168877   1.68888476 105.41423676  298.990972489119 298.949404734320 0.041567754799 
  0.96446195   1.72556489  96.42881084  300.297658622265 300.351605391745 -0.053946769481 
  0.97362383   1.68888476 109.71235313  301.951028883457 301.870277658405 0.080751225052 
  0.98223879   1.68888476 109.13380589  302.333367511630 302.256687712981 0.076679798649 
  0.96446195   1.74970259 100.77724579  305.588508650661 305.642546309381 -0.054037658720 
  0.96446195   1.74773622 102.89769501  307.016586422920 307.022561009278 -0.005974586358 
  1.00463704   1.68062023 103.00000000  307.140029057860 307.141417466771 -0.001388408911 
  1.00142561   1.68888476 105.79198301  308.448141336441 308.400877358173 0.047263978268 
  0.99285205   1.68888476 107.88389634  309.204497665167 309.133076908279 0.071420756888 
  1.00270328   1.67536309 105.17065852  313.822054162621 313.786666706307 0.035387456315 
  0.98951387   1.64823057 102.17952739  318.763703346252 318.777008168074 -0.013304821821 
  0.96446195   1.63252495 104.67247047  319.730311989784 319.694550061822 0.035761927962 
  0.96446195   1.68253486  96.30706398  320.562001913786 320.587857837116 -0.025855923330 
  0.96446195   1.74888476 103.00000000  320.798913583159 320.802259941355 -0.003346358196 
  0.94260630   1.68888476  97.23211394  326.202291756868 326.230150070896 -0.027858314027 
  0.96446195   1.63388476 103.00000000  327.351392701268 327.353436590886 -0.002043889618 
  0.97272711   1.75107352 100.79554950  328.149910554290 328.204304995588 -0.054394441298 
  0.92593426   1.68462993 103.76583653  330.785829037428 330.752991996520 0.032837040908 
  0.94369709   1.68888476  97.04313252  330.811667755246 330.837430144466 -0.025762389220 
  1.00676816   1.68888476 103.66840995  333.669696316123 333.659455260263 0.010241055860 
  0.96446195   1.63316583 103.00000000  336.469992280006 336.471691450990 -0.001699170984 
  0.96446195   1.70750182  95.52124038  338.309891849756 338.337355530470 -0.027463680713 
  0.96446195   1.68888476 110.35175879  338.665288388729 338.581931905956 0.083356482773 
  0.96446195   1.64224324 109.01634364  341.806919038296 341.669725961020 0.137193077276 
  0.95639631   1.68987233  95.93719148  343.169750496745 343.187685843396 -0.017935346651 
  0.95155555   1.68888476  96.16238646  348.086880430579 348.103793515153 -0.016913084574 
  0.96446195   1.71441264 109.01876489  348.389036640525 348.309900831143 0.079135809382 
  0.93651102   1.71489603 106.47690868  348.780183672905 348.682902121587 0.097281551318 
  0.96960702   1.68888476  95.77772522  349.197728902102 349.221507460369 -0.023778558268 
  0.96446195   1.68888476 110.50000000  352.158390611410 352.079232300620 0.079158310790 
  0.93443161   1.72983110 100.96428423  353.524252384901 353.563744358186 -0.039491973285 
  0.95321958   1.63482124 107.40279050  355.348881050944 355.217251878123 0.131629172821 
  0.92446195   1.68888476 103.00000000  355.846447646618 355.837798827365 0.008648819253 
  0.96446195   1.75251256 103.00000000  358.190937384963 358.194327512705 -0.003390127742 
  0.98179619   1.70625554 109.03119290  358.382476180792 358.316389851346 0.066086329446 
  0.95219717   1.75061435  99.83669123  359.933294475079 359.997665787814 -0.064371312735 
  0.93599096   1.68888476 108.47358590  360.096672937274 359.942471203377 0.154201733897 
  0.93332518   1.66164668 107.71627363  363.133052706718 362.960795304010 0.172257402708 
  0.96446195   1.68888476  95.57788945  365.414282679558 365.431576805572 -0.017294126014 
  0.99965001   1.65340057 103.00000000  369.817266657948 369.818169022451 -0.000902364502 
  1.00946195   1.68888476 103.00000000  370.660025775433 370.661313644299 -0.001287868866 
  0.93113910   1.65264600 103.00000000  371.064627051353 371.054931113156 0.009695938197 
  0.96728846   1.63067546 103.00000000  371.789488345385 371.791838523735 -0.002350178351 
  0.96446195   1.75388476 103.00000000  372.802596420050 372.805901116565 -0.003304696516 
  0.96446195   1.68888476  95.50000000  373.272827416658 373.288563746748 -0.015736330090 
  0.96446195   1.63187267 102.34918551  373.541729480028 373.554292143528 -0.012562663500 
  0.95259126   1.74772642  98.15535061  376.336661487818 376.407566059093 -0.070904571275 
  0.96446195   1.69240169 110.63783209  376.401876181364 376.332431809468 0.069444371896 
  0.96446195   1.63245787 102.05290380  376.822146847844 376.838651569948 -0.016504722104 
  0.96446195   1.72277198 108.61108022  377.410143747926 377.333580663750 0.076563084176 
  0.96446195   1.70503582 110.05531596  380.437860444188 380.370001513962 0.067858930226 
  0.97637983   1.68888476  95.66154272  380.940863385797 380.964665175529 -0.023801789732 
  0.96446195   1.62871961 103.51542851  383.164657860994 383.157198466629 0.007459394366 
  1.00212988   1.67711843 107.33125487  384.277664884925 384.215220904616 0.062443980309 
  0.95028017   1.68888476 110.45128012  386.470081299543 386.357968451921 0.112112847622 
  0.96446195   1.68512231 111.00336134  389.693687215447 389.624028108110 0.069659107338 
  0.96446195   1.74897503  97.15472969  392.949162140489 393.022109522591 -0.072947382103 
  0.96446195   1.62888476 103.00000000  393.637753084302 393.639895153384 -0.002142069082 
  1.01095992   1.68888476 102.35861448  395.814074486494 395.824627387459 -0.010552900965 
  0.96446195   1.62847345 107.19008640  399.246656298637 399.144907529311 0.101748769326 
  0.94214417   1.73778784  97.83217153  400.058119639754 400.113722238949 -0.055602599195 
  0.96446195   1.72729621 108.43133133  400.855848491192 400.780830088546 0.075018402645 
  0.92211055   1.68888476 103.00000000  401.230404421687 401.221262248382 0.009142173305 
  0.96446195   1.68888476 111.05527638  404.942171692848 404.881494931100 0.060676761748 
  0.92529418   1.70273963 105.23552118  405.824249222875 405.748413400760 0.075835822114 
  0.94662797   1.68888476  95.90875892  406.180625990033 406.186028502675 -0.005402512642 
  0.93579461   1.73800135 103.00000000  407.726724714041 407.724273234026 0.002451480015 
  0.97833458   1.74673087 105.11214982  407.785522639751 407.743460782016 0.042061857735 
  0.99432438   1.70621792 108.25211097  409.298753052950 409.235319705285 0.063433347665 
  0.99980657   1.68331976 108.30365288  410.108294442296 410.043062613751 0.065231828545 
  1.01185935   1.68888476 103.86498015  415.355233311653 415.341997348813 0.013235962840 
  0.92140432   1.68888476 102.24265764  420.234809368849 420.244806414654 -0.009997045805 
  0.95426552   1.68888476 111.02803358  421.311765074730 421.226264320410 0.085500754320 
  0.96446195   1.62688442 103.00000000  422.055586263537 422.058054345179 -0.002468081642 
  0.96446195   1.76055341 101.77478691  422.337747290730 422.370833593659 -0.033086302929 
  0.92506121   1.65991874 103.00000000  422.400335296988 422.388930492802 0.011404804186 
  0.92593240   1.71922596 103.00000000  424.954545989633 424.948618850894 0.005927138739 
  0.92535569   1.67887269  99.93898819  426.098809286952 426.135055539360 -0.036246252408 
  0.96446195   1.75879397 103.00000000  427.139098420739 427.142493803200 -0.003395382461 
  0.96446195   1.62493190 104.01424880  427.215355321765 427.197656748212 0.017698573552 
  0.99999862   1.66384072 108.17701155  427.886750832200 427.818910403849 0.067840428351 
  0.96446195   1.75888476 103.00000000  428.174701124430 428.177342154756 -0.002641030327 
  0.96446195   1.72386078 109.11337387  428.551350519061 428.484201739907 0.067148779154 
  1.00891594   1.71523452 103.54217596  430.041182339191 430.033683456182 0.007498883010 
  0.93652944   1.72948186 105.99628740  431.574837908149 431.496154076150 0.078683831999 
  0.97627840   1.68888476 111.03170369  432.967125326395 432.929170216924 0.037955109471 
  0.96446195   1.71681598  94.55462780  436.473649412394 436.486186494635 -0.012537082242 
  0.96446195   1.68888476  94.87437186  439.526584610343 439.530443374570 -0.003858764227 
  0.94911604   1.68979777  95.35325055  440.242686435580 440.239358203597 0.003328231984 
  0.95379314   1.69508207  94.92958801  441.087822869420 441.083677946828 0.004144922592 
  0.97351178   1.75365194  97.05720702  445.955504328012 446.032778479092 -0.077274151080 
  0.96446195   1.65196198 111.26944549  446.435167238116 446.320108823972 0.115058414144 
  1.01052957   1.66573117 103.00000000  447.619118988514 447.618369737181 0.000749251333 
  0.98966752   1.75084367  98.98119659  449.224994927645 449.300432792458 -0.075437864813 
  0.98848447   1.72370167 108.08409952  452.135641202331 452.074522276255 0.061118926076 
  1.01446195   1.68888476 103.00000000  452.384135425091 452.384310562182 -0.000175137092 
  0.96446195   1.67443426  95.46230550  452.402750402689 452.408238509748 -0.005488107059 
  1.01246152   1.71001512 102.54868898  452.515308156610 452.525067678206 -0.009759521596 
  0.91946195   1.68888476 103.00000000  455.948740407825 455.939402486883 0.009337920941 
  0.96446195   1.72066809 109.79502847  463.846198707819 463.791645319936 0.054553387883 
  0.92321145   1.65730745 103.93823377  463.916864931583 463.874487401802 0.042377529782 
  1.00124097   1.73349742 104.46598119  465.862044900656 465.836123360159 0.025921540497 
  0.97370533   1.75252186  96.50008780  466.091388240457 466.162832203657 -0.071443963200 
  0.99317752   1.75027150 102.35189200  466.329095065594 466.348038737271 -0.018943671677 
  0.96446195   1.62388476 103.00000000  466.740587159991 466.743273108072 -0.002685948081 
  0.94678790   1.66233599  96.84728883  471.162968367338 471.172826368049 -0.009858000710 
  0.96446195   1.63902859  98.97600729  471.914097279310 471.940738357954 -0.026641078643 
  0.97488588   1.70136825 111.01841111  476.599395260215 476.576777043308 0.022618216907 
  0.96446195   1.68888476 111.75879397  476.859362661839 476.828186162912 0.031176498926 
  0.96446195   1.72306670 109.72556063  477.174580991268 477.120648519538 0.053932471730 
  0.95733237   1.62219204 106.99559888  481.497660040855 481.390406631420 0.107253409436 
  0.97278877   1.73314306 108.64638534  484.656944498420 484.597232282703 0.059712215717 
  0.92127101   1.68821597  99.92370343  485.680927783251 485.716512609477 -0.035584826226 
  0.96446195   1.76388476 103.00000000  486.811165735126 486.814013407086 -0.002847671961 
  1.01488484   1.68373943 100.93496222  491.532776460052 491.555540995412 -0.022764535360 
  1.01237150   1.66313115 103.00000000  491.647409170866 491.646435633673 0.000973537193 
  0.97501152   1.68888476 111.67145175  492.290467649698 492.277327861545 0.013139788153 
  0.98721226   1.65220620 110.57812649  498.017715767026 497.945415352524 0.072300414501 
  1.01509368   1.67091999 103.00000000  500.418948680162 500.417838865871 0.001109814291 
  0.96446195   1.76507538 103.00000000  501.244363948703 501.247066610436 -0.002702661734 
  0.98731151   1.63476594 100.98122143  501.360647186637 501.379969933445 -0.019322746808 
  1.00035132   1.74429044 103.00000000  503.914985403419 503.918474951862 -0.003489548444 
  1.00858823   1.73045884 103.00000000  505.439359858632 505.442353042723 -0.002993184091 
  0.96446195   1.69162122  94.16830822  509.752483949065 509.743797892103 0.008686056962 
  0.99581087   1.75028956  98.73617772  511.460591837764 511.534774730181 -0.074182892418 
  0.96446195   1.64861409 111.87344480  517.362215638161 517.257966858405 0.104248779756 
  1.00337205   1.68888476 109.04534774  518.335087627172 518.281009218380 0.054078408793 
  0.96446195   1.62060302 103.00000000  518.514505997300 518.517301584051 -0.002795586751 
  0.96446195   1.69926107  93.88017300  520.002488240600 519.991466964246 0.011021276354 
  0.96446195   1.68888476  94.17085427  520.721464529634 520.711322280560 0.010142249073 
  0.93014136   1.63857653 106.80228031  520.877379983664 520.722465051963 0.154914931701 
  1.00254234   1.64408587 107.02606257  523.376707971096 523.323378968195 0.053329002901 
  0.96446195   1.68989521 112.17670446  525.775656148791 525.767616624426 0.008039524365 
  1.01820531   1.70087410 102.02759778  527.911268129945 527.926059696540 -0.014791566595 
  1.01636459   1.68888476 100.20483855  530.039132907987 530.067416601674 -0.028283693687 
  0.96446195   1.77089985 100.00156094  534.216721519828 534.283857962224 -0.067136442396 
  0.96446195   1.76192782  96.53468402  534.788705348969 534.858973016552 -0.070267667584 
  0.91715728   1.70105476 101.30268768  538.235220447183 538.261688291713 -0.026467844530 
  1.01946195   1.68888476 103.00000000  541.178644597530 541.178185384053 0.000459213478 
  0.96911792   1.61949176 103.00000000  543.097538352013 543.101604768250 -0.004066416238 
  0.96446195   1.61888476 103.00000000  546.842259779572 546.845300622136 -0.003040842563 
  0.96446195   1.76888476 103.00000000  548.612719088793 548.615535656269 -0.002816567476 
  0.96446195   1.67112579  94.81236082  552.081039875746 552.073121826155 0.007918049591 
  0.96446195   1.68888476 112.46231156  554.347452163696 554.353553992629 -0.006101828933 
  0.93413177   1.68888476  95.79554147  554.621304035187 554.602292939917 0.019011095270 
  0.96446195   1.75151986 107.22515186  556.670086383820 556.604660537969 0.065425845850 
  0.96446195   1.69561642 112.24964407  557.659338027239 557.667943842206 -0.008605814967 
  0.96446195   1.65651281  95.90757142  559.025544151664 559.027009708659 -0.001465556995 
  0.92537237   1.72808125  98.36802199  560.137452244759 560.173627930125 -0.036175685366 
  0.91722772   1.71158586 103.00000000  562.996704369783 562.989572558364 0.007131811419 
  0.91457286   1.68888476 103.00000000  567.195196449757 567.186281514541 0.008914935216 
  0.96723788   1.68888476 112.56709227  568.676202267408 568.695019410502 -0.018817143093 
  1.00390405   1.63894062 106.29512621  568.886858627200 568.845744697634 0.041113929566 
  0.92791619   1.68888476 109.70289256  569.457745745778 569.284667981721 0.173077764057 
  0.91446195   1.68888476 103.00000000  569.876092687249 569.866751896997 0.009340790252 
  1.02099043   1.68738223 103.00000000  570.335750922561 570.335022714319 0.000728208242 
  1.00694046   1.68888476 109.05052532  570.415750980377 570.364800282127 0.050950698250 
  0.96446195   1.64561350  96.94627655  573.431426584721 573.440968698667 -0.009542113947 
  0.96446195   1.66415801 112.92023195  576.445479020476 576.418605984790 0.026873035686 
  0.96446195   1.76156673 105.71574683  578.485042557120 578.432090008066 0.052952549054 
  0.99447775   1.74116910  95.69164582  579.715389281511 579.770646523176 -0.055257241665 
  0.96446195   1.77135678 103.00000000  580.306988537312 580.309357088847 -0.002368551535 
  0.96446195   1.76883576 103.94411146  581.942225024104 581.922439272323 0.019785751781 
  1.01209057   1.64988052 103.01542151  582.128364294767 582.126932490246 0.001431804522 
  0.96446195   1.61989539 109.13684979  583.165623590350 583.025523818002 0.140099772348 
  0.96290568   1.77389193 101.87772410  586.375917702913 586.405067792151 -0.029150089237 
  1.00630919   1.64018890 103.00000000  587.697655409575 587.697608835428 0.000046574147 
  0.96446195   1.67925684  94.05348046  587.940891042352 587.923921684947 0.016969357405 
  0.96446195   1.71174714 111.70067384  591.864121526480 591.874322610768 -0.010201084288 
  0.96446195   1.77523909  99.20799784  593.110647886992 593.187597217368 -0.076949330377 
  1.02265994   1.68738545 103.00000000  602.212196901441 602.211482376591 0.000714524850 
  0.92930408   1.75020489 100.36165932  603.042718142271 603.086580725341 -0.043862583070 
  0.96446195   1.65474845  95.67536598  605.555917173624 605.552251030111 0.003666143513 
  0.96446195   1.77656005  99.54433475  605.858736619353 605.932119889458 -0.073383270104 
  0.97354681   1.68888476 112.74850528  606.319712370634 606.363589167390 -0.043876796756 
  0.96446195   1.68888476  93.46733668  609.056135579944 609.032626601951 0.023508977993 
  0.97320610   1.68888476 112.79606184  610.631358087063 610.677614854717 -0.046256767654 
  0.96446195   1.77379548 102.94780774  610.640074297786 610.643385894512 -0.003311596727 
  0.96446195   1.61304655 106.85459640  610.890420004725 610.805637555964 0.084782448762 
  0.96446195   1.77388476 103.00000000  613.481349259615 613.483671410734 -0.002322151119 
  0.92790283   1.68888476  96.19176163  613.526400372386 613.506464392396 0.019935979990 
  0.91901005   1.72716987 103.00000000  615.266754567623 615.261215988317 0.005538579307 
  0.96446195   1.63459538  98.03565072  617.832556813955 617.847279377631 -0.014722563675 
  0.95425022   1.68888476 112.85660202  618.878826424479 618.880772627267 -0.001946202788 
  0.96446195   1.76553577 105.61458057  623.405583158135 623.354941910630 0.050641247505 
  0.96446195   1.61432161 103.00000000  626.210758194327 626.214387371902 -0.003629177575 
  1.02427979   1.69367216 103.00000000  633.995798155665 633.995297979225 0.000500176440 
  0.96446195   1.61388476 103.00000000  634.128165513277 634.131850059099 -0.003684545822 
  0.99914076   1.68888476 111.03817666  636.020184785128 636.013540208336 0.006644576792 
  1.02446195   1.68888476 103.00000000  636.786399051547 636.785417263553 0.000981787994 
  0.96446195   1.68888476 113.16582915  637.338241621852 637.388322217062 -0.050080595210 
  0.96446195   1.61201433 103.99679347  638.511651843786 638.498359432047 0.013292411739 
  0.95551938   1.77497920 103.00000000  649.983090400696 649.983904052823 -0.000813652127 
  1.01517594   1.73580803 103.00000000  651.130512595177 651.132594882419 -0.002082287243 
  1.02421632   1.70043884 103.91487227  653.026852682233 653.013487478315 0.013365203918 
  1.01241675   1.64651132 107.08301926  657.840115129948 657.794055930759 0.046059199189 
  0.91731462   1.72290660 104.54637546  658.436154246330 658.388113475875 0.048040770456 
  0.95111652   1.71685547  92.95074691  660.357581585646 660.310744234581 0.046837351065 
  0.97222654   1.68888476 113.26162730  663.278478220105 663.353565147722 -0.075086927617 
  1.00743054   1.63521818 103.00000000  663.304683044553 663.304675152435 0.000007892117 
  0.96446195   1.77763819 103.00000000  664.134473636746 664.136364688895 -0.001891052149 
  0.92483566   1.63325913 103.00000000  669.256412446499 669.244188976568 0.012223469931 
  0.96446195   1.68888476  93.00000000  671.710294038057 671.678800410059 0.031493627998 
  0.95998075   1.75107782  93.54594833  675.840557798743 675.837455380917 0.003102417827 
  0.94926897   1.61163813 107.11630154  676.867514505982 676.745320350984 0.122194154999 
  0.96446195   1.60949223 104.37079153  677.144853010774 677.125547358561 0.019305652212 
  0.93482421   1.76334593 103.00000000  687.005788430572 687.003174695804 0.002613734768 
  0.92882897   1.73696891  95.88660593  692.567884251475 692.562534603494 0.005349647982 
  1.01889299   1.71619926  97.80738113  694.442037671804 694.484727127880 -0.042689456076 
  0.90946195   1.68888476 103.00000000  698.106545314193 698.098410119996 0.008135194197 
  0.96446195   1.75629947  93.59112258  699.128530919552 699.134091249193 -0.005560329642 
  1.02763819   1.68888476 103.00000000  700.945377036929 700.944259254716 0.001117782213 
  0.96999938   1.61770377 110.50484839  701.090294420719 700.955267683909 0.135026736810 
  1.00452502   1.68888476 110.96963456  701.975909695029 701.971730984839 0.004178710191 
  0.96446195   1.68888476  92.76381910  704.587698996067 704.552386064614 0.035312931453 
  0.96446195   1.78135198 102.74494164  707.457201153040 707.465081171333 -0.007880018293 
  0.91294101   1.68888476 107.13455655  709.396251201630 709.245088074078 0.151163127552 
  0.92222192   1.68888476 110.20395875  715.007983893156 714.826039931930 0.181943961226 
  1.00090993   1.63071103 100.85990891  715.323552861810 715.334986435394 -0.011433573585 
  1.00104124   1.76191771  97.53579963  715.585229605436 715.662064606521 -0.076835001085 
  0.96446195   1.60659091 105.99673714  717.052183389664 716.995805207203 0.056378182460 
  0.94482568   1.64119986  96.90542492  719.435236558318 719.431640699291 0.003595859027 
  0.98411672   1.77600186 103.41356831  719.978566870093 719.971913341241 0.006653528852 
  0.96446195   1.60934291 108.70604081  723.051797091961 722.923787244589 0.128009847372 
  0.90975965   1.66715687 104.24029139  724.264142066240 724.211022576110 0.053119490130 
  0.95373825   1.77986304 103.00000000  725.654361516237 725.654815765616 -0.000454249379 
  0.96446195   1.68888476 113.86934673  725.761713683605 725.862358046357 -0.100644362751 
  0.96446195   1.75323847 108.99452610  725.940377607942 725.898785187736 0.041592420206 
  0.96446195   1.69280758  92.47519653  726.242248535156 726.203109476770 0.039139058386 
  0.96547318   1.68048762  92.95427919  728.337271094322 728.304262744745 0.033008349577 
  0.96446195   1.60888476 103.00000000  728.789055451751 728.793039326190 -0.003983874439 
  0.95778928   1.78497660  99.11308500  732.136731252074 732.211697493655 -0.074966241581 
  0.96446195   1.65878540  94.30993108  734.534946635365 734.512386224874 0.022560410492 
  0.96446195   1.76228692 107.78603218  735.530101895332 735.474208822881 0.055893072451 
  0.90851981   1.68888476 101.73244098  736.856044724584 736.874897140267 -0.018852415683 
  0.96446195   1.76097255 108.01690591  737.565534025431 737.511546707854 0.053987317576 
  1.02946195   1.68888476 103.00000000  738.957369953394 738.956220397091 0.001149556302 
  0.97804563   1.65680310 113.84003353  740.034351736307 740.084192649763 -0.049840913456 
  0.91105455   1.71698292 103.00000000  742.334096729755 742.328100649181 0.005996080575 
  1.01138829   1.64227824 100.35591451  743.653545349836 743.663668536710 -0.010123186873 
  0.96446195   1.60804020 103.00000000  745.520156204700 745.524300907954 -0.004144703253 
  0.95969103   1.78293190 103.00000000  746.119898781180 746.121027826449 -0.001129045269 
  0.95053671   1.75854926 107.95439400  746.639082700014 746.575659464771 0.063423235244 
  1.02534639   1.66092314 102.46360465  750.836024180055 750.837415306614 -0.001391126559 
  1.02005335   1.68679927 108.54991345  752.117043197155 752.070412654388 0.046630542767 
  0.96446195   1.78391960 103.00000000  752.538291618228 752.539874370969 -0.001582752741 
  0.94994987   1.65941031  94.47138075  754.159098848701 754.122401945805 0.036696902896 
  0.96446195   1.61322000 110.52883875  755.558709025383 755.404619769532 0.154089255851 
  0.95965473   1.60657207 103.46794583  760.006668001413 760.002884229614 0.003783771799 
  0.95759089   1.65000260  94.97143969  762.640473604202 762.617212568699 0.023261035503 
  0.90703518   1.68888476 103.00000000  765.646477147937 765.639194610838 0.007282537098 
  1.01931029   1.64377182 103.00000000  767.757714778185 767.755176409496 0.002538368689 
  0.96446195   1.63768356  96.21693572  768.208930045366 768.201441915674 0.007488129693 
  0.98207268   1.78531947  99.00679883  770.592357218266 770.673477238490 -0.081120020225 
  1.00961321   1.63101398 102.34462895  771.518582761288 771.522166189743 -0.003583428455 
  1.01133801   1.63511969 107.85199192  771.622742995620 771.574702818859 0.048040176761 
  1.01540801   1.74594579 104.05679756  773.981841608882 773.964318962381 0.017522646501 
  0.96446195   1.70337148  91.83038838  780.106337279081 780.059491079160 0.046846199921 
  0.96446195   1.70705381  91.67397994  793.614959180355 793.566232723967 0.048726456388 
  0.95220466   1.77876348  95.56424625  801.343217447400 801.390035072680 -0.046817625280 
  1.01432573   1.66525685 110.46301202  803.298573628068 803.270168106076 0.028405521992 
  0.92827979   1.72067463 110.32596820  805.355215772986 805.259925059298 0.095290713688 
  0.96446195   1.60286644 107.65300938  806.912568062544 806.814611396882 0.097956665662 
  1.03033129   1.71517184 101.65596552  806.932172626257 806.950076058263 -0.017903432006 
  0.96446195   1.68888476  92.06030151  807.372960314155 807.328236649204 0.044723664951 
  0.96446195   1.79189008 100.04869604  810.168570831418 810.233859851224 -0.065289019806 
  0.90660057   1.68888476 100.88694331  811.718040451407 811.744906429098 -0.026865977690 
  0.96446195   1.60574304 102.55102929  811.847309052944 811.856621466843 -0.009312413899 
  1.02907604   1.71508542 104.24649824  812.257369324565 812.239660805051 0.017708519514 
  0.91033771   1.72080154 104.52105342  815.964191660285 815.918122338374 0.046069321911 
  1.03159423   1.67264999 103.00000000  816.478900492191 816.476310400763 0.002590091428 
  0.91182675   1.68888476 108.48894406  817.043690159917 816.856907161757 0.186782998160 
  0.96492083   1.73376559  91.53284771  818.810059562325 818.761109980230 0.048949582096 
  0.96446195   1.68888476 114.57286432  819.548494324088 819.704651681128 -0.156157357040 
  0.96446195   1.60150654 105.22772653  821.490904703736 821.456853364834 0.034051338902 
  0.96446195   1.61887339 112.41408896  822.941760674119 822.808074402857 0.133686271262 
  1.01339207   1.64603847  98.86889893  828.751165986061 828.758942178934 -0.007776192873 
  0.96446195   1.60388476 103.00000000  831.018883317709 831.023338075914 -0.004454758205 
  0.98708384   1.70294950 113.35199573  832.985560178757 833.120801465251 -0.135241286494 
  0.96446195   1.60581151 109.93103153  838.784695446491 838.637171165178 0.147524281313 
  0.90446195   1.68888476 103.00000000  841.134348303080 841.128275730872 0.006072572208 
  0.96446195   1.74379475  91.62528484  841.312498301268 841.265801396876 0.046696904391 
  0.99710915   1.68888476 113.12783254  841.671016260982 841.773538481609 -0.102522220628 
  0.98015009   1.73804365 111.38474720  843.472834497690 843.524879273486 -0.052044775796 
  0.96446195   1.79020101 103.00000000  845.335621282458 845.336810119457 -0.001188836999 
  0.95120069   1.64011176  95.59594693  847.087533295155 847.063668009240 0.023865285914 
  1.03446195   1.68888476 103.00000000  847.449782103300 847.448301535394 0.001480567906 
  0.98490766   1.78076494  95.41803993  853.089654281735 853.156172191244 -0.066517909509 
  0.93210016   1.65533028  95.50959562  853.937439575791 853.893576331415 0.043863244376 
  0.96446195   1.70395953 114.23758439  855.049320474267 855.217724341746 -0.168403867479 
  0.95631259   1.78826874 103.57291419  858.415131896734 858.402370876469 0.012761020265 
  0.97358087   1.79057027 103.00000000  861.102640509605 861.104140045757 -0.001499536152 
  1.03517588   1.68888476 103.00000000  863.443340733647 863.441400054330 0.001940679318 
  1.02067603   1.74889756 103.00000000  863.475892618299 863.477543113550 -0.001650495252 
  0.90705656   1.68888476  99.28222975  864.133230119944 864.152452290705 -0.019222170761 
  0.96446195   1.78666594  95.31063712  864.608137249947 864.664958221582 -0.056820971635 
  1.02141005   1.68888476 109.64224478  864.985083386302 864.954767784278 0.030315602024 
  0.96107903   1.70061761 114.45650623  865.547338768840 865.716647507531 -0.169308738691 
  0.96446195   1.79512913 101.15824046  869.449175491929 869.492826436139 -0.043650944210 
  0.96446195   1.61518859  98.95108370  872.259493574500 872.268719845393 -0.009226270893 
  0.96446195   1.77359061  93.24990927  873.369521230459 873.370941495466 -0.001420265007 
  0.96446195   1.73504416 112.30114430  875.343945324421 875.431052820030 -0.087107495609 
  0.96446195   1.62583713 113.75434737  876.799045503139 876.723600690974 0.075444812165 
  0.96446195   1.60175879 103.00000000  876.828086137772 876.832993074573 -0.004906936801 
  1.03022504   1.65578239 103.00000000  880.100037932396 880.096385007173 0.003652925223 
  1.03173064   1.66878075 106.22111247  881.694883957505 881.660477903734 0.034406053771 
  1.02043844   1.75121647 103.00000000  881.946818456054 881.948528525138 -0.001710069084 
  0.98017984   1.68888476  91.80600057  884.500236615539 884.473237505635 0.026999109904 
  0.91015491   1.64715501 107.70842368  893.348979204893 893.132106344284 0.216872860609 
  1.00691201   1.62976908  99.60629661  895.201327353716 895.207147666308 -0.005820312592 
  0.96488777   1.79476285  96.91768139  896.004818707705 896.086337074234 -0.081518366529 
  0.96885718   1.76780974 108.74184333  898.390029102564 898.356011915134 0.034017187429 
  0.96446195   1.79638654  97.55789935  900.212684303522 900.297133665924 -0.084449362402 
  0.96446195   1.79767753  98.38383370  902.441327646375 902.524420435201 -0.083092788826 
  0.90586026   1.68888476  99.16841219  904.904764294624 904.921099839908 -0.016335545284 
  0.90231321   1.68702371 103.00000000  906.646596193314 906.641063986731 0.005532206583 
  1.02826379   1.73705279 103.00000000  906.773356199265 906.774779232519 -0.001423033254 
  0.99833562   1.74130108  92.55152531  907.488894850016 907.488793635406 0.000101214609 
  0.97315550   1.79369393 103.00000000  907.559606730938 907.560820718870 -0.001213987932 
  1.03667274   1.70145627 103.00000000  908.004955008626 908.004317048728 0.000637959898 
  1.01824842   1.75973830  99.19292266  909.573691651225 909.633505192420 -0.059813541195 
  0.94316985   1.68888476  92.10027520  911.159853056073 911.070158768754 0.089694287319 
  0.97814851   1.77158694 108.01321032  914.229686275125 914.187079904723 0.042606370401 
  1.03713820   1.68176541 103.00000000  915.623618841171 915.621296290857 0.002322550314 
  1.02424265   1.63888768 103.00000000  916.331460088491 916.328111444590 0.003348643901 
  0.96446195   1.68888476  91.35678392  917.469406336546 917.417402706066 0.052003630479 
  0.96446195   1.72699560  90.68848994  925.872488439083 925.809108161635 0.063380277449 
  1.00981251   1.68888476  93.75134251  926.628327265382 926.628084211855 0.000243053527 
  0.95104189   1.79244798 103.00000000  927.050472229719 927.049681029932 0.000791199787 
  0.92269316   1.76622176 103.00000000  929.280146673322 929.275464746869 0.004681926453 
  1.02175520   1.75372302 103.00000000  931.861161798239 931.862745067486 -0.001583269247 
  0.96579691   1.59721361 108.31793437  936.841555729508 936.735268430200 0.106287299308 
  0.96446195   1.62091769  97.22890190  940.178004071116 940.171409352009 0.006594719108 
  0.96446195   1.59888476 103.00000000  941.016240701079 941.021676837160 -0.005436136081 
  0.96446195   1.79648241 103.00000000  942.348221316934 942.348817361194 -0.000596044260 
  0.94065473   1.68888476  92.06321299  943.290813714266 943.193450855858 0.097362858408 
  0.90941147   1.68888476  97.08813893  945.028734579682 944.996253699964 0.032480879719 
  0.96446195   1.80112225 100.26871852  948.993638694286 949.054029145055 -0.060390450769 
  0.90099346   1.69267000 103.00000000  952.734176278114 952.730022683216 0.004153594898 
  0.90597806   1.72757044 103.00000000  952.776504591107 952.772799302135 0.003705288972 
  0.96446195   1.70876003  90.57778986  957.581649363041 957.520379136776 0.061270226265 
  0.96446195   1.75143658  90.97520461  959.994327425957 959.934226281234 0.060101144722 
  0.96446195   1.70909283 114.73353984  961.601416617632 961.823340997249 -0.221924379617 
  1.03946195   1.68888476 103.00000000  962.028467074037 962.026625474140 0.001841599897 
  0.92929929   1.77785922 103.00000000  962.214820578694 962.210626043885 0.004194534809 
  0.96446195   1.79666202 103.46617042  964.587460547686 964.577672611869 0.009787935816 
  0.97650415   1.80077781 100.79463412  968.828559666872 968.880266122610 -0.051706455738 
  1.03561808   1.70957665 105.42179411  969.079819053411 969.049821257777 0.029997795634 
  1.01035393   1.68888476 112.65572844  971.994925037026 972.076304896330 -0.081379859304 
  0.95362000   1.79925711 101.48082021  972.436730995774 972.469865499554 -0.033134503780 
  0.95552891   1.63552324  95.05513294  972.551182195544 972.519300435288 0.031881760256 
  0.90919675   1.74281503 101.27032227  974.302336066961 974.325975214308 -0.023639147346 
  0.97459378   1.59855021 103.00000000  974.325539603829 974.332447588386 -0.006907984557 
  1.03445064   1.72843012 103.00000000  975.915995448828 975.916926669595 -0.000931220768 
  1.00419311   1.61198491 103.00000000  978.197039902210 978.198646363423 -0.001606461213 
  0.98327293   1.64927645  93.87050706  979.061065450311 979.042025804708 0.019039645603 
  0.96446195   1.79888476 103.00000000  980.528822258115 980.529282042422 -0.000459784307 
  0.94077006   1.75505749 110.06991472  984.656100511551 984.630188391683 0.025912119868 
  0.98695933   1.68888476 115.01461932  985.407376006246 985.645437552206 -0.238061545961 
  0.95671278   1.64396351  93.98398314  990.611714616418 990.570303732185 0.041410884233 
  0.96446195   1.59936745 101.84519695  990.823313847184 990.835606928624 -0.012293081440 
  1.03720481   1.68888476 106.45698866  993.446014434099 993.410142084048 0.035872350051 
  0.98404609   1.74546687  90.92191006  995.075310081244 995.039320440821 0.035989640423 
  0.89949749   1.68888476 103.00000000  998.288723677397 998.285399392403 0.003324284994 
  0.96446195   1.59332371 107.33918400  998.619260057807 998.538818147143 0.080441910664 
  0.99373301   1.68888476  91.74533809  999.164804205298 999.148412043533 0.016392161765 
  0.89946195   1.68888476 103.00000000  999.469266027212 999.466105997739 0.003160029473 
  0.93342338   1.63091174  96.93137629  1001.971986204386 1001.954329566485 0.017656637901 
  0.96446195   1.59407480 104.25655079  1006.233913019300 1006.223816153424 0.010096865875 
  1.01858333   1.68888476 111.70280573  1007.396623343229 1007.431214465131 -0.034591121902 
  0.95764194   1.61368471  97.95380971  1013.643578395247 1013.640470380485 0.003108014762 
  0.91238949   1.75391367 103.00000000  1020.132783830166 1020.128314314827 0.004469515339 
  1.01149709   1.70250367 112.40072834  1020.318743824959 1020.404236356620 -0.085492531661 
  0.96446195   1.59547739 103.00000000  1020.531418591738 1020.537334667603 -0.005916075865 
  1.00609713   1.68888476  92.60366320  1022.984661176801 1022.977261466564 0.007399710237 
  0.93121136   1.71445071 113.11963933  1023.275108397007 1023.295414408137 -0.020306011130 
  0.97619240   1.76772715 109.81068395  1025.062568470836 1025.065699882776 -0.003131411940 
  0.96446195   1.60676990 112.80595432  1026.973746135831 1026.835006997157 0.138739138674 
  0.96446195   1.78523364  92.78052716  1031.799754112959 1031.790123727305 0.009630385654 
  0.95131379   1.59610653 103.00000000  1034.176802918315 1034.178261272634 -0.001458354319 
  0.96446195   1.68888476  90.65326633  1034.932626634836 1034.876701043154 0.055925591682 
  1.04271357   1.68888476 103.00000000  1039.699055343866 1039.697299557484 0.001755786383 
  0.96446195   1.78993475 106.51376880  1040.732643499970 1040.682865605607 0.049777894364 
  1.01559335   1.75181774  94.26976962  1041.332589700818 1041.361409353548 -0.028819652730 
  0.89819761   1.68176463 103.00000000  1043.118154570460 1043.114678396703 0.003476173758 
  0.96446195   1.80276382 103.00000000  1043.402570188046 1043.402753949601 -0.000183761555 
  0.97268103   1.76137810 110.89826208  1044.440239056945 1044.484992399741 -0.044753342796 
  0.91224051   1.70796106 110.40798644  1052.678587317467 1052.528724477584 0.149862839883 
  0.93563295   1.78088553 105.89319454  1053.843721970916 1053.791107370431 0.052614600485 
  0.96446195   1.67760620 116.44500618  1054.049152866006 1054.333741707178 -0.284588841172 
  0.96446195   1.79253002 106.13553325  1054.436269491911 1054.388320118041 0.047949373870 
  0.98952317   1.60819112 111.74411226  1057.757059648633 1057.687563524907 0.069496123726 
  1.01674206   1.68888476 112.46448493  1058.354314655066 1058.426394346888 -0.072079691823 
  0.96446195   1.59388476 103.00000000  1058.985817790031 1058.991559153353 -0.005741363321 
  0.92588376   1.68888476 113.99550488  1059.942819610238 1059.915551236653 0.027268373585 
  0.89985783   1.71434045 103.00000000  1061.227843806148 1061.226126813260 0.001716992887 
  0.90735530   1.74478330 103.00000000  1061.665266200900 1061.661180019689 0.004086181211 
  1.04318243   1.68026202 103.00000000  1061.835260480642 1061.832753802129 0.002506678513 
  1.02826045   1.63936070 108.11593637  1062.206334590912 1062.170236272513 0.036098318399 
  0.97349982   1.80131471 103.74652550  1062.341239959002 1062.325583617106 0.015656341896 
  0.96446195   1.75796138 111.56029010  1065.894227474928 1065.965932489494 -0.071705014566 
  0.93020458   1.71759471 113.13031724  1067.150574907660 1067.177787345607 -0.027212437947 
  1.04024066   1.66127760 103.00000000  1069.270714119077 1069.266421293622 0.004292825455 
  0.90832772   1.74827032 103.00000000  1069.354567736387 1069.350623620184 0.003944116203 
  0.92621603   1.78202779 103.00000000  1076.066309049726 1076.061628944321 0.004680105404 
  0.96446195   1.76600175  90.75933577  1076.420617058873 1076.355041022035 0.065576036838 
  0.89748897   1.67509919 103.00000000  1077.813610926270 1077.810660870024 0.002950056246 
  0.97872401   1.59843686 101.52332304  1079.371849238873 1079.381909003723 -0.010059764850 
  0.91520422   1.76511090 103.00000000  1082.271903231740 1082.266789306974 0.005113924766 
  1.04446195   1.68888476 103.00000000  1082.464933797717 1082.463188238988 0.001745558729 
  0.96446195   1.61937054  96.32481370  1083.171991527081 1083.151457450864 0.020534076217 
  1.02733648   1.68888476 110.80980409  1087.826959669590 1087.829907556742 -0.002947887152 
  0.89687567   1.69043297 103.00000000  1088.661545336246 1088.660472511642 0.001072824605 
  0.89785519   1.68888476 100.82686590  1089.931370258331 1089.957422988302 -0.026052729971 
  0.91135911   1.62926494 109.39044031  1094.015521973372 1093.717906743139 0.297615230233 
  0.99273860   1.68888476 115.38426620  1094.765151157975 1095.040246000903 -0.275094842928 
  1.03122837   1.63605184 103.00000000  1095.933909773827 1095.929205456914 0.004704316912 
  0.93438637   1.78625522 105.04110474  1100.266010090709 1100.224495806341 0.041514284368 
  1.01797306   1.77411550 103.00000000  1101.280284702778 1101.280998939148 -0.000714236370 
  1.03497341   1.64220561 105.54880210  1103.805896535516 1103.785378854549 0.020517680967 
  0.96446195   1.74905589  89.85520080  1104.365713134408 1104.287395501045 0.078317633363 
  1.00466133   1.78322377  94.93669381  1109.992004424334 1110.047495300452 -0.055490876118 
  1.04000735   1.65461038 103.00000000  1110.244286134839 1110.239704355951 0.004581778888 
  1.03644620   1.69944703  96.69659964  1110.284259706736 1110.296805536837 -0.012545830102 
  0.97122715   1.81088016 100.54276017  1110.987463667989 1111.042402461975 -0.054938793986 
  1.02520921   1.76779201 100.05887002  1114.458595931530 1114.506755464882 -0.048159533352 
  0.99989552   1.79418725 103.00000000  1116.475822687149 1116.476451562792 -0.000628875643 
  0.89765733   1.66217634 103.00000000  1119.671687409282 1119.667630072911 0.004057336370 
  0.98381818   1.78306458 108.03837294  1121.032765939832 1120.997908637841 0.034857301991 
  0.96306363   1.63522434 116.36872405  1121.800985112786 1121.920556928105 -0.119571815319 
  0.89755001   1.66208421 103.00000000  1123.815372914076 1123.811324200710 0.004048713366 
  1.03166076   1.63428023 106.21524799  1124.019449874759 1123.996391588689 0.023058286070 
  0.96886953   1.71200788 115.65398260  1126.754004850984 1127.070394929445 -0.316390078461 
  1.00722092   1.68888476  91.98235406  1128.541955396533 1128.532649161091 0.009306235442 
  1.01612753   1.68888476  92.96607843  1129.381859794259 1129.377132063885 0.004727730374 
  1.01702538   1.62221680 109.99910985  1130.027591481805 1129.992061592596 0.035529889209 
  1.04624929   1.69739362 103.00000000  1130.451824337244 1130.450840604878 0.000983732366 
  1.01124501   1.76185123 108.02668911  1130.849946707487 1130.815359946587 0.034586760900 
  0.99192657   1.68888476  90.80745724  1131.873340696096 1131.853812702051 0.019527994046 
  0.96446195   1.80772559  95.45947712  1134.814290016890 1134.878536796184 -0.064246779295 
  1.02719462   1.62623725 103.00000000  1143.887332856655 1143.883391259940 0.003941596715 
  0.97801891   1.59218320 103.00000000  1144.544967532158 1144.551836072550 -0.006868540392 
  1.02082859   1.73820613  93.34703512  1144.973771810532 1144.983003067950 -0.009231257418 
  0.96446195   1.72955201  89.30447940  1145.347989007831 1145.272549219865 0.075439787965 
  0.96446195   1.80888476 103.00000000  1145.602427273989 1145.602235225958 0.000192048030 
  0.96446195   1.80904523 103.00000000  1148.330223172903 1148.329633754136 0.000589418767 
  0.96446195   1.77609634 110.00136829  1148.384083464742 1148.395609883844 -0.011526419102 
  1.00004910   1.72824684 113.16586260  1149.614659965038 1149.782245018753 -0.167585053714 
  1.04410132   1.68888476 106.28054869  1150.125584855676 1150.094339998856 0.031244856820 
  0.95283071   1.68888476  90.20975154  1150.251485392451 1150.171694557393 0.079790835058 
  1.00156952   1.68641058 115.10042366  1151.187255457044 1151.436491538229 -0.249236081185 
  0.92443214   1.68888476 114.48715916  1151.223975747824 1151.223169819791 0.000805928033 
  1.04336812   1.68888476 106.72471056  1152.634690433741 1152.600478143258 0.034212290483 
  0.96446195   1.68940299  89.94789323  1156.543338149786 1156.487020109740 0.056318040046 
  0.89579934   1.70450092 103.00000000  1157.875409826636 1157.876075380483 -0.000665553847 
  0.98431548   1.68341132  90.52674903  1158.037822350860 1158.012380316187 0.025442034673 
  0.96446195   1.68888476  89.94974874  1159.818003073335 1159.762549318931 0.055453754404 
  1.00071135   1.62420773 113.73404549  1163.755137920380 1163.783469436703 -0.028331516323 
  0.96446195   1.71922132 115.51099791  1164.017458841205 1164.325514994621 -0.308056153417 
  0.99848838   1.79845409 103.00000000  1166.048520833254 1166.048823058518 -0.000302225264 
  0.94270558   1.70137016  90.19120500  1166.317946985364 1166.206505467828 0.111441517535 
  0.91781922   1.77619822 103.00000000  1167.226830288768 1167.221638473084 0.005191815684 
  0.91454990   1.61428226 103.00000000  1169.588294848800 1169.575883283041 0.012411565759 
  1.02410682   1.71772366  93.25129842  1170.153219059110 1170.155094587862 -0.001875528752 
  0.99025364   1.69397772  90.30562292  1170.203315243125 1170.181158491993 0.022156751132 
  0.89446195   1.68888476 103.00000000  1173.637335866690 1173.638059718709 -0.000723852020 
  0.96446195   1.80353776 105.21984383  1174.402459785342 1174.363601888381 0.038857896961 
  0.98835183   1.80976437 100.30641302  1175.102282777429 1175.161283140110 -0.059000362681 
  0.96446195   1.68690912  89.93759556  1176.368866249919 1176.314395641227 0.054470608692 
  0.96446195   1.58919598 103.00000000  1177.040097624063 1177.046404895332 -0.006307271268 
  0.93274850   1.79190807  95.32895077  1179.278011783957 1179.292795321576 -0.014783537619 
  1.01922712   1.64920794 112.91518687  1184.175131544471 1184.219845225784 -0.044713681314 
  0.96446195   1.58888476 103.00000000  1185.134761333466 1185.141176805087 -0.006415471621 
  0.96553896   1.74321603 113.90767196  1186.483206242323 1186.699018899714 -0.215812657391 
  0.98698173   1.74349356  89.64612839  1189.590753540397 1189.543264092719 0.047489447678 
  0.96925853   1.81604126 100.51513369  1193.800692513585 1193.855390624027 -0.054698110442 
  0.99221450   1.80433629 103.00000000  1194.367192998528 1194.367305626066 -0.000112627537 
  0.91826030   1.67280547 114.24544666  1194.920213103294 1194.814804718087 0.105408385208 
  1.04916275   1.68888476 102.95286985  1200.713263660669 1200.711980609519 0.001283051150 
  0.93666589   1.68888476  90.76011059  1204.483457103372 1204.361006861093 0.122450242279 
  0.96446195   1.77765698 110.28856276  1204.777910411358 1204.803135154803 -0.025224743446 
  0.95560219   1.80810159  94.67328655  1205.800581902266 1205.839457262789 -0.038875360524 
  0.96446195   1.58448047 107.22510931  1207.252715632319 1207.185990172970 0.066725459349 
  0.96446195   1.58600449 109.13181784  1208.175499126315 1208.058413284637 0.117085841678 
  1.04946195   1.68888476 103.00000000  1208.538396731019 1208.536797694394 0.001599036625 
  0.95484987   1.67412137  90.50075266  1209.924624636769 1209.856608353461 0.068016283308 
  0.94423529   1.68888476  90.23392549  1211.520330786705 1211.418785393882 0.101545392823 
  1.02233682   1.75266599  93.73291654  1211.542910978198 1211.560918190724 -0.018007212526 
  1.04168721   1.72114552 106.23751084  1212.094656392932 1212.061435188117 0.033221204814 
  0.90919622   1.68888476  94.45980687  1216.901111587882 1216.765603480945 0.135508106937 
  1.02887979   1.65714723 111.68258896  1218.536482080817 1218.546156594544 -0.009674513727 
  0.99140010   1.80797783  96.15497548  1221.372206956148 1221.453364159222 -0.081157203074 
  0.96891078   1.80994539  94.36773884  1222.276620671153 1222.320339353118 -0.043718681965 
  1.00005861   1.59769114 103.00000000  1222.624725252390 1222.628130548750 -0.003405296360 
  0.97251102   1.75173830 113.33624291  1225.758641317487 1225.948716792261 -0.190075474774 
  0.89295031   1.68696576 103.22894679  1228.275403022766 1228.271848557466 0.003554465300 
  1.01708933   1.68888476  92.36711181  1228.504805162549 1228.498915515910 0.005889646639 
  1.05025126   1.68888476 103.00000000  1228.941355466843 1228.940010228885 0.001345237957 
  0.96446195   1.81388476 103.00000000  1231.709237560630 1231.708618815733 0.000618744897 
  0.96979198   1.81382988 103.00000000  1231.833697855473 1231.833182826327 0.000515029146 
  0.94083078   1.68888476 116.63453350  1235.328775927424 1235.571092555274 -0.242316627850 
  0.96552386   1.81418031 103.00000000  1236.172854095697 1236.172302427341 0.000551668356 
  1.02280385   1.63517618 111.79418665  1238.204911574721 1238.203060272320 0.001851302401 
  1.04977444   1.68888476 104.76584733  1241.457805737853 1241.441169597045 0.016636140808 
  0.97501317   1.58504900 104.88564430  1243.432273283601 1243.424946498719 0.007326784881 
  0.96412263   1.58660182 103.00000000  1245.332048371434 1245.338350676718 -0.006302305284 
  0.99486500   1.68888476 116.23256262  1245.988486692309 1246.337979988466 -0.349493296157 
  0.96446195   1.81532663 103.00000000  1256.965383753181 1256.964936952497 0.000446800684 
  0.98088807   1.58840701 103.00000000  1259.489138811827 1259.496358733876 -0.007219922049 
  0.93892506   1.59879193 112.61862390  1259.787839606404 1259.525568308661 0.262271297743 
  0.97431521   1.78509052  90.61609274  1261.069094344974 1261.009470238644 0.059624106329 
  0.96446195   1.82071889  99.51863650  1261.605562984943 1261.675639531214 -0.070076546270 
  0.90196314   1.63084117 102.81472727  1265.412900775671 1265.409455723565 0.003445052106 
  0.92568308   1.67618685 115.77783895  1265.805395811796 1265.856220548935 -0.050824737139 
  0.89195980   1.68888476 103.00000000  1266.909526318312 1266.912808145040 -0.003281826728 
  0.89712833   1.73160081 103.00000000  1269.454613760114 1269.454763151523 -0.000149391410 
  0.95198128   1.78594896 109.34719026  1273.831951290369 1273.821923098887 0.010028191482 
  0.95854294   1.68888476  89.40461638  1274.149244457483 1274.084822018031 0.064422439452 
  0.99993394   1.78797962  92.61229263  1274.824177667499 1274.830876134884 -0.006698467385 
  1.05213398   1.69766461 103.00000000  1281.810695320368 1281.810173940282 0.000521380086 
  0.96086210   1.73577325 115.13084019  1282.506780862808 1282.800053576795 -0.293272713986 
  1.03967640   1.67371026 110.08328607  1282.854689419270 1282.836497111680 0.018192307590 
  0.93886778   1.72457423  89.47286615  1283.834254965186 1283.705455790882 0.128799174304 
  0.96446195   1.68888476  89.24623116  1292.182756856084 1292.130987282267 0.051769573817 
  0.96839367   1.58915424 111.98064019  1293.143357887864 1293.003369690374 0.139988197490 
  0.92749029   1.80059714 101.43409290  1293.159927129745 1293.183241116111 -0.023313986365 
  0.91366944   1.68888476 113.82589684  1293.341910213232 1293.256076480025 0.085833733207 
  1.05187378   1.67903424 104.43474953  1296.625701799989 1296.613343210450 0.012358589539 
  1.00049905   1.68888476 116.12733162  1298.888540804386 1299.229560473982 -0.341019669596 
  0.99496317   1.80913944 103.00000000  1301.285036131740 1301.284818685391 0.000217446349 
  1.02455718   1.65129131 113.12448600  1301.410567954183 1301.468656672876 -0.058088718693 
  1.04683385   1.68947370 107.87771045  1304.143604382873 1304.110099928522 0.033504454351 
  0.90566862   1.74377594  95.50481041  1304.929064810276 1304.852691813244 0.076372997032 
  0.89805265   1.72037311 107.12158116  1306.812102764845 1306.701829393751 0.110273371094 
  0.99497724   1.68888476 116.63948624  1311.221673235297 1311.606614121843 -0.384940886546 
  0.90735935   1.64527547 112.50814649  1314.731886461377 1314.418386337574 0.313500123803 
  0.89467426   1.65829518 107.73225000  1314.935803636909 1314.725504633716 0.210299003192 
  1.01143953   1.68888476  91.16999074  1316.903067603707 1316.896477570508 0.006590033199 
  1.03552358   1.69740636  94.25816800  1318.353659734130 1318.352124204942 0.001535529188 
  0.95628374   1.81592480 103.64836344  1319.629229202867 1319.614640089711 0.014589113156 
  0.96446195   1.82395223  96.97686962  1334.840282261372 1334.923337473562 -0.083055212190 
  0.90492438   1.61669900 104.82630181  1336.066455662251 1335.986582849436 0.079872812815 
  0.98079203   1.82235377 100.54571102  1339.398307129741 1339.451687302588 -0.053380172847 
  1.05446195   1.68888476 103.00000000  1340.034120321274 1340.032861314215 0.001259007059 
  0.96446195   1.58434724 111.17372504  1341.146450906992 1340.996839014593 0.149611892399 
  0.96446195   1.80131760 107.81677413  1341.806102737784 1341.772134285378 0.033968452407 
  0.89110223   1.70801486 103.00000000  1346.527772977948 1346.533256740502 -0.005483762553 
  0.96446195   1.58291457 103.00000000  1346.773889869452 1346.780485723353 -0.006595853902 
  0.94909996   1.81681772 103.00000000  1346.893351212144 1346.890405771736 0.002945440408 
  0.94898384   1.70668123 117.02686725  1347.217179894447 1347.573637495864 -0.356457601417 
  0.96446195   1.60195059 115.23890163  1351.870617628098 1351.815510801528 0.055106826569 
  1.03947726   1.72850406 108.28269166  1351.977229833603 1351.949299595111 0.027930238492 
  1.02490015   1.68888476  92.49648331  1353.180144652724 1353.175502979824 0.004641672900 
  0.97213815   1.75355079  88.38798026  1353.643822997808 1353.564630660130 0.079192337679 
  0.93771826   1.58390144 106.03254978  1356.522548452020 1356.443100783312 0.079447668708 
  1.03597351   1.70471853  93.84705280  1356.813902795315 1356.813045459216 0.000857336099 
  1.03166123   1.68888476 112.48319391  1357.022033885121 1357.094419049557 -0.072385164436 
  0.99753629   1.73167685  89.02405675  1363.914807543159 1363.884767526372 0.030040016786 
  0.88946195   1.68888476 103.00000000  1364.180507272482 1364.187260567530 -0.006753295048 
  0.96446195   1.82160804 103.00000000  1369.150009006262 1369.149035253620 0.000973752642 
  0.96396346   1.78235415  89.47995927  1371.870072141290 1371.776328234425 0.093743906865 
  0.93689309   1.81112819 103.00000000  1372.811839789152 1372.807566216330 0.004273572822 
  1.05574557   1.68888476 102.92722639  1374.445813745260 1374.445547904882 0.000265840379 
  1.01708103   1.79460633 103.00000000  1374.890872314572 1374.890134226196 0.000738088376 
  0.93925365   1.68888476  89.64178613  1375.090525090694 1374.977821678303 0.112703412392 
  0.92421046   1.72294737 114.27932887  1376.521354630589 1376.617787451322 -0.096432820733 
  0.98665265   1.67782478 117.79669767  1376.751319080591 1377.202464069185 -0.451144988594 
  0.96446195   1.81254528  92.58254790  1381.977728277445 1381.966709714285 0.011018563160 
  0.96446195   1.78923205  89.86502010  1384.512514561415 1384.424994927095 0.087519634320 
  1.04057742   1.68782140 110.85584227  1385.312619671226 1385.319478241231 -0.006858570005 
  0.98043882   1.68888476 117.89883301  1389.055187404156 1389.535394319561 -0.480206915405 
  0.99450899   1.68888476  89.48484247  1391.016580864787 1391.004610298960 0.011970565828 
  1.04227140   1.68888476 110.46425553  1391.466627612710 1391.463697263306 0.002930349404 
  0.96446195   1.57793828 108.37071361  1392.316967859864 1392.229720412595 0.087247447269 
  1.00700169   1.76763923  90.61341241  1393.897384300828 1393.868287410497 0.029096890330 
  1.02958526   1.73490583 110.52144478  1399.874197006226 1399.901181931730 -0.026984925504 
  1.03774359   1.70208103 111.15091682  1399.971482872963 1399.998454935137 -0.026972062174 
  1.05324011   1.66007393 103.00000000  1405.482741609216 1405.478402772584 0.004338836632 
  0.95020715   1.58091622 110.36027153  1409.022217839956 1408.835846763603 0.186371076353 
  0.94987721   1.70276934  88.48672562  1412.486055403948 1412.400849403648 0.085206000300 
  0.95777236   1.65510760  90.57637631  1415.699620366096 1415.649367290422 0.050253075674 
  0.93897335   1.81767287  96.36367701  1417.940779238939 1417.994032721422 -0.053253482483 
  0.98625758   1.75296124 114.04637101  1419.207852199674 1419.459657518423 -0.251805318750 
  1.00367941   1.63995078 116.46650615  1420.330849915743 1420.563093349041 -0.232243433298 
  0.91125094   1.68888476 114.34173310  1421.191439136863 1421.126185195489 0.065253941373 
  0.89757750   1.63463735 101.33481862  1422.271735429764 1422.296888644680 -0.025153214917 
  0.98650032   1.68888476  88.93873036  1425.392159745097 1425.375452226979 0.016707518118 
  0.89545283   1.67271201  97.39401087  1425.512142807245 1425.459385755686 0.052757051560 
  1.03707843   1.65844208  95.94961769  1426.220348820090 1426.212495031156 0.007853788934 
  1.04948938   1.66039188  99.32839011  1429.224624514580 1429.222057633296 0.002566881283 
  1.03001011   1.67618686 113.59889029  1429.373054102063 1429.488438403365 -0.115384301302 
  1.05778894   1.68888476 103.00000000  1430.432805135846 1430.431783456677 0.001021679169 
  0.96446195   1.82522280 102.91448726  1431.296774297953 1431.297144789498 -0.000370491545 
  0.96446195   1.71176006  87.88867834  1431.307335406542 1431.249800572896 0.057534833645 
  0.96446195   1.68888476  88.54271357  1432.082443088293 1432.037723655184 0.044719433109 
  0.98203245   1.62205048 117.26047984  1433.819264546037 1434.021506760650 -0.202242214613 
  0.95831321   1.80272992  90.76918397  1440.770460605621 1440.697469767239 0.072990838382 
  0.96446195   1.80261758 108.61553156  1442.320801749825 1442.304322724833 0.016479024992 
  0.96446195   1.59692753  97.64042743  1443.083469316363 1443.059601669918 0.023867646445 
  1.05692302   1.69790408 100.09382263  1443.821372240782 1443.831203855956 -0.009831615174 
  1.04333587   1.62965425 105.76156443  1444.957552909851 1444.942866609046 0.014686300805 
  0.90480291   1.66552207 113.53296717  1445.002266705036 1444.779602995877 0.222663709159 
  0.90647210   1.67214963  94.02474987  1448.607822135091 1448.445856524756 0.161965610335 
  0.89341065   1.67313149 109.65942892  1449.080000296235 1448.826629454733 0.253370841502 
  0.93045909   1.58763886 103.00000000  1449.905397877097 1449.898318805547 0.007079071551 
  1.05428059   1.68888476 107.11038772  1452.813565403223 1452.784669183575 0.028896219648 
  0.96446195   1.68154343  88.74472405  1454.661560714245 1454.621118978495 0.040441735750 
  0.93125953   1.68888476  89.80094030  1456.710475817323 1456.572791181628 0.137684635694 
  0.90990751   1.60510396 103.00000000  1460.809872001410 1460.798507080474 0.011364920936 
  0.96446195   1.78279902  88.85462036  1461.231114923954 1461.129188212826 0.101926711128 
  0.96446195   1.57888476 103.00000000  1462.829220369458 1462.836539988699 -0.007319619241 
  0.93085645   1.80266383  93.55516698  1463.269343614578 1463.239907109532 0.029436505046 
  0.92807476   1.72063833 115.50949820  1467.405695602298 1467.593791975223 -0.188096372925 
  1.04883783   1.68292232  96.44638631  1476.262185186148 1476.258394652724 0.003790533423 
  1.03442097   1.64844175 112.65547237  1476.714439451694 1476.751719536166 -0.037280084471 
  1.05946195   1.68888476 103.00000000  1476.744041323662 1476.743180865317 0.000860458345 
  1.04394915   1.68888476 110.94268889  1478.221931934357 1478.232260981881 -0.010329047524 
  1.04198618   1.62614999 103.00000000  1479.282215654850 1479.276260157505 0.005955497345 
  1.03403957   1.63489888 111.80009477  1480.255515441298 1480.260364686082 -0.004849244784 
  0.99270818   1.70142398  88.49597713  1480.683968976140 1480.670455366151 0.013513609989 
  1.03645879   1.66085358  95.11501754  1481.088366806507 1481.079956292755 0.008410513753 
  0.96446195   1.82788945 103.00000000  1484.727549761534 1484.726036223526 0.001513538007 
  1.03417786   1.77907257 103.00000000  1485.770519927144 1485.770173981648 0.000345945496 
  1.03132364   1.61035357 103.46465556  1490.186691522598 1490.181646841248 0.005044681350 
  0.96446195   1.68888476 118.79396985  1490.892173826694 1491.400292293660 -0.508118466965 
  0.94417770   1.68888476  88.76703394  1493.428118139505 1493.339126957127 0.088991182378 
  0.96446195   1.57883541 111.50218669  1493.902919918299 1493.754667230096 0.148252688202 
  1.05770549   1.66494307 103.00000000  1497.501886039972 1497.498825036422 0.003061003550 
  0.99981211   1.60922037  96.65587574  1497.702267050743 1497.680939060605 0.021327990138 
  0.96446195   1.57650367 103.58779219  1502.752153441310 1502.756714775505 -0.004561334195 
  1.05437433   1.68345283  97.92948642  1505.542122483253 1505.541433117500 0.000689365753 
  0.99531147   1.58371742 103.30233230  1506.140456855297 1506.145839572459 -0.005382717162 
  0.93051407   1.74410684 114.37005215  1524.153077736497 1524.322636985419 -0.169559248922 
  0.98905141   1.73508926  87.65790715  1524.549870759249 1524.511996044014 0.037874715235 
  0.96446195   1.68981975 118.95491559  1525.054975613952 1525.575259100727 -0.520283486775 
  0.88544233   1.68565017 103.00000000  1528.506989225745 1528.519284382627 -0.012295156882 
  0.96446195   1.57663317 103.00000000  1530.165230989456 1530.172032125546 -0.006801136090 
  0.96446195   1.79214483  88.95135022  1531.835427626967 1531.731089615685 0.104338011282 
  0.98942011   1.65815057  90.19653831  1535.621278196573 1535.611415343189 0.009862853384 
  0.96446195   1.73524695 116.75474981  1537.472680389881 1537.891593253403 -0.418912863522 
  0.93319431   1.68888476 117.92578256  1538.459588900208 1538.758373261745 -0.298784361537 
  1.00259815   1.58640914 103.00000000  1541.012816995382 1541.016054240255 -0.003237244873 
  0.97979674   1.82674875  93.55479505  1548.517596781254 1548.547131787017 -0.029535005763 
  1.04893605   1.63337531 103.00000000  1552.281513914466 1552.275687456792 0.005826457674 
  0.90327245   1.68888476  93.21789481  1552.899122089148 1552.692615146494 0.206506942653 
  0.89076684   1.69604355 109.06180768  1556.636334225535 1556.447795281771 0.188538943765 
  0.97227470   1.63388871 119.01110656  1556.692738115788 1557.060861196760 -0.368123080972 
  1.04598095   1.73762262 107.89228611  1559.091246277094 1559.065637603404 0.025608673690 
  0.88862813   1.70216498  98.20276898  1559.957536578178 1559.924844548425 0.032692029753 
  0.90227144   1.77551544  98.81836421  1560.485538110137 1560.500790363973 -0.015252253836 
  0.96446195   1.80012682 110.12078604  1562.137617856264 1562.170519920700 -0.032902064436 
  1.04419766   1.69694704  93.86190124  1564.981691539288 1564.977458538951 0.004233000336 
  0.96446195   1.62972037  91.99004374  1571.075151309371 1571.036339252187 0.038812057184 
  0.88446195   1.68888476 103.00000000  1571.660743221641 1571.674381844300 -0.013638622659 
  0.88442211   1.68888476 103.00000000  1573.383650064468 1573.397201030673 -0.013550966205 
  1.03954848   1.66294461  94.75211485  1573.830210030079 1573.822409288866 0.007800741213 
  0.90267636   1.60744010 107.84627030  1574.411144271493 1574.172267722662 0.238876548831 
  1.02819398   1.60940469 110.61158103  1575.535198748112 1575.521255558245 0.013943189867 
  1.03500792   1.68888476 113.67371010  1576.433490648866 1576.568766129212 -0.135275480346 
  1.00193040   1.71102550  88.28537634  1577.151084214449 1577.144540326931 0.006543887518 
  1.06196069   1.68888476 100.48939747  1578.815855324268 1578.821033668653 -0.005178344385 
  0.96446195   1.68888476  87.83919598  1579.572982639074 1579.538182801275 0.034799837799 
  0.94894612   1.83532280  99.29630943  1585.942768037319 1586.007013081157 -0.064245043838 
  0.94404732   1.83269951  99.82157648  1587.040226802230 1587.094986401926 -0.054759599696 
  1.01998570   1.80494165 103.00000000  1588.506682798266 1588.505065465113 0.001617333153 
  1.03608501   1.68828668 113.60810760  1590.581626728177 1590.711414964515 -0.129788236338 
  1.01350961   1.78461679 109.05513479  1591.422817468643 1591.421580164276 0.001237304367 
  0.89668447   1.67426724  95.25608049  1591.981074243784 1591.833689759237 0.147384484547 
  1.05906546   1.68888476 107.31272854  1594.838609412313 1594.812113582013 0.026495830299 
  0.96446195   1.80742151 109.26794293  1597.729922190309 1597.735121258937 -0.005199068628 
  0.96446195   1.76946639  87.37545320  1597.733770698309 1597.634895425023 0.098875273286 
  1.05828484   1.65241900 103.00000000  1599.702955052257 1599.698512587739 0.004442464517 
  0.90363489   1.68888476  92.80149991  1600.755548581481 1600.537828965987 0.217719615494 
  0.96446195   1.82937228 104.58624569  1601.902535542846 1601.874543422527 0.027992120318 
  0.96446195   1.83417085 103.00000000  1603.545794099569 1603.544163841562 0.001630258007 
  1.05743527   1.68888476 108.23451633  1606.502435952425 1606.475938463040 0.026497489385 
  0.96446195   1.82329105  91.68290257  1606.975646525621 1606.936556157347 0.039090368274 
  0.89664889   1.66543639  95.64742402  1612.957462385297 1612.830398165440 0.127064219857 
  1.03783990   1.78458509  97.55408774  1613.370767161250 1613.425417421662 -0.054650260412 
  1.06446195   1.68888476 103.00000000  1618.465879812837 1618.465753763153 0.000126049684 
  0.99245901   1.62278338 117.89150471  1618.832228407264 1619.102984049532 -0.270755642268 
  0.96446195   1.78339539 112.81368209  1619.223590120673 1619.389464712772 -0.165874592099 
  0.99441746   1.82753201 103.00000000  1620.006716862321 1620.005214617071 0.001502245250 
  1.01370048   1.76277437 112.07659341  1620.085133180022 1620.206766687478 -0.121633507456 
  0.96446195   1.68888476 119.49748744  1620.205512017012 1620.755287537185 -0.549775520174 
  0.96446195   1.61641032  93.29296519  1620.789013996720 1620.745965042406 0.043048954315 
  0.92631684   1.81566267 103.00000000  1621.371623247862 1621.365614002722 0.006009245140 
  1.01317727   1.60197542 113.32101667  1623.759144261479 1623.771902748982 -0.012758487503 
  0.97033735   1.68397336 119.64602672  1633.139074489474 1633.708391802070 -0.569317312596 
  0.88346431   1.68888476 104.93891285  1633.884396106005 1633.840586091786 0.043810014219 
  0.90344639   1.67728514  93.09270926  1634.270680904388 1634.063883103746 0.206797800642 
  1.05163338   1.68888476  95.18476367  1639.052313983440 1639.046097876264 0.006216107177 
  1.02556826   1.68888476 115.59033174  1639.532690852880 1639.809617344677 -0.276926491797 
  1.06532663   1.68888476 103.00000000  1643.468522593379 1643.468550909625 -0.000028316246 
  0.98673454   1.80330545  89.44925079  1649.206079527736 1649.124971497727 0.081108030009 
  1.00109608   1.82515415 103.00000000  1650.955974698067 1650.954343562460 0.001631135607 
  0.95630030   1.63046764  91.56507131  1656.090181723237 1656.045163371406 0.045018351831 
  0.96446195   1.82814406  91.90658753  1659.553736165166 1659.522219613377 0.031516551789 
  0.96446195   1.77536309  87.20709558  1662.022464588284 1661.920002044008 0.102462544277 
  1.00154365   1.68888476  88.48204079  1663.920501410961 1663.924513991737 -0.004012580775 
  0.96446195   1.79506507 111.67594669  1665.158349335194 1665.263020917992 -0.104671582799 
  0.96446195   1.61741520 118.96216829  1665.301391050220 1665.572713289139 -0.271322238919 
  0.96446195   1.81686916 108.26920419  1668.852618172765 1668.835390760198 0.017227412567 
  1.06614104   1.68410083 103.00000000  1671.726622045040 1671.726119507197 0.000502537843 
  1.04265142   1.68468263 113.09165651  1671.744168177247 1671.835694434787 -0.091526257539 
  1.03128255   1.68652360 115.08369391  1677.190999045968 1677.418359378351 -0.227360332383 
  1.00753410   1.58097936 107.87351927  1677.808950066566 1677.796187388715 0.012762677851 
  0.92290767   1.59415453 113.82802706  1678.901769146323 1678.587100249724 0.314668896599 
  1.05788224   1.73438216 105.33071884  1678.959499746561 1678.940528270495 0.018971476066 
  0.90708504   1.59848820 103.00000000  1679.670710608363 1679.660518328901 0.010192279462 
  1.04201260   1.78075509 103.00000000  1686.298860833049 1686.298607257429 0.000253575619 
  0.96446195   1.83888476 103.00000000  1694.753439694643 1694.751808211479 0.001631483164 
  0.96446195   1.81375024 109.08229544  1695.069275557995 1695.071488117879 -0.002212559885 
  1.03058749   1.79980749 102.58882842  1695.744881451130 1695.749736311611 -0.004854860481 
  0.96147847   1.72660859 118.20721970  1696.958103224635 1697.452152486385 -0.494049261750 
  0.93307661   1.77153855 113.12179191  1699.899606958032 1700.035584881586 -0.135977923554 
  1.04461365   1.77743891 103.00000000  1704.182271286845 1704.181985157513 0.000286129332 
  0.94912589   1.56918108 109.74610520  1706.897829622030 1706.743463422622 0.154366199408 
  0.98171363   1.57312628 103.00000000  1707.270159572363 1707.277188759445 -0.007029187082 
  1.00728721   1.63513624  92.40418597  1707.314619854093 1707.305371396469 0.009248457623 
  0.98519046   1.82639116 105.96655248  1708.205416485667 1708.169138921697 0.036277563970 
  1.04815070   1.72273064 110.40257600  1709.580388873816 1709.597985768209 -0.017596894393 
  0.95172712   1.75247089 116.23713540  1709.789464130998 1710.142942312306 -0.353478181309 
  1.03451058   1.60380827 103.00000000  1710.010375887156 1710.005292489026 0.005083398129 
  0.94691390   1.68888476  87.62438954  1710.252195030451 1710.193243872267 0.058951158183 
  0.96427325   1.70489945  86.71054782  1711.546800434589 1711.515278064397 0.031522370193 
  0.98215980   1.57195544 110.72681258  1712.416112869978 1712.340079344246 0.076033525732 
  0.96446195   1.69284944  87.07399001  1714.669544532895 1714.644770213062 0.024774319833 
  0.96446195   1.83381532  92.31216464  1715.073067709804 1715.055664361835 0.017403347968 
  0.96446195   1.60485730 118.31758927  1718.068849563599 1718.236212816792 -0.167363253193 
  0.88493135   1.72876848 102.44946172  1718.471118256450 1718.489629236334 -0.018510979885 
  0.95819484   1.83993529  94.08840727  1721.615627929568 1721.648695546217 -0.033067616649 
  0.96446195   1.84045226 103.00000000  1725.457781508565 1725.456239824799 0.001541683766 
  0.96446195   1.57035176 103.00000000  1727.659744039178 1727.667034468655 -0.007290429477 
  0.93882998   1.57881846 113.21769508  1727.704947307706 1727.448428936336 0.256518371370 
  0.97290634   1.84472597  95.57095627  1732.439926669002 1732.513481841280 -0.073555172279 
  0.96446195   1.68888476  87.13567839  1734.708793759346 1734.687591428582 0.021202330764 
  0.96467324   1.84100847 103.00000000  1736.181529134512 1736.179784858614 0.001744275898 
  0.88506124   1.68888476 108.71843042  1737.534772425890 1737.344228672365 0.190543753525 
  0.96446195   1.67211211 120.49752607  1743.073062330484 1743.642638937944 -0.569576607460 
  1.03620008   1.68888476  91.40826281  1747.614375084639 1747.619510442249 -0.005135357611 
  0.92837346   1.69343868 118.56477504  1748.785529926419 1749.102116882538 -0.316586956118 
  0.96446195   1.68621320  87.17937193  1749.519746303558 1749.500619837759 0.019126465799 
  0.96585357   1.56968693 103.00000000  1750.717586204410 1750.724618593259 -0.007032388850 
  0.89409203   1.72809412  94.01991969  1751.499306142330 1751.306471864189 0.192834278141 
  0.93826246   1.83371626 102.62065501  1752.787813410163 1752.790126102404 -0.002312692242 
  0.95775728   1.84146063 102.82770559  1753.220348104835 1753.221159277323 -0.000811172488 
  0.90670375   1.70599030 115.07951041  1753.450900271535 1753.475441617804 -0.024541346269 
  1.06910143   1.69304258 102.94160171  1753.607029050589 1753.608218250818 -0.001189200230 
  0.96446195   1.68888476 120.20100503  1754.296806529164 1754.877516924791 -0.580710395627 
  0.96446195   1.82446708 107.66513664  1755.131551668048 1755.106349003551 0.025202664497 
  0.88293247   1.68888476  99.03567292  1755.219136089087 1755.209275664507 0.009860424580 
  0.96446195   1.71532608 119.17002334  1758.317006945610 1758.865717015630 -0.548710070020 
  0.97961951   1.84065488 103.00000000  1758.644198417664 1758.642729205487 0.001469212177 
  0.96446195   1.77721965 114.45121314  1759.757781997323 1760.022656802976 -0.264874805653 
  1.05467296   1.63556287 100.69109915  1761.165549814701 1761.158752640422 0.006797174279 
  1.00320415   1.82984866 103.00000000  1763.649741068482 1763.647513726702 0.002227341780 
  1.00962093   1.58219180 103.00000000  1763.970737189054 1763.971790900158 -0.001053711103 
  1.04774694   1.63223604  98.61468268  1770.391627013683 1770.381922618291 0.009704395392 
  0.88140468   1.66055778 103.00000000  1771.001677602530 1771.021058086821 -0.019380484291 
  1.03624830   1.79584290 103.00000000  1771.835131004453 1771.833482975879 0.001648028574 
  1.03322605   1.66239321 115.65736142  1775.705843344331 1775.918175444603 -0.212332100272 
  0.96446195   1.56888476 103.00000000  1775.864225700498 1775.871645822510 -0.007420122012 
  0.96446195   1.74193353  85.94300399  1780.429705709219 1780.373181432518 0.056524276701 
  0.92043884   1.80116755 107.51564374  1781.294744327664 1781.254493173675 0.040251153990 
  1.03442110   1.63063255  95.74770892  1782.642888128757 1782.632501145457 0.010386983300 
  0.90888651   1.71421445 115.22074410  1782.656435877085 1782.725799363376 -0.069363486291 
  0.96446195   1.72543984  86.00095123  1783.113037705421 1783.072731103415 0.040306602006 
  1.03267727   1.77333237 109.07921605  1786.763457477093 1786.765331150321 -0.001873673228 
  1.07006024   1.68888476 103.85439909  1790.397394672036 1790.394101927691 0.003292744346 
  0.96446195   1.77607592 114.76522495  1790.433708116412 1790.717428896590 -0.283720780178 
  1.06964812   1.68888476 104.58515432  1791.750548005104 1791.743025898326 0.007522106778 
  0.91602505   1.81284541 103.00000000  1792.185204371810 1792.178476548372 0.006727823438 
  0.97024553   1.60395775 118.64411616  1793.735062912107 1793.942887344343 -0.207824432236 
  0.96446195   1.81967267 108.97705413  1796.529497146606 1796.531762752179 -0.002265605573 
  0.87946195   1.68888476 103.00000000  1796.656050190330 1796.678253571717 -0.022203381387 
  1.00983814   1.82371393 104.02282142  1797.346739917994 1797.327958138932 0.018781779062 
  1.05889469   1.65696582  98.02612809  1800.261879727244 1800.252717887489 0.009161839755 
  0.96446195   1.84583643 102.35746992  1801.226247340441 1801.237024400419 -0.010777059978 
  1.04916679   1.77017513  95.65711813  1802.705281853676 1802.735138082337 -0.029856228662 
  0.91190468   1.78792377 108.01537259  1803.395516186953 1803.351711767801 0.043804419152 
  1.01521330   1.62083154  94.29863291  1804.231155335903 1804.217547484961 0.013607850942 
  0.96446195   1.58489352  97.51730382  1805.661465153098 1805.621918098259 0.039547054839 
  0.91210121   1.66325285 117.58188670  1808.857816055417 1808.919228613453 -0.061412558036 
  1.07096888   1.69376197 103.00000000  1809.923941299319 1809.925113791963 -0.001172492644 
  0.96446195   1.56409186 105.92626605  1811.135045140982 1811.123058495211 0.011986645771 
  1.07102379   1.68888476 103.19508389  1812.655915051699 1812.656152273035 -0.000237221336 
  0.96446195   1.68888476 120.50000000  1812.713754743338 1813.303690277389 -0.589935534051 
  1.04228098   1.68888476 114.19090690  1815.019461080432 1815.177331420813 -0.157870340381 
  1.06759687   1.68888476 106.89301545  1816.972718626261 1816.952363528035 0.020355098226 
  0.98938830   1.61108922  93.53439604  1819.578481495380 1819.551015051464 0.027466443917 
  1.02352220   1.67107748 117.30544285  1820.272933691740 1820.640625376304 -0.367691684564 
  0.96446195   1.73699184 118.22761361  1820.883318558335 1821.377854615453 -0.494536057118 
  0.96446195   1.73295471 118.49456410  1821.352492332458 1821.861730951305 -0.509238618846 
  1.07119347   1.68888476 103.84416908  1824.259064942598 1824.256354174077 0.002710768521 
  0.98919343   1.67932899  87.52176639  1832.270723149180 1832.279470761837 -0.008747612656 
  0.98250409   1.83618445  91.76755612  1832.469202175736 1832.443785110048 0.025417065689 
  1.00031668   1.57526281 103.00000000  1832.554744839668 1832.557891171555 -0.003146331887 
  1.03326137   1.76200718 110.84354233  1832.677232488990 1832.734742602094 -0.057510113104 
  0.90108560   1.72123152  91.30177549  1835.086024373770 1834.837662376744 0.248361997026 
  1.02909553   1.79922858  93.04906530  1835.450345501304 1835.465776443556 -0.015430942252 
  0.99038572   1.76399559 115.50253574  1838.231422051787 1838.580864936444 -0.349442884657 
  1.01660048   1.82314303 103.00000000  1840.817734628916 1840.815469556736 0.002265072179 
  0.95132899   1.78438834  86.83994178  1842.654364436865 1842.545144812984 0.109219623881 
  1.03798650   1.74469238  90.56210222  1843.812331482768 1843.809834247394 0.002497235374 
  0.99812362   1.66089609  88.92764693  1843.854882359505 1843.863698275037 -0.008815915532 
  0.95033699   1.84365509 103.00000000  1846.181824877858 1846.178928488279 0.002896389579 
  0.88201163   1.64583640 103.00000000  1848.620614945889 1848.639033620031 -0.018418674142 
  1.05874232   1.74529434 106.32160303  1857.087239444256 1857.065952686250 0.021286758006 
  1.03366820   1.59480483 104.12572429  1857.301452830434 1857.298403453383 0.003049377051 
  0.88301665   1.73513150 103.00000000  1860.676795184612 1860.689447984602 -0.012652799990 
  0.96446195   1.81285784  88.13460090  1862.848475843668 1862.725882117203 0.122593726465 
  0.93479944   1.57141445 103.00000000  1863.380465880036 1863.377156067492 0.003309812545 
  1.00130934   1.57378198 103.53839963  1863.453161180019 1863.457949990077 -0.004788810058 
  0.98330168   1.60327881  94.14701758  1866.276293262839 1866.240266032683 0.036027230157 
  1.07286432   1.68888476 103.00000000  1867.375870212913 1867.376792912287 -0.000922699374 
  0.98439640   1.62989820  90.80745330  1871.288043290377 1871.279116018771 0.008927271605 
  0.96325634   1.79520044  86.87346532  1871.451608747244 1871.336424207602 0.115184539642 
  1.06589150   1.68888476 108.62612485  1873.567836508155 1873.547135773563 0.020700734592 
  0.98434977   1.79568914 112.66291635  1874.977000400424 1875.139421015667 -0.162420615243 
  1.07231703   1.67530163 103.00000000  1876.148439019918 1876.148108877569 0.000330142350 
  1.05400770   1.62962115 109.84119612  1879.866704106331 1879.853879306759 0.012824799571 
  0.96446195   1.62043024 120.40257055  1879.998685196042 1880.394567066113 -0.395881870071 
  1.01879335   1.80425782  91.00819497  1882.126361638308 1882.100153478412 0.026208159896 
  0.96446195   1.70700214  85.89562586  1883.559979826212 1883.542675773929 0.017304052283 
  1.00880339   1.80018108 110.05588530  1886.426315501332 1886.463109917452 -0.036794416120 
  0.99551762   1.68888476  87.10408383  1887.850165516138 1887.863995087212 -0.013829571074 
  1.02558234   1.58928503 102.49927085  1888.162058308721 1888.156658743032 0.005399565688 
  0.88434172   1.67399781  97.05993121  1889.266206219792 1889.171872877370 0.094333342422 
  0.93683790   1.56983116 103.00000000  1889.999276518822 1889.997189179144 0.002087339677 
  0.96446195   1.68888476 120.90452261  1893.090081349015 1893.687798133499 -0.597716784484 
  1.07030822   1.72549119 103.00000000  1894.164807870984 1894.167911130376 -0.003103259392 
  1.01382579   1.81306362  91.13764784  1896.590096965432 1896.562738345755 0.027358619677 
  0.96446195   1.77397734 115.62879986  1896.803205072880 1897.134666007705 -0.331460934825 
  0.96446195   1.68888476  86.43216080  1897.547877877951 1897.541079946726 0.006797931225 
  0.96446195   1.60331560 119.33608275  1898.382258802652 1898.625008039629 -0.242749236977 
  0.96446195   1.83906808 106.02827274  1898.843893840909 1898.810202085951 0.033691754958 
  0.93994990   1.76751394 115.42814738  1899.098335832357 1899.370882368720 -0.272546536362 
  1.00418267   1.83641904 103.00000000  1899.996585607529 1899.994179481220 0.002406126309 
  0.90671681   1.68888476  90.39136208  1901.085355371237 1900.852185266632 0.233170104605 
  0.99655252   1.84717364  96.66062140  1902.538177609444 1902.621757213490 -0.083579604046 
  0.94284108   1.84324207 103.00000000  1904.347819060087 1904.344000588955 0.003818471132 
  0.98895947   1.56962182 102.53228336  1911.416183397174 1911.419472132270 -0.003288735096 
  1.03077745   1.60502861 113.22894313  1912.411776527762 1912.442672166105 -0.030895638343 
  0.97684044   1.81767522 110.15346266  1912.506539970636 1912.550366266068 -0.043826295431 
  0.88956023   1.76569518 103.00000000  1914.546498745680 1914.549110859810 -0.002612114130 
  1.07446195   1.68888476 103.00000000  1916.168208479881 1916.169480509934 -0.001272030053 
  0.99823640   1.66103102  88.58726035  1916.846055462956 1916.858738179791 -0.012682716835 
  0.97107175   1.69293179 120.85770360  1919.567227736115 1920.189329126513 -0.622101390397 
  0.87688442   1.68888476 103.00000000  1919.678880006075 1919.706582064904 -0.027702058829 
  1.05899210   1.68376220 111.50085232  1919.763070225716 1919.783319184458 -0.020248958743 
  1.00166462   1.82141275  90.27161311  1922.119879707694 1922.061920571403 0.057959136291 
  0.98584484   1.84707058 103.00000000  1922.326666966081 1922.325072433771 0.001594532310 
  0.89361370   1.68888476  92.94090422  1924.798125863075 1924.537009709175 0.261116153901 
  1.04315346   1.79547360 103.00000000  1924.958027556539 1924.956850213499 0.001177343039 
  0.94490586   1.84532093 103.00000000  1925.174657613039 1925.171104070796 0.003553542243 
  1.05617353   1.62109526 103.00000000  1926.307836338878 1926.302475247698 0.005361091179 
  0.99914352   1.84122148 103.00000000  1930.488791257143 1930.487058310436 0.001732946707 
  0.89956691   1.79377331  97.28772649  1931.556963339448 1931.550864461985 0.006098877463 
  0.92230448   1.82847971 103.00000000  1937.618028417230 1937.611406829532 0.006621587697 
  1.04724182   1.72810741 112.23596691  1939.621299400926 1939.716768608301 -0.095469207375 
  0.96446195   1.56407035 103.00000000  1939.716957733035 1939.723673009341 -0.006715276306 
  0.88774620   1.76041994  98.22858478  1940.249272510409 1940.228512856650 0.020759653759 
  0.99129636   1.61112908 119.21343557  1941.619828194380 1941.936468275680 -0.316640081300 
  1.06897018   1.73809517 103.00000000  1941.919157564640 1941.922024963884 -0.002867399244 
  0.96446195   1.82963412 108.52690492  1943.938289523125 1943.933563509359 0.004726013765 
  1.05179861   1.62210893 110.37351253  1944.995478466153 1944.988564648809 0.006913817344 
  0.91224048   1.79204731  91.24510739  1945.205417782068 1945.087392129467 0.118025652601 
  0.96446195   1.56388476 103.00000000  1946.208754420280 1946.215376171231 -0.006621750950 
  0.87668594   1.68888476 104.93861684  1947.586628466845 1947.559301215136 0.027327251709 
  0.90231259   1.68888476 116.28198619  1952.993503093719 1953.008061563573 -0.014558469854 
  1.07083683   1.68888476  97.90161885  1954.970790475607 1954.964283952948 0.006506522659 
  1.02884308   1.82221736  99.63289928  1955.248050153255 1955.298172673105 -0.050122519849 
  0.96446195   1.85864190  98.35989025  1955.253935128450 1955.331678341700 -0.077743213250 
  0.98094529   1.60659845 119.55544387  1960.639637038112 1960.949275654518 -0.309638616407 
  0.96446195   1.72509186  85.21035264  1961.005753219128 1960.982444318855 0.023308900273 
  1.05266434   1.61422242 108.06087173  1961.608143717051 1961.599728329185 0.008415387866 
  1.07067775   1.65850585 100.83891150  1963.734565854073 1963.730580632940 0.003985221133 
  0.96446195   1.59048318  95.32741957  1965.291028603911 1965.236872901664 0.054155702247 
  1.00130097   1.58802066 115.85965419  1967.616715282202 1967.677819444393 -0.061104162191 
  1.06869397   1.74514461 100.08425369  1971.644079014659 1971.662538131878 -0.018459117219 
  1.05066099   1.68888476 113.79280825  1974.094816640019 1974.218861039980 -0.124044399961 
  0.99359349   1.85215569  99.95319666  1975.086018487811 1975.143203852485 -0.057185364674 
  0.98988051   1.85183416  94.75150312  1975.253636345267 1975.316122572802 -0.062486227534 
  0.87780413   1.71797244 103.00000000  1975.802019417286 1975.823908681576 -0.021889264290 
  0.96446195   1.85301508 103.00000000  1977.992581009865 1977.990948421942 0.001632587923 
  1.06198659   1.68888476  94.60758210  1978.215322107077 1978.207946953776 0.007375153301 
  0.88601535   1.75900668 103.00000000  1978.543329790235 1978.548981582871 -0.005651792636 
  0.98624567   1.56598865 103.00000000  1978.602452978492 1978.608882061185 -0.006429082693 
  0.93881673   1.56666818 112.33042964  1984.222068548203 1983.980124308309 0.241944239894 
  0.96446195   1.55882858 109.38484004  1987.077713370323 1986.999387456385 0.078325913938 
  0.92337492   1.57952141 100.45368510  1989.758892565966 1989.758646482393 0.000246083573 
  1.06899918   1.74544837 102.42586669  1992.436793237925 1992.443914226838 -0.007120988914 
  1.01216699   1.81836475  90.56845936  1994.739393576980 1994.696453177169 0.042940399811 
  0.89747288   1.59364721 106.29126180  1997.078636348248 1996.935942980014 0.142693368234 
  0.95009571   1.81626022  87.91804375  1998.033552259207 1997.910379355379 0.123172903828 
  0.87764237   1.68888476 107.49701803  1998.400517806411 1998.265368862303 0.135148944108 
  0.93417758   1.59989999 118.63235095  2000.536462068558 2000.594346327803 -0.057884259245 
  1.06615723   1.71169718  95.09122171  2000.743554830551 2000.737848148508 0.005706682043 
  1.01971691   1.82033620  92.18269276  2002.421996101737 2002.420906131537 0.001089970200 
  0.95306469   1.79529921  86.34278107  2003.407619819045 2003.300230647185 0.107389171860 
  0.96446195   1.70810911  85.35777655  2003.731625169516 2003.724424779612 0.007200389903 
  0.93338078   1.68888476  87.01441628  2009.021201580763 2008.959737214817 0.061464365946 
  0.99711198   1.84301472  92.45328016  2010.018939837813 2010.021052816327 -0.002112978513 
  0.96446195   1.58571683  95.95690419  2010.672675549984 2010.617350178462 0.055325371522 
  1.02322956   1.68888476 118.20984879  2017.674313008785 2018.149895544451 -0.475582535666 
  0.96446195   1.73055166 119.66873750  2018.610113322735 2019.145783064769 -0.535669742035 
  0.91402242   1.67850760 118.91332403  2020.969507589936 2021.171894791503 -0.202387201567 
  1.06455461   1.75563860 104.36385579  2023.335743531585 2023.326639881735 0.009103649850 
  0.93932375   1.74132935 118.27591906  2023.458670586348 2023.843573732115 -0.384903145767 
  1.06393390   1.66589467 111.09978249  2024.888714239001 2024.888206099982 0.000508139019 
  0.87488681   1.67550658 103.00000000  2026.395082131028 2026.428202109492 -0.033119978464 
  0.96446195   1.81555383 111.55056974  2028.625219434500 2028.727207060361 -0.101987625862 
  1.06166195   1.76863915 102.73747013  2030.338473096490 2030.342247573126 -0.003774476636 
  1.04735270   1.60333163 103.00000000  2030.362995237112 2030.356869798042 0.006125439071 
  0.96446195   1.74796859  84.78920756  2031.226532652974 2031.188353703767 0.038178949207 
  0.96446195   1.71945240  84.99531466  2031.443248286843 2031.430772119786 0.012476167058 
  1.07181987   1.73895990 103.00000000  2033.524226218462 2033.527729871729 -0.003503653267 
  0.98754520   1.84822514  92.10035139  2034.613893434405 2034.601617369063 0.012276065342 
  0.88557390   1.68888476 112.27824091  2034.773989200592 2034.559572895201 0.214416305391 
  0.93389435   1.67337612  87.56726413  2035.630109056830 2035.575099915397 0.055009141433 
  0.96446195   1.68888476 121.60804020  2036.506958171725 2037.106104529736 -0.599146358011 
  0.91039250   1.75463941 113.98825351  2036.996293902397 2037.101396326938 -0.105102424541 
  0.90000292   1.80010502 103.00000000  2037.699945598841 2037.694282705267 0.005662893574 
  0.95628190   1.70455338  85.39185845  2044.245474815369 2044.237146474948 0.008328340421 
  0.92474176   1.60923923 118.86375629  2047.301134139299 2047.365028668769 -0.063894529470 
  0.99574574   1.68323938 120.83760657  2048.861037150025 2049.513606552279 -0.652569402253 
  0.96446195   1.85167885  91.68602478  2052.561482876539 2052.525115236052 0.036367640487 
  1.02122600   1.68888476 118.62927947  2053.205331474543 2053.713466641303 -0.508135166760 
  0.98762586   1.62726316 120.98313532  2055.263987302780 2055.759223846632 -0.495236543852 
  1.06772404   1.68888476  95.46400688  2055.376792222261 2055.366928251382 0.009863970880 
  1.07060218   1.64203701 103.00000000  2056.337603241205 2056.334225905614 0.003377335591 
  0.96446195   1.69637308  85.49490689  2056.569899573922 2056.573804537014 -0.003904963091 
  1.06976553   1.68888476  96.10224447  2057.245619401336 2057.235111383097 0.010508018238 
  0.96446195   1.84510091 106.46530762  2059.370213329792 2059.340887184825 0.029326144967 
  0.94095704   1.85001023 103.00000000  2062.345341920853 2062.341387820454 0.003954100399 
  0.96319421   1.56059083 103.00000000  2063.065284341574 2063.072151903763 -0.006867562189 
  1.03818917   1.59228187 103.00000000  2063.706701382995 2063.701166170988 0.005535212006 
  0.92821967   1.60659971 119.11757232  2063.810045823455 2063.905823610400 -0.095777786945 
  0.97831547   1.69318233 121.41364114  2066.191609218717 2066.837792951277 -0.646183732561 
  0.96446195   1.68888476  85.72864322  2068.145005911589 2068.153809557785 -0.008803646197 
  1.07131112   1.68888476 109.11162955  2070.720257416368 2070.704334666893 0.015922749475 
  0.97200685   1.85559290  92.36863354  2073.397903040051 2073.388490562213 0.009412477839 
  1.04586826   1.69018804  90.71027661  2074.239325344563 2074.259735114704 -0.020409770142 
  0.96446195   1.83579881  88.82188598  2074.429531067610 2074.308916511555 0.120614556055 
  0.98880136   1.68888476 121.20725807  2077.810779020190 2078.473828342084 -0.663049321894 
  1.06094041   1.68888476  93.48836062  2078.023163974285 2078.021858977657 0.001304996628 
  0.89168118   1.71053358  91.96260334  2079.280823647976 2078.990639517876 0.290184130100 
  1.05097642   1.60466653 107.98635417  2079.891688704491 2079.888119426148 0.003569278343 
  0.89297920   1.71356231 113.74466837  2080.802438884974 2080.739508807916 0.062930077057 
  0.96446195   1.86417389  95.94948581  2081.756237432361 2081.831342536042 -0.075105103681 
  0.87374585   1.69406212 103.00000000  2082.708846032619 2082.742156586431 -0.033310553812 
  1.06214575   1.77147436 102.93725190  2084.474900498986 2084.476666184823 -0.001765685837 
  0.90210203   1.79623917 106.24084296  2085.354115009308 2085.314403620854 0.039711388454 
  1.04067540   1.81302321 101.27833532  2087.606684342027 2087.628389608715 -0.021705266689 
  1.07536080   1.73030936 103.48471172  2088.243472009897 2088.244404768669 -0.000932758772 
  0.99407609   1.85104638 103.32809849  2089.518658712506 2089.511387231635 0.007271480871 
  0.96078498   1.84632485 106.47409523  2092.257901892066 2092.228989754075 0.028912137991 
  0.89179795   1.63222109  96.49779928  2094.085858702660 2094.004595471486 0.081263231174 
  1.02704164   1.82670680 103.00000000  2095.951328143477 2095.948490271183 0.002837872295 
  1.01065319   1.66278971  88.39710725  2096.765012592077 2096.785897050261 -0.020884458184 
  0.91956849   1.83397104 103.00000000  2102.797710970044 2102.791026437495 0.006684532549 
  0.90131329   1.67324028  90.89162259  2103.110195487738 2102.864441854025 0.245753633713 
  0.96446195   1.57982887 117.87489797  2103.452199295163 2103.499412046766 -0.047212751603 
  0.88257331   1.62040264 107.26423207  2103.972430989146 2103.780599932254 0.191831056892 
  1.04539243   1.59873201 109.50879861  2108.108033478260 2108.109159899142 -0.001126420882 
  0.96446195   1.85929648 103.00000000  2108.338786557317 2108.337448130038 0.001338427279 
  0.96446195   1.80174211 113.93735609  2110.226252749562 2110.445725612977 -0.219472863414 
  0.96446195   1.62841703  89.57631886  2110.391664206982 2110.391712219555 -0.000048012574 
  0.87846358   1.73078748 105.53624253  2110.906726181507 2110.872915566112 0.033810615395 
  0.92118052   1.83629484 103.00000000  2112.712489947677 2112.705992460231 0.006497487446 
  0.96446195   1.84305256 107.51475968  2114.293546810746 2114.274873323118 0.018673487628 
  0.96446195   1.75978974  84.48673324  2116.424963548779 2116.382062158136 0.042901390643 
  1.05510547   1.60900127 103.00000000  2117.135109066963 2117.129165341243 0.005943725720 
  1.06022312   1.74667625 108.95880006  2117.727364659309 2117.728419055720 -0.001054396411 
  0.91132441   1.68888476 118.80163294  2117.901221945882 2118.101379315820 -0.200157369939 
  1.06497035   1.68888476  94.10153047  2118.698658451438 2118.693810069200 0.004848382238 
  0.93436831   1.84860888 103.00000000  2120.345788136125 2120.340799712973 0.004988423151 
  0.87802843   1.68888476 109.61425027  2120.862792029977 2120.658655423160 0.204136606817 
  0.96446195   1.68888476  85.50000000  2125.269229725003 2125.282838608593 -0.013608883589 
  0.96446195   1.83735090 108.76664317  2126.287586987019 2126.292768003612 -0.005181016593 
  1.07554794   1.68888476 108.08382501  2126.814934268594 2126.797356140743 0.017578127850 
  0.96446195   1.84915404 106.27453353  2127.191438630223 2127.162609903974 0.028828726249 
  0.87874869   1.68888476 110.15646088  2131.430031776428 2131.214167444034 0.215864332395 
  0.99187245   1.68888476  85.89964491  2132.528362929821 2132.551805900919 -0.023442971098 
  1.04230264   1.78462120  91.16787594  2133.303799539804 2133.295613597457 0.008185942348 
  0.95301278   1.77915316 116.36419403  2141.061000362039 2141.390024437912 -0.329024075874 
  1.06477332   1.63413606 109.94691702  2143.151181548834 2143.139823597794 0.011357951040 
  0.96446195   1.86553874  94.49898160  2148.616906315088 2148.667114866910 -0.050208551821 
  0.95716289   1.68888476 122.10863115  2148.820730656385 2149.368593201948 -0.547862545563 
  0.91846290   1.57402053 113.19237693  2155.423767492175 2155.095911584120 0.327855908055 
  0.90957544   1.68888476  88.65207494  2158.316388115287 2158.134282165250 0.182105950037 
  0.88459580   1.68888476 113.00037718  2158.636145085096 2158.437048038312 0.199097046785 
  1.02612688   1.57906669 103.00000000  2158.736175298691 2158.731769783900 0.004405514791 
  0.96446195   1.58615382  94.98534764  2159.623258814216 2159.564524866898 0.058733947318 
  1.04705351   1.77593313 109.12002039  2161.725583970547 2161.736151907328 -0.010567936781 
  1.02141166   1.63209403 118.96893304  2164.735792502761 2165.092266461234 -0.356473958474 
  1.02343162   1.68888476 119.00933313  2165.085516765714 2165.611418513351 -0.525901747637 
  0.87919880   1.68888476 110.78119056  2166.034640535712 2165.811290360692 0.223350175020 
  0.96446195   1.55778894 103.00000000  2166.806603640318 2166.813882228094 -0.007278587776 
  1.02330467   1.83994472  96.53953266  2167.051438003778 2167.121015402744 -0.069577398965 
  1.04648286   1.76961239 110.16180596  2167.377538681030 2167.414900924771 -0.037362243741 
  1.07889324   1.73009076 100.75539050  2171.808442085981 2171.818512548789 -0.010070462808 
  1.03103162   1.66668264  89.53679357  2173.065034240484 2173.090376326866 -0.025342086382 
  0.96446195   1.68357694 122.40671950  2175.108079060912 2175.694622150411 -0.586543089499 
  0.90039382   1.80962507 102.82022170  2180.088050261140 2180.084390846942 0.003659414198 
  0.90846194   1.82312899 103.00000000  2180.309796243906 2180.302734488325 0.007061755581 
  1.01030808   1.61027235 119.01615702  2184.221212625504 2184.518002431549 -0.296789806045 
  0.96446195   1.68888476 122.31155779  2184.469130396843 2185.051573655810 -0.582443258967 
  0.96446195   1.55968916 113.75164747  2184.853085145354 2184.716360899208 0.136724246147 
  0.96446195   1.55369855 110.30947501  2187.132791683078 2187.043881463157 0.088910219921 
  1.04058989   1.70697421  88.78662732  2189.417825281620 2189.457098907026 -0.039273625406 
  1.07286679   1.72071255  95.26395124  2192.483053699136 2192.477881333457 0.005172365679 
  1.01306802   1.80429803  87.63664592  2196.577350810170 2196.502376279936 0.074974530234 
  0.91611172   1.75929767 115.52116472  2198.224326908588 2198.417192944543 -0.192866035955 
  0.96446195   1.61590463  90.50988961  2199.058067351580 2199.050204805897 0.007862545683 
  1.00478550   1.58476658  96.87880134  2205.116923660040 2205.084804647986 0.032119012054 
  1.08152696   1.68888476 106.03090902  2205.455800384283 2205.446932004929 0.008868379354 
  1.05783386   1.66014812 114.22807443  2207.376936718822 2207.467215690986 -0.090278972164 
  0.98811007   1.68888476 121.86709729  2207.891022250056 2208.555966422019 -0.664944171962 
  0.90666212   1.68964074 118.62226856  2215.833341822028 2215.995561688416 -0.162219866388 
  0.89580383   1.80198179 103.00000000  2216.904699340463 2216.900232466502 0.004466873961 
  0.96446195   1.82905814  87.00174516  2217.618583619595 2217.481288746045 0.137294873550 
  0.96446195   1.67507184  85.76828555  2217.799564599991 2217.825999559228 -0.026434959238 
  0.92639136   1.68888476  86.63080387  2218.255319043994 2218.202711212295 0.052607831699 
  0.96446195   1.69267806  84.97073003  2222.197157457471 2222.217073249917 -0.019915792446 
  1.02129787   1.83928120 103.00000000  2222.415624037385 2222.412713086920 0.002910950465 
  1.07835543   1.71516450  97.02951500  2224.737766653299 2224.732550110011 0.005216543288 
  0.96446195   1.78604378 116.37354801  2228.756745561957 2229.091214454234 -0.334468892276 
  1.08446195   1.68888476 103.00000000  2231.641934543848 2231.644783980885 -0.002849437037 
  0.96446195   1.69019247 122.51137741  2235.413519456983 2235.984796483871 -0.571277026889 
  0.96446195   1.55195111 106.13111877  2236.641558185220 2236.643667764566 -0.002109579346 
  0.91467546   1.70324627 119.34636668  2236.644948631525 2236.896201591162 -0.251252959637 
  1.07538337   1.68888476 109.63418827  2237.217113271356 2237.206412024801 0.010701246554 
  0.95515685   1.86118987  91.86372376  2237.307061672211 2237.275223306723 0.031838365488 
  0.96446195   1.87096749  94.99044652  2237.577702865005 2237.638806060491 -0.061103195486 
  0.91781495   1.56922697 112.41590670  2241.120423600078 2240.801166798781 0.319256801297 
  0.96446195   1.86557789 103.00000000  2241.227247819304 2241.225870223589 0.001377595716 
  0.98371373   1.86331139 103.00000000  2241.959807187319 2241.958728600313 0.001078587005 
  1.06929095   1.62488030 103.00000000  2242.403504133224 2242.399779475038 0.003724658187 
  0.87789084   1.73665645  96.96454472  2244.046658709645 2243.946301459772 0.100357249873 
  0.96446195   1.85495223 106.21417456  2244.491625055671 2244.464808541675 0.026816513996 
  0.95359322   1.70409657  84.65879820  2244.802238121629 2244.814348597402 -0.012110475773 
  0.96446195   1.68888476  85.02512563  2246.557402923703 2246.581140375223 -0.023737451520 
  1.08497572   1.68671760 103.00000000  2249.966451495886 2249.969311393671 -0.002859897785 
  0.90154427   1.81542520 103.00000000  2252.348671093583 2252.342062438975 0.006608654608 
  0.98441781   1.87026375  99.34059534  2254.034196585417 2254.099367540663 -0.065170955246 
  0.98629636   1.86312484 103.00000000  2255.078603267670 2255.077542265361 0.001061002309 
  0.91117551   1.73486618  87.16671946  2255.400421559811 2255.285654127506 0.114767432304 
  1.06241630   1.74421703  92.16870131  2259.580100253224 2259.586969353290 -0.006869100065 
  1.06132036   1.66341238  93.71376403  2259.985940247774 2259.989181198691 -0.003240950917 
  1.02781782   1.68888476  87.63181029  2260.044593945146 2260.086328156654 -0.041734211508 
  0.87838159   1.62466075 103.00000000  2261.867203503847 2261.895550627649 -0.028347123802 
  1.03794885   1.78647572  89.35569101  2261.994999870658 2261.974202226160 0.020797644498 
  0.89547327   1.63877789 116.96663584  2262.245539590716 2262.095230586407 0.150309004310 
  0.87250617   1.67256807  99.63654014  2267.906264290214 2267.916368920686 -0.010104630472 
  0.90972047   1.83434612 100.22536319  2268.055194064975 2268.081325105358 -0.026131040383 
  1.05889124   1.77597916  93.30870755  2270.714271724224 2270.723958929178 -0.009687204953 
  0.96446195   1.87167154 100.85155288  2272.971309810877 2273.009934808792 -0.038624997916 
  1.00894941   1.68888476 120.91634861  2274.409136191010 2275.054330962810 -0.645194771800 
  0.98663966   1.84147889  88.28839524  2278.466979026794 2278.341244112581 0.125734914213 
  0.92621552   1.84971912 103.00000000  2280.729241505265 2280.724009448901 0.005232056364 
  1.02329777   1.80484351  88.31096574  2280.797860011458 2280.739320039280 0.058539972179 
  1.07922770   1.74028753 103.43139918  2282.416986301541 2282.418811638256 -0.001825336714 
  1.04471725   1.79813098 107.35917145  2283.689151704311 2283.675214127455 0.013937576857 
  0.94329416   1.86870523  98.59766977  2284.094074934721 2284.159350898318 -0.065275963597 
  0.99607065   1.75130856 118.71334548  2285.495425969362 2286.001542389235 -0.506116419873 
  0.91678623   1.84001064 103.00000000  2286.785011306405 2286.778262244448 0.006749061957 
  1.01243197   1.60514683 119.00960840  2287.986142233014 2288.261018766588 -0.274876533574 
  0.96446195   1.80813111 114.32062797  2291.359823793173 2291.586455632457 -0.226631839284 
  1.06674277   1.62643105  99.78082577  2295.872729718685 2295.864591200962 0.008138517724 
  0.87839058   1.62216753 103.00000000  2298.503258526325 2298.531724014802 -0.028465488477 
  0.96446195   1.74102432 120.40597994  2299.473587945104 2299.958935938515 -0.485347993411 
  0.86946195   1.68888476 103.00000000  2301.601997867227 2301.646159042334 -0.044161175108 
  0.96124704   1.86812440 103.00000000  2301.955534413457 2301.954282958985 0.001251454471 
  0.98025695   1.57535900 118.08420464  2302.621346518397 2302.710434756212 -0.089088237814 
  0.92112546   1.56132571 110.33470267  2304.437035351992 2304.195715924461 0.241319427531 
  1.03045745   1.82333960  91.46782346  2304.657680019736 2304.643152845783 0.014527173953 
  0.93521320   1.85813475 103.00000000  2305.934823766351 2305.931106511715 0.003717254636 
  1.00850959   1.82274474 110.11996590  2306.369248360395 2306.411438693739 -0.042190333344 
  0.86934673   1.68888476 103.00000000  2307.861447900534 2307.906044681043 -0.044596780509 
  0.96446195   1.61275038  90.39618367  2307.870651498437 2307.868852868965 0.001798629472 
  1.06346344   1.68888476 113.69646990  2313.390400141478 2313.491023445016 -0.100623303539 
  0.96446195   1.60180264  91.69355075  2324.599497422576 2324.576736090612 0.022761331964 
  0.90205607   1.82513485  97.89108666  2329.103906601667 2329.124150391625 -0.020243789958 
  0.96446195   1.85500061 107.12777144  2329.137557357550 2329.119336103170 0.018221254380 
  1.03578315   1.82370230 104.86651327  2330.417171955109 2330.396859130492 0.020312824617 
  0.91029022   1.80647952 109.56413182  2333.087747201324 2333.088574492031 -0.000827290707 
  0.96446195   1.68888476 123.00000000  2333.584628775716 2334.130972484537 -0.546343708821 
  0.96446195   1.68888476 123.01507538  2336.896954923868 2337.442534521421 -0.545579597553 
  0.99847886   1.86134569  92.45655613  2338.046629980206 2338.049156745655 -0.002526765448 
  1.04161083   1.58989439 100.84886652  2338.580963790417 2338.569663369900 0.011300420516 
  0.97417669   1.61849650  89.66683833  2340.457139894366 2340.469986828857 -0.012846934491 
  1.02938005   1.71788838  86.53822379  2341.841597720981 2341.895830226124 -0.054232505143 
  1.08793970   1.68888476 103.00000000  2345.259183153510 2345.262731902322 -0.003548748812 
  1.03935190   1.62677337  93.14624140  2353.481749340892 2353.490267900361 -0.008518559469 
  1.03044163   1.68888476  87.42983550  2355.011491909623 2355.058273375198 -0.046781465575 
  1.08807359   1.70093747 103.00000000  2356.688786417246 2356.693067832976 -0.004281415730 
  1.08651010   1.68888476  99.63712365  2357.222474768758 2357.217514228707 0.004960540051 
  1.01634255   1.63223847  90.10490762  2357.467291906476 2357.480868297676 -0.013576391200 
  1.06606886   1.78447573 102.69305569  2357.574832946062 2357.577946478416 -0.003113532354 
  0.98085246   1.68888476 122.83715352  2357.874348461628 2358.500708069703 -0.626359608075 
  0.93291359   1.57184132  98.14000592  2358.031742021441 2357.987618016760 0.044124004681 
  1.01339785   1.80655215 112.30049638  2358.778078287840 2358.903752105894 -0.125673818055 
  0.96446195   1.87241752  92.71039564  2359.497150495648 2359.497740686405 -0.000590190757 
  0.96446195   1.74219430 120.62012036  2359.570914611220 2360.041403666287 -0.470489055067 
  0.86998495   1.68888476  99.64728191  2359.932338625193 2359.937610466873 -0.005271841680 
  0.97563048   1.55052712 105.10743185  2360.382447749376 2360.400114667752 -0.017666918376 
  1.08381664   1.67672935 107.74742362  2366.314390853047 2366.300744987220 0.013645865828 
  0.98509920   1.84857357 108.28690931  2369.887714236975 2369.886840953014 0.000873283961 
  1.00429987   1.85992827 103.00000000  2370.023237839341 2370.021201652601 0.002036186740 
  0.96446195   1.72755482  83.47899843  2372.107452616096 2372.118195885596 -0.010743269500 
  1.08799723   1.68888476 104.73086106  2372.423150867224 2372.422935795638 0.000215071586 
  0.93938494   1.60445584  91.77122579  2375.002741590142 2374.962018950829 0.040722639314 
  0.96446195   1.87185930 103.00000000  2376.528295770288 2376.527047576512 0.001248193775 
  1.08086211   1.74631306  98.67562973  2376.550745368004 2376.560668112967 -0.009922744963 
  1.05304622   1.68888476 116.18097936  2377.356337085366 2377.612254835731 -0.255917750364 
  0.96446195   1.55257385 113.30549491  2380.752178162336 2380.621561210044 0.130616952293 
  1.03001553   1.64543998 119.61069684  2381.871445447206 2382.283836519953 -0.412391072747 
  0.89280309   1.71598054 115.64656725  2383.086326003075 2383.116506408462 -0.030180405387 
  0.90402115   1.68888476 119.16220668  2385.394501894712 2385.552282324273 -0.157780429561 
  0.95385730   1.83767997  86.89062536  2388.343728542328 2388.213157850946 0.130570691382 
  0.90105592   1.64480335  91.37046893  2388.599401786923 2388.405581836070 0.193819950854 
  0.86823988   1.70037431 102.37483037  2392.289628982544 2392.339454699911 -0.049825717367 
  1.06767501   1.66225028  94.17837917  2392.439905241132 2392.442215801630 -0.002310560499 
  0.89720792   1.58227534 103.00000000  2393.204903617501 2393.203483742819 0.001419874683 
  0.98072226   1.68888476 123.00426323  2393.652925074100 2394.271085326858 -0.618160252757 
  1.02221083   1.68888476 120.36208803  2398.024662494659 2398.619223473886 -0.594560979226 
  1.03768185   1.58354159 112.05288654  2398.962059974670 2398.986257194408 -0.024197219738 
  1.01692728   1.85012779 103.73183927  2400.626210808754 2400.614232503107 0.011978305647 
  1.06939898   1.68888476 113.02190184  2402.957647264004 2403.023137057243 -0.065489793239 
  0.96765006   1.75907907  83.18545014  2406.350549131632 2406.339243877012 0.011305254619 
  0.87310444   1.67844328 110.45422853  2406.374781548977 2406.134207646469 0.240573902508 
  0.96446195   1.81072920 114.72192694  2406.447094708681 2406.681477217587 -0.234382508906 
  1.08779699   1.66573730 103.00000000  2408.103934407234 2408.105794045213 -0.001859637979 
  1.02907079   1.61157544 118.24634938  2408.206686064601 2408.439738676690 -0.233052612089 
  0.89851713   1.80515746  92.47239114  2408.781437471509 2408.691020621326 0.090416850183 
  0.99055757   1.87205409  93.41345937  2409.374042466283 2409.403972280040 -0.029929813757 
  0.96446195   1.55150754 103.00000000  2409.416857630014 2409.423104326730 -0.006246696715 
  0.96590642   1.61031814 122.68036981  2409.986916840076 2410.468723955738 -0.481807115662 
  0.97826137   1.78812003  83.72390769  2412.743861496449 2412.693089134297 0.050772362152 
  1.06508114   1.78967098 103.00000000  2413.655871450901 2413.655912214741 -0.000040763839 
  0.96446195   1.71894771  83.46547319  2414.978460267186 2414.997400552987 -0.018940285801 
  0.88293634   1.78206704 102.69228398  2415.652926012874 2415.659932187347 -0.007006174473 
  0.90700691   1.64512551  90.30637962  2418.284000232816 2418.129857379939 0.154142852876 
  1.08830454   1.68888476  99.57306769  2418.572788700461 2418.566648753583 0.006139946878 
  1.05264730   1.81744839  98.69007563  2420.544510409236 2420.585810686354 -0.041300277118 
  0.96446195   1.70525709  83.78561994  2421.600648030639 2421.627942174357 -0.027294143718 
  0.99152322   1.73192022  83.58609328  2422.627679809928 2422.649525910088 -0.021846100160 
  0.96446195   1.84409723 110.10989770  2424.189517512918 2424.238488058341 -0.048970545424 
  0.97162323   1.54679304 108.73742401  2425.910669431090 2425.888512710740 0.022156720350 
  1.03129421   1.60466383 117.39719445  2426.402087822556 2426.577117341101 -0.175029518545 
  0.94172402   1.55343308 103.00000000  2426.461714699864 2426.462392067715 -0.000677367851 
  0.96446195   1.76657463  83.17988066  2426.884502291679 2426.868080184688 0.016422106991 
  0.96446195   1.68888476  84.32160804  2432.841955780983 2432.878806094803 -0.036850313820 
  0.96152610   1.60386124 122.42276834  2433.521120533347 2433.965439367007 -0.444318833660 
  0.86727995   1.67561891 102.52686931  2434.831892609596 2434.890833999424 -0.058941389827 
  0.92971430   1.79036557  85.26781801  2435.532817140222 2435.517009617542 0.015807522680 
  0.87774720   1.68888476 112.72279263  2436.138060137630 2435.927029912808 0.211030224822 
  1.01822347   1.68888476 120.93547700  2436.750543192029 2437.374154384619 -0.623611192590 
  0.95393765   1.70708769  83.81920376  2439.138239338994 2439.168947480330 -0.030708141336 
  0.96446195   1.84783178 109.59199921  2440.876232638955 2440.909857937746 -0.033625298790 
  1.05582339   1.64797494  92.79737466  2443.059295922518 2443.074966383814 -0.015670461296 
  0.98214011   1.68888476  84.40610437  2443.300495028496 2443.331560459713 -0.031065431217 
  0.89748311   1.75013072  88.63864589  2447.542505621910 2447.375218078850 0.167287543060 
  0.92780837   1.71922114 120.97827097  2447.866886273026 2448.154468757040 -0.287582484014 
  1.06261360   1.68800521  91.19956290  2448.206874638796 2448.237455982658 -0.030581343862 
  0.89586488   1.68885396  89.38813133  2449.253976732492 2448.995091519487 0.258885213006 
  1.07996540   1.63340397 103.00000000  2450.270344659686 2450.268697462914 0.001647196772 
  0.96446195   1.54601075 109.65656342  2450.522987410426 2450.467640205356 0.055347205070 
  0.99874898   1.56198973 100.59386780  2453.362550005317 2453.340319607877 0.022230397440 
  0.99653796   1.79492483 115.77858142  2458.738695979118 2459.028320662410 -0.289624683292 
  1.06721379   1.78863953 103.00000000  2460.003882110119 2460.004154054088 -0.000271943969 
  1.04107511   1.81499986 107.04040238  2460.501489058137 2460.486886696931 0.014602361206 
  0.87485489   1.62219506 103.00000000  2468.831117480993 2468.869073736672 -0.037956255679 
  0.88672991   1.59150825 108.73864628  2469.421830609441 2469.147450428787 0.274380180654 
  0.87667291   1.76422950 103.00000000  2474.202327266335 2474.216048583363 -0.013721317027 
  1.05668725   1.67671237  90.57292915  2480.842110514641 2480.879009149838 -0.036898635197 
  0.96446195   1.69870891 123.35124925  2480.872180968523 2481.355663171019 -0.483482202496 
  0.96446195   1.87630273 103.12445382  2480.965819820762 2480.963354635248 0.002465185513 
  0.97827481   1.65821775  85.80575564  2484.011134639382 2484.052041690889 -0.040907051507 
  0.96871548   1.87038646  90.28545561  2484.416116699576 2484.332931142064 0.083185557512 
  0.97675960   1.77481323  83.06787627  2485.164749518037 2485.142784349398 0.021965168639 
  1.03599497   1.70405277  86.81335655  2487.949895158410 2488.014322416413 -0.064427258003 
  1.07314580   1.68888476 112.79370349  2488.680745676160 2488.734039286643 -0.053293610483 
  0.96446195   1.68888476 123.71859296  2493.708954930305 2494.196520615508 -0.487565685202 
  0.97067090   1.54968566 103.00000000  2494.891108840704 2494.897682219031 -0.006573378327 
  0.89715604   1.81936767  94.87605261  2497.755845174193 2497.724858601311 0.030986572882 
  1.01389841   1.78965518  85.09118788  2498.015998348594 2497.982556868002 0.033441480592 
  1.01400829   1.84983248 105.84996934  2498.766582280397 2498.743768035803 0.022814244594 
  0.87030010   1.68888476 109.48777649  2501.060571327806 2500.874096842090 0.186474485715 
  0.99875037   1.68888476 122.69170837  2501.083465591073 2501.738779800857 -0.655314209784 
  0.92771611   1.86252898 102.65893365  2503.817987009883 2503.818306299771 -0.000319289888 
  0.96446195   1.83741225 111.80173763  2505.419021099806 2505.527030865625 -0.108009765819 
  0.90415428   1.69266507 119.70748127  2506.598383843899 2506.764615680730 -0.166231836831 
  1.04634305   1.68888476 118.03492873  2508.277787744999 2508.667722536400 -0.389934791401 
  0.89294208   1.79531975  92.27145588  2508.633294075727 2508.516115647486 0.117178428241 
  1.09226830   1.68888476 104.51353899  2509.514314204454 2509.516422375345 -0.002108170891 
  0.96446195   1.87814070 103.00000000  2514.115978345275 2514.115229439911 0.000748905364 
  0.87974565   1.68888476  92.91708328  2514.530312627554 2514.193480291490 0.336832336064 
  0.96446195   1.86763045  89.42080913  2515.847903788090 2515.737628028046 0.110275760044 
  0.98655498   1.87526678 103.00000000  2516.968493670225 2516.967798704413 0.000694965812 
  0.89972453   1.82666589 103.00000000  2522.318713098764 2522.311972337407 0.006740761357 
  0.99059429   1.68888476  84.31198879  2524.557253211737 2524.587513114849 -0.030259903112 
  0.91242423   1.84630102 103.00000000  2524.666889354587 2524.660273003362 0.006616351224 
  0.95327661   1.68888476 123.77443299  2526.516184583306 2526.910886558172 -0.394701974866 
  1.02331453   1.63144415  89.97362249  2527.158028721809 2527.173219713487 -0.015190991678 
  0.96446195   1.77709363  82.88183515  2530.281906470656 2530.265447876989 0.016458593667 
  1.07754552   1.68888476 111.97914349  2531.486411809921 2531.512820325201 -0.026408515280 
  0.95226615   1.56359687 117.98897078  2532.986154854298 2532.967205851463 0.018949002834 
  0.96446195   1.62505402  88.16948632  2534.374259054661 2534.417261471087 -0.043002416426 
  1.04917444   1.82523542  94.92541296  2537.129653796554 2537.168302284834 -0.038648488280 
  0.88828731   1.70525268 116.14641192  2540.841860726476 2540.843529426571 -0.001668700095 
  0.99137116   1.87475582 103.00000000  2543.927752673626 2543.926754987012 0.000997686614 
  0.92098840   1.55808027 103.00000000  2546.095614925027 2546.089015143106 0.006599781921 
  1.00752244   1.86321613 104.12663188  2551.604136154056 2551.589714227781 0.014421926274 
  0.87734865   1.68888476 113.54300192  2553.008380755782 2552.817812750757 0.190568005025 
  0.97150783   1.55249134 100.90096538  2570.257450893521 2570.232919028366 0.024531865155 
  0.96446195   1.88585139  93.84222269  2570.875356927514 2570.911290287288 -0.035933359773 
  0.87961312   1.67517933  93.14118154  2571.152449816465 2570.828697341879 0.323752474586 
  0.96446195   1.61222436 123.63466373  2579.118069216609 2579.618697087331 -0.500627870722 
  0.87576480   1.62585487 111.70022849  2580.593746900558 2580.213392381406 0.380354519152 
  0.96446195   1.86923062  89.02850415  2581.165691658854 2581.044081545379 0.121610113475 
  0.86522061   1.70604125 102.51662500  2581.249987691641 2581.303610970419 -0.053623278779 
  1.09493162   1.69838729 103.00000000  2582.485684096813 2582.490628659041 -0.004944562228 
  0.96446195   1.63414596 124.41907260  2584.269334286451 2584.782781808296 -0.513447521845 
  0.92489939   1.85523919 105.47139219  2584.846867725253 2584.821505766990 0.025361958264 
  0.98369313   1.55340573 115.00940345  2588.351010501385 2588.294346735988 0.056663765396 
  1.08381029   1.65651447  97.54948837  2590.805925160646 2590.794589677136 0.011335483511 
  0.98451477   1.88530128 100.08818799  2592.177942112088 2592.226969678132 -0.049027566044 
  0.89673879   1.82481889 103.00000000  2592.285435736179 2592.279233776484 0.006201959695 
  0.96818195   1.58467460  92.99899908  2592.560816258192 2592.519050184284 0.041766073908 
  0.90884263   1.65508531 121.52268285  2593.569134771824 2593.767066645511 -0.197931873688 
  0.96446195   1.65593531 124.66669764  2594.912045836449 2595.396294845170 -0.484249008722 
  0.90656108   1.58543526  97.20792577  2595.060386314988 2595.029229190071 0.031157124917 
  1.09537676   1.69633052 103.00000000  2595.533099800348 2595.537929052739 -0.004829252391 
  0.88261661   1.79231743 103.00000000  2597.921934142709 2597.924131302294 -0.002197159586 
  1.09547739   1.68888476 103.00000000  2598.033283159137 2598.037900548036 -0.004617388899 
  0.95569706   1.75463037  82.53197614  2598.274769932032 2598.292633863048 -0.017863931017 
  1.08630361   1.75190113 103.00000000  2601.076722040772 2601.080583245226 -0.003861204453 
  0.96446195   1.89007820  95.60867365  2611.461743175983 2611.531795365037 -0.070052189054 
  1.00731692   1.57282634  97.09408406  2611.636790663004 2611.600715853748 0.036074809256 
  0.89364505   1.79500768  90.96776570  2612.889416441321 2612.776354003893 0.113062437429 
  0.87649527   1.76959810 104.70338844  2619.038142353296 2619.030738435938 0.007403917358 
  0.98805854   1.54827099 112.62929486  2620.610561996698 2620.561586502887 0.048975493811 
  0.96446195   1.68888476  83.61809045  2627.057216286659 2627.103145669555 -0.045929382895 
  0.90551307   1.68888476  87.06822575  2628.067232713103 2627.963641933732 0.103590779372 
  1.08174719   1.76622608 103.61303081  2630.150465771556 2630.149987491009 0.000478280547 
  0.92595267   1.75155615 119.66158540  2630.677172198892 2630.906908746203 -0.229736547311 
  1.00268753   1.78169462  83.41731079  2630.933363184333 2630.925006260946 0.008356923387 
  1.07174045   1.78682368 104.44620758  2633.089913040400 2633.082774837484 0.007138202915 
  0.93896650   1.54893387 103.00000000  2633.208222597837 2633.207964948216 0.000257649622 
  0.96446195   1.88306371  91.45963907  2636.106435626745 2636.065525327252 0.040910299493 
  1.02251010   1.62158643 121.03880016  2637.360321655869 2637.762429380610 -0.402107724740 
  0.96446195   1.71906202  82.60489858  2644.789561346173 2644.819526104694 -0.029964758521 
  0.86406648   1.68888476 105.76379093  2645.153335705400 2645.134018191380 0.019317514020 
  1.05886613   1.68888476 116.88698588  2648.039097070694 2648.316647979169 -0.277550908475 
  1.03344148   1.85444644  95.51340669  2648.880182251334 2648.936161094312 -0.055978842978 
  1.00403125   1.56651777 116.96487190  2649.464989989996 2649.531169700123 -0.066179710127 
  1.00782803   1.63704354 122.99321873  2652.240287363529 2652.791247208431 -0.550959844902 
  0.96446195   1.88442211 103.00000000  2653.869176179171 2653.868666708634 0.000509470537 
  0.96446195   1.64823108  85.79394038  2653.995069146156 2654.060761360611 -0.065692214455 
  0.96446195   1.68888476 124.42211055  2654.822865426540 2655.230292375582 -0.407426949042 
  0.87329499   1.76330387 103.72411382  2655.957574471831 2655.967900989468 -0.010326517636 
  1.00426206   1.66737565 123.44098266  2656.041108056903 2656.668922406488 -0.627814349585 
  0.96446195   1.80020396 117.30565867  2656.405255541205 2656.687956160481 -0.282700619276 
  1.08631244   1.75749660 103.00000000  2658.072476610541 2658.075890884631 -0.003414274090 
  0.99880366   1.74994094  82.77364967  2660.353623315692 2660.383235120697 -0.029611805006 
  1.00193456   1.67850702 123.47921367  2665.270447298884 2665.903099083897 -0.632651785013 
  0.96446195   1.64862796 124.96762015  2666.051001831889 2666.518361078346 -0.467359246457 
  0.96446195   1.54522613 103.00000000  2668.046129480004 2668.052306723097 -0.006177243093 
  0.96446195   1.80978098  83.17398869  2672.602407678962 2672.553256668409 0.049151010553 
  0.96446195   1.88138944 104.32748862  2673.756583318114 2673.741758023763 0.014825294351 
  0.94677031   1.54839389 114.70060730  2674.393942490220 2674.218782101598 0.175160388622 
  0.92061303   1.80294779 114.44325118  2676.521569311619 2676.680622621641 -0.159053310023 
  0.88551986   1.72084810 115.36795453  2679.833361670375 2679.840980077233 -0.007618406858 
  0.93484687   1.61208469 123.38208002  2679.859358236194 2680.263768560473 -0.404410324279 
  0.91148055   1.56019996 103.00000000  2680.670660287142 2680.664019426441 0.006640860701 
  0.89328390   1.63818691 119.15004545  2684.389492273331 2684.392469797649 -0.002977524318 
  0.97981823   1.77336312  82.20530929  2691.166155934334 2691.165029504111 0.001126430222 
  1.09438999   1.65601223 103.00000000  2692.078120023012 2692.080473123126 -0.002353100113 
  0.88007866   1.63542090  95.33162778  2693.116897851229 2692.954583508353 0.162314342876 
  1.00310420   1.72208692  83.12536273  2694.749178335071 2694.790366354788 -0.041188019718 
  1.08797414   1.71967238 108.68066418  2696.615001574159 2696.613159207591 0.001842366567 
  1.09780835   1.70672681 103.00000000  2697.254222095013 2697.259549245455 -0.005327150443 
  1.05732743   1.60888195  96.54600712  2701.727527126670 2701.733297466999 -0.005770340329 
  0.94678736   1.88252121 103.00000000  2701.844477042556 2701.843351127057 0.001125915499 
  1.04836230   1.84057791  97.59854729  2707.069985076785 2707.118294914419 -0.048309837634 
  1.07196268   1.66015841 114.90241732  2707.108479619026 2707.193288957470 -0.084809338443 
  0.96446195   1.64434072 125.12933864  2709.608928218484 2710.066156256491 -0.457228038008 
  1.04029045   1.61598773  92.61312772  2711.426942199469 2711.443521743871 -0.016579544402 
  1.00633202   1.79749738 116.28670797  2716.761724665761 2717.026996003585 -0.265271337824 
  0.99607852   1.86954222  89.08585079  2717.041869774461 2716.930080718362 0.111789056099 
  0.92591654   1.57057244 118.79098740  2718.902016296983 2718.912768052296 -0.010751755313 
  1.07700600   1.75826917 108.70454912  2721.260874375701 2721.271683377190 -0.010809001489 
  0.94784180   1.88382915 103.00000000  2721.946484819055 2721.945558717414 0.000926101640 
  0.90156023   1.56225429 106.72330482  2725.522525519133 2725.401194924606 0.121330594526 
  0.89864259   1.83330129  93.86374400  2725.763100877404 2725.740562842489 0.022538034916 
  0.96446195   1.84116974  84.69665540  2726.491334393620 2726.372500021732 0.118834371888 
  1.05099664   1.64899527  90.36846369  2728.628447160125 2728.660221308780 -0.031774148655 
  1.05127149   1.73631771 116.37537654  2729.917796105146 2730.233883634612 -0.316087529465 
  1.00049357   1.59904986  91.25471138  2730.344286471605 2730.347447163927 -0.003160692322 
  1.00739530   1.75927233  82.91483638  2732.213376805186 2732.249019998758 -0.035643193572 
  1.06121231   1.81919265  95.61954555  2732.517590105534 2732.552479074939 -0.034888969406 
  0.99677098   1.82584980 113.83982426  2735.637610405684 2735.796876567625 -0.159266161942 
  0.97344639   1.86080277 109.64742494  2736.043615639210 2736.081822272484 -0.038206633275 
  0.99724338   1.84592174 110.94262611  2738.312421068549 2738.377256561610 -0.064835493061 
  1.09370903   1.64778125 103.00000000  2739.438239037991 2739.439884875517 -0.001645837527 
  0.86180905   1.68888476 103.00000000  2740.096671208739 2740.162320023265 -0.065648814526 
  0.96782856   1.87665668 106.44608269  2740.299559816718 2740.285153631027 0.014406185691 
  1.05950984   1.81383850  93.05887458  2741.784150093794 2741.799657209187 -0.015507115394 
  1.03562659   1.60182289  93.90251100  2742.222549587488 2742.232614407509 -0.010064820020 
  0.98791092   1.86182548  87.03281434  2745.950499653816 2745.792050763718 0.158448890098 
  0.88295488   1.58967548 103.00000000  2746.086762696505 2746.108164058051 -0.021401361546 
  1.09838701   1.68888476 105.56732001  2748.948294475675 2748.949756495301 -0.001462019626 
  0.96446195   1.89619627  95.00229986  2751.299226462841 2751.360157600306 -0.060931137465 
  0.96446195   1.81200248 116.58330851  2752.369797170162 2752.612913424607 -0.243116254444 
  0.96446195   1.55581521 118.05341857  2753.172359496355 2753.168197323109 0.004162173246 
  0.88898711   1.80940258  93.40221185  2757.012520372868 2756.935963040758 0.076557332110 
  0.92176253   1.79967563  84.78948579  2758.193224757910 2758.262872395345 -0.069647637435 
  0.93266941   1.88366469  95.06185927  2760.760371059179 2760.809839694980 -0.049468635801 
  0.86426918   1.71098924  98.53255668  2763.439659714699 2763.384427481335 0.055232233363 
  1.08034315   1.70654110 112.58384150  2764.592988371849 2764.653152792182 -0.060164420333 
  1.03036949   1.63930403 121.49955649  2768.708872139454 2769.162456413727 -0.453584274273 
  1.07416699   1.77482328 107.77599762  2768.803237259388 2768.806551632473 -0.003314373085 
  1.02836303   1.76277030 117.65688808  2769.064807340503 2769.434939275274 -0.370131934771 
  0.96446195   1.85547200 110.88065852  2769.367307022214 2769.441516657109 -0.074209634895 
  0.96446195   1.54846536 116.18165024  2771.486158803105 2771.392700802392 0.093458000713 
  0.96446195   1.84669910  84.80335482  2781.069575190544 2780.944020973791 0.125554216753 
  1.09464366   1.71654922  96.53603777  2786.673620775342 2786.660735247233 0.012885528109 
  1.00042857   1.75759678 120.49552216  2787.071308165789 2787.507587176248 -0.436279010460 
  0.99886213   1.88731230  93.36534285  2788.035325467587 2788.064422608358 -0.029097140772 
  1.00177332   1.61483162 123.32517874  2790.974099397659 2791.452884350702 -0.478784953043 
  0.86098773   1.67748552 103.00000000  2792.981358230114 2793.053619432375 -0.072261202261 
  0.87534421   1.60276322 103.00000000  2795.271503180265 2795.310949961771 -0.039446781506 
  0.96446195   1.89070352 103.00000000  2795.667874172330 2795.668210875626 -0.000336703296 
  1.00083759   1.78747398  82.68736071  2797.064382269979 2797.060804554262 0.003577715717 
  0.99107068   1.54572603 103.00000000  2799.750696048141 2799.753070640979 -0.002374592838 
  0.96446195   1.63066048 125.32568030  2802.814807787538 2803.266722108848 -0.451914321311 
  0.96446195   1.68888476  83.00000000  2804.279380679131 2804.329691132824 -0.050310453693 
  0.96446195   1.89372673 101.98520024  2807.221303850412 2807.236834460913 -0.015530610501 
  0.99450103   1.89374871  96.19896314  2808.064343228936 2808.139119419442 -0.074776190506 
  0.96446195   1.67656657 125.37334577  2810.181532084942 2810.512961370418 -0.331429285476 
  0.90983867   1.74079054  84.75205775  2815.271814748645 2815.350578678242 -0.078763929597 
  0.96446195   1.68888476 125.12562814  2820.155948773026 2820.459832080322 -0.303883307296 
  0.96446195   1.53689144 110.05898964  2822.914571672678 2822.875544954594 0.039026718084 
  0.93133524   1.74229424 121.66646139  2826.606926903129 2826.730127452397 -0.123200549268 
  0.96446195   1.68888476  82.91457286  2829.260545372963 2829.311357579101 -0.050812206138 
  0.91212493   1.64133030 123.02504620  2831.127879843116 2831.340032484382 -0.212152641266 
  1.08441409   1.68888476 112.70162296  2832.780873700976 2832.817651805797 -0.036778104821 
  0.96293917   1.89666971  92.85441390  2833.562676355243 2833.570546342499 -0.007869987256 
  0.96446195   1.81463109 116.74297449  2833.769860640168 2833.997676736878 -0.227816096709 
  1.10210148   1.68888476 103.83071870  2834.853061452508 2834.858789145988 -0.005727693480 
  0.96446195   1.68492681 125.29683009  2835.971577510238 2836.270673358000 -0.299095847763 
  1.05261464   1.66561630 119.27424802  2836.154006808996 2836.519478741872 -0.365471932876 
  1.04240056   1.70595575  85.80261579  2837.550943091512 2837.638377117842 -0.087434026330 
  1.03450953   1.56365526 103.00000000  2839.771258249879 2839.763802654162 0.007455595717 
  1.06514443   1.59320239 101.39628737  2841.782134026289 2841.775882291091 0.006251735198 
  0.95201845   1.71080736  82.30674969  2842.104621499777 2842.164848124273 -0.060226624496 
  0.87327310   1.78068999 101.76230305  2844.133350864053 2844.149445539134 -0.016094675081 
  0.94849397   1.89386507  93.07238454  2844.225888863206 2844.238886899280 -0.012998036074 
  0.86109584   1.68888476 106.39046391  2844.652179464698 2844.618259465565 0.033919999133 
  1.09389912   1.68888476 109.73458470  2846.730463370681 2846.722217541364 0.008245829316 
  1.02888726   1.86334967 103.00000000  2848.414779990911 2848.413154334390 0.001625656521 
  1.09971838   1.68888476 106.84932749  2850.624171003699 2850.621309529191 0.002861474508 
  0.86140590   1.67972952  99.93893104  2852.539768874645 2852.562120274693 -0.022351400048 
  0.96446195   1.53673810 110.96638235  2853.045933336020 2852.985638579882 0.060294756138 
  0.96446195   1.65700905 125.78839677  2855.378198549151 2855.727658294524 -0.349459745373 
  0.88925459   1.82358806 103.00000000  2857.885506868362 2857.881190825302 0.004316043060 
  1.10301508   1.68888476 103.00000000  2859.271690085530 2859.276918828844 -0.005228743314 
  0.96446195   1.89276009  90.92126970  2859.282410666347 2859.222995254137 0.059415412210 
  1.10189533   1.68888476 100.12129280  2860.445040479302 2860.437360937138 0.007679542165 
  0.97205937   1.56053703  96.37389735  2865.549720913172 2865.470172648147 0.079548265025 
  1.07195734   1.80622075 103.00000000  2866.266411393881 2866.265292577288 0.001118816593 
  1.01808249   1.58689435  93.73913477  2872.137995675206 2872.134339042449 0.003656632758 
  1.02214900   1.85898347 106.42298929  2878.420715212822 2878.407189782731 0.013525430091 
  0.93533122   1.73391187  82.36077580  2881.858742997050 2881.958529699676 -0.099786702626 
  0.87934883   1.80378534 100.77544085  2881.960915043950 2881.970388609606 -0.009473565656 
  1.07581452   1.68888476 115.16657255  2883.459128350019 2883.597089122740 -0.137960772720 
  1.08287791   1.78730433  97.25110236  2884.959208071232 2884.975589026039 -0.016380954808 
  0.99135407   1.83625940 113.76898060  2885.275250032544 2885.415496351655 -0.140246319111 
  1.05986951   1.83381499  97.71984274  2886.683505281806 2886.721496661760 -0.037991379954 
  1.04526772   1.68888476  86.48615373  2887.246549263597 2887.317925166059 -0.071375902462 
  1.07839996   1.60936956 109.99853364  2887.671463102102 2887.675642444583 -0.004179342480 
  0.96446195   1.56565330 120.86183876  2888.191657081246 2888.405502133888 -0.213845052642 
  0.89590574   1.83858284 103.00000000  2890.926555082202 2890.920149847714 0.006405234488 
  0.93298664   1.84870838 111.02253903  2891.815618515015 2891.885392692904 -0.069774177889 
  1.08758838   1.62015116 103.00000000  2895.632683172822 2895.632870688126 -0.000187515304 
  1.09417273   1.63504518 103.00000000  2897.032378718257 2897.034237128843 -0.001858410586 
  0.98672344   1.79293558  81.82593248  2897.553050458431 2897.548298428792 0.004752029639 
  0.90244962   1.82228027 109.76353388  2898.127655252814 2898.142413200498 -0.014757947684 
  0.96446195   1.60200273  89.25112665  2899.195135980844 2899.239848140589 -0.044712159745 
  1.05453552   1.75243314  86.51885497  2901.500146850944 2901.590516575847 -0.090369724904 
  1.10387384   1.68888476 101.23301892  2901.880458846688 2901.878268752142 0.002190094546 
  0.95516933   1.60686342  88.74794523  2906.315240576863 2906.376426832192 -0.061186255329 
  0.96446195   1.68888476 125.50000000  2909.827087789774 2910.066853507712 -0.239765717938 
  0.87144509   1.68505376 114.17028072  2911.339839994907 2911.150259485919 0.189580508988 
  0.89778183   1.76132857  86.29112400  2911.973893210292 2912.012765714750 -0.038872504458 
  0.92999546   1.77354161 119.65552200  2913.097747117281 2913.239933922806 -0.142186805525 
  1.08880466   1.72010258  92.93271761  2916.052491754293 2916.071070753288 -0.018578998995 
  0.98307283   1.89389482  90.93757805  2916.173223003745 2916.117582996379 0.055640007366 
  1.10142073   1.73009324 101.85872133  2916.542080193758 2916.546064205356 -0.003984011598 
  0.95017931   1.53879238 113.48188860  2917.645339474082 2917.497154024214 0.148185449868 
  0.96446195   1.90291766  93.95378052  2920.040011405945 2920.079305081720 -0.039293675775 
  1.08277643   1.71308150 112.89477944  2922.463049799204 2922.538021393138 -0.074971593935 
  0.88372967   1.68888476  89.46816640  2923.831659585238 2923.516404351640 0.315255233597 
  1.05236135   1.75814232  86.17100846  2925.380260780454 2925.465226316467 -0.084965536013 
  0.95768004   1.89863349 101.73506786  2925.872404545546 2925.890833545725 -0.018429000180 
  1.09916429   1.64748449 103.00000000  2929.697214484215 2929.700275635845 -0.003061151630 
  0.97022449   1.58597280  91.27851883  2933.293731287122 2933.291045610524 0.002685676598 
  0.86823302   1.71583660 111.20894790  2936.100064352155 2935.966875923961 0.133188428194 
  0.96446195   1.82994654  82.80594542  2938.121787652373 2938.072447511394 0.049340140979 
  0.96446195   1.89698492 103.00000000  2939.397506386042 2939.397872526903 -0.000366140862 
  1.08683799   1.67638396  93.47170556  2942.371968403459 2942.388649980003 -0.016681576544 
  0.96446195   1.53894472 103.00000000  2943.210074201226 2943.216128925721 -0.006054724495 
  1.10509041   1.68104555 103.00000000  2943.521654009819 2943.526240242091 -0.004586232272 
  0.89055995   1.68817312 119.72005320  2943.747721001506 2943.811634924176 -0.063913922670 
  0.97262954   1.68888476  82.51555301  2945.349426701665 2945.384274342638 -0.034847640974 
  0.96446195   1.53888476 103.00000000  2945.918412715197 2945.924109398720 -0.005696683524 
  1.02866528   1.84742232 108.32171574  2946.790001809597 2946.794676266964 -0.004674457367 
  1.07814222   1.60175638 103.00000000  2948.171170175076 2948.169009231021 0.002160944055 
  0.97334869   1.68888476 125.57516431  2948.416211411357 2948.718394417331 -0.302183005974 
  0.98365771   1.71148791  81.83315049  2949.623676791787 2949.642041698090 -0.018364906303 
  0.93022659   1.60265526 123.90201089  2952.204548150301 2952.604282457728 -0.399734307427 
  0.96158315   1.66489952  83.70183953  2954.754526928067 2954.832315521065 -0.077788592997 
  0.95012640   1.54857746  99.24558227  2955.112040773034 2955.046891933615 0.065148839419 
  1.01784447   1.88346318 100.45602409  2955.883285671473 2955.915921933824 -0.032636262352 
  0.97013558   1.68888476 125.66306678  2958.776006773114 2959.037170515782 -0.261163742668 
  1.06071444   1.60865341  95.38360670  2959.551840186119 2959.570911439810 -0.019071253691 
  1.02310789   1.68888476  84.27072776  2963.375906750560 2963.408065920116 -0.032159169556 
  0.98557439   1.67015287 125.70680406  2965.295343667269 2965.726476406992 -0.431132739723 
  0.96446195   1.86102987  84.90680517  2965.334537699819 2965.196832484646 0.137705215172 
  1.03696781   1.86089997 103.00000000  2967.001194700599 2966.999321614436 0.001873086163 
  1.02408774   1.68888476  84.32376893  2967.170882165432 2967.204818801910 -0.033936636478 
  0.96446195   1.84566596 113.72842244  2969.078295633197 2969.224224417108 -0.145928783911 
  0.99339396   1.70367565 124.56654274  2970.699325188994 2971.163613959453 -0.464288770459 
  1.07189898   1.68888476  89.61168237  2971.702609136701 2971.780243788323 -0.077634651622 
  0.96446195   1.82988144 115.77904668  2973.849424883723 2974.033173397069 -0.183748513346 
  0.87379805   1.67762846 115.72815049  2975.274750426412 2975.120953091557 0.153797334855 
  1.06386579   1.82650901 103.00000000  2977.921580106020 2977.919323298836 0.002256807184 
  1.03181650   1.86696690 103.00000000  2983.454583063722 2983.453115165574 0.001467898148 
  0.90388776   1.68888476  85.82154377  2983.645376101136 2983.645793749975 -0.000417648839 
  0.89473482   1.84569350 100.41136530  2984.082891091704 2984.100079856719 -0.017188765014 
  0.92648707   1.83715251 112.68904145  2985.934718847275 2986.041755948231 -0.107037100956 
  0.96446195   1.89606064  90.04393448  2986.211274012923 2986.121276406065 0.089997606859 
  0.95336425   1.88611114  88.40368586  2987.682912021875 2987.556522203095 0.126389818780 
  0.96446195   1.68888476 125.82914573  2989.622454538941 2989.800354191097 -0.177899652155 
  0.96446195   1.88508809 107.05578228  2993.826913058758 2993.823685521466 0.003227537291 
  0.97491916   1.68888476 125.73712345  2994.478010922670 2994.764364667250 -0.286353744580 
  0.91735855   1.65258031 124.43563264  2999.054696381092 2999.150166002517 -0.095469621425 
  1.07151823   1.68888476 116.81302300  3003.808188423514 3004.034932243915 -0.226743820401 
  0.96446195   1.84128745 114.54467133  3006.271064519882 3006.429438529047 -0.158374009165 
  1.04253441   1.85677346 103.00000000  3008.620258703828 3008.618229091923 0.002029611905 
  0.93211956   1.84589655  85.11135941  3013.252787739038 3013.254409750448 -0.001622011410 
  1.10552863   1.68888476 105.95848279  3014.296431124210 3014.299357682800 -0.002926558589 
  0.91434777   1.57723896  95.05347530  3016.884713932872 3016.829397474606 0.055316458266 
  0.96046147   1.71362021  81.47343051  3017.622793734074 3017.665314271690 -0.042520537617 
  1.10735148   1.70034079 103.00000000  3018.510822787881 3018.516218204209 -0.005395416328 
  1.10077293   1.74667313 102.15404195  3020.507831946015 3020.511775492242 -0.003943546226 
  0.92883770   1.89405937  97.16415144  3021.889642924070 3021.953555297596 -0.063912373526 
  0.91398437   1.54964800 103.00000000  3024.122648105025 3024.116727036703 0.005921068323 
  0.95382653   1.54974511 118.62934179  3025.711840018630 3025.715918314079 -0.004078295449 
  1.05499535   1.78955637 112.80250527  3026.595544323325 3026.710397100328 -0.114852777002 
  0.88879255   1.63113975 119.95771959  3026.654146894813 3026.688392136848 -0.034245242035 
  1.10706289   1.70298919 100.43384062  3028.448330312967 3028.442350820324 0.005979492643 
  1.03857547   1.58739542  95.12189412  3031.787855714560 3031.798682791481 -0.010827076921 
  1.07937662   1.80258826 103.00000000  3033.888110965490 3033.886990553091 0.001120412399 
  1.08735288   1.62873468  98.06631387  3037.211105555296 3037.210310714645 0.000794840651 
  1.03726535   1.68483918 122.02280332  3038.644914910197 3039.206785992414 -0.561871082216 
  0.96446195   1.68888476  82.21105528  3039.512132316828 3039.561789353692 -0.049657036865 
  0.97871692   1.84290486 114.39438612  3041.728893682361 3041.871492279051 -0.142598596691 
  0.99064534   1.89959640  91.54271783  3043.487154394388 3043.456478100498 0.030676293890 
  0.97286451   1.53483994 104.47359888  3045.996176779270 3046.023733592314 -0.027556813044 
  0.86390356   1.66198053 112.04094880  3047.672109216452 3047.385733251304 0.286375965147 
  0.96446195   1.77005331 121.85072882  3048.665737643838 3048.802497464647 -0.136759820809 
  1.06300211   1.74720605 115.60002255  3049.902510106564 3050.140568845595 -0.238058739032 
  0.96446195   1.86730460 111.02650261  3053.749017968774 3053.825276475261 -0.076258506487 
  0.90653562   1.68888476  85.23399102  3054.108428537846 3054.161123810028 -0.052695272183 
  0.95012498   1.90705700  94.71472182  3056.654789924622 3056.707362407172 -0.052572482550 
  0.95875969   1.55645581  96.21179607  3056.842758983374 3056.749249797973 0.093509185401 
  0.85934084   1.72236414  99.78071196  3058.942252248526 3058.943786298005 -0.001534049479 
  1.03122745   1.72322800 121.36385866  3059.306623369455 3059.838143537691 -0.531520168236 
  0.96446195   1.69059352  82.06978035  3061.069841563702 3061.117363892251 -0.047522328549 
  1.10588396   1.66012286 102.75534720  3065.856331184506 3065.859316148621 -0.002984964114 
  0.95017619   1.68888476 126.00249925  3066.380317434669 3066.351502072711 0.028815361957 
  1.10611178   1.71951482 104.31354764  3067.446681037545 3067.452405176733 -0.005724139188 
  0.88127084   1.68888476  89.29797040  3069.598362743855 3069.279651034700 0.318711709154 
  0.96446195   1.77226157 121.78786325  3071.888236865401 3072.011997132923 -0.123760267521 
  1.09607060   1.68888476 111.34736839  3072.055272683501 3072.057725844884 -0.002453161383 
  0.96446195   1.91181299  97.60510533  3080.618074879050 3080.689888043754 -0.071813164704 
  0.99912757   1.65472462  84.44802107  3084.348664805293 3084.342066987477 0.006597817816 
  0.89672567   1.83498700 107.19047698  3084.899929553270 3084.882034288025 0.017895265245 
  0.96446195   1.90326633 103.00000000  3084.944530382752 3084.945440957500 -0.000910574747 
  1.00095782   1.61234273 124.66189469  3086.407263785601 3086.847519028966 -0.440255243365 
  0.94511761   1.89866075 103.00000000  3086.425396129489 3086.425656083046 -0.000259953557 
  1.04835337   1.56617826 103.00000000  3088.582091942430 3088.573748339958 0.008343602472 
  1.09724789   1.70707638 110.43418864  3090.143139734864 3090.150285891350 -0.007146156486 
  1.08201512   1.60259385 109.45750537  3094.230043888092 3094.239573703496 -0.009529815404 
  0.87026260   1.66495017 115.51162851  3102.409170657396 3102.199242539255 0.209928118141 
  0.86833686   1.77804508 103.00000000  3102.821838706732 3102.839050706598 -0.017211999866 
  0.96446195   1.68190204  82.30417121  3105.311394587159 3105.365705761868 -0.054311174709 
  0.89133669   1.84064458 103.00000000  3107.443863466382 3107.438195689145 0.005667777237 
  0.91360438   1.68888476  84.29745443  3109.096018046141 3109.215555936761 -0.119537890620 
  0.86598882   1.60812688 106.37953515  3109.414254069328 3109.336047976515 0.078206092814 
  0.89621707   1.72706795  85.46191897  3110.518101498485 3110.576448529474 -0.058347030989 
  0.96446195   1.84016058  82.47211250  3115.445091798902 3115.402929678728 0.042162120174 
  0.95975026   1.70543920 125.78980714  3116.920463949442 3116.916995924914 0.003468024528 
  1.05411246   1.69127412 120.17905031  3118.181710928679 3118.637752589842 -0.456041661164 
  0.96446195   1.71949542  80.93395770  3122.327583298087 3122.355155185846 -0.027571887759 
  0.96446195   1.74517606  80.48690029  3125.932684183121 3125.956729495077 -0.024045311956 
  1.11055276   1.68888476 103.00000000  3128.437344759703 3128.442445400899 -0.005100641197 
  1.08040611   1.72925138  89.31155014  3134.667470484972 3134.768524658473 -0.101054173501 
  0.96446195   1.53386676 114.12744839  3136.506789952517 3136.399541089947 0.107248862569 
  0.96446195   1.84332838 115.06442815  3137.822278991342 3137.969496710314 -0.147217718973 
  1.01019936   1.54578355 101.97690423  3138.581911444664 3138.565277607223 0.016633837441 
  1.05641791   1.84601870 103.00000000  3140.253301650286 3140.251537043482 0.001764606804 
  1.08201793   1.69466226 115.43451277  3141.393935024738 3141.535578669502 -0.141643644763 
  1.02034483   1.58485447  92.91229575  3144.553026378155 3144.558680020327 -0.005653642173 
  1.04562055   1.86004964 103.00000000  3148.425401732326 3148.424022302285 0.001379430040 
  1.01941225   1.58398223 121.25760977  3151.090880572796 3151.352689904216 -0.261809331420 
  0.99692893   1.53926294 114.00180099  3151.350638672709 3151.325904302339 0.024734370370 
  1.03667496   1.84048985 109.91673532  3153.807901054621 3153.835416878263 -0.027515823642 
  0.96412112   1.54136775  99.91471877  3155.203095391393 3155.141692846985 0.061402544407 
  0.96446195   1.61633018  86.74757175  3155.528153553605 3155.625050068080 -0.096896514475 
  0.96446195   1.57445458  92.12369748  3156.362797603011 3156.339626209987 0.023171393024 
  0.93880343   1.89803335  90.83762268  3157.073563143611 3157.030141582464 0.043421561147 
  1.06672161   1.67078983  88.75145088  3161.241350695491 3161.310413128019 -0.069062432528 
  0.96446195   1.68888476 126.53266332  3163.137111350894 3163.166296323673 -0.029184972779 
  0.97045118   1.54617456  98.34452413  3163.326618283987 3163.243700045919 0.082918238068 
  1.11095595   1.68888476 100.58724189  3169.426016569138 3169.417796906084 0.008219663053 
  1.05749363   1.61609744 118.92051925  3171.041821107268 3171.211965029790 -0.170143922521 
  0.97642557   1.72361466  80.68041035  3171.269191548228 3171.277464659055 -0.008273110827 
  1.10433493   1.68888476 109.30462852  3173.311539545655 3173.303451653717 0.008087891938 
  0.90632165   1.54863023 112.62574818  3177.880734369159 3177.617929711061 0.262804658098 
  0.87910898   1.68613527 118.39153601  3178.368191033602 3178.357335222961 0.010855810641 
  0.98337607   1.75894357 122.93745507  3179.327253699303 3179.496732379715 -0.169478680412 
  1.00127265   1.89871780 103.00000000  3180.550457626581 3180.551278692627 -0.000821066045 
  0.99923865   1.89980568 103.00000000  3182.094756230712 3182.095678094348 -0.000921863636 
  1.09919968   1.65812190  96.44679351  3187.483316138387 3187.477080975678 0.006235162708 
  0.99308416   1.68888476  82.04180776  3189.621437355876 3189.612375407170 0.009061948706 
  1.04077786   1.87403708  95.01651214  3190.071001097560 3190.115462663419 -0.044461565859 
  0.97238970   1.84524525  82.36127640  3191.146978557110 3191.089423604566 0.057554952544 
  0.96446195   1.61829040  86.43101773  3191.791443660855 3191.892797317447 -0.101353656592 
  0.89613560   1.55807858 103.25175488  3194.883273065090 3194.882968075160 0.000304989930 
  0.86869866   1.78764146  98.39221396  3196.526036515832 3196.496709259482 0.029327256349 
  0.97836319   1.68888476  81.73234928  3196.653944388032 3196.663129768335 -0.009185380303 
  0.90274906   1.72460463 121.43335801  3198.041293814778 3197.996650873144 0.044642941635 
  0.92710484   1.55143903 118.54160245  3200.605617433786 3200.607284631011 -0.001667197225 
  0.96446195   1.88330147  85.71283933  3201.615758225322 3201.453537136226 0.162221089096 
  0.99634301   1.90892544  99.68193169  3202.440801560879 3202.485838006450 -0.045036445571 
  0.85455870   1.68888476 102.35065939  3204.967397511005 3205.056382031938 -0.088984520932 
  1.03356114   1.68888476 123.08881782  3205.483301848173 3206.047632295601 -0.564330447428 
  0.85446195   1.68888476 103.00000000  3205.970734387636 3206.060411881771 -0.089677494134 
  0.98913845   1.71007940  81.11651620  3206.355847388506 3206.355136079115 0.000711309391 
  1.10623984   1.74425893 103.00000000  3208.370242014527 3208.373487502474 -0.003245487947 
  0.90109352   1.86271801 103.00000000  3211.775262802839 3211.770260896733 0.005001906106 
  0.93541979   1.86765289 110.51743065  3213.667641371489 3213.726926038757 -0.059284667268 
  1.00370296   1.53692745 105.04350477  3213.815332219005 3213.836739030809 -0.021406811804 
  0.85859636   1.73950169 103.00000000  3215.017668262124 3215.068097912383 -0.050429650259 
  1.04944394   1.56331514 103.00000000  3216.659918382764 3216.651338944923 0.008579437841 
  0.95842506   1.90798163 103.10704186  3218.994436949492 3218.994434840085 0.000002109407 
  0.92631226   1.82531662 115.68562980  3220.311482727528 3220.435509329989 -0.124026602461 
  0.87193548   1.70067140 115.89718127  3220.592782482505 3220.521416598678 0.071365883827 
  0.85428147   1.69313713 103.00000000  3223.804825156927 3223.893347955302 -0.088522798375 
  1.00134864   1.64567908  84.68884808  3224.632122948766 3224.608942693310 0.023180255456 
  0.89004718   1.58187438  97.42656945  3229.471407860518 3229.467756503012 0.003651357506 
  0.96446195   1.72990193  80.34972946  3231.011280506849 3231.030173131917 -0.018892625068 
  1.08389670   1.80402478 103.75187565  3233.540138602257 3233.537291364173 0.002847238084 
  0.93775425   1.68888476  82.24110180  3235.368545562029 3235.508380228614 -0.139834666586 
  0.96446195   1.53266332 103.00000000  3235.439197629690 3235.444401332501 -0.005203702811 
  1.06310738   1.57823411 112.50437842  3236.068224772811 3236.117679113099 -0.049454340288 
  1.00678301   1.78182483 120.36456582  3236.422363564372 3236.627653807918 -0.205290243546 
  0.86379107   1.72467885 110.87896809  3237.137681663036 3237.033351198543 0.104330464493 
  1.06703050   1.57763650 103.00000000  3237.960288181901 3237.955712676924 0.004575504977 
  0.96446195   1.74355162 124.44902117  3241.110357359052 3241.058082160756 0.052275198296 
  0.90841039   1.59685646 122.76391166  3241.489956095815 3241.812699259387 -0.322743163572 
  1.00442671   1.78885727  80.96649171  3242.249903678894 3242.278189370488 -0.028285691594 
  1.09679297   1.68888476 112.67002600  3242.636295363307 3242.656222689529 -0.019927326222 
  0.96446195   1.61414711 126.74384370  3243.844136923552 3244.170274399931 -0.326137476379 
  0.94803122   1.91047667 101.37434409  3245.152764335275 3245.174536786919 -0.021772451644 
  0.99548740   1.90344786 103.32454117  3247.527390763164 3247.525551188136 0.001839575028 
  0.96446195   1.89017303 108.33223017  3248.083632990718 3248.105071383585 -0.021438392867 
  0.96446195   1.91930210  97.37656106  3248.441100105643 3248.510979512525 -0.069879406882 
  0.95129781   1.91687694  97.20298561  3249.978905975819 3250.048671655702 -0.069765679884 
  0.96446195   1.87550132  84.44021172  3254.998056054115 3254.862439015323 0.135617038792 
  0.96446195   1.68888476  81.50753769  3257.873549014330 3257.914279170122 -0.040730155792 
  1.11306472   1.69963401 104.87839236  3261.473514929414 3261.481244020677 -0.007729091264 
  0.96446195   1.79741259  80.22969215  3261.768221735954 3261.805104063785 -0.036882327830 
  0.85369340   1.69281720 103.20674435  3262.410818010569 3262.499892123427 -0.089074112859 
  0.96446195   1.63810273 127.41119356  3264.592166319489 3264.743265716485 -0.151099396995 
  0.92303061   1.89182892 103.00000000  3267.118979990482 3267.117597789148 0.001382201335 
  1.07275905   1.68888476 118.17206744  3270.296813607216 3270.579097167271 -0.282283560055 
  1.11446195   1.68888476 103.00000000  3270.982875078917 3270.987922722815 -0.005047643899 
  0.96204569   1.61683122 126.96685948  3271.157252490520 3271.441955691269 -0.284703200749 
  1.05608983   1.85691250  94.20007652  3271.256430000067 3271.285907892666 -0.029477892600 
  0.96535550   1.67792788 127.23201230  3273.345583170652 3273.309900210383 0.035682960269 
  1.08442268   1.68888476  90.07667593  3274.962096363306 3275.052423982579 -0.090327619273 
  0.96446195   1.57887797  90.91720304  3276.424201294780 3276.437964919705 -0.013763624926 
  1.09635982   1.68888476  92.67495054  3276.657176241279 3276.695975820097 -0.038799578819 
  0.90961170   1.73093073  82.98943894  3280.737925440073 3280.977819035342 -0.239893595269 
  0.96446195   1.57938412  90.81817221  3281.885648488998 3281.902596050391 -0.016947561393 
  1.08684953   1.80218919 103.41291617  3282.578850582242 3282.576440913733 0.002409668509 
  1.11038088   1.68888476  97.62412643  3282.860895007849 3282.839753203830 0.021141804018 
  1.10368456   1.72467745  94.32207671  3284.606861159205 3284.612580664275 -0.005719505069 
  0.96446195   1.90526423  88.55669889  3287.581145659089 3287.444278757256 0.136866901833 
  0.96446195   1.59989175  88.02855704  3296.337740898132 3296.426149819077 -0.088408920944 
  1.00720252   1.69820986 125.36886327  3299.105745151639 3299.528265712446 -0.422520560807 
  0.89456167   1.68888476  85.84665104  3300.445816680789 3300.453197358956 -0.007380678167 
  0.96446195   1.68904528 127.07581840  3300.941709280014 3300.840650090677 0.101059189337 
  0.96446195   1.75948066  79.78242676  3301.983195438981 3302.004106588749 -0.020911149767 
  1.07110142   1.63695590 118.43718120  3306.145311117172 3306.292773079115 -0.147461961943 
  1.02740796   1.73119307  82.02877855  3310.583505243063 3310.658975387317 -0.075470144254 
  0.99896217   1.59578419 124.87386826  3311.943359538913 3312.319900315838 -0.376540776926 
  1.03092308   1.68888476  83.51303603  3312.040439307690 3312.051464324393 -0.011025016704 
  0.96446195   1.78176457 122.12192271  3312.781788438559 3312.747388381764 0.034400056795 
  1.01494970   1.70444788 124.69074770  3313.251352876425 3313.719528141614 -0.468175265190 
  1.10127742   1.76194886  95.39389758  3314.761795982718 3314.764932089413 -0.003136106695 
  1.05252918   1.67397655  86.13568580  3315.449120283127 3315.489097717223 -0.039977434096 
  0.91980853   1.53977361 103.00000000  3316.691994622350 3316.687712698102 0.004281924248 
  0.96647664   1.53100496 103.00000000  3317.871402114630 3317.876285115822 -0.004883001192 
  0.86965395   1.68888476 116.25474168  3318.716913267970 3318.616944789548 0.099968478422 
  0.85931404   1.66487516  96.55283444  3319.614920943975 3319.417369378032 0.197551565944 
  0.96446195   1.64362173  83.87836578  3320.742550686002 3320.836208190140 -0.093657504138 
  1.00707471   1.90973877  94.32689868  3321.844876080751 3321.890998101588 -0.046122020836 
  0.88938920   1.70429185  86.07547100  3325.308613151312 3325.291042589377 0.017570561935 
  1.10338395   1.75171081  95.15448142  3326.935919895768 3326.938039507379 -0.002119611610 
  0.88827056   1.83942852 105.00469860  3328.085530668497 3328.068487690177 0.017042978320 
  0.87739189   1.68888476 118.72840925  3334.508412852883 3334.499174238299 0.009238614584 
  0.96446195   1.90854602  88.73968755  3335.808231428266 3335.676474997528 0.131756430738 
  0.85904522   1.73845654 106.97161027  3338.736748427153 3338.717298238160 0.019450188992 
  0.96446195   1.68888476 127.23618090  3340.611673027277 3340.471300023413 0.140373003864 
  1.04325858   1.55562823 103.00000000  3342.755976229906 3342.746503973765 0.009472256141 
  0.86021947   1.76035853 103.00000000  3343.602882966399 3343.638604488318 -0.035721521919 
  0.92740143   1.88875212 106.09683159  3344.348589971662 3344.338061548159 0.010528423503 
  1.07011091   1.62883250 118.49574431  3345.057220891118 3345.188360019634 -0.131139128516 
  1.11573811   1.70980930 103.00000000  3345.280813530087 3345.285316016416 -0.004502486328 
  1.03268964   1.69361612  83.32078321  3346.051733314991 3346.073051373413 -0.021318058422 
  1.06971681   1.72848734  86.30701625  3346.214583069086 3346.374820745408 -0.160237676322 
  0.96446195   1.53252887 101.81958684  3353.863323047757 3353.840680520178 0.022642527580 
  1.10318967   1.62440555 103.00000000  3360.740345895290 3360.743672112361 -0.003326217070 
  0.96446195   1.78082906  79.61505452  3363.650224208832 3363.681956814588 -0.031732605756 
  0.97135025   1.57508404  91.17372644  3366.114414751530 3366.120752920449 -0.006338168919 
  0.96446195   1.79127350 121.60909499  3371.198329403996 3371.146553720076 0.051775683921 
  1.04541467   1.84505911 109.28675926  3374.197679415345 3374.215240771186 -0.017561355841 
  0.91497233   1.86941355 108.15417741  3374.384276747704 3374.388609972922 -0.004333225218 
  1.09702068   1.79171406  99.26437778  3374.487106755376 3374.490736093212 -0.003629337836 
  0.86873441   1.78879450 105.64826069  3374.900047838688 3374.892845474535 0.007202364153 
  0.86316605   1.64138033 114.14997574  3375.159783333540 3374.847517594517 0.312265739023 
  0.96446195   1.92505993  96.67766056  3375.162177592516 3375.230997622376 -0.068820029860 
  0.85594739   1.73780630 103.36542879  3376.859790191054 3376.915262932499 -0.055472741445 
  0.96446195   1.91582915 103.00000000  3381.056323200464 3381.057922956424 -0.001599755960 
  0.95014138   1.87754367  84.27604180  3385.186715140939 3385.105091972453 0.081623168485 
  0.96446195   1.55310318 121.76841684  3386.134948939085 3386.368514867459 -0.233565928374 
  0.92172728   1.81073966 117.79171479  3395.919931888580 3395.961719446912 -0.041787558332 
  1.00205758   1.70248221  81.12162225  3397.042801663280 3397.018865640883 0.023936022396 
  0.96446195   1.77081793 123.32811751  3400.777113005519 3400.635746737806 0.141366267713 
  1.11079423   1.71036028  95.75217494  3400.964810758829 3400.952342858186 0.012467900643 
  1.08430838   1.59177637 109.72836979  3402.311472907662 3402.330894520660 -0.019421612998 
  1.01217177   1.90202547 103.00000000  3403.306735932827 3403.308163311513 -0.001427378686 
  1.11809045   1.68888476 103.00000000  3405.017072424293 3405.021828427254 -0.004756002961 
  0.96446195   1.74497714  79.53035644  3408.894920960069 3408.902560578372 -0.007639618303 
  0.94249909   1.59019555 125.88357759  3410.948690637946 3411.366894025925 -0.418203387979 
  0.93554521   1.86759668  84.21085999  3412.662839353085 3412.681250680253 -0.018411327169 
  1.08115550   1.82256000 102.84119637  3413.658712744713 3413.656531354681 0.002181390032 
  0.99773382   1.88932112 108.54502535  3415.895675912499 3415.911331345575 -0.015655433076 
  1.09098529   1.60867568  99.56531749  3418.611352130771 3418.617000456566 -0.005648325795 
  0.86315775   1.66249484 114.92466550  3419.169727429748 3418.932276767365 0.237450662382 
  0.92027462   1.89441733  90.81306439  3419.489496469498 3419.486024696447 0.003471773050 
  0.96446195   1.79536341  79.57980884  3420.594113424420 3420.635550441656 -0.041437017235 
  1.00614146   1.73400790  80.37139053  3425.613944306970 3425.634578778623 -0.020634471653 
  1.01536137   1.68888476  82.14339056  3426.560993596911 3426.524233371490 0.036760225421 
  1.01982148   1.68888476  82.38509535  3426.942494288087 3426.912272169275 0.030222118812 
  0.92639138   1.65424763  84.01340000  3432.498915418983 3432.698506103514 -0.199590684531 
  0.92199075   1.66324247  83.75208264  3434.346987530589 3434.547905655004 -0.200918124415 
  1.10848280   1.75940265 103.00000000  3434.355680912733 3434.356370729807 -0.000689817074 
  1.11608482   1.72649779 103.00000000  3434.511394679546 3434.514664484290 -0.003269804744 
  1.11752948   1.68888476  99.71053302  3438.041873946786 3438.024970850020 0.016903096766 
  1.00296952   1.70809469  80.81594469  3443.310830071568 3443.288755595131 0.022074476438 
  0.96572131   1.85797980  81.86244197  3446.333278223872 3446.306308786979 0.026969436894 
  1.06670487   1.57068197 103.00000000  3446.685699209571 3446.680291459858 0.005407749713 
  1.05607222   1.70195724 121.22204494  3447.322992771864 3447.791971574115 -0.468978802251 
  1.03083662   1.77386609  81.62630711  3447.651231348515 3447.719272218858 -0.068040870343 
  0.96446195   1.53842133 118.92282627  3449.324573338032 3449.329287379869 -0.004714041837 
  0.91403477   1.68888476  83.07752595  3450.244002848864 3450.463787850098 -0.219785001235 
  1.07896460   1.82824679 103.00000000  3453.965925931931 3453.963368191171 0.002557740760 
  1.10674335   1.68888476  94.17421697  3454.656932815909 3454.670174911137 -0.013242095227 
  1.10299654   1.75899935 107.13691379  3454.839961275458 3454.848549262496 -0.008587987038 
  0.99009365   1.73614221  79.70854391  3455.069936677814 3455.064059931638 0.005876746176 
  1.04590466   1.71026094  83.42930092  3455.432582080364 3455.521153972972 -0.088571892607 
  0.96446195   1.88474423 111.03672672  3458.561716020107 3458.633846268295 -0.072130248187 
  0.96446195   1.90175558 107.76807920  3460.213863998652 3460.231489834428 -0.017625835776 
  1.05792426   1.86715074  99.28689146  3465.303675696254 3465.326931685412 -0.023255989158 
  1.11887191   1.68888476 104.93100989  3465.391583800316 3465.400987730891 -0.009403930575 
  1.09725080   1.78206979 105.85658382  3465.799200266600 3465.802671881311 -0.003471614712 
  1.02823422   1.80290475 117.78120708  3466.563467785716 3466.641162632164 -0.077694846448 
  1.10642725   1.68888476  93.96683367  3466.704269751906 3466.721917116022 -0.017647364116 
  0.92233957   1.89617203  89.92571181  3473.936770379543 3473.920516485710 0.016253893833 
  0.85382286   1.68888476  97.51211800  3474.888265579939 3474.740575781526 0.147689798413 
  0.98786687   1.74052307 125.18020270  3481.079386293888 3481.089268599248 -0.009882305360 
  0.96446195   1.75458264 124.76749725  3483.115435823798 3482.851472250359 0.263963573439 
  0.96446195   1.68888476  80.80402010  3484.407124355435 3484.430505037657 -0.023380682222 
  0.96446195   1.84546671  80.94312226  3486.575207382441 3486.597852119476 -0.022644737036 
  0.96446195   1.81896323  79.86234232  3487.598028346896 3487.650869936137 -0.052841589240 
  0.96446195   1.66822281  81.78918733  3490.625878021121 3490.677524312147 -0.051646291026 
  0.86620430   1.79541942  96.89442749  3492.286500588059 3492.224018497433 0.062482090626 
  1.02376223   1.68888476 125.24376942  3496.157469108701 3496.620106781566 -0.462637672865 
  0.92532420   1.88938632 107.12172455  3497.571882590652 3497.571492431561 0.000390159090 
  1.09741815   1.68888476 114.51303895  3499.135431528091 3499.192721299505 -0.057289771413 
  0.98013757   1.74549992  79.24313203  3502.596146658063 3502.584865570836 0.011281087227 
  0.95311224   1.85531480 115.41127328  3502.865400984883 3502.959989272525 -0.094588287641 
  1.02198234   1.66055495  83.74219748  3505.372199699283 3505.282895091290 0.089304607992 
  1.09418443   1.80406713  96.06364935  3505.754275813699 3505.768002162716 -0.013726349017 
  1.08686100   1.81683073 103.16187917  3510.866009086370 3510.862982890798 0.003026195573 
  1.11298098   1.70186857 109.18904172  3511.525609374046 3511.524041578719 0.001567795327 
  0.96764729   1.81080403 120.53020165  3512.571706697345 3512.492766751521 0.078939945824 
  0.96446195   1.81901346 119.74512210  3512.887556776404 3512.839723757865 0.047833018539 
  0.86290229   1.74383293 110.93011570  3513.092254430056 3513.033755805209 0.058498624846 
  0.96305028   1.63401327 128.37403337  3515.412291616201 3515.373761216690 0.038530399512 
  0.96446195   1.92860130  92.72863553  3515.485459834337 3515.490964663372 -0.005504829035 
  1.02471188   1.74623859 122.78204318  3518.531022667885 3518.825297393722 -0.294274725837 
  0.91236831   1.62423183  87.07769521  3520.559139057994 3520.692909067232 -0.133770009238 
  0.94537973   1.52806813 103.00000000  3521.684816122055 3521.687380776809 -0.002564654754 
  0.96446195   1.68888476 127.93969849  3521.956836372614 3521.628192900431 0.328643472183 
  1.02326611   1.77003752  80.72689652  3523.236983969808 3523.298931055468 -0.061947085660 
  1.05950204   1.62794190 121.23229519  3523.865633293986 3524.092202722547 -0.226569428560 
  0.96446195   1.68387036  80.90297008  3524.323631867766 3524.349436082923 -0.025804215157 
  0.97837102   1.83506370 118.02520959  3526.166259497404 3526.168877018583 -0.002617521179 
  0.96098855   1.83388861 118.24710623  3526.176958888769 3526.186120440253 -0.009161551484 
  0.96446195   1.76506566 124.26591041  3528.767241761088 3528.486530435539 0.280711325549 
  1.06262246   1.66677215 121.44559739  3530.173550054431 3530.547569549392 -0.374019494961 
  0.85174803   1.72305444 103.00000000  3531.359033539891 3531.435755108130 -0.076721568239 
  0.86643287   1.78237058  93.34949495  3532.498514682055 3532.329067701956 0.169446980098 
  1.08854042   1.82017696  96.66078901  3536.760974794626 3536.776962338522 -0.015987543896 
  0.96446195   1.68888476 128.00000000  3537.677890226245 3537.332316350215 0.345573876030 
  0.96446195   1.52638191 103.00000000  3545.279404804111 3545.284153878413 -0.004749074302 
  1.11328100   1.75389913 103.00000000  3550.578595697880 3550.579048625596 -0.000452927716 
  0.86992808   1.81103122 103.00000000  3552.650899559259 3552.655257902036 -0.004358342776 
  0.96446195   1.73636046  79.18717204  3553.597260355949 3553.587234559749 0.010025796200 
  0.96446195   1.75970423  78.92331207  3554.408855184913 3554.410991509036 -0.002136324123 
  0.96446195   1.82878018  79.90477287  3556.107869565487 3556.164856798198 -0.056987232711 
  0.96446195   1.76842914  78.88455280  3558.437070026994 3558.446751192918 -0.009681165925 
  0.85734516   1.66852189 113.12810578  3559.062521383166 3558.813668103229 0.248853279938 
  0.98473024   1.77562583  78.98057210  3560.259451970458 3560.275965132168 -0.016513161710 
  0.90104912   1.87850592 103.00000000  3562.388170719147 3562.385320456707 0.002850262440 
  0.92136221   1.52861920 111.06268980  3562.749691516161 3562.636759734494 0.112931781667 
  1.02408287   1.53988003 103.00000000  3565.662575334311 3565.652173435887 0.010401898424 
  0.86551721   1.79744992 103.00000000  3567.495804622769 3567.507632223369 -0.011827600600 
  1.02507488   1.54028714 103.00000000  3567.547584816813 3567.537069227290 0.010515589523 
  0.96446195   1.83293029  80.00919185  3568.304953157902 3568.360917950825 -0.055964792924 
  0.96446195   1.80018490 121.73269302  3568.637380436063 3568.459187105174 0.178193330889 
  0.85745733   1.71612596 111.10904517  3569.852850690484 3569.737114385137 0.115736305347 
  0.96446195   1.58188034  89.35216769  3570.275516912341 3570.344406506967 -0.068889594625 
  1.11756131   1.74048992 102.34115315  3573.917351529002 3573.916405435079 0.000946093923 
  1.05468918   1.68888476  84.56391326  3575.887979120016 3575.941254863720 -0.053275743704 
  0.96446195   1.89682204 109.75960419  3576.635240256786 3576.687157234764 -0.051916977978 
  0.89027806   1.71715079  84.62627234  3578.200060606003 3578.387287782848 -0.187227176845 
  1.12118055   1.68888476 105.74280499  3578.504054471850 3578.513230501439 -0.009176029589 
  1.09018555   1.81349089 103.49513896  3578.777231261134 3578.774361266089 0.002869995045 
  1.07459714   1.84216124 103.00000000  3579.318193003535 3579.316118710227 0.002074293308 
  1.11196392   1.73861403 107.41108116  3580.093694120646 3580.102126638130 -0.008432517484 
  1.02401835   1.58101670 122.79417581  3584.434449404478 3584.671684857445 -0.237235452967 
  0.96446195   1.68888476  80.50000000  3584.846656575799 3584.860050691731 -0.013394115932 
  1.03356372   1.90153617  95.18692071  3587.302440360188 3587.345856202604 -0.043415842416 
  0.96446195   1.70734730 127.61326337  3595.910356044769 3595.474847807111 0.435508237658 
  1.12311785   1.69916042 103.00000000  3596.571612268686 3596.575609073806 -0.003996805120 
  0.96386261   1.66135595 128.76024546  3601.776030972600 3601.458862597148 0.317168375452 
  1.10973885   1.68888476 111.85080001  3606.396187126637 3606.391833598187 0.004353528450 
  0.96446195   1.71161709 127.48668089  3606.808739766479 3606.359781282483 0.448958483995 
  0.87573530   1.80346908  90.12244461  3609.080790117383 3609.083331417414 -0.002541300031 
  0.96722674   1.52519604 103.00000000  3609.479525506496 3609.483547149278 -0.004021642781 
  1.08162213   1.76027700 114.55265113  3613.743422105908 3613.880733768402 -0.137311662493 
  0.94838730   1.61759838  85.33618767  3618.286800965667 3618.474670043239 -0.187869077572 
  1.09751369   1.80581263 101.41860381  3620.068341776729 3620.065143914895 0.003197861834 
  1.01815887   1.55919847 120.67761392  3622.850460842252 3623.018355486902 -0.167894644650 
  1.06054288   1.72092752 120.69870432  3624.571284651756 3624.976888622029 -0.405603970272 
  1.07810344   1.57603484 103.00000000  3625.217432901263 3625.215282681900 0.002150219364 
  0.93818206   1.68888476 127.83948097  3627.354508131742 3626.568518411703 0.785989720039 
  1.00912052   1.56988827 123.23473610  3631.661330446601 3631.915598110802 -0.254267664201 
  0.94019319   1.92515345  92.02514679  3640.582510396838 3640.575575389604 0.006935007234 
  0.98710567   1.53835967 119.35584444  3643.199534088373 3643.239729771220 -0.040195682847 
  1.08578129   1.82385781 104.02294087  3644.280775874853 3644.278498950636 0.002276924217 
  0.96446195   1.91698100 105.97098020  3645.232930809259 3645.235103485466 -0.002172676207 
  0.96446195   1.93681021  96.50271794  3646.280490696430 3646.344200531438 -0.063709835008 
  0.96446195   1.55131726  94.32493951  3647.728565916419 3647.643960418501 0.084605497918 
  0.90039097   1.54279958 103.36584864  3655.237269654870 3655.237353448163 -0.000083793293 
  0.96446195   1.84520140  80.13156785  3660.676364257932 3660.733112606769 -0.056748348837 
  1.10962220   1.68888476  93.26865167  3662.680891513824 3662.718901683635 -0.038010169811 
  1.11616959   1.68888476  95.45653855  3664.163819283247 3664.157403321624 0.006415961623 
  1.12412423   1.68888476 100.30862615  3664.988479197025 3664.972144736618 0.016334460407 
  1.12450646   1.70263636 100.58450371  3666.669313177466 3666.655523693997 0.013789483469 
  1.10765258   1.69128370  92.56927051  3668.508468270302 3668.565086768981 -0.056618498679 
  1.06556981   1.68888476 121.38153535  3668.536446020007 3668.949102988197 -0.412656968190 
  1.11604825   1.63555700 103.00000000  3668.704654231668 3668.708727428044 -0.004073196377 
  1.04100456   1.87772021 106.40014186  3670.213336497545 3670.214356354577 -0.001019857032 
  0.99163793   1.92382115 103.00000000  3670.605162590742 3670.606780490752 -0.001617900009 
  0.95626472   1.56776997  91.18274804  3671.759553089738 3671.775906998989 -0.016353909251 
  0.96446195   1.87136648 114.49063327  3672.249712586403 3672.320211505064 -0.070498918662 
  1.12358526   1.66610795 103.00000000  3678.670332223177 3678.674658101650 -0.004325878473 
  0.96844723   1.91856789 105.98719046  3682.225829198956 3682.229038284231 -0.003209085275 
  0.96230201   1.87770370 113.62638353  3682.243035793304 3682.323633158169 -0.080597364865 
  0.84797738   1.70117844 103.00000000  3682.539649188519 3682.644053019991 -0.104403831472 
  0.91101461   1.90402172  94.31013260  3685.915068328381 3685.969346148368 -0.054277819987 
  0.96446195   1.64576034 129.14071259  3688.113583296537 3687.820543582086 0.293039714451 
  1.12562814   1.68888476 103.00000000  3688.520321771502 3688.523880886673 -0.003559115170 
  0.97896014   1.54127146 120.87589430  3690.479078054428 3690.595449871199 -0.116371816770 
  1.04336462   1.81252784 116.21150207  3691.506989702582 3691.507026723694 -0.000037021112 
  0.92940849   1.81972007  80.49909392  3695.308465749025 3695.580232023098 -0.271766274073 
  0.86539253   1.80459724 103.00000000  3696.536241978407 3696.545651490260 -0.009409511853 
  1.06555695   1.62375960  90.02083775  3698.073924720287 3698.071585223063 0.002339497225 
  0.91120434   1.87623778 108.75590400  3698.665580943227 3698.680562582565 -0.014981639338 
  1.01796053   1.55662217  95.44297688  3699.656112343073 3699.643223235772 0.012889107301 
  0.96446195   1.92128539 105.43523801  3700.884228512645 3700.884112446780 0.000116065864 
  0.92086934   1.80132438 120.14948398  3701.566506236792 3701.344606789294 0.221899447497 
  0.85678106   1.76331866  96.37061941  3702.257579192519 3702.108923603164 0.148655589355 
  0.96446195   1.66574042 129.09400209  3702.474723666906 3702.033499099238 0.441224567669 
  0.86233506   1.71176498  90.83532571  3706.673511371017 3706.229548111299 0.443963259718 
  0.96446195   1.68888476 128.64321608  3707.082173123956 3706.548932771984 0.533240351972 
  1.10143434   1.79956256 103.00000000  3711.390606164932 3711.386791162657 0.003815002275 
  1.03631518   1.57681994  93.13329105  3712.535988733172 3712.558853585770 -0.022864852597 
  0.99616055   1.67493478 128.18932203  3714.899024531245 3714.936974685725 -0.037950154479 
  0.99124897   1.81986026 120.07940365  3714.925668984652 3714.763705100695 0.161963883957 
  1.11895928   1.68888476 109.45227487  3717.102747589350 3717.094955018970 0.007792570379 
  0.96446195   1.83630752  79.50048753  3718.918973535299 3718.992166034026 -0.073192498727 
  0.96446195   1.68888476  80.10050251  3719.176726758480 3719.174401541281 0.002325217199 
  0.87684058   1.83875920 103.00000000  3719.620313957334 3719.617545624737 0.002768332597 
  1.12654958   1.69143785 103.00000000  3722.538227692246 3722.541510020762 -0.003282328515 
  1.04323152   1.79478265 118.17507831  3722.600890561938 3722.626595195441 -0.025704633503 
  0.99115805   1.54826403 121.82178541  3722.797322124243 3722.975795033387 -0.178472909145 
  0.96446195   1.52604205 101.42446825  3723.989510759711 3723.950087568512 0.039423191200 
  1.04358650   1.59916211 122.82465425  3725.259787365794 3725.450538098827 -0.190750733033 
  0.96446195   1.82128550 120.52165581  3725.656770437956 3725.460352236531 0.196418201424 
  1.11661381   1.63276254 103.00000000  3726.018340423703 3726.022834981286 -0.004494557582 
  1.07061220   1.78625302 114.90974810  3727.667221978307 3727.760832306995 -0.093610328689 
  0.96089279   1.59343043  87.32128861  3729.421924531460 3729.556152947840 -0.134228416380 
  1.00580859   1.52447274 108.21975587  3729.940603464842 3729.985722685441 -0.045119220599 
  1.04965429   1.55306806 101.40737496  3731.233801558614 3731.224013137262 0.009788421351 
  1.11054181   1.77841878 103.00000000  3733.108338370919 3733.104892712490 0.003445658429 
  0.84774977   1.65919206 103.00000000  3734.165949538350 3734.299983222330 -0.134033683980 
  0.96478624   1.93886357  93.00533362  3734.665418073535 3734.678438984021 -0.013020910486 
  1.07372450   1.85835259  96.14146692  3736.481390252709 3736.504580032546 -0.023189779836 
  1.12163924   1.68888476  96.99461340  3739.874944835901 3739.852000208547 0.022944627355 
  1.07854593   1.70224887 119.36727279  3740.546308949590 3740.860704355248 -0.314395405658 
  0.89475255   1.54305376 112.67346947  3741.451209470630 3741.227395583865 0.223813886765 
  0.84673367   1.68888476 103.00000000  3745.943593472242 3746.061819287557 -0.118225815314 
  0.92257576   1.85591869  82.72032449  3747.173722863197 3747.430003110922 -0.256280247725 
  1.02863374   1.88838856 107.42322174  3747.499722138047 3747.502316680154 -0.002594542107 
  0.84955120   1.70272183 108.08985663  3747.943089649081 3747.897631458076 0.045458191005 
  1.07644675   1.68888476 120.15496969  3750.484137132764 3750.812575753421 -0.328438620657 
  1.07058268   1.80937256 112.40561803  3751.964068636298 3752.007335732620 -0.043267096322 
  0.96446195   1.87347481  81.34676414  3753.521949648857 3753.520787587925 0.001162060932 
  0.96446195   1.58372458 127.23482553  3754.608397588134 3754.941367412112 -0.332969823979 
  1.04829567   1.60245241 122.62186688  3759.575386017561 3759.751854870987 -0.176468853426 
  0.87364795   1.62921977 120.25232085  3760.697327166796 3760.720094536484 -0.022767369688 
  0.85920311   1.68888476 115.14790101  3761.203195810318 3761.059420335938 0.143775474380 
  0.96446195   1.90295033  84.06827836  3762.512864157557 3762.371255155735 0.141609001823 
  0.96446195   1.68880056 128.85731632  3763.538724169135 3762.940858223194 0.597865945942 
  0.86391990   1.68888476  90.43649549  3764.736698567867 3764.274916545167 0.461782022700 
  0.96446195   1.83161783 119.69149402  3766.629153296351 3766.464857219311 0.164296077040 
  1.11018672   1.78251754 103.00000000  3774.477284029126 3774.473162825357 0.004121203770 
  1.07665967   1.77185835 115.48429812  3774.684600204229 3774.809614375838 -0.125014171609 
  0.85249419   1.62205597 103.00000000  3775.946294039488 3776.075939629771 -0.129645590283 
  0.95967195   1.81615295 121.21537313  3780.485607162118 3780.204276838004 0.281330324114 
  0.96446195   1.77379974 124.71406111  3787.207000970840 3786.690376275729 0.516624695112 
  0.95759554   1.68888476 128.92749274  3788.077740043402 3787.325067880757 0.752672162645 
  0.96446195   1.55305747  93.30566181  3792.535699397326 3792.475333333348 0.060366063978 
  1.00540346   1.92284630 103.00000000  3795.615832313895 3795.618048772619 -0.002216458724 
  1.01878722   1.68888476 126.84573996  3795.638258010149 3795.915092967188 -0.276834957039 
  1.10946224   1.77759508  94.50588557  3797.525423616171 3797.544868381076 -0.019444764906 
  1.11350460   1.62037759 103.00000000  3797.566331923008 3797.571132618492 -0.004800695484 
  0.96446195   1.81431134 121.51362239  3800.779973253608 3800.474124641388 0.305848612220 
  1.12363611   1.66427357 107.70633586  3801.106391742826 3801.107211022566 -0.000819279741 
  0.96446195   1.87532437  81.22337779  3802.692298114300 3802.697569297284 -0.005271182984 
  1.12116499   1.71968154  95.53362679  3806.339544296265 3806.332087229646 0.007457066619 
  1.09943037   1.63533622 115.48159275  3806.637979313731 3806.612881388392 0.025097925339 
  1.11744255   1.68888476  94.45630005  3810.565348416567 3810.578731779709 -0.013383363142 
  1.05987787   1.60888408  90.54012840  3811.749535441399 3811.738830830946 0.010704610453 
  0.95091034   1.81270836  78.71321322  3812.666029244661 3812.765451299519 -0.099422054858 
  0.85428205   1.70035051 112.54253366  3812.676418751478 3812.524095633900 0.152323117578 
  1.07953658   1.68888476  86.51600769  3812.998228937387 3813.127243591096 -0.129014653708 
  1.10465414   1.79888724 103.00000000  3813.055413037539 3813.050137500141 0.005275537398 
  0.92482681   1.52729846 103.00000000  3813.518221601844 3813.517503731068 0.000717870776 
  1.00849721   1.68888476 127.60880215  3814.169524237514 3814.306490272224 -0.136966034711 
  0.96446195   1.91844103 107.31046007  3814.726840123534 3814.747273208408 -0.020433084874 
  1.01049496   1.53706612 117.85747108  3817.468183025718 3817.512747203705 -0.044564177987 
  0.89247483   1.66778441  85.19345240  3818.290496528149 3818.425023615832 -0.134527087683 
  0.90303073   1.74170191 123.25914193  3820.776931464672 3820.184597462689 0.592334001984 
  0.95334204   1.57112946 126.40148766  3821.417641580105 3821.859802944572 -0.442161364468 
  0.91284121   1.67010568  82.84070628  3823.338094905019 3823.627754128850 -0.289659223832 
  0.93656839   1.91411666  87.06064730  3829.235592350364 3829.148578450207 0.087013900157 
  0.98881633   1.51825558 107.82937671  3829.867300495505 3829.927887376132 -0.060586880627 
  1.02774095   1.68888476 126.28405735  3831.770939588547 3832.116297249205 -0.345357660658 
  0.96446195   1.86454813 116.30419465  3832.578820049763 3832.571640203178 0.007179846585 
  1.10935542   1.69509153  91.65086330  3834.243410512805 3834.334702456588 -0.091291943783 
  0.96446195   1.52283414 101.94511988  3834.368865489960 3834.342344161389 0.026521328571 
  0.96446195   1.52334922 117.06704525  3840.787315383554 3840.703298012406 0.084017371148 
  0.97048750   1.52092027 103.00000000  3841.341130435467 3841.344859615203 -0.003729179736 
  1.02284717   1.68888476 126.72085855  3841.822546079755 3842.116848240967 -0.294302161212 
  0.93125067   1.52469471 103.00000000  3844.270370408893 3844.271029817797 -0.000659408904 
  0.84541152   1.67663767 103.00000000  3846.140343010426 3846.272860659078 -0.132517648653 
  0.96446195   1.82187263  78.51623054  3848.618104979396 3848.690010708771 -0.071905729375 
  1.12376761   1.74738128 100.47810242  3848.819467484951 3848.806324372526 0.013143112425 
  1.00557399   1.66146278  81.77466015  3849.715132474899 3849.553525754327 0.161606720572 
  1.12984907   1.68888476 102.16271266  3850.767858609557 3850.764129554774 0.003729054783 
  0.96446195   1.51733068 113.81482151  3854.054793283343 3853.987326066193 0.067467217151 
  1.03966023   1.89910679 103.00000000  3855.426062211394 3855.429593777594 -0.003531566199 
  0.94449436   1.93091039 103.00000000  3863.270424559712 3863.271808752107 -0.001384192395 
  0.90189680   1.60677415  88.68662220  3865.067600727081 3865.179116292209 -0.111515565128 
  0.85754088   1.78636740  97.89093880  3865.108431130648 3865.054255740977 0.054175389670 
  0.96446195   1.94512407  93.41312658  3866.587630912662 3866.610586424659 -0.022955511998 
  0.88256074   1.78097909  85.14056179  3868.892712011933 3869.338760406825 -0.446048394892 
  0.95368370   1.54998671 123.94170559  3869.953843548894 3870.357018966854 -0.403175417960 
  0.96446195   1.91296777 108.98453896  3871.118916526437 3871.163908051433 -0.044991524996 
  1.01950228   1.83637519 117.27308488  3873.056791737676 3872.873771601938 0.183020135737 
  0.96446195   1.52010050 103.00000000  3873.292766377330 3873.297336748317 -0.004570370987 
  0.99795273   1.67153806  80.86755982  3874.214387878776 3874.071513627806 0.142874250970 
  0.96446195   1.63361534 129.76092581  3874.260118499398 3873.888577609358 0.371540890040 
  1.05117906   1.63344445 124.24202181  3875.675721079111 3875.922786214187 -0.247065135076 
  0.91072634   1.83114197 116.66613029  3877.966145217419 3877.938309319632 0.027835897787 
  0.88473017   1.55955864 100.03281995  3879.736553415656 3879.534613449091 0.201939966566 
  0.95226016   1.55763123 125.11091142  3882.895355284214 3883.362356467481 -0.467001183267 
  0.98032908   1.68888476  79.64591553  3884.566856279969 3884.475856717852 0.090999562117 
  0.97699101   1.51715588 113.39330241  3886.683658227324 3886.642293564315 0.041364663010 
  1.01419001   1.68888476 127.52899197  3887.791712358594 3887.958303290032 -0.166590931438 
  0.85488350   1.68888476  93.14305997  3889.631480455399 3889.141599853955 0.489880601443 
  1.03422582   1.68888476  81.71196837  3890.488646313548 3890.394825021236 0.093821292312 
  0.96446195   1.94599513  98.37118294  3893.388794451952 3893.437116616699 -0.048322164747 
  1.04279258   1.57721746  92.91028853  3893.936526760459 3893.962146871517 -0.025620111058 
  0.96446195   1.83942172  78.89188083  3894.019379749894 3894.110375854615 -0.090996104721 
  0.84848609   1.63389818 103.00000000  3895.854256853461 3895.999295096893 -0.145038243432 
  0.96446195   1.68888476 129.34673367  3895.896020025015 3895.144562914219 0.751457110796 
  0.96640957   1.87542555  80.72622567  3896.791240155697 3896.818105860369 -0.026865704672 
  1.11329380   1.70233816  91.99655364  3897.944191321731 3898.030570514799 -0.086379193069 
  0.93883788   1.92961770 103.00000000  3898.291251629591 3898.292866612322 -0.001614982731 
  0.99694821   1.83281311 119.40826159  3900.180205509067 3899.915558075751 0.264647433316 
  1.08206470   1.85318995  99.79390081  3901.803234264255 3901.805654500261 -0.002420236007 
  0.98737206   1.94523298  96.24248496  3902.715572759509 3902.770793968165 -0.055221208655 
  0.96316227   1.91528675 108.76085246  3903.368226677179 3903.410967503947 -0.042740826767 
  1.11335351   1.67622802 113.47229716  3906.563684746623 3906.547200130659 0.016484615964 
  0.98129384   1.68391545 129.27132906  3907.335108250380 3906.930137782478 0.404970467901 
  0.96446195   1.75097014 126.69696377  3916.036026969552 3915.290354915212 0.745672054340 
  0.94957895   1.93084725  87.98538792  3927.171411901712 3927.040947970869 0.130463930843 
  1.01828762   1.68888476  80.65574509  3928.219002082944 3928.080572409558 0.138429673386 
  1.13133896   1.67747940 103.00000000  3928.299294695258 3928.301735918641 -0.002441223383 
  1.06341432   1.85851905 107.49791625  3928.783284768462 3928.793310915654 -0.010026147192 
  1.12182608   1.73604544 107.53509724  3929.683533728123 3929.693750567063 -0.010216838940 
  0.84422668   1.68888476 103.03048642  3932.409157857299 3932.536996803468 -0.127838946170 
  1.05365418   1.83915219 112.90116564  3936.459709063172 3936.420350576970 0.039358486203 
  1.02543039   1.63974540 127.25566865  3937.115704476833 3937.298604927336 -0.182900450503 
  1.12910909   1.68888476 107.29342782  3952.871107310057 3952.876875034553 -0.005767724496 
  0.96446195   1.86599177 116.77929995  3953.807902753353 3953.748536030152 0.059366723201 
  0.86175964   1.80689102 103.00000000  3954.778015539050 3954.788122559999 -0.010107020949 
  1.09309810   1.83724419  99.44924615  3956.932443305850 3956.930435192163 0.002008113687 
  1.01523126   1.68888476 127.72846470  3957.764865398407 3957.901307271600 -0.136441873193 
  0.94794212   1.74084787 127.22533603  3961.264453396201 3960.181504062276 1.082949333925 
  0.96446195   1.89628457  82.07746371  3961.486719548702 3961.436298445322 0.050421103380 
  0.96446195   1.68888476  79.39698492  3962.250233575702 3962.212599333262 0.037634242439 
  0.96446195   1.81420462  77.90759553  3964.412788510323 3964.467084316042 -0.054295805720 
  0.95880074   1.51267584 108.90390257  3966.352791324258 3966.419902868725 -0.067111544467 
  1.06396325   1.68888476  83.98562973  3967.105143353343 3967.136896917393 -0.031753564050 
  0.96446195   1.70405028 129.14285103  3971.447574123740 3970.582701053438 0.864873070303 
  0.96446195   1.57329739 127.31866451  3973.034987181425 3973.382773414214 -0.347786232789 
  1.02013469   1.72323567  79.43145266  3973.329034253955 3973.289822608126 0.039211645829 
  1.13316583   1.68888476 103.00000000  3978.477136999369 3978.479269726119 -0.002132726750 
  1.11300055   1.79074612  96.32713241  3978.629201188684 3978.632153650289 -0.002952461606 
  0.96446195   1.90741658  83.07782345  3985.194447577000 3985.087494555095 0.106953021905 
  1.11891519   1.77143103  96.23057841  3986.558081880212 3986.556474523168 0.001607357044 
  0.84361890   1.69430293 103.00000000  3987.230837717652 3987.356615420081 -0.125777702429 
  1.04615210   1.89833265 103.00000000  3988.190551564097 3988.194727507156 -0.004175943058 
  0.96446195   1.94095477 103.00000000  3990.461610510945 3990.462145080885 -0.000534569939 
  0.92468287   1.75484131 125.35505808  3991.275277435780 3990.173070389291 1.102207046489 
  0.84533202   1.68888476  98.60753635  3999.016029313207 3998.943356556145 0.072672757061 
  0.87549386   1.82109284 109.87611023  4000.746693462133 4000.757749299460 -0.011055837326 
  0.86303660   1.81070473  94.73736299  4007.330303311348 4007.264317387623 0.065985923725 
  1.11602793   1.64276992 112.61172509  4012.094965741038 4012.044852972319 0.050112768719 
  0.94654078   1.52684659 119.51771846  4016.236294955015 4016.285510747186 -0.049215792171 
  1.07788934   1.57564190  98.49180848  4016.253567621112 4016.286793426320 -0.033225805208 
  1.12340839   1.68888476 110.92876770  4016.623217120767 4016.607631323622 0.015585797145 
  0.90139235   1.89504392 104.29842223  4018.820422694087 4018.812441279587 0.007981414500 
  1.09037971   1.84466475 100.41610011  4021.181828200817 4021.177185248915 0.004642951902 
  1.05865099   1.66956579 124.24062977  4023.309762746096 4023.680429202309 -0.370666456213 
  1.13418866   1.68397428 103.00000000  4024.038050040603 4024.039762062724 -0.001712022121 
  1.01044796   1.85723485 116.45413506  4026.681092381477 4026.451229012317 0.229863369161 
  0.88770463   1.65950499  85.60148392  4029.152520135045 4029.270878302537 -0.118358167492 
  1.07891021   1.66892582  86.51432283  4030.214526504278 4030.249802970853 -0.035276466575 
  1.09150627   1.70968791  86.50364623  4039.147302642465 4039.365620598021 -0.218317955557 
  1.03315382   1.68888476  81.14705787  4039.840187340975 4039.703116729908 0.137070611067 
  0.96446195   1.80212410 123.59488253  4040.912248969078 4040.280594626645 0.631654342433 
  1.12648979   1.75667036  99.19608369  4042.868227094412 4042.848690123489 0.019536970923 
  0.92217796   1.80961703  79.41806778  4043.572194844484 4043.957547861814 -0.385353017329 
  1.11677856   1.64122080 112.54441222  4044.154404193163 4044.103599072001 0.050805121162 
  0.85535239   1.71848460 113.76205569  4045.354532331228 4045.272239218960 0.082293112268 
  0.84968973   1.76072815 103.00000000  4051.604146763682 4051.655579479498 -0.051432715815 
  0.96446195   1.51771113 116.63253236  4054.141887649894 4054.051256689099 0.090630960795 
  1.06662633   1.76572651 119.17844071  4054.590400308371 4054.685745383615 -0.095345075244 
  0.96446195   1.88900679 114.29995362  4056.326141566038 4056.349798127665 -0.023656561627 
  1.06882203   1.87422898 103.06199832  4061.410824343562 4061.412511546503 -0.001687202941 
  0.94354507   1.89358259 112.89006702  4063.205845281482 4063.280041913844 -0.074196632362 
  1.08283661   1.86155548  98.29390375  4065.158497512341 4065.163326019011 -0.004828506670 
  0.94835395   1.53702668  95.90166125  4070.434371009469 4070.302858635415 0.131512374054 
  0.86394863   1.79871329 108.65361366  4071.085330367088 4071.079762244280 0.005568122809 
  0.96446195   1.59301542 129.18693825  4072.019631043077 4072.045483161202 -0.025852118125 
  0.93929007   1.94011004 101.77708069  4073.796110317111 4073.806996608003 -0.010886290892 
  0.97758932   1.51155580 108.78356934  4076.725124865770 4076.799084878909 -0.073960013138 
  0.96446195   1.66779931  80.09511065  4080.574581131339 4080.559766749877 0.014814381462 
  0.97613946   1.61109100 129.87624413  4084.405056372285 4084.207090482189 0.197965890096 
  0.97586149   1.61752531  83.69775863  4085.975771367550 4086.007988847903 -0.032217480353 
  0.96446195   1.68888476 130.05025126  4088.302456647158 4087.325139567150 0.977317080008 
  0.95323920   1.68888476 130.01007458  4095.427173525095 4094.191771271089 1.235402254006 
  0.88026357   1.54696351 106.12932309  4095.840788185596 4095.790214461398 0.050573724199 
  1.08008947   1.85992539 103.00000000  4096.609666422009 4096.608420982703 0.001245439306 
  0.87830273   1.80107747 114.46995367  4097.921594038606 4097.959383730531 -0.037789691925 
  0.86992111   1.74984500 117.18788122  4098.414371669292 4098.419055124395 -0.004683455102 
  0.84254157   1.66364175 103.00000000  4100.488920092583 4100.644520295826 -0.155600203243 
  0.85570239   1.64622548 116.41460080  4102.429359883070 4102.241434942715 0.187924940355 
  0.97205639   1.65667596 130.60901512  4106.062136322260 4105.366000666373 0.696135655887 
  1.10668410   1.68888476  89.56651020  4106.349778220057 4106.506546541471 -0.156768321413 
  0.96446195   1.74653523  77.32299493  4107.461786851287 4107.364593880058 0.097192971229 
  1.08156903   1.84391462 106.94811811  4111.717087715864 4111.731192959848 -0.014105243984 
  1.13503111   1.68888476 105.81038184  4112.041533768177 4112.053136867943 -0.011603099766 
  0.99231356   1.72590263 128.20808318  4115.749106079340 4115.311444205636 0.437661873704 
  0.97609062   1.58885122  86.63189192  4117.358548477292 4117.447091201384 -0.088542724092 
  0.86013787   1.68888476 117.84620199  4120.396662980318 4120.330845883817 0.065817096501 
  1.11796192   1.69531055  91.81026730  4122.046080708504 4122.149351477045 -0.103270768541 
  0.86121984   1.57626066 105.42937636  4122.292734205723 4122.304064442495 -0.011330236772 
  0.86557499   1.79023416  89.32822487  4122.534424498677 4122.596926984650 -0.062502485973 
  0.84199590   1.67615547 105.57495003  4123.014639377594 4123.112647575466 -0.098008197872 
  0.86379985   1.78526920  89.72166368  4124.758254095912 4124.757307573305 0.000946522607 
  0.94774520   1.51540851 103.51193752  4126.838387519121 4126.859470435021 -0.021082915900 
  1.04103040   1.90692400 103.91715682  4127.685199663043 4127.689938962184 -0.004739299141 
  1.06944173   1.87678448 103.00000000  4130.046653673053 4130.048806928491 -0.002153255438 
  1.08040481   1.56645734 101.25534473  4132.214404210448 4132.222457925995 -0.008053715546 
  0.87524337   1.85475531 103.00000000  4133.118765026331 4133.115633203684 0.003131822647 
  0.93088137   1.86649450 116.12415773  4134.950341433287 4134.915307789808 0.035033643479 
  0.96446195   1.93539607 106.37188797  4136.655866980553 4136.672724103591 -0.016857123039 
  1.05897994   1.68888476 124.36787444  4136.794731199741 4137.186708711282 -0.391977511541 
  0.92176803   1.62902604 129.37228903  4136.871703833342 4136.006338223647 0.865365609695 
  0.95457881   1.94537734 103.00000000  4137.602720946074 4137.602914407493 -0.000193461419 
  1.07733547   1.67735560 122.14910976  4138.474296405911 4138.792842151658 -0.318545745747 
  1.05930012   1.68888476 124.34191075  4139.685550391674 4140.077507754333 -0.391957362659 
  0.96446195   1.85690574  78.58764502  4140.088643848896 4140.209057171192 -0.120413322296 
  1.12818834   1.68888476 110.34425205  4143.188186243176 4143.173787821836 0.014398421340 
  1.10769901   1.81308031 103.00000000  4145.485740005970 4145.477326502648 0.008413503322 
  0.96446195   1.94723618 103.00000000  4145.822243615985 4145.822308317431 -0.000064701446 
  0.89255383   1.53838775 103.00000000  4146.953199416399 4146.739554813020 0.213644603379 
  0.97785585   1.91280873 111.03851283  4149.334827989340 4149.375305175087 -0.040477185747 
  0.98932039   1.92326387  84.38579911  4149.546682253480 4149.341547106681 0.205135146799 
  1.10606892   1.82251706  97.32635594  4152.566302523017 4152.565179968238 0.001122554779 
  1.05617626   1.89449357 103.00000000  4152.680152133107 4152.684574403151 -0.004422270044 
  1.01399488   1.77988908  77.91799695  4154.144096016884 4154.146198296131 -0.002102279247 
  1.03519248   1.74233728  79.35487187  4156.277892291546 4156.291924793127 -0.014032501581 
  0.86702634   1.78178851  87.99729189  4160.253149658442 4160.423234641421 -0.170084982979 
  1.12235995   1.61685676 104.38521348  4161.126358240843 4161.136805516172 -0.010447275329 
  1.08451071   1.85646757 103.00000000  4165.005147770047 4165.002960280937 0.002187489110 
  1.00132935   1.68888476 129.32976651  4165.860745459795 4165.623124695510 0.237620764285 
  1.05385108   1.71665958 124.17881079  4169.248963952065 4169.567729952118 -0.318766000054 
  0.91850273   1.51663016 109.83795823  4172.316109254956 4172.307606125491 0.008503129465 
  1.11803950   1.78472117 104.76112237  4172.341334342957 4172.341257028649 0.000077314307 
  1.12380276   1.61928432 105.56774804  4173.946788221598 4173.959434035322 -0.012645813725 
  1.09632525   1.74819490 116.03792975  4174.651293903589 4174.771116701565 -0.119822797976 
  0.86859541   1.84140751  94.97153621  4179.095534130931 4179.106976391785 -0.011442260854 
  0.86689550   1.83986736 100.22374524  4184.469362676144 4184.476857423093 -0.007494746949 
  0.88036275   1.79286063 116.51139572  4185.192156955600 4185.175759090416 0.016397865184 
  0.96251256   1.52543411  98.34835566  4187.387865915895 4187.259748737042 0.128117178852 
  0.89706851   1.86807757 110.64617050  4191.659024044871 4191.684324235403 -0.025300190532 
  0.96446195   1.89046522 114.89592207  4192.261493563652 4192.244062968080 0.017430595572 
  1.04594156   1.68888476 126.08294728  4202.556407392025 4202.880186553248 -0.323779161223 
  0.86033074   1.81155326 104.60998346  4207.402761578560 4207.405115206299 -0.002353627739 
  0.90199343   1.53929200  99.33548926  4209.161705926061 4208.913459613641 0.248246312420 
  1.13887876   1.68350225 102.21176779  4210.912945836782 4210.906028334827 0.006917501955 
  0.84383160   1.73583738 103.00000000  4211.786127433181 4211.871196214674 -0.085068781494 
  1.01330633   1.92418074 106.31887492  4212.130890041590 4212.137411922224 -0.006521880634 
  0.96446195   1.68888476  78.69346734  4213.696153268218 4213.614900668454 0.081252599764 
  0.96446195   1.87528577 117.01102064  4214.042267203331 4213.897909030011 0.144358173320 
  0.98388256   1.51546862 103.00000000  4214.539437159896 4214.539261680781 0.000175479115 
  1.09089115   1.57640467 113.19680756  4214.648488655686 4214.697221878265 -0.048733222578 
  0.89643335   1.53611864 101.93286139  4216.242473885417 4216.024310609569 0.218163275848 
  0.96446195   1.51381910 103.00000000  4220.057773530483 4220.062613295782 -0.004839765299 
  0.97205709   1.93319764  84.77203841  4221.822945922613 4221.635955344493 0.186990578120 
  1.13939518   1.68733424 103.00000000  4223.975389629602 4223.975171619710 0.000218009893 
  1.01735141   1.68888476  79.70070982  4224.510533317924 4224.294479024598 0.216054293325 
  0.96446195   1.89634363 114.25174619  4224.858805984259 4224.862823003142 -0.004017018883 
  0.89458101   1.53696658 116.02467557  4225.064215362072 4225.032565154350 0.031650207722 
  0.88440024   1.59163517  91.73162635  4226.689760178328 4226.477529210611 0.212230967716 
  0.97867809   1.67045815  79.55162561  4228.145049959421 4228.005960842281 0.139089117140 
  1.04202770   1.91333973 103.00000000  4235.947836324573 4235.953222426598 -0.005386102025 
  0.96446195   1.80711507 124.04118440  4248.670222818851 4247.846618266623 0.823604552228 
  1.04457735   1.75096998 123.77062405  4252.683003783226 4252.672622992605 0.010380790621 
  1.00676208   1.68888476 129.37760925  4257.493610799313 4257.289044249078 0.204566550235 
  0.95885000   1.68888476  78.62352204  4260.980413764715 4260.926421380505 0.053992384210 
  0.99593678   1.51680552 103.00000000  4261.543126761913 4261.538128057538 0.004998704375 
  1.02054139   1.52233825 114.08559120  4263.474710538983 4263.515906491136 -0.041195952153 
  1.07607388   1.87397928 103.00000000  4265.815841421485 4265.817366717723 -0.001525296238 
  1.03598632   1.73630174  79.12329278  4269.324574276805 4269.309741709391 0.014832567414 
  0.94408794   1.87973969 116.12160149  4269.967572003603 4269.914196398680 0.053375604923 
  0.96446195   1.59005736  85.96649422  4270.710470810533 4270.868330903476 -0.157860092943 
  0.97294415   1.71569905  77.51474556  4273.505977615714 4273.354714378312 0.151263237402 
  1.14070352   1.68888476 103.00000000  4274.439676329494 4274.439183459877 0.000492869616 
  1.05278139   1.68511956 125.74300122  4275.269541904330 4275.602725044499 -0.333183140169 
  0.97611193   1.82369116  76.95897839  4275.611881509423 4275.666582548884 -0.054701039461 
  0.95468824   1.68888476 130.68134127  4276.502891242504 4275.057639536106 1.445251706398 
  0.98812359   1.51240338 104.70748755  4281.110268056393 4281.150295814135 -0.040027757743 
  0.91598515   1.89219798 111.33687401  4283.594809830189 4283.641318516976 -0.046508686787 
  0.96446195   1.68888476 130.75376884  4284.207398101687 4282.999642860015 1.207755241672 
  0.92403158   1.89718061 111.81065731  4290.068675085902 4290.126154900279 -0.057479814377 
  1.13402707   1.75174372  99.15658072  4290.314129814506 4290.288417880420 0.025711934086 
  0.96446195   1.59322078  85.51935980  4297.579384192824 4297.736602572748 -0.157218379924 
  1.02632760   1.92991572 103.00000000  4299.093057498336 4299.097530836309 -0.004473337974 
  1.03749769   1.89785147 108.78111653  4300.660724684596 4300.643403661011 0.017321023585 
  0.96446195   1.95351759 103.00000000  4302.201738163829 4302.201034572059 0.000703591770 
  0.90434404   1.91472975 103.00000000  4302.438572153449 4302.440981237583 -0.002409084134 
  0.83946195   1.68888476 103.00000000  4303.139470532537 4303.286281100010 -0.146810567473 
  0.96248277   1.95343934 103.00000000  4304.632325157523 4304.631885013478 0.000440144046 
  0.84580345   1.61806484 103.00000000  4309.739146798849 4309.907869070573 -0.168722271724 
  0.96446195   1.74290667  76.78981243  4310.436603158712 4310.292405819162 0.144197339550 
  1.10154522   1.83491565 103.00000000  4312.947598859668 4312.940085889460 0.007512970208 
  0.90651856   1.52554842 103.00000000  4314.807881221175 4314.612682964548 0.195198256627 
  1.10114160   1.66777644  88.58016661  4315.311812534928 4315.414505764861 -0.102693229933 
  1.00469510   1.91269810 110.66474139  4319.549227118492 4319.522643848291 0.026583270201 
  1.10496374   1.72624938 116.57449790  4320.400496795774 4320.523944585117 -0.123447789343 
  0.92038147   1.76006740 125.98635155  4322.155345976353 4320.611098374085 1.544247602268 
  0.84799788   1.74694361  94.33034860  4323.111998826265 4322.792396412830 0.319602413435 
  0.92133715   1.93436674 103.00000000  4323.349827021360 4323.352704341046 -0.002877319685 
  0.83919598   1.68888476 103.00000000  4324.453433692455 4324.601156197743 -0.147722505288 
  0.97098424   1.89475922 115.07613946  4325.898226678371 4325.823434867289 0.074791811083 
  1.01613841   1.93635987 103.73442546  4328.933775544167 4328.937225127695 -0.003449583528 
  0.94130620   1.68888476  78.85506965  4331.195187091827 4331.279567190913 -0.084380099086 
  1.00358453   1.95557797  92.80836248  4332.261836007237 4332.265294241491 -0.003458234253 
  0.95459184   1.68888476  78.49233018  4334.602191060781 4334.565917978284 0.036273082497 
  0.90780650   1.55932604  92.96044515  4336.861113771796 4336.692636330676 0.168477441121 
  0.98083238   1.93739409  84.66755785  4337.131056383252 4336.930424335479 0.200632047773 
  1.13232874   1.75549313  96.47373082  4342.183309584856 4342.173426924908 0.009882659948 
  0.96446195   1.81460882 123.80771861  4344.106290593743 4343.237464083953 0.868826509790 
  1.04253991   1.92721125  97.39965537  4346.385863021016 4346.405335998966 -0.019472977950 
  1.14033294   1.66520446 101.89092581  4346.942510411143 4346.932515117913 0.009995293231 
  1.00119359   1.79931818  76.84216220  4349.734423533082 4349.731932866760 0.002490666322 
  0.96446195   1.63284822 131.52974909  4350.749650418758 4349.858225619656 0.891424799102 
  0.96446195   1.96618249  96.91808329  4351.703149646521 4351.747854032025 -0.044704385505 
  1.13470737   1.68888476  95.57027194  4354.726833254099 4354.720919771631 0.005913482468 
  1.02026238   1.93961815 101.92638682  4355.074136942625 4355.079136198190 -0.004999255565 
  1.13728471   1.68888476 108.70486901  4361.772307917476 4361.770221281223 0.002086636253 
  1.09518122   1.84435486 104.46134198  4361.921366319060 4361.924413907282 -0.003047588221 
  0.93115658   1.94383492 103.00000000  4365.609203651547 4365.610800964300 -0.001597312753 
  0.96446195   1.88818202  79.29091604  4367.498550608754 4367.618239911995 -0.119689303241 
  0.86314758   1.74952374 116.56741312  4371.117417857051 4371.121832096068 -0.004414239017 
  1.01328076   1.91037766 110.62023033  4378.074606850743 4378.025183765612 0.049423085131 
  0.98286506   1.94195867 106.80011775  4378.583320975304 4378.604472233270 -0.021151257966 
  0.87502314   1.86577703 103.00000000  4383.618976637721 4383.616177220828 0.002799416893 
  0.87629303   1.54880567 103.00000000  4386.877436205745 4386.661297011728 0.216139194016 
  1.03778593   1.74931574 125.08568319  4388.144489631057 4388.000941614543 0.143548016514 
  0.84606889   1.68888476  94.03081616  4388.851989164948 4388.353763170609 0.498225994339 
  0.96864354   1.71446126 130.24411017  4392.171508133411 4390.926812399986 1.244695733425 
  1.13445689   1.63378895 103.00000000  4392.301299497485 4392.304955671289 -0.003656173804 
  1.01102704   1.73251539 128.00465074  4392.464024975896 4392.114372808649 0.349652167247 
  1.04803689   1.73097869  79.68051875  4394.338110789657 4394.329541748458 0.008569041199 
  1.11926035   1.64302547  93.97894635  4394.387840017676 4394.427622112205 -0.039782094528 
  0.97656742   1.93358194 109.04372387  4397.215487152338 4397.257884195581 -0.042397043243 
  1.09935074   1.71089806  85.98513181  4398.709111899137 4398.963833413294 -0.254721514157 
  1.12402639   1.70193065 113.64446388  4399.321201413870 4399.324592367755 -0.003390953885 
  1.10686106   1.83314836 101.48451061  4401.954139411449 4401.938274240913 0.015865170537 
  1.08513834   1.86714605 103.00000000  4402.654261514544 4402.653414767828 0.000846746717 
  0.94639107   1.86659692 118.56108030  4407.289370477200 4406.999261222478 0.290109254722 
  1.14332888   1.71302465 101.14239745  4410.632779046893 4410.610819019638 0.021960027255 
  1.10163119   1.80553301 110.35354336  4411.220487356186 4411.241529565202 -0.021042209016 
  1.12059629   1.80123338  95.70804694  4411.672931239009 4411.682665393406 -0.009734154397 
  0.85001924   1.68946921  91.88921550  4413.615415409207 4413.040684318765 0.574731090443 
  0.96446195   1.84448543  77.02923818  4414.110822111368 4414.220093467339 -0.109271355971 
  0.96293143   1.74049482 129.12974374  4414.829669594765 4413.444179427982 1.385490166783 
  0.83971918   1.68888476 107.93176679  4415.698871910572 4415.701848852616 -0.002976942043 
  1.05324102   1.67182965  82.22707994  4417.221656709909 4416.957598743013 0.264057966896 
  0.96446195   1.96771878  98.27576206  4419.586146727204 4419.619146699240 -0.032999972035 
  1.11470641   1.63368807  93.74518563  4419.664300337434 4419.706902727298 -0.042602389864 
  0.86310978   1.83872052 101.59510212  4420.904256731272 4420.908855655635 -0.004598924364 
  1.11991535   1.63301569  95.20788473  4420.923926502466 4420.951823583810 -0.027897081344 
  0.96446195   1.86760330  77.89074191  4423.256946265697 4423.413503333620 -0.156557067922 
  0.93823238   1.91937570  82.96274821  4423.279851734638 4423.295799964969 -0.015948230331 
  1.13575485   1.72242615 108.44398936  4425.102340802550 4425.110670127430 -0.008329324880 
  1.03211548   1.52044991 108.14021535  4428.712314248085 4428.750706543016 -0.038392294931 
  0.83790300   1.69212330 103.00000000  4433.656200960279 4433.806265061478 -0.150064101200 
  0.96446195   1.81553778  76.27630762  4438.981211766601 4438.977498087150 0.003713679451 
  1.05175279   1.68888476 126.44638232  4443.072041422129 4443.342517375093 -0.270475952964 
  1.00477266   1.81243143 123.29474339  4443.427547544241 4442.570500282164 0.857047262077 
  1.13525888   1.68888476 110.63419905  4443.841618016362 4443.822671416870 0.018946599493 
  0.99070687   1.81459173  76.40623654  4445.952915966511 4445.973101503490 -0.020185536980 
  0.88271455   1.68888476  83.48617159  4446.679722011089 4447.078369323650 -0.398647312561 
  1.01251130   1.53981315  95.15002118  4449.333299413323 4449.316242293376 0.017057119947 
  0.96446195   1.96460357  89.80227258  4451.250593826175 4451.159170649382 0.091423176793 
  0.96446195   1.72953081  76.66885764  4453.588053792715 4453.410321458830 0.177732333885 
  0.92953400   1.94643442 103.00000000  4458.966764777899 4458.968315647653 -0.001550869754 
  0.98553507   1.96906321  96.31757932  4459.318400666118 4459.357523006405 -0.039122340288 
  0.96446195   1.95979899 103.00000000  4459.511728689075 4459.509919400118 0.001809288957 
  1.01581079   1.92955766 107.08567064  4459.856543466449 4459.861571872776 -0.005028406327 
  1.04921033   1.74786031  79.27666448  4461.574131324887 4461.571873570332 0.002257754555 
  0.94935497   1.52428066  97.37733703  4462.693828180432 4462.539109933417 0.154718247016 
  0.96446195   1.72594208  76.72700685  4465.331793650985 4465.152987555576 0.178806095409 
  0.90467666   1.59586860  87.51889201  4465.789261534810 4466.078467316525 -0.289205781715 
  1.04343353   1.90948671 106.53409432  4466.111793562770 4466.117466910785 -0.005673348015 
  0.96446195   1.68888476  78.00000000  4469.814930930734 4469.683045759662 0.131885171071 
  0.96446195   1.68888476  77.98994975  4473.587601780891 4473.454808428415 0.132793352476 
  1.11101581   1.82554245 103.00000000  4476.288969159126 4476.277542177078 0.011426982048 
  0.96409184   1.96982945  92.00000353  4477.104893937707 4477.087405502275 0.017488435432 
  0.89015336   1.90043741 103.00000000  4477.944991290569 4477.946131348594 -0.001140058025 
  1.08550027   1.87045588 103.00000000  4483.060985878110 4483.060485835093 0.000500043016 
  0.96446195   1.68888476 131.45728643  4483.511806890368 4482.075884580803 1.435922309565 
  1.13427741   1.77088637  98.92844655  4484.383284121752 4484.357906445148 0.025377676604 
  0.96446195   1.96240096 102.46064690  4487.626817449927 4487.625025765577 0.001791684350 
  0.88555917   1.89835839 100.28969002  4494.973180219531 4495.000120718432 -0.026940498901 
  1.06642397   1.53943137 105.74761790  4495.332326740026 4495.333391112747 -0.001064372721 
  0.94041230   1.68982108 131.10242088  4495.487132519484 4493.393399346894 2.093733172590 
  1.04309505   1.73078444 126.02694766  4504.049639791250 4504.047468540701 0.002171250550 
  1.05626567   1.68888476  81.32877607  4505.077275335789 4504.894521302850 0.182754032939 
  1.10869969   1.64862353 118.45506412  4506.978121891618 4506.945616776555 0.032505115063 
  0.96446195   1.96429512  88.76247669  4507.133893579245 4507.007108690717 0.126784888527 
  1.07550274   1.56802859  96.30612995  4517.394358471036 4517.460140625251 -0.065782154215 
  0.84475849   1.64419332  96.54339589  4530.116101235151 4529.897579004411 0.218522230741 
  0.96446195   1.89991301  79.31183765  4530.408265441656 4530.533280664036 -0.125015222380 
  0.90405928   1.51982564 104.82340985  4530.443368643522 4530.271824850918 0.171543792604 
  0.97921197   1.51075456 102.23074069  4531.341438874602 4531.317695850503 0.023743024100 
  1.09178301   1.85931616 104.22199086  4531.941582605243 4531.946218594357 -0.004635989114 
  1.14457295   1.68888476 106.78516782  4532.821357458830 4532.832960916573 -0.011603457743 
  0.99334366   1.83202188 122.52758008  4535.709394991398 4534.770750314449 0.938644676949 
  1.06154553   1.91446292  98.10516741  4545.964864835143 4545.966640344800 -0.001775509657 
  0.96446195   1.97003364  90.34502269  4546.515909463167 4546.444665172048 0.071244291119 
  0.86016110   1.83314900 103.00000000  4548.388334497809 4548.389844375075 -0.001509877266 
  0.95972890   1.50659304 116.06410744  4552.098689496517 4552.017439965613 0.081249530904 
  0.96446195   1.63412477 132.27832920  4554.272808745503 4553.130239342253 1.142569403250 
  1.14554771   1.71055205 105.26061030  4555.598915532231 4555.608155946484 -0.009240414252 
  1.00804138   1.68888476  78.35205805  4561.448928967118 4561.146707173845 0.302221793273 
  0.89556088   1.74432250  80.00259714  4564.489731401205 4565.267128003215 -0.777396602010 
  0.92788090   1.94657525 103.96881979  4564.585626229644 4564.586591811470 -0.000965581827 
  1.01505788   1.95952542  93.50227457  4566.528792321682 4566.536289988859 -0.007497667177 
  1.14452138   1.68888476  97.86082710  4568.673338457942 4568.634185505041 0.039152952901 
  0.96788532   1.79892334  75.65123320  4570.692073181272 4570.600411727281 0.091661453991 
  0.96135897   1.68888476  77.75978191  4571.641765162349 4571.509243116012 0.132522046337 
  1.05443662   1.70341903  80.36593439  4572.865852907300 4572.732988561359 0.132864345941 
  1.12812877   1.79232834 103.00000000  4573.942910194397 4573.927181812589 0.015728381808 
  0.88791302   1.72634313  81.23880593  4574.207581683993 4574.966310874439 -0.758729190446 
  0.96446195   1.71674242  76.68789180  4575.626053065062 4575.428664666794 0.197388398267 
  1.14824121   1.68888476 103.00000000  4575.978302583098 4575.974398404203 0.003904178895 
  1.03256918   1.68888476 128.78589657  4583.462652355433 4583.465502795677 -0.002850440244 
  1.13042999   1.78901873  96.96732443  4584.547531500459 4584.538623923946 0.008907576513 
  0.96446195   1.63224845 132.36841777  4584.611322894692 4583.457875300400 1.153447594293 
  0.96446195   1.96693406 102.20408247  4584.684814855456 4584.682392684546 0.002422170910 
  0.96446195   1.50753769 103.00000000  4586.171767279506 4586.177690952763 -0.005923673258 
  0.95366968   1.96319179 103.00000000  4589.465451523662 4589.463424305698 0.002027217964 
  1.06121979   1.53731147 103.00000000  4591.668017759919 4591.657175292328 0.010842467591 
  0.87127523   1.83790434 110.06466500  4597.694588005543 4597.705080745156 -0.010492739613 
  0.86503093   1.74701941  85.39570586  4603.904661446810 4604.345438696683 -0.440777249873 
  1.09294761   1.87275031  97.80942755  4605.803020268679 4605.790636582952 0.012383685726 
  1.01936210   1.69502431 129.70787516  4608.537979945540 4608.319771659071 0.218208286469 
  0.95310614   1.51445967 120.10642616  4610.131807610393 4610.172260935683 -0.040453325290 
  0.97835144   1.81222538 124.98684498  4614.544498115778 4613.414743004653 1.129755111125 
  0.86352477   1.60602658  92.87215487  4614.757367223501 4614.362011894925 0.395355328576 
  0.96446195   1.96608040 103.00000000  4617.666353881359 4617.663704543779 0.002649337580 
  0.95385636   1.96473422 103.00000000  4627.232811406255 4627.230573115748 0.002238290506 
  1.06858840   1.62876337 125.26656952  4628.924027189612 4628.915202690618 0.008824498995 
  1.02474412   1.94477476 103.00000000  4628.933711066842 4628.937919813350 -0.004208746508 
  1.06157966   1.58653248  90.27188219  4630.798961460590 4630.691135684994 0.107825775596 
  0.96446195   1.51634616  98.75516433  4634.308266729116 4634.172290010539 0.135976718578 
  1.08818948   1.66514557  85.40870767  4642.573415949941 4642.489390464012 0.084025485929 
  0.84312214   1.62837974  98.61945466  4650.671149849892 4650.402640933816 0.268508916076 
  1.07146349   1.53886718 110.04337978  4652.278593108058 4652.348596869437 -0.070003761379 
  0.96446195   1.56458290 129.41587978  4652.280944317579 4652.440918523329 -0.159974205750 
  1.11437647   1.58323618 103.00000000  4657.233171090484 4657.241305913424 -0.008134822941 
  0.85585193   1.76421002  88.42192764  4657.683762177825 4657.747367893997 -0.063605716172 
  0.92364488   1.81897367  77.26882094  4658.840983226895 4659.114440931342 -0.273457704447 
  1.11084821   1.84260401  99.27283504  4661.094653919339 4661.072046430451 0.022607488888 
  0.96446195   1.84292580  76.07738558  4662.499832153320 4662.577548258995 -0.077716105675 
  0.92223587   1.85902498 118.90563813  4662.596284478903 4662.165693476443 0.430591002460 
  0.83550419   1.68888476 105.78786158  4664.302191451192 4664.422799332478 -0.120607881287 
  0.96446195   1.53667837 125.85125086  4668.496071457863 4668.888954198609 -0.392882740746 
  1.04450625   1.62512523  84.11028075  4669.444814637303 4668.916983166419 0.527831470885 
  1.05138634   1.57899287  90.11933016  4677.941109940410 4677.829854621368 0.111255319041 
  0.96446195   1.79762817  75.34017132  4678.010461077094 4677.875797732365 0.134663344729 
  1.12156044   1.68888476 116.59925374  4678.029694512486 4678.045281524690 -0.015587012203 
  0.87512818   1.72563298 123.08250515  4679.152674436569 4678.428931983196 0.723742453373 
  0.87406502   1.78575576 118.24182426  4680.139404967427 4679.955835182637 0.183569784790 
  1.11190450   1.58357621 100.94661736  4683.442872211337 4683.460733126488 -0.017860915151 
  0.96446195   1.68888476 132.16080402  4686.116423755884 4684.460370264796 1.656053491088 
  0.96446195   1.85490990 121.55825722  4690.410171553493 4689.591523692874 0.818647860619 
  0.94818479   1.64816313  79.89103439  4691.447012096643 4691.559396381237 -0.112384284594 
  0.90432207   1.51933231 116.37920160  4693.433457925916 4693.513042542127 -0.079584616211 
  0.96125298   1.62224943 132.62327922  4693.614946991205 4692.428846384008 1.186100607197 
  0.99077196   1.70652497 131.14321121  4699.708924263716 4698.803466682774 0.905457580941 
  1.11913482   1.71959393 116.14950235  4703.449498072267 4703.510200744106 -0.060702671839 
  0.96446195   1.93183549 111.72876059  4706.445350557566 4706.489704466249 -0.044353908684 
  0.96446195   1.52314447  96.22526525  4707.150647670031 4707.001105657563 0.149542012467 
  0.85326279   1.57259831 109.02012081  4709.700777217746 4709.580511182649 0.120266035096 
  1.12982827   1.80061777  96.96597502  4709.734853059053 4709.725753836588 0.009099222466 
  1.00621403   1.89924180 115.16883475  4712.311553344131 4711.883571215041 0.427982129089 
  0.96446195   1.77285938  75.26567574  4714.113311037421 4713.896381111163 0.216929926258 
  0.98446751   1.66639902 132.40005676  4715.707247331738 4714.662804641330 1.044442690409 
  1.11485811   1.83122617 103.00000000  4715.946891456842 4715.932781614946 0.014109841896 
  0.85823460   1.60978510 119.86867500  4719.317950308323 4719.437180975567 -0.119230667244 
  1.12218988   1.81622840 103.00000000  4723.914261192083 4723.897271854117 0.016989337966 
  1.07003308   1.66353236 125.87039832  4726.737357303500 4726.921974758520 -0.184617455020 
  1.00767092   1.86090834 119.78527544  4728.376518756151 4727.383491647292 0.993027108859 
  1.13366511   1.78775470  95.97653772  4728.468303292990 4728.474080897943 -0.005777604953 
  1.13241962   1.79233598 103.00000000  4738.122071564198 4738.103240462853 0.018831101344 
  0.96446195   1.94789776  82.97800799  4740.895898461342 4740.769761857668 0.126136603674 
  1.12230376   1.68888476 116.82021688  4741.290142506361 4741.305409740280 -0.015267233919 
  0.96446195   1.68888476  77.28643216  4741.999922275543 4741.810052875113 0.189869400430 
  1.12219170   1.81763947 103.00000000  4747.716606944799 4747.699571381574 0.017035563225 
  0.95392093   1.68888476 132.32762171  4749.233661264181 4747.160803889922 2.072857374259 
  0.96190142   1.84247461  75.79048318  4749.995909199119 4750.051902703309 -0.055993504190 
  1.15262349   1.69221343 103.00000000  4752.348569527268 4752.342059693079 0.006509834189 
  0.85832107   1.73513719  86.54823659  4757.337647855282 4757.499112156745 -0.161464301463 
  0.96446195   1.63298294  80.51265234  4769.073421657085 4769.055707193218 0.017714463867 
  1.07064485   1.55922701  95.97279245  4775.370186507702 4775.441533285287 -0.071346777585 
  1.03673905   1.62962666 129.40468801  4776.496858432889 4776.206265369718 0.290593063170 
  0.96446195   1.97236181 103.00000000  4776.582674920559 4776.578715814991 0.003959105568 
  1.14672122   1.74840861 103.00000000  4779.595474630594 4779.580121414085 0.015353216510 
  0.87081774   1.87946010  95.41278135  4782.618430256844 4782.693701957293 -0.075271700450 
  0.99729336   1.94130767 109.49657852  4786.752152726054 4786.743159322171 0.008993403883 
  1.08327736   1.89695225  97.77603639  4793.965838015079 4793.948921944625 0.016916070454 
  1.04762733   1.72503358 126.99752300  4797.552794709802 4797.479755494228 0.073039215574 
  0.96446195   1.98523692  94.98372717  4799.532901033759 4799.563597563715 -0.030696529956 
  0.98464747   1.89477397 117.38488509  4800.317816942930 4799.788116102168 0.529700840762 
  0.86991408   1.87159018 103.24983216  4801.029495716095 4801.025803090817 0.003692625278 
  0.96446195   1.68977182  77.09021777  4803.221620872617 4803.016959088572 0.204661784045 
  1.11474522   1.68888476 118.82151225  4803.309003844857 4803.391023593306 -0.082019748449 
  1.00572056   1.72583873 130.09393186  4803.875368207693 4803.185364447372 0.690003760321 
  1.15392764   1.69033473 102.88277970  4805.529550254345 4805.521455734519 0.008094519826 
  0.96446195   1.88832267 118.45403142  4806.800225466490 4806.329110518209 0.471114948281 
  0.98462819   1.84080533 123.17376623  4808.047359138727 4806.855369348567 1.191989790160 
  1.09663800   1.84451194 108.88145528  4808.220603212714 4808.217406607227 0.003196605488 
  1.12329372   1.68888476  88.97995353  4809.512602955103 4809.735504610204 -0.222901655101 
  1.15003807   1.68888476 107.87371174  4814.457798436284 4814.465061142509 -0.007262706225 
  0.96446195   1.51912909  96.84656330  4816.228742122650 4816.070673035236 0.158069087414 
  0.84584608   1.74668239  91.38708846  4817.415891170502 4817.062017581374 0.353873589128 
  1.15379119   1.68888476 104.40590561  4819.863130584359 4819.870714495630 -0.007583911271 
  1.14389702   1.68888476 110.99925152  4820.300116881728 4820.273522587368 0.026594294360 
  1.02413891   1.96276488  98.16915430  4820.367890641093 4820.375221390105 -0.007330749012 
  1.13533499   1.79560960  99.25513729  4824.124113842845 4824.093660443178 0.030453399667 
  1.10474598   1.85587660 103.00000000  4825.701027289033 4825.692753041413 0.008274247620 
  1.12541541   1.70387862 116.15951927  4826.249821379781 4826.274321294400 -0.024499914619 
  1.13138896   1.68888476  90.68344775  4828.563853770494 4828.745766519895 -0.181912749401 
  0.96446195   1.97543082 102.66338502  4830.412905171514 4830.407231101962 0.005674069552 
  0.91584155   1.72612704  77.59302488  4830.544940680265 4830.846981796652 -0.302041116387 
  1.14030710   1.63157251  99.17026663  4831.311061665416 4831.295957796579 0.015103868836 
  0.96268324   1.97371236 103.23222697  4832.070664703846 4832.067401224732 0.003263479114 
  0.96446195   1.61484687  81.82902726  4835.578287243843 4835.631147771138 -0.052860527295 
  1.01485965   1.63150709  81.36078366  4837.966554701328 4837.405585160211 0.560969541118 
  0.84144123   1.66464174  94.43679160  4838.893572330475 4838.402556666403 0.491015664072 
  0.96446195   1.93755577  80.98983577  4842.301361143589 4842.300661569849 0.000699573740 
  0.96446195   1.54990379  89.84228436  4847.584528893232 4847.672378038763 -0.087849145531 
  1.12669948   1.68253807 116.58268992  4850.498073115945 4850.476129664620 0.021943451325 
  1.06044084   1.68888476  80.52528286  4855.450984433293 4855.152212104761 0.298772328532 
  1.14389312   1.62726960 103.00000000  4856.535065770149 4856.536441649609 -0.001375879459 
  1.01183590   1.59689927 130.58352999  4857.249746307731 4856.752314529265 0.497431778465 
  1.07651699   1.68888476  82.00137447  4858.983263418078 4858.823391648843 0.159871769235 
  0.98241393   1.80377314  74.81220683  4861.195453599095 4861.113732361695 0.081721237400 
  0.96446195   1.94067014  81.20851911  4863.559749186039 4863.541680946714 0.018068239325 
  0.96446195   1.91202517 115.74139980  4866.845201939344 4866.652735855648 0.192466083697 
  1.09657483   1.68759037  84.36627734  4868.858968645334 4868.914274222644 -0.055305577310 
  0.96446195   1.49731116 107.88848541  4873.449984475970 4873.588998994199 -0.139014518229 
  0.89271322   1.57522003  90.19153282  4874.498293235898 4874.499394968402 -0.001101732504 
  0.84799138   1.73987058  89.71899457  4878.455188691616 4878.172475273393 0.282713418223 
  1.06169368   1.52966182 113.13364464  4884.690747752786 4884.821399577861 -0.130651825076 
  1.07877269   1.68176562 125.21985208  4891.317986935377 4891.560512061451 -0.242525126074 
  0.96446195   1.68888476 132.86432161  4891.918082773685 4890.058170767584 1.859912006102 
  0.84846908   1.80941828 103.00000000  4891.935439109802 4891.949679080084 -0.014239970282 
  0.94285033   1.65849844 133.21189499  4897.359376356006 4894.934928388740 2.424447967266 
  0.87464887   1.68888476 125.59283801  4903.651016607881 4902.466069449539 1.184947158342 
  1.05860279   1.70250808  79.64634081  4907.575286120176 4907.340989905132 0.234296215044 
  1.14690759   1.67297593  95.73112395  4913.273945033550 4913.265965435027 0.007979598523 
  1.00739326   1.93870089 110.07015895  4915.653232246637 4915.586445243096 0.066787003541 
  1.03731324   1.94628807 103.00000000  4917.152178153396 4917.159022335014 -0.006844181618 
  1.15528425   1.71011579 104.41048749  4918.820290729403 4918.823074164604 -0.002783435200 
  1.13413661   1.66482425 115.18199277  4920.450783386827 4920.356770474424 0.094012912403 
  0.83754513   1.75589445 103.00000000  4925.280649751425 4925.354930762110 -0.074281010685 
  0.93420461   1.96803424 103.00000000  4925.861985176802 4925.861027444670 0.000957732132 
  1.12544877   1.82753628  98.26917199  4929.824006915092 4929.797171402523 0.026835512570 
  0.83299217   1.71436778 103.00000000  4931.762777358294 4931.902167021164 -0.139389662871 
  0.96446195   1.68888476 133.00000000  4931.967954337597 4930.070700938991 1.897253398606 
  1.12150703   1.69680134  87.64749282  4932.213217884302 4932.488857494391 -0.275639610089 
  1.08354908   1.68888476  82.48738871  4932.409032732248 4932.293658613713 0.115374118535 
  1.05163678   1.68888476  79.59276147  4933.981897488236 4933.600172523586 0.381724964651 
  0.89179638   1.53971135  96.91922335  4935.729121446609 4935.491772935196 0.237348511413 
  0.94317437   1.97034465 103.94112446  4935.856116041541 4935.858710925179 -0.002594883638 
  0.96446195   1.97864322 103.00000000  4936.179147809744 4936.173805869277 0.005341940467 
  0.99041383   1.67265291  77.68768800  4938.130761474371 4937.752071394394 0.378690079977 
  0.90073321   1.93728357 102.43606668  4940.239208444953 4940.248146578208 -0.008938133255 
  1.14948000   1.68888476  95.55977800  4940.707296475768 4940.703086578029 0.004209897739 
  0.97730783   1.98572440  89.58444090  4948.634115442634 4948.543592196856 0.090523245777 
  0.86078179   1.85634881 102.20088067  4952.620051801205 4952.620772736242 -0.000720935037 
  0.97206722   1.63360213  79.97054244  4953.123146906495 4952.973328764574 0.149818141921 
  1.15432535   1.72281017 104.79951274  4953.458954706788 4953.461214439647 -0.002259732859 
  1.09469203   1.68888476 123.08464467  4954.530068427324 4954.757861671186 -0.227793243862 
  0.83693024   1.68888476 111.82067653  4955.534869387746 4955.416523921981 0.118345465765 
  0.83165829   1.68888476 103.00000000  4956.824809238315 4957.003864846431 -0.179055608117 
  1.13757876   1.68888476 114.32876971  4959.445966660976 4959.398676949068 0.047289711909 
  1.08392023   1.89493029 103.00000000  4962.007814407349 4962.011992928122 -0.004178520773 
  0.83316888   1.70105598  98.91040378  4962.959172651172 4962.893471953700 0.065700697472 
  1.15771371   1.68888476 103.31226945  4964.228722125292 4964.223698951767 0.005023173525 
  0.96446195   1.50125628 103.00000000  4972.249021023512 4972.256572310996 -0.007551287484 
  1.11111180   1.71851477  85.00652104  4972.825546026230 4973.143476810819 -0.317930784589 
  1.10190522   1.86806760 103.00000000  4975.293142154813 4975.287144066599 0.005998088214 
  0.85030474   1.60312517  95.96791131  4979.273495092988 4978.916436723856 0.357058369132 
  0.96446195   1.95351512 109.73905212  4980.512111589313 4980.577206273410 -0.065094684098 
  1.15173867   1.69662375  95.80542968  4985.074147135019 4985.063669516965 0.010477618054 
  1.05183713   1.68888476 128.55996498  4992.569574639201 4992.609003453745 -0.039428814543 
  1.09858295   1.72253483  82.91979077  5005.348882108927 5005.551139391704 -0.202257282777 
  0.87459062   1.64001929 126.73021037  5011.541551634669 5010.640306700595 0.901244934074 
  0.96446195   1.68888476  76.58291457  5019.012865632772 5018.763185162133 0.249680470640 
  0.96446195   1.64889995 133.96319689  5025.919045969844 5024.105319272503 1.813726697341 
  1.00507197   1.70363069  76.38613663  5026.446832865477 5026.108353643577 0.338479221899 
  0.93054255   1.57616086  86.26796383  5027.352331876755 5027.741657918918 -0.389326042164 
  0.89304978   1.76107593 125.56773494  5027.355301812291 5025.324035160099 2.031266652192 
  1.12294726   1.83220819 103.00000000  5030.835127443075 5030.815333133960 0.019794309115 
  1.14108870   1.61777182 100.10761302  5035.661194041371 5035.654290799012 0.006903242360 
  0.99952293   1.67002787 132.88654873  5038.210575416684 5037.305493151574 0.905082265110 
  1.11495342   1.85588294  97.45764629  5041.651896461844 5041.624060376961 0.027836084883 
  0.85264197   1.77711355 113.76817602  5043.396230384707 5043.414591363450 -0.018360978743 
  0.99456759   1.68888476 132.72623872  5044.389382526278 5043.380562730200 1.008819796079 
  0.96891811   1.68888476  76.48406022  5047.663681581616 5047.381470030226 0.282211551391 
  0.94068676   1.96832048 105.48292383  5048.576844200492 5048.598080323626 -0.021236123134 
  0.97202870   1.55112481 129.53135998  5049.573069646955 5049.735388690509 -0.162319043555 
  0.84694522   1.81194650 103.00000000  5049.907509699464 5049.920041419557 -0.012531720094 
  0.96446195   1.55266882 129.84877701  5054.877756878734 5055.061459385391 -0.183702506657 
  0.86817477   1.78156383 118.95965132  5057.935580000281 5057.641341788201 0.294238212080 
  1.06422159   1.65739063 127.91635847  5058.569617852569 5058.557432254338 0.012185598231 
  0.84111414   1.73872724  91.99671603  5063.067243263125 5062.631384881246 0.435858381879 
  1.00474460   1.69655413  76.52737396  5075.698584690690 5075.317565553552 0.381019137139 
  0.91799117   1.69525437  77.76953080  5076.951408460736 5077.236629835503 -0.285221374766 
  0.96446195   1.53833751 128.06219782  5077.139910608530 5077.528418704398 -0.388508095868 
  1.14236015   1.61078234 103.00000000  5077.641164794564 5077.644858243382 -0.003693448818 
  0.96446195   1.96003073 109.20973479  5079.212522581220 5079.279642694275 -0.067120113055 
  1.00895247   1.96006007 106.74451146  5079.965863376856 5079.971275114160 -0.005411737304 
  0.85244605   1.71317156  87.02231770  5082.206621706486 5082.142686919168 0.063934787318 
  0.83350734   1.64235792 109.68919637  5092.096070438623 5092.049505086005 0.046565352619 
  0.96446195   1.98492462 103.00000000  5096.376426517963 5096.369792959916 0.006633558048 
  0.96446195   1.68888476 133.56783920  5100.814593508840 5098.772761480868 2.041832027971 
  1.15687354   1.65110123 103.00000000  5102.825958639383 5102.820740130305 0.005218509078 
  0.96446195   1.52081161  95.01557515  5103.275669857860 5103.137621428442 0.138048429418 
  1.13176151   1.82308498  99.81703085  5104.895356699824 5104.856679324595 0.038677375229 
  0.89161803   1.51343367 111.01080044  5105.845932915807 5105.851658813397 -0.005725897590 
  0.86820208   1.68888476  83.76500024  5107.924909487367 5108.396888346714 -0.471978859347 
  0.95745945   1.98445482 103.00000000  5108.529853954911 5108.523767268790 0.006086686121 
  0.84743824   1.57268646 106.20928462  5108.668491691351 5108.430401988056 0.238089703295 
  1.02654648   1.97453086  96.14128351  5109.243900254369 5109.241039035815 0.002861218554 
  1.14112362   1.62927644  96.84759129  5109.608226582408 5109.607934241918 0.000292340490 
  0.84809699   1.64947703 119.60549116  5112.956144481897 5112.937564776244 0.018579705653 
  1.07470788   1.53467206 103.00000000  5114.723907753825 5114.718422826929 0.005484926896 
  0.98735615   1.50948718  99.00897094  5115.559182360768 5115.453699669893 0.105482690875 
  0.89703367   1.90447339 111.02877453  5121.678156048059 5121.678939443129 -0.000783395069 
  0.94687427   1.65361114 134.12646303  5122.395021632314 5119.844221166822 2.550800465492 
  0.96847463   1.64761542 134.28361453  5127.725545227528 5125.949052734032 1.776492493495 
  0.96446195   1.55895387 130.83181943  5131.828101396561 5131.813041234973 0.015060161588 
  0.86647903   1.75196283 121.34589157  5136.161423087120 5135.597638915281 0.563784171839 
  1.07400071   1.91590042 103.00000000  5136.862991526723 5136.872057461231 -0.009065934508 
  1.14188729   1.61036218 109.56987303  5144.202304318547 5144.194853115469 0.007451203079 
  0.96446195   1.52932738  92.74283651  5157.309280604124 5157.258955755450 0.050324848674 
  1.12868629   1.68888476  88.14737824  5165.177292019129 5165.436102274401 -0.258810255272 
  0.96446195   1.91695567  77.47076962  5166.048694089055 5166.308371554140 -0.259677465085 
  0.90685066   1.57136714  88.12684019  5167.329923361540 5167.521846712572 -0.191923351033 
  1.14926831   1.77916458  98.82882819  5169.514787212014 5169.477657841299 0.037129370715 
  0.96446195   1.49306374 107.19265715  5170.285402819514 5170.437781497736 -0.152378678222 
  1.07909723   1.90894639 103.65650206  5173.655344337225 5173.668643866353 -0.013299529128 
  1.14685705   1.66140462  94.26510406  5177.883964106441 5177.917127816093 -0.033163709652 
  1.01873845   1.95155775 108.26068551  5183.122402936220 5183.081879900078 0.040523036142 
  0.83012804   1.71477944 103.00000000  5186.099157363176 5186.246701676825 -0.147544313649 
  1.14413881   1.79564803  97.55311591  5187.456833824515 5187.434307512416 0.022526312099 
  0.83303809   1.62733090 103.00000000  5187.686352521181 5187.643306051738 0.043046469443 
  0.84390889   1.80701218 103.00000000  5190.649335101247 5190.666322240987 -0.016987139740 
  0.84914757   1.82321586 104.70841960  5190.841680735350 5190.842661788924 -0.000981053574 
  1.13885786   1.59889071 103.00000000  5191.433857530355 5191.440222581105 -0.006365050750 
  1.12693773   1.58998558  99.40819336  5191.597442522645 5191.625440037164 -0.027997514519 
  0.93499171   1.68888476 133.33061556  5192.502525195479 5189.181993347080 3.320531848400 
  1.10718892   1.68888476  84.44207053  5193.107656702399 5193.187068655773 -0.079411953374 
  1.16331658   1.68888476 103.00000000  5194.158162996173 5194.146066220036 0.012096776137 
  1.11204216   1.86143867 103.00000000  5194.502280622721 5194.490082257743 0.012198364978 
  0.93486317   1.50031958 103.00000000  5195.316479295492 5195.184156429512 0.132322865980 
  1.01400465   1.59475702  83.78326085  5195.679364562035 5195.151864001118 0.527500560916 
  0.96446195   1.70005067  75.67735221  5196.024067267776 5195.711895830225 0.312171437550 
  1.16306489   1.70532262 103.00000000  5196.873366281390 5196.858625418546 0.014740862845 
  1.02088894   1.50572315 104.07324513  5198.857152953744 5198.855780398736 0.001372555008 
  1.00801398   1.60021573  82.94883844  5199.560460090637 5199.042411691607 0.518048399031 
  0.82957392   1.70886752 103.30269019  5205.278849989176 5205.440376477573 -0.161526488398 
  0.98321250   1.91752299 116.64006211  5205.755372673273 5205.168620306118 0.586752367155 
  1.05701968   1.68888476  79.16015136  5206.021337509155 5205.544413842167 0.476923666988 
  0.94001995   1.86651069 121.94819976  5206.824822515249 5205.772940676477 1.051881838773 
  1.08726379   1.72017382  80.80402412  5207.229550868273 5207.211105758714 0.018445109559 
  0.85329592   1.63504142 121.88057676  5207.265162825584 5207.287381325286 -0.022218499702 
  1.03610845   1.68458403  77.95540214  5225.838958621025 5225.281087236376 0.557871384649 
  0.94986602   1.71184162  75.40716523  5226.993309587240 5226.709798047117 0.283511540123 
  0.86013407   1.68888476  85.04514593  5227.421500444412 5227.657016770976 -0.235516326564 
  0.83767630   1.68888476 114.62057078  5227.472106456757 5227.362011279234 0.110095177522 
  0.83081465   1.72951793 103.00000000  5230.655558168888 5230.778968167288 -0.123409998400 
  0.87618213   1.53000888 103.00000000  5230.851122796535 5230.623795081635 0.227327714901 
  0.98666396   1.86527611  74.78394259  5232.048012986779 5232.162115310529 -0.114102323750 
  1.16156923   1.67876139 106.90031690  5233.996563494205 5234.012609476948 -0.016045982743 
  1.15747150   1.63982932 103.00000000  5242.204326659441 5242.199539027024 0.004787632417 
  0.94169217   1.59213473 133.38519198  5244.002126142383 5242.658886280270 1.343239862113 
  0.96446195   1.59484513  82.67351842  5245.763503134251 5245.857246877143 -0.093743742892 
  0.96446195   1.88437792 120.97290897  5247.183389261365 5246.182627375016 1.000761886349 
  0.89558005   1.58925578  86.75442993  5250.636403873563 5251.094232858221 -0.457828984659 
  0.83924357   1.79178281  99.39266338  5251.394695982337 5251.377589378916 0.017106603421 
  0.96446195   1.92521704 116.05392596  5251.742461666465 5251.442146349853 0.300315316612 
  0.84332436   1.80143336  94.35324552  5257.621149703860 5257.538468449603 0.082681254257 
  1.07535385   1.57315536  91.43798552  5259.384172096848 5259.269292337442 0.114879759406 
  1.14304843   1.60327537 103.00000000  5259.598252490163 5259.602819764429 -0.004567274266 
  1.03893558   1.93610092 108.86141675  5261.683138400316 5261.580752974444 0.102385425872 
  1.14342709   1.73996564 112.16941839  5261.738637596369 5261.732140343863 0.006497252506 
  1.05025317   1.68888476 129.71048633  5263.330543547869 5263.231887023255 0.098656524614 
  1.14386315   1.65187582  93.57232721  5266.001584544778 5266.047347515965 -0.045762971187 
  1.16444671   1.68888476 104.69128691  5266.479465752840 5266.487162269444 -0.007696516604 
  0.97582909   1.66528031 134.49576510  5267.439388319850 5265.734746789851 1.704641529999 
  0.98715142   1.68888476 133.73877092  5268.864930301905 5267.536627188953 1.328303112951 
  0.83383896   1.76028808 101.68514228  5271.297796547413 5271.353642673945 -0.055846126532 
  0.84037827   1.76883554 109.40490668  5273.764465376735 5273.760752412747 0.003712963988 
  0.95125988   1.51991065  94.64807209  5277.255028158426 5276.972867293878 0.282160864548 
  0.92942712   1.78301424  74.71056094  5279.945918634534 5279.639958375982 0.305960258552 
  0.84781629   1.68888476 119.80050747  5286.051735952497 5285.967563510470 0.084172442026 
  0.85599273   1.68888476  85.77678535  5299.689203724265 5299.772380420369 -0.083176696104 
  0.90323704   1.95461660 102.58318335  5300.664459660649 5300.671687912516 -0.007228251867 
  0.96446195   1.68888476  75.87939698  5304.712517336011 5304.402181271297 0.310336064714 
  1.16583222   1.68888476 103.90268790  5308.252843260765 5308.251438548990 0.001404711775 
  0.96446195   1.68888476 134.27135678  5312.698795214295 5310.505842755436 2.192952458860 
  0.91380283   1.50440340 103.00000000  5314.204372256994 5314.020939590881 0.183432666114 
  0.84086929   1.79230280 105.72262447  5314.443987429142 5314.462008428762 -0.018020999620 
  1.14911137   1.61580473 101.46823835  5314.597917705774 5314.589984959313 0.007932746461 
  1.01075870   1.69098891 132.83237789  5320.907941445708 5320.161750722419 0.746190723289 
  0.82817160   1.68888476 100.51741613  5322.203735053539 5322.282990915151 -0.079255861611 
  0.96446195   1.72323207  74.54744024  5330.003514409065 5329.618678901771 0.384835507294 
  0.85908112   1.68888476  84.91264730  5330.524753510952 5330.795638489405 -0.270884978453 
  1.01500736   1.74579072  74.67836370  5331.149192422628 5330.950067412587 0.199125010042 
  1.10136951   1.87242824 106.72654529  5331.663695842028 5331.671203086162 -0.007507244134 
  1.05355857   1.68888476 129.65675612  5336.126835241914 5336.038236733892 0.088598508022 
  0.96446195   1.80800700  73.42691347  5336.236724644899 5335.922084050479 0.314640594421 
  1.12495839   1.68888476 119.66684980  5340.518747195601 5340.554951513327 -0.036204317726 
  0.96446195   1.93280835 115.50485364  5343.499118819833 5343.243927513612 0.255191306221 
  1.12223731   1.68888476  86.08624879  5347.590096831322 5347.802780619545 -0.212683788223 
  0.96683725   1.91427479  76.44907226  5348.365850359201 5348.672093532174 -0.306243172972 
  0.96446195   1.49475932 117.72809281  5354.410587400198 5354.301144270050 0.109443130148 
  0.83988947   1.77332813  92.43335324  5358.404354825616 5358.200788669502 0.203566156114 
  0.96446195   1.64079359 135.10379206  5360.221838295460 5358.168456097351 2.053382198109 
  0.96446195   1.98760759 105.35375874  5363.397029444575 5363.422072202147 -0.025042757572 
  1.11782751   1.57392506  99.19177505  5366.355078518391 5366.403945186959 -0.048866668569 
  0.83097483   1.74253103  99.07757795  5366.821167349815 5366.770174038081 0.050993311735 
  0.96446195   1.80738903  73.33687185  5366.854096457362 5366.524502033983 0.329594423379 
  0.96446195   1.84181835 125.56292558  5368.299256831408 5366.609303538798 1.689953292609 
  0.85190537   1.84657906 103.00000000  5373.061118319631 5373.057954538693 0.003163780938 
  1.09602483   1.68888476 124.72654005  5375.671073824167 5375.852450363729 -0.181376539562 
  0.96446195   1.49497487 103.00000000  5378.922113522887 5378.932312127874 -0.010198604987 
  0.86047251   1.84419093 110.17083943  5379.492485836148 5379.492577222932 -0.000091386783 
  1.01014605   1.70743516 132.57183988  5383.009738937020 5382.224146088383 0.785592848637 
  1.03290383   1.58094197  85.87074780  5386.473180159926 5385.891982020345 0.581198139581 
  1.09888987   1.68888476 124.36842253  5390.065435856581 5390.242914227386 -0.177478370805 
  0.96446195   1.95088497 113.06796911  5392.870459958911 5392.824397776050 0.046062182861 
  1.15648119   1.68888476  93.89392068  5392.914690911770 5392.980704844318 -0.066013932548 
  0.93915345   1.77176846  74.01582640  5395.647355541587 5395.153863321495 0.493492220092 
  1.02804741   1.50633645 103.05409966  5399.622627183795 5399.605590121850 0.017037061945 
  1.14666943   1.62754700 113.29419774  5402.506220802665 5402.381986550025 0.124234252640 
  1.12991729   1.57942938 102.08414506  5403.346958339214 5403.360540208128 -0.013581868914 
  0.87774266   1.51969912 112.42184227  5405.455912932754 5405.469026076433 -0.013113143679 
  1.10625626   1.55216668 103.00000000  5411.740691393614 5411.749081106628 -0.008389713014 
  1.15621431   1.68888476 112.00045894  5422.708369165659 5422.659723003842 0.048646161817 
  1.09691033   1.89672998 103.00000000  5422.842938929796 5422.844318780782 -0.001379850986 
  0.83151155   1.64330804 111.92507707  5424.116461127996 5423.997011639241 0.119449488755 
  0.95336085   1.82953145 126.66919387  5425.673268213868 5423.776881769055 1.896386444813 
  1.08751011   1.68888476  81.17738022  5426.542545393109 5426.215714532353 0.326830860757 
  1.06271761   1.95087894  98.66826687  5431.633160367608 5431.599991992892 0.033168374716 
  0.99981638   1.85987579 123.44654495  5436.452885448933 5434.411492044687 2.041393404245 
  0.83495172   1.68888476 114.51381998  5438.345010086894 5438.243156078326 0.101854008568 
  1.13012924   1.71538538  86.15367829  5439.550541892648 5440.292761379786 -0.742219487138 
  0.96446195   1.79771528  73.11766201  5441.175997391343 5440.780141056048 0.395856335295 
  1.15683888   1.68888476  93.59447023  5441.543996647000 5441.626333034159 -0.082336387159 
  1.16230627   1.75150156 103.00000000  5443.544275954366 5443.515074968172 0.029200986193 
  1.07626833   1.92421028 103.71470079  5448.132814168930 5448.149746952881 -0.016932783951 
  0.82641159   1.68888476 101.61780215  5450.108126282692 5450.260303099510 -0.152176816818 
  1.13695796   1.68888476 117.70661611  5450.321363449097 5450.279440725480 0.041922723617 
  1.14397964   1.76998563 110.51331891  5450.391194567084 5450.382134417637 0.009060149448 
  0.97464877   1.83505460 126.44590817  5460.105324968696 5458.259118038398 1.846206930298 
  0.91689314   1.76116194  75.16588608  5461.624448508024 5461.554303942492 0.070144565532 
  1.08821098   1.92039650  98.03310985  5466.458839803934 5466.407116336910 0.051723467024 
  0.95345649   1.92241991 117.33653743  5466.587750852108 5466.183565321131 0.404185530977 
  0.98613002   1.58934627 133.79963054  5467.468083143234 5466.390972066986 1.077111076248 
  0.94918708   1.94256844 114.35451749  5468.109654679894 5468.048365768304 0.061288911590 
  1.13651214   1.79591964 109.83660251  5471.322869569063 5471.306127428016 0.016742141047 
  0.83676364   1.79136488  97.91728509  5475.687823906541 5475.627636559328 0.060187347213 
  0.82590593   1.68888476 103.94917192  5478.345014750957 5478.555698668093 -0.210683917136 
  1.17009170   1.68612089 103.00000000  5480.677573829889 5480.661256442350 0.016317387539 
  0.96860675   1.63814834 135.47860277  5483.852913752198 5481.859223535669 1.993690216529 
  0.96446195   1.84638004  73.39419085  5488.859553560615 5488.730563424851 0.128990135763 
  1.10889032   1.88819440  99.40753691  5490.322092369199 5490.273922936914 0.048169432284 
  0.98882038   1.70637129  74.76435516  5491.046351820230 5490.660308468106 0.386043352125 
  1.15891186   1.65503860 111.21095810  5491.119316413999 5491.061092094640 0.058224319358 
  0.84387899   1.68888476  88.58263154  5496.053231075406 5495.592046107661 0.461184967745 
  0.87862283   1.71845045 127.51745716  5496.605253055692 5493.918745385064 2.686507670628 
  0.84202217   1.75143041 114.37094936  5497.152304112911 5497.156108316826 -0.003804203915 
  0.93742758   1.98187532 106.06533991  5498.125989288092 5498.166074925277 -0.040085637185 
  0.89283463   1.93676221 106.00326976  5502.593731507659 5502.596394761518 -0.002663253859 
  0.96446195   1.89970342 120.45549549  5503.170824468136 5502.150640142474 1.020184325662 
  1.09358235   1.90525874 103.00000000  5504.164006039500 5504.168079530828 -0.004073491327 
  0.96446195   1.66435704 135.42477181  5505.523122444749 5503.249734388290 2.273388056459 
  1.06357118   1.52023609 103.00000000  5506.992814809084 5506.981430562586 0.011384246498 
  1.06252927   1.70471356  78.01389568  5507.245165005326 5506.803595660129 0.441569345197 
  1.17085427   1.68888476 103.00000000  5510.031820505857 5510.014626676039 0.017193829818 
  0.93479225   1.68888476  76.08930079  5510.066231787205 5509.991657176190 0.074574611015 
  1.13247629   1.70183941  86.59209253  5515.062725976110 5515.751218394492 -0.688492418382 
  0.96702476   1.72059684 133.82013643  5515.866571575403 5513.712852891516 2.153718683887 
  0.96446195   1.83473005  73.12376800  5516.014476194978 5515.785850222876 0.228625972101 
  1.04632750   1.95825804 104.34373686  5517.733870342374 5517.746281913837 -0.012411571463 
  1.14018532   1.68888476 117.38406251  5522.870177477598 5522.812490723356 0.057686754242 
  0.96446195   1.68888476 134.97487437  5527.461609303951 5525.157157177275 2.304452126677 
  1.06808742   1.64611720 129.25726275  5529.394542798400 5529.076779372020 0.317763426380 
  1.14949833   1.64169610 114.53697216  5538.062310740352 5537.895316030398 0.166994709954 
  1.15900629   1.68888476 112.03482246  5541.164809033275 5541.113396109076 0.051412924198 
  0.92027400   1.68888476  76.71691908  5544.178880527616 5544.350965007196 -0.172084479580 
  0.96446195   1.91921784  75.92479295  5545.374678209424 5545.711906221014 -0.337228011590 
  1.05383262   1.95621452 103.00000000  5547.639621347189 5547.649662141724 -0.010040794535 
  1.05438446   1.51480066 103.00000000  5548.293017521501 5548.277595762085 0.015421759415 
  0.96446195   1.92605300  76.34206801  5548.471857517958 5548.809815136847 -0.337957618889 
  0.84997923   1.84865473 103.00000000  5553.667984694242 5553.663931512636 0.004053181607 
  0.94331591   1.74282477  73.91911183  5554.606084018946 5554.105235088075 0.500848930870 
  1.00464491   1.49400314 115.30574566  5555.394614264369 5555.361266565511 0.033347698858 
  1.15615289   1.73420624 110.81081111  5559.700389906764 5559.689615630727 0.010774276037 
  0.98565650   1.68888476  75.28340018  5560.069303497672 5559.629269736219 0.440033761453 
  0.85430119   1.80917607 113.93215521  5561.170713260770 5561.162161887843 0.008551372927 
  1.14184952   1.68518836  88.87784761  5566.816951081157 5567.087172663166 -0.270221582009 
  0.96446195   1.49759970 120.92531422  5566.923201605678 5566.865529333225 0.057672272453 
  1.13062763   1.59265858  96.64721450  5569.593565091491 5569.631746707608 -0.038181616117 
  0.96439159   2.00112186 103.81295115  5575.867424011230 5575.868143679097 -0.000719667866 
  1.14282326   1.77224608 111.69923527  5578.042228013277 5578.006108137705 0.036119875572 
  0.82479875   1.68030477 103.00000000  5578.170433878899 5578.391210139363 -0.220776260465 
  0.96446195   2.00376884 103.00000000  5579.818754971027 5579.808095095022 0.010659876006 
  0.87526068   1.91759560 103.00000000  5582.855247706175 5582.859632065534 -0.004384359359 
  0.95709825   2.00366467 102.75106198  5585.358709290624 5585.345881171151 0.012828119473 
  1.01905340   1.50471367 119.22106787  5589.260918706656 5589.263662947844 -0.002744241188 
  1.14760776   1.76249330 111.34940228  5592.362994909286 5592.340333609061 0.022661300225 
  0.94094269   1.85243323  73.81914073  5597.306957587600 5596.966806610256 0.340150977344 
  0.96446195   1.68888476  75.17587940  5599.187810599804 5598.821069695721 0.366740904083 
  1.14741503   1.62553838 114.59388925  5599.534345984459 5599.354960405766 0.179385578693 
  0.89770306   1.68888476  78.27965555  5604.102364182472 5604.774787444286 -0.672423261813 
  1.07126041   1.68888476  79.04691744  5614.585612714291 5613.981210903179 0.604401811112 
  0.86361688   1.54115110 100.64283135  5627.289353981614 5627.120127796441 0.169226185173 
  0.99529615   1.88549712 121.94304795  5628.329486623406 5626.319116569585 2.010370053821 
  0.93193823   1.58989430 134.33011091  5631.900151073933 5629.961142850333 1.939008223600 
  1.10887792   1.88772027 103.00000000  5635.059905230999 5635.053147349546 0.006757881453 
  1.14979298   1.63673012 115.00021865  5643.725891485810 5643.533130838457 0.192760647354 
  1.16692455   1.72411183 107.72382169  5644.259568884969 5644.266442928008 -0.006874043040 
  0.82412060   1.68888476 103.00000000  5645.827075853944 5646.037252927286 -0.210177073342 
  0.96328436   1.58566365 134.77097686  5654.535335302353 5653.184625516630 1.350709785723 
  0.96446195   2.01215646 100.92184482  5656.019266307354 5655.992598729515 0.026667577839 
  1.03838091   1.98733881  96.41472996  5661.425887659192 5661.383362985681 0.042524673511 
  0.96446195   1.70665305  74.29842423  5662.636203542352 5662.218157691185 0.418045851166 
  0.98137383   1.57780948  83.51516348  5670.772059395909 5670.658362245875 0.113697150035 
  0.96052609   1.81258159  72.53425603  5675.235514163971 5674.748691279210 0.486822884761 
  1.03328833   1.98979294  98.75001282  5677.156413674355 5677.126046851386 0.030366822969 
  0.84848669   1.85523468  98.38740248  5678.231973931193 5678.252390932267 -0.020417001074 
  0.85975736   1.88432440 103.00000000  5683.200618520379 5683.197055324335 0.003563196045 
  0.96446195   1.90380906 120.82655036  5684.937704935670 5683.789464463691 1.148240471979 
  1.12930338   1.64092042 120.59181427  5690.598654821515 5690.361064941562 0.237589879953 
  0.84037473   1.81962997 103.00000000  5701.160428270698 5701.167478703117 -0.007050432419 
  0.96446195   1.92921156 117.92091462  5706.565086886287 5705.897438842681 0.667648043605 
  0.96995554   1.54634780  87.69441954  5707.513451278210 5707.666828493464 -0.153377215254 
  1.04733088   1.68888476 131.55552458  5708.950342059135 5708.644859552514 0.305482506621 
  1.13781655   1.82204812 107.25493794  5711.162545636296 5711.153783949400 0.008761686896 
  1.14162471   1.83236777 102.23038852  5713.802057996392 5713.756832119699 0.045225876694 
  1.04434240   1.68032110  77.28364707  5715.764385536313 5714.972350059114 0.792035477200 
  1.06179407   1.68442481 130.30911540  5717.669742971659 5717.521722694531 0.148020277128 
  1.17121596   1.74379252 100.48337034  5721.290161654353 5721.487344419685 -0.197182765331 
  1.12973918   1.64778187  88.25413369  5725.331284895539 5725.235632335972 0.095652559567 
  0.96446195   1.78205672  72.41842479  5731.287299335003 5730.752467214804 0.534832120199 
  1.10956616   1.55015395 101.44633742  5732.774133965373 5732.804856741401 -0.030722776028 
  1.11363191   1.68888476  83.18692407  5733.268269270658 5733.191756309720 0.076512960938 
  0.94215779   2.00300281 103.26372468  5734.497575446963 5734.492531433478 0.005044013486 
  0.96469684   1.95200313 115.00030834  5741.232962533832 5740.971264483161 0.261698050671 
  0.96446195   2.01005025 103.00000000  5741.674069896340 5741.662228418241 0.011841478099 
  1.17271595   1.73667500  99.77751632  5742.964929923415 5743.152774929200 -0.187845005785 
  0.96446195   1.68888476 135.67839196  5744.992449522018 5742.624258969424 2.368190552595 
  0.95480681   1.68888476 135.64658416  5745.108454167843 5742.220380089018 2.888074078825 
  0.96446195   1.81052381  72.27832029  5746.694917812943 5746.226654486371 0.468263326573 
  0.96446195   1.90468243  74.33673593  5749.486586242914 5749.765622180786 -0.279035937871 
  0.89055185   1.94627431 105.08266352  5751.875481605530 5751.878252063041 -0.002770457511 
  0.90287608   1.68888476  77.43607734  5753.417338117957 5753.951706176958 -0.534368059001 
  1.00844124   1.67498877  75.92743588  5754.539410084486 5753.884624847050 0.654785237436 
  1.17594994   1.68888476 104.86069578  5755.480888456106 5755.488510466945 -0.007622010839 
  1.02768986   1.54912543  89.10944857  5756.817512691021 5756.616202318547 0.201310372474 
  0.95341799   2.00893966 103.00000000  5762.179883122444 5762.169380161397 0.010502961047 
  0.96775296   1.87283496  73.08168677  5766.549447521567 5766.585760154564 -0.036312632997 
  1.14988262   1.81463607 103.00000000  5770.248401701450 5770.205281540636 0.043120160814 
  0.94937754   1.90441834  74.61984661  5771.035126760602 5771.159858189755 -0.124731429153 
  1.07157079   1.68888476 129.36888079  5772.084162637591 5772.030707122594 0.053455514997 
  0.96446195   1.62862722  78.35143224  5777.156423792243 5776.944684044981 0.211739747262 
  1.17051702   1.68888476 109.61406540  5787.577693372965 5787.570859365964 0.006834007001 
  0.88869070   1.54723576  92.02229695  5788.851302266121 5788.872646642336 -0.021344376215 
  0.96446195   1.48888476 103.00000000  5793.587692826986 5793.504475801989 0.083217024998 
  0.96446195   1.92862420 118.43433042  5794.254539743066 5793.478234642022 0.776305101043 
  1.17407682   1.68888476 107.64989790  5797.760980650783 5797.777667793613 -0.016687142830 
  1.06912960   1.52414778  99.91495985  5800.892355635762 5800.936212271947 -0.043856636185 
  0.82620205   1.74486499  99.87900987  5802.540335595608 5802.538190587662 0.002145007946 
  0.97538408   1.86112877  72.63984773  5804.957348510623 5804.950254999137 0.007093511486 
  0.96446195   1.48869347 103.00000000  5806.939570009708 5806.856379693473 0.083190316235 
  0.84328851   1.64137065  90.04263834  5811.514394879341 5810.756953705969 0.757441173372 
  1.04450437   1.61638891  81.48854164  5812.852423310280 5811.442761003043 1.409662307236 
  1.13610551   1.65233504  88.60602979  5813.643152907491 5813.624321086482 0.018831821008 
  1.15440545   1.72224561  89.28196198  5817.163321286440 5817.897500623874 -0.734179337434 
  0.96446195   1.91754334 119.88517536  5818.881667003036 5817.848382465963 1.033284537072 
  1.07643200   1.72510819  77.52015270  5827.169250234962 5826.739917210296 0.429333024666 
  1.17839196   1.68888476 103.00000000  5829.942821562290 5829.920307438961 0.022514123330 
  1.01098130   1.48848636 109.97698076  5831.920886844397 5832.001392246380 -0.080505401984 
  0.82259337   1.66232286 103.00000000  5832.658355191350 5832.639395783173 0.018959408177 
  1.14694018   1.68888476 117.63321704  5833.162050142884 5833.075307359388 0.086742783496 
  0.95404597   1.97141269 112.24728056  5835.908040404320 5835.949893709948 -0.041853305628 
  1.16307607   1.61481931 107.05034040  5836.059623643756 5836.078065483290 -0.018441839534 
  0.96446195   1.99548697 107.92491208  5837.954158097506 5838.031947134801 -0.077789037296 
  1.17882247   1.68888476 102.88493085  5847.879255011678 5847.854015331383 0.025239680294 
  0.96446195   1.59457879 135.85333449  5848.571471408010 5846.806095708118 1.765375699892 
  1.17799649   1.67324051 103.00000000  5848.998723328114 5848.978579993601 0.020143334513 
  1.05864923   1.93935502 109.12015946  5850.197010740638 5849.968453264872 0.228557475766 
  1.04569022   1.95050505 109.49942014  5851.180693849921 5850.909861553840 0.270832296082 
  1.04336634   1.50466433 103.00000000  5857.831048995256 5857.813738462923 0.017310532334 
  1.12465577   1.66641438  85.48176378  5858.957291871309 5858.812276107631 0.145015763678 
  1.02299114   1.73076510  73.93318300  5859.949469730258 5859.671961764348 0.277507965910 
  0.95443092   1.48474223 105.33103918  5862.838548466563 5862.887710678056 -0.049162211492 
  0.94845133   1.63080268 136.65745596  5864.686698079109 5861.699119231062 2.987578848047 
  1.14902386   1.58749219 103.34624283  5866.647257730365 5866.653247034070 -0.005989303705 
  0.96446195   1.48633704 117.85872672  5869.487899750471 5869.355153383915 0.132746366557 
  1.16356056   1.69149322 113.18464742  5870.313626304269 5870.237922800701 0.075703503568 
  1.06557890   1.96119109 101.36895184  5876.783429294825 5876.772319189449 0.011110105375 
  0.82171817   1.68888476 102.85787832  5878.692051619291 5878.908453545829 -0.216401926537 
  0.96446195   1.53898896  88.39560753  5882.541368111968 5882.712986763647 -0.171618651679 
  1.02927617   1.56775209  85.89468110  5886.885295897722 5886.214418450586 0.670877447136 
  0.97218387   1.59016437  81.51462659  5887.216486632824 5887.092774360816 0.123712272008 
  0.98415367   1.67604926  75.11689364  5887.358749657869 5886.853503547432 0.505246110438 
  1.12171581   1.68888476  83.70791709  5888.124765068293 5888.115940347471 0.008824720821 
  0.92668504   1.89023970 121.55279184  5892.372836455703 5891.206273375094 1.166563080608 
  0.98214442   1.69171103  74.33398129  5896.598460599780 5896.143903943070 0.454556656710 
  1.17578122   1.68888476 108.16241459  5902.340576142073 5902.354595793672 -0.014019651599 
  0.96446195   1.68888476  74.47236181  5902.533910274506 5902.120600474727 0.413309799778 
  0.85560633   1.54030268 103.00000000  5903.831518724561 5903.644850321935 0.186668402625 
  0.82261984   1.64950616 103.00000000  5905.885912582278 5905.878707730910 0.007204851368 
  0.94718104   1.48834750 119.16809272  5910.623872384429 5910.604414314763 0.019458069666 
  1.09848889   1.71481620  79.71954455  5911.148576781154 5910.868076397302 0.280500383852 
  1.10884305   1.71764769 124.18090223  5911.800256669521 5911.767707250436 0.032549419086 
  1.16429794   1.78499438 103.00000000  5912.387068852782 5912.620176060686 -0.233107207904 
  1.11725315   1.88480472 103.73738208  5918.171033844352 5918.167756323254 0.003277521098 
  0.89651812   1.69353257  77.38401634  5925.015761852264 5925.688068473285 -0.672306621021 
  0.97931320   1.50740472  95.22452843  5940.386665925384 5940.168331528651 0.218334396733 
  1.17849812   1.71754434  98.44986717  5940.573078706861 5940.734036107384 -0.160957400523 
  0.82990468   1.68888476 115.05841893  5948.510345980525 5948.439116996533 0.071228983992 
  1.01439643   1.48982390 114.97550242  5949.696665197611 5949.694191903360 0.002473294251 
  0.82279729   1.64208480 103.00000000  5951.007518962026 5951.005185960135 0.002333001890 
  1.01242691   1.68888476  74.87086932  5955.634252101183 5955.066480029990 0.567772071193 
  0.91054512   1.68888476  76.34349602  5958.749638572335 5959.040561345172 -0.290922772837 
  0.82361064   1.73688562 103.00000000  5963.474189177155 5963.600186031422 -0.125996854266 
  0.96446195   1.68888476 136.38190955  5965.177622735500 5962.802296516614 2.375326218887 
  1.17836859   1.65470074 103.00000000  5974.223918780684 5974.205602273018 0.018316507667 
  0.84349071   1.59454056  94.43137151  5975.081585913897 5974.713365701201 0.368220212696 
  0.82655651   1.69844802 112.38459552  5975.225064173341 5975.157733051042 0.067331122299 
  1.06391315   1.50655508 110.06330341  5983.619243159890 5983.699256039099 -0.080012879209 
  1.16768957   1.63135053  98.71253331  5986.268657147884 5986.219186093328 0.049471054556 
  0.96446195   1.53601932  88.58016257  5992.404342934489 5992.571229185962 -0.166886251473 
  1.11253737   1.70392772  81.45811921  5992.561704263091 5992.422524510131 0.139179752960 
  0.95552135   1.68888476  74.36859218  6000.374294370413 5999.984562126720 0.389732243693 
  1.17823976   1.64995001 103.00000000  6009.234892070293 6009.216959588206 0.017932482087 
  1.08541396   1.52075674 104.88470552  6015.107748448849 6015.095792896353 0.011955552496 
  0.95271008   1.89391467  73.17036063  6020.557075172663 6020.486206383569 0.070868789094 
  1.08697920   1.68888476 128.49620523  6022.229527637362 6022.237232920223 -0.007705282860 
  1.04459056   1.68888476 132.85989280  6022.275593385100 6021.864214737735 0.411378647365 
  0.91923755   1.74158001  73.91126872  6023.570787817240 6023.174468260351 0.396319556889 
  1.04462798   1.68888476  76.06147023  6025.168398559093 6024.404354239557 0.764044319537 
  1.10421226   1.90241337 105.95747511  6025.678897902369 6025.682699977381 -0.003802075012 
  0.94068523   1.56450288 134.51593396  6028.066368013620 6026.936463986923 1.129904026698 
  1.12431230   1.88391117 101.47522845  6031.188985943794 6031.144094806955 0.044891136839 
  0.96446195   1.69829993  73.76953220  6032.899774506688 6032.449898103157 0.449876403531 
  1.12171647   1.55257254 102.00300770  6034.419289350510 6034.444148691764 -0.024859341254 
  1.08172657   1.52051213 103.00000000  6045.465404942632 6045.462857105272 0.002547837360 
  1.17248089   1.76736780 103.61478993  6056.209102943540 6056.430638160482 -0.221535216942 
  1.11592230   1.54500958 103.00000000  6056.285321220756 6056.297874985637 -0.012553764881 
  1.00834451   1.74334698  72.62296670  6058.704728394747 6058.505391375889 0.199337018857 
  0.90222095   1.58261042  84.51999475  6063.316921785474 6063.991482211806 -0.674560426332 
  1.18161620   1.66135740 103.00000000  6065.214358359575 6065.192905563944 0.021452795631 
  0.95025529   1.68888476 136.63541985  6072.775113165379 6069.526060913430 3.249052251948 
  0.83386338   1.62669739  93.87015339  6077.510827556252 6076.778750069200 0.732077487052 
  0.83683463   1.76031689 114.55877853  6078.845049411058 6078.859723723600 -0.014674312542 
  0.82658256   1.69704544 113.37564374  6080.139701977372 6080.069938765985 0.069763211387 
  0.96590461   1.48007179 115.35901551  6082.371831893921 6082.328602170891 0.043229723030 
  1.10781707   1.68888476  81.17609126  6084.254188567400 6083.811122084685 0.443066482715 
  1.03703048   1.68888476  75.51378509  6085.187539577484 6084.460792951829 0.726746625655 
  0.92203621   1.68888476  75.32935760  6088.629099160433 6088.612420526258 0.016678634175 
  1.14001777   1.65732016 120.78011734  6090.295882597566 6090.095688463428 0.200194134138 
  0.91629203   2.01116891  92.59385652  6090.807903975248 6090.779640655547 0.028263319701 
  1.14664511   1.70130778  86.41212274  6102.550028741360 6103.285855973926 -0.735827232566 
  0.97202368   1.95797873 116.20134511  6105.120432049036 6104.495436767424 0.624995281612 
  0.82112525   1.68888476 108.58481972  6105.722594067454 6105.802108386648 -0.079514319194 
  1.05211486   1.64896110  78.56667199  6105.791171565652 6104.310692531783 1.480479033869 
  0.85831121   1.89494752 104.20698617  6106.219268471003 6106.209588715172 0.009679755831 
  1.18328573   1.72295801 103.00000000  6118.633472844958 6118.819742420877 -0.186269575918 
  0.82807787   1.77656993 105.18064389  6121.684895411134 6121.730466364950 -0.045570953816 
  1.14049940   1.68888476 120.62437941  6126.555011242628 6126.512686695877 0.042324546751 
  0.83099895   1.80052499 102.48226761  6131.976405873895 6131.998250489502 -0.021844615607 
  0.96446195   1.53508306 132.09761088  6134.005521088839 6134.052076799840 -0.046555711001 
  0.96446195   1.80118802  71.24624301  6138.077475473285 6137.426225193872 0.651250279413 
  1.17708510   1.68888476 110.49106383  6142.141224145889 6142.120215731882 0.021008414007 
  1.16618310   1.80151898  99.32671610  6147.625026613474 6147.848868372578 -0.223841759104 
  0.96446195   1.84015446  71.33601122  6148.809194520116 6148.331127778653 0.478066741462 
  1.09803529   1.68888476  79.86590793  6152.899408131838 6152.224986020410 0.674422111428 
  0.84941428   1.63795811 125.23728220  6156.602104336023 6156.037489355453 0.564614980571 
  1.10428378   1.72597546 125.51432950  6158.923632845283 6158.668937127792 0.254695717491 
  1.14390492   1.84975775 103.00000000  6163.344853922725 6163.602324961459 -0.257471038734 
  0.86582614   1.59863531  87.19271270  6167.283420830965 6167.420572627969 -0.137151797004 
  1.16746744   1.60637441 107.40561385  6175.451348915696 6175.469311551786 -0.017962636090 
  1.16245483   1.59630813 107.79079002  6177.214236572385 6177.229361752777 -0.015125180392 
  1.17313375   1.62045884 102.65919221  6178.730265066028 6178.713726187190 0.016538878837 
  0.88972789   1.50977655  99.65171126  6181.914414495230 6181.637770627032 0.276643868197 
  0.96446195   1.84281086  71.26007157  6185.515687763691 6185.039894905919 0.475792857772 
  0.96446195   1.67942134  74.27739270  6187.580328226089 6187.154976301304 0.425351924785 
  0.96446195   1.68888476 137.08542714  6187.901083096862 6185.583764046569 2.317319050293 
  0.95943481   1.94446364 118.34950011  6190.858828663826 6190.099208808026 0.759619855800 
  1.04955943   1.68888476 133.00272154  6191.856858000159 6191.469957987585 0.386900012574 
  1.12060022   1.89399804 103.00000000  6193.745600745082 6193.731206746472 0.014393998610 
  1.15279327   1.68888476  87.63276637  6201.548626780510 6202.199789794137 -0.651163013627 
  0.96446195   1.68830611  73.82264589  6202.474734902382 6202.031351973522 0.443382928860 
  1.11869325   1.68888476  82.08437139  6206.106059968472 6205.807060725624 0.298999242847 
  1.09898613   1.68888476 127.66461128  6207.183810800314 6207.225635501663 -0.041824701349 
  0.96446195   1.68888476  73.76884422  6214.854423165321 6214.408887652060 0.445535513261 
  0.97540579   1.93359590 119.86297738  6218.514734014869 6217.044297211294 1.470436803575 
  0.99273996   1.96836238 114.81010442  6224.730138063431 6223.871655805174 0.858482258257 
  0.96446195   2.02889447 103.00000000  6228.401271045208 6228.387346948040 0.013924097168 
  0.89767477   1.72557279  75.44982983  6229.078428342938 6229.517260061949 -0.438831719011 
  0.95369704   1.96720313 115.32976838  6233.892077058554 6233.665478709347 0.226598349207 
  0.96446195   1.58380540  81.35878952  6234.595272928476 6234.580600542309 0.014672386167 
  0.94416665   2.02401103 103.00000000  6235.534969612956 6235.523960122047 0.011009490909 
  1.05896526   1.73239053  74.76211325  6243.399411454797 6242.842039170274 0.557372284523 
  0.82680796   1.78320824 103.00000000  6248.062459766865 6248.107869851865 -0.045410085000 
  0.96446195   1.48241206 103.00000000  6256.786053925753 6256.702033761810 0.084020163943 
  0.96446195   1.95667404 117.18379890  6258.504180416465 6257.830738989589 0.673441426876 
  1.17568183   1.77946513  98.84117550  6264.215652674437 6264.426008456459 -0.210355782023 
  0.96446195   1.78034709  71.08887825  6266.545056387782 6265.850370728303 0.694685659479 
  0.86692279   1.92672954 103.00000000  6267.740313038230 6267.745424246012 -0.005111207782 
  0.94748972   1.65229383  75.87297572  6271.749669983983 6271.570913272091 0.178756711892 
  0.96446195   1.98485650 113.12652562  6275.525832056999 6275.416640198860 0.109191858139 
  1.16834778   1.78941868 105.58510006  6276.798301637173 6277.041989761419 -0.243688124247 
  1.03651089   1.68888476 134.35155951  6278.155484303832 6277.664812867853 0.490671435979 
  0.96446195   1.97142461 115.23627971  6280.222384259105 6279.857303658770 0.365080600334 
  0.96446195   1.71200415  72.66406864  6288.539694666862 6288.034978256071 0.504716410792 
  1.08244594   1.72916338 128.68057542  6292.789312034845 6292.229240196747 0.560071838098 
  1.11901154   1.54023627 104.36039973  6292.901577040553 6292.903913844691 -0.002336804137 
  0.93785896   2.02366564 102.89164506  6298.129085347056 6298.116995395436 0.012089951621 
  0.85654111   1.61640116  86.82368589  6299.930264323950 6299.883833139025 0.046431184925 
  0.86293383   1.91843779 103.00000000  6301.438808947802 6301.441554604533 -0.002745656731 
  0.96446195   1.58274031 136.87517631  6303.222378134727 6301.389841751580 1.832536383147 
  0.93174938   1.51535150  92.52719521  6304.133766755462 6303.932990894758 0.200775860703 
  0.96446195   1.56415881 135.72437022  6309.313922986388 6308.090876082027 1.223046904362 
  0.94149075   1.48982749 122.67282239  6314.638889670372 6314.873895074171 -0.235005403799 
  1.08543088   1.64541187 130.16677693  6320.998466148973 6320.437374774891 0.561091374081 
  1.01481293   1.66526540 136.38767225  6321.399149134755 6320.474424898872 0.924724235883 
  1.18968787   1.68325570 103.00000000  6323.489667639136 6323.459613030938 0.030054608198 
  0.95174814   1.71737337  72.58703875  6328.916333168745 6328.318094112992 0.598239055753 
  0.90760897   1.68888476  75.67570083  6332.527296021581 6332.787849514735 -0.260553493154 
  0.96446195   1.69905492 137.23284891  6333.620996952057 6331.426829406902 2.194167545155 
  0.99151748   1.72228933  72.22436692  6339.835726752877 6339.537162891456 0.298563861421 
  0.89228505   1.97845471 103.00000000  6341.280992045999 6341.287851560835 -0.006859514837 
  0.97944015   1.93542965 120.16501031  6341.744798123837 6340.001960532409 1.742837591428 
  0.96480764   1.48120843 103.00000000  6345.843883305788 6345.760727795763 0.083155510025 
  1.11364398   1.91281494 103.00000000  6364.741074755788 6364.735911232994 0.005163522794 
  1.11420564   1.67786537 126.36448111  6365.762338072062 6365.796564969075 -0.034226897013 
  0.90868082   2.00156239 103.00000000  6367.808351308107 6367.808646801699 -0.000295493592 
  0.96446195   1.89766285  71.84703703  6375.304931730032 6375.319540408938 -0.014608678906 
  1.18984317   1.70849167  99.28153787  6381.305026546121 6381.417398706943 -0.112372160822 
  0.81794910   1.71974667 103.00000000  6383.813534066081 6383.985223152796 -0.171689086715 
  1.02116910   2.03092323  95.52677798  6388.058882400393 6388.001943881631 0.056938518763 
  0.91138650   1.96412085 112.43433878  6389.090192615986 6389.089967078800 0.000225537186 
  1.12239768   1.68888476 125.01500660  6390.003961861134 6390.060058939681 -0.056097078547 
  0.96446195   2.03517588 103.00000000  6390.814954325557 6390.800670845229 0.014283480328 
  0.81658291   1.68888476 103.00000000  6394.369401678443 6394.609009099599 -0.239607421156 
  1.12484609   1.88515477 106.15560836  6395.097581222653 6395.083276727820 0.014304494834 
  0.91549377   1.65800809 136.88196209  6398.064134046435 6392.218083218934 5.846050827501 
  0.96446195   1.75072609  71.27584008  6402.095196589828 6401.453431000101 0.641765589727 
  1.18993953   1.72514374 101.14350408  6404.022581577301 6404.161175445342 -0.138593868041 
  1.07478975   1.68888476  77.02182418  6404.464382261038 6403.455463772833 1.008918488204 
  0.95208293   1.68888476 137.71099498  6406.416507527232 6403.360487905948 3.056019621285 
  1.19061695   1.68888476 105.57035833  6408.076629027724 6408.093293968696 -0.016664940972 
  0.99768162   1.58634613 136.46186105  6411.780042260885 6410.008042250986 1.772000009899 
  0.96446195   1.68888476 137.78894472  6413.043274536729 6410.858238574816 2.185035961913 
  0.87029844   1.51309446 103.00000000  6417.507387608290 6417.284084753750 0.223302854540 
  0.92835363   1.95880389 115.86908734  6429.120124831796 6428.930692541579 0.189432290217 
  1.07366521   1.70841627  76.02516642  6436.738857373595 6435.962056333959 0.776801039636 
  0.96446195   2.05018291  90.61304356  6438.594956770539 6438.579883526039 0.015073244500 
  0.87840264   1.96660960  99.19154183  6453.663552805781 6453.702353489674 -0.038800683893 
  0.97689052   1.87338513  70.89199848  6454.065870210528 6453.987959984094 0.077910226434 
  0.98128314   2.03696812 103.00000000  6454.914196297526 6454.899415939622 0.014780357904 
  0.97616102   1.68888476  73.17028635  6461.748548671603 6461.294400013298 0.454148658305 
  1.01941790   1.48788896 102.77270433  6462.148076340556 6462.134132787458 0.013943553098 
  0.96849328   1.93125668 121.28639620  6462.317253544927 6460.731855844920 1.585397700007 
  1.13860461   1.65429867 122.89476269  6468.469351202250 6468.230738749932 0.238612452317 
  1.18839131   1.68888476 108.55417222  6469.509710133076 6469.528809078583 -0.019098945508 
  0.81780202   1.69023534 109.06222915  6475.928871363401 6476.001688316033 -0.072816952632 
  1.05864691   1.68555895 133.20957096  6476.757361114025 6476.399357007678 0.358004106347 
  0.99645460   1.53497974 132.38078046  6477.658737942576 6477.150493241142 0.508244701435 
  1.18151395   1.67921639 112.08417052  6478.405457809567 6478.337792056662 0.067665752906 
  1.19346734   1.68888476 103.00000000  6480.329810798168 6480.482640823330 -0.152830025162 
  0.96446195   1.68888476 138.00000000  6481.039491221309 6478.909823906162 2.129667315146 
  1.03781136   1.49983513  99.52391021  6483.369409143925 6483.386884343686 -0.017475199761 
  1.18980229   1.68791702  97.51630564  6484.943491548300 6485.050777138761 -0.107285590461 
  1.00834763   1.68888476 136.79048148  6485.631077274680 6485.009419684438 0.621657590242 
  0.96446195   2.04846870  88.16586848  6486.534837365150 6486.461303656066 0.073533709085 
  1.07871887   1.65191301  79.21588758  6488.565310910344 6486.777950809033 1.787360101311 
  0.88981481   1.97651931 104.24837303  6490.422298744321 6490.429990063012 -0.007691318691 
  0.83025762   1.75195270  88.99029593  6494.774289175868 6494.774530737229 -0.000241561361 
  1.06458871   1.98531231 102.19034701  6496.178011417389 6496.176066055548 0.001945361841 
  0.90174361   1.57238930  84.61338301  6496.981203868985 6497.506491679441 -0.525287810456 
  0.89036263   1.54733951  89.33038291  6499.509844452143 6499.814095666455 -0.304251214312 
  0.90932852   1.72963148  73.72252637  6503.584362506866 6503.314452171110 0.269910335756 
  0.96446195   1.96574379 117.25920138  6504.394338488579 6503.658031167250 0.736307321329 
  0.86974990   1.68888476  79.29821815  6508.265718728304 6509.558783134502 -1.293064406198 
  1.19063719   1.69928395  97.28785680  6509.232178822160 6509.356885644582 -0.124706822422 
  0.94038455   1.93281265 120.55978409  6514.100089117885 6513.204950516779 0.895138601106 
  1.03003655   1.68888476  74.14216648  6515.838945195079 6515.163613374215 0.675331820864 
  0.96446195   1.47473111 106.13228977  6518.572443172336 6518.684675120289 -0.112231947954 
  0.96446195   1.69232317  72.94635452  6519.863363549113 6519.400686001984 0.462677547130 
  1.16903369   1.68325481  89.80032983  6521.147965073586 6521.720943191377 -0.572978117792 
  0.90459393   1.68888476  75.46597807  6521.171350106597 6521.459197205897 -0.287847099300 
  1.18365091   1.76894644 103.00000000  6527.732073321939 6527.918473723638 -0.186400401700 
  0.96446195   1.53426239  87.29927649  6532.335741892457 6532.552833645933 -0.217091753476 
  0.96791517   1.47202446 110.49745805  6535.126943498850 6535.350046942629 -0.223103443779 
  0.96446195   1.68888476  73.06532663  6536.258120670915 6535.802103409696 0.456017261218 
  0.93684159   1.58147996 137.29981975  6539.611791342497 6536.835590722768 2.776200619729 
  1.18026992   1.72588178  91.86271946  6542.977414682508 6543.561750230544 -0.584335548037 
  0.95180224   1.64853650 138.89841567  6547.374639913440 6544.249159129475 3.125480783965 
  0.97700095   1.71210167  72.01472201  6552.010806769133 6551.608051012357 0.402755756775 
  1.19385137   1.69238076 105.76006323  6557.836760729551 6557.855012881912 -0.018252152361 
  0.96446195   1.68888476  73.00000000  6566.567983657122 6566.112087673438 0.455895983684 
  0.82357846   1.76036614 108.89840154  6574.518429696560 6574.526265010831 -0.007835314271 
  0.87446810   1.71643072  77.48274692  6576.844940498471 6578.287049104192 -1.442108605721 
  0.92282713   1.64051872 138.08324897  6578.620440930128 6573.241312821905 5.379128108223 
  1.09826226   1.68888476  78.53177583  6584.618815705180 6583.607266265037 1.011549440143 
  1.18891749   1.68888476 109.75921092  6585.076306194067 6585.078148315679 -0.001842121612 
  1.04990031   1.71245770  73.92283225  6588.381042450666 6587.820003718361 0.561038732305 
  0.97205082   1.71040123  71.99195307  6595.685742333531 6595.245686010608 0.440056322924 
  0.96446195   1.55888169  83.45372802  6595.688935711980 6595.818855315489 -0.129919603509 
  1.02183922   1.68888476 136.38766763  6598.776159867644 6598.328741959743 0.447417907902 
  1.07241727   1.50563232 103.00000000  6602.104049354792 6602.098313167344 0.005736187448 
  0.96446195   1.96044984 118.46760025  6605.621626183391 6604.639834953462 0.981791229929 
  0.93793943   1.50005744  94.96273200  6607.587573736906 6607.207893665160 0.379680071746 
  0.96446195   1.98786167 114.70812736  6612.401421964169 6612.071724992015 0.329696972153 
  1.07892895   1.50363849 108.38221932  6615.064461156726 6615.101440798790 -0.036979642064 
  0.81446195   1.68888476 103.00000000  6616.425939112902 6616.391214862916 0.034724249986 
  1.13151873   1.68572759 124.57694380  6617.389104872942 6617.409631753532 -0.020526880590 
  1.00463711   1.48186702 118.91703113  6619.553491950035 6619.367753867764 0.185738082271 
  1.17156919   1.59365698 104.03701888  6619.602750837803 6619.604713382582 -0.001962544779 
  1.18461145   1.62265660 106.93663009  6625.413206830621 6625.442282998614 -0.029076167993 
  1.01996096   1.48534347 103.00000000  6626.678058445454 6626.667533559554 0.010524885900 
  0.88074000   1.68888476  77.51038728  6629.131856679916 6630.201599117030 -1.069742437114 
  0.96446195   1.47319932 106.20318913  6629.523343905807 6629.643779638517 -0.120435732711 
  0.87643664   1.96232278 102.75797020  6631.592604324222 6631.603635334338 -0.011031010116 
  0.89626728   1.51847318  93.81457881  6632.524846076965 6632.410002063613 0.114844013352 
  0.96446195   1.68888476 138.49246231  6640.482638180256 6638.512120036184 1.970518144072 
  1.18656920   1.76335386  96.23507351  6640.872235730290 6641.143209843302 -0.270974113011 
  1.13656446   1.54710417 105.04967222  6644.544308662415 6644.548316904013 -0.004008241598 
  0.95520143   2.04735694  85.71423793  6647.387998268008 6647.220580124042 0.167418143966 
  0.98546350   2.04363665 103.00000000  6647.558686316013 6647.544233271181 0.014453044832 
  1.10492028   1.92851420 105.84616145  6650.280767023563 6650.265373857535 0.015393166029 
  0.81855326   1.75441111 103.00000000  6654.833490714431 6654.931639178751 -0.098148464320 
  1.19749761   1.68137166 103.00000000  6667.598164469004 6667.739075762475 -0.140911293472 
  1.16604877   1.82873965 103.00000000  6671.063384950161 6671.282644629392 -0.219259679231 
  1.13352233   1.89413355 102.92592599  6675.958245873451 6675.928925609229 0.029320264222 
  0.87327577   1.50607963 103.00000000  6676.085506260395 6675.861510368521 0.223995891874 
  0.84719853   1.60711337  88.66641162  6678.735566362739 6678.492946244922 0.242620117817 
  0.97870996   1.71393930 137.61898864  6679.216628864408 6678.237134177717 0.979494686690 
  1.18383877   1.78144680 103.00000000  6690.074865177274 6690.258659332919 -0.183794155645 
  0.91526968   1.47771299 115.25651188  6692.957536116242 6693.268378686378 -0.310842570136 
  1.12424231   1.68888476  81.04619877  6694.769998267293 6694.508853685877 0.261144581416 
  0.91709738   2.02311355 103.00000000  6698.015370145440 6698.010974160406 0.004395985034 
  0.96446195   2.06069161  90.29763153  6701.755290359259 6701.751707611971 0.003582747288 
  0.86740000   1.65174339  81.01385540  6706.350982561707 6707.292133568394 -0.941151006687 
  1.16575543   1.83621727 100.80684796  6708.057622581720 6708.260719525866 -0.203096944146 
  0.97945654   1.87164602 127.95659292  6711.808834552765 6709.524964425124 2.283870127641 
  1.07665846   1.69696192 131.93428716  6713.441640481353 6713.204684670810 0.236955810543 
  1.01707740   1.67753407  73.78467816  6715.091693371534 6714.382554065213 0.709139306321 
  0.96446195   2.04773869 103.00000000  6715.527395218611 6715.514302803735 0.013092414876 
  0.84154588   1.67615512  84.92558090  6727.178620234132 6727.210824073546 -0.032203839414 
  0.96446195   1.47613065 103.00000000  6729.242804020643 6729.160871597690 0.081932422953 
  1.12310459   1.91016068 104.25744318  6735.750506073236 6735.752555346207 -0.002049272971 
  1.18914644   1.75808944  95.66746596  6738.460893169045 6738.758288721971 -0.297395552925 
  1.02052929   1.69790609 136.67272934  6743.039500802755 6742.773641708881 0.265859093874 
  1.18828044   1.77081449 103.00000000  6748.885930672288 6749.059865454182 -0.173934781894 
  0.90211790   2.00816303 103.00000000  6749.900319829583 6749.901674092696 -0.001354263113 
  1.15372936   1.57802003  98.10337263  6752.166057884693 6752.174903562139 -0.008845677446 
  0.96446195   1.47287751 105.06286827  6752.248642906547 6752.309109570577 -0.060466664030 
  0.96446195   1.70052399 138.48637014  6755.560507908463 6753.816792523534 1.743715384930 
  0.84896832   1.63986810  85.09082953  6760.648117378354 6760.670522414103 -0.022405035749 
  1.12263222   1.91599775 103.00000000  6763.702957183123 6763.690899132530 0.012058050593 
  1.19578899   1.68153495 108.21093779  6764.255819499493 6764.287647709210 -0.031828209717 
  0.96446195   1.56786999 137.58819901  6765.909995436668 6764.200980548364 1.709014888304 
  1.18190166   1.64076197  95.39861665  6766.129154235125 6766.073344849309 0.055809385815 
  1.01752708   1.63192606 137.74795970  6766.141499251127 6764.627120042515 1.514379208612 
  0.96446195   1.70995618  71.68534881  6770.733361184597 6770.239869338180 0.493491846417 
  1.17990130   1.79954728 103.00000000  6775.887415513396 6776.078541826386 -0.191126312990 
  0.89451941   1.99861005 103.00000000  6777.179990753531 6777.184698983092 -0.004708229560 
  0.82312657   1.68888476 116.50853334  6786.546289190650 6786.544427032844 0.001862157806 
  1.11035745   1.94346812  99.70012997  6788.974353775382 6788.870361982225 0.103991793157 
  1.09002047   1.68888476 130.91368382  6790.325875490904 6790.187239525032 0.138635965872 
  1.05401819   1.73268243 133.12035373  6794.159521237016 6793.401606952155 0.757914284861 
  1.18044344   1.73757970  90.00907506  6797.371769353747 6798.186143412590 -0.814374058843 
  1.06630963   1.99329679 103.00000000  6800.621404975653 6800.629263847211 -0.007858871559 
  1.19183063   1.74331664 106.84732962  6801.988144412637 6802.201745219823 -0.213600807187 
  0.96446195   2.05574881  85.62376487  6804.967927381396 6804.855337329476 0.112590051920 
  1.20100503   1.68888476 103.00000000  6810.362112060189 6810.495552068887 -0.133440008698 
  1.19514679   1.74881132 103.00000000  6817.196569696069 6817.353116149848 -0.156546453779 
  0.90095136   1.48049310 108.64537793  6818.106457978487 6818.205948244781 -0.099490266294 
  0.98600623   1.73256490  70.76947939  6820.080718785524 6819.871993991674 0.208724793851 
  1.17924049   1.73136151 113.52205041  6826.364180162549 6826.246857025296 0.117323137253 
  0.95890651   1.66117621  73.93796850  6827.805394381285 6827.415717698410 0.389676682875 
  0.96446195   1.57193490 138.06073185  6827.880800813437 6826.013244244798 1.867556568638 
  0.95927211   2.02355988 109.92762643  6833.140919551253 6833.262928131492 -0.122008580239 
  0.98301806   1.68005800 139.06782784  6841.676780179143 6840.830759907775 0.846020271368 
  1.00684180   1.75607801  70.40590269  6842.644239738584 6842.649166851316 -0.004927112733 
  0.97737667   1.95166281 120.65286216  6846.754989340901 6844.727917621642 2.027071719260 
  0.91441287   2.01124804 107.24810585  6856.204387709498 6856.291549993160 -0.087162283661 
  0.96446195   2.02393740 110.16619793  6857.369752779603 6857.450876674398 -0.081123894795 
  0.96446195   1.68888476  72.36180905  6866.864363044500 6866.425150631050 0.439212413450 
  0.96446195   1.68888476 139.19597990  6870.094344452024 6868.428328376096 1.666016075927 
  1.18342310   1.60492802 104.07175135  6871.671413794160 6871.670651360630 0.000762433530 
  0.96876605   1.47525795 120.46430846  6871.698352992535 6871.409232081729 0.289120910806 
  0.99805713   1.68888476 138.45121477  6872.678233057261 6872.351160077704 0.327072979557 
  1.20043165   1.71640027  98.76020154  6876.448010817170 6876.537725996097 -0.089715178927 
  0.96446195   2.05402010 103.00000000  6877.709193319082 6877.697601595738 0.011591723344 
  1.00025679   1.54451838 134.85033995  6886.409330442548 6885.196952435472 1.212378007076 
  1.17961577   1.77662227 109.39177354  6887.956693351269 6888.145576825506 -0.188883474238 
  1.19734243   1.72327780  96.05129828  6894.877470433712 6895.082415187981 -0.204944754269 
  1.06993066   1.66341927  76.71737770  6895.107016310096 6893.327576893425 1.779439416671 
  1.01537036   1.74020458  70.86797930  6902.054123342037 6902.062297175982 -0.008173833945 
  1.13185607   1.68888476  81.29015801  6902.712371006608 6902.465195650488 0.247175356120 
  1.20313948   1.69452971 103.00000000  6903.081809788942 6903.211220990480 -0.129411201538 
  1.20241703   1.68888476 104.97663275  6904.902697801590 6905.089134146180 -0.186436344590 
  1.05213757   1.68888476 135.14712109  6915.055034771562 6914.741721411428 0.313313360134 
  0.97136033   1.80041527  69.26308553  6916.257424592972 6915.627642435945 0.629782157027 
  0.90094246   1.68888476  74.85675828  6917.154177740216 6917.415057277808 -0.260879537592 
  1.10158033   1.68888476  77.84529523  6918.012990772724 6916.772245579858 1.240745192867 
  0.95302121   1.92333813 123.85943116  6918.302104055882 6916.919979216294 1.382124839587 
  0.99094119   1.83426412  69.23326295  6919.196680039167 6918.972623519932 0.224056519235 
  0.96446195   1.93655078 122.72030498  6926.468107119203 6924.777410243356 1.690696875847 
  0.84066267   1.70290075  83.48523256  6928.809432253242 6929.773822568618 -0.964390315376 
  0.96446195   1.82457319  69.17641056  6934.647357463837 6933.742610421660 0.904747042176 
  0.98606814   1.47481901 103.00000000  6936.040429487824 6935.964334194963 0.076095292861 
  1.03438997   1.49445834  98.55718803  6936.495766267180 6936.533924167396 -0.038157900215 
  0.96969205   1.57793758  80.32992127  6939.603650242090 6939.347511015896 0.256139226194 
  1.14790573   1.70361187 122.70218250  6939.758793562651 6939.665125648609 0.093667914041 
  1.19890790   1.64587300 103.00000000  6942.843216538429 6942.809292618999 0.033923919430 
  1.10903518   1.68888476  78.50616090  6943.480407595634 6942.304563670881 1.175843924753 
  1.14131039   1.89256755 103.00000000  6946.454021394253 6946.709706155000 -0.255684760747 
  1.19317272   1.68888476  93.84564619  6947.857400357723 6948.150120711489 -0.292720353766 
  0.83008278   1.81859889 108.41657244  6950.665578305721 6950.646791884474 0.018786421248 
  0.93697579   1.75450392  70.61143767  6951.571529656649 6950.239505991776 1.332023664872 
  0.90705855   1.61025804 137.96198012  6959.882242679596 6953.634905386873 6.247337292722 
  1.20445158   1.68888476 102.75297270  6961.464174389839 6961.581297468137 -0.117123078297 
  1.12815018   1.69168014 126.41562240  6965.114467516541 6965.136900709790 -0.022433193249 
  1.18986719   1.64312349  96.34990343  6968.643199801445 6968.724923734890 -0.081723933445 
  0.92802993   1.61812207 139.50917520  6970.086668014526 6965.154403035765 4.932264978762 
  1.13933314   1.69153660 124.66782327  6971.567815199494 6971.561744756326 0.006070443168 
  1.12913319   1.54810595  97.82045302  6974.163475409150 6974.225409072896 -0.061933663746 
  0.97065214   1.68888476 139.47027281  6975.018541797996 6973.922662134984 1.095879663011 
  1.01756930   1.75932600  70.28530300  6982.728108972311 6982.724856122494 0.003252849817 
  0.96446195   1.74270044  70.17478257  6983.759604647756 6983.144933341295 0.614671306461 
  0.98200380   1.53388755 134.84359096  6988.747639358044 6988.098573785270 0.649065572774 
  0.94566425   1.65551765 140.11816585  6989.735084697604 6986.382300111258 3.352784586346 
  1.19329623   1.66119947  95.40813537  6995.169114261866 6995.290745835225 -0.121631573359 
  0.92766399   2.04364421 103.00000000  6997.584604263306 6997.577947054016 0.006657209290 
  0.97456886   1.58676886  79.24809038  7005.113175064325 7004.630387063685 0.482788000641 
  1.01796809   1.51299602  91.46638657  7008.215929254889 7008.209165871325 0.006763383564 
  0.82731462   1.71960515 118.53278467  7009.871186986566 7009.877911263991 -0.006724277426 
  0.96446195   1.59920174 139.89437202  7011.473578333855 7009.178777133956 2.294801199899 
  1.09675203   1.65834615 131.32013897  7018.214545339346 7017.732615860798 0.481929478548 
  0.81212687   1.72333609 103.00000000  7023.828717902303 7024.003847924884 -0.175130022581 
  0.92975443   2.01587825 110.41552911  7026.352757424116 7026.540041921996 -0.187284497880 
  0.86872037   1.50070579 105.20046684  7028.660354793072 7028.445298835030 0.215055958041 
  0.86417569   1.68888476  78.78089704  7029.195485085249 7030.699583562016 -1.504098476767 
  0.96446195   1.96713668 119.74374894  7037.044184446335 7035.744379783539 1.299804662796 
  0.93621422   1.55107734 136.91581025  7039.885442286730 7038.180096647126 1.705345639603 
  1.16580691   1.56974835 109.56321341  7041.896418794990 7041.903716541936 -0.007297746946 
  0.87171306   1.95828970 106.02021697  7050.454994186759 7050.448605165003 0.006389021756 
  0.96824513   2.07685545  92.99747792  7057.231983989477 7057.263098224043 -0.031114234566 
  1.07450681   1.64603507  77.75181200  7059.990424811840 7057.561758152590 2.428666659250 
  0.91124580   2.03098685 103.00000000  7060.940156325698 7060.937364343160 0.002791982538 
  1.20355814   1.68888476 107.46920015  7062.184133067727 7062.224634139257 -0.040501071529 
  0.97063427   1.94714333 122.18764717  7063.615988880396 7061.646511514059 1.969477366337 
  1.19356212   1.77806571 103.00000000  7066.489097535610 7066.647555427039 -0.158457891429 
  1.16062320   1.68888476 121.27069458  7066.787475705147 7066.649693993450 0.137781711697 
  0.96446195   1.97237450 119.25969046  7069.824467837811 7068.604511980788 1.219955857023 
  0.96527864   1.58896469 139.71930904  7070.330650091171 7068.120207917726 2.210442173445 
  0.84659253   1.60060556  88.15086806  7072.939504697919 7072.850218534627 0.089286163292 
  1.05172868   1.65922769 136.17950280  7076.987092137337 7076.138334934302 0.848757203034 
  1.00243155   1.68888476  72.06204804  7084.803432166576 7084.481921883756 0.321510282821 
  1.17741403   1.62732222  93.39376255  7086.576264873147 7086.473169185847 0.103095687300 
  0.96959117   1.68888476  71.86117621  7087.252063915133 7086.868973808345 0.383090106789 
  1.05583113   1.68888476 135.40226341  7094.865516781807 7094.600789730074 0.264727051733 
  0.96446195   1.66900781  72.88098631  7095.566537603736 7095.158208732075 0.408328871661 
  0.96446195   1.68888476 139.89949749  7101.750122576952 7100.486023807390 1.264098769562 
  0.94755125   2.02134677  77.49435714  7104.041013628244 7104.075493062260 -0.034479434015 
  0.98446094   1.62041962  76.04437009  7105.011539682746 7104.161758628135 0.849781054611 
  1.10674786   1.95444840 103.00000000  7105.875927373767 7105.880594788649 -0.004667414882 
  1.09875109   1.70426744  76.33936405  7113.591210335493 7112.399867680977 1.191342654516 
  0.84136178   1.68888476  83.14187533  7115.011444717646 7115.930447277608 -0.919002559963 
  1.14417349   1.65285819  84.37273188  7115.334559023380 7114.697651363364 0.636907660016 
  0.84199212   1.68888476  82.96088741  7121.054619565606 7122.028145136006 -0.973525570400 
  0.98656616   1.68888476 139.63161558  7132.244755074382 7132.132260908433 0.112494165949 
  1.11429671   1.94468005 103.00000000  7135.452372685075 7135.451439750363 0.000932934712 
  0.96446195   1.61813367  76.16556308  7135.545234411955 7135.111001447354 0.434232964601 
  0.80966531   1.67305368 103.00000000  7139.950738877058 7139.958140859016 -0.007401981958 
  1.18410704   1.68888476  89.61765004  7141.371018275619 7142.022256577734 -0.651238302115 
  1.20854271   1.68888476 103.00000000  7143.142041832209 7143.256361016973 -0.114319184764 
  0.99727216   1.49377276  94.83527282  7143.415997549891 7143.294742134076 0.121255415816 
  0.80964821   1.68633376 105.07118868  7149.240058109164 7149.236883133587 0.003174975577 
  0.95501915   1.72259061  70.57155002  7150.250568494201 7149.581308770390 0.669259723811 
  1.04082364   1.71869421  71.86643635  7152.391139298677 7152.142437201445 0.248702097232 
  1.02390183   1.47378903 107.94173595  7152.487040236592 7152.546827452191 -0.059787215599 
  1.15521930   1.68888476 122.73178436  7153.748297572136 7153.655704833918 0.092592738218 
  1.20254884   1.68799604  95.99271329  7153.867808982730 7153.988798303952 -0.120989321222 
  0.81809815   1.69363093 115.46568554  7158.112531393766 7158.108338314610 0.004193079157 
  1.20469328   1.65254848 101.77145580  7158.495988026261 7158.572844811531 -0.076856785270 
  0.89377249   1.58441369  82.29438661  7160.912752762437 7161.482730665616 -0.569977903179 
  1.20358088   1.64316334 103.00000000  7176.252354502678 7176.215154327624 0.037200175054 
  0.96446195   1.79339116  68.77387499  7181.312467530370 7180.409168841280 0.903298689090 
  0.88839426   1.48792252 103.00000000  7187.285024866462 7187.076140659677 0.208884206785 
  1.20560701   1.65119220 103.00000000  7187.596426665783 7187.557230465344 0.039196200439 
  1.19443721   1.76127599 107.93222336  7189.267118960619 7189.458319429345 -0.191200468726 
  1.18059827   1.68888476 117.41735950  7189.601760715246 7189.391895916413 0.209864798833 
  0.90425166   1.48272890 101.68832323  7200.183871164918 7199.915937276552 0.267933888366 
  0.80904523   1.68888476 103.00000000  7205.797401532531 7205.773885588281 0.023515944250 
  0.96446195   1.68888476  71.65829146  7206.799223631620 7206.412360631897 0.386862999723 
  1.15346609   1.71759946 122.40473370  7211.165076047182 7210.904295374389 0.260780672793 
  0.96446195   1.47931079 124.75004602  7212.910831943154 7212.798037219906 0.112794723248 
  1.00772299   1.51979872  88.81008011  7221.235773280263 7221.119987016920 0.115786263343 
  0.96446195   1.46984925 103.00000000  7225.022839546204 7224.945364626094 0.077474920109 
  1.18285217   1.71743145 116.02645462  7226.244416013360 7226.047885868130 0.196530145230 
  0.94639588   1.51265559  89.54664200  7229.807535141706 7229.852934992748 -0.045399851041 
  1.19900271   1.62939170 108.71419262  7231.072357580066 7231.102791589240 -0.030434009174 
  1.02082759   1.67823010 138.67737532  7239.168936207891 7239.169357594024 -0.000421386134 
  0.86814764   1.74094009  76.07805317  7242.100441575050 7243.923688510796 -1.823246935745 
  0.99750975   1.76822419  69.05625960  7248.291064962745 7248.407770535451 -0.116705572706 
  0.83090144   1.74954318  84.84190404  7259.492570564151 7260.842804340853 -1.350233776702 
  0.96446195   1.60156840  77.29581527  7264.829309016466 7264.424661463207 0.404647553260 
  1.06923876   1.68725288  74.42540102  7265.953665062785 7264.743025787596 1.210639275189 
  1.14379258   1.55767067  96.80340410  7285.354264169931 7285.339408741824 0.014855428108 
  0.91048777   1.53744148  86.69942275  7285.446159064770 7285.893594488198 -0.447435423428 
  1.17662035   1.62402748  92.33993778  7293.697049215436 7293.694405526905 0.002643688531 
  1.02526514   1.65713106 138.91529349  7304.031400933862 7303.448178310172 0.583222623690 
  0.81910943   1.62533186 117.33817041  7310.880528301001 7311.048419726905 -0.167891425905 
  1.20491235   1.75987316 100.99773238  7316.558517530560 7316.670460899781 -0.111943369220 
  1.20264728   1.62789452 105.89139137  7316.830321058631 7316.865936069210 -0.035615010579 
  1.14098859   1.68250239  81.34075967  7318.299771547318 7317.784152249066 0.515619298251 
  0.96446195   1.67121298  72.30697843  7319.706901371479 7319.337368265824 0.369533105655 
  1.16552569   1.69334279  84.56463045  7326.047955065966 7326.566455735056 -0.518500669090 
  0.96446195   1.68888476 140.60301508  7335.318691581488 7334.560304685897 0.758386895591 
  1.08357988   2.00322890  99.41289558  7340.839836806059 7340.713064220895 0.126772585164 
  0.90833747   1.70392837  72.76805069  7347.142730012536 7346.769522205137 0.373207807399 
  1.19394921   1.74901752 111.21839742  7351.521788880229 7351.656849457687 -0.135060577458 
  1.08545506   1.99284293 103.00000000  7353.018297538161 7353.026599290831 -0.008301752669 
  0.96446195   1.52426393 135.39196279  7360.538580119610 7360.246440663164 0.292139456446 
  1.20554706   1.68888476  95.08721689  7362.596103250980 7362.768195172671 -0.172091921690 
  0.96446195   2.07286432 103.00000000  7362.888856381178 7362.883831257311 0.005025123867 
  0.94799494   2.06670183  83.01939613  7364.608636721969 7364.348648459156 0.259988262813 
  0.90550101   1.61183674  78.31649042  7366.859559580684 7367.329278721893 -0.469719141210 
  1.04798835   2.04598625  97.83943385  7371.102846637368 7370.970599415994 0.132247221374 
  1.18978957   1.70519179 115.59062237  7371.969520792365 7371.791714862172 0.177805930193 
  1.17498739   1.68888476 119.80111627  7375.497177869081 7375.285874309592 0.211303559489 
  0.93787172   1.89713862 127.56592198  7382.868887096643 7381.935883031166 0.933004065478 
  0.88142927   1.98495039 107.28929246  7383.370123267174 7383.370720165572 -0.000596898399 
  1.21267571   1.66796604 103.00000000  7385.882344335318 7385.984360944436 -0.102016609118 
  1.09048478   1.68888476  75.55240003  7386.427039310336 7384.917164912094 1.509874398243 
  0.94601570   1.99077691  73.26576456  7389.557857260108 7389.535838549844 0.022018710264 
  1.00482707   2.01404339 114.06021643  7393.319404929876 7391.645100663192 1.674304266684 
  0.96446195   1.61914578  75.54423324  7397.533737137914 7397.072324518567 0.461412619346 
  1.08037716   1.68888476  74.76205314  7397.606994703412 7396.233646739131 1.373347964281 
  0.82424072   1.83341889 103.00000000  7398.034235447645 7398.016904500302 0.017330947343 
  0.80923153   1.65498640 109.60020931  7400.615920841694 7400.470745668208 0.145175173486 
  1.18599234   1.68888476  88.56169923  7403.879597783089 7404.586602430998 -0.707004647909 
  1.19175136   1.81225504 100.67322145  7408.429292723536 7408.582796259042 -0.153503535505 
  0.85853236   1.95137558 103.00000000  7409.516427174211 7409.523074899210 -0.006647724999 
  0.84572907   1.62116724  85.26661747  7416.819026246667 7416.899413024497 -0.080386777830 
  1.14472410   1.90791563 103.00000000  7421.055778875947 7421.307222995500 -0.251444119553 
  1.12070132   1.72336912  76.93008935  7422.399164035916 7421.343043036359 1.056120999558 
  1.20728070   1.75493250 103.69192102  7429.647091075778 7429.782140105294 -0.135049029516 
  0.97462432   1.78046716  68.30328919  7434.944067746401 7434.552067635529 0.392000110872 
  1.09267797   1.68888476 132.81949476  7435.442138180137 7435.259328223033 0.182809957104 
  1.11325493   1.68888476 130.35272251  7441.575792118907 7441.527525516674 0.048266602233 
  1.12884251   1.70888612 127.72611275  7454.410322904587 7454.221632087479 0.188690817108 
  1.00715154   1.68888476  71.36310613  7455.110615551472 7454.953043456172 0.157572095300 
  0.80952860   1.68888476  96.74735544  7455.206815883517 7454.471202086555 0.735613796962 
  0.96446195   1.54881686 138.48408104  7455.723997995257 7454.305838305959 1.418159689299 
  0.87347024   1.99136611 101.47486691  7455.822038188577 7455.834225137765 -0.012186949189 
  1.07280415   1.68888476 134.98661102  7457.805909797549 7457.587384875759 0.218524921790 
  0.96446195   1.50669661  89.86901997  7458.366414666176 7458.379948644748 -0.013533978572 
  1.01105549   1.74428828  69.38523985  7460.456879183650 7460.783214430316 -0.326335246666 
  0.82017319   1.75705783  89.10758203  7464.717427909374 7464.836996657199 -0.119568747825 
  0.99016657   1.71138792 139.80046192  7464.827744200826 7465.854500406652 -1.026756205826 
  1.21608040   1.68888476 103.00000000  7478.380967989564 7478.477669506694 -0.096701517130 
  1.17030020   1.71609560 120.46677584  7482.080555498600 7481.790432303968 0.290123194632 
  1.06456286   1.69189689 135.78012746  7483.932049468160 7483.794471580793 0.137577887366 
  1.19934000   1.71603449  90.92878825  7484.482744678855 7485.213757502933 -0.731012824078 
  0.80749115   1.68888476 107.63857359  7492.464517682791 7492.366055783549 0.098461899242 
  1.16821239   1.68888476  84.51210608  7493.999489709735 7494.409472651507 -0.409982941772 
  1.01991737   1.74281773 137.30389122  7494.807751119137 7495.493214362956 -0.685463243819 
  0.96446195   1.49226043  93.19195841  7497.747539252043 7497.524267498411 0.223271753632 
  1.19998437   1.78683856 103.86080615  7498.038975015283 7498.185602131027 -0.146627115744 
  0.96446195   1.67073913 141.54818170  7499.624513074756 7499.003319438332 0.621193636423 
  1.18276080   1.68888476 118.70294410  7502.869201555848 7502.632979338848 0.236222217000 
  0.96446195   1.66212846 141.74112255  7510.568088859320 7509.820566200594 0.747522658726 
  0.96446195   2.09039881  87.50061005  7511.684439122677 7511.715857508096 -0.031418385419 
  0.81065883   1.67570574  95.41711152  7518.489174693823 7517.524393014851 0.964781678972 
  1.20252222   1.78292282 103.18750032  7527.825287029147 7527.960209185190 -0.134922156043 
  0.97896259   1.54456547 138.05626569  7530.384249791503 7529.044176830617 1.340072960886 
  1.12099635   1.95060836 103.19679584  7533.359520822763 7533.356884118532 0.002636704232 
  1.03947351   1.47866585 103.00000000  7534.682714074850 7534.677843723142 0.004870351708 
  1.01480848   1.68888476 139.70066466  7545.963337227702 7546.776871602321 -0.813534374619 
  0.95407837   2.07817327 103.00000000  7547.327663764358 7547.327178016170 0.000485748187 
  0.96446195   1.81031798  67.77054772  7548.650541871786 7547.624954988544 1.025586883242 
  1.21764227   1.68464960 103.00000000  7553.031290084124 7553.123519185359 -0.092229101236 
  0.96446195   2.09003578  86.45035895  7553.559835448861 7553.569577863203 -0.009742414342 
  0.82663183   1.85360687 102.18414661  7555.429535701871 7555.408952402473 0.020583299398 
  0.96446195   1.68888476  70.95477387  7556.200780868530 7555.908134003690 0.292646864840 
  1.16215569   1.88220093 103.00000000  7557.176372736692 7557.398236944256 -0.221864207563 
  1.17617841   1.56884568 103.00000000  7561.739848017693 7561.734328336039 0.005519681654 
  0.95955816   2.07221474 105.28346741  7563.092108935118 7563.184713812780 -0.092604877662 
  1.03266585   1.47623876 103.00000000  7563.283924296498 7563.280514406862 0.003409889636 
  0.95247282   2.09109028  88.01636030  7569.400041297078 7569.361834629120 0.038206667958 
  0.96446195   1.68888476 141.30653266  7570.665988847613 7570.521901416208 0.144087431405 
  1.21675198   1.66688342 103.00000000  7573.012751385570 7573.105464774902 -0.092713389333 
  1.21623438   1.68240570 106.54687316  7576.056426048279 7576.271466080397 -0.215040032118 
  1.20909114   1.68888476 110.97941963  7577.463847532868 7577.460388759572 0.003458773296 
  1.20949321   1.69047926  94.50816599  7586.505329459906 7586.720628275880 -0.215298815974 
  0.81282123   1.70448290  92.41185812  7589.920020520687 7588.773657056675 1.146363464012 
  0.95952855   1.46842117 101.29372256  7592.996964931488 7592.779858795391 0.217106136097 
  0.96446195   1.98469786 120.28203894  7596.155531063676 7594.705099201878 1.450431861798 
  1.18277683   1.82412614 107.57774401  7616.048049643636 7616.185102127401 -0.137052483766 
  0.91569603   1.55226827  83.36628847  7618.721727415919 7619.210915539535 -0.489188123615 
  0.98752767   1.47353317 124.07254754  7624.974274009466 7624.563393798349 0.410880211117 
  0.82868823   1.62560039  88.95748754  7625.562608465552 7624.815986849019 0.746621616533 
  0.90457625   1.68888476  73.06789142  7626.096914649010 7625.929232218788 0.167682430222 
  0.94588371   2.07854971 103.00000000  7628.544506296515 7628.545094783315 -0.000588486800 
  0.91527669   2.05700789 103.00000000  7629.139927178621 7629.138533544782 0.001393633839 
  0.88752179   2.02012050 103.00000000  7629.431395590305 7629.436150490668 -0.004754900363 
  0.82019893   1.68888476 119.79972164  7630.894439890981 7630.944016736087 -0.049576845106 
  1.01960360   1.53907518  84.77713334  7635.642535716295 7634.514858423583 1.127677292712 
  1.21921077   1.67810273 103.00000000  7637.659096106887 7637.747010098313 -0.087913991426 
  0.80840734   1.72492663  96.70684541  7646.102674007416 7645.458108060603 0.644565946813 
  0.96446195   1.45793680 109.83791772  7651.081117913127 7651.336555166042 -0.255437252915 
  1.19192370   1.69731564  88.24460192  7652.367435038090 7653.201851351562 -0.834416313473 
  1.08467740   1.68888476 134.40876646  7653.153268590569 7652.955410847447 0.197857743123 
  1.01690568   1.47937258  98.82366783  7653.750270083547 7653.647146409971 0.103123673575 
  0.80654463   1.68888476  98.45750980  7655.902269810438 7655.423729383677 0.478540426761 
  1.05274076   1.66128192 137.89925173  7656.420698970556 7655.751301318241 0.669397652316 
  1.03849804   1.67674511 138.80002709  7657.335879459977 7657.469737471880 -0.133858011903 
  0.96446195   1.94357385 125.02157590  7657.793002545834 7656.366122629473 1.426879916361 
  0.83637350   1.89492156 103.00000000  7665.847740978003 7665.827148535587 0.020592442415 
  0.96446195   1.92307453 127.02887580  7670.719426050782 7669.754624123434 0.964801927348 
  0.86903730   1.61939737  80.63597718  7672.165003851056 7672.797258921947 -0.632255070891 
  1.13190548   1.94037593 103.00000000  7679.600955486298 7679.861297826271 -0.260342339973 
  0.99078225   1.96595655 122.46008140  7680.325617939234 7676.296864106457 4.028753832777 
  0.96446195   2.08542714 103.00000000  7684.677369251847 7684.679690535217 -0.002321283369 
  1.06171537   1.65116725 137.26629573  7685.364018365741 7684.197339567232 1.166678798509 
  0.80738407   1.68811028  96.88285127  7686.161104157567 7685.428661392390 0.732442765177 
  0.96446195   1.57348067  79.18256104  7690.832934290171 7690.529391026841 0.303543263330 
  0.85209995   1.73379500  77.78014544  7691.586384788156 7694.302190049933 -2.715805261778 
  0.85227145   1.52505224  97.21087574  7695.088505327702 7695.216228365775 -0.127723038074 
  1.13298904   1.68888476  78.76485596  7695.692059904337 7694.519585650298 1.172474254039 
  1.09834612   1.65595063 133.50321709  7705.357483401895 7704.574180575357 0.783302826538 
  0.80778455   1.62978352 101.71408676  7708.498483002186 7708.493210774998 0.005272227188 
  1.21735740   1.69306973 107.95998103  7708.869154602289 7709.097767902886 -0.228613300596 
  1.17003312   1.55727363 103.00000000  7709.982641175389 7709.983480853422 -0.000839678033 
  1.16050217   1.68888476  82.36782134  7712.227097436786 7712.105718017613 0.121379419173 
  0.96446195   1.69033885  70.56884516  7717.626466691494 7717.392098620693 0.234368070801 
  0.96446195   2.07070578 107.32090292  7718.429090917110 7718.578560387567 -0.149469470457 
  1.20727928   1.68888476 113.04560374  7721.063926711679 7720.979252971855 0.084673739823 
  1.21013976   1.62226222 104.03173414  7725.431081280112 7725.423290093454 0.007791186658 
  0.93293781   1.62432382 142.18805067  7730.353696763515 7726.096088105576 4.257608657939 
  0.85576882   1.49814751 112.16624032  7734.178485617042 7734.159246152497 0.019239464545 
  0.94579852   2.08262760 103.00000000  7734.184349313378 7734.187432820827 -0.003083507449 
  0.97108585   2.10150330  97.01456021  7742.471355587244 7742.428082285284 0.043273301960 
  1.12539359   1.70582749  77.03230917  7743.765774816275 7742.523097313553 1.242677502722 
  0.96446195   1.46356784 103.00000000  7744.862400725484 7744.792061425348 0.070339300136 
  0.92708169   2.07202748 103.00000000  7745.802372798324 7745.803161843523 -0.000789045199 
  1.20542529   1.62782871 111.84772290  7747.101484656334 7747.013263729534 0.088220926800 
  1.10993420   1.66512069 132.20003829  7747.916173413396 7747.530016345338 0.386157068057 
  0.90405569   2.04896421 103.00000000  7752.400521069765 7752.401037923417 -0.000516853652 
  0.96839349   1.46526967 122.01264541  7756.090763643384 7755.612562725208 0.478200918176 
  1.01162960   1.57446997  79.49036857  7756.248299911618 7754.279046649871 1.969253261747 
  1.19471953   1.68888476 117.19126835  7758.645703211427 7758.403693124749 0.242010086678 
  1.19119411   1.83069224 103.00000000  7771.184018746018 7771.338745622239 -0.154726876221 
  1.21755861   1.68888476 108.93698567  7778.577199608088 7778.809653572707 -0.232453964620 
  1.22036426   1.68888476 106.94861218  7779.677741080523 7779.897874936259 -0.220133855736 
  1.14506044   1.91511065 105.44483679  7782.774030029774 7783.007642395542 -0.233612365768 
  1.22284478   1.70066965 103.00000000  7785.260224655271 7785.343443135553 -0.083218480282 
  0.94760990   1.81723487  67.52050780  7788.396097779274 7786.069198168804 2.326899610470 
  1.05691082   1.48104087 103.00000000  7803.772206738591 7803.771131051522 0.001075687069 
  0.95339800   2.08886206  83.16092894  7804.330090180039 7804.166269815696 0.163820364343 
  0.96446195   1.68888476 142.01005025  7807.653033837676 7808.236886226480 -0.583852388804 
  1.05578365   1.47685906 105.89981529  7807.796117469668 7807.778941372511 0.017176097157 
  1.01678070   1.69865375  70.38970396  7808.257709056139 7808.461964135275 -0.204255079136 
  0.96446195   1.57091191  79.20196692  7814.622227028012 7814.310167822699 0.312059205313 
  1.22361809   1.68888476 103.00000000  7815.803205057979 7815.883130192051 -0.079925134072 
  0.85725376   1.96288954 103.35715876  7816.332892209291 7816.338103967790 -0.005211758498 
  0.96446195   1.87099651  67.14424388  7821.022192537785 7819.901598880155 1.120593657630 
  0.91819825   1.51818924  88.00846498  7826.288577944040 7826.584661333112 -0.296083389072 
  0.81648097   1.67308100  89.85217629  7826.947891801596 7825.701210624762 1.246681176834 
  0.80543774   1.68888476  97.86205032  7827.066396027803 7826.485049645645 0.581346382159 
  1.20510428   1.69450102 114.50320383  7829.786821007729 7829.636970184444 0.149850823284 
  0.96446195   1.66710503 142.61174491  7830.034344509244 7830.275668986341 -0.241324477097 
  1.14435065   1.70018989  79.18991635  7832.839234530926 7831.991298507821 0.847936023105 
  1.21198571   1.62042040 104.05417366  7836.044618114829 7836.036632898302 0.007985216527 
  1.20672951   1.68888476 114.24704796  7847.997945517302 7847.858624365314 0.139321151988 
  1.12574705   1.95719618 103.00000000  7853.027798503637 7853.286551905611 -0.258753401974 
  1.22042088   1.65013977 103.00000000  7855.286775186658 7855.371990179874 -0.085214993216 
  1.12579858   1.68888476 130.17016458  7855.587865427136 7855.592086595115 -0.004221167978 
  1.20524222   1.68888476 114.79060712  7856.083158448339 7855.918953906008 0.164204542330 
  1.01655854   1.46837618 103.00000000  7862.171926036477 7862.073426843555 0.098499192922 
  0.96446195   1.53907888 138.97079834  7864.616338834167 7863.405381893488 1.210956940678 
  0.96446195   1.71215237  69.35719183  7866.189345821738 7865.978065548836 0.211280272903 
  1.19327599   1.68888476  87.70666066  7873.632272362709 7874.366412636085 -0.734140273376 
  0.98440035   1.72040012  68.93763319  7879.004187971354 7879.272113337204 -0.267925365851 
  1.21390509   1.67825535 111.98700363  7880.135271355510 7880.104498507779 0.030772847731 
  1.19656585   1.68888476 117.45753528  7882.392615169287 7882.139187332766 0.253427836521 
  0.96446195   1.86090299  66.84076742  7913.611431539059 7912.408220003796 1.203211535262 
  0.96446195   1.68888476  70.25125628  7915.217692673206 7915.067610943817 0.150081729389 
  1.20866526   1.71527987  90.74308488  7919.663512200117 7920.451769251574 -0.788257051457 
  1.07641583   1.68888476 136.10069806  7920.491147115827 7920.396946946057 0.094200169769 
  0.86002811   1.68888476  77.19145842  7921.721664354205 7923.439593937072 -1.717929582867 
  0.91996157   1.62946908  74.96076321  7926.848872318864 7926.854661235265 -0.005788916401 
  1.22624283   1.68888476 102.76532117  7933.102030813694 7933.165770802400 -0.063739988706 
  0.84799635   1.68319866  79.49526248  7935.169360086322 7936.948348160002 -1.778988073680 
  1.13731638   1.52795576 100.21922116  7936.198943465948 7936.261220601462 -0.062277135514 
  0.90336878   1.70459046  71.82543087  7954.887311622500 7954.312461452136 0.574850170365 
  1.05056717   1.69573160 138.35346625  7960.693815961480 7961.272516129658 -0.578700168177 
  0.92916351   1.57236363  79.53255662  7960.812968105078 7961.094637517981 -0.281669412903 
  0.96446195   1.53040089  84.20115751  7964.369652435184 7964.447453213320 -0.077800778136 
  0.95636372   1.45614596 117.46248466  7965.258353948593 7965.056215344091 0.202138604502 
  0.80694414   1.70732655 111.50524605  7968.511472195387 7968.516163044577 -0.004690849190 
  0.82783487   1.69117426  84.07806980  7973.097201973200 7973.571352399287 -0.474150426087 
  1.22501083   1.68888476 106.70943180  7975.953878805041 7976.170891180555 -0.217012375514 
  1.20421541   1.66538317  91.22969662  7976.609853386879 7976.919485816838 -0.309632429959 
  1.16604673   1.89424411 103.00000000  7976.712976157665 7976.926790453140 -0.213814295475 
  0.80272138   1.70355790 103.00000000  7979.440933957696 7979.390399226282 0.050534731414 
  0.97639674   2.05842020 111.86493650  7983.110700413585 7982.779894786857 0.330805626728 
  0.96446195   1.96275016 124.44540509  7992.312223017216 7991.019763363361 1.292459653855 
  1.18574546   1.72024775 119.57959702  7995.477772176266 7995.073807476862 0.403964699403 
  0.83302600   1.90365979  99.03026098  8000.866991162300 8000.907404251563 -0.040413089263 
  1.19530017   1.57933375 104.42457970  8001.405939891934 8001.401906246366 0.004033645569 
  0.96446195   2.09798995 103.00000000  8004.672370225191 8004.683505757186 -0.011135531995 
  1.00599790   2.08943051 103.00000000  8005.344639152288 8005.346437863263 -0.001798710975 
  0.81986594   1.80278478 111.91384454  8019.709748506546 8019.697971003153 0.011777503393 
  1.14294650   1.68495160 128.47006464  8032.852281659842 8032.906715555378 -0.054433895536 
  1.19673052   1.68888476  87.62382530  8038.362841159105 8039.103000046965 -0.740158887860 
  1.18691934   1.65825790 120.86037594  8042.134698674083 8041.691053983704 0.443644690378 
  0.96446195   1.68888476 142.71356784  8046.138850510120 8047.566351468516 -1.427500958395 
  0.97758830   1.65784031 143.24281525  8046.913862213492 8048.276581481954 -1.362719268462 
  0.85020318   1.93656717 107.88362334  8047.494735866785 8047.431265012130 0.063470854655 
  1.22856621   1.68888476 103.97135618  8048.095715135336 8048.209831522341 -0.114116387005 
  1.01407004   1.49610538  91.76459362  8048.369337454438 8048.327691248603 0.041646205836 
  0.95567149   1.68888476 142.76056082  8065.243237018585 8065.895338359726 -0.652101341141 
  0.97929929   2.10052189 103.00000000  8074.723357185721 8074.734573356785 -0.011216171064 
  1.07833096   2.03010774 103.00000000  8075.861070245504 8075.861062586855 0.000007658649 
  0.89203417   2.04443712 103.00000000  8077.074637696147 8077.077878810029 -0.003241113882 
  0.80150754   1.68888476 103.00000000  8082.756858751178 8082.746381045637 0.010477705541 
  0.88672000   2.03611008 103.00000000  8084.755297392607 8084.759797578579 -0.004500185973 
  1.00694132   1.56239511  80.01679054  8095.393461689353 8093.573307340607 1.820154348746 
  0.97628290   1.57963670 142.45845689  8099.276736348867 8097.885258971173 1.391477377694 
  0.96446195   2.11022163  85.06601947  8100.606210544705 8100.680567624281 -0.074357079576 
  0.96446195   1.75825682  67.43785244  8102.951135501266 8102.492520368966 0.458615132299 
  1.09982466   1.68888476  74.38332874  8107.589089944959 8105.747466894933 1.841623050025 
  0.84343658   1.68888476  79.71015523  8113.119654327631 8115.067854457323 -1.948200129692 
  1.12082166   1.68888476 131.73004177  8114.194059893489 8114.171453945008 0.022605948481 
  1.21956179   1.66143310 111.57814030  8114.939147561789 8114.932563134088 0.006584427701 
  0.96446195   1.93494422 127.61888414  8118.761216476560 8118.762850545194 -0.001634068634 
  1.22463627   1.68888476  96.14989531  8120.191024810076 8120.237866739335 -0.046841929259 
  1.08156374   1.48951610 101.30934839  8137.114851295948 8137.179724156274 -0.064872860326 
  0.96446195   1.68888476 143.00000000  8143.632869631052 8145.437156943095 -1.804287312043 
  1.23115578   1.68888476 103.00000000  8155.144835993648 8155.208662570243 -0.063826576596 
  1.14619977   1.66054678  80.47790719  8157.095703393221 8154.974172135448 2.121531257773 
  1.16196380   1.68888476 125.89395847  8160.620763212442 8160.605169080964 0.015594131479 
  0.96446195   1.47289361  96.57249191  8162.959571182728 8162.581105999479 0.378465183248 
  0.81261257   1.68888476  89.59251454  8163.290527090430 8162.096079984964 1.194447105466 
  1.17724232   1.87559927 104.78135470  8163.373914271593 8163.563650168518 -0.189735896925 
  0.96446195   2.10427136 103.00000000  8163.880922242999 8163.897020862501 -0.016098619502 
  1.08728401   1.68966660  73.24653720  8173.859968796372 8172.392636874122 1.467331922250 
  0.97660438   1.56966830  78.55692560  8175.807687237859 8175.049362369192 0.758324868667 
  1.22493945   1.63810023 103.00000000  8183.058998599648 8183.136141643677 -0.077143044028 
  0.80487194   1.68888476  94.84817685  8190.316761851311 8189.220069491129 1.096692360182 
  1.22972459   1.68888476 106.76582552  8190.529901355505 8190.750524636805 -0.220623281300 
  0.96446195   1.56541082  79.02591182  8192.292145952582 8191.931035715338 0.361110237244 
  0.98189715   1.45903966 103.00000000  8206.042518049479 8205.980476536846 0.062041512632 
  0.99214402   1.64995457 143.39594501  8206.756602942944 8208.379587381669 -1.622984438725 
  1.09759786   1.49116572 104.31223427  8220.568833529949 8220.558267558343 0.010565971606 
  0.84595900   1.94857979 103.00000000  8227.867696478963 8227.866996040455 0.000700438508 
  0.97036439   1.70836115  68.73389515  8236.016921371222 8236.176229811646 -0.159308440425 
  1.07503483   2.04029921 103.00000000  8237.147202536464 8237.145390131020 0.001812405444 
  1.19496072   1.68888476  86.23874728  8237.496774330735 8238.155464725118 -0.658690394383 
  0.99565985   1.75300671 140.11320217  8239.202548950911 8243.180225491664 -3.977676540753 
  0.96446195   1.78156807  66.64786601  8243.675471872091 8242.996440505804 0.679031366288 
  1.18977631   1.84289182 107.36877954  8249.245639592409 8249.309123859108 -0.063484266699 
  0.96446195   1.45046350 113.82803515  8262.671003535390 8262.699195720679 -0.028192185289 
  0.83207798   1.64976778 128.49272169  8265.453784555197 8262.706303740128 2.747480815069 
  1.09736276   1.68888476 135.06673116  8281.920482739806 8281.812713469599 0.107769270207 
  0.96446195   1.68888476  69.54773869  8284.011328145862 8284.057292851363 -0.045964705501 
  0.96446195   1.68888476 143.41708543  8285.978146821260 8288.366126734931 -2.387979913670 
  0.80639133   1.72098910 112.63756916  8287.709266483784 8287.700212878679 0.009053605105 
  0.99288944   1.70528249  68.75882354  8289.440201908350 8290.082038782995 -0.641836874645 
  0.96446195   1.45728643 103.00000000  8289.517611131072 8289.457546150948 0.060064980124 
  0.95754183   1.46796103  97.87440192  8290.700148731470 8290.282603919304 0.417544812166 
  1.00165965   1.67912896 142.79403531  8294.543788045645 8297.380318024170 -2.836529978526 
  0.88260714   1.66025080  74.95458334  8299.340580925345 8299.856467137686 -0.515886212341 
  0.96446195   1.92387026 129.27339301  8304.061857372522 8305.481619256811 -1.419761884288 
  0.96446195   2.11055276 103.00000000  8322.504228919744 8322.525194051048 -0.020965131303 
  0.81425840   1.62804372 120.73165695  8328.346483245492 8328.672534491645 -0.326051246153 
  0.79975899   1.69021714 105.64599988  8328.999619111419 8329.002304610238 -0.002685498819 
  1.21248468   1.59753973 103.00000000  8332.457185253501 8332.416280924899 0.040904328602 
  0.83975094   1.51421255 103.00000000  8333.760663539171 8333.634240681336 0.126422857835 
  1.07307083   1.66893732  73.05384757  8338.588088035583 8336.882706362561 1.705381673022 
  1.21486437   1.60043726 104.14516707  8338.901928633451 8338.892782810433 0.009145823018 
  0.94118927   1.45777200 103.00000000  8342.455613642931 8342.375352417012 0.080261225919 
  0.97788563   1.76309301  66.73069171  8345.055505141616 8345.353170151202 -0.297665009586 
  0.82535615   1.59664069  90.40811496  8350.265870496631 8349.817639024828 0.448231471803 
  1.21118350   1.68888476  89.41401572  8350.915454626083 8351.633273146277 -0.717818520194 
  0.83099766   1.90404126 103.00000000  8356.816664710641 8356.790330899492 0.026333811149 
  1.23246644   1.73416338 103.00000000  8360.747773885727 8360.812489718533 -0.064715832807 
  1.20854771   1.68888476  88.61498563  8371.821943178773 8372.576241057430 -0.754297878657 
  0.96446195   1.56577572  78.56963368  8392.902105510235 8392.479300921630 0.422804588605 
  0.99024267   1.84753219  65.59693126  8396.033142730594 8396.031829275209 0.001313455385 
  1.16007634   1.70300443 126.80012540  8399.689296513796 8399.572081461471 0.117215052325 
  0.89803370   1.68888476  71.96057574  8411.653529807925 8411.302865250145 0.350664557780 
  1.22073069   1.68888476 113.85529393  8416.432386770844 8416.323224670867 0.109162099978 
  1.14664526   1.68888476  78.03238608  8431.795131906867 8430.008450467607 1.786681439260 
  1.00414235   1.66169326 143.42495352  8431.903635337949 8434.372748285421 -2.469112947472 
  0.96036119   1.44829285 112.91693560  8434.698491394520 8434.851511287696 -0.153019893176 
  1.10595161   2.00929630 103.00000000  8436.624806895852 8436.621000079538 0.003806816314 
  1.18641159   1.68888476 122.64817019  8436.631744265556 8436.424581742136 0.207162523420 
  0.96446195   1.62913582  72.76097738  8438.474436834455 8438.176268504983 0.298168329471 
  1.04244527   1.69000934  70.25713645  8440.532449617982 8440.720938802777 -0.188489184795 
  1.23627588   1.67959443 100.33975541  8444.195591449738 8444.124710933103 0.070880516634 
  1.23718921   1.68888476 100.93853401  8445.260761335492 8445.216195774210 0.044565561282 
  0.96992462   1.97087514 125.49070465  8445.953067958355 8444.800724511340 1.152343447015 
  1.07966279   1.68901150  72.12123503  8447.601323798299 8446.516634960439 1.084688837860 
  0.84376484   1.69399025  78.54510858  8452.506028160453 8454.788714180639 -2.282686020186 
  1.21603243   1.68888476  90.08769394  8456.423979401588 8457.097615067367 -0.673635665778 
  1.17123137   1.54007766 103.00000000  8460.647776216269 8460.651053646381 -0.003277430113 
  1.19399412   1.66664968  86.24150956  8465.415794193745 8465.410739088045 0.005055105699 
  1.20307366   1.57422863 105.44095602  8465.436910271645 8465.439936522809 -0.003026251165 
  0.81154231   1.57193622 103.00000000  8465.570703774691 8465.633545953442 -0.062842178751 
  0.97375476   1.51748673  85.10527352  8466.209871858358 8466.205968930619 0.003902927740 
  1.22224975   1.78421393 104.27905013  8468.463652059436 8468.555062923037 -0.091410863601 
  0.96446195   1.71357652 143.10698439  8474.112816810608 8477.838279456848 -3.725462646240 
  1.23807889   1.68888476 104.20293495  8481.801103055477 8481.916413188897 -0.115310133420 
  1.19475274   1.65654902  87.02457303  8483.619569808245 8483.409833121192 0.209736687053 
  1.21887891   1.74531309 111.95164323  8492.242874398828 8492.258883286568 -0.016008887740 
  1.18872693   1.55381853 107.53848610  8494.485842823982 8494.482579228688 0.003263595294 
  1.04034189   1.47855452  97.38125663  8495.322577580810 8495.335004769733 -0.012427188924 
  1.23869347   1.68888476 103.00000000  8496.151739224792 8496.201492625729 -0.049753400937 
  0.93983532   1.68537927 143.89140195  8502.207266449928 8502.212032575389 -0.004766125461 
  0.84378347   1.95271732 103.00000000  8502.530577182770 8502.529189774088 0.001387408682 
  1.08395025   1.48250775 103.00000000  8503.701492577791 8503.718674195183 -0.017181617392 
  0.80662079   1.76684955  92.82926216  8505.351758345962 8505.123774424486 0.227983921475 
  1.18502034   1.68888476 123.25440441  8509.723866477609 8509.545255093908 0.178611383701 
  0.93735958   1.50390779 136.36473712  8517.624317094684 8517.623264839445 0.001052255238 
  0.96081235   1.77161760  66.33207488  8526.011585921049 8525.326933022481 0.684652898568 
  0.96446195   1.68888476 144.12060302  8527.020890191197 8530.486487884249 -3.465597693052 
  1.13260713   1.67325680  77.03857762  8527.106965407729 8524.490393041280 2.616572366449 
  0.96199896   1.61813828 145.05337832  8533.350229784846 8534.203286337792 -0.853056552945 
  1.06784118   1.47547184 103.00000000  8534.544130951166 8534.557109173218 -0.012978222052 
  0.79915684   1.72447450 102.57610345  8538.918832629919 8538.797407941132 0.121424688787 
  1.22852449   1.66582257 111.97696267  8542.392094433308 8542.395957981729 -0.003863548422 
  0.80271287   1.73617795 109.39581099  8547.433502316475 8547.446539478886 -0.013037162411 
  0.96446195   1.96335291 126.69158664  8571.800452053547 8572.187331342757 -0.386879289210 
  0.99757175   1.68888476  68.98682699  8573.152801170945 8573.880330645568 -0.727529474623 
  1.21482782   1.68915021  89.03152815  8574.307818725705 8575.061536934603 -0.753718208898 
  1.22113645   1.70885569 114.26377991  8577.285422533751 8577.324949634180 -0.039527100429 
  0.99247317   1.58396558  76.31457267  8595.269358754158 8593.763691062068 1.505667692090 
  1.00249710   1.66651350 143.90160210  8595.866529688239 8599.184959988172 -3.318430299933 
  1.15207415   1.67092273 129.41957056  8598.117966338992 8598.125147557319 -0.007181218327 
  1.17563838   1.68888476  81.30343492  8607.734548181295 8607.025140817264 0.709407364031 
  0.96446195   1.54260551 141.85860794  8611.187514513731 8609.927982532306 1.259531981425 
  1.08470472   1.65180558  74.18829528  8618.792840451002 8615.726262224791 3.066578226211 
  0.81214457   1.56257177 103.95064216  8642.403037011623 8642.438546927706 -0.035509916082 
  0.94123123   1.59861742  75.21611655  8643.704852789640 8643.494577552905 0.210275236735 
  1.11741536   1.49729371 103.00000000  8645.210242494941 8645.236271367006 -0.026028872066 
  0.94538759   1.68888476  69.20168653  8662.261712402105 8662.090872713701 0.170839688404 
  0.96446195   1.68888476  68.84422111  8662.756193995476 8663.055629192400 -0.299435196925 
  0.87520534   1.72678821  72.15730718  8664.739489957690 8664.740976103205 -0.001486145515 
  0.80780554   1.73587095  89.32984325  8667.621722593904 8667.113914530188 0.507808063716 
  1.23136496   1.66660818 112.01022299  8671.251634016633 8671.438710903109 -0.187076886476 
  1.10645310   1.69282971 135.22896112  8679.064056843519 8679.031520036035 0.032536807485 
  1.01607572   1.68888476 143.01072308  8693.453759461641 8697.271978314782 -3.818218853141 
  1.20846723   1.69791571  86.49567130  8693.769306257367 8694.662162753393 -0.892856496026 
  1.13564665   1.51802156  98.23817550  8694.124416008592 8694.144621457026 -0.020205448434 
  1.17427150   1.68888476 125.99180858  8694.861418411136 8694.853111371805 0.008307039330 
  0.90693426   1.68888476  70.80200327  8694.910340622067 8694.267282205650 0.643058416417 
  0.90176910   1.62246511  75.02673846  8700.404302343726 8700.403724987142 0.000577356584 
  0.79738976   1.68888476  99.38003286  8701.861767128110 8701.484670791287 0.377096336822 
  0.92009954   1.59463316  76.20690387  8719.153334379196 8719.091600747110 0.061733632087 
  1.21546648   1.58725847 103.00000000  8720.047048032284 8720.004863400136 0.042184632148 
  0.93030134   1.62369747  73.41385077  8723.354340061545 8723.199518835609 0.154821225937 
  0.96446195   1.48364727  91.40971687  8724.510176882148 8724.422368895643 0.087807986505 
  1.12108523   1.49802330 103.00000000  8733.934371650219 8733.960630083075 -0.026258432856 
  0.96446195   1.53636281 141.69069442  8738.299288019538 8737.184707998842 1.114580020696 
  0.80005035   1.64894510  97.40443328  8738.413332313299 8737.705709827478 0.707622485821 
  1.21397320   1.69355516  87.70139633  8738.726970344782 8739.593168320773 -0.866197975991 
  0.97282490   1.52555686  83.13597407  8739.891064032912 8739.707638484859 0.183425548053 
  1.07526710   1.68888476 138.74848410  8746.881661251187 8747.299082673620 -0.417421422433 
  0.87488238   1.47244135 104.50559283  8748.288801580667 8748.160232493748 0.128569086919 
  1.23260765   1.77819447  99.21096763  8749.228419944644 8749.314903282951 -0.086483338308 
  1.18598751   1.54450350 105.99474577  8752.273490026593 8752.264340288883 0.009149737711 
  1.14696415   1.52767965  97.27391721  8758.861105442047 8758.761326006410 0.099779435637 
  1.22899489   1.70440646  91.44226586  8759.530804887414 8760.212448983286 -0.681644095872 
  0.96446195   1.68888476 144.82412060  8769.113954812288 8773.771878032954 -4.657923220666 
  1.20776286   1.69714956 119.51213693  8769.377239003778 8769.040170705330 0.337068298448 
  0.96446195   1.48139639 133.06523435  8782.179131925106 8782.478742151192 -0.299610226086 
  1.24174801   1.65306289 103.64738646  8786.424812570214 8786.511574132306 -0.086761562092 
  1.24206753   1.68888476  97.84864592  8790.008920043707 8789.916217841614 0.092702202093 
  1.23504977   1.68888476 111.71984997  8809.717762514949 8809.922075907307 -0.204313392358 
  1.21404792   1.65870999  89.40555582  8809.912744194269 8810.041207762422 -0.128463568153 
  1.24082614   1.71470111  96.17376934  8815.554347604513 8815.646998654434 -0.092651049921 
  1.22357558   1.65512387 115.91390040  8825.635103374720 8825.322936077393 0.312167297327 
  1.08296168   1.68888476  71.43276273  8832.248113378882 8831.318453025178 0.929660353704 
  1.21745975   1.68888476 117.68008580  8834.955305337906 8834.655131698542 0.300173639363 
  1.24377018   1.65919301 103.00000000  8836.525674894452 8836.565228301228 -0.039553406776 
  1.24623116   1.68888476 103.00000000  8838.583687245846 8838.619656936829 -0.035969690984 
  1.01493054   1.44959558 112.39406385  8838.862262204289 8838.863589312681 -0.001327108392 
  0.96446195   1.71314233  67.47194066  8839.853229686618 8840.254808388336 -0.401578701718 
  0.96446195   1.52333449  83.26500565  8840.265595108271 8840.257148359889 0.008446748381 
  1.09726778   1.48389772 103.00000000  8844.593752801418 8844.619840607786 -0.026087806367 
  1.24623001   1.69641829 103.68689115  8845.914551332593 8845.990870400192 -0.076319067599 
  0.96446195   1.74282410  66.42199787  8846.002703756094 8846.150438735753 -0.147734979659 
  1.21478674   1.83481542 102.32030820  8847.738372385502 8847.829028122405 -0.090655736903 
  1.21527498   1.81652150 107.07933590  8850.943673014641 8850.963338297122 -0.019665282482 
  0.96711431   1.55772655  78.53011387  8861.517936155200 8860.976228268324 0.541707886876 
  0.96446195   1.72543836 143.73525028  8862.744303137064 8868.749730743344 -6.005427606280 
  0.88633591   1.68611939  72.15954600  8865.248800620437 8865.112344984947 0.136455635489 
  0.96446195   1.51255057  84.99240119  8865.764936044812 8865.884088387655 -0.119152342842 
  1.23911671   1.75365904 104.72913831  8885.844707325101 8885.933290259667 -0.088582934566 
  0.79534612   1.68888476 101.09205818  8887.244240239263 8887.091613974029 0.152626265233 
  1.24115296   1.75079548 103.00000000  8888.501662641764 8888.547758350080 -0.046095708316 
  1.05038785   1.46325125 104.19712603  8892.989062324166 8892.986984187430 0.002078136737 
  1.19980568   1.87066895 103.00000000  8911.194629937410 8911.322699912620 -0.128069975210 
  0.96446195   1.57553055 145.13078965  8930.720107272267 8930.720164587687 -0.000057315419 
  1.07343656   1.47239669 103.00000000  8941.365481719375 8941.387790146808 -0.022308427433 
  1.22945769   1.60618505 101.96043702  8941.744610324502 8941.641476739600 0.103133584902 
  1.20931155   1.85151259 103.12531778  8953.960300773382 8954.063705635808 -0.103404862426 
  1.19738190   1.68888476  83.48554433  8959.208060458302 8959.231928859697 -0.023868401395 
  0.96446195   1.61340374 146.29762199  8961.065881207585 8963.535924655411 -2.470043447825 
  1.24899587   1.68793827 103.00000000  8965.253823116422 8965.285593618000 -0.031770501579 
  0.80470600   1.68888476 117.99662644  8978.029852718115 8978.189456737227 -0.159604019113 
  1.18934827   1.54590625 103.00000000  8978.466355502605 8978.454378582817 0.011976919788 
  0.96446195   1.74487273  66.10745449  8980.781393706799 8981.002839358498 -0.221445651699 
  1.23400555   1.61211476 103.00000000  8987.103968292475 8987.174317405763 -0.070349113288 
  0.80415922   1.61361838 117.15663655  8998.691694408655 8998.716337103153 -0.024642694498 
  0.96415448   1.78971079  64.98235355  8999.243315368891 8998.745336709258 0.497978659632 
  0.96446195   1.72818070 144.01835342  9003.928364917636 9010.813516672122 -6.885151754486 
  0.96446195   1.68888476 145.52763819  9012.099649414420 9018.060661483805 -5.961012069385 
  0.81023578   1.79436082 112.90413178  9012.641145378351 9012.642183576560 -0.001038198208 
  0.95469724   1.78297144  65.23626447  9020.221790730953 9018.978635215701 1.243155515253 
  0.80253363   1.73904090 113.15836644  9023.199278637767 9023.200238701655 -0.000960063888 
  0.79396985   1.68888476 103.00000000  9028.904667854309 9028.903116783324 0.001551070985 
  0.98929929   1.44365934 114.60945197  9030.562655985355 9030.403912256437 0.158743728918 
  1.15878067   1.95175676 103.38717139  9031.223173439503 9031.458338379760 -0.235164940257 
  0.83895340   1.95842614 103.00000000  9039.605294272304 9039.601441969877 0.003852302427 
  0.80759458   1.68888476 120.21257388  9042.608049452305 9042.773830428951 -0.165780976646 
  1.19750964   1.88197009 103.00000000  9046.424351453781 9046.559035610675 -0.134684156894 
  1.22899751   1.72858164  89.06695442  9047.715378507972 9048.907966873876 -1.192588365904 
  0.96446195   1.68888476  68.14070352  9051.642521426082 9052.253588790591 -0.611067364509 
  0.96446195   1.55746830 144.52159840  9062.181328788400 9061.671983792974 0.509344995426 
  1.17051460   1.68888476 128.07286690  9067.055976554751 9067.192690523518 -0.136713968766 
  1.20915250   1.68888476 120.96452947  9070.893396377563 9070.570703520856 0.322692856707 
  1.18294664   1.68045096  81.11644963  9078.239798426628 9076.907347706452 1.332450720176 
  0.94048011   1.67744806  69.14602232  9078.565950483084 9078.565084881815 0.000865601269 
  0.96530041   1.57300228 145.50105247  9088.113919705153 9088.448257823611 -0.334338118459 
  1.19564023   1.68888476 123.80736150  9088.117970764637 9087.946385009353 0.171585755284 
  0.85802687   1.68888476  74.81160679  9093.276592582464 9094.764102673647 -1.487510091183 
  1.20127670   1.55587938 103.00000000  9098.667505040765 9098.643557319831 0.023947720934 
  1.19286713   1.68888476 124.37839812  9099.213309928775 9099.084615612361 0.128694316414 
  0.80316385   1.74311586 113.90005321  9104.659759104252 9104.686650271486 -0.026891167234 
  1.17752246   1.68888476 127.10124587  9108.582850232720 9108.664807255505 -0.081957022785 
  1.23333540   1.79828771 103.00000000  9109.334978833795 9109.388159924218 -0.053181090423 
  1.12418948   1.48944817 107.02395551  9114.194902926683 9114.204515286341 -0.009612359658 
  1.20210188   1.55640554 103.00000000  9114.849012389779 9114.824066303565 0.024946086214 
  0.96446195   1.68310914 146.00764680  9118.043244689703 9124.453125017099 -6.409880327396 
  1.18375683   1.68888476 126.09160145  9119.021386310458 9119.029123450124 -0.007737139666 
  0.81092505   1.68888476 122.49495375  9129.059449180961 9128.976147409723 0.083301771238 
  0.96446195   1.44569047 104.71964644  9129.076290562749 9129.200257264611 -0.123966701862 
  0.96446195   1.68888476  68.00000000  9130.654567360878 9131.334850417923 -0.680283057045 
  1.25019514   1.70225374 106.54728157  9131.103202477098 9131.321376149190 -0.218173672092 
  0.79314788   1.68888476 104.92712044  9148.377784803510 9148.412284156579 -0.034499353069 
  1.04467350   1.64435013  71.49831174  9160.604125261307 9159.305387163718 1.298738097588 
  0.83461964   1.53248026  94.71550348  9161.182223215699 9161.799766805307 -0.617543589608 
  1.25333876   1.69060467 103.00000000  9161.636700525880 9161.661931295801 -0.025230769921 
  0.99693287   1.73491572 143.56648779  9170.543391868472 9178.884120912613 -8.340729044141 
  1.25123901   1.68888476 106.94979881  9173.786136627197 9174.042371857695 -0.256235230498 
  0.85502682   1.71675022  74.04086761  9174.986117929220 9176.821551711580 -1.835433782360 
  1.25376884   1.68888476 103.00000000  9182.206690803170 9182.231073820207 -0.024383017037 
  1.24113868   1.68888476  92.98380285  9182.623171329498 9182.961202782464 -0.338031452966 
  1.24413182   1.68888476 111.63474370  9210.455544784665 9210.687583104491 -0.232038319826 
  0.91069913   1.66421769 145.18732233  9225.602796569467 9220.644359802875 4.958436766592 
  1.21668275   1.65372632  88.24989474  9228.085171237588 9227.869059194894 0.216112042694 
  0.96446195   2.01243427 124.48195258  9233.053255483508 9233.053378719937 -0.000123236428 
  0.96844811   1.84409379  63.77506822  9240.297239243984 9239.514102670055 0.783136573929 
  1.15804522   1.68888476 130.59806278  9243.212156713009 9243.446767849144 -0.234611136135 
  0.96446195   1.79035206  64.47788305  9249.850087180734 9249.505920554629 0.344166626104 
  0.95985852   1.66848967  68.88999560  9250.118878856301 9250.690204669992 -0.571325813691 
  0.79633710   1.61386003 103.00000000  9251.403399825096 9251.543033175161 -0.139633350065 
  0.79490875   1.74295811 103.00000000  9253.607970952988 9253.438650668309 0.169320284678 
  0.96446195   1.68888476 146.23115578  9255.815893247724 9263.184862248134 -7.368969000410 
  0.96446195   1.71137944  66.77774280  9263.286472499371 9264.059102614920 -0.772630115549 
  1.25568040   1.69884529 102.22505469  9269.435263350606 9269.409891686528 0.025371664078 
  0.87370266   1.48144761  97.51055144  9275.657949104905 9275.606852845907 0.051096258998 
  1.25529517   1.67551007 103.00000000  9278.681446149945 9278.703719277370 -0.022273127424 
  1.03979965   1.73708325 141.56484822  9282.725909858942 9287.230450865267 -4.504541006325 
  1.25572477   1.68068056 103.00000000  9283.771532878280 9283.793270509588 -0.021737631308 
  0.81740877   1.64506863 127.09802253  9288.213868275285 9286.513379673775 1.700488601509 
  0.79209693   1.69829825 103.00000000  9298.832469224930 9298.803712907038 0.028756317892 
  1.17593194   1.52222408 106.96943468  9301.682719826698 9301.672587326950 0.010132499749 
  1.22148467   1.84843422  99.25613329  9304.785998985171 9304.865800122880 -0.079801137708 
  1.11721086   1.68888476  72.66925506  9319.774589076638 9317.692194171754 2.082394904884 
  1.21932826   1.85277968 100.93436026  9328.031782060862 9328.104385599787 -0.072603538925 
  1.10880558   1.68888476  71.97857528  9336.753776714206 9334.923123318327 1.830653395878 
  1.21900819   1.67151060  86.92241624  9341.379518076777 9341.583386072805 -0.203867996028 
  0.86839787   1.68888476  72.92960819  9347.895508453250 9348.422719708433 -0.527211255183 
  1.24011757   1.61601604  99.82191995  9349.680728718638 9349.552959793198 0.127768925440 
  1.17103289   1.71525991  77.00458514  9349.736012637615 9347.164516446050 2.571496191566 
  1.12293288   1.71365725  71.94332988  9356.585401207209 9354.121479332580 2.463921874629 
  1.24198709   1.61086543 103.00000000  9370.594923228025 9370.653133667545 -0.058210439520 
  0.93028622   1.44791845 103.00000000  9375.930964395404 9375.863191347487 0.067773047916 
  1.25404758   1.73928089 103.00000000  9379.147327214479 9379.171589699690 -0.024262485211 
  0.86412881   1.47180869 104.35671803  9380.516200587153 9380.361465774860 0.154734812293 
  1.25155571   1.75673842 100.20057063  9385.506158590317 9385.503471588570 0.002687001746 
  1.14933644   1.69255583 132.26391410  9396.697407707572 9396.905485669944 -0.208077962372 
  0.97286142   1.47092324 132.81139567  9399.045174181461 9399.040235277389 0.004938904072 
  1.17986171   1.68888476 127.87125109  9405.434389621019 9405.596329545073 -0.161939924054 
  1.21776278   1.68243258  85.70381693  9411.329754009843 9411.697212074931 -0.367458065088 
  1.22477651   1.71016980 118.51347516  9418.143260002136 9417.902575760065 0.240684242071 
  0.82089829   1.90845701 103.00000000  9429.650118261576 9429.608348574906 0.041769686670 
  1.20551955   1.55196415 103.00000000  9434.183533176780 9434.156462904677 0.027070272103 
  1.20684844   1.70816372 122.67361958  9441.013068318367 9440.548770264159 0.464298054208 
  0.96446195   1.68888476  67.43718593  9450.876935794950 9451.855125274287 -0.978189479338 
  1.25857837   1.68888476 105.59793732  9451.341660112143 9451.542006752108 -0.200346639966 
  0.85628165   1.71115345  73.42598123  9453.912372663617 9455.359530018373 -1.447157354756 
  0.96316444   1.44019986 106.58252453  9454.951318621635 9455.244841809890 -0.293523188255 
  0.92942880   1.68405583 146.37324688  9455.140133962035 9457.480873840192 -2.340739878156 
  0.96446195   1.44472362 103.00000000  9456.421103104949 9456.389536052156 0.031567052793 
  0.94304841   1.57070718  76.29859490  9460.611367985606 9460.290877992287 0.320489993319 
  1.20695272   1.68888476 123.32142037  9469.825737968087 9469.601938265354 0.223799702733 
  0.79559854   1.68888476  93.69872460  9478.279696375132 9476.871224410273 1.408471964858 
  0.96446195   1.70909926  66.48721528  9480.660571679473 9481.647507086082 -0.986935406609 
  1.23500716   1.70552643 116.37745386  9485.496914327145 9485.391665266925 0.105249060220 
  0.79273148   1.71941467 107.52548738  9486.106644272804 9485.919170566338 0.187473706466 
  0.79534376   1.70148348 112.99278357  9495.727469429374 9495.415459927959 0.312009501415 
  0.96446195   1.68888476 146.93467337  9500.096595168114 9508.969959919614 -8.873364751500 
  0.96446195   1.44907326 125.70467247  9515.597606852651 9514.555651632969 1.041955219682 
  1.00593452   1.73980036  65.26970990  9516.583365321159 9518.752386178137 -2.169020856978 
  0.85112281   2.01459477 102.35370666  9524.740597978234 9524.742538269760 -0.001940291526 
  1.26130653   1.68888476 103.00000000  9526.800943315029 9526.814918558122 -0.013975243093 
  0.96446195   1.56063088  76.89319356  9537.175699651241 9536.528316729751 0.647382921490 
  1.08124455   1.68888476 140.54910665  9542.569614499807 9543.355317153884 -0.785702654077 
  0.99487364   1.64625581  69.56045464  9545.647563010454 9546.282925399757 -0.635362389303 
  1.25323038   1.76308860 103.00000000  9561.840471163392 9561.863234522585 -0.022763359193 
  0.88110247   2.08410518 102.52346751  9563.851840287447 9563.839258795193 0.012581492254 
  1.23985615   1.68888476  89.74408314  9578.453885287046 9579.207552359820 -0.753667072773 
  1.22395162   1.69337075  85.65607639  9583.610402777791 9584.321963943299 -0.711561165508 
  1.07092143   1.68888476  69.12629941  9584.725903451443 9585.296132065334 -0.570228613891 
  0.87468056   2.06308866 105.35126217  9586.096700116992 9586.145833286357 -0.049133169365 
  0.96446195   1.43602255 111.09378012  9587.339563921094 9587.639267600576 -0.299703679482 
  0.96022601   1.68888476  67.25852232  9588.233157515526 9589.204211103483 -0.971053587957 
  1.18399279   1.92888276 104.15784106  9591.426030173898 9591.596927176297 -0.170897002399 
  0.96072311   1.75464590  64.74835094  9594.795163139701 9595.066267196265 -0.271104056565 
  0.82007206   1.91878202  99.23324547  9597.696181729436 9597.724405259973 -0.028223530537 
  1.16188080   1.68888476 131.29342810  9597.886036291718 9598.204289271420 -0.318252979701 
  1.21167806   1.71650150 122.13205303  9602.531338542700 9601.850396624010 0.680941918690 
  1.24502184   1.68888476 114.65704994  9609.776398569345 9609.844778163848 -0.068379594502 
  1.23881368   1.79625764 107.59805436  9615.625998333097 9615.574802161294 0.051196171802 
  0.85677546   1.70698758  73.13961252  9624.452496513724 9625.694176100704 -1.241679586979 
  1.25519812   1.76106748 103.00000000  9630.232993558049 9630.253175489435 -0.020181931386 
  0.99359483   2.16746636 100.51873817  9633.569168657064 9633.586732313566 -0.017563656502 
  1.26103022   1.72563761 104.13857502  9635.216797441244 9635.290838677618 -0.074041236374 
  0.93270470   1.59076391  74.34775011  9636.635404676199 9636.320261019582 0.315143656617 
  0.87627810   1.68888476  71.48291368  9647.710184976459 9647.471804540946 0.238380435512 
  0.79046451   1.68888476  98.63544003  9650.889784052968 9650.350628284143 0.539155768825 
  1.23585263   1.68888476 117.68864741  9654.362955227494 9654.248323452119 0.114631775376 
  0.84297861   1.68888476  75.99014433  9654.408534839749 9656.688884043455 -2.280349203706 
  0.97090900   1.56908280  75.70909093  9658.947908103466 9658.118557535536 0.829350567930 
  1.02052323   1.60476730  72.83409541  9662.334359779954 9660.202955976860 2.131403803094 
  1.26446195   1.68888476 103.00000000  9671.291421651840 9671.301724256655 -0.010302604815 
  1.16727375   1.95971377 104.76178441  9677.411188513041 9677.570302853146 -0.159114340106 
  0.79791829   1.78943270  94.29519358  9683.174766480923 9683.169791712624 0.004974768299 
  1.26457032   1.67945284 103.00000000  9691.260573327541 9691.270506564286 -0.009933236744 
  1.09133052   1.67695603  70.59681878  9701.477548435330 9700.623240985036 0.854307450294 
  1.00848018   1.74850811 144.00893519  9708.946766048670 9719.560381930640 -10.613615881970 
  1.25411086   1.64715471 111.38247700  9718.406766578555 9718.687688088665 -0.280921510110 
  1.01510808   1.60880598  72.26333985  9720.348377674818 9718.796584365344 1.551793309474 
  0.95904272   1.68888476  67.04408790  9724.334506064653 9725.395944545598 -1.061438480945 
  0.84756893   2.01047779 103.00000000  9725.152210623026 9725.158075170675 -0.005864547649 
  1.25811144   1.68303576 110.59390802  9735.747293740511 9736.076520183000 -0.329226442489 
  0.96446195   1.68888476 147.63819095  9744.770148634911 9755.234691116870 -10.464542481959 
  0.95835598   1.55820232  76.83213542  9747.322596758604 9746.788071627621 0.534525130983 
  1.00298692   1.62902926  70.44903954  9748.463989973068 9748.472486669118 -0.008496696049 
  0.79467897   1.77853757 103.00000000  9750.517713978887 9750.547195790899 -0.029481812013 
  1.13290516   1.68888476 135.61566350  9754.219747602940 9754.343617122737 -0.123869519797 
  0.86712302   1.70001289  71.80160027  9754.775434330106 9754.903626610127 -0.128192280021 
  0.83673910   1.70009656 134.04062759  9755.726316750050 9745.522869858463 10.203446891586 
  0.79025756   1.64678439 100.36872655  9764.054492712021 9763.850452305323 0.204040406697 
  1.19197304   1.68618516  79.70442843  9766.778188750148 9764.659717666857 2.118471083291 
  1.25635136   1.62580069 103.00000000  9767.946959421039 9767.977712320133 -0.030752899094 
  0.90381971   1.66379492  70.30011181  9772.555171519518 9772.122166712759 0.433004806759 
  0.95603836   1.62290044  70.92305322  9779.650666907430 9779.931827544613 -0.281160637183 
  1.26560411   1.68888476 105.84260583  9781.143917232752 9781.371777404449 -0.227860171697 
  0.96446195   1.61450277 148.82872238  9783.480360805988 9790.524081899817 -7.043721093829 
  1.23376848   1.57581552 108.44174486  9788.811218842864 9788.805461256796 0.005757586068 
  1.24605549   1.68888476 115.61109050  9789.580736428499 9789.585724795865 -0.004988367366 
  0.96513671   1.43368246 113.69065463  9791.507157683372 9791.509129340371 -0.001971656999 
  1.23419707   1.57858426 103.00000000  9796.517679587007 9796.460174695148 0.057504891858 
  0.92277143   1.72306816  66.54073789  9811.505582660437 9810.029575486600 1.476007173836 
  1.22344462   1.68888476  84.69257313  9812.918595477939 9813.238706722121 -0.320111244182 
  1.25303213   1.78956082 100.02620812  9816.423983126879 9816.464027400782 -0.040044273903 
  0.89865684   1.68906537  69.26855045  9827.565904691815 9826.631879578812 0.934025113003 
  0.99058081   1.47067464  91.80972080  9830.281195715070 9830.328058292029 -0.046862576959 
  1.19891271   1.69712345 126.17720509  9835.548205509782 9835.489584719222 0.058620790560 
  0.82912640   1.95618218 103.00000000  9843.593737185001 9843.580129120310 0.013608064692 
  1.25333330   1.78616953 103.00000000  9846.998788714409 9847.016653685603 -0.017864971194 
  0.79369845   1.69696814 114.39188419  9850.831074610353 9850.546044805351 0.285029805002 
  1.15317255   1.68888476  74.53497178  9857.177272811532 9853.730002581362 3.447270230170 
  0.96446195   1.68888476  66.73366834  9860.683596804738 9862.077635079619 -1.394038274881 
  1.25409091   1.78660329 102.19962631  9861.959824398160 9861.973991975374 -0.014167577214 
  1.08538245   1.48171282  95.76433776  9865.863966271281 9865.864056311866 -0.000090040585 
  0.91506764   1.56525999  77.16091082  9868.899379491806 9868.312359226336 0.587020265470 
  0.96446195   1.68888476 148.00000000  9870.698390260339 9882.010764238554 -11.312373978215 
  0.95603254   1.49432644  86.02395559  9873.889205113053 9874.109273320875 -0.220068207822 
  1.26817000   1.71216113 103.00000000  9874.595247581601 9874.601915384150 -0.006667802549 
  1.00226672   1.63628310  69.68166711  9888.562795743346 9889.082877014558 -0.520081271212 
  0.83677067   1.70403749  75.99339003  9908.990844070911 9912.012875883953 -3.022031813041 
  1.25910729   1.68888476 111.83794724  9910.094477087259 9910.373903203983 -0.279426116724 
  0.94367471   1.68276737 148.17363817  9910.903660118580 9919.672032735463 -8.768372616883 
  0.78741541   1.67045084 103.00000000  9914.984628111124 9915.043278942549 -0.058650831425 
  1.17243041   1.51213470 103.00000000  9916.692216932774 9916.699174223240 -0.006957290467 
  1.11197309   1.69451855  70.54091098  9916.800118789077 9915.457702090611 1.342416698466 
  0.96351617   1.49009461  86.69012879  9923.066836208105 9923.256351575839 -0.189515367734 
  1.16401024   1.50700131 102.38604085  9926.335866793990 9926.356560564842 -0.020693770852 
  0.94641058   1.81675713  63.11464969  9926.470574826002 9923.140385000312 3.330189825690 
  0.96446195   1.53369969 145.41389104  9929.954313710332 9930.301838129270 -0.347524418938 
  0.80689946   1.72111289 122.56274860  9933.049152553082 9932.964334901699 0.084817651383 
  1.25890908   1.62217183 103.23467334  9934.451511397958 9934.499809416182 -0.048298018224 
  1.26168693   1.76184093 103.00000000  9935.505430579185 9935.515521886795 -0.010091307609 
  1.24713320   1.64488036  92.75889481  9942.892019748688 9942.682095822493 0.209923926195 
  1.26627158   1.70633400  96.50464825  9953.764366522431 9953.725094664496 0.039271857935 
  1.05628316   1.67328466  68.57202927  9956.262298002839 9957.384703622683 -1.122405619844 
  0.96446195   1.70557168  65.80814296  9960.878394767642 9962.360480843568 -1.482086075926 
  1.20864523   1.69896007 124.91628430  9964.094736054540 9963.883575860516 0.211160194023 
  1.16042487   1.69014057 132.78879050  9984.388783469796 9984.771038480372 -0.382255010576 
  0.96446195   1.68888476 148.34170854  9989.661023542285 10001.790901728082 -12.129878185797 
  1.14671276   1.68888476  73.50384249  9998.722037643194 9995.410066857447 3.311970785748 
  1.20119890   1.92260320 101.25921518  10004.895881518722 10004.941631672707 -0.045750153986 
  1.24219386   1.82943691 103.00000000  10013.748699739575 10013.777152016286 -0.028452276711 
  0.93123743   1.68888476 147.91789762  10015.837933868170 10022.372255281973 -6.534321413803 
  1.16090462   1.68888476  74.89871955  10016.631591469049 10012.936846484177 3.694744984872 
  0.84553558   1.48133307 103.00000000  10024.099837929010 10023.981648182385 0.118189746625 
  1.27047465   1.70392938 105.73632082  10025.860875621438 10026.066733648566 -0.205858027128 
  0.78986658   1.72507142 108.96512487  10027.730325222015 10027.440769837016 0.289555384999 
  1.15500283   1.68888476  74.22565509  10035.413071706891 10031.809371624622 3.603700082269 
  0.79488465   1.69291977  90.66760781  10041.451695516706 10039.891686651474 1.560008865232 
  1.27074519   1.66248212 103.00000000  10046.092506617308 10046.097178174119 -0.004671556811 
  0.78643216   1.68888476 103.00000000  10047.793370500207 10047.796450012680 -0.003079512473 
  0.96446195   1.51062098 143.13632996  10054.448734343052 10054.453284156927 -0.004549813875 
  0.84503874   2.00819259 105.54455722  10077.693628981709 10077.677441758304 0.016187223406 
  0.99534847   1.68888476  66.24637855  10078.412738725543 10080.788883905107 -2.376145179564 
  0.96446195   1.43844221 103.00000000  10080.304255351424 10080.290100802093 0.014154549332 
  1.00313371   1.68888476  66.28779036  10085.311927616596 10087.775417788265 -2.463490171669 
  1.14313481   1.70603484  72.11950003  10089.055451363325 10085.781593191121 3.273858172204 
  0.80535552   1.68541854 124.20011830  10097.106525242329 10096.738952637397 0.367572604931 
  1.07772918   1.70525315  67.60114746  10102.904871955514 10104.005807563079 -1.100935607565 
  1.12565173   1.68888476 137.60331481  10118.738341674209 10118.776444237446 -0.038102563238 
  0.83054555   1.68888476  77.36215701  10121.979680478573 10124.509773520585 -2.530093042013 
  0.92848846   1.48645739  87.75831582  10122.971332505345 10123.128708753227 -0.157376247882 
  1.00032594   1.69625177  65.84189340  10127.558274284005 10130.144835228459 -2.586560944454 
  1.02799607   1.70813411 145.81736759  10129.818353161216 10138.317367838730 -8.499014677514 
  1.26959530   1.64522099 103.00000000  10131.053052678704 10131.062428949779 -0.009376271075 
  1.15767149   1.50501712  99.64709871  10132.430761069059 10132.403290498523 0.027470570536 
  1.27305364   1.66459904 103.00000000  10139.566794037819 10139.569308329928 -0.002514292109 
  1.27200693   1.65898983 101.80613122  10145.939323261380 10145.830776312383 0.108546948997 
  1.25173022   1.72274284 114.98994391  10152.687843918800 10152.500492339168 0.187351579632 
  1.11805333   2.05528541 104.64591686  10154.453392267227 10154.454280101023 -0.000887833796 
  1.21375089   1.54315788 103.00000000  10154.717486724257 10154.683746815192 0.033739909066 
  0.78603554   1.68888476 100.37363916  10167.292345687747 10167.028988253704 0.263357434043 
  1.05029018   1.68888476  67.11275946  10176.645559921861 10178.825840451480 -2.180280529619 
  1.22574584   1.70281900  82.89887603  10189.080572023988 10189.130567739021 -0.049995715033 
  1.26649527   1.65286566  97.20790277  10199.812906280160 10199.507691516508 0.305214763652 
  1.27183275   1.74309720 101.28490384  10202.145442768931 10202.085916095300 0.059526673631 
  1.13667803   1.66784285  73.20411184  10219.423382177949 10215.658894919652 3.764487258297 
  1.12035697   1.68888476 138.55360317  10234.232582882047 10234.232898673665 -0.000315791618 
  0.96446195   1.68888476 149.04522613  10234.588158831000 10248.443397379819 -13.855238548818 
  1.26159856   1.78701524 103.00000000  10236.552674919367 10236.557746736256 -0.005071816890 
  1.27557638   1.66692373 103.00000000  10242.847383052111 10242.847259230206 0.000123821905 
  1.26278443   1.78798382 100.01975621  10242.998108789325 10243.023119436430 -0.025010647105 
  1.23502389   1.68888476  85.02140966  10254.715741932392 10255.105674908493 -0.389932976101 
  1.24267375   1.84142640 103.20088889  10261.131277441978 10261.154752900715 -0.023475458736 
  1.14769214   1.68888476  72.89146168  10263.270028352737 10259.919953526285 3.350074826452 
  1.18977782   1.51906224 103.00000000  10268.051246836782 10268.042451510768 0.008795326014 
  0.96446195   1.68888476  66.03015075  10281.307245403528 10283.152318084576 -1.845072681048 
  0.95861885   2.11948503  69.40581496  10307.101194977760 10307.104171974270 -0.002976996509 
  1.26953612   1.68888476  94.51502145  10311.629339903593 10311.707822839608 -0.078482936015 
  0.79917827   1.68888476 121.68116365  10323.654778331518 10323.877782194899 -0.223003863381 
  1.26741875   1.62220165 103.00000000  10327.207490608096 10327.228234438213 -0.020743830117 
  0.91074594   2.15838245 103.00000000  10329.401742056012 10329.409401235353 -0.007659179340 
  1.26512443   1.78233714 103.00000000  10336.095686390996 10336.096919683243 -0.001233292247 
  1.24118955   1.71633550  84.91698674  10345.848340526223 10346.891493442814 -1.043152916591 
  0.82348674   1.95478784 103.00000000  10346.145493164659 10346.126318153762 0.019175010897 
  1.26238661   1.70803190 113.72008903  10356.527673408389 10356.607186078263 -0.079512669874 
  1.12338486   2.05740067 104.21946461  10362.240928918123 10362.319502616772 -0.078573698649 
  1.27319378   1.63772637 103.00000000  10376.987567499280 10376.996576705287 -0.009009206007 
  0.96446195   1.62171354  69.84907089  10399.544621840119 10400.356926623481 -0.812304783361 
  0.96446195   1.64410240  68.31708651  10402.873469144106 10404.290902726008 -1.417433581903 
  1.17253039   1.69437858 132.43421139  10405.239188864827 10405.691230271721 -0.452041406894 
  0.78996241   1.77474107 105.26426992  10415.315216034651 10415.299668872800 0.015547161851 
  1.15827149   1.49440883 103.00000000  10418.342208236456 10418.365318478443 -0.023110241988 
  1.27048169   1.65036766  97.03681129  10425.793068796396 10425.456723277181 0.336345519216 
  1.21573971   1.70243309  80.21764188  10425.995246425271 10424.377761373842 1.617485051429 
  0.78458399   1.70583367 106.58245960  10450.235996931791 10450.144034535626 0.091962396165 
  1.26501168   1.79124570 103.00000000  10451.223829641938 10451.223585211903 0.000244430035 
  0.97526069   1.99041089 131.22138947  10452.026368275285 10465.397104831894 -13.370736556610 
  0.96446195   1.44497730  97.79450595  10456.011813670397 10455.622810493363 0.389003177033 
  0.83013656   1.98318537 103.00000000  10457.362724378705 10457.358718172913 0.004006205792 
  0.96446195   2.19849246 103.00000000  10460.130777418613 10460.125472248343 0.005305170271 
  1.12692428   1.48220486  99.88655221  10461.949663475156 10462.027991434927 -0.078327959771 
  0.78603225   1.74403064 100.66460596  10462.875227540731 10462.611042144863 0.264185395868 
  1.23404957   1.66971227  84.96934483  10463.021322369576 10462.403044062274 0.618278307302 
  0.80439179   1.63841089  86.77599067  10467.262321606278 10466.088945936119 1.173375670160 
  0.97521815   1.44396535  98.26427579  10471.525499850512 10471.240179391629 0.285320458883 
  0.86635965   1.72136985  69.70873171  10473.728789702058 10472.335147796046 1.393641906012 
  0.93654084   1.74557316  64.08643118  10478.945656791329 10477.833793766207 1.111863025122 
  0.96446195   1.68888476 149.74874372  10479.365843325853 10494.989865417399 -15.624022091546 
  0.96446195   2.16141485 111.55380514  10482.771989226341 10482.501342873253 0.270646353089 
  1.16632795   1.49748757 103.61824949  10488.561736688018 10488.571832641734 -0.010095953716 
  1.28222941   1.68888476 103.53516181  10489.977091297507 10490.024636087725 -0.047544790217 
  1.07757265   1.68888476 143.65326422  10501.970518901944 10503.583681595490 -1.613162693546 
  0.84934524   2.04532522 103.00000000  10515.482539758086 10515.484338783126 -0.001799025040 
  1.07938209   1.70752399 143.04772753  10528.705407679081 10530.998079376108 -2.292671697027 
  0.79440832   1.81321234 105.76492412  10535.155677199364 10535.045622712239 0.110054487124 
  1.24943240   1.83697504 104.10672862  10536.325429424644 10536.314298024405 0.011131400239 
  1.27219162   1.62236045 103.00000000  10542.311534032226 10542.328133162682 -0.016599130457 
  1.28091156   1.73084199 100.40721501  10543.187644734979 10543.064816205006 0.122828529973 
  0.86830020   2.09453381 103.00000000  10554.311944231391 10554.308211393740 0.003732837651 
  1.28391960   1.68888476 103.00000000  10564.327597558498 10564.320394273620 0.007203284878 
  0.93887063   2.21532063  90.42137222  10586.423423856497 10586.423303556410 0.000120300087 
  1.20228197   1.68888476 128.74629246  10593.171703979373 10593.585084461982 -0.413380482609 
  0.82234158   1.96036056 103.00000000  10604.622670605779 10604.605907298908 0.016763306870 
  1.25824286   1.82157755 103.00000000  10609.791052684188 10609.793497139521 -0.002444455333 
  0.96361283   2.15630121  71.22710515  10611.126590073109 10611.123924196452 0.002665876656 
  1.11131174   1.46416526 105.21552681  10626.404341697693 10626.402167979071 0.002173718622 
  1.03493339   2.17699541 103.00000000  10627.160839810967 10627.161270818806 -0.000431007838 
  1.25271503   1.68888476 118.98844735  10634.163378611207 10633.961711011863 0.201667599344 
  1.04175802   1.66228651  67.43221386  10648.710262835026 10650.774055883738 -2.063793048712 
  1.08365048   1.71686321  66.25661242  10652.115079969168 10652.961600551544 -0.846520582376 
  1.10887389   1.68888476  68.92823517  10654.761325582862 10654.763301401232 -0.001975818370 
  0.96936874   1.62720211  68.96945642  10665.060885936022 10666.356764174021 -1.295878237999 
  0.82194825   1.68888476  78.02768836  10666.108201548457 10668.832367504518 -2.724165956060 
  1.27534719   1.72160136 110.61215642  10682.559713825583 10682.781896297231 -0.222182471647 
  1.11261402   1.71565910 140.04137921  10701.642040476203 10701.641860176798 0.000180299405 
  1.22287661   1.90980784 101.95725390  10708.068070769310 10708.113506664813 -0.045435895503 
  1.26483841   1.59395928 105.33033678  10711.613823339343 10711.803595435378 -0.189772096035 
  0.96446195   1.68888476  65.32663317  10713.013997048140 10715.324457127443 -2.310460079303 
  0.91799108   1.46724676  91.26485466  10720.335177779198 10720.104981694396 0.230196084802 
  0.94765435   1.45849944 135.05878237  10721.179158493876 10721.184267952664 -0.005109458787 
  0.96446195   1.68888476 150.45226131  10723.802559494972 10741.220818992313 -17.418259497341 
  0.96446195   2.11705297 119.64900912  10728.025918871164 10726.249932509771 1.775986361394 
  0.96446195   1.43216080 103.00000000  10732.272554472089 10732.277237800567 -0.004683328478 
  1.23630111   1.68888476  83.15131385  10738.368256777525 10737.910782393952 0.457474383573 
  1.04088731   1.66636561  66.98985933  10748.613004416227 10751.031438068514 -2.418433652287 
  1.24983844   1.85088733 103.00000000  10753.856528684497 10753.869886696921 -0.013358012424 
  0.89533005   1.43908425 105.29917836  10759.914938792586 10760.115906030042 -0.200967237455 
  0.98803951   1.51213934 145.11400351  10779.374382779002 10779.373926698088 0.000456080914 
  1.09622617   1.67161247  68.85385931  10782.876848325133 10783.361342271221 -0.484493946087 
  1.11224783   1.68888476  68.84117008  10790.845084756613 10790.840655605929 0.004429150684 
  1.17526114   1.50037933 102.40845525  10795.642014592886 10795.649905477778 -0.007890884892 
  1.21475630   1.68888476  79.27280027  10812.966694876552 10809.961648561683 3.005046314869 
  0.96446195   1.56822583  73.78311990  10813.659545794129 10813.155691189077 0.503854605053 
  0.96720590   2.09354176  65.08367800  10826.796904146671 10826.797007887491 -0.000103740820 
  1.26182501   1.68888476  88.25662178  10827.082801923156 10827.970072890603 -0.887270967447 
  0.79463639   1.83974573 101.88231341  10836.080065384507 10836.033354157389 0.046711227118 
  0.78795083   1.74524616 112.08358910  10854.473980858922 10854.080101250518 0.393879608404 
  1.12277160   1.68888476  69.36257864  10872.319829568267 10871.695030164961 0.624799403306 
  1.19394698   1.68888476  76.20874375  10873.345959067345 10868.676191172572 4.669767894773 
  1.27759210   1.77615954 104.17006314  10875.971826687455 10875.976631016265 -0.004804328810 
  1.20639749   1.52523329 100.70303490  10890.617128804326 10890.510991812836 0.106136991490 
  1.29075279   1.67829701 103.00000000  10895.609035298228 10895.598615589070 0.010419709159 
  0.84038665   2.03975430 100.62425719  10905.684880271554 10905.596052780847 0.088827490707 
  0.93942294   1.80434808  61.73844686  10909.902905136347 10905.819662039250 4.083243097097 
  0.98526705   1.43138019 103.00000000  10910.396523341537 10910.397386142566 -0.000862801029 
  1.29145729   1.68888476 103.00000000  10910.769326314330 10910.757959305285 0.011367009045 
  1.28488280   1.75316583 103.00000000  10914.445819616318 10914.433477805596 0.012341810721 
  1.07685979   1.45548200 100.10406636  10926.834738105536 10926.825030916822 0.009707188714 
  1.06051477   2.17565695  99.11219334  10930.759665548801 10930.759098300889 0.000567247913 
  1.29189814   1.70043766 103.57164824  10942.289164811373 10942.336466847939 -0.047302036566 
  1.26452488   1.70590914  87.64418067  10944.488173589110 10945.775388947439 -1.287215358328 
  0.81812247   1.68888476  78.27755864  10953.702121287584 10956.484715365557 -2.782594077973 
  1.26516957   1.68888476  88.37600556  10958.671532049775 10959.565454318361 -0.893922268586 
  1.27750170   1.71189200  91.33594356  10965.158862963319 10966.054963998760 -0.896101035441 
  0.96446195   1.68888476 151.15577889  10967.702127158642 10986.919583651768 -19.217456493127 
  0.95672705   1.58358090  72.12804273  10973.739605948329 10973.740717396890 -0.001111448561 
  1.29206393   1.68888476 105.50642116  10982.324043959379 10982.593089635859 -0.269045676479 
  1.11279033   1.69788408 141.35592907  10982.733091831207 10982.738680772583 -0.005588941376 
  1.19484992   1.68888476 131.32176679  10987.770359978080 10988.504891438115 -0.734531460035 
  1.29287525   1.67209761 103.00000000  11013.401532545686 11013.390446390598 0.011086155087 
  1.27090985   1.66110103 116.47177487  11017.390493482351 11017.327423993462 0.063069488890 
  0.78237460   1.66940676  96.63509228  11019.968459874392 11018.863076429228 1.105383445163 
  0.78226842   1.69791596 110.89129180  11036.058371469378 11035.751105245115 0.307266224263 
  1.06921171   1.68888476 145.91467517  11043.762127161026 11046.410412559095 -2.648285398069 
  1.28117152   1.63835837 111.84282600  11049.851622983813 11050.222021107096 -0.370398123283 
  0.96464303   1.46822874 139.05401092  11084.173784807324 11084.621015989776 -0.447231182452 
  1.22584748   1.68888476 126.67200186  11085.355949386954 11085.525087719887 -0.169138332933 
  0.82991450   1.47697821 108.65480370  11087.682105705142 11087.191849412893 0.490256292249 
  1.26174438   1.68888476  86.76963705  11099.712614431977 11100.493387832756 -0.780773400778 
  0.95383587   1.51161066 146.92661671  11101.287891671062 11102.708150452499 -1.420258781438 
  1.29508116   1.68888476 100.64422256  11104.050515472889 11103.803464011324 0.247051461565 
  1.29549929   1.68689003 104.46960278  11113.545114845037 11113.708992084090 -0.163877239052 
  1.28804454   1.68888476  94.87090038  11128.530212387443 11128.502395111487 0.027817275955 
  0.97968284   1.68888476  64.51666924  11130.421373739839 11133.544047931044 -3.122674191205 
  0.77889447   1.68888476 103.00000000  11143.159924983978 11143.163448578969 -0.003523594991 
  0.96446195   1.68888476  64.62311558  11156.092768594623 11158.853638719236 -2.760870124614 
  0.82683537   2.00736085  98.71897468  11164.750464603305 11164.601073051845 0.149391551460 
  1.28443291   1.77384739 104.26393964  11165.932246193290 11165.938541347696 -0.006295154406 
  0.92158783   1.56557974  74.51563815  11172.372519105673 11171.105002686831 1.267516418842 
  1.27095340   1.58835318 103.00000000  11186.551064923406 11186.593458301249 -0.042393377844 
  0.89243821   1.43906689 103.00000000  11191.543522283435 11191.470454367860 0.073067915575 
  1.29168253   1.64034640 103.00000000  11192.715289458632 11192.711771380733 0.003518077900 
  0.77920873   1.71407888 103.00000000  11199.937845259905 11199.850954170384 0.086891089521 
  0.96446195   1.68888476 151.85929648  11210.862397208810 11231.862346520840 -20.999949312030 
  1.23775051   1.54325402 103.00000000  11212.846513673663 11212.793484037295 0.053029636369 
  0.98004626   1.99084426 133.76710988  11214.070289790630 11241.663674490837 -27.593384700207 
  0.98262701   1.47756524  86.28147238  11226.270355612040 11226.323745075964 -0.053389463925 
  0.96446195   1.67751262  65.07571185  11231.603511556983 11234.433636710890 -2.830125153907 
  1.28041338   1.79204797 104.58269333  11241.403237745166 11241.378738566451 0.024499178715 
  1.24096252   1.89813062 101.53644322  11243.320494636893 11243.322647331699 -0.002152694806 
  0.78334597   1.68888476  93.04746102  11245.206779479980 11243.479278546925 1.727500933055 
  1.23496143   1.54418513 100.71220026  11245.366512849927 11245.202312892348 0.164199957579 
  0.96446195   1.45470390  91.77225149  11250.461048334837 11250.402530087800 0.058518247037 
  1.10876062   1.68888476  67.62726827  11251.609857797623 11252.818181817043 -1.208324019421 
  1.29899497   1.68888476 103.00000000  11257.206755176187 11257.192380338100 0.014374838087 
  0.81526699   1.95762233 103.00000000  11265.709996983409 11265.687354660111 0.022642323298 
  0.87033460   1.69986649  68.65344946  11270.998457789421 11269.287133978363 1.711323811058 
  1.29085200   1.69623090 110.78145001  11272.506933718920 11272.976979297104 -0.470045578184 
  1.29290697   1.64947470 108.75191139  11280.330025002360 11280.893828164279 -0.563803161918 
  1.29182222   1.63092838 104.03471822  11297.571095347404 11297.699140416924 -0.128045069519 
  0.79036027   1.66801162 121.53168566  11301.177471831441 11301.181234552889 -0.003762721448 
  0.82089090   1.69854155  76.36159848  11308.902244195342 11312.267974108827 -3.365729913485 
  0.96446195   1.54268451  75.73616375  11316.981212407351 11316.054146684854 0.927065722497 
  0.99264340   1.81291184  60.04557409  11330.241548344493 11331.775542443149 -1.533994098656 
  0.84978038   1.68888476  71.46514272  11331.599577933550 11331.784104646244 -0.184526712694 
  0.84728973   1.68888476  71.81765965  11332.146600022912 11332.613369402008 -0.466769379096 
  1.28968322   1.62338241 107.57399429  11338.611370056868 11339.047003814358 -0.435633757490 
  0.96446195   1.67403057  65.09147020  11339.161478191614 11342.086832838293 -2.925354646679 
  0.96446195   1.59873740  70.11119707  11340.187397420406 11341.092612974086 -0.905215553679 
  1.27731881   1.81255139 103.28267682  11348.943351179361 11348.921480955934 0.021870223427 
  1.20440190   1.68888476  76.05168188  11351.737809345126 11346.365986252231 5.371823092895 
  1.03669236   1.69022642 149.27196942  11360.286768034101 11369.163465323876 -8.876697289776 
  1.15251656   1.47467171 105.31006174  11361.941262170672 11361.952642457518 -0.011380286845 
  0.96446195   1.80986763  60.24135026  11365.807058125734 11366.105416230179 -0.298358104445 
  1.00375489   1.66793038  65.23109128  11377.970751747489 11381.309480655997 -3.338728908508 
  0.79271227   1.85115568 103.00000000  11381.489322125912 11381.399726981683 0.089595144229 
  1.11443449   1.68888476 142.55700511  11386.434400826693 11385.647205346851 0.787195479841 
  1.29322280   1.68888476 111.20261015  11400.621304467320 11401.134025838186 -0.512721370866 
  1.23556215   1.67874600 126.40712482  11406.267688676715 11406.451590351764 -0.183901675049 
  0.96446195   1.42587940 103.00000000  11413.206549778581 11413.230180339842 -0.023630561262 
  0.92221831   1.65914049 152.59125876  11414.493981212378 11428.919481977164 -14.425500764786 
  1.07156675   1.45656259  96.58371383  11419.551249638200 11419.559384614135 -0.008134975935 
  1.13524594   1.69868006 140.17296761  11426.157569408417 11425.692930390840 0.464639017577 
  1.26295374   1.68888476 120.77317007  11426.490710809827 11426.212884290515 0.277826519312 
  0.94475444   1.45840879  90.50826275  11428.030598863959 11427.908824879632 0.121773984327 
  0.86089739   1.69539218  69.56619811  11442.181515023112 11441.036030917581 1.145484105531 
  1.29763920   1.68888476 109.43143092  11450.205610364676 11450.770647738540 -0.565037373864 
  0.96446195   1.68888476 152.56281407  11453.075464785099 11475.818218081948 -22.742753296849 
  0.77695441   1.66523408 103.00000000  11453.867332026362 11453.947384931800 -0.080052905438 
  1.30085042   1.68888476 107.34764212  11462.952306106687 11463.436223243834 -0.483917137148 
  0.98845312   1.42620875 124.21629315  11466.800834015012 11464.431492031365 2.369341983647 
  1.15149667   1.48570557  98.06901451  11471.286151543260 11470.962681125635 0.323470417625 
  0.78762250   1.69583250 119.57550701  11482.139263376594 11482.229387409590 -0.090124032997 
  0.96446195   1.61596209  68.53193840  11484.052179247141 11485.823532735831 -1.771353488690 
  1.30389179   1.69746648 103.00000000  11484.113174334168 11484.097005426676 0.016168907492 
  0.77970497   1.61478844 103.73208484  11489.943925157189 11490.179950592737 -0.236025435548 
  0.85327277   1.44879926 110.59625562  11495.632978975773 11495.631334611240 0.001644364533 
  1.28132104   1.59572908 102.52364997  11496.837381795049 11496.823835567004 0.013546228045 
  1.26392357   1.86272336 100.30754994  11518.365557476878 11518.357402911826 0.008154565052 
  0.78163861   1.60396975 112.42296256  11558.280182078481 11558.280174214709 0.000007863771 
  1.14621531   1.68888476 139.52698110  11559.065892741084 11558.590437027646 0.475455713438 
  1.07980837   1.44448710 103.00000000  11577.942690417171 11577.791439190016 0.151251227155 
  1.30376103   1.68888476 107.06101086  11581.572394862771 11582.049418867979 -0.477024005208 
  0.96446195   1.68888476 153.00000000  11603.023028805852 11626.817758871623 -23.794730065771 
  1.30653266   1.68888476 103.00000000  11603.470178902149 11603.453855094669 0.016323807480 
  0.96446195   1.68888476  63.91959799  11610.859771236777 11614.013812957739 -3.154041720962 
  1.30063979   1.73926870  96.68982507  11613.945894673467 11613.948041866011 -0.002147192545 
  1.08062804   1.69894510 146.25674435  11624.859432071447 11626.497023124512 -1.637591053064 
  0.96573790   1.50812517  79.84117320  11635.878725007176 11635.257473747053 0.621251260123 
  0.87068148   1.68888476  68.47436053  11637.930958583951 11636.319089937087 1.611868646864 
  0.92495854   1.68320261  65.16684443  11656.419799238443 11657.713467107453 -1.293667869009 
  1.29890613   1.68888476  94.43393424  11672.088816210628 11672.092336536043 -0.003520325416 
  0.84909840   1.72752176  69.44410715  11674.101664826274 11672.711201172928 1.390463653346 
  0.96446195   1.62022623  67.91686399  11679.193243935704 11681.359416335899 -2.166172400195 
  1.22196343   1.68888476  77.35231272  11683.613507866859 11678.407050449585 5.206457417275 
  1.25368080   1.55931758  98.65768752  11693.337481945753 11692.977479064321 0.360002881433 
  0.96446195   1.68888476 153.26633166  11694.128585591912 11718.549378487625 -24.420792895713 
  1.30801081   1.68888476 104.93504469  11697.490293860435 11697.741581185226 -0.251287324791 
  0.96446195   1.62409494  67.59817285  11706.453963011503 11708.794297211278 -2.340334199775 
  0.83424822   2.04425584 103.00000000  11708.275123134255 11708.272933998920 0.002189135335 
  0.78601008   1.71803035  87.88719558  11717.349506065249 11716.781522687708 0.567983377541 
  1.29996263   1.76273787  97.31201562  11723.250739410520 11723.294021524162 -0.043282113642 
  1.28613439   1.68888476 116.43268674  11723.488915696740 11723.490043880789 -0.001128184049 
  0.94233713   1.48505186 144.90427381  11733.942974328995 11733.940251023698 0.002723305297 
  1.12139841   1.67898236  67.86707946  11747.529392734170 11748.886383772984 -1.356991038814 
  0.79268689   1.67810930 124.93330839  11768.587469115853 11768.289292815996 0.298176299857 
  0.78416288   1.57079387 110.64929672  11779.395912781358 11779.396207376732 -0.000294595375 
  0.97584287   1.67481741  64.24550753  11783.257375851274 11786.763320931143 -3.505945079869 
  1.17563996   1.69729926 136.41919742  11790.858006104827 11791.207742003569 -0.349735898742 
  0.96446195   1.70293918  62.96851716  11804.041482046247 11807.154479017345 -3.112996971098 
  1.26459648   1.71190445  83.10350177  11808.324634656310 11808.321988181318 0.002646474992 
  0.78055639   1.74583998 111.09944965  11809.873117774725 11809.410988344818 0.462129429907 
  1.22202293   1.51434525 104.33262946  11816.815467447042 11816.774439718387 0.041027728656 
  0.77904079   1.72177170  93.44584782  11817.142759889364 11815.899714393907 1.243045495457 
  0.97807789   1.43681750  95.90523899  11850.373811244965 11850.201450055989 0.172361188976 
  1.01773952   1.68722147  63.57197011  11852.482247203588 11855.794875998256 -3.312628794667 
  0.90571259   1.62967251  68.85223625  11865.176553890109 11864.937271235134 0.239282654975 
  1.27549064   1.66617007 120.38473206  11868.284357547760 11867.927792612367 0.356564935393 
  0.79920463   1.68888476 128.39686301  11870.554093986750 11867.976405895708 2.577688091042 
  1.29900016   1.61530212 103.00000000  11882.174173519015 11882.182112431521 -0.007938912506 
  1.31245342   1.69322764 101.38484528  11883.902867227793 11883.679293694733 0.223573533060 
  1.04940589   1.67444649  64.76903460  11884.054601892829 11887.539196150847 -3.484594258018 
  1.29751602   1.61109486 103.00000000  11890.657669246197 11890.669133026700 -0.011463780504 
  1.29888452   1.75278064 108.94365983  11891.590719565749 11891.643804707650 -0.053085141901 
  0.92807638   1.70276062  63.74098119  11912.673663288355 11913.929865977625 -1.256202689270 
  1.30179044   1.68888476  93.41824875  11913.857558861375 11914.040876224055 -0.183317362680 
  1.30271325   1.70449290  93.28363049  11915.437521204352 11915.816168238132 -0.378647033780 
  1.30866594   1.66148644 108.40565829  11916.284831583500 11916.960708901612 -0.675877318112 
  1.28429277   1.65777694 118.35656363  11919.267675146461 11918.966318402046 0.301356744414 
  0.96446195   1.46318107  87.79353989  11922.873456403613 11923.135097715307 -0.261641311694 
  1.31360365   1.68748834 103.00000000  11928.911839887500 11928.894790789715 0.017049097785 
  1.31407035   1.68888476 103.00000000  11949.395419195294 11949.378487841515 0.016931353779 
  0.82991225   1.47246849 103.00000000  11950.024584755301 11949.990787808263 0.033796947038 
  1.30822428   1.72392352 107.59066311  11955.500294744968 11955.866898259103 -0.366603514134 
  1.26866001   1.86988882 102.39284068  11956.202127441764 11956.205447947934 -0.003320506170 
  0.80062055   1.68888476  80.87269027  11957.149942025542 11959.239638041707 -2.089696016164 
  1.08842503   1.44541997 101.57862132  11981.922495812178 11981.844292999931 0.078202812247 
  1.29810075   1.66470081  92.95684617  11988.346235051751 11988.257833955162 0.088401096589 
  1.25990429   1.68888476  82.30044684  11998.958106473088 11997.522650229297 1.435456243791 
  0.81395861   1.49251145 103.00000000  12014.795773223042 12014.807794514092 -0.012021291050 
  0.79358623   1.88904087 100.43067575  12019.682673588395 12019.689298194342 -0.006624605947 
  1.31526220   1.67806437 103.00000000  12020.856748327613 12020.840401854883 0.016346472730 
  1.01288721   1.68888476  63.17342845  12021.262435138226 12024.440332655744 -3.177897517518 
  1.30867241   1.72100009  95.07662888  12023.127816542983 12023.235895300208 -0.108078757225 
  1.10745522   1.67329162 145.38325104  12023.285787358880 12019.639371918624 3.646415440257 
  0.96446195   1.56516920  72.08588235  12025.671352431178 12025.703106882363 -0.031754451185 
  1.12722288   1.69454008 142.97420859  12059.536872923374 12057.775740618561 1.761132304813 
  0.77734731   1.77021533  98.89923450  12080.418938100338 12080.114969094013 0.303969006325 
  1.31464132   1.68888476 107.31079312  12091.621969923377 12092.195415493999 -0.573445570622 
  1.29682580   1.79716528 105.09088883  12100.487539201975 12100.424925800658 0.062613401316 
  1.08747273   1.44691736  99.93346884  12101.440856918693 12101.437274700078 0.003582218615 
  1.31741462   1.69365695 102.34344067  12102.452403217554 12102.341062410773 0.111340806781 
  1.31369524   1.68888476 108.26208065  12102.529920130968 12103.175934049423 -0.646013918455 
  0.84038334   1.68555982  71.52452196  12113.878524661064 12114.120654434251 -0.242129773187 
  1.31153830   1.75229929 103.00000000  12134.576893538237 12134.555958371571 0.020935166665 
  1.30769179   1.64778973 111.45832707  12154.032835125923 12154.682581607143 -0.649746481220 
  0.77345432   1.68888476  98.17058879  12176.209625959396 12175.464764733719 0.744861225678 
  0.91963648   1.76561305  61.37591490  12176.571693047881 12172.074733399975 4.496959647906 
  0.99404410   1.66106222  64.32989696  12185.534436687827 12189.196366039778 -3.661929351951 
  1.13363742   2.11497571 104.50017145  12197.392830088735 12197.052129334443 0.340700754292 
  1.01478785   1.74630803  60.47286701  12214.964749872684 12214.966541716716 -0.001791844032 
  0.77264823   1.71386024 103.00000000  12216.166155993938 12216.075128417018 0.091027576920 
  1.31043368   1.62647472 103.19863766  12220.233578026295 12220.262124429810 -0.028546403515 
  0.96446195   1.68888476  63.00000000  12223.501950398088 12226.992449087267 -3.490498689180 
  0.96446195   1.64190051  65.61575915  12231.028025120497 12234.467072238251 -3.439047117754 
  0.84468289   1.68888476  70.45496646  12269.751216351986 12269.220192814713 0.531023537273 
  0.92848298   1.65040867  65.90879140  12269.928496748209 12272.137904139057 -2.209407390848 
  1.31788163   1.68269012 108.08218600  12278.059791907668 12278.751554862058 -0.691762954390 
  0.85640744   2.11845417 106.96146576  12290.294531866908 12290.294935931095 -0.000404064187 
  1.32160804   1.68888476 103.00000000  12294.826550304890 12294.809823636280 0.016726668609 
  1.30098092   1.65361405  92.58659915  12304.552705943584 12304.248148059181 0.304557884403 
  0.84012321   1.69493831  70.79866413  12304.658261343837 12304.651431656230 0.006829687607 
  0.77135678   1.68888476 103.00000000  12318.935760036111 12318.936557556613 -0.000797520503 
  0.96446195   1.40986273 112.72121832  12324.813894495368 12324.811956893311 0.001937602057 
  0.97778958   1.94210871  57.08657007  12335.955083221197 12336.225969310881 -0.270886089684 
  1.13779164   1.71157978 142.18809283  12352.560188457370 12350.453282366625 2.106906090745 
  1.32209806   1.66793391 103.00000000  12370.113316357136 12370.098809049665 0.014507307471 
  0.77099895   1.68718674 103.00000000  12373.970453158021 12373.976817816170 -0.006364658149 
  0.92803476   1.68529528  63.83797115  12398.853986918926 12401.146750422082 -2.292763503156 
  0.82537624   1.64898009  75.42339710  12418.672173619270 12418.689898494897 -0.017724875626 
  1.13885929   1.45793009 103.00000000  12423.295225501060 12423.367560307739 -0.072334806679 
  1.29474455   1.68906543  87.68594537  12435.438092961907 12436.364751995092 -0.926659033184 
  1.05228442   1.71601469  61.87533347  12440.208948522806 12439.777794243091 0.431154279715 
  0.77498423   1.76996633 103.00000000  12447.728320717812 12447.445735771969 0.282584945842 
  1.28817198   1.68253108 120.32322755  12452.534076914191 12452.214256677411 0.319820236780 
  0.78269045   1.74335204  86.70878814  12456.386854737997 12457.376924584272 -0.990069846275 
  0.81335053   1.68888476  75.85590983  12486.449481576681 12489.486150606024 -3.036669029343 
  0.94174007   1.68888476  63.08564651  12492.606060922146 12495.698663521811 -3.092602599665 
  1.02547705   1.72363833  60.98988167  12496.876829251647 12496.538287027290 0.338542224357 
  1.31621898   1.68888476  94.13376402  12500.488743096590 12500.482907989139 0.005835107451 
  1.29173850   1.84181016 103.00000000  12505.009576231241 12504.985508645294 0.024067585948 
  1.32622663   1.69460302 103.00000000  12506.473469182849 12506.456750972691 0.016718210158 
  1.30764126   1.60481139 101.81456240  12525.454496443272 12525.324785042629 0.129711400643 
  0.93449355   1.46380161  86.77882305  12531.864128947258 12531.865061168370 -0.000932221112 
  0.77491518   1.66679742 115.53833592  12537.218386948109 12536.951226480844 0.267160467265 
  1.01313701   1.68888476  62.35207875  12552.689015492797 12555.030310505546 -2.341295012749 
  0.96446195   1.68888476  62.51256281  12556.857644706964 12560.394685823403 -3.537041116439 
  0.92039554   1.41930894 103.00000000  12557.437532931566 12557.443866477706 -0.006333546140 
  1.28690700   1.85912549 102.06736653  12567.172169730067 12567.173598047133 -0.001428317066 
  0.77372017   1.70917524  93.73374317  12580.847419172525 12579.366415644179 1.481003528346 
  0.98716689   1.53480703  74.47548060  12588.280001893640 12586.758604832703 1.521397060937 
  1.13560357   1.68382401  66.67459681  12593.238710418344 12595.733683061420 -2.494972643077 
  0.77192523   1.71999980 108.79908656  12621.134883180261 12620.764276221804 0.370606958457 
  1.28238816   1.87575752 100.55043496  12630.755463376641 12630.710060781521 0.045402595120 
  1.32914573   1.68888476 103.00000000  12639.613890439272 12639.598098737870 0.015791701402 
  1.30505453   1.81479549 102.80110928  12642.823336571455 12642.800514141081 0.022822430374 
  0.97907984   1.57037373  70.49527467  12646.090693876147 12646.941799867296 -0.851105991149 
  1.26991130   1.70022746 124.77531488  12652.326770424843 12651.937450229376 0.389320195467 
  1.08611798   1.68888476  63.75241170  12682.254535585642 12684.958819214931 -2.704283629289 
  0.78157510   1.67416807 122.21058444  12695.755385905504 12695.864458754513 -0.109072849009 
  0.82295849   1.66531332  74.41999677  12698.485922947526 12699.182407610620 -0.696484663094 
  1.14318105   1.68888476  66.60256021  12727.058644920588 12729.005519560778 -1.946874640191 
  0.96446195   1.49658016  79.61940251  12733.930449321866 12733.263073695458 0.667375626408 
  0.98428212   1.55306814  72.10199050  12745.826753243804 12745.580969237424 0.245784006380 
  1.30789198   1.81292626 103.00000000  12751.563869372010 12751.537423007872 0.026446364138 
  1.12013433   1.68888476  65.11573706  12774.392648473382 12777.548045383082 -3.155396909700 
  1.26936723   1.90509744 103.19778503  12778.078063696623 12778.081328160368 -0.003264463745 
  1.32595681   1.64317148 107.75497804  12780.981026172638 12781.722484890135 -0.741458717497 
  1.32195139   1.68888476 111.95553955  12781.485473677516 12782.217379069754 -0.731905392238 
  1.29678077   1.68888476  86.30409711  12792.241858586669 12792.898293660053 -0.656435073384 
  0.77040458   1.68888476 110.83738709  12806.640375778079 12806.295673256611 0.344702521468 
  1.05485060   1.42551501 103.00000000  12815.482449829578 12815.416452905689 0.065996923890 
  1.32748781   1.74200503  97.88032280  12817.612446978688 12817.395465290117 0.216981688571 
  0.96446195   1.70739722  61.25730304  12828.203515514731 12831.117823196366 -2.914307681634 
  0.77871312   1.72839790 117.94865468  12836.909949645400 12837.084240086573 -0.174290441173 
  1.14712175   1.70207765  65.92043689  12849.450569868088 12849.592715170091 -0.142145302003 
  0.96446195   1.41331658 103.00000000  12865.641549229622 12865.695845327240 -0.054296097618 
  1.32720672   1.75391715 103.00000000  12870.695806100965 12870.676219546122 0.019586554843 
  0.96446195   1.68888476 156.78391960  12874.110891252756 12905.053050328741 -30.942159075985 
  0.80052092   1.72758758  77.23475344  12887.713039055467 12893.796057816753 -6.083018761286 
  0.80697444   1.68888476  76.56761850  12890.135929301381 12893.389840301659 -3.253911000278 
  1.32298942   1.77885188 100.28057387  12908.968227133155 12908.875871811431 0.092355321724 
  0.77769820   1.56516962 104.88278406  12915.876828208566 12916.025487006260 -0.148658797694 
  0.98245887   1.68888476  61.78626425  12927.401642143726 12930.182049566998 -2.780407423272 
  0.98578843   1.52084953  75.68643421  12931.239559516311 12929.581689369097 1.657870147214 
  1.13725617   1.68888476  65.77221504  12934.264403507113 12937.129891421246 -2.865487914132 
  0.84367807   1.68888476  69.37104248  12964.279225051403 12962.773649516426 1.505575534977 
  0.96446195   1.44144316  90.88648966  12973.726171195507 12973.838624385582 -0.112453190075 
  1.33668342   1.68888476 103.00000000  12983.614272952080 12983.599964458770 0.014308493310 
  1.32810683   1.72114595 109.63816758  12998.533531889319 12999.072056894083 -0.538525004764 
  0.82280969   1.65619762  74.33948487  13006.587913900614 13006.449814153531 0.138099747082 
  1.33150260   1.64039673 103.00000000  13008.058494925499 13008.053630307802 0.004864617697 
  0.76827354   1.63770446 103.00000000  13013.875013679266 13014.023454256632 -0.148440577366 
  1.29660000   1.69568448 121.01005471  13017.712320297956 13017.120134080616 0.592186217340 
  0.97437036   1.94882768  55.73325708  13020.134519129992 13020.134221884042 0.000297245950 
  0.87233156   1.67381692  66.81378070  13032.179149538279 13030.377746942904 1.801402595374 
  0.96446195   1.68888476 157.48743719  13103.392183974385 13135.083287142261 -31.691103167876 
  0.91520379   1.41559623 103.00000000  13103.844078689814 13103.850088312978 -0.006009623165 
  1.32235763   1.68888476 114.60996395  13106.973124176264 13107.392773134012 -0.419648957748 
  1.33906226   1.70889258 104.07107882  13135.173717454076 13135.345961024032 -0.172243569956 
  0.96353368   2.04540867  56.35858386  13150.740153953433 13148.159305933712 2.580848019721 
  1.23561141   1.98379898 104.27014430  13172.638089075685 13172.618557080134 0.019531995551 
  1.26598319   1.69667369 127.92533276  13225.435042560101 13225.793482890020 -0.358440329919 
  0.94172779   1.57310351  69.89561401  13226.035452753305 13226.504559164976 -0.469106411671 
  1.14748151   1.69824192  65.28824075  13233.591351449490 13234.968573622658 -1.377222173169 
  0.92896562   1.57318896  70.24715230  13240.010409727693 13239.450163085265 0.560246642428 
  0.78082601   1.68888476  85.21091603  13276.417295292020 13275.892737785391 0.524557506629 
  0.96446195   1.44375189  89.43526196  13286.257520675659 13286.524677220395 -0.267156544736 
  1.34258474   1.69786060 105.24302365  13294.444805756211 13294.869141223217 -0.424335467005 
  0.78438550   1.70355859 125.67252497  13310.624262332916 13310.386349247976 0.237913084940 
  1.26257017   1.68160836  78.18811858  13317.024368301034 13309.787466677930 7.236901623104 
  1.34422111   1.68888476 103.00000000  13326.690643057227 13326.678224150153 0.012418907074 
  0.96446195   1.68888476 158.19095477  13329.854412153363 13362.052086393098 -32.197674239735 
  0.96446195   1.73985011  59.20777573  13334.383129268885 13335.187313172977 -0.804183904092 
  0.76732554   1.71240625 109.20522473  13338.956458315253 13338.558305173772 0.398153141481 
  1.30935791   1.68888476  86.37384495  13355.163769289851 13355.812521121845 -0.648751831994 
  0.76543747   1.68888476 100.58863205  13358.068751543760 13357.794903958931 0.273847584829 
  1.24319277   1.50540216 103.00000000  13363.469517156482 13363.422008111982 0.047509044500 
  0.77106682   1.74802815 111.96081891  13416.308661982417 13415.783623135381 0.525038847036 
  1.12762044   1.68705892  64.32688793  13416.684398382902 13420.329537604572 -3.645139221670 
  1.32538841   1.59659062 103.96022280  13420.171059146523 13420.308019298604 -0.136960152080 
  1.34371700   1.65501426 103.00000000  13430.062029913068 13430.055071245115 0.006958667953 
  1.32866543   1.60146413 106.63032576  13440.723789244890 13441.123011115120 -0.399221870230 
  1.28264774   1.53756959 103.00000000  13467.626922890544 13467.571062716694 0.055860173850 
  0.76446195   1.68888476 103.00000000  13468.364981859922 13468.362604863207 0.002376996716 
  1.34448452   1.67139172  99.29558552  13480.427762806416 13479.803386297490 0.624376508926 
  0.95403153   1.92949462  55.24656952  13484.376248210669 13477.871770110631 6.504478100038 
  1.19086353   1.47054190 103.00000000  13487.554980129004 13487.557610430218 -0.002630301215 
  1.29972301   1.68888476  83.58325966  13502.948539718986 13501.956189310667 0.992350408318 
  0.80498966   1.69860042  75.22484872  13548.920435607433 13552.812608916145 -3.892173308712 
  0.96446195   1.68888476 158.89447236  13553.237029910088 13585.677279200821 -32.440249290734 
  0.96446195   1.68888476  61.10552764  13554.128427863121 13556.942904589605 -2.814476726484 
  0.76381910   1.68888476 103.00000000  13579.255332767963 13579.253243294565 0.002089473399 
  0.80142083   1.97555309 105.94606834  13586.855994686484 13586.894455698863 -0.038461012378 
  0.96446195   1.72486428  59.43940575  13587.618892684579 13588.530279471097 -0.911386786518 
  0.96096368   1.55414159  70.82666533  13597.142826601863 13597.845469188689 -0.702642586826 
  1.05232276   1.41075630 111.04758158  13611.497450336814 13611.008100898091 0.489349438723 
  0.99255251   1.44363443  88.95064303  13611.994212299585 13612.440895663869 -0.446683364284 
  1.32267231   1.58730280 101.56346206  13634.320930853486 13634.204039603514 0.116891249972 
  0.96446195   1.40703518 103.00000000  13639.043881148100 13639.104991902313 -0.061110754214 
  0.79781698   1.68888476  77.40910626  13643.939203530550 13647.295897080983 -3.356693550433 
  1.35090587   1.69955295 103.80581094  13644.025846421719 13644.186787395294 -0.160940973576 
  0.92498436   1.73660755  59.94600349  13648.815841704607 13648.815796423563 0.000045281044 
  1.29007636   1.69058861  81.04366513  13649.891233161092 13646.257223503497 3.634009657595 
  0.79648662   1.70872025  77.09005074  13653.496633872390 13658.546274261460 -5.049640389070 
  0.92559535   1.76111680  59.04452160  13655.017112433910 13652.365283397330 2.651829036580 
  1.21475695   1.48351587 101.97927278  13660.046649828553 13659.952259911652 0.094389916901 
  1.09877837   1.68888476  62.47064711  13664.874782770872 13665.166208952411 -0.291426181539 
  1.35031298   1.66463315 103.00000000  13668.635783091187 13668.628257118111 0.007525973077 
  0.79052813   1.94146937  99.70145863  13692.161501675844 13692.158755678207 0.002745997637 
  1.25060398   1.69949144 132.04413480  13695.331480711699 13696.337982875135 -1.006502163436 
  0.84967277   1.43620774 103.00000000  13701.012597247958 13701.002933985001 0.009663262957 
  1.06943874   1.42326207 101.67949568  13701.212953224778 13701.250188945232 -0.037235720454 
  1.34094178   1.70723393  92.91501419  13709.611380562186 13709.979630795078 -0.368250232892 
  1.34200501   1.77029003 103.00000000  13724.504773750901 13724.490118873789 0.014654877112 
  0.96446195   1.67031315  61.83126557  13726.940765738487 13730.333727142679 -3.392961404192 
  0.76551601   1.74964649 103.00000000  13730.151356816292 13729.933695768084 0.217661048207 
  0.89698607   1.68888476  63.23285936  13736.429132685065 13737.132144429836 -0.703011744770 
  1.32431747   1.66482779  89.28431293  13760.539614453912 13760.547922782813 -0.008308328901 
  0.80792139   1.68888476  74.41083357  13763.922009602189 13766.612538988144 -2.690529385955 
  1.34852352   1.68888476 109.47999619  13764.662098914385 13765.743425817667 -1.081326903282 
  0.90169332   1.64140391  65.53156715  13766.741513982415 13767.918199938918 -1.176685956503 
  1.34628252   1.74381461  96.15311825  13771.498472854495 13771.318338027679 0.180134826816 
  1.34352344   1.62260290 107.19249454  13772.855294466019 13773.540177075174 -0.684882609155 
  0.96446195   1.68888476 159.59798995  13773.273215860128 13805.673336084721 -32.400120224593 
  1.34057799   1.68888476 113.35669122  13773.735703811049 13774.505867807269 -0.770163996220 
  1.04923028   1.68888476  60.92840141  13786.754149273038 13782.391327595151 4.362821677887 
  0.81925045   1.71901395  70.74241966  13787.569450363517 13788.684813572836 -1.115363209319 
  1.34345662   1.75519770 106.91077353  13801.056126534939 13801.293249572782 -0.237123037843 
  1.28532593   1.69821609 126.85272460  13824.769036367536 13824.599733062976 0.169303304559 
  1.34750013   1.63755573 108.87173769  13848.382795661688 13849.366138710791 -0.983343049103 
  0.79281664   1.67808427  78.95455653  13848.796583488584 13850.955461358542 -2.158877869959 
  1.30378478   1.68888476 123.66263475  13852.969398334622 13852.465384156832 0.504014177790 
  0.98601212   1.68888476  60.45685441  13857.563202381134 13857.421306250055 0.141896131079 
  1.32666918   1.68888476  87.90553018  13863.111272513866 13864.060634946522 -0.949362432655 
  1.34046852   1.67844874 114.54806269  13890.347951203585 13891.001545828820 -0.653594625235 
  0.77750294   1.56348989  96.78575827  13906.244486987591 13906.242992767275 0.001494220316 
  1.02247540   1.68888476  60.39605778  13921.066704705358 13916.525184200067 4.541520505290 
  1.11992688   1.44178696  98.96239128  13923.032335355878 13922.689493916230 0.342841439648 
  1.30850105   1.68888476  83.37320011  13950.858258008957 13949.498774982672 1.359483026285 
  1.33969078   1.69001283 115.13734137  13959.089950725436 13959.510852125484 -0.420901400048 
  0.83971957   1.44071601 103.00000000  13972.485707566142 13972.490918988451 -0.005211422309 
  0.78406103   1.67110541  82.19296362  13972.763294473290 13972.982216426968 -0.218921953678 
  0.96446195   1.68888476 160.30150754  13989.692360669374 14021.752038912138 -32.059678242764 
  0.95350098   1.51770138  74.55457733  13996.917572841048 13995.709607006856 1.207965834192 
  1.35929648   1.68888476 103.00000000  14009.551360458136 14009.543956487501 0.007403970634 
  1.35267839   1.75220449 103.68215922  14037.261985644698 14037.332438217265 -0.070452572567 
  1.33221787   1.67151833  89.30742781  14038.669540151954 14038.997545083485 -0.328004931531 
  1.35309919   1.68888476 110.41549142  14043.507968202233 14044.668909594860 -1.160941392627 
  0.76778044   1.75945315  91.63534982  14051.440166279674 14051.276706081282 0.163460198391 
  0.96446195   1.68888476  60.40201005  14073.117643818259 14074.863112798646 -1.745468980387 
  0.94199601   1.59017416  67.18961519  14079.009618774056 14081.337779437918 -2.328160663861 
  1.33240978   1.68888476  88.16272656  14080.828059405088 14081.795158321689 -0.967098916601 
  0.78713819   1.93172258 103.00000000  14083.939600020647 14083.932977515839 0.006622504809 
  0.78060785   1.89382411 103.00000000  14087.753695860505 14087.706755667552 0.046940192953 
  1.27936022   1.68062214 129.32949020  14104.763416200876 14106.070415198523 -1.306998997647 
  0.76231489   1.73506614 100.89973110  14126.638769164681 14126.431667826493 0.207101338188 
  1.34591273   1.78945944 103.00000000  14148.239873424172 14148.229177053860 0.010696370313 
  0.93607428   1.45858134  84.43448994  14150.302394419909 14149.958405920386 0.343988499522 
  1.36187619   1.67426869 103.00000000  14150.334857359529 14150.329340800636 0.005516558893 
  0.77322207   1.66381629 123.40988836  14161.063499405980 14161.034544818338 0.028954587642 
  1.36352117   1.68888476 102.81440520  14200.243932202458 14200.191405275062 0.052526927397 
  0.96446195   1.68888476 161.00502513  14202.217220813036 14233.623183057427 -31.405962244391 
  0.81515367   2.06834225 103.00000000  14217.309324696660 14217.309969215494 -0.000644518834 
  1.35632644   1.73671527  95.75180493  14217.460586383939 14217.200583989865 0.260002394074 
  0.88293234   1.64543647  65.82610005  14220.728920817375 14219.996205104662 0.732715712713 
  1.21063393   1.47166170 103.00000000  14241.083977118134 14241.063049620065 0.020927498070 
  1.36446195   1.68888476 103.00000000  14242.380565240979 14242.374577881525 0.005987359455 
  0.96032517   1.70460245  59.49543426  14244.451957836747 14245.175038182473 -0.723080345726 
  1.15900064   1.44480342 104.09864461  14264.868329688907 14264.951148756825 -0.082819067919 
  1.33492585   1.68888476 118.63446006  14270.513576790690 14270.135514781741 0.378062008949 
  1.34783685   1.73291625 112.46225806  14271.562622964382 14271.561584346138 0.001038618244 
  1.33219972   1.84096956 101.09487977  14282.284466788173 14282.284973029662 -0.000506241489 
  1.12261376   1.68888476  62.28822706  14301.439720898867 14301.439787023553 -0.000066124687 
  1.32803900   1.68888476 120.54685583  14303.555678486824 14302.867017257848 0.688661228976 
  0.76603184   1.79453444 103.00000000  14308.153750017285 14307.827809217699 0.325940799587 
  1.36575140   1.70551991 103.00000000  14320.723543047905 14320.717576984774 0.005966063130 
  1.28105741   1.69134808  76.99034593  14322.409692928195 14312.499976107758 9.909716820437 
  0.83875773   2.15092838 105.78064396  14326.418395817280 14326.306309961996 0.112085855284 
  1.23418303   1.67827306  71.42735681  14327.609026610851 14319.091000116008 8.518026494843 
  1.34486789   1.69437019 116.19856195  14355.198114633560 14355.308835176731 -0.110720543171 
  0.94176494   1.56482012  69.01108836  14382.526544675231 14383.268595423397 -0.742050748166 
  1.25598262   2.00100985 102.61896977  14389.059282481670 14389.058637513701 0.000644967969 
  0.95596486   1.54089951  71.13909091  14393.849301248789 14393.935088899665 -0.085787650876 
  0.96446195   1.68888476 161.70854271  14410.566300392151 14440.995323430250 -30.429023038099 
  0.78533891   1.93461141 103.00000000  14415.435329824686 14415.445979987508 -0.010650162822 
  0.96446195   1.48234149  78.91460305  14445.044109672308 14444.264674435310 0.779435236998 
  0.96446195   1.40075377 103.00000000  14445.224074244499 14445.281447494614 -0.057373250114 
  0.76950934   1.83234394 103.00000000  14446.309716090560 14445.943060610634 0.366655479926 
  0.95136196   1.68888476  60.14291241  14457.969150245190 14460.327141080539 -2.357990835349 
  1.34589068   1.68888476  89.56888590  14463.172727510333 14464.084940300290 -0.912212789957 
  1.26726137   1.50474271 103.00000000  14467.282922923565 14467.240105679677 0.042817243888 
  1.28588488   1.51626745 105.18113396  14490.774501144886 14490.541293081817 0.233208063069 
  1.31832276   1.55126685 103.00000000  14500.562038570642 14500.649184665110 -0.087146094467 
  1.31811315   1.68888476  82.83447736  14512.361140713096 14510.145533373914 2.215607339182 
  1.35427022   1.70007693  91.43240797  14516.039942711592 14516.707081596662 -0.667138885070 
  0.89105332   1.63371546  65.57744723  14540.043823227286 14540.043069371301 0.000753855986 
  1.34310772   1.67370902  89.12326919  14544.158391922712 14544.582241573211 -0.423849650499 
  0.94312786   1.68888476  60.21479400  14556.872783839703 14559.899484765203 -3.026700925500 
  1.33296931   1.68888476 120.81364847  14572.908086836338 14572.119808918969 0.788277917369 
  0.77848603   1.68888476  82.02075596  14602.539741203189 14603.799434261278 -1.259693058089 
  0.96446195   1.68888476  59.69849246  14606.354937583208 14606.350719047872 0.004218535336 
  0.96446195   1.68888476 162.41206030  14614.453883349895 14643.576575393183 -29.122692043287 
  1.20045485   1.68337291 141.98304076  14625.340846747160 14620.788475527383 4.552371219777 
  0.85199381   1.42609500 103.00000000  14625.567190900445 14625.569714666508 -0.002523766063 
  0.76859598   1.61253969  92.44522823  14652.751859620214 14650.368818050503 2.383041569710 
  1.04592451   1.66867559  60.67092416  14656.051823586226 14648.419606156329 7.632217429897 
  1.37437186   1.68888476 103.00000000  14687.215372413397 14687.212442854987 0.002929558410 
  1.22794891   1.68890912 138.63271453  14698.374407202005 14698.604894687669 -0.230487485664 
  0.79809770   2.01120242 103.00000000  14704.844761520624 14704.910997016264 -0.066235495640 
  0.83557492   1.43670057 103.00000000  14710.405320405960 14710.429253874421 -0.023933468461 
  1.33766955   1.68888476  85.85878176  14752.760244458914 14753.048274100711 -0.288029641797 
  0.91541315   1.40227383 103.00000000  14756.696631997824 14756.691094108668 0.005537889156 
  0.76676416   1.67121768 121.02200144  14765.937594190240 14766.124373513574 -0.186779323334 
  0.75874094   1.73562793 103.00000000  14769.505112469196 14769.345851175789 0.159261293407 
  0.96446195   1.68888476 163.00000000  14781.212540253997 14808.990294837207 -27.777754583210 
  0.96566596   1.41661072  94.03275088  14781.953154772520 14781.839391837522 0.113762934998 
  1.10485749   1.68188016  61.12010708  14789.594784453511 14783.947904374758 5.646880078753 
  1.01992500   1.63058431  62.56751089  14801.694263949990 14801.694589402952 -0.000325452962 
  1.35842899   1.79603111 103.00000000  14812.304565265775 14812.304575685226 -0.000010419451 
  0.96446195   1.68888476 163.11557789  14813.589080080390 14841.075422831038 -27.486342750648 
  1.37756100   1.70616605 103.48745132  14857.206286787987 14857.336332901199 -0.130046113212 
  1.21527469   1.67178989  68.39506152  14859.300946354866 14859.300595500199 0.000350854667 
  0.87633609   1.43427920  93.27739954  14870.631097689271 14870.629994214547 0.001103474724 
  0.77558451   1.52788730 103.00000000  14875.998521089554 14876.078805708523 -0.080284618969 
  1.37096420   1.63558685 101.60108722  14879.570999935269 14879.253746531307 0.317253403962 
  0.75796149   1.66905869 111.02920181  14901.067828938365 14900.669190657580 0.398638280785 
  1.37067588   1.70753275  94.26923326  14926.885563924909 14926.633715832289 0.251848092619 
  0.75628141   1.68888476 103.00000000  14928.475990533829 14928.474927584170 0.001062949659 
  1.36083098   1.66800529 115.66707431  14933.892690464854 14934.445133419036 -0.552442954182 
  0.91960947   1.40021095 103.00000000  14936.664879620075 14936.659549077949 0.005330542126 
  1.37121143   1.62685684 103.00000000  14956.139528155327 14956.156569833962 -0.017041678635 
  0.75596095   1.68888476 104.86471891  14996.441399991512 14996.452939444389 -0.011539452877 
  0.75598297   1.69491812 103.00000000  14999.605394169688 14999.585445470722 0.019948698966 
  1.36833496   1.68888476  93.06005660  15001.314667224884 15001.310502247097 0.004164977787 
  0.80659737   1.68888476  72.24526320  15001.367006242275 15002.349032988177 -0.982026745902 
  0.96446195   1.68888476 163.81909548  15007.679349198937 15033.201588296984 -25.522239098047 
  1.33814712   1.68888476  84.69093646  15014.559354856610 15013.992577335091 0.566777521519 
  1.38190955   1.68888476 103.00000000  15023.813707858324 15023.813159923371 0.000547934953 
  0.76634272   1.55323430 107.67919565  15031.131800517440 15030.865359479794 0.266441037646 
  1.37496155   1.68411448 110.71991304  15033.889250874519 15035.393126459816 -1.503875585297 
  1.09096235   1.68888476  59.89608213  15052.635244488716 15036.520373056175 16.114871432541 
  1.36398088   1.79626156 103.00000000  15068.057828083634 15068.062125129936 -0.004297046302 
  0.76349767   1.73054897 116.39296352  15068.705170929432 15068.705052859854 0.000118069578 
  0.78045051   1.92967857 104.42294048  15112.897301778197 15112.944438240633 -0.047136462435 
  1.30393001   1.68484463 129.02796832  15130.512059912086 15131.453894484612 -0.941834572526 
  0.95488124   1.74228931  56.83776476  15143.384572327137 15138.123528300430 5.261044026707 
  1.28737342   1.51351749 100.40751499  15144.914902448654 15144.623909131054 0.290993317600 
  1.04986770   1.40471485 103.00000000  15149.118825644255 15149.114360517246 0.004465127009 
  0.96446195   1.68888476  58.99497487  15154.403241470456 15151.772867906477 2.630373563979 
  1.34477260   1.68888476  85.35653762  15178.036818727851 15177.937233391038 0.099585336813 
  1.31438715   1.53085109 103.00000000  15186.944588541985 15186.930790393495 0.013798148490 
  0.96446195   1.68888476 164.52261307  15196.429446846247 15219.666916458433 -23.237469612186 
  1.26021116   2.02477452 103.35780648  15218.590617597103 15218.655608409535 -0.064990812432 
  0.96161204   1.43835179  86.43891478  15222.431854754686 15222.916824046051 -0.484969291365 
  1.38293652   1.68888476 108.43028024  15230.101640179753 15231.541620124888 -1.439979945135 
  1.24615516   1.47887231 103.00000000  15239.394089132547 15239.354776846014 0.039312286533 
  1.11498040   1.70755446  59.38088520  15244.584044024348 15219.317551301285 25.266492723063 
  1.31045316   1.92681482 104.75632010  15260.789253309369 15260.570761962006 0.218491347363 
  0.75445496   1.67440659 103.00000000  15260.941485300660 15260.984755096075 -0.043269795415 
  0.96446195   1.60766069  63.80148143  15261.613177552819 15265.704033032198 -4.090855479379 
  1.37548007   1.68888476 112.88130103  15273.792958214879 15275.034877230759 -1.241919015880 
  1.36999468   1.68888476 114.95469293  15277.306631699204 15277.985563136866 -0.678931437662 
  0.96446195   1.39447236 103.00000000  15285.209063634276 15285.247533770573 -0.038470136296 
  0.96446195   1.53191823  70.71690410  15300.942302480340 15301.787145300761 -0.844842820421 
  0.76007599   1.58645038 103.00000000  15301.605322167277 15301.749567986266 -0.144245818989 
  0.83016281   1.68888476  67.40098370  15320.132519558072 15315.429622571361 4.702896986711 
  1.30560465   1.94672802 102.18890757  15328.403088480234 15328.405519131402 -0.002430651168 
  1.38800109   1.70992341 103.00000000  15331.106756344438 15331.106769060780 -0.000012716342 
  1.38944724   1.68888476 103.00000000  15358.782001897693 15358.783055866686 -0.001053968994 
  0.75579918   1.68888476 110.99830178  15362.251324653625 15361.701948712740 0.549375940886 
  0.96446195   1.68888476 165.22613065  15379.540045380592 15400.186281442322 -20.646236061730 
  1.19306910   1.70148794  63.41297618  15393.538380295038 15393.538498479240 -0.000118184202 
  0.96446195   1.62339392  62.50196068  15404.646089255810 15407.771299605341 -3.125210349532 
  1.09138392   1.68740519  59.37529604  15441.347784325480 15418.686874003241 22.660910322240 
  0.76088120   1.57421729 103.00000000  15494.350662991405 15494.475792513220 -0.125129521815 
  1.35337202   1.68888476  85.61275374  15517.236714616418 15517.237519434782 -0.000804818364 
  1.38356186   1.72610810 109.77612943  15539.649089530110 15540.611024614249 -0.961935084139 
  0.96446195   1.68888476 165.92964824  15556.712872192264 15574.478525349052 -17.765653156788 
  1.36959764   1.68888476 117.16370761  15568.944432184100 15568.869892721596 0.074539462505 
  1.34189195   1.67224991 124.05984558  15570.569082617760 15569.598278339336 0.970804278424 
  0.75778198   1.64049228 116.79688773  15599.914845839143 15599.379931561965 0.534914277177 
  1.35012159   1.67910929 122.47753702  15618.547169819474 15617.423586504468 1.123583315006 
  1.26678070   1.48629015 103.00000000  15620.221902415156 15620.192390230555 0.029512184601 
  0.86450002   1.68888476  62.99807939  15626.115123823285 15623.470020076655 2.645103746630 
  0.78679170   1.98862165 103.00000000  15629.561995133758 15629.689285212216 -0.127290078459 
  0.75263968   1.68888476 105.28927932  15630.119562998414 15630.102358665810 0.017204332604 
  1.32379636   1.68546619 127.57469107  15636.538324102759 15636.537843161936 0.000480940824 
  0.99718283   1.68888476  58.05275774  15638.270066544414 15620.305645042823 17.964421501591 
  1.39698492   1.68888476 103.00000000  15692.018772229552 15692.021169834608 -0.002397605056 
  1.34286253   1.54806251 103.00000000  15711.829364433885 15711.945422068631 -0.116057634747 
  0.96446195   1.68888476  58.29145729  15717.872296303511 15711.507247241925 6.365049061586 
  1.31840478   1.52328336 103.00000000  15727.536917403340 15727.542959197192 -0.006041793851 
  0.96446195   1.68888476 166.63316583  15727.648482024670 15742.267384431776 -14.618902407106 
  1.30694386   1.51257259 103.00000000  15779.154392689466 15779.156967343830 -0.002574654363 
  0.96197900   1.66817604  59.31920874  15797.424635976553 15794.404203258799 3.020432717754 
  1.37307429   1.68888476  88.94113590  15799.321306139231 15800.256125875992 -0.934819736762 
  0.96446195   1.53562755  69.58196697  15812.480337411165 15814.167012147593 -1.686674736427 
  1.17681274   1.43914092 102.05736457  15822.349543988705 15822.287551957925 0.061992030780 
  0.91437741   1.71726786  58.26398799  15836.138802170753 15837.456107630684 -1.317305459930 
  1.35679518   1.71176894 121.30420936  15859.333188250661 15856.564587622284 2.768600628377 
  0.96446195   1.68888476 167.33668342  15892.048244878650 15903.282448857188 -11.234203978538 
  1.39492337   1.64726242  99.72227108  15903.115983560681 15902.310233691887 0.805749868794 
  0.90281423   1.70895065  59.08334929  15908.941261306405 15910.973052286396 -2.031790979991 
  1.39191991   1.69383383  94.04276751  15932.111439764500 15931.640955692525 0.470484071975 
  0.96446195   1.68888476  58.00000000  15955.981021791697 15947.681077961341 8.299943830356 
  1.34768311   1.54650650 102.98129615  15985.999487489462 15986.126256936312 -0.126769446850 
  0.78727020   1.68888476  75.27930204  15993.325076773763 15996.439013100357 -3.113936326594 
  1.38793888   1.68888476 114.40689195  15994.210475191474 15995.196326215364 -0.985851023890 
  1.36605991   1.67989251  86.53771150  15999.397766321898 15999.437065271051 -0.039298949154 
  1.40370846   1.67293627 103.00000000  16011.577807500958 16011.583674738542 -0.005867237584 
  1.40452261   1.68888476 103.00000000  16023.428780540824 16023.432316446146 -0.003535905322 
  0.75041096   1.68888476 104.22680540  16044.108667150140 16044.130084610433 -0.021417460293 
  0.96446195   1.68888476 168.04020101  16049.616358518600 16057.260111745580 -7.643753226979 
  0.75731597   1.68888476 118.35405641  16051.242479056120 16051.244118651175 -0.001639595055 
  0.96446195   1.38888476 103.00000000  16061.681039050221 16061.686122110055 -0.005083059834 
  0.75010381   1.68888476 104.92037381  16112.914887815714 16112.911418623578 0.003469192136 
  1.30678342   1.69282431  74.60965190  16113.928229004145 16096.243799914555 17.684429089590 
  1.27844880   1.70120896 135.98683292  16132.988597407937 16133.972338510166 -0.983741102229 
  0.96446195   1.38819095 103.00000000  16160.058566197753 16160.058038397177 0.000527800576 
  1.36767871   1.56312963 104.09011416  16198.610405713320 16198.615265490118 -0.004859776798 
  0.96446195   1.68888476 168.74371859  16200.059459999204 16203.944515324783 -3.885055325580 
  1.35619121   1.55174493 102.36863269  16201.529593497515 16201.705308585531 -0.175715088017 
  1.39809357   1.61900270 106.63766184  16213.777306631207 16214.556251490698 -0.778944859490 
  0.97039253   1.64411961  60.05768956  16227.796089604497 16223.692185235936 4.103904368561 
  1.40189484   1.62826264 103.00000000  16282.752238944173 16282.777352665849 -0.025113721676 
  0.96446195   1.68888476  57.58793970  16297.421811863780 16285.940958628433 11.480853235347 
  1.39566928   1.78652004 100.55314406  16314.626182511449 16314.250520552265 0.375661959184 
  0.96446195   1.64918894  59.73430300  16317.234513446689 16313.268426854334 3.966086592354 
  1.41160176   1.69184291 103.00000000  16333.895376011729 16333.899459253405 -0.004083241676 
  0.96446195   1.68888476 169.44723618  16343.089025229216 16343.088498109559 0.000527119657 
  1.41206030   1.68888476 103.00000000  16352.920110136271 16352.924262838809 -0.004152702539 
  0.74874372   1.68888476 103.00000000  16371.178367927670 16371.189918260085 -0.011550332414 
  1.40830703   1.73391682 105.55843986  16429.883190512657 16430.630408782607 -0.747218269949 
  1.41370752   1.68888476 101.91999210  16434.377115622163 16433.961491113627 0.415624508536 
  1.40022706   1.61305399 102.08002080  16477.043768480420 16476.914948803715 0.128819676705 
  0.96446195   1.68888476 170.15075377  16478.423158466816 16474.454506274691 3.968652192125 
  0.76991484   1.67239557  81.20063430  16486.441515639424 16486.439455698572 0.002059940853 
  1.40533011   1.62996044 109.65727792  16494.187660232186 16495.493521601646 -1.305861369459 
  1.40324561   1.68888476  93.44558567  16519.942311659455 16519.549470069061 0.392841590394 
  0.75747066   1.71448532  87.06487806  16531.985797911882 16531.441024515334 0.544773396548 
  0.75621858   1.77800767 112.51697167  16566.850162163377 16566.378585157599 0.471577005777 
  1.05246879   1.65879872  58.65778199  16585.697752565145 16550.310831269177 35.386921295969 
  1.31416305   1.70276884 132.29623235  16590.588169559836 16590.592868811997 -0.004699252160 
  1.15207783   1.69382055  59.09380937  16592.864850625396 16563.356542525096 29.508308100299 
  1.39410885   1.80750687 103.00000000  16595.533169701695 16595.568907769306 -0.035738067611 
  1.36625325   1.56161123  99.08134861  16596.585512816906 16596.585814869883 -0.000302052977 
  1.32596537   1.51287789 103.00000000  16598.640833958983 16598.686068820480 -0.045234861496 
  1.40351082   1.68888476  92.66382843  16624.310905560851 16624.192542181390 0.118363379461 
  1.27642551   1.47804404 103.00000000  16624.754123836756 16624.747379714452 0.006744122304 
  1.41959799   1.68888476 103.00000000  16680.405065357685 16680.409337263216 -0.004271905531 
  0.96446195   1.68888476 171.55778894  16724.913471043110 16712.955851918890 11.957619124219 
  1.37175561   1.68694121 123.29373379  16754.282511696219 16752.159731196298 2.122780499922 
  1.41829315   1.65291321 102.04542213  16767.407275721431 16767.075256366923 0.332019354508 
  1.01587490   1.64220610  59.20986510  16782.861768960953 16759.527849424390 23.333919536562 
  0.75038368   1.67262655 115.29366264  16801.531803727150 16800.815182918490 0.716620808660 
  1.39572381   1.68888476  88.97217623  16810.318068683147 16811.207920668345 -0.889851985197 
  1.41613850   1.67227733 110.66339861  16814.091709628701 16816.294377215556 -2.202667586855 
  1.42054179   1.65448823 103.00000000  16830.569033682346 16830.581322347447 -0.012288665101 
  0.95608335   1.44043775  82.83922256  16831.385660171509 16831.387178341978 -0.001518170469 
  0.96446195   1.68888476 172.26130653  16835.549456313252 16819.672146382916 15.877309930336 
  0.74739849   1.72609871 103.00000000  16846.165661081672 16846.094504474022 0.071156607650 
  1.41981197   1.64503910 104.66043325  16853.183013379574 16853.809581254147 -0.626567874573 
  1.02206325   1.64770207  58.76423301  16875.115134760737 16845.321964930572 29.793169830165 
  0.96446195   1.68888476  56.88442211  16893.763525187969 16875.469139310320 18.294385877649 
  1.36127624   1.67821862 126.14361674  16894.620007559657 16893.195649546382 1.424358013275 
  0.86508860   1.40056999 103.00000000  16910.334541589022 16910.255214465891 0.079327123130 
  1.40399047   1.79371317 105.10273366  16916.313189119101 16916.469868892116 -0.156679773016 
  0.96446195   1.68888476 172.96482412  16937.451785296202 16917.774027621344 19.677757674857 
  0.96446195   1.68888476 173.00000000  16942.313181787729 16922.449765786783 19.863416000946 
  1.32875489   1.69214734  75.06836991  16958.411398723722 16937.870826069822 20.540572653899 
  1.38188282   1.55961941 103.00000000  16989.758767545223 16989.882410684637 -0.123643139414 
  1.40030290   1.59287621 100.54172666  16996.214711397886 16996.160930928847 0.053780469039 
  1.42713568   1.68888476 103.00000000  17005.799620658159 17005.803831119381 -0.004210461222 
  0.79023347   1.46343846 103.00000000  17017.861103996634 17017.843217235713 0.017886760921 
  0.96446195   1.68888476 173.66834171  17030.391167998314 17007.084944320253 23.306223678061 
  1.40421680   1.58929243 104.44706085  17037.420491710305 17037.496142842454 -0.075651132149 
  1.39196639   1.68888476 120.37954747  17067.975050315261 17066.120904739873 1.854145575388 
  0.96446195   1.38190955 103.00000000  17070.865578144789 17070.798442147669 0.067135997120 
  1.39377023   1.57495608 101.92224472  17089.291562691331 17089.456887136086 -0.165324444755 
  1.08482281   1.68602965  56.89452083  17099.788263052702 17023.923183402334 75.865079650368 
  0.74870834   1.61459131  99.46492545  17108.776916965842 17108.113884194005 0.663032771838 
  0.96446195   1.68888476 174.37185930  17114.155735939741 17087.442868706021 26.712867233720 
  1.39344873   1.68379037  86.81191968  17136.313281029463 17136.613160642457 -0.299879612994 
  1.41851754   1.71444609 111.64629442  17145.913674399257 17147.367142811199 -1.453468411943 
  0.79023655   1.69056215  72.00796716  17165.862084612250 17166.297607826484 -0.435523214233 
  1.40645664   1.79963558 106.10842459  17173.244958087802 17173.245083761914 -0.000125674112 
  1.23991653   1.45152596 103.00000000  17179.021273031831 17178.990522249151 0.030750782680 
  0.75506333   1.71526661  86.16880887  17187.610739707947 17187.610449294611 0.000290413336 
  0.96446195   1.68888476 175.07537688  17188.549550384283 17158.700958507838 29.848591876445 
  1.40149156   1.68888476 118.73187847  17193.334930732846 17192.183249277314 1.151681455533 
  1.01718536   1.68888476  56.09570109  17193.890717580914 17131.833848889208 62.056868691707 
  0.96446195   1.59952821  61.95324706  17252.082662224770 17252.082022012306 0.000640212464 
  0.96446195   1.68888476 175.77889447  17253.396260768175 17220.728166638186 32.668094129989 
  0.96446195   1.68888476 176.48241206  17308.539828836918 17273.409779655121 35.130049181796 
  1.43242390   1.66177396 102.27064155  17310.008140742779 17309.708620117770 0.299520625009 
  1.43467337   1.68888476 103.00000000  17329.024251595140 17329.027851424085 -0.003599828946 
  0.96446195   1.68888476 177.18592965  17353.844849079847 17316.647901601846 37.196947478002 
  0.78194447   1.70449357 138.81063463  17386.508757576346 17368.714950473659 17.793807102687 
  0.96446195   1.49169231  72.85968224  17388.809503823519 17388.808459837142 0.001043986376 
  0.96446195   1.68888476 177.88944724  17389.199739947915 17350.361864452669 38.837875495246 
  0.96446195   1.68888476 178.59296482  17414.517283946276 17374.488568436169 40.028715510107 
  0.96446195   1.68888476 179.29648241  17429.733304053545 17388.982750622949 40.750553430596 
  0.96446195   1.68888476 180.00000000  17434.809783488512 17393.817175148943 40.992608339569 
  1.27869078   1.46891889 102.78908333  17435.868330717087 17435.877483218432 -0.009152501345 
  1.31947640   1.49737297 101.00431474  17445.193351477385 17445.301431687807 -0.108080210422 
  0.77910691   2.01406734 103.00000000  17449.953728213906 17450.268959900633 -0.315231686727 
  1.42138535   1.67236174 115.05970682  17471.393204331398 17472.480202221199 -1.086997889801 
  1.33294974   1.69185746 132.82749678  17485.519160747528 17486.894262497990 -1.375101750462 
  0.96446195   1.68888476  56.18090452  17507.666788414121 17480.493492360558 27.173296053563 
  0.77116258   1.68888476  77.32400037  17531.370892286301 17534.412638186186 -3.041745899885 
  1.27385982   1.68226777  66.28959197  17544.854493841529 17551.458615009884 -6.604121168355 
  1.29999882   1.67636451  69.83704712  17575.810251846910 17563.885755267122 11.924496579788 
  0.75086190   1.82414663 101.75172510  17600.584670960903 17600.619670252170 -0.034999291267 
  1.21297121   1.67528216  61.27047065  17606.352027639747 17623.038866934017 -16.686839294271 
  1.39842065   1.85449116 103.17603916  17620.265240699053 17620.392697622385 -0.127456923332 
  1.44221106   1.68888476 103.00000000  17650.002140626311 17650.005180082047 -0.003039455736 
  1.43631987   1.73734867 106.61528165  17720.850391268730 17722.105873503016 -1.255482234286 
  1.34926910   1.69862283  75.18128387  17733.607850685716 17708.561790018382 25.046060667333 
  1.37079162   1.70206299 127.46317424  17744.310463041067 17740.322144265450 3.988318775617 
  1.43424420   1.65075931 112.18009177  17746.018684372306 17747.885341860983 -1.866657488677 
  0.75786127   1.68888476  82.87953661  17773.630288049579 17773.633876429802 -0.003588380223 
  1.32469377   1.69350207  71.42587660  17791.561661586165 17766.648748331845 24.912913254320 
  1.43883438   1.66935299 111.37044605  17829.205430269241 17831.704795061847 -2.499364792606 
  1.44655322   1.68195309 103.00000000  17835.688788041472 17835.692431765961 -0.003643724489 
  1.30506566   1.69092711  68.62830181  17842.072540298104 17828.147400865004 13.925139433100 
  1.41977991   1.67015840 118.28790218  17843.974196076393 17843.029276179470 0.944919896923 
  1.33091416   1.70021853  71.76488801  17848.781434834003 17819.906392251327 28.875042582677 
  0.96446195   1.60882531  60.51910141  17904.523789927363 17898.485026309576 6.038763617787 
  0.74120603   1.68888476 103.00000000  17912.188198372722 17912.233814360403 -0.045615987681 
  1.42738377   1.69678460 116.09229184  17931.821771398187 17931.814426315781 0.007345082406 
  1.01309775   1.62637589  58.85103771  17933.789843276143 17899.938245306308 33.851597969835 
  0.74130355   1.69865817 101.89842372  17934.483677193522 17934.480249080494 0.003428113028 
  1.41020405   1.67102619  87.08021974  17965.208924740553 17965.208339799839 0.000584940713 
  1.44974874   1.68888476 103.00000000  17968.660672456026 17968.662718433399 -0.002045977373 
  1.30080015   1.69553024 138.85315640  17999.388472199440 17999.119628628261 0.268843571179 
  1.41162484   1.68337942 121.12741419  18011.817235395312 18009.044975203196 2.772260192116 
  0.96446195   1.37562814 103.00000000  18018.761899948120 18018.591701308971 0.170198639149 
  0.75013377   1.83667536 103.00000000  18048.104100137949 18048.021875989230 0.082224148719 
  0.86382871   1.68888476  59.90174190  18062.442236065865 18062.444470214741 -0.002234148877 
  1.19633766   1.42391849 103.00000000  18063.923434615135 18063.925780943850 -0.002346328714 
  0.80378282   1.43426095 103.00000000  18084.135704457760 18084.136685759615 -0.000981301855 
  0.76309493   1.71160022 130.77800375  18087.611617550254 18087.609941519320 0.001676030934 
  0.79427575   1.68888476  69.44187154  18092.498449653387 18088.142820972567 4.355628680820 
  1.44784138   1.68888476 109.57858797  18093.761250093579 18096.463548068350 -2.702297974771 
  0.96446195   1.68888476  55.47738693  18139.958941489458 18101.420604901094 38.538336588364 
  0.75811882   1.68888476 128.72753873  18146.418674558401 18146.466177331306 -0.047502772904 
  1.43932486   1.67162800 114.55554393  18160.319104522467 18161.735097225879 -1.415992703412 
  0.73999588   1.66344806 103.00000000  18179.466491758823 18179.542414145479 -0.075922386655 
  0.98555942   1.44949191  78.54750280  18190.987189486623 18190.999922239916 -0.012732753294 
  1.28210585   1.70220353  63.81499079  18215.681407719851 18215.681254902873 0.000152816978 
  0.97291699   1.70252359  54.57431457  18232.674107998610 18177.154983150718 55.519124847891 
  0.75002145   1.70747346 121.67033394  18232.964292988181 18234.660183164666 -1.695890176485 
  1.43966732   1.60054722 106.87340507  18262.626345261931 18262.622688722586 0.003656539346 
  0.98270969   1.68888476  55.07220166  18272.819726198912 18210.801871379266 62.017854819645 
  1.45728643   1.68888476 103.00000000  18284.931186348200 18284.932047062870 -0.000860714670 
  0.74266235   1.73034435 111.08218974  18330.900035962462 18329.968622932229 0.931413030234 
  0.76642123   1.49203948 103.53046656  18346.123329102993 18345.594759361080 0.528569741913 
  0.80919746   1.68888476  66.05285777  18367.363301679492 18357.330465060189 10.032836619303 
  1.39630850   1.53522554 105.76871727  18372.997839763761 18371.362392151696 1.635447612065 
  1.43961231   1.79426042 103.00000000  18397.056399747729 18397.084875630164 -0.028475882435 
  1.43532186   1.68888476 117.33276531  18399.079878404737 18398.342370932245 0.737507472491 
  0.75978926   1.68888476 131.03597016  18458.646189272404 18456.477617287477 2.168571984927 
  0.74492799   1.67904618 118.84233223  18461.185920968652 18460.945741729160 0.240179239492 
  1.44757330   1.65715900 114.12296648  18461.186120033264 18462.517905140401 -1.331785107137 
  1.45962492   1.68888476 107.89199102  18486.379570633173 18488.942661338315 -2.563090705142 
  0.74324755   1.68888476 116.63261057  18514.912592291832 18514.301063942719 0.611528349113 
  0.74023332   1.74524288 103.00000000  18526.644404143095 18526.644499696191 -0.000095553096 
  0.96446195   1.63717217  57.94344421  18530.129592239857 18506.516317881447 23.613274358409 
  1.46101261   1.68888476 108.34203319  18566.168844804168 18568.897758057643 -2.728913253475 
  1.46446195   1.68888476 103.00000000  18583.725588113070 18583.725718479225 -0.000130366156 
  0.99319787   1.44004176  79.84845906  18588.446759015322 18588.444086644802 0.002672370520 
  1.46482412   1.68888476 103.00000000  18598.746525719762 18598.746766827135 -0.000241107373 
  0.76285922   1.68888476 133.51303976  18613.543662741780 18607.304382258946 6.239280482834 
  1.44504725   1.59735260 103.00000000  18626.047774448991 18626.073688303342 -0.025913854352 
  0.81472831   1.68888476  64.72058033  18653.816115513444 18642.243011543997 11.573103969447 
  0.73767924   1.68888476 105.76968801  18695.856758907437 18695.743948474952 0.112810432485 
  1.42995165   1.84086937 102.24527022  18720.693885400891 18720.682466894152 0.011418506740 
  0.74068272   1.59962306 103.00000000  18761.352175489068 18761.349861890198 0.002313598870 
  0.74735251   1.84618564 102.59829707  18790.503494262695 18790.604707560633 -0.101213297938 
  0.96446195   1.68888476  54.77386935  18791.532818526030 18738.660092415277 52.872726110752 
  1.46885765   1.66815306 103.00000000  18793.086412459612 18793.088254205235 -0.001841745623 
  0.91794674   1.69277341  55.78215038  18822.592020809650 18816.064193686772 6.527827122878 
  1.46218761   1.73965755 106.66705650  18837.900067627430 18839.510499736636 -1.610432109206 
  1.45078284   1.63160213  95.79509242  18852.827886462212 18852.825792294465 0.002094167747 
  1.25223351   1.43643260 104.92088041  18874.309242933989 18874.309762889996 -0.000519956007 
  1.45057782   1.71649367 114.97255824  18881.902061879635 18881.461438839244 0.440623040391 
  1.43954214   1.58676246  99.52689574  18896.006736278534 18896.748979219665 -0.742242941131 
  1.47236181   1.68888476 103.00000000  18910.044551327825 18910.044076257764 0.000475070061 
  1.45626246   1.78657058 103.00000000  19001.609983444214 19001.621998837709 -0.012015393495 
  0.96446195   1.36934673 103.00000000  19004.910360470414 19004.590489532158 0.319870938256 
  1.47499857   1.66458544 102.02094754  19078.951587349176 19078.422417597430 0.529169751746 
  1.45903045   1.69262610 115.03846865  19082.786316022277 19083.677009402603 -0.890693380326 
  1.47055839   1.66373178  98.18064899  19096.288962051272 19094.742746941181 1.546215110091 
  1.47726584   1.68490912 103.00000000  19109.919946521521 19109.919834010390 0.000112511130 
  1.47641220   1.70858137 104.70347167  19138.835962399840 19139.980604271765 -1.144641871924 
  0.74792095   1.86714895 103.00000000  19169.279414176941 19169.424177154848 -0.144762977907 
  1.47989950   1.68888476 103.00000000  19218.764758691192 19218.764235697192 0.000522994000 
  1.37798392   1.68236027 132.38958573  19222.632119789720 19222.637061467089 -0.004941677369 
  1.28809703   1.68987946  62.07625081  19228.445121482015 19255.433924339697 -26.988802857682 
  1.44826935   1.68597677 119.47181012  19246.204147100449 19243.118181830247 3.085965270202 
  1.32706816   1.68866019 139.38333900  19263.216065466404 19263.210846523565 0.005218942839 
  1.44785370   1.68888476 119.94263944  19320.410259112716 19316.675963475376 3.734295637340 
  1.46743546   1.60258233 103.00000000  19432.151281476021 19432.124299209499 0.026982266521 
  1.48441239   1.70846417 103.00000000  19449.684388905764 19449.679589591262 0.004799314502 
  0.74665586   1.68888476  84.43759384  19454.505900532007 19453.045854043816 1.460046488191 
  1.45842044   1.58457748 103.00000000  19456.970430597663 19456.959498113225 0.010932484438 
  1.48743719   1.68888476 103.00000000  19524.850526675582 19524.850460711619 0.000065963963 
  0.73603064   1.75391780 100.29059319  19542.046215116978 19542.440094585192 -0.393879468214 
  0.73366834   1.68888476 103.00000000  19556.588353157043 19556.702676483659 -0.114323326616 
  0.75040520   1.68888476 128.61010311  19563.415157765150 19564.483243993862 -1.068086228712 
  0.74095758   1.55927591 107.60421952  19599.448673948646 19598.462747512560 0.985926436086 
  1.47244320   1.78280543 103.00000000  19632.675402969122 19632.673985810368 0.001417158754 
  0.74522380   1.86472214 103.00000000  19662.205858036876 19662.445840690743 -0.239982653868 
  1.41912773   1.69929129 127.12947226  19663.927124306560 19655.627414263869 8.299710042691 
  0.96446195   1.45176905  75.86315316  19689.898664727807 19689.824919697719 0.073745030088 
  1.45390209   1.56888991 103.00000000  19695.364179447293 19695.365388186234 -0.001208738940 
  0.77489912   1.70418800  70.94949305  19698.686946421862 19698.629691991740 0.057254430121 
  1.48993351   1.71596573 103.00000000  19709.081633433700 19709.075384530821 0.006248902879 
  1.37806312   1.67682324  73.76475454  19741.840405866504 19707.420674834972 34.419731031532 
  0.75139675   1.68888476 130.10548524  19762.879829317331 19762.880857851003 -0.001028533672 
  0.77534065   1.71199535  70.35294246  19794.090175509453 19794.091898012754 -0.001722503301 
  1.49497487   1.68888476 103.00000000  19828.247029125690 19828.248419513835 -0.001390388145 
  1.48791785   1.68888476 111.27791004  19849.325287207961 19852.760080260497 -3.434793052536 
  1.48811548   1.65600242  97.82867479  19895.275621488690 19894.025499278800 1.250122209891 
  0.74470400   1.86318051 105.83685949  19924.542556867003 19924.542230903251 0.000325963752 
