New model:
f      0    0    0  0.964461950000
f      0    0    0  1.688884760000
f      0    0    0  103.000000000000
f      0    0    0  1.000000000000
f      0    0    0  1.000000000000
f      0    0    1  -79.283483977306
f      0    0    2  -49.946239759483
f      0    0    3  -58.971861555387
f      0    0    4  -46.188268331973
f      0    0    5  47.231713112181
f      0    0    6  81.277393573629
f      0    0    7  -192.680073397699
f      0    0    8  -86.949993801522
f      0    1    0  934.815873930746
f      0    2    0  -1304.697832743834
f      0    3    0  576.318968364300
f      0    4    0  -122.741471596399
f      0    5    0  -43.253728862786
f      0    6    0  -564.169271421530
f      0    7    0  496.182641648269
f      0    8    0  1068.754738691277
f      1    0    0  375.786693031539
f      2    0    0  -485.525173083141
f      3    0    0  375.254844659290
f      4    0    0  -136.817154140976
f      5    0    0  51.050911594909
f      6    0    0  79.162345539409
f      7    0    0  536.276381345849
f      8    0    0  -758.083329395587
f      0    1    1  148.213369141992
f      0    1    2  -52.646208238337
f      0    1    3  84.688754192482
f      0    1    4  -161.873501064561
f      0    1    5  -256.873874971480
f      0    1    6  536.823559095381
f      0    1    7  456.605508365694
f      0    2    1  128.508223716795
f      0    2    2  -22.041568282718
f      0    2    3  514.409428458886
f      0    2    4  290.829876560800
f      0    2    5  -790.003237203041
f      0    2    6  -733.977848245104
f      0    3    1  22.541294125197
f      0    3    2  -236.311865048950
f      0    3    3  -190.240007905858
f      0    3    4  404.983461720756
f      0    3    5  1103.751328439974
f      0    4    1  -163.334237918755
f      0    4    2  467.373293151400
f      0    4    3  -634.865969184085
f      0    4    4  -784.969358357327
f      0    5    1  -358.184871831274
f      0    5    2  635.759601889678
f      0    5    3  -251.092701714348
f      0    6    1  -62.209886379743
f      0    6    2  -774.485757590648
f      0    7    1  577.165064506195
f      1    0    1  38.456090816024
f      1    0    2  -34.986935166897
f      1    0    3  49.217305025538
f      1    0    4  82.954196924777
f      1    0    5  95.962080332831
f      1    0    6  -241.875786188603
f      1    0    7  -286.232482380500
f      1    1    0  -71.539772945575
f      1    2    0  125.060866608314
f      1    3    0  167.302283150344
f      1    4    0  -110.418921382862
f      1    5    0  -49.145736809074
f      1    6    0  115.087341802551
f      1    7    0  -50.915827859928
f      2    0    1  -5.937820874159
f      2    0    2  34.008424538366
f      2    0    3  350.960273114984
f      2    0    4  163.064597494437
f      2    0    5  -303.644209191843
f      2    0    6  484.741138459602
f      2    1    0  -113.186107545134
f      2    2    0  133.764668165871
f      2    3    0  -158.916274577502
f      2    4    0  -168.477387416014
f      2    5    0  271.261440539784
f      2    6    0  -13.325787260369
f      3    0    1  -58.047731987093
f      3    0    2  -77.687336933748
f      3    0    3  -609.287285324755
f      3    0    4  67.194041181695
f      3    0    5  2845.690900527301
f      3    1    0  -22.827070675321
f      3    2    0  56.363010514781
f      3    3    0  -580.074603986889
f      3    4    0  856.010669647742
f      3    5    0  26.345580194404
f      4    0    1  -123.705110689043
f      4    0    2  -328.121310056778
f      4    0    3  -663.982856147645
f      4    0    4  1374.304974469826
f      4    1    0  -261.477465703644
f      4    2    0  104.195032872316
f      4    3    0  -56.822631872476
f      4    4    0  260.376555756213
f      5    0    1  -63.367880832938
f      5    0    2  301.345119874243
f      5    0    3  -383.928393117578
f      5    1    0  -453.170577540451
f      5    2    0  1474.896651850836
f      5    3    0  -13.925982207453
f      6    0    1  388.090000671325
f      6    0    2  -719.904754720514
f      6    1    0  222.761730650722
f      6    2    0  203.603160758394
f      7    0    1  -31.604188419153
f      7    1    0  245.348450784266
f      1    1    1  -36.850978485127
f      1    1    2  66.956358503680
f      1    1    3  -292.513790416539
f      1    1    4  -693.203254899483
f      1    1    5  270.304075669559
f      1    1    6  889.723666029437
f      1    2    1  -302.161533950284
f      1    2    2  216.184449007201
f      1    2    3  1058.430083281906
f      1    2    4  -157.996324079956
f      1    2    5  61.975444965526
f      1    3    1  106.654503857437
f      1    3    2  -747.344277327249
f      1    3    3  1593.852420844390
f      1    3    4  -480.190062294438
f      1    4    1  748.973000806872
f      1    4    2  -1640.510624903398
f      1    4    3  -385.091459947771
f      1    5    1  181.719252600897
f      1    5    2  -47.601317830294
f      1    6    1  46.142828695541
f      2    1    1  182.600007341993
f      2    1    2  44.405108472150
f      2    1    3  -685.922561889268
f      2    1    4  -1076.673668258599
f      2    1    5  -1774.570731198382
f      2    2    1  -471.204948076575
f      2    2    2  -1684.088723726666
f      2    2    3  311.975224147655
f      2    2    4  -43.691325758649
f      2    3    1  253.671322578620
f      2    3    2  -468.359593279856
f      2    3    3  -38.136770270914
f      2    4    1  820.083071343301
f      2    4    2  26.514666062549
f      2    5    1  24.956637627326
f      3    1    1  431.572360493371
f      3    1    2  -75.820688240398
f      3    1    3  -332.777070323312
f      3    1    4  -941.212632074215
f      3    2    1  -687.123919021326
f      3    2    2  245.932921639084
f      3    2    3  -14.865727101028
f      3    3    1  -665.180259849951
f      3    3    2  -11.013640164053
f      3    4    1  94.352641768150
f      4    1    1  -530.844313328829
f      4    1    2  1380.002783337279
f      4    1    3  -104.126626626028
f      4    2    1  599.463185571586
f      4    2    2  14.061977380861
f      4    3    1  -97.287569812128
f      5    1    1  240.886332249011
f      5    1    2  143.546803901834
f      5    2    1  35.673018898255
f      6    1    1  -65.510460920011

Grid of energies:
  0.96446195   1.25628141 103.00000000  -1001.203633257708 -1001.197273970693 -0.006359287015 
  0.96446195   1.26256281 103.00000000  -972.121636648149 -972.110388178030 -0.011248470119 
  0.96446195   1.26884422 103.00000000  -943.743273292290 -943.724103889558 -0.019169402732 
  0.96446195   1.28140704 103.00000000  -888.957596904285 -888.983593947279 0.025997042994 
  0.96446195   1.28768844 103.00000000  -862.576591660203 -862.595118157800 0.018526497596 
  0.96446195   1.28888476 103.00000000  -857.624376949796 -857.641483478451 0.017106528655 
  0.96446195   1.29396985 103.00000000  -836.827274016614 -836.838730196941 0.011456180328 
  0.96446195   1.30025126 103.00000000  -811.692649082415 -811.698114910144 0.005465827728 
  0.96446195   1.31909548 103.00000000  -739.819238223536 -739.812767419655 -0.006470803880 
  0.96446195   1.32537688 103.00000000  -716.987372691488 -716.978989316581 -0.008383374908 
  0.96446195   1.33793970 103.00000000  -672.925273276327 -672.915901126599 -0.009372149728 
  0.96446195   1.35050251 103.00000000  -630.908107116556 -630.900327969424 -0.007779147133 
  0.96446195   1.36306533 103.00000000  -590.832317572349 -590.827374456949 -0.004943115400 
  0.96446195   1.36934673 103.00000000  -571.491475244180 -571.488338556024 -0.003136688156 
  0.96446195   1.37562814 103.00000000  -552.600020832833 -552.598378060885 -0.001642771948 
  0.96446195   1.38190955 103.00000000  -534.146349489671 -534.146100591546 -0.000248898125 
  0.86508860   1.40056999 103.00000000  -529.475454590563 -529.450817536937 -0.024637053626 
  0.69999490   1.45417174 102.54219600  -525.201469818319 -525.209492983840 0.008023165520 
  0.96446195   1.38819095 103.00000000  -516.119354542741 -516.120461866964 0.001107324223 
  0.96446195   1.38888476 103.00000000  -514.153898293891 -514.155142443635 0.001244149744 
  0.91960947   1.40021095 103.00000000  -502.373952570422 -502.369368125382 -0.004584445040 
  0.91541315   1.40227383 103.00000000  -498.771255514399 -498.766330931341 -0.004924583058 
  0.96446195   1.39447236 103.00000000  -498.508493874710 -498.510673371311 0.002179496601 
  0.69156221   1.47498474 102.98835072  -488.179121885332 -488.186166704682 0.007044819350 
  0.80378282   1.43426095 103.00000000  -481.740221093110 -481.715492433286 -0.024728659824 
  0.96446195   1.40075377 103.00000000  -481.303409136541 -481.306364760504 0.002955623963 
  0.85199381   1.42609500 103.00000000  -470.744244684331 -470.732262647248 -0.011982037083 
  0.95804699   1.43430685  74.72515253  -468.324836122214 -468.202255067647 -0.122581054567 
  0.96446195   1.40703518 103.00000000  -464.493975436559 -464.497458406940 0.003482970381 
  0.91520379   1.41559623 103.00000000  -463.798976578382 -463.798619783828 -0.000356794554 
  0.96566596   1.41661072  94.03275088  -457.558438627446 -457.581194192978 0.022755565532 
  0.87633609   1.43427920  93.27739954  -457.425105646562 -457.480155739723 0.055050093161 
  0.83557492   1.43670057 103.00000000  -454.904557011803 -454.894031192632 -0.010525819171 
  0.92039554   1.41930894 103.00000000  -451.886563896802 -451.887993562484 0.001429665683 
  0.96446195   1.41331658 103.00000000  -448.070731484411 -448.074214103853 0.003482619441 
  0.84967277   1.43620774 103.00000000  -447.516773591429 -447.510466883230 -0.006306708199 
  0.83971957   1.44071601 103.00000000  -442.837827317999 -442.831110944560 -0.006716373439 
  1.04986770   1.40471485 103.00000000  -440.098069421205 -440.091349784894 -0.006719636311 
  0.96446195   1.40986273 112.72121832  -439.024186322527 -438.992763394198 -0.031422928329 
  0.95608335   1.44043775  82.83922256  -429.629457973693 -429.637315985919 0.007858012226 
  0.79023347   1.46343846 103.00000000  -424.759265824428 -424.749157766224 -0.010108058204 
  0.99319787   1.44004176  79.84845906  -423.597442770701 -423.611696062571 0.014253291871 
  0.96161204   1.43835179  86.43891478  -423.025774999711 -423.058268843715 0.032493844004 
  0.96446195   1.45176905  75.86315316  -420.755519911774 -420.658763746626 -0.096756165148 
  0.95235887   1.47061911  67.84810538  -418.718686997698 -418.836639429942 0.117952432244 
  0.89243821   1.43906689 103.00000000  -417.212934182033 -417.215834711089 0.002900529057 
  0.96446195   1.42587940 103.00000000  -416.344086640518 -416.347013413345 0.002926772827 
  0.89533005   1.43908425 105.29917836  -411.292792002219 -411.298372735021 0.005580732801 
  1.05232276   1.41075630 111.04758158  -408.647524324871 -408.618425781054 -0.029098543817 
  0.98555942   1.44949191  78.54750280  -408.557334855759 -408.546085006320 -0.011249849439 
  0.69428534   1.51511273 103.00000000  -407.467456364451 -407.431049693557 -0.036406670895 
  0.96446195   1.44144316  90.88648966  -404.112692642582 -404.129275938227 0.016583295645 
  0.73793827   1.49454263 103.00000000  -403.339986048504 -403.320396422765 -0.019589625739 
  0.96446195   1.44375189  89.43526196  -402.039155367700 -402.061814898307 0.022659530607 
  0.85327277   1.44879926 110.59625562  -401.775294432238 -401.777670833617 0.002376401379 
  0.96446195   1.43216080 103.00000000  -401.022827703440 -401.025041111843 0.002213408403 
  0.97807789   1.43681750  95.90523899  -398.711833924626 -398.711609727737 -0.000224196889 
  0.98526705   1.43138019 103.00000000  -394.800392757868 -394.800351550688 -0.000041207180 
  0.93607428   1.45858134  84.43448994  -392.846967641046 -392.894669482648 0.047701841602 
  0.99255251   1.44363443  88.95064303  -392.443114881818 -392.467849875744 0.024734993926 
  1.06943874   1.42326207 101.67949568  -389.094434702747 -389.084720328515 -0.009714374232 
  0.96446195   1.43844221 103.00000000  -386.051322557701 -386.052527112429 0.001204554727 
  1.05485060   1.42551501 103.00000000  -385.393480878203 -385.381039738695 -0.012441139508 
  0.76642123   1.49203948 103.53046656  -383.087166127425 -383.083338973119 -0.003827154306 
  0.96446195   1.44497730  97.79450595  -381.069746673227 -381.060762407209 -0.008984266018 
  0.93028622   1.44791845 103.00000000  -378.587298354523 -378.590773833141 0.003475478618 
  0.82991225   1.47246849 103.00000000  -378.479377966374 -378.487086778153 0.007708811779 
  0.97521815   1.44396535  98.26427579  -378.191534159603 -378.183417178796 -0.008116980808 
  0.96513671   1.43368246 113.69065463  -377.893609948671 -377.872472097585 -0.021137851086 
  0.96446195   1.43602255 111.09378012  -377.059541758128 -377.053079558600 -0.006462199529 
  0.93449355   1.46380161  86.77882305  -376.211664901704 -376.255431010391 0.043766108687 
  0.96316444   1.44019986 106.58252453  -375.776074082256 -375.781092185219 0.005018102963 
  0.94475444   1.45840879  90.50826275  -374.652140010257 -374.662738629039 0.010598618782 
  0.96446195   1.45470390  91.77225149  -371.772785730318 -371.774091601703 0.001305871385 
  0.96446195   1.44472362 103.00000000  -371.421118201364 -371.421134848963 0.000016647599 
  0.98845312   1.42620875 124.21629315  -370.091867631509 -370.085956634659 -0.005910996849 
  0.96446195   1.44569047 104.71964644  -365.977806730745 -365.981207637324 0.003400906578 
  0.91799108   1.46724676  91.26485466  -365.821677501091 -365.830279527831 0.008602026740 
  0.96446195   1.46318107  87.79353989  -362.240032320409 -362.262771490315 0.022739169905 
  0.82991450   1.47697821 108.65480370  -358.593543415765 -358.615851884100 0.022308468335 
  0.86412881   1.47180869 104.35671803  -356.924479677527 -356.939365772561 0.014886095034 
  1.19633766   1.42391849 103.00000000  -352.681586959476 -352.679208506723 -0.002378452752 
  0.94926758   1.51782298  63.52222420  -351.890839671079 -352.148690172117 0.257850501037 
  0.94118927   1.45777200 103.00000000  -351.740277193883 -351.741151584709 0.000874390825 
  0.84553558   1.48133307 103.00000000  -350.613865007439 -350.626120582062 0.012255574623 
  0.87488238   1.47244135 104.50559283  -349.430709223259 -349.446076810950 0.015367587691 
  0.81395861   1.49251145 103.00000000  -348.370639581601 -348.384207451693 0.013567870092 
  0.96446195   1.49169231  72.85968224  -347.385921486140 -347.288377086382 -0.097544399758 
  0.96036119   1.44829285 112.91693560  -347.295678480579 -347.285183990057 -0.010494490522 
  0.96446195   1.48234149  78.91460305  -345.537294179896 -345.537511119090 0.000216939194 
  0.87370266   1.48144761  97.51055144  -345.176238522457 -345.162294291698 -0.013944230759 
  0.98929929   1.44365934 114.60945197  -343.961241568868 -343.938212668549 -0.023028900319 
  0.96446195   1.45728643 103.00000000  -343.152315172279 -343.149538327012 -0.002776845267 
  0.67862685   1.57393936  96.67448047  -341.347456909050 -341.350881973824 0.003425064773 
  0.96446195   1.45046350 113.82803515  -339.290558565935 -339.274940719315 -0.015617846620 
  1.11992688   1.44178696  98.96239128  -336.185662994179 -336.179761419386 -0.005901574793 
  1.07980837   1.44448710 103.00000000  -333.017855417631 -332.994770608001 -0.023084809630 
  0.95754183   1.46796103  97.87440192  -332.813374839399 -332.789239246331 -0.024135593068 
  0.98189715   1.45903966 103.00000000  -332.542058229861 -332.535279680961 -0.006778548900 
  1.08747273   1.44691736  99.93346884  -331.162161118114 -331.150323624122 -0.011837493993 
  1.08842503   1.44541997 101.57862132  -331.143775326269 -331.124463930423 -0.019311395846 
  0.96446195   1.45793680 109.83791772  -329.500302398559 -329.505000982209 0.004698583650 
  0.96446195   1.46356784 103.00000000  -329.498386305979 -329.493806531723 -0.004579774256 
  0.92848846   1.48645739  87.75831582  -329.357354672848 -329.385705015656 0.028350342808 
  0.98262701   1.47756524  86.28147238  -328.263532046760 -328.289829510573 0.026297463813 
  0.99058081   1.47067464  91.80972080  -326.891268519619 -326.882682558585 -0.008585961035 
  1.01493054   1.44959558 112.39406385  -325.186524091976 -325.171295642799 -0.015228449177 
  0.95952855   1.46842117 101.29372256  -324.346596036215 -324.333913641980 -0.012682394235 
  0.95636372   1.45614596 117.46248466  -324.118722086765 -324.077565018296 -0.041157068469 
  1.29085880   1.43038699 100.10589324  -323.955165787163 -323.983875908165 0.028710121001 
  0.96446195   1.44907326 125.70467247  -323.890174264590 -323.873542623097 -0.016631641493 
  1.17681274   1.43914092 102.05736457  -322.624780761696 -322.628533657391 0.003752895695 
  0.96446195   1.47289361  96.57249191  -322.253547389428 -322.224336686924 -0.029210702504 
  1.07156675   1.45656259  96.58371383  -320.735431233952 -320.735268459299 -0.000162774653 
  0.90425166   1.48272890 101.68832323  -318.624477449161 -318.620590405232 -0.003887043929 
  0.96446195   1.46984925 103.00000000  -316.154534465968 -316.148168103301 -0.006366362667 
  0.96446195   1.49658016  79.61940251  -315.279839143503 -315.309533087143 0.029693943641 
  0.96446195   1.68888476  43.00000000  -315.218144277002 -313.509988987174 -1.708155289828 
  1.07685979   1.45548200 100.10406636  -314.653641863431 -314.637913820450 -0.015728042981 
  0.88839426   1.48792252 103.00000000  -313.715237794961 -313.722908804879 0.007671009918 
  0.90095136   1.48049310 108.64537793  -312.129838400073 -312.151276634560 0.021438234488 
  0.77558451   1.52788730 103.00000000  -311.218457881329 -311.235516509592 0.017058628264 
  0.96446195   1.48364727  91.40971687  -311.150884799328 -311.132257934670 -0.018626864659 
  1.15900064   1.44480342 104.09864461  -309.879236190314 -309.874244447735 -0.004991742579 
  0.96351617   1.49009461  86.69012879  -309.597751573314 -309.620059237897 0.022307664583 
  1.25223351   1.43643260 104.92088041  -307.596888111420 -307.596311720643 -0.000576390777 
  0.96446195   1.47287751 105.06286827  -306.083083074260 -306.084751792334 0.001668718074 
  0.95603254   1.49432644  86.02395559  -306.031347288535 -306.061139737515 0.029792448979 
  0.96446195   1.47319932 106.20318913  -303.393559480144 -303.398676665953 0.005117185809 
  0.96446195   1.47613065 103.00000000  -303.113539893649 -303.105444937444 -0.008094956205 
  0.96446195   1.47473111 106.13228977  -300.359069268859 -300.364044248675 0.004974979816 
  1.01655854   1.46837618 103.00000000  -300.156467544944 -300.139466865601 -0.017000679343 
  0.91526968   1.47771299 115.25651188  -299.975678309860 -299.957446024902 -0.018232284958 
  1.05038785   1.46325125 104.19712603  -297.998130310079 -297.975837445431 -0.022292864649 
  0.98606814   1.47481901 103.00000000  -297.523783742108 -297.511210199234 -0.012573542875 
  0.96791517   1.47202446 110.49745805  -297.129277564822 -297.133576623031 0.004299058209 
  0.95350098   1.51770138  74.55457733  -296.893179464030 -296.851555214823 -0.041624249208 
  0.94765435   1.45849944 135.05878237  -296.740654240530 -296.825309645708 0.084655405179 
  0.85576882   1.49814751 112.16624032  -295.460348412824 -295.478053283870 0.017704871046 
  0.86872037   1.50070579 105.20046684  -295.449175266400 -295.473546890535 0.024371624135 
  0.96446195   1.68888476  44.22110553  -293.755174080459 -293.049512012955 -0.705662067504 
  0.96839349   1.46526967 122.01264541  -292.964267370076 -292.943481526286 -0.020785843790 
  0.96480764   1.48120843 103.00000000  -292.651015245941 -292.641489291502 -0.009525954439 
  0.96573790   1.50812517  79.84117320  -292.280124124616 -292.323957352591 0.043833227975 
  0.83975094   1.51421255 103.00000000  -291.292440103800 -291.311938350688 0.019498246888 
  0.96446195   1.48241206 103.00000000  -290.368524901398 -290.358602982859 -0.009921918539 
  0.96446195   1.49226043  93.19195841  -290.206194205221 -290.169288548090 -0.036905657130 
  1.13885929   1.45793009 103.00000000  -287.580973872202 -287.586283171023 0.005309298821 
  0.87327577   1.50607963 103.00000000  -286.953155664400 -286.964262312638 0.011106648239 
  0.95443092   1.48474223 105.33103918  -285.568320928629 -285.572198929496 0.003878000867 
  1.01690568   1.47937258  98.82366783  -285.156043894505 -285.127603732791 -0.028440161715 
  0.93793943   1.50005744  94.96273200  -282.566195353509 -282.518489186006 -0.047706167503 
  0.96446195   1.53191823  70.71690410  -281.999585557656 -281.897654513634 -0.101931044022 
  1.04034189   1.47855452  97.38125663  -281.999560118351 -281.976382550952 -0.023177567399 
  0.74095758   1.55927591 107.60421952  -280.684106176192 -280.698602987233 0.014496811042 
  0.96446195   1.53562755  69.58196697  -280.579540620252 -280.466429709037 -0.113110911215 
  0.68509041   1.61953944  92.76641198  -280.171003400996 -280.194375012387 0.023371611392 
  1.23991653   1.45152596 103.00000000  -279.660651009501 -279.657166418705 -0.003484590796 
  0.83461964   1.53248026  94.71550348  -278.806358933623 -278.786045270537 -0.020313663086 
  1.03266585   1.47623876 103.00000000  -278.559192977173 -278.536473837338 -0.022719139834 
  0.96446195   1.48869347 103.00000000  -277.912751852738 -277.900868692226 -0.011883160512 
  0.88972789   1.50977655  99.65171126  -277.829782976227 -277.808547135802 -0.021235840425 
  1.02390183   1.47378903 107.94173595  -277.747779300877 -277.785952424919 0.038173124043 
  0.96446195   1.48888476 103.00000000  -277.537820602822 -277.525954500655 -0.011866102167 
  1.11131174   1.46416526 105.21552681  -277.120392143457 -277.125927476310 0.005535332853 
  0.85227145   1.52505224  97.21087574  -275.813322351842 -275.788488478584 -0.024833873257 
  0.87029844   1.51309446 103.00000000  -275.753472474720 -275.765375113823 0.011902639102 
  0.96876605   1.47525795 120.46430846  -274.577945084569 -274.564019582858 -0.013925501711 
  1.07343656   1.47239669 103.00000000  -274.096452536596 -274.115020236780 0.018567700184 
  0.98578843   1.52084953  75.68643421  -273.994227412077 -274.000028833029 0.005801420953 
  0.96590461   1.48007179 115.35901551  -273.717233834312 -273.744225819533 0.026991985222 
  0.91819825   1.51818924  88.00846498  -273.477755598073 -273.485427859201 0.007672261128 
  1.03947351   1.47866585 103.00000000  -271.420548693375 -271.444021844655 0.023473151280 
  0.99727216   1.49377276  94.83527282  -271.381647255399 -271.343478408865 -0.038168846534 
  0.96446195   1.68888476  45.62814070  -270.946407413201 -271.015205095266 0.068797682065 
  0.96446195   1.51255057  84.99240119  -270.834856971640 -270.868123258619 0.033266286979 
  0.89626728   1.51847318  93.81457881  -270.595997386117 -270.548784915794 -0.047212470323 
  0.96446195   1.50669661  89.86901997  -270.018427950963 -269.996847210027 -0.021580740936 
  0.91380283   1.50440340 103.00000000  -269.721485087943 -269.720261616890 -0.001223471052 
  1.06784118   1.47547184 103.00000000  -269.383430133061 -269.402421376034 0.018991242973 
  0.95596486   1.54089951  71.13909091  -268.692248384330 -268.593030871030 -0.099217513300 
  0.76634272   1.55323430 107.67919565  -268.665603665384 -268.693322490189 0.027718824805 
  0.93486317   1.50031958 103.00000000  -267.858697530621 -267.851808236268 -0.006889294353 
  1.01407004   1.49610538  91.76459362  -267.450368667411 -267.431606004086 -0.018762663324 
  0.94639588   1.51265559  89.54664200  -267.273187213446 -267.252404366395 -0.020782847051 
  0.98752767   1.47353317 124.07254754  -266.015730532286 -265.991145551679 -0.024584980607 
  0.96446195   1.49497487 103.00000000  -265.739219862364 -265.725656854210 -0.013563008154 
  1.08538245   1.48171282  95.76433776  -265.587041551451 -265.581803717309 -0.005237834142 
  1.05578365   1.47685906 105.89981529  -265.001879270570 -265.025893947731 0.024014677161 
  0.96464303   1.46822874 139.05401092  -264.928940562670 -265.010997297076 0.082056734407 
  0.97286142   1.47092324 132.81139567  -264.623735605532 -264.653079146282 0.029343540750 
  1.01996096   1.48534347 103.00000000  -264.353533202877 -264.378655922807 0.025122719930 
  0.77750294   1.56348989  96.78575827  -264.204930041589 -264.207134385852 0.002204344263 
  0.93174938   1.51535150  92.52719521  -262.169184246835 -262.119419166865 -0.049765079970 
  0.96446195   1.49306374 107.19265715  -262.087530960544 -262.093801240683 0.006270280139 
  0.96446195   1.47931079 124.75004602  -261.938476346520 -261.904157024382 -0.034319322138 
  0.71200863   1.59726291 103.00000000  -261.482728761472 -261.451037357102 -0.031691404370 
  1.05691082   1.48104087 103.00000000  -261.317985626440 -261.337771445822 0.019785819383 
  0.96446195   1.68888476  46.33165829  -260.283970622026 -260.603634554731 0.319663932705 
  1.01941790   1.48788896 102.77270433  -259.931006237206 -259.954625872446 0.023619635240 
  0.71450524   1.59874824 101.41350950  -259.845401667848 -259.847156088226 0.001754420378 
  0.94718104   1.48834750 119.16809272  -259.127188771181 -259.118074872754 -0.009113898427 
  0.96446195   1.48633704 117.85872672  -258.134279643102 -258.139390657998 0.005111014897 
  0.97375476   1.51748673  85.10527352  -257.934330193337 -257.962866462648 0.028536269311 
  0.96446195   1.52333449  83.26500565  -255.975720442566 -256.024490582065 0.048770139499 
  0.96446195   1.50125628 103.00000000  -253.841848747630 -253.826507026500 -0.015341721130 
  0.94149075   1.48982749 122.67282239  -253.495301024206 -253.460941519395 -0.034359504811 
  0.98716689   1.53480703  74.47548060  -253.414356184479 -253.413312254740 -0.001043929740 
  0.96446195   1.49731116 107.88848541  -252.781243543963 -252.835611265453 0.054367721490 
  0.97931320   1.50740472  95.22452843  -251.468987147520 -251.416639784929 -0.052347362592 
  1.00463711   1.48186702 118.91703113  -250.831276936973 -250.835860382716 0.004583445743 
  1.08395025   1.48250775 103.00000000  -250.667777213544 -250.682264939493 0.014487725949 
  0.89161803   1.51343367 111.01080044  -250.289583721180 -250.307342978360 0.017759257180 
  1.03438997   1.49445834  98.55718803  -250.168197475548 -250.132847964359 -0.035349511189 
  0.96446195   1.68888476  47.03517588  -250.085989102790 -250.586590403335 0.500601300545 
  0.76088120   1.57421729 103.00000000  -249.698035461457 -249.724247957563 0.026212496106 
  1.01098130   1.48848636 109.97698076  -249.362661659205 -249.407169904624 0.044508245419 
  1.19086353   1.47054190 103.00000000  -249.212854986807 -249.208042004024 -0.004812982783 
  0.97282490   1.52555686  83.13597407  -249.077805246794 -249.124642446475 0.046837199681 
  0.72822720   1.60761678  94.85029889  -247.516955992724 -247.525671668230 0.008715675506 
  0.91048777   1.53744148  86.69942275  -246.984577840114 -247.005158631905 0.020580791791 
  0.96446195   1.48139639 133.06523435  -246.578176032242 -246.602200969406 0.024024937163 
  0.77769820   1.56516962 104.88278406  -246.467219647067 -246.501328654237 0.034109007170 
  0.96096368   1.55414159  70.82666533  -246.241590543446 -246.153143968322 -0.088446575124 
  1.12692428   1.48220486  99.88655221  -245.823550498255 -245.844601008324 0.021050510069 
  0.94176494   1.56482012  69.01108836  -245.686314959868 -245.542737175093 -0.143577784775 
  0.96446195   1.54268451  75.73616375  -245.163746629925 -245.188426806495 0.024680176570 
  1.15251656   1.47467171 105.31006174  -245.147980026428 -245.141859419500 -0.006120606928 
  1.09726778   1.48389772 103.00000000  -244.325928605500 -244.337775289379 0.011846683879 
  0.87774266   1.51969912 112.42184227  -244.063635368577 -244.073763829612 0.010128461035 
  0.90405928   1.51982564 104.82340985  -243.272779512663 -243.285514949589 0.012735436926 
  0.87618213   1.53000888 103.00000000  -243.019492935364 -243.028393767669 0.008900832305 
  1.21063393   1.47166170 103.00000000  -242.830002450588 -242.822969224770 -0.007033225818 
  0.96446195   1.50753769 103.00000000  -242.214361665643 -242.197192643441 -0.017169022202 
  0.96446195   1.49475932 117.72809281  -242.209970777072 -242.215018896831 0.005048119759 
  0.96446195   1.53040089  84.20115751  -241.320124490638 -241.358422923201 0.038298432563 
  0.95125988   1.51991065  94.64807209  -241.203188769221 -241.140839408558 -0.062349360663 
  1.08156374   1.48951610 101.30934839  -240.590388104571 -240.605404122484 0.015016017913 
  0.96446195   1.68888476  47.73869347  -240.333941979203 -240.956215134101 0.622273154899 
  1.01439643   1.48982390 114.97550242  -237.902176703214 -237.932382992554 0.030206289341 
  0.98735615   1.50948718  99.00897094  -237.258162423954 -237.212277142873 -0.045885281081 
  0.85560633   1.54030268 103.00000000  -237.211930746038 -237.228612548404 0.016681802366 
  1.03781136   1.49983513  99.52391021  -237.007836574852 -237.017550450666 0.009713875814 
  1.15149667   1.48570557  98.06901451  -236.553555043054 -236.585692951326 0.032137908272 
  0.64321608   1.68888476 103.00000000  -236.307206361860 -236.357538588329 0.050332226469 
  1.27869078   1.46891889 102.78908333  -235.898244634758 -235.898359753563 0.000115118805 
  0.86361688   1.54115110 100.64283135  -235.597485081493 -235.589552396952 -0.007932684541 
  0.90651856   1.52554842 103.00000000  -235.366898263135 -235.364582560977 -0.002315702158 
  1.01796809   1.51299602  91.46638657  -235.301616077133 -235.275471609624 -0.026144467509 
  0.89036263   1.54733951  89.33038291  -234.493743086368 -234.468268509295 -0.025474577074 
  0.96446195   1.51634616  98.75516433  -234.094908937310 -234.045423374213 -0.049485563097 
  0.94774520   1.51540851 103.51193752  -233.858529312012 -233.848125546402 -0.010403765611 
  0.91850273   1.51663016 109.83795823  -233.709048188539 -233.769146000259 0.060097811720 
  0.96446195   1.52081161  95.01557515  -233.512940828823 -233.450197716687 -0.062743112136 
  0.92896562   1.57318896  70.24715230  -233.348834620159 -233.255720803464 -0.093113816695 
  0.98428212   1.55306814  72.10199050  -233.281768656252 -233.247533318188 -0.034235338064 
  0.76007599   1.58645038 103.00000000  -233.012545896188 -233.041484492654 0.028938596466 
  0.94233713   1.48505186 144.90427381  -232.836772165705 -232.774204326591 -0.062567839114 
  0.96446195   1.51912909  96.84656330  -232.834400233089 -232.775180554563 -0.059219678525 
  1.00464491   1.49400314 115.30574566  -232.715722567831 -232.744232095199 0.028509527368 
  1.00772299   1.51979872  88.81008011  -232.485765029349 -232.475316032298 -0.010448997051 
  0.96446195   1.49759970 120.92531422  -232.281702653447 -232.257312708125 -0.024389945322 
  0.97921197   1.51075456 102.23074069  -232.024412264025 -232.042889149701 0.018476885676 
  0.92158783   1.56557974  74.51563815  -231.930917680289 -231.985993102295 0.055075422006 
  0.74068272   1.59962306 103.00000000  -231.608647374109 -231.628343593031 0.019696218922 
  0.96446195   1.68888476  48.44221106  -231.009709445112 -231.703968557124 0.694259112012 
  0.96446195   1.51381910 103.00000000  -230.805985003088 -230.831636184623 0.025651181536 
  0.89179638   1.53971135  96.91922335  -230.119084440721 -230.065614843832 -0.053469596889 
  0.88869070   1.54723576  92.02229695  -229.532550748441 -229.475861076471 -0.056689671970 
  0.94172779   1.57310351  69.89561401  -229.190774304832 -229.084130851732 -0.106643453100 
  0.94935497   1.52428066  97.37733703  -228.910236646261 -228.850913425833 -0.059323220428 
  0.91569603   1.55226827  83.36628847  -228.743009356847 -228.814838414873 0.071829058026 
  1.09759786   1.49116572 104.31223427  -227.788891051528 -227.798930470665 0.010039419137 
  0.81214457   1.56257177 103.95064216  -227.416881579644 -227.452577711877 0.035696132233 
  0.96446195   1.53426239  87.29927649  -227.179702081234 -227.173111602389 -0.006590478845 
  0.96446195   1.52314447  96.22526525  -227.014118757794 -226.950878116964 -0.063240640830 
  0.91506764   1.56525999  77.16091082  -226.679898681024 -226.793012551937 0.113113870913 
  0.65075377   1.68888476 103.00000000  -226.586056052216 -226.600596330335 0.014540278119 
  0.93125067   1.52469471 103.00000000  -225.530779558820 -225.519680750860 -0.011098807959 
  0.90432207   1.51933231 116.37920160  -225.401583038336 -225.411070839813 0.009487801477 
  0.95880074   1.51267584 108.90390257  -225.136880529579 -225.191886599556 0.055006069977 
  0.95972890   1.50659304 116.06410744  -224.658949710363 -224.677400790230 0.018451079867 
  0.89643335   1.53611864 101.93286139  -224.321140771186 -224.311508807543 -0.009631963643 
  0.71757648   1.67260110  76.62399793  -224.229898247409 -224.219464093016 -0.010434154393 
  0.92482681   1.52729846 103.00000000  -223.909528749598 -223.900181812327 -0.009346937271 
  0.78416288   1.57079387 110.64929672  -223.787246305634 -223.807328346479 0.020082040845 
  0.96446195   1.52932738  92.74283651  -223.441546155944 -223.379734208315 -0.061811947629 
  1.02088894   1.50572315 104.07324513  -223.360518146303 -223.384145708534 0.023627562231 
  0.96446195   1.59952821  61.95324706  -222.842315489481 -222.772640914212 -0.069674575269 
  0.96446195   1.56516920  72.08588235  -222.528416900612 -222.488775746612 -0.039641153999 
  0.96446195   1.68888476  49.14572864  -222.095398995483 -222.820699473541 0.725300478058 
  1.02804741   1.50633645 103.05409966  -221.681752152122 -221.699365242470 0.017613090348 
  0.98812359   1.51240338 104.70748755  -221.457699767449 -221.490219673331 0.032519905882 
  1.24615516   1.47887231 103.00000000  -221.407282756521 -221.398627460549 -0.008655295972 
  0.96446195   1.53601932  88.58016257  -221.254752533390 -221.229081622317 -0.025670911073 
  0.90199343   1.53929200  99.33548926  -221.120590473907 -221.082473540879 -0.038116933028 
  0.89255383   1.53838775 103.00000000  -220.606578527226 -220.608035040999 0.001456513773 
  0.98388256   1.51546862 103.00000000  -220.485293591089 -220.506694358550 0.021400767460 
  1.21475695   1.48351587 101.97927278  -220.141237286665 -220.139185251423 -0.002052035242 
  0.97758932   1.51155580 108.78356934  -220.112785295056 -220.163987278793 0.051201983738 
  1.04336634   1.50466433 103.00000000  -220.046185231906 -220.061851116508 0.015665884603 
  1.12418948   1.48944817 107.02395551  -219.810606228129 -219.814345726424 0.003739498295 
  0.96251256   1.52543411  98.34835566  -219.716473210239 -219.660592611505 -0.055880598734 
  0.96446195   1.52010050 103.00000000  -219.700427002645 -219.723939709447 0.023512706802 
  0.96446195   1.60882531  60.51910141  -219.486931099927 -219.464032016281 -0.022899083646 
  0.95835598   1.55820232  76.83213542  -219.276381350097 -219.338748253282 0.062366903185 
  1.27642551   1.47804404 103.00000000  -217.533803454633 -217.528671093183 -0.005132361450 
  0.65829146   1.68888476 103.00000000  -217.169137977155 -217.159767152270 -0.009370824885 
  0.96446195   1.52283414 101.94511988  -216.803740705396 -216.817542065786 0.013801360389 
  0.96446195   1.53898896  88.39560753  -216.734804097723 -216.709906758978 -0.024897338745 
  0.94199601   1.59017416  67.18961519  -216.352603215793 -216.204118133020 -0.148485082773 
  0.97048750   1.52092027 103.00000000  -215.933063939367 -215.955078584904 0.022014645538 
  0.81154231   1.57193622 103.00000000  -215.591423798283 -215.623511945241 0.032088146958 
  0.97907984   1.57037373  70.49527467  -214.946595713660 -214.912378487943 -0.034217225717 
  0.99593678   1.51680552 103.00000000  -213.770585670249 -213.789418241562 0.018832571313 
  0.94537973   1.52806813 103.00000000  -213.679856486673 -213.704873143013 0.025016656340 
  0.96446195   1.68888476  49.84924623  -213.573408889646 -214.296716224908 0.723307335262 
  1.11741536   1.49729371 103.00000000  -213.363437018725 -213.370308333818 0.006871315093 
  0.96446195   1.56063088  76.89319356  -212.783795835188 -212.845155457667 0.061359622478 
  0.68644959   1.70734472  79.69946105  -212.752635469518 -212.702041829875 -0.050593639644 
  0.96446195   1.52604205 101.42446825  -212.204270988579 -212.212383977058 0.008112988479 
  0.87629303   1.54880567 103.00000000  -212.170839613504 -212.178313506875 0.007473893372 
  0.74870834   1.61459131  99.46492545  -211.602659895831 -211.628017091342 0.025357195511 
  0.96446195   1.56822583  73.78311990  -211.600269474671 -211.610119603298 0.009850128626 
  0.76859598   1.61253969  92.44522823  -211.430298475778 -211.411738996878 -0.018559478900 
  0.96711431   1.55772655  78.53011387  -211.191097330655 -211.262156166582 0.071058835927 
  1.12108523   1.49802330 103.00000000  -211.091149185249 -211.097313549321 0.006164364072 
  0.93735958   1.50390779 136.36473712  -210.763112231311 -210.819501022382 0.056388791072 
  0.94835395   1.53702668  95.90166125  -210.594885943832 -210.523370617624 -0.071515326208 
  0.76187528   1.68888476  64.72812482  -210.182802525840 -210.252124264692 0.069321738852 
  0.92136221   1.52861920 111.06268980  -209.855472023442 -209.908273562948 0.052801539505 
  0.96722674   1.52519604 103.00000000  -209.800238404612 -209.821490219837 0.021251815225 
  1.07241727   1.50563232 103.00000000  -209.765068358061 -209.776667757241 0.011599399180 
  1.15827149   1.49440883 103.00000000  -209.198204794662 -209.198491545828 0.000286751166 
  0.90039097   1.54279958 103.36584864  -208.921999036462 -208.922826654183 0.000827617721 
  0.96446195   1.52638191 103.00000000  -208.846915119826 -208.868308286064 0.021393166238 
  0.94304841   1.57070718  76.29859490  -208.425725863817 -208.502568396159 0.076842532342 
  0.88026357   1.54696351 106.12932309  -207.668012479735 -207.693150734345 0.025138254610 
  0.71533949   1.68631332  78.20150047  -207.657439550348 -207.617175986293 -0.040263564055 
  0.95310614   1.51445967 120.10642616  -207.470376547219 -207.444793031934 -0.025583515285 
  0.96446195   1.51733068 113.81482151  -207.115044643419 -207.151271688307 0.036227044888 
  0.98881633   1.51825558 107.82937671  -205.697463111268 -205.743402763374 0.045939652106 
  0.76594600   1.68587560  65.82245671  -205.671283597345 -205.670476781294 -0.000806816051 
  0.82492968   1.68888476  57.40886525  -205.452838684261 -205.784650208121 0.331811523860 
  0.96446195   1.68888476  50.55276382  -205.426584439225 -206.121857637945 0.695273198720 
  0.91980853   1.53977361 103.00000000  -205.352181392165 -205.342366409147 -0.009814983019 
  1.01960360   1.53907518  84.77713334  -204.921104661174 -204.946743412117 0.025638750942 
  0.77284784   1.68888476  64.19991572  -204.184440777717 -204.187895292705 0.003454514988 
  0.96995554   1.54634780  87.69441954  -204.151869657620 -204.132673468739 -0.019196188882 
  0.97699101   1.51715588 113.39330241  -203.328282236871 -203.367346176536 0.039063939665 
  1.26678070   1.48629015 103.00000000  -203.156278549493 -203.147310216031 -0.008968333462 
  1.07892895   1.50363849 108.38221932  -202.718939276583 -202.742151695042 0.023212418459 
  1.01905340   1.50471367 119.22106787  -202.616430974922 -202.619172029335 0.002741054413 
  0.96446195   1.51771113 116.63253236  -202.334176186308 -202.345138457037 0.010962270729 
  0.92916351   1.57236363  79.53255662  -202.209163370335 -202.312564383531 0.103401013196 
  0.69242663   1.68888476  89.49326357  -201.823241642735 -201.823388704342 0.000147061607 
  0.90174361   1.57238930  84.61338301  -201.364437691223 -201.404690819586 0.040253128363 
  0.97090900   1.56908280  75.70909093  -201.068365143892 -201.147213990430 0.078848846538 
  0.89458101   1.53696658 116.02467557  -201.054866668095 -201.061699471111 0.006832803016 
  1.16632795   1.49748757 103.61824949  -200.568267886902 -200.565073141967 -0.003194744935 
  0.96446195   1.63717217  57.94344421  -200.542129333531 -200.601057472617 0.058928139085 
  0.96446195   1.53252887 101.81958684  -200.521205310943 -200.530280272564 0.009074961622 
  0.71377635   1.65042367 100.04010952  -200.307114616604 -200.335685204659 0.028570588055 
  0.96647664   1.53100496 103.00000000  -200.232498727433 -200.251847850636 0.019349123202 
  0.96446195   1.60766069  63.80148143  -200.226382801153 -200.080404405729 -0.145978395424 
  0.96446195   1.56577572  78.56963368  -199.774219923853 -199.850500453502 0.076280529650 
  0.90780650   1.55932604  92.96044515  -199.025922188182 -198.948110700811 -0.077811487372 
  1.06391315   1.50655508 110.06330341  -198.992945467984 -199.024374102063 0.031428634079 
  0.96446195   1.56541082  79.02591182  -198.982506152563 -199.059156669858 0.076650517295 
  1.05438446   1.51480066 103.00000000  -198.448977704858 -198.460651091301 0.011673386443 
  0.95672705   1.58358090  72.12804273  -198.259992141229 -198.269785344104 0.009793202875 
  0.96446195   1.53266332 103.00000000  -198.239822457352 -198.259150126728 0.019327669376 
  0.96446195   1.68888476  51.25628141  -197.638151845284 -198.285561496972 0.647409651688 
  0.96446195   1.55888169  83.45372802  -196.864852254879 -196.905215594390 0.040363339510 
  0.88473017   1.55955864 100.03281995  -196.349846766279 -196.321928251409 -0.027918514871 
  0.82535615   1.59664069  90.40811496  -196.269103720311 -196.225595319936 -0.043508400376 
  0.89475255   1.54305376 112.67346947  -196.183965938391 -196.223092950975 0.039127012584 
  0.96446195   1.54990379  89.84228436  -195.760731238039 -195.710340489530 -0.050390748509 
  1.15767149   1.50501712  99.64709871  -195.608558501775 -195.624438948739 0.015880446964 
  1.17526114   1.50037933 102.40845525  -195.373142073837 -195.372928360098 -0.000213713738 
  0.89377249   1.58441369  82.29438661  -193.911206469285 -193.998067150390 0.086860681105 
  0.74107641   1.65509924  87.76418212  -193.607598914383 -193.571112934034 -0.036485980349 
  0.81067517   1.68888476  61.13329469  -193.012274615507 -192.901871614220 -0.110403001287 
  0.91398437   1.54964800 103.00000000  -192.196191074239 -192.187073347361 -0.009117726878 
  0.96446195   1.52334922 117.06704525  -192.056406814223 -192.061370495223 0.004963681000 
  0.90685066   1.57136714  88.12684019  -191.901650760545 -191.866839132044 -0.034811628501 
  0.68090452   1.68888476 103.00000000  -190.637365159026 -190.603458768718 -0.033906390308 
  0.93270470   1.59076391  74.34775011  -190.467677267046 -190.558227874524 0.090550607478 
  0.96446195   1.57091191  79.20196692  -190.169945625352 -190.278266602300 0.108320976948 
  0.89105332   1.63371546  65.57744723  -189.812231642623 -189.602206574997 -0.210025067626 
  0.94654078   1.52684659 119.51771846  -189.755852377170 -189.729852018705 -0.026000358464 
  1.01309775   1.62637589  58.85103771  -189.624616559828 -189.688783469581 0.064166909753 
  0.96412112   1.54136775  99.91471877  -189.486328921492 -189.475185357425 -0.011143564067 
  0.97660438   1.56966830  78.55692560  -189.079151551708 -189.180465419068 0.101313867360 
  0.97286451   1.53483994 104.47359888  -188.895980231115 -188.924594187731 0.028613956617 
  0.89271322   1.57522003  90.19153282  -188.548279043385 -188.484833336238 -0.063445707147 
  1.00580859   1.52447274 108.21975587  -188.432847761338 -188.475514207918 0.042666446580 
  0.96446195   1.53888476 103.00000000  -187.971502653487 -187.988864122564 0.017361469077 
  0.96446195   1.53894472 103.00000000  -187.873659948011 -187.891016109262 0.017356161252 
  0.89613560   1.55807858 103.25175488  -187.200455131828 -187.200056426333 -0.000398705495 
  1.03211548   1.52044991 108.14021535  -186.904882870342 -186.941254336812 0.036371466470 
  0.96446195   1.62339392  62.50196068  -186.901932237983 -186.753974855591 -0.147957382392 
  0.84743824   1.57268646 106.20928462  -186.640371041151 -186.674367875111 0.033996833961 
  0.90222095   1.58261042  84.51999475  -186.486072458207 -186.519119932076 0.033047473870 
  0.96446195   1.57348067  79.18256104  -186.419587584125 -186.527931761032 0.108344176907 
  1.06357118   1.52023609 103.00000000  -186.261333796105 -186.271086701228 0.009752905123 
  1.16401024   1.50700131 102.38604085  -185.736978446610 -185.737992838058 0.001014391448 
  0.95012640   1.54857746  99.24558227  -184.751616528894 -184.732763655302 -0.018852873592 
  0.92009954   1.59463316  76.20690387  -184.660330070685 -184.769150087434 0.108820016749 
  1.00694132   1.56239511  80.01679054  -184.580595883774 -184.669624972877 0.089029089103 
  0.96446195   1.55131726  94.32493951  -184.060561129514 -184.016993532884 -0.043567596630 
  1.01251130   1.53981315  95.15002118  -183.400156943182 -183.377482969331 -0.022673973851 
  0.96446195   1.55305747  93.30566181  -183.386499703825 -183.343594594775 -0.042905109051 
  1.06912960   1.52414778  99.91495985  -183.318515109080 -183.320610221834 0.002095112754 
  0.84659253   1.60060556  88.15086806  -182.870279050010 -182.836312600149 -0.033966449861 
  0.67647433   1.72901471  89.67095834  -182.439425476437 -182.535019994153 0.095594517716 
  0.68844221   1.68888476 103.00000000  -182.333510737488 -182.300747335554 -0.032763401934 
  0.93896650   1.54893387 103.00000000  -182.221334185277 -182.241347743244 0.020013557967 
  0.97045118   1.54617456  98.34452413  -182.159592373147 -182.133702419942 -0.025889953205 
  0.90632165   1.54863023 112.62574818  -181.947490340674 -181.984728371765 0.037238031092 
  0.96446195   1.59873740  70.11119707  -181.735092377381 -181.695287841423 -0.039804535958 
  1.08172657   1.52051213 103.00000000  -180.738541019444 -180.746487521638 0.007946502195 
  0.96446195   1.51062098 143.13632996  -180.713111105772 -180.723648400875 0.010537295103 
  1.13564665   1.51802156  98.23817550  -179.951225497894 -179.970194036627 0.018968538733 
  0.96446195   1.53689144 110.05898964  -179.835148172508 -179.885060063379 0.049911890871 
  0.84349071   1.59454056  94.43137151  -179.481606088746 -179.420803719251 -0.060802369495 
  0.77970497   1.61478844 103.73208484  -179.124329270959 -179.163682892525 0.039353621566 
  0.85326279   1.57259831 109.02012081  -178.941466944314 -178.969160603331 0.027693659017 
  0.96446195   1.53386676 114.12744839  -178.740501746186 -178.770760472599 0.030258726413 
  0.96446195   1.53673810 110.96638235  -178.711243400376 -178.759110150750 0.047866750374 
  1.02054139   1.52233825 114.08559120  -178.446035298875 -178.480255962027 0.034220663152 
  0.95383587   1.51161066 146.92661671  -178.380748710209 -178.203845530012 -0.176903180197 
  0.88293234   1.64543647  65.82610005  -178.319993271962 -178.116412733121 -0.203580538841 
  0.93054255   1.57616086  86.26796383  -178.255710874131 -178.245776886544 -0.009933987587 
  0.78163861   1.60396975 112.42296256  -177.827745505558 -177.818352065277 -0.009393440280 
  0.96446195   1.54522613 103.00000000  -177.743200926259 -177.758546643905 0.015345717646 
  0.95017931   1.53879238 113.48188860  -177.272865364794 -177.306472747713 0.033607382919 
  1.31947640   1.49737297 101.00431474  -177.078483859234 -177.082714458465 0.004230599232 
  0.91148055   1.56019996 103.00000000  -177.028926932093 -177.053805141735 0.024878209642 
  0.86582614   1.59863531  87.19271270  -176.705862944182 -176.680921073281 -0.024941870901 
  1.08541396   1.52075674 104.88470552  -176.192394609836 -176.204990412085 0.012595802250 
  1.02768986   1.54912543  89.10944857  -175.900668902515 -175.916675764330 0.016006861815 
  0.92098840   1.55808027 103.00000000  -175.897333219462 -175.919752474279 0.022419254817 
  0.90169332   1.64140391  65.53156715  -175.319156585781 -175.112232998775 -0.206923587006 
  0.86121984   1.57626066 105.42937636  -174.944906793633 -174.972134082382 0.027227288749 
  0.89558005   1.58925578  86.75442993  -174.933302138128 -174.913553251023 -0.019748887105 
  0.68782040   1.68888476 108.60489548  -174.883326883555 -174.739606591104 -0.143720292451 
  0.95875969   1.55645581  96.21179607  -174.606660129855 -174.562740462542 -0.043919667313 
  0.96969205   1.57793758  80.32992127  -174.541868228240 -174.641631648720 0.099763420480 
  0.69597990   1.68888476 103.00000000  -174.284371495349 -174.254884630007 -0.029486865342 
  0.76192287   1.68888476  74.73231732  -174.080420090217 -174.106011667339 0.025591577122 
  0.94172402   1.55343308 103.00000000  -174.028535465572 -174.046530162794 0.017994697223 
  0.97039253   1.64411961  60.05768956  -173.907169876900 -173.815327021194 -0.091842855707 
  1.17243041   1.51213470 103.00000000  -173.702235741162 -173.699920074231 -0.002315666931 
  1.00370296   1.53692745 105.04350477  -173.444074493942 -173.470114980517 0.026040486575 
  0.81472831   1.68888476  64.72058033  -173.255854326162 -173.060366885429 -0.195487440733 
  0.94123123   1.59861742  75.21611655  -172.884724199153 -172.990068538051 0.105344338898 
  0.90571259   1.62967251  68.85223625  -172.717756712838 -172.646810814810 -0.070945898028 
  0.84719853   1.60711337  88.66641162  -172.713531356432 -172.664990835857 -0.048540520575 
  0.90156023   1.56225429 106.72330482  -172.487593862417 -172.540017209903 0.052423347486 
  0.96446195   1.64918894  59.73430300  -172.160580571097 -172.069522084123 -0.091058486974 
  1.24319277   1.50540216 103.00000000  -171.848914710863 -171.837224074933 -0.011690635930 
  0.75161873   1.68888476  78.41514863  -171.833781702106 -171.820723595403 -0.013058106702 
  0.80919746   1.68888476  66.05285777  -171.013535411770 -170.862338909260 -0.151196502510 
  0.82537624   1.64898009  75.42339710  -169.939760296813 -170.050207063977 0.110446767164 
  0.86382871   1.68888476  59.90174190  -169.688575485437 -169.493285508255 -0.195289977182 
  0.79633710   1.61386003 103.00000000  -169.355313461543 -169.393178243653 0.037864782110 
  0.70203843   1.67089232 114.58103522  -169.066820650718 -168.951023716638 -0.115796934080 
  0.99247317   1.58396558  76.31457267  -169.005231371269 -169.089264171181 0.084032799911 
  1.26726137   1.50474271 103.00000000  -168.760801321969 -168.748098815220 -0.012702506749 
  0.95626472   1.56776997  91.18274804  -168.584394771493 -168.541061107612 -0.043333663881 
  0.97067090   1.54968566 103.00000000  -168.304436034337 -168.317213624709 0.012777590372 
  0.91794674   1.69277341  55.78215038  -168.145405196374 -168.436121176886 0.290715980512 
  0.98803951   1.51213934 145.11400351  -168.036418227333 -168.005478090352 -0.030940136981 
  0.96446195   1.55150754 103.00000000  -167.843167244402 -167.856565588148 0.013398343746 
  0.79427575   1.68888476  69.44187154  -167.676445604793 -167.646354701566 -0.030090903227 
  0.70623880   1.68888476 100.52473145  -167.571555522685 -167.584270276915 0.012714754230 
  0.97150783   1.55249134 100.90096538  -167.201454071099 -167.193675565200 -0.007778505899 
  0.71815142   1.71125225  83.67321435  -167.096738611788 -167.032186432906 -0.064552178883 
  0.99107068   1.54572603 103.00000000  -167.048097343803 -167.058720611189 0.010623267387 
  0.96446195   1.52426393 135.39196279  -166.922211194360 -166.949876598636 0.027665404276 
  0.82280969   1.65619762  74.33948487  -166.809633183533 -166.900959037530 0.091325853996 
  0.76991484   1.67239557  81.20063430  -166.597212976485 -166.588799114943 -0.008413861542 
  0.70351759   1.68888476 103.00000000  -166.480790636972 -166.456109041764 -0.024681595207 
  1.01162960   1.57446997  79.49036857  -166.352465812681 -166.439446627190 0.086980814510 
  0.88440024   1.59163517  91.73162635  -166.215793494492 -166.132151656326 -0.083641838166 
  0.96446195   1.54601075 109.65656342  -165.845742377220 -165.894284555878 0.048542178658 
  0.89004718   1.58187438  97.42656945  -165.659720186457 -165.597097787852 -0.062622398605 
  1.01587490   1.64220610  59.20986510  -165.588830065775 -165.583220932374 -0.005609133401 
  0.80439179   1.63841089  86.77599067  -165.520911186122 -165.486056336136 -0.034854849986 
  0.96446195   1.61596209  68.53193840  -165.464727165305 -165.386570315363 -0.078156849942 
  0.96446195   1.58380540  81.35878952  -165.379222742224 -165.469797069336 0.090574327112 
  1.02408287   1.53988003 103.00000000  -165.279571515272 -165.288193156353 0.008621641081 
  0.91434777   1.57723896  95.05347530  -165.041730807821 -164.954446633480 -0.087284174342 
  0.96446195   1.53842133 118.92282627  -164.699023493271 -164.678577138092 -0.020446355179 
  0.86903730   1.61939737  80.63597718  -164.457910754805 -164.557646373618 0.099735618812 
  1.02507488   1.54028714 103.00000000  -164.304065667911 -164.312485681407 0.008420013496 
  0.84572907   1.62116724  85.26661747  -163.541240813945 -163.539926733248 -0.001314080697 
  0.96446195   1.68888476  54.77386935  -163.514731958578 -163.793111635105 0.278379676527 
  0.97162323   1.54679304 108.73742401  -163.291575491316 -163.338480507149 0.046905015834 
  0.97456886   1.58676886  79.24809038  -163.063583104573 -163.165800810378 0.102217705805 
  0.97205937   1.56053703  96.37389735  -162.849262982425 -162.805141985813 -0.044120996611 
  0.96446195   1.62022623  67.91686399  -162.692573919063 -162.598138495750 -0.094435423313 
  1.14696415   1.52767965  97.27391721  -162.559359979030 -162.581408624591 0.022048645561 
  1.01019936   1.54578355 101.97690423  -162.084888450980 -162.085663539124 0.000775088145 
  0.96446195   1.55195111 106.13111877  -162.033076731419 -162.070630284046 0.037553552627 
  0.90550101   1.61183674  78.31649042  -161.997125379308 -162.117588161188 0.120462781880 
  0.98137383   1.57780948  83.51516348  -161.756128424684 -161.815985377306 0.059856952622 
  0.76827354   1.63770446 103.00000000  -161.737980064889 -161.776950851899 0.038970787011 
  0.94677031   1.54839389 114.70060730  -161.726072126163 -161.745534220681 0.019462094518 
  0.97563048   1.55052712 105.10743185  -161.648082036143 -161.676990406755 0.028908370612 
  0.77489912   1.70418800  70.94949305  -161.030953129764 -161.068224931781 0.037271802017 
  0.85030474   1.60312517  95.96791131  -160.991235074951 -160.934282965310 -0.056952109641 
  0.74665586   1.68888476  84.43759384  -160.813365497776 -160.751625361180 -0.061740136595 
  0.90176910   1.62246511  75.02673846  -160.534813226514 -160.666691769906 0.131878543393 
  1.02206325   1.64770207  58.76423301  -159.963900077357 -159.950472574273 -0.013427503084 
  0.82868823   1.62560039  88.95748754  -159.940488992343 -159.882425369211 -0.058063623131 
  0.92710484   1.55143903 118.54160245  -159.903895147989 -159.875118239700 -0.028776908288 
  0.79023655   1.69056215  72.00796716  -159.726721851897 -159.753960211142 0.027238359245 
  0.90467666   1.59586860  87.51889201  -159.563402727563 -159.520745873042 -0.042656854520 
  0.85654111   1.61640116  86.82368589  -159.530392976430 -159.498589226373 -0.031803750057 
  0.92112546   1.56132571 110.33470267  -159.268020983232 -159.315393527563 0.047372544330 
  0.96446195   1.62409494  67.59817285  -159.201129991088 -159.099247579524 -0.101882411564 
  0.77116258   1.68888476  77.32400037  -159.128845965053 -159.148492278112 0.019646313059 
  1.13731638   1.52795576 100.21922116  -158.965233774041 -158.971542591484 0.006308817443 
  0.71105528   1.68888476 103.00000000  -158.914612844841 -158.895210239472 -0.019402605369 
  1.07470788   1.53467206 103.00000000  -158.775039842330 -158.781284979569 0.006245137239 
  0.93291359   1.57184132  98.14000592  -158.653167484528 -158.616692620776 -0.036474863753 
  0.96446195   1.53667837 125.85125086  -158.497221709331 -158.430300489004 -0.066921220327 
  0.99692893   1.53926294 114.00180099  -158.446284822254 -158.478424210394 0.032139388141 
  1.06121979   1.53731147 103.00000000  -158.227561979660 -158.234179183566 0.006617203906 
  0.96446195   1.55778894 103.00000000  -158.168567329347 -158.180024230259 0.011456900912 
  1.18977782   1.51906224 103.00000000  -158.028906201187 -158.023972112310 -0.004934088877 
  1.22202293   1.51434525 104.33262946  -157.686624169222 -157.673653634797 -0.012970534425 
  0.96446195   1.68888476  55.47738693  -157.549394196711 -157.752178397257 0.202784200546 
  0.73999588   1.66344806 103.00000000  -157.145203791122 -157.173349865685 0.028146074563 
  0.82295849   1.66531332  74.41999677  -156.282962892641 -156.367201694099 0.084238801457 
  1.01992500   1.63058431  62.56751089  -156.202214884350 -156.180971314036 -0.021243570314 
  0.98710567   1.53835967 119.35584444  -156.013485013067 -155.994864956239 -0.018620056828 
  0.86352477   1.60602658  92.87215487  -155.767155764155 -155.684376024135 -0.082779740020 
  0.71527766   1.69669415  98.05593901  -155.242069037384 -155.297946849014 0.055877811630 
  0.77534065   1.71199535  70.35294246  -155.234273045942 -155.288308623618 0.054035577676 
  1.06169368   1.52966182 113.13364464  -155.198386978755 -155.233590820234 0.035203841480 
  0.75786127   1.68888476  82.87953661  -155.115513345456 -155.065255753180 -0.050257592275 
  0.98270969   1.68888476  55.07220166  -154.731193021111 -154.880244008285 0.149050987174 
  0.78406103   1.67110541  82.19296362  -154.625704817947 -154.614893346857 -0.010811471090 
  1.28737342   1.51351749 100.40751499  -154.459324553576 -154.455804245336 -0.003520308241 
  0.96319421   1.56059083 103.00000000  -154.416362604396 -154.427352555968 0.010989951572 
  1.01796053   1.55662217  95.44297688  -154.347771416869 -154.316182189942 -0.031589226927 
  1.02927617   1.56775209  85.89468110  -154.000010180880 -154.038931069555 0.038920888675 
  0.96446195   1.57445458  92.12369748  -153.500128325075 -153.447950722556 -0.052177602519 
  0.96446195   1.53508306 132.09761088  -153.394393759441 -153.373474712158 -0.020919047283 
  0.96197900   1.66817604  59.31920874  -153.303002071920 -153.210312716323 -0.092689355597 
  0.71782412   1.68888476 102.40301027  -153.196701318790 -153.216779358689 0.020078039899 
  0.96446195   1.53833751 128.06219782  -153.134735271622 -153.073083221002 -0.061652050620 
  0.78727020   1.68888476  75.27930204  -153.053830545272 -153.101432233311 0.047601688039 
  0.97218387   1.59016437  81.51462659  -152.975292813364 -153.058787518068 0.083494704705 
  0.90656108   1.58543526  97.20792577  -152.955343133057 -152.911293598684 -0.044049534373 
  0.96446195   1.55369855 110.30947501  -152.941631808564 -152.987739290589 0.046107482025 
  0.96446195   1.54846536 116.18165024  -152.642837224877 -152.649136244503 0.006299019626 
  0.86450002   1.68888476  62.99807939  -152.621643549166 -152.344220098438 -0.277423450728 
  0.96446195   1.60156840  77.29581527  -152.517777265752 -152.626928970241 0.109151704490 
  0.96446195   1.62171354  69.84907089  -152.500460666539 -152.468240077030 -0.032220589509 
  0.97896014   1.54127146 120.87589430  -152.294902004756 -152.257254820209 -0.037647184547 
  1.01049496   1.53706612 117.85747108  -152.189753311297 -152.193155283074 0.003401971777 
  0.83016281   1.68888476  67.40098370  -152.187970290579 -152.060890892582 -0.127079397997 
  0.97135025   1.57508404  91.17372644  -151.886110785304 -151.841676711479 -0.044434073825 
  0.96446195   1.68888476  56.18090452  -151.838190103026 -151.970048538760 0.131858435734 
  0.89720792   1.58227534 103.00000000  -151.699511022900 -151.723732501749 0.024221478849 
  0.71859296   1.68888476 103.00000000  -151.550903972526 -151.563489472430 0.012585499905 
  0.95382653   1.54974511 118.62934179  -151.456339678196 -151.431941788104 -0.024397890092 
  0.93683790   1.56983116 103.00000000  -151.427555891416 -151.442098722532 0.014542831116 
  0.93030134   1.62369747  73.41385077  -151.090852015812 -151.176715120418 0.085863104606 
  0.96446195   1.55257385 113.30549491  -150.330300319900 -150.362280569221 0.031980249321 
  0.70890453   1.70049869 103.00000000  -150.305786886216 -150.285184663556 -0.020602222660 
  0.92848298   1.65040867  65.90879140  -150.295772910446 -150.124571562851 -0.171201347595 
  0.95603836   1.62290044  70.92305322  -150.182584057813 -150.186050006223 0.003465948410 
  0.93479944   1.57141445 103.00000000  -149.992503732756 -150.007109139892 0.014605407136 
  0.96446195   1.57887797  90.91720304  -149.634140818398 -149.587300525042 -0.046840293356 
  0.79281664   1.67808427  78.95455653  -149.465096022213 -149.498923554142 0.033827531929 
  0.68473591   1.68888476 132.00311312  -149.351319976173 -149.264443043769 -0.086876932404 
  0.80659737   1.68888476  72.24526320  -149.275847348010 -149.311522432679 0.035675084670 
  0.98805854   1.54827099 112.62929486  -149.272280292600 -149.310390108179 0.038109815579 
  0.96446195   1.57938412  90.81817221  -149.118792789148 -149.072637130588 -0.046155658560 
  0.73062297   1.68965095  97.05175133  -149.102795098617 -149.147208877202 0.044413778585 
  1.17593194   1.52222408 106.96943468  -149.069802488451 -149.068504855865 -0.001297632587 
  0.96446195   1.56388476 103.00000000  -148.990322764825 -149.000225117694 0.009902352869 
  1.06642397   1.53943137 105.74761790  -148.887722907122 -148.907104698254 0.019381791132 
  0.96446195   1.58188034  89.35216769  -148.716738064901 -148.684159849084 -0.032578215816 
  0.96446195   1.56407035 103.00000000  -148.713988923424 -148.723952130881 0.009963207457 
  0.88295488   1.58967548 103.00000000  -148.618739152742 -148.646914956046 0.028175803304 
  1.30694386   1.51257259 103.00000000  -148.317718227132 -148.305126339390 -0.012591887742 
  1.20639749   1.52523329 100.70303490  -148.184467336345 -148.185551649262 0.001084312917 
  0.68299540   1.70465820 123.38345528  -147.960418752973 -148.122079247976 0.161660495003 
  0.92337492   1.57952141 100.45368510  -147.687209798016 -147.675106010820 -0.012103787195 
  0.96936874   1.62720211  68.96945642  -147.271648567392 -147.216441571196 -0.055206996195 
  0.97291699   1.70252359  54.57431457  -146.974514482707 -147.241050714823 0.266536232116 
  0.75778198   1.64049228 116.79688773  -146.958619960616 -146.913679523483 -0.044940437134 
  0.87233156   1.67381692  66.81378070  -146.787400936762 -146.632405790520 -0.154995146242 
  0.96446195   1.64190051  65.61575915  -146.614608231488 -146.468478533491 -0.146129697997 
  0.96446195   1.55882858 109.38484004  -146.538964720377 -146.585052335555 0.046087615178 
  0.96446195   1.59484513  82.67351842  -146.527526995087 -146.594577769977 0.067050774890 
  0.96446195   1.68888476  56.88442211  -146.367973533143 -146.435194837066 0.067221303924 
  0.74303788   1.72035121  79.56821889  -146.116234023772 -146.084148822987 -0.032085200785 
  0.91781495   1.56922697 112.41590670  -146.111854157221 -146.143635670342 0.031781513121 
  0.98200380   1.53388755 134.84359096  -145.954112254283 -145.979359826088 0.025247571805 
  0.83386338   1.62669739  93.87015339  -145.150619806049 -145.084297585465 -0.066322220584 
  0.96446195   1.59005736  85.96649422  -144.960650748049 -144.973674092599 0.013023344550 
  1.32596537   1.51287789 103.00000000  -144.789086958077 -144.778930962718 -0.010155995359 
  0.72613065   1.68888476 103.00000000  -144.433880800072 -144.452677057451 0.018796257379 
  0.95368370   1.54998671 123.94170559  -144.279870139322 -144.207831872761 -0.072038266561 
  0.80778455   1.62978352 101.71408676  -144.208450716051 -144.236779825632 0.028329109582 
  0.96446195   1.56409186 105.92626605  -143.968464821814 -144.002260754379 0.033795932566 
  0.90189680   1.60677415  88.68662220  -143.725927098189 -143.657576651891 -0.068350446297 
  0.91996157   1.62946908  74.96076321  -143.358689230932 -143.479219989783 0.120530758851 
  0.99874898   1.56198973 100.59386780  -143.327074919285 -143.312086956884 -0.014987962402 
  0.80415922   1.61361838 117.15663655  -143.235732743055 -143.190120147854 -0.045612595200 
  0.99645460   1.53497974 132.38078046  -142.306272957321 -142.305709223555 -0.000563733766 
  1.02052323   1.60476730  72.83409541  -141.949498363338 -141.986224007660 0.036725644323 
  0.70178476   1.71829738 103.00000000  -141.947582356355 -141.922457787047 -0.025124569308 
  1.07146349   1.53886718 110.04337978  -141.924366546704 -141.958672332801 0.034305786097 
  1.28588488   1.51626745 105.18113396  -141.709045973570 -141.690853292672 -0.018192680898 
  0.96446195   1.59322078  85.51935980  -141.670186196265 -141.689066925594 0.018880729329 
  0.96446195   1.56888476 103.00000000  -141.613842156490 -141.622555392783 0.008713236293 
  0.80792139   1.68888476  74.41083357  -141.291060061798 -141.353870969724 0.062810907926 
  0.96446195   1.68888476  57.58793970  -141.125899551855 -141.136209708127 0.010310156273 
  0.77848603   1.68888476  82.02075596  -140.960307102661 -140.931191305549 -0.029115797112 
  0.93881673   1.56666818 112.33042964  -140.893671864313 -140.927611157298 0.033939292985 
  1.01510808   1.60880598  72.26333985  -140.572015476970 -140.599766329781 0.027750852811 
  0.97609062   1.58885122  86.63189192  -140.558364666023 -140.562712253628 0.004347587605 
  0.96446195   1.53636281 141.69069442  -140.230511236776 -140.276035254292 0.045524017517 
  0.96446195   1.53369969 145.41389104  -140.208330686783 -140.144487915422 -0.063842771360 
  0.96585357   1.56968693 103.00000000  -139.906702145643 -139.914938452016 0.008236306373 
  0.98369313   1.55340573 115.00940345  -139.632929781739 -139.652717220568 0.019787438829 
  0.96446195   1.57035176 103.00000000  -139.475301099177 -139.483545188610 0.008244089433 
  0.84896832   1.63986810  85.09082953  -139.388444383130 -139.369713264516 -0.018731118614 
  1.04965429   1.55306806 101.40737496  -139.260547828471 -139.255581109329 -0.004966719142 
  0.79025756   1.64678439 100.36872655  -139.209990048712 -139.238284469341 0.028294420629 
  0.79781698   1.68888476  77.40910626  -139.208131873296 -139.254724728257 0.046592854961 
  0.96446195   1.53907888 138.97079834  -139.112426104555 -139.169996919813 0.057570815258 
  0.96446195   1.55968916 113.75164747  -138.981798150748 -139.008501004442 0.026702853694 
  0.96446195   1.55581521 118.05341857  -138.954813445838 -138.937174965810 -0.017638480029 
  0.96089279   1.59343043  87.32128861  -138.586643689283 -138.574386791930 -0.012256897353 
  0.71850033   1.71317710  97.38546086  -138.325199033483 -138.387208620530 0.062009587047 
  0.96446195   1.55310318 121.76841684  -138.236300156430 -138.180303483614 -0.055996672816 
  0.96446195   1.68888476  58.00000000  -138.156998992978 -138.137544098177 -0.019454894801 
  0.91846290   1.57402053 113.19237693  -137.873977261224 -137.897136097625 0.023158836401 
  0.98624567   1.56598865 103.00000000  -137.750259086624 -137.756443042797 0.006183956173 
  0.73366834   1.68888476 103.00000000  -137.530547881706 -137.554951598792 0.024403717086 
  1.05246879   1.65879872  58.65778199  -137.212161899079 -137.172460196186 -0.039701702893 
  0.94912589   1.56918108 109.74610520  -136.766658209235 -136.811302618147 0.044644408911 
  0.97022449   1.58597280  91.27851883  -136.600731939121 -136.548491253373 -0.052240685748 
  0.84367807   1.68888476  69.37104248  -136.322767791844 -136.277442331769 -0.045325460075 
  1.11901154   1.54023627 104.36039973  -136.190331702837 -136.196533219943 0.006201517106 
  0.96446195   1.68888476  58.29145729  -136.100804088019 -136.061848213854 -0.038955874165 
  0.99115805   1.54826403 121.82178541  -136.009412409279 -135.965146684006 -0.044265725274 
  0.96818195   1.58467460  92.99899908  -135.693457279427 -135.632730088304 -0.060727191123 
  0.80697444   1.68888476  76.56761850  -135.341026977352 -135.402130505016 0.061103527664 
  0.88672991   1.59150825 108.73864628  -135.229335134871 -135.276606391163 0.047271256293 
  0.87534421   1.60276322 103.00000000  -135.172644739981 -135.201148182718 0.028503442736 
  0.89698607   1.68888476  63.23285936  -135.148277889017 -134.888453074158 -0.259824814859 
  0.96446195   1.61914578  75.54423324  -135.115887482141 -135.215538184482 0.099650702341 
  0.80005035   1.64894510  97.40443328  -134.942950316468 -134.937379119723 -0.005571196746 
  0.90281423   1.70895065  59.08334929  -134.748778040470 -134.590261264276 -0.158516776194 
  1.01718536   1.68888476  56.09570109  -134.660478452079 -134.616670990010 -0.043807462069 
  1.04325858   1.55562823 103.00000000  -134.593757287214 -134.597964427181 0.004207139968 
  0.96446195   1.61813367  76.16556308  -134.417467268991 -134.522257238283 0.104789969292 
  0.96446195   1.67031315  61.83126557  -133.996115375692 -133.827554382982 -0.168560992710 
  0.93621422   1.55107734 136.91581025  -133.785020584746 -133.827675991607 0.042655406860 
  0.84038334   1.68555982  71.52452196  -133.774368095805 -133.803136474953 0.028768379149 
  1.03290383   1.58094197  85.87074780  -133.690051947906 -133.722457388983 0.032405441077 
  0.75445496   1.67440659 103.00000000  -133.610199617797 -133.645806442066 0.035606824269 
  1.07064485   1.55922701  95.97279245  -133.461881896445 -133.449647503548 -0.012234392897 
  0.81335053   1.68888476  75.85590983  -133.198166775543 -133.267391540075 0.069224764532 
  0.73070654   1.73212020  85.56365884  -132.695196218079 -132.644336654119 -0.050859563960 
  0.67427139   1.76969838 103.00000000  -132.561529870585 -132.535460219996 -0.026069650589 
  1.12913319   1.54810595  97.82045302  -132.390645527994 -132.396878156549 0.006232628555 
  0.84580345   1.61806484 103.00000000  -132.275103852400 -132.293086915572 0.017983063172 
  0.95226615   1.56359687 117.98897078  -132.225209840755 -132.202082771323 -0.023127069432 
  0.98895947   1.56962182 102.53228336  -132.222471760797 -132.223108997757 0.000637236960 
  0.96446195   1.62913582  72.76097738  -132.103718087084 -132.159775402435 0.056057315351 
  0.95226016   1.55763123 125.11091142  -131.958800493121 -131.879333022098 -0.079467471023 
  0.92591654   1.57057244 118.79098740  -131.932005897143 -131.891151171407 -0.040854725735 
  0.94312786   1.68888476  60.21479400  -131.784663701037 -131.619049712801 -0.165613988236 
  0.70584622   1.68888476 128.41054029  -131.784596339883 -131.928230515594 0.143634175711 
  0.84468289   1.68888476  70.45496646  -131.671917221480 -131.668424507106 -0.003492714374 
  0.78082601   1.68888476  85.21091603  -131.549887627658 -131.489929062593 -0.059958565065 
  1.11592230   1.54500958 103.00000000  -131.540439385069 -131.543165994367 0.002726609297 
  0.96446195   1.64410240  68.31708651  -131.499557004146 -131.431557015997 -0.067999988150 
  0.96446195   1.68888476  58.99497487  -131.281456115357 -131.201067582443 -0.080388532915 
  0.96446195   1.58615382  94.98534764  -131.191044551084 -131.128560912831 -0.062483638253 
  0.80498966   1.69860042  75.22484872  -131.064421201707 -131.126175645502 0.061754443795 
  0.74120603   1.68888476 103.00000000  -130.833820898828 -130.862865933049 0.029045034221 
  0.89747288   1.59364721 106.29126180  -130.782571504013 -130.826371759554 0.043800255541 
  1.00731692   1.57282634  97.09408406  -130.610843843304 -130.570415985433 -0.040427857871 
  0.96446195   1.57663317 103.00000000  -130.447270088884 -130.454099548079 0.006829459196 
  0.96446195   1.54260551 141.85860794  -130.435848051638 -130.481517464431 0.045669412792 
  0.71479938   1.71699067 103.00000000  -130.017811733127 -130.026832737193 0.009021004066 
  0.96446195   1.58571683  95.95690419  -129.961491875067 -129.902603508179 -0.058888366888 
  0.73767924   1.68888476 105.76968801  -129.898504891153 -129.891688563865 -0.006816327287 
  0.72788484   1.68184112 117.58553533  -129.868283211912 -129.805479789054 -0.062803422858 
  0.84328851   1.64137065  90.04263834  -129.834018186575 -129.751733025732 -0.082285160843 
  0.96446195   1.57650367 103.58779219  -129.679930444137 -129.692394808652 0.012464364514 
  0.96446195   1.55266882 129.84877701  -129.072357649940 -129.018338519120 -0.054019130820 
  0.97202870   1.55112481 129.53135998  -129.040372849744 -128.985942521875 -0.054430327869 
  0.93045909   1.58763886 103.00000000  -128.999793705952 -129.011474015683 0.011680309730 
  0.98171363   1.57312628 103.00000000  -128.995630348934 -129.000840980770 0.005210631835 
  0.95136196   1.68888476  60.14291241  -128.931661905179 -128.781632410106 -0.150029495073 
  0.83303809   1.62733090 103.00000000  -128.736566725172 -128.760619074465 0.024052349293 
  0.84312214   1.62837974  98.61945466  -128.727723258107 -128.702826533772 -0.024896724335 
  1.52286394   1.50357160 105.38982772  -128.548408802591 -128.531673239480 -0.016735563111 
  1.31840478   1.52328336 103.00000000  -128.299623456925 -128.284370548479 -0.015252908447 
  0.96446195   1.58489352  97.51730382  -128.236637076570 -128.187698970028 -0.048938106542 
  0.86598882   1.60812688 106.37953515  -127.964849698328 -128.013325893503 0.048476195175 
  0.80062055   1.68888476  80.87269027  -127.795619024688 -127.797936021642 0.002316996954 
  1.10956616   1.55015395 101.44633742  -127.600237895567 -127.599178443528 -0.001059452039 
  0.90381971   1.66379492  70.30011181  -127.579800364842 -127.586894470320 0.007094105479 
  0.96446195   1.57888476 103.00000000  -127.261691234104 -127.267948670685 0.006257436581 
  0.78237460   1.66940676  96.63509228  -127.139091001842 -127.140876966170 0.001785964328 
  1.17123137   1.54007766 103.00000000  -126.990799806194 -126.988479930767 -0.002319875426 
  0.84012321   1.69493831  70.79866413  -126.975492545549 -126.986582150137 0.011089604588 
  0.96446195   1.59989175  88.02855704  -126.851261921820 -126.824880155871 -0.026381765949 
  0.97896259   1.54456547 138.05626569  -126.796876576838 -126.857579933029 0.060703356190 
  0.96446195   1.68888476  59.69849246  -126.656025211392 -126.543062866071 -0.112962345322 
  0.91437741   1.71726786  58.26398799  -126.357071798302 -126.270962707911 -0.086109090391 
  0.93771826   1.58390144 106.03254978  -126.241932318757 -126.277289226904 0.035356908147 
  0.70675829   1.68888476 132.44763238  -126.225832881977 -126.104083950792 -0.121748931185 
  1.00298692   1.62902926  70.44903954  -126.112849044992 -126.106999579547 -0.005849465445 
  0.99718283   1.68888476  58.05275774  -126.042733053051 -126.019183930620 -0.023549122431 
  0.88260714   1.66025080  74.95458334  -125.718561554429 -125.841463433693 0.122901879264 
  1.01400465   1.59475702  83.78326085  -125.660022195469 -125.706723353682 0.046701158214 
  0.86740000   1.65174339  81.01385540  -125.593444512146 -125.651506333864 0.058061821719 
  0.84728973   1.68888476  71.81765965  -125.263401265944 -125.303204783695 0.039803517751 
  1.03450953   1.56365526 103.00000000  -125.174164090688 -125.177330712488 0.003166621800 
  0.77695441   1.66523408 103.00000000  -125.052256698153 -125.091988282094 0.039731583942 
  0.84978038   1.68888476  71.46514272  -125.049353737875 -125.093911160417 0.044557422542 
  0.90708504   1.59848820 103.00000000  -124.980368428776 -124.996970371175 0.016601942398 
  0.96446195   1.54881686 138.48408104  -124.888963638623 -124.945659019348 0.056695380725 
  0.75506333   1.71526661  86.16880887  -124.885784732887 -124.820164502496 -0.065620230392 
  0.87068148   1.68888476  68.47436053  -124.739199348976 -124.672385124714 -0.066814224262 
  0.75796149   1.66905869 111.02920181  -124.601748745201 -124.558128120621 -0.043620624580 
  0.96446195   1.59048318  95.32741957  -124.577282700480 -124.513920542415 -0.063362158065 
  0.74874372   1.68888476 103.00000000  -124.336503921200 -124.369325947929 0.032822026728 
  0.98446094   1.62041962  76.04437009  -124.120724387099 -124.212121457637 0.091397070537 
  1.00025679   1.54451838 134.85033995  -123.543328214000 -123.580566891033 0.037238677032 
  0.85249419   1.62205597 103.00000000  -123.538642718046 -123.552722546866 0.014079828821 
  0.74130355   1.69865817 101.89842372  -123.319589844858 -123.357596762308 0.038006917450 
  0.93938494   1.60445584  91.77122579  -123.081624734798 -123.010087030108 -0.071537704690 
  0.81812247   1.68888476  78.27755864  -123.004926191552 -123.058819774358 0.053893582806 
  1.03631518   1.57681994  93.13329105  -122.990471921275 -122.961091496642 -0.029380424633 
  1.10625626   1.55216668 103.00000000  -122.762720993946 -122.765315167740 0.002594173795 
  1.00801398   1.60021573  82.94883844  -122.427632901577 -122.481973452028 0.054340550451 
  0.93882998   1.57881846 113.21769508  -122.386611856578 -122.409436264414 0.022824407835 
  0.96446195   1.61484687  81.82902726  -122.340387594715 -122.411126794739 0.070739200024 
  0.96446195   1.68888476  60.40201005  -122.215101344074 -122.077299734502 -0.137801609572 
  0.75038368   1.67262655 115.29366264  -121.811268144425 -121.738243085004 -0.073025059421 
  0.79648662   1.70872025  77.09005074  -121.740489892163 -121.783747707632 0.043257815469 
  0.92803476   1.68529528  63.83797115  -121.718533098756 -121.505375030819 -0.213158067937 
  0.75747066   1.71448532  87.06487806  -121.678284834925 -121.614717467472 -0.063567367453 
  0.96446195   1.58291457 103.00000000  -121.625546324460 -121.631037165801 0.005490841341 
  1.05138634   1.57899287  90.11933016  -121.442399020973 -121.440637181043 -0.001761839930 
  0.96446195   1.60200273  89.25112665  -121.361517159494 -121.317787407887 -0.043729751607 
  0.82194825   1.68888476  78.02768836  -121.234110742174 -121.293831754195 0.059721012021 
  1.04944394   1.56331514 103.00000000  -121.205883270923 -121.208715821365 0.002832550443 
  0.75041096   1.68888476 104.22680540  -121.115724811381 -121.138802698932 0.023077887550 
  0.96446195   1.56565330 120.86183876  -120.936027456028 -120.882526957960 -0.053500498068 
  1.04279258   1.57721746  92.91028853  -120.881515063767 -120.856335314418 -0.025179749349 
  1.00226672   1.63628310  69.68166711  -120.609824866700 -120.588606400603 -0.021218466097 
  0.75010381   1.68888476 104.92037381  -120.371153443364 -120.387009288951 0.015855845587 
  0.96446195   1.57793828 108.37071361  -120.307505272362 -120.348718591298 0.041213318937 
  1.07535385   1.57315536  91.43798552  -120.302486328594 -120.307012218422 0.004525889828 
  1.00130934   1.57378198 103.53839963  -120.291892931004 -120.299741173845 0.007848242842 
  0.91236831   1.62423183  87.07769521  -120.198746464765 -120.166762035853 -0.031984428911 
  1.13656446   1.54710417 105.04967222  -120.185507776703 -120.192069282159 0.006561505456 
  1.12171647   1.55257254 102.00300770  -120.024311632711 -120.023873160906 -0.000438471805 
  0.95516933   1.60686342  88.74794523  -119.784028666389 -119.741675923702 -0.042352742686 
  1.00031668   1.57526281 103.00000000  -119.378611904573 -119.381462708748 0.002850804175 
  0.81910943   1.62533186 117.33817041  -119.312874389907 -119.255506166011 -0.057368223896 
  0.99404410   1.66106222  64.32989696  -119.306020049997 -119.186312377039 -0.119707672958 
  0.86089739   1.69539218  69.56619811  -119.162567905729 -119.145843352351 -0.016724553378 
  0.95020715   1.58091622 110.36027153  -118.852354590086 -118.892525401961 0.040170811875 
  0.98215980   1.57195544 110.72681258  -118.830178025753 -118.870935776404 0.040757750650 
  0.92495854   1.68320261  65.16684443  -118.754102693903 -118.572305303546 -0.181797390358 
  0.96446195   1.55895387 130.83181943  -118.713529394721 -118.668767397421 -0.044761997301 
  1.07550274   1.56802859  96.30612995  -118.379263000024 -118.363165494931 -0.016097505093 
  0.82279729   1.64208480 103.00000000  -118.086525780200 -118.114847911501 0.028322131302 
  0.75628141   1.68888476 103.00000000  -118.031961328557 -118.067562902725 0.035601574167 
  0.96446195   1.68888476  61.10552764  -117.948451477794 -117.793543017387 -0.154908460407 
  0.75263968   1.68888476 105.28927932  -117.715940079779 -117.729656432851 0.013716353072 
  0.83054555   1.68888476  77.36215701  -117.703959631024 -117.776454429016 0.072494797992 
  1.04835337   1.56617826 103.00000000  -117.303783567953 -117.306274787581 0.002491219628 
  0.82089090   1.69854155  76.36159848  -117.180504507229 -117.250120510364 0.069616003135 
  1.02034483   1.58485447  92.91229575  -117.129206156398 -117.088224201369 -0.040981955029 
  0.81925045   1.71901395  70.74241966  -116.830296227814 -116.869808673172 0.039512445358 
  0.96412263   1.58660182 103.00000000  -116.671798706629 -116.676743481497 0.004944774867 
  0.94838730   1.61759838  85.33618767  -116.617324715844 -116.623815794915 0.006491079071 
  0.96446195   1.60180264  91.69355075  -116.502100938291 -116.437145175236 -0.064955763055 
  1.31438715   1.53085109 103.00000000  -116.481607270347 -116.463915330272 -0.017691940075 
  1.14379258   1.55767067  96.80340410  -116.149928288465 -116.158674807436 0.008746518971 
  0.94174007   1.68888476  63.08564651  -115.977159668339 -115.774007101448 -0.203152566891 
  0.74492799   1.67904618 118.84233223  -115.941816594568 -115.897581584854 -0.044235009714 
  0.75596095   1.68888476 104.86471891  -115.568797104799 -115.589342630163 0.020545525364 
  0.94068523   1.56450288 134.51593396  -115.417478370680 -115.427237584651 0.009759213971 
  0.90990751   1.60510396 103.00000000  -115.063227528703 -115.077466458477 0.014238929774 
  0.81425840   1.62804372 120.73165695  -114.978750023049 -114.920537513748 -0.058212509301 
  1.00478550   1.58476658  96.87880134  -114.926003115484 -114.879014443169 -0.046988672315 
  0.96446195   1.62862722  78.35143224  -114.752500741171 -114.857157185803 0.104656444632 
  0.96446195   1.57883541 111.50218669  -114.586290363339 -114.622477561813 0.036187198475 
  0.76543747   1.68888476 100.58863205  -114.302879483304 -114.344147210243 0.041267726939 
  0.84297861   1.68888476  75.99014433  -114.208367456857 -114.296027163395 0.087659706538 
  1.18934827   1.54590625 103.00000000  -114.132366199894 -114.127624476184 -0.004741723710 
  1.04592451   1.66867559  60.67092416  -113.906552875851 -113.878057597774 -0.028495278077 
  0.98601212   1.68888476  60.45685441  -113.811003702263 -113.705340498348 -0.105663203916 
  1.21375089   1.54315788 103.00000000  -113.760607499727 -113.752180808854 -0.008426690873 
  0.96446195   1.58888476 103.00000000  -113.428111534489 -113.432307425816 0.004195891327 
  1.01808249   1.58689435  93.73913477  -113.422140487808 -113.376102492403 -0.046037995405 
  0.78334597   1.68888476  93.04746102  -113.415547482928 -113.378567754127 -0.036979728801 
  0.87033460   1.69986649  68.65344946  -113.108271582882 -113.057890866471 -0.050380716410 
  0.84475849   1.64419332  96.54339589  -113.068005638172 -113.017089248549 -0.050916389623 
  0.96446195   1.58919598 103.00000000  -113.005612495555 -113.009846262208 0.004233766653 
  0.96032517   1.70460245  59.49543426  -112.953654965826 -112.846667613134 -0.106987352692 
  0.96446195   1.58448047 107.22510931  -112.931375538123 -112.968073178576 0.036697640453 
  0.75598297   1.69491812 103.00000000  -112.640840118565 -112.676016143476 0.035176024911 
  0.96446195   1.67403057  65.09147020  -112.399462987785 -112.255334939305 -0.144128048480 
  0.81648097   1.67308100  89.85217629  -112.332504941751 -112.252700022729 -0.079804919022 
  1.18598751   1.54450350 105.99474577  -112.306350158229 -112.306795510947 0.000445352718 
  1.01815887   1.55919847 120.67761392  -112.279692507840 -112.251941292448 -0.027751215392 
  0.96446195   1.56458290 129.41587978  -112.271460091080 -112.209306234673 -0.062153856407 
  1.23496143   1.54418513 100.71220026  -112.104245059323 -112.097493814358 -0.006751244965 
  0.99487364   1.64625581  69.56045464  -112.020821034115 -111.998059564264 -0.022761469851 
  0.78741541   1.67045084 103.00000000  -111.928064556749 -111.966626047990 0.038561491241 
  0.76381910   1.68888476 103.00000000  -111.913625985489 -111.951108749954 0.037482764464 
  0.77345432   1.68888476  98.17058879  -111.909660225880 -111.935262421821 0.025602195942 
  0.84848609   1.63389818 103.00000000  -111.822131333647 -111.837574246138 0.015442912491 
  0.97501317   1.58504900 104.88564430  -111.724157698380 -111.744731770678 0.020574072298 
  0.96446195   1.59692753  97.64042743  -111.650602242611 -111.598769433133 -0.051832809478 
  0.85823460   1.60978510 119.86867500  -111.542418961159 -111.482919138442 -0.059499822716 
  0.76446195   1.68888476 103.00000000  -111.400305504627 -111.437843365132 0.037537860505 
  0.97584287   1.67481741  64.24550753  -111.335011418705 -111.191175660315 -0.143835758390 
  0.87485489   1.62219506 103.00000000  -111.094033400354 -111.118926020924 0.024892620571 
  0.74324755   1.68888476 116.63261057  -110.966090341219 -110.889973107793 -0.076117233425 
  1.08040481   1.56645734 101.25534473  -110.780928225460 -110.774100930595 -0.006827294866 
  1.00403125   1.56651777 116.96487190  -110.766804334744 -110.767802778495 0.000998443751 
  1.28264774   1.53756959 103.00000000  -110.687321312413 -110.669595903833 -0.017725408580 
  0.95334204   1.57112946 126.40148766  -110.679841096684 -110.595368954518 -0.084472142166 
  0.87627810   1.68888476  71.48291368  -110.390633200182 -110.441671103834 0.051037903652 
  1.08482281   1.68602965  56.89452083  -110.187227714065 -109.871423349588 -0.315804364477 
  0.82261984   1.64950616 103.00000000  -109.966646344892 -109.994496617572 0.027850272680 
  0.96446195   1.68888476  62.51256281  -109.900898218628 -109.732752536037 -0.168145682590 
  0.97586149   1.61752531  83.69775863  -109.764544160611 -109.801676022986 0.037131862375 
  0.86839787   1.68888476  72.92960819  -109.568433618511 -109.653703921683 0.085270303171 
  0.87839058   1.62216753 103.00000000  -109.280609606158 -109.303873024023 0.023263417865 
  1.23775051   1.54325402 103.00000000  -109.270637275695 -109.258437685741 -0.012199589954 
  0.85802687   1.68888476  74.81160679  -109.140316184741 -109.246151951729 0.105835766988 
  0.95131379   1.59610653 103.00000000  -108.910983843896 -108.915989353854 0.005005509958 
  0.99531147   1.58371742 103.30233230  -108.764500937079 -108.769145724886 0.004644787807 
  0.96446195   1.67751262  65.07571185  -108.712204077619 -108.569512549037 -0.142691528582 
  0.96446195   1.61633018  86.74757175  -108.429916909914 -108.414175197441 -0.015741712473 
  0.96446195   1.58600449 109.13181784  -108.077505045901 -108.117778486518 0.040273440617 
  0.90267636   1.60744010 107.84627030  -108.076585256236 -108.117776317135 0.041191060899 
  0.98088807   1.58840701 103.00000000  -107.938331544290 -107.940566617557 0.002235073267 
  0.77099895   1.68718674 103.00000000  -107.862952563759 -107.901206166356 0.038253602597 
  1.00049357   1.59904986  91.25471138  -107.786098595167 -107.738053090859 -0.048045504307 
  0.77491518   1.66679742 115.53833592  -107.726730058839 -107.667026092984 -0.059703965855 
  0.73004504   1.71254982 111.90750374  -107.706210275606 -107.601178927113 -0.105031348493 
  0.92290767   1.59415453 113.82802706  -107.638005049594 -107.647499800673 0.009494751080 
  1.06157966   1.58653248  90.27188219  -107.574897080289 -107.572305216899 -0.002591863390 
  0.96446195   1.58434724 111.17372504  -107.462035688204 -107.498248343922 0.036212655718 
  0.75579918   1.68888476 110.99830178  -107.395709946395 -107.343095609617 -0.052614336779 
  0.96446195   1.68888476  63.00000000  -107.254089539634 -107.087029018076 -0.167060521558 
  0.89865684   1.68906537  69.26855045  -107.165212394961 -107.140166226138 -0.025046168823 
  0.98245887   1.68888476  61.78626425  -107.140652364618 -107.007184250267 -0.133468114351 
  0.84799635   1.68319866  79.49526248  -106.921865106218 -106.978329004197 0.056463897978 
  0.96446195   1.59388476 103.00000000  -106.700254205676 -106.703505609106 0.003251403429 
  0.96446195   1.61829040  86.43101773  -106.693162804630 -106.681622486559 -0.011540318070 
  1.00962093   1.58219180 103.00000000  -106.513478635308 -106.514618083604 0.001139448296 
  0.87838159   1.62466075 103.00000000  -106.288204299268 -106.310921000294 0.022716701026 
  0.77135678   1.68888476 103.00000000  -105.975587156954 -106.013781880502 0.038194723548 
  0.96446195   1.56415881 135.72437022  -105.763853973549 -105.792035749967 0.028181776418 
  0.88007866   1.63542090  95.33162778  -105.757798681527 -105.692753274340 -0.065045407187 
  0.79488465   1.69291977  90.66760781  -105.685019048840 -105.618319114543 -0.066699934297 
  0.88633591   1.68611939  72.15954600  -105.613983710573 -105.684674225620 0.070690515047 
  0.96446195   1.55746830 144.52159840  -105.586660242177 -105.578523759723 -0.008136482455 
  1.02612688   1.57906669 103.00000000  -105.559483654986 -105.560438055116 0.000954400130 
  1.06670487   1.57068197 103.00000000  -105.538433730770 -105.540241250517 0.001807519747 
  0.96446195   1.61275038  90.39618367  -105.005089911712 -104.944014498575 -0.061075413138 
  0.98025695   1.57535900 118.08420464  -104.969084366927 -104.947542179354 -0.021542187573 
  0.96446195   1.57982887 117.87489797  -104.808068797884 -104.782732955934 -0.025335841949 
  0.96446195   1.59547739 103.00000000  -104.583183109724 -104.586162095555 0.002978985831 
  0.96446195   1.59407480 104.25655079  -104.477007863159 -104.492312902329 0.015305039170 
  0.84154588   1.67615512  84.92558090  -104.233909487186 -104.190349266843 -0.043560220343 
  0.92807638   1.70276062  63.74098119  -104.161907020767 -103.955826843699 -0.206080177069 
  0.97801891   1.59218320 103.00000000  -103.889475041135 -103.891416443902 0.001941402767 
  1.03857547   1.58739542  95.12189412  -103.658547797866 -103.618806898647 -0.039740899219 
  1.00375489   1.66793038  65.23109128  -103.531258246403 -103.434944541011 -0.096313705392 
  0.96446195   1.63298294  80.51265234  -103.435143414252 -103.517204671419 0.082061257167 
  0.79559854   1.68888476  93.69872460  -103.296518853822 -103.255729270342 -0.040789583480 
  0.84343658   1.68888476  79.71015523  -103.294852826253 -103.341873658873 0.047020832619 
  0.95985852   1.66848967  68.88999560  -103.265638746285 -103.229045761416 -0.036592984869 
  0.80923153   1.65498640 109.60020931  -103.194987236231 -103.201489842301 0.006502606070 
  1.00259815   1.58640914 103.00000000  -103.053649519381 -103.054521783473 0.000872264092 
  0.83677067   1.70403749  75.99339003  -103.043967198315 -103.124322554211 0.080355355896 
  0.86712302   1.70001289  71.80160027  -103.037377968398 -103.098611254723 0.061233286325 
  0.76676416   1.67121768 121.02200144  -103.032961256449 -103.014387625648 -0.018573630802 
  1.07788934   1.57564190  98.49180848  -102.847087562222 -102.828323727706 -0.018763834516 
  0.81065883   1.67570574  95.41711152  -102.835043788455 -102.799244683015 -0.035799105440 
  0.88257331   1.62040264 107.26423207  -102.788890353248 -102.830544528735 0.041654175488 
  0.98330168   1.60327881  94.14701758  -102.628450242308 -102.561759150331 -0.066691091976 
  0.96446195   1.57329739 127.31866451  -102.489708322206 -102.409634833960 -0.080073488245 
  0.77322207   1.66381629 123.40988836  -102.472094376561 -102.490343799412 0.018249422852 
  0.96446195   1.68888476  63.91959799  -102.443743213797 -102.285668191218 -0.158075022579 
  1.20551955   1.55196415 103.00000000  -101.688007175468 -101.680950426153 -0.007056749315 
  1.00753410   1.58097936 107.87351927  -101.509770555498 -101.545467617877 0.035697062379 
  1.02247540   1.68888476  60.39605778  -101.427322393527 -101.370112877995 -0.057209515532 
  0.89179795   1.63222109  96.49779928  -101.424124852205 -101.365922162663 -0.058202689542 
  0.94748972   1.65229383  75.87297572  -101.372289155039 -101.484163265871 0.111874110832 
  0.91454990   1.61428226 103.00000000  -101.343531141167 -101.354518376393 0.010987235226 
  0.80052092   1.72758758  77.23475344  -101.327877665870 -101.378933811412 0.051056145542 
  0.96446195   1.59936745 101.84519695  -101.306401289272 -101.296560783120 -0.009840506152 
  0.83350734   1.64235792 109.68919637  -101.277181138634 -101.287874433464 0.010693294830 
  0.84376484   1.69399025  78.54510858  -101.233832725346 -101.296623094808 0.062790369463 
  0.97206722   1.63360213  79.97054244  -101.194310134641 -101.280255727282 0.085945592642 
  1.50240686   1.52246143 104.69318312  -101.135421595925 -101.131766307015 -0.003655288910 
  0.96446195   1.59332371 107.33918400  -100.843853905953 -100.879213939649 0.035360033695 
  0.96446195   1.61590463  90.50988961  -100.785902725849 -100.722536233211 -0.063366492638 
  0.86002811   1.68888476  77.19145842  -100.780591424307 -100.882672986978 0.102081562671 
  0.94048011   1.67744806  69.14602232  -100.671283524098 -100.644747397498 -0.026536126600 
  1.17003312   1.55727363 103.00000000  -100.646534194686 -100.644345417736 -0.002188776950 
  0.77372017   1.70917524  93.73374317  -100.498936211872 -100.481678360098 -0.017257851774 
  0.77889447   1.68888476 103.00000000  -100.211448180067 -100.249636199143 0.038188019075 
  0.96446195   1.59888476 103.00000000  -100.095366072328 -100.097816103369 0.002450031041 
  0.90492438   1.61669900 104.82630181  -99.992580275713 -100.021347090877 0.028766815164 
  0.82783487   1.69117426  84.07806980  -99.541268569334 -99.501461607662 -0.039806961671 
  0.81261257   1.68888476  89.59251454  -99.534566801605 -99.453857549308 -0.080709252297 
  0.90841039   1.59685646 122.76391166  -99.274413514810 -99.187952346572 -0.086461168237 
  0.96446195   1.68888476  64.62311558  -98.916709968096 -98.770464475766 -0.146245492330 
  0.78603554   1.68888476 100.37363916  -98.893103574799 -98.925361049460 0.032257474661 
  0.96446195   1.56786999 137.58819901  -98.532795382122 -98.586517030820 0.053721648698 
  0.79046451   1.68888476  98.63544003  -98.440711559393 -98.458061604372 0.017350044978 
  0.96839367   1.58915424 111.98064019  -98.404051106685 -98.435240404752 0.031189298066 
  0.83151155   1.64330804 111.92507707  -98.401230216750 -98.408139865282 0.006909648532 
  0.96446195   1.70739722  61.25730304  -97.925897224421 -97.775415026425 -0.150482197996 
  0.71141396   1.76256557 103.00000000  -97.923624404353 -97.901759684526 -0.021864719827 
  0.97872401   1.59843686 101.52332304  -97.699622777582 -97.685148590553 -0.014474187028 
  0.89803370   1.68888476  71.96057574  -97.653345139486 -97.719931509078 0.066586369592 
  0.90693426   1.68888476  70.80200327  -97.540773078617 -97.573639311683 0.032866233065 
  0.85677546   1.70698758  73.13961252  -97.473457271368 -97.561431168265 0.087973896897 
  0.75731597   1.68888476 118.35405641  -97.220869180877 -97.166538880401 -0.054330300476 
  1.00912052   1.56988827 123.23473610  -96.784116190560 -96.728252021557 -0.055864169003 
  0.97459378   1.59855021 103.00000000  -96.716378559646 -96.717612086696 0.001233527050 
  1.20127670   1.55587938 103.00000000  -96.573470247193 -96.567033574800 -0.006436672392 
  0.84144123   1.66464174  94.43679160  -96.545017610326 -96.474050266922 -0.070967343404 
  0.93892506   1.59879193 112.61862390  -96.451137914450 -96.472231482468 0.021093568018 
  0.96446195   1.60175879 103.00000000  -96.353782247330 -96.355720102720 0.001937855390 
  0.82259337   1.66232286 103.00000000  -96.293180090168 -96.320236729968 0.027056639801 
  0.77040458   1.68888476 110.83738709  -95.965938510111 -95.930377674876 -0.035560835235 
  0.84199212   1.68888476  82.96088741  -95.798362787158 -95.782959793930 -0.015402993228 
  0.84136178   1.68888476  83.14187533  -95.733470765601 -95.714615996034 -0.018854769567 
  1.20210188   1.55640554 103.00000000  -95.628563608367 -95.622069389691 -0.006494218676 
  0.84909840   1.72752176  69.44410715  -95.624761701933 -95.641836524149 0.017074822216 
  0.97417669   1.61849650  89.66683833  -95.578214364625 -95.524442779961 -0.053771584663 
  1.06703050   1.57763650 103.00000000  -95.560004047140 -95.561110428880 0.001106381740 
  0.96446195   1.68888476  65.32663317  -95.514171505798 -95.383314533911 -0.130856971887 
  0.95488124   1.74228931  56.83776476  -95.342439040789 -95.438554343891 0.096115303102 
  0.73416889   1.69576459 132.24950962  -95.279094561225 -95.261590826820 -0.017503734405 
  1.18872693   1.55381853 107.53848610  -95.231241244492 -95.239353664054 0.008112419563 
  1.07810344   1.57603484 103.00000000  -94.822166132406 -94.823417889867 0.001251757461 
  0.88770463   1.65950499  85.60148392  -94.786709212753 -94.759250988838 -0.027458223914 
  0.80487194   1.68888476  94.84817685  -94.749676785654 -94.713560817002 -0.036115968652 
  0.73432744   1.70236493 127.64007636  -94.698476206384 -94.816409802562 0.117933596178 
  0.78643216   1.68888476 103.00000000  -94.615777742372 -94.652990806947 0.037213064575 
  0.96446195   1.61641032  93.29296519  -94.590832889597 -94.514817064155 -0.076015825442 
  0.78601008   1.71803035  87.88719558  -94.566074625374 -94.494056277522 -0.072018347852 
  0.96446195   1.62505402  88.16948632  -94.440864938457 -94.399294763666 -0.041570174791 
  1.11782751   1.57392506  99.19177505  -94.038092641891 -94.028794980916 -0.009297660975 
  0.94818479   1.64816313  79.89103439  -94.002064366116 -94.091308398499 0.089244032384 
  0.86417569   1.68888476  78.78089704  -93.943188866389 -94.027596026202 0.084407159813 
  0.96579691   1.59721361 108.31793437  -93.813546193480 -93.850755795095 0.037209601615 
  0.80966531   1.67305368 103.00000000  -93.763219974819 -93.795143864336 0.031923889517 
  0.96446195   1.60388476 103.00000000  -93.611484164277 -93.613113710611 0.001629546334 
  0.87576480   1.62585487 111.70022849  -93.607569241569 -93.625058036340 0.017488794771 
  0.97968284   1.68888476  64.51666924  -93.566894518768 -93.438703405712 -0.128191113057 
  1.04450437   1.61638891  81.48854164  -93.303712767320 -93.357820954802 0.054108187482 
  0.96446195   1.60150654 105.22772653  -93.261070579509 -93.283174512682 0.022103933173 
  1.39630850   1.53522554 105.76871727  -93.153092601213 -93.141499611371 -0.011592989842 
  0.92498436   1.73660755  59.94600349  -93.079475898852 -92.901857315057 -0.177618583795 
  0.95890651   1.66117621  73.93796850  -93.011775091396 -93.100102177238 0.088327085842 
  0.96446195   1.70293918  62.96851716  -93.000589860698 -92.840115953869 -0.160473906829 
  1.01313701   1.68888476  62.35207875  -92.912667755514 -92.825283702604 -0.087384052910 
  0.85628165   1.71115345  73.42598123  -92.869966118607 -92.962521496153 0.092555377545 
  0.74739849   1.72609871 103.00000000  -92.698875504975 -92.727960514853 0.029085009878 
  1.02558234   1.58928503 102.49927085  -92.462803826733 -92.458174104882 -0.004629721851 
  0.96446195   1.57193490 138.06073185  -92.442442967280 -92.502744076000 0.060301108720 
  0.79738976   1.68888476  99.38003286  -92.306181608765 -92.324824892139 0.018643283374 
  0.96446195   1.68888476  66.03015075  -92.229155703739 -92.116594923361 -0.112560780377 
  0.95764194   1.61368471  97.95380971  -92.143460574756 -92.090259999251 -0.053200575505 
  0.90105592   1.64480335  91.37046893  -92.062863202886 -91.976739888217 -0.086123314669 
  0.96446195   1.60574304 102.55102929  -91.936179465061 -91.932999069551 -0.003180395511 
  0.98938830   1.61108922  93.53439604  -91.549814275790 -91.482256332157 -0.067557943632 
  0.96446195   1.72486428  59.43940575  -91.541143300426 -91.453281347162 -0.087861953265 
  0.75040520   1.68888476 128.61010311  -91.381431252696 -91.500269036917 0.118837784221 
  0.95965473   1.60657207 103.46794583  -91.303123611411 -91.309712940974 0.006589329563 
  0.79534612   1.68888476 101.09205818  -91.070251344419 -91.101031675948 0.030780331529 
  0.90700691   1.64512551  90.30637962  -91.012968245104 -90.931499861575 -0.081468383529 
  0.86635965   1.72136985  69.70873171  -90.671507028521 -90.683154942328 0.011647913807 
  0.90457625   1.68888476  73.06789142  -90.661505275293 -90.752180475922 0.090675200628 
  0.93684159   1.58147996 137.29981975  -90.645541950096 -90.701588099753 0.056046149657 
  0.80738407   1.68811028  96.88285127  -90.253124655574 -90.238367854279 -0.014756801294 
  0.95904272   1.68888476  67.04408790  -89.851870792074 -89.765228199059 -0.086642593015 
  0.94249909   1.59019555 125.88357759  -89.848416921930 -89.756583899957 -0.091833021973 
  1.04467350   1.64435013  71.49831174  -89.665145553823 -89.672244425628 0.007098871804 
  0.86974990   1.68888476  79.29821815  -89.470105525594 -89.547990022708 0.077884497114 
  1.04161083   1.58989439 100.84886652  -89.389122192213 -89.371587711475 -0.017534480738 
  1.25368080   1.55931758  98.65768752  -89.360257785818 -89.353701922476 -0.006555863343 
  0.93417758   1.59989999 118.63235095  -89.320488178604 -89.270452227904 -0.050035950700 
  1.04923028   1.68888476  60.92840141  -89.307193717654 -89.274188535422 -0.033005182231 
  0.80543774   1.68888476  97.86205032  -89.196471430711 -89.194268306505 -0.002203124206 
  0.79396985   1.68888476 103.00000000  -89.182775601126 -89.218382545323 0.035606944197 
  1.47692154   1.53720344 100.19057012  -89.173565356828 -89.252701724289 0.079136367461 
  0.96446195   1.68888476  66.73366834  -89.055692750870 -88.963090182506 -0.092602568363 
  0.75139675   1.68888476 130.10548524  -88.931543119863 -89.038507397939 0.106964278076 
  1.00005861   1.59769114 103.00000000  -88.812210717875 -88.811747405915 -0.000463311960 
  0.88074000   1.68888476  77.51038728  -88.670341782421 -88.775029558489 0.104687776068 
  0.96446195   1.58372458 127.23482553  -88.508043138325 -88.424823563920 -0.083219574405 
  1.01288721   1.68888476  63.17342845  -88.481970080575 -88.391754174890 -0.090215905685 
  0.96022601   1.68888476  67.25852232  -88.444762962637 -88.365656583599 -0.079106379038 
  0.96446195   1.60804020 103.00000000  -88.313253980577 -88.314314878598 0.001060898021 
  0.80952860   1.68888476  96.74735544  -88.290971256367 -88.272933864350 -0.018037392017 
  0.79036027   1.66801162 121.53168566  -88.076429646997 -88.045635148098 -0.030794498899 
  1.09138392   1.68740519  59.37529604  -87.978154539178 -87.912993490423 -0.065161048755 
  0.96446195   1.60286644 107.65300938  -87.966703138423 -88.001419937288 0.034716798865 
  0.78157510   1.67416807 122.21058444  -87.713667659860 -87.701680343582 -0.011987316278 
  0.67180133   1.85122098 103.00000000  -87.659651918952 -87.652320859428 -0.007331059524 
  0.89757750   1.63463735 101.33481862  -87.577122514056 -87.573056957848 -0.004065556208 
  0.90196314   1.63084117 102.81472727  -87.554673862629 -87.565268592235 0.010594729606 
  1.03562659   1.60182289  93.90251100  -87.498446028087 -87.452380050613 -0.046065977473 
  0.80654463   1.68888476  98.45750980  -87.467582453577 -87.470735170029 0.003152716452 
  0.96446195   1.62841703  89.57631886  -87.358429800941 -87.298541714827 -0.059888086114 
  0.96446195   1.60888476 103.00000000  -87.246338516819 -87.247312044481 0.000973527661 
  1.34768311   1.54650650 102.98129615  -87.001000228804 -86.979541067540 -0.021459161264 
  0.79314788   1.68888476 104.92712044  -86.994506057745 -87.025908488625 0.031402430880 
  0.81740877   1.64506863 127.09802253  -86.763703702130 -86.796812271469 0.033108569339 
  0.90094246   1.68888476  74.85675828  -86.556377025110 -86.668429728664 0.112052703553 
  0.94538759   1.68888476  69.20168653  -86.494944643684 -86.476096916075 -0.018847727609 
  1.04175802   1.66228651  67.43221386  -86.493628827408 -86.456151851732 -0.037476975676 
  1.01773952   1.68722147  63.57197011  -86.415852376191 -86.332106585305 -0.083745790885 
  0.85502682   1.71675022  74.04086761  -86.402207168430 -86.501511806204 0.099304637774 
  0.96446195   1.68888476  67.43718593  -85.987331499753 -85.915993076190 -0.071338423563 
  0.92639138   1.65424763  84.01340000  -85.919463334107 -85.930667383306 0.011204049199 
  0.96446195   1.61518859  98.95108370  -85.908249464166 -85.864419504684 -0.043829959482 
  0.77904079   1.72177170  93.44584782  -85.875536929972 -85.852440727928 -0.023096202044 
  0.96446195   1.66900781  72.88098631  -85.860727806525 -85.930018252825 0.069290446301 
  0.96446195   1.60659091 105.99673714  -85.624014599536 -85.650547905772 0.026533306236 
  0.96446195   1.67121298  72.30697843  -85.503946307872 -85.562493413349 0.058547105477 
  0.96446195   1.61937054  96.32481370  -85.299102406938 -85.231811232325 -0.067291174613 
  1.34286253   1.54806251 103.00000000  -85.292607731084 -85.270583952828 -0.022023778256 
  0.75811882   1.68888476 128.72753873  -85.028048763132 -85.143952596911 0.115903833779 
  0.93193823   1.58989430 134.33011091  -84.951556964992 -84.967391930955 0.015834965963 
  0.73603064   1.75391780 100.29059319  -84.709210491561 -84.758970856335 0.049760364774 
  1.01485965   1.63150709  81.36078366  -84.583087340241 -84.640952367757 0.057865027516 
  0.99981211   1.60922037  96.65587574  -84.537460159125 -84.480161704589 -0.057298454535 
  0.89247483   1.66778441  85.19345240  -84.437491971294 -84.414032197912 -0.023459773382 
  0.96446195   1.60949223 104.37079153  -84.384113687876 -84.398099219557 0.013985531681 
  0.84774977   1.65919206 103.00000000  -84.276812222586 -84.307849124189 0.031036901603 
  1.04088731   1.66636561  66.98985933  -84.258554193508 -84.216280926290 -0.042273267218 
  0.95630030   1.63046764  91.56507131  -84.056178390198 -83.978283811614 -0.077894578583 
  1.31832276   1.55126685 103.00000000  -84.017110787969 -83.994768039469 -0.022342748500 
  0.80150754   1.68888476 103.00000000  -83.907131912096 -83.940559900809 0.033427988713 
  1.03818917   1.59228187 103.00000000  -83.798155743407 -83.797707228568 -0.000448514839 
  0.74023332   1.74524288 103.00000000  -83.787129460630 -83.810508716503 0.023379255872 
  0.94926897   1.61163813 107.11630154  -83.609654299125 -83.642502074621 0.032847775496 
  0.96446195   1.68888476  68.00000000  -83.604641623555 -83.550613394211 -0.054028229344 
  0.75002145   1.70747346 121.67033394  -83.489668510174 -83.497389181024 0.007720670850 
  1.00130097   1.58802066 115.85965419  -83.362269855672 -83.366551008440 0.004281152768 
  1.04940589   1.67444649  64.76903460  -83.210983298733 -83.170099086312 -0.040884212422 
  0.74266235   1.73034435 111.08218974  -83.102167781086 -83.021071808378 -0.081095972707 
  1.09096235   1.68888476  59.89608213  -83.032477916706 -82.994658100236 -0.037819816470 
  0.96446195   1.68888476  68.14070352  -83.018485357417 -82.968901830880 -0.049583526537 
  0.93342338   1.63091174  96.93137629  -82.959736955450 -82.895556358608 -0.064180596842 
  0.90459393   1.68888476  75.46597807  -82.883796508326 -82.998054553018 0.114258044692 
  1.03768185   1.58354159 112.05288654  -82.847167106887 -82.883771330908 0.036604224021 
  0.92821967   1.60659971 119.11757232  -82.833946547431 -82.774793511332 -0.059153036099 
  0.96530041   1.57300228 145.50105247  -82.733206265391 -82.703807212865 -0.029399052527 
  0.84254157   1.66364175 103.00000000  -82.672331566824 -82.705144202364 0.032812635540 
  0.77264823   1.71386024 103.00000000  -82.472959436309 -82.508675411302 0.035715974993 
  0.85329592   1.63504142 121.88057676  -82.466771702319 -82.401081661065 -0.065690041254 
  1.17617841   1.56884568 103.00000000  -82.435905603845 -82.433111681089 -0.002793922755 
  0.96446195   1.64362173  83.87836578  -82.336555208582 -82.358034005953 0.021478797372 
  1.06310738   1.57823411 112.50437842  -82.295191440775 -82.332003632907 0.036812192132 
  0.85931404   1.66487516  96.55283444  -82.171403923159 -82.126747690772 -0.044656232388 
  1.15372936   1.57802003  98.10337263  -82.040901041364 -82.035977906227 -0.004923135137 
  0.84387899   1.68888476  88.58263154  -81.950788603459 -81.861534482597 -0.089254120862 
  0.96446195   1.62091769  97.22890190  -81.810930757987 -81.750067044233 -0.060863713754 
  0.96446195   1.61201433 103.99679347  -81.796957767056 -81.807300054966 0.010342287910 
  0.79209693   1.69829825 103.00000000  -81.787943627736 -81.823107685655 0.035164057919 
  0.84066267   1.70290075  83.48523256  -81.782909204423 -81.751688939793 -0.031220264630 
  0.92474176   1.60923923 118.86375629  -81.368583727926 -81.311075919718 -0.057507808208 
  0.93022659   1.60265526 123.90201089  -81.263805244282 -81.169700391759 -0.094104852523 
  0.85908112   1.68888476  84.91264730  -81.228565806439 -81.195602807479 -0.032962998961 
  0.75978926   1.68888476 131.03597016  -81.201229753366 -81.297691934873 0.096462181508 
  0.96446195   1.60581151 109.93103153  -81.059038093630 -81.094286271657 0.035248178027 
  0.85599273   1.68888476  85.77678535  -80.998374632814 -80.951147260964 -0.047227371850 
  0.96446195   1.61388476 103.00000000  -80.998031212072 -80.998362607412 0.000331395341 
  0.96446195   1.62972037  91.99004374  -80.895240202935 -80.817771360751 -0.077468842184 
  0.90760897   1.68888476  75.67570083  -80.797163875490 -80.911511972085 0.114348096595 
  0.96446195   1.61432161 103.00000000  -80.457578532754 -80.457875824063 0.000297291309 
  0.86013407   1.68888476  85.04514593  -80.332352558631 -80.297217568386 -0.035134990245 
  0.96446195   1.68888476  68.84422111  -80.143779523922 -80.115815237060 -0.027964286862 
  0.79975899   1.69021714 105.64599988  -80.105312035575 -80.133308322308 0.027996286733 
  1.03366820   1.59480483 104.12572429  -80.097410733615 -80.106393601001 0.008982867386 
  0.87364795   1.62921977 120.25232085  -80.075252771956 -80.003915333867 -0.071337438089 
  0.88201163   1.64583640 103.00000000  -80.057852002024 -80.075665943623 0.017813941598 
  0.96446195   1.57553055 145.13078965  -80.031469232643 -80.019479543274 -0.011989689369 
  0.90336878   1.70459046  71.82543087  -80.031110927132 -80.096412657661 0.065301730530 
  0.76732554   1.71240625 109.20522473  -79.639169120019 -79.613932072092 -0.025237047926 
  0.99534847   1.68888476  66.24637855  -79.535036642403 -79.453512187783 -0.081524454619 
  0.86316605   1.64138033 114.14997574  -79.486805820517 -79.472303221814 -0.014502598704 
  0.94169217   1.59213473 133.38519198  -79.331376677637 -79.328011549285 -0.003365128352 
  0.96446195   1.58274031 136.87517631  -79.318981158453 -79.369641147855 0.050659989402 
  0.81282123   1.70448290  92.41185812  -79.138530524448 -79.072391172104 -0.066139352344 
  1.11190450   1.58357621 100.94661736  -79.057908678958 -79.049166436404 -0.008742242555 
  0.96446195   1.60195059 115.23890163  -79.022349233928 -79.020137972083 -0.002211261845 
  1.35619121   1.55174493 102.36863269  -78.921397632930 -78.898344965739 -0.023052667191 
  0.86820208   1.68888476  83.76500024  -78.886253877245 -78.876272352930 -0.009981524315 
  0.96446195   1.73985011  59.20777573  -78.819572961835 -78.751523435937 -0.068049525898 
  0.80904523   1.68888476 103.00000000  -78.783706456419 -78.814470353890 0.030763897471 
  1.12991729   1.57942938 102.08414506  -78.781414976620 -78.778193240281 -0.003221736339 
  0.78226842   1.69791596 110.89129180  -78.750567050647 -78.722540909554 -0.028026141093 
  0.92199075   1.66324247  83.75208264  -78.694800764682 -78.706485102319 0.011684337637 
  1.10485749   1.68188016  61.12010708  -78.436102542040 -78.453028308447 0.016925766406 
  0.96446195   1.60934291 108.70604081  -78.315796399133 -78.351342345640 0.035545946508 
  0.96328436   1.58566365 134.77097686  -78.176619508831 -78.194452345001 0.017832836170 
  0.78269045   1.74335204  86.70878814  -78.017438387804 -77.952239500389 -0.065198887414 
  0.89770306   1.68888476  78.27965555  -77.896444292870 -77.994540673461 0.098096380591 
  0.80964821   1.68633376 105.07118868  -77.830733813091 -77.860866381647 0.030132568556 
  0.91284121   1.67010568  82.84070628  -77.820559306983 -77.846844664008 0.026285357025 
  0.90287608   1.68888476  77.43607734  -77.796284097658 -77.903627781182 0.107343683524 
  1.05987787   1.60888408  90.54012840  -77.768257619082 -77.748705367397 -0.019552251685 
  0.84941428   1.63795811 125.23728220  -77.555978850269 -77.516318089478 -0.039660760791 
  1.02401835   1.58101670 122.79417581  -77.445023935576 -77.393581268687 -0.051442666889 
  0.91054512   1.68888476  76.34349602  -77.377009400097 -77.490356995835 0.113347595737 
  0.96446195   1.68888476  69.54773869  -77.358165764410 -77.351125560595 -0.007040203814 
  1.06514443   1.59320239 101.39628737  -77.340158950388 -77.328261154973 -0.011897795415 
  0.77920873   1.71407888 103.00000000  -77.288552613001 -77.323996873258 0.035444260257 
  0.82479875   1.68030477 103.00000000  -76.769180709449 -76.793809664558 0.024628955109 
  1.09089115   1.57640467 113.19680756  -76.684174026308 -76.719564469816 0.035390443508 
  1.01941225   1.58398223 121.25760977  -76.596157470212 -76.552166915119 -0.043990555094 
  1.00313371   1.68888476  66.28779036  -76.548526457140 -76.473397375648 -0.075129081492 
  0.96446195   1.70557168  65.80814296  -76.509910276927 -76.400105418120 -0.109804858807 
  0.89651812   1.69353257  77.38401634  -76.438172821741 -76.543880340055 0.105707518314 
  0.96446195   1.61304655 106.85459640  -76.323543350776 -76.353853172458 0.030309821682 
  0.76285922   1.68888476 133.51303976  -76.117654632057 -76.134035556819 0.016380924762 
  1.44678794   1.54639419 101.74167232  -76.097070979515 -76.133873912833 0.036802933318 
  0.96446195   1.60676990 112.80595432  -76.056447611580 -76.076576482928 0.020128871348 
  0.76231489   1.73506614 100.89973110  -76.053770501680 -76.095365808671 0.041595306991 
  1.04450625   1.62512523  84.11028075  -76.042938091821 -76.072604605046 0.029666513225 
  0.92559535   1.76111680  59.04452160  -75.986645404722 -75.862974394382 -0.123671010341 
  1.11437647   1.58323618 103.00000000  -75.714918579532 -75.715799350314 0.000880770782 
  0.75874094   1.73562793 103.00000000  -75.577447691910 -75.608623811653 0.031176119743 
  0.98439640   1.62989820  90.80745330  -75.561408871832 -75.496799725367 -0.064609146465 
  0.78458399   1.70583367 106.58245960  -75.557593217502 -75.573409162256 0.015815944754 
  0.85570239   1.64622548 116.41460080  -75.506829568338 -75.466622335905 -0.040207232433 
  0.91135911   1.62926494 109.39044031  -75.488837202334 -75.520500452684 0.031663250350 
  0.81446195   1.68888476 103.00000000  -75.193106679890 -75.221737937158 0.028631257268 
  0.92203621   1.68888476  75.32935760  -75.188178100412 -75.299531255841 0.111353155429 
  0.90833747   1.70392837  72.76805069  -75.069349258833 -75.154192545553 0.084843286721 
  0.96446195   1.61888476 103.00000000  -74.864454297123 -74.864253907082 -0.000200390041 
  0.96446195   1.68888476  70.25125628  -74.656844548306 -74.669609267723 0.012764719416 
  0.96446195   1.59301542 129.18693825  -74.315597451179 -74.246754335203 -0.068843115976 
  0.92277143   1.72306816  66.54073789  -74.053525269108 -73.945301137075 -0.108224132033 
  0.92483566   1.63325913 103.00000000  -74.023986072581 -74.029232979057 0.005246906475 
  0.81658291   1.68888476 103.00000000  -73.807595556213 -73.835255505489 0.027659949276 
  1.16580691   1.56974835 109.56321341  -73.780258429906 -73.805314922123 0.025056492216 
  0.97628290   1.57963670 142.45845689  -73.504755201237 -73.571285862468 0.066530661231 
  0.80749115   1.68888476 107.63857359  -73.383878244302 -73.400126271201 0.016248026899 
  0.79268689   1.67810930 124.93330839  -73.103110870416 -73.128597207840 0.025486337425 
  0.96446195   1.62060302 103.00000000  -72.782796162250 -72.782411633261 -0.000384528989 
  0.96446195   1.64823108  85.79394038  -72.578793459306 -72.564244447967 -0.014549011339 
  0.84809699   1.64947703 119.60549116  -72.514992011606 -72.454361137782 -0.060630873823 
  0.87520534   1.72678821  72.15730718  -72.432813331568 -72.513291128855 0.080477797286 
  0.96911792   1.61949176 103.00000000  -72.366040513349 -72.365379841130 -0.000660672219 
  0.96446195   1.60331560 119.33608275  -72.361800798913 -72.309265494186 -0.052535304728 
  0.70824178   1.81980631  96.94439767  -72.258851129365 -72.348771627063 0.089920497698 
  1.00032594   1.69625177  65.84189340  -72.141619442016 -72.060476909670 -0.081142532346 
  0.96446195   1.68888476  70.95477387  -72.035285183887 -72.066416344720 0.031131160833 
  0.96446195   1.69033885  70.56884516  -71.998245231000 -72.019866987298 0.021621756299 
  0.88271455   1.68888476  83.48617159  -71.866562692790 -71.865462066023 -0.001100626768 
  0.95552891   1.63552324  95.05513294  -71.784231984868 -71.705858820853 -0.078373164015 
  0.92027400   1.68888476  76.71691908  -71.765038917030 -71.875731008071 0.110692091040 
  0.96446195   1.60485730 118.31758927  -71.641911770061 -71.601168599391 -0.040743170670 
  0.83207798   1.64976778 128.49272169  -71.416822999825 -71.455657386173 0.038834386348 
  0.85001924   1.68946921  91.88921550  -71.174097563930 -71.094856051459 -0.079241512470 
  0.96446195   1.61322000 110.52883875  -71.065574316268 -71.097372586900 0.031798270632 
  0.88879255   1.63113975 119.95771959  -70.721669238643 -70.648680861666 -0.072988376977 
  0.82171817   1.68888476 102.85787832  -70.706002177874 -70.730898215032 0.024896037158 
  1.04029045   1.61598773  92.61312772  -70.468892623830 -70.422891522308 -0.046001101523 
  0.97024553   1.60395775 118.64411616  -70.257262604486 -70.214501874163 -0.042760730322 
  0.77192523   1.71999980 108.79908656  -70.237835012631 -70.220134436647 -0.017700575984 
  0.96446195   1.67942134  74.27739270  -70.227896593195 -70.317133992411 0.089237399216 
  0.82817160   1.68888476 100.51741613  -70.133820425817 -70.140426537246 0.006606111429 
  0.84606889   1.68888476  94.03081616  -70.074338846887 -70.011425713258 -0.062913133629 
  0.96446195   1.70909926  66.48721528  -70.061594064548 -69.971666245266 -0.089927819281 
  1.03451058   1.60380827 103.00000000  -69.857988878455 -69.856698435642 -0.001290442813 
  0.80272138   1.70355790 103.00000000  -69.604423493751 -69.635943139786 0.031519646035 
  1.13062763   1.59265858  96.64721450  -69.594408747620 -69.582191171878 -0.012217575742 
  0.82641159   1.68888476 101.61780215  -69.567261087188 -69.583327397050 0.016066309862 
  0.96446195   1.68888476  71.65829146  -69.489617130614 -69.537057623973 0.047440493359 
  1.12693773   1.58998558  99.40819336  -69.342277811822 -69.329370642735 -0.012907169087 
  0.96152610   1.60386124 122.42276834  -69.230587573700 -69.146989787526 -0.083597786174 
  1.01521330   1.62083154  94.29863291  -69.184622138273 -69.122260783021 -0.062361355252 
  1.00419311   1.61198491 103.00000000  -69.172491514000 -69.170505304639 -0.001986209361 
  0.82412060   1.68888476 103.00000000  -68.973977314225 -68.998214580935 0.024237266711 
  0.96446195   1.62388476 103.00000000  -68.843678609683 -68.843010610261 -0.000667999422 
  0.71203318   1.80416109 104.17974594  -68.736210067131 -68.708145942269 -0.028064124862 
  1.36625325   1.56161123  99.08134861  -68.635319236466 -68.643392127405 0.008072890939 
  1.06071444   1.60865341  95.38360670  -68.623267737188 -68.582642369076 -0.040625368112 
  0.71199303   1.80683445 103.00000000  -68.539801032945 -68.538882303636 -0.000918729309 
  0.93484687   1.61208469 123.38208002  -68.479475295306 -68.385309485467 -0.094165809838 
  0.96527864   1.58896469 139.71930904  -68.026884830939 -68.109399948364 0.082515117425 
  0.84541152   1.67663767 103.00000000  -67.844711474678 -67.874389175271 0.029677700593 
  0.95733237   1.62219204 106.99559888  -67.775332079120 -67.805335908416 0.030003829296 
  0.76778044   1.75945315  91.63534982  -67.484663679883 -67.465151278470 -0.019512401413 
  0.95120069   1.64011176  95.59594693  -67.260537826074 -67.184209225866 -0.076328600208 
  1.05732743   1.60888195  96.54600712  -67.235124603452 -67.194123438376 -0.041001165076 
  0.93479225   1.68888476  76.08930079  -67.207863424152 -67.316840229811 0.108976805659 
  0.79369845   1.69696814 114.39188419  -67.170073328907 -67.120711887390 -0.049361441518 
  0.99757175   1.68888476  68.98682699  -67.072053037726 -67.050226990102 -0.021826047624 
  0.96446195   1.68888476  72.36180905  -67.015671990135 -67.077390907023 0.061718916888 
  0.96959117   1.68888476  71.86117621  -66.757558476456 -66.807328503853 0.049770027396 
  0.87961312   1.67517933  93.14118154  -66.753845957650 -66.669651471670 -0.084194485980 
  0.98613002   1.58934627 133.79963054  -66.716384966818 -66.723421473053 0.007036506235 
  0.86391990   1.68888476  90.43649549  -66.715818919787 -66.630110002848 -0.085708916939 
  1.04735270   1.60333163 103.00000000  -66.669478674354 -66.668530402494 -0.000948271859 
  0.78762250   1.69583250 119.57550701  -66.649162732581 -66.607415668947 -0.041747063634 
  0.98952317   1.60819112 111.74411226  -66.644171824504 -66.673861983582 0.029690159078 
  0.84199590   1.67615547 105.57495003  -66.641846984559 -66.680100029673 0.038253045114 
  0.96446195   1.71137944  66.77774280  -66.616345919407 -66.535602672329 -0.080743247077 
  0.85488350   1.68888476  93.14305997  -66.604122617577 -66.529495567664 -0.074627049913 
  0.82590593   1.68888476 103.94917192  -66.488883571172 -66.514840962475 0.025957391304 
  0.90705855   1.61025804 137.96198012  -66.326722708862 -66.422216147278 0.095493438417 
  0.94482568   1.64119986  96.90542492  -66.320681112058 -66.254308225985 -0.066372886074 
  0.96446195   1.62493190 104.01424880  -66.076835238397 -66.085937827149 0.009102588753 
  1.20307366   1.57422863 105.44095602  -65.976137005502 -65.978564471668 0.002427466166 
  1.15207783   1.69382055  59.09380937  -65.857644695356 -65.646954996124 -0.210689699231 
  0.87446810   1.71643072  77.48274692  -65.741930637796 -65.835682493493 0.093751855697 
  0.96446195   1.59457879 135.85333449  -65.291286237465 -65.331766470580 0.040480233114 
  0.96446195   1.62688442 103.00000000  -65.284933456351 -65.284032694540 -0.000900761811 
  0.96446195   1.66779931  80.09511065  -65.267529866174 -65.342042116108 0.074512249933 
  1.05628316   1.67328466  68.57202927  -65.239999294925 -65.213085495095 -0.026913799830 
  1.09877837   1.68888476  62.47064711  -65.101934719638 -65.121391895162 0.019457175524 
  0.96446195   1.61989539 109.13684979  -64.851120596537 -64.884547307759 0.033426711222 
  0.96446195   1.68888476  73.00000000  -64.830502725701 -64.903206953399 0.072704227698 
  0.96446195   1.68888476  73.06532663  -64.609919199094 -64.683605877695 0.073686678601 
  1.01317727   1.60197542 113.32101667  -64.606358306537 -64.631048244476 0.024689937939 
  0.88140468   1.66055778 103.00000000  -64.533067872973 -64.549308740014 0.016240867041 
  1.00134864   1.64567908  84.68884808  -64.474096781069 -64.484524620112 0.010427839044 
  0.83165829   1.68888476 103.00000000  -64.264403721943 -64.298834767028 0.034431045085 
  0.96446195   1.63459538  98.03565072  -64.174672842892 -64.119209727422 -0.055463115469 
  0.99768162   1.58634613 136.46186105  -64.171254999510 -64.229352975872 0.058097976362 
  1.04539243   1.59873201 109.50879861  -63.901088911127 -63.938926039662 0.037837128535 
  0.95552135   1.68888476  74.36859218  -63.894575882801 -63.988335838689 0.093759955887 
  0.96446195   1.63768356  96.21693572  -63.729282638989 -63.658356100061 -0.070926538929 
  0.99896217   1.59578419 124.87386826  -63.717084208027 -63.638575641191 -0.078508566835 
  0.79534376   1.70148348 112.99278357  -63.689352949175 -63.650184437169 -0.039168512007 
  0.89664889   1.66543639  95.64742402  -63.687324165152 -63.616121170380 -0.071202994772 
  0.95671278   1.64396351  93.98398314  -63.609518600628 -63.526203513592 -0.083315087036 
  0.96999938   1.61770377 110.50484839  -63.598920324115 -63.630200938630 0.031280614515 
  0.81780202   1.69023534 109.06222915  -63.511352459769 -63.517326582963 0.005974123194 
  0.98415367   1.67604926  75.11689364  -63.500790587514 -63.585312415449 0.084521827936 
  0.91799117   1.69525437  77.76953080  -63.456515730089 -63.557634100261 0.101118370171 
  0.82112525   1.68888476 108.58481972  -63.233403921524 -63.257526970588 0.024123049065 
  1.01634255   1.63223847  90.10490762  -63.218619104890 -63.171335566962 -0.047283537927 
  0.96446195   1.62888476 103.00000000  -62.933845958967 -62.932692732170 -0.001153226797 
  1.38188282   1.55961941 103.00000000  -62.833515881604 -62.842483438139 0.008967556535 
  0.84533202   1.68888476  98.60753635  -62.739208111419 -62.728060223958 -0.011147887461 
  0.80470600   1.68888476 117.99662644  -62.731689827815 -62.675478456637 -0.056211371178 
  0.96446195   1.68830611  73.82264589  -62.672150070550 -62.756007660088 0.083857589538 
  0.89547327   1.63877789 116.96663584  -62.559003339487 -62.513584922050 -0.045418417437 
  0.79917827   1.68888476 121.68116365  -62.425171933901 -62.398380737419 -0.026791196482 
  0.96446195   1.62871961 103.51542851  -62.355191449991 -62.359265187764 0.004073737773 
  0.96446195   1.68888476  73.76884422  -62.269014201080 -62.352207838549 0.083193637470 
  0.90131329   1.67324028  90.89162259  -62.195173827728 -62.105430543569 -0.089743284158 
  1.02331453   1.63144415  89.97362249  -62.176638652665 -62.133859901134 -0.042778751531 
  0.91963648   1.76561305  61.37591490  -62.148920711534 -61.954584336121 -0.194336375413 
  0.98094529   1.60659845 119.55544387  -62.140324105148 -62.088964121440 -0.051359983709 
  1.08430838   1.59177637 109.72836979  -62.097903417725 -62.135448058191 0.037544640465 
  1.02547705   1.72363833  60.98988167  -62.063585178574 -62.039153643756 -0.024431534818 
  0.96446195   1.71314233  67.47194066  -62.000844374968 -61.940861284805 -0.059983090163 
  1.08611798   1.68888476  63.75241170  -61.981335002482 -61.983345898369 0.002010895887 
  0.87250617   1.67256807  99.63654014  -61.975625925108 -61.960560257053 -0.015065668055 
  0.85209995   1.73379500  77.78014544  -61.882390655042 -61.964853741759 0.082463086716 
  1.03132364   1.61035357 103.46465556  -61.862116659260 -61.864684163275 0.002567504015 
  1.19530017   1.57933375 104.42457970  -61.846751457317 -61.846796901190 0.000045443874 
  0.96446195   1.61887339 112.41408896  -61.799845375550 -61.819680393322 0.019835017772 
  0.89328390   1.63818691 119.15004545  -61.694740906227 -61.626892964606 -0.067847941621 
  1.14902386   1.58749219 103.34624283  -61.638521510489 -61.639699750979 0.001178240490 
  0.96446195   1.69232317  72.94635452  -61.583368528834 -61.655283843557 0.071915314723 
  0.80780554   1.73587095  89.32984325  -61.040552414961 -60.964971157870 -0.075581257091 
  1.11498040   1.70755446  59.38088520  -60.604225721196 -60.520094742192 -0.084130979004 
  0.96446195   1.63187267 102.34918551  -60.437046929095 -60.428946594891 -0.008100334204 
  0.96446195   1.66822281  81.78918733  -60.404414364875 -60.452905132884 0.048490768009 
  0.89456167   1.68888476  85.84665104  -60.400184579470 -60.357994943867 -0.042189635603 
  0.87459062   1.64001929 126.73021037  -60.390644370425 -60.344327347375 -0.046317023051 
  0.86140590   1.67972952  99.93893104  -60.364719005931 -60.358849192753 -0.005869813178 
  0.96158315   1.66489952  83.70183953  -60.340281146146 -60.356276423584 0.015995277439 
  0.76309493   1.71160022 130.77800375  -60.279904681338 -60.380213438517 0.100308757179 
  0.96446195   1.63245787 102.05290380  -60.211136516053 -60.199711302447 -0.011425213606 
  1.07814222   1.60175638 103.00000000  -60.198272234164 -60.198375518954 0.000103284790 
  1.08470472   1.65180558  74.18829528  -60.180708837917 -60.183481262191 0.002772424273 
  0.93014136   1.63857653 106.80228031  -60.148321398337 -60.177339825644 0.029018427306 
  0.96446195   1.68888476  74.47236181  -59.989724198353 -60.080000970820 0.090276772468 
  0.86390356   1.66198053 112.04094880  -59.972411931572 -59.975923579718 0.003511648145 
  1.05211486   1.64896110  78.56667199  -59.958138089201 -60.006896590412 0.048758501211 
  0.76349767   1.73054897 116.39296352  -59.849160204220 -59.788883217163 -0.060276987057 
  0.96728846   1.63067546 103.00000000  -59.773852333470 -59.772454646027 -0.001397687444 
  0.88127084   1.68888476  89.29797040  -59.745649425819 -59.662207336508 -0.083442089311 
  0.97616102   1.68888476  73.17028635  -59.724313322044 -59.793492483575 0.069179161531 
  0.83919598   1.68888476 103.00000000  -59.701658158152 -59.732756174489 0.031098016337 
  0.85382286   1.68888476  97.51211800  -59.616861352024 -59.587137967232 -0.029723384792 
  0.83946195   1.68888476 103.00000000  -59.543114439752 -59.574022700654 0.030908260903 
  0.96590642   1.61031814 122.68036981  -59.465417374704 -59.379415026616 -0.086002348088 
  0.76551601   1.74964649 103.00000000  -59.363727004526 -59.393677152019 0.029950147494 
  1.12261376   1.68888476  62.28822706  -59.295394011355 -59.334864706734 0.039470695379 
  0.97036439   1.70836115  68.73389515  -59.105951582744 -59.082087133392 -0.023864449352 
  1.07450681   1.64603507  77.75181200  -59.021403627929 -59.053243721009 0.031840093081 
  0.93654084   1.74557316  64.08643118  -58.879352971871 -58.716611198764 -0.162741773108 
  0.72451313   1.80295756 103.00000000  -58.832262197808 -58.838320615696 0.006058417888 
  1.06555695   1.62375960  90.02083775  -58.707547323043 -58.686556851705 -0.020990471338 
  0.80535552   1.68541854 124.20011830  -58.671488689539 -58.689900542065 0.018411852526 
  0.88434172   1.67399781  97.05993121  -58.595136049291 -58.543451739996 -0.051684309295 
  0.97867809   1.67045815  79.55162561  -58.472948394228 -58.549013463864 0.076065069636 
  0.93210016   1.65533028  95.50959562  -58.447761915239 -58.369738422369 -0.078023492870 
  0.80759458   1.68888476 120.21257388  -58.363140785386 -58.330451166304 -0.032689619082 
  1.00728721   1.63513624  92.40418597  -58.291276498003 -58.224971580590 -0.066304917413 
  0.91015491   1.64715501 107.70842368  -58.251341481540 -58.282202953779 0.030861472238 
  0.83316888   1.70105598  98.91040378  -58.202445021612 -58.202936294122 0.000491272510 
  0.86098773   1.67748552 103.00000000  -58.186097732127 -58.208911094004 0.022813361878 
  0.88372967   1.68888476  89.46816640  -58.135324829913 -58.050831276183 -0.084493553730 
  1.23419707   1.57858426 103.00000000  -58.033456518482 -58.022120985423 -0.011335533060 
  0.83550419   1.68888476 105.78786158  -58.022848791392 -58.059919779141 0.037070987749 
  1.36767871   1.56312963 104.09011416  -57.969022525129 -57.977474242644 0.008451717516 
  0.96446195   1.63316583 103.00000000  -57.960224285202 -57.958901109386 -0.001323175816 
  0.96446195   1.68888476  75.17587940  -57.769230967613 -57.864070624993 0.094839657380 
  0.91403477   1.68888476  83.07752595  -57.553857110426 -57.567633829200 0.013776718773 
  0.68345377   1.88827205 103.01730935  -57.543413943222 -57.529441098546 -0.013972844676 
  0.96446195   1.63902859  98.97600729  -57.531107440758 -57.485094630251 -0.046012810508 
  0.85244605   1.71317156  87.02231770  -57.442428047121 -57.375156385993 -0.067271661128 
  0.83790300   1.69212330 103.00000000  -57.442233030739 -57.473427891547 0.031194860809 
  0.96446195   1.62847345 107.19008640  -57.383472013375 -57.412839369661 0.029367356287 
  0.95777236   1.65510760  90.57637631  -57.358654300057 -57.280593271240 -0.078061028816 
  0.86727995   1.67561891 102.52686931  -57.299231994639 -57.315942552999 0.016710558360 
  1.05510547   1.60900127 103.00000000  -57.282789374152 -57.281945204765 -0.000844169388 
  0.96446195   1.63388476 103.00000000  -57.132784228652 -57.131394859528 -0.001389369124 
  1.05029018   1.68888476  67.11275946  -57.121467067362 -57.083843986661 -0.037623080700 
  0.99041383   1.67265291  77.68768800  -57.043426761542 -57.127282560075 0.083855798533 
  0.79273148   1.71941467 107.52548738  -56.910129785476 -56.918128832400 0.007999046924 
  1.05097642   1.60466653 107.98635417  -56.795621690559 -56.829223970331 0.033602279772 
  0.80840734   1.72492663  96.70684541  -56.737009312390 -56.722848947121 -0.014160365269 
  0.84422668   1.68888476 103.03048642  -56.684688828678 -56.713771354081 0.029082525402 
  0.96446195   1.61222436 123.63466373  -56.665122811981 -56.573466304963 -0.091656507018 
  1.03935190   1.62677337  93.14624140  -56.593422963775 -56.540464663549 -0.052958300226 
  0.94130620   1.68888476  78.85506965  -56.426118676074 -56.514287886448 0.088169210374 
  0.86315775   1.66249484 114.92466550  -56.347265326469 -56.319978201737 -0.027287124732 
  0.97827481   1.65821775  85.80575564  -56.246176729404 -56.230773774871 -0.015402954534 
  0.96446195   1.63252495 104.67247047  -56.241977615580 -56.256202815684 0.014225200104 
  0.78438550   1.70355859 125.67252497  -56.012152492727 -56.078783178351 0.066630685624 
  0.90653562   1.68888476  85.23399102  -55.993005475055 -55.963686978653 -0.029318496402 
  0.90388776   1.68888476  85.82154377  -55.925637895936 -55.885715173226 -0.039922722710 
  0.99912757   1.65472462  84.44802107  -55.697870411437 -55.708318562844 0.010448151407 
  0.96446195   1.61741520 118.96216829  -55.686446170668 -55.633124008776 -0.053322161892 
  1.05228442   1.71601469  61.87533347  -55.681301230903 -55.671230160619 -0.010071070284 
  0.85734516   1.66852189 113.12810578  -55.641263967787 -55.631743705409 -0.009520262378 
  0.96446195   1.68888476  75.87939698  -55.604809143057 -55.701765366332 0.096956223275 
  1.03077745   1.60502861 113.22894313  -55.469218657050 -55.496331353301 0.027112696251 
  0.96446195   1.59920174 139.89437202  -55.415719208271 -55.507233708976 0.091514500705 
  0.96446195   1.71215237  69.35719183  -55.387871114290 -55.381839311564 -0.006031802726 
  0.90735935   1.64527547 112.50814649  -55.344063740027 -55.349445216530 0.005381476503 
  0.79920463   1.68888476 128.39686301  -55.327140116733 -55.430598106606 0.103457989873 
  0.89668447   1.67426724  95.25608049  -55.278095349022 -55.203645671199 -0.074449677822 
  0.84673367   1.68888476 103.00000000  -55.268085942709 -55.295770868799 0.027684926090 
  0.90647210   1.67214963  94.02474987  -54.939864641048 -54.854646435677 -0.085218205371 
  0.89755001   1.66208421 103.00000000  -54.939445457665 -54.949671434900 0.010225977235 
  0.91360438   1.68888476  84.29745443  -54.846865628846 -54.836590656099 -0.010274972747 
  0.89765733   1.66217634 103.00000000  -54.792081669650 -54.802295687176 0.010214017527 
  0.95759089   1.65000260  94.97143969  -54.738653234079 -54.658500333179 -0.080152900900 
  1.00715154   1.68888476  71.36310613  -54.714204354474 -54.737495959943 0.023291605469 
  0.79915684   1.72447450 102.57610345  -54.712331634473 -54.742493873590 0.030162239117 
  1.01707740   1.67753407  73.78467816  -54.590462195683 -54.640229474232 0.049767278549 
  1.21297121   1.67528216  61.27047065  -54.483251487542 -54.657218185275 0.173966697733 
  1.45853863   1.55888254 103.00000000  -54.255458324511 -54.274630142676 0.019171818165 
  1.01243197   1.60514683 119.00960840  -54.162096573407 -54.128212038519 -0.033884534889 
  1.23376848   1.57581552 108.44174486  -54.136522662429 -54.148176501004 0.011653838575 
  0.95321958   1.63482124 107.40279050  -54.125895691806 -54.155467349948 0.029571658142 
  1.02819398   1.60940469 110.61158103  -54.101995702902 -54.138543087979 0.036547385077 
  1.09622617   1.67161247  68.85385931  -54.081476503470 -54.062815001745 -0.018661501725 
  0.93389435   1.67337612  87.56726413  -54.070707420822 -54.014006543477 -0.056700877345 
  1.00243155   1.68888476  72.06204804  -53.899261940849 -53.936624984073 0.037363043224 
  0.89545283   1.67271201  97.39401087  -53.806482194777 -53.754265306144 -0.052216888633 
  0.81092505   1.68888476 122.49495375  -53.745231397890 -53.734975590152 -0.010255807738 
  0.89467426   1.65829518 107.73225000  -53.637630318997 -53.667937990901 0.030307671904 
  0.87974565   1.68888476  92.91708328  -53.532919615704 -53.447940187737 -0.084979427967 
  0.99288944   1.70528249  68.75882354  -53.526245604931 -53.504083108714 -0.022162496217 
  0.96446195   1.64561350  96.94627655  -53.497175574939 -53.431135749305 -0.066039825635 
  0.96446195   1.68888476  76.58291457  -53.493852702624 -53.590678560835 0.096825858211 
  0.96446195   1.63797420 102.32357664  -53.479746286477 -53.471097880968 -0.008648405509 
  0.99129636   1.61112908 119.21343557  -53.476499635508 -53.430728606199 -0.045771029309 
  1.09098529   1.60867568  99.56531749  -53.441332549668 -53.419302115322 -0.022030434346 
  1.00844124   1.67498877  75.92743588  -53.437903282633 -53.509734229424 0.071830946791 
  0.96446195   1.69829993  73.76953220  -52.993535716407 -53.076022427647 0.082486711241 
  0.90344639   1.67728514  93.09270926  -52.869279194667 -52.780222876457 -0.089056318209 
  0.87488681   1.67550658 103.00000000  -52.688001018381 -52.705162441190 0.017161422809 
  0.83971918   1.68888476 107.93176679  -52.668754853043 -52.697973686399 0.029218833357 
  1.00557399   1.66146278  81.77466015  -52.624440951080 -52.669848564303 0.045407613223 
  0.78986658   1.72507142 108.96512487  -52.580037330077 -52.572603339727 -0.007433990350 
  0.81809815   1.69363093 115.46568554  -52.562455388226 -52.527017493253 -0.035437894973 
  0.82312657   1.68888476 116.50853334  -52.480046444183 -52.439411689407 -0.040634754776 
  0.80694414   1.70732655 111.50524605  -52.461695379807 -52.440322703045 -0.021372676762 
  1.01183590   1.59689927 130.58352999  -52.422100812397 -52.388377515151 -0.033723297246 
  0.90551307   1.68888476  87.06822575  -52.411200442220 -52.352534431824 -0.058666010397 
  0.89586488   1.68885396  89.38813133  -52.246885245419 -52.163111617018 -0.083773628401 
  1.00691201   1.62976908  99.60629661  -52.100686090773 -52.063561780944 -0.037124309829 
  0.96891811   1.68888476  76.48406022  -52.050991763732 -52.145817865565 0.094826101834 
  0.84361890   1.69430293 103.00000000  -52.032872372394 -52.061453548926 0.028581176532 
  0.96446195   1.62583713 113.75434737  -51.958770655230 -51.964790972279 0.006020317049 
  0.95459184   1.68888476  78.49233018  -51.941010954288 -52.030155970355 0.089145016068 
  0.85455870   1.68888476 102.35065939  -51.733654268504 -51.753617210418 0.019962941914 
  0.86814764   1.74094009  76.07805317  -51.695773444637 -51.800987499710 0.105214055073 
  0.89767477   1.72557279  75.44982983  -51.669982767344 -51.776994674161 0.107011906818 
  0.96446195   1.63888476 103.00000000  -51.438793482335 -51.437245405500 -0.001548076835 
  0.96446195   1.68888476  77.28643216  -51.434085209305 -51.528630161335 0.094544952030 
  0.96135897   1.68888476  77.75978191  -51.297408848393 -51.390456963364 0.093048114971 
  0.78603225   1.74403064 100.66460596  -51.151475793577 -51.182792150591 0.031316357014 
  0.96446195   1.68977182  77.09021777  -51.124151409971 -51.219293954754 0.095142544783 
  0.96446195   1.61414711 126.74384370  -51.082968335628 -50.993490303858 -0.089478031770 
  1.00090993   1.63071103 100.85990891  -51.025125922763 -51.000158355407 -0.024967567356 
  0.98214442   1.69171103  74.33398129  -50.856479870294 -50.935240324569 0.078760454276 
  1.03129421   1.60466383 117.39719445  -50.852584206488 -50.842713036488 -0.009871170000 
  0.85446195   1.68888476 103.00000000  -50.851995443831 -50.876374390429 0.024378946598 
  0.98731151   1.63476594 100.98122143  -50.829210331201 -50.804929932114 -0.024280399088 
  0.96446195   1.63944724 103.00000000  -50.804990409732 -50.803299923774 -0.001690485957 
  0.82019893   1.68888476 119.79972164  -50.701731974488 -50.661644632763 -0.040087341726 
  0.96446195   1.62043024 120.40257055  -50.536616448066 -50.466244195983 -0.070372252082 
  0.95769560   1.64217818 103.00000000  -50.343994630875 -50.342838181546 -0.001156449329 
  0.69936740   1.86608102 103.00000000  -50.201911977609 -50.171675949238 -0.030236028370 
  0.82990468   1.68888476 115.05841893  -49.941015780143 -49.909406424014 -0.031609356129 
  0.95885000   1.68888476  78.62352204  -49.868028886587 -49.954630825638 0.086601939051 
  0.93113910   1.65264600 103.00000000  -49.697098421402 -49.699320059994 0.002221638592 
  1.21546648   1.58725847 103.00000000  -49.549574678073 -49.541576206127 -0.007998471946 
  0.83693024   1.68888476 111.82067653  -49.491041600479 -49.489297830520 -0.001743769958 
  0.87026260   1.66495017 115.51162851  -49.439338253105 -49.405751404467 -0.033586848639 
  0.96446195   1.68888476  77.98994975  -49.423409813404 -49.513648236275 0.090238422871 
  0.96446195   1.68888476  78.00000000  -49.394953081141 -49.485194892764 0.090241811624 
  0.98565650   1.68888476  75.28340018  -49.376938587702 -49.459999088325 0.083060500623 
  1.13885786   1.59889071 103.00000000  -49.355701811568 -49.355917286657 0.000215475089 
  1.12762044   1.68705892  64.32688793  -49.161798830944 -49.205639724837 0.043840893892 
  1.08201512   1.60259385 109.45750537  -49.108051059786 -49.145567539028 0.037516479243 
  0.93775425   1.68888476  82.24110180  -49.081919538377 -49.115148633090 0.033229094712 
  0.96446195   1.70995618  71.68534881  -48.916364276967 -48.966077923879 0.049713646911 
  1.03442110   1.63063255  95.74770892  -48.818156102327 -48.761639475311 -0.056516627016 
  0.96204569   1.61683122 126.96685948  -48.585780036763 -48.497497633609 -0.088282403154 
  1.01030808   1.61027235 119.01615702  -48.560704938958 -48.523859285307 -0.036845653651 
  1.07307083   1.66893732  73.05384757  -48.525989466078 -48.526366260919 0.000376794841 
  0.94994987   1.65941031  94.47138075  -48.479578973398 -48.395810512825 -0.083768460573 
  1.04358650   1.59916211 122.82465425  -48.279421883075 -48.228139703831 -0.051282179244 
  0.77871312   1.72839790 117.94865468  -48.234302177792 -48.193806336822 -0.040495840971 
  0.92176803   1.62902604 129.37228903  -47.913272792171 -47.864452028347 -0.048820763824 
  0.90932852   1.72963148  73.72252637  -47.873558378444 -47.971226323903 0.097667945459 
  1.01478785   1.74630803  60.47286701  -47.872946303189 -47.873716546559 0.000770243370 
  0.98327293   1.64927645  93.87050706  -47.853957614523 -47.775262742758 -0.078694871765 
  1.17156919   1.59365698 104.03701888  -47.815599927144 -47.818636968767 0.003037041623 
  0.88938920   1.70429185  86.07547100  -47.766996184931 -47.717359772267 -0.049636412665 
  0.83495172   1.68888476 114.51381998  -47.518879190015 -47.492066902402 -0.026812287613 
  0.96446195   1.68888476  78.69346734  -47.459753579184 -47.543950851126 0.084197271943 
  0.97613946   1.61109100 129.87624413  -47.370657967265 -47.313506464015 -0.057151503251 
  0.71571723   1.83836238 103.00000000  -47.349338251664 -47.346409519506 -0.002928732158 
  0.86998495   1.68888476  99.64728191  -47.324888981391 -47.311109534268 -0.013779447123 
  0.85369340   1.69281720 103.20674435  -47.317268196548 -47.342889457233 0.025621260685 
  1.07871887   1.65191301  79.21588758  -47.282397469506 -47.314127296664 0.031729827159 
  0.90957544   1.68888476  88.65207494  -47.159950711462 -47.083600306546 -0.076350404916 
  0.92802993   1.61812207 139.50917520  -47.015257877087 -47.129141229101 0.113883352014 
  0.82957392   1.70886752 103.30269019  -46.992405824694 -47.026100135123 0.033694310429 
  0.85428147   1.69313713 103.00000000  -46.982210413629 -47.006217707047 0.024007293418 
  0.99795273   1.67153806  80.86755982  -46.886089629326 -46.941149466402 0.055059837076 
  0.92321145   1.65730745 103.93823377  -46.799100851000 -46.810963766291 0.011862915291 
  0.86180905   1.68888476 103.00000000  -46.771627876482 -46.792966683326 0.021338806844 
  0.82658256   1.69704544 113.37564374  -46.588194885058 -46.569601874844 -0.018593010214 
  0.96446195   1.68387036  80.90297008  -46.561957838050 -46.619392229851 0.057434391801 
  0.82655651   1.69844802 112.38459552  -46.512954013331 -46.502983812550 -0.009970200781 
  0.89361370   1.68888476  92.94090422  -46.484763962504 -46.396874199699 -0.087889762805 
  0.81212687   1.72333609 103.00000000  -46.279426507012 -46.305335928680 0.025909421668 
  1.04244527   1.69000934  70.25713645  -45.929632510117 -45.921484062017 -0.008148448100 
  0.98203245   1.62205048 117.26047984  -45.905608114204 -45.876387583491 -0.029220530714 
  0.83767630   1.68888476 114.62057078  -45.777765736861 -45.750414156846 -0.027351580014 
  0.96446195   1.65474845  95.67536598  -45.655162045678 -45.579436076955 -0.075725968722 
  1.12013433   1.68888476  65.11573706  -45.637097986088 -45.660832974652 0.023734988564 
  0.77106682   1.74802815 111.96081891  -45.615921416233 -45.566789897675 -0.049131518558 
  0.96446195   1.68888476  79.39698492  -45.541429765068 -45.617928280219 0.076498515151 
  1.00961321   1.63101398 102.34462895  -45.527805372283 -45.518564820366 -0.009240551917 
  0.96850555   1.64283311 103.00000000  -45.493970719152 -45.491924056340 -0.002046662812 
  0.86233506   1.71176498  90.83532571  -45.475747145400 -45.390993960219 -0.084753185180 
  0.81794910   1.71974667 103.00000000  -45.451194441121 -45.487063051775 0.035868610655 
  0.91212493   1.64133030 123.02504620  -45.370013128450 -45.279049883929 -0.090963244520 
  1.01678070   1.69865375  70.38970396  -45.323481942280 -45.327885925231 0.004403982951 
  0.96446195   1.70005067  75.67735221  -45.308780806932 -45.403181430691 0.094400623759 
  0.90671681   1.68888476  90.39136208  -45.005609086962 -44.917183397039 -0.088425689923 
  0.95501915   1.72259061  70.57155002  -45.002960120291 -45.031212790690 0.028252670398 
  0.96446195   1.68190204  82.30417121  -45.002497911097 -45.037760167557 0.035262256460 
  0.92506121   1.65991874 103.00000000  -44.606254642553 -44.609336744681 0.003082102128 
  1.02719462   1.62623725 103.00000000  -44.573231147919 -44.571103801744 -0.002127346174 
  0.97205082   1.71040123  71.99195307  -44.492313843482 -44.544763880751 0.052450037268 
  1.05266434   1.61422242 108.06087173  -44.395822904229 -44.429737005183 0.033914100954 
  0.83090144   1.74954318  84.84190404  -44.203909992309 -44.161584918701 -0.042325073608 
  1.06993066   1.66341927  76.71737770  -44.075573391008 -44.103849617600 0.028276226592 
  0.95174814   1.71737337  72.58703875  -44.046198640241 -44.116774204539 0.070575564298 
  0.96446195   1.64281739 105.08095490  -44.042822112959 -44.059442642608 0.016620529649 
  0.96446195   1.64572864 103.00000000  -43.815423615804 -43.813593838488 -0.001829777316 
  0.92639136   1.68888476  86.63080387  -43.809881352325 -43.762010808291 -0.047870544034 
  0.96446195   1.67507184  85.76828555  -43.790236300614 -43.767694702326 -0.022541598288 
  0.96446195   1.65878540  94.30993108  -43.726066530580 -43.643556374749 -0.082510155831 
  0.96446195   1.68888476  80.10050251  -43.666545648131 -43.734125542426 0.067579894295 
  0.96446195   1.71200415  72.66406864  -43.651321236972 -43.718265907440 0.066944670468 
  0.78194447   1.70449357 138.81063463  -43.573573824444 -43.284886138983 -0.288687685460 
  1.12139841   1.67898236  67.86707946  -43.456297322569 -43.449015447684 -0.007281874885 
  1.09133052   1.67695603  70.59681878  -43.404091444121 -43.380321610073 -0.023769834048 
  1.02198234   1.66055495  83.74219748  -43.365520545918 -43.385166756555 0.019646210637 
  0.96446195   1.65651281  95.90757142  -43.353958881107 -43.279667426909 -0.074291454198 
  0.96446195   1.70665305  74.29842423  -43.316567257425 -43.403118750681 0.086551493256 
  0.84797738   1.70117844 103.00000000  -43.236787722668 -43.262783151197 0.025995428529 
  1.04829567   1.60245241 122.62186688  -43.109646305606 -43.059801856288 -0.049844449317 
  1.00095782   1.61234273 124.66189469  -43.023832058963 -42.940912412015 -0.082919646948 
  0.98942011   1.65815057  90.19653831  -42.967122284459 -42.901054041023 -0.066068243436 
  1.01702538   1.62221680 109.99910985  -42.880542797797 -42.915516601817 0.034973804021 
  1.14304843   1.60327537 103.00000000  -42.845685695738 -42.845716696155 0.000031000416 
  0.86934673   1.68888476 103.00000000  -42.701098386959 -42.719436792025 0.018338405066 
  1.07092143   1.68888476  69.12629941  -42.640041487131 -42.615749178915 -0.024292308217 
  0.86946195   1.68888476 103.00000000  -42.639878751077 -42.658060405763 0.018181654686 
  0.96446195   1.68888476  80.50000000  -42.620722974178 -42.682682285077 0.061959310899 
  0.94678790   1.66233599  96.84728883  -42.547235748680 -42.479817595355 -0.067418153324 
  0.86109584   1.68888476 106.39046391  -42.514325553439 -42.545724759990 0.031399206552 
  0.79490875   1.74295811 103.00000000  -42.417560301623 -42.446241816321 0.028681514698 
  0.90975965   1.66715687 104.24029139  -42.207183491220 -42.223358753471 0.016175262250 
  1.05617353   1.62109526 103.00000000  -42.184884444676 -42.183866743789 -0.001017700887 
  1.02907079   1.61157544 118.24634938  -42.123920496750 -42.101312414682 -0.022608082067 
  0.83012804   1.71477944 103.00000000  -41.964803569856 -41.996627385523 0.031823815667 
  0.90363489   1.68888476  92.80149991  -41.894355835419 -41.804814109196 -0.089541726222 
  0.96446195   1.68888476  80.80402010  -41.833789788419 -41.891225783480 0.057435995061 
  0.98440035   1.72040012  68.93763319  -41.787456912945 -41.772532746081 -0.014924166864 
  0.89748897   1.67509919 103.00000000  -41.769456507587 -41.778819305813 0.009362798226 
  0.86406648   1.68888476 105.76379093  -41.729747765079 -41.760566212746 0.030818447667 
  1.39377023   1.57495608 101.92224472  -41.536536162483 -41.536225629630 -0.000310532853 
  0.88293247   1.68888476  99.03567292  -41.530444960023 -41.503449939116 -0.026995020907 
  0.90327245   1.68888476  93.21789481  -41.307713933365 -41.219752069583 -0.087961863782 
  1.01242691   1.68888476  74.87086932  -41.216079416914 -41.278469144919 0.062389728005 
  1.00177332   1.61483162 123.32517874  -41.203567062603 -41.124191429624 -0.079375632978 
  1.00071135   1.62420773 113.73404549  -41.189812560868 -41.203316950834 0.013504389966 
  1.16245483   1.59630813 107.79079002  -40.999086436084 -41.024133739727 0.025047303642 
  0.96084665   1.64727343 104.75343795  -40.985074053850 -40.999226916076 0.014152862226 
  0.78055639   1.74583998 111.09944965  -40.965407673593 -40.930846218748 -0.034561454846 
  0.97700095   1.71210167  72.01472201  -40.949231365823 -40.999986299941 0.050754934118 
  1.07839996   1.60936956 109.99853364  -40.901517656905 -40.939911951125 0.038394294221 
  0.94986602   1.71184162  75.40716523  -40.884358739240 -40.982098638821 0.097739899581 
  0.77734731   1.77021533  98.89923450  -40.855688846630 -40.886030830256 0.030341983626 
  0.87310444   1.67844328 110.45422853  -40.809048658386 -40.823695001324 0.014646342938 
  1.45390209   1.56888991 103.00000000  -40.801024209206 -40.811113667121 0.010089457915 
  0.99245901   1.62278338 117.89150471  -40.793304592742 -40.759170735688 -0.034133857054 
  0.83299217   1.71436778 103.00000000  -40.560061874512 -40.590703674402 0.030641799890 
  1.00743054   1.63521818 103.00000000  -40.438837278536 -40.436160677414 -0.002676601122 
  1.04198618   1.62614999 103.00000000  -40.244726947061 -40.243196860450 -0.001530086612 
  0.80639133   1.72098910 112.63756916  -40.177546977055 -40.158476129247 -0.019070847808 
  0.95239675   1.65786346  99.86885016  -40.126801884471 -40.091166440245 -0.035635444226 
  0.99823640   1.66103102  88.58726035  -40.059778781764 -40.011351637988 -0.048427143777 
  0.96446195   1.68888476  81.50753769  -40.041632243607 -40.088034059111 0.046401815504 
  0.88791302   1.72634313  81.23880593  -40.000180058247 -40.034387521722 0.034207463475 
  0.93338078   1.68888476  87.01441628  -39.938303212155 -39.886485369717 -0.051817842438 
  1.13560357   1.68382401  66.67459681  -39.689543560387 -39.705626186676 0.016082626288 
  0.96446195   1.74282410  66.42199787  -39.652412005373 -39.572251215728 -0.080160789645 
  0.99812362   1.66089609  88.92764693  -39.542139059824 -39.490093956994 -0.052045102830 
  0.96446195   1.64224324 109.01634364  -39.382579724741 -39.412340168313 0.029760443572 
  0.96446195   1.74487273  66.10745449  -39.230486341730 -39.142853164658 -0.087633177072 
  0.96446195   1.65502998  99.50586244  -39.024307312942 -38.983809727415 -0.040497585527 
  1.27095340   1.58835318 103.00000000  -38.902221507276 -38.884253940577 -0.017967566699 
  0.96446195   1.65013448 103.08912827  -38.880313661106 -38.879390458150 -0.000923202956 
  0.89027806   1.71715079  84.62627234  -38.863250302700 -38.835697559427 -0.027552743274 
  0.98032908   1.68888476  79.64591553  -38.840649357822 -38.909889631533 0.069240273710 
  0.96306363   1.63522434 116.36872405  -38.766652911669 -38.739337944603 -0.027314967065 
  0.87688442   1.68888476 103.00000000  -38.744040501435 -38.759550640639 0.015510139204 
  0.95484987   1.67412137  90.50075266  -38.619615912605 -38.538895857493 -0.080720055111 
  0.96072311   1.75464590  64.74835094  -38.360203030072 -38.241036389870 -0.119166640202 
  0.96446195   1.68888476  82.21105528  -38.288633027449 -38.323462020506 0.034828993057 
  1.04774694   1.63223604  98.61468268  -38.201311672623 -38.161988486886 -0.039323185737 
  1.13725617   1.68888476  65.77221504  -38.088792612685 -38.117015591024 0.028222978339 
  1.10876062   1.68888476  67.62726827  -37.859093751395 -37.843464109098 -0.015629642296 
  1.06674277   1.62643105  99.78082577  -37.822647510318 -37.795515112896 -0.027132397423 
  1.03003655   1.68888476  74.14216648  -37.697889131290 -37.741434780213 0.043545648922 
  0.88544233   1.68565017 103.00000000  -37.443355589101 -37.456018888521 0.012663299420 
  0.87946195   1.68888476 103.00000000  -37.416265286167 -37.430896523588 0.014631237422 
  0.77498423   1.76996633 103.00000000  -37.407270914930 -37.433791199101 0.026520284172 
  0.96446195   1.65201005 103.00000000  -36.988053094221 -36.986194891380 -0.001858202841 
  0.96446195   1.69059352  82.06978035  -36.963494758224 -37.000261012585 0.036766254362 
  0.96125298   1.62224943 132.62327922  -36.951594764483 -36.945742597919 -0.005852166565 
  0.89341065   1.67313149 109.65942892  -36.765035800214 -36.785901343353 0.020865543140 
  1.21248468   1.59753973 103.00000000  -36.620060460282 -36.612767911764 -0.007292548517 
  0.96446195   1.68888476  82.91457286  -36.573693327013 -36.596513437827 0.022820110814 
  0.82017319   1.75705783  89.10758203  -36.474957346603 -36.410175821664 -0.064781524939 
  0.75621858   1.77800767 112.51697167  -36.425721254069 -36.361548063186 -0.064173190883 
  0.91584155   1.72612704  77.59302488  -36.386241410437 -36.479991450666 0.093750040229 
  0.96446195   1.68888476  83.00000000  -36.367961293436 -36.389329250392 0.021367956956 
  0.90919622   1.68888476  94.45980687  -36.315143010524 -36.233147400584 -0.081995609941 
  0.87668594   1.68888476 104.93861684  -36.164949641377 -36.190976213534 0.026026572157 
  0.85832107   1.73513719  86.54823659  -36.114210281474 -36.053118965274 -0.061091316200 
  0.87374585   1.69406212 103.00000000  -35.556330337247 -35.572613037203 0.016282699955 
  0.93293781   1.62432382 142.18805067  -35.437734327534 -35.556533596804 0.118799269271 
  1.00630919   1.64018890 103.00000000  -35.192686204740 -35.189965199089 -0.002721005651 
  1.01138829   1.64227824 100.35591451  -35.154385519316 -35.124727613626 -0.029657905689 
  0.93125953   1.68888476  89.80094030  -35.103963550457 -35.021987698790 -0.081975851667 
  0.87379805   1.67762846 115.72815049  -35.052125553200 -35.015682017672 -0.036443535528 
  0.96446195   1.65388476 103.00000000  -34.981291916509 -34.979464269982 -0.001827646527 
  1.08758838   1.62015116 103.00000000  -34.968861066300 -34.969200261936 0.000339195636 
  0.78795083   1.74524616 112.08358910  -34.937107291691 -34.901837636705 -0.035269654986 
  0.89819761   1.68176463 103.00000000  -34.916841361603 -34.925614277044 0.008772915442 
  0.88442211   1.68888476 103.00000000  -34.896869562639 -34.909771012873 0.012901450234 
  0.96446195   1.68888476  83.61809045  -34.895648794241 -34.906270507742 0.010621713500 
  1.32267231   1.58730280 101.56346206  -34.884735244610 -34.880760381384 -0.003974863226 
  0.88446195   1.68888476 103.00000000  -34.876903327364 -34.889709623025 0.012806295661 
  0.97262954   1.68888476  82.51555301  -34.412859023876 -34.442614319738 0.029755295862 
  1.01065319   1.66278971  88.39710725  -34.390221277492 -34.347627372841 -0.042593904651 
  0.80271287   1.73617795 109.39581099  -34.366856896679 -34.360277709835 -0.006579186843 
  0.84781629   1.68888476 119.80050747  -34.277293386785 -34.226153789293 -0.051139597493 
  0.84955120   1.70272183 108.08985663  -34.252040428928 -34.277660040982 0.025619612054 
  0.83025762   1.75195270  88.99029593  -34.249092397342 -34.179535056146 -0.069557341195 
  0.90480291   1.66552207 113.53296717  -34.247717792583 -34.237556628914 -0.010161163669 
  0.97836319   1.68888476  81.73234928  -34.195553469464 -34.237378118533 0.041824649068 
  1.06929095   1.62488030 103.00000000  -34.106396398063 -34.106124572973 -0.000271825090 
  0.90884263   1.65508531 121.52268285  -34.090116697986 -34.005280533585 -0.084836164401 
  0.97227470   1.63388871 119.01110656  -33.961549121577 -33.904377586245 -0.057171535332 
  0.98762586   1.62726316 120.98313532  -33.945952075410 -33.874337609968 -0.071614465442 
  0.96446195   1.63066048 125.32568030  -33.730024869990 -33.635320598495 -0.094704271495 
  0.87030010   1.68888476 109.48777649  -33.639575103964 -33.659198313492 0.019623209529 
  1.14236015   1.61078234 103.00000000  -33.610653787793 -33.610838462774 0.000184674981 
  0.86823988   1.70037431 102.37483037  -33.591267253061 -33.604739465894 0.013472212833 
  0.73930038   1.82380741 103.00000000  -33.336140549942 -33.344710304196 0.008569754254 
  0.96446195   1.68888476  84.32160804  -33.253382902403 -33.251881363921 -0.001501538482 
  0.98951387   1.64823057 102.17952739  -33.186014473915 -33.174837558659 -0.011176915256 
  0.85920311   1.68888476 115.14790101  -32.980594144803 -32.949571696200 -0.031022448603 
  1.14318105   1.68888476  66.60256021  -32.975592557086 -33.016399068112 0.040806511026 
  0.94691390   1.68888476  87.62438954  -32.963872953937 -32.907255410564 -0.056617543372 
  0.98882038   1.70637129  74.76435516  -32.944717938612 -33.020828979067 0.076111040456 
  1.05099664   1.64899527  90.36846369  -32.908416274255 -32.867033891680 -0.041382382575 
  0.93332518   1.66164668 107.71627363  -32.798258743835 -32.825232954363 0.026974210529 
  1.00390405   1.63894062 106.29512621  -32.768463813267 -32.792639919385 0.024176106118 
  1.10887389   1.68888476  68.92823517  -32.728172923071 -32.702927002966 -0.025245920105 
  0.88346431   1.68888476 104.93891285  -32.706500448079 -32.730790297354 0.024289849275 
  1.01339207   1.64603847  98.86889893  -32.658487854213 -32.614579704107 -0.043908150105 
  0.84111414   1.73872724  91.99671603  -32.583386219387 -32.514276559323 -0.069109660064 
  1.01133801   1.63511969 107.85199192  -32.578234276189 -32.609708629356 0.031474353167 
  1.00804138   1.68888476  78.35205805  -32.522651729996 -32.590914322758 0.068262592762 
  0.91923755   1.74158001  73.91126872  -32.464044331708 -32.560269843319 0.096225511612 
  1.08735288   1.62873468  98.06631387  -32.439904230963 -32.406254138179 -0.033650092785 
  1.04434240   1.68032110  77.28364707  -32.392788744055 -32.441319643561 0.048530899506 
  0.88946195   1.68888476 103.00000000  -32.384181490961 -32.395453437466 0.011271946505 
  1.13667803   1.66784285  73.20411184  -32.378107058554 -32.360586537807 -0.017520520747 
  0.95912798   1.65829881 103.00000000  -32.347525787682 -32.346048224384 -0.001477563298 
  0.87764237   1.68888476 107.49701803  -32.314725911361 -32.342248268752 0.027522357391 
  1.05179861   1.62210893 110.37351253  -32.252452127836 -32.289371011879 0.036918884043 
  0.96446195   1.61340374 146.29762199  -32.199798565031 -32.194224003512 -0.005574561519 
  0.89295031   1.68696576 103.22894679  -32.159899489732 -32.171924820433 0.012025330701 
  1.00593452   1.73980036  65.26970990  -32.159030800343 -32.096962404205 -0.062068396138 
  1.11224783   1.68888476  68.84117008  -32.156804581329 -32.132192011575 -0.024612569754 
  0.93925365   1.68888476  89.64178613  -32.017910565301 -31.938764321688 -0.079146243613 
  1.03122837   1.63605184 103.00000000  -32.007422087558 -32.005547974218 -0.001874113339 
  0.86426918   1.71098924  98.53255668  -31.946288253093 -31.923838865658 -0.022449387435 
  1.04333587   1.62965425 105.76156443  -31.870252349865 -31.891980685480 0.021728335615 
  0.84799138   1.73987058  89.71899457  -31.796232913741 -31.718885524193 -0.077347389548 
  0.90941147   1.68888476  97.08813893  -31.785567521885 -31.727122066455 -0.058445455430 
  0.94417770   1.68888476  88.76703394  -31.726443952175 -31.656062203610 -0.070381748565 
  0.96446195   1.68888476  85.02512563  -31.645934883727 -31.632548339539 -0.013386544188 
  0.80662079   1.76684955  92.82926216  -31.536554286933 -31.491730372447 -0.044823914486 
  0.89785519   1.68888476 100.82686590  -31.432784232173 -31.420593309348 -0.012190922825 
  1.00474460   1.69655413  76.52737396  -31.349125173772 -31.421969230321 0.072844056549 
  1.03703048   1.68888476  75.51378509  -31.246734973603 -31.294351759436 0.047616785832 
  0.89195980   1.68888476 103.00000000  -31.156201089532 -31.166672517321 0.010471427789 
  0.87144509   1.68505376 114.17028072  -31.075035925802 -31.053888360260 -0.021147565542 
  1.18342310   1.60492802 104.07175135  -31.045862055780 -31.048641889659 0.002779833879 
  1.02424265   1.63888768 103.00000000  -30.940865971814 -30.938785105851 -0.002080865963 
  0.93666589   1.68888476  90.76011059  -30.922431924078 -30.836163191615 -0.086268732463 
  0.96446195   1.68154343  88.74472405  -30.895744954072 -30.831636681247 -0.064108272825 
  1.21486437   1.60043726 104.14516707  -30.845490707732 -30.843625408807 -0.001865298925 
  0.96446195   1.63414596 124.41907260  -30.823150369233 -30.727445029549 -0.095705339684 
  1.07772918   1.70525315  67.60114746  -30.804719251482 -30.782414180054 -0.022305071428 
  1.08296168   1.68888476  71.43276273  -30.784469935625 -30.768106640803 -0.016363294822 
  0.96446195   1.68888476  85.50000000  -30.580019186189 -30.558934629899 -0.021084556290 
  0.96446195   1.65829146 103.00000000  -30.319412657933 -30.317627170340 -0.001785487593 
  0.90586026   1.68888476  99.16841219  -30.144706875661 -30.111057348554 -0.033649527107 
  0.96446195   1.68888476  85.72864322  -30.072322545329 -30.047517379241 -0.024805166089 
  0.96446195   1.67112579  94.81236082  -29.963093401391 -29.882580604590 -0.080512796801 
  0.86522061   1.70604125 102.51662500  -29.956976243859 -29.972562911432 0.015586667573 
  0.89446195   1.68888476 103.00000000  -29.937390643441 -29.947155927621 0.009765284180 
  0.91735855   1.65258031 124.43563264  -29.897391799361 -29.809964480656 -0.087427318705 
  1.04893605   1.63337531 103.00000000  -29.862100969334 -29.861019374602 -0.001081594732 
  0.92535569   1.67887269  99.93898819  -29.829732496750 -29.799637054676 -0.030095442073 
  0.96446195   1.65888476 103.00000000  -29.697587841529 -29.695844719798 -0.001743121731 
  1.14108870   1.61777182 100.10761302  -29.689834551067 -29.673629362375 -0.016205188692 
  0.80689946   1.72111289 122.56274860  -29.575823588151 -29.596962203305 0.021138615154 
  0.86013787   1.68888476 117.84620199  -29.547291012041 -29.496784219786 -0.050506792255 
  0.96446195   1.68621320  87.17937193  -29.539860759713 -29.494075173801 -0.045785585911 
  0.87802843   1.68888476 109.61425027  -29.480752529085 -29.499342392742 0.018589863657 
  0.90705656   1.68888476  99.28222975  -29.412001487210 -29.379274606051 -0.032726881158 
  1.03166076   1.63428023 106.21524799  -29.402496718929 -29.427012902527 0.024516183598 
  1.02251010   1.62158643 121.03880016  -29.313544966048 -29.255440897836 -0.058104068212 
  0.83081465   1.72951793 103.00000000  -29.308841354657 -29.338810470643 0.029969115986 
  1.07966279   1.68901150  72.12123503  -29.248776118049 -29.238755874242 -0.010020243807 
  1.26483841   1.59395928 105.33033678  -29.185198310610 -29.180179950760 -0.005018359849 
  1.05467296   1.63556287 100.69109915  -29.160654786956 -29.138767217062 -0.021887569894 
  0.89168118   1.71053358  91.96260334  -29.129002238438 -29.040949980072 -0.088052258367 
  0.69264051   1.93752806 103.00000000  -29.053229930832 -29.047659045372 -0.005570885460 
  0.96199896   1.61813828 145.05337832  -28.941578899659 -28.991460247975 0.049881348316 
  0.96446195   1.64861409 111.87344480  -28.935990550897 -28.952454510758 0.016463959861 
  0.94423529   1.68888476  90.23392549  -28.782282824403 -28.700273119008 -0.082009705395 
  1.03610845   1.68458403  77.95540214  -28.763719525858 -28.817564683301 0.053845157444 
  0.91210121   1.66325285 117.58188670  -28.650765245522 -28.595828852192 -0.054936393330 
  1.12235995   1.61685676 104.38521348  -28.636324095442 -28.647107142046 0.010783046604 
  0.95779686   1.65619349 107.72022499  -28.627399850739 -28.654886941829 0.027487091090 
  0.96446195   1.66628105  98.66450362  -28.541789959119 -28.492676914944 -0.049113044176 
  0.96446195   1.68888476  86.43216080  -28.531617439261 -28.496068490524 -0.035548948737 
  0.87874869   1.68888476 110.15646088  -28.457704623914 -28.472787847433 0.015083223519 
  1.14748151   1.69824192  65.28824075  -28.446353415522 -28.505252083178 0.058898667656 
  1.11350460   1.62037759 103.00000000  -28.415960050053 -28.416877122736 0.000917072683 
  1.28132104   1.59572908 102.52364997  -28.413815341723 -28.416637572799 0.002822231076 
  0.96446195   1.61450277 148.82872238  -28.397488875991 -28.252456394347 -0.145032481644 
  0.85428205   1.70035051 112.54253366  -28.392009129864 -28.384519341207 -0.007489788657 
  1.14911137   1.61580473 101.46823835  -28.298760458674 -28.289492310243 -0.009268148432 
  0.76603184   1.79453444 103.00000000  -28.234992309670 -28.256223451239 0.021231141569 
  0.80253363   1.73904090 113.15836644  -28.191519592525 -28.169309972198 -0.022209620327 
  0.94845133   1.63080268 136.65745596  -28.186004866529 -28.273164239032 0.087159372502 
  0.99308416   1.68888476  82.04180776  -28.101302482777 -28.137335459425 0.036032976648 
  0.96446195   1.69267806  84.97073003  -28.088951944923 -28.075721014711 -0.013230930212 
  1.05582339   1.64797494  92.79737466  -28.062907366198 -28.010532565220 -0.052374800979 
  1.05749363   1.61609744 118.92051925  -28.026725824700 -28.003780309515 -0.022945515185 
  1.17662035   1.62402748  92.33993778  -28.017099662800 -28.014014251365 -0.003085411435 
  0.90231321   1.68702371 103.00000000  -27.939175674150 -27.946776846639 0.007601172490 
  0.82361064   1.73688562 103.00000000  -27.937662240714 -27.969363002430 0.031700761715 
  1.16746744   1.60637441 107.40561385  -27.802932615432 -27.827410103061 0.024477487629 
  0.88862813   1.70216498  98.20276898  -27.640318627982 -27.602266405369 -0.038052222613 
  0.89946195   1.68888476 103.00000000  -27.535508127377 -27.543866356527 0.008358229150 
  0.96305028   1.63401327 128.37403337  -27.534832055517 -27.462972859287 -0.071859196230 
  0.89949749   1.68888476 103.00000000  -27.518698099764 -27.526942630361 0.008244530597 
  0.87919880   1.68888476 110.78119056  -27.482753325308 -27.493200702116 0.010447376807 
  1.12277160   1.68888476  69.36257864  -27.450411850303 -27.421956865085 -0.028454985218 
  0.96446195   1.72323207  74.54744024  -27.377087130411 -27.462556390683 0.085469260272 
  1.11470641   1.63368807  93.74518563  -27.348284361273 -27.319268684782 -0.029015676491 
  0.89687567   1.69043297 103.00000000  -27.322485155193 -27.331503108176 0.009017952983 
  0.94814726   1.66737313 103.00000000  -27.290558162422 -27.290137937801 -0.000420224620 
  1.04462798   1.68888476  76.06147023  -27.274528448343 -27.319018902754 0.044490454412 
  0.90660057   1.68888476 100.88694331  -27.211477873851 -27.197373071302 -0.014104802549 
  1.01931029   1.64377182 103.00000000  -27.040955159613 -27.038794393823 -0.002160765790 
  0.88506124   1.68888476 108.71843042  -27.032729217357 -27.055736100804 0.023006883447 
  0.96446195   1.68888476  87.13567839  -27.023073314453 -26.977507133303 -0.045566181149 
  0.97013095   1.65946551 103.00000000  -26.968914607765 -26.966904096080 -0.002010511685 
  0.94065473   1.68888476  92.06321299  -26.790859635974 -26.702019910105 -0.088839725869 
  0.96446195   1.71674242  76.68789180  -26.784336849811 -26.874189386835 0.089852537024 
  1.00254234   1.64408587 107.02606257  -26.559714965770 -26.587427958723 0.027712992954 
  1.06923876   1.68725288  74.42540102  -26.544936452447 -26.559974730647 0.015038278201 
  0.98919343   1.67932899  87.52176639  -26.499674178634 -26.457223575732 -0.042450602903 
  0.98214011   1.68888476  84.40610437  -26.416480156262 -26.416061651898 -0.000418504364 
  0.92282713   1.64051872 138.08324897  -26.362584904731 -26.495428534490 0.132843629759 
  1.21527469   1.67178989  68.39506152  -26.208902523169 -26.262101514125 0.053198990956 
  0.86965395   1.68888476 116.25474168  -26.207014560652 -26.166275099404 -0.040739461248 
  0.96446195   1.65196198 111.26944549  -26.116118517093 -26.135904428727 0.019785911634 
  0.96446195   1.63361534 129.76092581  -26.109112120765 -26.056601709942 -0.052510410823 
  1.10318967   1.62440555 103.00000000  -26.080918494696 -26.081780932897 0.000862438201 
  0.87774720   1.68888476 112.72279263  -25.959574320161 -25.952653080863 -0.006921239297 
  1.01735141   1.68888476  79.70070982  -25.792367222413 -25.847945483207 0.055578260793 
  0.94316985   1.68888476  92.10027520  -25.680593250327 -25.592041896958 -0.088551353368 
  0.99151748   1.72228933  72.22436692  -25.612755181239 -25.659601341882 0.046846160643 
  0.96446195   1.68888476  87.83919598  -25.545768557411 -25.491156872009 -0.054611685402 
  1.05324102   1.67182965  82.22707994  -25.516437804727 -25.545471800980 0.029033996254 
  0.96446195   1.67443426  95.46230550  -25.495640256591 -25.418841063350 -0.076799193241 
  0.89621707   1.72706795  85.46191897  -25.417634318306 -25.377571964309 -0.040062353997 
  1.14188729   1.61036218 109.56987303  -25.391616998335 -25.427433056033 0.035816057698 
  0.95283071   1.68888476  90.20975154  -25.342148490941 -25.262254753590 -0.079893737351 
  0.87734865   1.68888476 113.54300192  -25.232198089707 -25.217236707966 -0.014961381741 
  0.96446195   1.63284822 131.52974909  -25.224858658177 -25.203333138888 -0.021525519289 
  0.90446195   1.68888476 103.00000000  -25.177584780817 -25.184654769404 0.007069988588 
  0.86503093   1.74701941  85.39570586  -25.159946780754 -25.115431583457 -0.044515197296 
  0.96446195   1.74270044  70.17478257  -25.123516706179 -25.140635779230 0.017119073052 
  0.90851981   1.68888476 101.73244098  -25.091707215735 -25.085998846706 -0.005708369029 
  0.96446195   1.63224845 132.36841777  -25.063100097261 -25.057888767356 -0.005211329905 
  0.92790283   1.68888476  96.19176163  -24.978832174522 -24.908606431863 -0.070225742659 
  0.97820971   1.65216536 107.98330228  -24.968824763237 -24.997699520416 0.028874757179 
  0.93697579   1.75450392  70.61143767  -24.930994815786 -24.966371499932 0.035376684146 
  1.00507197   1.70363069  76.38613663  -24.912165922211 -24.983745902137 0.071579979926 
  0.95854294   1.68888476  89.40461638  -24.664028992411 -24.591575303228 -0.072453689183 
  0.75086190   1.82414663 101.75172510  -24.585366186297 -24.610248307074 0.024882120778 
  0.84584608   1.74668239  91.38708846  -24.540735630719 -24.468548319573 -0.072187311146 
  0.96446195   1.66388476 103.00000000  -24.512153244839 -24.510498997171 -0.001654247668 
  0.82620205   1.74486499  99.87900987  -24.365035566898 -24.379051927491 0.014016360593 
  1.11991535   1.63301569  95.20788473  -24.357863219215 -24.326585906495 -0.031277312719 
  0.83097483   1.74253103  99.07757795  -24.348127633850 -24.352575390894 0.004447757044 
  0.97214643   1.66643002  99.43810123  -24.300433234304 -24.259888374861 -0.040544859443 
  1.22945769   1.60618505 101.96043702  -24.295018105899 -24.280319612424 -0.014698493475 
  1.43954214   1.58676246  99.52689574  -24.287910760020 -24.285594321789 -0.002316438231 
  0.89556088   1.74432250  80.00259714  -24.141231177593 -24.197711773509 0.056480595916 
  0.96446195   1.68888476  88.54271357  -24.099026953612 -24.036352834006 -0.062674119607 
  1.02280385   1.63517618 111.79418665  -24.019248395514 -24.047305790272 0.028057394758 
  0.90703518   1.68888476 103.00000000  -23.980890051909 -23.987377522370 0.006487470461 
  0.80316385   1.74311586 113.90005321  -23.980708636369 -23.956629726575 -0.024078909794 
  1.08365048   1.71686321  66.25661242  -23.941963159261 -23.934025755475 -0.007937403786 
  0.94389381   1.67168745 103.55385572  -23.880530257684 -23.885784355097 0.005254097414 
  0.96446195   1.66457286 103.00000000  -23.806154263068 -23.804490345924 -0.001663917143 
  1.12380276   1.61928432 105.56774804  -23.778318560624 -23.797519039839 0.019200479215 
  1.05400770   1.62962115 109.84119612  -23.599946687213 -23.636826980732 0.036880293519 
  0.99059429   1.68888476  84.31198879  -23.594369637005 -23.596381610981 0.002011973976 
  0.96446195   1.63810273 127.41119356  -23.580709535698 -23.499625926904 -0.081083608793 
  0.98600623   1.73256490  70.76947939  -23.576418854860 -23.601011383910 0.024592529050 
  0.96547318   1.68048762  92.95427919  -23.470178358490 -23.385206156448 -0.084972202042 
  0.96446195   1.69637308  85.49490689  -23.382335013972 -23.360015602164 -0.022319411807 
  0.96446195   1.69284944  87.07399001  -23.326503159959 -23.281296690696 -0.045206469263 
  0.90099346   1.69267000 103.00000000  -23.279668209922 -23.287599949134 0.007931739212 
  0.96446195   1.68690912  89.93759556  -23.233233820843 -23.158133667263 -0.075100153581 
  0.96446195   1.63412477 132.27832920  -23.133222124365 -23.127621832923 -0.005600291442 
  0.96446195   1.67925684  94.05348046  -23.115600846075 -23.032477851617 -0.083122994458 
  0.85934084   1.72236414  99.78071196  -23.039200292322 -23.033456435622 -0.005743856700 
  1.01828762   1.68888476  80.65574509  -23.018509211332 -23.065760429579 0.047251218247 
  0.99965001   1.65340057 103.00000000  -22.970774046571 -22.968404154501 -0.002369892070 
  0.93413177   1.68888476  95.79554147  -22.969153612667 -22.895145575114 -0.074008037553 
  0.90946195   1.68888476 103.00000000  -22.862767624363 -22.868611492507 0.005843868143 
  1.08728401   1.68966660  73.24653720  -22.818354792013 -22.811262461548 -0.007092330464 
  1.19306910   1.70148794  63.41297618  -22.694678745564 -22.783192296314 0.088513550750 
  0.96446195   1.68888476  89.24623116  -22.681940652812 -22.612436281744 -0.069504371068 
  1.01209057   1.64988052 103.01542151  -22.646218941401 -22.644210896382 -0.002008045019 
  0.92127101   1.68821597  99.92370343  -22.630738223372 -22.602057911393 -0.028680311979 
  0.96446195   1.75825682  67.43785244  -22.578448459524 -22.526659166758 -0.051789292767 
  0.88557390   1.68888476 112.27824091  -22.544982277966 -22.542727137509 -0.002255140458 
  0.95359322   1.70409657  84.65879820  -22.278082007277 -22.266230603588 -0.011851403689 
  0.95201845   1.71080736  82.30674969  -22.246352802853 -22.273897701894 0.027544899041 
  1.02826045   1.63936070 108.11593637  -22.242034444069 -22.274805754265 0.032771310196 
  0.85174803   1.72305444 103.00000000  -22.221748247692 -22.244522360645 0.022774112953 
  0.88459580   1.68888476 113.00037718  -22.206972954060 -22.197697926433 -0.009275027627 
  1.14712175   1.70207765  65.92043689  -22.124711255550 -22.173305046646 0.048593791096 
  0.97294415   1.71569905  77.51474556  -22.118888384972 -22.202009611479 0.083121226507 
  1.17741403   1.62732222  93.39376255  -22.044136715627 -22.032995359473 -0.011141356155 
  1.10880558   1.68888476  71.97857528  -21.964659557652 -21.936501171182 -0.028158386471 
  0.97889994   1.66125905 103.00000000  -21.904771568763 -21.902676255560 -0.002095313203 
  0.93942294   1.80434808  61.73844686  -21.791416968885 -21.631187858951 -0.160229109933 
  0.82731462   1.71960515 118.53278467  -21.725897372777 -21.694654028579 -0.031243344198 
  0.87910898   1.68613527 118.39153601  -21.601617924716 -21.543929742699 -0.057688182017 
  1.03103162   1.66668264  89.53679357  -21.496880754978 -21.449190422296 -0.047690332682 
  1.07996540   1.63340397 103.00000000  -21.427817855012 -21.428240995448 0.000423140436 
  0.90961170   1.73093073  82.98943894  -21.313296174616 -21.319027465469 0.005731290853 
  0.95393765   1.70708769  83.81920376  -21.299704852270 -21.301818829820 0.002113977550 
  0.96446195   1.68888476  89.94974874  -21.293902926158 -21.218750151884 -0.075152774273 
  1.14112362   1.62927644  96.84759129  -21.228380279357 -21.201477481288 -0.026902798069 
  0.94331591   1.74282477  73.91911183  -20.968125672091 -21.054910790342 0.086785118252 
  1.03403957   1.63489888 111.80009477  -20.961871799420 -20.991412863615 0.029541064195 
  0.96446195   1.68940299  89.94789323  -20.797357765183 -20.722198449254 -0.075159315928 
  1.08037716   1.68888476  74.76205314  -20.783816421601 -20.792674296651 0.008857875050 
  1.01241675   1.64651132 107.08301926  -20.650073969085 -20.678350700919 0.028276731834 
  0.91446195   1.68888476 103.00000000  -20.590027506336 -20.594846649499 0.004819143163 
  0.91457286   1.68888476 103.00000000  -20.540039629777 -20.544882621056 0.004842991278 
  1.11197309   1.69451855  70.54091098  -20.535958613058 -20.506187551681 -0.029771061377 
  1.03497341   1.64220561 105.54880210  -20.454927484687 -20.475297350343 0.020369865656 
  0.72950850   1.86669527 103.00000000  -20.412732693727 -20.410131047077 -0.002601646650 
  0.78996241   1.77474107 105.26426992  -20.347052716530 -20.360946457266 0.013893740736 
  1.01536137   1.68888476  82.14339056  -20.275456170646 -20.307508442843 0.032052272197 
  0.91826030   1.67280547 114.24544666  -20.253091402425 -20.235190741534 -0.017900660891 
  0.96446195   1.66332821 106.58684237  -20.198994662205 -20.222943782508 0.023949120303 
  0.96446195   1.68888476  90.65326633  -19.934199458334 -19.854635424720 -0.079564033614 
  1.02141166   1.63209403 118.96893304  -19.906596506549 -19.864867091635 -0.041729414914 
  0.87739189   1.68888476 118.72840925  -19.636257737715 -19.577793473588 -0.058464264127 
  0.99187245   1.68888476  85.89964491  -19.591253849198 -19.569745803796 -0.021508045401 
  0.79791829   1.78943270  94.29519358  -19.510306593056 -19.491516502539 -0.018790090517 
  1.00367941   1.63995078 116.46650615  -19.444116644598 -19.424178123039 -0.019938521559 
  0.96446195   1.66888476 103.00000000  -19.423214865765 -19.421744406677 -0.001470459088 
  1.45842044   1.58457748 103.00000000  -19.329788665935 -19.329352650712 -0.000436015223 
  1.40030290   1.59287621 100.54172666  -19.291888012536 -19.278967146047 -0.012920866489 
  0.99464972   1.65854487 103.00000000  -19.226920702407 -19.224670953223 -0.002249749184 
  0.96446195   1.64434072 125.12933864  -19.220728429678 -19.126641765274 -0.094086664404 
  0.95628190   1.70455338  85.39185845  -19.146860900732 -19.123480414735 -0.023380485997 
  0.96446195   1.70525709  83.78561994  -18.926679456046 -18.931066344432 0.004386888385 
  1.32538841   1.59659062 103.96022280  -18.910665761425 -18.913774886191 0.003109124767 
  1.16307607   1.61481931 107.05034040  -18.840770503903 -18.865297872944 0.024527369041 
  0.96446195   1.68888476  91.35678392  -18.601927749889 -18.519428571979 -0.082499177910 
  0.92140432   1.68888476 102.24265764  -18.562348159427 -18.558995574244 -0.003352585182 
  0.98721226   1.65220620 110.57812649  -18.544556408604 -18.570670470540 0.026114061936 
  0.96446195   1.72594208  76.72700685  -18.495901882154 -18.583403757141 0.087501874987 
  0.92593426   1.68462993 103.76583653  -18.493840956067 -18.503027519573 0.009186563506 
  0.96046147   1.71362021  81.47343051  -18.376974595223 -18.417866689240 0.040892094017 
  0.91946195   1.68888476 103.00000000  -18.358596059210 -18.362489693989 0.003893634779 
  1.12973918   1.64778187  88.25413369  -18.356760950577 -18.356964208465 0.000203257888 
  1.01982148   1.68888476  82.38509535  -18.240444435149 -18.269100048632 0.028655613483 
  0.98431548   1.68341132  90.52674903  -18.147198048693 -18.074136243571 -0.073061805122 
  0.94739416   1.67691111 103.00000000  -18.080283326948 -18.080187122950 -0.000096203999 
  0.84799788   1.74694361  94.33034860  -18.048658236905 -17.995472921675 -0.053185315229 
  1.14619977   1.66054678  80.47790719  -18.030747405730 -18.054247139146 0.023499733416 
  0.81855326   1.75441111 103.00000000  -17.878221578674 -17.909421709722 0.031200131048 
  0.96081235   1.77161760  66.33207488  -17.781759067977 -17.700808391541 -0.080950676436 
  1.14417349   1.65285819  84.37273188  -17.747191779978 -17.785192005933 0.038000225956 
  0.94270558   1.70137016  90.19120500  -17.690016262739 -17.608363244227 -0.081653018512 
  0.96446195   1.67137754 102.46500521  -17.676647386717 -17.669967849575 -0.006679537142 
  0.94662797   1.68888476  95.90875892  -17.603741507832 -17.530568550389 -0.073172957443 
  1.11721086   1.68888476  72.66925506  -17.570339116577 -17.539575736210 -0.030763380367 
  1.28809703   1.68987946  62.07625081  -17.534970136025 -17.622367813927 0.087397677902 
  0.96446195   1.67085427 103.00000000  -17.444834782771 -17.443427846752 -0.001406936019 
  1.40421680   1.58929243 104.44706085  -17.419009123412 -17.420853091197 0.001843967785 
  0.97719294   1.66138776 106.75383811  -17.297353079812 -17.322319552009 0.024966472197 
  0.96446195   1.68888476  92.06030151  -17.296771338148 -17.212459632677 -0.084311705471 
  0.89076684   1.69604355 109.06180768  -17.281823590129 -17.302163709327 0.020340119199 
  0.92211055   1.68888476 103.00000000  -17.192982226403 -17.196450737935 0.003468511532 
  0.79467897   1.77853757 103.00000000  -17.130835253127 -17.153526155799 0.022690902672 
  0.94260630   1.68888476  97.23211394  -17.088927710571 -17.027686336507 -0.061241374063 
  1.03315382   1.68888476  81.14705787  -17.056299689481 -17.094970142107 0.038670452626 
  0.97314078   1.66339734 106.48890049  -17.049111434273 -17.072888262178 0.023776827905 
  0.83673910   1.70009656 134.04062759  -17.048811893095 -17.218953292436 0.170141399341 
  0.75013377   1.83667536 103.00000000  -17.046518457777 -17.055391692297 0.008873234520 
  0.94369709   1.68888476  97.04313252  -16.945355166910 -16.882210725167 -0.063144441743 
  0.94987721   1.70276934  88.48672562  -16.825517521142 -16.759176234974 -0.066341286168 
  0.96491781   1.67135836 103.00000000  -16.769088044279 -16.767678732757 -0.001409311522 
  1.09982466   1.68888476  74.38332874  -16.710976511618 -16.702274951616 -0.008701560003 
  1.03707843   1.65844208  95.94961769  -16.658841859273 -16.599427945896 -0.059413913377 
  0.94911604   1.68979777  95.35325055  -16.656684906451 -16.579557981331 -0.077126925120 
  1.13260713   1.67325680  77.03857762  -16.642804549178 -16.651844689988 0.009040140810 
  0.96446195   1.66742103 106.26100245  -16.478106867347 -16.500576765729 0.022469898381 
  0.84383160   1.73583738 103.00000000  -16.472977620018 -16.497723855478 0.024746235460 
  0.97788563   1.76309301  66.73069171  -16.444262513436 -16.382333244034 -0.061929269402 
  0.90108560   1.72123152  91.30177549  -16.389383818012 -16.302094126707 -0.087289691305 
  0.92446195   1.68888476 103.00000000  -16.167578054723 -16.170688957013 0.003110902290 
  1.17313375   1.62045884 102.65919221  -16.120680657565 -16.116852806061 -0.003827851503 
  0.96446195   1.68253486  96.30706398  -16.065720918934 -15.995799088002 -0.069921830932 
  0.96446195   1.68888476  92.76381910  -16.017821231599 -15.933051155663 -0.084770075936 
  1.09417273   1.63504518 103.00000000  -15.992339982815 -15.993323873769 0.000983890954 
  0.95469724   1.78297144  65.23626447  -15.958672242334 -15.848691008555 -0.109981233779 
  0.96446195   1.67555604 100.87645427  -15.816885820568 -15.793302420648 -0.023583399920 
  0.91294101   1.68888476 107.13455655  -15.805567636529 -15.830169451165 0.024601814635 
  1.07478975   1.68888476  77.02182418  -15.764534430436 -15.790885636532 0.026351206095 
  0.99551762   1.68888476  87.10408383  -15.737824832595 -15.700778222509 -0.037046610086 
  1.03645879   1.66085358  95.11501754  -15.707082206165 -15.644435920599 -0.062646285566 
  1.09048478   1.68888476  75.55240003  -15.702586176078 -15.709104440610 0.006518264533 
  1.08818948   1.66514557  85.40870767  -15.599821650947 -15.605329909924 0.005508258977 
  0.96446195   1.68888476  93.00000000  -15.594207391008 -15.509595366174 -0.084612024834 
  0.93723189   1.68888476  99.64225372  -15.575486441641 -15.541145132596 -0.034341309046 
  0.96446195   1.72953081  76.66885764  -15.542432323713 -15.629239323343 0.086806999630 
  0.96446195   1.80986763  60.24135026  -15.487865988980 -15.394364267495 -0.093501721485 
  1.06477332   1.63413606 109.94691702  -15.442285637164 -15.479434815658 0.037149178494 
  1.05163678   1.68888476  79.59276147  -15.433112622348 -15.474439377313 0.041326754966 
  1.03422582   1.68888476  81.71196837  -15.330661478467 -15.364066923460 0.033405444994 
  1.11926035   1.64302547  93.97894635  -15.266826569659 -15.233871163288 -0.032955406371 
  0.95155555   1.68888476  96.16238646  -15.207342655522 -15.136309676837 -0.071032978684 
  0.98650032   1.68888476  88.93873036  -15.143314799981 -15.083054010126 -0.060260789855 
  0.89579934   1.70450092 103.00000000  -15.049054493382 -15.058285503372 0.009231009990 
  1.14030710   1.63157251  99.17026663  -15.034914561264 -15.012324919773 -0.022589641490 
  1.05701968   1.68888476  79.16015136  -14.994279831131 -15.034110274469 0.039830443337 
  0.87193548   1.70067140 115.89718127  -14.994212467776 -14.957314859262 -0.036897608514 
  1.24198709   1.61086543 103.00000000  -14.944762402840 -14.932586382154 -0.012176020685 
  0.96446195   1.64862796 124.96762015  -14.930774645654 -14.836888033341 -0.093886612314 
  0.74735251   1.84618564 102.59829707  -14.928304873440 -14.939136005788 0.010831132349 
  0.85745733   1.71612596 111.10904517  -14.844091962019 -14.848073940223 0.003981978204 
  0.96446195   1.68888476  93.46733668  -14.764410165899 -14.680517842781 -0.083892323118 
  1.23400555   1.61211476 103.00000000  -14.733215050805 -14.722600461380 -0.010614589425 
  0.91182675   1.68888476 108.48894406  -14.628764714664 -14.651744836725 0.022980122062 
  1.05252918   1.67397655  86.13568580  -14.604287895931 -14.595120121359 -0.009167774572 
  1.00782803   1.63704354 122.99321873  -14.586979105628 -14.504682464890 -0.082296640739 
  0.96446195   1.75072609  71.27584008  -14.583780631536 -14.623271146996 0.039490515460 
  0.96446195   1.66598753 108.91407896  -14.558488124352 -14.585062495415 0.026574371063 
  0.96446195   1.67388476 103.00000000  -14.429146493821 -14.427927621123 -0.001218872698 
  0.96860675   1.63814834 135.47860277  -14.410971430549 -14.476017059436 0.065045628887 
  0.96446195   1.67452329 102.62611899  -14.321680898818 -14.316895295802 -0.004785603016 
  1.00205758   1.70248221  81.12162225  -14.245755779797 -14.289271165320 0.043515385523 
  0.89110223   1.70801486 103.00000000  -14.240596260333 -14.251068876678 0.010472616344 
  0.87464887   1.68888476 125.59283801  -14.236010173219 -14.211802297234 -0.024207875985 
  1.30764126   1.60481139 101.81456240  -14.217447686737 -14.211061826983 -0.006385859754 
  1.07060218   1.64203701 103.00000000  -14.178945938402 -14.179339332822 0.000393394421 
  0.92946195   1.68888476 103.00000000  -14.016223730207 -14.018611208367 0.002387478160 
  0.92964824   1.68888476 103.00000000  -13.936856629985 -13.939185912664 0.002329282679 
  0.96446195   1.64576034 129.14071259  -13.901469997083 -13.845010601431 -0.056459395652 
  0.91689314   1.76116194  75.16588608  -13.826661907391 -13.927722863530 0.101060956139 
  1.24011757   1.61601604  99.82191995  -13.715465272115 -13.712928604961 -0.002536667154 
  1.04082364   1.71869421  71.86643635  -13.602818148724 -13.620180955984 0.017362807260 
  1.14389312   1.62726960 103.00000000  -13.575131302758 -13.575635055100 0.000503752343 
  0.96446195   1.68888476  94.17085427  -13.535996793689 -13.454166738962 -0.081830054727 
  0.96446195   1.64079359 135.10379206  -13.435241205487 -13.496044169600 0.060802964113 
  1.11661381   1.63276254 103.00000000  -13.261935976465 -13.263207724578 0.001271748113 
  1.03954848   1.66294461  94.75211485  -13.217787005298 -13.154998083198 -0.062788922100 
  0.97804563   1.65680310 113.84003353  -13.176603443721 -13.175795053616 -0.000808390105 
  0.91549377   1.65800809 136.88196209  -13.116326389947 -13.258627380645 0.142300990698 
  0.96446195   1.71949542  80.93395770  -12.911563679267 -12.959308972071 0.047745292804 
  0.96427325   1.70489945  86.71054782  -12.858745049587 -12.817529738963 -0.041215310624 
  0.89055995   1.68817312 119.72005320  -12.807362457806 -12.741032797070 -0.066329660737 
  0.96446195   1.69280758  92.47519653  -12.798868223173 -12.714432533556 -0.084435689618 
  1.02310789   1.68888476  84.27072776  -12.779757971890 -12.784987255756 0.005229283866 
  0.96446195   1.70810911  85.35777655  -12.765126739218 -12.743580589908 -0.021546149310 
  0.95639631   1.68987233  95.93719148  -12.728818247007 -12.656434904312 -0.072383342696 
  0.96446195   1.70700214  85.89562586  -12.602585382509 -12.572952819755 -0.029632562754 
  0.87780413   1.71797244 103.00000000  -12.378344965142 -12.392538333581 0.014193368439 
  1.02408774   1.68888476  84.32376893  -12.348848796617 -12.353465847350 0.004617050733 
  0.96446195   1.68888476  94.87437186  -12.331924793631 -12.253298164993 -0.078626628637 
  0.92568308   1.67618685 115.77783895  -12.148174031467 -12.112943074967 -0.035230956500 
  1.03092308   1.68888476  83.51303603  -12.064892568204 -12.079552880716 0.014660312513 
  0.98017984   1.68888476  91.80600057  -11.914073713906 -11.834202743637 -0.079870970269 
  0.98913845   1.71007940  81.11651620  -11.753658133650 -11.797911057682 0.044252924032 
  0.91402242   1.67850760 118.91332403  -11.712969307406 -11.645559386574 -0.067409920832 
  1.07891021   1.66892582  86.51432283  -11.706232480799 -11.699940000162 -0.006292480637 
  0.96446195   1.66415801 112.92023195  -11.667423487728 -11.671553645034 0.004130157306 
  1.05950204   1.62794190 121.23229519  -11.567027341916 -11.518043444314 -0.048983897602 
  0.95482203   1.68888476  97.76307978  -11.347668681305 -11.291570037799 -0.056098643505 
  0.96446195   1.68888476  95.50000000  -11.281149685503 -11.206219272154 -0.074930413349 
  1.07126041   1.68888476  79.04691744  -11.263422190263 -11.296065856442 0.032643666180 
  0.99450899   1.68888476  89.48484247  -11.251437648309 -11.188696861760 -0.062740786549 
  1.13610551   1.65233504  88.60602979  -11.237433026694 -11.234281231278 -0.003151795416 
  0.96446195   1.67713568 103.00000000  -11.232220745525 -11.231187293125 -0.001033452400 
  0.85535239   1.71848460 113.76205569  -11.196823472492 -11.178955833344 -0.017867639148 
  0.96446195   1.68888476  95.57788945  -11.151605749841 -11.077206964666 -0.074398785175 
  0.96446195   1.69162122  94.16830822  -10.936192773494 -10.854666220695 -0.081526552798 
  0.93534751   1.69079245 102.17267705  -10.899796994025 -10.893671241204 -0.006125752821 
  0.93302760   1.68888476 104.19069785  -10.889246012102 -10.900799045551 0.011553033448 
  1.27385982   1.68226777  66.28959197  -10.880598660991 -11.024737127219 0.144138466228 
  0.85585193   1.76421002  88.42192764  -10.875889962179 -10.807123066853 -0.068766895325 
  1.00154365   1.68888476  88.48204079  -10.837557635095 -10.786334100894 -0.051223534202 
  0.93718593   1.68888476 103.00000000  -10.768809564910 -10.770281631502 0.001472066592 
  1.03022504   1.65578239 103.00000000  -10.739617489464 -10.738676102076 -0.000941387388 
  0.98365771   1.71148791  81.83315049  -10.678364447351 -10.713093692124 0.034729244773 
  0.91715728   1.70105476 101.30268768  -10.581228074898 -10.569925151568 -0.011302923330 
  0.97797367   1.67278413 103.00000000  -10.547415990342 -10.545950208968 -0.001465781374 
  1.07011091   1.62883250 118.49574431  -10.537096747299 -10.516324678429 -0.020772068870 
  0.95379314   1.69508207  94.92958801  -10.524030403893 -10.445415481919 -0.078614921974 
  1.06044084   1.68888476  80.52528286  -10.507775557122 -10.541947781573 0.034172224451 
  0.93375333   1.68888476 104.27536889  -10.471696244716 -10.483797265282 0.012101020566 
  1.16768957   1.63135053  98.71253331  -10.369728045986 -10.346338937100 -0.023389108886 
  1.11604825   1.63555700 103.00000000  -10.225620072004 -10.227030059694 0.001409987690 
  0.90231259   1.68888476 116.28198619  -10.175300264200 -10.132960010953 -0.042340253247 
  0.97560309   1.67410683 103.02305509  -10.061073529185 -10.059869179353 -0.001204349832 
  0.96446195   1.68888476  96.28140704  -9.994483302889 -9.925184260990 -0.069299041899 
  0.96446195   1.79035206  64.47788305  -9.867371708042 -9.750898666838 -0.116473041204 
  1.01105549   1.74428828  69.38523985  -9.810113598109 -9.807328309790 -0.002785288319 
  1.04990031   1.71245770  73.92283225  -9.805275799928 -9.834805592671 0.029529792743 
  1.05626567   1.68888476  81.32877607  -9.707778240263 -9.738955065269 0.031176825006 
  0.99192657   1.68888476  90.80745724  -9.603572049899 -9.530897413976 -0.072674635923 
  0.96446195   1.67888476 103.00000000  -9.528280429055 -9.527424135121 -0.000856293934 
  1.00296952   1.70809469  80.81594469  -9.501381053688 -9.547035163203 0.045654109516 
  1.14769214   1.68888476  72.89146168  -9.472933756642 -9.452766612807 -0.020167143835 
  0.94951197   1.67864477 107.62871470  -9.448460954300 -9.473567800826 0.025106846526 
  0.94237899   1.68888476 102.47775987  -9.357444427944 -9.353511506931 -0.003932921012 
  0.96446195   1.71906202  82.60489858  -9.226388755382 -9.248077561709 0.021688806327 
  0.89409203   1.72809412  94.01991969  -9.188262879314 -9.112485480394 -0.075777398920 
  0.86823302   1.71583660 111.20894790  -9.168716512177 -9.172377508659 0.003660996482 
  1.04000735   1.65461038 103.00000000  -9.079021457965 -9.078626473025 -0.000394984940 
  0.90983867   1.74079054  84.75205775  -9.009394615729 -8.984353534634 -0.025041081094 
  0.96960702   1.68888476  95.77772522  -8.881979630118 -8.809447217444 -0.072532412674 
  0.96446195   1.68888476  96.98492462  -8.859816179396 -8.796519556253 -0.063296623143 
  0.93393520   1.68888476 105.46329382  -8.834258456867 -8.853257055219 0.018998598352 
  0.93533122   1.73391187  82.36077580  -8.820568142684 -8.841949297575 0.021381154891 
  0.95381277   1.67805434 107.31277718  -8.729101061239 -8.754016240758 0.024915179519 
  1.32866543   1.60146413 106.63032576  -8.689051939909 -8.708591061732 0.019539121822 
  1.01237150   1.66313115 103.00000000  -8.634696127439 -8.633339423635 -0.001356703804 
  1.05889469   1.65696582  98.02612809  -8.599969674244 -8.556875761609 -0.043093912635 
  1.01922712   1.64920794 112.91518687  -8.582509163316 -8.599729296547 0.017220133231 
  1.06672161   1.67078983  88.75145088  -8.469057685143 -8.438777037371 -0.030280647772 
  1.06132036   1.66341238  93.71376403  -8.312719910689 -8.256219880868 -0.056500029822 
  0.96415448   1.78971079  64.98235355  -8.295757363569 -8.187374176270 -0.108383187298 
  1.03673905   1.62962666 129.40468801  -8.245003020129 -8.203406798884 -0.041596221245 
  0.95133151   1.68888476 100.76483933  -8.196715330167 -8.173865117121 -0.022850213046 
  0.91125094   1.68888476 114.34173310  -8.181009973265 -8.159334000189 -0.021675973076 
  0.91117551   1.73486618  87.16671946  -8.153147793404 -8.094051122250 -0.059096671154 
  1.13445689   1.63378895 103.00000000  -8.123551535668 -8.124666666257 0.001115130589 
  0.92222192   1.68888476 110.20395875  -7.991456657292 -8.007359050313 0.015902393021 
  1.14671276   1.68888476  73.50384249  -7.834424849170 -7.816666179367 -0.017758669803 
  0.96446195   1.65593531 124.66669764  -7.808983402112 -7.715506376630 -0.093477025482 
  0.96446195   1.68888476  97.68844221  -7.747170449475 -7.690503025346 -0.056667424129 
  0.94687427   1.65361114 134.12646303  -7.711517459960 -7.771020384798 0.059502924837 
  0.94472362   1.68888476 103.00000000  -7.686217148261 -7.687022214403 0.000805066142 
  0.94382710   1.68888476 103.26907181  -7.680859403692 -7.684097142784 0.003237739092 
  0.91366944   1.68888476 113.82589684  -7.662428261803 -7.646478944421 -0.015949317382 
  0.96540094   1.68045628 103.00000000  -7.654160371359 -7.653350199851 -0.000810171509 
  1.02534639   1.66092314 102.46360465  -7.605276717779 -7.599111175932 -0.006165541847 
  0.85594739   1.73780630 103.36542879  -7.540141797061 -7.562258922527 0.022117125466 
  0.96446195   1.68915089  97.67638750  -7.513813402518 -7.457109287693 -0.056704114825 
  0.96446195   1.78156807  66.64786601  -7.431702377733 -7.359738090860 -0.071964286873 
  0.95672846   1.68888476  99.85713991  -7.411480406219 -7.378251218886 -0.033229187333 
  1.03268964   1.69361612  83.32078321  -7.397587940530 -7.413440322177 0.015852381647 
  0.74522380   1.86472214 103.00000000  -7.342728332816 -7.344414775390 0.001686442574 
  0.96446195   1.71894771  83.46547319  -7.314777983407 -7.322502811518 0.007724828111 
  0.96446195   1.68888476  98.00000000  -7.261262085001 -7.207747580700 -0.053514504301 
  0.96446195   1.68888476  98.00000000  -7.261262085001 -7.207747580700 -0.053514504301 
  0.99373301   1.68888476  91.74533809  -7.231301826389 -7.155295948050 -0.076005878339 
  1.21198571   1.62042040 104.05417366  -7.062985064884 -7.063043178557 0.000058113673 
  1.06767501   1.66225028  94.17837917  -6.986703729752 -6.932034614375 -0.054669115377 
  1.03036949   1.63930403 121.49955649  -6.870776606222 -6.804586486940 -0.066190119282 
  0.96446195   1.68888476  98.39195980  -6.655793492897 -6.606428170472 -0.049365322425 
  0.97637983   1.68888476  95.66154272  -6.574489860428 -6.502066264404 -0.072423596024 
  1.01052957   1.66573117 103.00000000  -6.568879314003 -6.567692300295 -0.001187013709 
  1.01537036   1.74020458  70.86797930  -6.470677657759 -6.488685538549 0.018007880790 
  0.95180224   1.64853650 138.89841567  -6.465171971922 -6.607606335140 0.142434363218 
  0.90402115   1.68888476 119.16220668  -6.455639762731 -6.389265420845 -0.066374341886 
  1.10158033   1.68888476  77.84529523  -6.418407216461 -6.430856625073 0.012449408613 
  0.83988947   1.77332813  92.43335324  -6.362119333658 -6.305096858631 -0.057022475028 
  0.99025364   1.69397772  90.30562292  -6.282266966242 -6.212110331859 -0.070156634382 
  1.05828484   1.65241900 103.00000000  -6.236576381096 -6.236961870125 0.000385489030 
  0.96446195   1.64889995 133.96319689  -6.234089948561 -6.277470433092 0.043380484531 
  1.29751602   1.61109486 103.00000000  -6.223730791862 -6.223944141478 0.000213349616 
  1.23418303   1.67827306  71.42735681  -6.161089326866 -6.087632668354 -0.073456658512 
  0.92791619   1.68888476 109.70289256  -6.139552373072 -6.158409180796 0.018856807724 
  0.74470400   1.86318051 105.83685949  -5.869732297426 -5.837259494191 -0.032472803235 
  0.96847463   1.64761542 134.28361453  -5.849580197857 -5.897583533772 0.048003335915 
  0.83383896   1.76028808 101.68514228  -5.741322637408 -5.762311215465 0.020988578057 
  0.96446195   1.65700905 125.78839677  -5.681048866973 -5.592731574171 -0.088317292801 
  0.87789084   1.73665645  96.96454472  -5.627948657919 -5.585279114674 -0.042669543245 
  1.04948938   1.66039188  99.32839011  -5.623247708758 -5.588749149132 -0.034498559626 
  0.96446195   1.68888476  99.09547739  -5.585449631220 -5.543594446759 -0.041855184462 
  1.18461145   1.62265660 106.93663009  -5.565772084097 -5.588429611088 0.022657526990 
  1.09826226   1.68888476  78.53177583  -5.442396193357 -5.459719823092 0.017323629735 
  0.97642557   1.72361466  80.68041035  -5.399188996631 -5.448325751504 0.049136754873 
  0.96446195   1.72990193  80.34972946  -5.332459937265 -5.386349825561 0.053889888297 
  0.94285033   1.65849844 133.21189499  -5.295775796654 -5.341355521541 0.045579724887 
  1.12465577   1.66641438  85.48176378  -5.255212112654 -5.262526693733 0.007314581080 
  1.21013976   1.62226222 104.03173414  -5.254690928432 -5.255021321026 0.000330392594 
  0.85859636   1.73950169 103.00000000  -5.222914146299 -5.242448281165 0.019534134865 
  0.96446195   1.68341709 103.00000000  -5.165055681060 -5.164577085702 -0.000478595358 
  0.99999862   1.66384072 108.17701155  -5.153994681787 -5.183685487184 0.029690805397 
  1.03442097   1.64844175 112.65547237  -5.147638961909 -5.169408660424 0.021769698515 
  0.90666212   1.68964074 118.62226856  -5.123950445592 -5.060842672976 -0.063107772615 
  0.83754513   1.75589445 103.00000000  -5.008842074381 -5.034127861824 0.025285787443 
  1.05117906   1.63344445 124.24202181  -4.853544712856 -4.784890139741 -0.068654573116 
  0.96446195   1.68388476 103.00000000  -4.719092532039 -4.718637737302 -0.000454794737 
  0.86379107   1.72467885 110.87896809  -4.714718136991 -4.720208138191 0.005490001200 
  0.95226131   1.68888476 103.00000000  -4.686490648182 -4.686779702486 0.000289054303 
  1.44504725   1.59735260 103.00000000  -4.640364372961 -4.632865830993 -0.007498541968 
  0.89985783   1.71434045 103.00000000  -4.563771342149 -4.572250802313 0.008479460164 
  1.06858840   1.62876337 125.26656952  -4.559656052272 -4.501295316967 -0.058360735305 
  1.02455718   1.65129131 113.12448600  -4.543097571124 -4.559094565876 0.015996994751 
  0.96446195   1.68888476  99.79899497  -4.535336394943 -4.501310047843 -0.034026347100 
  0.99264340   1.81291184  60.04557409  -4.328160758170 -4.332420668650 0.004259910480 
  0.96446195   1.69926107  93.88017300  -4.296089546424 -4.214625121869 -0.081464424554 
  0.96446195   1.68888476 100.00000000  -4.238942527969 -4.207193318107 -0.031749209862 
  0.93599096   1.68888476 108.47358590  -4.223986894223 -4.247215982942 0.023229088718 
  0.96446195   1.70337148  91.83038838  -4.148573129158 -4.065924761002 -0.082648368156 
  0.96446195   1.71176006  87.88867834  -4.131201068711 -4.075198147167 -0.056002921543 
  1.02781782   1.68888476  87.63181029  -4.053266264349 -4.018360910079 -0.034905354270 
  0.96446195   1.74290667  76.78981243  -3.906433556665 -3.989643209420 0.083209652755 
  0.74792095   1.86714895 103.00000000  -3.905465116055 -3.907125086836 0.001659970781 
  0.94641058   1.81675713  63.11464969  -3.824432060697 -3.674924607410 -0.149507453287 
  1.15500283   1.68888476  74.22565509  -3.815316548236 -3.795690295741 -0.019626252495 
  0.94922495   1.68888476 104.56931535  -3.781582067717 -3.794704541312 0.013122473595 
  1.01752708   1.63192606 137.74795970  -3.741818932813 -3.836958958519 0.095140025706 
  1.03044163   1.68888476  87.42983550  -3.657953568258 -3.625918163713 -0.032035404545 
  0.76950934   1.83234394 103.00000000  -3.610034777848 -3.623016148408 0.012981370560 
  0.82357846   1.76036614 108.89840154  -3.540512809370 -3.552842319538 0.012329510168 
  0.91132441   1.68888476 118.80163294  -3.539180078180 -3.474163925277 -0.065016152903 
  0.96446195   1.68888476 100.50000000  -3.508686079200 -3.482511522038 -0.026174557162 
  0.96446195   1.68888476 100.50251256  -3.505036626426 -3.478894602461 -0.026142023965 
  0.96562428   1.68888476 100.23154051  -3.461648064644 -3.432476669186 -0.029171395458 
  0.96446195   1.71945240  84.99531466  -3.427655196636 -3.410790004408 -0.016865192228 
  1.15317255   1.68888476  74.53497178  -3.328206099239 -3.311755527435 -0.016450571804 
  1.08381029   1.65651447  97.54948837  -3.226644450937 -3.185417455357 -0.041226995580 
  1.10114160   1.66777644  88.58016661  -3.016640580616 -2.998566582782 -0.018073997834 
  0.96446195   1.73636046  79.18717204  -2.852282164866 -2.919081366258 0.066799201392 
  1.10903518   1.68888476  78.50616090  -2.808107385681 -2.819210760257 0.011103374576 
  0.96446195   1.68888476 101.00000000  -2.788148790311 -2.767530183815 -0.020618606496 
  0.88828731   1.70525268 116.14641192  -2.639124591085 -2.599496368378 -0.039628222708 
  1.05468918   1.68888476  84.56391326  -2.604402108183 -2.608057761611 0.003655653427 
  0.90415428   1.69266507 119.70748127  -2.508765410304 -2.440444458146 -0.068320952158 
  0.96446195   1.68888476 101.20603015  -2.494048573742 -2.475681959756 -0.018366613986 
  1.02543039   1.63974540 127.25566865  -2.476170387225 -2.405886367142 -0.070284020082 
  1.07651699   1.68888476  82.00137447  -2.455851763469 -2.478583057012 0.022731293543 
  1.01143953   1.68888476  91.16999074  -2.355791567483 -2.287190545618 -0.068601021865 
  1.18190166   1.64076197  95.39861665  -2.310376947549 -2.283554560543 -0.026822387007 
  1.03001553   1.64543998 119.61069684  -2.300201941041 -2.249031544120 -0.051170396922 
  0.92443214   1.68888476 114.48715916  -2.277912560163 -2.255650595107 -0.022261965056 
  1.00722092   1.68888476  91.98235406  -2.246799175224 -2.174043623862 -0.072755551362 
  0.92588376   1.68888476 113.99550488  -2.186361823762 -2.169546556149 -0.016815267613 
  1.09803529   1.68888476  79.86590793  -2.072795272845 -2.093346460058 0.020551187213 
  1.04024066   1.66127760 103.00000000  -2.050417987983 -2.050510550707 0.000092562725 
  1.09370903   1.64778125 103.00000000  -2.030272209278 -2.032030774769 0.001758565491 
  0.99270818   1.70142398  88.49597713  -1.991933133355 -1.937077898144 -0.054855235211 
  1.02299114   1.73076510  73.93318300  -1.922427348934 -1.970007054063 0.047579705129 
  0.95946195   1.68888476 103.00000000  -1.895802591207 -1.895884981532 0.000082390325 
  0.95979899   1.68888476 103.00000000  -1.766952897713 -1.767014685588 0.000061787875 
  1.05668725   1.67671237  90.57292915  -1.721582225378 -1.672382120122 -0.049200105256 
  0.96446195   1.69102895 100.37362833  -1.681589601212 -1.654385948703 -0.027203652509 
  0.96446195   1.70876003  90.57778986  -1.582310712980 -1.504359699480 -0.077951013500 
  1.08751011   1.68888476  81.17738022  -1.531980890548 -1.555322923889 0.023342033341 
  0.96446195   1.68888476 101.90954774  -1.501855657243 -1.491022711403 -0.010832945840 
  1.00609713   1.68888476  92.60366320  -1.500416033123 -1.426099767359 -0.074316265764 
  1.06252927   1.70471356  78.01389568  -1.389559486961 -1.427090974981 0.037531488020 
  1.07110142   1.63695590 118.43718120  -1.383397918737 -1.359826387699 -0.023571531037 
  0.96446195   1.68888476 102.00000000  -1.375580565822 -1.365737061647 -0.009843504175 
  1.06396325   1.68888476  83.98562973  -1.286514253770 -1.296074503250 0.009560249480 
  0.96961179   1.68888476 100.70626586  -1.285364939726 -1.261415263113 -0.023949676613 
  1.04526772   1.68888476  86.48615373  -1.171479072960 -1.153160471597 -0.018318601363 
  0.96446195   1.68574450 104.37583481  -1.107547209045 -1.118907424028 0.011360214983 
  0.96446195   1.70705381  91.67397994  -1.095165916206 -1.013315452171 -0.081850464035 
  0.91069913   1.66421769 145.18732233  -1.038623148728 -1.156310779254 0.117687630525 
  1.09916429   1.64748449 103.00000000  -1.028082227527 -1.029909391236 0.001827163709 
  1.29900016   1.61530212 103.00000000  -0.972697399447 -0.972129243971 -0.000568155476 
  0.85904522   1.73845654 106.97161027  -0.913236771568 -0.937713733475 0.024476961906 
  1.14386315   1.65187582  93.57232721  -0.829071330314 -0.798673313213 -0.030398017101 
  0.96446195   1.69814739  96.62870433  -0.775697504429 -0.710866308955 -0.064831195473 
  0.95058570   1.69383403 103.00000000  -0.757539478967 -0.758403885756 0.000864406788 
  0.94566425   1.65551765 140.11816585  -0.695469420574 -0.861546003716 0.166076583142 
  0.95460688   1.68888476 105.33803371  -0.674367204334 -0.692048317034 0.017681112701 
  1.29999882   1.67636451  69.83704712  -0.671826311365 -0.593751167110 -0.078075144256 
  1.14741503   1.62553838 114.59388925  -0.639639186284 -0.664276530764 0.024637344480 
  0.88493135   1.72876848 102.44946172  -0.588809969071 -0.597200512552 0.008390543481 
  1.16090462   1.68888476  74.89871955  -0.580948719042 -0.561797367244 -0.019151351798 
  0.95051806   1.68888476 106.68003688  -0.572183404700 -0.595269615230 0.023086210530 
  0.96446195   1.68888476 102.61306533  -0.527988795977 -0.524286622485 -0.003702173492 
  1.07366521   1.70841627  76.02516642  -0.376570229433 -0.402663419417 0.026093189984 
  0.95927528   1.68888476 104.23313402  -0.315498613832 -0.326014374155 0.010515760322 
  1.00834451   1.74334698  72.62296670  -0.290627704253 -0.333179608278 0.042551904025 
  1.05860279   1.70250808  79.64634081  -0.270701681118 -0.307847328682 0.037145647564 
  0.92529418   1.70273963 105.23552118  -0.226882652758 -0.245242135726 0.018359482968 
  0.93886778   1.72457423  89.47286615  -0.070723107066 0.004686619903 -0.075409726969 
  0.96446195   1.68888476 103.00000000  0.000000000000 0.000000000000 0.000000000000 
  1.28210585   1.70220353  63.81499079  0.022128062632 -0.064177448151 0.086305510783 
  1.14666943   1.62754700 113.29419774  0.096973225980 0.065644311115 0.031328914865 
  1.01509368   1.67091999 103.00000000  0.107032738350 0.107494132634 -0.000461394284 
  0.96446195   1.72755482  83.47899843  0.182243458650 0.175724249565 0.006519209085 
  1.05324011   1.66007393 103.00000000  0.401921022494 0.401164717049 0.000756305445 
  0.95452387   1.69343257 103.00000000  0.416706106887 0.416044554756 0.000661552131 
  0.96446195   1.68888476 103.31658291  0.428041521885 0.425135150811 0.002906371074 
  1.07067775   1.65850585 100.83891150  0.444438820858 0.462982905092 -0.018544084234 
  1.09919968   1.65812190  96.44679351  0.529213027687 0.572169562968 -0.042956535281 
  0.96446195   1.74653523  77.32299493  0.549432143835 0.469458490815 0.079973653020 
  1.08354908   1.68888476  82.48738871  0.556019655261 0.536966391494 0.019053263768 
  0.89748311   1.75013072  88.63864589  0.558515360601 0.630634779504 -0.072119418904 
  0.93915345   1.77176846  74.01582640  0.605602337753 0.520731344489 0.084870993264 
  0.96446195   1.68969849 103.00000000  0.759653502548 0.759515406406 0.000138096142 
  1.09943037   1.63533622 115.48159275  0.759872825747 0.748122761026 0.011750064721 
  0.97205639   1.65667596 130.60901512  1.050203795901 1.075192578190 -0.024988782288 
  0.91722772   1.71158586 103.00000000  1.050688398089 1.045290167912 0.005398230177 
  0.96733668   1.68888476 103.00000000  1.074790312443 1.074741969980 0.000048342463 
  0.96386261   1.66135595 128.76024546  1.093039088468 1.146134607451 -0.053095518983 
  1.02887979   1.65714723 111.68258896  1.197027022281 1.171649866078 0.025377156203 
  1.05443662   1.70341903  80.36593439  1.202447810938 1.166905429932 0.035542381006 
  0.96105346   1.69171888 103.00000000  1.347483396661 1.347151238990 0.000332157671 
  0.96446195   1.68888476 104.02010050  1.366610464087 1.357828162701 0.008782301386 
  0.96446195   1.70157578  96.07862899  1.475973419510 1.544636626909 -0.068663207398 
  1.25890908   1.62217183 103.23467334  1.547962623081 1.540299044649 0.007663578432 
  1.01708933   1.68888476  92.36711181  1.643088120636 1.713943020998 -0.070854900362 
  0.87846358   1.73078748 105.53624253  1.676022462474 1.652330077737 0.023692384737 
  1.00981251   1.68888476  93.75134251  1.729153244345 1.802386125456 -0.073232881111 
  0.96446195   1.72509186  85.21035264  1.929845095594 1.950227415210 -0.020382319616 
  1.19475274   1.65654902  87.02457303  1.951834599502 1.922882129154 0.028952470348 
  0.97462432   1.78046716  68.30328919  1.969212085369 1.999818173654 -0.030606088285 
  1.00684180   1.75607801  70.40590269  2.103849006759 2.090668474004 0.013180532754 
  0.99230170   1.68074613 103.00000000  2.249128024971 2.249594398968 -0.000466373998 
  1.36590275   1.68642815  63.58400481  2.261335265644 2.062279028143 0.199056237501 
  0.96446195   1.68888476 104.72361809  2.288294684877 2.274352931600 0.013941753277 
  1.01612753   1.68888476  92.96607843  2.398390959926 2.470282218112 -0.071891258186 
  1.20264728   1.62789452 105.89139137  2.407393014975 2.392750977131 0.014642037844 
  0.85678106   1.76331866  96.37061941  2.428533452723 2.463370521069 -0.034837068346 
  1.26741875   1.62220165 103.00000000  2.549151194744 2.544550065581 0.004601129163 
  0.96446195   1.68888476 105.00000000  2.645792930627 2.630110122565 0.015682808062 
  0.91105455   1.71698292 103.00000000  2.872426826438 2.865965100745 0.006461725692 
  0.96446195   1.68888476 105.42713568  3.193445859437 3.175243645189 0.018202214248 
  1.14313481   1.70603484  72.11950003  3.301048134468 3.304479843196 -0.003431708728 
  1.18986719   1.64312349  96.34990343  3.360004313072 3.389694803093 -0.029690490021 
  1.09875109   1.70426744  76.33936405  3.362916421047 3.351714022896 0.011202398151 
  1.00270328   1.67536309 105.17065852  3.391122912719 3.373547613540 0.017575299178 
  0.96446195   1.69863757  99.06940651  3.422927146741 3.463346300026 -0.040419153285 
  1.15747150   1.63982932 103.00000000  3.434209835152 3.434002629339 0.000207205813 
  1.27219162   1.62236045 103.00000000  3.447831868583 3.444105430477 0.003726438106 
  1.13298904   1.68888476  78.76485596  3.578999653178 3.550245961879 0.028753691300 
  1.10781707   1.68888476  81.17609126  3.580453900890 3.562776662256 0.017677238634 
  1.01432573   1.66525685 110.46301202  3.588273621932 3.560425625862 0.027847996070 
  0.99750975   1.76822419  69.05625960  3.640112251276 3.649824749912 -0.009712498636 
  0.95028017   1.68888476 110.45128012  3.822044012053 3.805403393991 0.016640618062 
  0.97487437   1.68888476 103.00000000  3.840871419787 3.840868670491 0.000002749296 
  0.96446195   1.72543984  86.00095123  3.921163304913 3.953091177908 -0.031927872996 
  0.96446195   1.67211211 120.49752607  3.967497172413 4.047391162073 -0.079893989660 
  0.95195352   1.69098379 108.42905343  4.046278358754 4.022301474567 0.023976884186 
  0.96446195   1.68955214 105.61393407  4.049737228532 4.030528336375 0.019208892157 
  0.96446195   1.68888476 106.13065327  4.082562458556 4.061007136956 0.021555321600 
  0.89297920   1.71356231 113.74466837  4.102661767891 4.120188331031 -0.017526563140 
  1.43966732   1.60054722 106.87340507  4.135838837705 4.123275902936 0.012562934768 
  1.46743546   1.60258233 103.00000000  4.233148702660 4.242562341525 -0.009413638865 
  0.88301665   1.73513150 103.00000000  4.245503485159 4.232713608036 0.012789877123 
  1.02490015   1.68888476  92.49648331  4.327087127760 4.395969869972 -0.068882742212 
  0.97772624   1.68831483 103.00000000  4.335386174818 4.335379525087 0.000006649731 
  0.95111652   1.71685547  92.95074691  4.626445186237 4.709098223143 -0.082653036906 
  0.96446195   1.69388476 103.00000000  4.630483157394 4.630030214721 0.000452942673 
  0.89778183   1.76132857  86.29112400  4.653223773737 4.700393653913 -0.047169880176 
  0.91224051   1.70796106 110.40798644  4.733815287829 4.722071349546 0.011743938283 
  1.55388969   1.59558898 103.00000000  4.755880350265 4.770192911086 -0.014312560821 
  1.14664526   1.68888476  78.03238608  4.766415720962 4.749641028336 0.016774692626 
  0.89805265   1.72037311 107.12158116  4.809562147351 4.786695731727 0.022866415624 
  1.12293288   1.71365725  71.94332988  4.837141900673 4.826572079802 0.010569820870 
  0.93319431   1.68888476 117.92578256  4.893242775721 4.952016843573 -0.058774067852 
  0.96446195   1.68888476 106.83417085  4.956009435631 4.932122220721 0.023887214911 
  1.25635136   1.62580069 103.00000000  5.027061012828 5.020626694980 0.006434317848 
  0.96922488   1.68384635 109.36959232  5.063296918193 5.039324865035 0.023972053159 
  0.96446195   1.74497714  79.53035644  5.142511029229 5.081289657819 0.061221371410 
  0.97136730   1.69167377 103.00000000  5.155468107190 5.155220352830 0.000247754360 
  0.96446195   1.67760620 116.44500618  5.156210304562 5.194542939955 -0.038332635393 
  0.96446195   1.68888476 107.00000000  5.159630322938 5.135372624159 0.024257698779 
  1.21668275   1.65372632  88.24989474  5.243531450884 5.219738365822 0.023793085062 
  0.96483168   1.68860969 107.20725858  5.296368343050 5.271774931102 0.024593411948 
  1.14098859   1.68250239  81.34075967  5.444372935552 5.409132032330 0.035240903221 
  0.90670375   1.70599030 115.07951041  5.535047915477 5.565340964236 -0.030293048759 
  0.84968973   1.76072815 103.00000000  5.570547659023 5.549246242892 0.021301416131 
  0.96446195   1.68853397 107.72342388  5.714262178630 5.689081297211 0.025180881418 
  0.96446195   1.66574042 129.09400209  5.801622000774 5.846282130931 -0.044660130157 
  1.03620008   1.68888476  91.40826281  5.805537698223 5.867709018012 -0.062171319789 
  0.96446195   1.68888476 107.53768844  5.814104919147 5.789039454801 0.025065464346 
  0.96446195   1.70750182  95.52124038  5.903933308589 5.975364403216 -0.071431094627 
  0.95426552   1.68888476 111.02803358  6.015142058870 6.001608227410 0.013533831460 
  1.02013469   1.72323567  79.43145266  6.194084052757 6.143286117122 0.050797935635 
  0.82807787   1.77656993 105.18064389  6.220019273856 6.194176870639 0.025842403218 
  0.96446195   1.69008639 106.96604373  6.226447106514 6.202336742892 0.024110363622 
  0.96446195   1.69655907 102.38050207  6.235552709692 6.240682679308 -0.005129969617 
  1.00463704   1.68062023 103.00000000  6.244922779806 6.244902528128 0.000020251678 
  0.96446195   1.69935512 100.62340731  6.330020323250 6.353141253388 -0.023120930137 
  0.96446195   1.68512231 111.00336134  6.368324851675 6.352829307484 0.015495544191 
  0.99736405   1.68888476  99.25041417  6.391587387479 6.430015846074 -0.038428458595 
  0.98428260   1.68888476 102.42764906  6.415306226412 6.420711223514 -0.005404997102 
  0.92221831   1.65914049 152.59125876  6.503849245091 6.791105847332 -0.287256602241 
  0.98241206   1.68888476 103.00000000  6.533834907896 6.533671384959 0.000163522937 
  0.96446195   1.69597990 103.00000000  6.544876174205 6.544162899878 0.000713274326 
  1.05770549   1.66494307 103.00000000  6.623919940004 6.622440886431 0.001479053573 
  0.96446195   1.68888476 108.24120603  6.657314188749 6.632181156259 0.025133032490 
  0.94083078   1.68888476 116.63453350  6.689926541545 6.734868983844 -0.044942442299 
  0.84202217   1.75143041 114.37094936  6.825878159900 6.842477622535 -0.016599462635 
  0.92942712   1.78301424  74.71056094  6.872687659659 6.779964102015 0.092723557645 
  1.09438999   1.65601223 103.00000000  6.881985586268 6.879703964126 0.002281622141 
  1.03159423   1.67264999 103.00000000  6.887301492385 6.886659659406 0.000641832979 
  1.09657483   1.68759037  84.36627734  6.892946406344 6.885728630517 0.007217775827 
  0.96727704   1.68888476 107.60811506  6.942820979122 6.917585933733 0.025235045390 
  1.19900271   1.62939170 108.71419262  6.960764604199 6.930705428830 0.030059175369 
  0.99509817   1.68888476 100.17259623  6.975123572003 7.003955934305 -0.028832362302 
  0.86702634   1.78178851  87.99729189  7.138571837411 7.199564929765 -0.060993092353 
  1.12424231   1.68888476  81.04619877  7.173878860278 7.160925251293 0.012953608985 
  0.79440832   1.81321234 105.76492412  7.194014922836 7.178526674481 0.015488248355 
  0.82680796   1.78320824 103.00000000  7.284191078616 7.258643691682 0.025547386934 
  1.03173064   1.66878075 106.22111247  7.295699301354 7.270394303372 0.025304997982 
  0.96446195   1.68888476 108.94472362  7.486060714160 7.461941912770 0.024118801390 
  0.92837346   1.69343868 118.56477504  7.570732081756 7.634876349770 -0.064144268013 
  1.00212988   1.67711843 107.33125487  7.618586778986 7.590839871605 0.027746907381 
  0.91033771   1.72080154 104.52105342  7.693709599695 7.677293699387 0.016415900307 
  0.96446195   1.74517606  80.48690029  7.712201852104 7.662894811412 0.049307040692 
  0.99009365   1.73614221  79.70854391  7.781524511276 7.726194713317 0.055329797959 
  1.01756930   1.75932600  70.28530300  7.846469614964 7.835403577029 0.011066037935 
  0.96446195   1.78034709  71.08887825  7.878079826827 7.847822968871 0.030256857957 
  1.40022706   1.61305399 102.08002080  7.904154407730 7.921717045042 -0.017562637312 
  0.89280309   1.71598054 115.64656725  7.919558276717 7.954148934167 -0.034590657450 
  0.98579237   1.68914685 103.00000000  7.962779965354 7.962525928310 0.000254037044 
  1.11677856   1.64122080 112.54441222  8.007853185907 7.975771892091 0.032081293816 
  0.95425022   1.68888476 112.85660202  8.012894114447 8.014609802082 -0.001715687635 
  0.88551986   1.72084810 115.36795453  8.037435902061 8.068698336033 -0.031262433973 
  0.95413055   1.70245262 102.73968705  8.070836544099 8.071608117851 -0.000771573753 
  0.98652520   1.68888476 103.23420719  8.286940718495 8.284453041356 0.002487677140 
  0.96446195   1.68888476 109.64824121  8.300684711790 8.278689400355 0.021995311436 
  1.11869325   1.68888476  82.08437139  8.330546371424 8.316033629413 0.014512742011 
  0.89712833   1.73160081 103.00000000  8.371359652952 8.361626652918 0.009733000034 
  1.07953658   1.68888476  86.51600769  8.387827589839 8.400219400956 -0.012391811117 
  1.00310420   1.72208692  83.12536273  8.582852911073 8.568682365224 0.014170545849 
  1.04586826   1.69018804  90.71027661  8.608960241985 8.664908696794 -0.055948454808 
  1.24713320   1.64488036  92.75889481  8.958725489898 8.959244824977 -0.000519335080 
  0.88256074   1.78097909  85.14056179  9.083617616769 9.113616792160 -0.029999175391 
  0.96446195   1.68888476 110.35175879  9.101556999398 9.082765559591 0.018791439807 
  0.98994975   1.68888476 103.00000000  9.155756673223 9.155382325405 0.000374347817 
  0.96446195   1.69539628 105.42988367  9.169280910952 9.150838533800 0.018442377152 
  0.96446195   1.68888476 110.50000000  9.268581674223 9.250609875565 0.017971798658 
  0.90597806   1.72757044 103.00000000  9.293316862881 9.285319055942 0.007997806939 
  0.97333400   1.69541002 103.00000000  9.303288387870 9.302535025578 0.000753362291 
  0.96446195   1.79339116  68.77387499  9.359735255901 9.382348873632 -0.022613617731 
  1.00193040   1.71102550  88.28537634  9.461339567879 9.511935135189 -0.050595567310 
  1.13185607   1.68888476  81.29015801  9.524425754327 9.485356471777 0.039069282550 
  1.11602793   1.64276992 112.61172509  9.579356456463 9.547862683405 0.031493773057 
  0.86290229   1.74383293 110.93011570  9.582423210657 9.578007495708 0.004415714949 
  1.00139031   1.68888476 100.57532540  9.660734376706 9.684731620657 -0.023997243950 
  1.11363191   1.68888476  83.18692407  9.665070804836 9.652354158194 0.012716646643 
  1.01488484   1.68373943 100.93496222  9.668606679483 9.688634223212 -0.020027543729 
  1.19394698   1.68888476  76.20874375  9.818584421384 9.847167298432 -0.028582877048 
  0.96446195   1.68888476 111.05527638  9.889074259834 9.874488170312 0.014586089522 
  1.20542529   1.62782871 111.84772290  9.904478398774 9.872180427680 0.032297971094 
  0.96446195   1.66435704 135.42477181  10.071361957991 9.978830393715 0.092531564276 
  0.83683463   1.76031689 114.55877853  10.126423864254 10.141361417607 -0.014937553353 
  0.97672991   1.68888476 107.58637610  10.345392702802 10.319398585688 0.025994117114 
  1.01500736   1.74579072  74.67836370  10.347569507103 10.291726259270 0.055843247833 
  0.97949607   1.68888476 106.88161469  10.475755074742 10.450988504906 0.024766569836 
  0.96446195   1.68888476 111.75879397  10.663531317761 10.654152633522 0.009378684239 
  0.99446195   1.68888476 103.00000000  10.692229678429 10.691669217197 0.000560461231 
  0.98013757   1.74549992  79.24313203  10.706875528114 10.646215382734 0.060660145380 
  1.30506566   1.69092711  68.62830181  10.711683385565 10.733718819063 -0.022035433497 
  1.19399412   1.66664968  86.24150956  10.834662705391 10.805276150530 0.029386554861 
  1.10718892   1.68888476  84.44207053  10.912741790180 10.905974755406 0.006767034774 
  0.91467546   1.70324627 119.34636668  10.923723172837 10.989715407633 -0.065992234796 
  0.86379985   1.78526920  89.72166368  10.942932672740 11.009492181398 -0.066559508657 
  1.03599497   1.70405277  86.81335655  11.021764559922 11.048334604178 -0.026570044256 
  1.14685705   1.66140462  94.26510406  11.086649426601 11.122946694331 -0.036297267730 
  1.08683799   1.67638396  93.47170556  11.189037313507 11.240806789753 -0.051769476247 
  0.86021947   1.76035853 103.00000000  11.196463459470 11.178025987740 0.018437471729 
  0.99724084   1.68888476 102.71912926  11.249516955540 11.251522092075 -0.002005136534 
  0.92593240   1.71922596 103.00000000  11.333074087725 11.328170422070 0.004903665655 
  0.90566862   1.74377594  95.50481041  11.385009680962 11.447082504210 -0.062072823248 
  1.20440190   1.68888476  76.05168188  11.419173772108 11.456040194590 -0.036866422482 
  0.96446195   1.68888476 112.46231156  11.425473227468 11.422034164521 0.003439062946 
  1.18294664   1.68045096  81.11644963  11.561679467122 11.541319062211 0.020360404912 
  0.97362383   1.68888476 109.71235313  11.718422323713 11.695666023757 0.022756299956 
  1.03322605   1.66239321 115.65736142  12.020269136767 12.031212356400 -0.010943219633 
  0.92537237   1.72808125  98.36802199  12.022145208150 12.062395221697 -0.040250013548 
  0.96446195   1.68989521 112.17670446  12.035760771465 12.030025990320 0.005734781145 
  1.06261360   1.68800521  91.19956290  12.136524662394 12.189901429074 -0.053376766681 
  0.96446195   1.68888476 113.16582915  12.175176834251 12.178390197010 -0.003213362759 
  0.96446195   1.70226131 103.00000000  12.193834223763 12.192343114183 0.001491109580 
  0.83676364   1.79136488  97.91728509  12.241622299469 12.247884687991 -0.006262388522 
  1.04590466   1.71026094  83.42930092  12.282257117393 12.270903286807 0.011353830586 
  0.99214402   1.64995457 143.39594501  12.296397231676 12.191846353464 0.104550878211 
  1.21404792   1.65870999  89.40555582  12.320776886787 12.303536826680 0.017240060107 
  1.04883783   1.68292232  96.44638631  12.332944450838 12.387925223321 -0.054980772483 
  0.99946195   1.68888476 103.00000000  12.366498826079 12.365736376239 0.000762449840 
  0.96446195   1.71681598  94.55462780  12.483547932479 12.558763800001 -0.075215867522 
  1.07189898   1.68888476  89.61168237  12.527365804210 12.568404700188 -0.041038895978 
  1.04240056   1.70595575  85.80261579  12.554839132084 12.569323001242 -0.014483869157 
  0.96723788   1.68888476 112.56709227  12.556465458885 12.553589207634 0.002876251252 
  0.91731462   1.72290660 104.54637546  12.588340365935 12.572323533064 0.016016832872 
  0.96446195   1.67656657 125.37334577  12.607082520939 12.690788715039 -0.083706194100 
  0.96446195   1.69240169 110.63783209  12.618401920870 12.601730143613 0.016671777258 
  1.14979298   1.63673012 115.00021865  12.692134148096 12.673330825748 0.018803322348 
  1.12171581   1.68888476  83.70791709  12.721288787750 12.710839505344 0.010449282407 
  0.96446195   1.68888476 113.86934673  12.912864081842 12.923463024783 -0.010598942941 
  1.05896526   1.73239053  74.76211325  12.959696167734 12.925375799646 0.034320368089 
  0.84037827   1.76883554 109.40490668  12.994027603898 12.982634486534 0.011393117364 
  1.28968322   1.62338241 107.57399429  13.164106349479 13.132387102607 0.031719246872 
  1.00614146   1.73400790  80.37139053  13.187965551220 13.142756228390 0.045209322830 
  1.12539359   1.70582749  77.03230917  13.268984283666 13.237155915553 0.031828368113 
  0.96446195   1.78205672  72.41842479  13.468782183998 13.417648526681 0.051133657317 
  0.90888651   1.71421445 115.22074410  13.501388955556 13.532992054668 -0.031603099112 
  1.10588396   1.66012286 102.75534720  13.557821428243 13.557106546295 0.000714881948 
  0.96446195   1.70388476 103.00000000  13.631954846325 13.630299037365 0.001655808960 
  0.96446195   1.66212846 141.74112255  13.635692707867 13.472248257113 0.163444450754 
  0.96446195   1.68888476 114.57286432  13.639085015373 13.657482697979 -0.018397682606 
  0.87512818   1.72563298 123.08250515  13.673669573829 13.696308230258 -0.022638656428 
  0.87862283   1.71845045 127.51745716  13.713021138927 13.672190217164 0.040830921763 
  0.81023578   1.79436082 112.90413178  13.715580336080 13.722430572845 -0.006850236765 
  0.99780770   1.68888476 104.49919764  13.779724420994 13.766249945052 0.013474475943 
  1.22493945   1.63810023 103.00000000  13.841298069463 13.849690805520 -0.008392736057 
  0.97723251   1.69887113 103.00000000  13.843997541637 13.842736528159 0.001261013478 
  1.31043368   1.62647472 103.19863766  13.878706676089 13.881017536918 -0.002310860830 
  0.99980657   1.68331976 108.30365288  13.918837062291 13.890320542504 0.028516519786 
  0.97582909   1.66528031 134.49576510  13.963319364950 13.895950964071 0.067368400878 
  1.01636459   1.68888476 100.20483855  13.964853444366 13.991621530212 -0.026768085846 
  0.96089384   1.70206730 105.59650635  14.001521372382 13.982103523589 0.019417848793 
  1.00446195   1.68888476 103.00000000  14.011650214597 14.010631451319 0.001018763278 
  0.96446195   1.72955201  89.30447940  14.015261180295 14.082927082623 -0.067665902328 
  0.99152322   1.73192022  83.58609328  14.044769079737 14.038343910082 0.006425169656 
  0.98223879   1.68888476 109.13380589  14.103936035193 14.078527820705 0.025408214488 
  0.97627840   1.68888476 111.03170369  14.143455930749 14.127183850854 0.016272079895 
  0.98557439   1.67015287 125.70680406  14.187673184864 14.272707513346 -0.085034328482 
  0.97501152   1.68888476 111.67145175  14.393057954701 14.381438982135 0.011618972566 
  0.96446195   1.72699560  90.68848994  14.449598106035 14.525417300217 -0.075819194181 
  0.98665265   1.67782478 117.79669767  14.492418138529 14.542994416856 -0.050576278327 
  0.86557499   1.79023416  89.32822487  14.575351047541 14.639369007257 -0.064017959717 
  0.94760990   1.81723487  67.52050780  14.743281895822 14.795715636836 -0.052433741014 
  0.91901005   1.72716987 103.00000000  14.853897553206 14.847636219663 0.006261333543 
  1.00317187   1.68888476 104.03323208  14.948364677337 14.938264583166 0.010100094171 
  0.97320610   1.68888476 112.79606184  14.955090955995 14.953465585753 0.001625370242 
  0.97354681   1.68888476 112.74850528  15.026345081944 15.024200012663 0.002145069281 
  0.97222654   1.68888476 113.26162730  15.095250934639 15.098343713421 -0.003092778782 
  1.05783386   1.66014812 114.22807443  15.137656649502 15.128294479072 0.009362170430 
  1.01095992   1.68888476 102.35861448  15.247642732920 15.252498221712 -0.004855488791 
  0.96446195   1.75970423  78.92331207  15.252316144601 15.187500848604 0.064815295997 
  0.97758830   1.65784031 143.24281525  15.255151131387 15.124350584728 0.130800546658 
  1.08779699   1.66573730 103.00000000  15.259459719164 15.256549171561 0.002910547603 
  0.96446195   1.77285938  75.26567574  15.277911298530 15.201298166363 0.076613132167 
  1.15687354   1.65110123 103.00000000  15.503977929224 15.503311591436 0.000666337788 
  1.00426206   1.66737565 123.44098266  15.546627860102 15.635151762509 -0.088523902407 
  1.19197304   1.68618516  79.70442843  15.593144108825 15.583597713150 0.009546395675 
  1.00946195   1.68888476 103.00000000  15.628295076443 15.626943889948 0.001351186495 
  1.00676816   1.68888476 103.66840995  15.642411739864 15.635186545674 0.007225194190 
  1.20358088   1.64316334 103.00000000  15.741010017497 15.745793638696 -0.004783621200 
  0.96535550   1.67792788 127.23201230  15.790060994150 15.854951596976 -0.064890602826 
  0.93818206   1.68888476 127.83948097  15.943628719971 15.980199584277 -0.036570864306 
  0.83924357   1.79178281  99.39266338  15.947457823702 15.943345566870 0.004112256832 
  0.98446751   1.66639902 132.40005676  16.043755917173 16.025887652903 0.017868264270 
  1.00168877   1.68888476 105.41423676  16.221413143860 16.201587072040 0.019826071819 
  0.97033735   1.68397336 119.64602672  16.266878256130 16.339701238761 -0.072822982630 
  0.99285205   1.68888476 107.88389634  16.284249186287 16.256829790781 0.027419395506 
  0.96446195   1.68357694 122.40671950  16.335579422393 16.423884465650 -0.088305043257 
  0.93965624   1.71832898 103.00000000  16.339958637105 16.336138906966 0.003819730139 
  0.86643287   1.78237058  93.34949495  16.472341387191 16.531082274093 -0.058740886903 
  0.93651102   1.71489603 106.47690868  16.494175990287 16.472286804210 0.021889186077 
  1.06094041   1.68888476  93.48836062  16.553530008365 16.613675675765 -0.060145667400 
  1.00142561   1.68888476 105.79198301  16.605251049787 16.583340298728 0.021910751059 
  1.08442268   1.68888476  90.07667593  16.666689918879 16.707613744493 -0.040923825615 
  0.95569706   1.75463037  82.53197614  16.684730046953 16.666145175107 0.018584871846 
  1.05437433   1.68345283  97.92948642  16.698179518455 16.742281888420 -0.044102369965 
  0.97655834   1.70238104 103.00000000  16.737661093739 16.735963741556 0.001697352183 
  0.96446195   1.71344974  99.23533120  16.785487836485 16.821061386931 -0.035573550446 
  1.05163338   1.68888476  95.18476367  16.797134716715 16.856962414894 -0.059827698179 
  0.92882897   1.73696891  95.88660593  16.965977670854 17.028505150803 -0.062527479949 
  1.06808742   1.64611720 129.25726275  17.121905771757 17.152251178551 -0.030345406794 
  1.01446195   1.68888476 103.00000000  17.216891942426 17.215250696439 0.001641245987 
  0.96446195   1.69561642 112.24964407  17.243890105517 17.239675286874 0.004214818644 
  0.96446195   1.75948066  79.78242676  17.260184512590 17.204472302423 0.055712210167 
  1.03713820   1.68176541 103.00000000  17.378925974735 17.376805127779 0.002120846957 
  1.29182222   1.63092838 104.03471822  17.475518390274 17.468587763217 0.006930627057 
  0.96446195   1.74193353  85.94300399  17.490744181930 17.521471292389 -0.030727110458 
  1.14949833   1.64169610 114.53697216  17.513379364853 17.492564157273 0.020815207580 
  0.84332436   1.80143336  94.35324552  17.514521175061 17.552325805226 -0.037804630165 
  1.01185935   1.68888476 103.86498015  17.528555026307 17.519345469335 0.009209556972 
  0.96446195   1.81031798  67.77054772  17.565950824392 17.617253303347 -0.051302478955 
  1.04318243   1.68026202 103.00000000  17.685738168773 17.683436615213 0.002301553560 
  0.96446195   1.70854271 103.00000000  17.709251831842 17.706969484013 0.002282347829 
  0.96446195   1.68888476 118.79396985  17.775904968348 17.841601298955 -0.065696330607 
  0.79463639   1.83974573 101.88231341  17.791456056530 17.767590380976 0.023865675554 
  1.19890790   1.64587300 103.00000000  17.843338361326 17.847384056404 -0.004045695077 
  1.02099043   1.68738223 103.00000000  17.847551784896 17.845731733535 0.001820051362 
  1.14435065   1.70018989  79.18991635  17.934496806563 17.900592282457 0.033904524106 
  1.12223731   1.68888476  86.08624879  17.934551754235 17.937098726124 -0.002546971889 
  1.22196343   1.68888476  77.35231272  17.965126737163 17.995537851991 -0.030411114828 
  0.95716289   1.68888476 122.10863115  18.137867582773 18.224088464569 -0.086220881796 
  0.95327661   1.68888476 123.77443299  18.171607455781 18.256164722173 -0.084557266393 
  1.16050217   1.68888476  82.36782134  18.188512030873 18.152484057376 0.036027973497 
  1.12930338   1.64092042 120.59181427  18.271397177814 18.302856313342 -0.031459135528 
  1.23404957   1.66971227  84.96934483  18.284875830661 18.261683075902 0.023192754759 
  1.02265994   1.68738545 103.00000000  18.363251816347 18.361380538356 0.001871277990 
  0.95046641   1.71563524 103.00000000  18.410925982520 18.407722026532 0.003203955988 
  1.17823976   1.64995001 103.00000000  18.426060049143 18.427426724245 -0.001366675102 
  0.96446195   1.68888476 119.49748744  18.432261272046 18.504315369251 -0.072054097204 
  1.03552358   1.69740636  94.25816800  18.573405576870 18.639169500232 -0.065763923362 
  1.06497035   1.68888476  94.10153047  18.683430472189 18.742525265347 -0.059094793159 
  0.97136033   1.80041527  69.26308553  18.690967878618 18.705945622067 -0.014977743450 
  1.06198659   1.68888476  94.60758210  18.715831795733 18.774960890814 -0.059129095081 
  0.96446195   1.68981975 118.95491559  18.758367580042 18.825638840568 -0.067271260526 
  1.01946195   1.68888476 103.00000000  18.778045258852 18.776116720969 0.001928537883 
  1.17563838   1.68888476  81.30343492  18.801515066501 18.771598633473 0.029916433028 
  0.95017619   1.68888476 126.00249925  18.947667749584 19.015603243413 -0.067935493829 
  1.04058989   1.70697421  88.78662732  18.981271126930 19.026790972961 -0.045519846031 
  0.96446195   1.66710503 142.61174491  19.008652082321 18.845893618540 0.162758463781 
  1.34352344   1.62260290 107.19249454  19.026451701309 19.003325558935 0.023126142374 
  1.03967640   1.67371026 110.08328607  19.026938726500 18.996042738910 0.030895987590 
  0.96446195   1.68888476 120.20100503  19.080223180121 19.157752752898 -0.077529572777 
  1.06393390   1.66589467 111.09978249  19.155774944251 19.124910174086 0.030864770164 
  0.93791510   1.72263815 103.00000000  19.203742508507 19.199403896971 0.004338611536 
  0.86314758   1.74952374 116.56741312  19.246994295896 19.274122410118 -0.027128114222 
  1.02352220   1.67107748 117.30544285  19.283523344751 19.318882549471 -0.035359204720 
  0.88774620   1.76041994  98.22858478  19.331795184251 19.359625809043 -0.027830624792 
  0.96446195   1.68888476 120.50000000  19.353226461011 19.432717979131 -0.079491518120 
  1.07643200   1.72510819  77.52015270  19.378910903804 19.345034458660 0.033876445144 
  0.93499171   1.68888476 133.33061556  19.392758454007 19.301785937414 0.090972516593 
  1.07196268   1.66015841 114.90241732  19.508700510592 19.503669944618 0.005030565975 
  1.11253737   1.70392772  81.45811921  19.585598354362 19.567514171873 0.018084182490 
  1.26257017   1.68160836  78.18811858  19.704283883395 19.766752903041 -0.062469019646 
  0.96446195   1.68888476 120.90452261  19.720230309045 19.802175175781 -0.081944866736 
  0.96446195   1.70278745 108.81795525  19.785487542977 19.762290751793 0.023196791184 
  0.96446195   1.74796859  84.78920756  19.871694884056 19.886166274253 -0.014471390198 
  0.97543044   1.70528144 103.81278984  19.943662638365 19.934794248397 0.008868389968 
  1.10869969   1.64862353 118.45506412  19.946152501285 19.967208237788 -0.021055736503 
  1.04419766   1.69694704  93.86190124  20.028466700329 20.092897604321 -0.064430903993 
  0.96446195   1.68492681 125.29683009  20.081461958805 20.161779594314 -0.080317635509 
  0.83099895   1.80052499 102.48226761  20.213695167651 20.191905389721 0.021789777930 
  1.02446195   1.68888476 103.00000000  20.312358034480 20.310094942887 0.002263091593 
  0.96446195   1.68888476 121.60804020  20.352712254080 20.437862968597 -0.085150714517 
  0.94041230   1.68982108 131.10242088  20.387524892772 20.355492565800 0.032032326972 
  0.90919675   1.74281503 101.27032227  20.539505070767 20.544774377882 -0.005269307116 
  1.02938005   1.71788838  86.53822379  20.805703547172 20.832087507263 -0.026383960091 
  1.05187378   1.67903424 104.43474953  20.824158232106 20.809035299829 0.015122932277 
  1.07231703   1.67530163 103.00000000  20.825777450122 20.822483553914 0.003293896207 
  1.39809357   1.61900270 106.63766184  20.828314908314 20.813744336619 0.014570571696 
  1.37806312   1.67682324  73.76475454  20.839146767292 21.222598027634 -0.383451260342 
  1.20421541   1.66538317  91.22969662  20.919645531405 20.916699280191 0.002946251214 
  0.93443161   1.72983110 100.96428423  20.942777249351 20.955708007992 -0.012930758641 
  1.27319378   1.63772637 103.00000000  20.952177426992 20.949718441791 0.002458985202 
  0.85754088   1.78636740  97.89093880  20.957541472679 20.974238976369 -0.016697503691 
  0.96446195   1.68888476 122.31155779  20.978137900842 21.065117431455 -0.086979530613 
  1.00337205   1.68888476 109.04534774  21.099054799965 21.071154198245 0.027900601719 
  0.87329499   1.76330387 103.72411382  21.151045426468 21.132397089158 0.018648337310 
  1.10668410   1.68888476  89.56651020  21.187159630950 21.219058670897 -0.031899039947 
  0.93121136   1.71445071 113.11963933  21.229489969446 21.239564582561 -0.010074613115 
  1.08543088   1.64541187 130.16677693  21.231076373810 21.238571118920 -0.007494745111 
  1.02763819   1.68888476 103.00000000  21.273289247285 21.270833655012 0.002455592273 
  0.96446195   1.67073913 141.54818170  21.334606689841 21.161039387834 0.173567302007 
  1.21475630   1.68888476  79.27280027  21.358278763117 21.358181940453 0.000096822664 
  1.03598632   1.73630174  79.12329278  21.477704279419 21.431668528637 0.046035750782 
  1.21900819   1.67151060  86.92241624  21.575456747898 21.549462587375 0.025994160523 
  0.96446195   1.68888476 123.00000000  21.583581165578 21.671078259817 -0.087497094239 
  0.96446195   1.68888476 123.01507538  21.596761940862 21.684263019440 -0.087501078578 
  1.40775681   1.69892087  63.67318620  21.621833917739 21.717371657626 -0.095537739886 
  1.06772404   1.68888476  95.46400688  21.654550663647 21.710149792782 -0.055599129135 
  1.02740796   1.73119307  82.02877855  21.690254841229 21.665393787671 0.024861053558 
  0.96492083   1.73376559  91.53284771  21.739953502893 21.816635600169 -0.076682097277 
  1.37121143   1.62685684 103.00000000  21.747694454491 21.760424490971 -0.012730036480 
  1.09848889   1.71481620  79.71954455  21.782484309519 21.757610166008 0.024874143511 
  1.19329623   1.66119947  95.40813537  21.791313804832 21.806474182413 -0.015160377581 
  0.96446195   1.76842914  78.88455280  21.793642154174 21.730108897516 0.063533256658 
  1.02946195   1.68888476 103.00000000  21.820299593866 21.817726748354 0.002572845512 
  0.99914076   1.68888476 111.03817666  21.934498196624 21.915100595144 0.019397601480 
  0.98695933   1.68888476 115.01461932  22.010524807298 22.030365719646 -0.019840912349 
  1.04803689   1.73097869  79.68051875  22.027025074993 21.987176476685 0.039848598308 
  0.92827979   1.72067463 110.32596820  22.177526525073 22.165586204470 0.011940320603 
  0.96446195   1.68888476 123.71859296  22.209124202735 22.295649172429 -0.086524969695 
  1.00694046   1.68888476 109.05052532  22.251634374355 22.223407668745 0.028226705611 
  0.96446195   1.71388476 103.00000000  22.296962229382 22.293969880290 0.002992349092 
  0.96446195   1.69019247 122.51137741  22.303004732617 22.389966057052 -0.086961324434 
  1.03001011   1.67618686 113.59889029  22.376813580631 22.370599243295 0.006214337336 
  0.98043882   1.68888476 117.89883301  22.576313585851 22.630903513462 -0.054589927612 
  0.96107903   1.70061761 114.45650623  22.637030025649 22.656527394077 -0.019497368427 
  0.87667291   1.76422950 103.00000000  22.682307212763 22.667490676074 0.014816536689 
  0.96446195   1.68888476 124.42211055  22.815819941174 22.899651869026 -0.083831927852 
  0.96446195   1.72556489  96.42881084  22.857100308625 22.917125971992 -0.060025663367 
  0.96446195   1.71482412 103.00000000  23.094010044173 23.090917909660 0.003092134513 
  0.96446195   1.70503582 110.05531596  23.109562304351 23.091248585703 0.018313718648 
  1.06976553   1.68888476  96.10224447  23.211591808929 23.264242230049 -0.052650421120 
  1.03446195   1.68888476 103.00000000  23.302416009661 23.299542202429 0.002873807232 
  0.96446195   1.80118802  71.24624301  23.321127073890 23.294102804094 0.027024269796 
  0.79271227   1.85115568 103.00000000  23.388541673259 23.369413038409 0.019128634850 
  0.93020458   1.71759471 113.13031724  23.391083729442 23.401643843559 -0.010560114116 
  0.90735530   1.74478330 103.00000000  23.411879513002 23.402798589267 0.009080923735 
  0.96446195   1.68888476 125.12562814  23.417038382824 23.496674741471 -0.079636358647 
  1.17836859   1.65470074 103.00000000  23.445465180939 23.446633691602 -0.001168510663 
  0.95323920   1.68888476 130.01007458  23.465480291026 23.467578522149 -0.002098231123 
  0.99710915   1.68888476 113.12783254  23.477727199544 23.475458799455 0.002268400089 
  1.03517588   1.68888476 103.00000000  23.511932903082 23.509048808273 0.002884094809 
  1.12868629   1.68888476  88.14737824  23.520166783732 23.536756194059 -0.016589410327 
  0.86992111   1.74984500 117.18788122  23.578875223757 23.609057763020 -0.030182539263 
  1.00452502   1.68888476 110.96963456  23.603177757675 23.582686930123 0.020490827553 
  0.88601535   1.75900668 103.00000000  23.699036335634 23.686057706456 0.012978629179 
  0.96446195   1.68888476 125.50000000  23.734946788645 23.811678330749 -0.076731542104 
  0.96446195   1.72108496  99.58487088  23.760376059254 23.790387274959 -0.030011215705 
  1.02005335   1.68679927 108.54991345  23.858722121029 23.828481810177 0.030240310852 
  1.32469377   1.69350207  71.42587660  23.897596576797 24.029404142758 -0.131807565961 
  1.12329372   1.68888476  88.97995353  23.916828070254 23.940813732852 -0.023985662598 
  0.98902819   1.70560176 103.00000000  23.953644288504 23.951039126762 0.002605161742 
  1.12358526   1.66610795 103.00000000  23.992169661087 23.989075680794 0.003093980294 
  0.96446195   1.68888476 125.82914573  24.013340340243 24.087149905033 -0.073809564790 
  0.81986594   1.80278478 111.91384454  24.017482697927 24.019215859651 -0.001733161724 
  1.05261464   1.66561630 119.27424802  24.037835083465 24.086679074578 -0.048843991112 
  0.99616055   1.67493478 128.18932203  24.138288586779 24.195482104782 -0.057193518003 
  0.95759554   1.68888476 128.92749274  24.147018835654 24.173485983901 -0.026467148246 
  1.14184952   1.68518836  88.87784761  24.233557934596 24.251948428792 -0.018390494196 
  1.20469328   1.65254848 101.77145580  24.277795084086 24.291860648956 -0.014065564869 
  1.09635982   1.68888476  92.67495054  24.307014999886 24.357522570184 -0.050507570298 
  0.99273860   1.68888476 115.38426620  24.307711978901 24.330920127244 -0.023208148342 
  0.98905141   1.73508926  87.65790715  24.392418069579 24.439068533666 -0.046650464087 
  1.16821239   1.68888476  84.51210608  24.439092410274 24.404457434113 0.034634976161 
  0.98306362   1.70953101 102.41214758  24.535587866310 24.538021074177 -0.002433207866 
  0.99952293   1.67002787 132.88654873  24.537097713532 24.508302952820 0.028794760712 
  0.95468824   1.68888476 130.68134127  24.550484663294 24.538236733780 0.012247929514 
  0.96446195   1.68888476 126.53266332  24.605338547110 24.671538354761 -0.066199807652 
  1.03644620   1.69944703  96.69659964  24.618325238785 24.672565960806 -0.054240722020 
  1.45078284   1.63160213  95.79509242  24.639450826879 24.657849476994 -0.018398650115 
  0.84086929   1.79230280 105.72262447  24.648541044884 24.625992060881 0.022548984003 
  0.90274906   1.72460463 121.43335801  24.652405587189 24.707087602833 -0.054682015644 
  1.00156952   1.68641058 115.10042366  24.668281056685 24.685926483898 -0.017645427212 
  1.02427979   1.69367216 103.00000000  24.670997689580 24.668098600296 0.002899089283 
  1.03597351   1.70471853  93.84705280  24.671173548020 24.737162996574 -0.065989448554 
  1.20560701   1.65119220 103.00000000  24.674186976466 24.679128662660 -0.004941686194 
  1.00045781   1.70214521 103.00000000  24.753104013216 24.750436463844 0.002667549373 
  0.97488588   1.70136825 111.01841111  24.757828343012 24.743445182524 0.014383160488 
  1.03946195   1.68888476 103.00000000  24.759258874299 24.756060315642 0.003198558657 
  1.02526514   1.65713106 138.91529349  24.774251017647 24.661886548202 0.112364469445 
  0.95313926   1.72064964 103.90707915  24.803390215067 24.792693247336 0.010696967732 
  0.92942880   1.68405583 146.37324688  24.928075836058 24.803044268241 0.125031567817 
  0.96446195   1.72355825  99.02784350  25.031418268631 25.066689802656 -0.035271534025 
  1.14033294   1.66520446 101.89092581  25.192418239611 25.199422798677 -0.007004559067 
  0.96446195   1.68888476 127.23618090  25.193180802038 25.250329961205 -0.057149159167 
  0.96446195   1.68904528 127.07581840  25.198670551817 25.257900317106 -0.059229765289 
  1.00193456   1.67850702 123.47921367  25.252863035654 25.341233157788 -0.088370122134 
  1.14690759   1.67297593  95.73112395  25.269189940333 25.310579917311 -0.041389976978 
  0.99574574   1.68323938 120.83760657  25.282389983302 25.361463854828 -0.079073871526 
  1.27048169   1.65036766  97.03681129  25.512494117673 25.536738008070 -0.024243890397 
  0.96844811   1.84409379  63.77506822  25.561708010348 25.700340083876 -0.138632073529 
  0.97107175   1.69293179 120.85770360  25.587663131209 25.668760785158 -0.081097653948 
  0.95392093   1.68888476 132.32762171  25.635037437969 25.582781224850 0.052256213119 
  1.04271357   1.68888476 103.00000000  25.693271075343 25.689935247340 0.003335828003 
  0.72840405   1.99906932 105.24149675  25.695525843621 25.707618703465 -0.012092859844 
  0.94898384   1.70668123 117.02686725  25.695940163449 25.745433826122 -0.049493662673 
  0.97101797   1.72364346  97.79028674  25.748624683154 25.796258884910 -0.047634201756 
  0.96446195   1.68888476 127.93969849  25.777487322779 25.824043096976 -0.046555774197 
  1.50622248   1.62327241  98.78891019  25.813433183634 25.815021768287 -0.001588584654 
  0.96446195   1.68888476 128.00000000  25.827486320119 25.872999669703 -0.045513349584 
  0.99486500   1.68888476 116.23256262  25.830884358107 25.863741086040 -0.032856727933 
  1.30098092   1.65361405  92.58659915  25.853658655029 25.867678101444 -0.014019446415 
  0.97013558   1.68888476 125.66306678  25.869237513332 25.945551920413 -0.076314407081 
  1.22042088   1.65013977 103.00000000  26.078201844241 26.085549735931 -0.007347891691 
  0.94214417   1.73778784  97.83217153  26.098551962605 26.142734282734 -0.044182320130 
  1.04446195   1.68888476 103.00000000  26.191253303557 26.187789305146 0.003463998412 
  0.96765006   1.75907907  83.18545014  26.210056059899 26.200897024434 0.009159035465 
  1.07083683   1.68888476  97.90161885  26.256479457683 26.298166302618 -0.041686844936 
  0.99497724   1.68888476 116.63948624  26.256619633939 26.294326895249 -0.037707261310 
  1.08726379   1.72017382  80.80402412  26.296093883160 26.270299264241 0.025794618920 
  0.92421046   1.72294737 114.27932887  26.297721241492 26.320084431138 -0.022363189647 
  1.06422159   1.65739063 127.91635847  26.338038249170 26.387927539254 -0.049889290083 
  0.96446195   1.68888476 128.64321608  26.358821998936 26.393223766467 -0.034401767531 
  1.29168253   1.64034640 103.00000000  26.444155387631 26.445546844861 -0.001391457230 
  0.96446195   1.68880056 128.85731632  26.462563989477 26.493111916815 -0.030547927339 
  0.90832772   1.74827032 103.00000000  26.481295438509 26.472027004805 0.009268433704 
  0.96446195   1.70395953 114.23758439  26.533593687243 26.550695250502 -0.017101563259 
  0.94989347   1.72625264 102.74867185  26.659290601267 26.656778698184 0.002511903083 
  0.86647903   1.75196283 121.34589157  26.742540302159 26.753820671110 -0.011280368952 
  1.03519248   1.74233728  79.35487187  26.788589368396 26.743878805170 0.044710563226 
  0.96446195   1.79771528  73.11766201  26.803362348764 26.748378589497 0.054983759268 
  1.40189484   1.62826264 103.00000000  26.878442872319 26.894053683548 -0.015610811229 
  0.97334869   1.68888476 125.57516431  26.907697456332 26.985217967913 -0.077520511581 
  0.96446195   1.68888476 129.34673367  26.937356881066 26.958444402838 -0.021087521772 
  1.06171537   1.65116725 137.26629573  26.944315475819 26.847640251784 0.096675224035 
  1.00414235   1.66169326 143.42495352  26.994944830647 26.900490712020 0.094454118627 
  0.99753629   1.73167685  89.02405675  27.143667190801 27.201210325574 -0.057543134773 
  0.98085246   1.68888476 122.83715352  27.147171684963 27.235155151931 -0.087983466968 
  1.01035393   1.68888476 112.65572844  27.230337491677 27.221494220810 0.008843270867 
  0.98072226   1.68888476 123.00426323  27.246589149483 27.334666392617 -0.088077243134 
  0.92807476   1.72063833 115.50949820  27.266967861000 27.301526651817 -0.034558790817 
  1.02141005   1.68888476 109.64224478  27.416476410024 27.388020143992 0.028456266032 
  1.04916275   1.68888476 102.95286985  27.453825778255 27.450537790667 0.003287987588 
  1.01481293   1.66526540 136.38767225  27.477958469532 27.385574749803 0.092383719728 
  1.12070132   1.72336912  76.93008935  27.511795512743 27.464824743773 0.046970768970 
  0.96446195   1.68888476 130.05025126  27.513698708990 27.520302212348 -0.006603503358 
  0.93983532   1.68537927 143.89140195  27.549129522136 27.362213064478 0.186916457658 
  1.00049905   1.68888476 116.12733162  27.556443700912 27.587060503948 -0.030616803036 
  0.97491916   1.68888476 125.73712345  27.581473885428 27.657902473879 -0.076428588451 
  1.04946195   1.68888476 103.00000000  27.599029593479 27.595226850500 0.003802742979 
  1.06196069   1.68888476 100.48939747  27.636361844881 27.656248683157 -0.019886838276 
  1.06614104   1.68410083 103.00000000  27.650506405716 27.646606265631 0.003900140085 
  1.15279327   1.68888476  87.63276637  27.689480329584 27.673637909723 0.015842419861 
  0.86833686   1.77804508 103.00000000  27.780832579709 27.764307265112 0.016525314597 
  1.19738190   1.68888476  83.48554433  27.782290244639 27.746762138602 0.035528106037 
  1.05025126   1.68888476 103.00000000  27.818978158015 27.815219911624 0.003758246391 
  1.26649527   1.65286566  97.20790277  27.839610430776 27.864046028980 -0.024435598205 
  0.93652944   1.72948186 105.99628740  27.843987837015 27.823035154480 0.020952682536 
  0.95025529   1.68888476 136.63541985  27.897140013272 27.740347609996 0.156792403276 
  1.12363611   1.66427357 107.70633586  28.018845982966 27.984729377395 0.034116605571 
  1.01820531   1.70087410 102.02759778  28.023841662423 28.029556457957 -0.005714795534 
  0.96446195   1.68888476 130.75376884  28.088346576809 28.079417115289 0.008929461520 
  1.16552569   1.69334279  84.56463045  28.254353857206 28.219452440471 0.034901416735 
  0.98129384   1.68391545 129.27132906  28.285144061349 28.317036111358 -0.031892050010 
  0.87649527   1.76959810 104.70338844  28.313333657865 28.292391424755 0.020942233110 
  0.96446195   1.72110553 103.00000000  28.350947644467 28.346975431745 0.003972212722 
  0.96446195   1.75978974  84.48673324  28.383817923856 28.393707371035 -0.009889447179 
  0.98880136   1.68888476 121.20725807  28.388213754988 28.470445664633 -0.082231909645 
  1.12150703   1.69680134  87.64749282  28.395037067774 28.411415100433 -0.016378032659 
  1.03720481   1.68888476 106.45698866  28.432803235890 28.405346204166 0.027457031723 
  1.10962220   1.68888476  93.26865167  28.479312465817 28.528492736554 -0.049180270737 
  0.86869866   1.78764146  98.39221396  28.538018522344 28.553867051925 -0.015848529581 
  1.30678342   1.69282431  74.60965190  28.538475433419 28.652414246649 -0.113938813230 
  1.26959530   1.64522099 103.00000000  28.539106756598 28.536284391531 0.002822365067 
  0.96446195   1.68888476 131.45728643  28.661655846881 28.636429334466 0.025226512415 
  0.95480681   1.68888476 135.64658416  28.700590197277 28.568389625759 0.132200571518 
  0.98811007   1.68888476 121.86709729  28.733798985566 28.819190399917 -0.085391414351 
  1.01858333   1.68888476 111.70280573  28.778546123878 28.760871100022 0.017675023856 
  0.97831547   1.69318233 121.41364114  28.807525660082 28.891131645758 -0.083605985675 
  1.13138896   1.68888476  90.68344775  28.870497166645 28.904606632790 -0.034109466146 
  1.10642725   1.68888476  93.96683367  28.899550011767 28.950113386855 -0.050563375088 
  0.96446195   1.71774280 105.73850634  28.935126281729 28.914438662938 0.020687618791 
  1.05446195   1.68888476 103.00000000  28.982868035117 28.978860344134 0.004007690983 
  1.01674206   1.68888476 112.46448493  29.009367314804 28.997914468474 0.011452846330 
  1.28105741   1.69134808  76.99034593  29.084344397772 29.144806660908 -0.060462263136 
  1.10765258   1.69128370  92.56927051  29.089462451895 29.137853699685 -0.048391247790 
  0.96446195   1.68888476 132.16080402  29.234109135148 29.191996527499 0.042112607649 
  1.05574557   1.68888476 102.92722639  29.239544490334 29.236114944808 0.003429545526 
  0.98179619   1.70625554 109.03119290  29.251398668748 29.227254419485 0.024144249263 
  1.10674335   1.68888476  94.17421697  29.316189251320 29.366787690366 -0.050598439046 
  0.99880366   1.74994094  82.77364967  29.366069833315 29.350213575956 0.015856257359 
  1.37096420   1.63558685 101.60108722  29.440884915472 29.465187580008 -0.024302664536 
  0.95208293   1.68888476 137.71099498  29.458965865826 29.283972375337 0.174993490489 
  0.85264197   1.77711355 113.76817602  29.549679921016 29.559173473233 -0.009493552217 
  1.16903369   1.68325481  89.80032983  29.642332226947 29.638824976139 0.003507250809 
  1.06262246   1.66677215 121.44559739  29.681587128827 29.746726882492 -0.065139753664 
  1.21776278   1.68243258  85.70381693  29.760597053832 29.729073827043 0.031523226788 
  0.96446195   1.74379475  91.62528484  29.765312084484 29.839638214774 -0.074326130290 
  0.96446195   1.68888476 132.86432161  29.806127995322 29.746790640854 0.059337354468 
  1.15891186   1.65503860 111.21095810  29.863698687612 29.828912083289 0.034786604323 
  0.95403153   1.92949462  55.24656952  29.869525866481 29.684790326989 0.184735539492 
  1.05778894   1.68888476 103.00000000  29.890779329275 29.886573439186 0.004205890089 
  0.96446195   1.71441264 109.01876489  29.910629258360 29.888839031144 0.021790227216 
  0.96446195   1.68888476 133.00000000  29.916406943499 29.853754981827 0.062651961673 
  1.04977444   1.68888476 104.76584733  29.935326001647 29.916917965305 0.018408036342 
  0.87573530   1.80346908  90.12244461  30.018444630095 30.080087327000 -0.061642696905 
  0.88956023   1.76569518 103.00000000  30.185003248331 30.172259490628 0.012743757702 
  1.04410132   1.68888476 106.28054869  30.192253876037 30.165099619895 0.027154256143 
  0.86620430   1.79541942  96.89442749  30.201773662968 30.228977898132 -0.027204235165 
  1.05946195   1.68888476 103.00000000  30.343413543716 30.339167136550 0.004246407166 
  0.96446195   1.69870891 123.35124925  30.345504109850 30.429197778070 -0.083693668220 
  0.96446195   1.68888476 133.56783920  30.378182601329 30.301494388776 0.076688212553 
  1.02733648   1.68888476 110.80980409  30.461231037400 30.436830377133 0.024400660266 
  1.04336812   1.68888476 106.72471056  30.512712693442 30.483770561734 0.028942131708 
  0.96446195   1.71174714 111.70067384  30.538789940965 30.532358478028 0.006431462937 
  0.93579461   1.73800135 103.00000000  30.615369838415 30.608996140801 0.006373697614 
  0.96446195   1.76657463  83.17988066  30.636885241991 30.628037359450 0.008847882541 
  0.87327310   1.78068999 101.76230305  30.656935452658 30.647987740241 0.008947712417 
  0.99132333   1.71246602 103.00000000  30.670159883644 30.666371522508 0.003788361137 
  1.09150627   1.70968791  86.50364623  30.713544701193 30.728506709691 -0.014962008498 
  0.96446195   1.74905589  89.85520080  30.736391657385 30.803854675979 -0.067463018594 
  0.94367471   1.68276737 148.17363817  30.782431220370 30.734095232574 0.048335987796 
  1.18161620   1.66135740 103.00000000  30.898848865319 30.900198674833 -0.001349809513 
  0.92780837   1.71922114 120.97827097  30.928391751218 30.997057757120 -0.068666005901 
  0.96446195   1.68888476 134.27135678  30.950398529971 30.856797422609 0.093601107361 
  1.08381664   1.67672935 107.74742362  31.000511862621 30.966505118148 0.034006744473 
  0.93123743   1.68888476 147.91789762  31.107335154134 31.035304255421 0.072030898714 
  0.96446195   1.70909283 114.73353984  31.344358772883 31.367716385152 -0.023357612269 
  0.96446195   1.72444112 103.20606282  31.351543487959 31.345425142737 0.006118345223 
  1.00249710   1.66651350 143.90160210  31.357418725187 31.270714286741 0.086704438446 
  1.05172868   1.65922769 136.17950280  31.439793916226 31.356158473866 0.083635442361 
  1.10935542   1.69509153  91.65086330  31.448809196816 31.494296936238 -0.045487739422 
  1.02410682   1.71772366  93.25129842  31.503201942476 31.571120493507 -0.067918551031 
  0.96446195   1.68888476 134.97487437  31.523636846086 31.413392258528 0.110244587559 
  1.06446195   1.68888476 103.00000000  31.681134353046 31.676614776303 0.004519576743 
  1.17103289   1.71525991  77.00458514  31.682778444123 31.650134170442 0.032644273681 
  1.33150260   1.64039673 103.00000000  31.785813757062 31.794560313726 -0.008746556664 
  1.33091416   1.70021853  71.76488801  31.836919650585 31.938844463949 -0.101924813365 
  1.06532663   1.68888476 103.00000000  31.910152884666 31.905623000129 0.004529884537 
  1.02421632   1.70043884 103.91487227  31.921714233435 31.909939867464 0.011774365970 
  0.96446195   1.82457319  69.17641056  32.038036880986 32.061745274969 -0.023708393984 
  1.07003308   1.66353236 125.87039832  32.080776952287 32.146016662525 -0.065239710238 
  1.32875489   1.69214734  75.06836991  32.086354764073 32.219778274914 -0.133423510841 
  0.96446195   1.68888476 135.67839196  32.098054651815 31.971969876575 0.126084775240 
  1.11744255   1.68888476  94.45630005  32.243939560482 32.292850095381 -0.048910534900 
  0.84390889   1.80701218 103.00000000  32.421002678107 32.401338732684 0.019663945424 
  0.98730720   1.71620594 103.00000000  32.463468794587 32.459334033386 0.004134761201 
  0.91238949   1.75391367 103.00000000  32.496308529691 32.486782256061 0.009526273630 
  0.99432438   1.70621792 108.25211097  32.619175351210 32.592388599323 0.026786751888 
  1.09935074   1.71089806  85.98513181  32.668991998049 32.678339308049 -0.009347310000 
  0.96446195   1.68888476 136.38190955  32.674057768927 32.533215182543 0.140842586384 
  0.96446195   1.78082906  79.61505452  32.709917284072 32.655924101281 0.053993182790 
  0.98708384   1.70294950 113.35199573  32.759332658850 32.763706035362 -0.004373376512 
  1.08651010   1.68888476  99.63712365  32.780652813399 32.806664319905 -0.026011506506 
  0.99875037   1.68888476 122.69170837  32.875938384786 32.962652234877 -0.086713850091 
  0.96446195   1.81052381  72.27832029  32.928490864160 32.888395731745 0.040095132415 
  1.19496072   1.68888476  86.23874728  33.062947616629 33.033018962191 0.029928654438 
  1.08830454   1.68888476  99.57306769  33.133716152752 33.160212333335 -0.026496180584 
  0.96446195   1.79762817  75.34017132  33.239959572522 33.170137493866 0.069822078655 
  0.96446195   1.68888476 137.08542714  33.252086246255 33.097802250142 0.154283996113 
  1.28117152   1.63835837 111.84282600  33.320104341608 33.277633372724 0.042470968884 
  1.04683385   1.68947370 107.87771045  33.363548676291 33.331538198414 0.032010477877 
  1.04057742   1.68782140 110.85584227  33.373153768622 33.347218625966 0.025935142656 
  1.13247629   1.70183941  86.59209253  33.389776946500 33.397227776547 -0.007450830047 
  1.04265142   1.68468263 113.09165651  33.394858655625 33.383999229933 0.010859425692 
  0.98301806   1.68005800 139.06782784  33.440675513310 33.283927556802 0.156747956507 
  1.24174801   1.65306289 103.64738646  33.443203755764 33.430071536785 0.013132218979 
  1.03166123   1.68888476 112.48319391  33.476061176134 33.462567866819 0.013493309315 
  0.96446195   1.72738693 103.00000000  33.482768277096 33.477868786526 0.004899490570 
  1.11616959   1.68888476  95.45653855  33.560254767202 33.608285688400 -0.048030921198 
  0.96052609   1.81258159  72.53425603  33.570580794203 33.524942875832 0.045637918371 
  1.05865099   1.66956579 124.24062977  33.651019968762 33.726015874620 -0.074995905859 
  1.07102379   1.68888476 103.19508389  33.654377256895 33.647814453125 0.006562803769 
  1.23630111   1.68888476  83.15131385  33.738626813996 33.704885031760 0.033741782237 
  1.03128255   1.68652360 115.08369391  33.802614323515 33.814756960197 -0.012142636682 
  0.92930408   1.75020489 100.36165932  33.807371403316 33.821922489348 -0.014551086031 
  0.96446195   1.68888476 137.78894472  33.832255182886 33.666389420272 0.165865762614 
  0.78060785   1.89382411 103.00000000  33.853978788884 33.844464796692 0.009513992192 
  1.07286432   1.68888476 103.00000000  33.878806780194 33.873937663904 0.004869116290 
  1.11796192   1.69531055  91.81026730  33.911029899118 33.955670678682 -0.044640779564 
  0.97587038   1.72287438 103.00000000  33.983988239026 33.979292258986 0.004695980040 
  1.05428059   1.68888476 107.11038772  33.992007493234 33.961096217463 0.030911275771 
  1.05692302   1.69790408 100.09382263  34.005462398927 34.028254284241 -0.022791885314 
  0.96446195   1.68888476 138.00000000  34.006967588899 33.837841552425 0.169126036474 
  0.96446195   1.80738903  73.33687185  34.054214942753 34.000209277610 0.054005665143 
  0.98698173   1.74349356  89.64612839  34.213424988342 34.276064896539 -0.062639908197 
  1.07006024   1.68888476 103.85439909  34.244641054484 34.232449791947 0.012191262536 
  1.07446195   1.68888476 103.00000000  34.289669710713 34.284755185992 0.004914524721 
  0.97213815   1.75355079  88.38798026  34.355629851671 34.410515249946 -0.054885398275 
  0.96446195   1.73027836 101.86300788  34.358078446778 34.362562253495 -0.004483806717 
  1.04227140   1.68888476 110.46425553  34.402926677300 34.375187876911 0.027738800388 
  1.10509041   1.68104555 103.00000000  34.409964212686 34.405451975317 0.004512237369 
  0.96446195   1.68888476 138.49246231  34.415201331802 34.239614337127 0.175586994675 
  1.04624929   1.69739362 103.00000000  34.472649958883 34.467897746099 0.004752212784 
  0.92217796   1.80961703  79.41806778  34.510792247271 34.446043706795 0.064748540476 
  1.07119347   1.68888476 103.84416908  34.525645210782 34.513482995573 0.012162215209 
  1.00894941   1.68888476 120.91634861  34.546597813354 34.624471745342 -0.077873931988 
  0.96446195   1.75143658  90.97520461  34.567895667093 34.639106390286 -0.071210723194 
  1.32431747   1.66482779  89.28431293  34.571866018112 34.568265704531 0.003600313581 
  0.96446195   1.80800700  73.42691347  34.736090418257 34.681308156254 0.054782262003 
  1.02556826   1.68888476 115.59033174  34.748762622530 34.768442873621 -0.019680251090 
  0.98473024   1.77562583  78.98057210  34.855401891145 34.799499676166 0.055902214980 
  1.22344462   1.68888476  84.69257313  34.863489107876 34.826880515222 0.036608592654 
  1.01246152   1.71001512 102.54868898  34.917161307334 34.916631919480 0.000529387854 
  1.08497572   1.68671760 103.00000000  34.925880275216 34.920957819338 0.004922455877 
  1.05274076   1.66128192 137.89925173  34.950243305124 34.849490559477 0.100752745647 
  0.86303660   1.81070473  94.73736299  34.975727240282 35.015894105215 -0.040166864932 
  0.89364505   1.79500768  90.96776570  34.999346938133 35.065004441079 -0.065657502945 
  0.96446195   1.68888476 139.19597990  35.001313931265 34.818088839920 0.183225091345 
  1.06964812   1.68888476 104.58515432  35.051213023755 35.033237106611 0.017975917144 
  0.95567149   1.68888476 142.76056082  35.057599094776 34.866802512325 0.190796582451 
  1.04921033   1.74786031  79.27666448  35.201103149186 35.159380246789 0.041722902397 
  1.03608501   1.68828668 113.60810760  35.337650880399 35.333701718494 0.003949161906 
  1.03667274   1.70145627 103.00000000  35.359613386729 35.354802263643 0.004811123086 
  1.05899210   1.68376220 111.50085232  35.369575759625 35.344543876453 0.025031883172 
  0.82424072   1.83341889 103.00000000  35.380381391384 35.360610324880 0.019771066504 
  1.04394915   1.68888476 110.94268889  35.380484467649 35.354850836372 0.025633631277 
  1.05906546   1.68888476 107.31272854  35.517497285367 35.485779483344 0.031717802023 
  1.11038088   1.68888476  97.62412643  35.563627943495 35.603256948270 -0.039629004775 
  0.96446195   1.68888476 139.89949749  35.590792786599 35.402393912720 0.188398873879 
  1.14664511   1.70130778  86.41212274  35.603072996008 35.581132794945 0.021940201063 
  1.25990429   1.68888476  82.30044684  35.604822676331 35.577637511252 0.027185165078 
  1.03500792   1.68888476 113.67371010  35.634493963666 35.631525580275 0.002968383391 
  1.19327599   1.68888476  87.70666066  35.641906058860 35.621357557913 0.020548500947 
  1.01889299   1.71619926  97.80738113  35.714605754492 35.759313611386 -0.044707856893 
  0.92364488   1.81897367  77.26882094  35.813990787243 35.726470957450 0.087519829792 
  1.13860461   1.65429867 122.89476269  35.816251788601 35.862958599716 -0.046706811115 
  0.96446195   1.72066809 109.79502847  35.882165148538 35.864066281625 0.018098866913 
  1.18599234   1.68888476  88.56169923  35.941577305450 35.928114795025 0.013462510424 
  1.09858295   1.72253483  82.91979077  36.087678084976 36.073471811842 0.014206273133 
  0.96446195   1.68310914 146.00764680  36.097692824518 35.995294857433 0.102397967085 
  1.19673052   1.68888476  87.62382530  36.103647875894 36.082075613494 0.021572262400 
  1.05743527   1.68888476 108.23451633  36.129450205095 36.096287873187 0.033162331908 
  0.96446195   1.68888476 140.60301508  36.183924536064 35.993074612667 0.190849923397 
  0.83008278   1.81859889 108.41657244  36.218484173176 36.207120413084 0.011363760092 
  0.96886953   1.71200788 115.65398260  36.223695321856 36.257310952257 -0.033615630401 
  0.95975026   1.70543920 125.78980714  36.227929068777 36.290005108585 -0.062076039809 
  1.02122600   1.68888476 118.62927947  36.252431636272 36.307968774395 -0.055537138122 
  0.96788532   1.79892334  75.65123320  36.293984700955 36.225741105171 0.068243595783 
  0.96446195   1.72277198 108.61108022  36.315110034455 36.292705829777 0.022404204678 
  1.05213398   1.69766461 103.00000000  36.356294355417 36.351062429919 0.005231925498 
  0.95774332   1.73792412 100.76897627  36.435376061796 36.449049385753 -0.013673323957 
  1.21573971   1.70243309  80.21764188  36.444647936762 36.408909235364 0.035738701397 
  1.02322956   1.68888476 118.20984879  36.470186323575 36.520863593956 -0.050677270381 
  0.84846908   1.80941828 103.00000000  36.475985100227 36.457308784771 0.018676315456 
  1.06910143   1.69304258 102.94160171  36.649951597552 36.645259004542 0.004692593010 
  0.96446195   1.68888476 141.30653266  36.781036515105 36.590635057784 0.190401457321 
  0.96446195   1.73805227  99.08558058  36.807825907341 36.838593564611 -0.030767657270 
  1.08446195   1.68888476 103.00000000  36.811977094490 36.806834717225 0.005142377265 
  1.13133896   1.67747940 103.00000000  36.850967136575 36.847352293770 0.003614842806 
  0.95998075   1.75107782  93.54594833  36.901877649387 36.972250042765 -0.070372393378 
  0.89294208   1.79531975  92.27145588  36.985610736581 37.049121775889 -0.063511039307 
  0.98404609   1.74546687  90.92191006  37.018278785457 37.086960451984 -0.068681666526 
  1.09834612   1.65595063 133.50321709  37.053290079421 36.996183753453 0.057106325967 
  0.84694522   1.81194650 103.00000000  37.079863868556 37.061039960030 0.018823908526 
  1.12163924   1.68888476  96.99461340  37.165696807853 37.207949735082 -0.042252927228 
  1.10189533   1.68888476 100.12129280  37.178179199487 37.199211657455 -0.021032457968 
  1.02343162   1.68888476 119.00933313  37.237318340922 37.296409233843 -0.059090892921 
  1.06759687   1.68888476 106.89301545  37.283842036424 37.253038585418 0.030803451006 
  0.97065214   1.68888476 139.47027281  37.292815919707 37.113453522666 0.179362397042 
  1.01822347   1.68888476 120.93547700  37.361982830895 37.438309394890 -0.076326563996 
  1.14001777   1.65732016 120.78011734  37.380564459960 37.420012647015 -0.039448187056 
  0.96446195   1.68888476 142.01005025  37.382615417508 37.195533558627 0.187081858881 
  1.09675203   1.65834615 131.32013897  37.426690285254 37.410176279503 0.016514005751 
  1.23502389   1.68888476  85.02140966  37.431916009245 37.394912728398 0.037003280847 
  1.40533011   1.62996044 109.65727792  37.453996753149 37.420053598978 0.033943154171 
  1.18410704   1.68888476  89.61765004  37.556488809299 37.551582039911 0.004906769389 
  1.29810075   1.66470081  92.95684617  37.596722295904 37.615416571413 -0.018694275509 
  0.88293634   1.78206704 102.69228398  37.620111341279 37.607387689408 0.012723651871 
  0.84037473   1.81962997 103.00000000  37.650457528482 37.631264837757 0.019192690724 
  0.96446195   1.77709363  82.88183515  37.658646675813 37.645897021090 0.012749654723 
  1.08793970   1.68888476 103.00000000  37.669697340025 37.664411286016 0.005286054009 
  0.96446195   1.72386078 109.11337387  37.731121919129 37.710401264785 0.020720654344 
  0.96446195   1.72306670 109.72556063  37.742728865946 37.724547779248 0.018181086697 
  0.90227144   1.77551544  98.81836421  37.787005518676 37.808524569977 -0.021519051302 
  1.13470737   1.68888476  95.57027194  37.820047975918 37.866062888937 -0.046014913019 
  1.07096888   1.69376197 103.00000000  37.865688444032 37.860327347153 0.005361096878 
  0.86873441   1.78879450 105.64826069  37.914805745921 37.893233729319 0.021572016602 
  0.92971430   1.79036557  85.26781801  37.924894222357 37.947492280833 -0.022598058476 
  0.96446195   1.68888476 142.71356784  37.988516736776 37.808177806670 0.180338930106 
  1.34750013   1.63755573 108.87173769  37.990789135452 37.957670664170 0.033118471283 
  0.98715142   1.68888476 133.73877092  38.023098156744 37.954052975156 0.069045181588 
  1.02221083   1.68888476 120.36208803  38.050234327682 38.121719361690 -0.071485034008 
  1.25411086   1.64715471 111.38247700  38.162145025883 38.135479153621 0.026665872261 
  1.04228098   1.68888476 114.19090690  38.192791954785 38.194012532573 -0.001220577788 
  0.96446195   1.68888476 143.00000000  38.236500442556 38.059913344595 0.176587097961 
  0.95259126   1.74772642  98.15535061  38.431598028008 38.469423431696 -0.037825403688 
  0.96446195   1.73366834 103.00000000  38.492279755694 38.486289256943 0.005990498750 
  0.96446195   1.68888476 143.41708543  38.599331831956 38.428920328901 0.170411503055 
  1.13413661   1.66482425 115.18199277  38.634265930108 38.626999641963 0.007266288145 
  0.86551721   1.79744992 103.00000000  38.716547758835 38.699866673364 0.016681085471 
  1.06589150   1.68888476 108.62612485  38.803597853981 38.769854889445 0.033742964536 
  0.90303073   1.74170191 123.25914193  38.844342889875 38.873915063136 -0.029572173261 
  0.96446195   1.72899713 106.42144632  38.863238789058 38.840164937281 0.023073851776 
  1.29007636   1.69058861  81.04366513  38.882298021264 38.867899639512 0.014398381753 
  0.79358623   1.88904087 100.43067575  38.919630992539 38.902625284548 0.017005707992 
  1.00132935   1.68888476 129.32976651  39.012883596715 39.042795446261 -0.029911849546 
  0.97981823   1.77336312  82.20530929  39.148893847716 39.127019169923 0.021874677793 
  1.10387384   1.68888476 101.23301892  39.160554949904 39.171463869622 -0.010908919718 
  1.15683888   1.68888476  93.59447023  39.212919918929 39.256545521013 -0.043625602084 
  0.96446195   1.68888476 144.12060302  39.215374973173 39.058054119890 0.157320853283 
  1.24377018   1.65919301 103.00000000  39.216032477478 39.208526985602 0.007505491875 
  0.96792308   1.73298976 103.00000000  39.239730894296 39.233797866957 0.005933027340 
  1.01149709   1.70250367 112.40072834  39.346530127001 39.338113366109 0.008416760892 
  0.96446195   1.70405028 129.14285103  39.420724306634 39.431385244869 -0.010660938235 
  1.00891594   1.71523452 103.54217596  39.491751623103 39.482053311227 0.009698311877 
  1.09547739   1.68888476 103.00000000  39.494777941294 39.489480661394 0.005297279900 
  0.99456759   1.68888476 132.72623872  39.557205932088 39.514063755524 0.043142176563 
  1.11329380   1.70233816  91.99655364  39.596525104924 39.644433958367 -0.047908853443 
  1.15648119   1.68888476  93.89392068  39.633423154290 39.677770423608 -0.044347269318 
  0.98563708   1.72749996 101.79689368  39.659679971566 39.664476355787 -0.004796384221 
  0.92176253   1.79967563  84.78948579  39.724748268567 39.740279980378 -0.015531711811 
  0.96446195   1.72729621 108.43133133  39.738582553724 39.716042591058 0.022539962666 
  1.00739530   1.75927233  82.91483638  39.782252240566 39.769117175949 0.013135064617 
  1.08152696   1.68888476 106.03090902  39.819692774166 39.792250152212 0.027442621955 
  0.96446195   1.68888476 144.82412060  39.836609361108 39.695808529842 0.140800831266 
  1.00849721   1.68888476 127.60880215  39.849306526230 39.906609022119 -0.057302495889 
  1.08799723   1.68888476 104.73086106  39.852789285818 39.833370509044 0.019418776774 
  1.11095595   1.68888476 100.58724189  39.921071332345 39.937785168852 -0.016713836508 
  1.32595681   1.64317148 107.75497804  39.980533555809 39.951115042200 0.029418513609 
  1.20854771   1.68888476  88.61498563  40.058711033271 40.043374773716 0.015336259555 
  1.05066099   1.68888476 113.79280825  40.108877285646 40.104726080180 0.004151205465 
  1.11111180   1.71851477  85.00652104  40.137117119903 40.137344149467 -0.000227029565 
  1.03726535   1.68483918 122.02280332  40.139486561486 40.217648002957 -0.078161441472 
  0.96446195   1.74031810 100.24843084  40.153106117046 40.171220207652 -0.018114090606 
  1.11752948   1.68888476  99.71053302  40.196309839488 40.220558430682 -0.024248591194 
  0.96281612   1.73415758 104.61468710  40.219224646266 40.202581126495 0.016643519771 
  0.97606009   1.73055422 103.00000000  40.261933339276 40.255957125796 0.005976213480 
  0.96446195   1.71922132 115.51099791  40.337311406794 40.370423416204 -0.033112009410 
  0.96446195   1.71532608 119.17002334  40.457596098247 40.525672316747 -0.068076218499 
  0.96446195   1.68888476 145.52763819  40.463258278280 40.342345489903 0.120912788377 
  0.99209886   1.72401822 103.00000000  40.571588491421 40.565837148614 0.005751342807 
  1.09226830   1.68888476 104.51353899  40.622495898660 40.604698706667 0.017797191994 
  0.98941726   1.72521351 103.00000000  40.633595369647 40.627820938322 0.005774431325 
  1.07554794   1.68888476 108.08382501  40.678938515470 40.644983575434 0.033954940036 
  1.00676208   1.68888476 129.37760925  40.695153196186 40.724411527946 -0.029258331760 
  1.07131112   1.68888476 109.11162955  40.735453431615 40.701598735942 0.033854695673 
  1.14948000   1.68888476  95.55977800  40.884490496446 40.929716677878 -0.045226181432 
  0.96446195   1.70734730 127.61326337  40.885214170165 40.921639308513 -0.036425138348 
  1.06971681   1.72848734  86.30701625  40.932424797131 40.951389588731 -0.018964791600 
  0.97675960   1.77481323  83.06787627  41.012732708292 41.002248397723 0.010484310569 
  1.34926910   1.69862283  75.18128387  41.036532504833 41.133896870463 -0.097364365630 
  0.96446195   1.68888476 146.23115578  41.095763059653 40.997755971472 0.098007088181 
  1.22395162   1.69337075  85.65607639  41.143918276917 41.106916355702 0.037001921215 
  1.10301508   1.68888476 103.00000000  41.274926459555 41.269639261132 0.005287198423 
  1.06615723   1.71169718  95.09122171  41.326585468665 41.383307299035 -0.056721830370 
  1.00165965   1.67912896 142.79403531  41.330762222413 41.213308600548 0.117453621865 
  0.96446195   1.76946639  87.37545320  41.420976680907 41.465415136053 -0.044438455146 
  0.99833562   1.74130108  92.55152531  41.454277749501 41.523314273462 -0.069036523961 
  1.01419001   1.68888476 127.52899197  41.477943723581 41.536039890726 -0.058096167145 
  0.96446195   1.73800509 102.68574638  41.492204489652 41.488148675190 0.004055814463 
  1.27200693   1.65898983 101.80613122  41.634225911694 41.642072561309 -0.007846649615 
  0.96446195   1.69905492 137.23284891  41.716706279367 41.549509952747 0.167196326620 
  0.96446195   1.68888476 146.93467337  41.733868822746 41.662056891516 0.071811931231 
  0.91520422   1.76511090 103.00000000  41.763560475134 41.753167709574 0.010392765560 
  1.01523126   1.68888476 127.72846470  41.936945434907 41.992246693528 -0.055301258621 
  1.39492337   1.64726242  99.72227108  41.957290731414 41.996388728040 -0.039097996626 
  1.21118350   1.68888476  89.41401572  41.987622152363 41.978692576903 0.008929575460 
  1.17799649   1.67324051 103.00000000  42.039932417334 42.040463115077 -0.000530697743 
  1.10210148   1.68888476 103.83071870  42.110040236039 42.097598809172 0.012441426867 
  1.21482782   1.68915021  89.03152815  42.152184091326 42.139823933787 0.012360157539 
  0.91224048   1.79204731  91.24510739  42.269139027743 42.335028947951 -0.065889920207 
  1.01878722   1.68888476 126.84573996  42.292549785743 42.358413918768 -0.065864133025 
  1.33221787   1.67151833  89.30742781  42.327291869922 42.318819277501 0.008472592421 
  1.07538337   1.68888476 109.63418827  42.332339441960 42.299092343366 0.033247098594 
  0.96446195   1.68888476 147.63819095  42.378147402142 42.335188346806 0.042959055336 
  0.86175964   1.80689102 103.00000000  42.399855798547 42.382884472940 0.016971325607 
  1.02376223   1.68888476 125.24376942  42.481646370612 42.560224568321 -0.078578197709 
  1.12412423   1.68888476 100.30862615  42.484228254860 42.503466834066 -0.019238579206 
  0.98656616   1.68888476 139.63161558  42.501244612769 42.337366058892 0.163878553877 
  0.96446195   1.74897503  97.15472969  42.505737592161 42.552184994048 -0.046447401887 
  0.96446195   1.73888476 103.00000000  42.561139394402 42.554336114925 0.006803279477 
  0.98241393   1.80377314  74.81220683  42.573663343559 42.516921191172 0.056742152387 
  1.21675198   1.66688342 103.00000000  42.591675212083 42.598121302928 -0.006446090845 
  0.96446195   1.75629947  93.59112258  42.612332526900 42.680314099297 -0.067981572397 
  1.02082759   1.67823010 138.67737532  42.626715118953 42.503900336371 0.122814782583 
  0.96446195   1.68888476 148.00000000  42.711742158364 42.684766569687 0.026975588677 
  0.95219717   1.75061435  99.83669123  42.749407096002 42.769408827395 -0.020001731393 
  0.96446195   1.79536341  79.57980884  42.764592060983 42.712630669463 0.051961391520 
  0.99024267   1.84753219  65.59693126  42.805719024444 42.901086560426 -0.095367535982 
  1.04634305   1.68888476 118.03492873  42.847202577119 42.891502436941 -0.044299859822 
  1.21267571   1.66796604 103.00000000  42.983139855001 42.988788186136 -0.005648331135 
  0.86539253   1.80459724 103.00000000  42.994182545703 42.977633953883 0.016548591819 
  1.05304622   1.68888476 116.18097936  42.995521294888 43.017258906154 -0.021737611266 
  1.11055276   1.68888476 103.00000000  43.011464941985 43.006233237615 0.005231704370 
  0.96446195   1.68888476 148.34170854  43.028361618184 43.017011314361 0.011350303823 
  1.13887876   1.68350225 102.21176779  43.149037060088 43.152393913240 -0.003356853153 
  1.29290697   1.64947470 108.75191139  43.317349552814 43.279372681311 0.037976871503 
  1.14452138   1.68888476  97.86082710  43.348585200481 43.385858980202 -0.037273779720 
  1.09838701   1.68888476 105.56732001  43.352392178975 43.327400717638 0.024991461336 
  1.02284717   1.68888476 126.72085855  43.364696308920 43.431442622551 -0.066746313631 
  0.96446195   1.73994975 103.00000000  43.381810001640 43.374844895385 0.006965106255 
  0.96137519   1.74037363 103.68781593  43.385543247630 43.373677295865 0.011865951765 
  1.06346344   1.68888476 113.69646990  43.408850347754 43.401948510542 0.006901837212 
  1.11335351   1.67622802 113.47229716  43.492517899824 43.475113078125 0.017404821699 
  1.03356114   1.68888476 123.08881782  43.548330767087 43.630131838094 -0.081801071007 
  0.91039250   1.75463941 113.98825351  43.583124678007 43.602323302023 -0.019198624016 
  1.13418866   1.68397428 103.00000000  43.624600819028 43.620627173459 0.003973645569 
  1.03033129   1.71517184 101.65596552  43.630411311235 43.636367745283 -0.005956434048 
  1.21397320   1.69355516  87.70139633  43.647316248458 43.624356562879 0.022959685579 
  0.96446195   1.68888476 149.04522613  43.684663893811 43.707305687847 -0.022641794035 
  1.07733547   1.67735560 122.14910976  43.830769877080 43.898327229197 -0.067557352116 
  0.96446195   1.70052399 138.48637014  43.890453148812 43.704406522560 0.186046626251 
  1.11446195   1.68888476 103.00000000  43.895270549026 43.890144863662 0.005125685364 
  1.29972301   1.68888476  83.58325966  43.953673162116 43.914268234177 0.039404927938 
  1.21603243   1.68888476  90.08769394  44.026051744411 44.022536120439 0.003515623972 
  1.13012924   1.71538538  86.15367829  44.087195007505 44.093439650570 -0.006244643065 
  0.96446195   1.71161709 127.48668089  44.177975006045 44.212709565132 -0.034734559087 
  1.06939898   1.68888476 113.02190184  44.279569999133 44.265750238796 0.013819760337 
  1.19192370   1.69731564  88.24460192  44.307583271922 44.292339574581 0.015243697342 
  0.96446195   1.68888476 149.74874372  44.347228116578 44.405768860852 -0.058540744275 
  0.88261661   1.79231743 103.00000000  44.398846698459 44.384196016015 0.014650682445 
  1.20846723   1.69791571  86.49567130  44.415215149689 44.383566709353 0.031648440336 
  1.02774095   1.68888476 126.28405735  44.416694147556 44.486929118787 -0.070234971231 
  0.86394863   1.79871329 108.65361366  44.441372999274 44.427286588830 0.014086410444 
  1.22574584   1.70281900  82.89887603  44.448446989398 44.397738206193 0.050708783205 
  1.30850105   1.68888476  83.37320011  44.675850038457 44.636935525351 0.038914513106 
  1.11809045   1.68888476 103.00000000  44.705589240028 44.700575670177 0.005013569850 
  1.31811315   1.68888476  82.83447736  44.795606913172 44.761054541161 0.034552372012 
  0.86817477   1.78156383 118.95965132  44.859554932620 44.870033776575 -0.010478843955 
  1.07314580   1.68888476 112.79370349  45.004542405113 44.988329512349 0.016212892764 
  0.98848447   1.72370167 108.08409952  45.004971153205 44.979334615951 0.025636537254 
  1.26174438   1.68888476  86.76963705  45.007577831500 44.973735013018 0.033842818483 
  0.96446195   1.68888476 150.45226131  45.015862606127 45.112014730242 -0.096152124114 
  0.99447775   1.74116910  95.69164582  45.037033660588 45.094777295588 -0.057743635000 
  0.99805713   1.68888476 138.45121477  45.049099601292 44.903652419582 0.145447181710 
  0.96446195   1.76600175  90.75933577  45.061556713841 45.128218799966 -0.066662086125 
  0.93051407   1.74410684 114.37005215  45.073006060313 45.096535033081 -0.023528972768 
  1.03561808   1.70957665 105.42179411  45.087739206036 45.064252041238 0.023487164798 
  1.09971838   1.68888476 106.84932749  45.158769909001 45.127389691522 0.031380217479 
  1.05886613   1.68888476 116.88698588  45.166078006136 45.194983017025 -0.028905010889 
  1.01399488   1.77988908  77.91799695  45.177800126658 45.124356703712 0.053443422945 
  0.99339396   1.70367565 124.56654274  45.255573733484 45.334738881063 -0.079165147578 
  1.07754552   1.68888476 111.97914349  45.297911553869 45.275299279914 0.022612273956 
  0.96446195   1.77536309  87.20709558  45.332343186787 45.374208787384 -0.041865600598 
  1.34310772   1.67370902  89.12326919  45.458334800376 45.445629775831 0.012705024545 
  1.10552863   1.68888476 105.95848279  45.474962615754 45.447829546108 0.027133069645 
  1.03774359   1.70208103 111.15091682  45.526745235169 45.505363954833 0.021381280336 
  1.00720252   1.69820986 125.36886327  45.649572555641 45.725670264251 -0.076097708610 
  0.96941089   1.73873321 104.15459803  45.662400029443 45.647450362110 0.014949667333 
  0.96446195   1.68888476 151.15577889  45.690599140184 45.825573179664 -0.134974039480 
  0.88898711   1.80940258  93.40221185  45.691515154882 45.745220827416 -0.053705672534 
  0.96446195   1.79741259  80.22969215  45.708375865772 45.663607440245 0.044768425527 
  0.92269316   1.76622176 103.00000000  45.827792866457 45.817558834396 0.010234032061 
  0.95132899   1.78438834  86.83994178  45.851899683868 45.890685777597 -0.038786093729 
  0.73912297   2.04947144 104.69594424  45.878959514946 45.857515388804 0.021444126142 
  1.22357558   1.65512387 115.91390040  45.919979695216 45.917285442297 0.002694252919 
  0.86033074   1.81155326 104.60998346  46.064722135252 46.044691274886 0.020030860366 
  1.03849804   1.67674511 138.80002709  46.089044360433 45.977359519933 0.111684840500 
  0.96446195   1.86090299  66.84076742  46.124405128248 46.220321080521 -0.095915952273 
  1.12984907   1.68888476 102.16271266  46.195033949014 46.198005341700 -0.002971392686 
  1.41020405   1.67102619  87.08021974  46.201190750249 46.170443035265 0.030747714984 
  1.09537676   1.69633052 103.00000000  46.256873021324 46.250789751112 0.006083270212 
  0.89851713   1.80515746  92.47239114  46.271813632033 46.331271675578 -0.059458043545 
  1.01075870   1.69098891 132.83237789  46.274030920624 46.230328825895 0.043702094729 
  1.12562814   1.68888476 103.00000000  46.358630302733 46.353934188530 0.004696114204 
  0.96446195   1.68888476 151.85929648  46.371383727987 46.545890104596 -0.174506376610 
  0.96446195   1.74388476 103.00000000  46.385047428681 46.377375384353 0.007672044328 
  0.82663183   1.85360687 102.18414661  46.387734809992 46.371732137508 0.016002672484 
  1.30769179   1.64778973 111.45832707  46.427198682457 46.387699892644 0.039498789813 
  1.02907604   1.71508542 104.24649824  46.430192320870 46.413829235280 0.016363085590 
  1.19317272   1.68888476  93.84564619  46.500119430748 46.521548432189 -0.021429001441 
  0.84914757   1.82321586 104.70841960  46.506575224470 46.487128099912 0.019447124558 
  0.89956691   1.79377331  97.28772649  46.541782761680 46.572507769504 -0.030725007824 
  1.27074519   1.66248212 103.00000000  46.549517708452 46.547683738541 0.001833969911 
  0.92940849   1.81972007  80.49909392  46.627471773903 46.579502031454 0.047969742450 
  1.00834763   1.68888476 136.79048148  46.783334646949 46.664441786146 0.118892860802 
  0.95091034   1.81270836  78.71321322  46.837617411671 46.776465253406 0.061152158265 
  1.09389912   1.68888476 109.73458470  46.958896838994 46.925000314634 0.033896524361 
  0.98858299   1.73572036 101.59840756  46.965767981885 46.970455050362 -0.004687068478 
  0.96446195   1.68888476 152.56281407  47.058020909819 47.272327832923 -0.214306923104 
  1.18691934   1.65825790 120.86037594  47.068694801928 47.104643747639 -0.035948945711 
  1.23985615   1.68888476  89.74408314  47.253684976866 47.245755560076 0.007929416790 
  0.87934883   1.80378534 100.77544085  47.259998329355 47.257089271438 0.002909057917 
  1.10993420   1.66512069 132.20003829  47.260150366019 47.221365912471 0.038784453548 
  1.11887191   1.68888476 104.93100989  47.261678592047 47.241302533663 0.020376058384 
  0.96147847   1.72660859 118.20721970  47.394388069635 47.454048850053 -0.059660780418 
  1.21956179   1.66143310 111.57814030  47.451413986375 47.422976002624 0.028437983751 
  1.05278139   1.68511956 125.74300122  47.466243582421 47.536267588399 -0.070024005978 
  0.96446195   1.68888476 153.00000000  47.487463698239 47.726526998428 -0.239063300189 
  1.02082859   1.73820613  93.34703512  47.564604267787 47.629518597934 -0.064914330146 
  0.97278877   1.73314306 108.64638534  47.577655627665 47.555199468761 0.022456158904 
  1.03256918   1.68888476 128.78589657  47.639971387911 47.677754777520 -0.037783389609 
  0.97370533   1.75252186  96.50008780  47.642891743744 47.693132150465 -0.050240406721 
  0.96446195   1.81553778  76.27630762  47.694723575958 47.629398907066 0.065324668892 
  1.08441409   1.68888476 112.70162296  47.695966269875 47.678059536041 0.017906733834 
  0.96446195   1.68888476 153.26633166  47.750165816407 48.004166146963 -0.254000330556 
  1.26182501   1.68888476  88.25662178  47.843389452119 47.820406130269 0.022983321849 
  1.13939518   1.68733424 103.00000000  47.844876048202 47.841083954909 0.003792093293 
  1.02326611   1.77003752  80.72689652  47.909847407642 47.875248075530 0.034599332112 
  1.07581452   1.68888476 115.16657255  47.919569971578 47.926313137194 -0.006743165616 
  1.13316583   1.68888476 103.00000000  47.971845548585 47.967541632997 0.004303915588 
  0.96446195   1.74970259 100.77724579  47.982923996093 47.993392438204 -0.010468442111 
  1.09493162   1.69838729 103.00000000  47.991747883825 47.985436301082 0.006311582743 
  0.99094119   1.83426412  69.23326295  48.006694400592 48.037042034834 -0.030347634242 
  0.96446195   1.74623116 103.00000000  48.154101561187 48.146094585858 0.008006975330 
  1.07151823   1.68888476 116.81302300  48.330205938986 48.356151266784 -0.025945327797 
  0.78045051   1.92967857 104.42294048  48.430992398487 48.435059108443 -0.004066709955 
  1.26516957   1.68888476  88.37600556  48.552414859627 48.530039194802 0.022375664825 
  1.08807359   1.70093747 103.00000000  48.600277598409 48.593685258330 0.006592340079 
  1.34371700   1.65501426 103.00000000  48.613801324758 48.625581889993 -0.011780565234 
  1.12118055   1.68888476 105.74280499  48.729919654594 48.704377550530 0.025542104063 
  0.96446195   1.84015446  71.33601122  48.826694339430 48.813259377143 0.013434962287 
  1.05411246   1.69127412 120.17905031  48.839823906896 48.903666477095 -0.063842570199 
  1.15173867   1.69662375  95.80542968  48.869424712146 48.915577628019 -0.046152915873 
  1.12654958   1.69143785 103.00000000  48.899060141717 48.894226754587 0.004833387130 
  1.10433493   1.68888476 109.30462852  48.932301276178 48.897465698309 0.034835577868 
  1.16156923   1.67876139 106.90031690  48.942436390975 48.913683866420 0.028752524555 
  0.93482421   1.76334593 103.00000000  48.953267826368 48.943444380779 0.009823445589 
  1.27305364   1.66459904 103.00000000  48.988585221603 48.987346315053 0.001238906550 
  1.29678077   1.68888476  86.30409711  49.001148199932 48.959482574307 0.041665625625 
  0.89304978   1.76107593 125.56773494  49.041131979273 49.008983036116 0.032148943157 
  1.41981197   1.64503910 104.66043325  49.104482351730 49.108518487160 -0.004036135430 
  1.09607060   1.68888476 111.34736839  49.130236850826 49.102429073797 0.027807777028 
  0.96446195   1.74773622 102.89769501  49.156972008685 49.149518334284 0.007453674400 
  0.86992808   1.81103122 103.00000000  49.211156753845 49.195235187327 0.015921566518 
  0.97351178   1.75365194  97.05720702  49.219688165289 49.264764759787 -0.045076594498 
  1.04594156   1.68888476 126.08294728  49.221327849315 49.289495789660 -0.068167940345 
  1.36605991   1.67989251  86.53771150  49.233985436578 49.194700125281 0.039285311297 
  0.97437036   1.94882768  55.73325708  49.485478754665 49.370545199604 0.114933555061 
  1.14070352   1.68888476 103.00000000  49.546389760926 49.542595056746 0.003794704180 
  0.96446195   1.73504416 112.30114430  49.660307800474 49.662075855261 -0.001768054788 
  0.85430119   1.80917607 113.93215521  49.689494593164 49.693809620774 -0.004315027611 
  1.07275905   1.68888476 118.17206744  49.814349933891 49.855004000091 -0.040654066200 
  1.01936210   1.69502431 129.70787516  49.826191354241 49.844710076186 -0.018518721945 
  0.87406502   1.78575576 118.24182426  49.888221376070 49.903472824768 -0.015251448698 
  0.96864354   1.71446126 130.24411017  49.912031108230 49.889794007609 0.022237100620 
  0.93932375   1.74132935 118.27591906  49.969383460571 50.025145178570 -0.055761717998 
  1.08040611   1.72925138  89.31155014  50.128541819882 50.171872414916 -0.043330595034 
  0.93133524   1.74229424 121.66646139  50.131310505578 50.188791585470 -0.057481079892 
  0.96446195   1.74888476 103.00000000  50.135466793319 50.127086362122 0.008380431198 
  0.96446195   1.84281086  71.26007157  50.192049204492 50.181206633764 0.010842570728 
  1.02183922   1.68888476 136.38766763  50.277654614438 50.170897375942 0.106757238496 
  1.07835543   1.71516450  97.02951500  50.427543091617 50.472248131552 -0.044705039935 
  0.91781922   1.77619822 103.00000000  50.509895490213 50.498407581064 0.011487909150 
  1.07877269   1.68176562 125.21985208  50.527179565481 50.593292337629 -0.066112772149 
  1.09679297   1.68888476 112.67002600  50.602555975962 50.583423370861 0.019132605101 
  0.91611172   1.75929767 115.52116472  50.633289487610 50.664516036200 -0.031226548589 
  1.20554706   1.68888476  95.08721689  50.637505509763 50.662730992426 -0.025225482662 
  1.06556981   1.68888476 121.38153535  50.656561006512 50.725414398766 -0.068853392254 
  1.18980229   1.68791702  97.51630564  50.656800040724 50.677583111009 -0.020783070285 
  1.20254884   1.68799604  95.99271329  50.691541178971 50.716753755597 -0.025212576627 
  1.30935791   1.68888476  86.37384495  50.775434449730 50.731279733824 0.044154715906 
  1.01480848   1.68888476 139.70066466  50.825048225190 50.690251452617 0.134796772573 
  1.08880466   1.72010258  92.93271761  50.868530823074 50.924698771018 -0.056167947944 
  0.96446195   1.83473005  73.12376800  50.911690395998 50.870164761720 0.041525634278 
  1.05175279   1.68888476 126.44638232  51.007163335074 51.070682473105 -0.063519138030 
  1.33814712   1.68888476  84.69093646  51.020775092704 50.966800565190 0.053974527514 
  1.07286679   1.72071255  95.26395124  51.060024367256 51.114453793859 -0.054429426602 
  0.96446195   1.81420462  77.90759553  51.066131652817 51.005246545709 0.060885107108 
  1.14824121   1.68888476 103.00000000  51.083325385742 51.080257007201 0.003068378540 
  1.00858823   1.73045884 103.00000000  51.172216965257 51.164270357207 0.007946608050 
  0.96446195   1.76192782  96.53468402  51.202041110093 51.249610222992 -0.047569112899 
  0.96446195   1.68888476 156.78391960  51.284335767112 51.713607996783 -0.429272229672 
  1.05897994   1.68888476 124.36787444  51.304481548006 51.378995946906 -0.074514398899 
  1.05930012   1.68888476 124.34191075  51.366010059319 51.440549184432 -0.074539125113 
  0.96086210   1.73577325 115.13084019  51.466145701906 51.496632415623 -0.030486713716 
  1.29474455   1.68906543  87.68594537  51.538763061631 51.506130460269 0.032632601363 
  1.10706289   1.70298919 100.43384062  51.586054435509 51.602959707820 -0.016905272311 
  1.27557638   1.66692373 103.00000000  51.642327523528 51.641683990867 0.000643532661 
  0.99077196   1.70652497 131.14321121  51.656209924109 51.630482834035 0.025727090074 
  1.00119359   1.79931818  76.84216220  51.667819390495 51.612465279443 0.055354111053 
  1.13503111   1.68888476 105.81038184  51.767408084732 51.742188199294 0.025219885438 
  1.20949321   1.69047926  94.50816599  51.881030498535 51.905804894241 -0.024774395706 
  0.96446195   1.68888476 157.48743719  52.002413006507 52.458350560766 -0.455937554260 
  0.97272711   1.75107352 100.79554950  52.066381173725 52.075940243760 -0.009559070035 
  1.12910909   1.68888476 107.29342782  52.206107909442 52.173848024924 0.032259884518 
  1.11079423   1.71036028  95.75217494  52.208581766081 52.257922790992 -0.049341024911 
  0.97826137   1.78812003  83.72390769  52.335091159835 52.333516491967 0.001574667869 
  1.11895928   1.68888476 109.45227487  52.354857550290 52.320058299040 0.034799251250 
  1.07644675   1.68888476 120.15496969  52.359299565476 52.417714783466 -0.058415217990 
  1.06179407   1.68442481 130.30911540  52.460082908437 52.467795203765 -0.007712295328 
  1.09741815   1.68888476 114.51303895  52.482467128699 52.479863395934 0.002603732765 
  1.05183713   1.68888476 128.55996498  52.568797224136 52.606022347736 -0.037225123600 
  1.01494970   1.70444788 124.69074770  52.610428663211 52.687834908793 -0.077406245582 
  1.10735148   1.70034079 103.00000000  52.629394489210 52.623085816389 0.006308672821 
  0.96446195   1.73055166 119.66873750  52.665840484471 52.734607042929 -0.068766558458 
  0.78533891   1.93461141 103.00000000  52.710979758114 52.709239584371 0.001740173744 
  0.96446195   1.68888476 158.19095477  52.722643744197 53.201326377220 -0.478682633023 
  1.03651089   1.68888476 134.35155951  52.736198554743 52.666554830695 0.069643724048 
  1.10973885   1.68888476 111.85080001  52.753387083922 52.727863653140 0.025523430782 
  1.17009170   1.68612089 103.00000000  52.789631957021 52.788729932255 0.000902024765 
  0.96446195   1.75251256 103.00000000  52.811632357840 52.802533618640 0.009098739199 
  0.92595267   1.75155615 119.66158540  52.851099384152 52.904884468228 -0.053785084076 
  1.00124097   1.73349742 104.46598119  52.953190754240 52.935015817863 0.018174936377 
  0.95306469   1.79529921  86.34278107  52.957851767798 52.989273358769 -0.031421590970 
  0.96446195   1.87099651  67.14424388  52.972293244897 53.067160887178 -0.094867642281 
  1.05025317   1.68888476 129.71048633  52.988426004515 53.007133109534 -0.018707105019 
  0.78713819   1.93172258 103.00000000  53.032521990110 53.030223816525 0.002298173584 
  1.24113868   1.68888476  92.98380285  53.039586986168 53.058825675619 -0.019238689451 
  0.94077006   1.75505749 110.06991472  53.092302469355 53.080788992060 0.011513477294 
  1.34477260   1.68888476  85.35653762  53.112770866988 53.054970671190 0.057800195798 
  1.03798650   1.74469238  90.56210222  53.162967266398 53.220524000647 -0.057556734249 
  1.33766955   1.68888476  85.85878176  53.260899508747 53.206322483063 0.054577025683 
  1.19749761   1.68137166 103.00000000  53.313841814579 53.316977013808 -0.003135199229 
  1.15771371   1.68888476 103.31226945  53.352906396838 53.347931793062 0.004974603776 
  1.15392764   1.69033473 102.88277970  53.400572721184 53.398822529226 0.001750191958 
  0.96446195   1.68888476 158.89447236  53.444637357024 53.941248499760 -0.496611142736 
  0.96446195   1.73295471 118.49456410  53.516680514040 53.578049417410 -0.061368903370 
  1.04733088   1.68888476 131.55552458  53.552151238648 53.536589490482 0.015561748166 
  1.22852449   1.66582257 111.97696267  53.574408040713 53.548919299514 0.025488741199 
  0.96446195   1.78279902  88.85462036  53.583171869210 53.636885457677 -0.053713588467 
  1.41829315   1.65291321 102.04542213  53.596678860624 53.624279845091 -0.027600984467 
  1.18968787   1.68325570 103.00000000  53.708349921049 53.710059459717 -0.001709538667 
  1.01607572   1.68888476 143.01072308  53.736153525326 53.647941471023 0.088212054303 
  1.04459056   1.68888476 132.85989280  53.772797429650 53.731732066928 0.041065362723 
  0.96446195   1.73524695 116.75474981  53.786274805156 53.832871889900 -0.046597084744 
  1.05355857   1.68888476 129.65675612  53.790044275433 53.808919159636 -0.018874884204 
  0.96446195   1.75388476 103.00000000  53.814057271829 53.804716580308 0.009340691521 
  0.97778958   1.94210871  57.08657007  53.896528950507 53.902715054251 -0.006186103744 
  1.21921077   1.67810273 103.00000000  53.900645695499 53.888588741468 0.012056954031 
  1.15379119   1.68888476 104.40590561  53.918248709113 53.903962666302 0.014286042811 
  1.16331658   1.68888476 103.00000000  54.049617277880 54.047889550586 0.001727727294 
  0.94094269   1.85243323  73.81914073  54.097346769220 54.028511538583 0.068835230637 
  0.96446195   1.68888476 159.59798995  54.166914577170 54.676777590580 -0.509863013410 
  0.96396346   1.78235415  89.47995927  54.199161276447 54.256569805174 -0.057408528727 
  0.98672344   1.79293558  81.82593248  54.505152663882 54.480873109803 0.024279554078 
  1.23627588   1.67959443 100.33975541  54.562791634729 54.575504122206 -0.012712487477 
  0.96446195   1.77359061  93.24990927  54.569953045993 54.633167938714 -0.063214892721 
  1.35337202   1.68888476  85.61275374  54.599988740236 54.538503932212 0.061484808024 
  1.05864691   1.68555895 133.20957096  54.707352525347 54.660126134665 0.047226390682 
  1.08201793   1.69466226 115.43451277  54.780252147011 54.791009848225 -0.010757701214 
  1.23136496   1.66660818 112.01022299  54.812271152328 54.787329961293 0.024941191035 
  1.12340839   1.68888476 110.92876770  54.827915844246 54.797261181922 0.030654662323 
  1.14457295   1.68888476 106.78516782  54.840618371134 54.811084230515 0.029534140619 
  0.96446195   1.68888476 160.30150754  54.888921661353 55.406527394038 -0.517605732685 
  1.09464366   1.71654922  96.53603777  54.905111697262 54.951587596597 -0.046475899335 
  1.15262349   1.69221343 103.00000000  54.999702747744 54.996729440260 0.002973307484 
  1.12669948   1.68253807 116.58268992  55.028023844679 55.041982603705 -0.013958759026 
  1.12311785   1.69916042 103.00000000  55.102176111242 55.096520175505 0.005655935738 
  1.03083662   1.77386609  81.62630711  55.122498597753 55.097219389482 0.025279208271 
  1.04955943   1.68888476 133.00272154  55.138318636735 55.093931177772 0.044387458963 
  1.12818834   1.68888476 110.34425205  55.254940979095 55.222218379331 0.032722599764 
  1.12450646   1.70263636 100.58450371  55.376279028093 55.392270231785 -0.015991203693 
  1.22463627   1.68888476  96.14989531  55.439809382919 55.467930425093 -0.028121042174 
  1.13728471   1.68888476 108.70486901  55.449436782652 55.414829946138 0.034606836514 
  1.17085427   1.68888476 103.00000000  55.480880257437 55.480025484098 0.000854773339 
  0.98966752   1.75084367  98.98119659  55.483645220840 55.510057133421 -0.026411912581 
  1.11306472   1.69963401 104.87839236  55.573310628421 55.552523730043 0.020786898378 
  0.96446195   1.68888476 161.00502513  55.609183250592 56.129070482744 -0.519887232153 
  1.16583222   1.68888476 103.90268790  55.643494883559 55.634449876241 0.009045007319 
  1.00268753   1.78169462  83.41731079  55.701073198205 55.695356148639 0.005717049566 
  1.11420564   1.67786537 126.36448111  55.745369897748 55.791895776729 -0.046525878981 
  1.00442671   1.78885727  80.96649171  55.807264132814 55.774999554885 0.032264577929 
  1.32666918   1.68888476  87.90553018  55.837112299148 55.798943594854 0.038168704294 
  0.86859541   1.84140751  94.97153621  55.867057916610 55.898897060417 -0.031839143807 
  1.09780835   1.70672681 103.00000000  55.992577988942 55.985427050594 0.007150938348 
  0.88036275   1.79286063 116.51139572  55.994761140450 56.013120210011 -0.018359069561 
  0.97833458   1.74673087 105.11214982  56.016125099944 55.995041205131 0.021083894814 
  0.79052813   1.94146937  99.70145863  56.170441703951 56.158557060398 0.011884643553 
  0.84848669   1.85523468  98.38740248  56.173630227066 56.176277182117 -0.002646955052 
  0.96446195   1.73699184 118.22761361  56.289310046577 56.348322754378 -0.059012707801 
  0.86016110   1.83314900 103.00000000  56.315110560725 56.299276462825 0.015834097900 
  0.96446195   1.68888476 161.70854271  56.326760636504 56.842944298015 -0.516183661511 
  1.16444671   1.68888476 104.69128691  56.326796342833 56.311560258288 0.015236084545 
  1.05453552   1.75243314  86.51885497  56.401616598007 56.426068591608 -0.024451993601 
  1.39344873   1.68379037  86.81191968  56.407797877248 56.342505037136 0.065292840112 
  0.92929929   1.77785922 103.00000000  56.569609588336 56.557921827886 0.011687760450 
  0.96702476   1.72059684 133.82013643  56.581095132762 56.464683679377 0.116411453385 
  0.98015009   1.73804365 111.38474720  56.644784178719 56.637623228726 0.007160949993 
  1.42054179   1.65448823 103.00000000  56.701409042875 56.721341490408 -0.019932447533 
  0.96446195   1.75151986 107.22515186  56.813907976994 56.790330213445 0.023577763548 
  1.17882247   1.68888476 102.88493085  56.814441236707 56.815573864244 -0.001132627537 
  0.99581087   1.75028956  98.73617772  56.817351169695 56.845924373948 -0.028573204253 
  0.89580383   1.80198179 103.00000000  56.823884850579 56.809741199873 0.014143650706 
  1.17839196   1.68888476 103.00000000  56.879022392193 56.879098897268 -0.000076505075 
  0.95220466   1.77876348  95.56424625  56.922254262259 56.972290829562 -0.050036567303 
  0.99070687   1.81459173  76.40623654  56.980476871035 56.926376181133 0.054100689901 
  1.33240978   1.68888476  88.16272656  57.005808378861 56.968316699397 0.037491679464 
  1.13525888   1.68888476 110.63419905  57.022455725288 56.990702712562 0.031753012726 
  1.25529517   1.67551007 103.00000000  57.036011494940 57.031316798162 0.004694696778 
  0.96446195   1.68888476 162.41206030  57.040228072361 57.546657501434 -0.506429429073 
  1.15003807   1.68888476 107.87371174  57.134331786001 57.101576369582 0.032755416419 
  1.30866594   1.66148644 108.40565829  57.136429076840 57.101844834470 0.034584242370 
  0.96446195   1.76055341 101.77478691  57.147784176512 57.146794831938 0.000989344574 
  1.05213757   1.68888476 135.14712109  57.279974844594 57.197763291032 0.082211553562 
  0.95053671   1.75854926 107.95439400  57.307664484470 57.286486117884 0.021178366586 
  0.96446195   1.75879397 103.00000000  57.356689521417 57.346624297250 0.010065224167 
  1.04168721   1.72114552 106.23751084  57.393408033946 57.365506494471 0.027901539475 
  0.96446195   1.82187263  78.51623054  57.415698672416 57.360376715717 0.055321956699 
  0.96446195   1.75888476 103.00000000  57.421612502065 57.411491627562 0.010120874503 
  1.03445064   1.72843012 103.00000000  57.429440517051 57.420462183002 0.008978334049 
  0.93274850   1.79190807  95.32895077  57.432286565359 57.480458157718 -0.048171592359 
  1.48811548   1.65600242  97.82867479  57.449406513104 57.468287824156 -0.018881311052 
  1.01517594   1.73580803 103.00000000  57.453239207440 57.444029059688 0.009210147751 
  1.00004910   1.72824684 113.16586260  57.478818368254 57.484376201154 -0.005557832900 
  1.00083759   1.78747398  82.68736071  57.521573774247 57.507475273659 0.014098500588 
  1.02052929   1.69790609 136.67272934  57.537400373327 57.419243530441 0.118156842886 
  0.96553896   1.74321603 113.90767196  57.596962244861 57.615300407998 -0.018338163137 
  0.96446195   1.71357652 143.10698439  57.599195261006 57.420451586362 0.178743674643 
  0.96446195   1.68888476 163.00000000  57.632201191085 58.125869843104 -0.493668652019 
  0.90000292   1.80010502 103.00000000  57.675371417306 57.661434534149 0.013936883157 
  0.96446195   1.68888476 163.11557789  57.748042881918 58.238696450675 -0.490653568757 
  0.89715604   1.81936767  94.87605261  57.775458626231 57.817488183730 -0.042029557499 
  0.96325634   1.79520044  86.87346532  57.843817548135 57.879259386442 -0.035441838307 
  1.01559335   1.75181774  94.26976962  57.928343783744 57.988008482649 -0.059664698905 
  1.07157079   1.68888476 129.36888079  57.999147925231 58.017737360308 -0.018589435076 
  0.92621603   1.78202779 103.00000000  58.009244056950 57.997097774309 0.012146282640 
  0.87830273   1.80107747 114.46995367  58.197632028452 58.209902447452 -0.012270419000 
  0.97870996   1.71393930 137.61898864  58.260632154506 58.088165249733 0.172466904774 
  1.05583113   1.68888476 135.40226341  58.362729224355 58.277067091175 0.085662133179 
  0.96446195   1.68888476 163.81909548  58.448812450330 58.917531966348 -0.468719516018 
  1.18151395   1.67921639 112.08417052  58.490408411330 58.464538801954 0.025869609375 
  0.84997923   1.84865473 103.00000000  58.648769048385 58.633277873948 0.015491174437 
  0.96446195   1.84638004  73.39419085  58.657759947531 58.618114948797 0.039644998734 
  0.92468287   1.75484131 125.35505808  58.680570890130 58.687489592409 -0.006918702279 
  1.17594994   1.68888476 104.86069578  58.682375188913 58.667158421943 0.015216766971 
  0.85190537   1.84657906 103.00000000  58.697259221251 58.681729129771 0.015530091480 
  1.32209806   1.66793391 103.00000000  58.813165446409 58.821850279725 -0.008684833317 
  0.96446195   1.81896323  79.86234232  58.821265855757 58.776230141186 0.045035714571 
  1.09469203   1.68888476 123.08464467  58.888840840602 58.955382922686 -0.066542082085 
  1.15207415   1.67092273 129.41957056  58.926542461231 58.919103285793 0.007439175438 
  0.97611193   1.82369116  76.95897839  58.972748232358 58.916373399812 0.056374832546 
  1.35031298   1.66463315 103.00000000  59.017645629589 59.030982921395 -0.013337291807 
  1.26459648   1.71190445  83.10350177  59.041857026667 58.959462456120 0.082394570546 
  1.29287525   1.67209761 103.00000000  59.054311501128 59.057279538511 -0.002968037384 
  1.14389702   1.68888476 110.99925152  59.140874641318 59.110684414486 0.030190226832 
  0.96446195   1.68888476 164.52261307  59.140905036358 59.581626199850 -0.440721163492 
  1.19578899   1.68153495 108.21093779  59.224497534684 59.194502926466 0.029994608218 
  1.00035132   1.74429044 103.00000000  59.225122800362 59.215326414839 0.009796385523 
  1.01014605   1.70743516 132.57183988  59.264251956447 59.210063022934 0.054188933513 
  1.05607222   1.70195724 121.22204494  59.289325465255 59.360650707272 -0.071325242017 
  1.27090985   1.66110103 116.47177487  59.346975333021 59.338871925963 0.008103407058 
  0.86310978   1.83872052 101.59510212  59.405617285400 59.394589116688 0.011028168711 
  1.05236135   1.75814232  86.17100846  59.448023125366 59.469329268743 -0.021306143377 
  1.28429277   1.65777694 118.35656363  59.471617438776 59.480015872297 -0.008398433521 
  1.19346734   1.68888476 103.00000000  59.579838195528 59.582060085417 -0.002221889888 
  0.94794212   1.74084787 127.22533603  59.628446693754 59.631611674095 -0.003164980340 
  1.12156044   1.68888476 116.59925374  59.653421787945 59.670364642320 -0.016942854375 
  0.90210203   1.79623917 106.24084296  59.687535957386 59.667127274491 0.020408682895 
  1.26953612   1.68888476  94.51502145  59.702683486583 59.733205265169 -0.030521778586 
  0.96446195   1.78923205  89.86502010  59.716390191134 59.773476996007 -0.057086804874 
  1.21764227   1.68464960 103.00000000  59.786670821974 59.774391798224 0.012279023750 
  0.96446195   1.68888476 165.22613065  59.822609944960 60.229439615995 -0.406829671035 
  1.02233682   1.75266599  93.73291654  59.827045729256 59.887414363583 -0.060368634327 
  0.96446195   1.75323847 108.99452610  59.851002981290 59.831922867025 0.019080114264 
  1.34448452   1.67139172  99.29558552  59.928347539342 59.968766294003 -0.040418754661 
  1.12230376   1.68888476 116.82021688  59.996589544917 60.015831570472 -0.019242025555 
  1.11474522   1.68888476 118.82151225  60.029940074313 60.069951338086 -0.040011263773 
  0.96446195   1.79214483  88.95135022  60.066684583617 60.118640488660 -0.051955905043 
  1.09602483   1.68888476 124.72654005  60.378147054511 60.440679304889 -0.062532250378 
  0.96446195   1.80978098  83.17398869  60.384130620027 60.375974206318 0.008156413708 
  0.96446195   1.68888476 165.92964824  60.491891586193 60.859438095991 -0.367546509798 
  1.10368456   1.72467745  94.32207671  60.496719139301 60.550572003821 -0.053852864521 
  0.99317752   1.75027150 102.35189200  60.536174390796 60.530783440849 0.005390949947 
  0.86689550   1.83986736 100.22374524  60.556494438941 60.552606257028 0.003888181912 
  1.24206753   1.68888476  97.84864592  60.675963092981 60.704156329638 -0.028193236657 
  0.92038147   1.76006740 125.98635155  60.733118036664 60.720861514588 0.012256522076 
  0.91190468   1.78792377 108.01537259  60.752440513334 60.734801006930 0.017639506403 
  1.09888987   1.68888476 124.36842253  60.758388249615 60.821601319481 -0.063213069867 
  1.19063719   1.69928395  97.28785680  60.849292104278 60.872588703509 -0.023296599231 
  1.20100503   1.68888476 103.00000000  60.884464749408 60.887880073655 -0.003415324247 
  1.00700169   1.76763923  90.61341241  60.905114444064 60.963916589116 -0.058802145053 
  0.93085645   1.80266383  93.55516698  60.908285310445 60.963052847482 -0.054767537038 
  0.96446195   1.74102432 120.40597994  60.912766607198 60.981360317719 -0.068593710521 
  0.96446195   1.76388476 103.00000000  60.959555526821 60.948615502589 0.010940024232 
  1.08697920   1.68888476 128.49620523  60.968248282847 60.995426232273 -0.027177949426 
  1.13757876   1.68888476 114.32876971  60.993821855835 60.986798499464 0.007023356370 
  0.95172712   1.75247089 116.23713540  61.024987552548 61.066118990276 -0.041131437728 
  1.15440545   1.72224561  89.28196198  61.032903807311 61.036550178808 -0.003646371498 
  1.34589068   1.68888476  89.56888590  61.143727974380 61.118317798040 0.025410176340 
  0.96446195   1.68888476 166.63316583  61.147047631395 61.470099983798 -0.323052352403 
  1.20445158   1.68888476 102.75297270  61.164754217280 61.170866880421 -0.006112663142 
  1.17407682   1.68888476 107.64989790  61.481493554147 61.451238263128 0.030255291019 
  0.99016657   1.71138792 139.80046192  61.540526546676 61.368425077053 0.172101469623 
  1.21623438   1.68240570 106.54687316  61.643512041064 61.622912436856 0.020599604208 
  0.96446195   1.68888476 167.33668342  61.786200738421 62.059923220527 -0.273722482106 
  0.96446195   1.76507538 103.00000000  61.791980113518 61.780752579582 0.011227533936 
  0.96446195   1.78523364  92.78052716  61.815177858211 61.875437753422 -0.060259895212 
  0.97431521   1.78509052  90.61609274  61.853506004303 61.912619766110 -0.059113761806 
  0.96446195   1.74219430 120.62012036  61.908680483499 61.977202336187 -0.068521852688 
  1.08034315   1.70654110 112.58384150  61.950620104471 61.936861710697 0.013758393775 
  0.96190142   1.84247461  75.79048318  61.963981070629 61.906059274156 0.057921796473 
  1.25572477   1.68068056 103.00000000  61.987679476471 61.983174074961 0.004505401510 
  1.07280415   1.68888476 134.98661102  62.091333637651 62.010631476053 0.080702161598 
  1.26457032   1.67945284 103.00000000  62.120961462424 62.118238344026 0.002723118398 
  1.19061695   1.68888476 105.57035833  62.143199396254 62.124899066618 0.018300329636 
  1.12116499   1.71968154  95.53362679  62.160808219360 62.210527316402 -0.049719097043 
  1.20854271   1.68888476 103.00000000  62.178521516780 62.164502129689 0.014019387091 
  0.96446195   1.77089985 100.00156094  62.208245192709 62.220378086084 -0.012132893375 
  1.11298098   1.70186857 109.18904172  62.242370289798 62.209016056829 0.033354232968 
  1.30179044   1.68888476  93.41824875  62.319000271360 62.344979265649 -0.025978994289 
  1.17578122   1.68888476 108.16241459  62.342156796523 62.310803017811 0.031353778712 
  0.96446195   1.76156673 105.71574683  62.365469232078 62.342581651605 0.022887580473 
  1.06241630   1.74421703  92.16870131  62.370396325710 62.428562107440 -0.058165781730 
  1.02826379   1.73705279 103.00000000  62.394473439428 62.384308165581 0.010165273848 
  0.96446195   1.68888476 168.04020101  62.407075130890 62.627432388542 -0.220357257652 
  1.15621431   1.68888476 112.00045894  62.525721442002 62.500761430485 0.024960011516 
  1.26452488   1.70590914  87.64418067  62.666888352716 62.628209585937 0.038678766779 
  1.22899489   1.70440646  91.44226586  62.699417792384 62.709690773419 -0.010272981035 
  1.11573811   1.70980930 103.00000000  62.737108248337 62.730185280044 0.006922968293 
  1.28804454   1.68888476  94.87090038  62.813481574067 62.847923563542 -0.034441989475 
  1.12495839   1.68888476 119.66684980  62.845933225344 62.891457178605 -0.045523953260 
  1.17051702   1.68888476 109.61406540  62.880810681479 62.848241940323 0.032568741157 
  0.96446195   1.68888476 168.74371859  63.007761397028 63.171185674190 -0.163424277162 
  1.21390509   1.67825535 111.98700363  63.026562553401 63.002306459239 0.024256094162 
  1.37307429   1.68888476  88.94113590  63.034338484864 62.988076211652 0.046262273212 
  1.24118955   1.71633550  84.91698674  63.051931933769 62.985729516548 0.066202417222 
  1.10745522   1.67329162 145.38325104  63.062596785720 63.274946725768 -0.212349940049 
  1.09898613   1.68888476 127.66461128  63.066467809105 63.101161818511 -0.034694009405 
  1.15900629   1.68888476 112.03482246  63.092244152514 63.067587147874 0.024657004640 
  1.06456286   1.69189689 135.78012746  63.217037748440 63.124938795763 0.092098952677 
  1.09002047   1.68888476 130.91368382  63.266813331575 63.251386972850 0.015426358725 
  0.90039382   1.80962507 102.82022170  63.357201275991 63.343603064126 0.013598211864 
  1.21608040   1.68888476 103.00000000  63.425416031594 63.412831054942 0.012584976652 
  1.20241703   1.68888476 104.97663275  63.495883360723 63.483428467058 0.012454893666 
  1.29890613   1.68888476  94.43393424  63.567395281578 63.600540045439 -0.033144763861 
  0.96446195   1.68888476 169.44723618  63.585941175781 63.689781746740 -0.103840570959 
  1.07641583   1.68888476 136.10069806  63.655118127939 63.561750709789 0.093367418151 
  1.07854593   1.70224887 119.36727279  63.701167360974 63.755568785211 -0.054401424237 
  1.13695796   1.68888476 117.70661611  63.738515102894 63.765351474553 -0.026836371659 
  0.93307661   1.77153855 113.12179191  63.932757920240 63.945948172854 -0.013190252614 
  0.96446195   1.84292580  76.07738558  63.951787220496 63.895465042773 0.056322177723 
  1.47055839   1.66373178  98.18064899  64.030348585431 64.061389503656 -0.031040918225 
  1.14018532   1.68888476 117.38406251  64.120655253999 64.144061590687 -0.023406336688 
  0.96446195   1.68888476 170.15075377  64.139705022462 64.181866400385 -0.042161377922 
  1.23718921   1.68888476 100.93853401  64.162060493738 64.171111552671 -0.009051058933 
  0.96446195   1.77523909  99.20799784  64.171285627192 64.189659537413 -0.018373910222 
  1.43242390   1.66177396 102.27064155  64.199481537991 64.226510015282 -0.027028477291 
  0.87549386   1.82109284 109.87611023  64.280395622736 64.273048517730 0.007347105006 
  0.96446195   1.76097255 108.01690591  64.328857599699 64.306848731746 0.022008867954 
  0.93563295   1.78088553 105.89319454  64.334609759935 64.312719330363 0.021890429572 
  1.09724789   1.70707638 110.43418864  64.367903910690 64.339335908632 0.028568002058 
  1.08467740   1.68888476 134.40876646  64.380572846985 64.306036650064 0.074536196921 
  0.96446195   1.76888476 103.00000000  64.429097944852 64.417270962081 0.011826982772 
  1.22361809   1.68888476 103.00000000  64.644889374482 64.633742179898 0.011147194584 
  1.29075279   1.67829701 103.00000000  64.666287501786 64.669043733541 -0.002756231754 
  1.05056717   1.69573160 138.35346625  64.747126128957 64.635400340665 0.111725788292 
  1.43424420   1.65075931 112.18009177  64.752552046739 64.713656724684 0.038895322055 
  1.22624283   1.68888476 102.76532117  64.773666722554 64.765061443715 0.008605278839 
  1.04815070   1.72273064 110.40257600  64.803988903619 64.780922459846 0.023066443773 
  1.03947726   1.72850406 108.28269166  64.838805644293 64.809455995204 0.029349649089 
  1.07030822   1.72549119 103.00000000  64.881460592354 64.871915210444 0.009545381911 
  0.99231356   1.72590263 128.20808318  64.882263138672 64.899160590206 -0.016897451534 
  0.96446195   1.82878018  79.90477287  64.942756096229 64.899974309246 0.042781786983 
  1.17708510   1.68888476 110.49106383  64.958598218749 64.928123070875 0.030475147874 
  1.13151873   1.68572759 124.57694380  64.991921359906 65.045429812721 -0.053508452815 
  0.96446195   1.76228692 107.78603218  65.009808283710 64.987280039860 0.022528243850 
  1.18839131   1.68888476 108.55417222  65.012806480619 64.982016800693 0.030789679927 
  0.96446195   1.76553577 105.61458057  65.013530560362 64.990778640885 0.022751919477 
  0.89864259   1.83330129  93.86374400  65.036420849625 65.079973353628 -0.043552504003 
  1.09267797   1.68888476 132.81949476  65.094234844913 65.043140959004 0.051093885909 
  1.03669236   1.69022642 149.27196942  65.099738256991 65.436428225097 -0.336689968106 
  0.96446195   1.68888476 171.55778894  65.165080232269 65.081359109748 0.083721122521 
  1.07526710   1.68888476 138.74848410  65.165771228410 65.069612290365 0.096158938045 
  0.95551938   1.77497920 103.00000000  65.195316194920 65.183133739026 0.012182455895 
  1.31621898   1.68888476  94.13376402  65.299540647775 65.331590313516 -0.032049665741 
  1.00104124   1.76191771  97.53579963  65.443203858602 65.478777049448 -0.035573190846 
  1.39572381   1.68888476  88.97217623  65.454044211245 65.392663403887 0.061380807358 
  0.96446195   1.76883576 103.94411146  65.462769032518 65.445638527633 0.017130504884 
  0.96446195   1.77656005  99.54433475  65.495479330260 65.510215256928 -0.014735926667 
  0.96446195   1.75796138 111.56029010  65.596216214832 65.594219040949 0.001997173883 
  0.96446195   1.74355162 124.44902117  65.611988669520 65.662433988984 -0.050445319465 
  0.96446195   1.68888476 172.26130653  65.632669904877 65.486351739662 0.146318165215 
  1.14694018   1.68888476 117.63321704  65.647749072115 65.673097504349 -0.025348432233 
  0.97251102   1.75173830 113.33624291  65.710285389006 65.723443035196 -0.013157646189 
  1.46445606   1.69894917  81.09208657  65.776000554568 65.613467678693 0.162532875875 
  1.23115578   1.68888476 103.00000000  65.837760447015 65.828088949685 0.009671497330 
  0.96290568   1.77389193 101.87772410  65.958945574868 65.954301109470 0.004644465398 
  0.93994990   1.76751394 115.42814738  65.960035215950 65.992870579270 -0.032835363319 
  0.96446195   1.68888476 172.96482412  66.067288927952 65.860013766742 0.207275161210 
  1.19385137   1.69238076 105.76006323  66.076317166324 66.057306651910 0.019010514414 
  0.96446195   1.68888476 173.00000000  66.088034682267 65.877855690471 0.210178991795 
  0.96446195   1.77135678 103.00000000  66.119508387488 66.107252196318 0.012256191170 
  0.96293143   1.74049482 129.12974374  66.120943224865 66.093106067154 0.027837157711 
  0.88925459   1.82358806 103.00000000  66.173987966093 66.159031466238 0.014956499855 
  1.12239768   1.68888476 125.01500660  66.199012510115 66.252290356421 -0.053277846307 
  1.18891749   1.68888476 109.75921092  66.335934671642 66.305021427598 0.030913244045 
  1.20313948   1.69452971 103.00000000  66.351162317857 66.354859596428 -0.003697278572 
  0.93438637   1.78625522 105.04110474  66.390279484043 66.369586958195 0.020692525848 
  0.96446195   1.68888476 173.66834171  66.466917680540 66.201318933663 0.265598746877 
  1.20355814   1.68888476 107.46920015  66.473121780753 66.446745127727 0.026376653026 
  1.01540801   1.74594579 104.05679756  66.489614816757 66.471465847927 0.018148968831 
  0.96446195   1.78666594  95.31063712  66.553821614358 66.601555841441 -0.047734227083 
  0.96446195   1.72543836 143.73525028  66.599249633222 66.442371380839 0.156878252383 
  1.22856621   1.68888476 103.97135618  66.606230583660 66.587881531298 0.018349052363 
  1.14049940   1.68888476 120.62437941  66.697888068127 66.747663462335 -0.049775394208 
  0.96446195   1.68888476 174.37185930  66.830205348931 66.509322915272 0.320882433659 
  1.23869347   1.68888476 103.00000000  67.004767496026 66.996701946896 0.008065549130 
  1.19934000   1.71603449  90.92878825  67.027089927589 67.037068657310 -0.009978729721 
  0.96446195   1.68888476 175.07537688  67.154910985169 66.783167921840 0.371743063330 
  0.96446195   1.84448543  77.02923818  67.289937151410 67.234605888296 0.055331263114 
  1.16356056   1.69149322 113.18464742  67.329993699761 67.313995998563 0.015997701198 
  0.90205607   1.82513485  97.89108666  67.378018680778 67.395500376346 -0.017481695568 
  0.96446195   1.68888476 175.77889447  67.439867431924 67.022086906590 0.417780525334 
  0.90154427   1.81542520 103.00000000  67.451320463373 67.436575550230 0.014744913144 
  1.09736276   1.68888476 135.06673116  67.538282792812 67.452485822546 0.085796970266 
  0.82089829   1.90845701 103.00000000  67.544704910350 67.537506413804 0.007198496546 
  1.31526220   1.67806437 103.00000000  67.632950883282 67.640676939094 -0.007726055811 
  1.07665846   1.69696192 131.93428716  67.656751307521 67.620782353124 0.035968954397 
  1.20866526   1.71527987  90.74308488  67.659300549305 67.666295886931 -0.006995337626 
  0.82007206   1.91878202  99.23324547  67.660091759753 67.654405207637 0.005686552117 
  0.96446195   1.83293029  80.00919185  67.664911084757 67.623888080399 0.041023004358 
  0.95831321   1.80272992  90.76918397  67.675978554144 67.732128813984 -0.056150259840 
  0.86078179   1.85634881 102.20088067  67.678519662200 67.665899691990 0.012619970210 
  1.08124455   1.68888476 140.54910665  67.680503855561 67.617036029675 0.063467825886 
  0.96446195   1.68888476 176.48241206  67.683511753246 67.225407297294 0.458104455952 
  1.24899587   1.68793827 103.00000000  67.698278443469 67.692385157563 0.005893285906 
  0.96446195   1.77379548 102.94780774  67.711736961712 67.699517525836 0.012219435876 
  0.95373825   1.77986304 103.00000000  67.757914372327 67.745015537221 0.012898835106 
  0.96446195   1.77388476 103.00000000  67.831260458075 67.818619863490 0.012640594585 
  1.27549064   1.66617007 120.38473206  67.832323200349 67.858733047662 -0.026409847312 
  1.11325493   1.68888476 130.35272251  67.839475764587 67.825417136539 0.014058628048 
  0.96446195   1.68888476 177.18592965  67.884310403049 67.392554309258 0.491756093792 
  1.07889324   1.73009076 100.75539050  67.971341684828 67.981369928195 -0.010028243367 
  0.95009571   1.81626022  87.91804375  68.032117643954 68.073601050505 -0.041483406551 
  0.95778928   1.78497660  99.11308500  68.036046174086 68.052691150011 -0.016644975926 
  0.96446195   1.68888476 177.88944724  68.041731181675 67.523053761981 0.518677419694 
  0.87684058   1.83875920 103.00000000  68.110053978053 68.095036200272 0.015017777781 
  1.24623116   1.68888476 103.00000000  68.146892964600 68.140389590662 0.006503373938 
  0.96446195   1.68888476 178.59296482  68.154895940381 67.616534407354 0.538361533027 
  0.96446195   1.68888476 179.29648241  68.222819180992 67.672729759420 0.550089421572 
  0.96446195   1.68888476 180.00000000  68.245585618526 67.691479397114 0.554106221412 
  1.08277643   1.71308150 112.89477944  68.249319160805 68.239912693665 0.009406467140 
  1.01389841   1.78965518  85.09118788  68.293185259892 68.306162596788 -0.012977336895 
  1.23807889   1.68888476 104.20293495  68.357831531306 68.339405290913 0.018426240393 
  0.86047251   1.84419093 110.17083943  68.463891296899 68.459190137783 0.004701159116 
  0.96446195   1.83630752  79.50048753  68.487723351820 68.443011992283 0.044711359537 
  0.92749029   1.80059714 101.43409290  68.516713521574 68.511787994067 0.004925527508 
  1.16306489   1.70532262 103.00000000  68.627944908469 68.625499914583 0.002444993885 
  1.22036426   1.68888476 106.94861218  68.671565125729 68.649630887854 0.021934237875 
  0.96446195   1.72818070 144.01835342  68.718392512670 68.572087940769 0.146304571902 
  1.06921171   1.68888476 145.91467517  68.824122563714 69.011900657579 -0.187778093865 
  0.96446195   1.83942172  78.89188083  68.886025307813 68.837522404795 0.048502903018 
  1.12402639   1.70193065 113.64446388  68.931459142750 68.922948044557 0.008511098193 
  0.92999546   1.77354161 119.65552200  68.958070178924 69.004576017416 -0.046505838492 
  0.97538408   1.86112877  72.63984773  68.977237418989 68.962121489881 0.015115929107 
  1.07757265   1.68888476 143.65326422  69.011192704158 69.068232778815 -0.057040074657 
  1.14332888   1.71302465 101.14239745  69.012651161396 69.024158933713 -0.011507772317 
  1.02067603   1.74889756 103.00000000  69.077759475203 69.065993343499 0.011766131705 
  1.14294650   1.68495160 128.47006464  69.089856680072 69.098448860191 -0.008592180120 
  1.02958526   1.73490583 110.52144478  69.160090301641 69.141414846935 0.018675454706 
  1.22501083   1.68888476 106.70943180  69.169147084882 69.131247901351 0.037899183531 
  1.25376884   1.68888476 103.00000000  69.264808785309 69.259937331020 0.004871454289 
  0.92257576   1.85591869  82.72032449  69.496065139570 69.475219003676 0.020846135894 
  1.51929600   1.65787686 103.00000000  69.591291983928 69.610554631359 -0.019262647431 
  0.83302600   1.90365979  99.03026098  69.613917698716 69.610328150001 0.003589548715 
  1.36187619   1.67426869 103.00000000  69.633288674890 69.648539429497 -0.015250754608 
  1.36833496   1.68888476  93.06005660  69.639317362198 69.655356378504 -0.016039016306 
  1.03122745   1.72322800 121.36385866  69.686544631924 69.761272388714 -0.074727756789 
  1.54436442   1.65582077 103.00000000  69.807629163573 69.826200548658 -0.018571385084 
  1.22972459   1.68888476 106.76582552  69.971184405309 69.933834662226 0.037349743083 
  0.78679170   1.98862165 103.00000000  70.100553318727 70.103286153516 -0.002732834788 
  0.98490766   1.78076494  95.41803993  70.146860337893 70.193964633299 -0.047104295407 
  1.00572056   1.72583873 130.09393186  70.215866374179 70.196160325164 0.019706049016 
  1.12082166   1.68888476 131.73004177  70.227220306246 70.185000733458 0.042219572788 
  1.10611178   1.71951482 104.31354764  70.234744724170 70.216367037977 0.018377686193 
  1.12579858   1.68888476 130.17016458  70.236570015702 70.220829537537 0.015740478165 
  1.21755861   1.68888476 108.93698567  70.309195164580 70.281129640123 0.028065524458 
  0.97268103   1.76137810 110.89826208  70.318913321466 70.311623103612 0.007290217853 
  0.96446195   1.77763819 103.00000000  70.341602108871 70.328425597482 0.013176511389 
  1.26130653   1.68888476 103.00000000  70.359416063944 70.356114188140 0.003301875804 
  0.89673879   1.82481889 103.00000000  70.466033527755 70.451060670847 0.014972856908 
  1.04724182   1.72810741 112.23596691  70.502332988584 70.493920691953 0.008412296631 
  1.07536080   1.73030936 103.48471172  70.586129541258 70.572141219810 0.013988321448 
  0.77910691   2.01406734 103.00000000  70.676780591864 70.676027486088 0.000753105777 
  1.12815018   1.69168014 126.41562240  70.679446401020 70.718246151599 -0.038799750579 
  1.02043844   1.75121647 103.00000000  70.713182518819 70.700970157872 0.012212360947 
  1.47499857   1.66458544 102.02094754  70.738672906529 70.766449479468 -0.027776572938 
  1.25333876   1.69060467 103.00000000  70.758225691101 70.753248087043 0.004977604058 
  1.26446195   1.68888476 103.00000000  70.810887892432 70.808233861668 0.002654030764 
  1.08797414   1.71967238 108.68066418  70.833598436358 70.802082089851 0.031516346507 
  1.20909114   1.68888476 110.97941963  70.943518565455 70.917075573438 0.026442992017 
  1.16062320   1.68888476 121.27069458  70.978139569866 71.028338054423 -0.050198484557 
  1.15521930   1.68888476 122.73178436  71.007116167311 71.060527755089 -0.053411587777 
  0.87127523   1.83790434 110.06466500  71.009808866496 71.004615333588 0.005193532908 
  0.97689052   1.87338513  70.89199848  71.088331862877 71.109406921885 -0.021075059008 
  0.96885718   1.76780974 108.74184333  71.319672818026 71.300278576864 0.019394241163 
  1.05788224   1.73438216 105.33071884  71.332862910014 71.307483162469 0.025379747546 
  1.18984317   1.70849167  99.28153787  71.553013902590 71.565763335699 -0.012749433108 
  1.01824842   1.75973830  99.19292266  71.558561490521 71.578246443061 -0.019684952540 
  1.13933314   1.69153660 124.66782327  71.594190059095 71.644643468959 -0.050453409864 
  1.18059827   1.68888476 117.41735950  71.677104714396 71.699269810190 -0.022165095794 
  0.83637350   1.89492156 103.00000000  71.723699409940 71.714056325315 0.009643084625 
  0.96446195   1.81285784  88.13460090  71.876002858709 71.917955236948 -0.041952378239 
  0.98625758   1.75296124 114.04637101  71.916185479877 71.935923969797 -0.019738489921 
  0.98786687   1.74052307 125.18020270  71.933167138846 71.983383543404 -0.050216404557 
  0.96446195   1.82994654  82.80594542  71.996841464643 71.985036275010 0.011805189633 
  1.29508116   1.68888476 100.64422256  72.021304686918 72.045494136352 -0.024189449434 
  0.95969103   1.78293190 103.00000000  72.036303405726 72.022570947629 0.013732458097 
  0.92043884   1.80116755 107.51564374  72.104832855035 72.086263442193 0.018569412842 
  0.83099766   1.90404126 103.00000000  72.134679417009 72.126623895088 0.008055521922 
  0.96446195   1.75097014 126.69696377  72.166907702365 72.178557926430 -0.011650224065 
  1.14554771   1.71055205 105.26061030  72.289682399401 72.268329423214 0.021352976188 
  1.17498739   1.68888476 119.80111627  72.497346597687 72.539042684541 -0.041696086854 
  0.96446195   1.78135198 102.74494164  72.503839756970 72.491562432911 0.012277324059 
  1.20727928   1.68888476 113.04560374  72.547727039750 72.531966214795 0.015760824955 
  0.91602505   1.81284541 103.00000000  72.551930299451 72.537001221659 0.014929077791 
  0.91029022   1.80647952 109.56413182  72.557818722711 72.548307274037 0.009511448675 
  1.40351082   1.68888476  92.66382843  72.665367017955 72.661175448455 0.004191569500 
  1.05385108   1.71665958 124.17881079  72.685153510094 72.753859610083 -0.068706099989 
  0.93211956   1.84589655  85.11135941  72.780911636703 72.792521623222 -0.011609986519 
  1.10645310   1.69282971 135.22896112  72.789571537374 72.697961639546 0.091609897828 
  1.46185906   1.69492173  86.61087262  72.790716942578 72.583720288676 0.206996653902 
  1.25811144   1.68303576 110.59390802  72.848933834037 72.808351890902 0.040581943135 
  1.15528425   1.71011579 104.41048749  72.879969700531 72.865129497797 0.014840202733 
  0.89972453   1.82666589 103.00000000  72.893125356946 72.878026479497 0.015098877449 
  1.40370846   1.67293627 103.00000000  72.928547902480 72.948102871513 -0.019554969033 
  1.02175520   1.75372302 103.00000000  72.941136418882 72.928488822209 0.012647596672 
  1.12541541   1.70387862 116.15951927  72.996335514352 73.013497359225 -0.017161844873 
  1.21735740   1.69306973 107.95998103  72.999700659679 72.973831365566 0.025869294112 
  1.25857837   1.68888476 105.59793732  73.009360368276 72.984049849702 0.025310518574 
  1.18276080   1.68888476 118.70294410  73.039502204840 73.072931193226 -0.033428988386 
  1.04598095   1.73762262 107.89228611  73.291776376373 73.262346927284 0.029429449088 
  0.96446195   1.75458264 124.76749725  73.314361573943 73.352508466612 -0.038146892669 
  1.25123901   1.68888476 106.94979881  73.425998337068 73.391174931347 0.034823405722 
  1.18026992   1.72588178  91.86271946  73.444860933170 73.464718576832 -0.019857643661 
  1.20672951   1.68888476 114.24704796  73.504196769969 73.497643422538 0.006553347431 
  1.28391960   1.68888476 103.00000000  73.510216144969 73.511770267875 -0.001554122906 
  1.20524222   1.68888476 114.79060712  73.720604741160 73.718692060086 0.001912681074 
  0.96775296   1.87283496  73.08168677  73.820426093873 73.799603889277 0.020822204596 
  1.19471953   1.68888476 117.19126835  73.917960711828 73.938091895373 -0.020131183545 
  1.40324561   1.68888476  93.44558567  73.925589683076 73.933953346254 -0.008363663178 
  1.28222941   1.68888476 103.53516181  73.927147121180 73.923445810634 0.003701310545 
  1.44757330   1.65715900 114.12296648  74.104507543540 74.071645112359 0.032862431180 
  1.02799607   1.70813411 145.81736759  74.128810525188 74.201441248336 -0.072630723148 
  0.96488777   1.79476285  96.91768139  74.185357431950 74.217630214076 -0.032272782126 
  1.26560411   1.68888476 105.84260583  74.285631093360 74.259829511093 0.025801582267 
  1.12035697   1.68888476 138.55360317  74.303162545071 74.217493876215 0.085668668856 
  1.16196380   1.68888476 125.89395847  74.322634764892 74.358398589775 -0.035763824882 
  1.19656585   1.68888476 117.45753528  74.433145346604 74.455799280879 -0.022653934275 
  1.06897018   1.73809517 103.00000000  74.454870284808 74.443600038518 0.011270246290 
  0.96446195   1.78391960 103.00000000  74.460714455399 74.446503683587 0.014210771812 
  1.29145729   1.68888476 103.00000000  74.518645007087 74.521721008285 -0.003076001198 
  1.12565173   1.68888476 137.60331481  74.727047908706 74.630979009660 0.096068899045 
  1.10142073   1.73009324 101.85872133  74.773669882750 74.773961040090 -0.000291157340 
  0.95104189   1.79244798 103.00000000  74.799525019749 74.784872105947 0.014652913802 
  0.95631259   1.78826874 103.57291419  74.813950299620 74.796661699109 0.017288600511 
  1.46885765   1.66815306 103.00000000  74.850089590054 74.871042517753 -0.020952927698 
  0.97619240   1.76772715 109.81068395  74.876877696166 74.862582306778 0.014295389388 
  1.13290516   1.68888476 135.61566350  74.894426455648 74.795745759375 0.098680696273 
  0.90846194   1.82312899 103.00000000  74.986033829671 74.970791006224 0.015242823447 
  1.29549929   1.68689003 104.46960278  74.994587950154 74.985117883127 0.009470067027 
  1.22284478   1.70066965 103.00000000  75.026262332009 75.014978182944 0.011284149065 
  0.96446195   1.84520140  80.13156785  75.064194620481 75.026904943730 0.037289676752 
  1.06054288   1.72092752 120.69870432  75.263465340544 75.331125856871 -0.067660516328 
  1.01102704   1.73251539 128.00465074  75.265273675464 75.281228342506 -0.015954667041 
  0.87524337   1.85475531 103.00000000  75.354731624644 75.340172252408 0.014559372236 
  1.22073069   1.68888476 113.85529393  75.412880112443 75.404125720813 0.008754391630 
  1.29899497   1.68888476 103.00000000  75.507238113787 75.511835167302 -0.004597053515 
  1.35427022   1.70007693  91.43240797  75.514889985017 75.504694656452 0.010195328565 
  1.11443449   1.68888476 142.55700511  75.660846306342 75.713883965485 -0.053037659142 
  1.24623001   1.69641829 103.68689115  75.714713899677 75.702288792047 0.012425107630 
  1.23504977   1.68888476 111.71984997  75.747983372705 75.709999784432 0.037983588273 
  1.07181987   1.73895990 103.00000000  75.847614737198 75.836292933059 0.011321804139 
  0.99993394   1.78797962  92.61229263  75.892349194266 75.947600238524 -0.055251044258 
  0.96446195   1.79638654  97.55789935  75.898378419282 75.924641256910 -0.026262837628 
  0.95560219   1.80810159  94.67328655  75.903613874780 75.947975955575 -0.044362080796 
  1.17849812   1.71754434  98.44986717  76.057798326521 76.074496653066 -0.016698326545 
  1.31360365   1.68748834 103.00000000  76.108420276280 76.115869963560 -0.007449687280 
  0.88827056   1.83942852 105.00469860  76.111696878950 76.093718483215 0.017978395735 
  0.96446195   1.79189008 100.04869604  76.166826368040 76.172619864889 -0.005793496849 
  1.06869397   1.74514461 100.08425369  76.199800537946 76.213197637256 -0.013397099310 
  1.27750170   1.71189200  91.33594356  76.206004155316 76.209826656688 -0.003822501372 
  0.98673454   1.80330545  89.44925079  76.228729818849 76.277320519239 -0.048590700389 
  1.30271325   1.70449290  93.28363049  76.284594655510 76.308888690909 -0.024294035399 
  0.89133669   1.84064458 103.00000000  76.322792486342 76.307575142455 0.015217343887 
  0.96446195   1.77609634 110.00136829  76.360195737787 76.348713925633 0.011481812154 
  1.18641159   1.68888476 122.64817019  76.450619842843 76.500556395830 -0.049936552988 
  0.97814851   1.77158694 108.01321032  76.459524854985 76.437129084752 0.022395770233 
  1.30653266   1.68888476 103.00000000  76.476668255786 76.482767741466 -0.006099485681 
  1.15804522   1.68888476 130.59806278  76.491134649845 76.455245824901 0.035888824944 
  1.36083098   1.66800529 115.66707431  76.506072018907 76.498652313292 0.007419705615 
  1.17427150   1.68888476 125.99180858  76.537598154424 76.569749353059 -0.032151198635 
  0.87081774   1.87946010  95.41278135  76.580023740520 76.600897953920 -0.020874213400 
  1.11608482   1.72649779 103.00000000  76.588752273106 76.580553231429 0.008199041677 
  1.18502034   1.68888476 123.25440441  76.617367722840 76.666412262125 -0.049044539285 
  0.98411672   1.77600186 103.41356831  76.744086515151 76.727462053264 0.016624461887 
  0.98207268   1.78531947  99.00679883  76.998109462773 77.013794828816 -0.015685366043 
  0.96446195   1.84546671  80.94312226  77.008218348157 76.978408673831 0.029809674326 
  1.24413182   1.68888476 111.63474370  77.031327659937 76.993784028094 0.037543631843 
  1.17051460   1.68888476 128.07286690  77.162429106127 77.167436057794 -0.005006951667 
  0.96446195   1.84016058  82.47211250  77.245313182033 77.230629796027 0.014683386006 
  0.93897335   1.81767287  96.36367701  77.315746791082 77.346274648004 -0.030527856921 
  0.95198128   1.78594896 109.34719026  77.367705053857 77.353985517196 0.013719536661 
  1.31407035   1.68888476 103.00000000  77.427576957452 77.435152496120 -0.007575538667 
  0.89590574   1.83858284 103.00000000  77.450849369612 77.435587214808 0.015262154804 
  1.25568040   1.69884529 102.22505469  77.478643600127 77.481124713725 -0.002481113598 
  1.29206393   1.68888476 105.50642116  77.522645229190 77.503913235176 0.018731994014 
  1.16188080   1.68888476 131.29342810  77.566703186421 77.516601490224 0.050101696197 
  1.23556215   1.67874600 126.40712482  77.611498775950 77.635112662925 -0.023613886975 
  0.99607065   1.75130856 118.71334548  77.613529548416 77.674869568094 -0.061340019678 
  0.96446195   1.77765698 110.28856276  77.622833956109 77.613535500415 0.009298455695 
  1.00466133   1.78322377  94.93669381  77.743406609265 77.790721496521 -0.047314887256 
  0.96446195   1.79767753  98.38383370  77.766299703413 77.784819910833 -0.018520207420 
  1.17752246   1.68888476 127.10124587  77.771252646769 77.788973573054 -0.017720926285 
  1.26627158   1.70633400  96.50464825  77.883186402974 77.920574361191 -0.037387958216 
  0.89473482   1.84569350 100.41136530  77.896540091351 77.892388909059 0.004151182292 
  0.90244962   1.82228027 109.76353388  77.939897874014 77.933010544292 0.006887329722 
  1.21745975   1.68888476 117.68008580  77.975614838189 78.001138662539 -0.025523824349 
  1.31788163   1.68269012 108.08218600  78.001748670660 77.970514864549 0.031233806111 
  0.96446195   1.85690574  78.58764502  78.058107094803 78.012748752342 0.045358342461 
  1.18375683   1.68888476 126.09160145  78.202643555702 78.232010197229 -0.029366641527 
  1.39191991   1.69383383  94.04276751  78.223009151418 78.242185140884 -0.019175989466 
  0.95362000   1.79925711 101.48082021  78.333689387018 78.327239581294 0.006449805724 
  1.08086211   1.74631306  98.67562973  78.346674709170 78.372880088842 -0.026205379672 
  1.20510428   1.69450102 114.50320383  78.359275535902 78.356635401832 0.002640134070 
  1.32160804   1.68888476 103.00000000  78.360612360299 78.369607657275 -0.008995296977 
  0.96446195   1.79020101 103.00000000  78.478765566768 78.463674559310 0.015091007458 
  1.17986171   1.68888476 127.87125109  78.625098653614 78.630866981714 -0.005768328100 
  0.80142083   1.97555309 105.94606834  78.631965352146 78.643949848797 -0.011984496651 
  0.92631684   1.81566267 103.00000000  78.639568278337 78.623811616243 0.015756662094 
  1.19286713   1.68888476 124.37839812  78.641417826206 78.684770723376 -0.043352897170 
  0.90972047   1.83434612 100.22536319  78.726153328680 78.724274636175 0.001878692505 
  1.19564023   1.68888476 123.80736150  78.731012751698 78.777257295746 -0.046244544049 
  0.92061303   1.80294779 114.44325118  78.897537428187 78.919339689810 -0.021802261622 
  0.96446195   1.81254528  92.58254790  78.928692039233 78.979447941272 -0.050755902039 
  1.30801081   1.68888476 104.93504469  78.938664022928 78.927273325468 0.011390697459 
  1.14933644   1.69255583 132.26391410  78.980203537245 78.914951405251 0.065252131994 
  1.20915250   1.68888476 120.96452947  79.023137747030 79.070058648905 -0.046920901875 
  1.31245342   1.69322764 101.38484528  79.111385976161 79.133314958793 -0.021928982633 
  0.95301278   1.77915316 116.36419403  79.166727785014 79.207267351394 -0.040539566381 
  1.22899751   1.72858164  89.06695442  79.190878798036 79.173320532716 0.017558265319 
  0.95271008   1.89391467  73.17036063  79.199498157355 79.167124469733 0.032373687622 
  1.07922770   1.74028753 103.43139918  79.220679799269 79.206023516115 0.014656283155 
  1.16042487   1.69014057 132.78879050  79.223187814940 79.146929336790 0.076258478149 
  1.32914573   1.68888476 103.00000000  79.276428320962 79.286734976266 -0.010306655304 
  1.04762733   1.72503358 126.99752300  79.283814974653 79.319322208361 -0.035507233708 
  1.06899918   1.74544837 102.42586669  79.363193338311 79.355460478664 0.007732859647 
  1.20043165   1.71640027  98.76020154  79.380890370467 79.399068586988 -0.018178216521 
  1.25910729   1.68888476 111.83794724  79.386134220866 79.351143181015 0.034991039850 
  1.08062804   1.69894510 146.25674435  79.471997019689 79.743846996579 -0.271849976889 
  0.96446195   1.79512913 101.15824046  79.512222600821 79.508324423277 0.003898177543 
  1.14621531   1.68888476 139.52698110  79.554501544939 79.496832158999 0.057669385940 
  0.96446195   1.82905814  87.00174516  79.575982846549 79.606755963927 -0.030773117378 
  0.96446195   1.77397734 115.62879986  79.600154261931 79.636475692105 -0.036321430175 
  1.24502184   1.68888476 114.65704994  79.784504795600 79.767835190855 0.016669604745 
  0.96446195   1.76506566 124.26591041  79.789484380981 79.825583860098 -0.036099479117 
  1.18044344   1.73757970  90.00907506  79.815257781233 79.820872038314 -0.005614257081 
  0.89672567   1.83498700 107.19047698  79.830867203578 79.815272710812 0.015594492766 
  0.96446195   1.80772559  95.45947712  80.129570665787 80.168102151812 -0.038531486024 
  1.33668342   1.68888476 103.00000000  80.175556935941 80.187120101053 -0.011563165112 
  1.20695272   1.68888476 123.32142037  80.230490377122 80.278104881594 -0.047614504472 
  0.95385730   1.83767997  86.89062536  80.265653312694 80.294784115749 -0.029130803056 
  0.96446195   1.77607592 114.76522495  80.281821034616 80.310720907521 -0.028899872905 
  0.93689309   1.81112819 103.00000000  80.438781394962 80.422790707077 0.015990687885 
  1.02520921   1.76779201 100.05887002  80.461301173731 80.470233880931 -0.008932707200 
  0.87502314   1.86577703 103.00000000  80.493793223701 80.479850154662 0.013943069038 
  1.30085042   1.68888476 107.34764212  80.658196039163 80.628723346455 0.029472692708 
  0.85975736   1.88432440 103.00000000  80.678227421100 80.666525068073 0.011702353027 
  1.24605549   1.68888476 115.61109050  80.705352065230 80.697467631838 0.007884433392 
  0.86991408   1.87159018 103.24983216  80.728890937160 80.715292291863 0.013598645297 
  1.30376103   1.68888476 107.06101086  80.729417897954 80.701919450488 0.027498447465 
  0.96446195   1.77721965 114.45121314  80.765666045612 80.792074748715 -0.026408703103 
  1.19734243   1.72327780  96.05129828  80.776638585638 80.806113179822 -0.029474594185 
  1.23585263   1.68888476 117.68864741  80.784805533109 80.811594041971 -0.026788508862 
  1.01124501   1.76185123 108.02668911  80.789334973819 80.763963979190 0.025370994629 
  1.24082614   1.71470111  96.17376934  80.835183293191 80.869568286519 -0.034384993328 
  1.05874232   1.74529434 106.32160303  80.872502066653 80.843820624943 0.028681441711 
  0.81526699   1.95762233 103.00000000  80.946921861821 80.948178065267 -0.001256203446 
  1.34422111   1.68888476 103.00000000  81.058572392591 81.071332928857 -0.012760536267 
  0.98666396   1.86527611  74.78394259  81.210043916170 81.181002095724 0.029041820446 
  1.05127149   1.73631771 116.37537654  81.262128774109 81.298138121446 -0.036009347337 
  1.31741462   1.69365695 102.34344067  81.303973259408 81.318354014877 -0.014380755469 
  1.03794885   1.78647572  89.35569101  81.371148719212 81.417505599514 -0.046356880302 
  0.96446195   1.77005331 121.85072882  81.412460809523 81.466110015534 -0.053649206011 
  0.98337607   1.75894357 122.93745507  81.485960821610 81.543438832859 -0.057478011249 
  0.96891078   1.80994539  94.36773884  81.607791053451 81.651766069712 -0.043975016261 
  1.04309505   1.73078444 126.02694766  81.706777996522 81.751828594562 -0.045050598040 
  1.11279033   1.69788408 141.35592907  81.829133064646 81.826909115862 0.002223948784 
  0.92086934   1.80132438 120.14948398  81.871519751054 81.900330560416 -0.028810809363 
  0.96446195   1.89766285  71.84703703  81.887127099366 81.893267407764 -0.006140308398 
  0.96446195   1.78993475 106.51376880  81.918996587588 81.895498039562 0.023498548027 
  0.99038572   1.76399559 115.50253574  81.970224017383 82.005461447164 -0.035237429782 
  1.14790573   1.70361187 122.70218250  82.001160780103 82.054999895052 -0.053839114949 
  1.41613850   1.67227733 110.66339861  82.022759968120 81.985926427814 0.036833540306 
  0.97358087   1.79057027 103.00000000  82.032306941379 82.016491562041 0.015815379338 
  0.96446195   1.86760330  77.89074191  82.185313654914 82.140277225190 0.045036429724 
  0.96446195   1.80112225 100.26871852  82.186816950820 82.188276133378 -0.001459182559 
  0.96446195   1.84116974  84.69665540  82.250814716386 82.259677972568 -0.008863256182 
  1.43883438   1.66935299 111.37044605  82.259641909404 82.220150102459 0.039491806946 
  1.29763920   1.68888476 109.43143092  82.346398141188 82.310366727575 0.036031413613 
  1.31464132   1.68888476 107.31079312  82.360848338016 82.333400231812 0.027448106204 
  0.96446195   1.79648241 103.00000000  82.398144308063 82.382071419887 0.016072888176 
  1.01306802   1.80429803  87.63664592  82.440657146301 82.476014324339 -0.035357178039 
  1.34094178   1.70723393  92.91501419  82.707137884641 82.720467729931 -0.013329845289 
  1.20228197   1.68888476 128.74629246  82.740759833930 82.727288630608 0.013471203322 
  0.96446195   1.77226157 121.78786325  82.753748630366 82.806576785751 -0.052828155385 
  1.35929648   1.68888476 103.00000000  82.778521524768 82.793443400561 -0.014921875793 
  1.12722288   1.69454008 142.97420859  82.818049097546 82.923878674674 -0.105829577128 
  0.96446195   1.77081793 123.32811751  82.819476975379 82.861574725775 -0.042097750396 
  1.34046852   1.67844874 114.54806269  82.834363823578 82.820235619238 0.014128204340 
  0.97238970   1.84524525  82.36127640  82.838924374817 82.824789404877 0.014134969940 
  1.10338395   1.75171081  95.15448142  82.923165640164 82.972675412380 -0.049509772216 
  0.99693287   1.73491572 143.56648779  82.941773810297 82.857773688335 0.084000121961 
  0.96446195   1.79666202 103.46617042  83.004931609124 82.986563890564 0.018367718561 
  1.19484992   1.68888476 131.32176679  83.008581963935 82.948248172310 0.060333791625 
  1.36352117   1.68888476 102.81440520  83.024709078658 83.042008103619 -0.017299024961 
  0.96446195   1.79253002 106.13553325  83.162182466098 83.138457799322 0.023724666776 
  1.04916679   1.77017513  95.65711813  83.214615333993 83.258890695486 -0.044275361494 
  1.31369524   1.68888476 108.26208065  83.220515020690 83.188626808692 0.031888211998 
  1.36446195   1.68888476 103.00000000  83.354293895023 83.369910676408 -0.015616781384 
  0.96446195   1.78339539 112.81368209  83.360546968808 83.372511452504 -0.011964483696 
  1.13575485   1.72242615 108.44398936  83.372524410759 83.342202361378 0.030322049381 
  1.29322280   1.68888476 111.20261015  83.441438190879 83.407160704501 0.034277486378 
  1.15432535   1.72281017 104.79951274  83.581405797810 83.563902456745 0.017503341065 
  1.07938209   1.70752399 143.04772753  83.617873327927 83.662970899577 -0.045097571650 
  1.30389179   1.69746648 103.00000000  83.753768736631 83.759377743242 -0.005609006611 
  0.97315550   1.79369393 103.00000000  83.837260568529 83.820945005489 0.016315563040 
  0.79809770   2.01120242 103.00000000  83.849527282440 83.852544723175 -0.003017440735 
  0.96446195   1.79888476 103.00000000  83.871347584573 83.855010282422 0.016337302150 
  0.96446195   1.82329105  91.68290257  83.953069384257 84.001593379355 -0.048523995098 
  1.32622663   1.69460302 103.00000000  84.008614795341 84.018454796390 -0.009840001049 
  1.34189195   1.67224991 124.05984558  84.009592019323 84.052811216230 -0.043219196906 
  0.92230448   1.82847971 103.00000000  84.060966367637 84.044518543879 0.016447823758 
  0.93554521   1.86759668  84.21085999  84.090423801081 84.090467329396 -0.000043528315 
  1.25271503   1.68888476 118.98844735  84.160964581788 84.199872813221 -0.038908231433 
  1.28817198   1.68253108 120.32322755  84.320540807643 84.354767652708 -0.034226845065 
  1.04230264   1.78462120  91.16787594  84.395418881209 84.447748679556 -0.052329798346 
  1.11913482   1.71959393 116.14950235  84.405374889346 84.427581288655 -0.022206399309 
  1.37437186   1.68888476 103.00000000  84.440556368329 84.457325171693 -0.016768803364 
  1.00042857   1.75759678 120.49552216  84.497246203558 84.563541803666 -0.066295600108 
  1.25019514   1.70225374 106.54728157  84.552741879495 84.520722121765 0.032019757730 
  1.17253039   1.69437858 132.43421139  84.572092501592 84.494490695112 0.077601806480 
  1.20045485   1.68337291 141.98304076  84.833443615109 84.923141327708 -0.089697712599 
  1.20776286   1.69714956 119.51213693  84.850392339715 84.891536884938 -0.041144545223 
  1.06022312   1.74667625 108.95880006  84.885367942712 84.859055195404 0.026312747308 
  1.22584748   1.68888476 126.67200186  85.121878666796 85.139852299345 -0.017973632549 
  1.38190955   1.68888476 103.00000000  85.251170035437 85.268696288714 -0.017526253277 
  0.85831121   1.89494752 104.20698617  85.344491089356 85.334286659517 0.010204429839 
  0.82348674   1.95478784 103.00000000  85.350392962024 85.350889064988 -0.000496102964 
  1.29189814   1.70043766 103.57164824  85.458561301646 85.456699937660 0.001861363986 
  0.96446195   1.77379974 124.71406111  85.491696234527 85.514869142773 -0.023172908246 
  1.44655322   1.68195309 103.00000000  85.526741733607 85.547576992299 -0.020835258692 
  0.96446195   1.84669910  84.80335482  85.535036353867 85.544879723949 -0.009843370082 
  1.02471188   1.74623859 122.78204318  85.550154556862 85.616062186591 -0.065907629729 
  1.12884251   1.70888612 127.72611275  85.680248634231 85.690355820640 -0.010107186409 
  1.18978957   1.70519179 115.59062237  85.720672429488 85.730780255469 -0.010107825980 
  1.01370048   1.76277437 112.07659341  85.815181067243 85.815401766008 -0.000220698765 
  0.91956849   1.83397104 103.00000000  85.821418235704 85.804973740419 0.016444495285 
  1.13524594   1.69868006 140.17296761  85.882686735415 85.847532919688 0.035153815727 
  0.98381818   1.78306458 108.03837294  85.909124513921 85.887310314479 0.021814199442 
  0.92172728   1.81073966 117.79171479  85.932065104575 85.964351261072 -0.032286156498 
  1.01797306   1.77411550 103.00000000  86.023971705927 86.008239091081 0.015732614846 
  1.38944724   1.68888476 103.00000000  86.048769016877 86.067001409420 -0.018232392542 
  0.96446195   1.80276382 103.00000000  86.220738308188 86.203798351205 0.016939956983 
  1.16007634   1.70300443 126.80012540  86.267494787266 86.285900955066 -0.018406167800 
  1.10884305   1.71764769 124.18090223  86.278545616085 86.331236498312 -0.052690882227 
  0.96572131   1.85797980  81.86244197  86.324064945176 86.305573569504 0.018491375672 
  0.82234158   1.96036056 103.00000000  86.345105168610 86.346485699339 -0.001380530729 
  1.42138535   1.67236174 115.05970682  86.459187550769 86.441659992682 0.017527558087 
  1.05889124   1.77597916  93.30870755  86.461328914305 86.513794163336 -0.052465249030 
  0.96446195   1.83579881  88.82188598  86.575885394595 86.616264021667 -0.040378627072 
  1.41977991   1.67015840 118.28790218  86.720832622024 86.737147691163 -0.016315069139 
  1.27936022   1.68062214 129.32949020  86.772421822836 86.750972842778 0.021448980058 
  0.94937754   1.90441834  74.61984661  86.800204778941 86.754477803225 0.045726975716 
  1.26295374   1.68888476 120.77317007  86.801520110184 86.835808308776 -0.034288198592 
  1.10496374   1.72624938 116.57449790  86.832468974735 86.861977208149 -0.029508233414 
  1.39698492   1.68888476 103.00000000  86.833921227422 86.852707684798 -0.018786457376 
  1.28613439   1.68888476 116.43268674  86.852354647461 86.855929862367 -0.003575214907 
  0.97650415   1.80077781 100.79463412  86.956432331037 86.952942581686 0.003489749351 
  1.18328573   1.72295801 103.00000000  87.038192194210 87.038330367103 -0.000138172893 
  1.11756131   1.74048992 102.34115315  87.042266993212 87.038421983280 0.003845009932 
  0.96446195   1.82814406  91.90658753  87.094647167443 87.141146813187 -0.046499645744 
  1.52667506   1.67971744 100.25723568  87.095815387031 87.115591353782 -0.019775966752 
  1.02329777   1.80484351  88.31096574  87.160951348058 87.199952843280 -0.039001495222 
  1.43932486   1.67162800 114.55554393  87.161648068093 87.136187886773 0.025460181320 
  1.41370752   1.68888476 101.91999210  87.201486232596 87.231339406278 -0.029853173682 
  1.40452261   1.68888476 103.00000000  87.606861267890 87.626271915870 -0.019410647980 
  1.19891271   1.69712345 126.17720509  87.619932518755 87.642544139055 -0.022611620299 
  0.96446195   1.78604378 116.37354801  87.623618386755 87.665129859509 -0.041511472754 
  1.10077293   1.74667313 102.15404195  87.700320590833 87.695981456239 0.004339134594 
  1.32195139   1.68888476 111.95553955  87.711839308849 87.682276168795 0.029563140054 
  0.92118052   1.83629484 103.00000000  87.750253240993 87.733581094844 0.016672146149 
  0.91678623   1.84001064 103.00000000  87.768656812477 87.752141835242 0.016514977235 
  1.18993953   1.72514374 101.14350408  87.775973517408 87.773612318730 0.002361198677 
  1.06455461   1.75563860 104.36385579  87.844054037934 87.822135560530 0.021918477405 
  1.27047465   1.70392938 105.73632082  87.990182058653 87.966613852407 0.023568206246 
  1.10623984   1.74425893 103.00000000  88.122775697528 88.112420529169 0.010355168359 
  1.41206030   1.68888476 103.00000000  88.368335920484 88.388134533372 -0.019798612888 
  1.37067588   1.70753275  94.26923326  88.371010302322 88.394089206488 -0.023078904166 
  1.37496155   1.68411448 110.71991304  88.454445384657 88.421041157722 0.033404226935 
  1.34852352   1.68888476 109.47999619  88.562519495041 88.530067936213 0.032451558827 
  0.94909996   1.81681772 103.00000000  88.595145845928 88.577659954755 0.017485891173 
  0.96446195   1.78176457 122.12192271  88.752046107536 88.797329329731 -0.045283222195 
  0.96446195   1.80353776 105.21984383  88.933557738994 88.910011112198 0.023546626796 
  0.91242423   1.84630102 103.00000000  89.047027183362 89.030628592102 0.016398591260 
  1.08630361   1.75190113 103.00000000  89.095331480967 89.083002277537 0.012329203430 
  1.41959799   1.68888476 103.00000000  89.118599134919 89.138724007586 -0.020124872667 
  1.29085200   1.69623090 110.78145001  89.135634499333 89.101439323118 0.034195176214 
  0.82912640   1.95618218 103.00000000  89.312873165942 89.313328806215 -0.000455640274 
  0.97349982   1.80131471 103.74652550  89.412574343125 89.391904578960 0.020669764165 
  1.17563996   1.69729926 136.41919742  89.550907715584 89.441029937197 0.109877778386 
  0.96446195   1.79506507 111.67594669  89.557964211388 89.561613049519 -0.003648838131 
  1.11196392   1.73861403 107.41108116  89.841589504969 89.812333796246 0.029255708723 
  0.96446195   1.80888476 103.00000000  89.854542408524 89.836839902731 0.017702505794 
  1.42713568   1.68888476 103.00000000  89.858103279134 89.878456014180 -0.020352735047 
  1.01879335   1.80425782  91.00819497  89.893603571367 89.942939933988 -0.049336362621 
  1.20864523   1.69896007 124.91628430  89.919800540105 89.954677663214 -0.034877123109 
  0.96446195   1.80904523 103.00000000  89.948631720235 89.930893898360 0.017737821875 
  1.35309919   1.68888476 110.41549142  89.960530241304 89.927827825493 0.032702415811 
  1.32235763   1.68888476 114.60996395  89.971834583081 89.960666267957 0.011168315124 
  1.03326137   1.76200718 110.84354233  90.020859681481 90.009405444874 0.011454236606 
  0.96446195   1.80131760 107.81677413  90.034549894710 90.014617702546 0.019932192164 
  1.16692455   1.72411183 107.72382169  90.050184903404 90.022934041902 0.027250861503 
  1.05401819   1.73268243 133.12035373  90.064876715467 89.970020760846 0.094855954621 
  1.35012159   1.67910929 122.47753702  90.074078211503 90.124159787417 -0.050081575914 
  1.12182608   1.73604544 107.53509724  90.159325904133 90.130270768752 0.029055135381 
  0.96353368   2.04540867  56.35858386  90.242266222605 90.316767159104 -0.074500936499 
  1.10127742   1.76194886  95.39389758  90.265701678083 90.312539375020 -0.046837696937 
  1.01991737   1.74281773 137.30389122  90.529464196730 90.372508353593 0.156955843137 
  1.43467337   1.68888476 103.00000000  90.587258384432 90.607733643530 -0.020475259098 
  0.99140010   1.80797783  96.15497548  90.792706953351 90.823721135663 -0.031014182312 
  0.97122715   1.81088016 100.54276017  90.836830213062 90.833195256464 0.003634956598 
  0.96446195   1.83381532  92.31216464  90.901103234937 90.944788437569 -0.043685202631 
  1.41160176   1.69184291 103.00000000  90.931013705729 90.950656291956 -0.019642586227 
  1.47726584   1.68490912 103.00000000  91.020284952228 91.040250624181 -0.019965671953 
  0.91072634   1.83114197 116.66613029  91.043229726070 91.067218688163 -0.023988962092 
  1.34057799   1.68888476 113.35669122  91.100187632012 91.079271717125 0.020915914887 
  0.96446195   1.80012682 110.12078604  91.300557193539 91.292933151203 0.007624042336 
  1.44221106   1.68888476 103.00000000  91.306383279418 91.326947603577 -0.020564324159 
  1.38293652   1.68888476 108.43028024  91.324821604710 91.296132514038 0.028689090673 
  1.34258474   1.69786060 105.24302365  91.339419815235 91.330639937133 0.008779878102 
  1.12376761   1.74738128 100.47810242  91.341027434017 91.353273125341 -0.012245691325 
  0.96446195   1.80261758 108.61553156  91.497788107557 91.481501293272 0.016286814285 
  0.95628374   1.81592480 103.64836344  91.514829503136 91.494530702848 0.020298800287 
  1.26817000   1.71216113 103.00000000  91.526367038910 91.524736248715 0.001630790196 
  1.22794891   1.68890912 138.63271453  91.539249159698 91.474461895917 0.064787263781 
  1.06300211   1.74720605 115.60002255  91.583818288713 91.612566414034 -0.028748125321 
  0.96446195   1.82395223  96.97686962  91.667210057734 91.688298254549 -0.021088196815 
  1.08244594   1.72916338 128.68057542  91.756875818668 91.746791505834 0.010084312834 
  0.99565985   1.75300671 140.11320217  91.839095318792 91.684577408300 0.154517910492 
  0.90109352   1.86271801 103.00000000  91.873431098356 91.857965257820 0.015465840537 
  0.96446195   1.90468243  74.33673593  92.011025185871 91.989839651223 0.021185534648 
  0.94404732   1.83269951  99.82157648  92.015810283803 92.014371019054 0.001439264750 
  1.44974874   1.68888476 103.00000000  92.015950958266 92.036475481845 -0.020524523579 
  1.17271595   1.73667500  99.77751632  92.063423161686 92.089360800195 -0.025937638509 
  1.35090587   1.69955295 103.80581094  92.130459127802 92.136249976514 -0.005790848712 
  1.03783990   1.78458509  97.55408774  92.343057862101 92.368958630136 -0.025900768035 
  1.10428378   1.72597546 125.51432950  92.401932569523 92.437543099422 -0.035610529899 
  1.36127624   1.67821862 126.14361674  92.573808270263 92.608985111755 -0.035176841492 
  1.03778593   1.74931574 125.08568319  92.691571358380 92.733125847710 -0.041554489329 
  1.45728643   1.68888476 103.00000000  92.716268239936 92.736685689622 -0.020417449686 
  0.96446195   1.81388476 103.00000000  92.757617498279 92.739164891940 0.018452606339 
  1.22113645   1.70885569 114.26377991  92.758638145315 92.759271631875 -0.000633486560 
  0.96446195   1.87347481  81.34676414  92.879920004420 92.859315179144 0.020604825276 
  0.96446195   1.82071889  99.51863650  92.882127978508 92.884025633333 -0.001897654825 
  1.02909553   1.79922858  93.04906530  92.982499097627 93.030722725655 -0.048223628028 
  0.96925853   1.81604126 100.51513369  93.096338736450 93.091789735102 0.004549001348 
  1.08631244   1.75749660 103.00000000  93.121498964076 93.108590393227 0.012908570848 
  0.93826246   1.83371626 102.62065501  93.184941965803 93.168083831653 0.016858134150 
  1.30393001   1.68484463 129.02796832  93.248142535846 93.222644186747 0.025498349098 
  0.99989552   1.79418725 103.00000000  93.276631309207 93.258721146951 0.017910162256 
  0.96640957   1.87542555  80.72622567  93.302962552531 93.278404632589 0.024557919941 
  0.96552386   1.81418031 103.00000000  93.318901696013 93.300350315559 0.018551380454 
  1.46446195   1.68888476 103.00000000  93.374738878869 93.394918935249 -0.020180056381 
  1.33969078   1.69001283 115.13734137  93.387954177517 93.382420142372 0.005534035145 
  1.46482412   1.68888476 103.00000000  93.407795922394 93.427932002089 -0.020136079695 
  0.96446195   1.86102987  84.90680517  93.420530560619 93.431085146439 -0.010554585820 
  0.96446195   1.87532437  81.22337779  93.561954915080 93.540777512215 0.021177402865 
  0.96446195   1.81532663 103.00000000  93.583904094910 93.565351437720 0.018552657191 
  1.00166462   1.82141275  90.27161311  93.690978276656 93.735905055938 -0.044926779282 
  1.23500716   1.70552643 116.37745386  93.742740899743 93.762006941018 -0.019266041275 
  1.30867241   1.72100009  95.07662888  93.746528107960 93.782782420185 -0.036254312225 
  1.30378478   1.68888476 123.66263475  93.807480794647 93.847950981591 -0.040470186944 
  1.15346609   1.71759946 122.40473370  93.944088545592 93.993561176020 -0.049472630429 
  1.13232874   1.75549313  96.47373082  93.950246845838 93.993664536628 -0.043417690791 
  1.01382579   1.81306362  91.13764784  93.970887570569 94.018211330993 -0.047323760424 
  0.96446195   1.79127350 121.60909499  94.013954637128 94.057285168017 -0.043330530888 
  1.47236181   1.68888476 103.00000000  94.090709286869 94.110557519005 -0.019848232135 
  1.03417786   1.77907257 103.00000000  94.123316128655 94.106494463346 0.016821665309 
  0.92631226   1.82531662 115.68562980  94.216270690664 94.244490598019 -0.028219907355 
  0.97979674   1.82674875  93.55479505  94.265899179700 94.306307794998 -0.040408615298 
  1.02836303   1.76277030 117.65688808  94.365987512338 94.417701438259 -0.051713925922 
  1.33492585   1.68888476 118.63446006  94.380326143622 94.408946080109 -0.028619936487 
  1.06166195   1.76863915 102.73747013  94.400735085579 94.387304351776 0.013430733803 
  0.95819484   1.83993529  94.08840727  94.402734413910 94.437859930626 -0.035125516715 
  1.03979965   1.73708325 141.56484822  94.507182840629 94.434031369191 0.073151471438 
  1.11261402   1.71565910 140.04137921  94.526626285129 94.473352871244 0.053273413885 
  1.37548007   1.68888476 112.88130103  94.578215878802 94.553141713530 0.025074165273 
  1.17030020   1.71609560 120.46677584  94.580804966205 94.628010987585 -0.047206021380 
  0.96979198   1.81382988 103.00000000  94.675835837275 94.657083285358 0.018752551917 
  1.18285217   1.71743145 116.02645462  94.741881367034 94.759417979344 -0.017536612310 
  1.47989950   1.68888476 103.00000000  94.765376254047 94.784893896644 -0.019517642598 
  0.94894612   1.83532280  99.29630943  94.782666351697 94.783922311254 -0.001255959557 
  1.32803900   1.68888476 120.54685583  94.824067463116 94.866219784349 -0.042152321233 
  0.96446195   1.80742151 109.26794293  94.828636110775 94.816544727734 0.012091383040 
  1.04457735   1.75096998 123.77062405  94.839237310687 94.891900185784 -0.052662875097 
  1.13402707   1.75174372  99.15658072  95.085906945005 95.110451442055 -0.024544497050 
  0.95014138   1.87754367  84.27604180  95.130596262723 95.134036073791 -0.003439811068 
  0.96446195   1.80174211 113.93735609  95.144194829929 95.167651678226 -0.023456848298 
  1.00848018   1.74850811 144.00893519  95.236993325718 95.223129290464 0.013864035254 
  1.32379636   1.68546619 127.57469107  95.363352708562 95.369209344120 -0.005856635558 
  1.48743719   1.68888476 103.00000000  95.432217433907 95.451261524286 -0.019044090379 
  0.99848838   1.79845409 103.00000000  95.443119228476 95.424694397128 0.018424831347 
  1.33296931   1.68888476 120.81364847  95.558068048209 95.602238836979 -0.044170788770 
  1.36999468   1.68888476 114.95469293  95.644420971203 95.636076512020 0.008344459183 
  1.50510886   1.68888476 102.00286348  95.730973128884 95.754909110763 -0.023935981879 
  1.01216699   1.81836475  90.56845936  95.736958458980 95.782376151567 -0.045417692587 
  1.20684844   1.70816372 122.67361958  95.752970551435 95.798359136389 -0.045388584954 
  0.96446195   1.88818202  79.29091604  95.830152110066 95.798843710957 0.031308399109 
  1.03267727   1.77333237 109.07921605  95.882373182743 95.861736390723 0.020636792020 
  0.98835183   1.80976437 100.30641302  95.916624339476 95.913635813188 0.002988526288 
  0.83895340   1.95842614 103.00000000  95.970973547952 95.971028536663 -0.000054988711 
  1.04461365   1.77743891 103.00000000  95.999631670140 95.983055129911 0.016576540229 
  0.86293383   1.91843779 103.00000000  96.046732173512 96.038968485469 0.007763688043 
  1.49497487   1.68888476 103.00000000  96.091447766732 96.109968829066 -0.018521062334 
  0.96446195   1.80020396 117.30565867  96.515685685645 96.560618369151 -0.044932683506 
  1.06214575   1.77147436 102.93725190  96.672723022326 96.657666323379 0.015056698947 
  1.50251256   1.68888476 103.00000000  96.743404830853 96.761315932819 -0.017911101966 
  1.11328100   1.75389913 103.00000000  96.763937938391 96.753514118018 0.010423820373 
  0.92621552   1.84971912 103.00000000  96.779188155379 96.761446104785 0.017742050594 
  0.98663966   1.84147889  88.28839524  96.844145751562 96.879303557788 -0.035157806227 
  0.99221450   1.80433629 103.00000000  96.918453831946 96.899553737347 0.018900094599 
  0.84595900   1.94857979 103.00000000  96.978984038738 96.977062543733 0.001921495006 
  0.84378347   1.95271732 103.00000000  97.036312510045 97.035210280768 0.001102229277 
  1.29660000   1.69568448 121.01005471  97.062819620587 97.102748913338 -0.039929292751 
  1.38793888   1.68888476 114.40689195  97.118623054830 97.103781689754 0.014841365076 
  0.96446195   1.82160804 103.00000000  97.128312912660 97.109136825241 0.019176087419 
  1.12648979   1.75667036  99.19608369  97.137490681293 97.160102667234 -0.022611985941 
  1.07700600   1.75826917 108.70454912  97.148800584553 97.123515296884 0.025285287669 
  1.36959764   1.68888476 117.16370761  97.218455749993 97.233060800515 -0.014605050522 
  1.13779164   1.71157978 142.18809283  97.273636793678 97.356980783461 -0.083343989783 
  1.51005025   1.68888476 103.00000000  97.388271661530 97.405589578943 -0.017317917413 
  1.01350961   1.78461679 109.05513479  97.418025662271 97.399675942011 0.018349720260 
  1.04201260   1.78075509 103.00000000  97.450602065124 97.433592821734 0.017009243390 
  1.22477651   1.71016980 118.51347516  97.471228438404 97.507784831615 -0.036556393211 
  0.88555917   1.89835839 100.28969002  97.604054316562 97.596972080604 0.007082235958 
  0.98434977   1.79568914 112.66291635  97.669979530325 97.682222780656 -0.012243250331 
  1.26238661   1.70803190 113.72008903  97.686951056152 97.669504501377 0.017446554775 
  1.26598319   1.69667369 127.92533276  97.791373260035 97.786806988126 0.004566271909 
  0.83013656   1.98318537 103.00000000  97.815880805214 97.819302844264 -0.003422039050 
  1.36575140   1.70551991 103.00000000  97.902710111073 97.918072597934 -0.015362486861 
  0.98250409   1.83618445  91.76755612  97.942220430952 97.984359321411 -0.042138890459 
  1.51758794   1.68888476 103.00000000  98.026509195002 98.043066805632 -0.016557610629 
  1.17121596   1.74379252 100.48337034  98.075013657864 98.094220029992 -0.019206372127 
  1.04648286   1.76961239 110.16180596  98.227339754219 98.212084770412 0.015254983808 
  0.96446195   1.81375024 109.08229544  98.253295805654 98.241019115052 0.012276690603 
  0.92648707   1.83715251 112.68904145  98.342901312019 98.356828744230 -0.013927432211 
  1.45962492   1.68888476 107.89199102  98.348592352962 98.320011949651 0.028580403311 
  0.89706851   1.86807757 110.64617050  98.364174905026 98.368063155413 -0.003888250387 
  1.34486789   1.69437019 116.19856195  98.470976936034 98.476927570297 -0.005950634263 
  1.48195975   1.67890449 115.68631330  98.515453001222 98.489695207174 0.025757794048 
  0.85020318   1.93656717 107.88362334  98.540463773206 98.547918297910 -0.007454524704 
  1.52512563   1.68888476 103.00000000  98.658194431748 98.674014233692 -0.015819801944 
  1.15615289   1.73420624 110.81081111  98.676360527290 98.657200747110 0.019159780180 
  1.08174719   1.76622608 103.61303081  98.781601290360 98.763874047776 0.017727242584 
  1.44784138   1.68888476 109.57858797  98.894145526236 98.856532828780 0.037612697455 
  1.46101261   1.68888476 108.34203319  98.924516601859 98.892379332944 0.032137268915 
  1.01708103   1.79460633 103.00000000  98.954228487615 98.935670592429 0.018557895186 
  1.33906226   1.70889258 104.07107882  98.958577601381 98.960102312145 -0.001524710764 
  0.96446195   1.80813111 114.32062797  99.011572866442 99.038490582531 -0.026917716089 
  0.96446195   1.82522280 102.91448726  99.042463238809 99.023178437510 0.019284801299 
  0.90104912   1.87850592 103.00000000  99.055050960709 99.039835095975 0.015215864734 
  0.96446195   1.80018490 121.73269302  99.095660139610 99.132986009250 -0.037325869640 
  1.53266332   1.68888476 103.00000000  99.283692772900 99.298688232243 -0.014995459343 
  0.82683537   2.00736085  98.71897468  99.303857121347 99.298278336775 0.005578784573 
  0.96446195   1.81686916 108.26920419  99.318472999577 99.302261685460 0.016211314118 
  1.41162484   1.68337942 121.12741419  99.399063488723 99.449817567487 -0.050754078764 
  1.26991130   1.70022746 124.77531488  99.561927767241 99.584544293097 -0.022616525855 
  1.37175561   1.68694121 123.29373379  99.612749623273 99.668657401355 -0.055907778082 
  1.10848280   1.75940265 103.00000000  99.618503319838 99.607323819623 0.011179500215 
  0.93436831   1.84860888 103.00000000  99.639479513738 99.621024199513 0.018455314225 
  0.96446195   1.85167885  91.68602478  99.645583221867 99.684497473469 -0.038914251602 
  1.14672122   1.74840861 103.00000000  99.748591502117 99.742672654398 0.005918847719 
  1.18574546   1.72024775 119.57959702  99.873399014927 99.915897110291 -0.042498095364 
  1.54020101   1.68888476 103.00000000  99.903181226939 99.917335083662 -0.014153856723 
  0.96446195   1.87550132  84.44021172  99.927900578306 99.934854546061 -0.006953967754 
  1.25060398   1.69949144 132.04413480  100.024768796648 99.938478621055 0.086290175592 
  1.37756100   1.70616605 103.48745132  100.265146266556 100.276943700882 -0.011797434325 
  0.94284108   1.84324207 103.00000000  100.368026880602 100.348863359356 0.019163521246 
  1.54773869   1.68888476 103.00000000  100.516907113255 100.530190338657 -0.013283225402 
  0.96446195   1.82788945 103.00000000  100.584041164777 100.564154642015 0.019886522762 
  1.09632525   1.74819490 116.03792975  100.587909032118 100.617457730375 -0.029548698257 
  0.99496317   1.80913944 103.00000000  100.667720162444 100.648024161847 0.019696000597 
  0.96446195   1.81072920 114.72192694  100.713618903919 100.743593424105 -0.029974520186 
  1.37798392   1.68236027 132.38958573  100.768028799328 100.718366532325 0.049662267003 
  0.98079203   1.82235377 100.54571102  100.832128401129 100.824954287453 0.007174113676 
  1.28532593   1.69821609 126.85272460  100.968897349609 100.969391393939 -0.000494044330 
  0.92489939   1.85523919 105.47139219  101.119253942037 101.100568992954 0.018684949083 
  1.55527638   1.68888476 103.00000000  101.125083368323 101.137482224825 -0.012398856503 
  0.96446195   1.80212410 123.59488253  101.137119236620 101.153349886666 -0.016230650045 
  0.96446195   1.81555383 111.55056974  101.153796411843 101.159431929304 -0.005635517461 
  0.92027462   1.89441733  90.81306439  101.173083853777 101.204329612421 -0.031245758644 
  0.86692279   1.92672954 103.00000000  101.206356945939 101.199153783558 0.007203162381 
  0.95515685   1.86118987  91.86372376  101.252238184312 101.288569080377 -0.036330896065 
  0.96446195   1.81967267 108.97705413  101.433974077143 101.421997347800 0.011976729343 
  0.96446195   1.89991301  79.31183765  101.470500042378 101.443584331951 0.026915710428 
  1.40149156   1.68888476 118.73187847  101.576463563957 101.606390421574 -0.029926857617 
  0.92233957   1.89617203  89.92571181  101.595678910668 101.626264865575 -0.030585954908 
  1.04705351   1.77593313 109.12002039  101.626277858028 101.606086425756 0.020191432272 
  1.14342709   1.73996564 112.16941839  101.646418461514 101.637247990688 0.009170470827 
  1.39196639   1.68888476 120.37954747  101.649020223580 101.695171145898 -0.046150922318 
  1.01971691   1.82033620  92.18269276  101.718805737200 101.762823421327 -0.044017684127 
  1.00678301   1.78182483 120.36456582  101.721766588304 101.778567194012 -0.056800605708 
  1.56281407   1.68888476 103.00000000  101.727997953847 101.739426932640 -0.011428978792 
  1.10946224   1.77759508  94.50588557  101.783777924058 101.831525863921 -0.047747939863 
  1.11891519   1.77143103  96.23057841  102.056797610679 102.098217974497 -0.041420363818 
  0.94490586   1.84532093 103.00000000  102.246741389590 102.227347356893 0.019394032697 
  0.87526068   1.91759560 103.00000000  102.251213336724 102.241943269393 0.009270067331 
  1.10299654   1.75899935 107.13691379  102.323194999139 102.296209320267 0.026985678871 
  1.57035176   1.68888476 103.00000000  102.325779319555 102.336232038848 -0.010452719293 
  0.96683725   1.91427479  76.44907226  102.518346202243 102.494289296437 0.024056905806 
  0.96446195   1.81200248 116.58330851  102.585485828422 102.626206418125 -0.040720589703 
  0.96446195   1.91921784  75.92479295  102.610782345411 102.588122475586 0.022659869825 
  1.26103022   1.72563761 104.13857502  102.692558462873 102.680040677370 0.012517785503 
  1.21167806   1.71650150 122.13205303  102.709437778631 102.752516636125 -0.043078857494 
  0.96446195   1.82937228 104.58624569  102.899665520406 102.876411703269 0.023253817137 
  1.57788945   1.68888476 103.00000000  102.918546168297 102.928095853582 -0.009549685285 
  1.17924049   1.73136151 113.52205041  102.936947163151 102.936304670641 0.000642492510 
  0.96446195   1.82446708 107.66513664  102.961806227682 102.943804783245 0.018001444438 
  0.94095704   1.85001023 103.00000000  103.021145279785 103.001905795111 0.019239484674 
  0.89015336   1.90043741 103.00000000  103.088067509754 103.075324337286 0.012743172469 
  0.92771611   1.86252898 102.65893365  103.308597745727 103.291117162997 0.017480582730 
  1.32706816   1.68866019 139.38333900  103.402608902521 103.416474006299 -0.013865103778 
  0.99653796   1.79492483 115.77858142  103.417588430468 103.456359178957 -0.038770748489 
  1.50086580   1.68888476 109.40853141  103.500381878708 103.455467001329 0.044914877379 
  1.58542714   1.68888476 103.00000000  103.506695110493 103.515207584518 -0.008512474026 
  0.95033699   1.84365509 103.00000000  103.532222795722 103.512355476688 0.019867319034 
  1.38800109   1.70992341 103.00000000  103.902276333800 103.919485775504 -0.017209441704 
  1.23246644   1.73416338 103.00000000  103.914182690110 103.904907581819 0.009275108292 
  1.43532186   1.68888476 117.33276531  103.943852704499 103.952246572183 -0.008393867684 
  0.96446195   1.83417085 103.00000000  103.952695831373 103.932267135375 0.020428695998 
  0.96446195   1.80711507 124.04118440  104.023658304064 104.029884901839 -0.006226597775 
  1.50246998   1.68888476 109.82868375  104.031700557025 103.983965970993 0.047734586032 
  1.33294974   1.69185746 132.82749678  104.052041404779 103.974911224570 0.077130180209 
  1.48791785   1.68888476 111.27791004  104.069478111487 104.019964747620 0.049513363867 
  1.59296482   1.68888476 103.00000000  104.090272202895 104.097746731465 -0.007474528570 
  0.96446195   1.81463109 116.74297449  104.091365127322 104.132435135315 -0.041070007992 
  1.44826935   1.68597677 119.47181012  104.101466506672 104.132740661351 -0.031274154679 
  0.97290634   1.84472597  95.57095627  104.355279612399 104.378098953506 -0.022819341107 
  0.96446195   1.86763045  89.42080913  104.398789550243 104.433281642780 -0.034492092536 
  1.08162213   1.76027700 114.55265113  104.410075579057 104.429406078555 -0.019330499498 
  1.50700680   1.68888476 109.93658776  104.521139012981 104.471929388666 0.049209624314 
  0.96446195   1.86923062  89.02850415  104.586195249849 104.619549995517 -0.033354745668 
  0.93521320   1.85813475 103.00000000  104.653914774102 104.635091131210 0.018823642893 
  1.60050251   1.68888476 103.00000000  104.669403318596 104.675886336441 -0.006483017845 
  0.85853236   1.95137558 103.00000000  104.979936961863 104.977015653818 0.002921308045 
  1.16230627   1.75150156 103.00000000  104.993378578365 104.989968664983 0.003409913382 
  0.95775728   1.84146063 102.82770559  105.087594349170 105.067735606561 0.019858742609 
  0.96446195   1.91695567  77.47076962  105.177599973158 105.152341727846 0.025258245313 
  1.28091156   1.73084199 100.40721501  105.186058440013 105.208930594262 -0.022872154249 
  0.96764729   1.81080403 120.53020165  105.319823259189 105.360342867768 -0.040519608578 
  1.03624830   1.79584290 103.00000000  105.376114445080 105.357366163072 0.018748282008 
  0.97200685   1.85559290  92.36863354  105.419728141755 105.454839247663 -0.035111105908 
  0.91497233   1.86941355 108.15417741  105.430024425557 105.422957869326 0.007066556231 
  0.96446195   1.89628457  82.07746371  105.439728718229 105.430373078431 0.009355639798 
  0.93298664   1.84870838 111.02253903  105.548073910511 105.553921904827 -0.005847994316 
  1.18914644   1.75808944  95.66746596  105.588426806684 105.616257338738 -0.027830532054 
  0.95967195   1.81615295 121.21537313  105.610278607815 105.641897776850 -0.031619169035 
  1.03045745   1.82333960  91.46782346  105.635052123329 105.678403175351 -0.043351052022 
  1.08287791   1.78730433  97.25110236  105.675698121293 105.704340153310 -0.028642032017 
  0.97684044   1.81767522 110.15346266  105.684301854017 105.679582709814 0.004719144202 
  0.91101461   1.90402172  94.31013260  105.711418307350 105.730155368571 -0.018737061221 
  1.03058749   1.79980749 102.58882842  105.737577783242 105.720557512127 0.017020271116 
  1.30080015   1.69553024 138.85315640  105.810685668777 105.805768348382 0.004917320395 
  1.61557789   1.68888476 103.00000000  105.815082606063 105.819607705387 -0.004525099325 
  1.06606886   1.78447573 102.69305569  105.990272634976 105.975631232475 0.014641402500 
  0.96446195   1.88330147  85.71283933  105.992285195432 106.008888835168 -0.016603639735 
  0.98791092   1.86182548  87.03281434  106.012803286518 106.038665780883 -0.025862494365 
  1.01998570   1.80494165 103.00000000  106.100357486372 106.080599267685 0.019758218687 
  1.00880339   1.80018108 110.05588530  106.235426524789 106.226439227669 0.008987297119 
  1.62311558   1.68888476 103.00000000  106.381972175011 106.385490086304 -0.003517911293 
  0.96446195   1.82963412 108.52690492  106.399374898265 106.386406663468 0.012968234797 
  0.96446195   1.83888476 103.00000000  106.424663391263 106.403908498599 0.020754892663 
  0.96446195   1.81431134 121.51362239  106.533811814617 106.564975792421 -0.031163977804 
  1.27844880   1.70120896 135.98683292  106.554871367185 106.455104005537 0.099767361648 
  0.96446195   1.92605300  76.34206801  106.587312891897 106.567134296074 0.020178595824 
  0.98754520   1.84822514  92.10035139  106.685717290031 106.722698032430 -0.036980742399 
  1.07416699   1.77482328 107.77599762  106.760619674806 106.735532909518 0.025086765287 
  1.44785370   1.68888476 119.94263944  106.793147090921 106.830713757806 -0.037566666885 
  1.63065327   1.68888476 103.00000000  106.944943221872 106.947573716216 -0.002630494344 
  1.50411566   1.70045506 103.17938255  106.963468459122 106.978270522245 -0.014802063123 
  0.81515367   2.06834225 103.00000000  107.057254654421 107.051739010995 0.005515643426 
  0.93823238   1.91937570  82.96274821  107.078396753590 107.069025958754 0.009370794836 
  1.04315346   1.79547360 103.00000000  107.094252261868 107.075772748893 0.018479512975 
  0.91120434   1.87623778 108.75590400  107.148200624066 107.145553386298 0.002647237768 
  0.93266941   1.88366469  95.06185927  107.154525013942 107.172191392276 -0.017666378333 
  0.96446195   1.84045226 103.00000000  107.236226738281 107.215310606027 0.020916132254 
  0.90139235   1.89504392 104.29842223  107.303015718615 107.288989719187 0.014025999428 
  1.06662633   1.76572651 119.17844071  107.445688558928 107.498792081273 -0.053103522345 
  0.95336425   1.88611114  88.40368586  107.497912728395 107.526906666680 -0.028993938285 
  1.63819095   1.68888476 103.00000000  107.504328432882 107.505987975786 -0.001659542904 
  0.96467324   1.84100847 103.00000000  107.600766404124 107.579831797966 0.020934606158 
  0.99711198   1.84301472  92.45328016  107.637254760186 107.674398631608 -0.037143871422 
  1.45903045   1.69262610 115.03846865  107.655106442951 107.631709739652 0.023396703300 
  1.47781642   1.68888476 117.10881584  107.684752240501 107.678033916026 0.006718324474 
  1.27534719   1.72160136 110.61215642  107.706438022240 107.675873924525 0.030564097715 
  0.96446195   1.81460882 123.80771861  107.796939680851 107.801003134107 -0.004063453256 
  0.96446195   1.81901346 119.74512210  108.056743596953 108.096809614462 -0.040066017509 
  1.64572864   1.68888476 103.00000000  108.060071714714 108.060856691236 -0.000784976522 
  0.85725376   1.96288954 103.35715876  108.077545062708 108.077047503488 0.000497559220 
  1.19183063   1.74331664 106.84732962  108.225582668583 108.206261093853 0.019321574730 
  1.00633202   1.79749738 116.28670797  108.316775968589 108.358959487102 -0.042183518513 
  1.13427741   1.77088637  98.92844655  108.402464590152 108.426265767124 -0.023801176972 
  0.94329416   1.86870523  98.59766977  108.593208545048 108.591302260237 0.001906284811 
  1.65326633   1.68888476 103.00000000  108.612350905467 108.612293857722 0.000057047745 
  0.96871548   1.87038646  90.28545561  108.636612562237 108.670740651683 -0.034128089446 
  1.25173022   1.72274284 114.98994391  108.795739126261 108.791160507559 0.004578618701 
  1.19514679   1.74881132 103.00000000  108.896010088130 108.878653599174 0.017356488956 
  1.42738377   1.69678460 116.09229184  108.911642302912 108.908377165851 0.003265137061 
  1.66080402   1.68888476 103.00000000  109.161264395625 109.160406775866 0.000857619759 
  0.96446195   1.83906808 106.02827274  109.244977264814 109.223445766138 0.021531498677 
  1.06721379   1.78863953 103.00000000  109.257368561306 109.240660207332 0.016708353974 
  1.06508114   1.78967098 103.00000000  109.359203767188 109.342250360004 0.016953407184 
  0.96446195   1.84583643 102.35746992  109.372870022566 109.353477934073 0.019392088493 
  1.66446195   1.68888476 103.00000000  109.426426787144 109.425230009261 0.001196777883 
  1.30063979   1.73926870  96.68982507  109.441424443696 109.480105696150 -0.038681252454 
  0.96446195   1.82128550 120.52165581  109.608576490620 109.643681497549 -0.035105006929 
  1.18656920   1.76335386  96.23507351  109.663494996552 109.688875592445 -0.025380595893 
  1.66834171   1.68888476 103.00000000  109.706903264963 109.705295477421 0.001607787542 
  0.98519046   1.82639116 105.96655248  109.877545395349 109.853841132221 0.023704263128 
  0.92223587   1.85902498 118.90563813  110.067200277597 110.087407559855 -0.020207282258 
  1.67587940   1.68888476 103.00000000  110.249331771265 110.247052894496 0.002278876769 
  1.31416305   1.70276884 132.29623235  110.413825712600 110.326403969595 0.087421743004 
  0.96446195   1.86553874  94.49898160  110.463183086817 110.486036667718 -0.022853580901 
  1.05950984   1.81383850  93.05887458  110.530552393200 110.573461243570 -0.042908850370 
  0.96446195   1.83735090 108.76664317  110.558927063896 110.548645402751 0.010281661144 
  0.93880343   1.89803335  90.83762268  110.650336645180 110.679192660101 -0.028856014921 
  1.07174045   1.78682368 104.44620758  110.724798180036 110.702214082645 0.022584097391 
  1.68341709   1.68888476 103.00000000  110.788666655291 110.785765029040 0.002901626252 
  0.99441746   1.82753201 103.00000000  110.855099649958 110.833584243707 0.021515406251 
  1.25404758   1.73928089 103.00000000  110.947405563460 110.942902884037 0.004502679423 
  1.30822428   1.72392352 107.59066311  110.986551180140 110.960552552177 0.025998627963 
  0.93656839   1.91411666  87.06064730  111.089711870158 111.109680093372 -0.019968223214 
  1.69095477   1.68888476 103.00000000  111.325071726318 111.321510413698 0.003561312620 
  0.96446195   1.82988144 115.77904668  111.413628525810 111.449917762827 -0.036289237017 
  0.96446195   1.87241752  92.71039564  111.462079603662 111.491119461378 -0.029039857716 
  1.07665967   1.77185835 115.48429812  111.468417800686 111.498371991277 -0.029954190591 
  0.96446195   1.86417389  95.94948581  111.582793273661 111.597083391907 -0.014290118246 
  0.96446195   1.85864190  98.35989025  111.643049749491 111.642613010446 0.000436739045 
  1.48441239   1.70846417 103.00000000  111.684794920322 111.701666633003 -0.016871712681 
  1.00109608   1.82515415 103.00000000  111.738415898792 111.716955145201 0.021460753590 
  1.69849246   1.68888476 103.00000000  111.858478038583 111.854363120690 0.004114917893 
  0.96078498   1.84632485 106.47409523  111.900433648276 111.880935482643 0.019498165632 
  0.97835144   1.81222538 124.98684498  111.907149139755 111.894887547904 0.012261591852 
  0.96446195   1.90295033  84.06827836  112.192871478364 112.199572419399 -0.006700941035 
  0.95336085   1.82953145 126.66919387  112.300805449802 112.244906726851 0.055898722951 
  0.96446195   1.90741658  83.07782345  112.385237778795 112.385820912561 -0.000583133766 
  1.70603015   1.68888476 103.00000000  112.388935948347 112.384388667255 0.004547281092 
  0.96446195   1.84305256 107.51475968  112.461674861905 112.445629737759 0.016045124145 
  0.92883770   1.89405937  97.16415144  112.511812817414 112.514592478119 -0.002779660704 
  1.35632644   1.73671527  95.75180493  112.643467067537 112.673264266244 -0.029797198707 
  0.96446195   1.84510091 106.46530762  112.645109277717 112.625275686707 0.019833591010 
  0.96446195   1.83741225 111.80173763  112.732444716232 112.743783939747 -0.011339223515 
  0.97961951   1.84065488 103.00000000  112.775140774087 112.753244943174 0.021895830913 
  1.71356784   1.68888476 103.00000000  112.916642480192 112.911647032302 0.004995447889 
  0.98988051   1.85183416  94.75150312  112.944427927330 112.968369016899 -0.023941089569 
  1.01339785   1.80655215 112.30049638  112.989071260723 112.999896216431 -0.010824955708 
  1.11054181   1.77841878 103.00000000  112.990412898194 112.978762876635 0.011650021560 
  1.47641220   1.70858137 104.70347167  112.997532095709 112.998126313694 -0.000594217985 
  1.32810683   1.72114595 109.63816758  113.035303985529 113.006672577558 0.028631407971 
  1.04471725   1.79813098 107.35917145  113.273813061282 113.250412835554 0.023400225727 
  0.89703367   1.90447339 111.02877453  113.275770726745 113.289970742592 -0.014200015847 
  1.72110553   1.68888476 103.00000000  113.441480366615 113.436192113377 0.005288253238 
  0.96098855   1.83388861 118.24710623  113.458905684784 113.498040995805 -0.039135311021 
  0.96446195   1.85301508 103.00000000  113.554879388157 113.533272248331 0.021607139826 
  0.96446195   1.87096749  94.99044652  113.691918433098 113.709971640777 -0.018053207679 
  1.11300055   1.79074612  96.32713241  113.710864984834 113.747329532138 -0.036464547304 
  1.37079162   1.70206299 127.46317424  113.872451503968 113.893234264183 -0.020782760214 
  1.72864322   1.68888476 103.00000000  113.963618197067 113.958071896137 0.005546300931 
  1.27183275   1.74309720 101.28490384  114.321288600913 114.334709278014 -0.013420677100 
  0.96446195   1.83161783 119.69149402  114.321999608746 114.357549034512 -0.035549425766 
  1.09702068   1.79171406  99.26437778  114.335909577538 114.348584400753 -0.012674823215 
  0.84503874   2.00819259 105.54455722  114.402991949366 114.418016554085 -0.015024604719 
  1.73618090   1.68888476 103.00000000  114.483076145647 114.477327936350 0.005748209297 
  0.96446195   1.84915404 106.27453353  114.487979878399 114.468018204289 0.019961674110 
  0.92303061   1.89182892 103.00000000  114.624279495736 114.606793034519 0.017486461217 
  0.83424822   2.04425584 103.00000000  114.678923980995 114.681573571667 -0.002649590672 
  1.00983814   1.82371393 104.02282142  114.701434649374 114.677192083006 0.024242566368 
  0.96446195   1.88306371  91.45963907  114.777397941616 114.806853997230 -0.029456055614 
  0.96446195   1.84409723 110.10989770  114.885226631071 114.885259304418 -0.000032673347 
  0.93541979   1.86765289 110.51743065  114.889430707215 114.896248358318 -0.006817651103 
  1.00320415   1.82984866 103.00000000  114.964229502159 114.942373606436 0.021855895723 
  1.74371859   1.68888476 103.00000000  114.999889596063 114.993998280705 0.005891315358 
  1.04067540   1.81302321 101.27833532  115.071086720058 115.060077448044 0.011009272014 
  0.99655252   1.84717364  96.66062140  115.131414639276 115.144144515007 -0.012729875731 
  1.02884308   1.82221736  99.63289928  115.134673945151 115.132621012720 0.002052932431 
  1.05499535   1.78955637 112.80250527  115.160413274163 115.171364433168 -0.010951159005 
  1.09725080   1.78206979 105.85658382  115.186443966726 115.162831457989 0.023612508738 
  0.84756893   2.01047779 103.00000000  115.197359265567 115.201126871885 -0.003767606318 
  0.90434404   1.91472975 103.00000000  115.381107143839 115.367575295523 0.013531848317 
  1.01660048   1.82314303 103.00000000  115.495479335666 115.474053185447 0.021426150220 
  1.75125628   1.68888476 103.00000000  115.513983509936 115.508113501876 0.005870008060 
  1.11018672   1.78251754 103.00000000  115.572189763461 115.560324187015 0.011865576446 
  0.93088137   1.86649450 116.12415773  115.594642663917 115.624659494199 -0.030016830283 
  0.94849397   1.89386507  93.07238454  115.670248403450 115.692701603141 -0.022453199690 
  1.13366511   1.78775470  95.97653772  115.740814469827 115.781511182179 -0.040696712351 
  0.99607852   1.86954222  89.08585079  115.978541803266 116.010277593522 -0.031735790256 
  1.20728070   1.75493250 103.69192102  116.024261780454 116.004930932144 0.019330848311 
  0.87171306   1.95828970 106.02021697  116.055783533066 116.061988035343 -0.006204502277 
  1.20491235   1.75987316 100.99773238  116.194825916140 116.194896156314 -0.000070240174 
  1.41912773   1.69929129 127.12947226  116.255946151956 116.308826357509 -0.052880205553 
  0.84038665   2.03975430 100.62425719  116.285618475213 116.278918183570 0.006700291643 
  1.32748781   1.74200503  97.88032280  116.290044089055 116.329048469503 -0.039004380448 
  0.96446195   1.84128745 114.54467133  116.310932159504 116.341520601276 -0.030588441773 
  0.96446195   1.84783178 109.59199921  116.337585069243 116.334754296205 0.002830773038 
  1.53204863   1.70956778 103.00000000  116.485455104041 116.496875672668 -0.011420568627 
  1.19394921   1.74901752 111.21839742  116.491407580976 116.481079989855 0.010327591121 
  1.76633166   1.68888476 103.00000000  116.534440762847 116.528777604796 0.005663158052 
  0.96446195   1.85929648 103.00000000  116.593489539991 116.571635294472 0.021854245520 
  1.14926831   1.77916458  98.82882819  116.842306948703 116.867944153978 -0.025637205274 
  1.04917444   1.82523542  94.92541296  116.921557626407 116.952858989865 -0.031301363458 
  1.35679518   1.71176894 121.30420936  116.987200154646 117.031235840150 -0.044035685504 
  1.77386935   1.68888476 103.00000000  117.040853323459 117.035363490323 0.005489833135 
  1.13042999   1.78901873  96.96732443  117.163742412875 117.198271501114 -0.034529088239 
  0.96446195   1.85495223 106.21417456  117.240376450329 117.220955477305 0.019420973024 
  1.47684542   1.70078787 116.98121452  117.242032717859 117.234488310509 0.007544407349 
  0.91598515   1.89219798 111.33687401  117.365150660058 117.380527441928 -0.015376781870 
  1.09418443   1.80406713  96.06364935  117.401187607276 117.434373174840 -0.033185567564 
  1.34628252   1.74381461  96.15311825  117.468220134226 117.499968515963 -0.031748381737 
  0.87840264   1.96660960  99.19154183  117.488925191359 117.482825309058 0.006099882301 
  0.94601570   1.99077691  73.26576456  117.492463985018 117.470814250865 0.021649734153 
  1.24115296   1.75079548 103.00000000  117.544037809435 117.536822633965 0.007215175471 
  1.78140704   1.68888476 103.00000000  117.544749315479 117.539468591783 0.005280723696 
  0.96446195   1.84332838 115.06442815  117.577086069585 117.610332986089 -0.033246916504 
  0.99847886   1.86134569  92.45655613  117.600289250666 117.631205080055 -0.030915829390 
  1.06121231   1.81919265  95.61954555  117.602758390793 117.632243616991 -0.029485226198 
  0.92740143   1.88875212 106.09683159  117.604190537411 117.591615902588 0.012574634823 
  1.14760776   1.76249330 111.34940228  117.613725415420 117.605766122372 0.007959293048 
  0.92532420   1.88938632 107.12172455  117.703907731855 117.695881414800 0.008026317055 
  0.87643664   1.96232278 102.75797020  117.764211462767 117.759632802238 0.004578660529 
  0.99124897   1.81986026 120.07940365  117.779884190379 117.819830890956 -0.039946700577 
  0.85112281   2.01459477 102.35370666  117.867477395266 117.868490814140 -0.001013418874 
  0.96446195   1.84566596 113.72842244  117.933384798660 117.959672559939 -0.026287761279 
  0.96446195   1.85500061 107.12777144  117.972540263167 117.956749282619 0.015790980548 
  1.78894472   1.68888476 103.00000000  118.046063344234 118.041098980289 0.004964363945 
  1.05264730   1.81744839  98.69007563  118.057769833777 118.065017282501 -0.007247448725 
  1.48993351   1.71596573 103.00000000  118.159592444004 118.174927382884 -0.015334938880 
  0.98584484   1.84707058 103.00000000  118.181991017904 118.159436196673 0.022554821230 
  1.21887891   1.74531309 111.95164323  118.425121430591 118.401786483609 0.023334946982 
  0.96446195   1.89276009  90.92126970  118.443099899461 118.471059927457 -0.027960027995 
  1.04323152   1.79478265 118.17507831  118.525162016518 118.572303788163 -0.047141771645 
  1.79648241   1.68888476 103.00000000  118.544822528020 118.540258310019 0.004564218001 
  1.07061220   1.78625302 114.90974810  118.561554844055 118.588960045841 -0.027405201786 
  1.17248089   1.76736780 103.61478993  118.610153305708 118.604872261210 0.005281044498 
  0.96446195   1.89606064  90.04393448  118.680050090774 118.708306199901 -0.028256109127 
  1.02823422   1.80290475 117.78120708  118.751403643120 118.797949429187 -0.046545786066 
  1.00418267   1.83641904 103.00000000  118.762889813050 118.740529763623 0.022360049427 
  1.00850959   1.82274474 110.11996590  118.816037336444 118.812289581399 0.003747755045 
  1.41851754   1.71444609 111.64629442  118.902935129365 118.869943869379 0.032991259986 
  0.95311224   1.85531480 115.41127328  119.106626176126 119.140082978387 -0.033456802261 
  0.96446195   1.88585139  93.84222269  119.175519619726 119.194918055331 -0.019398435604 
  0.99677098   1.82584980 113.83982426  119.226492731097 119.252985191106 -0.026492460009 
  1.81155779   1.68888476 103.00000000  119.534618410591 119.531149997033 0.003468413558 
  0.96124704   1.86812440 103.00000000  119.541416128242 119.519581356590 0.021834771653 
  0.96446195   1.86557789 103.00000000  119.553840455668 119.531829892121 0.022010563547 
  1.02330467   1.83994472  96.53953266  119.609889207684 119.625290767004 -0.015401559319 
  0.99914352   1.84122148 103.00000000  119.633000259899 119.610408786716 0.022591473183 
  1.00477266   1.81243143 123.29474339  119.708430636998 119.719017928913 -0.010587291915 
  0.89283463   1.93676221 106.00326976  119.833457216228 119.832920244067 0.000536972161 
  1.81909548   1.68888476 103.00000000  120.025716669817 120.022866394489 0.002850275329 
  0.97837102   1.83506370 118.02520959  120.044296707692 120.085244965879 -0.040948258187 
  1.25155571   1.75673842 100.20057063  120.159071358939 120.175414533736 -0.016343174796 
  0.99359349   1.85215569  99.95319666  120.350558801721 120.339706940543 0.010851861179 
  0.96446195   1.87167154 100.85155288  120.393573391899 120.376712656568 0.016860735331 
  0.94678736   1.88252121 103.00000000  120.438256063924 120.417785696886 0.020470367038 
  1.11803950   1.78472117 104.76112237  120.440109729134 120.421536877406 0.018572851727 
  1.82663317   1.68888476 103.00000000  120.514339417568 120.512079463966 0.002259953602 
  0.96446195   1.90526423  88.55669889  120.538702961047 120.564828994381 -0.026126033335 
  1.02704164   1.82670680 103.00000000  120.571693901009 120.550332713409 0.021361187600 
  0.96446195   1.85547200 110.88065852  120.803809000259 120.812001588682 -0.008192588423 
  1.07937662   1.80258826 103.00000000  120.857493196203 120.841169972513 0.016323223690 
  1.18365091   1.76894644 103.00000000  121.033853771132 121.014246435169 0.019607335963 
  1.23911671   1.75365904 104.72913831  121.062967380007 121.043672242473 0.019295137534 
  1.12059629   1.80123338  95.70804694  121.143375125794 121.181344439136 -0.037969313342 
  1.46006368   1.70224478 124.62325630  121.149695791180 121.225127047776 -0.075431256596 
  0.96446195   1.93755577  80.98983577  121.162159615262 121.158767049648 0.003392565614 
  1.07195734   1.80622075 103.00000000  121.172454584412 121.155124575559 0.017330008853 
  1.14397964   1.76998563 110.51331891  121.230391424040 121.219499202604 0.010892221436 
  0.89055185   1.94627431 105.08266352  121.284494864824 121.282550193928 0.001944670896 
  0.90073321   1.93728357 102.43606668  121.385758135162 121.374158801842 0.011599333320 
  1.42217794   1.70429139 129.57534283  121.414445186307 121.446186215531 -0.031741029224 
  0.94784180   1.88382915 103.00000000  121.417271732094 121.396621132409 0.020650599685 
  0.99055757   1.87205409  93.41345937  121.468116022825 121.492009678180 -0.023893655356 
  0.96446195   1.84181835 125.56292558  121.475657531239 121.430820384477 0.044837146762 
  1.84170854   1.68888476 103.00000000  121.483751863332 121.482922197027 0.000829666305 
  0.94001995   1.86651069 121.94819976  121.609579722506 121.608252872959 0.001326849547 
  1.04107511   1.81499986 107.04040238  121.742844707951 121.721101973009 0.021742734942 
  1.84924623   1.68888476 103.00000000  121.964680651199 121.964507617931 0.000173033268 
  1.17568183   1.77946513  98.84117550  122.009952415094 122.017499280642 -0.007546865548 
  0.97871692   1.84290486 114.39438612  122.026819468800 122.057919635019 -0.031100166220 
  0.96293917   1.89666971  92.85441390  122.160664304040 122.181516547625 -0.020852243585 
  0.96446195   1.90854602  88.73968755  122.214429341271 122.240354494853 -0.025925153582 
  0.97464877   1.83505460 126.44590817  122.272858416418 122.213368501540 0.059489914878 
  1.19443721   1.76127599 107.93222336  122.363136046297 122.328054576321 0.035081469976 
  0.96446195   1.87185930 103.00000000  122.437624594091 122.415480639880 0.022143954211 
  1.85678392   1.68888476 103.00000000  122.442921513459 122.443500242196 -0.000578728737 
  0.99135407   1.83625940 113.76898060  122.679731047861 122.706805643157 -0.027074595296 
  0.96446195   1.94067014  81.20851911  122.813840881165 122.812756122107 0.001084759058 
  1.08684953   1.80218919 103.41291617  122.830100477364 122.812931087768 0.017169389596 
  0.94639107   1.86659692 118.56108030  122.866839185950 122.895604813747 -0.028765627797 
  1.86432161   1.68888476 103.00000000  122.918587437838 122.919869812878 -0.001282375040 
  1.38356186   1.72610810 109.77612943  122.923991230378 122.895085857858 0.028905372521 
  0.92403158   1.89718061 111.81065731  123.004715980936 123.025132353504 -0.020416372568 
  0.98509920   1.84857357 108.28690931  123.025493714904 123.014589866568 0.010903848336 
  1.18828044   1.77081449 103.00000000  123.083433295771 123.064888084935 0.018545210836 
  0.96446195   1.89007820  95.60867365  123.167563989802 123.175497031863 -0.007933042061 
  1.03578315   1.82370230 104.86651327  123.186107878006 123.161857342105 0.024250535901 
  0.99407609   1.85104638 103.32809849  123.217064882872 123.193569832552 0.023495050320 
  1.14282326   1.77224608 111.69923527  123.375869370062 123.372903593427 0.002965776635 
  1.87185930   1.68888476 103.00000000  123.391697959778 123.393583215364 -0.001885255586 
  1.08389670   1.80402478 103.75187565  123.542656983747 123.523899604137 0.018757379611 
  0.87347024   1.99136611 101.47486691  123.691551328611 123.686527404274 0.005023924337 
  0.84934524   2.04532522 103.00000000  123.826203957808 123.828556151474 -0.002352193667 
  1.87939698   1.68888476 103.00000000  123.862007245745 123.864603999997 -0.002596754251 
  0.95012498   1.90705700  94.71472182  123.910662217728 123.920548930213 -0.009886712485 
  0.94019319   1.92515345  92.02514679  123.990307506439 124.009224238629 -0.018916732190 
  1.10143434   1.79956256 103.00000000  124.234054792090 124.220727301527 0.013327490564 
  1.12982827   1.80061777  96.96597502  124.313414329215 124.345342729687 -0.031928400472 
  1.88693467   1.68888476 103.00000000  124.329812255888 124.332895021708 -0.003082765820 
  1.50591122   1.72228127 103.00000000  124.385257235375 124.397846000716 -0.012588765341 
  0.94957895   1.93084725  87.98538792  124.518156740687 124.540733609902 -0.022576869215 
  0.96446195   1.87630273 103.12445382  124.538349789833 124.516116861180 0.022232928652 
  1.10465414   1.79888724 103.00000000  124.551822940452 124.538958491074 0.012864449378 
  1.14413881   1.79564803  97.55311591  124.864794183144 124.895959430044 -0.031165246900 
  1.13533499   1.79560960  99.25513729  125.087318534926 125.105039731681 -0.017721196755 
  0.96446195   1.89619627  95.00229986  125.127550897821 125.137209327291 -0.009658429469 
  1.28488280   1.75316583 103.00000000  125.204915959195 125.206965072693 -0.002049113498 
  0.92668504   1.89023970 121.55279184  125.223581120306 125.222018672924 0.001562447382 
  0.96446195   1.87814070 103.00000000  125.246238377982 125.224176091265 0.022062286717 
  1.90201005   1.68888476 103.00000000  125.257048715277 125.261120322146 -0.004071606869 
  0.98371373   1.86331139 103.00000000  125.335827046256 125.312799569824 0.023027476432 
  0.98441781   1.87026375  99.34059534  125.356257084113 125.345339308603 0.010917775511 
  1.09751369   1.80581263 101.41860381  125.458483773484 125.453236010430 0.005247763054 
  0.99334366   1.83202188 122.52758008  125.531287871006 125.537971002196 -0.006683131190 
  1.02129787   1.83928120 103.00000000  125.537145120092 125.514967287565 0.022177832527 
  1.12812877   1.79232834 103.00000000  125.597362731358 125.588374058131 0.008988673226 
  0.98307283   1.89389482  90.93757805  125.662461195141 125.688688706478 -0.026227511337 
  0.97344639   1.86080277 109.64742494  125.680074034633 125.680862430269 -0.000788395636 
  0.99694821   1.83281311 119.40826159  125.723221356486 125.759861856425 -0.036640499940 
  0.96446195   1.85490990 121.55825722  125.766857422008 125.775583906382 -0.008726484374 
  1.45057782   1.71649367 114.97255824  125.852126107384 125.830700962202 0.021425145182 
  0.98629636   1.86312484 103.00000000  126.129457711206 126.106321224537 0.023136486669 
  1.91708543   1.68888476 103.00000000  126.173289313272 126.177905287276 -0.004615974004 
  0.96446195   1.86730460 111.02650261  126.227495828120 126.239464383192 -0.011968555073 
  1.08854042   1.82017696  96.66078901  126.326714281819 126.351163356323 -0.024449074505 
  0.94408794   1.87973969 116.12160149  126.337386962423 126.370974730921 -0.033587768498 
  1.34783685   1.73291625 112.46225806  126.379978473538 126.360761031691 0.019217441848 
  1.13241962   1.79233598 103.00000000  126.483440557102 126.475223671539 0.008216885563 
  0.94511761   1.89866075 103.00000000  126.538807451903 126.518830417062 0.019977034841 
  1.92462312   1.68888476 103.00000000  126.627366358352 126.631888329087 -0.004521970734 
  0.96446195   1.90291766  93.95378052  126.753698848974 126.767100040263 -0.013401191290 
  1.25519812   1.76106748 103.00000000  126.767975329432 126.764013027261 0.003962302172 
  0.98462819   1.84080533 123.17376623  127.038365538723 127.030071261177 0.008294277546 
  1.93216080   1.68888476 103.00000000  127.078490872620 127.082863850068 -0.004372977448 
  1.53528126   1.70813423 115.86827620  127.107115044277 127.057182000965 0.049933043312 
  1.29996263   1.76273787  97.31201562  127.245163850315 127.277797455367 -0.032633605051 
  1.04336462   1.81252784 116.21150207  127.324587739597 127.362630778819 -0.038043039223 
  1.40830703   1.73391682 105.55843986  127.361176090497 127.354164827816 0.007011262681 
  1.93969849   1.68888476 103.00000000  127.526861210663 127.530780510082 -0.003919299419 
  0.99724338   1.84592174 110.94262611  127.572735478523 127.580486822747 -0.007751344224 
  0.96446195   1.88138944 104.32748862  127.752466593465 127.731489838620 0.020976754846 
  0.96446195   1.86454813 116.30419465  127.774865755557 127.811208370639 -0.036342615082 
  1.31153830   1.75229929 103.00000000  127.873819125594 127.880480919583 -0.006661793989 
  1.25323038   1.76308860 103.00000000  127.881221860192 127.876929866040 0.004291994152 
  1.94723618   1.68888476 103.00000000  127.972327453743 127.975583671694 -0.003256217951 
  0.96446195   1.88442211 103.00000000  127.981623029777 127.959482494435 0.022140535341 
  1.05986951   1.83381499  97.71984274  127.986403979641 127.996984483842 -0.010580504201 
  1.16429794   1.78499438 103.00000000  128.054684178187 128.052503641059 0.002180537128 
  1.26168693   1.76184093 103.00000000  128.191713441141 128.189172596366 0.002540844776 
  0.90323704   1.95461660 102.58318335  128.361694072781 128.351309040883 0.010385031898 
  1.04836230   1.84057791  97.59854729  128.371694283105 128.380244051528 -0.008549768423 
  1.95477387   1.68888476 103.00000000  128.414890407337 128.417217920033 -0.002327512696 
  0.96782856   1.87665668 106.44608269  128.530512636702 128.515562050405 0.014950586297 
  0.96446195   1.86599177 116.77929995  128.600253151439 128.636437934508 -0.036184783069 
  1.19356212   1.77806571 103.00000000  128.754007204643 128.736773372875 0.017233831768 
  0.96446195   1.94789776  82.97800799  128.803773899053 128.814070376480 -0.010296477427 
  1.96231156   1.68888476 103.00000000  128.854525858998 128.855626582552 -0.001100723553 
  1.03344148   1.85444644  95.51340669  128.868774156719 128.886142466995 -0.017368310276 
  0.97205709   1.93319764  84.77203841  128.937552531963 128.953958907529 -0.016406375567 
  0.88142927   1.98495039 107.28929246  129.124570549378 129.144407584983 -0.019837035604 
  1.18383877   1.78144680 103.00000000  129.287402499282 129.268079628584 0.019322870698 
  1.96984925   1.68888476 103.00000000  129.291350103951 129.290751846506 0.000598257445 
  0.88981481   1.97651931 104.24837303  129.526242380372 129.526668255856 -0.000425875484 
  1.97738693   1.68888476 103.00000000  129.725084018744 129.722534303239 0.002549715506 
  0.96446195   1.87136648 114.49063327  129.827497988015 129.860378484203 -0.032880496188 
  0.92133715   1.93436674 103.00000000  130.069962922880 130.055512243845 0.014450679035 
  0.94354507   1.89358259 112.89006702  130.120436584599 130.148094012911 -0.027657428312 
  1.98492462   1.68888476 103.00000000  130.155939819982 130.150915347332 0.005024472650 
  1.09018555   1.81349089 103.49513896  130.281165783137 130.264440184923 0.016725598214 
  1.07058268   1.80937256 112.40561803  130.316693239740 130.328345935944 -0.011652696204 
  0.95768004   1.89863349 101.73506786  130.339286834416 130.318428568659 0.020858265757 
  0.98932039   1.92326387  84.38579911  130.342487744674 130.357212299105 -0.014724554431 
  1.01692728   1.85012779 103.73183927  130.355071373378 130.331487873911 0.023583499468 
  1.00429987   1.85992827 103.00000000  130.534445080462 130.511260978835 0.023184101627 
  0.89228505   1.97845471 103.00000000  130.549122710072 130.544148461942 0.004974248130 
  1.06386579   1.82650901 103.00000000  130.585910870683 130.567464225772 0.018446644911 
  0.96446195   1.89070352 103.00000000  130.644898061051 130.622917832096 0.021980228956 
  1.32720672   1.75391715 103.00000000  130.830947642247 130.839795688331 -0.008848046083 
  1.23260765   1.77819447  99.21096763  130.889453441338 130.905780540650 -0.016327099312 
  0.95129781   1.91687694  97.20298561  130.975776197545 130.969098497337 0.006677700208 
  0.94803122   1.91047667 101.37434409  131.039517645273 131.019824706878 0.019692938395 
  0.96446195   1.89372673 101.98520024  131.060610419714 131.038969232502 0.021641187212 
  1.08686100   1.81683073 103.16187917  131.071232342420 131.055230660454 0.016001681965 
  1.01400829   1.84983248 105.84996934  131.088421962388 131.067263430844 0.021158531544 
  1.17961577   1.77662227 109.39177354  131.155860978306 131.145041549013 0.010819429293 
  0.99886213   1.88731230  93.36534285  131.235285517232 131.253848212770 -0.018562695538 
  0.96230201   1.87770370 113.62638353  131.262760306807 131.292743898315 -0.029983591508 
  0.96446195   1.88508809 107.05578228  131.321619690509 131.311574623954 0.010045066555 
  0.99064534   1.89959640  91.54271783  131.570128083324 131.592720951633 -0.022592868309 
  0.98655498   1.87526678 103.00000000  131.776097658691 131.752856395029 0.023241263662 
  1.29888452   1.75278064 108.94365983  132.209545508049 132.185377131904 0.024168376145 
  1.10606892   1.82251706  97.32635594  132.508394481938 132.529781737028 -0.021387255090 
  0.96446195   1.87528577 117.01102064  132.550970579352 132.585984610893 -0.035014031541 
  1.08115550   1.82256000 102.84119637  132.589401573452 132.573730029589 0.015671543863 
  0.98451477   1.88530128 100.08818799  132.896389762001 132.879085475879 0.017304286122 
  1.52396084   1.72381756 109.23014197  133.084089553227 133.029239305093 0.054850248134 
  1.35267839   1.75220449 103.68215922  133.122093335562 133.128506239522 -0.006412903960 
  0.99137116   1.87475582 103.00000000  133.166125846903 133.142787448318 0.023338398585 
  0.96446195   1.89698492 103.00000000  133.237724677514 133.215966606601 0.021758070913 
  1.01950228   1.83637519 117.27308488  133.327130857018 133.365481262319 -0.038350405301 
  0.93787172   1.89713862 127.56592198  133.367002267540 133.320694958080 0.046307309460 
  1.43631987   1.73734867 106.61528165  133.447429364409 133.430316088199 0.017113276210 
  0.83875773   2.15092838 105.78064396  133.448368538069 133.450461718184 -0.002093180115 
  1.20252222   1.78292282 103.18750032  133.537998241518 133.521946230660 0.016052010858 
  0.98083238   1.93739409  84.66755785  133.540563535673 133.558317623340 -0.017754087667 
  1.10769901   1.81308031 103.00000000  133.562692344520 133.550607502035 0.012084842484 
  0.96446195   1.88474423 111.03672672  133.601922219714 133.618417373187 -0.016495153474 
  1.16834778   1.78941868 105.58510006  134.008895686580 133.997573297120 0.011322389460 
  1.10163119   1.80553301 110.35354336  134.028705306959 134.025295574785 0.003409732174 
  1.00752244   1.86321613 104.12663188  134.062146652763 134.038909147275 0.023237505488 
  0.96446195   1.89017303 108.33223017  134.236653443964 134.235810268764 0.000843175200 
  0.96446195   1.91181299  97.60510533  134.375284296733 134.365831900819 0.009452395914 
  1.16618310   1.80151898  99.32671610  134.751409576460 134.750469163291 0.000940413169 
  1.05608983   1.85691250  94.20007652  134.772171462162 134.796765319305 -0.024593857143 
  1.07896460   1.82824679 103.00000000  135.304600995980 135.288146466132 0.016454529848 
  1.13651214   1.79591964 109.83660251  135.391760727489 135.384780772647 0.006979954842 
  0.95842506   1.90798163 103.10704186  135.448925132725 135.428220983708 0.020704149017 
  1.08578129   1.82385781 104.02294087  135.503686984241 135.485733927580 0.017953056660 
  0.96446195   1.92860130  92.72863553  135.594685842887 135.606819326013 -0.012133483126 
  0.93883788   1.92961770 103.00000000  135.738665332028 135.721348784054 0.017316547974 
  0.96446195   1.90326633 103.00000000  135.761634779210 135.740092556017 0.021542223193 
  0.96720590   2.09354176  65.08367800  135.912339838102 136.001114920644 -0.088775082543 
  0.99450103   1.89374871  96.19896314  135.957027312234 135.957526017513 -0.000498705279 
  1.03667496   1.84048985 109.91673532  136.092467491035 136.092620182013 -0.000152690978 
  1.02866528   1.84742232 108.32171574  136.122507917153 136.113187956409 0.009319960743 
  1.19998437   1.78683856 103.86080615  136.249267924606 136.229361941972 0.019905982634 
  0.96446195   1.88900679 114.29995362  136.879482580338 136.913675625781 -0.034193045443 
  0.94755125   2.02134677  77.49435714  136.985280951641 136.981120864273 0.004160087369 
  0.89451941   1.99861005 103.00000000  137.027548577451 137.024065509172 0.003483068279 
  0.96446195   1.91930210  97.37656106  137.073202767122 137.063176628343 0.010026138779 
  1.34345662   1.75519770 106.91077353  137.254263507690 137.238426567822 0.015836939867 
  1.46218761   1.73965755 106.66705650  137.391265792823 137.371273205242 0.019992587581 
  0.96446195   1.88437792 120.97290897  137.440976663864 137.443178690925 -0.002202027061 
  0.93115658   1.94383492 103.00000000  137.445380694568 137.430387523981 0.014993170586 
  0.92788090   1.94657525 103.96881979  137.609935919805 137.599095572565 0.010840347240 
  0.92953400   1.94643442 103.00000000  137.622404372603 137.607954515554 0.014449857049 
  0.96446195   1.89046522 114.89592207  137.692983916924 137.728549663738 -0.035565746813 
  0.96446195   1.89682204 109.75960419  137.705167676006 137.716191652318 -0.011023976313 
  0.96446195   1.88832267 118.45403142  138.171166372591 138.197222769460 -0.026056396869 
  1.02214900   1.85898347 106.42298929  138.348854446438 138.331941352396 0.016913094042 
  0.94449436   1.93091039 103.00000000  138.460151133615 138.442302020565 0.017849113050 
  1.12218988   1.81622840 103.00000000  138.466879991101 138.457727706003 0.009152285098 
  0.96446195   1.90175558 107.76807920  138.467568252585 138.466093913354 0.001474339231 
  1.22224975   1.78421393 104.27905013  138.494506679068 138.477340673615 0.017166005453 
  0.96446195   1.92505993  96.67766056  138.572219798683 138.564172851298 0.008046947385 
  0.93929007   1.94011004 101.77708069  138.664736177387 138.646073298074 0.018662879313 
  0.88752179   2.02012050 103.00000000  138.811786369071 138.810880951155 0.000905417917 
  1.05641791   1.84601870 103.00000000  138.832912505852 138.813701683547 0.019210822305 
  1.12219170   1.81763947 103.00000000  139.259221475211 139.250168642291 0.009052832920 
  0.97945654   1.87164602 127.95659292  139.476289329814 139.358492821371 0.117796508443 
  0.91138650   1.96412085 112.43433878  139.578740497840 139.622215528135 -0.043475030295 
  1.02888726   1.86334967 103.00000000  139.620095383510 139.598190875600 0.021904507910 
  0.96446195   1.89634363 114.25174619  139.665209171759 139.700194707889 -0.034985536130 
  1.17990130   1.79954728 103.00000000  139.822907412414 139.803413165801 0.019494246613 
  0.96478624   1.93886357  93.00533362  139.870020847229 139.878028572964 -0.008007725735 
  1.04077786   1.87403708  95.01651214  139.885624499588 139.899591155217 -0.013966655629 
  1.01044796   1.85723485 116.45413506  139.890886013309 139.926156431116 -0.035270417807 
  1.09309810   1.83724419  99.44924615  139.948675052136 139.951102253291 -0.002427201156 
  1.53482466   1.73375886 108.13869874  140.236852774200 140.188510707897 0.048342066303 
  0.99981638   1.85987579 123.44654495  140.263790384241 140.222715977608 0.041074406633 
  1.04541467   1.84505911 109.28675926  140.320376535266 140.317856929011 0.002519606255 
  0.85640744   2.11845417 106.96146576  140.348944523608 140.380821204643 -0.031876681034 
  1.04253441   1.85677346 103.00000000  140.368218046460 140.347603390194 0.020614656267 
  1.28443291   1.77384739 104.26393964  140.437700746534 140.431821728872 0.005879017662 
  1.12544877   1.82753628  98.26917199  140.577458138465 140.594605285538 -0.017147147073 
  0.96446195   1.91582915 103.00000000  140.608007280447 140.587224919051 0.020782361396 
  1.03696781   1.86089997 103.00000000  140.780407508009 140.759235819872 0.021171688138 
  1.27759210   1.77615954 104.17006314  140.977001546147 140.970693932873 0.006307613275 
  1.13176151   1.82308498  99.81703085  141.101256358183 141.110756832707 -0.009500474525 
  1.11101581   1.82554245 103.00000000  141.226879603346 141.216038709768 0.010840893577 
  1.07459714   1.84216124 103.00000000  141.518874419493 141.502292617071 0.016581802421 
  0.97098424   1.89475922 115.07613946  141.729511138343 141.765557734133 -0.036046595790 
  0.87468056   2.06308866 105.35126217  141.847721151433 141.867063823017 -0.019342671584 
  1.05365418   1.83915219 112.90116564  141.858931055471 141.879768656944 -0.020837601473 
  0.88672000   2.03611008 103.00000000  141.919864742238 141.919512016689 0.000352725550 
  1.00767092   1.86090834 119.78527544  141.949462055647 141.963110606057 -0.013648550410 
  1.25303213   1.78956082 100.02620812  142.005857687327 142.019595206649 -0.013737519322 
  1.03181650   1.86696690 103.00000000  142.146438124502 142.124903478872 0.021534645630 
  1.26512443   1.78233714 103.00000000  142.173268314877 142.171986127469 0.001282187407 
  1.26278443   1.78798382 100.01975621  142.340861115157 142.356477095507 -0.015615980350 
  1.07372450   1.85835259  96.14146692  142.397596377250 142.412478382635 -0.014882005385 
  0.96446195   1.94512407  93.41312658  142.463028286653 142.467313344981 -0.004285058328 
  0.91629203   2.01116891  92.59385652  142.469199202304 142.468925260239 0.000273942065 
  1.25409091   1.78660329 102.19962631  142.574899911782 142.576320888438 -0.001420976655 
  0.96446195   1.93681021  96.50271794  142.723523563218 142.713513950969 0.010009612249 
  1.04562055   1.86004964 103.00000000  142.780388363630 142.760257952130 0.020130411500 
  0.96446195   1.89970342 120.45549549  142.871393437799 142.873979487019 -0.002586049220 
  0.86830020   2.09453381 103.00000000  142.886683239234 142.881218620836 0.005464618398 
  1.10686106   1.83314836 101.48451061  142.961683219986 142.956097571356 0.005585648630 
  1.25333330   1.78616953 103.00000000  142.989847704215 142.986288166313 0.003559537902 
  0.90211790   2.00816303 103.00000000  143.007693922060 143.003825145778 0.003868776282 
  0.96446195   1.91698100 105.97098020  143.077077200123 143.068141751412 0.008935448712 
  1.14988262   1.81463607 103.00000000  143.112571314145 143.109327577874 0.003243736270 
  1.01784447   1.88346318 100.45602409  143.179673067782 143.161383181110 0.018289886671 
  0.96446195   1.91296777 108.98453896  143.356373424562 143.366661453885 -0.010288029323 
  0.96446195   1.96429512  88.76247669  143.469009372304 143.488969370606 -0.019959998302 
  1.34200501   1.77029003 103.00000000  143.582593979405 143.592626002869 -0.010032023464 
  0.96316227   1.91528675 108.76085246  143.600982066953 143.610286758640 -0.009304691687 
  1.10154522   1.83491565 103.00000000  144.127348842219 144.115262512876 0.012086329343 
  1.09037971   1.84466475 100.41610011  144.150935258938 144.146493334324 0.004441924614 
  1.32298942   1.77885188 100.28057387  144.230341405892 144.253156698299 -0.022815292408 
  0.96446195   1.92128539 105.43523801  144.298695929523 144.287817005347 0.010878924176 
  0.96446195   1.90380906 120.82655036  144.378167554540 144.374349317751 0.003818236788 
  0.90868082   2.00156239 103.00000000  144.401615243532 144.396100442945 0.005514800588 
  0.96446195   1.91844103 107.31046007  144.410927835437 144.410881777414 0.000046058024 
  0.94038455   1.93281265 120.55978409  144.516459062212 144.524960542738 -0.008501480526 
  1.00707471   1.90973877  94.32689868  144.632081028209 144.638034343914 -0.005953315705 
  1.26159856   1.78701524 103.00000000  144.639765335596 144.638036120233 0.001729215363 
  0.96446195   1.96460357  89.80227258  144.910760024130 144.927655922193 -0.016895898064 
  1.11485811   1.83122617 103.00000000  145.106862823162 145.097279053223 0.009583769939 
  0.96844723   1.91856789 105.98719046  145.114625423739 145.106144404832 0.008481018907 
  0.99773382   1.88932112 108.54502535  145.451449268570 145.453075256861 -0.001625988290 
  0.95345649   1.92241991 117.33653743  145.715796265729 145.746791240895 -0.030994975166 
  1.08206470   1.85318995  99.79390081  145.834717427118 145.830927097334 0.003790329785 
  0.96446195   1.91202517 115.74139980  145.857237181746 145.893465052233 -0.036227870487 
  1.05792426   1.86715074  99.28689146  145.976975783000 145.969839516629 0.007136266371 
  0.89203417   2.04443712 103.00000000  146.244822579760 146.243640402085 0.001182177675 
  0.92835363   1.95880389 115.86908734  146.255857057717 146.301602509553 -0.045745451836 
  0.99634301   1.90892544  99.68193169  146.293750303845 146.274045153802 0.019705150042 
  0.93420461   1.96803424 103.00000000  146.295178159729 146.282401943252 0.012776216477 
  0.99923865   1.89980568 103.00000000  146.374252487374 146.352017758265 0.022234729109 
  1.11084821   1.84260401  99.27283504  146.566223101374 146.572122966752 -0.005899865379 
  1.00127265   1.89871780 103.00000000  146.590628586455 146.568402796971 0.022225789484 
  0.99548740   1.90344786 103.32454117  146.854332119095 146.832803160079 0.021528959016 
  0.95302121   1.92333813 123.85943116  146.934157313361 146.895263164571 0.038894148789 
  1.19175136   1.81225504 100.67322145  146.972475657716 146.967857998776 0.004617658940 
  0.98464747   1.89477397 117.38488509  147.235275951276 147.262688683913 -0.027412732637 
  0.95457881   1.94537734 103.00000000  147.301135818660 147.283649898617 0.017485920043 
  1.08156903   1.84391462 106.94811811  147.316745848948 147.305415036657 0.011330812291 
  1.12294726   1.83220819 103.00000000  147.337562414559 147.329797551967 0.007764862592 
  0.96446195   1.97003364  90.34502269  147.377719258431 147.391612812653 -0.013893554222 
  1.23333540   1.79828771 103.00000000  147.564870141399 147.557699043106 0.007171098293 
  0.96446195   1.94599513  98.37118294  147.660707825369 147.641396178762 0.019311646607 
  1.26501168   1.79124570 103.00000000  147.704726656855 147.703942354733 0.000784302123 
  0.88110247   2.08410518 102.52346751  147.793453176084 147.786054254367 0.007398921717 
  1.13781655   1.82204812 107.25493794  148.462666819687 148.454848306198 0.007818513489 
  0.99529615   1.88549712 121.94304795  148.508838666621 148.474798147966 0.034040518655 
  1.08283661   1.86155548  98.29390375  148.569300395131 148.572045764928 -0.002745369797 
  0.96446195   1.91754334 119.88517536  148.750924562206 148.754509683328 -0.003585121123 
  1.09518122   1.84435486 104.46134198  148.776358395695 148.762471132877 0.013887262818 
  0.97785585   1.91280873 111.03851283  149.071142918812 149.095974999363 -0.024832080550 
  0.96409184   1.96982945  92.00000353  149.104411500768 149.110342330570 -0.005930829802 
  0.96446195   1.94095477 103.00000000  149.533554133486 149.514920833519 0.018633299967 
  0.94918708   1.94256844 114.35451749  149.599524818001 149.642040778510 -0.042515960509 
  0.95861885   2.11948503  69.40581496  149.706026403597 149.665788900550 0.040237503047 
  0.96446195   1.93539607 106.37188797  149.761117952108 149.759487802546 0.001630149562 
  1.03356372   1.90153617  95.18692071  150.209797143631 150.213542847051 -0.003745703420 
  1.06341432   1.85851905 107.49791625  150.236579462202 150.229221736464 0.007357725738 
  0.96446195   1.92521704 116.05392596  150.351054365965 150.386367603960 -0.035313237995 
  0.94068676   1.96832048 105.48292383  150.422587799723 150.423663571921 -0.001075772198 
  1.14162471   1.83236777 102.23038852  150.492115459179 150.491214196859 0.000901262321 
  1.08451071   1.85646757 103.00000000  150.992567938061 150.978798346815 0.013769591246 
  1.23881368   1.79625764 107.59805436  151.093381638755 151.073626871197 0.019754767558 
  0.96446195   1.93183549 111.72876059  151.099746326367 151.133065570154 -0.033319243788 
  0.91441287   2.01124804 107.24810585  151.155963202538 151.183453032298 -0.027489829759 
  0.94317437   1.97034465 103.94112446  151.168368431281 151.159786777405 0.008581653876 
  0.96446195   1.92307453 127.02887580  151.230666157295 151.143538221016 0.087127936279 
  1.01217177   1.90202547 103.00000000  151.341965012882 151.320741680559 0.021223332323 
  0.96446195   1.92387026 129.27339301  151.504241415420 151.432520399559 0.071721015861 
  1.08008947   1.85992539 103.00000000  151.580947596383 151.566555330629 0.014392265754 
  0.96446195   1.94723618 103.00000000  151.612494990211 151.594705105630 0.017789884582 
  1.28041338   1.79204797 104.58269333  151.637433168766 151.631281080322 0.006152088444 
  0.96446195   1.92862420 118.43433042  151.976075762592 151.993462931556 -0.017387168964 
  0.96446195   1.92921156 117.92091462  152.056362880729 152.078706777067 -0.022343896338 
  1.04100456   1.87772021 106.40014186  152.143991917044 152.133353703904 0.010638213140 
  1.11495342   1.85588294  97.45764629  152.231711074033 152.245442365160 -0.013731291127 
  0.91124580   2.03098685 103.00000000  152.445316575799 152.441426031727 0.003890544072 
  1.09663800   1.84451194 108.88145528  152.459388321535 152.459063187843 0.000325133692 
  0.95366968   1.96319179 103.00000000  152.582800195145 152.567369012818 0.015431182327 
  0.96446195   1.93280835 115.50485364  152.617198632528 152.654580217394 -0.037381584866 
  0.90405569   2.04896421 103.00000000  152.864438646306 152.861691535762 0.002747110543 
  0.96248277   1.95343934 103.00000000  152.877966415381 152.860874848095 0.017091567286 
  0.96446195   1.96618249  96.91808329  152.998342331473 152.980325239532 0.018017091941 
  0.99163793   1.92382115 103.00000000  153.055335717687 153.034764734844 0.020570982843 
  0.95385636   1.96473422 103.00000000  153.120226251202 153.105038552839 0.015187698362 
  0.93742758   1.98187532 106.06533991  153.172496580566 153.181530239324 -0.009033658758 
  0.91709738   2.02311355 103.00000000  153.316345699579 153.311262762636 0.005082936943 
  0.98737206   1.94523298  96.24248496  153.560117215235 153.546850863772 0.013266351462 
  0.96446195   1.95351759 103.00000000  153.633205749691 153.616113326693 0.017092422998 
  1.02863374   1.88838856 107.42322174  153.812256642505 153.808715498196 0.003541144309 
  1.16604877   1.82873965 103.00000000  153.873083348557 153.852462505979 0.020620842578 
  0.98321250   1.91752299 116.64006211  154.527673906385 154.555079335820 -0.027405429435 
  0.96446195   1.93494422 127.61888414  154.544429793994 154.462116591341 0.082313202653 
  0.96446195   1.96771878  98.27576206  154.631803065542 154.609458928520 0.022344137022 
  0.96849328   1.93125668 121.28639620  154.647814229622 154.621735081379 0.026079148243 
  0.95943481   1.94446364 118.34950011  154.848129135382 154.866602905360 -0.018473769978 
  0.97656742   1.93358194 109.04372387  154.856162253807 154.873736502457 -0.017574248650 
  0.96446195   1.93655078 122.72030498  154.877051107782 154.831774735706 0.045276372076 
  1.09178301   1.85931616 104.22199086  155.061294724383 155.049314567995 0.011980156388 
  1.00621403   1.89924180 115.16883475  155.079897870735 155.110866072490 -0.030968201754 
  1.10474598   1.85587660 103.00000000  155.351369653232 155.341835517407 0.009534135825 
  1.06882203   1.87422898 103.06199832  155.432962191138 155.417659779035 0.015302412104 
  0.96446195   1.95979899 103.00000000  155.596711929098 155.580336545624 0.016375383474 
  1.16575543   1.83621727 100.80684796  155.728903740641 155.715997333149 0.012906407492 
  1.09294761   1.87275031  97.80942755  155.735201859399 155.739632916907 -0.004431057508 
  0.96446195   1.96240096 102.46064690  156.051155387086 156.032724599156 0.018430787930 
  0.97730783   1.98572440  89.58444090  156.075500101837 156.089604207023 -0.014104105186 
  1.34591273   1.78945944 103.00000000  156.131532529329 156.141271286926 -0.009738757597 
  1.08513834   1.86714605 103.00000000  156.154326434113 156.141703652160 0.012622781953 
  1.06944173   1.87678448 103.00000000  156.672239840922 156.657357949311 0.014881891611 
  1.39566928   1.78652004 100.55314406  156.776469420700 156.794737139400 -0.018267718700 
  0.96446195   1.94357385 125.02157590  156.874743867902 156.798606017151 0.076137850751 
  0.96446195   1.98523692  94.98372717  157.043928394804 157.029859368447 0.014069026357 
  1.07607388   1.87397928 103.00000000  157.067282205717 157.053471861706 0.013810344011 
  0.96446195   1.95351512 109.73905212  157.097386318979 157.125804618493 -0.028418299514 
  1.29682580   1.79716528 105.09088883  157.145471357038 157.140135104150 0.005336252888 
  1.00540346   1.92284630 103.00000000  157.158117601848 157.138327456395 0.019790145454 
  0.96446195   1.96693406 102.20408247  157.258936550181 157.239940086734 0.018996463447 
  0.96446195   1.95088497 113.06796911  157.430094132109 157.472063049164 -0.041968917056 
  0.96446195   1.96608040 103.00000000  157.504174889447 157.488549965039 0.015624924409 
  0.97540579   1.93359590 119.86297738  157.582764922161 157.570759055861 0.012005866300 
  1.00469510   1.91269810 110.66474139  157.705258917726 157.728209801675 -0.022950883949 
  1.08550027   1.87045588 103.00000000  157.749367720644 157.737176674966 0.012191045678 
  1.18277683   1.82412614 107.57774401  158.024163953476 158.003582746715 0.020581206762 
  0.94799494   2.06670183  83.01939613  158.143774662472 158.176518607385 -0.032743944912 
  1.03966023   1.89910679 103.00000000  158.225391902251 158.207272579133 0.018119323118 
  0.96469684   1.95200313 115.00030834  158.320528632521 158.360378812494 -0.039850179973 
  0.95369704   1.96720313 115.32976838  158.476359530301 158.519992895555 -0.043633365254 
  0.98286506   1.94195867 106.80011775  158.669637780764 158.673464105977 -0.003826325213 
  1.21527498   1.81652150 107.07933590  158.759865122418 158.742053999273 0.017811123145 
  0.96446195   1.96003073 109.20973479  158.813067213792 158.839973064320 -0.026905850528 
  1.00358453   1.95557797  92.80836248  158.908946110711 158.909638442628 -0.000692331917 
  0.95404597   1.97141269 112.24728056  159.078371912667 159.124679165504 -0.046307252837 
  0.94215779   2.00300281 103.26372468  159.208907414977 159.200929081530 0.007978333447 
  0.96268324   1.97371236 103.23222697  159.228301885913 159.215033976354 0.013267909559 
  1.19119411   1.83069224 103.00000000  159.243447303761 159.229106821647 0.014340482114 
  0.96446195   1.97236181 103.00000000  159.356711666642 159.341894911694 0.014816754948 
  1.01328076   1.91037766 110.62023033  159.493944806170 159.516177047102 -0.022232240932 
  0.91527669   2.05700789 103.00000000  159.520869346496 159.517118106124 0.003751240371 
  0.97944015   1.93542965 120.16501031  159.546257112255 159.523331717748 0.022925394508 
  1.11204216   1.86143867 103.00000000  159.584670179665 159.577647967827 0.007022211838 
  0.92975443   2.01587825 110.41552911  159.654964727393 159.708723915760 -0.053759188366 
  1.04615210   1.89833265 103.00000000  159.699455152808 159.682333523078 0.017121629730 
  0.96446195   1.95667404 117.18379890  159.926483872514 159.951625513665 -0.025141641151 
  0.97063427   1.94714333 122.18764717  159.969935493755 159.916834660014 0.053100833741 
  0.95520143   2.04735694  85.71423793  159.985358099289 160.015180700329 -0.029822601040 
  0.96446195   1.97543082 102.66338502  160.041380301460 160.025234053462 0.016146247998 
  0.95745945   1.98445482 103.00000000  160.161544352100 160.148542770333 0.013001581767 
  1.10190522   1.86806760 103.00000000  160.431347468941 160.422740333747 0.008607135194 
  1.14390492   1.84975775 103.00000000  160.479462513569 160.478867902240 0.000594611329 
  1.05617626   1.89449357 103.00000000  160.813603570688 160.797933202167 0.015670368522 
  0.98553507   1.96906321  96.31757932  160.853321302879 160.834533109543 0.018788193336 
  1.03749769   1.89785147 108.78111653  160.896896922892 160.905880848070 -0.008983925178 
  0.96446195   1.96044984 118.46760025  161.084733181255 161.094481314127 -0.009748132872 
  0.96446195   1.97864322 103.00000000  161.155524323261 161.141492151293 0.014032171968 
  1.35842899   1.79603111 103.00000000  161.365609541859 161.375698428755 -0.010088886895 
  0.96446195   1.96335291 126.69158664  161.689430557049 161.611395263307 0.078035293742 
  0.96446195   1.96275016 124.44540509  161.735732844343 161.660951681303 0.074781163040 
  1.27731881   1.81255139 103.28267682  162.041498730363 162.042611542599 -0.001112812236 
  1.36398088   1.79626156 103.00000000  162.055763310906 162.065987175045 -0.010223864139 
  0.93785896   2.02366564 102.89164506  162.200694420120 162.192507365841 0.008187054279 
  1.01330633   1.92418074 106.31887492  162.227422427492 162.225350608560 0.002071818932 
  0.92766399   2.04364421 103.00000000  162.291866139181 162.286564377976 0.005301761206 
  0.96446195   1.96574379 117.25920138  162.347955663001 162.370941586602 -0.022985923601 
  1.04103040   1.90692400 103.91715682  162.365016242857 162.350578969295 0.014437273562 
  0.96361283   2.15630121  71.22710515  162.807366687939 162.741438958092 0.065927729847 
  0.97202368   1.95797873 116.20134511  162.837845626571 162.866888719458 -0.029043092887 
  0.96446195   1.96713668 119.74374894  162.880700325084 162.870262254939 0.010438070145 
  0.96446195   1.98492462 103.00000000  162.901584076273 162.888436681819 0.013147394454 
  1.47244320   1.78280543 103.00000000  163.406124832094 163.413442797004 -0.007317964910 
  0.97737667   1.95166281 120.65286216  163.455006029752 163.415377345550 0.039628684202 
  0.96446195   1.97142461 115.23627971  163.555330578551 163.594755346158 -0.039424767607 
  1.08327736   1.89695225  97.77603639  164.062711513925 164.060337305308 0.002374208617 
  0.96446195   1.97237450 119.25969046  164.159142483928 164.154334481196 0.004808002732 
  1.25824286   1.82157755 103.00000000  164.307204041070 164.306718447393 0.000485593677 
  1.45626246   1.78657058 103.00000000  164.429256666557 164.437545009022 -0.008288342464 
  1.04202770   1.91333973 103.00000000  164.439857715035 164.423831310603 0.016026404432 
  0.99729336   1.94130767 109.49657852  164.517169286049 164.540970151907 -0.023800865857 
  1.21478674   1.83481542 102.32030820  164.546195765684 164.539841194734 0.006354570951 
  1.01505788   1.95952542  93.50227457  164.585405785005 164.580457876073 0.004947908931 
  0.96446195   1.98760759 105.35375874  164.830210141707 164.834573641368 -0.004363499662 
  0.94416665   2.02401103 103.00000000  164.871683306650 164.863870220457 0.007813086193 
  0.95709825   2.00366467 102.75106198  164.928458366077 164.916150097310 0.012308268768 
  0.95341799   2.00893966 103.00000000  164.956570145667 164.946790399739 0.009779745928 
  1.10136951   1.87242824 106.72654529  165.022250884438 165.021858007472 0.000392876966 
  1.04253991   1.92721125  97.39965537  165.133607604515 165.120692176804 0.012915427712 
  0.95339800   2.08886206  83.16092894  165.273814741675 165.314548618386 -0.040733876711 
  1.01581079   1.92955766 107.08567064  165.280520238277 165.285531443341 -0.005011205064 
  0.96446195   2.05574881  85.62376487  165.366744424035 165.399851783615 -0.033107359581 
  0.96992462   1.97087514 125.49070465  165.476030550170 165.370915389843 0.105115160327 
  1.30789198   1.81292626 103.00000000  165.672713392130 165.678966327085 -0.006252934955 
  1.04343353   1.90948671 106.53409432  165.703002772716 165.702292519532 0.000710253184 
  1.01613841   1.93635987 103.73442546  165.734794768832 165.720945243876 0.013849524956 
  1.06154553   1.91446292  98.10516741  166.037077673598 166.026795694556 0.010281979042 
  1.02632760   1.92991572 103.00000000  166.042066461549 166.025667775653 0.016398685895 
  1.40399047   1.79371317 105.10273366  166.157617495541 166.156822477764 0.000795017777 
  1.30505453   1.81479549 102.80110928  166.209666390365 166.216384065259 -0.006717674895 
  1.24219386   1.82943691 103.00000000  166.327893296424 166.324967456847 0.002925839577 
  0.96446195   1.98485650 113.12652562  166.592616444574 166.640359824115 -0.047743379541 
  0.96446195   2.04846870  88.16586848  166.699605863021 166.716853183771 -0.017247320750 
  1.02026238   1.93961815 101.92638682  166.860008476717 166.840378108747 0.019630367970 
  0.96446195   1.98469786 120.28203894  167.051390306111 167.026130477675 0.025259828436 
  1.00739326   1.93870089 110.07015895  167.117832619675 167.144328515070 -0.026495895395 
  0.92708169   2.07202748 103.00000000  167.387586229623 167.382519551838 0.005066677785 
  0.96439159   2.00112186 103.81295115  167.554281646400 167.549135329539 0.005146316861 
  0.96446195   1.98786167 114.70812736  167.559682566018 167.602434492767 -0.042751926749 
  1.43961231   1.79426042 103.00000000  167.679520176673 167.688148150391 -0.008627973719 
  1.10889032   1.88819440  99.40753691  167.762221996451 167.761315801555 0.000906194895 
  0.96446195   2.00376884 103.00000000  167.834859986790 167.824022831909 0.010837154880 
  0.96446195   1.99548697 107.92491208  167.874370438352 167.902641503205 -0.028271064853 
  1.49556548   1.79155566 100.43939400  167.899419798367 167.894997089630 0.004422708736 
  1.08392023   1.89493029 103.00000000  167.913167107919 167.903924068419 0.009243039501 
  1.18977631   1.84289182 107.36877954  168.625993289370 168.611573207870 0.014420081500 
  0.96446195   2.01215646 100.92184482  168.767352668365 168.744952279439 0.022400388926 
  0.96446195   2.01005025 103.00000000  169.380890238859 169.370911172677 0.009979066182 
  1.22148467   1.84843422  99.25613329  169.618878316942 169.619327070290 -0.000448753348 
  0.96446195   2.05018291  90.61304356  169.692511490874 169.690892863541 0.001618627333 
  0.97526069   1.99041089 131.22138947  170.114821235129 170.155753384699 -0.040932149570 
  1.10887792   1.88772027 103.00000000  170.585699219380 170.581794080759 0.003905138621 
  1.40645664   1.79963558 106.10842459  170.629429841159 170.623143390769 0.006286450391 
  1.02474412   1.94477476 103.00000000  170.646785318113 170.632296115036 0.014489203076 
  0.98004626   1.99084426 133.76710988  171.006557882938 171.270048945712 -0.263491062774 
  1.12431230   1.88391117 101.47522845  171.006885966792 171.006375243403 0.000510723389 
  0.95247282   2.09109028  88.01636030  171.066319408354 171.079383482699 -0.013064074346 
  1.39410885   1.80750687 103.00000000  171.404477922337 171.413913578001 -0.009435655664 
  0.99078225   1.96595655 122.46008140  171.610069296814 171.481961994451 0.128107302363 
  1.09691033   1.89672998 103.00000000  171.655288057584 171.649623213371 0.005664844213 
  1.11725315   1.88480472 103.73738208  171.700397228084 171.699115555932 0.001281672151 
  0.96446195   2.06069161  90.29763153  171.713350706661 171.711998898903 0.001351807758 
  0.91074594   2.15838245 103.00000000  171.822096108746 171.811056522986 0.011039585761 
  0.96446195   2.01243427 124.48195258  172.081654895821 171.995965470332 0.085689425489 
  1.24943240   1.83697504 104.10672862  172.151460658170 172.148207494673 0.003253163497 
  0.99273996   1.96836238 114.81010442  172.436933917208 172.463156508642 -0.026222591434 
  1.24267375   1.84142640 103.20088889  172.736657144171 172.734516061393 0.002141082777 
  1.02413891   1.96276488  98.16915430  172.739996341010 172.717419148749 0.022577192261 
  1.00895247   1.96006007 106.74451146  172.766969784676 172.777836027172 -0.010866242496 
  1.20931155   1.85151259 103.12531778  172.768824926952 172.760963739894 0.007861187058 
  1.07909723   1.90894639 103.65650206  172.790514850178 172.784010493644 0.006504356533 
  0.95927211   2.02355988 109.92762643  172.874626594763 172.924328797290 -0.049702202527 
  1.21932826   1.85277968 100.93436026  173.022521614552 173.019949749030 0.002571865521 
  1.07400071   1.91590042 103.00000000  173.724692686534 173.716210602738 0.008482083796 
  0.96446195   2.09003578  86.45035895  173.727358765642 173.754943281838 -0.027584516196 
  0.96446195   2.02889447 103.00000000  173.738451847719 173.730552723050 0.007899124669 
  1.01873845   1.95155775 108.26068551  173.850687952181 173.870496367114 -0.019808414933 
  1.09358235   1.90525874 103.00000000  174.294342583584 174.289293060208 0.005049523376 
  1.03731324   1.94628807 103.00000000  174.750161697611 174.738243263882 0.011918433730 
  1.08821098   1.92039650  98.03310985  174.816683919693 174.809855549438 0.006828370255 
  0.96446195   2.02393740 110.16619793  174.920599218378 174.970775651885 -0.050176433508 
  0.96446195   2.09039881  87.50061005  174.946746462945 174.965234145050 -0.018487682105 
  1.03893558   1.93610092 108.86141675  175.017706723331 175.038082357566 -0.020375634235 
  1.12484609   1.88515477 106.15560836  175.091106433312 175.097593769850 -0.006487336537 
  0.96446195   2.03517588 103.00000000  175.100574404478 175.093278242574 0.007296161904 
  1.02654648   1.97453086  96.14128351  175.377132790381 175.356735274924 0.020397515458 
  1.12060022   1.89399804 103.00000000  175.682256803080 175.682637555362 -0.000380752281 
  0.96446195   2.11022163  85.06601947  175.969761809050 176.007717652788 -0.037955843738 
  0.94588371   2.07854971 103.00000000  176.240281655428 176.234784949631 0.005496705797 
  0.94579852   2.08262760 103.00000000  176.884108424340 176.878600020153 0.005508404187 
  1.10421226   1.90241337 105.95747511  177.546993345641 177.553622528770 -0.006629183129 
  0.96446195   2.04773869 103.00000000  177.694855095273 177.688540817480 0.006314277793 
  1.07626833   1.92421028 103.71470079  177.810973995740 177.807230189898 0.003743805842 
  1.24983844   1.85088733 103.00000000  178.214035077031 178.214376740736 -0.000341663704 
  1.13352233   1.89413355 102.92592599  178.309290606729 178.313112403060 -0.003821796331 
  1.16215569   1.88220093 103.00000000  178.806409094712 178.791328602640 0.015080492072 
  0.96824513   2.07685545  92.99747792  178.831105877503 178.804031127774 0.027074749730 
  0.96446195   2.05402010 103.00000000  178.928722943299 178.922870549409 0.005852393890 
  1.29173850   1.84181016 103.00000000  179.053836592502 179.059233281359 -0.005396688857 
  1.14131039   1.89256755 103.00000000  179.248206180589 179.253967227445 -0.005761046855 
  0.95407837   2.07817327 103.00000000  179.380250516151 179.375158144056 0.005092372096 
  1.17724232   1.87559927 104.78135470  179.896875666105 179.886188746342 0.010686919763 
  1.06271761   1.95087894  98.66826687  179.927886053789 179.911624703680 0.016261350109 
  1.19980568   1.87066895 103.00000000  180.109449628304 180.101999444577 0.007450183727 
  0.95955816   2.07221474 105.28346741  181.129299555396 181.148608431713 -0.019308876317 
  1.05864923   1.93935502 109.12015946  181.442021731687 181.465046336258 -0.023024604570 
  0.98128314   2.03696812 103.00000000  181.493829103452 181.487479953315 0.006349150138 
  1.33219972   1.84096956 101.09487977  181.510700059418 181.517727332513 -0.007027273095 
  1.11364398   1.91281494 103.00000000  181.627317582115 181.629210196287 -0.001892614172 
  1.04569022   1.95050505 109.49942014  181.671851009196 181.697944242617 -0.026093233421 
  1.04632750   1.95825804 104.34373686  181.834107180559 181.834164864023 -0.000057683464 
  0.96446195   2.07286432 103.00000000  182.387798607193 182.383063455775 0.004735151418 
  1.05383262   1.95621452 103.00000000  182.421790913344 182.415433642322 0.006357271022 
  1.03838091   1.98733881  96.41472996  182.802947563490 182.779353823432 0.023593740058 
  0.96446195   2.07070578 107.32090292  183.136008313781 183.175147268487 -0.039138954707 
  1.26392357   1.86272336 100.30754994  183.398761841687 183.399782432211 -0.001020590524 
  1.12310459   1.91016068 104.25744318  183.451752971847 183.459317323379 -0.007564351532 
  1.03328833   1.98979294  98.75001282  183.876799819394 183.852497928684 0.024301890710 
  0.98546350   2.04363665 103.00000000  184.318147928207 184.312863158132 0.005284770075 
  0.96446195   2.08542714 103.00000000  184.500271068671 184.495917802018 0.004353266653 
  1.16604673   1.89424411 103.00000000  184.538015614147 184.525809384871 0.012206229276 
  0.93887063   2.21532063  90.42137222  184.547597788940 184.535248163006 0.012349625934 
  1.19750964   1.88197009 103.00000000  184.695594528639 184.689190578185 0.006403950454 
  1.12263222   1.91599775 103.00000000  184.703759472308 184.708863791932 -0.005104319624 
  0.97639674   2.05842020 111.86493650  185.828955124016 185.874843525146 -0.045888401130 
  1.06557890   1.96119109 101.36895184  185.964001190023 185.953779081300 0.010222108723 
  1.14472410   1.90791563 103.00000000  186.041133430506 186.025748220011 0.015385210496 
  1.28690700   1.85912549 102.06736653  186.080657081275 186.085994507111 -0.005337425837 
  0.96446195   2.09798995 103.00000000  186.465389855523 186.461189004771 0.004200850752 
  0.97108585   2.10150330  97.01456021  186.945686099931 186.899343304299 0.046342795631 
  1.00482707   2.01404339 114.06021643  187.017675237654 187.025733090919 -0.008057853265 
  1.10492028   1.92851420 105.84616145  187.214733640227 187.228930919122 -0.014197278895 
  0.96446195   2.10427136 103.00000000  187.394870789827 187.390446372434 0.004424417393 
  0.96446195   2.11705297 119.64900912  187.701637412152 187.593247905420 0.108389506732 
  0.96446195   2.11055276 103.00000000  188.289225605433 188.285139746368 0.004085859065 
  1.02116910   2.03092323  95.52677798  188.496667767813 188.464453717968 0.032214049845 
  1.26866001   1.86988882 102.39284068  189.031017627873 189.034927686284 -0.003910058411 
  1.11035745   1.94346812  99.70012997  189.477570704956 189.472995599519 0.004575105437 
  1.14506044   1.91511065 105.44483679  190.390548140902 190.384067054099 0.006481086803 
  1.42995165   1.84086937 102.24527022  191.414794489512 191.417452162237 -0.002657672725 
  1.28238816   1.87575752 100.55043496  191.829091148986 191.827989054949 0.001102094037 
  0.97929929   2.10052189 103.00000000  192.192888944468 192.190527760320 0.002361184148 
  1.11429671   1.94468005 103.00000000  193.022765395533 193.031219911260 -0.008454515727 
  1.06458871   1.98531231 102.19034701  193.285902354404 193.282953002963 0.002949351441 
  0.96446195   2.16141485 111.55380514  194.109805054857 194.145482064671 -0.035677009814 
  1.10674786   1.95444840 103.00000000  194.551198739773 194.559379657413 -0.008180917640 
  1.13190548   1.94037593 103.00000000  195.204187189825 195.216918779817 -0.012731589991 
  1.39842065   1.85449116 103.17603916  196.089936328161 196.096020449921 -0.006084121760 
  1.06630963   1.99329679 103.00000000  196.316522512381 196.320832922966 -0.004310410585 
  1.12099635   1.95060836 103.19679584  196.467882156572 196.480366442322 -0.012484285750 
  1.24096252   1.89813062 101.53644322  196.719661191131 196.718418763297 0.001242427834 
  0.96446195   2.19849246 103.00000000  197.573001477940 197.585247167679 -0.012245689739 
  1.22287661   1.90980784 101.95725390  199.058384407159 199.056663253256 0.001721153903 
  1.00599790   2.08943051 103.00000000  199.378840237514 199.380669247574 -0.001829010060 
  1.12574705   1.95719618 103.00000000  199.402476769072 199.416723881449 -0.014247112378 
  1.20119890   1.92260320 101.25921518  200.065084564139 200.057478223125 0.007606341014 
  1.08545506   1.99284293 103.00000000  200.851066606083 200.860844409141 -0.009777803058 
  1.08357988   2.00322890  99.41289558  201.050541049088 201.037268238345 0.013272810743 
  1.04798835   2.04598625  97.83943385  201.163951950795 201.133109385057 0.030842565738 
  1.18399279   1.92888276 104.15784106  201.451415983047 201.452693710030 -0.001277726983 
  1.15878067   1.95175676 103.38717139  204.264501944523 204.261682923186 0.002819021337 
  1.26936723   1.90509744 103.19778503  204.356317784332 204.363154157440 -0.006836373108 
  0.99359483   2.16746636 100.51873817  204.758083010562 204.738325269272 0.019757741290 
  1.49164789   1.86071077 103.40661912  206.194291910284 206.200632284561 -0.006340374277 
  1.07833096   2.03010774 103.00000000  208.177892370866 208.191908256563 -0.014015885697 
  1.16727375   1.95971377 104.76178441  208.977796393450 208.983053959807 -0.005257566357 
  1.07503483   2.04029921 103.00000000  209.570135196420 209.584677104071 -0.014541907652 
  1.10595161   2.00929630 103.00000000  209.669543537373 209.687961042425 -0.018417505052 
  1.44620967   1.87481010 105.11223308  210.291629115982 210.297839438428 -0.006210322446 
  1.31045316   1.92681482 104.75632010  217.987890779910 217.998006357634 -0.010115577724 
  1.03493339   2.17699541 103.00000000  218.941612466027 218.962816214109 -0.021203748081 
  1.51917437   1.89337678 103.30488119  221.585999367519 221.604793501955 -0.018794134436 
  1.30560465   1.94672802 102.18890757  222.653472852126 222.649582075803 0.003890776322 
  1.11805333   2.05528541 104.64591686  222.850479480632 222.883384527455 -0.032905046823 
  1.12338486   2.05740067 104.21946461  224.224380841624 224.257024549932 -0.032643708308 
  1.06051477   2.17565695  99.11219334  225.009795317776 224.998076869592 0.011718448184 
  1.23561141   1.98379898 104.27014430  226.232747983282 226.242679068668 -0.009931085386 
  1.44160826   1.92508403 102.55994809  227.678712789530 227.671221694534 0.007491094995 
  1.25598262   2.00100985 102.61896977  232.676766278746 232.674651253630 0.002115025116 
  1.13363742   2.11497571 104.50017145  235.741206321411 235.735168036765 0.006038284645 
  1.26021116   2.02477452 103.35780648  239.225743645980 239.222741207929 0.003002438051 
  1.46151163   2.03040406 102.57228587  258.451702608334 258.435877096580 0.015825511754 
  1.47829162   2.03282882 102.61086869  260.054199450427 260.055375412724 -0.001175962296 
