0.96446195 1.68888476 103.00000000 -535.789142464675    1    46.572507
0.95946195 1.68888476 103.00000000 -535.789262200604    2    20.293508
0.96946195 1.68888476 103.00000000 -535.788975928652    3    83.122940
0.95446195 1.68888476 103.00000000 -535.789333497623    4     4.645620
0.97446195 1.68888476 103.00000000 -535.788764181179    5   129.596139
0.94946195 1.68888476 103.00000000 -535.789354664626    6     0.000000
0.97946195 1.68888476 103.00000000 -535.788508762044    7   185.654161
0.94446195 1.68888476 103.00000000 -535.789323956214    8     6.739718
0.98446195 1.68888476 103.00000000 -535.788211163920    9   250.969401
0.93946195 1.68888476 103.00000000 -535.789239572627   10    25.259775
0.98946195 1.68888476 103.00000000 -535.787872833264   11   325.224398
0.93446195 1.68888476 103.00000000 -535.789099655465   12    55.968043
0.99446195 1.68888476 103.00000000 -535.787495172476   13   408.111362
0.92946195 1.68888476 103.00000000 -535.788902287223   14    99.285366
0.99946195 1.68888476 103.00000000 -535.787079541394   15   499.331842
0.92446195 1.68888476 103.00000000 -535.788645489260   16   155.646005
1.00446195 1.68888476 103.00000000 -535.786627257575   17   598.596668
0.91946195 1.68888476 103.00000000 -535.788327219665   18   225.498108
1.00946195 1.68888476 103.00000000 -535.786139598871   19   705.625384
0.91446195 1.68888476 103.00000000 -535.787945370771   20   309.304255
1.01446195 1.68888476 103.00000000 -535.785617804086   21   820.146105
0.90946195 1.68888476 103.00000000 -535.787497766309   22   407.542081
1.01946195 1.68888476 103.00000000 -535.785063073740   23   941.895345
0.90446195 1.68888476 103.00000000 -535.786982161574   24   520.704242
1.02446195 1.68888476 103.00000000 -535.784476572265   25  1070.617542
0.89946195 1.68888476 103.00000000 -535.786396237749   26   649.299660
1.02946195 1.68888476 103.00000000 -535.783859428685   27  1206.064905
0.89446195 1.68888476 103.00000000 -535.785737602073   28   793.853485
1.03446195 1.68888476 103.00000000 -535.783212736930   29  1347.997342
0.88946195 1.68888476 103.00000000 -535.785003783571   30   954.908033
1.03946195 1.68888476 103.00000000 -535.782537558511   31  1496.181879
0.88446195 1.68888476 103.00000000 -535.784192231907   32  1133.023039
1.04446195 1.68888476 103.00000000 -535.781834921749   33  1650.392826
0.87946195 1.68888476 103.00000000 -535.783300312536   34  1328.776718
1.04946195 1.68888476 103.00000000 -535.781105824595   35  1810.411158
0.87446195 1.68888476 103.00000000 -535.782325306236   36  1542.765870
1.05446195 1.68888476 103.00000000 -535.780351233818   37  1976.024694
0.86946195 1.68888476 103.00000000 -535.781264404119   38  1775.606975
1.05946195 1.68888476 103.00000000 -535.779572087531   39  2147.027541
0.86446195 1.68888476 103.00000000 -535.780114705889   40  2027.936575
1.06446195 1.68888476 103.00000000 -535.778769294371   41  2323.220277
0.85446195 1.68888476 103.00000000 -535.777536839124   42  2593.712943
1.07446195 1.68888476 103.00000000 -535.777096268094   43  2690.407109
0.84446195 1.68888476 103.00000000 -535.774566536662   44  3245.618993
1.08446195 1.68888476 103.00000000 -535.775338889914   45  3076.107045
1.08946195 1.68888476 103.00000000 -535.774430562406   46  3275.461893
0.83946195 1.68888476 103.00000000 -535.772925897348   47  3605.697708
1.11446195 1.68888476 103.00000000 -535.769622076022   48  4330.802689
0.81446195 1.68888476 103.00000000 -535.763021984856   49  5779.355292
0.76446195 1.68888476 103.00000000 -535.733035487252   50 12360.630920
1.26446195 1.68888476 103.00000000 -535.734950988824   51 11940.226911
0.66446195 1.68888476 103.00000000 -535.612041838671   52 38915.667828
1.36446195 1.68888476 103.00000000 -535.709600018973   53 17504.121776
1.46446195 1.68888476 103.00000000 -535.683857096750   55 23154.040245
1.56446195 1.68888476 103.00000000 -535.665329914036   56 27220.286916
1.66446195 1.68888476 103.00000000 -535.651669156044   57 30218.476796
1.76446195 1.68888476 103.00000000 -535.641058219785   58 32547.308163
1.86446195 1.68888476 103.00000000 -535.633037843789   59 34307.577260
1.96446195 1.68888476 103.00000000 -535.626817468610   60 35672.791835
0.96446195 1.68388476 103.00000000 -535.789148815853   61    45.178584
0.96446195 1.69388476 103.00000000 -535.789114555833   62    52.697790
0.96446195 1.67888476 103.00000000 -535.789132949359   63    48.660877
0.96446195 1.69888476 103.00000000 -535.789065733101   64    63.413141
0.96446195 1.67388476 103.00000000 -535.789094190362   65    57.167494
0.96446195 1.70388476 103.00000000 -535.788996625529   66    78.580500
0.96446195 1.66888476 103.00000000 -535.789031846801   67    70.850324
0.96446195 1.70888476 103.00000000 -535.788907847544   68    98.065016
0.96446195 1.66388476 103.00000000 -535.788945209784   69    89.864952
0.96446195 1.71388476 103.00000000 -535.788799998820   70   121.735076
0.96446195 1.65888476 103.00000000 -535.788833553266   71   114.370726
0.96446195 1.71888476 103.00000000 -535.788673665551   72   149.462024
0.96446195 1.65388476 103.00000000 -535.788696133358   73   144.530910
0.96446195 1.72388476 103.00000000 -535.788529420434   74   181.120168
0.96446195 1.64888476 103.00000000 -535.788532187798   75   180.512802
0.96446195 1.72888476 103.00000000 -535.788367823871   76   216.586515
0.96446195 1.64388476 103.00000000 -535.788340935313   77   222.487871
0.96446195 1.73388476 103.00000000 -535.788189420533   78   255.741522
0.96446195 1.63888476 103.00000000 -535.788121574579   79   270.631988
0.96446195 1.73888476 103.00000000 -535.787994745523   80   298.467749
0.96446195 1.63388476 103.00000000 -535.787873284810   81   325.125295
0.96446195 1.74388476 103.00000000 -535.787784321329   82   344.650523
0.96446195 1.62888476 103.00000000 -535.787595223549   83   386.152689
0.96446195 1.74888476 103.00000000 -535.787558656440   84   394.178242
0.96446195 1.62388476 103.00000000 -535.787286526755   85   453.903805
0.96446195 1.75388476 103.00000000 -535.787318250020   86   446.941353
0.96446195 1.61888476 103.00000000 -535.786946309575   87   528.572847
0.96446195 1.75888476 103.00000000 -535.787063589596   88   502.832857
0.96446195 1.61388476 103.00000000 -535.786573662058   89   610.359525
0.96446195 1.76388476 103.00000000 -535.786795150349   90   561.748463
0.96446195 1.60888476 103.00000000 -535.786167651492   91   699.468546
0.96446195 1.76888476 103.00000000 -535.786513398138   92   623.585927
0.96446195 1.60388476 103.00000000 -535.785727319613   93   796.110224
0.96446195 1.77388476 103.00000000 -535.786218787350   94   688.245522
0.96446195 1.59888476 103.00000000 -535.785251682903   95   900.500418
0.96446195 1.77888476 103.00000000 -535.785911762237   96   755.629747
0.96446195 1.59388476 103.00000000 -535.784739729536   97  1012.861196
0.96446195 1.78388476 103.00000000 -535.785592757200   98   825.643261
0.96446195 1.58888476 103.00000000 -535.784190421143   99  1133.420456
0.96446195 1.78888476 103.00000000 -535.785262196887  100   898.192865
0.96446195 1.57888476 103.00000000 -535.782975431111  101  1400.079950
0.96446195 1.79888476 103.00000000 -535.784568060549  102  1050.538185
0.96446195 1.56888476 103.00000000 -535.781597776923  103  1702.440100
0.96446195 1.80888476 103.00000000 -535.783832560738  104  1211.961737
0.96446195 1.81388476 103.00000000 -535.783450262658  105  1295.866469
0.96446195 1.56388476 103.00000000 -535.780845007331  106  1867.653932
0.96446195 1.83888476 103.00000000 -535.781407844662  107  1744.125414
0.96446195 1.53888476 103.00000000 -535.776390592819  108  2845.284933
0.96446195 1.48888476 103.00000000 -535.763413688469  109  5693.386284
0.96446195 1.98888476 103.00000000 -535.766427953550  110  5031.831554
0.96446195 1.38888476 103.00000000 -535.713756009998  111 16591.987161
0.96446195 2.08888476 103.00000000 -535.755803434421  112  7363.644016
0.96446195 1.28888476 103.00000000 -535.628287075649  113 35350.250365
0.96446195 2.18888476 103.00000000 -535.745899084228  114  9537.397664
0.96446195 2.28888476 103.00000000 -535.737220487635  115 11442.129487
0.96446195 2.38888476 103.00000000 -535.729956861376  116 13036.311212
0.96446195 2.48888476 103.00000000 -535.724087889630  117 14324.401646
0.96446195 2.58888476 103.00000000 -535.719472271362  118 15337.412783
0.96446195 2.68888476 103.00000000 -535.715914952195  119 16118.154110
0.96446195 1.68888476 104.00000000 -535.789121193999  120    51.240881
0.96446195 1.68888476 102.00000000 -535.789102572713  121    55.327781
0.96446195 1.68888476 105.00000000 -535.789039610659  122    69.146355
0.96446195 1.68888476 101.00000000 -535.789000673955  123    77.691973
0.96446195 1.68888476 105.50000000 -535.788976469376  124    83.004265
0.96446195 1.68888476 100.50000000 -535.788926209370  125    94.035061
0.96446195 1.68888476 106.00000000 -535.788898571591  126   100.100853
0.96446195 1.68888476 100.00000000 -535.788835929207  127   113.849267
0.96446195 1.68888476 107.00000000 -535.788698938603  128   143.915230
0.96446195 1.68888476  98.00000000 -535.788314582426  129   228.271662
0.96446195 1.68888476 108.00000000 -535.788441580312  130   200.398847
0.96446195 1.68888476  98.00000000 -535.788314582426  131   228.271662
0.96446195 1.68888476 110.50000000 -535.787551388688  132   395.773329
0.96446195 1.68888476  95.50000000 -535.787294708746  133   452.108066
0.96446195 1.68888476  93.00000000 -535.785853969239  134   768.313844
0.96446195 1.68888476 115.50000000 -535.784760728564  135  1008.252442
0.96446195 1.68888476  90.50000000 -535.783980006559  136  1179.601120
0.96446195 1.68888476 118.00000000 -535.782888810795  137  1419.090912
0.96446195 1.68888476  88.00000000 -535.781660710153  138  1688.627853
0.96446195 1.68888476 120.50000000 -535.780718805868  139  1895.351952
0.96446195 1.68888476  85.50000000 -535.778884169104  140  2298.008187
0.96446195 1.68888476 123.00000000 -535.778266012503  141  2433.677882
0.96446195 1.68888476  83.00000000 -535.775638561132  142  3010.336813
0.96446195 1.68888476 125.50000000 -535.775546305794  143  3030.584520
0.96446195 1.68888476  80.50000000 -535.771911936387  144  3828.236421
0.96446195 1.68888476 128.00000000 -535.772576256663  145  3682.434970
0.96446195 1.68888476  78.00000000 -535.767691834067  146  4754.441839
0.96446195 1.68888476 133.00000000 -535.765955711383  147  5135.476732
0.96446195 1.68888476  73.00000000 -535.757714627892  148  6944.185526
0.96446195 1.68888476 138.00000000 -535.758556296525  149  6759.460610
0.96446195 1.68888476  68.00000000 -535.745563127830  150  9611.131572
0.96446195 1.68888476 143.00000000 -535.750551036154  151  8516.412211
0.96446195 1.68888476  63.00000000 -535.730997284660  152 12807.964691
0.96446195 1.68888476 148.00000000 -535.742139914798  153 10362.440004
0.96446195 1.68888476  58.00000000 -535.713573584923  154 16632.024838
0.96446195 1.68888476 153.00000000 -535.733556302920  155 12246.325091
0.96446195 1.68888476  53.00000000 -535.692469182285  156 21263.905912
0.96446195 1.68888476 163.00000000 -535.717118563229  157 15853.992017
0.96446195 1.68888476  43.00000000 -535.632495156149  158 34426.683432
0.96446195 1.68888476 173.00000000 -535.705372109285  159 18432.040713
0.96446195 1.67416187  95.41204544 -535.786941094354  163   529.717455
1.03666945 1.72779399 103.00000000 -535.782267899795  164  1555.365127
1.16230627 1.75150156 103.00000000 -535.758038048758  165  6873.202850
0.89590574 1.83858284 103.00000000 -535.777838639107  166  2527.475502
0.96446195 1.92387026 129.27339301 -535.751334746424  167  8344.407685
0.96446195 1.73755052 150.56836682 -535.733970368580  168 12155.448182
0.90154427 1.81542520 103.00000000 -535.780536633048  169  1935.334266
1.34371700 1.65501426 103.00000000 -535.713945909896  170 16550.308950
0.93413177 1.68888476  95.79554147 -535.787339803338  171   442.210947
1.04944394 1.56331514 103.00000000 -535.772398516464  172  3721.444436
0.96446195 1.81375024 109.08229544 -535.781331500239  173  1760.881079
1.09427982 1.68888476 115.46498650 -535.769058891362  174  4454.407437
1.16090462 1.68888476  74.89871955 -535.735766129790  175 11761.324145
0.75596095 1.68888476 104.86471891 -535.726281171058  176 13843.032004
0.87029844 1.51309446 103.00000000 -535.763378092215  177  5701.198759
0.99174301 2.01995593 103.00000000 -535.761934888662  178  6017.945332
0.84934524 2.04532522 103.00000000 -535.745883414994  179  9540.836663
0.95028017 1.68888476 110.45128012 -535.787797083694  180   341.849507
1.27099499 1.68888476  97.89127045 -535.732639785219  181 12447.477480
0.96446195 1.77157945  92.63543502 -535.784671027788  182  1027.939487
0.89985783 1.71434045 103.00000000 -535.786030220953  183   729.631063
0.77720665 1.68888476  73.65547073 -535.709896100774  184 17439.139331
1.10887792 1.88772027 103.00000000 -535.759321693246  185  6591.475444
0.89015493 2.17700267 103.00000000 -535.741935076181  186 10407.396885
0.87068148 1.68888476  68.47436053 -535.737030633694  187 11483.797611
1.01419001 1.68888476 127.52899197 -535.769554015231  188  4345.740307
0.96105346 1.69171888 103.00000000 -535.789215720188  189    30.494780
1.21546648 1.58725847 103.00000000 -535.740902797369  190 10633.955901
0.89712833 1.73160081 103.00000000 -535.785119540927  191   929.502230
1.14018532 1.68888476 117.38406251 -535.758368791737  192  6800.613155
0.96446195 1.49306374 107.19265715 -535.766354049529  193  5048.051612
0.96446195 1.63810273 127.41119356 -535.774144045368  194  3338.345116
1.24206753 1.68888476  97.84864592 -535.739813297552  195 10873.073476
0.96446195 1.87399011 127.99957324 -535.758026007426  196  6875.845617
0.96446195 1.75143658  90.97520461 -535.784389877771  197  1089.644785
1.25333876 1.69060467 103.00000000 -535.737726285852  198 11331.119608
0.84832028 1.68888476  57.75852674 -535.694046942686  199 20917.627524
0.96446195 1.59407480 104.25655079 -535.784998069204  200   956.162192
0.96446195 1.87532437  81.22337779 -535.771410948820  201  3938.190484
0.92149994 1.68888476  80.75982510 -535.771271583702  202  3968.777593
0.91960947 1.40021095 103.00000000 -535.721406599957  203 14912.876719
0.96136443 1.68888476  68.68396639 -535.747357196619  204  9217.378979
1.04462798 1.68888476  76.06147023 -535.757947673698  205  6893.037883
0.96446195 2.00720852 112.44642222 -535.759590303587  206  6532.522287
0.99137116 1.87475582 103.00000000 -535.776916999750  207  2729.751964
1.40149156 1.68888476 118.73187847 -535.693620289387  208 21011.267101
0.96446195 1.72190713 128.19724998 -535.770732282664  209  4087.140491
1.12181052 1.68888476 107.10575159 -535.767600514688  210  4774.484126
0.96446195 1.98395521 124.81717548 -535.750750302560  211  8472.678289
1.06625704 1.93248936 103.00000000 -535.762460424745  212  5902.603492
1.30378478 1.68888476 123.66263475 -535.713593454987  213 16627.663863
0.96446195 1.76842914  78.88455280 -535.771961638046  214  3817.328167
0.87630346 2.17667477 103.00000000 -535.739337233228  215 10977.557520
0.98715142 1.68888476 133.73877092 -535.763727294021  216  5624.557820
0.96446195 2.02127510 115.38419726 -535.755929156818  217  7336.051139
0.96446195 1.90175558 107.76807920 -535.773662680492  218  3443.992497
0.96446195 1.65114517 119.54832107 -535.782078719398  219  1596.885426
0.98003474 1.65505842 103.00000000 -535.788047913147  220   286.798804
0.95927528 1.68888476 104.23313402 -535.789231733301  221    26.980308
1.05784017 1.68888476 130.11882655 -535.760372437546  222  6360.863721
0.98017984 1.68888476  91.80600057 -535.784381193426  223  1091.550778
0.88175499 1.66200667 103.00000000 -535.783567177825  224  1270.206556
1.31360365 1.68748834 103.00000000 -535.722552031442  225 14661.483562
1.33726915 1.82364627 103.00000000 -535.711302626694  226 17130.442567
0.96446195 1.96044984 118.46760025 -535.759709510931  227  6506.359299
1.05510547 1.60900127 103.00000000 -535.777077522113  228  2694.521377
0.99373301 1.68888476  91.74533809 -535.783456097760  229  1294.585812
0.96446195 1.74487273  66.10745449 -535.746199512099  230  9471.461366
0.85908112 1.68888476  84.91264730 -535.767233623045  231  4855.007536
0.89243821 1.43906689 103.00000000 -535.740791790046  232 10658.319192
0.96446195 1.91921784  75.92479295 -535.763522925604  233  5669.411504
1.29168253 1.64034640 103.00000000 -535.726605489701  234 13771.852288
0.93925365 1.68888476  89.64178613 -535.783240528372  235  1341.897825
0.96446195 1.41897428 103.39650231 -535.732727034121  236 12428.328559
1.01828762 1.68888476  80.65574509 -535.768719673675  237  4528.857115
0.96446195 1.81099665 139.27432164 -535.747287447655  238  9232.687107
0.96446195 1.54535859 127.99084795 -535.767659477936  239  4761.543189
0.99192832 1.95035785 103.00000000 -535.769305259046  240  4400.335980
1.04526772 1.68888476  86.48615373 -535.773020435081  241  3584.949074
0.98624567 1.56598865 103.00000000 -535.780035653588  242  2045.286550
1.08296168 1.68888476  71.43276273 -535.743456873782  243 10073.400911
1.37496066 1.65919313 103.00000000 -535.705991373437  244 18296.127939
1.07060218 1.64203701 103.00000000 -535.776730510967  245  2770.681522
0.77040458 1.68888476 110.83738709 -535.735879237159  246 11736.499946
0.82234158 1.96036056 103.00000000 -535.745304208757  247  9667.957741
0.95133151 1.68888476 100.76483933 -535.789173092245  248    39.850532
0.96446195 1.56415881 135.72437022 -535.760544844380  249  6323.024794
0.96323292 1.68888476 119.97192245 -535.781237180778  250  1781.581808
0.97358087 1.79057027 103.00000000 -535.784842430822  251   990.320869
0.96446195 2.01457220  94.03011225 -535.765085086438  252  5326.556824
0.98655498 1.87526678 103.00000000 -535.777181162493  253  2671.774942
0.94257673 1.68888476 128.21154763 -535.772528182836  254  3692.985956
0.94312786 1.68888476  60.21479400 -535.720784592261  255 15049.391632
1.17051702 1.68888476 109.61406540 -535.756220375297  256  7272.136070
0.90708504 1.59848820 103.00000000 -535.783512863781  257  1282.127111
0.74324755 1.68888476 116.63261057 -535.710409140057  258 17326.540221
0.96446195 1.66435704 135.42477181 -535.763343361423  259  5708.821287
0.96446195 1.43602255 111.09378012 -535.745349379446  260  9658.043921
1.01708103 1.79460633 103.00000000 -535.781240101612  261  1780.940759
0.96446195 1.76553577 105.61458057 -535.786182256096  262   696.263205
0.87629303 1.54880567 103.00000000 -535.772297174077  263  3743.686519
1.07181987 1.73895990 103.00000000 -535.776556755242  264  2808.816496
0.96446195 1.71774280 105.73850634 -535.788357514245  265   218.849216
0.96446195 1.70876003  90.57778986 -535.784418279810  266  1083.411258
0.96446195 1.96429512  88.76247669 -535.769111902443  267  4442.772850
1.24615516 1.47887231 103.00000000 -535.708107942025  268 17831.594820
1.26168693 1.76184093 103.00000000 -535.733949526761  269 12160.022432
0.98565650 1.68888476  75.28340018 -535.761851184441  270  6036.316286
1.21764227 1.68464960 103.00000000 -535.746450780890  271  9416.314240
0.85802687 1.68888476  74.81160679 -535.749498181378  272  8747.487129
0.96446195 1.80212571 151.19169597 -535.726739656676  273 13742.406040
0.78836259 1.63649111 103.00000000 -535.748518474062  274  8962.508035
1.25910729 1.68888476 111.83794724 -535.733980455102  275 12153.234446
0.97616102 1.68888476  73.17028635 -535.757847026310  276  6915.127432
0.97234093 1.68888476 116.53696289 -535.783727416370  277  1235.038259
0.96446195 1.65878540  94.30993108 -535.785705564579  278   800.884902
1.47244320 1.78280543 103.00000000 -535.680354373753  279 23922.799098
1.14389702 1.68888476 110.99925152 -535.761556329539  280  6101.029458
0.84978038 1.68888476  71.46514272 -535.739280502040  281 10990.008577
0.95155555 1.68888476  96.16238646 -535.787797785110  282   341.695564
1.15500283 1.68888476  74.22565509 -535.735818718714  283 11749.782210
0.93436831 1.84860888 103.00000000 -535.780341821058  284  1978.090556
0.96446195 1.87528577 117.01102064 -535.769965273861  285  4255.479469
0.78741541 1.67045084 103.00000000 -535.748739262264  286  8914.050625
1.19750964 1.88197009 103.00000000 -535.740768920750  287 10663.338423
1.00243155 1.68888476  72.06204804 -535.754083945401  288  7741.028242
0.96446195 1.84015446  71.33601122 -535.759952564068  289  6453.015300
0.96446195 1.92521704 116.05392596 -535.765592137538  290  5215.271969
0.96446195 1.64823108  85.79394038 -535.776591910760  291  2801.100751
1.00834763 1.68888476 136.79048148 -535.757361150819  292  7021.764778
1.28613439 1.68888476 116.43268674 -535.724423134353  293 14250.823933
0.75445496 1.67440659 103.00000000 -535.725166041191  294 14087.774725
0.79490875 1.74295811 103.00000000 -535.751356402019  295  8339.654831
1.01217177 1.90202547 103.00000000 -535.772545888611  296  3689.099987
0.75139675 1.68888476 130.10548524 -535.703989279009  297 18735.536884
0.96446195 1.64889995 133.96319689 -535.765728679517  298  5185.304468
0.96446195 1.81553778  76.27630762 -535.767937251034  299  4700.579039
0.90327245 1.68888476  93.21789481 -535.783573702233  300  1268.774613
0.96446195 1.44907326 125.70467247 -535.746357505707  301  9436.785777
0.76609923 1.68888476 123.05152432 -535.723821111547  302 14382.952668
0.96446195 1.68357694 122.40671950 -535.779031789482  303  2265.609259
0.96446195 1.94113494 109.56556498 -535.768546114575  304  4566.948936
0.99914076 1.68888476 111.03817666 -535.785248582715  305   901.180830
0.96446195 1.96693406 102.20408247 -535.769013892517  306  4464.283542
0.96446195 1.75097014 126.69696377 -535.770721707347  307  4089.461505
1.01386484 1.68888476 109.90953991 -535.784294204866  308  1110.642561
0.96446195 1.88330147  85.71283933 -535.774381467389  309  3286.237004
0.81092505 1.68888476 122.49495375 -535.751376861073  310  8335.164588
0.98072226 1.68888476 123.00426323 -535.777526139246  311  2596.061295
1.07126041 1.68888476  79.04691744 -535.759225911768  312  6612.497049
1.35328503 1.73866495 103.00000000 -535.711864933151  313 17007.030563
0.99163793 1.92382115 103.00000000 -535.772069389803  314  3793.679390
0.96446195 2.01734575 110.41286163 -535.759832900698  315  6479.278374
0.86319475 2.03517698 103.00000000 -535.750920122389  316  8435.407144
0.96446195 1.58434724 111.17372504 -535.783569233938  317  1269.755291
0.96979198 1.81382988 103.00000000 -535.783298417930  318  1329.192535
1.22036426 1.68888476 106.94861218 -535.745307683589  319  9667.195104
1.10210148 1.68888476 103.83071870 -535.772025242077  320  3803.368696
0.96446195 1.71806182 125.82622998 -535.773854381497  321  3401.918988
1.31634851 1.72706363 103.00000000 -535.721511629004  322 14889.825508
0.96446195 1.66914696  81.23833916 -535.771664495892  323  3882.543333
0.84501160 1.68888476 116.18265613 -535.770067837510  324  4232.969349
0.96446195 1.53191823  70.71690410 -535.717995625833  325 15661.499022
1.01776010 1.98446143 103.00000000 -535.763492287705  326  5676.135745
1.00005861 1.59769114 103.00000000 -535.782917993937  327  1412.685953
0.96446195 1.68512231 111.00336134 -535.787390669808  328   431.047047
1.12294726 1.83220819 103.00000000 -535.761373186025  329  6141.224814
1.06897018 1.73809517 103.00000000 -535.777064330885  330  2697.416517
0.99308416 1.68888476  82.04180776 -535.772959918759  331  3598.230872
1.11363191 1.68888476  83.18692407 -535.757626941453  332  6963.430475
1.28804454 1.68888476  94.87090038 -535.727234104899  333 13633.887197
0.96446195 1.87550132  84.44021172 -535.774044951092  334  3360.093796
0.82791445 2.09976873 103.00000000 -535.732363132160  335 12508.195809
1.19656585 1.68888476 117.45753528 -535.745560509790  336  9611.706165
0.96446195 1.80772559  95.45947712 -535.783780733703  337  1223.336457
0.96446195 1.83579881  88.82188598 -535.779398653545  338  2185.091902
0.88301665 1.73513150 103.00000000 -535.782797113536  339  1439.216135
1.11018672 1.78251754 103.00000000 -535.767404701794  340  4817.460090
1.41160176 1.69184291 103.00000000 -535.697582120158  341 20141.745737
0.84541152 1.67663767 103.00000000 -535.774900507957  342  3172.320765
0.96446195 1.77656005  99.54433475 -535.786220207845  343   687.933759
1.42105697 1.68888476  97.58045143 -535.694248362921  344 20873.420891
1.11616959 1.68888476  95.45653855 -535.767617223833  345  4770.816893
1.26560411 1.68888476 105.84260583 -535.734392219655  346 12062.862571
0.74068272 1.59962306 103.00000000 -535.709942201463  347 17429.021399
1.07119347 1.68888476 103.84416908 -535.777627220761  348  2573.876466
0.90832772 1.74827032 103.00000000 -535.785706766758  349   800.621055
0.96446195 1.57553055 145.13078965 -535.747991040404  350  9078.266345
0.96446195 1.66779931  80.09511065 -535.769653909220  351  4323.816110
0.97655834 1.70238104 103.00000000 -535.788544843171  352   177.735269
1.08467740 1.68888476 134.40876646 -535.749826397542  353  8675.452006
0.71200863 1.59726291 103.00000000 -535.679203557879  354 24175.373992
0.96446195 1.98523692  94.98372717 -535.768102458779  355  4664.320130
0.96446195 1.90380906 120.82655036 -535.763359315291  356  5705.319817
1.30085042 1.68888476 107.34764212 -535.725202566180  357 14079.758417
0.96446195 1.53907888 138.97079834 -535.753562362600  358  7855.502437
0.88346431 1.68888476 104.93891285 -535.783947496119  359  1186.736337
0.96446195 1.76228692 107.78603218 -535.785669094740  360   808.889107
0.96446195 1.84409723 110.10989770 -535.778085428724  361  2473.311441
0.96446195 1.97570767  82.67777388 -535.765262980712  362  5287.513543
0.89698607 1.68888476  63.23285936 -535.726212305429  363 13858.146263
1.10642725 1.68888476  93.96683367 -535.768787165856  364  4514.044294
1.39285832 1.77296741 103.00000000 -535.700520824614  365 19496.774648
0.91719236 1.68888476  99.06721293 -535.787611887577  366   382.495357
1.06508114 1.78967098 103.00000000 -535.775044515928  367  3140.714668
0.96446195 1.53667837 125.85125086 -535.768533452938  368  4569.727844
0.92498533 1.68888476  83.22461620 -535.775212685892  369  3103.805626
0.96446195 1.95937939  88.87678292 -535.769603200213  370  4334.945451
1.49634362 1.59740909 103.00000000 -535.678711365970  371 24283.397632
0.99184828 1.68888476  77.13997334 -535.765037395058  372  5337.023872
0.96446195 1.77721965 114.45121314 -535.780926667941  373  1849.731500
0.84195862 1.68888476 125.96052309 -535.759971260489  374  6448.911910
0.96446195 1.52314447  96.22526525 -535.768211858650  375  4640.309633
1.05635938 1.68888476 121.26166144 -535.770790961772  376  4074.261916
1.10876062 1.68888476  67.62726827 -535.731191314804  377 12765.379996
0.86880709 1.68888476 105.34634849 -535.781006311151  378  1832.251835
0.90104912 1.87850592 103.00000000 -535.774805006237  379  3193.280970
0.96446195 1.99580254  93.49791184 -535.766969557358  380  4912.963256
0.96446195 1.57887797  90.91720304 -535.774312687194  381  3301.332513
1.10962220 1.68888476  93.26865167 -535.767762646665  382  4738.900270
1.46885765 1.66815306 103.00000000 -535.682438001151  383 23465.495734
1.05355857 1.68888476 129.65675612 -535.761646538274  384  6081.230929
1.37703132 1.56942207 103.00000000 -535.698426943332  385 19956.328479
1.13279242 1.68888476 118.32595662 -535.759183093435  386  6621.894587
1.03620008 1.68888476  91.40826281 -535.778747636582  387  2327.973613
0.95025529 1.68888476 136.63541985 -535.760913916501  388  6242.022825
1.25857837 1.68888476 105.59793732 -535.736185460276  389 11669.291739
1.07581452 1.68888476 115.16657255 -535.772598604741  390  3677.530134
0.90653562 1.68888476  85.23399102 -535.776306352128  391  2863.773628
0.82424072 1.83341889 103.00000000 -535.759141537305  392  6631.015103
0.69264051 1.93752806 103.00000000 -535.636498039477  393 33548.152073
1.05468918 1.68888476  84.56391326 -535.769465325149  394  4365.205530
0.77910691 2.01406734 103.00000000 -535.715682272060  395 16169.221497
0.91527669 2.05700789 103.00000000 -535.757435717963  396  7005.399181
1.02632760 1.92991572 103.00000000 -535.768232687537  397  4635.738221
0.95033699 1.84365509 103.00000000 -535.781130646095  398  1804.963469
1.06759687 1.68888476 106.89301545 -535.777789647110  399  2538.228003
0.96446195 1.84583643 102.35746992 -535.780943250924  400  1846.091955
0.96446195 1.71922132 115.51099791 -535.783692082544  401  1242.793138
0.96446195 2.01738289 111.03005457 -535.759442724757  402  6564.912097
0.94652754 1.99957264 103.00000000 -535.765301497570  403  5279.060070
0.96446195 1.86747381  74.55024988 -535.764198102669  404  5521.227263
1.09417273 1.63504518 103.00000000 -535.772153424722  405  3775.235856
0.96446195 2.09006776  96.77572905 -535.757151716325  406  7067.730337
0.84061709 1.68888476 130.08145898 -535.754518882031  407  7645.570684
0.96446195 2.09515493 108.69267776 -535.752660768410  408  8053.379493
0.96446195 2.05371038  95.96348081 -535.760992247308  409  6224.831200
0.99668657 2.13979133 103.00000000 -535.749194921503  410  8814.044980
1.33814712 1.68888476  84.69093646 -535.706875565651  411 18102.070176
0.96446195 1.58571683  95.95690419 -535.780263330892  412  1995.317157
0.89451941 1.99861005 103.00000000 -535.761239638017  413  6170.535214
0.95323347 1.68888476 126.32874397 -535.774816122498  414  3190.841233
1.01858333 1.68888476 111.70280573 -535.782971630200  415  1400.914153
0.96446195 1.50537085 147.47114792 -535.736761900199  416 11542.777797
1.05213398 1.69766461 103.00000000 -535.780665974220  417  1906.947159
0.96446195 1.55581521 118.05341857 -535.777262654689  418  2653.889472
0.96446195 1.45046350 113.82803515 -535.751887661768  419  8223.056792
0.96446195 1.62171354  69.84907089 -535.739991135883  420 10834.042473
0.83971918 1.68888476 107.93176679 -535.772415039292  421  3717.818094
0.96446195 1.82814406  91.90658753 -535.781357391610  422  1755.198579
1.08631244 1.75749660 103.00000000 -535.773244820961  423  3535.702065
0.95859978 1.68888476 115.00281405 -535.785239325879  424   903.212471
0.96446195 1.68915089  97.67638750 -535.788208045595  425   251.653794
1.18270466 1.79555388 103.00000000 -535.751031628570  426  8410.934366
0.99285205 1.68888476 107.88389634 -535.786935810823  427   530.877056
0.81320022 1.70317408 103.00000000 -535.762215655385  428  5956.324158
1.42626419 1.68888476 112.53908442 -535.691387420846  429 21501.325110
0.96446195 1.57501813 111.62327636 -535.782446445125  430  1516.178956
0.93302760 1.68888476 104.19069785 -535.789022282702  431    72.949402
0.90941147 1.68888476  97.08813893 -535.786280096118  432   674.789802
1.37081013 1.71557573 103.00000000 -535.707948586172  433 17866.569388
0.96446195 1.49998838  71.97331450 -535.709505686311  434 17524.825403
0.89673879 1.82481889 103.00000000 -535.779138033614  435  2242.291366
0.79543332 1.51129336 103.00000000 -535.735453069581  436 11830.032920
1.27557638 1.66692373 103.00000000 -535.731830232882  437 12625.153684
0.89838963 1.68888476  99.77478286 -535.785872562661  438   764.233059
0.96446195 1.73504416 112.30114430 -535.785024162228  439   950.435435
0.96446195 1.70337148  91.83038838 -535.785285275633  440   893.127666
0.98607389 1.68888476 112.10828674 -535.785739647754  441   793.404510
1.13321381 1.68888476  93.93896335 -535.763358014577  442  5705.605291
1.02310789 1.68888476  84.27072776 -535.773223076331  443  3540.474459
0.96446195 1.78279902  88.85462036 -535.782053119685  444  1602.503914
1.24115296 1.75079548 103.00000000 -535.739491869169  445 10943.618853
0.96446195 1.48139639 133.06523435 -535.749873301323  446  8665.157816
0.84387899 1.68888476  88.58263154 -535.767049088096  447  4895.508276
1.24688122 1.63501494 103.00000000 -535.737648255791  448 11348.245227
1.19086353 1.47054190 103.00000000 -535.716852034642  449 15912.488281
1.01998570 1.80494165 103.00000000 -535.780196882846  450  2009.900817
0.96446195 1.70909926  66.48721528 -535.743857190425  451  9985.541562
0.91178467 1.66444954 103.00000000 -535.787574332325  452   390.737783
0.96446195 1.72955201  89.30447940 -535.783486853385  453  1287.835733
0.92975068 1.68888476 109.69926678 -535.787676488553  454   368.317082
0.96446195 1.79214483  88.95135022 -535.781751385710  455  1668.726868
0.78901865 1.68888476  91.93915235 -535.745234168964  456  9683.329699
1.25695861 1.68888476 107.12999681 -535.736274131679  457 11649.830615
0.96446195 1.72246138  83.05842220 -535.776983137481  458  2715.236409
1.05025317 1.68888476 129.71048633 -535.762079195904  459  5986.273553
0.96446195 1.70284956 112.46093851 -535.786262415535  460   678.670242
0.85428147 1.69313713 103.00000000 -535.777445755534  461  2613.703481
1.05183713 1.68888476 128.55996498 -535.763319130448  462  5714.139371
1.36959764 1.68888476 117.16370761 -535.702847143316  463 18986.206699
1.11224197 1.68760962 103.00000000 -535.770064202312  464  4233.767183
1.25323038 1.76308860 103.00000000 -535.735980191939  465 11714.342933
0.96446195 1.74948984 141.56549860 -535.748815259033  466  8897.371262
1.10623984 1.74425893 103.00000000 -535.770100121263  467  4225.883884
0.81212687 1.72333609 103.00000000 -535.761122590197  468  6196.224242
1.12812877 1.79232834 103.00000000 -535.763188170938  469  5742.881662
0.97262954 1.68888476  82.51555301 -535.774721063881  470  3211.704188
1.11443449 1.68888476 142.55700511 -535.731213857987  471 12760.432339
0.96446195 1.93539607 106.37188797 -535.770816281407  472  4068.704898
0.78082601 1.68888476  85.21091603 -535.733110698548  473 12344.123948
0.96446195 1.54260551 141.85860794 -535.750000313459  474  8637.281874
1.11604825 1.63555700 103.00000000 -535.767898105620  475  4709.170465
1.05583113 1.68888476 135.40226341 -535.753232578453  476  7927.881693
0.96446195 1.89970342 120.45549549 -535.764166726621  477  5528.113510
0.96446195 1.87190234 120.08629351 -535.767396970012  478  4819.157020
0.95716289 1.68888476 122.10863115 -535.779344600145  479  2196.955252
0.74665586 1.68888476  84.43759384 -535.705794159589  480 18339.411377
0.96446195 1.67211211 120.49752607 -535.781112230343  481  1809.005259
0.84037473 1.81962997 103.00000000 -535.766430784244  482  5031.210289
0.97929929 2.10052189 103.00000000 -535.754150878222  483  7726.338186
0.91454990 1.61428226 103.00000000 -535.785544792757  484   836.170239
0.96446195 1.85754342  64.41546288 -535.746854847884  485  9327.631784
1.15747150 1.63982932 103.00000000 -535.759261376530  486  6604.713433
1.24502184 1.68888476 114.65704994 -535.735858528000  487 11741.045081
0.96446195 1.81901346 119.74512210 -535.772865864749  488  3618.873341
0.83557492 1.43670057 103.00000000 -535.726541879829  489 13785.813042
0.96446195 1.77397734 115.62879986 -535.780278732160  490  1991.936969
0.96446195 1.90526423  88.55669889 -535.774219055859  491  3321.882216
0.85297880 1.68888476 122.30948364 -535.767202150470  492  4861.914968
1.10668410 1.68888476  89.56651020 -535.765670307143  493  5198.115723
0.86270200 1.68888476 129.57280828 -535.761463358690  494  6121.434201
1.27074519 1.66248212 103.00000000 -535.732920185201  495 12385.936796
0.80541931 1.68888476 135.39429890 -535.732769788800  496 12418.944991
0.96446195 1.63361534 129.76092581 -535.771299863128  497  3962.570976
0.91901005 1.72716987 103.00000000 -535.787514132683  498   403.950077
1.06976553 1.68888476  96.10224447 -535.776462447393  499  2829.514677
0.96446195 1.55266882 129.84877701 -535.766564500726  500  5001.862913
0.79209693 1.69829825 103.00000000 -535.751325541695  501  8346.427890
0.87327577 1.50607963 103.00000000 -535.762142315260  502  5972.420455
0.96446195 1.71945240  84.99531466 -535.779247227736  503  2218.326026
0.93338078 1.68888476  87.01441628 -535.780397062348  504  1965.966494
0.79534612 1.68888476 101.09205818 -535.753139288451  505  7948.356482
1.22584748 1.68888476 126.67200186 -535.729451459809  506 13147.234037
0.86391990 1.68888476  90.43649549 -535.774472012846  507  3266.364573
0.93187938 1.59750199 103.00000000 -535.785076766728  508   938.890081
0.96446195 1.81686916 108.26920419 -535.781462871193  509  1732.048486
0.80272138 1.70355790 103.00000000 -535.757057003845  510  7088.517324
0.98889606 1.68888476 134.35930318 -535.762705180312  511  5848.885853
1.23489172 1.68888476 111.83335440 -535.739957803283  512 10841.358133
0.96446195 1.80131760 107.81677413 -535.782927065255  513  1410.695028
1.24254906 1.68888476  96.71156401 -535.739328960906  514 10979.373085
1.40370846 1.67293627 103.00000000 -535.699102459220  515 19808.069876
1.35337202 1.68888476  85.61275374 -535.703922286491  516 18750.240043
0.96446195 1.75948066  79.78242676 -535.773170236894  517  3552.071376
0.83250669 1.68888476 130.12982349 -535.751635632843  518  8278.370748
0.78679170 1.98862165 103.00000000 -535.723536099112  519 14445.505669
0.89886995 1.70770821 103.00000000 -535.786063743307  520   722.273757
1.00599790 2.08943051 103.00000000 -535.753553083758  521  7857.538908
0.88575849 1.68888476 108.47945186 -535.783623376311  522  1257.872413
0.96446195 1.68853397 107.72342388 -535.788522734309  523   182.587603
0.96446195 1.47931079 124.75004602 -535.757097928900  524  7079.535313
1.23246644 1.73416338 103.00000000 -535.742211280431  525 10346.777058
0.80654463 1.68888476  98.45750980 -535.758437763786  526  6785.475540
1.22501083 1.68888476 106.70943180 -535.744236149563  527  9902.369643
1.12579858 1.68888476 130.17016458 -535.747755711588  528  9129.915051
0.85786925 1.68888476 134.30377596 -535.753854736063  529  7791.333878
0.96446195 1.69626897 131.38464221 -535.767867763487  530  4715.829793
0.96446195 1.98760759 105.35375874 -535.765677314812  531  5196.577718
0.80697444 1.68888476  76.56761850 -535.733734175516  532 12207.286568
1.17799649 1.67324051 103.00000000 -535.755700278265  533  7386.284176
0.92312862 1.85822534 103.00000000 -535.778867078322  534  2301.759180
0.90363489 1.68888476  92.80149991 -535.783332183941  535  1321.781753
0.96446195 1.65106835 121.66470948 -535.780207942902  536  2007.473415
0.96446195 1.79484242 127.75127205 -535.765878778484  537  5152.361552
1.11389060 1.79715601 103.00000000 -535.765748838977  538  5180.879978
0.96446195 1.70405028 129.14285103 -535.770476432727  539  4143.293063
1.11224783 1.68888476  68.84117008 -535.733292582452  540 12304.205045
0.79781698 1.68888476  77.40910626 -535.730597903544  541 12895.618716
0.96446195 1.82730699 139.09418871 -535.746056187926  542  9502.917387
0.96446195 1.72577300 127.33629359 -535.771586605704  543  3899.638254
0.96446195 1.56423497  87.99378034 -535.767666895330  544  4759.915259
0.96446195 1.87248988 123.42594668 -535.763755259704  545  5618.420062
1.16315867 1.68888476 106.31042196 -535.758861852541  546  6692.398815
1.02774095 1.68888476 126.28405735 -535.769453966588  547  4367.698446
0.96446195 1.92605300  76.34206801 -535.763584811255  548  5655.829173
0.96446195 1.79339116  68.77387499 -535.754813830217  549  7580.837038
1.06630963 1.99329679 103.00000000 -535.756160815816  550  7285.207865
1.35031298 1.66463315 103.00000000 -535.712655492874  551 16833.522756
0.93113910 1.65264600 103.00000000 -535.788532720154  552   180.395963
1.18161620 1.66135740 103.00000000 -535.754598283867  553  7628.143995
0.84367807 1.68888476  69.37104248 -535.731848469969  554 12621.151106
0.82089829 1.90845701 103.00000000 -535.750309999191  555  8569.313711
0.89361370 1.68888476  92.94090422 -535.782135476155  556  1584.428758
1.14318105 1.68888476  66.60256021 -535.723214721350  557 14516.039936
1.18328573 1.72295801 103.00000000 -535.754230236208  558  7708.921121
0.96446195 1.80212410 123.59488253 -535.770293872440  559  4183.360415
0.79046451 1.68888476  98.63544003 -535.749753176637  560  8691.522138
1.08799723 1.68888476 104.73086106 -535.774598158081  561  3238.678894
0.96446195 1.69102895 100.37362833 -535.788907449802  562    98.152310
0.96446195 1.59005736  85.96649422 -535.769449502705  563  4368.678155
0.96446195 1.96618249  96.91808329 -535.770007113915  564  4246.296638
0.96446195 1.81431134 121.51362239 -535.771487217778  565  3921.451382
0.98167118 1.85682255 103.00000000 -535.779162334138  566  2236.958018
1.23991653 1.45152596 103.00000000 -535.700438726787  567 19514.793038
1.12574705 1.95719618 103.00000000 -535.749153478279  568  8823.140716
0.96446195 1.84566596 113.72842244 -535.775562831229  569  3026.957606
1.19690306 1.68888476 109.44859103 -535.750155110551  570  8603.307838
1.09493162 1.69838729 103.00000000 -535.773379903107  571  3506.054960
1.14671276 1.68888476  73.50384249 -535.736200098096  572 11666.079109
1.16583222 1.68888476 103.90268790 -535.758583607259  573  6753.466596
1.13185607 1.68888476  81.29015801 -535.751538624405  574  8299.661640
1.41953836 1.68888476  95.20426187 -535.693732035065  575 20986.741759
0.96446195 1.72011441 137.56951398 -535.757461384703  576  6999.765983
0.96446195 1.81197073 130.46026201 -535.760702860518  577  6288.344260
0.77704976 1.72389248 103.00000000 -535.741142526882  578 10581.341353
0.84390889 1.80701218 103.00000000 -535.768642805932  579  4545.727635
0.96446195 1.72323207  74.54744024 -535.763502180067  580  5673.964623
1.03500792 1.68888476 113.67371010 -535.779857429232  581  2084.402275
0.96446195 1.88474423 111.03672672 -535.773549321416  582  3468.871938
0.85455870 1.68888476 102.35065939 -535.777533620399  583  2594.419372
0.96446195 1.59484513  82.67351842 -535.764754310611  584  5399.153728
1.28264774 1.53756959 103.00000000 -535.713494529361  585 16649.375529
0.94538759 1.68888476  69.20168653 -535.748402635524  586  8987.931656
1.31840478 1.52328336 103.00000000 -535.703895506211  587 18756.117635
1.05213757 1.68888476 135.14712109 -535.754184271035  588  7719.009310
1.22042088 1.65013977 103.00000000 -535.744960808927  589  9743.325294
0.96446195 1.83741225 111.80173763 -535.777674303752  590  2563.542944
1.31438715 1.53085109 103.00000000 -535.705974123139  591 18299.913942
1.03703048 1.68888476  75.51378509 -535.757866672014  592  6910.815698
0.83693024 1.68888476 111.82067653 -535.769997048436  593  4248.505755
0.96446195 1.70909283 114.73353984 -535.784656971178  594  1031.024557
1.19496072 1.68888476  86.23874728 -535.743616833946  595 10038.293712
0.77920873 1.71407888 103.00000000 -535.742932834641  596 10188.414211
0.96446195 2.05018291  90.61304356 -535.761196891778  597  6179.916929
0.96446195 1.83161783 119.69149402 -535.771747117780  598  3864.409924
1.37802705 1.72104615 103.00000000 -535.706040857799  599 18285.267377
1.00967418 1.68888476  98.47416439 -535.785472617114  600   852.010962
0.96446195 1.53386676 114.12744839 -535.775645305075  601  3008.856689
0.96446195 1.58372458 127.23482553 -535.772322942910  602  3738.030914
0.94423529 1.68888476  90.23392549 -535.783868691982  603  1204.031846
0.84199212 1.68888476  82.96088741 -535.759439765263  604  6565.561631
1.23718921 1.68888476 100.93853401 -535.741617365232  605 10477.126379
0.83637350 1.89492156 103.00000000 -535.757877272588  606  6908.489141
0.67427139 1.76969838 103.00000000 -535.624921760098  607 36088.851769
1.01288721 1.68888476  63.17342845 -535.730401639478  608 12938.693700
0.92639136 1.68888476  86.63080387 -535.779624024168  609  2135.628767
0.96446195 1.55131726  94.32493951 -535.772888330949  610  3613.942580
0.96446195 1.69905492 137.23284891 -535.759227784427  611  6612.086047
1.08758838 1.62015116 103.00000000 -535.772428053538  612  3714.961797
0.96446195 1.53508306 132.09761088 -535.761717092326  613  6065.746104
0.96446195 1.82905814  87.00174516 -535.778655725350  614  2348.145797
0.96552386 1.81418031 103.00000000 -535.783400493255  615  1306.789591
0.99522109 1.68888476 109.12791848 -535.786352860269  616   658.819917
0.96446195 1.55310318 121.76841684 -535.774346558389  617  3293.898644
0.90220003 1.68888476 116.19419714 -535.781949823527  618  1625.174800
0.93482421 1.76334593 103.00000000 -535.786714053572  619   579.547148
0.96446195 1.76841453 135.77370444 -535.756676578511  620  7172.011036
0.96446195 1.66900781  72.88098631 -535.755297900468  621  7474.595896
0.96446195 1.52604205 101.42446825 -535.772844587109  622  3623.543243
0.96446195 1.98282577 102.37500449 -535.767273160935  623  4846.329972
0.82876066 1.68888476 121.20557067 -535.760251885530  624  6387.321831
0.96446195 1.73573538 134.02343903 -535.761819917847  625  6043.178510
0.96446195 1.78743251 107.84439569 -535.783962765837  626  1183.385021
0.74436980 1.64460524 103.00000000 -535.715947525003  627 16111.005205
1.23775051 1.54325402 103.00000000 -535.724189428667  628 14302.116403
0.96446195 1.84116974  84.69665540 -535.776292219766  629  2866.875323
1.06672193 1.68888476  94.04994259 -535.775954542895  630  2940.986831
1.04565522 2.08179924 103.00000000 -535.749924378547  631  8653.947661
0.85974026 1.45776269 103.00000000 -535.742892874739  632 10197.184395
0.96446195 1.84128745 114.54467133 -535.775363677158  633  3070.666873
1.29322280 1.68888476 111.20261015 -535.725743052718  634 13961.135331
1.30661389 1.74167126 103.00000000 -535.723539375876  635 14444.786502
0.97961951 1.84065488 103.00000000 -535.780691503621  636  1901.344103
1.19061695 1.68888476 105.57035833 -535.752681982771  637  8048.723479
1.10718892 1.68888476  84.44207053 -535.760392000845  638  6356.570074
1.43532186 1.68888476 117.33276531 -535.686207081703  639 22638.278154
1.10318967 1.62440555 103.00000000 -535.769771487242  640  4298.010716
0.96446195 1.82329105  91.68290257 -535.781575527711  641  1707.323238
1.22463627 1.68888476  96.14989531 -535.743497928089  642 10064.390532
0.96446195 2.09422637 104.45382146 -535.754714207574  643  7602.701682
0.96446195 1.67137754 102.46500521 -535.789032513404  644    70.704022
0.96446195 1.73342804 125.32672201 -535.773544858797  645  3469.851370
0.96446195 1.89212759 108.92697224 -535.774042944375  646  3360.534219
0.93579461 1.73800135 103.00000000 -535.787979629866  647   301.785253
0.96446195 2.08558695 119.18539789 -535.746335557256  648  9441.602905
0.96446195 1.65593531 124.66669764 -535.777185427008  649  2670.838989
0.87526068 1.91759560 103.00000000 -535.766509677325  650  5013.895259
0.99059429 1.68888476  84.31198879 -535.776215996178  651  2883.604467
1.12311785 1.69916042 103.00000000 -535.767828841955  652  4724.372082
1.03263439 2.06411220 103.00000000 -535.753420791101  653  7886.573790
1.00577772 1.68888476  73.96764099 -535.757907846888  654  6901.778858
0.96446195 1.80978098  83.17398869 -535.776350134975  655  2854.164404
1.35069859 1.71241979 103.00000000 -535.713084010759  656 16739.473949
1.11364398 1.91281494 103.00000000 -535.755996664580  657  7321.234898
1.05990995 2.01875962 103.00000000 -535.754468586987  658  7656.609170
1.01480848 1.68888476 139.70066466 -535.752118224110  659  8172.454206
0.87006977 1.68888476  69.44453355 -535.739540443171  660 10932.958092
1.07400071 1.91590042 103.00000000 -535.762867403747  661  5813.281924
0.97836319 1.68888476  81.73234928 -535.773350975413  662  3512.403855
0.96446195 1.81460882 123.80771861 -535.768929147211  663  4482.882988
0.85859636 1.73950169 103.00000000 -535.777261724250  664  2654.093680
0.89315411 1.96466320 103.00000000 -535.764724211375  665  5405.759747
0.96446195 1.82128550 120.52165581 -535.771878741015  666  3835.521963
0.96446195 2.08097710  98.67262656 -535.757789203963  667  6927.817970
1.15804522 1.68888476 130.59806278 -535.740261363388  668 10774.734390
1.09971838 1.68888476 106.84932749 -535.772044890526  669  3799.056359
1.14974437 1.68888476 138.73586339 -535.730069501738  670 13011.589509
0.96446195 1.84510569 151.35703887 -535.722222395469  671 14733.830297
1.04603956 1.57862612 103.00000000 -535.775140505214  672  3119.647454
0.81395861 1.49251145 103.00000000 -535.739464850192  673 10949.548833
1.12818834 1.68888476 110.34425205 -535.765189314918  674  5303.681316
1.14694018 1.68888476 117.63321704 -535.756711133805  675  7164.427025
1.03493339 2.17699541 103.00000000 -535.741879050056  676 10419.693198
1.09803529 1.68888476  79.86590793 -535.755967506641  677  7327.634326
1.28922210 1.68888476 116.25162577 -535.723778847083  678 14392.228646
1.41370752 1.68888476 101.91999210 -535.696956623602  679 20279.026365
0.83550419 1.68888476 105.78786158 -535.771392648726  680  3942.206891
1.22073069 1.68888476 113.85529393 -535.742288361750  681 10329.859663
1.11838612 1.68888476 129.11756733 -535.750649825424  682  8494.730472
0.96446195 1.75523046 130.96658906 -535.764796599189  683  5389.872458
0.96446195 1.68132645 102.83178342 -535.789138488103  684    47.445264
0.96124704 1.86812440 103.00000000 -535.778846854866  685  2306.197716
0.75190899 1.68888476 117.24245552 -535.717631282830  686 15741.463069
0.96446195 1.44375189  89.43526196 -535.728303589633  687 13399.162425
0.81590014 1.68888476 130.35773173 -535.744616697794  688  9818.848959
0.96446195 2.00628585  91.72719817 -535.765735630399  689  5183.778925
0.96446195 1.67632682 112.69912131 -535.786672634181  690   588.637654
0.96446195 1.59322078  85.51935980 -535.769284807993  691  4404.824467
1.09295988 1.56823384 103.00000000 -535.765672770171  692  5197.575151
0.96446195 1.67760620 116.44500618 -535.784321347891  693  1104.685355
0.96446195 1.73930311  78.94845470 -535.771668928178  694  3881.570559
1.15900629 1.68888476 112.03482246 -535.757726592730  695  6941.559548
0.95457881 1.94537734 103.00000000 -535.771155038941  696  3994.356212
0.96446195 1.74102432 120.40597994 -535.778347624746  697  2415.766065
1.25635136 1.62580069 103.00000000 -535.734630430865  698 12010.581252
0.86539253 1.80459724 103.00000000 -535.774892379807  699  3174.104688
0.96446195 1.83785828 111.19790339 -535.778015505227  700  2488.657875
0.91380283 1.50440340 103.00000000 -535.767194978708  701  4863.488987
0.90579268 1.68888476 133.36186542 -535.763646144648  702  5642.368049
1.38118121 1.68888476  96.96547117 -535.704335310294  703 18659.591794
0.81195539 2.14649562 103.00000000 -535.720423675181  704 15128.603776
1.24198709 1.61086543 103.00000000 -535.736969349003  705 11497.248047
0.91169783 1.43261052 103.00000000 -535.739622523801  706 10914.943475
1.13695796 1.68888476 117.70661611 -535.758803902040  707  6705.117480
0.96446195 1.64362173  83.87836578 -535.773445263906  708  3491.709922
1.07526710 1.68888476 138.74848410 -535.744851824255  709  9767.244665
0.86050315 2.05519506 103.00000000 -535.748037872637  710  9067.987858
1.13470737 1.68888476  95.57027194 -535.763853195840  711  5596.925564
1.32209806 1.66793391 103.00000000 -535.720027082393  712 15215.645834
0.89687567 1.69043297 103.00000000 -535.786054503890  713   724.301574
0.95480681 1.68888476 135.64658416 -535.762350345204  714  5926.763159
1.12412423 1.68888476 100.30862615 -535.767467294223  715  4803.722639
0.96446195 1.73675022  66.89777077 -535.747545775756  716  9175.990641
1.21675198 1.66688342 103.00000000 -535.746396621237  717  9428.200910
0.96446195 1.79506507 111.67594669 -535.781412423577  718  1743.120458
1.00109608 1.82515415 103.00000000 -535.780514338775  719  1940.227293
0.81812247 1.68888476  78.27755864 -535.742360486828  720 10314.030038
0.88953358 2.15159459 103.00000000 -535.744305161026  721  9887.223378
1.16215569 1.88220093 103.00000000 -535.748775398024  722  8906.119742
0.96446195 1.62043024 120.40257055 -535.780786714802  723  1880.447664
0.92039554 1.41930894 103.00000000 -535.733087444568  724 12349.227607
0.96446195 1.68574450 104.37583481 -535.789112706268  725    53.103722
0.96446195 1.74517606  80.48690029 -535.773997935631  726  3370.412497
0.96446195 1.56063088  76.89319356 -535.744817357407  727  9774.809264
0.96446195 1.80020396 117.30565867 -535.776797887327  728  2755.894119
0.75010381 1.68888476 104.92037381 -535.721333829701  729 14928.847945
0.96446195 1.69267806  84.97073003 -535.778405710770  730  2403.017656
0.90211790 2.00816303 103.00000000 -535.761257904419  731  6166.526202
0.96446195 1.69830932  71.53325870 -535.755316050977  732  7470.612320
0.93683790 1.56983116 103.00000000 -535.781875388424  733  1641.511417
0.99415086 1.68888476  72.41396062 -535.755388030538  734  7454.814632
0.96446195 1.70734730 127.61326337 -535.772249952875  735  3754.050375
0.77703118 1.68888476 112.50762159 -535.739703178947  736 10897.241716
0.96446195 1.55195111 106.13111877 -535.779623744465  737  2135.690154
1.09048478 1.68888476  75.55240003 -535.750205138527  738  8592.327967
0.90651856 1.52554842 103.00000000 -535.771897705740  739  3831.359687
0.95131379 1.59610653 103.00000000 -535.785222074973  740   906.998607
0.96446195 1.76600175  90.75933577 -535.783857344496  741  1206.522331
0.97354681 1.68888476 112.74850528 -535.786112645612  742   711.540941
1.02175520 1.75372302 103.00000000 -535.783101131400  743  1372.491925
0.96446195 1.76883576 103.94411146 -535.786366625779  744   655.798736
0.96446195 2.11595493 120.47650894 -535.742421340838  745 10300.674126
0.85743270 1.68888476 131.33312244 -535.757839709157  746  6916.733361
0.83299217 1.71436778 103.00000000 -535.770149755662  747  4214.990393
0.86772205 1.64716156 103.00000000 -535.780355819371  748  1975.018281
0.96446195 1.61633018  86.74757175 -535.774476116247  749  3265.463981
0.96446195 1.68904528 127.07581840 -535.773696394093  750  3436.593216
0.86830020 2.09453381 103.00000000 -535.745813374599  751  9556.208754
1.01052957 1.66573117 103.00000000 -535.785835152195  752   772.443708
1.01990968 2.14573882 103.00000000 -535.746573337348  753  9389.416206
1.12566964 1.71289761 103.00000000 -535.767124650910  754  4878.924155
0.97320610 1.68888476 112.79606184 -535.786102239150  755   713.824896
1.02107641 1.74299859 103.00000000 -535.783655651069  756  1250.788923
1.05304622 1.68888476 116.18097936 -535.775607654266  757  3017.120087
0.96446195 1.78649420 145.52548966 -535.738707429379  758 11115.783490
1.04893605 1.63337531 103.00000000 -535.779750153319  759  2107.946617
0.90871276 1.90457543 103.00000000 -535.773092920886  760  3569.040278
1.31464132 1.68888476 107.31079312 -535.721719222239  761 14844.264058
0.96446195 1.83575875 102.50964026 -535.781776291089  762  1663.260769
1.00132935 1.68888476 129.32976651 -535.768584253146  763  4558.578487
0.96446195 2.17509581 112.55880240 -535.742780959475  764 10221.746957
0.79559854 1.68888476  93.69872460 -535.750317590714  765  8567.647564
1.07554794 1.68888476 108.08382501 -535.776124784190  766  2903.623185
0.70584622 1.68888476 128.41054029 -535.658269016469  767 28769.974835
0.87100867 1.68888476  88.50016494 -535.774272904468  768  3310.063812
0.78727020 1.68888476  75.27930204 -535.720045228674  769 15211.663185
0.96446195 1.87261458 106.59302215 -535.777127157036  770  2683.627770
0.73643653 1.68888476 146.72181837 -535.665870374788  771 27101.669490
0.96446195 1.66415801 112.92023195 -535.786610433622  772   602.289099
0.96446195 1.75796138 111.56029010 -535.784136782997  773  1145.192668
1.15455349 1.71376369 103.00000000 -535.760928985334  774  6238.715599
1.00418267 1.83641904 103.00000000 -535.779322698561  775  2201.762094
1.38793888 1.68888476 114.40689195 -535.700056506783  776 19598.680634
0.96446195 1.67403057  65.09147020 -535.735203054242  777 11884.904945
0.92269316 1.76622176 103.00000000 -535.785943757180  778   748.607668
0.96446195 1.77536309  87.20709558 -535.781060416009  779  1820.377191
0.73793827 1.49454263 103.00000000 -535.688334092098  780 22171.453323
0.96446195 1.79741259  80.22969215 -535.773470797581  781  3486.105928
1.19633766 1.42391849 103.00000000 -535.697661134675  782 20124.404055
0.89255383 1.53838775 103.00000000 -535.772997813802  783  3589.913871
1.28505796 1.61789328 103.00000000 -535.726581314431  784 13777.158147
0.96446195 1.67555604 100.87645427 -535.788890134371  785   101.952608
1.21080238 1.72321595 103.00000000 -535.747743877678  786  9132.512294
0.96446195 1.74773622 102.89769501 -535.787621638774  787   380.355217
0.96446195 1.66598753 108.91407896 -535.788256437273  788   241.033048
0.96562428 1.68888476 100.23154051 -535.788845642939  789   111.717349
1.03451058 1.60380827 103.00000000 -535.779607850588  790  2139.178457
0.96446195 1.75072609  71.27584008 -535.758403094202  791  6793.084634
0.96446195 1.60949223 104.37079153 -535.786418924326  792   644.320532
0.91294101 1.68888476 107.13455655 -535.787370468689  793   435.480680
1.00658767 1.68888476 107.25417412 -535.785898547025  794   758.530150
0.70178476 1.71829738 103.00000000 -535.668449021649  795 26535.721910
1.06028045 1.68888476  63.59813489 -535.727687779514  796 13534.317126
0.90231259 1.68888476 116.28198619 -535.781899714538  797  1636.172452
1.44401301 1.66951658 103.00000000 -535.688175986505  798 22206.153491
0.96446195 1.73027836 101.86300788 -535.788360615049  799   218.168668
1.22823220 1.71959675 103.00000000 -535.743619598901  800 10037.686875
1.15003807 1.68888476 107.87371174 -535.761392311875  801  6137.027175
0.96446195 2.07070578 107.32090292 -535.755890047377  802  7344.634670
0.96446195 1.71161709 127.48668089 -535.772190559661  803  3767.085679
0.72655220 1.63443274 103.00000000 -535.698037835597  804 20041.727757
0.81776617 1.61776891 103.00000000 -535.762650313861  805  5860.927648
0.90722119 1.63045819 103.00000000 -535.785938106345  806   749.847883
0.91366944 1.68888476 113.82589684 -535.784641354500  807  1034.452021
0.91183356 1.68888476 145.80465100 -535.744838717825  808  9770.121194
1.04011270 2.16986785 103.00000000 -535.741907196256  809 10413.515821
0.84360429 1.84223019 103.00000000 -535.765523978847  810  5230.231073
1.26734004 1.73711352 103.00000000 -535.733524643994  811 12253.273423
0.96446195 1.72041225 145.10809102 -535.744989799323  812  9736.962637
1.06721379 1.78863953 103.00000000 -535.774765822901  813  3201.880718
0.96446195 1.49947930 135.59642501 -535.751264638532  814  8359.794589
1.10158033 1.68888476  77.84529523 -535.752186444235  815  8157.481619
0.96446195 1.82522280 102.91448726 -535.782567460033  816  1489.619253
1.18375683 1.68888476 126.09160145 -535.740091778466  817 10811.953979
1.03990987 1.43524433 103.00000000 -535.732228393644  818 12537.767496
1.02733648 1.68888476 110.80980409 -535.782348031760  819  1537.778194
0.70092094 1.68888476  84.68974795 -535.655903515543  820 29289.142289
1.10014403 1.72050699 103.00000000 -535.772037268808  821  3800.729133
0.84027246 1.68888476  70.50855718 -535.733716306186  822 12211.208433
0.96446195 1.91698100 105.97098020 -535.772921548523  823  3606.652165
0.74135461 1.68888476  98.21770649 -535.712562238722  824 16853.989677
1.13290516 1.68888476 135.61566350 -535.738539439092  825 11152.653097
0.73980667 1.72311102 103.00000000 -535.711073623679  826 17180.702921
1.26741875 1.62220165 103.00000000 -535.731525786385  827 12691.971968
0.96446195 1.71630219 101.55817289 -535.788742659392  828   134.319626
0.95385636 1.96473422 103.00000000 -535.769104645284  829  4444.365612
1.19156114 1.68888476 122.73202864 -535.741959459229  830 10402.045424
1.16469385 1.68888476 100.91527286 -535.758774786573  831  6711.507586
1.18539558 1.68888476  79.93056191 -535.738227397740  832 11221.138259
0.96446195 1.63412477 132.27832920 -535.768079760724  833  4669.301777
1.03025065 1.68888476  98.22308813 -535.783056556058  834  1382.275082
0.71479938 1.71699067 103.00000000 -535.684727196043  835 22963.075520
0.84522257 1.68888476 110.23285986 -535.773439791030  836  3492.911080
0.95452387 1.69343257 103.00000000 -535.789306842987  837    10.495637
0.76532257 1.88109503 103.00000000 -535.720442792549  838 15124.407999
0.96446195 1.93559245  76.04671309 -535.762699611616  839  5850.108041
0.96446195 1.97967777 111.71677087 -535.763044023701  840  5774.518324
1.01146715 1.68888476 127.36922501 -535.770041056192  841  4238.847169
0.96446195 1.57328287  88.70687661 -535.770475057394  842  4143.594914
1.16062320 1.68888476 121.27069458 -535.750491291838  843  8529.524573
1.07444425 2.07900986 103.00000000 -535.745913403943  844  9534.254850
1.11721086 1.68888476  72.66925506 -535.740214935953  845 10784.924034
0.96446195 1.52489862 126.62148993 -535.765891561698  846  5149.555960
0.96446195 1.54881686 138.48408104 -535.755353038437  847  7462.494511
1.02364694 1.68888476 104.90470070 -535.784466987640  848  1072.721124
1.11474522 1.68888476 118.82151225 -535.762485793871  849  5897.035613
0.96446195 1.64769859  95.34952103 -535.785791040960  850   782.125005
0.96446195 1.68621320  87.17937193 -535.780693242113  851  1900.962548
1.11607813 1.68888476  84.46851401 -535.758709514677  852  6725.833112
0.96446195 1.92701589  98.76516201 -535.773824408270  853  3408.497351
1.01931029 1.64377182 103.00000000 -535.784198486279  854  1131.650363
1.08701666 1.68888476  79.68704934 -535.757628903061  855  6962.999952
1.29316457 1.54657934 103.00000000 -535.712628682356  856 16839.406984
1.12277160 1.68888476  69.36257864 -535.732617536730  857 12452.360459
1.20481966 1.68888476  81.39738934 -535.735764800144  858 11761.615968
0.96446195 1.68977182  77.09021777 -535.766099619454  859  5103.892560
1.06716198 1.68888476  70.04377873 -535.742762472632  860 10225.804350
1.30179044 1.68888476  93.41824875 -535.723032664359  861 14555.996828
0.96446195 1.69870891 123.35124925 -535.777541700429  862  2592.646010
0.96446195 1.92128539 105.43523801 -535.772697236012  863  3655.883072
1.10903518 1.68888476  78.50616090 -535.751881864511  864  8224.329143
0.96446195 1.70395953 114.23758439 -535.785166578183  865   919.178745
0.96446195 1.75198162 119.27171861 -535.778715720224  866  2334.978444
0.96446195 1.74796859  84.78920756 -535.779236753617  867  2220.624830
0.96446195 1.73310053 104.64173031 -535.788019164541  868   293.108394
0.96446195 1.84605993 118.22457437 -535.771770750164  869  3859.223215
0.96446195 1.57460901 109.14901392 -535.782889864133  870  1418.859731
0.97491916 1.68888476 125.73712345 -535.774852467846  871  3182.864351
1.02247540 1.68888476  60.39605778 -535.721213331879  872 14955.294160
0.96446195 1.84520140  80.13156785 -535.771840745443  873  3843.861027
0.84422668 1.68888476 103.03048642 -535.774492523817  874  3261.862935
1.01095992 1.68888476 102.35861448 -535.785972689580  875   742.257740
0.75201562 1.68888476  96.89108523 -535.721577228200  876 14875.428148
0.97048750 1.52092027 103.00000000 -535.772167378590  877  3772.173336
1.11054181 1.77841878 103.00000000 -535.767577469023  878  4779.542065
1.10552863 1.68888476 105.95848279 -535.771106437923  879  4005.022902
0.96446195 1.78108988  84.51644613 -535.778510954725  880  2379.919277
1.08779699 1.66573730 103.00000000 -535.774491856212  881  3262.009458
0.74522380 1.86472214 103.00000000 -535.705285803144  882 18450.982722
0.96446195 1.67121298  72.30697843 -535.754221452539  883  7710.848913
0.96446195 1.69280758  92.47519653 -535.785576988091  884   829.104180
0.96446195 2.00183476  86.31689860 -535.764758729877  885  5398.183811
0.83895340 1.95842614 103.00000000 -535.752001677761  886  8198.033173
1.21755861 1.68888476 108.93698567 -535.745402882528  887  9646.301351
0.96446195 1.84783178 109.59199921 -535.778027411850  888  2486.044673
0.96446195 1.72556489  96.42881084 -535.787576181154  889   390.332012
0.96446195 1.98347357 125.16144919 -535.750409394856  890  8547.498883
0.96446195 1.94357385 125.02157590 -535.754617576218  891  7623.909813
0.96446195 2.11191466  85.87599909 -535.754243923946  892  7705.917009
0.96446195 1.96713668 119.74374894 -535.757796586648  893  6926.197658
0.96346635 1.81973754 103.00000000 -535.783014179695  894  1391.575618
1.00419311 1.61198491 103.00000000 -535.783839525201  895  1210.433214
0.84781629 1.68888476 119.80050747 -535.768051850642  896  4675.427332
1.34286253 1.54806251 103.00000000 -535.702811121220  897 18994.112635
1.06589150 1.68888476 108.62612485 -535.777584385430  898  2583.277735
1.31811315 1.68888476  82.83447736 -535.709938200418  899 17429.899527
0.75161873 1.68888476  78.41514863 -535.700348620571  900 19534.569067
1.44504725 1.59735260 103.00000000 -535.687501512843  901 22354.183352
0.96446195 1.94599513  98.37118294 -535.771951213829  902  3819.616018
1.16604673 1.89424411 103.00000000 -535.746800205948  903  9339.624303
1.00031668 1.57526281 103.00000000 -535.780232571689  904  2002.068021
0.96446195 1.58380540  81.35878952 -535.760185696178  905  6401.848715
1.11663509 1.68888476 111.36274258 -535.767102770900  906  4883.726262
0.88783056 1.68888476 137.18209236 -535.755777927442  907  7369.242151
1.13572503 1.82588562 103.00000000 -535.759235186185  908  6610.461549
1.09916429 1.64748449 103.00000000 -535.771798671608  909  3853.095167
1.05180238 1.84903065 103.00000000 -535.772569745552  910  3683.863994
0.99450899 1.68888476  89.48484247 -535.781548138786  911  1713.334412
0.99496317 1.80913944 103.00000000 -535.782248927039  912  1559.529166
0.81526699 1.95762233 103.00000000 -535.742444731132  913 10295.540550
1.15103825 1.68888476  99.64280012 -535.761622234700  914  6086.564947
0.96491781 1.67135836 103.00000000 -535.789052143898  915    66.395626
0.81472831 1.68888476  64.72058033 -535.706376390663  916 18211.626424
0.77345432 1.68888476  98.17058879 -535.738660906814  917 11125.994013
0.96446195 1.82747295  59.35729151 -535.733812454930  918 12190.106222
0.85382286 1.68888476  97.51211800 -535.776255304287  919  2874.977334
0.96446195 1.83331308  78.54385066 -535.770481372703  920  4142.208864
1.33766955 1.68888476  85.85878176 -535.708165160729  921 17819.036766
0.96446195 1.59692753  97.64042743 -535.782851221773  922  1427.340749
0.96446195 2.06069161  90.29763153 -535.760106411634  923  6419.249662
0.96446195 1.73730892 132.75171581 -535.763566509629  924  5659.845916
1.10595161 2.00929630 103.00000000 -535.747616588244  925  9160.449096
0.83971957 1.44071601 103.00000000 -535.729805866530  926 13069.450751
0.96446195 1.55746830 144.52159840 -535.747645008716  927  9154.211524
1.01982148 1.68888476  82.38509535 -535.771083690216  928  4010.015447
0.96446195 1.73524695 116.75474981 -535.781928183148  929  1629.924315
0.96446195 1.61518859  98.95108370 -535.785400782436  930   867.776852
0.96446195 1.89606064  90.04393448 -535.775577267726  931  3023.789161
0.92051207 2.09011000 103.00000000 -535.754388354187  932  7674.218235
1.06346344 1.68888476 113.69646990 -535.775613437596  933  3015.850792
1.24093147 1.59834037 103.00000000 -535.735880156937  934 11736.298078
1.17836859 1.65470074 103.00000000 -535.755140771670  935  7509.081682
0.96446195 1.72543836 143.73525028 -535.746977225330  936  9300.773039
1.17752246 1.68888476 127.10124587 -535.740327987845  937 10760.112011
0.96446195 1.55369855 110.30947501 -535.779876399227  938  2080.238843
0.96446195 1.81031798  67.77054772 -535.753150988917  939  7945.788526
0.89672909 1.68888476 128.99193216 -535.768439019666  940  4590.453552
0.80470600 1.68888476 117.99662644 -535.752356637262  941  8120.128566
1.03256918 1.68888476 128.78589657 -535.765769422156  942  5176.362492
1.10674335 1.68888476  94.17421697 -535.768839244384  943  4502.614378
0.75579918 1.68888476 110.99830178 -535.724581553486  944 14216.054951
1.00259815 1.58640914 103.00000000 -535.781442150339  945  1736.596188
0.93123743 1.68888476 147.91789762 -535.742393555236  946 10306.772361
1.15687354 1.65110123 103.00000000 -535.759898092912  947  6464.970337
0.96446195 1.54601075 109.65656342 -535.778707909589  948  2336.692680
0.88372967 1.68888476  89.46816640 -535.777729279621  949  2551.477135
1.14948000 1.68888476  95.55977800 -535.760678733384  950  6293.639554
1.03092308 1.68888476  83.51303603 -535.771341666364  951  3953.396226
1.04405702 1.68888476  84.23096048 -535.770565024900  952  4123.849328
0.96446195 1.60068162 101.25890536 -535.784949806562  953   966.754618
1.14616230 1.94481632 103.00000000 -535.746185634168  954  9474.507220
1.05561204 1.63505537 103.00000000 -535.778822970146  955  2311.439806
0.96446195 1.83435555 139.41654992 -535.744850945086  956  9767.437620
1.37121143 1.62685684 103.00000000 -535.703989328150  957 18735.526099
0.88672000 2.03611008 103.00000000 -535.755884044843  958  7345.952073
0.94537973 1.52806813 103.00000000 -535.774373205269  959  3288.050330
1.40324561 1.68888476  93.44558567 -535.697085594320  960 20250.720564
0.96446195 1.80118802  71.24624301 -535.759788878986  961  6488.940024
1.13298904 1.68888476  78.76485596 -535.747670779243  962  9148.555546
1.44097423 1.68888476  98.66816082 -535.689371828697  963 21943.696462
0.81854562 1.50379613 103.00000000 -535.744732650474  964  9793.400287
0.96446195 1.72953081  76.66885764 -535.767667969469  965  4759.679513
0.96446195 1.61596209  68.53193840 -535.734917941054  966 11947.480058
0.96446195 1.77709363  82.88183515 -535.776898869720  967  2733.731046
0.96446195 2.09455168  95.38566351 -535.756834664505  968  7137.315170
0.81767784 1.68888476 122.72586315 -535.754218533357  969  7711.489600
1.14513811 1.68888476  94.20487628 -535.760963660479  970  6231.105284
1.50086580 1.68888476 109.40853141 -535.673567438667  971 25412.359201
0.70623880 1.68888476 100.52473145 -535.674727185698  972 25157.824145
1.10445515 1.61488748 103.00000000 -535.768816799146  973  4507.540538
1.00752498 1.98974436 103.00000000 -535.763922339885  974  5581.750200
0.96446195 1.41217047 107.01358521 -535.730985873133  975 12810.469232
0.96446195 1.69127444 126.05276373 -535.774823347844  976  3189.255453
0.96724651 1.68888476 134.00430232 -535.764430235979  977  5470.279890
0.96446195 1.76242078  97.73107945 -535.786726349698  978   576.848461
0.89748897 1.67509919 103.00000000 -535.786142720115  979   704.940350
0.83013656 1.98318537 103.00000000 -535.745984199846  980  9518.716945
1.05641791 1.84601870 103.00000000 -535.772140879182  981  3777.989284
0.96446195 1.86730460 111.02650261 -535.775303941582  982  3083.777317
1.06614104 1.68410083 103.00000000 -535.778486781392  983  2385.224710
0.96446195 2.07031619 104.87918212 -535.757034342578  984  7093.490897
1.17708510 1.68888476 110.49106383 -535.754357621370  985  7680.963309
0.81658427 2.10204449 103.00000000 -535.727206773928  986 13639.885652
1.01523126 1.68888476 127.72846470 -535.769194967790  987  4424.542113
0.79966262 1.68888476 109.84975341 -535.754506552765  988  7648.276645
0.80919746 1.68888476  66.05285777 -535.707949764764  989 17866.310717
0.83303809 1.62733090 103.00000000 -535.769340074911  990  4392.694780
1.06357118 1.52023609 103.00000000 -535.761364454778  991  6143.141101
0.86450002 1.68888476  62.99807939 -535.718561173969  992 15537.375551
0.96446195 1.61563960  97.69815535 -535.784816405283  993   996.032815
1.39880032 1.68888476  97.42119670 -535.699951701209  994 19621.682800
0.96446195 1.41235601 110.88688062 -535.732519908584  995 12473.787360
0.96446195 1.84829987 107.55111907 -535.779012668317  996  2269.805869
1.11608482 1.72649779 103.00000000 -535.768760847630  997  4519.820477
1.39759717 1.72520680 103.00000000 -535.701027665913  998 19385.535839
1.03871293 1.68888476 125.90183531 -535.768450878942  999  4587.850741
0.96446195 1.65478491 101.20597588 -535.788472003527 1000   193.721723
1.02376223 1.68888476 125.24376942 -535.771146317476 1001  3996.270352
0.96446195 1.54846536 116.18165024 -535.777234685553 1002  2660.027988
0.79333815 1.83631621 103.00000000 -535.743587282250 1003 10044.779560
0.96446195 1.83381532  92.31216464 -535.781134246966 1004  1804.173169
0.96446195 1.53426239  87.29927649 -535.759433305460 1005  6566.979394
1.29206393 1.68888476 105.50642116 -535.727802098799 1006 13509.226943
1.05626567 1.68888476  81.32877607 -535.764948838065 1007  5356.459886
0.97672991 1.68888476 107.58637610 -535.788059004249 1008   284.364589
0.96446195 1.53040089  84.20115751 -535.752706982705 1009  8043.236628
1.02424265 1.63888768 103.00000000 -535.783391581023 1010  1308.745600
1.05897994 1.68888476 124.36787444 -535.767170596732 1011  4868.840213
0.96446195 1.92003037 121.77807743 -535.760671403547 1012  6295.248267
1.01822347 1.68888476 120.93547700 -535.776289571531 1013  2867.456543
1.37823159 1.68888476 117.81977811 -535.700178384029 1014 19571.931670
0.96446195 1.62091769  97.22890190 -535.785017676577 1015   951.858871
1.10592183 1.68888476  71.97310747 -535.740835280137 1016 10648.774221
1.26817000 1.71216113 103.00000000 -535.733904071071 1017 12169.998803
0.95759554 1.68888476 128.92749274 -535.771584537415 1018  3900.092191
1.25123901 1.68888476 106.94979881 -535.737737552352 1019 11328.646897
1.06094041 1.68888476  93.48836062 -535.776557372473 1020  2808.681029
0.90957544 1.68888476  88.65207494 -535.780467634453 1021  1950.477707
0.95885000 1.68888476  78.62352204 -535.768860353486 1022  4497.981465
1.04315346 1.79547360 103.00000000 -535.777952248324 1023  2502.541161
0.96876228 1.68888476  96.81198424 -535.787746167553 1024   353.024309
1.00320415 1.82984866 103.00000000 -535.779952443450 1025  2063.549065
0.96446195 2.04135274 119.83218928 -535.750082275150 1026  8619.293362
1.08258346 2.10212189 103.00000000 -535.742207741303 1027 10347.553807
0.83639917 1.68888476 134.42204880 -535.747197059346 1028  9252.525048
0.96446195 1.56786999 137.58819901 -535.758347831196 1029  6805.213462
0.96446195 1.83990303  61.37996990 -535.739557007243 1030 10929.322698
0.99456759 1.68888476 132.72623872 -535.764595809359 1031  5433.940733
1.26516957 1.68888476  88.37600556 -535.728688360389 1032 13314.715003
0.89755001 1.66208421 103.00000000 -535.785984688023 1033   739.624386
0.96446195 2.07807803 106.09378300 -535.755699082173 1034  7386.546688
0.84266100 1.68888476 131.99142145 -535.752661477039 1035  8053.223967
1.25331325 1.56936281 103.00000000 -535.727894918151 1036 13488.855449
0.98695933 1.68888476 115.01461932 -535.783965275734 1037  1182.834162
0.96446195 1.61340374 146.29762199 -535.747297261665 1038  9230.533181
0.96446195 1.77437256 143.00569052 -535.744251552610 1039  9898.989065
1.03244247 1.69630542 103.00000000 -535.783444068283 1040  1297.225977
0.96446195 1.97237450 119.25969046 -535.757709608849 1041  6945.287079
0.83016281 1.68888476  67.40098370 -535.721343781811 1042 14926.663709
0.81794910 1.71974667 103.00000000 -535.763901897509 1043  5586.236783
1.10591104 1.68888476 111.59440499 -535.769123218007 1044  4440.289370
1.04733088 1.68888476 131.55552458 -535.760043539595 1045  6433.048479
0.96185575 1.45193017 103.00000000 -535.749465123326 1046  8754.742533
1.01708933 1.68888476  92.36711181 -535.781736184694 1047  1672.063105
0.96446195 1.69926107  93.88017300 -535.786550770936 1048   615.383545
0.87618213 1.53000888 103.00000000 -535.768550510428 1049  4565.984157
1.07996540 1.63340397 103.00000000 -535.774662978398 1050  3224.452478
1.15827149 1.49440883 103.00000000 -535.731367039056 1051 12726.812980
0.96446195 1.85167885  91.68602478 -535.779647979054 1052  2130.371277
0.96446195 1.81254528  92.58254790 -535.782596046709 1053  1483.345203
1.15163943 1.65931134 103.00000000 -535.761338159384 1054  6148.912273
1.32803900 1.68888476 120.54685583 -535.710545209385 1055 17296.676455
0.96446195 1.99515531 123.25579647 -535.751332596603 1056  8344.879516
1.17882247 1.68888476 102.88493085 -535.755654060627 1057  7396.427775
1.23770693 1.75355970 103.00000000 -535.740219412635 1058 10783.941516
1.03422582 1.68888476  81.71196837 -535.768474393266 1059  4582.689944
0.96446195 1.94531834  79.87604962 -535.765646172064 1060  5203.412761
0.99923865 1.89980568 103.00000000 -535.773918375613 1061  3387.873903
0.93045909 1.58763886 103.00000000 -535.783967341136 1062  1182.380859
0.96446195 1.74085701 103.50513303 -535.787862107248 1063   327.578486
0.98937885 1.68888476 117.45332350 -535.782025283825 1064  1608.613179
1.07298476 1.44167284 103.00000000 -535.729436749887 1065 13150.462491
1.17337594 1.62072111 103.00000000 -535.754438974148 1066  7663.108437
0.96446195 1.62847345 107.19008640 -535.787610804095 1067   382.733154
0.96446195 1.60882531  60.51910141 -535.704842298753 1068 18548.320687
1.03450953 1.56365526 103.00000000 -535.774606416957 1069  3236.866280
1.10509041 1.68104555 103.00000000 -535.771443118612 1070  3931.130031
1.48791785 1.68888476 111.27791004 -535.676312935472 1071 24809.792291
0.83975094 1.51421255 103.00000000 -535.755468640275 1072  7437.122840
0.96446195 1.61914578  75.54423324 -535.754254658456 1073  7703.561057
0.95046641 1.71563524 103.00000000 -535.788956780942 1074    87.325376
1.41392874 1.68888476  91.22738148 -535.692932833899 1075 21162.146143
0.96446195 1.46181530  90.88024026 -535.739652700108 1076 10908.320541
0.96446195 1.77607592 114.76522495 -535.780780823084 1077  1881.740746
0.96446195 2.15466562 117.67796904 -535.741206495203 1078 10567.301929
0.90459393 1.68888476  75.46597807 -535.759924760447 1079  6459.117490
0.90660057 1.68888476 100.88694331 -535.787033869005 1080   509.355773
1.02826379 1.73705279 103.00000000 -535.783032927035 1081  1387.461053
1.21375089 1.54315788 103.00000000 -535.732611883761 1082 12453.601142
0.96446195 1.79253002 106.13553325 -535.784230229005 1083  1124.683640
0.96446195 1.73985011  59.20777573 -535.725782488518 1084 13952.480173
0.96446195 1.68690912  89.93759556 -535.783436702261 1085  1298.842632
0.96446195 1.84700361 131.38417499 -535.756078549131 1086  7303.263316
1.25572477 1.68068056 103.00000000 -535.737062506066 1087 11476.802434
0.96446195 1.83942172  78.89188083 -535.770683605122 1088  4097.823977
0.96446195 1.74290667  76.78981243 -535.768345668649 1089  4610.941732
0.96446195 1.71344974  99.23533120 -535.788527658884 1090   181.506784
1.21475630 1.68888476  79.27280027 -535.730625145108 1091 12889.639883
0.77423206 1.56689190 103.00000000 -535.733272175677 1092 12308.683814
0.96446195 1.72729621 108.43133133 -535.787232890021 1093   465.675708
0.96446195 2.07426447 116.07962854 -535.749962594443 1094  8645.560241
0.96446195 1.80908427 103.89632625 -535.783627383705 1095  1256.992892
0.96098686 1.63824577 103.00000000 -535.788185575831 1096   256.585337
0.96446195 1.91527216  83.18634670 -535.770374149327 1097  4165.741675
1.15213207 1.63508145 103.00000000 -535.760195496876 1098  6399.697710
0.73930038 1.82380741 103.00000000 -535.703671047124 1099 18805.380711
0.98043882 1.68888476 117.89883301 -535.782258322425 1100  1557.467117
0.96446195 1.67925684  94.05348046 -535.786298314262 1101   670.791382
0.84533202 1.68888476  98.60753635 -535.774108622052 1102  3346.119635
1.20127670 1.55587938 103.00000000 -535.739173133562 1103 11013.573234
0.96446195 1.66147093 121.90168742 -535.779941054319 1104  2066.048690
1.09898613 1.68888476 127.66461128 -535.756300980082 1105  7254.445364
0.91722772 1.71158586 103.00000000 -535.787834730982 1106   333.586882
1.09691033 1.89672998 103.00000000 -535.760723003561 1107  6283.923373
1.00142561 1.68888476 105.79198301 -535.786683010960 1108   586.360214
0.91520379 1.41559623 103.00000000 -535.730702224906 1109 12872.722823
1.18934827 1.54590625 103.00000000 -535.740041003527 1110 10823.097790
1.15771371 1.68888476 103.31226945 -535.760433431304 1111  6347.477139
0.96446195 1.60769783  62.51892846 -535.712440465472 1112 16880.715816
0.96678581 1.68888476 116.18806107 -535.784201236377 1113  1131.046786
1.15286850 1.69090126 103.00000000 -535.761515456176 1114  6110.000124
0.96446195 1.66340420 121.32669397 -535.780465767175 1115  1950.887527
1.09337889 2.01680108 103.00000000 -535.749140828562 1116  8825.917008
0.96446195 1.82319152  58.96106478 -535.732491168952 1117 12480.094981
0.85975736 1.88432440 103.00000000 -535.766256041808 1118  5069.561821
0.96446195 1.65700905 125.78839677 -535.775950918097 1119  2941.782382
1.07290283 2.09615543 103.00000000 -535.744411607954 1120  9863.860977
0.96446195 1.84292580  76.07738558 -535.767040076513 1121  4897.486090
0.87839058 1.62216753 103.00000000 -535.781342292209 1122  1758.512515
0.96446195 1.88818202  79.29091604 -535.768827599396 1123  4505.170157
0.96446195 1.82972637 141.67831084 -535.741452219234 1124 10513.371737
0.96446195 1.56458290 129.41587978 -535.768317579801 1125  4617.106522
0.95551938 1.77497920 103.00000000 -535.786305554693 1126   669.202291
1.21267571 1.66796604 103.00000000 -535.747406380536 1127  9206.584356
1.10474598 1.85587660 103.00000000 -535.762985658489 1128  5787.328008
1.01797306 1.77411550 103.00000000 -535.782441997824 1129  1517.155026
0.96446195 1.73699184 118.22761361 -535.780597750550 1130  1921.920524
1.09736276 1.68888476 135.06673116 -535.746501023631 1131  9405.287233
0.96446195 1.47287751 105.06286827 -535.758963539897 1132  6670.081019
0.69242663 1.68888476  89.49326357 -535.649843128968 1133 30619.243423
0.96723788 1.68888476 112.56709227 -535.786467074669 1134   633.752753
1.21063393 1.47166170 103.00000000 -535.713148724563 1135 16725.270911
0.77116258 1.68888476  77.32400037 -535.713587248373 1136 16629.026057
1.08032851 1.78820756 103.00000000 -535.772584452837 1137  3680.636118
1.07007876 1.96898492 103.00000000 -535.758102098319 1138  6859.145596
0.96446195 1.44569047 104.71964644 -535.747619327411 1139  9159.847919
0.91709738 2.02311355 103.00000000 -535.761248107946 1140  6168.676280
0.96446195 1.69033885  70.56884516 -535.752246640233 1141  8144.270124
1.06064278 1.68888476 121.73567865 -535.769651136162 1142  4324.424726
0.96446195 1.70157578  96.07862899 -535.787653857751 1143   373.283969
0.97637983 1.68888476  95.66154272 -535.786919321971 1144   534.495941
0.96446195 1.63832885  84.16458615 -535.773323678864 1145  3518.394755
0.80952155 1.68888476  76.80831640 -535.735484679220 1146 11823.095406
0.96446195 1.48234149  78.91460305 -535.722746181247 1147 14618.872604
0.96446195 1.51912909  96.84656330 -535.767742159572 1148  4743.396667
0.91105455 1.71698292 103.00000000 -535.787173433083 1149   478.724998
0.96446195 2.00981047  85.10969329 -535.763531588042 1150  5667.510318
0.82019893 1.68888476 119.79972164 -535.758062940832 1151  6867.739671
0.96446195 1.61641032  93.29296519 -535.781799459913 1152  1658.175800
0.96446195 1.71532608 119.17002334 -535.780909797347 1153  1853.434167
0.81154231 1.57193622 103.00000000 -535.755278283415 1154  7478.901342
0.82817160 1.68888476 100.51741613 -535.768547967900 1155  4566.542178
1.23431736 1.68888476 127.67491316 -535.726195224893 1156 13861.895007
0.96446195 1.73800509 102.68574638 -535.788053255676 1157   285.626255
1.39196639 1.68888476 120.37954747 -535.694632604409 1158 20789.089630
0.95459184 1.68888476  78.49233018 -535.768642378603 1159  4545.821423
1.22418084 1.68888476 117.84178859 -535.738653950258 1160 11127.520800
0.96446195 1.69814739  96.62870433 -535.787870405930 1161   325.757136
0.84261587 1.68888476  64.54586609 -535.717092604944 1162 15859.689202
1.02408774 1.68888476  84.32376893 -535.773179004591 1163  3550.147089
0.95969103 1.78293190 103.00000000 -535.785754006881 1164   790.253046
1.00743054 1.63521818 103.00000000 -535.785070462073 1165   940.273793
0.97486898 1.74399925 103.00000000 -535.787401462218 1166   428.678386
0.96446195 1.75825682  67.43785244 -535.750359480565 1167  8558.453804
1.07275905 1.68888476 118.17206744 -535.770870808360 1168  4056.737615
0.80378282 1.43426095 103.00000000 -535.712081511612 1169 16959.497084
0.96446195 1.77359061  93.24990927 -535.784867165520 1170   984.892230
1.14457295 1.68888476 106.78516782 -535.762868345680 1171  5813.075194
0.96446195 1.59989175  88.02855704 -535.773976528779 1172  3375.110758
0.94369709 1.68888476  97.04313252 -535.788122014419 1173   270.535455
0.96446195 1.43132855  69.21493040 -535.662207995492 1174 27905.468850
0.91148055 1.56019996 103.00000000 -535.779040586891 1175  2263.678450
1.38800109 1.70992341 103.00000000 -535.703650571755 1176 18809.874535
0.96446195 1.71681598  94.55462780 -535.786918743956 1177   534.622801
1.00148119 1.68888476 110.63155188 -535.785222148614 1178   906.982445
1.23400555 1.61211476 103.00000000 -535.739094825165 1179 11030.759941
0.81629401 1.81831823 103.00000000 -535.757009006432 1180  7099.051539
0.95035277 1.64198802 103.00000000 -535.788495554608 1181   188.552858
0.82112525 1.68888476 108.58481972 -535.765183281251 1182  5305.005553
0.82751954 2.25191835 103.00000000 -535.717524258108 1183 15764.952281
0.79427575 1.68888476  69.44187154 -535.709886734090 1184 17441.195080
0.96446195 1.90741658  83.07782345 -535.770865032849 1185  4058.005193
1.05066099 1.68888476 113.79280825 -535.777560078699 1186  2588.612446
0.90680716 1.68888476  86.60052968 -535.777980436801 1187  2496.354505
1.04235994 1.80708289 103.00000000 -535.777248978369 1188  2656.891078
0.86192871 1.68888476 128.88044514 -535.762150326973 1189  5970.662088
0.96446195 1.92297637  83.80004468 -535.770214280258 1190  4200.828881
1.10853545 2.04260291 103.00000000 -535.743658305565 1191 10029.191744
0.75180888 1.87640308 103.00000000 -535.709944322027 1192 17428.555989
0.96446195 1.71674242  76.68789180 -535.767103882373 1193  4883.482322
0.79738976 1.68888476  99.38003286 -535.753914468238 1194  7778.224181
0.96446195 1.85864190  98.35989025 -535.780253486163 1195  1997.477825
0.99132333 1.71246602 103.00000000 -535.787447732043 1196   418.523333
1.53204863 1.70956778 103.00000000 -535.667014138393 1197 26850.642390
1.18839131 1.68888476 108.55417222 -535.752471113744 1198  8095.003882
0.96446195 1.63459538  98.03565072 -535.786447293944 1199   638.094120
1.14131039 1.89256755 103.00000000 -535.752313946695 1200  8129.498063
0.83767630 1.68888476 114.62057078 -535.768697834594 1201  4533.650240
1.29900016 1.61530212 103.00000000 -535.722645850612 1202 14640.892634
0.75356001 1.68888476  97.64418030 -535.723195087434 1203 14520.349082
1.00031660 1.68888476 125.26659210 -535.773602403175 1204  3457.221839
1.27319378 1.63772637 103.00000000 -535.731173482832 1205 12769.293661
1.18827332 1.68888476  98.20852735 -535.752847103573 1206  8012.483651
0.84378347 1.95271732 103.00000000 -535.754279040783 1207  7698.209754
0.92766399 2.04364421 103.00000000 -535.759822091592 1208  6481.650699
0.96446195 1.81420462  77.90759553 -535.770193832238 1209  4205.316702
0.96446195 1.68940299  89.94789323 -535.783521856120 1210  1280.153520
0.96446195 1.53842133 118.92282627 -535.774177400375 1211  3331.024538
0.99372162 1.68888476  81.63021186 -535.772315017779 1212  3739.770279
0.96446195 1.74270044  70.17478257 -535.755639852065 1213  7399.546194
0.95366968 1.96319179 103.00000000 -535.769268629107 1214  4408.375322
0.77099895 1.68718674 103.00000000 -535.737869882588 1215 11299.603766
0.81855326 1.75441111 103.00000000 -535.762595470722 1216  5872.964326
1.08124455 1.68888476 140.54910665 -535.740891540100 1217 10636.426586
1.02221083 1.68888476 120.36208803 -535.776362306970 1218  2851.492960
0.96446195 1.46318107  87.79353989 -535.734698436480 1219 11995.655745
1.15648119 1.68888476  93.89392068 -535.758320187292 1220  6811.280598
0.87374585 1.69406212 103.00000000 -535.782131229069 1221  1585.360885
1.09011070 1.68888476  86.83377907 -535.766196622533 1222  5082.602845
0.99724084 1.68888476 102.71912926 -535.787265139069 1223   458.597860
1.15056554 1.55089937 103.00000000 -535.750542275476 1224  8518.334958
1.09921930 2.02836346 103.00000000 -535.746875536205 1225  9323.091222
0.98174132 1.95361479 103.00000000 -535.769566726612 1226  4342.950481
0.96446195 1.94442433  76.80023588 -535.762919571615 1227  5801.832400
1.00715154 1.68888476  71.36310613 -535.752180107342 1228  8158.872406
1.14390492 1.84975775 103.00000000 -535.755584144636 1229  7411.772562
0.96446195 1.77389792  79.10307575 -535.772269160782 1230  3749.834727
0.96446195 1.61414711 126.74384370 -535.774433996259 1231  3274.708250
0.96446195 2.00191438 108.18729032 -535.762772818703 1232  5834.040942
0.96446195 1.44149320  72.99777361 -535.682982091383 1233 23346.081729
0.96446195 1.63965544 106.73475317 -535.788151590037 1234   264.044357
1.07810344 1.57603484 103.00000000 -535.769544364643 1235  4347.858366
0.76827354 1.63770446 103.00000000 -535.735246200124 1236 11875.435519
0.84846908 1.80941828 103.00000000 -535.769891033105 1237  4271.773432
1.41902355 1.73410142 103.00000000 -535.695454106080 1238 20608.790851
0.94130620 1.68888476  78.85506965 -535.769080237711 1239  4449.722455
0.85920311 1.68888476 115.14790101 -535.774818096234 1240  3190.408048
0.95426552 1.68888476 111.02803358 -535.787521770494 1241   402.273771
0.96446195 1.62972037  91.99004374 -535.781915041504 1242  1632.808572
0.93101247 1.68888476 131.95832660 -535.767342070101 1243  4831.206158
0.96446195 1.68771931  96.08104423 -535.787553747841 1244   395.255555
0.96446195 1.80800700  73.42691347 -535.763628157777 1245  5646.315711
0.96446195 1.96335291 126.69158664 -535.750634037733 1246  8498.195470
1.17823976 1.64995001 103.00000000 -535.754991651444 1247  7541.809789
0.96865794 2.14795595 103.00000000 -535.749741253708 1248  8694.138918
1.32715072 1.74993681 103.00000000 -535.718065689088 1249 15646.121914
1.18953175 1.63596909 103.00000000 -535.751675373620 1250  8269.648656
0.96446195 1.62409494  67.59817285 -535.733792797322 1251 12194.420569
0.96446195 1.94789776  82.97800799 -535.767726459733 1252  4746.842383
1.20358088 1.64316334 103.00000000 -535.748715075584 1253  8919.358988
0.96446195 1.84016058  82.47211250 -535.774416268004 1254  3278.599152
1.33492585 1.68888476 118.63446006 -535.710453203151 1255 17316.869490
1.39410885 1.80750687 103.00000000 -535.698195506636 1256 20007.122963
0.96446195 2.16141485 111.55380514 -535.744612018096 1257  9819.876034
1.11350460 1.62037759 103.00000000 -535.767439731447 1258  4809.771969
0.96446195 2.01491375 104.19547423 -535.763206457759 1259  5738.868169
0.93125953 1.68888476  89.80094030 -535.783103016386 1260  1372.078218
0.96446195 1.68830611  73.82264589 -535.759447149031 1261  6563.941081
0.96446195 1.55960500 112.98672281 -535.780109704830 1262  2029.034181
0.96446195 1.62913582  72.76097738 -535.749215839597 1263  8809.453989
1.37548007 1.68888476 112.88130103 -535.704073137630 1264 18717.132044
1.03166123 1.68888476 112.48319391 -535.780974356220 1265  1839.265132
1.09489372 1.61932790 103.00000000 -535.771003844239 1266  4027.539614
1.06703050 1.57763650 103.00000000 -535.771681982189 1267  3878.705534
0.96446195 1.93294320  99.19405574 -535.773177943580 1268  3550.379954
0.92984640 1.61834507 103.00000000 -535.786768343619 1269   567.631860
1.53860471 1.66294673 103.00000000 -535.671006368836 1270 25974.449069
1.07006024 1.68888476 103.85439909 -535.777817529566 1271  2532.108511
0.96446195 1.79035206  64.47788305 -535.745041157066 1272  9725.690915
1.09679297 1.68888476 112.67002600 -535.770318545665 1273  4177.945268
1.07980837 1.44448710 103.00000000 -535.729429788024 1274 13151.990444
0.89228505 1.97845471 103.00000000 -535.763092277604 1275  5763.927816
1.11325493 1.68888476 130.35272251 -535.750064642531 1276  8623.163274
0.96446195 1.88508809 107.05578228 -535.775692372230 1277  2998.526642
0.91980853 1.53977361 103.00000000 -535.776006785730 1278  2929.520854
1.00609713 1.68888476  92.60366320 -535.783012869420 1279  1391.863191
1.14664526 1.68888476  78.03238608 -535.743782929632 1280 10001.839922
0.96446195 1.75939652  82.23938591 -535.776329403360 1281  2858.714467
1.07560128 1.68888476 134.97416915 -535.750601277824 1282  8505.385439
0.96446195 1.89046522 114.89592207 -535.770191215500 1283  4205.891010
1.05428059 1.68888476 107.11038772 -535.779867599035 1284  2082.170262
0.98428260 1.68888476 102.42764906 -535.788208965214 1285   251.451961
1.01612753 1.68888476  92.96607843 -535.782240250558 1286  1561.433434
0.96446195 1.56541082  79.02591182 -535.751129789414 1287  8389.390550
1.09635982 1.68888476  92.67495054 -535.769931795440 1288  4262.827133
1.44785370 1.68888476 119.94263944 -535.681082022424 1289 23763.098671
0.96446195 1.75978974  84.48673324 -535.778842530319 1290  2307.146844
0.96446195 1.51062098 143.13632996 -535.743662587681 1291 10028.251928
0.73767924 1.68888476 105.76968801 -535.709857811248 1292 17447.542911
1.04410132 1.68888476 106.28054869 -535.781560952858 1293  1710.522049
0.78334597 1.68888476  93.04746102 -535.742559085695 1294 10270.442624
1.11485811 1.83122617 103.00000000 -535.763068151497 1295  5769.222885
0.86013787 1.68888476 117.84620199 -535.773099455403 1296  3567.606118
0.86974990 1.68888476  79.29821815 -535.761254304623 1297  6167.316266
0.96446195 1.49658016  79.61940251 -535.730637635473 1298 12886.898565
1.09358235 1.90525874 103.00000000 -535.760510243759 1299  6330.618753
0.95717675 2.05433696 103.00000000 -535.759506932445 1300  6550.820138
0.74739849 1.72609871 103.00000000 -535.717942532549 1301 15673.151651
0.96446195 1.60485730 118.31758927 -535.781665776745 1302  1687.515864
0.96446195 1.83630752  79.50048753 -535.771499369810 1303  3918.784320
0.96446195 1.80964544 122.44773916 -535.770903977483 1304  4049.457834
1.20727928 1.68888476 113.04560374 -535.745995344717 1305  9516.270928
1.07195734 1.80622075 103.00000000 -535.772795254069 1306  3634.370594
0.80792139 1.68888476  74.41083357 -535.729586687923 1307 13117.554895
1.32195139 1.68888476 111.95553955 -535.718123698190 1308 15633.390388
1.02099043 1.68738223 103.00000000 -535.784888646004 1309   980.177809
0.95051806 1.68888476 106.68003688 -535.788988014690 1310    80.470361
0.89220863 1.68888476  83.40426246 -535.772001359839 1311  3808.610241
1.04418002 1.68888476 132.27709876 -535.759505741823 1312  6551.081449
0.92303061 1.89182892 103.00000000 -535.775628161399 1313  3012.619291
0.96446195 1.57329739 127.31866451 -535.771406228543 1314  3939.226465
1.13728471 1.68888476 108.70486901 -535.763893345484 1315  5588.113735
0.96446195 1.96275016 124.44540509 -535.753316704555 1316  7909.418147
0.96446195 1.59457879 135.85333449 -535.762348415830 1317  5927.186608
0.96446195 1.76946639  87.37545320 -535.781353046322 1318  1756.152260
1.03731324 1.94628807 103.00000000 -535.765212566365 1319  5298.578214
0.82919631 1.68888476  69.75375075 -535.727591912593 1320 13555.357484
0.78713819 1.93172258 103.00000000 -535.730089542035 1321 13007.191173
0.93599096 1.68888476 108.47358590 -535.788325946252 1322   225.777590
0.90586026 1.68888476  99.16841219 -535.786602343682 1323   604.064636
1.08244067 1.68072817 103.00000000 -535.775671888424 1324  3003.022318
1.23419707 1.57858426 103.00000000 -535.734837746024 1325 11965.080833
0.96446195 2.13152387  88.31044277 -535.752898411219 1326  8001.222925
0.95854294 1.68888476  89.40461638 -535.783134789295 1327  1365.104870
0.75041096 1.68888476 104.22680540 -535.721639726227 1328 14861.711416
1.38293652 1.68888476 108.43028024 -535.704030696040 1329 18726.446896
1.05193160 1.68275368 103.00000000 -535.780724911499 1330  1894.011921
1.06741148 1.68888476 119.92385889 -535.770259204212 1331  4190.969212
0.84758072 1.97714295 103.00000000 -535.752829678021 1332  8016.308118
0.99860030 2.00392857 103.00000000 -535.763155688217 1333  5750.010795
0.88030066 2.16005560 103.00000000 -535.741773427887 1334 10442.874585
0.81067517 1.68888476  61.13329469 -535.691958751722 1335 21375.932474
0.96446195 1.70635090 124.27963252 -535.776208264889 1336  2885.301289
1.04336634 1.50466433 103.00000000 -535.760394356667 1337  6356.053030
0.96446195 1.86553874  94.49898160 -535.779337859638 1338  2198.434623
1.07131112 1.68888476 109.11162955 -535.776512496827 1339  2818.530095
1.02071408 1.85298165 103.00000000 -535.776245027352 1340  2877.232861
0.96446195 1.76055341 101.77478691 -535.787079673529 1341   499.302842
0.96446195 1.77285938  75.26567574 -535.766461815656 1342  5024.399681
0.96446195 1.70005067  75.67735221 -535.764191761018 1343  5522.619095
1.11046923 1.82848015 103.00000000 -535.764145116158 1344  5532.856459
0.96446195 2.04857309 108.60457420 -535.757553973564 1345  6979.445076
0.96446195 1.72594208  76.72700685 -535.767615575014 1346  4771.178767
0.96446195 1.75323847 108.99452610 -535.785712348177 1347   799.396075
0.96446195 1.69284944  87.07399001 -535.780833737487 1348  1870.127377
0.90551307 1.68888476  87.06822575 -535.778368457061 1349  2411.193900
0.93965624 1.71832898 103.00000000 -535.788764011265 1350   129.633431
0.96446195 1.69059352  82.06978035 -535.774405136672 1351  3281.042197
0.96446195 1.80813111 114.32062797 -535.778537340962 1352  2374.128167
0.76603184 1.79453444 103.00000000 -535.729012761062 1353 13243.517284
0.96446195 1.80282350 141.44898455 -535.744371075270 1354  9872.756873
0.96446195 1.79633253 123.98683896 -535.770351602051 1355  4170.690230
1.40645799 1.68888476 100.69772077 -535.698705063358 1356 19895.288187
0.82312657 1.68888476 116.50853334 -535.761922686156 1357  6020.623473
1.08545506 1.99284293 103.00000000 -535.753042859711 1358  7969.520144
1.05175279 1.68888476 126.44638232 -535.765919890472 1359  5143.338513
1.20560701 1.65119220 103.00000000 -535.748585687092 1360  8947.756480
0.93479944 1.57141445 103.00000000 -535.782046696328 1361  1603.913678
0.96446195 1.61905230 135.70042479 -535.763272874098 1362  5724.291467
0.96446195 1.77535377 112.71784237 -535.782254181910 1363  1558.375855
0.98042684 1.80864398 103.00000000 -535.783228117350 1364  1344.621730
0.89579934 1.70450092 103.00000000 -535.785724910366 1365   796.638993
0.96446195 1.86102987  84.90680517 -535.775305751365 1366  3083.380116
0.90021606 1.68888476 132.33743635 -535.764456310530 1367  5464.557187
0.74561436 1.95241156 103.00000000 -535.696141844317 1368 20457.849752
0.90206326 1.68888476 136.08853589 -535.759304293499 1369  6595.294247
1.32598427 1.68888476  82.91840973 -535.708049615527 1370 17844.396007
1.22972459 1.68888476 106.76582552 -535.743074613037 1371 10157.297449
0.95104189 1.79244798 103.00000000 -535.785181503960 1372   915.902916
1.08751011 1.68888476  81.17738022 -535.759730508240 1373  6501.750922
0.71571723 1.83836238 103.00000000 -535.677133720666 1374 24629.650760
1.02067603 1.74889756 103.00000000 -535.783447580337 1375  1296.455171
0.72950850 1.86669527 103.00000000 -535.689661094419 1376 21880.209973
1.34852352 1.68888476 109.47999619 -535.712441472273 1377 16880.494849
0.96446195 1.81463109 116.74297449 -535.776028810213 1378  2924.687039
0.88295488 1.58967548 103.00000000 -535.779361759515 1379  2193.189206
0.80659737 1.68888476  72.24526320 -535.723834544368 1380 14380.004505
0.96446195 1.69935512 100.62340731 -535.788915455442 1381    96.395276
1.07814222 1.60175638 103.00000000 -535.772563082076 1382  3685.326458
1.39028025 1.68888476 112.28726097 -535.700624737378 1383 19473.968432
0.83433282 2.13757494 103.00000000 -535.730965593736 1384 12814.920045
0.96446195 2.04827696 121.80349006 -535.747545513073 1385  9176.048293
0.99280780 2.14162832 103.00000000 -535.749277549419 1386  8795.910248
0.96446195 1.81412868 132.71503072 -535.757279496363 1387  7039.685860
1.12220172 1.74447787 103.00000000 -535.766914076413 1388  4925.139916
0.97315550 1.79369393 103.00000000 -535.784646476378 1389  1033.327899
1.17229094 1.68868372 103.00000000 -535.757151602949 1390  7067.755220
0.96446195 1.92862420 118.43433042 -535.763110329061 1391  5759.965979
0.96446195 1.72509186  85.21035264 -535.779577080525 1392  2145.931706
0.97362383 1.68888476 109.71235313 -535.787522281108 1393   402.161705
0.78603554 1.68888476 100.37363916 -535.747530802980 1394  9179.276786
0.96446195 1.91745982  94.80110524 -535.774778920890 1395  3199.006042
0.95245172 1.53577005 103.00000000 -535.776016962116 1396  2927.287395
0.87780413 1.71797244 103.00000000 -535.782444220558 1397  1516.667192
1.02704164 1.82670680 103.00000000 -535.777724889501 1398  2552.440655
0.87534421 1.60276322 103.00000000 -535.779267569671 1399  2213.861487
0.96446195 1.69561642 112.24964407 -535.786575884669 1400   609.871718
0.98778595 1.96573574 103.00000000 -535.767952824933 1401  4697.160964
0.96446195 1.66841541  95.61670330 -535.786874176030 1402   544.404330
0.96446195 1.65013448 103.08912827 -535.788583711502 1403   169.204656
0.94357551 1.98225352 103.00000000 -535.767104972945 1404  4883.242969
0.74023332 1.74524288 103.00000000 -535.710419597823 1405 17324.245007
0.96446195 1.90632896 101.18289610 -535.775513014047 1406  3037.891214
0.96446195 1.80174211 113.93735609 -535.779359145414 1407  2193.762935
0.84339167 1.68888476 121.11685643 -535.765479768009 1408  5239.934230
0.89770306 1.68888476  78.27965555 -535.764511213482 1409  5452.507382
0.96446195 1.86567167 119.32725473 -535.768779402263 1410  4515.748205
0.96446195 1.95351512 109.73905212 -535.767116379954 1411  4880.739420
0.96446195 2.04430926  94.21051651 -535.762035357891 1412  5995.894885
1.03181650 1.86696690 103.00000000 -535.773687855476 1413  3438.467226
0.96446195 1.85086589  81.49561055 -535.772970198687 1414  3595.974688
1.24219386 1.82943691 103.00000000 -535.734508784952 1415 12037.279445
0.85921765 1.82220320 103.00000000 -535.771904454386 1416  3829.878530
0.96446195 1.70700214  85.89562586 -535.779980832830 1417  2057.318316
1.09508199 1.68888476 127.07211296 -535.757763612311 1418  6933.434689
1.26457032 1.67945284 103.00000000 -535.734840390763 1419 11964.500380
0.72563024 1.68888476  76.38439866 -535.671287605392 1420 25912.724778
0.96446195 1.97382798  80.99974737 -535.764320896071 1421  5494.277226
0.96446195 1.88828120 109.57391121 -535.774072819396 1422  3353.977410
0.96446195 1.57445458  92.12369748 -535.774937098100 1423  3164.290157
1.10247749 1.84100423 103.00000000 -535.764672936624 1424  5417.013254
1.05029018 1.68888476  67.11275946 -535.737970276610 1425 11277.569825
0.96446195 1.59048318  95.32741957 -535.780425597154 1426  1959.703828
1.11774660 1.99758344 103.00000000 -535.746572351624 1427  9389.632548
1.14163812 1.68888476  80.11149296 -535.747900467093 1428  9098.144889
0.96446195 1.88138944 104.32748862 -535.777131529358 1429  2682.668156
0.96446195 1.74897503  97.15472969 -535.787148229315 1430   484.256585
1.17563838 1.68888476  81.30343492 -535.742257261615 1431 10336.685354
0.86175964 1.80689102 103.00000000 -535.773813803499 1432  3410.824830
1.02141005 1.68888476 109.64224478 -535.783549742635 1433  1274.033137
1.06772404 1.68888476  95.46400688 -535.776515730975 1434  2817.820282
0.93689309 1.81112819 103.00000000 -535.783572780570 1435  1268.976895
1.00858823 1.73045884 103.00000000 -535.785457898841 1436   855.241250
1.16306489 1.70532262 103.00000000 -535.759160253870 1437  6626.907292
0.99780318 1.68888476 146.89677404 -535.741862177677 1438 10423.396257
0.96446195 1.82875126 131.20499954 -535.758087446316 1439  6862.361339
1.12773944 1.85099307 103.00000000 -535.758857278672 1440  6693.402663
0.96446195 1.78523364  92.78052716 -535.784144466431 1441  1143.506349
0.95456893 2.04792944 103.00000000 -535.760190329173 1442  6400.831890
0.82279729 1.64208480 103.00000000 -535.766046962923 1443  5115.449333
1.22284478 1.70066965 103.00000000 -535.745191226166 1444  9692.754554
0.96446195 1.77089985 100.00156094 -535.786550290263 1445   615.489041
0.92020840 1.68888476 145.90632203 -535.745263533478 1446  9676.884933
1.25990429 1.68888476  82.30044684 -535.723759819891 1447 14396.404632
0.96446195 1.89543330 126.71025496 -535.757504505152 1448  6990.302138
1.30801081 1.68888476 104.93504469 -535.723847954489 1449 14377.061324
0.99753080 1.68888476 103.01006885 -535.787244526879 1450   463.121713
0.95017619 1.68888476 126.00249925 -535.775214655428 1451  3103.373363
0.96446195 1.80353776 105.21984383 -535.783698425485 1452  1241.401023
0.97587038 1.72287438 103.00000000 -535.788127255114 1453   269.385255
0.96446195 1.99972040 117.18625394 -535.756708189335 1454  7165.073262
0.89803370 1.68888476  71.96057574 -535.751219948352 1455  8369.602950
0.99793337 1.97128592 103.00000000 -535.766672717901 1456  4978.111988
0.96446195 1.90854602  88.73968755 -535.774026147588 1457  3364.220688
0.96446195 1.59920174 139.89437202 -535.756786532792 1458  7147.878860
1.26098044 1.68888476  98.25934988 -535.735241015341 1459 11876.573447
1.02122600 1.68888476 118.62927947 -535.778009183065 1460  2490.045429
0.94662797 1.68888476  95.90875892 -535.787666336796 1461   370.545135
0.82060293 1.68888476 122.54039993 -535.755663717032 1462  7394.308439
0.96446195 1.80634830 138.83237106 -535.748448990834 1463  8977.757841
0.96446195 1.95448628  95.01776688 -535.771202629943 1464  3983.911194
1.00429987 1.85992827 103.00000000 -535.777265626584 1465  2653.237217
0.92631684 1.81566267 103.00000000 -535.782740559567 1466  1451.628296
0.96446195 1.88306371  91.45963907 -535.777135209241 1467  2681.860515
1.12163924 1.68888476  96.99461340 -535.767135744983 1468  4876.489288
0.96446195 1.60156840  77.29581527 -535.755074510083 1469  7523.624420
0.96446195 1.56128649 125.66348051 -535.771909740724 1470  3828.718313
0.96446195 1.97142461 115.23627971 -535.761335322184 1471  6149.534967
1.00676816 1.68888476 103.66840995 -535.786395182477 1472   649.531266
0.96446195 1.64079359 135.10379206 -535.764203125863 1473  5520.124800
0.95407837 2.07817327 103.00000000 -535.756992319935 1474  7102.713802
0.95058570 1.69383403 103.00000000 -535.789324460413 1475     6.629059
1.09877837 1.68888476  62.47064711 -535.720090760975 1476 15201.670000
0.79920463 1.68888476 128.39686301 -535.738911815333 1477 11070.925957
0.96446195 1.61937054  96.32481370 -535.784345550647 1478  1099.373464
0.96446195 1.67507184  85.76828555 -535.778505877225 1479  2381.033659
1.01735141 1.68888476  79.70070982 -535.767324487351 1480  4835.065125
0.96446195 1.67443426  95.46230550 -535.786975580298 1481   522.148665
0.96446195 1.64224324 109.01634364 -535.787806587527 1482   339.763657
0.90919622 1.68888476  94.45980687 -535.784979132888 1483   960.318233
0.90388776 1.68888476  85.82154377 -535.776732409719 1484  2770.264794
0.82590593 1.68888476 103.94917192 -535.767921817067 1485  4703.966404
0.96891811 1.68888476  76.48406022 -535.764801479468 1486  5388.801360
0.79271227 1.85115568 103.00000000 -535.741828419815 1487 10430.805252
1.29763920 1.68888476 109.43143092 -535.725363355971 1488 14044.469136
1.45390209 1.56888991 103.00000000 -535.684381184888 1489 23039.016192
1.06103877 1.67321883 103.00000000 -535.779221695072 1490  2223.929798
1.07314580 1.68888476 112.79370349 -535.774518939353 1491  3256.065395
0.96446195 1.63902859  98.97600729 -535.787116083793 1492   491.311712
1.08807359 1.70093747 103.00000000 -535.774624947821 1493  3232.799225
1.21248468 1.59753973 103.00000000 -535.742923856557 1494 10190.384672
0.96446195 1.62841703  89.57631886 -535.779349205369 1495  2195.944522
0.96446195 1.69689482  70.67313026 -535.753175024304 1496  7940.513369
0.91125094 1.68888476 114.34173310 -535.784116607301 1497  1149.620722
0.96446195 1.69539628 105.42988367 -535.788915319462 1498    96.425120
0.86965395 1.68888476 116.25474168 -535.776541356573 1499  2812.196113
0.89519293 1.68888476 108.64830990 -535.784992187260 1500   957.453129
0.84580345 1.61806484 103.00000000 -535.773059510957 1501  3576.372910
0.96446195 1.54396843  93.33058669 -535.770239446089 1502  4195.305619
0.98606814 1.47481901 103.00000000 -535.757306013970 1503  7033.865918
0.92222192 1.68888476 110.20395875 -535.787081239665 1504   498.959114
0.96446195 1.78176457 122.12192271 -535.773645643221 1505  3447.731745
0.96446195 1.80261758 108.61553156 -535.782466601680 1506  1511.755104
0.96446195 1.45176905  75.86315316 -535.698507582463 1507 19938.630235
0.86551721 1.79744992 103.00000000 -535.775467382865 1508  3047.906101
1.06944173 1.87678448 103.00000000 -535.767365177993 1509  4826.134561
0.97772624 1.68831483 103.00000000 -535.788603856604 1510   164.783317
1.15262349 1.69221343 103.00000000 -535.761568561353 1511  6098.344885
1.01636459 1.68888476 100.20483855 -535.785166092573 1512   919.285324
0.99107068 1.54572603 103.00000000 -535.776220029431 1513  2882.719271
1.12910909 1.68888476 107.29342782 -535.766040927384 1514  5116.773981
0.92482681 1.52729846 103.00000000 -535.773648944239 1515  3447.007256
0.82479875 1.68030477 103.00000000 -535.767521825415 1516  4791.754426
0.96446195 1.82049721 144.52113021 -535.737324651871 1517 11419.268079
1.16711155 1.68888476  84.22424322 -535.747753542776 1518  9130.391050
0.96446195 1.72990193  80.34972946 -535.773499302378 1519  3479.849849
0.99757175 1.68888476  68.98682699 -535.747157395734 1520  9261.230205
1.02612688 1.57906669 103.00000000 -535.777927555046 1521  2507.960709
0.96446195 1.69863757  99.06940651 -535.788633710453 1522   158.231154
0.97013095 1.65946551 103.00000000 -535.788650025830 1523   154.650343
1.07953658 1.68888476  86.51600769 -535.767717491189 1524  4748.810751
1.03315382 1.68888476  81.14705787 -535.767784963440 1525  4734.002303
1.20440190 1.68888476  76.05168188 -535.728248703315 1526 13411.208579
0.98411626 1.68888476 113.63348754 -535.785023417523 1527   950.598879
1.20572787 1.68888476 119.07910210 -535.742059606669 1528 10380.065601
0.96446195 1.78923205  89.86502010 -535.782450360688 1529  1515.319589
0.95552135 1.68888476  74.36859218 -535.760688549175 1530  6291.485237
1.01253252 2.27949981 103.00000000 -535.735294203830 1531 11864.899923
1.05828484 1.65241900 103.00000000 -535.779166083945 1532  2236.135030
1.02343162 1.68888476 119.00933313 -535.777423163581 1533  2618.661842
1.02781782 1.68888476  87.63181029 -535.776484878480 1534  2824.591622
0.96446195 1.61741520 118.96216829 -535.781814471197 1535  1654.881204
0.96446195 1.67073913 141.54818170 -535.753757682790 1536  7812.634610
0.96446195 1.82395223  96.97686962 -535.782938153528 1537  1408.261434
1.47781642 1.68888476 117.10881584 -535.675776825787 1538 24927.454769
0.99805713 1.68888476 138.45121477 -535.755776995313 1539  7369.446730
0.83540300 1.68888476 137.11078035 -535.742931803337 1540 10188.640556
1.12358526 1.66610795 103.00000000 -535.767512879709 1541  4793.717781
0.92317800 1.68888476 101.71703728 -535.788498878489 1542   187.823350
1.08830454 1.68888476  99.57306769 -535.774310801801 1543  3301.746309
1.25519812 1.76106748 103.00000000 -535.735589763558 1544 11800.032059
1.01237150 1.66313115 103.00000000 -535.785589014738 1545   826.464636
1.33150260 1.64039673 103.00000000 -535.716264914353 1546 16041.346293
1.06396325 1.68888476  83.98562973 -535.767349164331 1547  4829.649154
0.98526705 1.43138019 103.00000000 -535.737790100776 1548 11317.113851
1.07303859 2.02476898 103.00000000 -535.751782673706 1549  8246.099008
0.89580383 1.80198179 103.00000000 -535.780827978871 1550  1871.391247
0.95904272 1.68888476  67.04408790 -535.742935673171 1551 10187.791225
1.14861156 1.68888476 113.29170131 -535.759336633876 1552  6588.196354
0.96446195 1.56577572  78.56963368 -535.750172693332 1553  8599.448864
1.26072216 1.68888476 103.63255795 -535.735862595644 1554 11740.152337
1.31627158 1.74447949 103.00000000 -535.721009850519 1555 14999.953158
0.92156481 1.68304414 103.00000000 -535.788482972106 1556   191.314398
0.91242423 1.84630102 103.00000000 -535.779089860775 1557  2252.864083
1.31369524 1.68888476 108.26208065 -535.721694267656 1558 14849.740956
0.85599273 1.68888476  85.77678535 -535.767499447536 1559  4796.665802
1.23333540 1.79828771 103.00000000 -535.738861882083 1560 11081.885039
1.00630919 1.64018890 103.00000000 -535.785426887208 1561   862.047517
1.05438446 1.51480066 103.00000000 -535.761483234299 1562  6117.072009
0.96446195 2.04846870  88.16586848 -535.760899533686 1563  6245.179488
0.96446195 1.83906808 106.02827274 -535.780483428411 1564  1947.011334
0.81514592 1.68888476 133.09736646 -535.740616395700 1565 10696.813803
0.83764888 1.68888476 138.22551862 -535.742033117841 1566 10385.879227
0.95567149 1.68888476 142.76056082 -535.751174977939 1567  8379.472815
0.99534847 1.68888476  66.24637855 -535.740101601183 1568 10809.798141
0.90405569 2.04896421 103.00000000 -535.757082989626 1569  7082.814104
1.36187619 1.67426869 103.00000000 -535.709984306061 1570 17419.780508
0.99780770 1.68888476 104.49919764 -535.787159782701 1571   481.720910
1.50246998 1.68888476 109.82868375 -535.673035477984 1572 25529.111078
0.96446195 1.70995618  71.68534881 -535.756679821897 1573  7171.299195
1.12218988 1.81622840 103.00000000 -535.762749759641 1574  5839.101821
1.29287525 1.67209761 103.00000000 -535.727581785506 1575 13557.580122
0.96446195 1.82963412 108.52690492 -535.780239895010 1576  2000.460738
1.18641159 1.68888476 122.64817019 -535.743244966045 1577 10119.909284
0.88262507 1.68888476 149.18368717 -535.735614411213 1578 11794.622524
0.96446195 1.59936745 101.84519695 -535.785001988767 1579   955.301947
0.96446195 1.64576034 129.14071259 -535.772089619691 1580  3789.239442
0.96446195 1.59332371 107.33918400 -535.785068144730 1581   940.782391
0.83424822 2.04425584 103.00000000 -535.740819423689 1582 10652.254309
1.26512443 1.78233714 103.00000000 -535.732032584683 1583 12580.742596
1.03651089 1.68888476 134.35155951 -535.757620918424 1584  6964.752378
0.98245887 1.68888476  61.78626425 -535.727115490679 1585 13659.920010
0.96446195 1.86090299  66.84076742 -535.751748077972 1586  8253.691895
0.82718919 1.67995928 103.00000000 -535.768477157000 1587  4582.083374
0.86328462 1.84350358 103.00000000 -535.771082624307 1588  4010.249387
1.19930214 1.68888476  99.51693463 -535.750556709805 1589  8515.166989
1.23985615 1.68888476  89.74408314 -535.736036148961 1590 11702.061786
1.00045781 1.70214521 103.00000000 -535.786888305849 1591   541.303193
0.96446195 1.69008639 106.96604373 -535.788692911591 1592   145.238006
0.96446195 1.70739722  61.25730304 -535.728132919820 1593 13436.620120
0.98546350 2.04363665 103.00000000 -535.759794997726 1594  6487.597115
0.88271455 1.68888476  83.48617159 -535.770535052193 1595  4130.427577
1.05743527 1.68888476 108.23451633 -535.779068262704 1596  2257.604311
0.89389486 1.89034119 103.00000000 -535.772644795241 1597  3667.392491
0.96446195 1.95787937 105.79213754 -535.768681887854 1598  4537.150145
1.05574557 1.68888476 102.92722639 -535.780153589276 1599  2019.402658
0.80971948 2.07987975 103.00000000 -535.726279062816 1600 13843.494710
0.92443214 1.68888476 114.48715916 -535.784985056599 1601   959.018129
0.96446195 1.98905659 117.60836159 -535.757462870193 1602  6999.439955
1.23502389 1.68888476  85.02140966 -535.732864304865 1603 12398.201112
1.12060022 1.89399804 103.00000000 -535.756433162919 1604  7225.434584
0.96446195 1.60195059 115.23890163 -535.783394245545 1605  1308.160805
0.79314788 1.68888476 104.92712044 -535.752023809098 1606  8193.175906
0.78798886 1.68888476 148.42297181 -535.702953639367 1607 18962.833517
1.02166299 1.68888476 112.17976664 -535.782372978063 1608  1532.303113
0.96728846 1.63067546 103.00000000 -535.787604415269 1609   384.135339
1.07641583 1.68888476 136.10069806 -535.748768248867 1610  8907.688801
0.79433285 2.05324915 103.00000000 -535.720885646913 1611 15027.212699
1.20313948 1.69452971 103.00000000 -535.749952078855 1612  8647.868146
0.90000292 1.80010502 103.00000000 -535.781529437359 1613  1717.438901
1.32596537 1.51287789 103.00000000 -535.700471016720 1614 19507.706217
1.45853863 1.55888254 103.00000000 -535.682746531103 1615 23397.781236
0.99965001 1.65340057 103.00000000 -535.786562663909 1616   612.773339
0.96446195 1.66628105  98.66450362 -535.788141700683 1617   266.214819
1.07270484 1.73772353 103.00000000 -535.776453276100 1618  2831.527543
0.88601535 1.75900668 103.00000000 -535.782155178769 1619  1580.104534
1.16188080 1.68888476 131.29342810 -535.738466854610 1620 11168.583550
1.17990130 1.79954728 103.00000000 -535.751413998553 1621  8327.013853
1.26437367 1.49279063 103.00000000 -535.708195100214 1622 17812.465809
1.05219706 1.97324425 103.00000000 -535.760384707610 1623  6358.170754
0.99914352 1.84122148 103.00000000 -535.779346761985 1624  2196.480783
0.82348674 1.95478784 103.00000000 -535.746406737287 1625  9425.980694
0.96446195 2.01243427 124.48195258 -535.748294213047 1626  9011.727640
0.88839426 1.48792252 103.00000000 -535.759419874203 1627  6569.927214
1.09989442 1.68888476 109.62687346 -535.771151846289 1628  3995.056918
1.46101261 1.68888476 108.34203319 -535.684141980475 1629 23091.515493
0.96446195 1.88472996 135.61273723 -535.746111620254 1630  9490.751397
1.01718536 1.68888476  56.09570109 -535.706218557146 1631 18246.266878
0.98792328 2.14560736 103.00000000 -535.749184545633 1632  8816.322220
0.97723251 1.69887113 103.00000000 -535.788555650293 1633   175.363379
1.26182501 1.68888476  88.25662178 -535.729414441643 1634 13155.358585
0.86098773 1.67748552 103.00000000 -535.779290164434 1635  2208.902510
1.09002047 1.68888476 130.91368382 -535.753782289181 1636  7807.234131
0.96446195 1.76156673 105.71574683 -535.786388038439 1637   651.099201
0.96446195 1.89007820  95.60867365 -535.777375805991 1638  2629.055631
1.06121979 1.53731147 103.00000000 -535.765722287538 1639  5186.707345
0.84468289 1.68888476  70.45496646 -535.735071346093 1640 11913.811543
1.26159856 1.78701524 103.00000000 -535.732633073166 1641 12448.950605
0.96446195 1.72891701 104.61227303 -535.788183791648 1642   256.976920
0.98223879 1.68888476 109.13380589 -535.787274065651 1643   456.638701
0.75013377 1.83667536 103.00000000 -535.712427242988 1644 16883.617816
1.12171581 1.68888476  83.70791709 -535.756689732615 1645  7169.124043
0.96446195 1.85690574  78.58764502 -535.769637613229 1646  4327.392667
1.01242691 1.68888476  74.87086932 -535.759177363612 1647  6623.152137
1.31153830 1.75229929 103.00000000 -535.721904362050 1648 14803.630565
0.96446195 1.47289361  96.57249191 -535.752305486058 1649  8131.354958
0.96446195 1.48364727  91.40971687 -535.749632501559 1650  8718.007256
0.96446195 1.93755577  80.98983577 -535.767103137288 1651  4883.645850
0.86692279 1.92672954 103.00000000 -535.763669160237 1652  5637.316711
0.96446195 1.96771878  98.27576206 -535.769730393954 1653  4307.029651
0.96446195 1.74373387  67.97712884 -535.750698139388 1654  8484.126782
1.09248972 1.68888476 115.87564102 -535.769105642439 1655  4444.146762
1.36920056 1.71419572 103.00000000 -535.708373473573 1656 17773.317381
1.25404758 1.73928089 103.00000000 -535.736749205253 1657 11545.564016
0.96446195 1.80112225 100.26871852 -535.784692649245 1658  1023.194126
1.01509368 1.67091999 103.00000000 -535.785438712218 1659   859.452227
1.51929600 1.65787686 103.00000000 -535.674355783058 1660 25239.337604
0.96446195 1.77379974 124.71406111 -535.771381606790 1661  3944.630316
0.96446195 1.67031315  61.83126557 -535.724009881672 1662 14341.522414
0.96446195 1.75458264 124.76749725 -535.772775759925 1663  3638.649065
0.85774764 1.55775145 103.00000000 -535.769663790677 1664  4321.647381
0.99619851 2.04193090 103.00000000 -535.759294231418 1665  6597.502618
0.93934314 1.82441507 103.00000000 -535.782587579639 1666  1485.203510
0.89819761 1.68176463 103.00000000 -535.786256582226 1667   679.950505
0.88752179 2.02012050 103.00000000 -535.757763111242 1668  6933.544661
1.26295374 1.68888476 120.77317007 -535.726615701680 1669 13769.611018
0.96446195 1.57883541 111.50218669 -535.782904296057 1670  1415.692290
1.13757876 1.68888476 114.32876971 -535.761092991873 1671  6202.720323
0.81039982 1.68888476 108.47536748 -535.760394001290 1672  6356.131027
0.96446195 2.14538463 117.99896275 -535.741784892713 1673 10440.358347
0.96446195 2.03311603 101.35295181 -535.762199240896 1674  5959.926722
0.96446195 2.00313881 119.19341107 -535.754559420828 1675  7636.673446
0.96446195 1.72049222 116.13172144 -535.783174231856 1676  1356.448229
0.96446195 1.77523909  99.20799784 -535.786272810247 1677   676.388866
0.76285922 1.68888476 133.51303976 -535.708746164587 1678 17691.521156
0.97501152 1.68888476 111.67145175 -535.786601284723 1679   604.297050
1.11869459 1.68888476 148.43841695 -535.720083363015 1680 15203.293665
1.13503111 1.68888476 105.81038184 -535.765113423205 1681  5320.337623
0.96446195 1.63414596 124.41907260 -535.777377985459 1682  2628.577293
0.96446195 1.68253486  96.30706398 -535.787575706701 1683   390.436142
1.05691082 1.48104087 103.00000000 -535.750369076604 1684  8556.347717
0.96446195 1.98485650 113.12652562 -535.761505067744 1685  6112.280122
1.44784138 1.68888476 109.57858797 -535.687139551610 1686 22433.624662
0.96446195 1.87311132 129.75172419 -535.755781066372 1687  7368.553236
0.99719282 1.45791869 103.00000000 -535.749550671274 1688  8735.966928
1.10433493 1.68888476 109.30462852 -535.770416655962 1689  4156.412547
0.72451313 1.80295756 103.00000000 -535.690320340881 1690 21735.522096
1.03947351 1.47866585 103.00000000 -535.752391569285 1691  8112.461873
1.07937662 1.80258826 103.00000000 -535.771792295019 1692  3854.494666
1.46743546 1.60258233 103.00000000 -535.683730009369 1693 23181.932702
0.96446195 1.73968399 127.19252168 -535.770886157899 1694  4053.368780
0.96446195 1.72066809 109.79502847 -535.786952818832 1695   527.144230
0.76551601 1.74964649 103.00000000 -535.731666703338 1696 12661.044271
0.98088807 1.58840701 103.00000000 -535.783369705364 1697  1313.546752
0.88236609 1.68888476  55.13930988 -535.692005157948 1698 21365.747485
1.34591273 1.78945944 103.00000000 -535.711395209661 1699 17110.122954
0.71199303 1.80683445 103.00000000 -535.675564779355 1700 24973.993582
0.96446195 1.52397970  90.25456039 -535.761221678862 1701  6174.476793
0.96446195 1.70295787 124.72303249 -535.775866814028 1702  2960.241092
0.83054555 1.68888476  77.36215701 -535.745753997614 1703  9569.240496
1.00692121 1.68888476  93.73525183 -535.783655518402 1704  1250.818040
0.96446195 1.78034709  71.08887825 -535.759103534279 1705  6639.355803
0.92483566 1.63325913 103.00000000 -535.787441197923 1706   419.957407
1.29972301 1.68888476  83.58325966 -535.715384000370 1707 16234.684568
0.89785519 1.68888476 100.82686590 -535.786003057670 1708   735.592715
0.68782040 1.68888476 108.60489548 -535.649145416262 1709 30772.373664
0.94188867 1.68888476  84.71838051 -535.777931023996 1710  2507.199362
1.12340839 1.68888476 110.92876770 -535.765923061265 1711  5142.642605
0.96446195 1.51733068 113.81482151 -535.772426808226 1712  3715.235111
0.99551762 1.68888476  87.10408383 -535.779132920124 1713  2243.413648
1.04634305 1.68888476 118.03492873 -535.775180244285 1714  3110.925736
1.33240978 1.68888476  88.16272656 -535.711597114085 1715 17065.810055
0.96446195 1.61484687  81.82902726 -535.766486922699 1716  5018.889322
0.98469742 2.08932696 103.00000000 -535.755044561629 1717  7530.197346
0.96446195 1.64962751 118.19993867 -535.783150869532 1718  1361.575666
1.19394698 1.68888476  76.20874375 -535.730821589870 1719 12846.525241
0.87204708 1.68888476 135.24313568 -535.755802560207 1720  7363.835884
1.27642551 1.47804404 103.00000000 -535.701824675440 1721 19210.612463
1.55388969 1.59558898 103.00000000 -535.669657650583 1722 26270.458516
0.96446195 1.58615382  94.98534764 -535.779547359416 1723  2152.454735
0.94678736 1.88252121 103.00000000 -535.777499874058 1724  2601.825838
1.19119411 1.83069224 103.00000000 -535.746571535767 1725  9389.811608
0.76512568 1.68888476 108.48746558 -535.732832666624 1726 12405.144904
1.08651010 1.68888476  99.63712365 -535.774649438414 1727  3227.424161
0.93543142 1.91271560 103.00000000 -535.774186949120 1728  3328.928831
1.19484992 1.68888476 131.32176679 -535.730884332314 1729 12832.754866
0.96446195 1.97499938  99.15215971 -535.768849829855 1730  4500.291135
1.07757265 1.68888476 143.65326422 -535.736365078398 1731 11629.870117
0.86002811 1.68888476  77.19145842 -535.754947799502 1732  7551.434178
1.00694046 1.68888476 109.05052532 -535.785327517644 1733   883.856616
1.22624283 1.68888476 102.76532117 -535.744387636704 1734  9869.122058
1.20228197 1.68888476 128.74629246 -535.732531538878 1735 12471.234806
0.96446195 2.03127417 121.30771198 -535.749695834966 1736  8704.107180
0.79023347 1.46343846 103.00000000 -535.717358825797 1737 15801.260477
1.02492325 1.68888476 102.54783797 -535.784414423114 1738  1084.257705
0.82261984 1.64950616 103.00000000 -535.766220235163 1739  5077.420472
1.35293206 1.57476501 103.00000000 -535.703549373173 1740 18832.085057
0.92203621 1.68888476  75.32935760 -535.761371341948 1741  6141.629542
0.96446195 1.98208932  84.38906221 -535.765674615748 1742  5197.170094
0.96446195 1.91754334 119.88517536 -535.762877756708 1743  5811.009712
0.73859226 1.68888476  63.71093519 -535.650205872438 1744 30539.630432
0.91054512 1.68888476  76.34349602 -535.762380859693 1745  5920.066003
1.15153768 1.56705600 103.00000000 -535.753213619510 1746  7932.042700
1.30389179 1.69746648 103.00000000 -535.725046455700 1747 14114.020707
0.98171363 1.57312628 103.00000000 -535.781377210354 1748  1750.848868
1.50700680 1.68888476 109.93658776 -535.671814985398 1749 25796.978244
0.82685014 1.65182314 103.00000000 -535.767994025776 1750  4688.118424
1.24377018 1.65919301 103.00000000 -535.739557949926 1751 10929.115803
1.13525888 1.68888476 110.63419905 -535.763574510178 1752  5658.089998
1.07478975 1.68888476  77.02182418 -535.755332828413 1753  7466.930098
0.96446195 1.61222436 123.63466373 -535.777573983470 1754  2585.560701
0.92961514 2.09222747 103.00000000 -535.754794573668 1755  7585.063362
0.96446195 2.16052539 109.42348528 -535.745856573661 1756  9546.727655
1.17781439 1.75584878 103.00000000 -535.754340261508 1757  7684.773358
1.12970665 1.68888476 109.20806195 -535.765320205330 1758  5274.954191
0.99486500 1.68888476 116.23256262 -535.782524900618 1759  1498.959966
0.94417770 1.68888476  88.76703394 -535.782521140726 1760  1499.785166
1.23504977 1.68888476 111.71984997 -535.739976294567 1761 10837.299765
0.96446195 1.76192782  96.53468402 -535.786486402194 1762   629.510852
0.96446195 1.89276009  90.92126970 -535.776159480684 1763  2896.008185
1.17016933 1.71026381 103.00000000 -535.757489463884 1764  6993.603315
0.79467897 1.77853757 103.00000000 -535.749074124356 1765  8840.556889
0.96446195 1.89682204 109.75960419 -535.773092188137 1766  3569.201098
0.96446195 1.78339539 112.81368209 -535.781596505677 1767  1702.719107
1.24319277 1.50540216 103.00000000 -535.715564976710 1768 16194.964852
0.96446195 1.49226043  93.19195841 -535.755347118687 1769  7463.793746
0.88293247 1.68888476  99.03567292 -535.783346214531 1770  1318.702394
1.14621531 1.68888476 139.52698110 -535.729563668579 1771 13122.607058
0.96446195 1.61201433 103.99679347 -535.786577249052 1772   609.572270
0.95468824 1.68888476 130.68134127 -535.769349844691 1773  4390.550561
0.88459580 1.68888476 113.00037718 -535.781489873488 1774  1726.122168
0.96446195 1.75970423  78.92331207 -535.771965260673 1775  3816.533092
0.96446195 1.74970259 100.77724579 -535.787605635364 1776   383.867560
0.96446195 1.78993475 106.51376880 -535.784289551345 1777  1111.663891
0.96446195 1.99548697 107.92491208 -535.763605475069 1778  5651.293990
1.16444671 1.68888476 104.69128691 -535.758826600586 1779  6700.135725
1.29678077 1.68888476  86.30409711 -535.718924530588 1780 15457.627989
0.96446195 2.17431172 114.80492904 -535.741465389277 1781 10510.481247
1.03643475 2.14412944 103.00000000 -535.744849331164 1782  9767.791835
0.68473591 1.68888476 132.00311312 -535.624506791846 1783 36179.926775
1.09189917 1.88613425 103.00000000 -535.762638691898 1784  5863.478374
1.03445064 1.72843012 103.00000000 -535.782541705819 1785  1495.271650
0.96961179 1.68888476 100.70626586 -535.788788519802 1786   124.254429
0.97949607 1.68888476 106.88161469 -535.788082450405 1787   279.218752
1.01512018 1.68888476  94.83355820 -535.783440298435 1788  1298.053363
0.92708169 2.07202748 103.00000000 -535.756761513182 1789  7153.370030
1.15365079 1.63196458 103.00000000 -535.759676093494 1790  6513.693578
0.91403477 1.68888476  83.07752595 -535.774167770305 1791  3333.138094
0.96446195 1.81285784  88.13460090 -535.780262495297 1792  1995.500548
0.96446195 1.53252887 101.81958684 -535.774525230765 1793  3254.684590
0.96540094 1.68045628 103.00000000 -535.789112349289 1794    53.182070
0.95760993 2.20688201 103.00000000 -535.744297144318 1795  9888.982842
0.94922495 1.68888476 104.56931535 -535.789297445041 1796    12.558248
1.04562055 1.86004964 103.00000000 -535.772489281844 1797  3701.523737
0.96446195 1.61322000 110.52883875 -535.786073866134 1798   720.052053
0.96446195 1.71137944  66.77774280 -535.744879087719 1799  9761.261026
1.14049940 1.68888476 120.62437941 -535.755515119887 1800  7426.921744
0.82194825 1.68888476  78.02768836 -535.743551690375 1801 10052.591074
1.18286607 1.68888476 118.39778554 -535.748003655034 1802  9075.497754
0.96446195 1.61989539 109.13684979 -535.786823196861 1803   555.592965
0.96446195 1.81072920 114.72192694 -535.778010336796 1804  2489.792214
1.18553127 1.58366624 103.00000000 -535.747743902936 1805  9132.506751
1.32233190 1.68888476  90.85531403 -535.716234887172 1806 16047.936497
0.94739416 1.67691111 103.00000000 -535.789333379375 1807     4.671573
0.86151162 1.68888476  87.55704028 -535.771033673944 1808  4020.992750
1.00804138 1.68888476  78.35205805 -535.765969652943 1809  5132.416913
0.89765733 1.66217634 103.00000000 -535.786000266627 1810   736.205278
0.96446195 1.54990379  89.84228436 -535.767211416888 1811  4859.881224
0.96446195 1.74282410  66.42199787 -535.746833699783 1812  9332.273256
0.94031718 1.68888476 113.08987240 -535.786412863207 1813   645.650794
0.67888821 1.69326519 103.00000000 -535.636131461984 1814 33628.606535
0.74169642 1.68888476 142.91009942 -535.676897643469 1815 24681.463717
0.96446195 1.73013407 145.50854594 -535.743566971853 1816 10049.237177
0.96446195 1.71176006  87.88867834 -535.782136964884 1817  1584.102019
0.96446195 1.79762817  75.34017132 -535.766714338042 1818  4968.977422
0.84967277 1.43620774 103.00000000 -535.730709690170 1819 12871.084387
0.96446195 1.94512407  93.41312658 -535.771984478000 1820  3812.315377
0.70675829 1.68888476 132.44763238 -535.654278328463 1821 29645.829631
1.07604324 1.68888476 128.30810222 -535.759686672898 1822  6511.371668
0.96446195 1.86454813 116.30419465 -535.771662391048 1823  3883.005293
0.96446195 1.55882858 109.38484004 -535.780758527430 1824  1886.634077
1.08442268 1.68888476  90.07667593 -535.770208437987 1825  4202.111111
0.96446195 1.71984035 120.30614075 -535.779644103676 1826  2131.221824
0.86833686 1.77804508 103.00000000 -535.777496538137 1827  2602.557988
0.92719384 2.13685543 103.00000000 -535.750085964560 1828  8618.483630
0.96446195 1.82994654  82.80594542 -535.775196225089 1829  3107.418355
0.96446195 1.49731116 107.88848541 -535.767730962693 1830  4745.854098
0.96446195 1.63717217  57.94344421 -535.701764809777 1831 19223.751458
1.06784118 1.47547184 103.00000000 -535.746138204396 1832  9484.916852
1.03667274 1.70145627 103.00000000 -535.782835892262 1833  1430.705188
1.04886245 1.68888476  70.01019780 -535.745026149702 1834  9728.984651
1.20672951 1.68888476 114.24704796 -535.745412166609 1835  9644.263731
1.00962093 1.58219180 103.00000000 -535.780229203838 1836  2002.807179
0.96446195 1.45793680 109.83791772 -535.754746834748 1837  7595.540844
0.94909996 1.81681772 103.00000000 -535.783363627066 1838  1314.880784
1.12223731 1.68888476  86.08624879 -535.759297877017 1839  6596.702502
0.97891338 1.68888476 113.93255357 -535.785155226756 1840   921.670095
0.98650032 1.68888476  88.93873036 -535.781603625921 1841  1701.156394
0.90094246 1.68888476  74.85675828 -535.758179724538 1842  6842.108609
0.94260630 1.68888476  97.23211394 -535.788178378590 1843   258.164949
1.25030411 1.61433678 103.00000000 -535.735194292467 1844 11886.827933
1.17427150 1.68888476 125.99180858 -535.742385503406 1845 10308.539534
0.96446195 1.69655907 102.38050207 -535.789083182387 1846    59.583465
0.96446195 1.72699898 121.12233386 -535.778472928327 1847  2388.265107
0.96446195 1.99256669  88.65077238 -535.766420803035 1848  5033.400911
1.12654958 1.69143785 103.00000000 -535.767154539138 1849  4872.364447
0.92621552 1.84971912 103.00000000 -535.779838831244 1850  2088.484062
0.95745945 1.98445482 103.00000000 -535.766988925718 1851  4908.712392
0.96446195 1.86760330  77.89074191 -535.768372737035 1852  4605.000908
1.10190522 1.86806760 103.00000000 -535.762449722539 1853  5904.952355
1.13241962 1.79233598 103.00000000 -535.762298207213 1854  5938.206126
0.89133669 1.84064458 103.00000000 -535.776980303044 1855  2715.858497
0.96446195 1.70503582 110.05531596 -535.787372344549 1856   435.068976
0.82680796 1.78320824 103.00000000 -535.764234891865 1857  5513.152968
1.18906348 1.68888476  99.82661203 -535.753021688232 1858  7974.166747
1.04201260 1.78075509 103.00000000 -535.779057825009 1859  2259.895121
1.53002435 1.77357153 103.00000000 -535.666924414265 1860 26870.334560
0.96446195 1.90295033  84.06827836 -535.771887631439 1861  3833.570740
0.92230448 1.82847971 103.00000000 -535.781440520116 1862  1736.953981
1.14236015 1.61078234 103.00000000 -535.760601501605 1863  6310.589971
1.08008947 1.85992539 103.00000000 -535.767106278182 1864  4882.956503
0.96446195 1.83735090 108.76664317 -535.779430672798 1865  2178.064488
0.96446195 1.72486428  59.43940575 -535.724585271341 1866 14215.238976
1.04624929 1.69739362 103.00000000 -535.781538416844 1867  1715.468132
0.96446195 1.90787215 101.37478975 -535.775320243161 1868  3080.199534
0.96446195 1.64861409 111.87344480 -535.786963864224 1869   524.720047
1.03724994 2.10576688 103.00000000 -535.748568748000 1870  8951.474181
1.17621773 1.63765184 103.00000000 -535.754879036232 1871  7566.525972
0.96446195 2.05900998 112.11533870 -535.754350706677 1872  7682.480908
0.87919880 1.68888476 110.78119056 -535.781623005781 1873  1696.903006
0.96412263 1.58660182 103.00000000 -535.783937640495 1874  1188.899396
0.90581919 1.68888476 102.72834224 -535.787121760994 1875   490.065711
1.13433716 1.68888476  96.49698435 -535.764315874434 1876  5495.379348
1.11010967 1.68888476  98.44934885 -535.769904300469 1877  4268.861582
1.08679438 2.11760347 103.00000000 -535.739935150542 1878 10846.329835
1.08611798 1.68888476  63.75241170 -535.725075478821 1879 14107.650868
0.98811007 1.68888476 121.86709729 -535.778195861793 1880  2449.074183
0.98902819 1.70560176 103.00000000 -535.787743196054 1881   353.676477
0.96446195 2.17935455 119.80105791 -535.737534257495 1882 11373.264961
0.96446195 1.89017303 108.33223017 -535.774557793277 1883  3247.537944
0.96446195 1.79189008 100.04869604 -535.785309495806 1884   887.811952
1.40351082 1.68888476  92.66382843 -535.696569259345 1885 20364.042994
0.99848838 1.79845409 103.00000000 -535.782744097281 1886  1450.851858
1.01878722 1.68888476 126.84573996 -535.769865904294 1887  4277.288568
1.07459714 1.84216124 103.00000000 -535.769564258709 1888  4343.492123
0.85249419 1.62205597 103.00000000 -535.775295172357 1889  3085.701940
0.96446195 1.85206389 143.65885907 -535.735856484559 1890 11741.493565
0.96446195 1.54799143 134.75154814 -535.760162997056 1891  6406.830597
0.76822683 1.68888476 117.46060494 -535.730361912198 1892 12947.412830
0.96446195 1.72444112 103.20606282 -535.788498924749 1893   187.813198
0.99987487 1.68888476  74.47850369 -535.759384968351 1894  6577.588163
1.00463704 1.68062023 103.00000000 -535.786598725494 1895   604.858736
1.19673052 1.68888476  87.62382530 -535.744545038089 1896  9834.576447
0.96446195 1.93655078 122.72030498 -535.757935557659 1897  6895.697046
1.36999468 1.68888476 114.95469293 -535.704258342988 1898 18676.484165
0.84848609 1.63389818 103.00000000 -535.774790324424 1899  3196.503256
0.90599085 1.46140686 103.00000000 -535.752069045413 1900  8183.247682
0.96446195 1.89533342 125.79771978 -535.758639358773 1901  6741.230553
1.11170528 1.68888476 107.67934888 -535.769492649281 1902  4359.208576
1.34589068 1.68888476  89.56888590 -535.709295226397 1903 17571.016016
0.87713349 1.68888476 127.04249122 -535.767701554288 1904  4752.308497
1.05163338 1.68888476  95.18476367 -535.778908197206 1905  2292.734628
0.96446195 1.61947375 140.59197354 -535.756143078164 1906  7289.100830
0.96446195 1.64434072 125.12933864 -535.776717101620 1907  2773.624533
1.13445689 1.63378895 103.00000000 -535.763967097755 1908  5571.926983
1.07651699 1.68888476  82.00137447 -535.762738085834 1909  5841.663926
1.25333330 1.78616953 103.00000000 -535.734721923624 1910 11990.500912
0.87802843 1.68888476 109.61425027 -535.781868229582 1911  1643.082602
1.08451071 1.85646757 103.00000000 -535.766641056288 1912  4985.060909
1.13133896 1.67747940 103.00000000 -535.766084524352 1913  5107.205552
1.06556981 1.68888476 121.38153535 -535.769197320839 1914  4424.025678
0.96446195 1.77344167 133.08971680 -535.760314335775 1915  6373.615586
0.83376070 1.68888476  99.57969103 -535.770452502143 1916  4148.545219
0.96446195 1.51771113 116.63253236 -535.771515189891 1917  3915.312213
0.99593678 1.51680552 103.00000000 -535.769436920164 1918  4371.439704
0.90868082 2.00156239 103.00000000 -535.762756067873 1919  5837.717324
1.05414418 1.68888476  93.94619394 -535.777875177267 1920  2519.456303
0.96446195 1.59301542 129.18693825 -535.770738232955 1921  4085.834553
1.06964812 1.68888476 104.58515432 -535.777830167111 1922  2529.334890
0.88956023 1.76569518 103.00000000 -535.782349924950 1923  1537.362686
0.92791619 1.68888476 109.70289256 -535.787590777538 1924   387.128476
0.96446195 1.57193490 138.06073185 -535.758002788892 1925  6880.941496
1.48441239 1.70846417 103.00000000 -535.679257430916 1926 24163.550227
0.96446195 1.87347481  81.34676414 -535.771629703133 1927  3890.179461
1.13224827 1.98359086 103.00000000 -535.745121187608 1928  9708.126241
0.96446195 1.67942134  74.27739270 -535.759557723968 1929  6539.672687
0.96446195 1.80018490 121.73269302 -535.772511017470 1930  3696.753318
1.42054179 1.65448823 103.00000000 -535.693315104933 1931 21078.247348
0.91549842 1.68888476 124.63068640 -535.775523580497 1932  3035.572146
1.21745975 1.68888476 117.68008580 -535.740405522247 1933 10743.095177
0.93125067 1.52469471 103.00000000 -535.773330287205 1934  3516.944392
1.20551955 1.55196415 103.00000000 -535.737204784166 1935 11445.576000
0.79687002 1.68888476 152.21635974 -535.701848784532 1936 19205.321129
0.86109584 1.68888476 106.39046391 -535.779023585951 1937  2267.409725
0.90705656 1.68888476  99.28222975 -535.786757428351 1938   570.027484
0.96446195 1.60286644 107.65300938 -535.785891680062 1939   760.037275
0.96446195 1.79536341  79.57980884 -535.772703160426 1940  3654.582813
0.96446195 1.86923062  89.02850415 -535.777243900966 1941  2658.005439
1.10973885 1.68888476 111.85080001 -535.768242243112 1942  4633.641014
0.82912640 1.95618218 103.00000000 -535.748567066337 1943  8951.843263
1.18276080 1.68888476 118.70294410 -535.747772904644 1944  9126.141611
0.82361064 1.73688562 103.00000000 -535.765640013945 1945  5204.764312
0.96446195 1.80012682 110.12078604 -535.781905237755 1946  1634.960246
1.13725617 1.68888476  65.77221504 -535.722398951859 1947 14695.080647
1.20695272 1.68888476 123.32142037 -535.737719951900 1948 11332.509750
0.96446195 2.22350636  86.65032140 -535.744260139894 1949  9897.104374
1.10674786 1.95444840 103.00000000 -535.753150803093 1950  7945.829310
0.80482687 1.68888476 133.59380651 -535.735022024880 1951 11924.636299
0.93535877 2.09199386 103.00000000 -535.755111550092 1952  7515.495077
0.95208293 1.68888476 137.71099498 -535.759263392527 1953  6604.270973
0.96446195 1.60050544 100.01007827 -535.784460073535 1954  1074.238595
0.86293383 1.91843779 103.00000000 -535.763561438351 1955  5660.958933
0.96446195 1.53833751 128.06219782 -535.766613788194 1956  4991.045564
0.96446195 1.60541249  58.09329492 -535.693353250791 1957 21069.875299
1.19757022 1.80263478 103.00000000 -535.747115887529 1958  9270.340203
0.96446195 1.76506566 124.26591041 -535.772580072862 1959  3681.597411
0.96446195 1.85547200 110.88065852 -535.776548797660 1960  2810.562983
0.99187245 1.68888476  85.89964491 -535.778059656843 1961  2478.967715
0.94814726 1.66737313 103.00000000 -535.789229527441 1962    27.464438
1.18891749 1.68888476 109.75921092 -535.751913618892 1963  8217.359861
0.88201163 1.64583640 103.00000000 -535.783174511161 1964  1356.386928
1.17003312 1.55727363 103.00000000 -535.747205532390 1965  9250.665430
0.96446195 1.60180264  91.69355075 -535.778587122623 1966  2363.202355
0.96446195 1.57982887 117.87489797 -535.780077424891 1967  2036.118808
1.15521930 1.68888476 122.73178436 -535.750238518972 1968  8585.001806
1.02408287 1.53988003 103.00000000 -535.771682649998 1969  3878.558967
1.06166205 1.68888476 133.53592946 -535.755042387705 1970  7530.674467
1.10154522 1.83491565 103.00000000 -535.765345303330 1971  5269.445817
0.96446195 1.70293918  62.96851716 -535.732936115865 1972 12382.440419
0.99464972 1.65854487 103.00000000 -535.787133551327 1973   487.478031
0.80966531 1.67305368 103.00000000 -535.760818531668 1974  6262.957377
0.83012804 1.71477944 103.00000000 -535.769062866894 1975  4453.534909
0.89787936 1.68888476 132.35933482 -535.764141942471 1976  5533.553002
1.12827346 1.68888476 101.24737613 -535.766723024987 1977  4967.070858
1.11069434 1.49542363 103.00000000 -535.744563101098 1978  9830.612074
0.77695441 1.66523408 103.00000000 -535.742007359790 1979 10391.532466
0.96446195 1.96280260 127.31109344 -535.749937170994 1980  8651.140043
0.92952275 1.62514346 103.00000000 -535.787206352322 1981   471.500060
1.02605921 1.68888476 110.45499371 -535.782661430400 1982  1468.995141
1.10735148 1.70034079 103.00000000 -535.770983506888 1983  4032.003146
0.96446195 1.87630273 103.12445382 -535.777980239632 1984  2496.397778
0.96480764 1.48120843 103.00000000 -535.760835649941 1985  6259.200350
0.96446195 1.62583713 113.75434737 -535.785432318782 1986   860.855424
1.02322956 1.68888476 118.20984879 -535.778120602214 1987  2465.591752
0.94784180 1.88382915 103.00000000 -535.777385842966 1988  2626.852770
0.96446195 1.85263851 137.17496345 -535.746764725391 1989  9347.411385
0.95120904 1.82663250 103.00000000 -535.782580803334 1990  1486.690737
0.80347613 1.68888476  92.07785292 -535.753401923526 1991  7890.714745
1.00788217 1.57329491 103.00000000 -535.779227298507 1992  2222.699987
0.93775425 1.68888476  82.24110180 -535.774410704440 1993  3279.820213
1.23807889 1.68888476 104.20293495 -535.741429706786 1994 10518.312648
1.04916275 1.68888476 102.95286985 -535.781150228150 1995  1800.665704
0.96446195 1.79638654  97.55789935 -535.784869148308 1996   984.457058
0.96446195 1.70810911  85.35777655 -535.779402746915 1997  2184.193511
0.96446195 1.82878018  79.90477287 -535.772228800542 1998  3758.692776
0.96446195 1.83293029  80.00919185 -535.772197191435 1999  3765.630173
1.09938985 1.68888476 123.07433518 -535.761456731747 2000  6122.888647
0.87481585 1.68888476 103.55375371 -535.782400341556 2001  1526.297520
0.96446195 1.81958225 122.43092912 -535.770017159934 2002  4244.091792
0.90231321 1.68702371 103.00000000 -535.786748321445 2003   572.026219
0.97013558 1.68888476 125.66306678 -535.775155103909 2004  3116.443411
0.92098840 1.55808027 103.00000000 -535.779397261339 2005  2185.397456
0.90990751 1.60510396 103.00000000 -535.784395787240 2006  1088.347806
0.89203417 2.04443712 103.00000000 -535.755872342296 2007  7348.520486
1.03044163 1.68888476  87.42983550 -535.775960203070 2008  2939.744566
1.13750082 1.72383617 103.00000000 -535.764403611351 2009  5476.123320
1.13582141 1.68888476  73.99684151 -535.739208699901 2010 11005.767325
0.96446195 2.09003578  86.45035895 -535.756463720850 2011  7218.727893
0.82990468 1.68888476 115.05841893 -535.765600875887 2012  5213.354123
0.96446195 1.72277198 108.61108022 -535.787348332900 2013   440.338924
0.96446195 1.42339957 116.01704163 -535.739003289480 2014 11050.849702
1.30789198 1.81292626 103.00000000 -535.719430493927 2015 15346.581870
1.07157079 1.68888476 129.36888079 -535.759101654916 2016  6639.768276
0.95283071 1.68888476  90.20975154 -535.783899921456 2017  1197.177768
0.96446195 1.93280835 115.50485364 -535.765243578293 2018  5291.771882
0.96446195 1.62862722  78.35143224 -535.761869607832 2019  6032.272819
0.93666589 1.68888476  90.76011059 -535.784138347339 2020  1144.849335
1.26959530 1.64522099 103.00000000 -535.732507391534 2021 12476.534535
1.08259055 2.00186803 103.00000000 -535.752591540899 2022  8068.573176
1.00313371 1.68888476  66.28779036 -535.739826227349 2023 10870.235713
0.96446195 2.12783427 105.33227374 -535.750943932169 2024  8430.181501
0.96446195 1.71357652 143.10698439 -535.748875162084 2025  8884.224062
1.06192263 2.03973287 103.00000000 -535.751962433783 2026  8206.646231
0.96446195 1.93494422 127.61888414 -535.752351793664 2027  8121.191613
0.84361890 1.69430293 103.00000000 -535.774239695023 2028  3317.352443
0.84797738 1.70117844 103.00000000 -535.775493525271 2029  3042.168506
0.96446195 1.70779343 119.67144650 -535.780793656148 2030  1878.924214
0.96446195 2.03078551 122.79691425 -535.748265999847 2031  9017.919721
1.10577518 1.68888476 108.85586919 -535.770295867000 2032  4182.922660
0.96446195 1.92505993  96.67766056 -535.774134017359 2033  3340.546009
1.09096235 1.68888476  59.89608213 -535.713871694204 2034 16566.597412
0.96446195 1.57360008  70.56214545 -535.730734593832 2035 12865.618665
0.93479225 1.68888476  76.08930079 -535.763689512846 2036  5632.849829
0.96446195 1.73295471 118.49456410 -535.780596567923 2037  1922.180081
0.84933912 1.77605561 103.00000000 -535.772603979330 2038  3676.350548
0.87943636 1.68888476 115.47725798 -535.779055434111 2039  2260.419862
0.91992683 1.68888476 100.79413161 -535.788172777762 2040   259.394189
1.06960801 2.04788727 103.00000000 -535.749914938789 2041  8656.019448
0.96446195 1.59822232 103.39685918 -535.785268355437 2042   896.841219
0.87524337 1.85475531 103.00000000 -535.772781634286 2043  3637.359791
1.19471953 1.68888476 117.19126835 -535.746202032500 2044  9470.908202
0.92666516 1.68888476 139.87665140 -535.755431141911 2045  7445.352779
0.77999841 1.68675634 103.00000000 -535.744028289307 2046  9947.989697
0.96446195 1.51634616  98.75516433 -535.768635864627 2047  4547.251076
1.06922569 1.68888476  86.24150884 -535.769140482006 2048  4436.500360
0.96446195 1.53673810 110.96638235 -535.776918749384 2049  2729.367964
1.18828044 1.77081449 103.00000000 -535.751196429504 2050  8374.764741
0.96446195 1.56822583  73.78311990 -535.738659491462 2051 11126.304647
0.96446195 1.63187267 102.34918551 -535.787662778357 2052   371.326122
0.96446195 1.58600449 109.13181784 -535.784162654690 2053  1139.514488
0.96446195 1.68170939 111.30310943 -535.787300356998 2054   450.868418
1.09780835 1.70672681 103.00000000 -535.772746899274 2055  3644.983245
1.04461365 1.77743891 103.00000000 -535.778894779675 2056  2295.679436
0.96446195 1.96240096 102.46064690 -535.769419090808 2057  4375.352795
1.26979066 1.68888476  93.69581626 -535.731228487456 2058 12757.221542
1.00452502 1.68888476 110.96963456 -535.784789356317 2059  1001.969377
1.09888987 1.68888476 124.36842253 -535.760164822211 2060  6406.430021
1.04024066 1.66127760 103.00000000 -535.782114733372 2061  1588.981272
1.44655322 1.68195309 103.00000000 -535.688259596643 2062 22187.803186
0.96446195 1.52932738  92.74283651 -535.766006020062 2063  5124.435253
1.20445158 1.68888476 102.75297270 -535.749639469436 2064  8716.477984
0.96446195 1.67452329 102.62611899 -535.789081507704 2065    59.951016
1.08172657 1.52051213 103.00000000 -535.758181171845 2066  6841.790962
0.96446195 1.78604378 116.37354801 -535.778754012049 2067  2326.574359
0.96446195 1.73055166 119.66873750 -535.779670328777 2068  2125.466080
0.96446195 1.77609634 110.00136829 -535.783772670818 2069  1225.106056
0.96446195 1.62514900  67.45707323 -535.733577497021 2070 12241.673524
1.05383262 1.95621452 103.00000000 -535.761920116729 2071  6021.187397
1.37229828 1.79819331 103.00000000 -535.704243458623 2072 18679.750906
0.98371373 1.86331139 103.00000000 -535.778460022708 2073  2391.097563
1.02507488 1.54028714 103.00000000 -535.771640903326 2074  3887.721303
1.10887389 1.68888476  68.92823517 -535.734034688249 2075 12141.331646
1.08152696 1.68888476 106.03090902 -535.775573507228 2076  3024.614495
0.88140468 1.66055778 103.00000000 -535.783476636697 2077  1290.078037
0.96446195 1.66212846 141.74112255 -535.753764099680 2078  7811.226265
1.00154365 1.68888476  88.48204079 -535.780044844583 2079  2043.269360
0.96446195 1.68880056 128.85731632 -535.771506435230 2080  3917.233639
0.90735530 1.74478330 103.00000000 -535.785771753970 2081   786.358010
1.29751602 1.61109486 103.00000000 -535.722570714414 2082 14657.383123
1.02183922 1.68888476 136.38766763 -535.756471692970 2083  7216.978215
0.96446195 1.71200415  72.66406864 -535.758964822407 2084  6669.799541
0.84383160 1.73583738 103.00000000 -535.773107593651 2085  3565.819979
1.17594994 1.68888476 104.86069578 -535.756188273595 2086  7279.181579
0.81993957 1.68888476 132.89838955 -535.742983452634 2087 10177.304845
0.95751782 2.04535664 103.00000000 -535.760460647524 2088  6341.503869
0.96446195 2.01873455  89.34203385 -535.764073687032 2089  5548.533340
0.96446195 1.73636046  79.18717204 -535.771955595439 2090  3818.654366
1.11429671 1.94468005 103.00000000 -535.752694700563 2091  8045.932247
0.96446195 1.72703342 132.18648352 -535.765056491227 2092  5332.832748
1.00426408 1.99375695 103.00000000 -535.763780859334 2093  5612.801592
0.96446195 1.57938412  90.81817221 -535.774280654429 2094  3308.362892
1.03818917 1.59228187 103.00000000 -535.777927057859 2095  2508.069829
0.96446195 1.64918894  59.73430300 -535.711999251652 2096 16977.551059
0.95530338 1.90758325 103.00000000 -535.775058160657 2097  3137.719996
0.96446195 2.21533616  97.49602710 -535.744822264396 2098  9773.732304
0.96446195 1.84510091 106.46530762 -535.779771778864 2099  2103.200359
0.78060785 1.89382411 103.00000000 -535.729986445763 2100 13029.818189
0.96446195 1.81052381  72.27832029 -535.761689796117 2101  6071.736929
1.06044084 1.68888476  80.52528286 -535.763155775345 2102  5749.991673
1.11038088 1.68888476  97.62412643 -535.769608326615 2103  4333.820335
0.75421666 1.85093400 103.00000000 -535.714567341015 2104 16413.920582
1.04955943 1.68888476 133.00272154 -535.757691852410 2105  6949.184167
1.12261376 1.68888476  62.28822706 -535.716406267413 2106 16010.322881
0.98656616 1.68888476 139.63161558 -535.754833084542 2107  7576.611202
0.93884844 1.61450267 103.00000000 -535.786768682759 2108   567.557427
0.96446195 1.63298294  80.51265234 -535.766630250700 2109  4987.432461
0.87734865 1.68888476 113.54300192 -535.779876612444 2110  2080.192047
0.96446195 1.70750182  95.52124038 -535.787410504518 2111   426.693831
0.96446195 1.71894771  83.46547319 -535.777412715959 2112  2620.954830
0.92588376 1.68888476 113.99550488 -535.785368673247 2113   874.824005
1.03713820 1.68176541 103.00000000 -535.782841407802 2114  1429.494667
0.99497724 1.68888476 116.63948624 -535.782216350518 2115  1566.678886
1.04578269 1.68888476 122.69612616 -535.770958195599 2116  4037.558332
0.99221450 1.80433629 103.00000000 -535.782807014475 2117  1437.043130
0.75970935 1.58825850 103.00000000 -535.725226067073 2118 14074.600567
0.91956849 1.83397104 103.00000000 -535.780778114463 2119  1882.335220
1.07189898 1.68888476  89.61168237 -535.771967961927 2120  3815.940236
0.96446195 1.74497714  79.53035644 -535.772646486148 2121  3667.021380
0.95136196 1.68888476  60.14291241 -535.720973653046 2122 15007.897585
0.96446195 1.84546671  80.94312226 -535.772676241070 2123  3660.490929
0.96446195 1.97003364  90.34502269 -535.769022299428 2124  4462.438439
0.96446195 1.84915404 106.27453353 -535.779477896329 2125  2167.700121
0.87774720 1.68888476 112.72279263 -535.780409860869 2126  1963.157543
0.99718283 1.68888476  58.05275774 -535.714016785940 2127 16534.753456
0.90056932 1.51496351 103.00000000 -535.768724459846 2128  4527.806672
0.96850555 1.64283311 103.00000000 -535.788159906075 2129   262.219197
0.96446195 1.84954774 106.76540646 -535.779241526777 2130  2219.577242
0.96446195 1.82187263  78.51623054 -535.770789050242 2131  4074.681448
0.95373825 1.77986304 103.00000000 -535.786013017504 2132   733.406784
0.96446195 1.73823363  83.83917132 -535.778164195662 2133  2456.024096
1.19629661 1.79530414 103.00000000 -535.747894482383 2134  9099.458381
1.32622663 1.69460302 103.00000000 -535.719382055195 2135 15357.212943
0.96446195 1.61887339 112.41408896 -535.785727696241 2136   796.027564
0.84968973 1.76072815 103.00000000 -535.773659722450 2137  3444.641712
1.02474412 1.94477476 103.00000000 -535.766889517232 2138  4930.530033
0.96446195 1.68190204  82.30417121 -535.774231832617 2139  3319.078041
1.20909114 1.68888476 110.97941963 -535.746617378297 2140  9379.750335
1.07092143 1.68888476  69.12629941 -535.740192063912 2141 10789.943867
0.89720792 1.58227534 103.00000000 -535.780624041300 2142  1916.150371
1.09602483 1.68888476 124.72654005 -535.760311912213 2143  6374.147497
0.95396771 1.92638732 103.00000000 -535.773137543325 2144  3559.246785
1.20554706 1.68888476  95.08721689 -535.747633376112 2145  9156.764585
0.76994870 1.68888476  57.38029807 -535.652567141559 2146 30021.391752
0.96446195 1.56492253  64.07194315 -535.705544636161 2147 18394.175440
0.96446195 2.06942547 102.68362890 -535.757944310265 2148  6893.776071
0.98378558 2.24119036 103.00000000 -535.740559563860 2149 10709.286950
1.12708828 1.68993559 103.00000000 -535.767043466597 2150  4896.742053
0.96446195 1.54482967  56.32005904 -535.661425243051 2151 28077.263157
0.96446195 1.40986273 112.72121832 -535.731390809121 2152 12721.596053
1.16429794 1.78499438 103.00000000 -535.755860182981 2153  7351.189147
0.96446195 2.11022163  85.06601947 -535.754173936813 2154  7721.277410
1.05324011 1.66007393 103.00000000 -535.780182368187 2155  2013.086417
1.19494691 1.73661275 103.00000000 -535.751120534077 2156  8391.421862
1.31832276 1.55126685 103.00000000 -535.708094119296 2157 17834.628559
0.96446195 1.74193353  85.94300399 -535.780435936030 2158  1957.434707
0.95341799 2.00893966 103.00000000 -535.764364207163 2159  5484.771540
0.96446195 1.77005331 121.85072882 -535.774857432022 2160  3181.774840
0.96446195 1.60761113  82.68752306 -535.766902424220 2161  4927.697277
0.96446195 1.60636637 112.87837957 -535.784809250948 2162   997.603010
0.84254157 1.66364175 103.00000000 -535.773870018830 2163  3398.486990
1.24899587 1.68793827 103.00000000 -535.738792755285 2164 11097.056618
1.10880558 1.68888476  71.97857528 -535.740351537288 2165 10754.943506
0.96446195 1.81896323  79.86234232 -535.772497673085 2166  3699.682072
0.96446195 1.87670884  67.40419217 -535.752683644748 2167  8048.358717
0.90223804 1.68888476 130.31204918 -535.767408135079 2168  4816.706571
0.83495172 1.68888476 114.51381998 -535.767807921186 2169  4728.963661
0.96446195 1.76586257 102.23927751 -535.786766311925 2170   568.077765
0.96446195 1.84842539 132.33108467 -535.754578757715 2171  7632.429490
0.96446195 1.96796358 115.58054341 -535.761426312245 2172  6129.564956
1.14427357 1.68888476 110.84433290 -535.761545380106 2173  6103.432581
0.83406658 1.68888476  76.50875475 -535.745382198844 2174  9650.840895
0.91360438 1.68888476  84.29745443 -535.775804701133 2175  2973.873297
1.08370900 1.91504291 103.00000000 -535.761305955194 2176  6155.980276
1.08630361 1.75190113 103.00000000 -535.773505610660 2177  3478.465341
0.95460688 1.68888476 105.33803371 -535.789191419108 2178    35.828251
0.96446195 1.56409186 105.92626605 -535.781504280513 2179  1722.960191
0.96446195 1.66574042 129.09400209 -535.771898453717 2180  3831.195525
0.96446195 1.53898896  88.39560753 -535.762448171934 2181  5905.292673
1.19980568 1.87066895 103.00000000 -535.741244576913 2182 10558.943960
1.54436442 1.65582077 103.00000000 -535.670442330609 2183 26098.241153
0.96446195 1.74782255 127.88959951 -535.769447037243 2184  4369.219262
0.83790300 1.69212330 103.00000000 -535.772360038953 2185  3729.889273
0.96446195 1.85949724 116.53723739 -535.771965099711 2186  3816.568419
0.88127084 1.68888476  89.29797040 -535.777125575331 2187  2683.974914
1.15591882 1.59446671 103.00000000 -535.755962414430 2188  7328.751937
0.96446195 1.67430297  90.79820236 -535.783726912798 2189  1235.148781
0.96446195 1.73868746  85.76591864 -535.780259787447 2190  1996.094853
0.96446195 1.68065203 115.59404780 -535.784866425600 2191   985.054624
0.96446195 1.65220161 132.63051206 -535.767517321609 2192  4792.742897
0.98252267 2.20055822 103.00000000 -535.744242021162 2193  9901.080976
1.20854771 1.68888476  88.61498563 -535.742650881217 2194 10250.295835
1.04594156 1.68888476 126.08294728 -535.767212521434 2195  4859.638804
0.97334869 1.68888476 125.57516431 -535.775113994727 2196  3125.465834
1.25824286 1.82157755 103.00000000 -535.731162639318 2197 12771.673538
1.41652685 1.68888476  94.94670578 -535.694397900119 2198 20840.601269
0.87764237 1.68888476 107.49701803 -535.782444422720 2199  1516.622823
0.96446195 1.89355351 120.64037094 -535.764614863719 2200  5429.758784
0.98214011 1.68888476  84.40610437 -535.776845737551 2201  2745.392209
0.83099766 1.90404126 103.00000000 -535.754918115479 2202  7557.949068
0.75731597 1.68888476 118.35405641 -535.721259905284 2203 14945.072479
1.11573811 1.70980930 103.00000000 -535.769201033475 2204  4423.210849
1.30935791 1.68888476  86.37384495 -535.715827997783 2205 16137.238398
1.02840909 1.58145703 103.00000000 -535.777946943371 2206  2503.705463
0.86013407 1.68888476  85.04514593 -535.767681195819 2207  4756.776664
1.10143434 1.79956256 103.00000000 -535.767999345968 2208  4686.950776
1.28222941 1.68888476 103.53516181 -535.730479996662 2209 12921.496286
0.90402115 1.68888476 119.16220668 -535.779816202257 2210  2093.450551
0.88506124 1.68888476 108.71843042 -535.783433091292 2211  1299.635148
0.96446195 1.57091191  79.20196692 -535.752847766128 2212  8012.338237
0.96446195 1.87096749  94.99044652 -535.778968044025 2213  2279.599769
1.26953612 1.68888476  94.51502145 -535.731709465653 2214 12651.659027
0.96446195 1.79908086 131.18537562 -535.760852969521 2215  6255.399141
1.34732368 1.56998869 103.00000000 -535.704261442229 2216 18675.803961
0.92953400 1.94643442 103.00000000 -535.770391590931 2217  4161.913685
1.06386579 1.82650901 103.00000000 -535.772587026773 2218  3680.071204
0.96446195 1.57650367 103.58779219 -535.782815323208 2219  1435.219573
1.34316424 1.62672813 103.00000000 -535.711946225679 2220 16989.188915
0.96585357 1.56968693 103.00000000 -535.781667475183 2221  1687.143100
0.96446195 1.84527714  71.10611284 -535.759509817563 2222  6550.186928
1.10189533 1.68888476 100.12129280 -535.771866393732 2223  3838.231878
1.06670487 1.57068197 103.00000000 -535.770756211969 2224  4081.888616
1.09370903 1.64778125 103.00000000 -535.772845271475 2225  3623.393042
0.96446195 1.72710510 117.54889411 -535.781722782868 2226  1675.004466
0.89015336 1.90043741 103.00000000 -535.771043617940 2227  4018.810295
0.95586056 1.68888476  89.78753172 -535.783511816031 2228  1282.357065
1.30694386 1.51257259 103.00000000 -535.704144066986 2229 18701.564849
0.96446195 1.91930210  97.37656106 -535.774682189676 2230  3220.236090
0.85560633 1.54030268 103.00000000 -535.765988031148 2231  5128.383363
1.19564023 1.68888476 123.80736150 -535.739878056389 2232 10858.860554
1.10848280 1.75940265 103.00000000 -535.768995235308 2233  4468.378327
1.19890790 1.64587300 103.00000000 -535.749959917881 2234  8646.147679
1.22196343 1.68888476  77.35231272 -535.726216012793 2235 13857.332591
0.96446195 1.55084223 116.29754454 -535.777528597205 2236  2595.521835
1.09741815 1.68888476 114.51303895 -535.769101667058 2237  4445.019257
0.96446195 1.72818070 144.01835342 -535.746290134803 2238  9451.571982
0.96446195 1.69019247 122.51137741 -535.778724374057 2239  2333.079147
1.05930012 1.68888476 124.34191075 -535.767148267317 2240  4873.740953
1.46631328 1.68888476  95.04684842 -535.681148713513 2241 23748.461669
0.78545502 1.57555618 103.00000000 -535.741725740081 2242 10453.340849
1.00019283 2.17022020 103.00000000 -535.745984534326 2243  9518.643535
0.96446195 1.73805227  99.08558058 -535.787902547029 2244   318.702980
1.05906546 1.68888476 107.31272854 -535.779070931526 2245  2257.018573
1.01143953 1.68888476  91.16999074 -535.781454343186 2246  1733.920168
0.84728973 1.68888476  71.81765965 -535.739376023116 2247 10969.044123
1.09469203 1.68888476 123.08464467 -535.762335835570 2248  5929.947656
0.96248277 1.95343934 103.00000000 -535.770237342435 2249  4195.767318
1.18977782 1.51906224 103.00000000 -535.730878714437 2250 12833.987847
0.87488681 1.67550658 103.00000000 -535.782424278878 2251  1521.043885
0.96446195 1.87167154 100.85155288 -535.778891138380 2252  2296.478608
1.26110727 1.61328372 103.00000000 -535.732337307429 2253 12513.863682
1.20005098 1.80556697 103.00000000 -535.746335708235 2254  9441.569769
0.96446195 1.91181299  97.60510533 -535.775400582236 2255  3062.567145
0.94328695 1.56615672 103.00000000 -535.781444680998 2256  1736.040773
1.01116721 1.96550809 103.00000000 -535.766146246788 2257  5093.659043
1.39511636 1.68888476  99.78401741 -535.701480734640 2258 19286.098745
1.08513834 1.86714605 103.00000000 -535.765586058870 2259  5216.606082
1.23358705 1.68888476 124.65545705 -535.729882044360 2260 13052.731649
1.10769901 1.81308031 103.00000000 -535.765848191971 2261  5159.074515
0.96446195 1.74905589  89.85520080 -535.783690162968 2262  1243.214436
1.32666918 1.68888476  87.90553018 -535.712835999718 2263 16793.906082
0.84136178 1.68888476  83.14187533 -535.759493763232 2264  6553.710446
1.04202770 1.91333973 103.00000000 -535.767934681498 2265  4701.142987
0.86916535 1.99191153 103.00000000 -535.757127372619 2266  7073.073163
0.96446195 2.12971681  93.21302718 -535.753410735401 2267  7888.780762
0.80759458 1.68888476 120.21257388 -535.751929564963 2268  8213.860103
1.16821239 1.68888476  84.51210608 -535.747838600004 2269  9111.723146
0.97222654 1.68888476 113.26162730 -535.785884798002 2270   761.547712
0.96446195 1.80738903  73.33687185 -535.763479669880 2271  5678.905038
0.96446195 1.82937228 104.58624569 -535.781806844988 2272  1656.554963
0.96446195 1.59652402 112.34821112 -535.784297339578 2273  1109.954571
0.97064994 1.99812532 103.00000000 -535.765285660962 2274  5282.535804
1.04228098 1.68888476 114.19090690 -535.778539111186 2275  2373.739648
1.16196380 1.68888476 125.89395847 -535.745278680373 2276  9673.560574
0.96446195 1.64190051  65.61575915 -535.731180683604 2277 12767.713275
0.96446195 1.94272951  76.84960326 -535.763078048604 2278  5767.050721
0.86998495 1.68888476  99.64728191 -535.780945988899 2279  1845.491039
0.96446195 1.49536151  81.62290211 -535.735107007820 2280 11905.984699
0.96446195 1.66742103 106.26100245 -535.788857633677 2281   109.085686
0.96446195 1.51338385  88.55000187 -535.755413788399 2282  7449.161435
1.12329372 1.68888476  88.97995353 -535.761884866378 2283  6028.923955
0.96446195 1.87241752  92.71039564 -535.778370619164 2284  2410.719373
0.85174803 1.72305444 103.00000000 -535.776027773369 2285  2924.914600
0.96446195 1.99850268  89.71905397 -535.766130991830 2286  5097.007120
1.07833096 2.03010774 103.00000000 -535.750352081391 2287  8560.077735
0.96446195 1.65306910  92.23824906 -535.783866435040 2288  1204.527187
0.96446195 1.75151986 107.22515186 -535.786492406682 2289   628.193019
0.96446195 1.61871891  84.93596510 -535.772163437074 2290  3773.038399
0.98270969 1.68888476  55.07220166 -535.702287651794 2291 19109.000897
1.06981308 1.68888476  78.71759411 -535.758927835802 2292  6677.917163
0.96446195 1.71314233  67.47194066 -535.746875698960 2293  9323.055502
0.93791510 1.72263815 103.00000000 -535.788594846918 2294   166.760714
0.96446195 1.74653523  77.32299493 -535.769314326247 2295  4398.345959
0.90446883 1.68888476 107.16722035 -535.786534517211 2296   618.950826
0.96446195 1.61829040  86.43101773 -535.774284000227 2297  3307.628574
0.96446195 1.70052399 138.48637014 -535.757199464997 2298  7057.250715
1.12263222 1.91599775 103.00000000 -535.753908830167 2299  7779.461594
1.30320111 1.68888476 122.33473536 -535.715088674412 2300 16299.501125
1.06196069 1.68888476 100.48939747 -535.778992631752 2301  2274.203387
0.96446195 2.07061822  95.39865341 -535.759285371709 2302  6599.447100
0.96446195 1.65502998  99.50586244 -535.788049735700 2303   286.398800
0.96446195 1.54679753 112.98917415 -535.778210421174 2304  2445.878768
0.96446195 1.70278745 108.81795525 -535.787915379416 2305   315.886597
0.99843710 1.68888476 108.00967037 -535.786443369304 2306   638.955479
0.96446195 1.61590463  90.50988961 -535.779042280043 2307  2263.306846
0.82285187 1.76025567 103.00000000 -535.764102698035 2308  5542.166161
0.81335053 1.68888476  75.85590983 -535.735354553431 2309 11851.654716
1.12868629 1.68888476  88.14737824 -535.760037496600 2310  6434.374763
1.11328100 1.75389913 103.00000000 -535.768308956641 2311  4618.999087
0.96446195 2.07305406 108.45688732 -535.755063346513 2312  7526.074540
0.76088120 1.57421729 103.00000000 -535.724498820008 2313 14234.212851
0.96446195 1.45651994  78.18016412 -535.708121917229 2314 17828.527617
1.02427979 1.69367216 103.00000000 -535.784481147747 2315  1069.613340
0.95323920 1.68888476 130.01007458 -535.770251204781 2316  4192.724884
0.82165187 1.68888476 129.81650053 -535.747792006311 2317  9121.949280
1.44963535 1.68888476 100.52553984 -535.687499111019 2318 22354.710491
1.06939898 1.68888476 113.02190184 -535.775026161634 2319  3144.742970
1.24113868 1.68888476  92.98380285 -535.737927634332 2320 11286.928723
0.96446195 1.55128977  54.39362082 -535.653142890827 2321 29895.029392
1.19356212 1.77806571 103.00000000 -535.749571487441 2322  8731.398308
0.75874094 1.73562793 103.00000000 -535.727114758060 2323 13660.080801
0.92118052 1.83629484 103.00000000 -535.780696103490 2324  1900.334548
0.85188938 1.73099910 103.00000000 -535.775772201449 2325  2981.006154
0.96446195 1.76552398 120.78529134 -535.776294655223 2326  2866.340802
0.88045283 1.80920713 103.00000000 -535.777757216336 2327  2545.345735
1.11591659 1.68888476 122.83806987 -535.758456512621 2328  6781.360646
0.96446195 1.52333449  83.26500565 -535.748661155198 2329  8931.193145
0.96446195 1.84557468  97.43254129 -535.781319362926 2330  1763.544911
1.20210188 1.55640554 103.00000000 -535.739069927104 2331 11036.224434
1.12461313 1.68888476 146.89962233 -535.721598001621 2332 14870.868909
0.96446195 1.66332821 106.58684237 -535.788762294349 2333   130.010251
0.96446195 1.67751262  65.07571185 -535.735695300614 2334 11776.869352
0.96446195 2.01883346 121.93291376 -535.750320174800 2335  8567.080423
0.96446195 1.65794813 111.66827486 -535.787179227837 2336   477.453196
0.96446195 1.58274031 136.87517631 -535.760341971283 2337  6367.550293
1.14663303 1.68888476 119.05510760 -535.755599483382 2338  7408.406096
0.96446195 1.75629947  93.59112258 -535.785663228068 2339   810.176693
0.94525290 1.53269034 103.00000000 -535.775387617301 2340  3065.412619
0.93066645 1.90497431 103.00000000 -535.774761273421 2341  3202.879214
0.83081465 1.72951793 103.00000000 -535.768809416156 2342  4509.160917
1.14988262 1.81463607 103.00000000 -535.757059378920 2343  7087.996055
0.96446195 2.03451609  92.02417501 -535.762933904726 2344  5798.686646
0.96446195 1.92043373 130.82320774 -535.749592410387 2345  8726.806252
1.08982259 1.70937656 103.00000000 -535.774194076484 2346  3327.364555
1.05617626 1.89449357 103.00000000 -535.767766977646 2347  4737.949729
0.96978272 1.50618127 103.00000000 -535.768377999844 2348  4603.845855
0.88261661 1.79231743 103.00000000 -535.779430669226 2349  2178.065272
0.96446195 1.75926667 139.23520307 -535.751902869727 2350  8219.719031
0.96446195 1.84181835 125.56292558 -535.764280463056 2351  5503.151248
0.93028622 1.44791845 103.00000000 -535.747857685367 2352  9107.534393
1.47726584 1.68490912 103.00000000 -535.680231869816 2353 23949.685605
0.94382710 1.68888476 103.26907181 -535.789317344371 2354     8.190849
1.45842044 1.58457748 103.00000000 -535.684601084653 2355 22990.753771
0.96446195 1.90468243  74.33673593 -535.762395837087 2356  5916.778845
0.96446195 1.72899713 106.42144632 -535.787798878144 2357   341.455671
1.14452138 1.68888476  97.86082710 -535.762607544218 2358  5870.314500
1.15379119 1.68888476 104.40590561 -535.761235240667 2359  6171.500321
1.28488280 1.75316583 103.00000000 -535.728557734861 2360 13343.383994
0.71141396 1.76256557 103.00000000 -535.678263224620 2361 24381.753291
0.96446195 1.72306670 109.72556063 -535.786887150668 2362   541.556726
0.80543774 1.68888476  97.86205032 -535.757676562984 2363  6952.539808
1.03305459 1.68888476  81.66899531 -535.768556359676 2364  4564.700396
0.91335011 2.07818732 103.00000000 -535.755000378444 2365  7539.894434
1.10625626 1.55216668 103.00000000 -535.760358734296 2366  6363.871237
1.01996096 1.48534347 103.00000000 -535.757546843979 2367  6981.009839
0.74792095 1.86714895 103.00000000 -535.707478802918 2368 17969.674896
0.96446195 1.69829993  73.76953220 -535.760216446745 2369  6395.099746
1.07343656 1.47239669 103.00000000 -535.743687846564 2370 10022.708244
0.95242916 2.16246765 103.00000000 -535.748458973292 2371  8975.566945
1.09535054 1.74321465 103.00000000 -535.772214246520 2372  3761.887014
0.73395707 1.47099632 103.00000000 -535.676830093201 2373 24696.289287
1.09267797 1.68888476 132.81949476 -535.750649794152 2374  8494.737335
1.26678070 1.48629015 103.00000000 -535.706023021950 2375 18289.181894
1.17986171 1.68888476 127.87125109 -535.738850505500 2376 11084.381910
0.85913192 1.68888476 137.67342797 -535.749230866765 2377  8806.155906
1.35179296 1.74178685 103.00000000 -535.712142035031 2378 16946.213729
1.29173850 1.84181016 103.00000000 -535.721316027803 2379 14932.755010
1.19514679 1.74881132 103.00000000 -535.750623840419 2380  8500.433522
0.96446195 1.72355825  99.02784350 -535.788295536291 2381   232.451805
0.99022338 1.94726744 103.00000000 -535.769740907114 2382  4304.722279
0.96446195 1.63284822 131.52974909 -535.769053409069 2383  4455.610662
0.99875037 1.68888476 122.69170837 -535.776521085426 2384  2816.645116
0.96446195 1.77765698 110.28856276 -535.783513459380 2385  1281.996392
0.96446195 1.79127350 121.60909499 -535.773404050256 2386  3500.755273
1.03624830 1.79584290 103.00000000 -535.778859587041 2387  2303.403326
1.10632672 1.68888476  88.13711630 -535.764468416090 2388  5461.900324
1.46055032 1.68888476  95.57188210 -535.683009583315 2389 23340.047947
0.89473916 2.01338465 103.00000000 -535.759662284814 2390  6516.724233
1.17009170 1.68612089 103.00000000 -535.757644568608 2391  6959.561762
0.99273860 1.68888476 115.38426620 -535.783291865686 2392  1330.630587
1.01655854 1.46837618 103.00000000 -535.751671505991 2393  8270.497502
0.96446195 1.77081793 123.32811751 -535.773198542611 2394  3545.858989
0.96446195 1.60766069  63.80148143 -535.717210844329 2395 15833.738656
1.04986770 1.40471485 103.00000000 -535.714450904390 2396 16439.475468
0.94416665 2.02401103 103.00000000 -535.762623023232 2397  5866.917249
1.09907770 1.68888476 147.15856154 -535.726291636977 2398 13840.735000
0.96446195 1.66221249  97.61292064 -535.787618370360 2399   381.072551
0.99804675 1.68888476 105.20838410 -535.787063639913 2400   502.821814
1.04198618 1.62614999 103.00000000 -535.780330625756 2401  1980.547641
0.96446195 1.64410240  68.31708651 -535.739789599084 2402 10878.274688
0.96446195 1.84281086  71.26007157 -535.759796279794 2403  6487.315734
1.12219170 1.81763947 103.00000000 -535.762644926025 2404  5862.110141
1.13190548 1.94037593 103.00000000 -535.749607382081 2405  8723.520345
0.79633710 1.61386003 103.00000000 -535.751829661790 2406  8235.786316
0.96446195 1.89634363 114.25174619 -535.770089090148 2407  4228.304934
0.96446195 1.84448543  77.02923818 -535.768235630974 2408  4635.092211
0.96446195 1.57793828 108.37071361 -535.783363928934 2409  1314.814532
0.96446195 1.56516920  72.08588235 -535.732964604338 2410 12376.187922
0.96446195 2.09039881  87.50061005 -535.756686652404 2411  7169.800072
1.06921171 1.68888476 145.91467517 -535.733935791344 2412 12163.037008
1.11101581 1.82554245 103.00000000 -535.764267089170 2413  5506.086476
0.96962987 1.65173530 103.00000000 -535.788449696770 2414   198.617490
0.98128314 2.03696812 103.00000000 -535.760718320587 2415  6284.951167
1.11869325 1.68888476  82.08437139 -535.755219533519 2416  7491.795454
1.19749761 1.68137166 103.00000000 -535.751244356006 2417  8364.246089
1.17123137 1.54007766 103.00000000 -535.743259763163 2418 10116.661692
0.96446195 1.74355162 124.44902117 -535.773907226856 2419  3390.320772
0.96446195 1.53182072 136.11907749 -535.756337419584 2420  7246.447817
0.96446195 1.82446708 107.66513664 -535.781090921988 2421  1813.681902
1.00317187 1.68888476 104.03323208 -535.786718806208 2422   578.504065
0.93129360 1.68888476 132.11416508 -535.767139065302 2423  4875.760562
0.96446195 1.78632762  81.40439538 -535.775072426144 2424  3134.589084
0.89972453 1.82666589 103.00000000 -535.779381740468 2425  2188.803893
0.96446195 1.84638004  73.39419085 -535.763130124778 2426  5755.621322
0.91781922 1.77619822 103.00000000 -535.784993712598 2427   957.118356
0.86508860 1.40056999 103.00000000 -535.715056132627 2428 16306.643221
1.11204216 1.86143867 103.00000000 -535.761094787873 2429  6202.326147
0.86093248 1.68888476  88.05622535 -535.771423837977 2430  3935.361641
1.07896460 1.82824679 103.00000000 -535.769953241712 2431  4258.120220
0.77536358 1.85072920 103.00000000 -535.730803164562 2432 12850.569129
1.17051460 1.68888476 128.07286690 -535.740732766136 2433 10671.273444
1.18365091 1.76894644 103.00000000 -535.752365319679 2434  8118.222996
0.96446195 1.70705381  91.67397994 -535.785211149263 2435   909.396524
0.96446195 1.87136648 114.49063327 -535.772459872423 2436  3707.978359
0.87668594 1.68888476 104.93861684 -535.782698104394 2437  1460.946130
0.96446195 1.62493190 104.01424880 -535.787474944867 2438   412.550809
0.96446195 1.69637308  85.49490689 -535.779184655090 2439  2232.059135
0.91713090 1.68888476 124.45523938 -535.775838898884 2440  2966.367758
1.31621898 1.68888476  94.13376402 -535.719751056077 2441 15276.226609
1.02269776 1.68888476 112.17753277 -535.782251617853 2442  1558.938601
1.38188282 1.55961941 103.00000000 -535.696598492198 2443 20357.627125
1.24413182 1.68888476 111.63474370 -535.737787062501 2444 11317.780675
0.96446195 1.79771528  73.11766201 -535.763083812256 2445  5765.785746
0.96446195 1.69539349 106.53551909 -535.788715071627 2446   140.374440
1.05485060 1.42551501 103.00000000 -535.724801054894 2447 14167.879960
0.96446195 1.89372673 101.98520024 -535.776580746786 2448  2803.550961
0.97797367 1.67278413 103.00000000 -535.788522136551 2449   182.718796
0.96446195 1.52283414 101.94511988 -535.772359859910 2450  3729.928569
1.00540346 1.92284630 103.00000000 -535.771093242914 2451  4007.918872
0.90099346 1.69267000 103.00000000 -535.786555195079 2452   614.412558
0.96446195 1.67112579  94.81236082 -535.786511715400 2453   623.955245
1.16882812 1.68888476  74.01639106 -535.732618845756 2454 12452.073161
1.09226830 1.68888476 104.51353899 -535.773833727405 2455  3406.452038
0.93883788 1.92961770 103.00000000 -535.772562896042 2456  3685.367288
0.96446195 1.82071889  99.51863650 -535.783300332159 2457  1328.772411
0.96446195 1.60574304 102.55102929 -535.785797874940 2458   780.625120
0.99192657 1.68888476  90.80745724 -535.782865690357 2459  1424.165262
0.96446195 1.65474845  95.67536598 -535.786352870639 2460   658.817641
0.96446195 1.64862796 124.96762015 -535.776894526739 2461  2734.684220
0.76187528 1.68888476  64.72812482 -535.673823822132 2462 25356.089534
0.97606009 1.73055422 103.00000000 -535.787871277790 2463   325.565785
0.96446195 1.94067014  81.20851911 -535.767040446556 2464  4897.404875
0.95299892 1.68888476 118.72941173 -535.782506978721 2465  1502.893367
1.00049677 1.68888476  78.54659646 -535.766918702553 2466  4924.124596
1.07083683 1.68888476  97.90161885 -535.776943908737 2467  2723.846124
0.88421018 1.68888476  86.80914330 -535.775038864042 2468  3141.955114
0.96446195 1.92921156 117.92091462 -535.763523678808 2469  5669.246194
0.97161914 1.68888476  84.60549323 -535.777568824405 2470  2586.692985
0.96446195 1.65651281  95.90757142 -535.786565392004 2471   612.174592
1.36352117 1.68888476 102.81440520 -535.709841355688 2472 17451.154489
0.96446195 1.87843206  90.03936181 -535.776992474654 2473  2713.187137
0.96446195 1.81517009  85.45961496 -535.778185053636 2474  2451.446300
1.07754552 1.68888476 111.97914349 -535.774192415661 2475  3327.729063
0.93344865 2.01052465 103.00000000 -535.763702838708 2476  5629.925141
0.96446195 1.53601932  88.58016257 -535.761966869027 2477  6010.926454
0.87030010 1.68888476 109.48777649 -535.780339924060 2478  1978.506899
1.07030822 1.72549119 103.00000000 -535.777254234515 2479  2655.737487
0.87838159 1.62466075 103.00000000 -535.781496150185 2480  1724.744592
0.96446195 1.57348067  79.18256104 -535.753400956854 2481  7890.926905
0.79055527 1.68888476  91.19690217 -535.745546332327 2482  9614.817759
1.00981251 1.68888476  93.75134251 -535.783383140627 2483  1310.598052
0.96446195 1.86417389  95.94948581 -535.779663970918 2484  2126.861468
1.43961231 1.79426042 103.00000000 -535.687750984978 2485 22299.430546
0.71079666 1.63632097 103.00000000 -535.680184557560 2486 23960.069445
0.96446195 1.71311009 117.90981154 -535.782097503838 2487  1592.762718
1.42580202 1.68888476 112.44044837 -535.691552754934 2488 21465.038471
1.07503483 2.04029921 103.00000000 -535.749831193207 2489  8674.399479
0.96446195 1.77950396 127.81512502 -535.767101488987 2490  4884.007610
1.06929095 1.62488030 103.00000000 -535.775988483159 2491  2933.537804
1.08395025 1.48250775 103.00000000 -535.745651861333 2492  9591.656819
0.84595900 1.94857979 103.00000000 -535.755441710706 2493  7443.033197
0.69428534 1.51511273 103.00000000 -535.643239320906 2494 32068.611789
0.96446195 1.72108496  99.58487088 -535.788444020753 2495   199.863232
0.96446195 1.80711507 124.04118440 -535.769338589857 2496  4393.020712
0.88074000 1.68888476  77.51038728 -535.760272767041 2497  6382.738869
0.96446195 1.81967267 108.97705413 -535.780882912207 2498  1859.334773
0.97968284 1.68888476  64.51666924 -535.735639404120 2499 11789.137215
0.84345061 1.68888476  59.15113964 -535.698022070413 2500 20045.187815
1.34057799 1.68888476 113.35669122 -535.712663472258 2501 16831.771483
0.96446195 1.68492681 125.29683009 -535.775909335604 2502  2950.908685
0.94490586 1.84532093 103.00000000 -535.780927804263 2503  1849.482106
0.99710915 1.68888476 113.12783254 -535.784350343461 2504  1098.321563
0.96446195 1.71877198 128.82095877 -535.770113456556 2505  4222.957126
0.68910470 1.89472567 103.00000000 -535.636174156237 2506 33619.236229
1.35842899 1.79603111 103.00000000 -535.707855152294 2507 17887.075754
0.84756893 2.01047779 103.00000000 -535.749149165803 2508  8824.087195
0.85853236 1.95137558 103.00000000 -535.758871301646 2509  6690.324976
1.07538337 1.68888476 109.63418827 -535.775621499142 2510  3014.081487
1.09537676 1.69633052 103.00000000 -535.773310466764 2511  3521.294476
1.21603243 1.68888476  90.08769394 -535.742064662094 2512 10378.956064
0.90434404 1.91472975 103.00000000 -535.771555487251 2513  3906.467965
0.96446195 1.45470390  91.77225149 -535.737818478828 2514 11310.885588
0.99736405 1.68888476  99.25041417 -535.786807548100 2515   559.027471
0.96446195 1.81200248 116.58330851 -535.776397871635 2516  2843.687418
0.96446195 1.60581151 109.93103153 -535.785736581536 2517   794.077467
0.91520422 1.76511090 103.00000000 -535.785451399317 2518   856.667731
0.96446195 1.67656657 125.37334577 -535.776064844362 2519  2916.778457
0.86021947 1.76035853 103.00000000 -535.776613126745 2520  2796.444381
0.96446195 2.06326401 117.16806419 -535.750196754538 2521  8594.168040
0.96446195 1.47473111 106.13228977 -535.760070021858 2522  6427.236294
0.96446195 1.68310914 146.00764680 -535.745850201971 2523  9548.126079
1.13418866 1.68397428 103.00000000 -535.765537103003 2524  5227.350653
0.75263968 1.68888476 105.28927932 -535.723473025867 2525 14459.348646
0.85199381 1.42609500 103.00000000 -535.726329768893 2526 13832.366012
0.96446195 1.64281739 105.08095490 -535.788386596403 2527   212.466420
1.01517594 1.73580803 103.00000000 -535.784591312762 2528  1045.434914
0.96446195 1.79767753  98.38383370 -535.784874406434 2529   983.303033
1.10781707 1.68888476  81.17609126 -535.756064970503 2530  7306.243480
0.98601212 1.68888476  60.45685441 -535.722653846405 2531 14639.137760
0.96722674 1.52519604 103.00000000 -535.773318565712 2532  3519.516962
1.00049905 1.68888476 116.12733162 -535.782119939707 2533  1587.838614
0.73164785 1.68888476 105.32716998 -535.703913703383 2534 18752.123817
0.96446195 1.80742151 109.26794293 -535.781761680304 2535  1666.467466
0.70146602 1.88425461 103.00000000 -535.654590573642 2536 29577.299734
1.33296931 1.68888476 120.81364847 -535.709063234290 2537 17621.932399
0.96446195 1.85279745 119.91336436 -535.769481110026 2538  4361.741150
0.96446195 1.56142860  71.30429772 -535.729532249628 2539 13129.502720
0.81741047 1.68888476  75.84494148 -535.737195407203 2540 11447.634006
0.96446195 1.98469786 120.28203894 -535.755438384669 2541  7443.763178
0.93273536 1.70971475 103.00000000 -535.788763194018 2542   129.812796
0.82492968 1.68888476  57.40886525 -535.683790227918 2543 23168.716258
0.96446195 1.63245787 102.05290380 -535.787640346220 2544   376.249407
1.18383877 1.78144680 103.00000000 -535.751634610122 2545  8278.595210
1.00139031 1.68888476 100.57532540 -535.786719624210 2546   578.324535
0.96446195 1.84332838 115.06442815 -535.774762082197 2547  3202.701708
1.13885929 1.45793009 103.00000000 -535.723162138497 2548 14527.580538
1.02284717 1.68888476 126.72085855 -535.769538241251 2549  4349.202295
1.12565173 1.68888476 137.60331481 -535.736997372972 2550 11491.097496
0.84606889 1.68888476  94.03081616 -535.772214954055 2551  3761.731728
1.04615210 1.89833265 103.00000000 -535.768844336486 2552  4501.496790
1.36575140 1.70551991 103.00000000 -535.709321227701 2553 17565.309389
0.96446195 1.84669910  84.80335482 -535.776072429181 2554  2915.113782
0.95392093 1.68888476 132.32762171 -535.767124351288 2555  4878.989915
0.96446195 1.61711752 120.67313834 -535.780438813378 2556  1956.803202
0.96446195 1.66710503 142.61174491 -535.752190792967 2557  8156.527182
1.03417786 1.77907257 103.00000000 -535.780207490311 2558  2007.572748
1.27305364 1.66459904 103.00000000 -535.732401886118 2559 12499.690298
0.89110223 1.70801486 103.00000000 -535.784981892702 2560   959.712524
0.80062055 1.68888476  80.87269027 -535.738403747835 2561 11182.433886
1.02229874 1.73505163 103.00000000 -535.783822377869 2562  1214.196619
1.11437647 1.58323618 103.00000000 -535.763554583645 2563  5662.463367
1.19857274 1.88942292 103.00000000 -535.739839757432 2564 10867.266203
0.96446195 1.85500061 107.12777144 -535.778578271855 2565  2365.144874
0.96446195 1.78135198 102.74494164 -535.785792521214 2566   781.800127
0.92506121 1.65991874 103.00000000 -535.788436104713 2567   201.600602
1.09982466 1.68888476  74.38332874 -535.746494979540 2568  9406.613758
0.95912798 1.65829881 103.00000000 -535.788950307419 2569    88.746151
0.96446195 1.66530680 125.99387396 -535.775607503713 2570  3017.153129
0.93896650 1.54893387 103.00000000 -535.778529696615 2571  2375.805907
0.79828449 1.59867304 103.00000000 -535.751651894141 2572  8274.801806
0.91541315 1.40227383 103.00000000 -535.722552697886 2573 14661.337294
1.06497035 1.68888476  94.10153047 -535.776267829493 2574  2872.228369
0.96446195 1.69232317  72.94635452 -535.757923230400 2575  6898.402567
1.06325742 1.96273041 103.00000000 -535.759828250346 2576  6480.299009
0.96446195 1.60150654 105.22772653 -535.785812842412 2577   777.340139
0.96446195 2.05071636 117.84292083 -535.750894382986 2578  8441.056290
1.24605549 1.68888476 115.61109050 -535.734969580750 2579 11936.146455
0.96647664 1.53100496 103.00000000 -535.774657553533 2580  3225.643099
0.96446195 1.62339392  62.50196068 -535.716411560628 2581 16009.161155
0.96446195 1.74269607 123.56743550 -535.774954979859 2582  3160.365564
0.94316985 1.68888476  92.10027520 -535.785341490793 2583   880.789864
1.03159423 1.67264999 103.00000000 -535.783492393082 2584  1286.619910
0.85488350 1.68888476  93.14305997 -535.774232246253 2585  3318.987259
0.97516976 1.68888476 122.74876472 -535.778092776675 2586  2471.698752
1.19738190 1.68888476  83.48554433 -535.740050523639 2587 10821.008367
0.93486317 1.50031958 103.00000000 -535.767109773892 2588  4882.189283
0.96446195 1.76957072 123.23898632 -535.773394157679 2589  3502.926443
0.96446195 1.49998117 119.68799842 -535.765956361952 2590  5135.333948
0.96446195 1.71319629  83.64888532 -535.777490766279 2591  2603.824764
0.96446195 1.79853341  75.87790045 -535.767534874007 2592  4788.890591
0.96446195 1.71949542  80.93395770 -535.774031129945 2593  3363.127187
0.96446195 1.83088140  58.48581062 -535.731620105348 2594 12671.271348
0.94517198 1.63771244 103.00000000 -535.788288505872 2595   233.994804
1.01035393 1.68888476 112.65572844 -535.783369649108 2596  1313.559099
1.40189484 1.62826264 103.00000000 -535.695966752919 2597 20496.277873
0.96446195 1.86763045  89.42080913 -535.777545526979 2598  2591.806179
1.00676208 1.68888476 129.37760925 -535.768003640114 2599  4686.008320
0.96446195 1.55305747  93.30566181 -535.772178714263 2600  3769.685444
0.96446195 1.77967558 137.90457401 -535.752352023947 2601  8121.141072
0.96446195 2.02530058  88.87547878 -535.763324595848 2602  5712.939854
0.96446195 1.70060609 118.01505236 -535.782508904635 2603  1502.470678
0.96446195 1.59445225 144.61339566 -535.749571528169 2604  8731.389369
0.89019728 1.68888476 116.53594893 -535.780113064626 2605  2028.296791
1.02852060 1.72491923 103.00000000 -535.783405651906 2606  1305.657398
0.97642344 2.12748712 103.00000000 -535.751531859671 2607  8301.146327
0.71942060 1.68888476 106.57505446 -535.690584675091 2608 21677.507442
0.96446195 1.87161825 134.55727827 -535.749006126081 2609  8855.480786
0.97943405 1.68888476 128.28266982 -535.771556870590 2610  3906.164357
1.08697920 1.68888476 128.49620523 -535.757502910051 2611  6990.652222
0.96446195 2.05425172  90.00177593 -535.760701075277 2612  6288.736075
1.01674206 1.68888476 112.46448493 -535.782787069460 2613  1441.420555
0.96446195 1.55968916 113.75164747 -535.779858491626 2614  2084.169107
0.97627840 1.68888476 111.03170369 -535.786840517117 2615   551.791608
0.79809770 2.01120242 103.00000000 -535.727700769959 2616 13531.466053
0.96446195 1.79512913 101.15824046 -535.785055368939 2617   943.586353
0.96446195 1.53636281 141.69069442 -535.749491562870 2618  8748.939724
0.94449436 1.93091039 103.00000000 -535.772575534295 2619  3682.593512
1.11592230 1.54500958 103.00000000 -535.756985518233 2620  7104.206603
1.02043844 1.75121647 103.00000000 -535.783369144387 2621  1313.669872
1.18410704 1.68888476  89.61765004 -535.749195005171 2622  8814.026617
0.93319431 1.68888476 117.92578256 -535.782911931488 2623  1414.016506
0.98032908 1.68888476  79.64591553 -535.770005801975 2624  4246.584576
1.04394915 1.68888476 110.94268889 -535.780059368434 2625  2040.081743
1.18968787 1.68325570 103.00000000 -535.753099465058 2626  7957.096707
1.15317255 1.68888476  74.53497178 -535.736725303140 2627 11550.809923
0.96319421 1.56059083 103.00000000 -535.780365077474 2628  1972.986363
0.87667291 1.76422950 103.00000000 -535.780141925668 2629  2021.962524
0.96446195 1.68154343  88.74472405 -535.782125921174 2630  1586.525834
0.98174324 2.09650623 103.00000000 -535.754452193097 2631  7660.207213
0.96446195 1.63066048 125.32568030 -535.776375263935 2632  2848.649234
0.96446195 1.70557168  65.80814296 -535.741599170034 2633 10481.119764
1.14769214 1.68888476  72.89146168 -535.734898888549 2634 11951.661600
0.92140432 1.68888476 102.24265764 -535.788428641740 2635   203.238535
1.02556826 1.68888476 115.59033174 -535.779827263171 2636  2091.022961
0.95327661 1.68888476 123.77443299 -535.777675317796 2637  2563.320387
1.19752129 1.67069104 103.00000000 -535.751086489619 2638  8398.893757
0.96446195 1.91844103 107.31046007 -535.772158699780 2639  3774.078115
1.00447639 1.68888476  88.83971390 -535.780127178431 2640  2025.199168
1.50591122 1.72228127 103.00000000 -535.673960648761 2641 25326.059559
1.03501285 1.68888476  72.67451393 -535.752445941278 2642  8100.528600
1.37307429 1.68888476  88.94113590 -535.701836467280 2643 19208.024453
1.21921077 1.67810273 103.00000000 -535.746006596843 2644  9513.801372
0.96446195 1.72755482  83.47899843 -535.777606698078 2645  2578.380675
1.12108523 1.49802330 103.00000000 -535.743019404344 2646 10169.414357
0.79917827 1.68888476 121.68116365 -535.746248896879 2647  9460.622660
0.96446195 1.71906202  82.60489858 -535.776313633343 2648  2862.175586
0.96446195 1.60934291 108.70604081 -535.786242585740 2649   683.022379
0.96446195 1.53014843 103.99690813 -535.774922328862 2650  3167.531630
0.96446195 1.70403465 122.53073058 -535.778179831766 2651  2452.592368
1.36560887 1.73603773 103.00000000 -535.708832974986 2652 17672.468476
0.93115658 1.94383492 103.00000000 -535.770752038223 2653  4082.804647
1.11887191 1.68888476 104.93100989 -535.768603534353 2654  4554.346751
0.96446195 1.96574379 117.25920138 -535.760238517605 2655  6390.255752
0.96446195 1.82988144 115.77904668 -535.775450686330 2656  3051.570567
0.96446195 1.68897296 117.08242887 -535.783608992843 2657  1261.029220
1.11551927 1.68888476  95.76842033 -535.767886472751 2658  4711.723584
1.07096888 1.69376197 103.00000000 -535.777678871706 2659  2562.540394
0.94588371 2.07854971 103.00000000 -535.756855854647 2660  7132.664471
0.97167017 1.68888476 131.13534361 -535.768249042510 2661  4632.148719
1.21465219 1.68888476 118.50699847 -535.740409821551 2662 10742.151589
0.93499171 1.68888476 133.33061556 -535.765567030489 2663  5220.782329
1.11971750 1.68888476  93.41696698 -535.765841862081 2664  5160.463766
0.94237899 1.68888476 102.47775987 -535.789280503298 2665    16.276530
0.96446195 1.53562755  69.58196697 -535.715526450692 2666 16203.420335
0.77498423 1.76996633 103.00000000 -535.737266688193 2667 11431.989636
0.98880136 1.68888476 121.20725807 -535.778788932980 2668  2318.910101
1.14472410 1.90791563 103.00000000 -535.750133445285 2669  8608.062815
1.19327599 1.68888476  87.70666066 -535.745425175388 2670  9641.408634
0.87684058 1.83875920 103.00000000 -535.774567650675 2671  3245.374496
1.34477260 1.68888476  85.35653762 -535.705863736441 2672 18324.141023
0.96446195 1.90291766  93.95378052 -535.776013994739 2673  2927.938659
0.87763967 1.68888476  87.95201466 -535.775078563898 2674  3133.242002
1.20241703 1.68888476 104.97663275 -535.749980273716 2675  8641.680089
0.96446195 1.81675940 147.54239014 -535.732173879149 2676 12549.732044
0.98652520 1.68888476 103.23420719 -535.788076125579 2677   280.606891
0.96446195 1.78082906  79.61505452 -535.772923732278 2678  3606.172886
0.96446195 1.74219430 120.62012036 -535.778065076254 2679  2477.778292
1.01607572 1.68888476 143.01072308 -535.746563235692 2680  9391.633264
0.96446195 1.62871961 103.51542851 -535.787650758503 2681   373.964175
1.24983844 1.85088733 103.00000000 -535.730939902406 2682 12820.558640
1.25068607 1.73019776 103.00000000 -535.737858447728 2683 11302.113428
0.96446195 1.98200506  85.13940606 -535.766052048405 2684  5114.333199
0.96446195 1.81555383 111.55056974 -535.779791130363 2685  2098.953195
0.96446195 1.71215237  69.35719183 -535.751482388525 2686  8312.003989
0.88925459 1.82358806 103.00000000 -535.778124036698 2687  2464.837970
0.96446195 1.80369885 131.03542800 -535.760650400886 2688  6299.857819
0.96446195 1.61304655 106.85459640 -535.786725341450 2689   577.069745
1.05770549 1.66494307 103.00000000 -535.779605979483 2690  2139.589117
0.94511761 1.89866075 103.00000000 -535.775884027775 2691  2956.463111
1.09607060 1.68888476 111.34736839 -535.771134583708 2692  3998.845616
0.87974565 1.68888476  92.91708328 -535.779824960443 2693  2091.528351
1.03696781 1.86089997 103.00000000 -535.773581003878 2694  3461.918442
0.99209886 1.72401822 103.00000000 -535.787093543049 2695   496.258834
0.77264823 1.71386024 103.00000000 -535.738462777455 2696 11169.478382
0.96446195 1.55257385 113.30549491 -535.779004121172 2697  2271.681751
0.95482203 1.68888476  97.76307978 -535.788413988308 2698   206.454592
0.96446195 1.72443354 129.26172749 -535.769207048902 2699  4421.890615
1.15081424 1.68888476  80.95570627 -535.747166050445 2700  9259.330715
1.13885786 1.59889071 103.00000000 -535.760219450386 2701  6394.440523
1.01536137 1.68888476  82.14339056 -535.771205933913 2702  3983.186056
0.97067090 1.54968566 103.00000000 -535.778219960408 2703  2443.785149
0.96446195 2.12356343  85.41839242 -535.753033531148 2704  7971.567527
0.96446195 1.76097255 108.01690591 -535.785659448248 2705   811.006267
0.91074594 2.15838245 103.00000000 -535.746551932930 2706  9394.113933
0.96446195 1.96460357  89.80227258 -535.769396288999 2707  4380.357214
1.15621431 1.68888476 112.00045894 -535.758366030104 2708  6801.219263
1.17157109 1.68888476 100.32581506 -535.757140805144 2709  7070.125065
0.96446195 1.96003073 109.20973479 -535.766724966275 2710  4966.644795
1.03720481 1.68888476 106.45698866 -535.782487425700 2711  1507.184759
1.12082166 1.68888476 131.73004177 -535.746666703494 2712  9368.924705
1.07151823 1.68888476 116.81302300 -535.772155778604 2713  3774.719239
0.93997842 1.46243827 103.00000000 -535.754215369282 2714  7712.184034
0.96727704 1.68888476 107.60811506 -535.788459483107 2715   196.469637
1.27095340 1.58835318 103.00000000 -535.726595350503 2716 13774.077585
1.26726137 1.50474271 103.00000000 -535.710456572182 2717 17316.130073
0.97136730 1.69167377 103.00000000 -535.788888182834 2718   102.380921
1.02265994 1.68738545 103.00000000 -535.784693009925 2719  1023.114966
0.90597806 1.72757044 103.00000000 -535.786330687728 2720   663.686227
1.29890613 1.68888476  94.43393424 -535.724286356176 2721 14280.843273
0.96446195 2.02070144 119.70376589 -535.752282393809 2722  8136.423121
0.96446195 1.92307453 127.02887580 -535.754292993503 2723  7695.147486
1.03266585 1.47623876 103.00000000 -535.752511512630 2724  8086.137351
0.98414845 2.11250064 103.00000000 -535.752697614257 2725  8045.292765
0.90846194 1.82312899 103.00000000 -535.780696318679 2726  1900.287320
0.84343658 1.68888476  79.71015523 -535.754697576450 2727  7606.351791
0.92621603 1.78202779 103.00000000 -535.785181999168 2728   915.794230
1.04000735 1.65461038 103.00000000 -535.781959924079 2729  1622.957985
0.94691390 1.68888476  87.62438954 -535.781399745043 2730  1745.903075
0.75786127 1.68888476  82.87953661 -535.713105904782 2731 16734.668766
0.96446195 1.47319932 106.20318913 -535.759549838604 2732  6541.403324
0.96446195 2.04699811  92.24486814 -535.761690864882 2733  6071.502363
1.07470788 1.53467206 103.00000000 -535.762828998879 2734  5821.710819
1.04318243 1.68026202 103.00000000 -535.781993864146 2735  1615.509002
0.96446195 1.70665305  74.29842423 -535.761952405498 2736  6014.100831
0.69936740 1.86608102 103.00000000 -535.653702700828 2737 29772.165296
0.94174007 1.68888476  63.08564651 -535.730488839870 2738 12919.555426
1.15683888 1.68888476  93.59447023 -535.758075126668 2739  6865.065189
0.80487194 1.68888476  94.84817685 -535.755977963559 2740  7325.339298
1.39572381 1.68888476  88.97217623 -535.696004330913 2741 20488.030456
0.96446195 1.79012373 106.36189452 -535.784328331021 2742  1103.152735
0.96022601 1.68888476  67.25852232 -535.743539394289 2743 10055.289753
0.96446195 1.54268451  75.73616375 -535.736652183459 2744 11566.857839
1.00849721 1.68888476 127.60880215 -535.770055857694 2745  4235.598615
0.96446195 1.98300461 123.60084698 -535.752190955604 2746  8156.491488
1.45626246 1.78657058 103.00000000 -535.684102953369 2747 23100.080953
0.96446195 1.96579934  94.23084641 -535.770033712384 2748  4240.458949
1.08037716 1.68888476  74.76205314 -535.750411162880 2749  8547.110847
0.93871125 1.68888476 120.69370725 -535.780666038551 2750  1906.933040
0.96446195 1.68955214 105.61393407 -535.788954145885 2751    87.903705
1.13939518 1.68733424 103.00000000 -535.764441359455 2752  5467.838569
0.87627810 1.68888476  71.48291368 -535.746187677185 2753  9474.058830
1.09332919 1.90468305 103.00000000 -535.760611931860 2754  6308.300794
0.96911792 1.61949176 103.00000000 -535.786825259587 2755   555.140249
0.82641159 1.68888476 101.61780215 -535.768021624278 2756  4682.061252
0.76950934 1.83234394 103.00000000 -535.728366332072 2757 13385.392051
1.10387384 1.68888476 101.23301892 -535.771631350433 2758  3889.817921
1.50510886 1.68888476 102.00286348 -535.672490900231 2759 25648.632082
1.17243041 1.51213470 103.00000000 -535.733767726306 2760 12199.923021
1.12013433 1.68888476  65.11573706 -535.723646133589 2761 14421.355892
1.02888726 1.86334967 103.00000000 -535.774374359476 2762  3287.797011
0.96446195 1.60331560 119.33608275 -535.780836194542 2763  1869.588116
0.93393520 1.68888476 105.46329382 -535.788931342938 2764    92.908373
1.04336812 1.68888476 106.72471056 -535.781573263185 2765  1707.820244
1.08441409 1.68888476 112.70162296 -535.772589603985 2766  3679.505572
0.97065214 1.68888476 139.47027281 -535.756015271046 2767  7317.151250
1.03749785 1.58208620 103.00000000 -535.776813596107 2768  2752.446441
0.96446195 1.78156807  66.64786601 -535.749751620483 2769  8691.863674
0.96446195 1.61275038  90.39618367 -535.778554076265 2770  2370.455193
0.84694522 1.81194650 103.00000000 -535.769214828517 2771  4420.183187
1.12495839 1.68888476 119.66684980 -535.759665987808 2772  6515.911520
0.96446195 1.89628457  82.07746371 -535.770856800661 2773  4059.811949
0.96446195 1.82457319  69.17641056 -535.756131357880 2774  7291.673135
0.90109352 1.86271801 103.00000000 -535.776328030259 2775  2859.015828
0.92929929 1.77785922 103.00000000 -535.785613904317 2776   821.002005
0.87485489 1.62219506 103.00000000 -535.780660519089 2777  1908.144422
1.12230376 1.68888476 116.82021688 -535.762561326664 2778  5880.458080
0.96446195 1.58448047 107.22510931 -535.784164350914 2779  1139.142210
1.29109677 1.68888476  82.67299952 -535.716510290984 2780 15987.492346
0.92027400 1.68888476  76.71691908 -535.764012952304 2781  5561.863072
0.96446195 1.53689144 110.05898964 -535.777050368090 2782  2700.480996
0.83356861 1.68888476 127.78553713 -535.754949666256 2783  7551.024473
1.03724536 1.68888476 133.93975619 -535.758119160510 2784  6855.400877
0.96446195 1.44144316  90.88648966 -535.729726844489 2785 13086.794084
0.96446195 1.55888169  83.45372802 -535.758797612792 2786  6706.497810
0.96446195 1.88437792 120.97290897 -535.765215900082 2787  5297.846547
1.40699571 1.74881135 103.00000000 -535.698022544904 2788 20045.083676
1.11095595 1.68888476 100.58724189 -535.770168655744 2789  4210.842304
1.00469458 2.10564747 103.00000000 -535.752001608775 2790  8198.048314
1.14389312 1.62726960 103.00000000 -535.761529831719 2791  6106.845057
0.90671681 1.68888476  90.39136208 -535.781791642153 2792  1659.891600
0.81515367 2.06834225 103.00000000 -535.730148755061 2793 12994.195415
0.94284108 1.84324207 103.00000000 -535.781072763581 2794  1817.667212
0.84297861 1.68888476  75.99014433 -535.747447885786 2795  9197.475007
1.08354908 1.68888476  82.48738871 -535.762212520875 2796  5957.012104
1.04227140 1.68888476 110.46425553 -535.780509936375 2797  1941.193508
1.33266734 1.65563435 103.00000000 -535.716843823821 2798 15914.290348
0.96446195 1.85490990 121.55825722 -535.767573050268 2799  4780.511870
0.96446195 1.89991301  79.31183765 -535.768166293392 2800  4650.310051
0.98629636 1.86312484 103.00000000 -535.778325218939 2801  2420.683571
0.96446195 1.65196198 111.26944549 -535.787274522563 2802   456.538421
0.76007599 1.58645038 103.00000000 -535.725320273353 2803 14053.924678
1.45962492 1.68888476 107.89199102 -535.684609526005 2804 22988.901109
0.77848603 1.68888476  82.02075596 -535.726986988110 2805 13688.123064
0.96446195 1.75432847  97.34454466 -535.786990673510 2806   518.836088
0.96446195 1.52334922 117.06704525 -535.772469224221 2807  3705.925876
0.96446195 2.02393740 110.16619793 -535.759278405788 2808  6600.975943
1.23746298 1.72890763 103.00000000 -535.741143604560 2809 10581.104830
0.99031340 1.49881634 103.00000000 -535.764957310396 2810  5354.600424
0.76627851 1.53758131 103.00000000 -535.722674473455 2811 14634.610646
1.11066133 1.68888476 104.75645853 -535.770273144420 2812  4187.909690
1.03356114 1.68888476 123.08881782 -535.772251645987 2813  3753.678780
0.87466071 1.67088676 103.00000000 -535.782344806417 2814  1538.486075
0.86382871 1.68888476  59.90174190 -535.707206499517 2815 18029.438586
1.07395519 1.72376010 103.00000000 -535.776687115826 2816  2780.205654
0.95672846 1.68888476  99.85713991 -535.788967949255 2817    84.874215
0.75074350 1.68888476  94.57953605 -535.719288681351 2818 15377.706133
1.07280415 1.68888476 134.98661102 -535.751065677920 2819  8403.461397
1.11661381 1.63276254 103.00000000 -535.767625343610 2820  4769.034807
0.86417569 1.68888476  78.78089704 -535.759003697778 2821  6661.267383
1.12984907 1.68888476 102.16271266 -535.766454970170 2822  5025.902092
0.85190537 1.84657906 103.00000000 -535.767707045430 2823  4751.103330
0.97889994 1.66125905 103.00000000 -535.788273823690 2824   237.217170
0.96446195 2.08841124  85.19420653 -535.756249575794 2825  7265.727301
1.36867875 1.68888476 100.06512510 -535.708306971935 2826 17787.912803
1.05886613 1.68888476 116.88698588 -535.774177089449 2827  3331.092778
1.07067280 2.23340165 103.00000000 -535.731753366298 2828 12642.023949
1.12035697 1.68888476 138.55360317 -535.736585833647 2829 11581.419940
1.05701968 1.68888476  79.16015136 -535.761555892700 2830  6101.125333
0.96446195 1.88349063 135.68986545 -535.746112983327 2831  9490.452237
0.96446195 2.20103481  98.02331488 -535.746042338488 2832  9505.956987
0.96446195 1.58489352  97.51730382 -535.781252581152 2833  1778.201816
0.96446195 1.60676990 112.80595432 -535.784865531165 2834   985.250930
0.96446195 1.62505402  88.16948632 -535.777355563021 2835  2633.498450
0.96446195 1.69162122  94.16830822 -535.786624829092 2836   599.129659
1.03008168 2.01714598 103.00000000 -535.758664655564 2837  6735.678549
1.47536870 1.69635005 103.00000000 -535.681292110342 2838 23716.989702
0.97459378 1.59855021 103.00000000 -535.784805021812 2839   998.531198
0.96446195 1.50669661  89.86901997 -535.755398330070 2840  7452.554146
0.96446195 1.72543984  86.00095123 -535.780428989409 2841  1958.959314
1.17578122 1.68888476 108.16241459 -535.755518719201 2842  7426.131786
0.96446195 2.00076067  95.51924232 -535.766507248233 2843  5014.428383
0.96446195 2.11705297 119.64900912 -535.743018033390 2844 10169.715246
0.77558451 1.52788730 103.00000000 -535.727237839417 2845 13633.067565
0.90693426 1.68888476  70.80200327 -535.749565503728 2846  8732.711581
0.93420461 1.96803424 103.00000000 -535.768317054247 2847  4617.221868
1.18599234 1.68888476  88.56169923 -535.747875420481 2848  9103.641985
1.02094205 2.23952770 103.00000000 -535.737810415932 2849 11312.655189
1.11895928 1.68888476 109.45227487 -535.767450132103 2850  4807.489289
0.99594301 2.15305333 103.00000000 -535.747947404526 2851  9087.843313
0.89268371 1.68888476 133.83980464 -535.761385136550 2852  6138.601977
0.96446195 1.84305256 107.51475968 -535.779511040049 2853  2160.425915
1.26174438 1.68888476  86.76963705 -535.728091330569 2854 13445.747906
1.22856621 1.68888476 103.97135618 -535.743777223678 2855 10003.092235
0.82259337 1.66232286 103.00000000 -535.766494686714 2856  5017.185317
1.30376103 1.68888476 107.06101086 -535.724537431157 2857 14225.738683
0.96446195 1.79276332  83.52697406 -535.777234427817 2858  2660.084555
0.87739189 1.68888476 118.72840925 -535.776209293769 2859  2885.075476
0.91678623 1.84001064 103.00000000 -535.780034231185 2860  2045.598731
0.97801891 1.59218320 103.00000000 -535.783960052639 2861  1183.980499
1.00161470 1.69597343 103.00000000 -535.786851942966 2862   549.283924
0.88755883 1.68888476 129.01295212 -535.767102119242 2863  4883.869285
0.99986936 1.68888476 129.69780735 -535.768239847891 2864  4634.166704
0.99509817 1.68888476 100.17259623 -535.787184887312 2865   476.211085
1.18059827 1.68888476 117.41735950 -535.749317991724 2866  8787.034188
1.15279327 1.68888476  87.63276637 -535.754465092554 2867  7657.376110
0.95425022 1.68888476 112.85660202 -535.786603792283 2868   603.746705
0.96446195 1.63768356  96.21693572 -535.785696865813 2869   802.794061
0.96446195 1.87099651  67.14424388 -535.752265598830 2870  8140.109193
1.02490015 1.68888476  92.49648331 -535.780936185195 2871  1847.642704
0.91124580 2.03098685 103.00000000 -535.759838056147 2872  6478.146884
1.25529517 1.67551007 103.00000000 -535.737096141936 2873 11469.420214
0.76543747 1.68888476 100.58863205 -535.733498993615 2874 12258.903030
0.96446195 2.04514818 120.32871735 -535.749248310282 2875  8802.327497
0.96446195 1.87113104 130.16990278 -535.755405642181 2876  7450.949323
0.96446195 1.78666594  95.31063712 -535.784973122870 2877   961.637279
0.96446195 1.59210600 144.84250017 -535.749149090714 2878  8824.103675
0.83976946 1.87247716 103.00000000 -535.761349113649 2879  6146.508090
0.76675000 1.68888476  66.94119434 -535.684521107791 2880 23008.306664
0.87238772 1.68888476 137.77559751 -535.752111215712 2881  8173.992371
0.85520389 1.68888476  68.20165840 -535.732203961815 2882 12543.129662
1.08550027 1.87045588 103.00000000 -535.765224052954 2883  5296.057199
0.96446195 1.71174714 111.70067384 -535.786375789458 2884   653.787541
0.96446195 1.74379475  91.62528484 -535.784954382389 2885   965.750340
1.20915250 1.68888476 120.96452947 -535.739544201158 2886 10932.133309
0.81261257 1.68888476  89.59251454 -535.755754803524 2887  7374.317265
0.86406648 1.68888476 105.76379093 -535.779854260292 2888  2085.097777
0.96446195 1.61450277 148.82872238 -535.743318079891 2889 10103.862650
0.96446195 2.05574881  85.62376487 -535.759459931408 2890  6561.135673
1.12156044 1.68888476 116.59925374 -535.762879932680 2891  5810.532141
0.96446195 1.54033745 121.58595288 -535.772678925063 2892  3659.901861
0.96446195 1.52426393 135.39196279 -535.756110751531 2893  7296.195706
0.96446195 1.74480631 140.56539442 -535.750859033878 2894  8448.814523
0.96446195 1.86599177 116.77929995 -535.771107338549 2895  4004.825238
0.96446195 1.52059054 129.84888755 -535.761900068769 2896  6025.587416
1.22493945 1.63810023 103.00000000 -535.743267584952 2897 10114.945008
0.96446195 1.52652812 105.35263770 -535.774538234653 2898  3251.830566
0.96446195 1.77379548 102.94780774 -535.786231379209 2899   685.481928
0.96960702 1.68888476  95.77772522 -535.787263833002 2900   458.884508
1.22418487 1.72087152 103.00000000 -535.744574740581 2901  9828.057503
0.86798012 1.68888476 115.93845699 -535.776394061229 2902  2844.523705
0.87502314 1.86577703 103.00000000 -535.771691628332 2903  3876.588451
0.92133715 1.93436674 103.00000000 -535.771140030988 2904  3997.650077
1.18502034 1.68888476 123.25440441 -535.742940768370 2905 10186.672958
0.98085246 1.68888476 122.83715352 -535.777691136011 2906  2559.848690
0.89874117 1.89582645 103.00000000 -535.772779845646 2907  3637.752352
0.67180133 1.85122098 103.00000000 -535.613555387546 2908 38583.482241
0.96446195 1.81763801 130.27567736 -535.760435243636 2909  6347.079378
1.01671175 1.93482371 103.00000000 -535.768785458505 2910  4514.419014
0.98584484 1.84707058 103.00000000 -535.779789618583 2911  2099.284993
1.27219162 1.62236045 103.00000000 -535.730314839268 2912 12957.744145
0.96446195 1.63224845 132.36841777 -535.767951659167 2913  4697.416820
0.86820208 1.68888476  83.76500024 -535.767939441017 2914  4700.098394
1.02129787 1.83928120 103.00000000 -535.777358579667 2915  2632.836373
0.96446195 1.68387036  80.90297008 -535.772222663627 2916  3760.039673
0.94065473 1.68888476  92.06321299 -535.785265310421 2917   897.509523
1.00127265 1.89871780 103.00000000 -535.773859720682 2918  3400.747173
0.75598297 1.69491812 103.00000000 -535.726241038520 2919 13851.840078
0.96446195 1.71535099 142.01517080 -535.750582679143 2920  8509.467378
0.90287608 1.68888476  77.43607734 -535.763621260790 2921  5647.829425
1.20446950 1.68888476  82.75342789 -535.737537012250 2922 11372.660363
0.96959117 1.68888476  71.86117621 -535.755079842441 2923  7522.454102
1.09826226 1.68888476  78.53177583 -535.753877201530 2924  7786.403278
0.99936573 2.00835071 103.00000000 -535.762626116305 2925  5866.238398
0.78808432 1.83700058 103.00000000 -535.740394332709 2926 10745.550997
0.96446195 2.03593979  99.26711853 -535.762397200387 2927  5916.479635
1.16654197 1.76175885 103.00000000 -535.756621387048 2928  7184.124162
1.21118350 1.68888476  89.41401572 -535.742691314625 2929 10241.421728
0.96446195 1.52081161  95.01557515 -535.766364042816 2930  5045.858339
1.14304843 1.60327537 103.00000000 -535.759752374719 2931  6496.951784
0.96446195 1.51255057  84.99240119 -535.748685338551 2932  8925.885512
1.00337205 1.68888476 109.04534774 -535.785670712035 2933   808.534152
0.73999588 1.66344806 103.00000000 -535.712261531198 2934 16919.987351
0.93375333 1.68888476 104.27536889 -535.789043189620 2935    68.360863
1.01185935 1.68888476 103.86498015 -535.785873049657 2936   764.126176
0.86573770 1.68888476 136.00257807 -535.753316028218 2937  7909.566586
0.76194494 1.68888476 115.11816956 -535.727274869552 2938 13624.940390
0.87464887 1.68888476 125.59283801 -535.768896143956 2939  4490.126365
1.08392023 1.89493029 103.00000000 -535.763222299659 2940  5735.391273
0.96446195 1.48633704 117.85872672 -535.763244213809 2941  5730.581673
1.34200501 1.77029003 103.00000000 -535.713422119673 2942 16665.267619
0.72857004 1.68888476 144.60339586 -535.661321238139 2943 28100.089597
1.00722092 1.68888476  91.98235406 -535.782473558642 2944  1510.228227
0.96446195 1.88585139  93.84222269 -535.777503165928 2945  2601.103356
0.89584815 2.07118922 103.00000000 -535.753588805438 2946  7849.698905
0.90851981 1.68888476 101.73244098 -535.787333522264 2947   443.589483
0.95769560 1.64217818 103.00000000 -535.788430347612 2948   202.864140
0.86992808 1.81103122 103.00000000 -535.775440463365 2949  3053.814249
0.98730720 1.71620594 103.00000000 -535.787645463885 2950   375.126209
0.84553558 1.48133307 103.00000000 -535.747713136861 2951  9139.259124
0.99989552 1.79418725 103.00000000 -535.782922971457 2952  1411.593513
1.36398088 1.79626156 103.00000000 -535.706448049508 2953 18195.899125
0.96446195 1.59952821  61.95324706 -535.707964393358 2954 17863.100112
1.11752948 1.68888476  99.71053302 -535.768710856011 2955  4530.792369
1.46350843 1.68888476  97.53336585 -535.683034075755 2956 23334.672478
0.96792308 1.73298976 103.00000000 -535.788117424905 2957   271.542737
1.32235763 1.68888476 114.60996395 -535.716530825817 2958 15982.985471
1.04923028 1.68888476  60.92840141 -535.721017351837 2959 14998.306809
0.96446195 1.72076535  67.66767058 -535.748104049433 2960  9053.463730
0.91238949 1.75391367 103.00000000 -535.785816107951 2961   776.623436
1.09838701 1.68888476 105.56732001 -535.772548889036 2962  3688.441470
0.91182675 1.68888476 108.48894406 -535.786908382209 2963   536.896942
0.96446195 1.55895387 130.83181943 -535.766133898261 2964  5096.369232
0.91801183 2.03989224 103.00000000 -535.759516411848 2965  6548.739649
1.01313701 1.68888476  62.35207875 -535.727900461948 2966 13487.638727
0.96446195 2.13099374  91.80819107 -535.753275422488 2967  7918.478514
1.07241727 1.50563232 103.00000000 -535.755798714282 2968  7364.679967
0.96446195 1.49475932 117.72809281 -535.765610206108 2969  5211.306376
0.96446195 1.93681021  96.50271794 -535.772980686431 2970  3593.672894
0.96446195 1.93183549 111.72876059 -535.768175668986 2971  4648.252346
0.96446195 1.81642821 130.21284472 -535.760634645843 2972  6303.315651
0.94172402 1.55343308 103.00000000 -535.779371176955 2973  2191.122317
1.08497572 1.68671760 103.00000000 -535.775244372509 2974  3096.851218
1.12118055 1.68888476 105.74280499 -535.768013771516 2975  4683.784734
0.96446195 1.56565330 120.86183876 -535.776549452686 2976  2810.419222
1.11744255 1.68888476  94.45630005 -535.766874281170 2977  4933.873963
0.76192287 1.68888476  74.73231732 -535.701213357623 2978 19344.781218
0.92790283 1.68888476  96.19176163 -535.787256391094 2979   460.517818
0.87315468 2.08346764 103.00000000 -535.748102365983 2980  9053.833204
0.96446195 1.72386078 109.11337387 -535.787110609435 2981   492.513195
0.96446195 1.88832267 118.45403142 -535.767310179130 2982  4838.205417
1.17498739 1.68888476 119.80111627 -535.748607620833 2983  8942.942580
0.96446195 1.70525709  83.78561994 -535.777411110228 2984  2621.307247
0.83754513 1.75589445 103.00000000 -535.769993646715 2985  4249.252347
0.88544233 1.68565017 103.00000000 -535.784373920508 2986  1093.146999
1.16604877 1.82873965 103.00000000 -535.752447990478 2987  8100.078852
0.96446195 1.75782867  97.45270869 -535.786871532559 2988   544.984505
0.96446195 1.89766285  71.84703703 -535.759350293072 2989  6585.198507
1.00035132 1.74429044 103.00000000 -535.785691479430 2990   803.976235
1.09389912 1.68888476 109.73458470 -535.772245243742 2991  3755.083910
0.96446195 1.72699560  90.68848994 -535.784544669833 2992  1055.671853
1.03966023 1.89910679 103.00000000 -535.769650084062 2993  4324.655635
0.83549851 2.18861892 103.00000000 -535.726386050888 2994 13820.013542
1.03022504 1.65578239 103.00000000 -535.783305426713 2995  1327.654285
1.16050217 1.68888476  82.36782134 -535.746953407016 2996  9306.000554
0.96446195 1.68981975 118.95491559 -535.782067695686 2997  1599.304851
0.86357458 1.95621237 103.00000000 -535.759670022564 2998  6515.025994
0.83083910 2.15391667 103.00000000 -535.727975759693 2999 13471.112781
0.96446195 1.55872726  70.93098825 -535.727571874942 3000 13559.755240
0.96446195 1.64561350  96.94627655 -535.786572988397 3001   610.507376
1.05226390 1.68888476 119.92220496 -535.772674044553 3002  3660.973009
0.96446195 1.91296777 108.98453896 -535.771859079400 3003  3839.837189
1.23630111 1.68888476  83.15131385 -535.730478756871 3004 12921.768388
0.96446195 1.63252495 104.67247047 -535.787934543524 3005   311.680561
0.99230170 1.68074613 103.00000000 -535.787654748633 3006   373.088443
0.96446195 1.79666202 103.46617042 -535.784639933274 3007  1034.763944
0.96446195 1.89619627  95.00229986 -535.776762782470 3008  2763.598745
1.50844238 1.68888476  97.91147302 -535.672696458248 3009 25603.517311
0.88557390 1.68888476 112.27824091 -535.782037325774 3010  1605.970277
0.96446195 1.53369969 145.41389104 -535.743908884420 3011  9974.196041
0.86839787 1.68888476  72.92960819 -535.747898589159 3012  9098.557048
1.03003655 1.68888476  74.14216648 -535.755999274725 3013  7320.662037
1.22344462 1.68888476  84.69257313 -535.735290455160 3014 11865.722661
0.89425022 1.68888476 149.74212611 -535.736397574406 3015 11622.738068
1.48096040 1.68888476 115.60077686 -535.675950405762 3016 24889.358367
0.90457625 1.68888476  73.06789142 -535.754698205244 3017  7606.213787
1.10465414 1.79888724 103.00000000 -535.767431384306 3018  4811.603955
1.07443095 1.68888476 141.85463039 -535.739941688383 3019 10844.894945
0.90341594 1.78858712 103.00000000 -535.782775378663 3020  1443.986388
1.04325858 1.55562823 103.00000000 -535.772043487804 3021  3799.364221
0.96135897 1.68888476  77.75978191 -535.767302477793 3022  4839.895665
0.96446195 1.91202517 115.74139980 -535.767249308344 3023  4851.565010
0.98037413 1.68888476 114.42172974 -535.784768309524 3024  1006.588614
0.96446195 1.78205672  72.41842479 -535.761649481417 3025  6080.584983
0.96446195 1.97543082 102.66338502 -535.767973386150 3026  4692.648298
0.96446195 1.91695567  77.47076962 -535.765309088587 3027  5277.394034
1.17407682 1.68888476 107.64989790 -535.756059614818 3028  7307.418917
0.96446195 2.01215646 100.92184482 -535.764547740631 3029  5444.490599
0.96446195 1.69240169 110.63783209 -535.787427492796 3030   422.965335
0.96446195 1.49169231  72.85968224 -535.708777266051 3031 17684.695174
0.75978926 1.68888476 131.03597016 -535.709681967523 3032 17486.136148
0.93818206 1.68888476 127.83948097 -535.772909953496 3033  3609.196980
0.96446195 1.49924894 127.59799045 -535.759822050720 3034  6481.659669
0.96446195 1.61813367  76.16556308 -535.755510062404 3035  7428.031733
0.96446195 1.60200273  89.25112665 -535.775845727716 3036  2964.869003
0.91132441 1.68888476 118.80163294 -535.780847719282 3037  1867.058728
0.96446195 1.95088497 113.06796911 -535.765198587721 3038  5301.646171
0.99441746 1.82753201 103.00000000 -535.780856259597 3039  1865.184345
0.96446195 2.03165628  85.12064835 -535.761525401057 3040  6107.817475
0.86297026 1.68888476 147.53491918 -535.734422606058 3041 12056.193526
0.96446195 1.60335466  84.24732594 -535.768879393565 3042  4493.802651
0.96467324 1.84100847 103.00000000 -535.781220156884 3043  1785.318121
0.99752084 1.57347983 103.00000000 -535.780236538026 3044  2001.197511
0.96446195 1.49759970 120.92531422 -535.764639186792 3045  5424.420486
1.35309919 1.68888476 110.41549142 -535.710916230898 3046 17215.246644
1.45237271 1.72853667 103.00000000 -535.687240092987 3047 22411.558379
1.08122561 1.73794283 103.00000000 -535.774975759892 3048  3155.804874
0.94095704 1.85001023 103.00000000 -535.780429397177 3049  1958.869819
0.96446195 1.84858903 107.92798395 -535.778810527507 3050  2314.170650
0.91398437 1.54964800 103.00000000 -535.777458539788 3051  2610.897661
1.20355814 1.68888476 107.46920015 -535.749213829869 3052  8809.895073
0.80952860 1.68888476  96.74735544 -535.759248095443 3053  6607.628295
0.78533891 1.93461141 103.00000000 -535.728643746087 3054 13324.506711
1.32720672 1.75391715 103.00000000 -535.717893052122 3055 15684.011349
1.04750338 1.68888476  83.02129484 -535.768537241080 3056  4568.896443
0.89456167 1.68888476  85.84665104 -535.775551361430 3057  3029.474936
0.91602505 1.81284541 103.00000000 -535.782237155592 3058  1562.112700
1.14672122 1.74840861 103.00000000 -535.761595932889 3059  6092.337527
0.96446195 1.60659091 105.99673714 -535.786269395200 3060   677.138382
0.98579237 1.68914685 103.00000000 -535.788124308925 3061   270.031869
0.96446195 2.10551827 115.08876695 -535.747630541153 3062  9157.386787
0.96446195 1.66822281  81.78918733 -535.772465325452 3063  3706.781557
1.04735270 1.60333163 103.00000000 -535.777743431185 3064  2548.371226
0.96446195 1.77226157 121.78786325 -535.774753466611 3065  3204.592611
1.31526220 1.67806437 103.00000000 -535.722009426993 3066 14780.571475
0.98189715 1.45903966 103.00000000 -535.751387108242 3067  8332.915594
1.17617841 1.56884568 103.00000000 -535.747770441129 3068  9126.682290
1.07833213 2.20840063 103.00000000 -535.732728167668 3069 12428.079774
1.22302097 1.68888476 110.73541597 -535.743369013792 3070 10092.683950
0.96446195 1.95667404 117.18379890 -535.761269440727 3071  6163.994275
1.30850105 1.68888476  83.37320011 -535.712954089900 3072 16767.988282
0.96446195 2.13401349  99.20868183 -535.752266975513 3073  8139.807046
0.84774977 1.65919206 103.00000000 -535.775424033977 3074  3057.420083
1.00168877 1.68888476 105.41423676 -535.786716532347 3075   579.003120
1.26501168 1.79124570 103.00000000 -535.731534251873 3076 12690.114008
0.97333400 1.69541002 103.00000000 -535.788777150255 3077   126.749756
1.19317272 1.68888476  93.84564619 -535.749934088820 3078  8651.816502
1.12239768 1.68888476 125.01500660 -535.754787114543 3079  7586.700451
1.22589693 1.68888476 122.21845682 -535.734303581828 3080 12082.316325
1.04977444 1.68888476 104.76584733 -535.780961871364 3081  1842.005241
0.94118927 1.45777200 103.00000000 -535.752317826776 3082  8128.646483
1.07644675 1.68888476 120.15496969 -535.768511789519 3083  4574.482415
0.96446195 1.88900679 114.29995362 -535.770810851125 3084  4069.896707
1.27139531 1.72668858 103.00000000 -535.732811788707 3085 12409.727077
1.07143841 1.68244259 103.00000000 -535.777595286195 3086  2580.885294
0.96446195 1.58188034  89.35216769 -535.772878768673 3087  3616.041257
0.94579852 2.08262760 103.00000000 -535.756426868645 3088  7226.816017
0.82991225 1.47246849 103.00000000 -535.739376522938 3089 10968.934425
1.23585263 1.68888476 117.68864741 -535.735936007889 3090 11724.040211
1.12424231 1.68888476  81.04619877 -535.752721972668 3091  8039.946711
0.87153124 1.68888476 140.58496369 -535.747590106031 3092  9166.261270
0.98388256 1.51546862 103.00000000 -535.770043486517 3093  4238.313775
0.96446195 1.79113551 134.97728575 -535.755962814626 3094  7328.664104
1.06198659 1.68888476  94.60758210 -535.777019690190 3095  2707.214017
1.13706590 1.68888476  99.98168364 -535.764704042531 3096  5410.186297
0.96446195 1.83473005  73.12376800 -535.762922603394 3097  5801.167002
0.96446195 1.87700439 135.76642592 -535.746625239534 3098  9378.024993
1.29075279 1.67829701 103.00000000 -535.728236218113 3099 13413.948765
1.01660048 1.82314303 103.00000000 -535.779188150628 3100  2231.291953
1.04459056 1.68888476 132.85989280 -535.758627525235 3101  6743.827715
0.96446195 1.62022623  67.91686399 -535.733956187965 3102 12158.560467
0.77284784 1.68888476  64.19991572 -535.680249100164 3103 23945.903980
1.05163678 1.68888476  79.59276147 -535.763003493549 3104  5783.413664
1.04835337 1.56617826 103.00000000 -535.773012292126 3105  3586.736246
0.98941726 1.72521351 103.00000000 -535.787251907133 3106   461.501934
0.80749115 1.68888476 107.63857359 -535.759210136250 3107  6615.959375
1.09726778 1.48389772 103.00000000 -535.743231778925 3108 10122.803523
0.96446195 1.76657463  83.17988066 -535.777367803729 3109  2630.811925
0.96446195 1.62198507  57.67408913 -535.696425172657 3110 20395.666368
0.80570622 1.68888476 137.36871143 -535.730021260450 3111 13022.177249
0.96446195 1.86035506 119.70253857 -535.768941892841 3112  4480.085645
1.29508116 1.68888476 100.64422256 -535.727131981966 3113 13656.300590
0.96446195 1.68989521 112.17670446 -535.786742276961 3114   573.352830
1.03122837 1.63605184 103.00000000 -535.782370505365 3115  1532.845807
0.87874869 1.68888476 110.15646088 -535.781797478903 3116  1658.610581
0.96446195 1.98149121  89.64700715 -535.767752324454 3117  4741.165733
1.02719462 1.62623725 103.00000000 -535.782318228191 3118  1544.319321
0.93723189 1.68888476  99.64225372 -535.788787657110 3119   124.443768
0.82171817 1.68888476 102.85787832 -535.766197908419 3120  5082.320626
1.07102379 1.68888476 103.19508389 -535.777679220952 3121  2562.463743
0.86016110 1.83314900 103.00000000 -535.771209300300 3122  3982.447220
1.25271503 1.68888476 118.98844735 -535.730730491624 3123 12866.518995
1.14859123 1.68888476 133.76732067 -535.737913125715 3124 11290.112997
1.00894941 1.68888476 120.91634861 -535.777307752883 3125  2643.991563
0.96446195 1.80986763  60.24135026 -535.735208224756 3126 11883.770149
0.75040520 1.68888476 128.61010311 -535.705004400141 3127 18512.743544
0.93521320 1.85813475 103.00000000 -535.779510034684 3128  2160.646567
1.04253441 1.85677346 103.00000000 -535.773205839017 3129  3544.257613
1.48993351 1.71596573 103.00000000 -535.677938995828 3130 24452.913287
0.90760897 1.68888476  75.67570083 -535.760712324134 3131  6286.267236
1.09438999 1.65601223 103.00000000 -535.773012415588 3132  3586.709149
0.70890453 1.70049869 103.00000000 -535.678121565826 3133 24412.843804
1.07607388 1.87397928 103.00000000 -535.766526353687 3134  5010.235220
0.96446195 1.44497730  97.79450595 -535.741409744479 3135 10522.693869
1.19286713 1.68888476 124.37839812 -535.739909992017 3136 10851.851493
0.96446195 1.74031810 100.24843084 -535.787953801088 3137   307.454014
0.92593240 1.71922596 103.00000000 -535.788206783789 3138   251.930728
0.96446195 1.63797420 102.32357664 -535.787981694685 3139   301.332077
1.36833496 1.68888476  93.06005660 -535.705871682271 3140 18322.397114
0.88554863 2.05383714 103.00000000 -535.753758624374 3141  7812.427956
1.20524222 1.68888476 114.79060712 -535.745419634949 3142  9642.624620
1.13138896 1.68888476  90.68344775 -535.761613029690 3143  6088.585213
0.96446195 1.82306381  93.76530813 -535.782336557139 3144  1540.296582
0.96446195 1.73077157 137.58131827 -535.756726333425 3145  7161.091094
0.69958297 1.68888476 110.02914454 -535.665183670091 3146 27252.383753
0.96446195 1.66895679 147.83430208 -535.743509777562 3147 10061.789873
0.96446195 1.71570331  73.06634966 -535.760075960863 3148  6425.932833
1.07231703 1.67530163 103.00000000 -535.777384974433 3149  2627.043391
0.96446195 1.98786167 114.70812736 -535.759996415212 3150  6443.391086
1.05617353 1.62109526 103.00000000 -535.777865344124 3151  2521.614428
0.96446195 1.87566209 132.25653826 -535.752014884873 3152  8195.134547
0.84997923 1.84865473 103.00000000 -535.766940843009 3153  4919.265327
0.96446195 1.87768031 130.45268539 -535.754364168460 3154  7679.526388
0.96446195 1.71441264 109.01876489 -535.787498406114 3155   407.401660
0.96446195 1.59873740  70.11119707 -535.735778908396 3156 11758.519565
0.96446195 1.85495223 106.21417456 -535.778965997641 3157  2280.048899
1.11741536 1.49729371 103.00000000 -535.743647232600 3158 10031.621979
0.94083078 1.68888476 116.63453350 -535.784109795864 3159  1151.115659
0.96446195 1.92860130  92.72863553 -535.773446542919 3160  3491.429212
0.71782412 1.68888476 102.40301027 -535.688968899681 3161 22032.129161
0.75811882 1.68888476 128.72753873 -535.711275171799 3162 17136.468220
0.87789084 1.73665645  96.96454472 -535.781113854341 3163  1808.648833
1.18044344 1.73757970  90.00907506 -535.750903258182 3164  8439.108410
0.82764025 1.68001183 118.53494813 -535.762451072064 3165  5904.656168
1.01481293 1.66526540 136.38767225 -535.758090953752 3166  6861.591545
0.92828653 1.79294270 135.89775046 -535.753965810102 3167  7766.955944
0.84307490 1.54012057 100.19516451 -535.760827174308 3168  6261.060536
1.00390405 1.63894062 106.29512621 -535.785622881563 3169   819.031727
1.11495342 1.85588294  97.45764629 -535.761596035431 3170  6092.315022
0.92027462 1.89441733  90.81306439 -535.774867146331 3171  3179.642796
0.85585193 1.76421002  88.42192764 -535.770481290968 3172  4142.226802
1.02654648 1.97453086  96.14128351 -535.764796562070 3173  5389.880605
1.17662035 1.62402748  92.33993778 -535.748923615189 3174  8873.589834
0.86814764 1.74094009  76.07805317 -535.757753683771 3175  6935.613751
0.73004504 1.71254982 111.90750374 -535.699384407839 3176 19746.189305
1.29647910 1.64819208  91.68714592 -535.721102315959 3177 14979.659339
0.90347458 1.64436406 109.40365109 -535.785655335285 3178   811.908958
0.87703481 1.64424752 120.13096518 -535.775616155370 3179  3015.254310
1.12517589 1.83784234 101.91305024 -535.760683964698 3180  6292.491413
0.99447775 1.74116910  95.69164582 -535.785396654436 3181   868.682843
0.89055995 1.68817312 119.72005320 -535.777619044457 3182  2575.670958
0.94678790 1.66233599  96.84728883 -535.787477601443 3183   411.967758
1.01978179 1.74726306 118.40719953 -535.775766260128 3184  2982.310123
0.96098855 1.83388861 118.24710623 -535.772985930507 3185  3592.521953
0.96844811 1.84409379  63.77506822 -535.745247259959 3186  9680.456558
1.02141166 1.63209403 118.96893304 -535.777755847368 3187  2545.646189
0.96335199 1.59871876  66.71493951 -535.725058245372 3188 14111.433173
0.89247483 1.66778441  85.19345240 -535.773264640354 3189  3531.352211
0.93186844 1.66890715  71.70184898 -535.751676935539 3190  8269.305854
0.73258273 1.45019304  99.82584247 -535.664534571875 3191 27394.844347
1.25173022 1.72274284 114.98994391 -535.733121675051 3192 12341.714884
1.02390183 1.47378903 107.94173595 -535.754872836907 3193  7567.886567
1.09518122 1.84435486 104.46134198 -535.765367060450 3194  5264.670681
0.72788484 1.68184112 117.58553533 -535.694828719547 3195 20746.047332
0.97642557 1.72361466  80.68041035 -535.773433619632 3196  3494.265545
0.97835144 1.81222538 124.98684498 -535.767255387243 3197  4850.230846
0.88456236 2.14632023 104.71430180 -535.743317784416 3198 10103.927499
0.94835395 1.53702668  95.90166125 -535.771555556506 3199  3906.452765
0.91526968 1.47771299 115.25651188 -535.761008016335 3200  6221.370298
0.97202870 1.55112481 129.53135998 -535.766384717555 3201  5041.320759
1.12539359 1.70582749  77.03230917 -535.747558198056 3202  9173.264261
1.15251656 1.47467171 105.31006174 -535.727403254820 3203 13596.763080
0.97286142 1.47092324 132.81139567 -535.746773780501 3204  9345.424018
1.32379636 1.68546619 127.57469107 -535.704265936248 3205 18674.817637
0.92337492 1.57952141 100.45368510 -535.781701059828 3206  1679.772123
1.34783685 1.73291625 112.46225806 -535.710303764117 3207 17349.667567
0.96386261 1.66135595 128.76024546 -535.772416345261 3208  3717.531467
0.99016657 1.71138792 139.80046192 -535.753075067149 3209  7962.451429
1.11035745 1.94346812  99.70012997 -535.754346642839 3210  7683.372818
1.04917444 1.82523542  94.92541296 -535.774913441377 3211  3169.482207
0.95413055 1.70245262 102.73968705 -535.789209805192 3212    31.792971
0.85030474 1.60312517  95.96791131 -535.769830146787 3213  4285.136434
1.04683385 1.68947370 107.87771045 -535.780774758872 3214  1883.071687
0.96922488 1.68384635 109.36959232 -535.787899815718 3215   319.302434
0.97024553 1.60395775 118.64411616 -535.781152990766 3216  1800.059380
1.02526514 1.65713106 138.91529349 -535.753184967746 3217  7938.331035
1.04434240 1.68032110  77.28364707 -535.759480584619 3218  6556.602817
1.12884251 1.70888612 127.72611275 -535.749541882836 3219  8737.895768
0.89027806 1.71715079  84.62627234 -535.774306191669 3220  3302.758116
0.95943481 1.94446364 118.34950011 -535.761584132189 3221  6094.927481
1.16618310 1.80151898  99.32671610 -535.754713414679 3222  7602.875702
1.08470472 1.65180558  74.18829528 -535.744647649866 3223  9812.055764
1.02530461 2.08940972 107.79330678 -535.749640355856 3224  8716.283437
1.10645310 1.69282971 135.22896112 -535.744359443566 3225  9875.309737
1.03749769 1.89785147 108.78111653 -535.767691614418 3226  4754.490046
0.95350098 1.51770138  74.55457733 -535.724747913977 3227 14179.543043
1.07665846 1.69696192 131.93428716 -535.754481453422 3228  7653.785314
0.86620430 1.79541942  96.89442749 -535.775742658231 3229  2987.490141
0.80923153 1.65498640 109.60020931 -535.759731574457 3230  6501.516914
1.23881368 1.79625764 107.59805436 -535.736332969992 3231 11636.917098
0.90480291 1.66552207 113.53296717 -535.784298439552 3232  1109.713155
0.95754183 1.46796103  97.87440192 -535.751960675851 3233  8207.032053
1.00691201 1.62976908  99.60629661 -535.783989846380 3234  1177.441529
0.95709825 2.00366467 102.75106198 -535.765011019166 3235  5342.812712
0.86635965 1.72136985  69.70873171 -535.742598824739 3236 10261.720912
0.88672991 1.59150825 108.73864628 -535.780561530988 3237  1929.869799
1.36133287 1.70053830 112.64178985 -535.707677291782 3238 17926.111625
0.75086190 1.82414663 101.75172510 -535.714422088113 3239 16445.799910
1.17163311 1.68180845 105.85013424 -535.757028729976 3240  7094.722721
1.04343353 1.90948671 106.53409432 -535.766835087309 3241  4942.476021
1.06506597 1.72770019  70.74297794 -535.747805648999 3242  9118.955056
0.95777236 1.65510760  90.57637631 -535.782660092874 3243  1469.288694
1.03547720 1.58471498  93.53019541 -535.771964338520 3244  3816.735482
1.23946669 1.71919762 107.63565341 -535.739983751546 3245 10835.663148
0.90824477 1.60893945 128.27615143 -535.771194656326 3246  3985.661201
1.11602793 1.64276992 112.61172509 -535.766314687705 3247  5056.690534
0.93533122 1.73391187  82.36077580 -535.776072531777 3248  2915.091264
0.90039097 1.54279958 103.36584864 -535.775004435771 3249  3149.511246
0.98905141 1.73508926  87.65790715 -535.780960118529 3250  1842.389944
1.00633202 1.79749738 116.28670797 -535.775346095577 3251  3074.525585
0.89668447 1.67426724  95.25608049 -535.783681002331 3252  1245.224964
1.14506044 1.91511065 105.44483679 -535.748539013300 3253  8958.000193
0.85754088 1.78636740  97.89093880 -535.774273548204 3254  3309.922528
0.99833562 1.74130108  92.55152531 -535.783694528727 3255  1242.256263
1.38340515 1.80525042 104.65085246 -535.700663000975 3256 19465.570543
1.11111180 1.71851477  85.00652104 -535.761285969567 3257  6160.366614
0.84019616 2.06091045 106.64622106 -535.739649500476 3258 10909.022779
1.14132591 1.99008519 101.54167612 -535.742995119109 3259 10174.744350
1.48827861 1.53022231 100.28193269 -535.672973838909 3260 25542.639292
1.40506827 1.69542356 124.49960665 -535.687322948128 3261 22393.373778
0.90390506 1.76394227 113.03856503 -535.780485454437 3262  1946.566673
0.80524095 1.67645796 108.68548799 -535.758000195853 3263  6881.510602
0.98045200 2.01035198  80.36420597 -535.760405536151 3264  6353.599417
1.24376407 1.66407100  94.62365403 -535.737308528429 3265 11422.806766
0.92958840 1.67619420  73.51389629 -535.756712896342 3266  7164.040193
1.02547705 1.72363833  60.98988167 -535.727754176532 3267 13519.744665
0.97022724 1.58352759 121.54630175 -535.777481951287 3268  2605.759431
1.10299654 1.75899935 107.13691379 -535.769092575837 3269  4447.014549
0.77544469 1.55347814 101.84776903 -535.731528966110 3270 12691.274099
0.89703367 1.90447339 111.02877453 -535.767916412997 3271  4705.152460
0.93389435 1.67337612  87.56726413 -535.780324705030 3272  1981.847090
0.94601570 1.99077691  73.26576456 -535.756214333533 3273  7273.462084
0.92183438 1.68577586 100.62349969 -535.788268197843 3274   238.451901
0.88257331 1.62040264 107.26423207 -535.782161804250 3275  1578.650409
0.92012875 1.70104575  76.42495353 -535.764342555293 3276  5489.523576
0.85327277 1.44879926 110.59625562 -535.740825162693 3277 10650.994743
0.93897335 1.81767287  96.36367701 -535.783252376798 3278  1339.297396
0.91735855 1.65258031 124.43563264 -535.776686937965 3279  2780.244690
0.79369845 1.69696814 114.39188419 -535.748696093981 3280  8923.524968
1.01889299 1.71619926  97.80738113 -535.784229900609 3281  1124.755714
1.10706289 1.70298919 100.43384062 -535.770908664436 3282  4048.429166
0.96824513 2.07685545  92.99747792 -535.758622381453 3283  6744.956644
0.89467426 1.65829518 107.73225000 -535.785234327337 3284   904.309524
0.90550101 1.61183674  78.31649042 -535.756430148477 3285  7226.096178
0.95385730 1.83767997  86.89062536 -535.778214271544 3286  2445.033710
0.98737206 1.94523298  96.24248496 -535.771212329881 3287  3981.782303
0.95192915 1.64749323 125.33985595 -535.776758843098 3288  2764.463337
1.10791999 1.62953261 111.04232847 -535.768123573135 3289  4659.686064
0.92326807 1.64706627 108.54206198 -535.787591745232 3290   386.916091
1.03523401 1.73945647 121.70488497 -535.771182924602 3291  3988.236016
1.00482206 1.61180937 136.71826079 -535.758798336638 3292  6706.338944
1.08859402 1.60762772  94.70774264 -535.767471056224 3293  4802.896975
0.88746226 1.69408913 111.97049265 -535.782371513599 3294  1532.624526
1.08277643 1.71308150 112.89477944 -535.772170662644 3295  3771.452570
1.29182222 1.63092838 104.03471822 -535.726012242965 3296 13902.054899
1.30764126 1.60481139 101.81456240 -535.718697498264 3297 15507.455826
1.03001011 1.67618686 113.59889029 -535.780727384364 3298  1893.469190
0.89748311 1.75013072  88.63864589 -535.779420485622 3299  2180.300315
1.05860279 1.70250808  79.64634081 -535.762899653991 3300  5806.203814
0.81925045 1.71901395  70.74241966 -535.728919856105 3301 13263.907566
1.41162484 1.68337942 121.12741419 -535.689092754001 3302 22004.946279
0.91120434 1.87623778 108.75590400 -535.773884388441 3303  3395.333225
1.06391315 1.50655508 110.06330341 -535.759171463451 3304  6624.447073
1.24355857 2.04935021 102.64791067 -535.713287850200 3305 16694.736362
1.01752708 1.63192606 137.74795970 -535.756152221539 3306  7287.094091
1.08842503 1.44541997 101.57862132 -535.727144111442 3307 13653.638478
0.96764729 1.81080403 120.53020165 -535.772735862905 3308  3647.405448
0.98721226 1.65220620 110.57812649 -535.786381879449 3309   652.450943
1.08538245 1.48171282  95.76433776 -535.738900645533 3310 11073.377445
0.77750294 1.56348989  96.78575827 -535.731275176631 3311 12746.974452
0.86140590 1.67972952  99.93893104 -535.778963724517 3312  2280.547792
0.88256074 1.78097909  85.14056179 -535.773251173571 3313  3534.307828
0.96839349 1.46526967 122.01264541 -535.754395661547 3314  7672.614455
0.91063215 1.70691637 139.76591201 -535.753470897638 3315  7875.576676
0.86828210 1.94306550 102.21954922 -535.762473138706 3316  5899.813100
1.02127607 1.95251555 102.07438423 -535.766743287299 3317  4962.623795
1.28151281 1.61211140 104.08769701 -535.727059572388 3318 13672.192656
0.91339705 1.53347992 109.01548558 -535.775517476093 3319  3036.911908
1.03824371 1.60180512 106.87429322 -535.779173414326 3320  2234.526198
0.92529418 1.70273963 105.23552118 -535.788366254908 3321   216.930862
1.00426206 1.66737565 123.44098266 -535.775725346051 3322  2991.289725
1.06993066 1.66341927  76.71737770 -535.753238781297 3323  7926.520326
1.03328833 1.98979294  98.75001282 -535.762191187739 3324  5961.694186
1.24717592 1.66983848  96.28200448 -535.737512921493 3325 11377.947673
1.24267375 1.84142640 103.20088889 -535.733411376995 3326 12278.132656
0.88551986 1.72084810 115.36795453 -535.778940442225 3327  2285.657664
1.03994602 2.15071021  99.16568377 -535.744816342213 3328  9775.032073
1.05865099 1.66956579 124.24062977 -535.767783445374 3329  4734.335480
1.01317727 1.60197542 113.32101667 -535.780717207108 3330  1895.702840
0.97107175 1.69293179 120.85770360 -535.780016266233 3331  2049.541583
1.02326611 1.77003752  80.72689652 -535.770454558851 3332  4148.093824
0.87250617 1.67256807  99.63654014 -535.781355496627 3333  1755.614480
0.99222067 1.77418703 126.91770514 -535.767276056768 3334  4845.694410
1.07054359 1.67468391  97.72414729 -535.776689736146 3335  2779.630561
1.02661597 1.73197721  82.59034111 -535.772139709039 3336  3778.246101
0.94455878 1.84122837 127.45924186 -535.762021503676 3337  5998.935534
0.98092802 1.58891243 104.73095699 -535.783742761172 3338  1231.670464
0.87205161 2.02783766 101.05854153 -535.754448052891 3339  7661.115884
1.28747012 1.69384924  96.15776336 -535.728009165256 3340 13463.781108
1.14862745 1.67876061 121.48395559 -535.753128431767 3341  7950.739249
0.84348944 1.61188711 116.61624579 -535.768968168774 3342  4474.318744
1.24779018 1.68048573 119.48648402 -535.731634838902 3343 12668.037706
0.88843268 1.77328823  89.36554303 -535.778013432000 3344  2489.112896
0.87643664 1.96232278 102.75797020 -535.762042420831 3345  5994.344749
1.02863374 1.88838856 107.42322174 -535.770423068365 3346  4155.005187
0.99024267 1.84753219  65.59693126 -535.748558827253 3347  8953.651533
0.99750975 1.76822419  69.05625960 -535.753392035437 3348  7892.884929
0.85535239 1.71848460 113.76205569 -535.773540269654 3349  3470.858571
1.00463711 1.48186702 118.91703113 -535.758407145808 3350  6792.195409
1.08747273 1.44691736  99.93346884 -535.726619139236 3351 13768.856562
1.01773952 1.68722147  63.57197011 -535.731048051013 3352 12796.822764
0.98004626 1.99084426 133.76710988 -535.738381450451 3353 11187.327596
1.34768311 1.54650650 102.98129615 -535.701664016453 3354 19245.873036
1.13610551 1.65233504  88.60602979 -535.756909101471 3355  7120.978144
0.95201845 1.71080736  82.30674969 -535.775766980619 3356  2982.151993
0.88972789 1.50977655  99.65171126 -535.763845813858 3357  5598.545722
1.21735740 1.69306973 107.95998103 -535.745736514307 3358  9573.077638
1.01439643 1.48982390 114.97550242 -535.761141436512 3359  6192.087954
0.94838730 1.61759838  85.33618767 -535.772748648159 3360  3644.599410
0.95393765 1.70708769  83.81920376 -535.777641068657 3361  2570.837205
0.99752949 2.04202982 105.86255971 -535.758062862056 3362  6867.756960
0.96200476 1.64252384 100.00994572 -535.787728244430 3363   356.957980
1.03289313 1.61545662 122.48069687 -535.772713965128 3364  3652.211455
0.97238970 1.84524525  82.36127640 -535.773854663884 3365  3401.857012
0.94233713 1.48505186 144.90427381 -535.736797951826 3366 11534.865380
1.28429277 1.65777694 118.35656363 -535.723454790596 3367 14463.350826
0.79023655 1.69056215  72.00796716 -535.714404839174 3368 16449.585614
1.08381029 1.65651447  97.54948837 -535.773709990272 3369  3433.609200
0.97205937 1.56053703  96.37389735 -535.776266961328 3370  2872.418910
0.87934883 1.80378534 100.77544085 -535.778227707615 3371  2442.084833
1.01941790 1.48788896 102.77270433 -535.758354035607 3372  6803.851751
0.86727995 1.67561891 102.52686931 -535.780759570077 3373  1886.405242
0.99581087 1.75028956  98.73617772 -535.785730323202 3374   795.451013
0.90571259 1.62967251  68.85223625 -535.735014139663 3375 11926.366904
1.26483841 1.59395928 105.33033678 -535.729410722520 3376 13156.174838
0.98719029 2.12133542  91.73921232 -535.753374151920 3377  7896.809908
1.19399412 1.66664968  86.24150956 -535.742612139855 3378 10258.798582
1.23561141 1.98379898 104.27014430 -535.721375111181 3379 14919.787707
0.95940035 1.58755802 141.08974259 -535.754773292481 3380  7589.734043
1.11079423 1.71036028  95.75217494 -535.768968580615 3381  4474.228356
0.95859337 1.69029821  61.58205476 -535.726463430820 3382 13803.030609
0.82868823 1.62560039  88.95748754 -535.757982857728 3383  6885.315881
0.94329416 1.86870523  98.59766977 -535.779399105967 3384  2184.992607
1.00225496 1.61173473 127.95349751 -535.770440057087 3385  4151.276593
0.91616694 1.52623211 119.91230346 -535.770869942538 3386  4056.927641
0.85428205 1.70035051 112.54253366 -535.774706804511 3387  3214.833758
0.92827979 1.72067463 110.32596820 -535.786403251014 3388   647.760426
1.15891186 1.65503860 111.21095810 -535.758039957706 3389  6872.783884
1.27534719 1.72160136 110.61215642 -535.729855328269 3390 13058.595153
1.37756100 1.70616605 103.48745132 -535.706293555516 3391 18229.806638
0.89690075 2.08400814 104.44091610 -535.751847533778 3392  8231.863868
1.01175278 1.72958023 138.42282961 -535.752191074079 3393  8156.465485
0.88393715 1.67561573 116.45246514 -535.779486181495 3394  2165.881737
0.90841039 1.59685646 122.76391166 -535.776264207564 3395  2873.023291
0.96547318 1.68048762  92.95427919 -535.785587233259 3396   826.855626
1.03403957 1.63489888 111.80009477 -535.780569065264 3397  1928.216217
0.76349767 1.73054897 116.39296352 -535.725483972246 3398 14017.996923
0.87774266 1.51969912 112.42184227 -535.767855016536 3399  4718.627426
0.94199601 1.59017416  67.18961519 -535.723710998225 3400 14407.119750
0.93258323 1.68706402 127.03244874 -535.773794641033 3401  3415.030505
0.96595680 1.70014658 141.63564619 -535.752111401279 3402  8173.951644
0.86873441 1.78879450 105.64826069 -535.776251279058 3403  2875.860770
0.96885718 1.76780974 108.74184333 -535.784796459780 3404  1000.410347
1.21397320 1.69355516  87.70139633 -535.740729502785 3405 10671.989666
1.06477332 1.63413606 109.94691702 -535.776588462440 3406  2801.857570
0.99952293 1.67002787 132.88654873 -535.764574733978 3407  5438.566244
1.06899918 1.74544837 102.42586669 -535.776822292683 3408  2750.537763
1.08244594 1.72916338 128.68057542 -535.756293336245 3409  7256.122992
0.73266075 1.83360159 102.76520946 -535.696234380130 3410 20437.540488
1.02455718 1.65129131 113.12448600 -535.781588261856 3411  1704.528416
1.01724672 2.22408476 103.17748881 -535.739479584684 3412 10946.314986
0.93014136 1.63857653 106.80228031 -535.787976140192 3413   302.551148
1.40421680 1.58929243 104.44706085 -535.695014450406 3414 20705.284119
0.84475849 1.64419332  96.54339589 -535.771833894965 3415  3845.364533
1.00212988 1.67711843 107.33125487 -535.786361323690 3416   656.962411
0.75796149 1.66905869 111.02920181 -535.726723036769 3417 13746.053688
0.97588658 1.96936974  99.69304623 -535.769001925173 3418  4466.910071
0.78163861 1.60396975 112.42296256 -535.741756364605 3419 10446.619543
1.00593452 1.73980036  65.26970990 -535.742361628329 3420 10313.779508
1.02768986 1.54912543  89.10944857 -535.761026186528 3421  6217.382402
1.02013469 1.72323567  79.43145266 -535.768354257246 3422  4609.056753
0.73432744 1.70236493 127.64007636 -535.690501594994 3423 21695.741416
0.80271287 1.73617795 109.39581099 -535.754364401685 3424  7679.475202
0.92848298 1.65040867  65.90879140 -535.732156982104 3425 12553.440517
1.29007636 1.69058861  81.04366513 -535.714932513670 3426 16333.774447
0.90176910 1.62246511  75.02673846 -535.750151792532 3427  8604.036059
0.98015009 1.73804365 111.38474720 -535.784727698281 3428  1015.501752
0.88007866 1.63542090  95.33162778 -535.779271624848 3429  2212.971479
0.98817256 1.92458237 125.49418338 -535.755059758014 3430  7526.862125
0.85832107 1.73513719  86.54823659 -535.769886969843 3431  4272.665215
1.13176151 1.82308498  99.81703085 -535.760682738703 3432  6292.760488
1.02826045 1.63936070 108.11593637 -535.782640955219 3433  1473.488924
0.89621707 1.72706795  85.46191897 -535.776305782558 3434  2863.898634
1.34189195 1.67224991 124.05984558 -535.703791497643 3435 18778.944877
0.90039382 1.80962507 102.82022170 -535.780884870167 3436  1858.905051
1.01339785 1.80655215 112.30049638 -535.776854260234 3437  2743.521696
0.98446094 1.62041962  76.04437009 -535.755013213448 3438  7537.077476
1.28718956 1.66758041  96.26504120 -535.727389745279 3439 13599.728081
1.03552358 1.69740636  94.25816800 -535.780817112437 3440  1873.776154
0.95302121 1.92333813 123.85943116 -535.758132520068 3441  6852.468793
0.82537624 1.64898009  75.42339710 -535.735363798907 3442 11849.625569
1.02520921 1.76779201 100.05887002 -535.782130960712 3443  1585.419783
1.43966732 1.60054722 106.87340507 -535.689342920240 3444 21950.041135
0.97290634 1.84472597  95.57095627 -535.780926224538 3445  1849.828815
1.51917437 1.89337678 103.30488119 -535.660946476082 3446 28182.340363
1.05788224 1.73438216 105.33071884 -535.778626611659 3447  2354.535513
0.87606536 2.05560984  97.62973652 -535.753043182694 3448  7969.449258
0.93823238 1.91937570  82.96274821 -535.769716196280 3449  4310.145680
1.00895247 1.96006007 106.74451146 -535.765448503774 3450  5246.795937
1.08821098 1.92039650  98.03310985 -535.760883679642 3451  6248.659049
0.95715949 1.69240603 103.83464100 -535.789264281055 3452    19.836901
1.22010262 2.00409400 102.37183638 -535.723611771328 3453 14428.897537
1.12358178 1.72666962  93.15424650 -535.765161450106 3454  5309.796936
1.04077786 1.87403708  95.01651214 -535.772392011452 3455  3722.872121
1.16575543 1.83621727 100.80684796 -535.752293995838 3456  8133.876770
0.79036027 1.66801162 121.53168566 -535.742127652477 3457 10365.131272
0.95636372 1.45614596 117.46248466 -535.753713466003 3458  7822.339073
0.95129781 1.91687694  97.20298561 -535.775029144240 3459  3144.088364
1.00477266 1.81243143 123.29474339 -535.767347278260 3460  4830.063099
0.96488777 1.79476285  96.91768139 -535.784862219022 3461   985.977861
1.34046852 1.67844874 114.54806269 -535.712022616491 3462 16972.423069
1.02836303 1.76277030 117.65688808 -535.774404761374 3463  3281.124566
0.92908963 1.82336568 103.23014414 -535.782221516845 3464  1565.545008
1.02251010 1.62158643 121.03880016 -535.775582019008 3465  3022.746376
0.89271322 1.57522003  90.19153282 -535.769079034133 3466  4449.986610
1.30505453 1.81479549 102.80110928 -535.720047712944 3467 15211.117951
0.97867422 1.56366045 110.37647466 -535.780636316065 3468  1913.456372
0.86394863 1.79871329 108.65361366 -535.773193265756 3469  3547.017125
0.94541352 1.90275615 150.22500127 -535.719083178406 3470 15422.808817
1.00004910 1.72824684 113.16586260 -535.782750387885 3471  1449.471230
1.53482466 1.73375886 108.13869874 -535.665901888233 3472 27094.753088
0.91689314 1.76116194  75.16588608 -535.764437712469 3473  5468.638990
0.96178009 1.96815164 142.01934024 -535.728325259171 3474 13394.406511
0.84332436 1.80143336  94.35324552 -535.768269438080 3475  4627.672409
1.15207783 1.69382055  59.09380937 -535.704955040489 3476 18523.576735
0.94818479 1.64816313  79.89103439 -535.767382295572 3477  4822.377687
0.80316385 1.74311586 113.90005321 -535.751732713196 3478  8257.064073
0.93651102 1.71489603 106.47690868 -535.788285666331 3479   234.618011
0.93133524 1.74229424 121.66646139 -535.776820429512 3480  2750.946682
0.89920600 1.94016188  99.70133711 -535.769004637202 3481  4466.314849
1.14790573 1.70361187 122.70218250 -535.751443368346 3482  8320.567929
0.74470400 1.86318051 105.83685949 -535.704072675884 3483 18717.233385
0.94270558 1.70137016  90.19120500 -535.784090578302 3484  1155.333427
1.04161083 1.58989439 100.84886652 -535.776532027037 3485  2814.243710
0.99655252 1.84717364  96.66062140 -535.779494814103 3486  2163.987099
0.85677546 1.70698758  73.13961252 -535.746990112285 3487  9297.944679
1.05324102 1.67182965  82.22707994 -535.765535482568 3488  5227.706298
1.36605991 1.67989251  86.53771150 -535.700993062162 3489 19393.130484
1.17103289 1.71525991  77.00458514 -535.738683674033 3490 11120.997186
0.86920520 2.22055412  98.74052976 -535.734777862326 3491 11978.223786
0.93085645 1.80266383  93.55516698 -535.783181389424 3492  1354.877324
0.82807787 1.77656993 105.18064389 -535.764774291217 3493  5394.768492
0.97205639 1.65667596 130.60901512 -535.769826067527 3494  4286.031728
1.16903369 1.68325481  89.80032983 -535.752568118461 3495  8073.713807
1.10993420 1.66512069 132.20003829 -535.748786649031 3496  8903.650432
1.14666943 1.62754700 113.29419774 -535.758929319075 3497  6677.591622
1.10765258 1.69128370  92.56927051 -535.767768655447 3498  4737.581494
0.84572907 1.62116724  85.26661747 -535.758318711792 3499  6811.604433
0.96036119 1.44829285 112.91693560 -535.751198395004 3500  8374.333364
0.97758932 1.51155580 108.78356934 -535.770969492648 3501  4035.078917
0.92277143 1.72306816  66.54073789 -535.743673658540 3502 10025.822155
0.92648707 1.83715251 112.68904145 -535.776516270561 3503  2817.701857
0.97629535 1.87136759 140.73943407 -535.738721292419 3504 11112.740904
1.07871887 1.65191301  79.21588758 -535.755049822311 3505  7529.042760
0.99231356 1.72590263 128.20808318 -535.768995569539 3506  4468.304971
1.01105549 1.74428828  69.38523985 -535.751944933264 3507  8210.487151
0.92112546 1.56132571 110.33470267 -535.780553337643 3508  1931.668031
1.28238816 1.87575752 100.55043496 -535.721263131906 3509 14944.364318
0.83875773 2.15092838 105.78064396 -535.730179085656 3510 12987.538619
1.21167806 1.71650150 122.13205303 -535.736957882721 3511 11499.764605
1.09759786 1.49116572 104.31223427 -535.746639054335 3512  9374.992995
0.91341649 1.71051893 127.32246754 -535.771235511098 3513  3976.694614
0.96960179 2.26138961 109.42460381 -535.736966729424 3514 11497.822978
0.92999546 1.77354161 119.65552200 -535.776496880415 3515  2821.957502
1.11279033 1.69788408 141.35592907 -535.733169693683 3516 12331.176013
0.95345649 1.92241991 117.33653743 -535.764873745396 3517  5372.940822
1.11447319 1.75457766 108.57212886 -535.766538566367 3518  5007.554847
0.74070008 1.90259971 103.72442431 -535.696855356388 3519 20301.251950
0.73463084 1.74036855 107.27384396 -535.704427374620 3520 18639.386010
0.92176253 1.79967563  84.78948579 -535.777240612739 3521  2658.727121
0.94324783 1.90182347  73.08856419 -535.760760756252 3522  6275.637615
0.92807476 1.72063833 115.50949820 -535.783319599609 3523  1324.543694
1.07332248 1.69018195 109.52719833 -535.776001407402 3524  2930.701261
0.97271245 1.87687371 120.70322929 -535.766023518415 3525  5120.594808
1.26707008 1.70206507  95.07831424 -535.732790638838 3526 12414.368937
0.92820093 2.04192724  96.20221546 -535.761494990963 3527  6114.491720
1.14263619 1.50772799  97.77639514 -535.737382504831 3528 11406.570822
1.10884305 1.71764769 124.18090223 -535.757385632864 3529  7016.391590
1.02810563 1.76869001 101.88422689 -535.781692585641 3530  1681.631992
1.04467350 1.64435013  71.49831174 -535.743217254191 3531 10125.991334
1.04457735 1.75096998 123.77062405 -535.766966676698 3532  4913.595488
1.19454766 1.68897221 100.51108704 -535.751840088221 3533  8233.497979
1.18461145 1.62265660 106.93663009 -535.751973290091 3534  8204.263547
0.89646724 2.12315792 103.23320081 -535.748177376513 3535  9037.370295
0.84066267 1.70290075  83.48523256 -535.760357438262 3536  6364.155684
0.83997025 1.40782835 108.36619554 -535.716346655472 3537 16023.406190
1.11420564 1.67786537 126.36448111 -535.755160869395 3538  7504.670741
1.34345662 1.75519770 106.91077353 -535.712897436685 3539 16780.422226
0.71203318 1.80416109 104.17974594 -535.675605713072 3540 24965.009669
0.78237460 1.66940676  96.63509228 -535.743753471915 3541 10008.305144
0.95077294 2.16066570  96.30309112 -535.750185400118 3542  8596.660047
1.43242390 1.66177396 102.27064155 -535.690602867548 3543 21673.514659
1.41020405 1.67102619  87.08021974 -535.688753411600 3544 22079.423329
0.99981211 1.60922037  96.65587574 -535.781465386619 3545  1731.496414
1.02082859 1.73820613  93.34703512 -535.781968427479 3546  1621.091705
1.07366521 1.70841627  76.02516642 -535.755136676206 3547  7509.980533
0.95603836 1.62290044  70.92305322 -535.743190086236 3548 10131.954011
1.23556215 1.67874600 126.40712482 -535.727608641329 3549 13551.685951
0.97689052 1.87338513  70.89199848 -535.758367978542 3550  6800.791631
0.93929007 1.94011004 101.77708069 -535.771822222620 3551  3847.926317
1.18986719 1.64312349  96.34990343 -535.750064705620 3552  8623.149428
1.01941225 1.58398223 121.25760977 -535.773560528514 3553  3466.412265
0.84086929 1.79230280 105.72262447 -535.768133234204 3554  4657.565705
1.04940589 1.67444649  64.76903460 -535.729971264951 3555 13033.149992
1.32875489 1.69214734  75.06836991 -535.697683446173 3556 20119.507247
0.96456858 1.89085554 127.86872036 -535.756495703398 3557  7211.708535
1.50622248 1.62327241  98.78891019 -535.675631096371 3558 24959.438679
0.80005035 1.64894510  97.40443328 -535.753807337236 3559  7801.736718
1.01133801 1.63511969 107.85199192 -535.784499895945 3560  1065.498586
1.23500716 1.70552643 116.37745386 -535.736781166021 3561 11538.549438
0.96316444 1.44019986 106.58252453 -535.746061897380 3562  9501.664307
0.78603225 1.74403064 100.66460596 -535.746055318979 3563  9503.108099
1.05732743 1.60888195  96.54600712 -535.774185436556 3564  3329.260800
1.03344148 1.85444644  95.51340669 -535.775002018703 3565  3150.041731
0.83090144 1.74954318  84.84190404 -535.759154080304 3566  6628.262233
1.02330467 1.83994472  96.53953266 -535.777468467088 3567  2608.718871
0.82813737 1.71479684 132.96726685 -535.744650793145 3568  9811.365894
1.18277683 1.82412614 107.57774401 -535.747554461472 3569  9174.084347
0.98786687 1.74052307 125.18020270 -535.772122696125 3570  3781.980004
0.94068523 1.56450288 134.51593396 -535.762556228897 3571  5881.576911
0.84005144 2.18601887 100.05280735 -535.729147692073 3572 13213.903350
0.97456886 1.58676886  79.24809038 -535.756173438807 3573  7282.437439
1.35427022 1.70007693  91.43240797 -535.708830221614 3574 17673.072771
0.97788563 1.76309301  66.73069171 -535.748797162939 3575  8901.342895
1.11926035 1.64302547  93.97894635 -535.764232601829 3576  5513.655573
0.88603828 2.05366038  97.32708457 -535.755232695285 3577  7488.906780
0.95359322 1.70409657  84.65879820 -535.778588183345 3578  2362.969554
0.93148865 2.09737109 107.56302292 -535.752440460303 3579  8101.731535
1.50916956 1.74349831 100.61281251 -535.672978523204 3580 25541.611208
1.14664511 1.70130778  86.41212274 -535.755044108587 3581  7530.296777
0.95972890 1.50659304 116.06410744 -535.769413842965 3582  4376.504564
0.92639138 1.65424763  84.01340000 -535.774028063071 3583  3363.800288
0.75778198 1.64049228 116.79688773 -535.723615110534 3584 14428.164666
0.86033074 1.81155326 104.60998346 -535.772706985193 3585  3653.743374
1.04103040 1.90692400 103.91715682 -535.768422810470 3586  4594.011059
0.89533005 1.43908425 105.29917836 -535.742693998523 3587 10240.832680
1.08482281 1.68602965  56.89452083 -535.704645316244 3588 18591.553351
0.87364795 1.62921977 120.25232085 -535.774662362575 3589  3224.587636
0.91762828 1.69671450 126.94524190 -535.772704628382 3590  3654.260634
0.97981823 1.77336312  82.20530929 -535.775664979331 3591  3004.538689
0.95785222 2.03824453  71.37105146 -535.751244405095 3592  8364.235316
1.06157415 1.72008941 138.51684806 -535.745951840759 3593  9525.818944
1.05478972 1.68046768 113.97009380 -535.776947760865 3594  2723.000679
1.41912773 1.69929129 127.12947226 -535.680906231814 3595 23801.680251
0.95141464 1.91985095 102.78225968 -535.773868642207 3596  3398.789124
1.33219972 1.84096956 101.09487977 -535.711585587469 3597 17068.339854
1.39492337 1.64726242  99.72227108 -535.699001261293 3598 19830.280254
1.00042857 1.75759678 120.49552216 -535.775072032696 3599  3134.675435
0.92873329 1.58478319  86.58433884 -535.769079759085 3600  4449.827501
0.99574574 1.68323938 120.83760657 -535.778752019461 3601  2327.011682
1.09875109 1.70426744  76.33936405 -535.751255126543 3602  8361.882230
1.34448452 1.67139172  99.29558552 -535.713897839033 3603 16560.859285
0.99565985 1.75300671 140.11320217 -535.749228643386 3604  8806.643882
0.87233156 1.67381692  66.81378070 -535.730476362837 3605 12922.293818
0.84154588 1.67615512  84.92558090 -535.761373114211 3606  6141.240575
1.07839996 1.60936956 109.99853364 -535.772851665633 3607  3621.989687
1.30867241 1.72100009  95.07662888 -535.722389728811 3608 14697.104873
0.88828731 1.70525268 116.14641192 -535.779534355401 3609  2155.308787
0.94926758 1.51782298  63.52222420 -535.684172457727 3610 23084.826510
0.92884855 1.98221955  92.35556413 -535.767591213089 3611  4776.525591
1.06310738 1.57823411 112.50437842 -535.771885445657 3612  3834.050464
0.96676450 2.01509334 140.31858505 -535.727323017641 3613 13614.373105
0.90205607 1.82513485  97.89108666 -535.780158708832 3614  2018.279045
0.98942011 1.65815057  90.19653831 -535.781155840866 3615  1799.433855
0.94531675 2.07843592 120.23148538 -535.746036348614 3616  9507.271613
0.82348409 2.14898595 103.57366746 -535.725242065659 3617 14071.089283
0.89377249 1.58441369  82.29438661 -535.758120069027 3618  6855.201481
1.20491235 1.75987316 100.99773238 -535.747989304422 3619  9078.647349
0.97826137 1.78812003  83.72390769 -535.777093146398 3620  2691.092243
1.14413881 1.79564803  97.55311591 -535.759789296641 3621  6488.848359
1.29810075 1.66470081  92.95684617 -535.722709376326 3622 14626.950351
1.22794891 1.68890912 138.63271453 -535.712154174594 3623 16943.549402
0.95091034 1.81270836  78.71321322 -535.771330269798 3624  3955.897483
0.84037827 1.76883554 109.40490668 -535.768299408227 3625  4621.094721
1.09663800 1.84451194 108.88145528 -535.763286520366 3626  5721.296457
0.84809699 1.64947703 119.60549116 -535.769050896715 3627  4456.162060
1.27183275 1.74309720 101.28490384 -535.732303178370 3628 12521.354145
0.99981638 1.85987579 123.44654495 -535.763141336668 3629  5753.160596
1.27385982 1.68226777  66.28959197 -535.696559185939 3630 20366.253852
0.92740143 1.88875212 106.09683159 -535.775141244345 3631  3119.485234
1.06179407 1.68442481 130.30911540 -535.759634383583 3632  6522.847846
0.93356609 1.77086076 145.30020125 -535.740447397737 3633 10733.904569
0.85704282 2.13602560 107.00566099 -535.736960660180 3634 11499.155023
1.13667803 1.66784285  73.20411184 -535.735488576096 3635 11822.240141
0.94755125 2.02134677  77.49435714 -535.757960508458 3636  6890.220979
0.93793943 1.50005744  94.96273200 -535.760345484297 3637  6366.779276
1.00739530 1.75927233  82.91483638 -535.774664456783 3638  3224.128010
1.06262246 1.66677215 121.44559739 -535.770007456102 3639  4246.221537
0.97827481 1.65821775  85.80575564 -535.776928307824 3640  2727.270128
1.53528126 1.70813423 115.86827620 -535.662546988481 3641 27831.068488
1.01537036 1.74020458  70.86797930 -535.754472576954 3642  7655.733474
0.96820779 2.18885690  81.06259342 -535.745785447636 3643  9562.338014
0.80886521 1.66246840 122.86532297 -535.750848985910 3644  8451.019797
1.01241675 1.64651132 107.08301926 -535.784931377149 3645   970.799406
0.99041383 1.67265291  77.68768800 -535.764757247129 3646  5398.509237
0.92942880 1.68405583 146.37324688 -535.745221985725 3647  9686.003611
0.92780837 1.71922114 120.97827097 -535.778721657750 3648  2333.675307
1.04990031 1.71245770  73.92283225 -535.755026229522 3649  7534.220778
0.98490766 1.78076494  95.41803993 -535.784430967251 3650  1080.626686
1.09658709 1.69929867 124.37124451 -535.760273595738 3651  6382.556991
0.94677031 1.54839389 114.70060730 -535.778205260347 3652  2447.011439
0.95759089 1.65000260  94.97143969 -535.785831026524 3653   773.349188
0.94061094 1.45897860  67.28217155 -535.669845518786 3654 26229.226210
0.98555942 1.44949191  78.54750280 -535.704699341380 3655 18579.696204
1.01339207 1.64603847  98.86889893 -535.784012603586 3656  1172.446899
0.76676416 1.67121768 121.02200144 -535.726905051829 3657 13706.105999
0.95764194 1.61368471  97.95380971 -535.784935024588 3658   969.998886
0.81023578 1.79436082 112.90413178 -535.751962451823 3659  8206.642272
1.07938209 1.70752399 143.04772753 -535.736140748688 3660 11679.104799
1.28105741 1.69134808  76.99034593 -535.711888173144 3661 17001.929974
0.98207268 1.78531947  99.00679883 -535.784963479930 3662   963.753660
0.94994987 1.65941031  94.47138075 -535.786037180819 3663   728.103549
0.83386338 1.62669739  93.87015339 -535.765076654067 3664  5328.407516
0.73603064 1.75391780 100.29059319 -535.705878881809 3665 18320.816998
0.82957392 1.70886752 103.30269019 -535.769006789905 3666  4465.842386
0.88440024 1.59163517  91.73162635 -535.772248510575 3667  3754.366923
0.90656108 1.58543526  97.20792577 -535.779297905206 3668  2207.203607
0.98404609 1.74546687  90.92191006 -535.783657347077 3669  1250.416692
0.85654111 1.61640116  86.82368589 -535.763216602133 3670  5736.641736
0.85931404 1.66487516  96.55283444 -535.776881135829 3671  2737.623185
1.00772299 1.51979872  88.81008011 -535.754993621447 3672  7541.377424
1.01950228 1.83637519 117.27308488 -535.769765563530 3673  4299.310821
0.84799635 1.68319866  79.49526248 -535.755377514369 3674  7457.122665
0.89715604 1.81936767  94.87605261 -535.779462330112 3675  2171.116511
0.90114550 1.91381304  99.39113521 -535.772002805845 3676  3808.292879
0.94765435 1.45849944 135.05878237 -535.741532211802 3677 10495.815397
1.38381089 1.71265993 102.17936268 -535.704712650314 3678 18576.775231
1.37798392 1.68236027 132.38958573 -535.684703112475 3679 22968.361252
0.87446810 1.71643072  77.48274692 -535.760677472967 3680  6293.916184
1.28212539 2.16399015 101.58210890 -535.692917001568 3681 21165.620938
1.02866528 1.84742232 108.32171574 -535.773873569919 3682  3397.707616
0.97896259 1.54456547 138.05626569 -535.754637087054 3683  7619.627680
1.07733547 1.67735560 122.14910976 -535.766696282401 3684  4972.940178
1.17741403 1.62732222  93.39376255 -535.749887390546 3685  8662.065589
1.26813425 1.67338032  96.39822132 -535.732464806619 3686 12485.880844
1.01065319 1.66278971  88.39710725 -535.777854916594 3687  2523.903007
1.11796192 1.69531055  91.81026730 -535.765323373507 3688  5274.258857
1.06154553 1.91446292  98.10516741 -535.765872447321 3689  5153.751081
0.93332518 1.66164668 107.71627363 -535.788497748121 3690   188.071437
1.21198571 1.62042040 104.05417366 -535.745344590399 3691  9659.094995
1.03631518 1.57681994  93.13329105 -535.770221105829 3692  4199.330841
1.37079162 1.70206299 127.46317424 -535.692345820753 3693 21290.980640
0.90745139 1.69982720 138.27193557 -535.755959668945 3694  7329.354501
1.11084821 1.84260401  99.27283504 -535.763443069764 3695  5686.937835
0.96839367 1.58915424 111.98064019 -535.783644223210 3696  1253.297048
0.98881633 1.51825558 107.82937671 -535.771722122985 3697  3869.895648
0.86078179 1.85634881 102.20088067 -535.769429714608 3698  4373.021141
0.92608979 1.95501792 114.36966641 -535.762991422167 3699  5786.063027
0.95381277 1.67805434 107.31277718 -535.788906796572 3700    98.295678
1.26021116 2.02477452 103.35780648 -535.711535155888 3701 17079.408307
0.85628165 1.71115345  73.42598123 -535.747804189532 3702  9119.275372
0.96158315 1.66489952  83.70183953 -535.775129572018 3703  3122.047014
0.82620205 1.74486499  99.87900987 -535.766277950859 3704  5064.753340
0.96788532 1.79892334  75.65123320 -535.767125381898 3705  4878.763722
0.95779686 1.65619349 107.72022499 -535.788605633727 3706   164.393283
0.82663183 1.85360687 102.18414661 -535.758431478597 3707  6786.854979
0.93291359 1.57184132  98.14000592 -535.779731987568 3708  2111.933539
1.01678070 1.69865375  70.38970396 -535.750178909130 3709  8598.084654
1.00731692 1.57282634  97.09408406 -535.776324756581 3710  2859.734317
1.47829162 2.03282882 102.61086869 -535.657259670309 3711 28991.500716
0.96409184 1.96982945  92.00000353 -535.769385914125 3712  4382.634236
0.89805265 1.72037311 107.12158116 -535.784956048244 3713   965.384727
1.18872693 1.55381853 107.53848610 -535.742713191944 3714 10236.620211
1.06121231 1.81919265  95.61954555 -535.773651909361 3715  3446.356487
0.88500084 1.96652528  97.27785856 -535.764302951001 3716  5498.215714
0.96361283 2.15630121  71.22710515 -535.742907365596 3717 10194.004020
0.97806741 2.09594552 133.59717738 -535.730238125504 3718 12974.580870
0.86399488 1.65652564 134.97903764 -535.755693609449 3719  7387.747812
0.93638729 1.66916110 117.91255131 -535.783423403717 3720  1301.761325
0.94799494 2.06670183  83.01939613 -535.757441318071 3721  7004.170100
1.00482707 2.01404339 114.06021643 -535.755590623132 3722  7410.350697
0.95020715 1.58091622 110.36027153 -535.783692704446 3723  1242.656646
1.21390509 1.67825535 111.98700363 -535.745042812157 3724  9725.327665
1.04309505 1.73078444 126.02694766 -535.765802178814 3725  5169.173236
0.98286506 1.94195867 106.80011775 -535.769245517116 3726  4413.447818
0.86047251 1.84419093 110.17083943 -535.767403368123 3727  4817.752797
0.97869153 1.53114941  65.77833635 -535.700097826068 3728 19589.612099
0.95191916 1.87446431 126.29216637 -535.760259880078 3729  6385.567231
0.87446877 1.64892717  73.66009456 -535.746220735315 3730  9466.803409
0.90344639 1.67728514  93.09270926 -535.783227273836 3731  1344.806860
0.88770463 1.65950499  85.60148392 -535.772481995379 3732  3703.122931
0.97785585 1.91280873 111.03851283 -535.770202079725 3733  4203.506588
0.97437036 1.94882768  55.73325708 -535.728337949036 3734 13391.621407
1.08726379 1.72017382  80.80402412 -535.760701796348 3735  6288.577818
0.86926041 2.06853757 102.40789158 -535.749003171483 3736  8856.129245
1.12484609 1.88515477 106.15560836 -535.755343645502 3737  7464.556022
0.92729464 1.71664456 133.03055664 -535.764211589160 3738  5518.267321
0.98203245 1.62205048 117.26047984 -535.782359096266 3739  1535.349815
0.76991484 1.67239557  81.20063430 -535.718617571469 3740 15524.997730
0.85326279 1.57259831 109.02012081 -535.771361370964 3741  3949.071566
0.95861885 2.11948503  69.40581496 -535.743905025460 3742  9975.042985
0.96290568 1.77389193 101.87772410 -535.786378096657 3743   653.281170
1.13575485 1.72242615 108.44398936 -535.763603010409 3744  5651.834920
1.04569022 1.95050505 109.49942014 -535.760768569274 3745  6273.922855
0.90227144 1.77551544  98.81836421 -535.783587659964 3746  1265.711246
0.91923755 1.74158001  73.91126872 -535.761677846962 3747  6074.359466
1.14332888 1.71302465 101.14239745 -535.763395053000 3748  5697.476297
0.99247317 1.58396558  76.31457267 -535.748095410314 3749  9055.359797
1.32469377 1.69350207  71.42587660 -535.693768747329 3750 20978.684348
1.03128255 1.68652360 115.08369391 -535.779498904410 3751  2163.089380
0.95226016 1.55763123 125.11091142 -535.772346413314 3752  3732.879755
0.95443092 1.48474223 105.33103918 -535.763458864039 3753  5683.471392
0.89864259 1.83330129  93.86374400 -535.778405158692 3754  2403.138823
0.84914757 1.82321586 104.70841960 -535.768537339037 3755  4568.874944
0.91135911 1.62926494 109.39044031 -535.785937594395 3756   749.960243
1.02214900 1.85898347 106.42298929 -535.774429556975 3757  3275.682560
1.12363611 1.66427357 107.70633586 -535.766979851986 3758  4910.703846
1.11196392 1.73861403 107.41108116 -535.768235945676 3759  4635.023142
0.94951197 1.67864477 107.62871470 -535.788850362158 3760   110.681600
0.98952317 1.60819112 111.74411226 -535.783985907569 3761  1178.305998
0.74130355 1.69865817 101.89842372 -535.713201824814 3762 16713.616752
1.03798650 1.74469238  90.56210222 -535.778156123938 3763  2457.795635
1.12150703 1.69680134  87.64749282 -535.761301779977 3764  6156.896630
0.89295031 1.68696576 103.22894679 -535.785537886452 3765   837.685998
0.70203843 1.67089232 114.58103522 -535.666737022644 3766 26911.462268
0.99692893 1.53926294 114.00180099 -535.774556428744 3767  3247.837425
1.17030020 1.71609560 120.46677584 -535.748230337244 3768  9025.746758
1.01209057 1.64988052 103.01542151 -535.785237669752 3769   903.575949
1.18993953 1.72514374 101.14350408 -535.752676105448 3770  8050.013403
0.85227145 1.52505224  97.21087574 -535.757858522998 3771  6912.604200
1.02198234 1.66055495  83.74219748 -535.770804755973 3772  4071.234438
1.02331453 1.63144415  89.97362249 -535.775688430489 3773  2999.391755
0.98415367 1.67604926  75.11689364 -535.760397013865 3774  6355.469843
1.04803689 1.73097869  79.68051875 -535.765583857795 3775  5217.089162
1.06455461 1.75563860 104.36385579 -535.776830927220 3776  2748.642701
1.10496374 1.72624938 116.57449790 -535.764988387053 3777  5347.779886
1.29888452 1.75278064 108.94365983 -535.723465981165 3778 14460.894780
0.98323611 2.06726457 105.16669813 -535.756593392980 3779  7190.268150
1.01214521 1.52747885  94.53319709 -535.764200477325 3780  5520.706087
0.96687631 1.96566187  98.99610831 -535.769794850862 3781  4292.882994
0.86234777 1.72637110 127.29202989 -535.762121881410 3782  5976.905167
0.91117551 1.73486618  87.16671946 -535.779857012886 3783  2084.493653
1.27558946 1.71012156  80.54881064 -535.718906237773 3784 15461.642798
1.01328076 1.91037766 110.62023033 -535.768128593300 3785  4658.584265
0.82535615 1.59664069  90.40811496 -535.754968268686 3786  7546.941712
1.02026238 1.93961815 101.92638682 -535.768220520571 3787  4638.408561
0.91846290 1.57402053 113.19237693 -535.781229416284 3788  1783.285917
1.01820531 1.70087410 102.02759778 -535.785116894889 3789   930.082968
1.03267727 1.77333237 109.07921605 -535.778882862965 3790  2298.294852
1.13363742 2.11497571 104.50017145 -535.730823235840 3791 12846.163992
0.89711389 1.68036593 130.22847048 -535.767250662099 3792  4851.267896
0.82017319 1.75705783  89.10758203 -535.758649634773 3793  6738.975232
1.11253737 1.70392772  81.45811921 -535.756342991934 3794  7245.224828
0.86823302 1.71583660 111.20894790 -535.778305376798 3795  2425.038417
1.09675203 1.65834615 131.32013897 -535.752640118165 3796  8057.911698
1.10428378 1.72597546 125.51432950 -535.756341375610 3797  7245.579570
0.95271008 1.89391467  73.17036063 -535.761371190240 3798  6141.662838
0.94215779 2.00300281 103.26372468 -535.764745392315 3799  5401.111068
1.02206325 1.64770207  58.76423301 -535.707584756884 3800 17946.420688
0.90222095 1.58261042  84.51999475 -535.763037907785 3801  5775.860613
1.04298941 2.20343289 106.65181518 -535.737085330988 3802 11471.792943
0.85961182 1.87806888 105.54257878 -535.766021141910 3803  5121.116391
0.96640957 1.87542555  80.72622567 -535.770901900152 3804  4049.913755
1.25368080 1.55931758  98.65768752 -535.720878167171 3805 15028.854312
1.08728401 1.68966660  73.24653720 -535.746497171032 3806  9406.132781
0.98752767 1.47353317 124.07254754 -535.754396513323 3807  7672.427511
1.30506566 1.69092711  68.62830181 -535.694154770305 3808 20893.962096
0.97613946 1.61109100 129.87624413 -535.770171259485 3809  4210.270849
0.89161803 1.51343367 111.01080044 -535.768857594487 3810  4498.586996
1.33906226 1.70889258 104.07107882 -535.715989262952 3811 16101.844783
1.15440545 1.72224561  89.28196198 -535.756232147699 3812  7269.552326
0.89706851 1.86807757 110.64617050 -535.771955383841 3813  3818.700806
1.25155571 1.75673842 100.20057063 -535.736822580126 3814 11529.460092
0.89751630 1.96611282 111.34191368 -535.761075402686 3815  6206.580704
1.05246879 1.65879872  58.65778199 -535.707967683060 3816 17862.378105
1.00848018 1.74850811 144.00893519 -535.741775902374 3817 10442.331498
1.11306472 1.69963401 104.87839236 -535.769703058750 3818  4313.029035
1.11803950 1.78472117 104.76112237 -535.765348293903 3819  5268.789462
1.03857547 1.58739542  95.12189412 -535.773303204039 3820  3522.888460
1.08686100 1.81683073 103.16187917 -535.769415401823 3821  4376.162434
1.05261464 1.66561630 119.27424802 -535.773551676214 3822  3468.355120
0.93342338 1.63091174  96.93137629 -535.785570509509 3823   830.526065
1.09099610 1.64929554  89.96175212 -535.766883856429 3824  4931.772436
1.00891594 1.71523452 103.54217596 -535.785823284332 3825   775.048402
0.87488238 1.47244135 104.50559283 -535.752719494686 3826  8040.490565
1.43631987 1.73734867 106.61528165 -535.690420887033 3827 21713.454766
0.86259639 2.09744777 107.48705311 -535.742176799131 3828 10354.344828
1.17724232 1.87559927 104.78135470 -535.745473265145 3829  9630.854152
0.86390356 1.66198053 112.04094880 -535.778116354728 3830  2466.523967
1.12930338 1.64092042 120.59181427 -535.758052151060 3831  6870.107752
0.97227470 1.63388871 119.01110656 -535.781981190727 3832  1618.290496
0.89304978 1.76107593 125.56773494 -535.767629404956 3833  4768.143445
1.14911137 1.61580473 101.46823835 -535.759246981640 3834  6607.872746
1.07174045 1.78682368 104.44620758 -535.773842719661 3835  3404.478466
0.88869070 1.54723576  92.02229695 -535.765247672587 3836  5290.873288
0.95671278 1.64396351  93.98398314 -535.784807010474 3837   998.094737
1.09632525 1.74819490 116.03792975 -535.765925025620 3838  5142.211478
0.90244962 1.82228027 109.76353388 -535.777558051377 3839  2589.057392
0.98673454 1.80330545  89.44925079 -535.780607622982 3840  1919.753776
0.94979147 2.08676543 117.63877527 -535.747521155791 3841  9181.394099
1.01540801 1.74594579 104.05679756 -535.784022147141 3842  1170.352331
1.08735288 1.62873468  98.06631387 -535.771660254773 3843  3883.474151
1.44757330 1.65715900 114.12296648 -535.684146682690 3844 23090.483477
0.96469684 1.95200313 115.00030834 -535.763598878504 3845  5652.741769
1.03274899 1.47605803 108.81949942 -535.754612536497 3846  7625.015904
1.00370296 1.53692745 105.04350477 -535.773992241007 3847  3371.662323
0.96683725 1.91427479  76.44907226 -535.764335867010 3848  5490.991485
0.91598515 1.89219798 111.33687401 -535.771153855548 3849  3994.615936
1.19530017 1.57933375 104.42457970 -535.745045515399 3850  9724.734371
1.24118955 1.71633550  84.91698674 -535.732243700550 3851 12534.408018
0.88494853 2.18669554 104.97974214 -535.739384449516 3852 10967.194742
1.29996263 1.76273787  97.31201562 -535.724251488711 3853 14288.495797
1.01400829 1.84983248 105.84996934 -535.776362423072 3854  2851.467478
0.90381971 1.66379492  70.30011181 -535.744707277479 3855  9798.969016
0.95346710 1.99894487 107.53736949 -535.763518972161 3856  5670.279184
0.99129636 1.61112908 119.21343557 -535.779802380843 3857  2096.484001
1.31416305 1.70276884 132.29623235 -535.700123714992 3858 19583.930137
0.97822089 1.95800347 105.33411852 -535.768418338500 3859  4594.992543
0.98473024 1.77562583  78.98057210 -535.771365544815 3860  3948.155512
1.01264190 2.09896430  95.62849262 -535.753565167571 3861  7854.886817
0.92468287 1.75484131 125.35505808 -535.771528202602 3862  3912.456253
0.90487272 1.68489408 130.54815243 -535.767555040817 3863  4784.464487
0.97584287 1.67481741  64.24550753 -535.732739749957 3864 12425.537755
0.97699101 1.51715588 113.39330241 -535.771886595553 3865  3833.798091
0.92381012 1.80866480 122.80369536 -535.769889298669 3866  4272.154096
0.92127101 1.68821597  99.92370343 -535.788104068935 3867   274.474033
1.04240056 1.70595575  85.80261579 -535.773273249864 3868  3529.462642
1.20043165 1.71640027  98.76020154 -535.750113440926 3869  8612.453264
0.94793098 2.13053999  81.64435337 -535.751120368226 3870  8391.458262
1.14001777 1.65732016 120.78011734 -535.755785907637 3871  7367.490701
0.85570239 1.64622548 116.41460080 -535.773548340112 3872  3469.087310
0.90425166 1.48272890 101.68832323 -535.758862800394 3873  6692.190785
0.92223587 1.85902498 118.90563813 -535.768943054580 3874  4479.830673
1.02082759 1.67823010 138.67737532 -535.753482847968 3875  7872.953882
1.05950984 1.81383850  93.05887458 -535.773577795872 3876  3462.622518
1.05187378 1.67903424 104.43474953 -535.780672349549 3877  1905.547936
0.92802993 1.61812207 139.50917520 -535.757822897093 3878  6920.423183
0.98224887 1.97212886  78.57525242 -535.762019413361 3879  5999.394305
1.03707843 1.65844208  95.94961769 -535.780439873114 3880  1956.570617
1.05499535 1.78955637 112.80250527 -535.772529519994 3881  3692.692484
0.92061303 1.80294779 114.44325118 -535.777976342583 3882  2497.253082
1.06252927 1.70471356  78.01389568 -535.759905794945 3883  6463.279936
0.92290767 1.59415453 113.82802706 -535.783146053728 3884  1362.632613
0.96530041 1.57300228 145.50105247 -535.747256881068 3885  9239.395698
0.86598882 1.60812688 106.37953515 -535.778088198330 3886  2472.703583
0.90685066 1.57136714  88.12684019 -535.767258382481 3887  4849.573467
1.10946224 1.77759508  94.50588557 -535.767159234287 3888  4871.333981
0.94894612 1.83532280  99.29630943 -535.782299507204 3889  1548.428103
0.99768162 1.58634613 136.46186105 -535.758849328939 3890  6695.147428
0.92321145 1.65730745 103.93823377 -535.788319312823 3891   227.233459
0.89179638 1.53971135  96.91922335 -535.769267567039 3892  4408.608419
1.02845397 2.05319494 109.88306880 -535.751887884710 3893  8223.007862
1.12460520 1.80625646 102.52628825 -535.763060123672 3894  5770.984789
0.96886953 1.71200788 115.65398260 -535.783753747783 3895  1229.259182
0.83097483 1.74253103  99.07757795 -535.768136050991 3896  4656.947491
1.01992500 1.63058431  62.56751089 -535.717389858678 3897 15794.449547
0.94244300 2.15631249  87.53934313 -535.750313114227 3898  8568.630039
1.06054288 1.72092752 120.69870432 -535.769486245169 3899  4360.614116
0.99187508 1.74712405 127.73621622 -535.768273254384 3900  4626.834827
1.12418948 1.48944817 107.02395551 -535.740517447554 3901 10718.530411
0.97582909 1.66528031 134.49576510 -535.764155569028 3902  5530.562319
0.90303073 1.74170191 123.25914193 -535.772993941314 3903  3590.763784
0.93932375 1.74132935 118.27591906 -535.780366565215 3904  1972.659841
1.00000706 1.71267945 135.91110458 -535.758303761733 3905  6814.885591
0.89643335 1.53611864 101.93286139 -535.772563978515 3906  3685.129712
0.83025762 1.75195270  88.99029593 -535.762801452926 3907  5827.756457
0.97202368 1.95797873 116.20134511 -535.761781743040 3908  6051.556912
1.05211486 1.64896110  78.56667199 -535.757605062055 3909  6968.232448
0.87961312 1.67517933  93.14118154 -535.779617829666 3910  2136.988303
1.03954848 1.66294461  94.75211485 -535.779636220337 3911  2132.952017
0.94639588 1.51265559  89.54664200 -535.756992285710 3912  7102.721313
1.03366820 1.59480483 104.12572429 -535.779017950975 3913  2268.646460
1.14294650 1.68495160 128.47006464 -535.746441343860 3914  9418.385429
0.95149172 2.15193387  93.47610071 -535.751278036389 3915  8356.854100
1.49556548 1.79155566 100.43939400 -535.674503401133 3916 25206.939180
1.10606892 1.82251706  97.32635594 -535.765812719222 3917  5166.859884
0.71377635 1.65042367 100.04010952 -535.683499563179 3918 23232.509795
1.02034483 1.58485447  92.91229575 -535.773281086780 3919  3527.742637
0.94001995 1.86651069 121.94819976 -535.765933539060 3920  5140.342994
1.04592451 1.66867559  60.67092416 -535.717101825953 3921 15857.665424
0.97872650 1.72568764 124.69417815 -535.774145328850 3922  3338.063424
0.95583575 1.99940356  93.38882186 -535.766688324930 3923  4974.686641
0.99025364 1.69397772  90.30562292 -535.782707886481 3924  1458.799210
0.97650415 1.80077781 100.79463412 -535.784263608947 3925  1117.357589
1.04815070 1.72273064 110.40257600 -535.778794044488 3926  2317.788254
0.93735958 1.50390779 136.36473712 -535.751759103646 3927  8251.272039
1.02116910 2.03092323  95.52677798 -535.759661290096 3928  6516.942549
0.91584155 1.72612704  77.59302488 -535.767456764591 3929  4806.033626
0.84144123 1.66464174  94.43679160 -535.770375350824 3930  4165.477977
0.91224051 1.70796106 110.40798644 -535.785748425464 3931   791.478025
0.95383587 1.51161066 146.92661671 -535.739036994275 3932 11043.452354
0.78425126 1.67594228  66.43223159 -535.693155351282 3933 21113.309222
0.97526069 1.99041089 131.22138947 -535.742034304303 3934 10385.618829
1.09098529 1.60867568  99.56531749 -535.769900105684 3935  4269.782231
0.88938920 1.70429185  86.07547100 -535.775567146129 3936  3026.010595
0.96353368 2.04540867  56.35858386 -535.729291454211 3937 13182.351207
1.05099664 1.64899527  90.36846369 -535.773871325411 3938  3398.200229
0.96152610 1.60386124 122.42276834 -535.778412410946 3939  2401.547137
1.07892895 1.50363849 108.38221932 -535.755557878625 3940  7417.537285
1.00165965 1.67912896 142.79403531 -535.748895437698 3941  8879.774079
0.96720590 2.09354176  65.08367800 -535.740761943849 3942 10664.869676
1.42217794 1.70429139 129.57534283 -535.677123622265 3943 24631.867103
0.98079203 1.82235377 100.54571102 -535.782494730949 3944  1505.581443
0.94176494 1.56482012  69.01108836 -535.722609812120 3945 14648.802169
0.87370266 1.48144761  97.51055144 -535.750202243135 3946  8592.963432
0.96590461 1.48007179 115.35901551 -535.762182231283 3947  5963.659901
1.28588488 1.51626745 105.18113396 -535.709943136233 3948 17428.816241
0.81809815 1.69363093 115.46568554 -535.760356706498 3949  6364.316287
1.00753410 1.58097936 107.87351927 -535.780750459536 3950  1888.404775
0.97870996 1.71393930 137.61898864 -535.757149521548 3951  7068.212035
0.98601372 1.70839138 117.01698901 -535.781974836745 3952  1619.685034
0.78406103 1.67110541  82.19296362 -535.729757186125 3953 13080.134865
1.01216699 1.81836475  90.56845936 -535.778356706131 3954  2413.772931
1.05783386 1.66014812 114.22807443 -535.776372273091 3955  2849.305649
1.12402639 1.70193065 113.64446388 -535.764093096587 3956  5544.273435
0.98966752 1.75084367  98.98119659 -535.786197587322 3957   692.898390
0.95259126 1.74772642  98.15535061 -535.787581853021 3958   389.087181
0.89294208 1.79531975  92.27145588 -535.779419841607 3959  2180.441660
0.98006194 2.08894633 115.44771901 -535.748519017493 3960  8962.388766
0.79463639 1.83974573 101.88231341 -535.744230951767 3961  9903.510428
0.98613002 1.58934627 133.79963054 -535.763592406326 3962  5654.162247
0.94304841 1.57070718  76.29859490 -535.745736273090 3963  9573.130579
1.07872563 1.92522083 105.17795650 -535.760403508125 3964  6354.044517
1.04154368 2.01562362 104.13605063 -535.756989555723 3965  7103.320476
0.91458463 1.95229620 107.48818922 -535.766827987366 3966  4944.034278
0.83151155 1.64330804 111.92507707 -535.768223366923 3967  4637.783859
1.09309810 1.83724419  99.44924615 -535.767203869563 3968  4861.537670
1.13413661 1.66482425 115.18199277 -535.761438302536 3969  6126.933391
0.97278877 1.73314306 108.64638534 -535.786602270663 3970   604.080662
0.99773382 1.88932112 108.54502535 -535.772841544312 3971  3624.211060
0.97464877 1.83505460 126.44590817 -535.763514479561 3972  5671.265196
0.79815638 1.67926400 140.17839345 -535.722432572869 3973 14687.701689
0.96529890 1.99557235  85.69856557 -535.765066913694 3974  5330.545280
1.17802364 2.04587618 104.55022367 -535.728295029272 3975 13401.041207
1.38228611 1.70814962  86.53839159 -535.698273052557 3976 19990.103600
0.97921197 1.51075456 102.23074069 -535.768729310090 3977  4526.742167
0.98097409 1.89318055 126.99158511 -535.756802821964 3978  7144.303800
1.14417349 1.65285819  84.37273188 -535.750414662085 3979  8546.342860
0.95965473 1.60657207 103.46794583 -535.786183544614 3980   695.980408
1.06132036 1.66341238  93.71376403 -535.775788960698 3981  2977.327924
1.00193040 1.71102550  88.28537634 -535.780383450107 3982  1968.954036
0.98553507 1.96906321  96.31757932 -535.768925484817 3983  4483.686790
1.05228442 1.71601469  61.87533347 -535.727199186892 3984 13641.550814
0.80142083 1.97555309 105.94606834 -535.732358909346 3985 12509.122609
1.16409105 1.61772897 102.00827876 -535.756168157473 3986  7283.596558
1.20684844 1.70816372 122.67361958 -535.737862929387 3987 11301.129818
1.33221787 1.67151833  89.30742781 -535.711681602310 3988 17047.267032
0.77192523 1.71999980 108.79908656 -535.736598854353 3989 11578.562225
1.30678342 1.69282431  74.60965190 -535.702455305661 3990 19072.205125
1.03598632 1.73630174  79.12329278 -535.766496137134 3991  5016.866987
0.93266941 1.88366469  95.06185927 -535.777547764889 3992  2591.315015
0.96078498 1.84632485 106.47409523 -535.779729555216 3993  2112.467378
0.98988051 1.85183416  94.75150312 -535.779338416382 3994  2198.312431
0.81282123 1.70448290  92.41185812 -535.758411007058 3995  6791.347963
1.07058268 1.80937256 112.40561803 -535.768781171721 3996  4515.359854
1.17121596 1.74379252 100.48337034 -535.756435998417 3997  7224.812264
1.46151163 2.03040406 102.57228587 -535.661552233832 3998 28049.391902
1.17961577 1.77662227 109.39177354 -535.750860151776 3999  8448.569173
0.94019319 1.92515345  92.02514679 -535.773528036391 4000  3473.543461
1.32595681 1.64317148 107.75497804 -535.717634730357 4001 15740.706425
1.01478785 1.74630803  60.47286701 -535.729428599843 4002 13152.251219
0.99531147 1.58371742 103.30233230 -535.781840145467 4003  1649.246353
1.06858840 1.62876337 125.26656952 -535.764878212607 4004  5371.960383
1.12235995 1.61685676 104.38521348 -535.765499659343 4005  5235.568587
0.98929929 1.44365934 114.60945197 -535.747121543897 4006  9269.098774
1.04586826 1.69018804  90.71027661 -535.776926452051 4007  2727.677424
1.22852449 1.66582257 111.97696267 -535.741449511646 4008 10513.965984
0.96975051 1.70319269 119.74664721 -535.780730638169 4009  1892.755062
0.92984434 1.62614682 105.26548583 -535.787469768060 4010   413.686987
1.07835543 1.71516450  97.02951500 -535.775403862352 4011  3061.847243
0.96161204 1.43835179  86.43891478 -535.719463493251 4012 15339.339355
0.93742758 1.98187532 106.06533991 -535.765761772396 4013  5178.041420
0.94825171 2.05399344 106.07619915 -535.758262391778 4014  6823.965247
0.93652944 1.72948186 105.99628740 -535.787875983235 4015   324.533059
1.00678301 1.78182483 120.36456582 -535.772842133017 4016  3624.081854
0.87171306 1.95828970 106.02021697 -535.760224510009 4017  6393.330064
1.03083662 1.77386609  81.62630711 -535.770629294229 4018  4109.743841
0.76634272 1.55323430 107.67919565 -535.726649393776 4019 13762.216457
0.96109186 1.64459842  55.43417023 -535.692367624117 4020 21286.195354
0.95569706 1.75463037  82.53197614 -535.776793818272 4021  2756.787174
1.07891021 1.66892582  86.51432283 -535.766781635080 4022  4954.207429
0.78458399 1.70583367 106.58245960 -535.746240950010 4023  9462.366796
1.17813314 1.66827256 107.75372177 -535.755034540980 4024  7532.396624
0.98039762 2.20801438  89.28147180 -535.745427739854 4025  9640.845799
1.32298942 1.77885188 100.28057387 -535.717978516527 4026 15665.254080
0.96066292 1.95984226 106.04916839 -535.768419486091 4027  4594.740676
0.91883583 2.06874087 109.11679932 -535.753727139295 4028  7819.338132
0.99607065 1.75130856 118.71334548 -535.777541701824 4029  2592.645704
1.02005335 1.68679927 108.54991345 -535.784115432052 4030  1149.878659
0.91072634 1.83114197 116.66613029 -535.772777631956 4031  3638.238201
0.98567881 1.67644744  93.94562952 -535.785175852399 4032   917.143290
1.16834778 1.78941868 105.58510006 -535.754075911899 4033  7742.791392
1.01330633 1.92418074 106.31887492 -535.768988610733 4034  4469.832253
1.50240686 1.52246143 104.69318312 -535.672103035059 4035 25733.758649
0.87749564 1.73494376 116.93907977 -535.775519237373 4036  3036.525352
0.99803459 2.14083551 113.31587764 -535.743962500998 4037  9962.428562
0.98451477 1.88530128 100.08818799 -535.776925727535 4038  2727.836436
1.17568183 1.77946513  98.84117550 -535.753808178504 4039  7801.552081
1.01356945 1.52755663 121.35186598 -535.766826202508 4040  4944.426009
1.18399279 1.92888276 104.15784106 -535.739066923431 4041 11036.883664
1.05819839 1.79470458  93.90293466 -535.775128192499 4042  3122.349783
1.52286394 1.50357160 105.38982772 -535.666364284842 4043 26993.268761
0.78795083 1.74524616 112.08358910 -535.744159617709 4044  9919.166444
0.92136221 1.52861920 111.06268980 -535.774985269251 4045  3153.717811
1.16727375 1.95971377 104.76178441 -535.739498121542 4046 10942.246616
1.06341432 1.85851905 107.49791625 -535.768395200475 4047  4600.070753
0.96013514 1.77082750 135.26296501 -535.757362986499 4048  7021.361893
1.05365418 1.83915219 112.90116564 -535.768541513697 4049  4567.958712
1.06458871 1.98531231 102.19034701 -535.757515158887 4050  6987.963913
1.06422159 1.65739063 127.91635847 -535.762804213501 4051  5827.150580
1.00739326 1.93870089 110.07015895 -535.766064710180 4052  5111.554261
0.87379805 1.67762846 115.72815049 -535.778058966704 4053  2479.119183
1.09935074 1.71089806  85.98513181 -535.764351896645 4054  5487.473387
0.96995554 1.54634780  87.69441954 -535.763011711539 4055  5781.610024
0.98791092 1.86182548  87.03281434 -535.775700316620 4056  2996.783050
1.01879335 1.80425782  91.00819497 -535.778648883717 4057  2349.647362
0.99774538 2.00480955 113.19361672 -535.757754717549 4058  6935.386863
0.86316605 1.64138033 114.14997574 -535.776731287664 4059  2770.511056
1.07986448 2.09214392 104.50415105 -535.743134535140 4060 10144.146067
0.97370533 1.75252186  96.50008780 -535.786533833473 4061   619.100889
1.41851754 1.71444609 111.64629442 -535.693550726101 4062 21026.534478
0.88293234 1.64543647  65.82610005 -535.724656441725 4063 14199.618882
0.92771611 1.86252898 102.65893365 -535.778831588599 4064  2309.548274
1.06912960 1.52414778  99.91495985 -535.759753224820 4065  6496.765209
0.71143688 1.41988459 107.14122736 -535.632982646339 4066 34319.691700
0.98129384 1.68391545 129.27132906 -535.770373791549 4067  4165.820198
1.09858295 1.72253483  82.91979077 -535.761408305189 4068  6133.517048
1.01432573 1.66525685 110.46301202 -535.784127946332 4069  1147.132092
0.96427325 1.70489945  86.71054782 -535.780815734871 4070  1874.078495
1.09943037 1.63533622 115.48159275 -535.767806686344 4071  4729.234677
0.90700691 1.64512551  90.30637962 -535.779560549303 4072  2149.559890
1.28041338 1.79204797 104.58269333 -535.727333014584 4073 13612.179030
1.17526114 1.50037933 102.40845525 -535.728797815752 4074 13290.692328
1.16552569 1.69334279  84.56463045 -535.748700139287 4075  8922.637126
0.83988947 1.77332813  92.43335324 -535.767826993040 4076  4724.777872
1.40030290 1.59287621 100.54172666 -535.694598556700 4077 20796.562239
0.94982879 2.08831713 106.92244490 -535.754285914267 4078  7696.701199
0.97286451 1.53483994 104.47359888 -535.775718856609 4079  2992.713993
0.96706722 2.05981507 127.61493290 -535.740369397213 4080 10751.023705
1.08578129 1.82385781 104.02294087 -535.768865486921 4081  4496.854806
0.99694821 1.83281311 119.40826159 -535.770232156664 4082  4196.905463
0.95235887 1.47061911  67.84810538 -535.679519618716 4083 24106.006655
0.97162323 1.54679304 108.73742401 -535.778595148189 4084  2361.440947
0.96711431 1.55772655  78.53011387 -535.747978877952 4085  9080.935695
0.79251950 1.63349215  97.22957244 -535.748728852163 4086  8916.335378
0.70824178 1.81980631  96.94439767 -535.669947689004 4087 26206.802439
0.80639133 1.72098910 112.63756916 -535.755453468873 4088  7440.452578
1.00961321 1.63101398 102.34462895 -535.784520253336 4089  1061.030655
1.00193456 1.67850702 123.47921367 -535.775697362694 4090  2997.431362
0.97136033 1.80041527  69.26308553 -535.755878951802 4091  7347.069867
0.85904522 1.73845654 106.97161027 -535.776689132182 4092  2779.763115
1.01494970 1.70444788 124.69074770 -535.772207633957 4093  3763.338304
0.91850273 1.51663016 109.83795823 -535.772328231211 4094  3736.870266
0.92848846 1.48645739  87.75831582 -535.744282279926 4095  9892.245199
0.84941428 1.63795811 125.23728220 -535.764162071157 4096  5529.135266
0.96871548 1.87038646  90.28545561 -535.777604904745 4097  2578.774266
0.96137519 1.74037363 103.68781593 -535.787934799804 4098   311.624314
1.09089115 1.57640467 113.19680756 -535.766472809339 4099  5021.986846
0.87329499 1.76330387 103.72411382 -535.779405095151 4100  2183.678133
0.97351178 1.75365194  97.05720702 -535.786642992033 4101   595.143354
0.92498436 1.73660755  59.94600349 -535.725610918214 4102 13990.135503
1.21573971 1.70243309  80.21764188 -535.732452580924 4103 12488.564074
1.00071135 1.62420773 113.73404549 -535.783067794726 4104  1379.808479
0.83099895 1.80052499 102.48226761 -535.764672565225 4105  5417.094767
1.09294761 1.87275031  97.80942755 -535.764372022829 4106  5483.056200
0.90566862 1.74377594  95.50481041 -535.784605849541 4107  1042.244459
0.95631259 1.78826874 103.57291419 -535.785344741153 4108   880.076492
1.13042999 1.78901873  96.96732443 -535.762967767358 4109  5791.254657
0.78762250 1.69583250 119.57550701 -535.741287864817 4110 10549.443363
0.90780650 1.55932604  92.96044515 -535.771307315966 4111  3960.935267
1.25811144 1.68303576 110.59390802 -535.734836269593 4112 11965.404872
1.24082614 1.71470111  96.17376934 -535.739723091906 4113 10892.871327
0.71815142 1.71125225  83.67321435 -535.676480160521 4114 24773.090634
0.92821967 1.60659971 119.11757232 -535.781094612283 4115  1812.871976
0.91212493 1.64133030 123.02504620 -535.777712720193 4116  2555.111510
0.93669812 1.63211518 115.99470115 -535.784521853966 4117  1060.679358
1.14892075 1.70277809 104.67040764 -535.762178805263 4118  5964.411825
0.96031649 2.23534038  83.91991911 -535.742805694810 4119 10216.318179
0.97833458 1.74673087 105.11214982 -535.786778501557 4120   565.402450
0.95524143 1.99061236 147.95989926 -535.716689145227 4121 15948.238376
0.83548284 1.69955241 129.77808964 -535.752608022958 4122  8064.955782
1.14685705 1.66140462  94.26510406 -535.759689049817 4123  6510.849994
0.95778928 1.78497660  99.11308500 -535.785834738175 4124   772.534574
0.96072311 1.75464590  64.74835094 -535.743440266036 4125 10077.045890
0.97944015 1.93542965 120.16501031 -535.760227913110 4126  6392.583169
0.84848669 1.85523468  98.38740248 -535.766421026485 4127  5033.351869
1.00542594 1.75467484 105.05764864 -535.784409142464 4128  1085.416673
1.00032594 1.69625177  65.84189340 -535.739692657354 4129 10899.550939
0.96316616 1.86230247 132.04794043 -535.753658074923 4130  7834.496010
0.96572131 1.85797980  81.86244197 -535.772929706558 4131  3604.861683
0.93826246 1.83371626 102.62065501 -535.781857929560 4132  1645.343195
0.88319435 1.86027598 101.40712339 -535.774136143185 4133  3340.079445
0.82940089 1.61738326 111.61734932 -535.766713241537 4134  4969.218077
0.99009365 1.73614221  79.70854391 -535.771667031720 4135  3881.986783
0.90705855 1.61025804 137.96198012 -535.758613363306 4136  6746.935899
1.03783990 1.78458509  97.55408774 -535.779444504041 4137  2175.028881
1.06051477 2.17565695  99.11219334 -535.739579582779 4138 10924.367940
1.01500736 1.74579072  74.67836370 -535.761980443376 4139  6007.947228
0.94249909 1.59019555 125.88357759 -535.774509710890 4140  3258.090809
0.94123123 1.59861742  75.21611655 -535.749314623399 4141  8787.773450
0.93417758 1.59989999 118.63235095 -535.781270145250 4142  1774.346942
0.84955120 1.70272183 108.08985663 -535.775155144749 4143  3116.434448
1.00580859 1.52447274 108.21975587 -535.771628039580 4144  3890.544569
0.92199075 1.66324247  83.75208264 -535.774106000056 4145  3346.695097
0.96716506 2.10740382 132.86737321 -535.730579023590 4146 12899.762387
0.89004718 1.58187438  97.42656945 -535.776887533856 4147  2736.218980
1.22574584 1.70281900  82.89887603 -535.733376530641 4148 12285.780547
0.96199896 1.61813828 145.05337832 -535.749358549269 4149  8778.132835
0.88912346 1.74917603 114.80983442 -535.778279544792 4150  2430.707888
1.37806312 1.67682324  73.76475454 -535.681773177762 4151 23611.407605
0.97814851 1.77158694 108.01321032 -535.784463182487 4152  1073.556259
1.02927617 1.56775209  85.89468110 -535.760138326941 4153  6412.245061
0.89641132 1.77762250 121.86952116 -535.770921305910 4154  4045.654683
0.95404597 1.97141269 112.24728056 -535.763664103889 4155  5638.426451
0.96987611 2.09311067  93.98563107 -535.756933089836 4156  7115.713306
1.13524594 1.69868006 140.17296761 -535.730468756518 4157 12923.963212
1.05138634 1.57899287  90.11933016 -535.765170993995 4158  5307.702294
1.00880339 1.80018108 110.05588530 -535.779155012947 4159  2238.564833
0.83518918 1.76224657 110.38834402 -535.766473247037 4160  5021.890783
1.00844124 1.67498877  75.92743588 -535.760320413171 4161  6372.281752
1.04100456 1.87772021 106.40014186 -535.770347559742 4162  4171.577414
0.95239675 1.65786346  99.86885016 -535.788467511373 4163   194.707637
1.19934000 1.71603449  90.92878825 -535.747141886391 4164  9264.634112
1.05252918 1.67397655  86.13568580 -535.770846663295 4165  4062.036844
1.26866001 1.86988882 102.39284068 -535.724843070195 4166 14158.658667
0.99245901 1.62278338 117.89150471 -535.781192481954 4167  1791.392066
1.07174399 1.67803923 100.93846277 -535.777347704781 4168  2635.223134
0.98768056 1.83151707 139.41271003 -535.744121689610 4169  9927.490700
0.95766012 2.14636552 108.70433384 -535.747633442759 4170  9156.749958
0.87026260 1.66495017 115.51162851 -535.777638640720 4171  2571.370075
0.93607428 1.45858134  84.43448994 -535.725382648624 4172 14040.234888
0.96818195 1.58467460  92.99899908 -535.777390699991 4173  2625.786776
1.40775681 1.69892087  63.67318620 -535.667189750533 4174 26812.099979
1.04082364 1.71869421  71.86643635 -535.752565690568 4175  8074.246668
1.03033129 1.71517184 101.65596552 -535.783443567306 4176  1297.335929
1.48195975 1.67890449 115.68631330 -535.675446401498 4177 24999.974519
0.93088137 1.86649450 116.12415773 -535.771217046879 4178  3980.747042
1.07372450 1.85835259  96.14146692 -535.768838183652 4179  4502.847181
0.97668344 2.23678228 101.79178061 -535.741606725461 4180 10479.461539
1.44620967 1.87481010 105.11223308 -535.679584100891 4181 24091.854453
0.96941089 1.73873321 104.15459803 -535.787709176441 4182   361.142919
1.29660000 1.69568448 121.01005471 -535.717881004948 4183 15686.655399
1.02819398 1.60940469 110.61158103 -535.780445613735 4184  1955.310696
0.95768004 1.89863349 101.73506786 -535.776258106279 4185  2874.362368
1.29189814 1.70043766 103.57164824 -535.728036261382 4186 13457.834195
1.05792426 1.86715074  99.28689146 -535.770661241010 4187  4102.732332
0.92208218 1.76256529 140.22516313 -535.749334818262 4188  8783.341190
0.97268103 1.76137810 110.89826208 -535.784006898033 4189  1173.699123
1.47055839 1.66373178  98.18064899 -535.680824215430 4190 23819.680767
1.29549929 1.68689003 104.46960278 -535.727057906512 4191 13672.558274
1.07003308 1.66353236 125.87039832 -535.764180535702 4192  5525.082767
1.00728721 1.63513624  92.40418597 -535.780017561365 4193  2049.257334
0.93443161 1.72983110 100.96428423 -535.788257026068 4194   240.903822
0.99886213 1.88731230  93.36534285 -535.775510895574 4195  3038.356165
1.10338395 1.75171081  95.15448142 -535.769503277751 4196  4356.875897
1.00720252 1.69820986 125.36886327 -535.772498520247 4197  3699.496142
1.17701744 1.99272908 101.16277205 -535.735063308217 4198 11915.575653
0.95379314 1.69508207  94.92958801 -535.787259115158 4199   459.919955
1.29290697 1.64947470 108.75191139 -535.726184075093 4200 13864.342106
0.85734516 1.66852189 113.12810578 -535.775912118718 4201  2950.297862
1.05056717 1.69573160 138.35346625 -535.749210138445 4202  8810.705247
0.94937754 1.90441834  74.61984661 -535.762766604740 4203  5835.404749
1.07535385 1.57315536  91.43798552 -535.761796429391 4204  6048.333630
0.92788090 1.94657525 103.96881979 -535.769960409527 4205  4256.547067
1.04057742 1.68782140 110.85584227 -535.780590811270 4206  1923.443520
1.17986030 2.11720312 101.86720665 -535.721570246752 4207 14876.960399
1.23136496 1.66660818 112.01022299 -535.740746092014 4208 10668.348751
1.31245342 1.69322764 101.38484528 -535.722837481308 4209 14598.834557
1.07416699 1.77482328 107.77599762 -535.773140256054 4210  3558.651410
1.22113645 1.70885569 114.26377991 -535.741522180167 4211 10498.017087
1.32866543 1.60146413 106.63032576 -535.712830919203 4212 16795.021126
1.15528425 1.71011579 104.41048749 -535.760700962066 4213  6288.760922
1.14926831 1.77916458  98.82882819 -535.759698290615 4214  6508.821873
1.16307607 1.61481931 107.05034040 -535.756400254556 4215  7232.657135
1.22899489 1.70440646  91.44226586 -535.740265882913 4216 10773.742469
1.32431747 1.66482779  89.28431293 -535.713246713646 4217 16703.764792
0.85020318 1.93656717 107.88362334 -535.756047013015 4218  7310.184693
0.89960556 1.64939438 118.20075358 -535.780660639606 4219  1908.117971
0.80204270 1.96732792 102.06689804 -535.735046153022 4220 11919.340783
0.92009954 1.59463316  76.20690387 -535.749714417165 4221  8700.028859
0.81784463 1.66513266  83.66472904 -535.749665185395 4222  8710.833983
1.03326137 1.76200718 110.84354233 -535.778641606564 4223  2351.244512
1.00310420 1.72208692  83.12536273 -535.774958307897 4224  3159.635144
0.97950339 1.87081763  97.16729050 -535.778642481349 4225  2351.052519
1.10935542 1.69509153  91.65086330 -535.766912314231 4226  4925.526670
1.04921033 1.74786031  79.27666448 -535.765228110213 4227  5295.166733
1.12648979 1.75667036  99.19608369 -535.765582414937 4228  5217.405833
0.84111414 1.73872724  91.99671603 -535.769129868445 4229  4438.829768
0.98137383 1.57780948  83.51516348 -535.762429800529 4230  5909.324731
1.08156374 1.48951610 101.30934839 -535.747762454762 4231  9128.435095
1.02558234 1.58928503 102.49927085 -535.779128055922 4232  2244.481217
1.03442110 1.63063255  95.74770892 -535.778990186919 4233  2274.739966
0.76231489 1.73506614 100.89973110 -535.729953630943 4234 13037.020210
0.72822720 1.60761678  94.85029889 -535.693883318584 4235 20953.538864
0.86526392 2.02563164 105.69313918 -535.751421399442 4236  8325.389546
0.77904079 1.72177170  93.44584782 -535.739995425283 4237 10833.101058
0.86869866 1.78764146  98.39221396 -535.777033944015 4238  2704.085664
0.97961041 1.92104881  59.61556010 -535.736777872344 4239 11539.272317
0.95469724 1.78297144  65.23626447 -535.746412258613 4240  9424.768903
1.06071444 1.60865341  95.38360670 -535.772860887360 4241  3619.965752
1.48469738 1.66203762  90.71133858 -535.673566458267 4242 25412.574374
1.44678794 1.54639419 101.74167232 -535.682853379953 4243 23374.330623
0.93309503 1.84982342 132.16961306 -535.754371699085 4244  7677.873607
1.06971681 1.72848734  86.30701625 -535.770112922472 4245  4223.074344
0.76309493 1.71160022 130.77800375 -535.711187632610 4246 17155.680852
0.96296612 1.97203453  85.23879667 -535.767005955268 4247  4904.974838
0.90105592 1.64480335  91.37046893 -535.779907081544 4248  2073.504852
0.99407609 1.85104638 103.32809849 -535.778806820395 4249  2314.984267
1.01690568 1.47937258  98.82366783 -535.752742270534 4250  8035.491844
1.27750170 1.71189200  91.33594356 -535.728347941082 4251 13389.428407
0.85764900 1.67613485  94.72441921 -535.775737463435 4252  2988.630267
0.93942294 1.80434808  61.73844686 -535.738132895968 4253 11241.879001
1.03608501 1.68828668 113.60810760 -535.779762867504 4254  2105.156176
1.13887876 1.68350225 102.21176779 -535.764517844338 4255  5451.052077
1.18691934 1.65825790 120.86037594 -535.745145655668 4256  9702.756122
0.87406502 1.78575576 118.24182426 -535.769967207616 4257  4255.055059
0.96046147 1.71362021  81.47343051 -535.774663617417 4258  3224.312230
0.96293143 1.74049482 129.12974374 -535.768387322506 4259  4601.799767
1.36939133 1.61611438 108.39912320 -535.702680472516 4260 19022.786712
1.16632795 1.49748757 103.61824949 -535.730695572460 4261 12874.182866
1.17271595 1.73667500  99.77751632 -535.756274893531 4262  7260.170700
1.14949833 1.64169610 114.53697216 -535.758153897717 4263  6847.776942
1.39191991 1.69383383  94.04276751 -535.700500837411 4264 19501.161332
0.95890651 1.66117621  73.93796850 -535.756793463758 4265  7146.357689
1.25925642 1.82126121 104.09952936 -535.730686145253 4266 12876.251899
1.26649527 1.65286566  97.20790277 -535.732302037984 4267 12521.604431
0.97488588 1.70136825 111.01841111 -535.786640076858 4268   595.783161
0.97417669 1.61849650  89.66683833 -535.778058107326 4269  2479.307795
1.47499857 1.66458544 102.02094754 -535.681321134721 4270 23710.619587
0.88473017 1.55955864 100.03281995 -535.774259486635 4271  3313.008686
1.04883783 1.68292232  96.44638631 -535.779790504918 4272  2099.090465
1.19078750 2.26701275 101.82586800 -535.705482028170 4273 18407.916306
1.03211548 1.52044991 108.14021535 -535.767542250283 4274  4787.271685
0.89280309 1.71598054 115.64656725 -535.780108597481 4275  2029.277216
1.03599497 1.70405277  86.81335655 -535.775125855974 4276  3122.862591
0.94935497 1.52428066  97.37733703 -535.769826169454 4277  4286.009358
0.90632165 1.54863023 112.62574818 -535.777063876634 4278  2697.516213
0.95174814 1.71737337  72.58703875 -535.759168857372 4279  6625.019041
0.95262420 1.89311799  57.36750299 -535.731012723069 4280 12804.576352
0.94544165 1.70955348 124.75507880 -535.775738586475 4281  2988.383788
0.89949646 1.90270648  96.31192439 -535.773001075630 4282  3589.197982
1.05179861 1.62210893 110.37351253 -535.777958645925 4283  2501.137049
0.94259540 1.42624564 103.79746822 -535.737918411592 4284 11288.952881
1.04590466 1.71026094  83.42930092 -535.770194677221 4285  4205.131250
1.47505516 1.61241872 103.02951210 -535.682605340345 4286 23428.769026
0.97804563 1.65680310 113.84003353 -535.785497816096 4287   846.480425
0.80346154 1.63874277 112.30386195 -535.755680354101 4288  7390.657025
0.85001924 1.68946921  91.88921550 -535.771934097624 4289  3823.372591
0.74735251 1.84618564 102.59829707 -535.709141080180 4290 17604.847200
1.06674277 1.62643105  99.78082577 -535.775761407407 4291  2983.375172
1.34926910 1.69862283  75.18128387 -535.693304238146 4292 21080.632332
0.97006625 1.75174824 100.69906378 -535.787337651545 4293   442.683211
0.85399048 1.66004802  76.67970630 -535.749488895666 4294  8749.525107
1.01400465 1.59475702  83.78326085 -535.763542579442 4295  5665.097985
1.25303213 1.78956082 100.02620812 -535.734862457630 4296 11959.657263
0.94486813 1.89228817  71.64967011 -535.759128594410 4297  6633.855740
1.21475695 1.48351587 101.97927278 -535.715272695213 4298 16259.113227
0.98845312 1.42620875 124.21629315 -535.735529544793 4299 11813.248551
1.39842065 1.85449116 103.17603916 -535.693596146499 4300 21016.565852
1.00507197 1.70363069  76.38613663 -535.763775523928 4301  5613.972579
1.32267231 1.58730280 101.56346206 -535.710106602693 4302 17392.939499
0.92930408 1.75020489 100.36165932 -535.787232108066 4303   465.847327
0.94428913 1.61351815 131.17880024 -535.769515910220 4304  4354.103390
1.27936022 1.68062214 129.32949020 -535.713238406144 4305 16705.588078
0.97214643 1.66643002  99.43810123 -535.788111366080 4306   272.872495
0.73789357 1.51133387 105.14692231 -535.693857768153 4307 20959.146535
0.90278646 1.94996381  94.08967083 -535.768660512246 4308  4541.841549
1.14162471 1.83236777 102.23038852 -535.757639292485 4309  6960.719737
1.02280385 1.63517618 111.79418665 -535.782017342960 4310  1610.355997
1.05385108 1.71665958 124.17881079 -535.767102800155 4311  4883.719842
1.08541396 1.52075674 104.88470552 -535.758217597933 4312  6833.796360
0.85244605 1.71317156  87.02231770 -535.768600931375 4313  4554.918038
0.99693287 1.73491572 143.56648779 -535.744646483226 4314  9812.311812
0.68299540 1.70465820 123.38345528 -535.631092045745 4315 34734.630576
0.97282490 1.52555686  83.13597407 -535.748837103570 4316  8892.576940
1.00684180 1.75607801  70.40590269 -535.755017769917 4317  7536.077447
0.90274906 1.72460463 121.43335801 -535.775948156659 4318  2942.388448
0.98919343 1.67932899  87.52176639 -535.779617744511 4319  2137.006992
0.99634301 1.90892544  99.68193169 -535.773936366710 4320  3383.925314
0.84349071 1.59454056  94.43137151 -535.765471590742 4321  5241.728933
0.92403158 1.89718061 111.81065731 -535.770933519378 4322  4042.974137
1.14098859 1.68250239  81.34075967 -535.749340373850 4323  8782.121879
0.88791302 1.72634313  81.23880593 -535.769651748597 4324  4324.290312
1.03001553 1.64543998 119.61069684 -535.776415495663 4325  2839.819391
0.96791517 1.47202446 110.49745805 -535.759920756544 4326  6459.996245
0.84199590 1.67615547 105.57495003 -535.773742397270 4327  3426.496686
1.04598095 1.73762262 107.89228611 -535.779537088809 4328  2154.708873
1.50411566 1.70045506 103.17938255 -535.673951143714 4329 25328.145676
1.00694132 1.56239511  80.01679054 -535.750328456332 4330  8565.262836
0.83207798 1.64976778 128.49272169 -535.754773197900 4331  7589.754801
0.92513322 1.86919069  95.41543421 -535.778447714512 4332  2393.798900
1.17910273 1.65326649  96.56202718 -535.753263397677 4333  7921.117655
0.80024134 1.70089455 123.60757139 -535.744323289257 4334  9883.244691
0.95009571 1.81626022  87.91804375 -535.780063970150 4335  2039.071783
1.30560465 1.94672802 102.18890757 -535.708562111458 4336 17731.916150
1.43954214 1.58676246  99.52689574 -535.686489206910 4337 22576.358827
1.11913482 1.71959393 116.14950235 -535.762791252752 4338  5829.995136
0.91029022 1.80647952 109.56413182 -535.779894785748 4339  2076.203468
1.28555464 1.73791542 103.75370392 -535.728864258421 4340 13276.109847
1.11677856 1.64122080 112.54441222 -535.766148707521 4341  5093.118975
0.98304723 1.64468717 130.30762338 -535.769692690145 4342  4315.304680
1.10136951 1.87242824 106.72654529 -535.760879727184 4343  6249.526513
0.92971430 1.79036557  85.26781801 -535.778482195993 4344  2386.231089
0.85934084 1.72236414  99.78071196 -535.777956175651 4345  2501.679212
0.89090745 2.25934390  99.96793624 -535.735441117555 4346 11832.656087
0.74095758 1.55927591 107.60421952 -535.706406009831 4347 18205.125768
0.93991693 1.72214272 135.91862142 -535.760030079801 4348  6436.002563
1.01049496 1.53706612 117.85747108 -535.771081282902 4349  4010.543791
0.91781495 1.56922697 112.41590670 -535.780888888832 4350  1858.023056
0.98179619 1.70625554 109.03119290 -535.786977523586 4351   521.722163
1.07264158 1.67907148  83.49027635 -535.764781296596 4352  5393.230989
0.96571393 2.11798863  87.59872298 -535.754041796929 4353  7750.278763
1.18978957 1.70519179 115.59062237 -535.748172604610 4354  9038.417607
1.03644620 1.69944703  96.69659964 -535.781807580086 4355  1656.393628
0.94094269 1.85243323  73.81914073 -535.763408822349 4356  5694.454274
1.01707740 1.67753407  73.78467816 -535.755469515796 4357  7436.930685
1.20846723 1.69791571  86.49567130 -535.741065711681 4358 10598.200341
0.99980657 1.68331976 108.30365288 -535.786290104587 4359   672.593197
1.04916679 1.77017513  95.65711813 -535.778178729293 4360  2452.834332
1.21887891 1.74531309 111.95164323 -535.742055459591 4361 10380.975780
1.05401819 1.73268243 133.12035373 -535.754651630776 4362  7616.435701
0.93554521 1.86759668  84.21085999 -535.774114164648 4363  3344.903176
1.07966279 1.68901150  72.12123503 -535.745388356607 4364  9649.489422
0.90174361 1.57238930  84.61338301 -535.761129228763 4365  6194.767245
1.15346609 1.71759946 122.40473370 -535.749997151499 4366  8637.975844
0.92172728 1.81073966 117.79171479 -535.774604044220 4367  3237.387036
0.89341065 1.67313149 109.65942892 -535.784584914862 4368  1046.839090
1.04244527 1.69000934  70.25713645 -535.746450805391 4369  9416.308863
1.11373218 1.76784938  96.04724428 -535.767172534594 4370  4868.414901
0.91497233 1.86941355 108.15417741 -535.775232386290 4371  3099.481889
1.09235516 1.85431007  96.63437225 -535.765958143991 4372  5134.942836
1.08797414 1.71967238 108.68066418 -535.773059206252 4373  3576.439785
0.78269045 1.74335204  86.70878814 -535.736793951394 4374 11535.743373
0.83008278 1.81859889 108.41657244 -535.760965887991 4375  6230.616401
0.84799138 1.73987058  89.71899457 -535.769723097721 4376  4308.630989
1.01796053 1.55662217  95.44297688 -535.771020502935 4377  4023.883452
0.93880343 1.89803335  90.83762268 -535.775564964682 4378  3026.489367
0.92975443 2.01587825 110.41552911 -535.759371626686 4379  6580.516320
0.81740877 1.64506863 127.09802253 -535.750574409208 4380  8511.282419
0.95172712 1.75247089 116.23713540 -535.781485842857 4381  1727.006789
1.00510164 1.94060706  98.45069884 -535.770236594323 4382  4195.931509
0.98509920 1.84857357 108.28690931 -535.777777831576 4383  2540.821213
1.00611990 1.77734133 142.07150536 -535.743013437007 4384 10170.724036
0.98329448 2.18545084 107.31743605 -535.743939560210 4385  9967.463483
1.20866526 1.71527987  90.74308488 -535.744814257592 4386  9775.489594
0.97988640 2.12189535  96.56849013 -535.753468781959 4387  7876.041014
0.87144509 1.68505376 114.17028072 -535.778405328621 4388  2403.101528
0.92942712 1.78301424  74.71056094 -535.764927256795 4389  5361.196427
0.97872401 1.59843686 101.52332304 -535.784178268990 4390  1136.087545
1.05889469 1.65696582  98.02612809 -535.778120248562 4391  2465.669370
1.05395356 2.13867795  98.66521321 -535.744197609845 4392  9910.828134
0.88898711 1.80940258  93.40221185 -535.778449405018 4393  2393.427876
0.94986602 1.71184162  75.40716523 -535.764473354030 4394  5460.816571
1.14282326 1.77224608 111.69923527 -535.758069979387 4395  6866.194886
0.94987721 1.70276934  88.48672562 -535.782686620817 4396  1463.466484
0.74870834 1.61459131  99.46492545 -535.717147254156 4397 15847.695086
1.07550274 1.56802859  96.30612995 -535.765394592808 4398  5258.628026
1.36127624 1.67821862 126.14361674 -535.696649723189 4399 20346.383222
0.71426750 1.74145429 101.62507970 -535.683002172801 4400 23341.674367
0.91953196 1.64469065 146.73128070 -535.745961269579 4401  9523.749557
1.42675599 1.67696453  96.05244764 -535.691525310493 4402 21471.061830
1.00249710 1.66651350 143.90160210 -535.747499978151 4403  9186.042054
0.86582614 1.59863531  87.19271270 -535.763667351741 4404  5637.713630
1.03058749 1.79980749 102.58882842 -535.779379682590 4405  2189.255545
0.85329592 1.63504142 121.88057676 -535.768518339669 4406  4573.044823
0.91799117 1.69525437  77.76953080 -535.766283463319 4407  5063.543495
0.97039253 1.64411961  60.05768956 -535.712245734508 4408 16923.454324
0.81780202 1.69023534 109.06222915 -535.763570524104 4409  5658.964840
0.86073177 1.60256411 120.73244135 -535.770448412748 4410  4149.442738
1.39630850 1.53522554 105.76871727 -535.691978143215 4411 21371.676533
1.52667506 1.67971744 100.25723568 -535.671131568423 4412 25946.970935
1.00782803 1.63704354 122.99321873 -535.775817881193 4413  2970.980608
1.25060398 1.69949144 132.04413480 -535.716216649033 4414 16051.939306
1.17681274 1.43914092 102.05736457 -535.707454257951 4415 17975.061894
0.86702634 1.78178851  87.99729189 -535.772452982842 4416  3709.490447
0.98895947 1.56962182 102.53228336 -535.780235018058 4417  2001.531105
0.85725376 1.96288954 103.35715876 -535.757147343304 4418  7068.690104
1.09487148 2.17747293 102.58375060 -535.732861315540 4419 12398.857193
1.26459648 1.71190445  83.10350177 -535.724560658176 4420 14220.640942
0.93862632 1.74380639 143.85456108 -535.745482908073 4421  9628.737774
0.94418288 1.80410768  85.05300264 -535.778322969870 4422  2421.177184
0.94477694 2.16380084  90.75023338 -535.750009367760 4423  8635.294684
1.13285652 1.57505263  97.92515361 -535.756405353382 4424  7231.538072
0.94404732 1.83269951  99.82157648 -535.782429064076 4425  1519.993656
1.19385137 1.69238076 105.76006323 -535.751876889728 4426  8225.420981
0.93892506 1.59879193 112.61862390 -535.784584560699 4427  1046.916820
0.89613560 1.55807858 103.25175488 -535.777138664240 4428  2681.102231
1.24623001 1.69641829 103.68689115 -535.739452762758 4429 10952.201718
1.03129421 1.60466383 117.39719445 -535.776437822192 4430  2834.919284
0.89105332 1.63371546  65.57744723 -535.722940950426 4431 14576.125710
0.95336425 1.88611114  88.40368586 -535.775784441049 4432  2978.319872
0.80840734 1.72492663  96.70684541 -535.758318231520 4433  6811.709840
0.84376484 1.69399025  78.54510858 -535.753065229808 4434  7964.610476
0.92668504 1.89023970 121.55279184 -535.763321327961 4435  5713.657073
0.90336878 1.70459046  71.82543087 -535.753138076416 4436  7948.622493
0.95603254 1.49432644  86.02395559 -535.744427813567 4437  9860.304256
1.04705099 1.63782660 134.95655283 -535.756239444113 4438  7267.950948
0.80439179 1.63841089  86.77599067 -535.745523094250 4439  9619.917927
0.97499586 1.88190867  75.94048773 -535.765155417067 4440  5311.121035
1.27549064 1.66617007 120.38473206 -535.724034393023 4441 14336.142794
1.15149667 1.48570557  98.06901451 -535.726564957428 4442 13780.748094
1.41829315 1.65291321 102.04542213 -535.693606165888 4443 21014.366851
1.07889324 1.73009076 100.75539050 -535.775685113749 4444  3000.119695
0.82357846 1.76036614 108.89840154 -535.762806478855 4445  5826.653393
0.99038572 1.76399559 115.50253574 -535.779811388675 4446  2094.507010
0.95369704 1.96720313 115.32976838 -535.761800081024 4447  6047.532190
0.89556088 1.74432250  80.00259714 -535.769418227784 4448  4375.542207
0.99727216 1.49377276  94.83527282 -535.755892436879 4449  7344.110234
1.12541541 1.70387862 116.15951927 -535.762047795490 4450  5993.165148
1.12116499 1.71968154  95.53362679 -535.766762746285 4451  4958.353041
1.05628316 1.67328466  68.57202927 -535.738906341853 4452 11072.127247
0.75335974 1.56970928 102.36476794 -535.717600997979 4453 15748.109826
0.89626728 1.51847318  93.81457881 -535.761388413882 4454  6137.882686
0.93621422 1.55107734 136.91581025 -535.758106070259 4455  6858.273855
0.79281664 1.67808427  78.95455653 -535.729903644150 4456 13047.991043
1.07286679 1.72071255  95.26395124 -535.775667457040 4457  3003.994895
0.98421107 1.90369912 138.54391380 -535.738946563164 4458 11063.299690
0.99135407 1.83625940 113.76898060 -535.775150097272 4459  3117.542241
0.86121984 1.57626066 105.42937636 -535.773781121781 4460  3417.997638
0.94149075 1.48982749 122.67282239 -535.761944389419 4461  6015.860157
1.05718487 1.99568328 106.86368544 -535.755749206875 4462  7375.545587
0.95626472 1.56776997  91.18274804 -535.772815318438 4463  3629.966974
0.97538408 1.86112877  72.63984773 -535.761399194125 4464  6135.516696
1.05896526 1.73239053  74.76211325 -535.756408134379 4465  7230.927714
0.79791829 1.78943270  94.29519358 -535.749245454733 4466  8802.954217
0.84659253 1.60060556  88.15086806 -535.760102587276 4467  6420.089011
0.78601008 1.71803035  87.88719558 -535.740131951743 4468 10803.136963
0.93270470 1.59076391  74.34775011 -535.744991152545 4469  9736.665639
0.95488124 1.74228931  56.83776476 -535.717683361952 4470 15730.033023
0.93697579 1.75450392  70.61143767 -535.756695875884 4471  7167.775752
1.01075870 1.69098891 132.83237789 -535.762842120238 4472  5818.831013
1.47641220 1.70858137 104.70347167 -535.681182985039 4473 23740.939938
1.14397964 1.76998563 110.51331891 -535.758625114544 4474  6744.356800
0.82655651 1.69844802 112.38459552 -535.765568050745 4475  5220.558409
0.81648097 1.67308100  89.85217629 -535.757240128519 4476  7048.326103
0.98441781 1.87026375  99.34059534 -535.778384973034 4477  2407.569063
0.76594600 1.68587560  65.82245671 -535.680027701896 4478 23994.495285
1.08287791 1.78730433  97.25110236 -535.772252240324 4479  3753.548338
1.13860461 1.65429867 122.89476269 -535.754056174481 4480  7747.123255
1.00124097 1.73349742 104.46598119 -535.785861141957 4481   766.739614
1.06393390 1.66589467 111.09978249 -535.777020736689 4482  2706.984337
1.01634255 1.63223847  90.10490762 -535.776680218663 4483  2781.719407
1.20630451 1.80094627 107.57232065 -535.743822683315 4484  9993.114997
0.79653693 1.83682111 108.87673614 -535.743228415473 4485 10123.541715
1.01922712 1.64920794 112.91518687 -535.782296717766 4486  1549.040314
1.22357558 1.65512387 115.91390040 -535.740269778801 4487 10772.887420
0.90105958 1.73959258 128.83679022 -535.766228527899 4488  5075.600426
0.97272711 1.75107352 100.79554950 -535.787265930056 4489   458.424258
0.78157510 1.67416807 122.21058444 -535.735927165793 4490 11725.980827
1.09657483 1.68759037  84.36627734 -535.762214645968 4491  5956.545700
1.05127149 1.73631771 116.37537654 -535.773937858887 4492  3383.597819
1.02534639 1.66092314 102.46360465 -535.784016786319 4493  1171.528895
1.00130097 1.58802066 115.85965419 -535.779569865164 4494  2147.515294
1.00469510 1.91269810 110.66474139 -535.768660697609 4495  4541.800866
1.06022312 1.74667625 108.95880006 -535.776539375304 4496  2812.630951
1.31788163 1.68269012 108.08218600 -535.720676690307 4497 15073.073374
1.12070132 1.72336912  76.93008935 -535.749187031977 4498  8815.776531
0.83302600 1.90365979  99.03026098 -535.756481112470 4499  7214.910874
0.94898384 1.70668123 117.02686725 -535.783298628049 4500  1329.146420
1.12815018 1.69168014 126.41562240 -535.751900651799 4501  8220.205809
0.90670375 1.70599030 115.07951041 -535.782649207979 4502  1471.677653
1.16692455 1.72411183 107.72382169 -535.756973557271 4503  7106.831731
0.90210203 1.79623917 106.24084296 -535.781251027205 4504  1778.542868
1.20542529 1.62782871 111.84772290 -535.745998705256 4505  9515.533375
0.97628290 1.57963670 142.45845689 -535.751549488712 4506  8297.277200
1.05411246 1.69127412 120.17905031 -535.772094590399 4507  3788.148498
1.03122745 1.72322800 121.36385866 -535.772940051691 4508  3602.591189
1.18574546 1.72024775 119.57959702 -535.745352310258 4509  9657.400682
1.00466133 1.78322377  94.93669381 -535.782670993444 4510  1466.896296
0.93484687 1.61208469 123.38208002 -535.777964852184 4511  2499.774933
1.20864523 1.69896007 124.91628430 -535.735320947276 4512 11859.030415
0.92532420 1.88938632 107.12172455 -535.774499886253 4513  3260.247067
0.92559535 1.76111680  59.04452160 -535.725608568534 4514 13990.651198
0.95561466 1.82679852 137.26784240 -535.749216843896 4515  8809.233570
1.25785866 1.67857834 111.26270010 -535.734609627519 4516 12015.147059
1.02680187 1.96531189 107.39082322 -535.762724601327 4517  5844.623433
0.92004585 1.85128714  91.52515280 -535.778535353698 4518  2374.564321
1.04965429 1.55306806 101.40737496 -535.770026207921 4519  4242.105988
1.35267839 1.75220449 103.68215922 -535.711453210683 4520 17097.393201
1.01058988 1.89550940 116.54897898 -535.765516126503 4521  5231.954463
1.02288077 1.68736658  84.41220286 -535.773350135962 4522  3512.588093
0.97039136 1.81259810 131.84327603 -535.758513004045 4523  6768.962211
1.05554612 1.65011725 114.22879097 -535.776619968668 4524  2794.942752
1.34596263 1.73831778 103.67504141 -535.713649044488 4525 16615.463378
1.19029780 1.79854124 105.41147842 -535.748504918052 4526  8965.483235
0.98708384 1.70294950 113.35199573 -535.784633108414 4527  1036.261828
1.21486437 1.60043726 104.14516707 -535.742825609312 4528 10211.947451
1.30822428 1.72392352 107.59066311 -535.722733195129 4529 14621.722728
0.70231980 1.60395840  99.27757270 -535.666209895038 4530 27027.153407
0.86823988 1.70037431 102.37483037 -535.780841219591 4531  1868.485245
0.98731151 1.63476594 100.98122143 -535.786376278601 4532   653.680187
0.86991408 1.87159018 103.24983216 -535.769949393203 4533  4258.964870
1.20931155 1.85151259 103.12531778 -535.740623271571 4534 10695.304723
1.13062763 1.59265858  96.64721450 -535.758646133528 4535  6739.743666
0.98330168 1.60327881  94.14701758 -535.780216517479 4536  2005.591513
1.13247629 1.70183941  86.59209253 -535.758210246184 4537  6835.409882
0.92427191 1.81316043 119.21303687 -535.773226161760 4538  3539.797286
1.04279258 1.57721746  92.91028853 -535.769173462775 4539  4429.261918
1.11131174 1.46416526 105.21552681 -535.732545804377 4540 12468.103891
0.98563708 1.72749996 101.79689368 -535.787472339904 4541   413.122532
1.07877269 1.68176562 125.21985208 -535.763092719206 4542  5763.830896
0.95975026 1.70543920 125.78980714 -535.774654637171 4543  3226.283166
1.21013976 1.62226222 104.03173414 -535.745929992714 4544  9530.614035
0.99270818 1.70142398  88.49597713 -535.781122518617 4545  1806.747244
1.18285217 1.71743145 116.02645462 -535.749070281229 4546  8841.400358
1.09848889 1.71481620  79.71954455 -535.757040405141 4547  7092.160319
1.00166462 1.82141275  90.27161311 -535.779000245607 4548  2272.532339
0.90219156 1.73328988 136.63741577 -535.755685596899 4549  7389.506364
0.87895865 1.71328747 109.82538413 -535.781257204840 4550  1777.187034
0.98411672 1.77600186 103.41356831 -535.785174544307 4551   917.430383
1.06166195 1.76863915 102.73747013 -535.776878204678 4552  2738.266498
0.98666396 1.86527611  74.78394259 -535.763821951497 4553  5603.782905
1.20254884 1.68799604  95.99271329 -535.748721600746 4554  8917.926880
0.98309074 1.92954567 130.87401237 -535.747973440368 4555  9082.129106
0.91680623 1.62511805 118.74330447 -535.781485275801 4556  1727.131243
1.22202293 1.51434525 104.33262946 -535.722612352501 4557 14648.244619
0.93690612 2.08221838 116.45280540 -535.748553814750 4558  8954.751651
1.03849804 1.67674511 138.80002709 -535.751040745215 4559  8408.933493
0.94809525 1.68461029  99.53548196 -535.788913982420 4560    96.718566
1.27759210 1.77615954 104.17006314 -535.729069589811 4561 13231.044815
0.86352477 1.60602658  92.87215487 -535.771021531093 4562  4023.657798
1.08684953 1.80218919 103.41291617 -535.770425746401 4563  4154.417426
0.98306362 1.70953101 102.41214758 -535.788073388797 4564   281.207545
1.02471188 1.74623859 122.78204318 -535.770955234314 4565  4038.208259
1.41050019 1.68172529  95.23016970 -535.695762289892 4566 20541.152321
0.88862813 1.70216498  98.20276898 -535.784029867132 4567  1168.657989
0.98431548 1.68341132  90.52674903 -535.782972394654 4568  1400.746375
0.87544931 1.60584939 119.93924562 -535.774457114617 4569  3269.634357
1.19309675 1.65529748  96.57407369 -535.750107789466 4570  8613.693616
0.99724180 1.95763321 101.05542434 -535.768696637879 4571  4533.912888
1.01162960 1.57446997  79.49036857 -535.751642650562 4572  8276.830537
1.06923876 1.68725288  74.42540102 -535.751342969886 4573  8342.602844
1.00801398 1.60021573  82.94883844 -535.763630295839 4574  5645.846460
1.22287661 1.90980784 101.95725390 -535.732454872139 4575 12488.061210
0.87633609 1.43427920  93.27739954 -535.724344497992 4576 14268.082619
1.23911671 1.75365904 104.72913831 -535.739584414801 4577 10923.307434
1.04450625 1.62512523  84.11028075 -535.764909567319 4578  5365.078819
0.98335247 1.95718153 121.87403145 -535.756026194323 4579  7314.753868
0.95321958 1.63482124 107.40279050 -535.788101541615 4580   275.028716
0.88036275 1.79286063 116.51139572 -535.772109717816 4581  3784.828414
0.86412881 1.47180869 104.35671803 -535.750147033663 4582  8605.080510
0.87187749 1.80941718  95.34634712 -535.775790858448 4583  2976.911416
1.10127742 1.76194886  95.39389758 -535.769636715856 4584  4327.589617
0.91069913 1.66421769 145.18732233 -535.747084338605 4585  9277.264392
1.01488484 1.68373943 100.93496222 -535.785413714926 4586   864.938499
0.97431521 1.78509052  90.61609274 -535.782746076175 4587  1450.417541
0.71450524 1.59874824 101.41350950 -535.681785626746 4588 23608.675369
0.97898230 1.87966922 134.30583084 -535.748116685651 4589  9050.690400
0.87310444 1.67844328 110.45422853 -535.780734087017 4590  1891.998128
0.97045118 1.54617456  98.34452413 -535.775076843565 4591  3133.619572
0.72840405 1.99906932 105.24149675 -535.672946068939 4592 25548.734096
0.79273148 1.71941467 107.52548738 -535.750389660547 4593  8551.830064
0.83319850 1.66653685 142.12675238 -535.735662256116 4594 11784.121781
1.08034315 1.70654110 112.58384150 -535.772986621470 4595  3592.370304
0.90199343 1.53929200  99.33548926 -535.772364512805 4596  3728.907376
0.93599201 1.44920589  95.06416188 -535.740399158684 4597 10744.491817
0.95560219 1.80810159  94.67328655 -535.783693736273 4598  1242.430186
0.83383896 1.76028808 101.68514228 -535.768504053555 4599  4576.180263
0.95565860 1.80909432 136.11463788 -535.752714361268 4600  8041.617220
0.99334366 1.83202188 122.52758008 -535.767340706541 4601  4831.505424
1.27048169 1.65036766  97.03681129 -535.731082109054 4602 12789.347888
1.03947726 1.72850406 108.28269166 -535.780691130735 4603  1901.425942
0.97251102 1.75173830 113.33624291 -535.783161333453 4604  1359.279101
1.03045745 1.82333960  91.46782346 -535.776437761566 4605  2834.932590
0.78194447 1.70449357 138.81063463 -535.713378327611 4606 16674.878865
1.34094178 1.70723393  92.91501419 -535.713206505248 4607 16712.589516
0.97894786 1.75258391 146.17886540 -535.739934065372 4608 10846.568003
1.12171647 1.55257254 102.00300770 -535.756887389287 4609  7125.743417
1.28809703 1.68987946  62.07625081 -535.688439618893 4610 22148.292869
1.20728070 1.75493250 103.69192102 -535.747401924456 4611  9207.562353
1.00572056 1.72583873 130.09393186 -535.765371062533 4612  5263.792325
0.92489939 1.85523919 105.47139219 -535.778511799786 4613  2379.733807
0.96284343 2.11219900  62.29485271 -535.736379954314 4614 11626.605231
1.07011091 1.62883250 118.49574431 -535.770860945187 4615  4058.902331
0.94918708 1.94256844 114.35451749 -535.765192603539 4616  5302.959548
1.06869397 1.74514461 100.08425369 -535.776895900330 4617  2734.382751
1.05443662 1.70341903  80.36593439 -535.764614484914 4618  5429.841922
1.01613841 1.93635987 103.73442546 -535.768451727395 4619  4587.664528
1.37175561 1.68694121 123.29373379 -535.696974733793 4620 20275.051638
1.05864923 1.93935502 109.12015946 -535.760287622577 4621  6379.478456
1.04829567 1.60245241 122.62186688 -535.769728931752 4622  4307.350567
1.39344873 1.68379037  86.81191968 -535.694374070679 4623 20845.831227
0.99607852 1.86954222  89.08585079 -535.775700680398 4624  2996.703210
1.01138829 1.64227824 100.35591451 -535.784509230190 4625  1063.449956
1.20949321 1.69047926  94.50816599 -535.746448728162 4626  9416.764762
1.22148467 1.84843422  99.25613329 -535.738535901959 4627 11153.429408
0.91236831 1.62423183  87.07769521 -535.774310538927 4628  3301.804003
0.97907984 1.57037373  70.49527467 -535.729477411311 4629 13141.538340
1.01581079 1.92955766 107.08567064 -535.767827100930 4630  4724.754193
1.05733919 1.61057446 118.81546375 -535.771947901977 4631  3820.342886
0.80847685 1.59459196  91.11568750 -535.748053614862 4632  9064.532839
1.04034189 1.47855452  97.38125663 -535.747749974938 4633  9131.174100
0.94068676 1.96832048 105.48292383 -535.767593511816 4634  4776.021079
0.84799788 1.74694361  94.33034860 -535.772371166981 4635  3727.446953
0.94317437 1.97034465 103.94112446 -535.768050135959 4636  4675.803662
0.91284121 1.67010568  82.84070628 -535.772523336049 4637  3694.049703
1.30866594 1.66148644 108.40565829 -535.722626819764 4638 14645.069422
0.97022449 1.58597280  91.27851883 -535.775692193493 4639  2998.565871
0.91191001 1.67945069 145.79819137 -535.745415146141 4640  9643.609799
0.94760990 1.81723487  67.52050780 -535.752599845351 4641  8066.750560
0.96860675 1.63814834 135.47860277 -535.763521244034 4642  5669.780566
0.94323541 1.75644468  98.93897660 -535.787280536774 4643   455.218454
0.98434922 1.67850522  78.13593003 -535.766430397914 4644  5031.295078
0.97543044 1.70528144 103.81278984 -535.788515688696 4645   184.133936
0.84253856 1.65817271 118.52151582 -535.768153499050 4646  4653.118085
0.97518974 1.84980267 135.94215869 -535.748653923744 4647  8932.780266
0.98581864 1.78074301  97.18833574 -535.784780333272 4648  1003.949706
1.05607222 1.70195724 121.22204494 -535.770467342551 4649  4145.288126
1.03290383 1.58094197  85.87074780 -535.762267290916 4650  5944.991469
0.82701448 2.20432737 105.35264918 -535.720730126024 4651 15061.345589
0.97501317 1.58504900 104.88564430 -535.783662096489 4652  1249.374316
1.05274076 1.66128192 137.89925173 -535.750767787581 4653  8468.840771
0.99078225 1.96595655 122.46008140 -535.754079485011 4654  7742.007185
0.92940849 1.81972007  80.49909392 -535.772618131303 4655  3673.244549
0.77786645 1.83134735 106.57366667 -535.733266497353 4656 12309.930062
1.03673905 1.62962666 129.40468801 -535.765067440478 4657  5330.429665
0.94077006 1.75505749 110.06991472 -535.785186858161 4658   914.727804
0.91794674 1.69277341  55.78215038 -535.701779721461 4659 19220.478721
0.77871312 1.72839790 117.94865468 -535.735255077610 4660 11873.487136
0.97831547 1.69318233 121.41364114 -535.779122180503 4661  2245.770722
0.98446751 1.66639902 132.40005676 -535.766534217215 4662  5008.509375
0.96305028 1.63401327 128.37403337 -535.773031381352 4663  3582.546645
0.95757067 2.10558332  91.14864463 -535.755810568630 4664  7362.078239
0.93534751 1.69079245 102.17267705 -535.789089379651 4665    58.223323
1.13560357 1.68382401  66.67459681 -535.724074900510 4666 14327.252428
1.29682580 1.79716528 105.09088883 -535.722777458207 4667 14612.008105
0.98663966 1.84147889  88.28839524 -535.777823203856 4668  2530.863148
0.90307566 2.11261621 106.10850628 -535.749014289182 4669  8853.689192
1.01183590 1.59689927 130.58352999 -535.765663567852 4670  5199.594827
0.90196314 1.63084117 102.81472727 -535.785364791398 4671   875.675972
1.07064485 1.55922701  95.97279245 -535.764375362275 4672  5482.323276
1.03610845 1.68458403  77.95540214 -535.762031619081 4673  5996.715459
0.92158783 1.56557974  74.51563815 -535.738439736529 4674 11174.535280
1.46445606 1.69894917  81.09208657 -535.669905191036 4675 26216.129665
0.96849328 1.93125668 121.28639620 -535.759922137118 4676  6459.693244
0.96876605 1.47525795 120.46430846 -535.758487220634 4677  6774.621016
0.97291699 1.70252359  54.57431457 -535.702778486634 4678 19001.275099
1.13366511 1.78775470  95.97653772 -535.762178822751 4679  5964.407987
1.00478550 1.58476658  96.87880134 -535.778201777308 4680  2447.775878
0.95952855 1.46842117 101.29372256 -535.755168794817 4681  7502.931312
1.17156919 1.59365698 104.03701888 -535.752456143885 4682  8098.289386
0.99149746 1.69944561  95.23964359 -535.785899289252 4683   758.367250
0.77106682 1.74802815 111.96081891 -535.732889339575 4684 12392.706628
1.18598751 1.54450350 105.99474577 -535.741351068252 4685 10535.571812
1.12982827 1.80061777  96.96597502 -535.762438205487 4686  5907.480056
0.89283463 1.93676221 106.00326976 -535.766550741254 4687  5004.882768
0.88339256 1.72322689 134.61584130 -535.756776545940 4688  7150.070721
0.77322207 1.66381629 123.40988836 -535.729468341556 4689 13143.528921
0.80052092 1.72758758  77.23475344 -535.733949567041 4690 12160.013592
0.84038334 1.68555982  71.52452196 -535.735988785543 4691 11712.456855
1.11190450 1.58357621 100.94661736 -535.763484806900 4692  5677.777592
0.99487364 1.64625581  69.56045464 -535.742861884286 4693 10203.986014
0.94038455 1.93281265 120.55978409 -535.760482024453 4694  6336.812175
1.43932486 1.67162800 114.55554393 -535.686749900180 4695 22519.143267
1.08854042 1.82017696  96.66078901 -535.769157763656 4696  4432.707477
0.85594739 1.73780630 103.36542879 -535.776597124866 4697  2799.956387
0.86817477 1.78156383 118.95965132 -535.768375105463 4698  4604.481098
1.29085200 1.69623090 110.78145001 -535.726460010200 4699 13803.781349
1.10605972 1.75954218 101.80081412 -535.769572674674 4700  4341.645032
0.89586488 1.68885396  89.38813133 -535.779554650540 4701  2150.854518
0.94389381 1.67168745 103.55385572 -535.789273904854 4702    17.724722
1.04168721 1.72114552 106.23751084 -535.781274949153 4703  1773.292608
0.96847463 1.64761542 134.28361453 -535.765141841484 4704  5314.100531
1.40399047 1.79371317 105.10273366 -535.696161583725 4705 20453.517453
1.19734243 1.72327780  96.05129828 -535.750079538946 4706  8619.893889
0.95334204 1.57112946 126.40148766 -535.772462515805 4707  3707.398204
1.02054139 1.52233825 114.08559120 -535.768745522109 4708  4523.184040
0.95258686 2.20734254  92.45997068 -535.746095141232 4709  9494.368124
1.01389841 1.78965518  85.09118788 -535.775706375677 4710  2995.453241
1.39566928 1.78652004 100.55314406 -535.699321009670 4711 19760.103595
1.23496143 1.54418513 100.71220026 -535.723957333912 4712 14353.055315
1.04419766 1.69694704  93.86190124 -535.779413527429 4713  2181.827462
0.97052562 1.90547669 100.98679862 -535.775472102549 4714  3046.870250
1.24713320 1.64488036  92.75889481 -535.734121517308 4715 12122.274870
0.96249047 2.23422139 107.43114363 -535.740198259170 4716 10788.584165
1.22945769 1.60618505 101.96043702 -535.739443482723 4717 10954.238451
0.81986594 1.80278478 111.91384454 -535.756275402969 4718  7260.058891
0.92495854 1.68320261  65.16684443 -535.735004186335 4719 11928.551407
0.93307661 1.77153855 113.12179191 -535.782092866122 4720  1593.780579
0.96052609 1.81258159  72.53425603 -535.762163272341 4721  5967.820908
0.98557439 1.67015287 125.70680406 -535.774770311452 4722  3200.895595
1.08327736 1.89695225  97.77603639 -535.763950280915 4723  5575.617853
0.97871692 1.84290486 114.39438612 -535.774809906070 4724  3192.205581
0.99156434 2.11648374 109.57898018 -535.748949090174 4725  8867.998721
1.12544877 1.82753628  98.26917199 -535.761675265713 4726  6074.925985
1.14748151 1.69824192  65.28824075 -535.720677954541 4727 15072.795906
0.91434777 1.57723896  95.05347530 -535.777128898244 4728  2683.245619
0.77534065 1.71199535  70.35294246 -535.702728954759 4729 19012.146089
1.00367941 1.63995078 116.46650615 -535.781689980198 4730  1682.203820
0.98013757 1.74549992  79.24313203 -535.771729761878 4731  3868.219105
1.13781655 1.82204812 107.25493794 -535.757762170344 4732  6933.751164
1.01960360 1.53907518  84.77713334 -535.752443210776 4733  8101.127876
0.97324766 2.12387932  92.98497452 -535.753771385777 4734  7809.627152
0.89409203 1.72809412  94.01991969 -535.782866430131 4735  1424.002900
1.21776278 1.68243258  85.70381693 -535.737395330032 4736 11403.756016
0.93022659 1.60265526 123.90201089 -535.776907134200 4737  2731.917202
1.00375489 1.66793038  65.23109128 -535.733787237441 4738 12195.640822
1.23404957 1.66971227  84.96934483 -535.731918132208 4739 12605.862011
1.41977991 1.67015840 118.28790218 -535.689280113039 4740 21963.825722
0.79915684 1.72447450 102.57610345 -535.754539933332 4741  7640.950457
1.14979298 1.63673012 115.00021865 -535.757666773567 4742  6954.688337
0.96396346 1.78235415  89.47995927 -535.782497487135 4743  1504.976530
0.93274850 1.79190807  95.32895077 -535.784443569733 4744  1077.860761
0.73062297 1.68965095  97.05175133 -535.701555527360 4746 19269.683640
1.09622617 1.67161247  68.85385931 -535.733843587080 4747 12183.273505
0.99450103 1.89374871  96.19896314 -535.775643426366 4748  3009.269018
1.19443721 1.76127599 107.93222336 -535.748956567815 4749  8866.357568
1.36590275 1.68642815  63.58400481 -535.674497420365 4750 25208.251807
1.06169368 1.52966182 113.13364464 -535.764471525710 4751  5461.217841
1.02884308 1.82221736  99.63289928 -535.778265322398 4752  2433.829342
0.95519126 1.93464006  78.37734743 -535.765152641532 4753  5311.730194
1.19578899 1.68153495 108.21093779 -535.750864234402 4754  8447.673140
0.95501915 1.72259061  70.57155002 -535.755161668120 4755  7504.495441
0.97588361 1.68088314 144.90151404 -535.747290395425 4756  9232.040146
0.94003310 1.66531112  56.22186236 -535.699805581472 4757 19653.752376
1.27844880 1.70120896 135.98683292 -535.703605998650 4758 18819.657201
1.04836230 1.84057791  97.59854729 -535.774272485975 4759  3310.155660
0.96891078 1.80994539  94.36773884 -535.783234980543 4760  1343.115433
1.14184952 1.68518836  88.87784761 -535.757806917878 4761  6923.930215
1.27869078 1.46891889 102.78908333 -535.698535897295 4762 19932.415847
0.98262701 1.47756524  86.28147238 -535.737243543363 4763 11437.069339
1.28690700 1.85912549 102.06736653 -535.721301368462 4764 14935.972363
0.90817209 1.64716272  55.99435982 -535.690283276323 4765 21743.656826
1.49164789 1.86071077 103.40661912 -535.670267306240 4766 26136.654563
1.14902386 1.58749219 103.34624283 -535.756753439193 4767  7155.142066
0.98440035 1.72040012  68.93763319 -535.750779044167 4768  8466.370236
0.96566596 1.41661072  94.03275088 -535.720756279490 4769 15055.605567
0.86548976 1.65719983 139.67124016 -535.749166672493 4770  8820.244921
0.95220466 1.77876348  95.56424625 -535.785608104434 4771   822.274932
0.73954732 1.74896179  95.87375812 -535.708606689116 4772 17722.132484
1.11335351 1.67622802 113.47229716 -535.766767156896 4773  4957.385024
0.80778455 1.62978352 101.71408676 -535.758469253602 4774  6778.564324
1.40830703 1.73391682 105.55843986 -535.697766496479 4775 20101.279811
1.12376761 1.74738128 100.47810242 -535.766577189510 4776  4999.078046
0.97675960 1.77481323  83.06787627 -535.776745554736 4777  2767.379796
0.94541534 2.22120994  84.52600755 -535.744015863427 4778  9950.716863
0.97146547 1.95366850  78.63045300 -535.763830330867 4779  5601.943846
1.18294664 1.68045096  81.11644963 -535.739835424175 4780 10868.217243
1.10077293 1.74667313 102.15404195 -535.771124143476 4781  4001.136983
0.93210016 1.65533028  95.50959562 -535.786137450301 4782   706.096941
0.95826822 1.87913512 133.30917711 -535.750224883366 4783  8587.994475
0.94353616 2.27839388  84.99361926 -535.739321860719 4784 10980.931396
0.97274987 1.89198440  68.79440728 -535.754674423798 4785  7611.433211
0.89328390 1.63818691 119.15004545 -535.779013603821 4786  2269.600550
1.07685979 1.45548200 100.10406636 -535.732815347493 4787 12408.946014
0.95277436 1.71988561 130.35497713 -535.768239451566 4788  4634.253688
0.98535586 1.66675534 123.85475401 -535.776863633608 4789  2741.464478
0.93879695 1.69698705 136.36490691 -535.760832294951 4790  6259.936685
1.01559335 1.75181774  94.26976962 -535.782622870383 4791  1477.458087
1.00442671 1.78885727  80.96649171 -535.772373337702 4792  3726.970535
1.08040481 1.56645734 101.25534473 -535.767128447201 4793  4878.090966
0.94331591 1.74282477  73.91911183 -535.763098940641 4794  5762.465449
0.99880366 1.74994094  82.77364967 -535.775234097582 4795  3099.106304
1.12465577 1.66641438  85.48176378 -535.756873579936 4796  7128.774220
1.06882203 1.87422898 103.06199832 -535.767684728125 4797  4756.001413
0.96306363 1.63522434 116.36872405 -535.784269727350 4798  1116.014755
0.95985852 1.66848967  68.88999560 -535.745237509619 4799  9682.596510
1.19900271 1.62939170 108.71419262 -535.748642044113 4800  8935.387543
0.93514039 1.61654653 100.66251497 -535.786222135476 4801   687.510693
0.97344639 1.86080277 109.64742494 -535.776481792292 4802  2825.268962
1.08156903 1.84391462 106.94811811 -535.766939444115 4803  4919.572349
0.91506764 1.56525999  77.16091082 -535.744826145176 4804  9772.880571
0.76289207 2.14385670 102.55778798 -535.689944895101 4805 21817.922922
0.97132268 2.11355709 121.23587289 -535.741836543870 4806 10429.022228
0.89851713 1.80515746  92.47239114 -535.779746720578 4807  2108.700017
1.22395162 1.69337075  85.65607639 -535.736384997367 4808 11625.498409
0.94748972 1.65229383  75.87297572 -535.759861197728 4809  6473.067894
0.99094119 1.83426412  69.23326295 -535.755438694624 4810  7443.695150
1.05578365 1.47685906 105.89981529 -535.750360181196 4811  8558.300033
0.90169332 1.64140391  65.53156715 -535.726128285493 4812 13876.586508
1.42138535 1.67236174 115.05970682 -535.691063557453 4813 21572.404910
0.95362000 1.79925711 101.48082021 -535.784901050833 4814   977.455263
1.01306802 1.80429803  87.63664592 -535.777258695961 4815  2654.758313
0.77769820 1.56516962 104.88278406 -535.735912523558 4816 11729.194426
0.82089090 1.69854155  76.36159848 -535.740539829963 4817 10713.618040
0.94566918 1.98102280  94.47302615 -535.768529768084 4818  4570.536576
1.00414235 1.66169326 143.42495352 -535.748284148753 4819  9013.936497
1.15392764 1.69033473 102.88277970 -535.761282923045 4820  6161.035249
1.17849812 1.71754434  98.44986717 -535.755155954799 4821  7505.749370
0.74107641 1.65509924  87.76418212 -535.703190630791 4822 18910.819911
1.38356186 1.72610810 109.77612943 -535.702871397155 4823 18980.883596
1.46006368 1.70224478 124.62325630 -535.673617871036 4824 25401.290576
0.79975899 1.69021714 105.64599988 -535.755589190751 4825  7410.665068
1.00850959 1.82274474 110.11996590 -535.777295832412 4826  2646.607804
0.92396317 2.22108598  94.27630084 -535.743621932940 4827 10037.174613
0.71757648 1.67260110  76.62399793 -535.661419212389 4828 28078.586734
0.94566425 1.65551765 140.11816585 -535.756848292987 4829  7134.324064
1.08206470 1.85318995  99.79390081 -535.767868567621 4830  4715.653306
1.10142073 1.73009324 101.85872133 -535.771584801044 4831  3900.034331
0.97737667 1.95166281 120.65286216 -535.758131583355 4832  6852.674378
0.95403153 1.92949462  55.24656952 -535.726640248451 4833 13764.223624
1.18190166 1.64076197  95.39861665 -535.751257030920 4834  8361.464267
1.02938005 1.71788838  86.53822379 -535.775967300482 4835  2938.186864
1.14033294 1.66520446 101.89092581 -535.763882640026 4836  5590.463312
1.05236135 1.75814232  86.17100846 -535.772580376097 4837  3681.530859
0.96936874 1.62720211  68.96945642 -535.738525193982 4838 11155.779537
1.09748395 2.06729643 101.16613737 -535.743705127689 4839 10018.915475
0.96728236 2.02295300  90.71531729 -535.763865792666 4840  5594.160880
0.95628374 1.81592480 103.64836344 -535.783287271444 4841  1331.638906
0.93293781 1.62432382 142.18805067 -535.753975522219 4842  7764.824381
1.02088894 1.50572315 104.07324513 -535.764285660577 4843  5502.010523
0.77489912 1.70418800  70.94949305 -535.703210566286 4844 18906.444575
0.93449355 1.46380161  86.77882305 -535.732973365946 4845 12374.264971
1.20163596 1.68672628  99.18644059 -535.749912617577 4846  8656.528895
1.01510808 1.60880598  72.26333985 -535.741753915002 4847 10447.157168
0.96107903 1.70061761 114.45650623 -535.785222264373 4848   906.957039
0.77372017 1.70917524  93.73374317 -535.736677720140 4849 11561.253185
1.07665967 1.77185835 115.48429812 -535.768386521377 4850  4601.975595
1.10485749 1.68188016  61.12010708 -535.714672584965 4851 16390.822205
1.40533011 1.62996044 109.65727792 -535.695590006421 4852 20578.964173
1.50704248 1.67578414  90.04921084 -535.668672428898 4853 26486.689686
1.06214575 1.77147436 102.93725190 -535.776619367854 4854  2795.074616
0.97122715 1.81088016 100.54276017 -535.783782824926 4855  1222.877487
0.98735615 1.50948718  99.00897094 -535.765708886011 4856  5189.648640
0.82017490 1.88767931 108.14742696 -535.750146097870 4857  8605.285893
1.17248089 1.76736780 103.61478993 -535.754905137241 4858  7560.797463
0.92896562 1.57318896  70.24715230 -535.728323475270 4859 13394.798032
0.98812359 1.51240338 104.70748755 -535.769634573201 4860  4328.059876
1.00767092 1.86090834 119.78527544 -535.766257013438 4861  5069.348573
1.02052929 1.69790609 136.67272934 -535.755786957465 4862  7367.260290
0.89664889 1.66543639  95.64742402 -535.783628187980 4863  1256.816374
1.12693773 1.58998558  99.40819336 -535.760585774474 4864  6314.041677
0.96089384 1.70206730 105.59650635 -535.788869208332 4865   106.545343
0.96439159 2.00112186 103.81295115 -535.764833282601 4866  5381.821379
0.84503874 2.00819259 105.54455722 -535.747590205283 4867  9166.239487
1.48811548 1.65600242  97.82867479 -535.677799830423 4868 24483.456564
1.05437433 1.68345283  97.92948642 -535.779523560806 4869  2157.677926
1.04948084 2.07292709 107.83643850 -535.748281539136 4870  9014.509242
0.82280969 1.65619762  74.33948487 -535.732661717446 4871 12442.663912
1.15173867 1.69662375  95.80542968 -535.760395756108 4872  6355.745889
0.86647903 1.75196283 121.34589157 -535.768006313047 4873  4685.421679
0.67647433 1.72901471  89.67095834 -535.625924865584 4874 35868.695558
1.04948938 1.66039188  99.32839011 -535.780126389349 4875  2025.372352
0.99317752 1.75027150 102.35189200 -535.786062324705 4876   722.585104
1.00119359 1.79931818  76.84216220 -535.767195215719 4877  4863.436970
1.19175136 1.81225504 100.67322145 -535.748127604381 4878  9048.294016
1.00298692 1.62902926  70.44903954 -535.741788327014 4879 10439.604605
1.37096420 1.63558685 101.60108722 -535.704952975317 4880 18524.029988
0.96765006 1.75907907  83.18545014 -535.777357372484 4881  2633.101319
0.97960550 2.15404860 116.66315128 -535.741564033259 4882 10488.831395
1.20469328 1.65254848 101.77145580 -535.748742150289 4883  8913.416777
0.94536991 1.83620636 138.43092068 -535.746378734601 4884  9432.126573
0.99616055 1.67493478 128.18932203 -535.770914724773 4885  4047.099076
1.08201793 1.69466226 115.43451277 -535.771201326324 4886  3984.197305
1.05278139 1.68511956 125.74300122 -535.766696459023 4887  4972.901414
0.92631226 1.82531662 115.68562980 -535.775363694427 4888  3070.663083
1.28968322 1.62338241 107.57399429 -535.725821170973 4889 13943.990355
0.74303788 1.72035121  79.56821889 -535.696333761725 4890 20415.728749
0.97979674 1.82674875  93.55479505 -535.781458987445 4891  1732.900871
1.45903045 1.69262610 115.03846865 -535.681791274031 4892 23607.435933
1.33294974 1.69185746 132.82749678 -535.695043042828 4893 20699.008808
0.86379107 1.72467885 110.87896809 -535.777029025146 4894  2705.165231
0.95998075 1.75107782  93.54594833 -535.785896974476 4895   758.875285
0.70280624 1.70313829  81.72934858 -535.654649518312 4896 29564.362874
1.13651214 1.79591964 109.83660251 -535.758821463285 4897  6701.263232
0.92493982 1.91226875 103.22080335 -535.773622977743 4898  3452.706243
1.31045316 1.92681482 104.75632010 -535.708534017329 4899 17738.082098
1.44903326 1.70454982 101.77794680 -535.688176385954 4900 22206.065822
1.11725315 1.88480472 103.73738208 -535.757750921547 4901  6936.219990
1.09133052 1.67695603  70.59681878 -535.739121040581 4902 11025.006322
0.96999938 1.61770377 110.50484839 -535.786136594083 4903   706.284859
1.00478071 1.87417662  90.66520365 -535.775306307718 4904  3083.258010
0.97314078 1.66339734 106.48890049 -535.788448255183 4905   198.933882
0.97032101 1.83249968 134.53114581 -535.752668784696 4906  8051.620122
0.93692285 1.85084278 122.88667832 -535.766381590133 4907  5042.007148
0.99058081 1.47067464  91.80972080 -535.743486786017 4908 10066.835934
1.01485965 1.63150709  81.36078366 -535.764843949214 4909  5379.480328
0.79358623 1.88904087 100.43067575 -535.739073569930 4910 11035.424926
1.25019514 1.70225374 106.54728157 -535.737987004448 4911 11273.898489
1.00095782 1.61234273 124.66189469 -535.774154774623 4912  3335.990317
0.85664664 1.64286217 130.12809210 -535.760541925902 4913  6323.665326
0.97209337 1.99176184  88.57801970 -535.766279637377 4914  5064.383192
0.86314758 1.74952374 116.56741312 -535.771725662121 4915  3869.118897
0.88879255 1.63113975 119.95771959 -535.777600340114 4916  2579.776087
1.19891271 1.69712345 126.17720509 -535.736229177566 4917 11659.696903
0.94175730 1.90661616 135.01475727 -535.744813510775 4918  9775.653502
0.89168118 1.71053358  91.96260334 -535.781405059046 4919  1744.736786
0.97609062 1.58885122  86.63189192 -535.769846682596 4920  4281.507243
0.94799125 1.91375558  73.89121016 -535.761381451182 4921  6139.410822
1.14741503 1.62553838 114.59388925 -535.757990416906 4922  6883.656833
0.96992462 1.97087514 125.49070465 -535.751174622856 4923  8379.550747
1.26238661 1.70803190 113.72008903 -535.731781696814 4924 12635.806119
0.86992111 1.74984500 117.18788122 -535.772777504603 4925  3638.266152
0.98882038 1.70637129  74.76435516 -535.762025227787 4926  5998.118186
1.00025679 1.54451838 134.85033995 -535.757035618115 4927  7093.210949
0.99529615 1.88549712 121.94304795 -535.762595096352 4928  5873.046490
0.97101797 1.72364346  97.79028674 -535.787806221531 4929   339.843984
1.09215628 2.06565121 103.84020004 -535.743981292932 4930  9958.304209
0.99390433 2.28024942 107.47003077 -535.735189505759 4931 11887.878494
1.07909723 1.90894639 103.65650206 -535.762500453142 4932  5893.818274
1.00403125 1.56651777 116.96487190 -535.776486981174 4933  2824.130134
0.98848447 1.72370167 108.08409952 -535.786317773657 4934   666.520538
1.02907604 1.71508542 104.24649824 -535.783483414060 4935  1288.590577
1.14933644 1.69255583 132.26391410 -535.739775056323 4936 10881.466456
0.82356408 2.17323471 100.74260224 -535.723773931027 4937 14393.307596
0.82773641 1.77491067  91.76884376 -535.762919590473 4938  5801.828262
1.45078284 1.63160213  95.79509242 -535.683669625759 4939 23195.185373
0.78045051 1.92967857 104.42294048 -535.725540848984 4940 14005.513922
0.95198128 1.78594896 109.34719026 -535.783560760548 4941  1271.614985
0.88434172 1.67399781  97.05993121 -535.782707904782 4942  1458.795193
0.92086934 1.80132438 120.14948398 -535.773150775501 4943  3556.342658
1.01665825 1.74009415 112.14903372 -535.781139521871 4944  1803.015461
0.96084665 1.64727343 104.75343795 -535.788647508032 4945   155.202936
1.13151873 1.68572759 124.57694380 -535.753461692948 4946  7877.596872
1.00155713 1.74853954  82.97594269 -535.775245506567 4947  3096.602321
1.01625605 1.54219467 103.41479814 -535.773231915340 4948  3538.534521
0.87127523 1.83790434 110.06466500 -535.770669336602 4949  4100.955555
1.08818948 1.66514557  85.40870767 -535.763624498659 4950  5647.118794
0.96284864 1.90206491 128.38348122 -535.754726478025 4951  7600.008629
0.98754520 1.84822514  92.10035139 -535.779056128514 4952  2260.267458
1.10956616 1.55015395 101.44633742 -535.758718201107 4953  6723.926661
0.68509041 1.61953944  92.76641198 -535.638669531157 4954 33071.564728
1.11901154 1.54023627 104.36039973 -535.755758663138 4955  7373.470177
0.98200380 1.53388755 134.84359096 -535.757216638303 4956  7053.481610
0.85430119 1.80917607 113.93215521 -535.766585280345 4957  4997.302313
1.14379258 1.55767067  96.80340410 -535.750138563928 4958  8606.939403
0.78438550 1.70355859 125.67252497 -535.732765576886 4959 12419.869399
1.10368456 1.72467745  94.32207671 -535.769670051987 4960  4320.273182
1.26452488 1.70590914  87.64418067 -535.728772047555 4961 13296.347793
0.89547327 1.63877789 116.96663584 -535.780919108670 4962  1851.390568
1.01399488 1.77988908  77.91799695 -535.767701705924 4963  4752.275216
0.96513671 1.43368246 113.69065463 -535.744360934343 4964  9874.982549
0.98805854 1.54827099 112.62929486 -535.777217537178 4965  2663.791621
0.83677067 1.70403749  75.99339003 -535.746453846527 4966  9415.641411
0.95012498 1.90705700  94.71472182 -535.775839988622 4967  2966.128589
0.95195352 1.69098379 108.42905343 -535.788499274401 4968   187.736458
1.00358453 1.95557797  92.80836248 -535.768790928172 4969  4513.218561
0.96293917 1.89666971  92.85441390 -535.776390417928 4970  2845.323317
1.15615289 1.73420624 110.81081111 -535.757702221120 4971  6946.908498
1.06672161 1.67078983  88.75145088 -535.771260202016 4972  3971.275584
0.98932039 1.92326387  84.38579911 -535.769541794361 4973  4348.422478
1.19192370 1.69731564  88.24460192 -535.746511077827 4974  9403.080592
1.06370236 2.06801763 107.47188052 -535.746893825925 4975  9319.077093
1.06772917 1.78713364 102.86152102 -535.774799901177 4976  3194.401401
0.96405653 1.84600340  58.92936145 -535.733572492599 4977 12242.771867
1.05692302 1.69790408 100.09382263 -535.779736235216 4978  2111.001288
0.90492438 1.61669900 104.82630181 -535.785059966047 4979   942.577405
1.35679518 1.71176894 121.30420936 -535.702111752398 4980 19147.606352
1.34352344 1.62260290 107.19249454 -535.711524587453 4981 17081.727811
1.07110142 1.63695590 118.43718120 -535.770968055644 4982  4035.394303
1.09037971 1.84466475 100.41610011 -535.767037676701 4983  4898.012788
1.40645664 1.79963558 106.10842459 -535.694884178746 4984 20733.875445
1.00270328 1.67536309 105.17065852 -535.786663315303 4985   590.682911
0.84719853 1.60711337  88.66641162 -535.761875716370 4986  6030.932150
0.96925853 1.81604126 100.51513369 -535.783472603773 4987  1290.963161
1.18276075 1.68672635  87.49725447 -535.747564790247 4988  9171.817443
1.09138392 1.68740519  59.37529604 -535.712062463961 4989 16963.677560
1.08880466 1.72010258  92.93271761 -535.771784249464 4990  3856.260462
0.99874898 1.56198973 100.59386780 -535.777452829084 4991  2612.151016
1.06514443 1.59320239 101.39628737 -535.773476065310 4992  3484.949796
1.11498040 1.70755446  59.38088520 -535.712281282735 4993 16915.652390
1.14435065 1.70018989  79.18991635 -535.746698297586 4994  9361.990604
1.09725080 1.78206979 105.85658382 -535.769240312193 4995  4414.590167
1.12669948 1.68253807 116.58268992 -535.761935567270 4996  6017.796395
0.85369340 1.69281720 103.20674435 -535.777287654666 4997  2648.402611
0.79025756 1.64678439 100.36872655 -535.749438670087 4998  8760.548348
1.09018555 1.81349089 103.49513896 -535.768994858055 4999  4468.461124
0.82683537 2.00736085  98.71897468 -535.743062540806 5000 10159.946997
0.85678106 1.76331866  96.37061941 -535.775003407458 5001  3149.736934
1.16580691 1.56974835 109.56321341 -535.750684131068 5002  8487.201253
0.97945654 1.87164602 127.95659292 -535.757798294994 5003  6925.822720
0.97846722 1.95658448 137.33202143 -535.736297785614 5004 11644.639177
1.17883718 1.69004488  87.69144719 -535.748774257802 5005  8906.369992
1.09181259 1.69802695 111.82288975 -535.771536034911 5006  3910.737260
0.91996157 1.62946908  74.96076321 -535.753112285572 5007  7954.282929
1.14554771 1.71055205 105.26061030 -535.762694111875 5008  5851.315095
1.13402707 1.75174372  99.15658072 -535.764203125088 5009  5520.124970
0.93787172 1.89713862 127.56592198 -535.756072154931 5010  7304.666681
0.93193823 1.58989430 134.33011091 -535.764373148926 5011  5482.809050
0.84012321 1.69493831  70.79866413 -535.735071053410 5012 11913.875780
1.46218761 1.73965755 106.66705650 -535.683933120747 5013 23137.354906
0.96775296 1.87283496  73.08168677 -535.761913757048 5014  6022.583186
0.95010681 1.42112080  88.73861897 -535.714736811888 5015 16376.726024
1.19998437 1.78683856 103.86080615 -535.747394281472 5016  9209.239794
1.27731881 1.81255139 103.28267682 -535.727031522901 5017 13678.348807
0.91799108 1.46724676  91.26485466 -535.742015778036 5018 10389.684875
0.71144523 1.76409199  96.47663394 -535.677640816084 5019 24518.356178
0.91101461 1.90402172  94.31013260 -535.774036066793 5020  3362.043674
1.21527469 1.67178989  68.39506152 -535.711074210155 5021 17180.574204
0.84896832 1.63986810  85.09082953 -535.761138529902 5022  6192.725881
0.95017931 1.53879238 113.48188860 -535.777047385475 5023  2701.135604
0.97294415 1.71569905  77.51474556 -535.768286845290 5024  4623.851967
0.98672344 1.79293558  81.82593248 -535.774541440636 5025  3251.126934
1.06148491 1.75019864 107.04984082 -535.776886507675 5026  2736.444201
1.05950204 1.62794190 121.23229519 -535.770333078246 5027  4174.755735
0.87576480 1.62585487 111.70022849 -535.780134669734 5028  2023.555017
0.86643287 1.78237058  93.34949495 -535.775474989389 5029  3046.236662
0.90919675 1.74281503 101.27032227 -535.786108618355 5030   712.424822
0.98369313 1.55340573 115.00940345 -535.777470757035 5031  2608.216286
0.97139374 1.93274528 128.94833748 -535.750701907940 5032  8483.299681
0.95180224 1.64853650 138.89841567 -535.758843532927 5033  6696.419505
0.89672567 1.83498700 107.19047698 -535.776913555265 5034  2730.507941
0.98083238 1.93739409  84.66755785 -535.769058001109 5035  4454.602825
1.20639749 1.52523329 100.70303490 -535.726871627288 5036 13713.441838
1.12431230 1.88391117 101.47522845 -535.756980848923 5037  7105.231398
1.01873845 1.95155775 108.26068551 -535.764622536182 5038  5428.074873
1.04774694 1.63223604  98.61468268 -535.778710363276 5039  2336.154158
0.95831321 1.80272992  90.76918397 -535.782428376675 5040  1520.144523
0.98951387 1.64823057 102.17952739 -535.787105298402 5041   493.678832
0.95306469 1.79529921  86.34278107 -535.779836380419 5042  2089.021956
1.12450646 1.70263636 100.58450371 -535.767426278350 5043  4812.724583
0.97135025 1.57508404  91.17372644 -535.773727218543 5044  3429.828031
1.34628252 1.74381461  96.15311825 -535.712913342167 5045 16776.931376
1.05291313 1.67262904  74.11399216 -535.751598038733 5046  8286.621702
0.91715728 1.70105476 101.30268768 -535.787959867578 5047   306.122574
1.07147174 1.62791573 110.87250015 -535.774881119368 5048  3176.576068
0.86290229 1.74383293 110.93011570 -535.775754293245 5049  2984.936550
0.84909840 1.72752176  69.44410715 -535.737619837856 5050 11354.482243
0.96415448 1.78971079  64.98235355 -535.746228195109 5051  9465.166173
0.99359349 1.85215569  99.95319666 -535.779319007904 5052  2202.572100
0.98442021 1.87680378 119.19829659 -535.766991427885 5053  4908.163230
0.97108585 2.10150330  97.01456021 -535.755796038162 5054  7365.267308
1.00700169 1.76763923  90.61341241 -535.781155695181 5055  1799.465830
0.91611172 1.75929767 115.52116472 -535.780244581624 5056  1999.432145
1.05264730 1.81744839  98.69007563 -535.775395990608 5057  3063.574891
1.10408467 2.02726360 103.93770750 -535.745765378162 5058  9566.742754
0.82295849 1.66531332  74.41999677 -535.734052144059 5059 12137.500538
0.95842506 1.90798163 103.10704186 -535.774966579980 5060  3157.819632
1.44826935 1.68597677 119.47181012 -535.681362592525 5061 23701.520650
1.11991535 1.63301569  95.20788473 -535.764158340507 5062  5529.954049
0.81910943 1.62533186 117.33817041 -535.759973865087 5063  6448.340267
1.16007634 1.70300443 126.80012540 -535.744185611360 5064  9913.461497
0.95700032 1.99601726  83.12048381 -535.763866556935 5065  5593.993143
0.75506333 1.71526661  86.16880887 -535.715932947887 5066 16114.204512
0.99214402 1.64995457 143.39594501 -535.749772623262 5067  8687.254097
1.13352233 1.89413355 102.92592599 -535.753813568879 5068  7800.369031
0.95596486 1.54089951  71.13909091 -535.722423436096 5069 14689.706978
0.91819825 1.51818924  88.00846498 -535.755032264346 5070  7532.896288
1.02742895 2.21973041 108.92463044 -535.736551816801 5071 11588.885774
0.79534376 1.70148348 112.99278357 -535.750280507354 5072  8575.786421
0.98241393 1.80377314  74.81220683 -535.765320982531 5073  5274.783615
1.27090985 1.66110103 116.47177487 -535.728250846097 5074 13410.738293
0.94169217 1.59213473 133.38519198 -535.765889022353 5075  5150.113282
0.90073321 1.93728357 102.43606668 -535.768904055939 5076  4488.389885
1.05986951 1.83381499  97.71984274 -535.773079859766 5077  3571.906863
1.36625325 1.56161123  99.08134861 -535.697867310433 5078 20079.153705
0.83676364 1.79136488  97.91728509 -535.767479093611 5079  4801.132973
0.96032517 1.70460245  59.49543426 -535.721656819879 5080 14857.959793
1.19394921 1.74901752 111.21839742 -535.748188193390 5081  9034.996265
1.32538841 1.59659062 103.96022280 -535.710779667712 5082 17245.218799
1.29239553 2.09864505 103.55884761 -535.696113337308 5083 20464.106317
1.10648431 1.60460257 101.54647812 -535.767188990292 5084  4864.803293
1.15415054 2.22681219 101.55451557 -535.717024645443 5085 15874.604589
1.02543039 1.63974540 127.25566865 -535.769264677833 5086  4409.242527
0.91441287 2.01124804 107.24810585 -535.760499166594 5087  6333.049910
1.04265142 1.68468263 113.09165651 -535.779209864985 5088  2226.526202
0.90752238 1.69733857 128.72012953 -535.769628617774 5089  4329.366941
1.08036160 1.56097745 105.87063011 -535.767430942597 5090  4811.700899
0.97700095 1.71210167  72.01472201 -535.757320722953 5091  7030.637669
1.28532593 1.69821609 126.85272460 -535.714413251837 5092 16447.739248
1.21478674 1.83481542 102.32030820 -535.740838905174 5093 10647.978617
0.90666212 1.68964074 118.62226856 -535.780528598543 5094  1937.097636
0.87139545 1.69285292  56.60043418 -535.696680753455 5095 20339.572865
0.93983532 1.68537927 143.89140195 -535.749534092361 5096  8739.605579
0.87844633 1.92844317  95.73854881 -535.766984545909 5097  4909.673649
1.03781433 1.72800689  93.41865600 -535.780064101318 5098  2039.042995
0.88255796 2.22318545 104.65098314 -535.735717478690 5099 11772.001827
1.29506022 1.61267891 106.65216245 -535.723583055645 5100 14435.199901
1.30063979 1.73926870  96.68982507 -535.724659616204 5101 14198.922165
1.29474455 1.68906543  87.68594537 -535.720715306004 5102 15064.598208
1.42738377 1.69678460 116.09229184 -535.689011926972 5103 22022.685762
1.03103162 1.66668264  89.53679357 -535.776932907707 5104  2726.260571
0.92688305 1.64589531 112.83094602 -535.786223085202 5105   687.302252
0.97462432 1.78046716  68.30328919 -535.753247047234 5106  7924.706162
1.14030710 1.63157251  99.17026663 -535.761698493700 5107  6069.828031
0.94336309 1.52936156 117.52932101 -535.773745656013 5108  3425.781474
1.15878067 1.95175676 103.38717139 -535.742650258477 5109 10250.432511
0.99404410 1.66106222  64.32989696 -535.730323335269 5110 12955.879488
1.01350961 1.78461679 109.05513479 -535.780350434366 5111  1976.200153
0.90961170 1.73093073  82.98943894 -535.775028041879 5112  3144.330304
1.19183063 1.74331664 106.84732962 -535.750810823847 5113  8459.395402
0.86303660 1.81070473  94.73736299 -535.773474343991 5114  3485.327581
1.23376848 1.57581552 108.44174486 -535.734937777034 5115 11943.126564
0.97799458 1.55381633 125.68088893 -535.770352153692 5116  4170.569159
1.02329777 1.80484351  88.31096574 -535.776594852093 5117  2800.455203
0.95226615 1.56359687 117.98897078 -535.778577109857 5118  2365.399903
0.88633591 1.68611939  72.15954600 -535.749514341099 5119  8743.940480
1.30422224 2.10667731 102.40894257 -535.692756688803 5120 21200.805524
0.98762586 1.62726316 120.98313532 -535.779254999140 5121  2216.620400
0.95775728 1.84146063 102.82770559 -535.781338145786 5122  1759.422550
0.94408794 1.87973969 116.12160149 -535.770313378799 5123  4179.079264
0.92474176 1.60923923 118.86375629 -535.781253532088 5124  1777.993110
1.12380276 1.61928432 105.56774804 -535.765394425852 5125  5258.664669
0.96251256 1.52543411  98.34835566 -535.770708270808 5126  4092.410485
0.89212149 1.65911828 132.40809882 -535.764371224041 5127  5483.231513
1.15892580 1.68484934 110.78765149 -535.758382301360 5128  6797.648135
1.06557890 1.96119109 101.36895184 -535.760082485049 5129  6424.500940
1.01122168 1.77393651 130.08132882 -535.761484147831 5130  6116.871512
1.09178301 1.85931616 104.22199086 -535.764759692669 5131  5397.972503
0.72422210 1.73499101  85.94866164 -535.686244340261 5132 22630.100846
1.14108870 1.61777182 100.10761302 -535.760781692691 5133  6271.042598
0.89865684 1.68906537  69.26855045 -535.744517826395 5134  9840.548723
0.84312214 1.62837974  98.61945466 -535.771450827230 5135  3929.438185
0.93387641 2.00829323 119.28126993 -535.753516968798 5136  7865.465225
0.99080189 1.76315800  73.41267672 -535.762097405407 5137  5982.277029
1.00865138 1.99251315 110.59193828 -535.759903200817 5138  6463.849281
0.93886778 1.72457423  89.47286615 -535.783603242923 5139  1262.291181
0.81214457 1.56257177 103.95064216 -535.754527075141 5140  7643.772504
0.91190468 1.78792377 108.01537259 -535.782256791242 5141  1557.803173
1.04539243 1.59873201 109.50879861 -535.777526049303 5142  2596.081035
1.37067588 1.70753275  94.26923326 -535.706315368428 5143 18225.019257
0.97889255 1.89267263 133.27241082 -535.748388929718 5144  8990.939733
0.92537237 1.72808125  98.36802199 -535.787531245115 5145   400.194332
1.20264728 1.62789452 105.89139137 -535.748112461112 5146  9051.617579
1.05117906 1.63344445 124.24202181 -535.768880877423 5147  4493.476982
0.91402242 1.67850760 118.91332403 -535.781260456671 5148  1776.473340
1.00913288 1.87980501 105.53050874 -535.774165567988 5149  3333.621447
1.02933223 1.68425858 106.75420209 -535.783486770471 5150  1287.853930
0.91048777 1.53744148  86.69942275 -535.757574048190 5151  6975.039205
1.13232874 1.75549313  96.47373082 -535.763965574393 5152  5572.261322
0.97979749 2.16189828 123.94138727 -535.735138036817 5153 11899.174621
0.67472289 1.72964748 115.68961151 -535.623128764621 5154 36482.368798
0.95219865 2.22025427 125.92399904 -535.729702511923 5155 13092.134465
0.98434977 1.79568914 112.66291635 -535.779879706860 5156  2079.512901
0.94523724 2.13808157  89.00739354 -535.752320128660 5157  8128.141278
0.95111652 1.71685547  92.95074691 -535.786231332439 5158   685.492193
1.00425040 2.08127090 100.97223998 -535.755166240944 5159  7503.491822
1.04471725 1.79813098 107.35917145 -535.776284767921 5160  2868.510814
0.87497160 1.67197349 126.67058482 -535.768317823652 5161  4617.053003
1.19828394 1.70299101 119.21104616 -535.743366682024 5162 10093.195714
0.99886921 1.93615891  99.49384803 -535.771069306152 5163  4013.172384
0.94535043 2.20795344  99.40301538 -535.745054278200 5164  9722.811159
1.22477651 1.71016980 118.51347516 -535.737423414075 5165 11397.592281
1.08162213 1.76027700 114.55265113 -535.768978651707 5166  4472.018006
1.08283661 1.86155548  98.29390375 -535.767111579238 5167  4881.793056
1.12571789 1.71352097 103.58209824 -535.767061560660 5168  4892.770865
0.90281423 1.70895065  59.08334929 -535.715821228673 5169 16138.724045
1.01517751 1.60162974 111.60908432 -535.781133452960 5170  1804.347433
1.04175802 1.66228651  67.43221386 -535.736100201724 5171 11688.003829
0.96864354 1.71446126 130.24411017 -535.768342747774 5172  4611.582790
0.93785896 2.02366564 102.89164506 -535.762507512383 5173  5892.268950
1.13427741 1.77088637  98.92844655 -535.763315230783 5174  5714.995249
1.11197309 1.69451855  70.54091098 -535.737463643051 5175 11388.763041
0.98327293 1.64927645  93.87050706 -535.784060263195 5176  1161.986824
1.10588396 1.66012286 102.75534720 -535.770913554733 5177  4047.355870
0.98694530 2.17104572 101.64490962 -535.747198222366 5178  9252.269795
0.93211956 1.84589655  85.11135941 -535.775959866847 5179  2939.818359
0.94041230 1.68982108 131.10242088 -535.768720626262 5180  4528.648047
1.47684542 1.70078787 116.98121452 -535.676105951334 5181 24855.220059
0.97197470 2.08838014 122.70222254 -535.742750444747 5182 10228.444166
0.92591654 1.57057244 118.79098740 -535.778426495172 5183  2398.456007
0.86872037 1.50070579 105.20046684 -535.760715928892 5184  6285.476084
1.06171537 1.65116725 137.26629573 -535.750462024992 5185  8535.947903
1.38210545 1.64473991  93.48826407 -535.698933945388 5186 19845.054387
0.92257576 1.85591869  82.72032449 -535.772842148648 5187  3624.078424
1.00083759 1.78747398  82.68736071 -535.774607264951 5188  3236.680167
1.00177332 1.61483162 123.32517874 -535.775498194079 5189  3041.143821
0.98625758 1.75296124 114.04637101 -535.781873713222 5190  1641.879082
0.94354507 1.89358259 112.89006702 -535.771403244901 5191  3939.881299
0.97200685 1.85559290  92.36863354 -535.779369827682 5192  2191.418448
1.02052323 1.60476730  72.83409541 -535.741912423633 5193 10412.368544
0.87468056 2.06308866 105.35126217 -535.749692904367 5194  8704.750372
0.96328436 1.58566365 134.77097686 -535.763401113044 5195  5696.146271
0.87649527 1.76959810 104.70338844 -535.779488509250 5196  2165.370854
1.08086211 1.74631306  98.67562973 -535.774641958227 5197  3229.065873
1.13779164 1.71157978 142.18809283 -535.725937366280 5198 13918.488433
1.14690759 1.67297593  95.73112395 -535.760923253648 5199  6239.973558
0.85264197 1.77711355 113.76817602 -535.768968761296 5200  4474.188701
0.83461964 1.53248026  94.71550348 -535.751535960171 5201  8300.246372
0.93328778 1.73776351 148.79604752 -535.737184142826 5202 11450.106251
0.89364505 1.79500768  90.96776570 -535.778891230302 5203  2296.458433
1.06943874 1.42326207 101.67949568 -535.720148353248 5204 15189.029957
1.01407004 1.49610538  91.76459362 -535.751019110692 5205  8413.681723
0.87512818 1.72563298 123.08250515 -535.769861989806 5206  4278.147699
1.05749363 1.61609744 118.92051925 -535.772120557084 5207  3782.449469
1.06456286 1.69189689 135.78012746 -535.751144378925 5208  8386.188523
0.87910898 1.68613527 118.39153601 -535.776896665574 5209  2734.214800
0.94955527 2.04002385 124.93603978 -535.745160208980 5210  9699.562040
1.15372936 1.57802003  98.10337263 -535.752376160823 5211  8115.843640
0.91549377 1.65800809 136.88196209 -535.760578789535 5212  6315.574694
1.21900819 1.67151060  86.92241624 -535.737736790506 5213 11328.814103
0.80498966 1.69860042  75.22484872 -535.730694936657 5214 12874.322409
1.18656920 1.76335386  96.23507351 -535.751638744808 5215  8277.687751
0.98160111 1.69597872  66.84995393 -535.743117279778 5216 10147.933181
0.95639631 1.68987233  95.93719148 -535.787673157947 5217   369.048065
0.83683463 1.76031689 114.55877853 -535.764644700766 5218  5423.210309
0.97778958 1.94210871  57.08657007 -535.731337077027 5219 12733.388885
0.97611193 1.82369116  76.95897839 -535.768407924328 5220  4597.278190
0.95334118 2.10395875  73.42598112 -535.748470863788 5221  8972.957283
1.05608983 1.85691250  94.20007652 -535.771452913724 5222  3928.980252
0.71533949 1.68631332  78.20150047 -535.663157176322 5223 27697.147734
1.11756131 1.74048992 102.34115315 -535.768059906973 5224  4673.659172
0.98665265 1.67782478 117.79669767 -535.782181955943 5225  1574.227623
0.96628652 2.16851257  61.33714424 -535.732495559033 5226 12479.131469
0.78165153 1.64667769  84.90787746 -535.730494311505 5227 12918.354541
0.89055185 1.94627431 105.08266352 -535.765550564636 5228  5224.396166
1.46374777 1.72689452  98.61715468 -535.684193223703 5229 23080.268905
1.14760776 1.76249330 111.34940228 -535.757839999273 5230  6916.669688
0.90432207 1.51933231 116.37920160 -535.770363657405 5231  4168.044386
1.26392357 1.86272336 100.30754994 -535.726964519057 5232 13693.054451
0.91467546 1.70324627 119.34636668 -535.780143710640 5233  2021.570768
0.85502682 1.71675022  74.04086761 -535.749157890171 5234  8822.172418
0.89854256 1.72275366  56.81623335 -535.708847488678 5235 17669.283088
0.94794212 1.74084787 127.22533603 -535.770966931385 5236  4035.641049
0.95514980 2.24649400 145.15425148 -535.711192145115 5237 17154.690472
0.84581506 1.62536017 106.07516247 -535.773756303747 5238  3423.444567
1.06300211 1.74720605 115.60002255 -535.772119783512 5239  3782.619249
0.94639107 1.86659692 118.56108030 -535.769500689959 5240  4357.443851
0.92883770 1.89405937  97.16415144 -535.776553171676 5241  2809.602998
0.94851244 1.54473019  97.13043415 -535.774330448359 5242  3297.434387
1.42214897 1.78574631 106.57168239 -535.691717515807 5243 21428.877639
0.96509453 1.51793361 114.44589876 -535.772351643584 5244  3731.731844
0.77970497 1.61478844 103.73208484 -535.742043888924 5245 10383.515248
0.99896217 1.59578419 124.87386826 -535.773295166079 5246  3524.652588
0.85576882 1.49814751 112.16624032 -535.757931174776 5247  6896.658978
1.30393001 1.68484463 129.02796832 -535.707443555820 5248 17977.410740
0.90932852 1.72963148  73.72252637 -535.759750147692 5249  6497.440560
0.98321250 1.91752299 116.64006211 -535.765208237814 5250  5299.528221
0.95219717 1.75061435  99.83669123 -535.787692874697 5251   364.720739
1.18026992 1.72588178  91.86271946 -535.752147360777 5252  8166.059446
0.96527864 1.58896469 139.71930904 -535.756612846088 5253  7185.998686
0.96316227 1.91528675 108.76085246 -535.771765324553 5254  3860.413999
1.21956179 1.66143310 111.57814030 -535.743764271908 5255 10005.934820
1.08040611 1.72925138  89.31155014 -535.770894743049 5256  4051.484558
1.10114160 1.66777644  88.58016661 -535.764884003578 5257  5370.689412
0.78055639 1.74583998 111.09944965 -535.739999529857 5258 10832.200209
0.87347024 1.99136611 101.47486691 -535.758622780279 5259  6744.869112
1.03774359 1.70208103 111.15091682 -535.780565784937 5260  1928.936165
1.03597351 1.70471853  93.84705280 -535.780599711853 5261  1921.490068
1.15767149 1.50501712  99.64709871 -535.733154036305 5262 12334.612410
1.01043494 2.14708684 102.34628634 -535.747575360209 5263  9169.497604
0.98428212 1.55306814  72.10199050 -535.729081468977 5264 13228.437639
0.93030134 1.62369747  73.41385077 -535.749041730802 5265  8847.666453
0.93121136 1.71445071 113.11963933 -535.785314776733 5266   886.652922
1.37496155 1.68411448 110.71991304 -535.705222924742 5267 18464.782937
0.92282713 1.64051872 138.08324897 -535.759625698767 5268  6524.753943
1.14386315 1.65187582  93.57232721 -535.759381202627 5269  6578.414644
1.16869235 1.81431703 104.58823270 -535.752556600061 5270  8076.241804
1.10163119 1.80553301 110.35354336 -535.764809489784 5271  5387.043299
0.95774332 1.73792412 100.76897627 -535.788208910967 5272   251.463867
1.24943240 1.83697504 104.10672862 -535.731889279781 5273 12612.194387
0.95066922 1.57915652  99.54271457 -535.781893957448 5274  1637.435988
1.14313481 1.70603484  72.11950003 -535.735798261059 5275 11754.272146
1.25411086 1.64715471 111.38247700 -535.735004880491 5276 11928.399057
1.01824842 1.75973830  99.19292266 -535.783258103029 5277  1338.040634
1.03562659 1.60182289  93.90251100 -535.774616890933 5278  3234.567508
1.36767871 1.56312963 104.09011416 -535.700014307577 5279 19607.942290
1.18977631 1.84289182 107.36877954 -535.744493655166 5280  9845.853695
1.00464491 1.49400314 115.30574566 -535.763328462469 5281  5712.091229
1.35012159 1.67910929 122.47753702 -535.703282741625 5282 18890.603919
0.73297700 1.73873497 115.17798224 -535.698812650675 5283 19871.675500
0.94285033 1.65849844 133.21189499 -535.766894558707 5284  4929.423558
1.05232276 1.41075630 111.04758158 -535.721381068107 5285 14918.480313
0.95301278 1.77915316 116.36419403 -535.779470411445 5286  2169.342863
0.97150783 1.55249134 100.90096538 -535.777794683858 5287  2537.122564
0.99495553 1.63392147  93.05927637 -535.781547855985 5288  1713.396480
0.95955816 2.07221474 105.28346741 -535.756727031711 5289  7160.937838
0.91033771 1.72080154 104.52105342 -535.786857530027 5290   548.057706
1.17563996 1.69729926 136.41919742 -535.727621134665 5291 13548.943980
0.79052813 1.94146937  99.70145863 -535.731868664189 5292 12616.718986
1.33091416 1.70021853  71.76488801 -535.693344603898 5293 21071.773073
0.99653796 1.79492483 115.77858142 -535.776813682043 5294  2752.427580
0.78996241 1.77474107 105.26426992 -535.746154415359 5295  9481.358957
1.21527498 1.81652150 107.07933590 -535.740748137588 5296 10667.899800
1.05904381 1.71952520  64.14775423 -535.732939648583 5297 12381.665077
0.77761065 1.70642766 132.13964525 -535.720108316231 5298 15197.817067
0.98761676 1.89054078 132.70666607 -535.748963379431 5299  8864.862592
0.88023741 1.75401504 109.38341200 -535.779623598118 5300  2135.722274
1.03268964 1.69361612  83.32078321 -535.771112766384 5301  4003.633966
1.16356056 1.69149322 113.18464742 -535.756041206193 5302  7311.459143
1.02299114 1.73076510  73.93318300 -535.759229329046 5303  6611.747043
0.95711830 1.70119352 124.14972714 -535.776748443762 5304  2766.745728
1.12991729 1.57942938 102.08414506 -535.759559898059 5305  6539.195529
0.94063322 1.95098513  79.92772036 -535.765123443938 5306  5318.138326
1.04762733 1.72503358 126.99752300 -535.764294145052 5307  5500.148396
0.96492083 1.73376559  91.53284771 -535.785045313851 5308   945.793190
1.02972360 1.91870345 110.55495950 -535.765507393465 5309  5233.871143
1.20283013 1.50403723  99.79574010 -535.721942648570 5310 14795.227645
0.75038368 1.67262655 115.29366264 -535.718159402914 5311 15625.554106
0.95967195 1.81615295 121.21537313 -535.771726904696 5312  3868.846184
1.00029671 1.69757088 127.09034026 -535.771144260879 5313  3996.721723
0.96827791 1.67527327 138.73063039 -535.757873432934 5314  6909.331848
0.92840388 1.70970803 141.98683689 -535.750858142555 5315  8449.010146
0.89699595 1.90930470 113.05434695 -535.766001737587 5316  5125.375147
0.92467413 1.71140410 137.82861453 -535.757232921630 5317  7049.907832
0.88932002 1.86363093  92.72604176 -535.774368131572 5318  3289.163878
0.99070687 1.81459173  76.40623654 -535.767111238101 5319  4881.867927
0.96483168 1.68860969 107.20725858 -535.788642469871 5320   156.308684
1.01971691 1.82033620  92.18269276 -535.778153239012 5321  2458.428803
0.98716689 1.53480703  74.47548060 -535.730009211933 5322 13024.821592
1.06910143 1.69304258 102.94160171 -535.777995723283 5323  2492.999510
0.86089739 1.69539218  69.56619811 -535.738304673667 5324 11204.178153
0.91826030 1.67280547 114.24544666 -535.785027932450 5325   949.607967
0.97098424 1.89475922 115.07613946 -535.769424536489 5326  4374.157606
0.91629203 2.01116891  92.59385652 -535.763778964928 5327  5613.217366
0.87846358 1.73078748 105.53624253 -535.781792363232 5328  1659.733341
1.00090993 1.63071103 100.85990891 -535.785012705516 5329   952.949893
1.02410682 1.71772366  93.25129842 -535.781770550189 5330  1664.520751
0.94641058 1.81675713  63.11464969 -535.742574605303 5331 10267.036464
1.27607863 2.15009353 103.71459100 -535.695077941359 5332 20691.349466
1.03442097 1.64844175 112.65547237 -535.780503715413 5333  1942.558851
1.07536080 1.73030936 103.48471172 -535.776208784877 5334  2885.187165
0.97224824 2.12351885  70.39681610 -535.744327545069 5335  9882.310648
0.97660438 1.56966830  78.55692560 -535.750769713405 5336  8468.418101
0.96281612 1.73415758 104.61468710 -535.788023894890 5337   292.070203
1.11849115 1.72679682 121.74494839 -535.757628378292 5338  6963.115126
0.85702732 2.03945543 104.10613990 -535.748389413606 5339  8990.833532
0.98677044 1.69822900  86.14841695 -535.779038484330 5340  2264.139909
0.99339396 1.70367565 124.56654274 -535.774412879021 5341  3279.342948
0.99432438 1.70621792 108.25211097 -535.786383576609 5342   652.078459
1.06606886 1.78447573 102.69305569 -535.775260947831 5343  3093.213355
0.97004442 2.07250246 117.89298779 -535.748570373068 5344  8951.117520
0.95608335 1.44043775  82.83922256 -535.712239769187 5345 16924.763560
0.98381818 1.78306458 108.03837294 -535.783362339298 5346  1315.163417
0.98225699 1.99885156 121.63383637 -535.752051120112 5347  8187.181831
0.89651812 1.69353257  77.38401634 -535.763016026010 5348  5780.663107
1.20421541 1.66538317  91.22969662 -535.744742004967 5349  9791.347213
0.96059713 1.78962115 130.98465249 -535.762052506111 5350  5992.131286
1.13012924 1.71538538  86.15367829 -535.758599356163 5351  6750.010112
1.03497341 1.64220561 105.54880210 -535.782220495387 5352  1565.769193
0.88282687 1.81376966 111.77522207 -535.774195464012 5353  3327.060028
0.96014995 1.66430487  81.64098616 -535.771976487555 5354  3814.069077
0.93881673 1.56666818 112.33042964 -535.781481601105 5355  1727.937746
0.86506668 1.66550207 111.83880680 -535.778476763262 5356  2387.423436
0.71527766 1.69669415  98.05593901 -535.685005031972 5357 22902.097581
1.07854593 1.70224887 119.36727279 -535.768470693086 5358  4583.502039
0.97820971 1.65216536 107.98330228 -535.787715774895 5359   359.694726
0.94912589 1.56918108 109.74610520 -535.782431246008 5360  1519.514777
1.43883438 1.66935299 111.37044605 -535.688290725811 5361 22180.971124
0.98858299 1.73572036 101.59840756 -535.787007267356 5362   515.194160
1.05266434 1.61422242 108.06087173 -535.777889766033 5363  2516.254439
0.99911501 2.06304850 110.36913891 -535.753392089625 5364  7892.873036
1.08115550 1.82256000 102.84119637 -535.770050698886 5365  4236.730843
0.68644959 1.70734472  79.69946105 -535.628743639653 5366 35250.046147
1.18914644 1.75808944  95.66746596 -535.751084236728 5367  8399.388210
0.97521815 1.44396535  98.26427579 -535.740836048672 5368 10648.605547
0.80694414 1.70732655 111.50524605 -535.756953016765 5369  7111.339851
0.99255251 1.44363443  88.95064303 -535.725563656969 5370 14000.508147
0.99152322 1.73192022  83.58609328 -535.776576328590 5371  2804.520643
0.98094529 1.60659845 119.55544387 -535.780044859556 5372  2043.266073
0.95354808 1.91973142 134.44002112 -535.744576846313 5373  9827.595348
1.14696415 1.52767965  97.27391721 -535.742517352212 5374 10279.602065
0.87459062 1.64001929 126.73021037 -535.768656348768 5375  4542.755326
0.97753253 2.21204370  94.98344109 -535.745100264273 5376  9712.718382
0.97090900 1.56908280  75.70909093 -535.743914746681 5377  9972.909424
1.21404792 1.65870999  89.40555582 -535.740479243540 5378 10726.915223
1.06157966 1.58653248  90.27188219 -535.765041397668 5379  5336.145401
0.95804699 1.43430685  74.72515253 -535.684631064838 5380 22984.173881
1.34750013 1.63755573 108.87173769 -535.711426331582 5381 17103.292482
0.95515685 1.86118987  91.86372376 -535.779119554272 5382  2246.347113
0.80253363 1.73904090 113.15836644 -535.752142071143 5383  8167.220387
1.00254234 1.64408587 107.02606257 -535.785851104962 5384   768.942480
0.88142927 1.98495039 107.28929246 -535.758698852929 5385  6728.173095
0.98464747 1.89477397 117.38488509 -535.766838995732 5386  4941.618221
1.21668275 1.65372632  88.24989474 -535.738401038051 5387 11183.028615
0.86310978 1.83872052 101.59510212 -535.771728200249 5388  3868.561843
1.19733288 2.06323759 103.67948036 -535.722448509048 5389 14684.204101
1.34549706 1.60816552 107.74411507 -535.708972670841 5390 17641.808779
0.94214417 1.73778784  97.83217153 -535.787770583976 5391   347.665523
1.14619977 1.66054678  80.47790719 -535.745272373904 5392  9674.944684
0.98600623 1.73256490  70.76947939 -535.755743569070 5393  7376.782943
0.97033735 1.68397336 119.64602672 -535.781413886659 5394  1742.799349
0.96939675 1.71467200 126.06481987 -535.773585336973 5395  3460.967437
0.89718440 1.61346245  79.62352536 -535.758413000721 5396  6790.910404
0.85831121 1.89494752 104.20698617 -535.764422441154 5397  5471.990656
1.47692154 1.53720344 100.19057012 -535.675715876697 5398 24940.831548
0.73070654 1.73212020  85.56365884 -535.692711953689 5399 21210.623747
0.94588373 1.97575900  89.94293103 -535.768389398177 5400  4601.344210
1.00296952 1.70809469  80.81594469 -535.771400094442 5401  3940.572745
0.93020458 1.71759471 113.13031724 -535.785133670135 5402   926.401227
1.44160826 1.92508403 102.55994809 -535.676813918771 5403 24699.839164
0.96478624 1.93886357  93.00533362 -535.772519947930 5404  3694.793309
0.84743824 1.57268646 106.20928462 -535.769679890750 5405  4318.113823
0.88279923 1.71720377 109.78198088 -535.781821768101 5406  1653.279718
1.20045485 1.68337291 141.98304076 -535.713353086434 5407 16680.418664
0.95688146 1.74082865  93.38349805 -535.786124642466 5408   708.907936
0.96214119 1.73520080 135.65152784 -535.759473743915 5409  6558.104178
0.93856714 1.76424439 133.29316345 -535.760800532990 5410  6266.907630
0.87830273 1.80107747 114.46995367 -535.772615016614 5411  3673.928144
0.80694889 1.68703020  71.32903016 -535.721517317210 5412 14888.577091
0.74266235 1.73034435 111.08218974 -535.711219549465 5413 17148.675912
0.93064632 1.79632806 142.00486987 -535.743726090576 5414 10014.314653
0.71850033 1.71317710  97.38546086 -535.688242128044 5415 22191.637101
1.32748781 1.74200503  97.88032280 -535.718080588821 5416 15642.851801
1.02799607 1.70813411 145.81736759 -535.739250091742 5417 10996.682866
0.79440832 1.81321234 105.76492412 -535.745528184922 5418  9618.800654
1.02909553 1.79922858  93.04906530 -535.778605991816 5419  2359.061046
1.01168209 2.08104054 103.68680335 -535.753668435098 5420  7832.222214
0.97269690 1.78903564  97.83670552 -535.785084406368 5421   937.213374
1.04518489 1.71010979  71.57644829 -535.750822443557 5422  8456.845170
0.89473482 1.84569350 100.41136530 -535.777458711300 5423  2610.860019
1.01370048 1.76277437 112.07659341 -535.780180482026 5424  2013.500381
0.92869646 2.06390353  98.80221498 -535.758853991963 5425  6694.124012
0.95628190 1.70455338  85.39185845 -535.779463778922 5426  2170.798534
0.96694035 2.13450152  70.93094211 -535.744148363275 5427  9921.636507
0.97896014 1.54127146 120.87589430 -535.772604498072 5428  3676.236697
0.87549386 1.82109284 109.87611023 -535.773238381394 5429  3537.115386
0.94367471 1.68276737 148.17363817 -535.742564568468 5430 10269.239295
1.09464366 1.71654922  96.53603777 -535.772307256859 5431  3741.473604
0.90405928 1.51982564 104.82340985 -535.771038937022 5432  4019.837638
0.94809579 2.08190407  75.00811737 -535.751317819307 5433  8348.122758
0.67862685 1.57393936  96.67448047 -535.626952761984 5434 35643.098371
1.45579146 1.65878262  91.56089939 -535.679643591269 5435 24078.797824
1.05889124 1.77597916  93.30870755 -535.775681997517 5436  3000.803629
0.93994990 1.76751394 115.42814738 -535.780955304632 5437  1843.446472
0.98803951 1.51213934 145.11400351 -535.739515979964 5438 10938.327145
0.96351617 1.49009461  86.69012879 -535.743981684553 5439  9958.218259
1.08062804 1.69894510 146.25674435 -535.730820531604 5440 12846.757503
0.69156221 1.47498474 102.98835072 -535.627799120465 5441 35457.344152
1.16768957 1.63135053  98.71253331 -535.755435531601 5442  7444.389354
1.01784447 1.88346318 100.45602409 -535.774288680025 5443  3306.601477
1.12310459 1.91016068 104.25744318 -535.753992198224 5444  7761.164420
1.06767501 1.66225028  94.17837917 -535.775005008631 5445  3149.385518
1.06808742 1.64611720 129.25726275 -535.760538344382 5446  6324.451379
0.98710567 1.53835967 119.35584444 -535.772599511777 5447  3677.331063
0.93656839 1.91411666  87.06064730 -535.772568222129 5448  3684.198347
1.06642397 1.53943137 105.74761790 -535.766031221332 5449  5118.904213
0.78226842 1.69791596 110.89129180 -535.743623349926 5450 10036.863620
0.97509614 1.84378764 131.26774297 -535.756216668671 5451  7272.949580
0.94365711 1.70456395 127.25076320 -535.773035439528 5452  3581.655978
0.94936814 1.90665615 132.65595179 -535.748440907819 5453  8979.531858
1.08343258 1.58590963 100.01908533 -535.768887547421 5454  4492.013086
0.98485215 2.17620269 106.73222126 -535.744974670971 5455  9740.282926
0.98365771 1.71148791  81.83315049 -535.774304868687 5456  3303.048477
0.90647210 1.67214963  94.02474987 -535.784036147573 5457  1167.279591
1.15900064 1.44480342 104.09864461 -535.714665428638 5458 16392.392837
1.03935190 1.62677337  93.14624140 -535.776148989881 5459  2898.310650
1.02401835 1.58101670 122.79417581 -535.771426961485 5460  3934.676110
1.08201512 1.60259385 109.45750537 -535.771815062850 5461  3849.497705
0.95880074 1.51267584 108.90390257 -535.772064033629 5462  3794.854934
0.82007206 1.91878202  99.23324547 -535.749629690809 5463  8718.624145
0.96190142 1.84247461  75.79048318 -535.766699210871 5464  4972.297453
1.06271761 1.95087894  98.66826687 -535.762074630999 5465  5987.275434
0.89840688 1.93155093 106.80523175 -535.767557470971 5466  4783.931130
0.93915345 1.77176846  74.01582640 -535.764026730773 5467  5558.839048
1.04067540 1.81302321 101.27833532 -535.777303207404 5468  2644.989180
0.92763494 1.73729155 135.93255996 -535.758530617648 5469  6765.096472
1.04233379 2.18401679 107.70532604 -535.738470148241 5470 11167.860681
0.96204569 1.61683122 126.96685948 -535.774351503939 5471  3292.813222
1.28443291 1.77384739 104.26393964 -535.727471033379 5472 13581.887405
0.97218387 1.59016437  81.51462659 -535.761522727132 5473  6108.404334
1.02233682 1.75266599  93.73291654 -535.781628143954 5474  1695.775307
0.91210121 1.66325285 117.58188670 -535.782385994264 5475  1529.446387
1.11329380 1.70233816  91.99655364 -535.766497123091 5476  5016.650595
0.95630030 1.63046764  91.56507131 -535.781743701798 5477  1670.413292
1.01505788 1.95952542  93.50227457 -535.767430223508 5478  4811.858721
0.96702476 1.72059684 133.82013643 -535.763029444046 5479  5777.718189
1.03166076 1.63428023 106.21524799 -535.782269519317 5480  1555.009683
0.88260714 1.66025080  74.95458334 -535.752451715718 5481  8099.261257
1.03838091 1.98733881  96.41472996 -535.762043066631 5482  5994.203012
0.97205082 1.71040123  71.99195307 -535.757270954175 5483  7041.560653
1.11992688 1.44178696  98.96239128 -535.717122032900 5484 15853.230512
0.79488465 1.69291977  90.66760781 -535.747676620797 5485  9147.273474
0.98698173 1.74349356  89.64612839 -535.782634555129 5486  1474.893582
0.99064534 1.89959640  91.54271783 -535.774614835234 5487  3235.018682
1.16746744 1.60637441 107.40561385 -535.754685453015 5488  7609.012578
0.98439640 1.62989820  90.80745330 -535.779904415118 5489  2074.090065
0.97619240 1.76772715 109.81068395 -535.784003135329 5490  1174.524941
1.20119890 1.92260320 101.25921518 -535.736508577417 5491 11598.375723
0.95552891 1.63552324  95.05513294 -535.784995515842 5492   956.722590
1.07772918 1.70525315  67.60114746 -535.737485295108 5493 11384.010963
1.20252222 1.78292282 103.18750032 -535.747158408836 5494  9261.007855
0.90884263 1.65508531 121.52268285 -535.778844806491 5495  2306.647282
1.10795069 2.15366664 105.88732276 -535.731537797613 5496 12689.335808
0.98938830 1.61108922  93.53439604 -535.780189014175 5497  2011.627791
1.04230264 1.78462120  91.16787594 -535.776757451096 5498  2764.768847
0.68345377 1.88827205 103.01730935 -535.628382915697 5499 35329.215906
0.97719294 1.66138776 106.75383811 -535.788177558615 5500   258.344913
1.20776286 1.69714956 119.51213693 -535.741016032935 5501 10609.103566
1.34310772 1.67370902  89.12326919 -535.708860467851 5502 17666.434489
0.94654078 1.52684659 119.51771846 -535.772179211771 5503  3769.576253
1.28117152 1.63835837 111.84282600 -535.727655343335 5504 13541.436045
1.27200693 1.65898983 101.80613122 -535.732394570761 5505 12501.295833
0.83350734 1.64235792 109.68919637 -535.769703757402 5506  4312.875698
1.26103022 1.72563761 104.13857502 -535.735293243168 5507 11865.110764
0.93174938 1.51535150  92.52719521 -535.761799285181 5508  6047.706857
1.11720100 1.56567942 108.12052863 -535.761006727658 5509  6221.653130
0.95658245 1.57922369  74.93561239 -535.744559428121 5510  9831.418200
0.91437741 1.71726786  58.26398799 -535.715762400304 5511 16151.635380
0.78986658 1.72507142 108.96512487 -535.747965834853 5512  9083.798324
0.97639674 2.05842020 111.86493650 -535.754244544038 5513  7705.780915
0.84584608 1.74668239  91.38708846 -535.770104394272 5514  4224.946067
0.97077446 1.84401664 134.03671536 -535.752303278077 5515  8131.839554
0.96883061 1.49869291  80.79531017 -535.734315240315 5516 12079.757583
1.08543088 1.64541187 130.16677693 -535.756322829508 5517  7249.649969
1.01815887 1.55919847 120.67761392 -535.771599735635 5518  3896.756567
0.94482568 1.64119986  96.90542492 -535.786488471545 5519   629.056681
0.95753524 2.04503066 120.40637196 -535.749252237635 5520  8801.465542
0.89558005 1.58925578  86.75442993 -535.767035473738 5521  4898.496283
0.91569603 1.55226827  83.36628847 -535.755618703782 5522  7404.187706
1.01587490 1.64220610  59.20986510 -535.708222923820 5523 17806.359233
1.07196268 1.66015841 114.90241732 -535.773633262412 5524  3450.449019
1.07626833 1.92421028 103.71470079 -535.761441917272 5525  6126.140049
0.86689550 1.83986736 100.22374524 -535.772704775232 5526  3654.228404
1.18151395 1.67921639 112.08417052 -535.752655592181 5527  8054.515544
1.10492028 1.92851420 105.84616145 -535.755105538644 5528  7516.814438
0.74492799 1.67904618 118.84233223 -535.710605313662 5529 17283.485091
0.96553896 1.74321603 113.90767196 -535.783539345735 5530  1276.314993
0.91686539 2.14688598 110.40300134 -535.744955990638 5531  9744.382786
1.00706772 1.78729955 105.07768126 -535.782289775030 5532  1550.564068
0.95819484 1.83993529  94.08840727 -535.781348525501 5533  1757.144465
0.89076684 1.69604355 109.06180768 -535.784077765873 5534  1158.145430
0.75002145 1.70747346 121.67033394 -535.711297091973 5535 17131.657298
1.18342310 1.60492802 104.07175135 -535.750863026070 5536  8447.938338
1.11300055 1.79074612  96.32713241 -535.766287173366 5537  5062.729234
0.99993394 1.78797962  92.61229263 -535.782000609938 5538  1614.028471
0.90108560 1.72123152  91.30177549 -535.782221614928 5539  1565.523482
0.89757750 1.63463735 101.33481862 -535.784728746028 5540  1015.271798
1.22899751 1.72858164  89.06695442 -535.738858908554 5541 11082.537653
1.29085880 1.43038699 100.10589324 -535.679881801321 5542 24026.516760
0.97540579 1.93359590 119.86297738 -535.760891079600 5543  6247.034946
0.89297920 1.71356231 113.74466837 -535.781523400218 5544  1718.763901
1.25409091 1.78660329 102.19962631 -535.734623604749 5545 12012.079412
1.23418303 1.67827306  71.42735681 -535.713098488249 5546 16736.296507
0.95672705 1.58358090  72.12804273 -535.737950522086 5547 11281.905442
1.17253039 1.69437858 132.43421139 -535.734313262082 5548 12080.191755
0.93838882 1.71248252  74.92514930 -535.763274183933 5549  5724.003991
1.16684445 1.67769524 119.12343119 -535.751231623060 5550  8367.040648
1.32706816 1.68866019 139.38333900 -535.686683719786 5551 22533.668185
0.98307283 1.89389482  90.93757805 -535.775366560286 5552  3070.034100
1.03173064 1.66878075 106.22111247 -535.783230883083 5553  1344.014721
1.03132364 1.61035357 103.46465556 -535.780688334587 5554  1902.039626
1.08430838 1.59177637 109.72836979 -535.770369868272 5555  4166.681258
1.19306910 1.70148794  63.41297618 -535.709208255448 5556 17590.103933
1.08683799 1.67638396  93.47170556 -535.771821449887 5557  3848.095912
0.96969205 1.57793758  80.32992127 -535.756748068840 5558  7156.320722
1.00614146 1.73400790  80.37139053 -535.771355579811 5559  3950.342577
0.94048011 1.67744806  69.14602232 -535.746645645696 5560  9373.546358
0.80964821 1.68633376 105.07118868 -535.760732580696 5561  6281.821435
1.37265765 1.67716712  91.97384981 -535.703556540826 5562 18830.511939
1.31043368 1.62647472 103.19863766 -535.720734071557 5563 15060.479645
0.90139235 1.89504392 104.29842223 -535.772806106710 5564  3631.988715
0.97031203 1.98003738  83.77539954 -535.765390906387 5565  5259.437102
0.92542624 1.63311415  56.47082360 -535.690933209521 5566 21601.012975
1.26991130 1.70022746 124.77531488 -535.720552886177 5567 15100.245240
1.04883123 1.92114746 101.57635011 -535.766589812675 5568  4996.307582
0.91138650 1.96412085 112.43433878 -535.762225193119 5569  5954.230868
1.04014817 1.77131402 117.34549562 -535.772550202435 5570  3688.153212
0.98913845 1.71007940  81.11651620 -535.772921496436 5571  3606.663597
1.30098092 1.65361405  92.58659915 -535.721023473694 5572 14996.963216
0.95462404 2.03021302  73.44438379 -535.753860024854 5573  7790.173123
0.80535552 1.68541854 124.20011830 -535.747054832419 5574  9283.740251
0.83924357 1.79178281  99.39266338 -535.768451064601 5575  4587.809994
1.03356372 1.90153617  95.18692071 -535.770957005608 5576  4037.819505
0.98578843 1.52084953  75.68643421 -535.728640697562 5577 13325.175785
1.01905340 1.50471367 119.22106787 -535.762726829907 5578  5844.134316
1.11298098 1.70186857 109.18904172 -535.768559397088 5579  4564.033761
0.95870671 1.75217774 133.16717723 -535.762016205388 5580  6000.098374
1.18984317 1.70849167  99.28153787 -535.752764581963 5581  8030.595052
1.06261360 1.68800521  91.19956290 -535.774724981050 5582  3210.844469
0.99729336 1.94130767 109.49657852 -535.766966502334 5583  4913.633756
1.08092502 2.01356349 104.46021187 -535.751127649283 5584  8389.860255
0.99359483 2.16746636 100.51873817 -535.747447092095 5585  9197.649202
1.31947640 1.49737297 101.00431474 -535.697208229112 5586 20223.805338
1.00335007 2.12255592 104.91160268 -535.749697862985 5587  8703.662081
0.73912297 2.04947144 104.69594424 -535.678376609630 5588 24356.868158
0.96998964 1.75419952 148.69556942 -535.735699670711 5589 11775.910227
0.82386793 1.71571464  77.03850655 -535.744166295727 5590  9917.700788
1.04029045 1.61598773  92.61312772 -535.774503219588 5591  3259.515485
1.52396084 1.72381756 109.23014197 -535.668324791148 5592 26562.987354
0.88110247 2.08410518 102.52346751 -535.749854398411 5593  8669.306526
0.85484967 1.75216917 102.54116610 -535.775662552724 5594  3005.071268
1.05467296 1.63556287 100.69109915 -535.778569242607 5595  2367.126565
0.99677098 1.82584980 113.83982426 -535.775643277748 5596  3009.301636
0.77734731 1.77021533  98.89923450 -535.738871055983 5597 11079.871601
1.12293288 1.71365725  71.94332988 -535.739818097648 5598 10872.019976
1.39377023 1.57495608 101.92224472 -535.695280959307 5599 20646.792176
1.01246152 1.71001512 102.54868898 -535.785616942320 5600   820.335240
1.04333587 1.62965425 105.76156443 -535.780460545660 5601  1952.033517
1.30119297 1.66138375  90.29225649 -535.719779690792 5602 15269.942015
0.95313926 1.72064964 103.90707915 -535.788743721207 5603   134.086584
0.92364488 1.81897367  77.26882094 -535.768221477741 5604  4638.198486
1.03781136 1.49983513  99.52391021 -535.757592522550 5605  6970.984552
1.07067775 1.65850585 100.83891150 -535.777058860958 5606  2698.617027
0.95382653 1.54974511 118.62934179 -535.776363830436 5607  2851.158597
0.97758830 1.65784031 143.24281525 -535.750859197620 5608  8448.778586
1.41613850 1.67227733 110.66339861 -535.694533558260 5609 20810.827748
1.26278443 1.78798382 100.01975621 -535.732544537581 5610 12468.381920
1.35619121 1.55174493 102.36863269 -535.700402024891 5611 19522.848174
1.43424420 1.65075931 112.18009177 -535.688052238455 5612 22233.313049
0.88555917 1.89835839 100.28969002 -535.771066277822 5613  4013.837026
1.00009414 1.87859160  95.49765731 -535.776495378710 5614  2822.287088
1.10889032 1.88819440  99.40753691 -535.759940296622 5615  6455.707693
0.93820866 1.70297029 108.15782351 -535.788202965987 5616   252.768639
0.90467666 1.59586860  87.51889201 -535.770367312432 5617  4167.242200
0.99273996 1.96836238 114.81010442 -535.760765846211 5618  6274.520498
1.00474460 1.69655413  76.52737396 -535.763573052448 5619  5658.409933
1.10611178 1.71951482 104.31354764 -535.770778945426 5620  4076.899199
0.86379985 1.78526920  89.72166368 -535.772759508703 5621  3642.215796
0.91808192 1.97145186 106.84871887 -535.765367759147 5622  5264.517334
0.90983867 1.74079054  84.75205775 -535.777233337394 5623  2660.323875
1.37640211 1.69245575  96.04309999 -535.705320699921 5624 18443.323765
0.99055757 1.87205409  93.41345937 -535.777401197248 5625  2623.482895
0.86522061 1.70604125 102.51662500 -535.780044431646 5626  2043.359989
0.84666401 1.69958412 124.28775416 -535.762829427588 5627  5821.616728
1.30986001 1.66582732  86.80067017 -535.714711965295 5628 16382.179221
0.86740000 1.65174339  81.01385540 -535.760600313603 5629  6310.850707
1.04450437 1.61638891  81.48854164 -535.759511610935 5630  6549.793328
1.26936723 1.90509744 103.19778503 -535.721284371482 5631 14939.702769
0.94834718 1.68903124  93.79915913 -535.786541793082 5632   617.353957
1.11470641 1.63368807  93.74518563 -535.764283780051 5633  5502.423251
1.24577717 1.67529730 115.91659441 -535.734941793048 5634 11942.245151
1.07645923 2.04077637  99.67246806 -535.750456602331 5635  8537.138040
1.12139841 1.67898236  67.86707946 -535.728511396266 5636 13353.554140
1.12913319 1.54810595  97.82045302 -535.752115490273 5637  8173.054214
1.09751369 1.80581263 101.41860381 -535.768538174419 5638  4568.691599
0.96081235 1.77161760  66.33207488 -535.748508385377 5639  8964.722246
0.90589978 1.90555753 100.66114317 -535.773220541758 5640  3541.030734
1.07922770 1.74028753 103.43139918 -535.775191620230 5641  3108.429005
0.92710484 1.55143903 118.54160245 -535.776327602572 5642  2859.109695
1.41562428 1.65824174  90.30725337 -535.688080359338 5643 22227.141228
0.90586188 1.58192234 109.86747302 -535.781912171877 5644  1633.438383
0.99847886 1.86134569  92.45655613 -535.777418023367 5645  2619.789988
1.07700600 1.75826917 108.70454912 -535.773260294709 5646  3532.305970
0.78416288 1.57079387 110.64929672 -535.740918768578 5647 10630.450625
1.17593194 1.52222408 106.96943468 -535.738302401233 5648 11204.676895
1.13533499 1.79560960  99.25513729 -535.761770301194 5649  6054.068107
1.17941099 1.68646336  99.75305705 -535.755226958233 5650  7490.165918
0.90415428 1.69266507 119.70748127 -535.779229139666 5651  2222.295899
0.90574847 1.45756004  89.58185495 -535.733677575798 5652 12219.708771
1.12099635 1.95060836 103.19679584 -535.750714095798 5653  8480.624755
1.02421632 1.70043884 103.91487227 -535.784387025073 5654  1090.270880
0.93298664 1.84870838 111.02253903 -535.776831222659 5655  2748.577860
0.80780554 1.73587095  89.32984325 -535.753498553014 5656  7869.507023
0.73416889 1.69576459 132.24950962 -535.684879471133 5657 22929.655000
0.97931320 1.50740472  95.22452843 -535.762079171029 5658  5986.279013
1.27047465 1.70392938 105.73632082 -535.733098252835 5659 12346.855467
0.98460899 1.68950995 134.90366251 -535.762185096721 5660  5963.031010
0.86859541 1.84140751  94.97153621 -535.772636474257 5661  3669.218736
0.90131329 1.67324028  90.89162259 -535.781082935874 5662  1815.434652
0.94803122 1.91047667 101.37434409 -535.775144008158 5663  3118.878647
1.05585412 2.08563075 100.15071161 -535.748926137689 5664  8873.036209
1.28737342 1.51351749 100.40751499 -535.706805951401 5665 18117.348738
1.02413891 1.96276488  98.16915430 -535.766120933852 5666  5099.214591
0.94845133 1.63080268 136.65745596 -535.762349828286 5667  5926.876610
0.93541979 1.86765289 110.51743065 -535.775383626789 5668  3066.288435
1.19197304 1.68618516  79.70442843 -535.736256215689 5669 11653.762721
1.06241630 1.74421703  92.16870131 -535.775568583200 5670  3025.695195
1.29999882 1.67636451  69.83704712 -535.695487806127 5671 20601.394545
1.01493054 1.44959558 112.39406385 -535.746868074646 5672  9324.728845
1.02958526 1.73490583 110.52144478 -535.780750169634 5673  1888.468401
0.95999745 1.64945861  78.60385682 -535.765144904146 5674  5313.428354
0.89529676 1.73833940 134.50465628 -535.757670803095 5675  6953.803958
1.19204170 1.57937370 103.84463920 -535.745750138086 5676  9570.087564
0.92593426 1.68462993 103.76583653 -535.788740290129 5677   134.839619
0.86465455 1.72631055 117.89086421 -535.772474871054 5678  3704.686540
1.32810683 1.72114595 109.63816758 -535.717050087800 5679 15869.020637
1.30769179 1.64778973 111.45832707 -535.721418062847 5680 14910.360906
1.06448648 2.10500517 104.22667274 -535.744402800689 5681  9865.793948
1.12852273 1.70974766 114.76357693 -535.762213205758 5682  5956.861789
1.48936723 1.66769789  89.12128710 -535.671268057889 5683 25917.014959
0.92835363 1.95880389 115.86908734 -535.761509666971 5684  6111.270708
1.04724182 1.72810741 112.23596691 -535.777745881176 5685  2547.833515
0.75747066 1.71448532  87.06487806 -535.718890919958 5686 15465.004670
1.03519248 1.74233728  79.35487187 -535.767059806526 5687  4893.155853
1.05864691 1.68555895 133.20957096 -535.756111768489 5688  7295.972509
0.95120069 1.64011176  95.59594693 -535.785690068902 5689   804.285810
0.98174630 1.44665614  79.98045054 -535.707346902730 5690 17998.623642
0.90189680 1.60677415  88.68662220 -535.773195093093 5691  3546.616070
0.75052622 1.67590872 135.80428919 -535.696243085299 5692 20435.629924
1.07156675 1.45656259  96.58371383 -535.730951455948 5693 12818.022931
0.98107898 2.10552392  92.62179324 -535.755277318199 5694  7479.113182
0.92535569 1.67887269  99.93898819 -535.788293586417 5695   232.879753
0.89545283 1.67271201  97.39401087 -535.784532216707 5696  1058.404999
0.94849397 1.89386507  93.07238454 -535.776741941883 5697  2768.172725
0.80689946 1.72111289 122.56274860 -535.747672921843 5698  9148.085300
0.89956691 1.79377331  97.28772649 -535.781965632849 5699  1621.705055
0.97837102 1.83506370 118.02520959 -535.772508971028 5700  3697.202460
1.14188729 1.61036218 109.56987303 -535.760347158640 5701  6366.411800
1.28210585 1.70220353  63.81499079 -535.693307364402 5702 21079.946198
1.04648286 1.76961239 110.16180596 -535.776721484290 5703  2772.662648
0.96713268 1.44813454  65.27509263 -535.655840728343 5704 29302.922487
0.87862283 1.71845045 127.51745716 -535.765874020327 5705  5153.405846
1.33969078 1.69001283 115.13734137 -535.711799881170 5706 17021.307823
0.99140010 1.80797783  96.15497548 -535.782622722142 5707  1477.490622
1.23480592 2.14044054 101.55201694 -535.706637422199 5708 18154.336623
1.09150627 1.70968791  86.50364623 -535.766277307150 5709  5064.894618
1.15207415 1.67092273 129.41957056 -535.743536862610 5710 10055.845392
1.08389670 1.80402478 103.75187565 -535.770748052750 5711  4083.679357
0.96708064 1.85847593 132.39743525 -535.753439583684 5712  7882.449295
1.14112362 1.62927644  96.84759129 -535.760343377427 5713  6367.241680
0.69999490 1.45417174 102.54219600 -535.631182900222 5714 34714.690323
0.93384712 1.99107130  92.68587491 -535.767001101002 5715  4906.040226
0.89851766 1.64823361  76.98068194 -535.758033493214 5716  6874.202676
1.30271325 1.70449290  93.28363049 -535.723037214878 5717 14554.998104
1.21482782 1.68915021  89.03152815 -535.741518942206 5718 10498.727737
0.79268689 1.67810930 124.93330839 -535.739755440921 5719 10885.771539
0.85963116 1.85646416 109.97092922 -535.766082582273 5720  5107.631789
0.91015491 1.64715501 107.70842368 -535.786789829656 5721   562.916220
0.99795273 1.67153806  80.86755982 -535.769631542664 5722  4328.725002
1.01124501 1.76185123 108.02668911 -535.782515136814 5723  1501.102873
0.86315775 1.66249484 114.92466550 -535.776403278126 5724  2842.500830
0.96096368 1.55414159  70.82666533 -535.725812992278 5725 13945.785371
0.97812171 1.50308915 102.67234299 -535.766898259105 5726  4928.611414
1.05400770 1.62962115 109.84119612 -535.778152718308 5727  2458.543084
0.84038665 2.03975430 100.62425719 -535.744254339491 5728  9898.377415
0.95305991 1.85633589  58.78720087 -535.733421801756 5729 12275.844685
0.90972047 1.83434612 100.22536319 -535.780278946080 5730  1991.890019
1.41240949 1.67955482  95.55449798 -535.695291611492 5731 20644.454291
0.94692881 1.68454071  88.17047437 -535.781802755315 5732  1657.452543
1.00983814 1.82371393 104.02282142 -535.779592505193 5733  2142.546382
0.92568308 1.67618685 115.77783895 -535.784461153509 5734  1074.001568
1.07307083 1.66893732  73.05384757 -535.746189046076 5735  9473.758393
1.04358650 1.59916211 122.82465425 -535.770051368306 5736  4236.583922
0.88986281 2.02350902  97.36417126 -535.759092500729 5737  6641.777388
1.26724159 1.71205028  97.45507114 -535.733579155527 5738 12241.309524
0.80415922 1.61361838 117.15663655 -535.752740160402 5739  8035.954965
0.92233957 1.89617203  89.92571181 -535.774550739204 5740  3249.086134
0.89747288 1.59364721 106.29126180 -535.782395962731 5741  1527.258561
0.97560309 1.67410683 103.02305509 -535.788659026735 5742   152.674873
1.13656446 1.54710417 105.04967222 -535.753492778894 5743  7870.774296
0.93017460 1.53785251  97.20306202 -535.772543876012 5744  3689.541702
1.04705351 1.77593313 109.12002039 -535.776739515563 5745  2768.705241
1.12762044 1.68705892  64.32688793 -535.720404248546 5746 15132.867430
0.99823640 1.66103102  88.58726035 -535.779065260335 5747  2258.263255
0.76732554 1.71240625 109.20522473 -535.733457530104 5748 12268.003219
0.86753336 1.72317481 140.79948481 -535.744053713221 5749  9942.409793
0.95428301 1.91696747  59.79511063 -535.737203885942 5750 11445.773137
1.18980229 1.68791702  97.51630564 -535.752273785214 5751  8138.312489
0.99724338 1.84592174 110.94262611 -535.775720622527 5752  2992.326419
1.13564665 1.51802156  98.23817550 -535.743120280612 5753 10147.274574
1.06615723 1.71169718  95.09122171 -535.776759139141 5754  2764.398364
0.95927211 2.02355988 109.92762643 -535.759527876822 5755  6546.223378
0.93563295 1.78088553 105.89319454 -535.785028944551 5756   949.385836
0.95310614 1.51445967 120.10642616 -535.769322891710 5757  4396.466057
1.20510428 1.69450102 114.50320383 -535.745546603684 5758  9614.758203
0.84765273 1.69453851 117.57202196 -535.769652995852 5759  4324.016571
1.23260765 1.77819447  99.21096763 -535.740454243665 5760 10732.402061
0.92212326 1.95048795 106.82936624 -535.767970714478 5761  4693.234662
0.95733237 1.62219204 106.99559888 -535.787472808608 5762   413.019663
1.00205758 1.70248221  81.12162225 -535.771663526631 5763  3882.756061
1.03645879 1.66085358  95.11501754 -535.780173466565 5764  2015.040097
1.28091156 1.73084199 100.40721501 -535.730363557490 5765 12947.051731
0.84328851 1.64137065  90.04263834 -535.765839562612 5766  5160.968441
1.05668725 1.67671237  90.57292915 -535.774758075138 5767  3203.581156
0.86557499 1.79023416  89.32822487 -535.772718689772 5768  3651.174516
0.83609984 1.67052749 143.16860285 -535.734852016130 5769 11961.948907
0.92887386 1.75828119  77.54039351 -535.769213500198 5770  4420.474719
1.00104124 1.76191771  97.53579963 -535.784621423370 5771  1038.826399
0.93887063 2.21532063  90.42137222 -535.745055347408 5772  9722.576495
1.05987787 1.60888408  90.54012840 -535.768784718130 5773  4514.581507
0.86233506 1.71176498  90.83532571 -535.774745335602 5774  3206.377161
1.00134864 1.64567908  84.68884808 -535.772821422259 5775  3628.627340
0.90267636 1.60744010 107.84627030 -535.784108472156 5776  1151.406180
0.92038147 1.76006740 125.98635155 -535.770101311984 5777  4225.622551
1.03979965 1.73708325 141.56484822 -535.743079189540 5778 10156.293022
0.94926897 1.61163813 107.11630154 -535.786870603435 5779   545.188424
0.96782856 1.87665668 106.44608269 -535.776709963767 5780  2775.191111
0.92595267 1.75155615 119.66158540 -535.777909955430 5781  2511.823378
0.96125298 1.62224943 132.62327922 -535.767614481211 5782  4771.418829
0.82991450 1.47697821 108.65480370 -535.743374742471 5783 10091.426651
1.01808249 1.58689435  93.73913477 -535.774622643919 5784  3233.304873
0.84202217 1.75143041 114.37094936 -535.767179807024 5785  4866.818787
0.99548740 1.90344786 103.32454117 -535.773753163067 5786  3424.133866
1.08357988 2.00322890  99.41289558 -535.753201001537 5787  7934.812025
1.00156095 1.47549842  89.69200331 -535.741138939130 5788 10582.128774
1.22224975 1.78421393 104.27905013 -535.742162071446 5789 10357.577182
0.92749029 1.80059714 101.43409290 -535.784167934051 5790  1138.355802
1.14342709 1.73996564 112.16941839 -535.759477585367 5791  6557.261077
0.99288944 1.70528249  68.75882354 -535.748597395119 5792  8945.186865
0.97375476 1.51748673  85.10527352 -535.750209536041 5793  8591.362824
1.01149709 1.70250367 112.40072834 -535.783074416658 5794  1378.355133
0.96089279 1.59343043  87.32128861 -535.772093932319 5795  3788.292930
0.99711198 1.84301472  92.45328016 -535.778876113325 5796  2299.776226
1.03194095 2.13153988 104.29422698 -535.746173159146 5797  9477.245171
1.02141466 1.65156344  66.90661102 -535.734781222426 5798 11977.486329
1.04798835 2.04598625  97.83943385 -535.754578637864 5799  7632.455794
0.91963648 1.76561305  61.37591490 -535.732726072559 5800 12428.539597
0.92948600 1.71171811 124.28738801 -535.775739710510 5801  2988.137091
0.85810910 1.59566447  90.07646499 -535.765223785828 5802  5296.115826
0.75621858 1.77800767 112.51697167 -535.718842043103 5803 15475.731900
1.02740796 1.73119307  82.02877855 -535.771335546009 5804  3954.739489
0.95520143 2.04735694  85.71423793 -535.760358996883 5805  6363.813606
1.12059629 1.80123338  95.70804694 -535.764070196758 5806  5549.299367
0.84425571 1.70043093 136.52565106 -535.746063252018 5807  9501.366998
1.16028834 1.49191956 104.97540862 -535.731023688217 5808 12802.169780
0.88293634 1.78206704 102.69228398 -535.780243978611 5809  1999.564491
0.92043884 1.80116755 107.51564374 -535.782143058992 5810  1582.764517
0.99912757 1.65472462  84.44802107 -535.773487565608 5811  3482.425772
0.76859598 1.61253969  92.44522823 -535.727697725957 5812 13532.134134
0.94475444 1.45840879  90.50826275 -535.737765119013 5813 11322.596714
0.93439245 2.02367009 108.55452642 -535.759852035194 5814  6475.078838
0.94687427 1.65361114 134.12646303 -535.765739877156 5815  5182.846870
1.45055804 1.65285783 102.77162493 -535.686358452563 5816 22605.056090
0.95516933 1.60686342  88.74794523 -535.776039123847 5817  2922.423458
0.93445332 1.99618367  93.41135312 -535.766577615315 5818  4998.984593
0.98738493 2.04922147  89.75148401 -535.760277497749 5819  6381.700599
1.12928484 2.02913497 103.99141221 -535.740651484198 5820 10689.112767
0.80738407 1.68811028  96.88285127 -535.758255056892 5821  6825.575068
0.86650567 1.68110787 144.02236185 -535.741474952273 5822 10508.382412
1.01251130 1.53981315  95.15002118 -535.767796585763 5823  4731.451498
0.99089573 1.50685946  96.30044329 -535.762246819585 5824  5949.484407
1.03667496 1.84048985 109.91673532 -535.772656394653 5825  3664.846714
0.97265039 2.00778318  86.87252892 -535.764198596797 5826  5521.118815
0.93654084 1.74557316  64.08643118 -535.740071053052 5827 10816.502681
1.01521330 1.62083154  94.29863291 -535.779468207364 5828  2169.826603
0.89179795 1.63222109  96.49779928 -535.781730875611 5829  1673.228314
0.93938494 1.60445584  91.77122579 -535.779078565046 5830  2255.343209
0.79648662 1.70872025  77.09005074 -535.730557893140 5831 12904.399985
0.98250409 1.83618445  91.76755612 -535.780069524795 5832  2037.852679
1.16042487 1.69014057 132.78879050 -535.736670621847 5833 11562.811080
0.99124897 1.81986026 120.07940365 -535.771181475162 5834  3988.554132
1.04632750 1.95825804 104.34373686 -535.762313702401 5835  5934.805325
0.90833747 1.70392837  72.76805069 -535.755836605407 5836  7356.363826
1.23721487 2.08063180 103.67812966 -535.711308205096 5837 17129.218250
0.75370879 1.82089452 105.89413246 -535.716169434370 5838 16062.301727
1.24096252 1.89813062 101.53644322 -535.729280175203 5839 13184.826663
0.95951305 1.96095196 130.75526996 -535.745774019210 5840  9564.846263
0.94718104 1.48834750 119.16809272 -535.763617127752 5841  5648.736522
1.11782751 1.57392506  99.19177505 -535.760103932129 5842  6419.793850
1.01243197 1.60514683 119.00960840 -535.777624913214 5843  2574.382914
0.96844723 1.91856789 105.98719046 -535.772651859524 5844  3665.842060
0.97563048 1.55052712 105.10743185 -535.778716254734 5845  2334.861132
0.87193548 1.70067140 115.89718127 -535.776888639722 5846  2735.976271
1.12692428 1.48220486  99.88655221 -535.732630216707 5847 12449.577525
0.86426918 1.71098924  98.53255668 -535.779179867417 5848  2233.109908
1.10745522 1.67329162 145.38325104 -535.728381074824 5849 13382.156391
1.34258474 1.69786060 105.24302365 -535.715024143246 5850 16313.664079
0.97206722 1.63360213  79.97054244 -535.765516421493 5851  5231.889720
1.03768185 1.58354159 112.05288654 -535.776513677715 5852  2818.270920
0.83316888 1.70105598  98.91040378 -535.769999396042 5853  4247.990516
0.76778044 1.75945315  91.63534982 -535.730027964785 5854 13020.705817
0.94911604 1.68979777  95.35325055 -535.787422363152 5855   424.091161
0.92837346 1.69343868 118.56477504 -535.782052078907 5856  1602.732338
1.09724789 1.70707638 110.43418864 -535.770978033644 5857  4033.204385
0.96086210 1.73577325 115.13084019 -535.783224343674 5858  1345.449956
0.89475255 1.54305376 112.67346947 -535.774848110520 5859  3183.820673
0.86361688 1.54115110 100.64283135 -535.766982304582 5860  4910.165564
0.87327310 1.78068999 101.76230305 -535.778541901847 5861  2373.127169
1.40022706 1.61305399 102.08002080 -535.695913112279 5862 20508.050633
1.19329623 1.66119947  95.40813537 -535.749782899657 5863  8684.998689
0.88981481 1.97651931 104.24837303 -535.762464578404 5864  5901.691869
0.94633311 1.86682200 125.95387098 -535.761400001097 5865  6135.339586
1.08353315 1.72694384  98.63725956 -535.774703076093 5866  3215.652051
0.96412112 1.54136775  99.91471877 -535.775366604725 5867  3070.024347
0.99645460 1.53497974 132.38078046 -535.759162784699 5868  6626.351839
0.98519046 1.82639116 105.96655248 -535.780725087861 5869  1893.973214
1.01098130 1.48848636 109.97698076 -535.761725322815 5870  6063.939720
1.36083098 1.66800529 115.66707431 -535.706066236179 5871 18279.697466
1.03438997 1.49445834  98.55718803 -535.755548073535 5872  7419.689254
0.97656742 1.93358194 109.04372387 -535.769271941511 5873  4407.648334
0.97586149 1.61752531  83.69775863 -535.769689284435 5874  4316.052147
1.05172868 1.65922769 136.17950280 -535.753565726140 5875  7854.764226
0.90888651 1.71421445 115.22074410 -535.782428274204 5876  1520.167013
1.01702538 1.62221680 109.99910985 -535.782757690620 5877  1447.868465
1.00834451 1.74334698  72.62296670 -535.758697351873 5878  6728.502539
0.95014138 1.87754367  84.27604180 -535.773875267756 5879  3397.334984
0.95247282 2.09109028  88.01636030 -535.756793763135 5880  7146.291983
0.85745733 1.71612596 111.10904517 -535.775697438001 5881  2997.414834
1.01030808 1.61027235 119.01615702 -535.778132034225 5882  2463.082715
1.01991737 1.74281773 137.30389122 -535.752175874454 5883  8159.801418
1.03794885 1.78647572  89.35569101 -535.776237070014 5884  2878.979295
0.98607915 1.62834342  74.78051411 -535.753367619768 5885  7898.243549
1.19063719 1.69928395  97.28785680 -535.752118770616 5886  8172.334262
1.08174719 1.76622608 103.61303081 -535.773522542296 5887  3474.749276
0.87840264 1.96660960  99.19154183 -535.762819873022 5888  5823.713713
0.81425840 1.62804372 120.73165695 -535.755363967375 5889  7460.095886
0.95053671 1.75854926 107.95439400 -535.786011179627 5890   733.810151
1.09418443 1.80406713  96.06364935 -535.769066143935 5891  4452.815681
1.10421226 1.90241337 105.95747511 -535.757795697114 5892  6926.392888
0.95368370 1.54998671 123.94170559 -535.772441508263 5893  3712.008826
1.04088731 1.66636561  66.98985933 -535.735630994698 5894 11790.982870
1.00752244 1.86321613 104.12663188 -535.776363706090 5895  2851.185888
1.01936210 1.69502431 129.70787516 -535.765983837271 5896  5129.303813
1.25223351 1.43643260 104.92088041 -535.693446782280 5897 21049.347510
0.87414807 1.64989680 123.48261937 -535.771972040013 5898  3815.045199
1.03778593 1.74931574 125.08568319 -535.766505211970 5899  5014.875291
1.00557399 1.66146278  81.77466015 -535.769596668752 5900  4336.378941
1.34486789 1.69437019 116.19856195 -535.709721108939 5901 17477.545600
1.03893558 1.93610092 108.86141675 -535.763539119345 5902  5665.857388
0.78962710 1.65111400  87.18717711 -535.738982588988 5903 11055.392935
0.93054255 1.57616086  86.26796383 -535.767081274739 5904  4888.444125
0.96268324 1.97371236 103.23222697 -535.768004803065 5905  4685.753082
0.93882998 1.57881846 113.21769508 -535.782574879428 5906  1487.990884
1.01382579 1.81306362  91.13764784 -535.778758630962 5907  2325.560625
0.86903730 1.61939737  80.63597718 -535.756233110209 5908  7269.341080
0.96147847 1.72660859 118.20721970 -535.781269199834 5909  1774.554437
0.95484987 1.67412137  90.50075266 -535.783619978107 5910  1258.618233
0.98337607 1.75894357 122.93745507 -535.773692685082 5911  3437.407250
0.98562025 1.68528379 115.66810642 -535.783689393837 5912  1243.383241
0.92217796 1.80961703  79.41806778 -535.771146998260 5913  3996.120937
1.09834612 1.65595063 133.50321709 -535.749353594517 5914  8779.220278
0.98348902 1.90223918 139.88169691 -535.736934092754 5915 11504.985899
0.99676470 1.75502944 112.81677914 -535.781788298157 5916  1660.625522
1.01044796 1.85723485 116.45413506 -535.769432568061 5917  4372.394880
0.94957895 1.93084725  87.98538792 -535.771896013524 5918  3831.731085
1.14712175 1.70207765  65.92043689 -535.722500256171 5919 14672.846921
0.95444481 1.73181016 123.61091110 -535.775780662842 5920  2979.149092
1.05582339 1.64797494  92.79737466 -535.775136967130 5921  3120.423974
0.84180883 1.77717558  94.78323717 -535.769297184406 5922  4402.108158
0.87081774 1.87946010  95.41278135 -535.769998887519 5923  4248.102123
1.26627158 1.70633400  96.50464825 -535.733547333595 5924 12248.293631
1.26257017 1.68160836  78.18811858 -535.717272731063 5925 15820.156088
1.08381664 1.67672935 107.74742362 -535.774803785280 5926  3193.548939
1.25598262 2.00100985 102.61896977 -535.715224573452 5927 16269.674733
0.82783487 1.69117426  84.07806980 -535.755991002128 5928  7322.477662
1.12973918 1.64778187  88.25413369 -535.757516428381 5929  6987.685292
1.07643200 1.72510819  77.52015270 -535.757967813864 5930  6888.617627
0.97807789 1.43681750  95.90523899 -535.734155389118 5931 12114.840866
0.92916351 1.57236363  79.53255662 -535.753276090353 5932  7918.331934
0.80662079 1.76684955  92.82926216 -535.754349167569 5933  7682.818704
0.91039250 1.75463941 113.98825351 -535.781167814837 5934  1796.805873
1.08365048 1.71686321  66.25661242 -535.734691580758 5935 11997.160402
1.07061220 1.78625302 114.90974810 -535.768812928021 5936  4508.390152
0.81065883 1.67570574  95.41711152 -535.758947302960 5937  6673.644615
1.45057782 1.71649367 114.97255824 -535.683669687934 5938 23195.171727
0.94812266 1.77356062 132.10804550 -535.761903833092 5939  6024.761242
0.99319787 1.44004176  79.84845906 -535.702641199994 5940 19031.406034
0.83673910 1.70009656 134.04062759 -535.747225514787 5941  9246.279801
0.95730963 1.60564490 109.98627285 -535.785896876820 5942   758.896718
1.30080015 1.69553024 138.85315640 -535.693814306495 5943 20968.685267
0.87033460 1.69986649  68.65344946 -535.738736386655 5944 11109.428102
0.91334359 1.77303526 134.25813878 -535.757219246782 5945  7052.909115
0.92496778 1.67840062  78.84667450 -535.767500401898 5946  4796.456344
0.98215980 1.57195544 110.72681258 -535.781420838788 5947  1741.273533
1.21033092 1.55421314 104.39153558 -535.736839655920 5948 11525.712389
1.10869969 1.64862353 118.45506412 -535.764188919523 5949  5523.242731
0.95576045 1.71793835 138.19226557 -535.756818662318 5950  7140.827244
1.21297121 1.67528216  61.27047065 -535.698333512198 5951 19976.834243
1.01019936 1.54578355 101.97690423 -535.774050255119 5952  3358.929697
0.97867809 1.67045815  79.55162561 -535.768506225976 5953  4575.703471
0.95202297 2.06571149 124.16986999 -535.743585467596 5954 10045.177831
1.16156923 1.67876139 106.90031690 -535.759095744450 5955  6641.065473
0.97063427 1.94714333 122.18764717 -535.757256636389 5956  7044.703044
1.07450681 1.64603507  77.75181200 -535.752454500003 5957  8098.650177
1.21932826 1.85277968 100.93436026 -535.738547559267 5958 11150.870924
1.28132104 1.59572908 102.52364997 -535.724801948517 5959 14167.683832
0.90323704 1.95461660 102.58318335 -535.767332381254 5960  4833.332614
1.04336462 1.81252784 116.21150207 -535.769834249715 5961  4284.235945
1.04107511 1.81499986 107.04040238 -535.775622296524 5962  3013.906482
1.24174801 1.65306289 103.64738646 -535.739860068815 5963 10862.808370
1.13260713 1.67325680  77.03857762 -535.743732939685 5964 10012.811448
0.96230201 1.87770370 113.62638353 -535.772520923077 5965  3694.579289
1.20307366 1.57422863 105.44095602 -535.742503307784 5966 10282.684461
0.90095136 1.48049310 108.64537793 -535.760817671604 5967  6263.146139
1.00268753 1.78169462  83.41731079 -535.775335491663 5968  3076.852875
0.89036263 1.54733951  89.33038291 -535.761834569246 5969  6039.962900
0.97349982 1.80131471 103.74652550 -535.783945585348 5970  1187.155702
1.05874232 1.74529434 106.32160303 -535.777779940384 5971  2540.358383
1.01756930 1.75932600  70.28530300 -535.754039846990 5972  7750.706725
1.12338486 2.05740067 104.21946461 -535.738817672783 5973 11091.587859
1.11261402 1.71565910 140.04137921 -535.734498299905 5974 12039.580647
1.00049357 1.59904986  91.25471138 -535.775649382820 5975  3007.961727
0.94806331 1.56349701  61.61966106 -535.694100992734 5976 20905.764909
1.02907079 1.61157544 118.24634938 -535.776538109559 5977  2812.908750
1.13731638 1.52795576 100.21922116 -535.747001714287 5978  9295.398334
0.94989347 1.72625264 102.74867185 -535.788661567511 5979   152.117237
1.13933314 1.69153660 124.66782327 -535.751553514623 5980  8296.393615
0.85823460 1.60978510 119.86867500 -535.770840366423 5981  4063.418848
1.17334575 1.73733686 106.62245091 -535.755388789846 5982  7454.647983
0.75711552 1.48135184 105.47678981 -535.702384530660 5983 19087.738443
1.24011757 1.61601604  99.82191995 -535.737153028884 5984 11456.934972
0.97213815 1.75355079  88.38798026 -535.782272084576 5985  1554.446674
1.11805333 2.05528541 104.64591686 -535.739921344376 5986 10849.359938
1.35090587 1.69955295 103.80581094 -535.713067686816 5987 16743.056641
1.04323152 1.79478265 118.17507831 -535.769617250200 5988  4331.861835
1.01692728 1.85012779 103.73183927 -535.776719201384 5989  2773.163688
0.95012640 1.54857746  99.24558227 -535.776650438553 5990  2788.255385
1.04541467 1.84505911 109.28675926 -535.771409743953 5991  3938.454922
1.39809357 1.61900270 106.63766184 -535.697180748072 5992 20229.836729
0.87573530 1.80346908  90.12244461 -535.774833070077 5993  3187.121669
1.01309775 1.62637589  58.85103771 -535.703034068906 5994 18945.181273
1.05038785 1.46325125 104.19712603 -535.744930293055 5995  9750.022753
1.23627588 1.67959443 100.33975541 -535.741647669526 5996 10470.475356
0.97684044 1.81767522 110.15346266 -535.779990480382 5997  2055.200923
0.95122180 1.80614905 130.42005442 -535.761444171234 5998  6125.645361
0.99151748 1.72228933  72.22436692 -535.757868503827 5999  6910.413661
0.86712302 1.70001289  71.80160027 -535.745994317158 6000  9516.496451
1.01796809 1.51299602  91.46638657 -535.755730900239 6001  7379.563430
1.20387481 1.66332859  97.18034180 -535.748170800647 6002  9038.813531
0.92803476 1.68529528  63.83797115 -535.731404695204 6003 12718.548410
1.46185906 1.69492173  86.61087262 -535.676449848783 6004 24779.743292
0.99077196 1.70652497 131.14321121 -535.766288026008 6005  5062.542101
0.95125988 1.51991065  94.64807209 -535.765966603105 6006  5133.086275
0.92176803 1.62902604 129.37228903 -535.771350433550 6007  3951.472051
1.16401024 1.50700131 102.38604085 -535.733941387891 6008 12161.808708
1.12182608 1.73604544 107.53509724 -535.766318856041 6009  5055.775690
0.93051407 1.74410684 114.37005215 -535.782966079383 6010  1402.132417
0.85330256 2.06087271 107.39236351 -535.743515729946 6011 10060.483476
1.02887979 1.65714723 111.68258896 -535.781820353160 6012  1653.590262
0.97205709 1.93319764  84.77203841 -535.769814454289 6013  4288.580539
0.93438637 1.78625522 105.04110474 -535.784855178695 6014   987.523034
1.03036949 1.63930403 121.49955649 -535.774627081802 6015  3232.330871
0.85112281 2.01459477 102.35370666 -535.750011483260 6016  8634.830386
1.19475274 1.65654902  87.02457303 -535.742549339701 6017 10272.581623
1.07788934 1.57564190  98.49180848 -535.767663065971 6018  4760.755706
1.15058027 1.98434291 102.63907347 -535.741320151300 6019 10542.357299
0.96919977 1.70141834  78.36203888 -535.769057773163 6020  4454.652854
1.03578315 1.82370230 104.86651327 -535.776395034502 6021  2844.310096
0.87839392 1.64692715 119.95240918 -535.776031354562 6022  2924.128619
0.96197900 1.66817604  59.31920874 -535.714432301538 6023 16443.558322
0.96535550 1.67792788 127.23201230 -535.773844840491 6024  3404.012997
1.00912052 1.56988827 123.23473610 -535.771738539655 6025  3866.292605
1.02352220 1.67107748 117.30544285 -535.779102554287 6026  2250.078179
1.09702068 1.79171406  99.26437778 -535.769617438533 6027  4331.820501
0.94774520 1.51540851 103.51193752 -535.771583841990 6028  3900.244819
1.00156952 1.68641058 115.10042366 -535.782788868348 6029  1441.025744
0.90156023 1.56225429 106.72330482 -535.779151616000 6030  2239.310377
1.00621403 1.89924180 115.16883475 -535.766690335425 6031  4974.245388
1.25568040 1.69884529 102.22505469 -535.737147036194 6032 11458.250215
0.87520534 1.72678821  72.15730718 -535.750779222137 6033  8466.331176
0.80816430 1.86339752  97.23976199 -535.749558247229 6034  8734.304198
0.96590642 1.61031814 122.68036981 -535.778341820851 6035  2417.039872
1.06555695 1.62375960  90.02083775 -535.769046871722 6036  4457.045443
0.94172779 1.57310351  69.89561401 -535.727950150774 6037 13476.733290
0.93767508 2.06542809 116.65891056 -535.750096970861 6038  8616.068026
0.97036439 1.70836115  68.73389515 -535.749550360417 6039  8736.035154
1.26598319 1.69667369 127.92533276 -535.717938904858 6040 15673.947837
0.95459773 2.10261463 130.76523911 -535.733401335216 6041 12280.336572
1.03726535 1.68483918 122.02280332 -535.772949331853 6042  3600.554429
1.03322605 1.66239321 115.65736142 -535.779077030227 6043  2255.680063
0.85640744 2.11845417 106.96146576 -535.738577360084 6044 11144.330401
0.96790543 1.49354950  98.88933876 -535.761891965074 6045  6027.365971
1.04058989 1.70697421  88.78662732 -535.776445424200 6046  2833.250836
1.21623438 1.68240570 106.54687316 -535.746398933298 6047  9427.693472
1.03077745 1.60502861 113.22894313 -535.778840302456 6048  2307.635804
1.15979706 2.08467502 103.49820905 -535.728727175576 6049 13306.196054
0.86503093 1.74701941  85.39570586 -535.770357227675 6050  4169.455548
1.06662633 1.76572651 119.17844071 -535.767335003634 6051  4832.757068
1.03669236 1.69022642 149.27196942 -535.733094888549 6052 12347.593842
1.01014605 1.70743516 132.57183988 -535.762520388291 6053  5889.443015
0.88827056 1.83942852 105.00469860 -535.776051625465 6054  2919.679670
1.07146349 1.53886718 110.04337978 -535.765180404640 6055  5305.636896
1.09919968 1.65812190  96.44679351 -535.770451626132 6056  4148.737481
1.01873550 1.64073491  64.79870221 -535.726798741425 6057 13729.438437
1.05175819 1.73989892 102.55752124 -535.779746080333 6058  2108.840534
1.33641469 1.69089743 120.54367417 -535.708411432754 6059 17764.986303
0.96312918 1.50435894 133.62526071 -535.754668462594 6060  7612.741544
0.81758457 1.63457978 120.35690846 -535.757243007460 6061  7047.694249
1.06592730 1.70882405 123.66219035 -535.766109136331 6062  5101.803847
0.95336085 1.82953145 126.66919387 -535.764228883384 6063  5514.471677
0.88493135 1.72876848 102.44946172 -535.783401437244 6064  1306.582409
0.92882897 1.73696891  95.88660593 -535.786770386172 6065   567.183571
0.82658256 1.69704544 113.37564374 -535.765080107776 6066  5327.649514
0.95835598 1.55820232  76.83213542 -535.744053159935 6067  9942.531225
0.96464303 1.46822874 139.05401092 -535.739271779607 6068 10991.922929
0.96573790 1.50812517  79.84117320 -535.735620617004 6069 11793.260510
1.42995165 1.84086937 102.24527022 -535.687061205687 6070 22450.819604
1.31741462 1.69365695 102.34344067 -535.721620567574 6071 14865.916255
0.88026357 1.54696351 106.12932309 -535.773569400631 6072  3464.465060
0.88516989 1.70329532 134.37849915 -535.758699769729 6073  6727.971881
0.80457725 1.67340779 100.83519096 -535.758009075097 6074  6879.561833
1.02823422 1.80290475 117.78120708 -535.771257796526 6075  3971.803528
0.92807638 1.70276062  63.74098119 -535.733641698887 6076 12227.582843
0.91731462 1.72290660 104.54637546 -535.787380745242 6077   433.225237
0.92421046 1.72294737 114.27932887 -535.783856043132 6078  1206.807948
0.88774620 1.76041994  98.22858478 -535.782238849721 6079  1561.740882
0.95339800 2.08886206  83.16092894 -535.755540771492 6080  7421.291867
0.91003988 2.15255720 110.52455003 -535.743662549836 6081 10028.260234
1.00226672 1.63628310  69.68166711 -535.741083075364 6082 10594.389453
0.94357121 1.65575793 112.42395164 -535.787035157042 6083   509.073081
1.08560294 2.14769572 105.09185078 -535.736432255070 6084 11615.126542
1.12722288 1.69454008 142.97420859 -535.727639639064 6085 13544.882734
0.93771826 1.58390144 106.03254978 -535.784247695833 6086  1120.850114
1.28817198 1.68253108 120.32322755 -535.720838847846 6087 15037.483907
0.98025695 1.57535900 118.08420464 -535.778728190614 6088  2332.241509
1.16245483 1.59630813 107.79079002 -535.754864373431 6089  7569.744085
0.76642123 1.49203948 103.53046656 -535.711845220005 6090 17011.357098
1.17924049 1.73136151 113.52205041 -535.751072228380 6091  8402.023737
0.91224048 1.79204731  91.24510739 -535.781424041309 6092  1740.570661
1.03561808 1.70957665 105.42179411 -535.782588587470 6093  1484.982317
1.00130934 1.57378198 103.53839963 -535.780077063874 6094  2036.198042
0.82731462 1.71960515 118.53278467 -535.760629779335 6095  6304.383726
0.99264340 1.81291184  60.04557409 -535.734493668531 6096 12040.597116
1.03967640 1.67371026 110.08328607 -535.781139136180 6097  1803.100110
1.17313375 1.62045884 102.65919221 -535.754426896054 6098  7665.759273
0.85209995 1.73379500  77.78014544 -535.756252563707 6099  7265.071530
0.77491518 1.66679742 115.53833592 -535.737031673902 6100 11483.569312
1.41981197 1.64503910 104.66043325 -535.692301939229 6101 21300.611521
0.99753629 1.73167685  89.02405675 -535.781503766686 6102  1723.072963
1.01497519 1.77318534 123.77948347 -535.769055376878 6103  4455.178777
1.18258661 1.83571285 101.89175198 -535.748376259216 6104  8993.720587
0.98660063 2.00200523  88.62618151 -535.764661976829 6105  5419.418651
0.89974396 1.88296050  99.63851671 -535.774818782145 6106  3190.257508
0.95875969 1.55645581  96.21179607 -535.775803404562 6107  2974.157862
0.85054132 1.86933097  97.92482268 -535.765771693332 6108  5175.864026
1.03331273 2.17429878  98.26406458 -535.743552120671 6109 10052.496635
0.89778183 1.76132857  86.29112400 -535.777210284455 6110  2665.383410
0.97466221 1.98909634 143.35508534 -535.724264055150 6111 14285.737783
1.04768497 1.74991595 115.58531282 -535.774311858675 6112  3301.514351
1.10686106 1.83314836 101.48451061 -535.764749388442 6113  5400.234019
0.95026985 1.94143386  77.05336832 -535.763399616264 6114  5696.474776
0.89458101 1.53696658 116.02467557 -535.772676255224 6115  3660.487823
0.89767477 1.72557279  75.44982983 -535.761463256658 6116  6121.456595
1.01577693 1.83456671 107.69209112 -535.776769906588 6117  2762.035182
0.81215435 1.68840950  60.15411107 -535.688906319285 6118 22045.863970
0.99115805 1.54826403 121.82178541 -535.772032600908 6119  3801.753619
0.90229959 1.61043370 106.13114525 -535.784376109954 6120  1092.666471
1.06824703 1.65283430  86.21084741 -535.767038682486 6121  4897.792044
0.99808492 1.82327392 115.38290816 -535.774587981265 6122  3240.912447
0.95311224 1.85531480 115.41127328 -535.773454398332 6123  3489.705148
0.93684159 1.58147996 137.29981975 -535.760043136833 6124  6433.136875
1.05899210 1.68376220 111.50085232 -535.777590202260 6125  2582.001088
0.99812362 1.66089609  88.92764693 -535.779419475156 6126  2180.522087
0.98835183 1.80976437 100.30641302 -535.782993248772 6127  1396.169425
1.05453552 1.75243314  86.51885497 -535.772635210203 6128  3669.496164
0.96579691 1.59721361 108.31793437 -535.785294997067 6129   890.994057
0.93034728 1.81079199 131.98039841 -535.758301072074 6130  6815.475903
0.97215888 1.76486380 132.68100907 -535.761347988861 6131  6146.754952
0.94688230 1.56366899 112.96460962 -535.780973488029 6132  1839.455678
1.05097642 1.60466653 107.98635417 -535.777445777344 6133  2613.698694
0.98462819 1.84080533 123.17376623 -535.766357774544 6134  5047.234066
0.92521319 1.69865078 110.60235505 -535.786870247812 6135   545.266474
0.73859579 1.81071339 105.99884617 -535.703374183866 6136 18870.534666
0.99062056 1.82760277 127.59449869 -535.761881011641 6137  6029.769972
1.15432535 1.72281017 104.79951274 -535.760564554506 6138  6318.698922
0.96820514 1.91963075 122.40200778 -535.759957095341 6139  6452.020800
0.87791843 1.69935056 126.11895499 -535.768464568749 6140  4584.846176
0.95164432 1.53233255 132.09810965 -535.761689873453 6141  6071.719956
1.02706868 1.56337218 112.08138945 -535.775544057724 6142  3031.077914
0.98301806 1.68005800 139.06782784 -535.756361592966 6143  7241.142373
0.99999862 1.66384072 108.17701155 -535.786278243401 6144   675.196427
1.11891519 1.77143103  96.23057841 -535.766031658395 6145  5118.808289
0.95132899 1.78438834  86.83994178 -535.780617521776 6146  1917.581241
1.02804741 1.50633645 103.05409966 -535.763087632768 6147  5764.947240
1.04253991 1.92721125  97.39965537 -535.767438296879 6148  4810.086821
1.01666449 1.69364340 115.53116786 -535.780800205860 6149  1877.486719
0.91483501 2.06876663 101.16410927 -535.756718257201 6150  7162.863620
1.00707471 1.90973877  94.32689868 -535.772992161576 6151  3591.154391
1.01102704 1.73251539 128.00465074 -535.767181225331 6152  4866.507505
0.96325634 1.79520044  86.87346532 -535.780163510425 6153  2017.225217
0.90975965 1.66715687 104.24029139 -535.787463080510 6154   415.154734
0.98708859 1.89452780 123.01331068 -535.761051371754 6155  6211.854884
1.01684244 1.81067377 118.83184292 -535.770933197469 6156  4043.044788
1.25890908 1.62217183 103.23467334 -535.733722378347 6157 12209.875748
0.93975495 1.73778835 146.87817221 -535.740738575281 6158 10669.998484
0.92221831 1.65914049 152.59125876 -535.736019666137 6159 11705.679347
1.35632644 1.73671527  95.75180493 -535.710405722954 6160 17327.290189
0.98214442 1.69171103  74.33398129 -535.760342159439 6161  6367.508998
0.90735935 1.64527547 112.50814649 -535.784937983563 6162   969.349466
0.64321608 1.68888476 103.00000000 -535.571057731643 6182 47910.639775
0.65075377 1.68888476 103.00000000 -535.586379788590 6183 44547.836913
0.65829146 1.68888476 103.00000000 -535.600830269309 6184 41376.322926
0.66582915 1.68888476 103.00000000 -535.614453282224 6185 38386.417134
0.67336683 1.68888476 103.00000000 -535.627290542164 6186 35568.964189
0.68090452 1.68888476 103.00000000 -535.639381579785 6187 32915.288115
0.68844221 1.68888476 103.00000000 -535.650763769232 6188 30417.186236
0.69597990 1.68888476 103.00000000 -535.661472522436 6189 28066.886531
0.70351759 1.68888476 103.00000000 -535.671541385502 6190 25857.026481
0.71105528 1.68888476 103.00000000 -535.681002147124 6191 23780.629273
0.71859296 1.68888476 103.00000000 -535.689885317620 6192 21830.998668
0.72613065 1.68888476 103.00000000 -535.698218693135 6193 20002.034115
0.73366834 1.68888476 103.00000000 -535.706029756264 6194 18287.703882
0.74120603 1.68888476 103.00000000 -535.713344213465 6195 16682.366055
0.74874372 1.68888476 103.00000000 -535.720186458276 6196 15180.666870
0.75628141 1.68888476 103.00000000 -535.726579644500 6197 13777.524654
0.76381910 1.68888476 103.00000000 -535.732545754439 6198 12468.114851
0.77135678 1.68888476 103.00000000 -535.738105657296 6199 11247.857198
0.77889447 1.68888476 103.00000000 -535.743279197306 6200 10112.396391
0.78643216 1.68888476 103.00000000 -535.748085207323 6201  9057.599095
0.79396985 1.68888476 103.00000000 -535.752541591051 6202  8079.535901
0.80150754 1.68888476 103.00000000 -535.756665367036 6203  7174.471670
0.80904523 1.68888476 103.00000000 -535.760472715054 6204  6338.855352
0.81658291 1.68888476 103.00000000 -535.763979016395 6205  5569.311144
0.82412060 1.68888476 103.00000000 -535.767198913917 6206  4862.625309
0.83165829 1.68888476 103.00000000 -535.770147487389 6207  4215.488221
0.83919598 1.68888476 103.00000000 -535.772835622826 6208  3625.510676
0.84673367 1.68888476 103.00000000 -535.775277120500 6209  3089.663864
0.85427136 1.68888476 103.00000000 -535.777483979058 6210  2605.314387
0.86180905 1.68888476 103.00000000 -535.779467621223 6211  2169.955246
0.86934673 1.68888476 103.00000000 -535.781238921293 6212  1781.199809
0.87688442 1.68888476 103.00000000 -535.782808241940 6213  1436.773732
0.88442211 1.68888476 103.00000000 -535.784185446224 6214  1134.512324
0.89195980 1.68888476 103.00000000 -535.785379932603 6215   872.352862
0.89949749 1.68888476 103.00000000 -535.786400656045 6216   648.329956
0.90703518 1.68888476 103.00000000 -535.787256149756 6217   460.570786
0.91457286 1.68888476 103.00000000 -535.787954545590 6218   307.290615
0.92211055 1.68888476 103.00000000 -535.788503597365 6219   186.787677
0.92964824 1.68888476 103.00000000 -535.788910693956 6220    97.440301
0.93718593 1.68888476 103.00000000 -535.789182881776 6221    37.701978
0.94472362 1.68888476 103.00000000 -535.789326878408 6222     6.098370
0.95226131 1.68888476 103.00000000 -535.789349092249 6223     1.222995
0.95979899 1.68888476 103.00000000 -535.789255633450 6224    21.734831
0.96733668 1.68888476 103.00000000 -535.789052331045 6225    66.354552
0.97487437 1.68888476 103.00000000 -535.788744745072 6226   133.861872
0.98241206 1.68888476 103.00000000 -535.788338180195 6227   223.092550
0.98994975 1.68888476 103.00000000 -535.787837697657 6228   332.935772
0.99748744 1.68888476 103.00000000 -535.787248126391 6229   462.331711
1.00502513 1.68888476 103.00000000 -535.786574074096 6230   610.269093
1.01256281 1.68888476 103.00000000 -535.785819939562 6231   775.782495
1.02010050 1.68888476 103.00000000 -535.784989917178 6232   957.951355
1.02763819 1.68888476 103.00000000 -535.784088013345 6233  1155.896370
1.03517588 1.68888476 103.00000000 -535.783118050000 6234  1368.778721
1.04271357 1.68888476 103.00000000 -535.782083675975 6235  1595.797583
1.05025126 1.68888476 103.00000000 -535.780988373490 6236  1836.188697
1.05778894 1.68888476 103.00000000 -535.779835468207 6237  2089.222163
1.06532663 1.68888476 103.00000000 -535.778628129483 6238  2354.202390
1.07286432 1.68888476 103.00000000 -535.777369387268 6239  2630.464378
1.08040201 1.68888476 103.00000000 -535.776062131684 6240  2917.373821
1.08793970 1.68888476 103.00000000 -535.774709121700 6241  3214.325194
1.09547739 1.68888476 103.00000000 -535.773312989916 6242  3520.740708
1.10301508 1.68888476 103.00000000 -535.771876249700 6243  3836.068743
1.11055276 1.68888476 103.00000000 -535.770401300231 6244  4159.782740
1.11809045 1.68888476 103.00000000 -535.768890426535 6245  4491.381194
1.12562814 1.68888476 103.00000000 -535.767345812773 6246  4830.384736
1.13316583 1.68888476 103.00000000 -535.765769542295 6247  5176.336124
1.14070352 1.68888476 103.00000000 -535.764163601292 6248  5528.799441
1.14824121 1.68888476 103.00000000 -535.762529884533 6249  5887.358831
1.15577889 1.68888476 103.00000000 -535.760870200380 6250  6251.617405
1.16331658 1.68888476 103.00000000 -535.759186266719 6251  6621.198131
1.17085427 1.68888476 103.00000000 -535.757479726227 6252  6995.740484
1.17839196 1.68888476 103.00000000 -535.755752142842 6253  7374.901217
1.18592965 1.68888476 103.00000000 -535.754005004418 6254  7758.353786
1.19346734 1.68888476 103.00000000 -535.752239728821 6255  8145.787004
1.20100503 1.68888476 103.00000000 -535.750457663823 6256  8536.905069
1.20854271 1.68888476 103.00000000 -535.748660928853 6257  8931.242822
1.21608040 1.68888476 103.00000000 -535.746849031451 6258  9328.908344
1.22361809 1.68888476 103.00000000 -535.745024002019 6259  9729.456013
1.23115578 1.68888476 103.00000000 -535.743186937069 6260 10132.645173
1.23869347 1.68888476 103.00000000 -535.741338876542 6261 10538.247583
1.24623116 1.68888476 103.00000000 -535.739480803459 6262 10946.047496
1.25376884 1.68888476 103.00000000 -535.737613650574 6263 11355.840194
1.26130653 1.68888476 103.00000000 -535.735738288364 6264 11767.434632
1.26884422 1.68888476 103.00000000 -535.733855544980 6265 12180.649049
1.27638191 1.68888476 103.00000000 -535.731966194136 6266 12595.313637
1.28391960 1.68888476 103.00000000 -535.730070961868 6267 13011.269048
1.29145729 1.68888476 103.00000000 -535.728170522980 6268 13428.367180
1.29899497 1.68888476 103.00000000 -535.726265508128 6269 13846.469620
1.30653266 1.68888476 103.00000000 -535.724356491444 6270 14265.450361
1.31407035 1.68888476 103.00000000 -535.722444006851 6271 14685.192220
1.32160804 1.68888476 103.00000000 -535.720528537220 6272 15105.589218
1.32914573 1.68888476 103.00000000 -535.718610516457 6273 15526.546126
1.33668342 1.68888476 103.00000000 -535.716690328029 6274 15947.978781
1.34422111 1.68888476 103.00000000 -535.714768304601 6275 16369.814172
1.35175879 1.68888476 103.00000000 -535.712844727634 6276 16791.990526
1.35929648 1.68888476 103.00000000 -535.710919815806 6277 17214.459847
1.36683417 1.68888476 103.00000000 -535.708993735028 6278 17637.185724
1.37437186 1.68888476 103.00000000 -535.707066586890 6279 18060.145859
1.38190955 1.68888476 103.00000000 -535.705138403407 6280 18483.333226
1.38944724 1.68888476 103.00000000 -535.703209140403 6281 18906.757520
1.39698492 1.68888476 103.00000000 -535.701278672546 6282 19330.446249
1.40452261 1.68888476 103.00000000 -535.699346770308 6283 19754.449789
1.41206030 1.68888476 103.00000000 -535.697413099790 6284 20178.841420
1.41959799 1.68888476 103.00000000 -535.695477193003 6285 20603.723857
1.42713568 1.68888476 103.00000000 -535.693538422261 6286 21029.234858
1.43467337 1.68888476 103.00000000 -535.691595962499 6287 21455.555506
1.44221106 1.68888476 103.00000000 -535.689648738360 6288 21882.921814
1.44974874 1.68888476 103.00000000 -535.687695349676 6289 22311.641084
1.45728643 1.68888476 103.00000000 -535.685733946216 6290 22742.119393
1.46482412 1.68888476 103.00000000 -535.683762066658 6291 23174.896940
1.47236181 1.68888476 103.00000000 -535.681776328188 6292 23610.716167
1.47989950 1.68888476 103.00000000 -535.679771879942 6293 24050.641715
1.48743719 1.68888476 103.00000000 -535.677741206009 6294 24496.323136
1.49497487 1.68888476 103.00000000 -535.675670703884 6295 24950.745835
1.50251256 1.68888476 103.00000000 -535.673524750556 6296 25421.728159
1.51005025 1.68888476 103.00000000 -535.673994146375 6297 25318.707683
1.51758794 1.68888476 103.00000000 -535.672744641889 6298 25592.942224
1.52512563 1.68888476 103.00000000 -535.671510758073 6299 25863.748425
1.53266332 1.68888476 103.00000000 -535.670292613062 6300 26131.100357
1.54020101 1.68888476 103.00000000 -535.669090332966 6301 26394.970343
1.54773869 1.68888476 103.00000000 -535.667904049893 6302 26655.329388
1.55527638 1.68888476 103.00000000 -535.666733893094 6303 26912.149124
1.56281407 1.68888476 103.00000000 -535.665579997835 6304 27165.399866
1.57035176 1.68888476 103.00000000 -535.664442497877 6305 27415.052254
1.57788945 1.68888476 103.00000000 -535.663321525291 6306 27661.077304
1.58542714 1.68888476 103.00000000 -535.662217209349 6307 27903.446643
1.59296482 1.68888476 103.00000000 -535.661129676628 6308 28142.132490
1.60050251 1.68888476 103.00000000 -535.660059047378 6309 28377.108454
1.60804020 1.68888476 103.00000000 -535.659005438763 6310 28608.348821
1.61557789 1.68888476 103.00000000 -535.657968961716 6311 28835.829243
1.62311558 1.68888476 103.00000000 -535.656949719908 6312 29059.526967
1.63065327 1.68888476 103.00000000 -535.655947808279 6313 29279.421157
1.63819095 1.68888476 103.00000000 -535.654963314396 6314 29495.492593
1.64572864 1.68888476 103.00000000 -535.653996310607 6315 29707.725397
1.65326633 1.68888476 103.00000000 -535.653046861063 6316 29916.105489
1.66080402 1.68888476 103.00000000 -535.652115013715 6317 30120.622346
1.66834171 1.68888476 103.00000000 -535.651200800270 6318 30321.269009
1.67587940 1.68888476 103.00000000 -535.650304232787 6319 30518.042830
1.68341709 1.68888476 103.00000000 -535.649425301167 6320 30710.946027
1.69095477 1.68888476 103.00000000 -535.648563972074 6321 30899.985916
1.69849246 1.68888476 103.00000000 -535.647720180378 6322 31085.176790
1.70603015 1.68888476 103.00000000 -535.646893832360 6323 31266.539220
1.71356784 1.68888476 103.00000000 -535.646084800094 6324 31444.101282
1.72110553 1.68888476 103.00000000 -535.645292914495 6325 31617.900085
1.72864322 1.68888476 103.00000000 -535.644517971219 6326 31787.980478
1.73618090 1.68888476 103.00000000 -535.643759723213 6327 31954.396683
1.74371859 1.68888476 103.00000000 -535.643017878768 6328 32117.212722
1.75125628 1.68888476 103.00000000 -535.642292109314 6329 32276.500708
1.75879397 1.68888476 103.00000000 -535.641582047425 6330 32432.341282
1.76633166 1.68888476 103.00000000 -535.640887291085 6331 32584.822677
1.77386935 1.68888476 103.00000000 -535.640207411103 6332 32734.039088
1.78140704 1.68888476 103.00000000 -535.639541957287 6333 32880.089322
1.78894472 1.68888476 103.00000000 -535.638890467463 6334 33023.074813
1.79648241 1.68888476 103.00000000 -535.638252472207 6335 33163.098589
1.80402010 1.68888476 103.00000000 -535.637627509352 6336 33300.262084
1.81155779 1.68888476 103.00000000 -535.637015126903 6337 33434.664499
1.81909548 1.68888476 103.00000000 -535.636414892285 6338 33566.400773
1.82663317 1.68888476 103.00000000 -535.635826396022 6339 33695.560775
1.83417085 1.68888476 103.00000000 -535.635249257891 6340 33822.227956
1.84170854 1.68888476 103.00000000 -535.634683124853 6341 33946.479798
1.84924623 1.68888476 103.00000000 -535.634127677283 6342 34068.386451
1.85678392 1.68888476 103.00000000 -535.633582625405 6343 34188.011514
1.86432161 1.68888476 103.00000000 -535.633047708624 6344 34305.412179
1.87185930 1.68888476 103.00000000 -535.632522693318 6345 34420.639722
1.87939698 1.68888476 103.00000000 -535.632007371773 6346 34533.739730
1.88693467 1.68888476 103.00000000 -535.631501554537 6347 34644.753784
1.89447236 1.68888476 103.00000000 -535.631005073757 6348 34753.718722
1.90201005 1.68888476 103.00000000 -535.630517779168 6349 34860.667524
1.90954774 1.68888476 103.00000000 -535.630039529288 6350 34965.631242
1.91708543 1.68888476 103.00000000 -535.629570198173 6351 35068.637517
1.92462312 1.68888476 103.00000000 -535.629109666360 6352 35169.712569
1.93216080 1.68888476 103.00000000 -535.628657822451 6353 35268.880846
1.93969849 1.68888476 103.00000000 -535.628214561084 6354 35366.165473
1.94723618 1.68888476 103.00000000 -535.627779776669 6355 35461.589624
1.95477387 1.68888476 103.00000000 -535.627353369834 6356 35555.175109
1.96231156 1.68888476 103.00000000 -535.626935246913 6357 35646.942484
1.96984925 1.68888476 103.00000000 -535.626525310734 6358 35736.913078
1.97738693 1.68888476 103.00000000 -535.626123463816 6359 35825.108284
1.98492462 1.68888476 103.00000000 -535.625729610487 6360 35911.549099
1.99246231 1.68888476 103.00000000 -535.625343656671 6361 35996.256173
2.00000000 1.68888476 103.00000000 -535.624965505690 6362 36079.250721
0.96446195 1.25000000 103.00000000 -535.577447987671 6363 46508.140664
0.96446195 1.25628141 103.00000000 -535.586434259051 6364 44535.882029
0.96446195 1.26256281 103.00000000 -535.595109022873 6365 42631.991402
0.96446195 1.26884422 103.00000000 -535.603482138791 6366 40794.304839
0.96446195 1.27512563 103.00000000 -535.611562699895 6367 39020.826636
0.96446195 1.28140704 103.00000000 -535.619360648799 6368 37309.374644
0.96446195 1.28768844 103.00000000 -535.626884486686 6369 35658.083067
0.96446195 1.29396985 103.00000000 -535.634142802780 6370 34065.066788
0.96446195 1.30025126 103.00000000 -535.641143849691 6371 32528.514570
0.96446195 1.30653266 103.00000000 -535.647895584252 6372 31046.680089
0.96446195 1.31281407 103.00000000 -535.654405700627 6373 29617.874671
0.96446195 1.31909548 103.00000000 -535.660681566473 6374 28240.481303
0.96446195 1.32537688 103.00000000 -535.666730250511 6375 26912.948579
0.96446195 1.33165829 103.00000000 -535.672558542529 6376 25633.786313
0.96446195 1.33793970 103.00000000 -535.678172871852 6377 24401.583432
0.96446195 1.34422111 103.00000000 -535.683579304831 6378 23215.008525
0.96446195 1.35050251 103.00000000 -535.688783439199 6379 22072.833032
0.96446195 1.35678392 103.00000000 -535.693790256135 6380 20973.963711
0.96446195 1.36306533 103.00000000 -535.698603637414 6381 19917.548610
0.96446195 1.36934673 103.00000000 -535.703225169125 6382 18903.239622
0.96446195 1.37562814 103.00000000 -535.707649523782 6383 17932.205997
0.96446195 1.38190955 103.00000000 -535.711824239073 6384 17015.961881
0.96446195 1.38819095 103.00000000 -535.713300774708 6385 16691.899760
0.96446195 1.39447236 103.00000000 -535.717372342308 6386 15798.293946
0.96446195 1.40075377 103.00000000 -535.721343078668 6387 14926.818031
0.96446195 1.40703518 103.00000000 -535.725231696940 6388 14073.364954
0.96446195 1.41331658 103.00000000 -535.729051137323 6389 13235.094668
0.96446195 1.41959799 103.00000000 -535.732788673364 6390 12414.800308
0.96446195 1.42587940 103.00000000 -535.736390400947 6391 11624.312460
0.96446195 1.43216080 103.00000000 -535.739803633334 6392 10875.194527
0.96446195 1.43844221 103.00000000 -535.743022216851 6393 10168.797083
0.96446195 1.44472362 103.00000000 -535.746063751515 6394  9501.257371
0.96446195 1.45100503 103.00000000 -535.748944922596 6395  8868.913399
0.96446195 1.45728643 103.00000000 -535.751677274881 6396  8269.231377
0.96446195 1.46356784 103.00000000 -535.754268981822 6397  7700.417441
0.96446195 1.46984925 103.00000000 -535.756726565843 6398  7161.040084
0.96446195 1.47613065 103.00000000 -535.759055881642 6399  6649.814348
0.96446195 1.48241206 103.00000000 -535.761262515623 6400  6165.514160
0.96446195 1.48869347 103.00000000 -535.763351846425 6401  5706.959044
0.96446195 1.49497487 103.00000000 -535.765329024291 6402  5273.018653
0.96446195 1.50125628 103.00000000 -535.767198932824 6403  4862.621159
0.96446195 1.50753769 103.00000000 -535.768966145428 6404  4474.762817
0.96446195 1.51381910 103.00000000 -535.770635760302 6405  4108.324702
0.96446195 1.52010050 103.00000000 -535.772210101597 6406  3762.796720
0.96446195 1.52638191 103.00000000 -535.773693747350 6407  3437.174109
0.96446195 1.53266332 103.00000000 -535.775090195284 6408  3130.689208
0.96446195 1.53894472 103.00000000 -535.776402734992 6409  2842.620034
0.96446195 1.54522613 103.00000000 -535.777634481484 6410  2572.282922
0.96446195 1.55150754 103.00000000 -535.778788381424 6411  2319.031153
0.96446195 1.55778894 103.00000000 -535.779867238457 6412  2082.249399
0.96446195 1.56407035 103.00000000 -535.780873731837 6413  1861.349632
0.96446195 1.57035176 103.00000000 -535.781810420257 6414  1655.770282
0.96446195 1.57663317 103.00000000 -535.782679758116 6415  1464.972673
0.96446195 1.58291457 103.00000000 -535.783484101861 6416  1288.439622
0.96446195 1.58919598 103.00000000 -535.784225722589 6417  1125.672684
0.96446195 1.59547739 103.00000000 -535.784906804122 6418   976.192562
0.96446195 1.60175879 103.00000000 -535.785529454082 6419   839.536689
0.96446195 1.60804020 103.00000000 -535.786095709869 6420   715.257907
0.96446195 1.61432161 103.00000000 -535.786607536801 6421   602.924878
0.96446195 1.62060302 103.00000000 -535.787066836840 6422   502.120169
0.96446195 1.62688442 103.00000000 -535.787475449153 6423   412.440131
0.96446195 1.63316583 103.00000000 -535.787835155805 6424   333.493644
0.96446195 1.63944724 103.00000000 -535.788147680491 6425   264.902403
0.96446195 1.64572864 103.00000000 -535.788414693197 6426   206.299887
0.96446195 1.65201005 103.00000000 -535.788637813134 6427   157.330720
0.96446195 1.65829146 103.00000000 -535.788818608718 6428   117.650675
0.96446195 1.66457286 103.00000000 -535.788958600702 6429    86.925985
0.96446195 1.67085427 103.00000000 -535.789059264178 6430    64.832906
0.96446195 1.67713568 103.00000000 -535.789122029446 6431    51.057521
0.96446195 1.68341709 103.00000000 -535.789148283815 6432    45.295353
0.96446195 1.68969849 103.00000000 -535.789139374032 6433    47.250825
0.96446195 1.69597990 103.00000000 -535.789096606884 6434    56.637129
0.96446195 1.70226131 103.00000000 -535.789021250037 6435    73.176045
0.96446195 1.70854271 103.00000000 -535.788914534948 6436    96.597301
0.96446195 1.71482412 103.00000000 -535.788777657010 6437   126.638536
0.96446195 1.72110553 103.00000000 -535.788611776113 6438   163.045186
0.96446195 1.72738693 103.00000000 -535.788418020038 6439   205.569729
0.96446195 1.73366834 103.00000000 -535.788197482758 6440   253.972069
0.96446195 1.73994975 103.00000000 -535.787951228046 6441   308.018732
0.96446195 1.74623116 103.00000000 -535.787680287899 6442   367.483222
0.96446195 1.75251256 103.00000000 -535.787385666612 6443   432.145121
0.96446195 1.75879397 103.00000000 -535.787068337796 6444   501.790747
0.96446195 1.76507538 103.00000000 -535.786729248898 6445   576.212160
0.96446195 1.77135678 103.00000000 -535.786369320641 6446   655.207283
0.96446195 1.77763819 103.00000000 -535.785989445707 6447   738.580195
0.96446195 1.78391960 103.00000000 -535.785590493367 6448   826.140115
0.96446195 1.79020101 103.00000000 -535.785173307753 6449   917.701775
0.96446195 1.79648241 103.00000000 -535.784738709793 6450  1013.085004
0.96446195 1.80276382 103.00000000 -535.784287494835 6451  1112.115242
0.96446195 1.80904523 103.00000000 -535.783820437819 6452  1214.622411
0.96446195 1.81532663 103.00000000 -535.783338291968 6453  1320.441196
0.96446195 1.82160804 103.00000000 -535.782841787301 6454  1429.411376
0.96446195 1.82788945 103.00000000 -535.782331633882 6455  1541.377112
0.96446195 1.83417085 103.00000000 -535.781808523206 6456  1656.186637
0.96446195 1.84045226 103.00000000 -535.781273123218 6457  1773.693354
0.96446195 1.84673367 103.00000000 -535.780726085987 6458  1893.754151
0.96446195 1.85301508 103.00000000 -535.780168043132 6459  2016.230403
0.96446195 1.85929648 103.00000000 -535.779599611904 6460  2140.986639
0.96446195 1.86557789 103.00000000 -535.779021385138 6461  2267.892748
0.96446195 1.87185930 103.00000000 -535.778433943909 6462  2396.821198
0.96446195 1.87814070 103.00000000 -535.777837850759 6463  2527.648524
0.96446195 1.88442211 103.00000000 -535.777233650571 6464  2660.255140
0.96446195 1.89070352 103.00000000 -535.776621873120 6465  2794.524773
0.96446195 1.89698492 103.00000000 -535.776003034634 6466  2930.344124
0.96446195 1.90326633 103.00000000 -535.775377632046 6467  3067.604129
0.96446195 1.90954774 103.00000000 -535.774746150383 6468  3206.198337
0.96446195 1.91582915 103.00000000 -535.774109060489 6469  3346.023409
0.96446195 1.92211055 103.00000000 -535.773466818439 6470  3486.979249
0.96446195 1.92839196 103.00000000 -535.772819864578 6471  3628.969212
0.96446195 1.93467337 103.00000000 -535.772168628517 6472  3771.899009
0.96446195 1.94095477 103.00000000 -535.771513527272 6473  3915.677116
0.96446195 1.94723618 103.00000000 -535.770854961269 6474  4060.215649
0.96446195 1.95351759 103.00000000 -535.770193322340 6475  4205.428612
0.96446195 1.95979899 103.00000000 -535.769528989501 6476  4351.232820
0.96446195 1.96608040 103.00000000 -535.768862327551 6477  4497.548208
0.96446195 1.97236181 103.00000000 -535.768193691940 6478  4644.296765
0.96446195 1.97864322 103.00000000 -535.767523426510 6479  4791.403026
0.96446195 1.98492462 103.00000000 -535.766851864278 6480  4938.793902
0.96446195 1.99120603 103.00000000 -535.766179326044 6481  5086.398986
0.96446195 1.99748744 103.00000000 -535.765506123125 6482  5234.149951
0.96446195 2.00376884 103.00000000 -535.764832558808 6483  5381.980234
0.96446195 2.01005025 103.00000000 -535.764158920947 6484  5529.826658
0.96446195 2.01633166 103.00000000 -535.763485492198 6485  5677.627187
0.96446195 2.02261307 103.00000000 -535.762812544147 6486  5825.322215
0.96446195 2.02889447 103.00000000 -535.762140339985 6487  5972.853978
0.96446195 2.03517588 103.00000000 -535.761469130708 6488  6120.167390
0.96446195 2.04145729 103.00000000 -535.760799161823 6489  6267.208566
0.96446195 2.04773869 103.00000000 -535.760130669712 6490  6413.925629
0.96446195 2.05402010 103.00000000 -535.759463879450 6491  6560.269178
0.96446195 2.06030151 103.00000000 -535.758799010649 6492  6706.191016
0.96446195 2.06658291 103.00000000 -535.758136274541 6493  6851.644782
0.96446195 2.07286432 103.00000000 -535.757475872300 6494  6996.586323
0.96446195 2.07914573 103.00000000 -535.756817998961 6495  7140.972834
0.96446195 2.08542714 103.00000000 -535.756162842407 6496  7284.763080
0.96446195 2.09170854 103.00000000 -535.755510583098 6497  7427.917454
0.96446195 2.09798995 103.00000000 -535.754861391777 6498  7570.398482
0.96446195 2.10427136 103.00000000 -535.754215434781 6499  7712.169658
0.96446195 2.11055276 103.00000000 -535.753572872008 6500  7853.195889
0.96446195 2.11683417 103.00000000 -535.752933852884 6501  7993.444378
0.96446195 2.12311558 103.00000000 -535.752298523978 6502  8132.882958
0.96446195 2.12939698 103.00000000 -535.751667025370 6503  8271.480885
0.96446195 2.13567839 103.00000000 -535.751039487413 6504  8409.209549
0.96446195 2.14195980 103.00000000 -535.750416038081 6505  8546.040864
0.96446195 2.14824121 103.00000000 -535.749796797405 6506  8681.948486
0.96446195 2.15452261 103.00000000 -535.749181881947 6507  8816.906831
0.96446195 2.16080402 103.00000000 -535.748571398269 6508  8950.892514
0.96446195 2.16708543 103.00000000 -535.747965451888 6509  9083.882375
0.96446195 2.17336683 103.00000000 -535.747364141598 6510  9215.854732
0.96446195 2.17964824 103.00000000 -535.746767558607 6511  9346.789566
0.96446195 2.18592965 103.00000000 -535.746175792485 6512  9476.667220
0.96446195 2.19221106 103.00000000 -535.745588926499 6513  9605.469418
0.96446195 2.19849246 103.00000000 -535.745007039963 6514  9733.178754
0.96446195 2.20477387 103.00000000 -535.744430204596 6515  9859.779486
0.96446195 2.21105528 103.00000000 -535.743858490336 6516  9985.256264
0.96446195 2.21733668 103.00000000 -535.743291962550 6517 10109.594744
0.96446195 2.22361809 103.00000000 -535.742730679922 6518 10232.782044
0.96446195 2.22989950 103.00000000 -535.742174699206 6519 10354.805709
0.96446195 2.23618090 103.00000000 -535.741624072976 6520 10475.654200
0.96446195 2.24246231 103.00000000 -535.741078847602 6521 10595.317340
0.96446195 2.24874372 103.00000000 -535.740539066856 6522 10713.785522
0.96446195 2.25502513 103.00000000 -535.740004770639 6523 10831.049990
0.96446195 2.26130653 103.00000000 -535.739475995758 6524 10947.102664
0.96446195 2.26758794 103.00000000 -535.738952772789 6525 11061.936834
0.96446195 2.27386935 103.00000000 -535.738435129422 6526 11175.546424
0.96446195 2.28015075 103.00000000 -535.737923093922 6527 11287.925228
0.96446195 2.28643216 103.00000000 -535.737416685188 6528 11399.069101
0.96446195 2.29271357 103.00000000 -535.736915921903 6529 11508.973940
0.96446195 2.29899497 103.00000000 -535.736420818960 6530 11617.636478
0.96446195 2.30527638 103.00000000 -535.735931386615 6531 11725.054463
0.96446195 2.31155779 103.00000000 -535.735447634660 6532 11831.225747
0.96446195 2.31783920 103.00000000 -535.734969567380 6533 11936.149389
0.96446195 2.32412060 103.00000000 -535.734497188748 6534 12039.824517
0.96446195 2.33040201 103.00000000 -535.734030497100 6535 12142.251497
0.96446195 2.33668342 103.00000000 -535.733569489075 6536 12243.431065
0.96446195 2.34296482 103.00000000 -535.733114160379 6537 12343.364164
0.96446195 2.34924623 103.00000000 -535.732664501304 6538 12442.052926
0.96446195 2.35552764 103.00000000 -535.732220501640 6539 12539.499590
0.96446195 2.36180905 103.00000000 -535.731782148599 6540 12635.706964
0.96446195 2.36809045 103.00000000 -535.731349427049 6541 12730.678368
0.96446195 2.37437186 103.00000000 -535.730922318644 6542 12824.417830
0.96446195 2.38065327 103.00000000 -535.730500804400 6543 12916.929515
0.96446195 2.38693467 103.00000000 -535.730084862396 6544 13008.218235
0.96446195 2.39321608 103.00000000 -535.729674468711 6545 13098.289239
0.96446195 2.39949749 103.00000000 -535.729269601049 6546 13187.147422
0.96446195 2.40577889 103.00000000 -535.728870225898 6547 13274.800137
0.96446195 2.41206030 103.00000000 -535.728476320760 6548 13361.252324
0.96446195 2.41834171 103.00000000 -535.728087849418 6549 13446.511930
0.96446195 2.42462312 103.00000000 -535.727704786415 6550 13530.584543
0.96446195 2.43090452 103.00000000 -535.727327099661 6551 13613.477205
0.96446195 2.43718593 103.00000000 -535.726954746249 6552 13695.199335
0.96446195 2.44346734 103.00000000 -535.726587693676 6553 13775.758064
0.96446195 2.44974874 103.00000000 -535.726225905515 6554 13855.161389
0.96446195 2.45603015 103.00000000 -535.725869341538 6555 13933.418138
0.96446195 2.46231156 103.00000000 -535.725517963319 6556 14010.536744
0.96446195 2.46859296 103.00000000 -535.725171730169 6557 14086.526139
0.96446195 2.47487437 103.00000000 -535.724830599524 6558 14161.395663
0.96446195 2.48115578 103.00000000 -535.724494529081 6559 14235.154601
0.96446195 2.48743719 103.00000000 -535.724163475525 6560 14307.812459
0.96446195 2.49371859 103.00000000 -535.723837394332 6561 14379.379010
0.96446195 2.50000000 103.00000000 -535.723516239913 6562 14449.864259
0.96446195 1.68888476  40.00000000 -535.607253821556 6563 39966.516139
0.96446195 1.68888476  40.70351759 -535.613573536672 6564 38579.498968
0.96446195 1.68888476  41.40703518 -535.619638599159 6565 37248.371590
0.96446195 1.68888476  42.11055276 -535.625461433566 6566 35970.407131
0.96446195 1.68888476  42.81407035 -535.631054079866 6567 34742.963124
0.96446195 1.68888476  43.51758794 -535.636428170548 6568 33563.486531
0.96446195 1.68888476  44.22110553 -535.641594912605 6569 32429.517702
0.96446195 1.68888476  44.92462312 -535.646565071372 6570 31338.693918
0.96446195 1.68888476  45.62814070 -535.651349703614 6571 30288.588502
0.96446195 1.68888476  46.33165829 -535.655957194680 6572 29277.361080
0.96446195 1.68888476  47.03517588 -535.660397658682 6573 28302.791862
0.96446195 1.68888476  47.73869347 -535.664680023576 6574 27362.921388
0.96446195 1.68888476  48.44221106 -535.668812755196 6575 26455.891623
0.96446195 1.68888476  49.14572864 -535.672803863500 6576 25579.944583
0.96446195 1.68888476  49.84924623 -535.676660908947 6577 24733.420939
0.96446195 1.68888476  50.55276382 -535.680391011927 6578 23914.757948
0.96446195 1.68888476  51.25628141 -535.684000864043 6579 23122.486971
0.96446195 1.68888476  51.95979899 -535.687496741080 6580 22355.230633
0.96446195 1.68888476  52.66331658 -535.690884517649 6581 21611.699606
0.96446195 1.68888476  53.36683417 -535.694169679707 6582 20890.689861
0.96446195 1.68888476  54.07035176 -535.697357343989 6583 20191.078405
0.96446195 1.68888476  54.77386935 -535.700452272411 6584 19511.820118
0.96446195 1.68888476  55.47738693 -535.703458889389 6585 18851.943953
0.96446195 1.68888476  56.18090452 -535.706381299092 6586 18210.549148
0.96446195 1.68888476  56.88442211 -535.709223302549 6587 17586.801476
0.96446195 1.68888476  57.58793970 -535.711988416114 6588 16979.929184
0.96446195 1.68888476  58.29145729 -535.714679884044 6589 16389.220242
0.96446195 1.68888476  58.99497487 -535.717300699963 6590 15814.017624
0.96446195 1.68888476  59.69849246 -535.719853620939 6591 15253.716223
0.96446195 1.68888476  60.40201005 -535.722341183218 6592 14707.759399
0.96446195 1.68888476  61.10552764 -535.724765715522 6593 14175.636055
0.96446195 1.68888476  61.80904523 -535.727129354300 6594 13656.877296
0.96446195 1.68888476  62.51256281 -535.729434060981 6595 13151.052638
0.96446195 1.68888476  63.21608040 -535.731681632137 6596 12657.767778
0.96446195 1.68888476  63.91959799 -535.733873710433 6597 12176.662193
0.96446195 1.68888476  64.62311558 -535.736011800200 6598 11707.405721
0.96446195 1.68888476  65.32663317 -535.738097275926 6599 11249.696696
0.96446195 1.68888476  66.03015075 -535.740131394395 6600 10803.259287
0.96446195 1.68888476  66.73366834 -535.742115307892 6601 10367.840596
0.96446195 1.68888476  67.43718593 -535.744050065128 6602  9943.210457
0.96446195 1.68888476  68.14070352 -535.745936628406 6603  9529.157669
0.96446195 1.68888476  68.84422111 -535.747775878450 6604  9125.488936
0.96446195 1.68888476  69.54773869 -535.749568618738 6605  8732.027915
0.96446195 1.68888476  70.25125628 -535.751315587941 6606  8348.612486
0.96446195 1.68888476  70.95477387 -535.753017472736 6607  7975.091942
0.96446195 1.68888476  71.65829146 -535.754674895523 6608  7611.329680
0.96446195 1.68888476  72.36180905 -535.756288432705 6609  7257.199195
0.96446195 1.68888476  73.06532663 -535.757858618549 6610  6912.583229
0.96446195 1.68888476  73.76884422 -535.759385948768 6611  6577.372986
0.96446195 1.68888476  74.47236181 -535.760870884310 6612  6251.467300
0.96446195 1.68888476  75.17587940 -535.762313856252 6613  5934.771559
0.96446195 1.68888476  75.87939698 -535.763715268583 6614  5627.197098
0.96446195 1.68888476  76.58291457 -535.765075501138 6615  5328.660554
0.96446195 1.68888476  77.28643216 -535.766394916373 6616  5039.082377
0.96446195 1.68888476  77.98994975 -535.767673855465 6617  4758.387686
0.96446195 1.68888476  78.69346734 -535.768912646877 6618  4486.504392
0.96446195 1.68888476  79.39698492 -535.770111604193 6619  4223.363673
0.96446195 1.68888476  80.10050251 -535.771271031469 6620  3968.898794
0.96446195 1.68888476  80.80402010 -535.772391223955 6621  3723.044956
0.96446195 1.68888476  81.50753769 -535.773472467622 6622  3485.739397
0.96446195 1.68888476  82.21105528 -535.774515043185 6623  3256.920505
0.96446195 1.68888476  82.91457286 -535.775519225750 6624  3036.527903
0.96446195 1.68888476  83.61809045 -535.776485286611 6625  2824.502048
0.96446195 1.68888476  84.32160804 -535.777413494669 6626  2620.783923
0.96446195 1.68888476  85.02512563 -535.778304115274 6627  2425.315290
0.96446195 1.68888476  85.72864322 -535.779157413478 6628  2238.037978
0.96446195 1.68888476  86.43216080 -535.779973652156 6629  2058.894292
0.96446195 1.68888476  87.13567839 -535.780753094897 6630  1887.826380
0.96446195 1.68888476  87.83919598 -535.781496004429 6631  1724.776581
0.96446195 1.68888476  88.54271357 -535.782202643754 6632  1569.687173
0.96446195 1.68888476  89.24623116 -535.782873276966 6633  1422.500194
0.96446195 1.68888476  89.94974874 -535.783508168689 6634  1283.157564
0.96446195 1.68888476  90.65326633 -535.784107584547 6635  1151.600987
0.96446195 1.68888476  91.35678392 -535.784671791545 6636  1027.771862
0.96446195 1.68888476  92.06030151 -535.785201057562 6637   911.611396
0.96446195 1.68888476  92.76381910 -535.785695652888 6638   803.060267
0.96446195 1.68888476  93.46733668 -535.786155848261 6639   702.059055
0.96446195 1.68888476  94.17085427 -535.786581916677 6640   608.547845
0.96446195 1.68888476  94.87437186 -535.786974131963 6641   522.466538
0.96446195 1.68888476  95.57788945 -535.787332770802 6642   443.754410
0.96446195 1.68888476  96.28140704 -535.787658110511 6643   372.350596
0.96446195 1.68888476  96.98492462 -535.787950430399 6644   308.193795
0.96446195 1.68888476  97.68844221 -535.788210011542 6645   251.222318
0.96446195 1.68888476  98.39195980 -535.788437136348 6646   201.374184
0.96446195 1.68888476  99.09547739 -535.788632088994 6647   158.587023
0.96446195 1.68888476  99.79899497 -535.788795155197 6648   122.798128
0.96446195 1.68888476 100.50251256 -535.788926622926 6649    93.944296
0.96446195 1.68888476 101.20603015 -535.789026780720 6650    71.962201
0.96446195 1.68888476 101.90954774 -535.789095918987 6651    56.788105
0.96446195 1.68888476 102.61306533 -535.789134329927 6652    48.357878
0.96446195 1.68888476 103.31658291 -535.789142307043 6653    46.607103
0.96446195 1.68888476 104.02010050 -535.789120145122 6654    51.471083
0.96446195 1.68888476 104.72361809 -535.789068140837 6655    62.884704
0.96446195 1.68888476 105.42713568 -535.788986591973 6656    80.782611
0.96446195 1.68888476 106.13065327 -535.788875797919 6657   105.099096
0.96446195 1.68888476 106.83417085 -535.788736059784 6658   135.768072
0.96446195 1.68888476 107.53768844 -535.788567679010 6659   172.723381
0.96446195 1.68888476 108.24120603 -535.788370960295 6660   215.898149
0.96446195 1.68888476 108.94472362 -535.788146208521 6661   265.225463
0.96446195 1.68888476 109.64824121 -535.787893730632 6662   320.637956
0.96446195 1.68888476 110.35175879 -535.787613834797 6663   382.067992
0.96446195 1.68888476 111.05527638 -535.787306831623 6664   449.447402
0.96446195 1.68888476 111.75879397 -535.786973032194 6665   522.707910
0.96446195 1.68888476 112.46231156 -535.786612750255 6666   601.780657
0.96446195 1.68888476 113.16582915 -535.786226301379 6667   686.596383
0.96446195 1.68888476 113.86934673 -535.785814002839 6668   777.085455
0.96446195 1.68888476 114.57286432 -535.785376173964 6669   873.177787
0.96446195 1.68888476 115.27638191 -535.784913136178 6670   974.802837
0.96446195 1.68888476 115.97989950 -535.784425212925 6671  1081.889615
0.96446195 1.68888476 116.68341709 -535.783912730465 6672  1194.366516
0.96446195 1.68888476 117.38693467 -535.783376017663 6673  1312.161362
0.96446195 1.68888476 118.09045226 -535.782815404759 6674  1435.201675
0.96446195 1.68888476 118.79396985 -535.782231227208 6675  1563.413830
0.96446195 1.68888476 119.49748744 -535.781623821438 6676  1696.723990
0.96446195 1.68888476 120.20100503 -535.780993527628 6677  1835.057494
0.96446195 1.68888476 120.90452261 -535.780340689148 6678  1978.338982
0.96446195 1.68888476 121.60804020 -535.779665653296 6679  2126.492229
0.96446195 1.68888476 122.31155779 -535.778968770832 6680  2279.440254
0.96446195 1.68888476 123.01507538 -535.778250395846 6681  2437.105342
0.96446195 1.68888476 123.71859296 -535.777510887897 6682  2599.408579
0.96446195 1.68888476 124.42211055 -535.776750609480 6683  2766.270408
0.96446195 1.68888476 125.12562814 -535.775969928732 6684  2937.610030
0.96446195 1.68888476 125.82914573 -535.775169218197 6685  3113.345683
0.96446195 1.68888476 126.53266332 -535.774348854972 6686  3293.394603
0.96446195 1.68888476 127.23618090 -535.773509222608 6687  3477.672610
0.96446195 1.68888476 127.93969849 -535.772650709373 6688  3666.094489
0.96446195 1.68888476 128.64321608 -535.771773709646 6689  3858.573684
0.96446195 1.68888476 129.34673367 -535.770878623335 6690  4055.022426
0.96446195 1.68888476 130.05025126 -535.769965857490 6691  4255.351377
0.96446195 1.68888476 130.75376884 -535.769035825585 6692  4459.469790
0.96446195 1.68888476 131.45728643 -535.768088948123 6693  4667.285376
0.96446195 1.68888476 132.16080402 -535.767125652297 6694  4878.704376
0.96446195 1.68888476 132.86432161 -535.766146373661 6695  5093.631198
0.96446195 1.68888476 133.56783920 -535.765151554836 6696  5311.968697
0.96446195 1.68888476 134.27135678 -535.764141647316 6697  5533.617781
0.96446195 1.68888476 134.97487437 -535.763117110560 6698  5758.477612
0.96446195 1.68888476 135.67839196 -535.762078413066 6699  5986.445366
0.96446195 1.68888476 136.38190955 -535.761026032490 6700  6217.416209
0.96446195 1.68888476 137.08542714 -535.759960456152 6701  6451.283188
0.96446195 1.68888476 137.78894472 -535.758882180225 6702  6687.937404
0.96446195 1.68888476 138.49246231 -535.757791712913 6703  6927.267319
0.96446195 1.68888476 139.19597990 -535.756689570723 6704  7169.159575
0.96446195 1.68888476 139.89949749 -535.755576282488 6705  7413.498104
0.96446195 1.68888476 140.60301508 -535.754452387749 6706  7660.164492
0.96446195 1.68888476 141.30653266 -535.753318437268 6707  7909.037861
0.96446195 1.68888476 142.01005025 -535.752174993579 6708  8159.994747
0.96446195 1.68888476 142.71356784 -535.751022631978 6709  8412.908890
0.96446195 1.68888476 143.41708543 -535.749861939295 6710  8667.651493
0.96446195 1.68888476 144.12060302 -535.748693515535 6711  8924.090872
0.96446195 1.68888476 144.82412060 -535.747517973968 6712  9182.092429
0.96446195 1.68888476 145.52763819 -535.746335940865 6713  9441.518713
0.96446195 1.68888476 146.23115578 -535.745148056975 6714  9702.229096
0.96446195 1.68888476 146.93467337 -535.743954976090 6715  9964.080089
0.96446195 1.68888476 147.63819095 -535.742757367780 6716 10226.924736
0.96446195 1.68888476 148.34170854 -535.741555916552 6717 10490.612806
0.96446195 1.68888476 149.04522613 -535.740351322879 6718 10754.990563
0.96446195 1.68888476 149.74874372 -535.739144304025 6719 11019.900586
0.96446195 1.68888476 150.45226131 -535.737935596615 6720 11285.181204
0.96446195 1.68888476 151.15577889 -535.736725955736 6721 11550.666695
0.96446195 1.68888476 151.85929648 -535.735516159421 6722 11816.186300
0.96446195 1.68888476 152.56281407 -535.734307011039 6723 12081.563701
0.96446195 1.68888476 153.26633166 -535.733099341910 6724 12346.616442
0.96446195 1.68888476 153.96984925 -535.731894017635 6725 12611.154548
0.96446195 1.68888476 154.67336683 -535.730691942505 6726 12874.979549
0.96446195 1.68888476 155.37688442 -535.729494068020 6727 13137.882615
0.96446195 1.68888476 156.08040201 -535.728301401698 6728 13399.642621
0.96446195 1.68888476 156.78391960 -535.727115016518 6729 13660.024076
0.96446195 1.68888476 157.48743719 -535.725936064541 6730 13918.774131
0.96446195 1.68888476 158.19095477 -535.724765787427 6731 14175.620274
0.96446195 1.68888476 158.89447236 -535.723605531200 6732 14430.267087
0.96446195 1.68888476 159.59798995 -535.722456756608 6733 14682.393971
0.96446195 1.68888476 160.30150754 -535.721321049583 6734 14931.652856
0.96446195 1.68888476 161.00502513 -535.720200125896 6735 15177.667174
0.96446195 1.68888476 161.70854271 -535.719095831216 6736 15420.031846
0.96446195 1.68888476 162.41206030 -535.718010132186 6737 15658.315245
0.96446195 1.68888476 163.11557789 -535.716945102657 6738 15892.062213
0.96446195 1.68888476 163.81909548 -535.715902898882 6739 16120.799506
0.96446195 1.68888476 164.52261307 -535.714885733878 6740 16344.041425
0.96446195 1.68888476 165.22613065 -535.713895844032 6741 16561.297138
0.96446195 1.68888476 165.92964824 -535.712935458630 6742 16772.077374
0.96446195 1.68888476 166.63316583 -535.712006772198 6743 16975.900490
0.96446195 1.68888476 167.33668342 -535.711111920061 6744 17172.297836
0.96446195 1.68888476 168.04020101 -535.710252960510 6745 17360.817670
0.96446195 1.68888476 168.74371859 -535.709431862825 6746 17541.027785
0.96446195 1.68888476 169.44723618 -535.708650505118 6747 17712.515983
0.96446195 1.68888476 170.15075377 -535.707910666567 6748 17874.891780
0.96446195 1.68888476 170.85427136 -535.707214030475 6749 18027.785732
0.96446195 1.68888476 171.55778894 -535.706562183855 6750 18170.849531
0.96446195 1.68888476 172.26130653 -535.705956617488 6751 18303.755989
0.96446195 1.68888476 172.96482412 -535.705398728580 6752 18426.198453
0.96446195 1.68888476 173.66834171 -535.704889815844 6753 18537.891891
0.96446195 1.68888476 174.37185930 -535.704431078469 6754 18638.573109
0.96446195 1.68888476 175.07537688 -535.704023611447 6755 18728.001785
0.96446195 1.68888476 175.77889447 -535.703668400684 6756 18805.961537
0.96446195 1.68888476 176.48241206 -535.703366316644 6757 18872.261322
0.96446195 1.68888476 177.18592965 -535.703118109309 6758 18926.736536
0.96446195 1.68888476 177.88944724 -535.702924402084 6759 18969.250359
0.96446195 1.68888476 178.59296482 -535.702785684768 6760 18999.695291
0.96446195 1.68888476 179.29648241 -535.702702312017 6761 19017.993495
2.01000000 1.68888476 103.00000000 -535.624475700681 6762 36186.750497
2.02000000 1.68888476 103.00000000 -535.623999229450 6763 36291.323847
2.03000000 1.68888476 103.00000000 -535.623535859590 6764 36393.021778
2.04000000 1.68888476 103.00000000 -535.623085355961 6765 36491.895897
2.05000000 1.68888476 103.00000000 -535.622647483315 6766 36587.997837
2.06000000 1.68888476 103.00000000 -535.622222001389 6767 36681.380327
2.07000000 1.68888476 103.00000000 -535.621808667487 6768 36772.096635
2.08000000 1.68888476 103.00000000 -535.621407238380 6769 36860.200142
2.09000000 1.68888476 103.00000000 -535.621017468081 6770 36945.744836
2.10000000 1.68888476 103.00000000 -535.620639110153 6771 37028.784804
2.11000000 1.68888476 103.00000000 -535.620271917311 6772 37109.374319
2.12000000 1.68888476 103.00000000 -535.619915641227 6773 37187.567883
2.13000000 1.68888476 103.00000000 -535.619570035721 6774 37263.419525
2.14000000 1.68888476 103.00000000 -535.619234853139 6775 37336.983600
2.15000000 1.68888476 103.00000000 -535.618909847102 6776 37408.314182
2.16000000 1.68888476 103.00000000 -535.618594772942 6777 37477.464968
2.17000000 1.68888476 103.00000000 -535.618289386758 6778 37544.489490
2.18000000 1.68888476 103.00000000 -535.617993446546 6779 37609.440860
2.19000000 1.68888476 103.00000000 -535.617706713190 6780 37672.371559
2.20000000 1.68888476 103.00000000 -535.617428949307 6781 37733.333686
2.21000000 1.68888476 103.00000000 -535.617159920052 6782 37792.378783
2.22000000 1.68888476 103.00000000 -535.616899393978 6783 37849.557648
2.23000000 1.68888476 103.00000000 -535.616647142611 6784 37904.920425
2.24000000 1.68888476 103.00000000 -535.616402940389 6785 37958.516619
2.25000000 1.68888476 103.00000000 -535.616166564670 6786 38010.395093
2.26000000 1.68888476 103.00000000 -535.615937797436 6787 38060.603699
2.27000000 1.68888476 103.00000000 -535.615716423718 6788 38109.189615
2.28000000 1.68888476 103.00000000 -535.615502232147 6789 38156.199232
2.29000000 1.68888476 103.00000000 -535.615295016344 6790 38201.677845
2.30000000 1.68888476 103.00000000 -535.615094573149 6791 38245.670042
2.31000000 1.68888476 103.00000000 -535.614900703373 6792 38288.219540
2.32000000 1.68888476 103.00000000 -535.614713208881 6793 38329.369825
2.33000000 1.68888476 103.00000000 -535.614531903382 6794 38369.161784
2.34000000 1.68888476 103.00000000 -535.614356598467 6795 38407.636766
2.35000000 1.68888476 103.00000000 -535.614187111427 6796 38444.834872
2.36000000 1.68888476 103.00000000 -535.614023263712 6797 38480.795290
2.37000000 1.68888476 103.00000000 -535.613864880280 6798 38515.556436
2.38000000 1.68888476 103.00000000 -535.613711795487 6799 38549.154665
2.39000000 1.68888476 103.00000000 -535.613563839026 6800 38581.627355
2.40000000 1.68888476 103.00000000 -535.613420851168 6801 38613.009563
2.41000000 1.68888476 103.00000000 -535.613282674042 6802 38643.335938
2.42000000 1.68888476 103.00000000 -535.613149154974 6803 38672.639986
2.43000000 1.68888476 103.00000000 -535.613020143985 6804 38700.954626
2.44000000 1.68888476 103.00000000 -535.612895497089 6805 38728.311458
2.45000000 1.68888476 103.00000000 -535.612775072722 6806 38754.741552
2.46000000 1.68888476 103.00000000 -535.612658731955 6807 38780.275400
2.47000000 1.68888476 103.00000000 -535.612546343657 6808 38804.941780
2.48000000 1.68888476 103.00000000 -535.612437777093 6809 38828.769387
2.49000000 1.68888476 103.00000000 -535.612332906610 6810 38851.785798
2.50000000 1.68888476 103.00000000 -535.612231609990 6811 38874.017837
2.51000000 1.68888476 103.00000000 -535.612133768008 6812 38895.491670
2.53020408 1.68888476 103.00000000 -535.611946162554 6813 38936.666309
2.55040816 1.68888476 103.00000000 -535.611771286197 6814 38975.047234
2.57061224 1.68888476 103.00000000 -535.611608287500 6815 39010.821313
2.59081633 1.68888476 103.00000000 -535.611456368164 6816 39044.163754
2.61102041 1.68888476 103.00000000 -535.611314775814 6817 39075.239684
2.63122449 1.68888476 103.00000000 -535.611182809960 6818 39104.202841
2.65142857 1.68888476 103.00000000 -535.611059813577 6819 39131.197428
2.67163265 1.68888476 103.00000000 -535.610945172094 6820 39156.358325
2.69183673 1.68888476 103.00000000 -535.610838305104 6821 39179.812919
2.71204082 1.68888476 103.00000000 -535.610738692405 6822 39201.675380
2.73224490 1.68888476 103.00000000 -535.610645812001 6823 39222.060273
2.75244898 1.68888476 103.00000000 -535.610559212771 6824 39241.066607
2.77265306 1.68888476 103.00000000 -535.610478452982 6825 39258.791332
2.79285714 1.68888476 103.00000000 -535.610403126529 6826 39275.323578
2.81306122 1.68888476 103.00000000 -535.610332855568 6827 39290.746272
2.83326531 1.68888476 103.00000000 -535.610267288498 6828 39305.136580
2.85346939 1.68888476 103.00000000 -535.610206095262 6829 39318.566944
2.87367347 1.68888476 103.00000000 -535.610148999958 6830 39331.097915
2.89387755 1.68888476 103.00000000 -535.610095651844 6831 39342.806472
2.91408163 1.68888476 103.00000000 -535.610045841105 6832 39353.738666
2.93428571 1.68888476 103.00000000 -535.609999301851 6833 39363.952852
2.95448980 1.68888476 103.00000000 -535.609955814049 6834 39373.497322
2.97469388 1.68888476 103.00000000 -535.609915161245 6835 39382.419581
2.99489796 1.68888476 103.00000000 -535.609877148654 6836 39390.762380
3.01510204 1.68888476 103.00000000 -535.609841588298 6837 39398.566977
3.03530612 1.68888476 103.00000000 -535.609808313030 6838 39405.870054
3.05551020 1.68888476 103.00000000 -535.609777162020 6839 39412.706910
3.07571429 1.68888476 103.00000000 -535.609747983628 6840 39419.110827
3.09591837 1.68888476 103.00000000 -535.609720655125 6841 39425.108741
3.11612245 1.68888476 103.00000000 -535.609695039415 6842 39430.730739
3.13632653 1.68888476 103.00000000 -535.609671022070 6843 39436.001937
3.15653061 1.68888476 103.00000000 -535.609648496604 6844 39440.945706
3.17673469 1.68888476 103.00000000 -535.609627351938 6845 39445.586424
3.19693878 1.68888476 103.00000000 -535.609607476884 6846 39449.948494
3.21714286 1.68888476 103.00000000 -535.609588826549 6847 39454.041769
3.23734694 1.68888476 103.00000000 -535.609571299154 6848 39457.888588
3.25755102 1.68888476 103.00000000 -535.609554816128 6849 39461.506194
3.27775510 1.68888476 103.00000000 -535.609539306341 6850 39464.910199
3.29795918 1.68888476 103.00000000 -535.609524708205 6851 39468.114119
3.31816327 1.68888476 103.00000000 -535.609510972950 6852 39471.128660
3.33836735 1.68888476 103.00000000 -535.609498013030 6853 39473.973033
3.35857143 1.68888476 103.00000000 -535.609485792802 6854 39476.655063
3.37877551 1.68888476 103.00000000 -535.609474263124 6855 39479.185535
3.39897959 1.68888476 103.00000000 -535.609463376825 6856 39481.574802
3.41918367 1.68888476 103.00000000 -535.609453102737 6857 39483.829703
3.43938776 1.68888476 103.00000000 -535.609443382731 6858 39485.962998
3.45959184 1.68888476 103.00000000 -535.609434190260 6859 39487.980512
3.47979592 1.68888476 103.00000000 -535.609425493030 6860 39489.889334
3.50000000 1.68888476 103.00000000 -535.609417255624 6861 39491.697236
0.96446195 2.51000000 103.00000000 -535.723015013807 6862 14559.870676
0.96446195 2.52000000 103.00000000 -535.722525968982 6863 14667.203611
0.96446195 2.53000000 103.00000000 -535.722048912564 6864 14771.905394
0.96446195 2.54000000 103.00000000 -535.721583648674 6865 14874.019017
0.96446195 2.55000000 103.00000000 -535.721129976940 6866 14973.588455
0.96446195 2.56000000 103.00000000 -535.720687695476 6867 15070.658018
0.96446195 2.57000000 103.00000000 -535.720256600189 6868 15165.272499
0.96446195 2.58000000 103.00000000 -535.719836486811 6869 15257.476730
0.96446195 2.59000000 103.00000000 -535.719427147269 6870 15347.316376
0.96446195 2.60000000 103.00000000 -535.719028370904 6871 15434.837674
0.96446195 2.61000000 103.00000000 -535.718639951331 6872 15520.085918
0.96446195 2.62000000 103.00000000 -535.718261678546 6873 15603.107199
0.96446195 2.63000000 103.00000000 -535.717893344793 6874 15683.947116
0.96446195 2.64000000 103.00000000 -535.717534741573 6875 15762.651427
0.96446195 2.65000000 103.00000000 -535.717185661196 6876 15839.265715
0.96446195 2.66000000 103.00000000 -535.716845898607 6877 15913.834985
0.96446195 2.67000000 103.00000000 -535.716515247449 6878 15986.404528
0.96446195 2.68000000 103.00000000 -535.716193502067 6879 16057.019478
0.96446195 2.69000000 103.00000000 -535.715880466342 6880 16125.722880
0.96446195 2.70000000 103.00000000 -535.715575938395 6881 16192.559040
0.96446195 2.71000000 103.00000000 -535.715279721166 6882 16257.571208
0.96446195 2.72000000 103.00000000 -535.714991621430 6883 16320.801793
0.96446195 2.73000000 103.00000000 -535.714711445325 6884 16382.293341
0.96446195 2.74000000 103.00000000 -535.714439006928 6885 16442.086659
0.96446195 2.75000000 103.00000000 -535.714174118742 6886 16500.222897
0.96446195 2.76000000 103.00000000 -535.713916595898 6887 16556.742629
0.96446195 2.77000000 103.00000000 -535.713666260378 6888 16611.684926
0.96446195 2.78000000 103.00000000 -535.713422935002 6889 16665.088675
0.96446195 2.79000000 103.00000000 -535.713186443489 6890 16716.992563
0.96446195 2.80000000 103.00000000 -535.712956615822 6891 16767.433907
0.96446195 2.81000000 103.00000000 -535.712733283695 6892 16816.449644
0.96446195 2.82000000 103.00000000 -535.712516281623 6893 16864.076094
0.96446195 2.83000000 103.00000000 -535.712305447618 6894 16910.348811
0.96446195 2.84000000 103.00000000 -535.712100622563 6895 16955.302715
0.96446195 2.85000000 103.00000000 -535.711901650408 6896 16998.972056
0.96446195 2.86000000 103.00000000 -535.711708378046 6897 17041.390437
0.96446195 2.87000000 103.00000000 -535.711520655466 6898 17082.590782
0.96446195 2.88000000 103.00000000 -535.711338336026 6899 17122.605275
0.96446195 2.89000000 103.00000000 -535.711161275094 6900 17161.465658
0.96446195 2.90000000 103.00000000 -535.710989332371 6901 17199.202725
0.96446195 2.91000000 103.00000000 -535.710822369203 6902 17235.846905
0.96446195 2.92000000 103.00000000 -535.710660251045 6903 17271.427729
0.96446195 2.93000000 103.00000000 -535.710502845358 6904 17305.974284
0.96446195 2.94000000 103.00000000 -535.710350019785 6905 17339.515621
0.96446195 2.95000000 103.00000000 -535.710201657924 6906 17372.077287
0.96446195 2.96000000 103.00000000 -535.710057626389 6907 17403.688555
0.96446195 2.97000000 103.00000000 -535.709917807663 6908 17434.375219
0.96446195 2.98000000 103.00000000 -535.709782084315 6909 17464.163052
0.96446195 2.99000000 103.00000000 -535.709650340888 6910 17493.077392
0.96446195 3.00000000 103.00000000 -535.709522465482 6911 17521.142800
0.96446195 3.01000000 103.00000000 -535.709398348032 6912 17548.383432
0.96446195 3.02000000 103.00000000 -535.709277881831 6913 17574.822708
0.96446195 3.03000000 103.00000000 -535.709160962759 6914 17600.483479
0.96446195 3.04000000 103.00000000 -535.709047486987 6915 17625.388532
0.96446195 3.05000000 103.00000000 -535.708937361086 6916 17649.558374
0.96446195 3.06000000 103.00000000 -535.708830482487 6917 17673.015516
0.96446195 3.07000000 103.00000000 -535.708726759391 6918 17695.780105
0.96446195 3.08000000 103.00000000 -535.708626099376 6919 17717.872425
0.96446195 3.09000000 103.00000000 -535.708528413277 6920 17739.312046
0.96446195 3.10000000 103.00000000 -535.708433614089 6921 17760.118063
0.96446195 3.11000000 103.00000000 -535.708341616812 6922 17780.309132
0.96446195 3.12000000 103.00000000 -535.708252343528 6923 17799.902353
0.96446195 3.13000000 103.00000000 -535.708165704790 6924 17818.917359
0.96446195 3.14000000 103.00000000 -535.708081626995 6925 17837.370302
0.96446195 3.15000000 103.00000000 -535.708000033355 6926 17855.278036
0.96446195 3.16000000 103.00000000 -535.707920850564 6927 17872.656650
0.96446195 3.17000000 103.00000000 -535.707844005622 6928 17889.522166
0.96446195 3.18000000 103.00000000 -535.707769427709 6929 17905.890126
0.96446195 3.19000000 103.00000000 -535.707697051166 6930 17921.774942
0.96446195 3.20000000 103.00000000 -535.707626808070 6931 17937.191520
0.96446195 3.21000000 103.00000000 -535.707558627258 6932 17952.155479
0.96446195 3.22000000 103.00000000 -535.707492460008 6933 17966.677512
0.96446195 3.23000000 103.00000000 -535.707428237102 6934 17980.772810
0.96446195 3.24000000 103.00000000 -535.707365900208 6935 17994.454178
0.96446195 3.25000000 103.00000000 -535.707305391412 6936 18007.734323
0.96446195 3.26000000 103.00000000 -535.707246655239 6937 18020.625424
0.96446195 3.27000000 103.00000000 -535.707189636725 6938 18033.139541
0.96446195 3.28000000 103.00000000 -535.707134283586 6939 18045.288151
0.96446195 3.29000000 103.00000000 -535.707080543471 6940 18057.082743
0.96446195 3.30000000 103.00000000 -535.707028367695 6941 18068.534003
0.96446195 3.31000000 103.00000000 -535.706977706424 6942 18079.652867
0.96446195 3.32000000 103.00000000 -535.706928513046 6943 18090.449565
0.96446195 3.33000000 103.00000000 -535.706880741362 6944 18100.934238
0.96446195 3.34000000 103.00000000 -535.706834347678 6945 18111.116475
0.96446195 3.35000000 103.00000000 -535.706789266623 6946 18121.010623
0.96446195 3.36000000 103.00000000 -535.706745503802 6947 18130.615453
0.96446195 3.37000000 103.00000000 -535.706702990997 6948 18139.945935
0.96446195 3.38000000 103.00000000 -535.706661691310 6949 18149.010169
0.96446195 3.39000000 103.00000000 -535.706621565791 6950 18157.816702
0.96446195 3.40000000 103.00000000 -535.706582577789 6951 18166.373580
0.96446195 3.41000000 103.00000000 -535.706544691304 6952 18174.688702
0.96446195 3.42000000 103.00000000 -535.706507871438 6953 18182.769729
0.96446195 3.43000000 103.00000000 -535.706472084736 6954 18190.624002
0.96446195 3.44000000 103.00000000 -535.706437297352 6955 18198.258951
0.96446195 3.45000000 103.00000000 -535.706403477040 6956 18205.681651
0.96446195 3.46000000 103.00000000 -535.706370596209 6957 18212.898160
0.96446195 3.47000000 103.00000000 -535.706338623016 6958 18219.915465
0.96446195 3.48000000 103.00000000 -535.706307528763 6959 18226.739865
0.96446195 3.49000000 103.00000000 -535.706277285214 6960 18233.377556
0.96446195 3.50000000 103.00000000 -535.706247865569 6961 18239.834422