1000.00000000   -535.463800010809
100.00000000   -535.461059459550
10.00000000   -535.464038079856
1.00000000   -535.464637740798
1001.00000000   -535.448572815261
1002.00000000   -535.451572542616
1003.00000000   -535.414906790416
1004.00000000   -535.457141340175
1005.00000000   -535.434578065958
1006.00000000   -535.414525980921
1007.00000000   -535.444253643403
1008.00000000   -535.463853237128
1009.00000000   -535.428069536207
1010.00000000   -535.460325129281
101.00000000   -535.457698325269
1011.00000000   -535.445638686802
1012.00000000   -535.436197008497
1013.00000000   -535.453421466876
1014.00000000   -535.391407167639
1015.00000000   -535.460230480567
1016.00000000   -535.422732551234
1017.00000000   -535.419629889251
1018.00000000   -535.447272402265
1019.00000000   -535.422749927267
1020.00000000   -535.455199305246
102.00000000   -535.460368603883
1021.00000000   -535.454921452165
1022.00000000   -535.445422285190
1023.00000000   -535.456029351702
1024.00000000   -535.463512791571
1025.00000000   -535.456829098232
1026.00000000   -535.424290306817
1027.00000000   -535.419437650926
1028.00000000   -535.420084762426
1029.00000000   -535.433322569150
1030.00000000   -535.417585492492
103.00000000   -535.456242678994
1031.00000000   -535.441510624352
1032.00000000   -535.414751376393
1033.00000000   -535.459486025796
1034.00000000   -535.429653037226
1035.00000000   -535.425545165182
1036.00000000   -535.414452046090
1037.00000000   -535.460077538748
1038.00000000   -535.423438813598
1039.00000000   -535.421610987031
1040.00000000   -535.460955514590
104.00000000   -535.459631327857
1041.00000000   -535.432732589852
1042.00000000   -535.395198213609
1043.00000000   -535.435665312753
1044.00000000   -535.448854548883
1045.00000000   -535.438451344828
1046.00000000   -535.423948798963
1047.00000000   -535.459092224217
1048.00000000   -535.462348473374
1049.00000000   -535.440415791507
1050.00000000   -535.453304780288
105.00000000   -535.459246243700
1051.00000000   -535.416577557154
1052.00000000   -535.455631935922
1053.00000000   -535.458627127303
1054.00000000   -535.442534523118
1055.00000000   -535.399309283629
1056.00000000   -535.426129984870
1057.00000000   -535.437931185809
1058.00000000   -535.424788000865
1059.00000000   -535.447055794117
1060.00000000   -535.441651411175
106.00000000   -535.455451553236
1061.00000000   -535.450452983853
1062.00000000   -535.457796461585
1063.00000000   -535.463567533381
1064.00000000   -535.458242930061
1065.00000000   -535.410798327770
1066.00000000   -535.436286289080
1067.00000000   -535.462655924872
1068.00000000   -535.383359171953
1069.00000000   -535.451353767111
1070.00000000   -535.451160261248
107.00000000   -535.457170949804
1071.00000000   -535.374194786351
1072.00000000   -535.426236899997
1073.00000000   -535.431005339385
1074.00000000   -535.464188023442
1075.00000000   -535.386000870524
1076.00000000   -535.414554110775
1077.00000000   -535.456585478147
1078.00000000   -535.413801572649
1079.00000000   -535.435173427724
1080.00000000   -535.460974701010
108.00000000   -535.450818456323
1081.00000000   -535.460576007112
1082.00000000   -535.417942699074
1083.00000000   -535.460005167114
1084.00000000   -535.404461893307
1085.00000000   -535.459362782257
1086.00000000   -535.432393252928
1087.00000000   -535.422258764534
1088.00000000   -535.447338475698
1089.00000000   -535.445318328851
1090.00000000   -535.464213490915
109.00000000   -535.437670543380
1091.00000000   -535.415505361201
1092.00000000   -535.402844698324
1093.00000000   -535.462860136401
1094.00000000   -535.423775490475
1095.00000000   -535.459417282021
1096.00000000   -535.463264672329
1097.00000000   -535.446420231481
1098.00000000   -535.441306228144
1099.00000000   -535.373711575407
1100.00000000   -535.458229107121
110.00000000   -535.441366276749
11.00000000   -535.464081115140
1101.00000000   -535.461995520826
1102.00000000   -535.446484308329
1103.00000000   -535.422790376326
1104.00000000   -535.455361402575
1105.00000000   -535.436170739015
1106.00000000   -535.462139061580
1107.00000000   -535.440206158714
1108.00000000   -535.463201442228
1109.00000000   -535.404078031026
1110.00000000   -535.423307465656
111.00000000   -535.390452416434
1111.00000000   -535.441957139629
1112.00000000   -535.390717289193
1113.00000000   -535.459758400434
1114.00000000   -535.442882765354
1115.00000000   -535.455886412466
1116.00000000   -535.427631892953
1117.00000000   -535.410821876283
1118.00000000   -535.439094234304
1119.00000000   -535.451452456173
1120.00000000   -535.421410741982
112.00000000   -535.429698683372
1121.00000000   -535.443871487501
1122.00000000   -535.454044160219
1123.00000000   -535.445236246051
1124.00000000   -535.418617439282
1125.00000000   -535.442983977057
1126.00000000   -535.461840919502
1127.00000000   -535.430876453033
1128.00000000   -535.442876582777
1129.00000000   -535.459757876463
1130.00000000   -535.456365483568
113.00000000   -535.300843411751
1131.00000000   -535.426684176317
1132.00000000   -535.433229050731
1133.00000000   -535.318668937777
1134.00000000   -535.461997556106
1135.00000000   -535.399087073540
1136.00000000   -535.384992852073
1137.00000000   -535.451797324199
1138.00000000   -535.436289176397
1139.00000000   -535.422291136254
1140.00000000   -535.434574046869
114.00000000   -535.418520276439
1141.00000000   -535.429773296618
1142.00000000   -535.448092280277
1143.00000000   -535.463380933233
1144.00000000   -535.462943458269
1145.00000000   -535.449377339918
1146.00000000   -535.407955032939
1147.00000000   -535.398424196215
1148.00000000   -535.442271084434
1149.00000000   -535.461335107959
1150.00000000   -535.438766198839
115.00000000   -535.408517117038
1151.00000000   -535.429870859313
1152.00000000   -535.457146100939
1153.00000000   -535.456605387186
1154.00000000   -535.425827199794
1155.00000000   -535.440449298911
1156.00000000   -535.411054793245
1157.00000000   -535.463760740453
1158.00000000   -535.386746523024
1159.00000000   -535.445089463655
1160.00000000   -535.422743632281
1161.00000000   -535.463564260585
1162.00000000   -535.391595014216
1163.00000000   -535.451239046427
1164.00000000   -535.461413933644
1165.00000000   -535.461475179058
1166.00000000   -535.463415318772
1167.00000000   -535.428183807870
1168.00000000   -535.449610832295
1169.00000000   -535.381507162296
1170.00000000   -535.460879483582
117.00000000   -535.393339435793
1171.00000000   -535.443902573575
1172.00000000   -535.449511385756
1173.00000000   -535.463174661407
1174.00000000   -535.338474356262
1175.00000000   -535.452115994287
1176.00000000   -535.394800643886
1177.00000000   -535.462759212242
1178.00000000   -535.461723141292
1179.00000000   -535.423453089914
1180.00000000   -535.428913202676
1181.00000000   -535.463301734411
1182.00000000   -535.436848994225
1183.00000000   -535.385631064720
1184.00000000   -535.382534972833
1185.00000000   -535.446963376645
1186.00000000   -535.455548850963
1187.00000000   -535.452470241862
1188.00000000   -535.455299899034
1189.00000000   -535.435338287814
1190.00000000   -535.446183493736
1191.00000000   -535.422372141969
1192.00000000   -535.380164639684
1193.00000000   -535.444063786548
1194.00000000   -535.425060917226
1195.00000000   -535.456037733682
1196.00000000   -535.463820907267
1197.00000000   -535.367502148125
1198.00000000   -535.435061153402
1199.00000000   -535.461728233708
1200.00000000   -535.433246558925
120.00000000   -535.464601684622
12.00000000   -535.463760660425
1201.00000000   -535.440827325424
1202.00000000   -535.410285367873
1203.00000000   -535.393292930778
1204.00000000   -535.450342463858
1205.00000000   -535.417188171491
1206.00000000   -535.435562395533
1207.00000000   -535.426320933019
1208.00000000   -535.433218736181
1209.00000000   -535.446994035173
1210.00000000   -535.459458273649
121.00000000   -535.464615153624
1211.00000000   -535.448436289846
1212.00000000   -535.449665139990
1213.00000000   -535.433219035656
1214.00000000   -535.444120358969
1215.00000000   -535.408311128181
1216.00000000   -535.434493699035
1217.00000000   -535.420927117932
1218.00000000   -535.453598376450
1219.00000000   -535.409754149224
1220.00000000   -535.440071000523
122.00000000   -535.464507800416
1221.00000000   -535.455195995585
1222.00000000   -535.446144537519
1223.00000000   -535.463703583085
1224.00000000   -535.431629591162
1225.00000000   -535.425437799139
1226.00000000   -535.445272839489
1227.00000000   -535.439097197943
1228.00000000   -535.430946136972
1229.00000000   -535.436762822975
1230.00000000   -535.449052399153
123.00000000   -535.464533115742
1231.00000000   -535.449565398747
1232.00000000   -535.437526063416
1233.00000000   -535.359070340210
1234.00000000   -535.463285030697
1235.00000000   -535.447798964897
1236.00000000   -535.405282944326
1237.00000000   -535.442606747019
1238.00000000   -535.388020923233
1239.00000000   -535.445104716356
1240.00000000   -535.447497356010
124.00000000   -535.464439429743
1241.00000000   -535.462682510405
1242.00000000   -535.457416524089
1243.00000000   -535.442468794913
1244.00000000   -535.463216757802
1245.00000000   -535.440785388731
1246.00000000   -535.425852346467
1247.00000000   -535.437110622449
1248.00000000   -535.423018865008
1249.00000000   -535.406239093620
1250.00000000   -535.434177566818
125.00000000   -535.464469552620
1251.00000000   -535.411498985892
1252.00000000   -535.443562546520
1253.00000000   -535.431776828982
1254.00000000   -535.450851617934
1255.00000000   -535.399474216418
1256.00000000   -535.389192396849
1257.00000000   -535.417318639061
1258.00000000   -535.447125463017
1259.00000000   -535.437884912209
1260.00000000   -535.458101916810
126.00000000   -535.464356911514
1261.00000000   -535.436629700837
1262.00000000   -535.454546405528
1263.00000000   -535.426323263734
1264.00000000   -535.394956891702
1265.00000000   -535.458375378550
1266.00000000   -535.450054009064
1267.00000000   -535.449570919582
1268.00000000   -535.448599365643
1269.00000000   -535.460828044060
1270.00000000   -535.366474891351
127.00000000   -535.464390827596
1271.00000000   -535.456435446439
1272.00000000   -535.423051085436
1273.00000000   -535.449757942257
1274.00000000   -535.411107879308
1275.00000000   -535.436175214364
1276.00000000   -535.430527117089
1277.00000000   -535.451285542004
1278.00000000   -535.449150469511
1279.00000000   -535.460030395326
1280.00000000   -535.426378437131
128.00000000   -535.464149849788
1281.00000000   -535.452895179932
1282.00000000   -535.430077164833
1283.00000000   -535.445791882826
1284.00000000   -535.457959382311
1285.00000000   -535.464278017640
1286.00000000   -535.459539490495
1287.00000000   -535.427194795550
1288.00000000   -535.449734920411
1289.00000000   -535.376525669459
1290.00000000   -535.455264974947
129.00000000   -535.463922340853
1291.00000000   -535.418087691690
1292.00000000   -535.379497778018
1293.00000000   -535.459347020145
1294.00000000   -535.413507004194
1295.00000000   -535.443341656705
1296.00000000   -535.445852435776
1297.00000000   -535.435197454538
1298.00000000   -535.406266346786
1299.00000000   -535.439845879193
1300.00000000   -535.433594516137
130.00000000   -535.463887455583
13.00000000   -535.463848104012
1301.00000000   -535.388009613517
1302.00000000   -535.456530508923
1303.00000000   -535.448125996642
1304.00000000   -535.446907546573
1305.00000000   -535.429329261293
1306.00000000   -535.451746725889
1307.00000000   -535.402195989891
1308.00000000   -535.406295488793
1309.00000000   -535.462013411909
1310.00000000   -535.464051783394
131.00000000   -535.463922340853
1311.00000000   -535.446282371958
1312.00000000   -535.437854947921
1313.00000000   -535.450088006619
1314.00000000   -535.446117988597
1315.00000000   -535.444671428656
1316.00000000   -535.428500656904
1317.00000000   -535.437599155810
1318.00000000   -535.457618691622
1319.00000000   -535.442579941845
1320.00000000   -535.401195538647
132.00000000   -535.462994986321
1321.00000000   -535.400878475480
1322.00000000   -535.462981989361
1323.00000000   -535.460560074216
1324.00000000   -535.454655703986
1325.00000000   -535.419679043700
1326.00000000   -535.426724197809
1327.00000000   -535.458927825325
1328.00000000   -535.391586510577
1329.00000000   -535.395187096133
1330.00000000   -535.458762958762
133.00000000   -535.462983880257
1331.00000000   -535.448867250276
1332.00000000   -535.424776046878
1333.00000000   -535.438922576101
1334.00000000   -535.412493382995
1335.00000000   -535.365879942101
1336.00000000   -535.452006806506
1337.00000000   -535.437407862300
1338.00000000   -535.455191294636
1339.00000000   -535.455126469220
1340.00000000   -535.453581256322
134.00000000   -535.461642230669
1341.00000000   -535.462857267704
1342.00000000   -535.443546087371
1343.00000000   -535.441216506575
1344.00000000   -535.444282593848
1345.00000000   -535.431806614870
1346.00000000   -535.444582987306
1347.00000000   -535.461423328394
1348.00000000   -535.456946985498
1349.00000000   -535.452795628941
1350.00000000   -535.463707872304
135.00000000   -535.460243101129
1351.00000000   -535.450855126576
1352.00000000   -535.454353752144
1353.00000000   -535.399691712800
1354.00000000   -535.421575369567
1355.00000000   -535.446411724497
1356.00000000   -535.391081807236
1357.00000000   -535.433724290247
1358.00000000   -535.431506114580
1359.00000000   -535.444237617081
1360.00000000   -535.431743508444
136.00000000   -535.459885709713
1361.00000000   -535.455863758954
1362.00000000   -535.438818226845
1363.00000000   -535.458032047957
1364.00000000   -535.459475353032
1365.00000000   -535.459423066208
1366.00000000   -535.451540044299
1367.00000000   -535.438801197009
1368.00000000   -535.365802443122
1369.00000000   -535.433939775811
1370.00000000   -535.397070376958
137.00000000   -535.458412042092
1371.00000000   -535.427229525635
1372.00000000   -535.460608098014
1373.00000000   -535.440048892903
1374.00000000   -535.346605632087
1375.00000000   -535.460797460506
1376.00000000   -535.359389312516
1377.00000000   -535.401841490502
1378.00000000   -535.451881604848
1379.00000000   -535.451915755607
1380.00000000   -535.396583730148
138.00000000   -535.457702834325
1381.00000000   -535.464507878562
1382.00000000   -535.450955317655
1383.00000000   -535.392292235428
1384.00000000   -535.400803272607
1385.00000000   -535.421641716754
1386.00000000   -535.423324967732
1387.00000000   -535.433760612724
1388.00000000   -535.447410720672
1389.00000000   -535.460689542846
1390.00000000   -535.439192883589
139.00000000   -535.456297340137
1391.00000000   -535.438513779143
1392.00000000   -535.455904854433
1393.00000000   -535.463223088728
1394.00000000   -535.418379758125
1395.00000000   -535.450388264703
1396.00000000   -535.450068927812
1397.00000000   -535.455729838764
1398.00000000   -535.455301529820
1399.00000000   -535.451730634009
1400.00000000   -535.462064826818
140.00000000   -535.455082208793
14.00000000   -535.463426387352
1401.00000000   -535.443738179656
1402.00000000   -535.462452186760
1403.00000000   -535.463842251493
1404.00000000   -535.441525212448
1405.00000000   -535.380386381390
1406.00000000   -535.451055720318
1407.00000000   -535.455171408767
1408.00000000   -535.437897363963
1409.00000000   -535.439322201147
1410.00000000   -535.444566451587
141.00000000   -535.453914600054
1411.00000000   -535.442285905890
1412.00000000   -535.436640170280
1413.00000000   -535.451308061199
1414.00000000   -535.449424068724
1415.00000000   -535.419181179109
1416.00000000   -535.444886265719
1417.00000000   -535.456216657300
1418.00000000   -535.437481516977
1419.00000000   -535.420400841307
1420.00000000   -535.341564469267
142.00000000   -535.452012327802
1421.00000000   -535.440045744862
1422.00000000   -535.449650022842
1423.00000000   -535.450043443792
1424.00000000   -535.444530812752
1425.00000000   -535.418603796971
1426.00000000   -535.455491681040
1427.00000000   -535.426015833476
1428.00000000   -535.430115228515
1429.00000000   -535.452754963652
1430.00000000   -535.462999466797
143.00000000   -535.451280177177
1431.00000000   -535.425534203762
1432.00000000   -535.446869181963
1433.00000000   -535.460636538952
1434.00000000   -535.455285552082
1435.00000000   -535.458610951503
1436.00000000   -535.462399875299
1437.00000000   -535.440931678931
1438.00000000   -535.420018749381
1439.00000000   -535.434449997606
1440.00000000   -535.439501798220
144.00000000   -535.448481253292
1441.00000000   -535.460179797186
1442.00000000   -535.434275470623
1443.00000000   -535.437469490399
1444.00000000   -535.429124184902
1445.00000000   -535.462375402426
1446.00000000   -535.421245255353
1447.00000000   -535.410066978368
1448.00000000   -535.433345337046
1449.00000000   -535.411275219032
1450.00000000   -535.463686419548
145.00000000   -535.448411304237
1451.00000000   -535.450574759009
1452.00000000   -535.459480002886
1453.00000000   -535.464100121272
1454.00000000   -535.431434913005
1455.00000000   -535.426603816249
1456.00000000   -535.442703383755
1457.00000000   -535.449875116534
1458.00000000   -535.432298690235
1459.00000000   -535.420728491663
1460.00000000   -535.455177983284
146.00000000   -535.444476107239
1461.00000000   -535.462837714832
1462.00000000   -535.427566624275
1463.00000000   -535.425399638098
1464.00000000   -535.446569095151
1465.00000000   -535.454104922545
1466.00000000   -535.457489373573
1467.00000000   -535.453013329203
1468.00000000   -535.447585739961
1469.00000000   -535.431543059005
1470.00000000   -535.446458242584
147.00000000   -535.442044426469
1471.00000000   -535.436349158506
1472.00000000   -535.463096405323
1473.00000000   -535.439964594546
1474.00000000   -535.430724630345
1475.00000000   -535.464457087196
1476.00000000   -535.402795766324
1477.00000000   -535.410549543039
1478.00000000   -535.459581188587
1479.00000000   -535.454628736708
1480.00000000   -535.445560256703
148.00000000   -535.434982396365
1481.00000000   -535.462592443520
1482.00000000   -535.462942713305
1483.00000000   -535.459167139198
1484.00000000   -535.451186830433
1485.00000000   -535.439723188563
1486.00000000   -535.441859317593
1487.00000000   -535.413103719136
1488.00000000   -535.412370115898
1489.00000000   -535.374676856965
1490.00000000   -535.457492082547
149.00000000   -535.434975542544
1491.00000000   -535.453200745911
1492.00000000   -535.462397882737
1493.00000000   -535.453880138831
1494.00000000   -535.426397218803
1495.00000000   -535.454975697060
1496.00000000   -535.430698782618
1497.00000000   -535.458135459599
1498.00000000   -535.464413609642
1499.00000000   -535.449505040144
1500.00000000   -535.458553528175
150.00000000   -535.423369883120
15.00000000   -535.463577827133
1501.00000000   -535.444880500791
1502.00000000   -535.445071394836
1503.00000000   -535.432403641640
1504.00000000   -535.461363937607
1505.00000000   -535.449630908766
1506.00000000   -535.458240456105
1507.00000000   -535.374441028283
1508.00000000   -535.448618535058
1509.00000000   -535.446082405127
1510.00000000   -535.464472332057
151.00000000   -535.427392407076
1511.00000000   -535.442932252797
1512.00000000   -535.462219220686
1513.00000000   -535.451495974197
1514.00000000   -535.446545035668
1515.00000000   -535.446843675522
1516.00000000   -535.439254141998
1517.00000000   -535.414835343686
1518.00000000   -535.430476309895
1519.00000000   -535.450174803883
1520.00000000   -535.425888496459
152.00000000   -535.409363087348
1521.00000000   -535.454504843025
1522.00000000   -535.464259320717
1523.00000000   -535.464132726078
1524.00000000   -535.447348681213
1525.00000000   -535.446381601524
1526.00000000   -535.413091843122
1527.00000000   -535.461039957512
1528.00000000   -535.425458290057
1529.00000000   -535.458601297761
1530.00000000   -535.437547162672
153.00000000   -535.419518038059
1531.00000000   -535.408115048931
1532.00000000   -535.457232311006
1533.00000000   -535.454665321480
1534.00000000   -535.454428744654
1535.00000000   -535.456802186107
1536.00000000   -535.430281719841
1537.00000000   -535.458827556526
1538.00000000   -535.373079063747
1539.00000000   -535.433162251182
1540.00000000   -535.415991978753
154.00000000   -535.392458518257
1541.00000000   -535.447773784206
1542.00000000   -535.462872702620
1543.00000000   -535.453595832007
1544.00000000   -535.420827526089
1545.00000000   -535.462321736015
1546.00000000   -535.405224542949
1547.00000000   -535.446675166779
1548.00000000   -535.414116308652
1549.00000000   -535.429563217273
1550.00000000   -535.454768268825
155.00000000   -535.411621825537
1551.00000000   -535.420680925927
1552.00000000   -535.440529116215
1553.00000000   -535.426286987490
1554.00000000   -535.421265129339
1555.00000000   -535.408724219989
1556.00000000   -535.462759485500
1557.00000000   -535.453420889800
1558.00000000   -535.409409904018
1559.00000000   -535.440645542741
1560.00000000   -535.423258196774
156.00000000   -535.371749169475
1561.00000000   -535.461832288278
1562.00000000   -535.438850482131
1563.00000000   -535.435649150569
1564.00000000   -535.456224472091
1565.00000000   -535.412905437789
1566.00000000   -535.415236356281
1567.00000000   -535.427758165332
1568.00000000   -535.419074330155
1569.00000000   -535.429791600522
1570.00000000   -535.400102709364
157.00000000   -535.397140204930
1571.00000000   -535.463587599697
1572.00000000   -535.372077670522
1573.00000000   -535.434110675795
1574.00000000   -535.443282571577
1575.00000000   -535.414367303769
1576.00000000   -535.455993494151
1577.00000000   -535.426013169351
1578.00000000   -535.411052238697
1579.00000000   -535.459913373902
1580.00000000   -535.447617165299
158.00000000   -535.311840109788
1581.00000000   -535.459830569763
1582.00000000   -535.411784215435
1583.00000000   -535.417645746577
1584.00000000   -535.435854546908
1585.00000000   -535.406177119613
1586.00000000   -535.429193848213
1587.00000000   -535.440267702657
1588.00000000   -535.444136628370
1589.00000000   -535.433640210919
1590.00000000   -535.421027494937
159.00000000   -535.387298208750
1591.00000000   -535.463480539027
1592.00000000   -535.464150666893
1593.00000000   -535.406674673117
1594.00000000   -535.434791507271
1595.00000000   -535.444547318578
1596.00000000   -535.457251531931
1597.00000000   -535.446339320242
1598.00000000   -535.443841674777
1599.00000000   -535.458341036023
1600.00000000   -535.396229357451
160.00000000   -535.205829388132
16.00000000   -535.463033273532
1601.00000000   -535.459357836787
1602.00000000   -535.432305319691
1603.00000000   -535.417987490279
1604.00000000   -535.436684111412
1605.00000000   -535.458205718928
1606.00000000   -535.423004086994
1607.00000000   -535.376053029313
1608.00000000   -535.459473222097
1609.00000000   -535.462808022595
1610.00000000   -535.428338890186
161.00000000   -535.385056309828
1611.00000000   -535.390767214559
1612.00000000   -535.433131619478
1613.00000000   -535.455580348384
1614.00000000   -535.388536463795
1615.00000000   -535.372403336466
1616.00000000   -535.462859182720
1617.00000000   -535.463606684539
1618.00000000   -535.455351344080
1619.00000000   -535.455789288180
1620.00000000   -535.420679273392
162.00000000   -535.020780135110
1621.00000000   -535.433895992557
1622.00000000   -535.395355307650
1623.00000000   -535.437994107327
1624.00000000   -535.456085771113
1625.00000000   -535.417926717504
1626.00000000   -535.422876335507
1627.00000000   -535.431348646971
1628.00000000   -535.450681028755
1629.00000000   -535.380036376500
1630.00000000   -535.422460794466
163.00000000   -535.462558368615
1631.00000000   -535.386862248911
1632.00000000   -535.423040514652
1633.00000000   -535.464463564425
1634.00000000   -535.415351685264
1635.00000000   -535.451928616177
1636.00000000   -535.433502863517
1637.00000000   -535.462125915647
1638.00000000   -535.453103750320
1639.00000000   -535.443282014077
1640.00000000   -535.409051889746
164.00000000   -535.460033390712
1641.00000000   -535.418106161159
1642.00000000   -535.463837722877
1643.00000000   -535.463220160661
1644.00000000   -535.382708861730
1645.00000000   -535.437911232819
1646.00000000   -535.446242583457
1647.00000000   -535.437730696959
1648.00000000   -535.409410576513
1649.00000000   -535.426856628590
1650.00000000   -535.424377698691
165.00000000   -535.439893305814
1651.00000000   -535.443108741495
1652.00000000   -535.436472978513
1653.00000000   -535.444925124136
1654.00000000   -535.428494464313
1655.00000000   -535.448439806498
1656.00000000   -535.398561389637
1657.00000000   -535.421934730144
1658.00000000   -535.460531628387
1659.00000000   -535.462298319601
1660.00000000   -535.369696040414
166.00000000   -535.451748534433
1661.00000000   -535.447448570572
1662.00000000   -535.402499752966
1663.00000000   -535.448801235681
1664.00000000   -535.441274678888
1665.00000000   -535.434615185153
1666.00000000   -535.457681337633
1667.00000000   -535.459897344128
1668.00000000   -535.430338808509
1669.00000000   -535.412399996983
1670.00000000   -535.457511079645
167.00000000   -535.427036219604
1671.00000000   -535.441914371650
1672.00000000   -535.431794791167
1673.00000000   -535.414512038201
1674.00000000   -535.436746887174
1675.00000000   -535.429247378941
1676.00000000   -535.458833311040
1677.00000000   -535.462119060838
1678.00000000   -535.379841469934
1679.00000000   -535.462345832613
1680.00000000   -535.402091486948
168.00000000   -535.412192384253
1681.00000000   -535.445827830848
1682.00000000   -535.452635065582
1683.00000000   -535.463204936252
1684.00000000   -535.428452056544
1685.00000000   -535.436391567313
1686.00000000   -535.382172360364
1687.00000000   -535.431886789571
1688.00000000   -535.425412459422
1689.00000000   -535.450091085960
1690.00000000   -535.360018926959
169.00000000   -535.454624146107
1691.00000000   -535.429673481448
1692.00000000   -535.450975226015
1693.00000000   -535.375961626163
1694.00000000   -535.446963784820
1695.00000000   -535.462553935666
1696.00000000   -535.402252062065
1697.00000000   -535.458645406539
1698.00000000   -535.368678582558
1699.00000000   -535.400301643766
1700.00000000   -535.344972333120
170.00000000   -535.403337853513
17.00000000   -535.463271612071
1701.00000000   -535.436112774110
1702.00000000   -535.451661543618
1703.00000000   -535.418757517665
1704.00000000   -535.460646741157
1705.00000000   -535.436535202122
1706.00000000   -535.461476961910
1707.00000000   -535.403204421835
1708.00000000   -535.459710732831
1709.00000000   -535.317634665609
1710.00000000   -535.453528790068
171.00000000   -535.462166757000
1711.00000000   -535.446233822175
1712.00000000   -535.446548145635
1713.00000000   -535.456139379014
1714.00000000   -535.453095158196
1715.00000000   -535.400538085447
1716.00000000   -535.442596866735
1717.00000000   -535.429505416122
1718.00000000   -535.458399870311
1719.00000000   -535.415270484703
1720.00000000   -535.429621499756
172.00000000   -535.449630930134
1721.00000000   -535.388276397818
1722.00000000   -535.360546810928
1723.00000000   -535.454596595542
1724.00000000   -535.452643346924
1725.00000000   -535.429403822133
1726.00000000   -535.403131944401
1727.00000000   -535.453875410784
1728.00000000   -535.448876204260
1729.00000000   -535.414338420424
1730.00000000   -535.443970016641
173.00000000   -535.457102692898
1731.00000000   -535.416546314611
1732.00000000   -535.428780883283
1733.00000000   -535.461988024393
1734.00000000   -535.428428748815
1735.00000000   -535.416149969818
1736.00000000   -535.424028955632
1737.00000000   -535.386489720078
1738.00000000   -535.461672218894
1739.00000000   -535.437692865719
1740.00000000   -535.394874959192
174.00000000   -535.448445491440
1741.00000000   -535.437141796123
1742.00000000   -535.441181271546
1743.00000000   -535.438385698065
1744.00000000   -535.321826243701
1745.00000000   -535.437724626348
1746.00000000   -535.434208883588
1747.00000000   -535.412275507355
1748.00000000   -535.456560867283
1749.00000000   -535.371243712316
1750.00000000   -535.439590196901
175.00000000   -535.419195828564
1751.00000000   -535.424249807572
1752.00000000   -535.444286171883
1753.00000000   -535.435644255594
1754.00000000   -535.452602772485
1755.00000000   -535.427690746939
1756.00000000   -535.418646432584
1757.00000000   -535.436738321358
1758.00000000   -535.445840131843
1759.00000000   -535.458880587771
1760.00000000   -535.457938852201
176.00000000   -535.396358668890
1761.00000000   -535.424376675608
1762.00000000   -535.462379782888
1763.00000000   -535.452011729639
1764.00000000   -535.439524595249
1765.00000000   -535.420431643300
1766.00000000   -535.448628442905
1767.00000000   -535.457385572344
1768.00000000   -535.403212062238
1769.00000000   -535.429985550346
1770.00000000   -535.456694651544
177.00000000   -535.434953839495
1771.00000000   -535.411705818297
1772.00000000   -535.461540229390
1773.00000000   -535.445044194259
1774.00000000   -535.454794050752
1775.00000000   -535.448768200680
1776.00000000   -535.463376197915
1777.00000000   -535.460061645492
1778.00000000   -535.438423005212
1779.00000000   -535.440569993959
1780.00000000   -535.406417855400
178.00000000   -535.437352381066
1781.00000000   -535.413867449759
1782.00000000   -535.420148324865
1783.00000000   -535.293745901729
1784.00000000   -535.442013248525
1785.00000000   -535.460242688159
1786.00000000   -535.464473131936
1787.00000000   -535.463959598277
1788.00000000   -535.460629313641
1789.00000000   -535.429826927210
1790.00000000   -535.440828980493
179.00000000   -535.417216475155
1791.00000000   -535.449083302982
1792.00000000   -535.456471267830
1793.00000000   -535.448946165471
1794.00000000   -535.464587877261
1795.00000000   -535.416485002330
1796.00000000   -535.464344749246
1797.00000000   -535.450542949334
1798.00000000   -535.460976118269
1799.00000000   -535.422827309717
1800.00000000   -535.436559891571
180.00000000   -535.462845858024
18.00000000   -535.462579268439
1801.00000000   -535.416271436785
1802.00000000   -535.430518534130
1803.00000000   -535.461786046718
1804.00000000   -535.453831390101
1805.00000000   -535.430105949422
1806.00000000   -535.404577871920
1807.00000000   -535.464283979229
1808.00000000   -535.444233599469
1809.00000000   -535.444042688411
1810.00000000   -535.459505074130
181.00000000   -535.418543676186
1811.00000000   -535.442282348799
1812.00000000   -535.424788634326
1813.00000000   -535.461201847690
1814.00000000   -535.304428284920
1815.00000000   -535.348316926565
1816.00000000   -535.421028211300
1817.00000000   -535.458268952913
1818.00000000   -535.443747303441
1819.00000000   -535.401475333637
1820.00000000   -535.447458397276
182.00000000   -535.460704114787
1821.00000000   -535.324034253819
1822.00000000   -535.438839802572
1823.00000000   -535.447396067838
1824.00000000   -535.455214701364
1825.00000000   -535.449767063348
1826.00000000   -535.455389902389
1827.00000000   -535.450704554903
1828.00000000   -535.422359537911
1829.00000000   -535.451642803462
1830.00000000   -535.441864805121
183.00000000   -535.459881464287
1831.00000000   -535.380630249707
1832.00000000   -535.425098970106
1833.00000000   -535.460498470498
1834.00000000   -535.425277356169
1835.00000000   -535.428743483804
1836.00000000   -535.456318269131
1837.00000000   -535.429045527443
1838.00000000   -535.458732078151
1839.00000000   -535.440350559565
1840.00000000   -535.461026442171
184.00000000   -535.381727568687
1841.00000000   -535.458233305411
1842.00000000   -535.433377081799
1843.00000000   -535.463194846786
1844.00000000   -535.420293312030
1845.00000000   -535.424819727932
1846.00000000   -535.464628151001
1847.00000000   -535.454273947532
1848.00000000   -535.441678318418
1849.00000000   -535.447627709589
1850.00000000   -535.454531091752
185.00000000   -535.439225755092
1851.00000000   -535.441771571659
1852.00000000   -535.444972568699
1853.00000000   -535.442210822081
1854.00000000   -535.443180006973
1855.00000000   -535.450766449821
1856.00000000   -535.462901802414
1857.00000000   -535.436393201245
1858.00000000   -535.435725091566
1859.00000000   -535.457094160162
1860.00000000   -535.365305257155
186.00000000   -535.412687202259
1861.00000000   -535.447964215799
1862.00000000   -535.456068013247
1863.00000000   -535.441263634270
1864.00000000   -535.446210996515
1865.00000000   -535.455171695597
1866.00000000   -535.403279953281
1867.00000000   -535.459473248687
1868.00000000   -535.450852208996
1869.00000000   -535.462144555631
1870.00000000   -535.424367610666
187.00000000   -535.411955731896
1871.00000000   -535.436881940287
1872.00000000   -535.428424694295
1873.00000000   -535.454770881310
1874.00000000   -535.458711564230
1875.00000000   -535.461010259540
1876.00000000   -535.445207769927
1877.00000000   -535.449927232371
1878.00000000   -535.417111283055
1879.00000000   -535.407246459594
1880.00000000   -535.454477256824
188.00000000   -535.446785021676
1881.00000000   -535.464020367130
1882.00000000   -535.409656743224
1883.00000000   -535.450125801533
1884.00000000   -535.461151404417
1885.00000000   -535.388942158286
1886.00000000   -535.459508694119
1887.00000000   -535.447204738934
1888.00000000   -535.448547024417
1889.00000000   -535.447320954415
1890.00000000   -535.413117839553
189.00000000   -535.464629998689
1891.00000000   -535.434781976960
1892.00000000   -535.400861195633
1893.00000000   -535.464152863043
1894.00000000   -535.437588506846
1895.00000000   -535.463204301544
1896.00000000   -535.428063825260
1897.00000000   -535.433344278337
1898.00000000   -535.394925429187
1899.00000000   -535.446805692678
1900.00000000   -535.424497337784
190.00000000   -535.424604443717
19.00000000   -535.462930746322
1901.00000000   -535.434449685679
1902.00000000   -535.449413589875
1903.00000000   -535.398788890087
1904.00000000   -535.441185304276
1905.00000000   -535.457189248080
1906.00000000   -535.431971665654
1907.00000000   -535.452087418174
1908.00000000   -535.444445016328
1909.00000000   -535.442628707409
1910.00000000   -535.419879350752
191.00000000   -535.458966865985
1911.00000000   -535.454981578669
1912.00000000   -535.445893670832
1913.00000000   -535.446659717203
1914.00000000   -535.447783271331
1915.00000000   -535.436813256602
1916.00000000   -535.442512638533
1917.00000000   -535.445622200229
1918.00000000   -535.444738472469
1919.00000000   -535.436066285188
1920.00000000   -535.456285712954
192.00000000   -535.439328864194
1921.00000000   -535.445718945427
1922.00000000   -535.456424905116
1923.00000000   -535.456090879575
1924.00000000   -535.462026472201
1925.00000000   -535.433051940978
1926.00000000   -535.376089752938
1927.00000000   -535.447996591981
1928.00000000   -535.425154249713
1929.00000000   -535.436673465221
1930.00000000   -535.448494566766
193.00000000   -535.440500696251
1931.00000000   -535.387884146574
1932.00000000   -535.449901974998
1933.00000000   -535.424225184042
1934.00000000   -535.446692135790
1935.00000000   -535.421250659325
1936.00000000   -535.375671840228
1937.00000000   -535.451703088497
1938.00000000   -535.460744737218
1939.00000000   -535.460728760789
1940.00000000   -535.449427115991
194.00000000   -535.449533399130
1941.00000000   -535.453265993705
1942.00000000   -535.448101263307
1943.00000000   -535.420216736068
1944.00000000   -535.430291248124
1945.00000000   -535.437611675885
1946.00000000   -535.457683554511
1947.00000000   -535.406054800587
1948.00000000   -535.421299329966
1949.00000000   -535.417021422001
1950.00000000   -535.432593005169
195.00000000   -535.424559006379
1951.00000000   -535.407098804368
1952.00000000   -535.428166617018
1953.00000000   -535.435326530780
1954.00000000   -535.459430282760
1955.00000000   -535.436312513704
1956.00000000   -535.440966702894
1957.00000000   -535.372121495770
1958.00000000   -535.430214370932
1959.00000000   -535.448612841570
1960.00000000   -535.452254107431
196.00000000   -535.434049148180
1961.00000000   -535.455036722036
1962.00000000   -535.464143409088
1963.00000000   -535.434526924421
1964.00000000   -535.456151431121
1965.00000000   -535.429120263404
1966.00000000   -535.453913244969
1967.00000000   -535.454704801538
1968.00000000   -535.431864091626
1969.00000000   -535.447975987392
1970.00000000   -535.433997508349
197.00000000   -535.460464454583
1971.00000000   -535.445186524338
1972.00000000   -535.411300703189
1973.00000000   -535.463316670359
1974.00000000   -535.432126223507
1975.00000000   -535.441110492359
1976.00000000   -535.438428158073
1977.00000000   -535.447276310713
1978.00000000   -535.425220511183
1979.00000000   -535.412455589050
1980.00000000   -535.425174512434
198.00000000   -535.422834993099
1981.00000000   -535.461309647091
1982.00000000   -535.459887110569
1983.00000000   -535.450858242382
1984.00000000   -535.453634495918
1985.00000000   -535.435125308018
1986.00000000   -535.460441260106
1987.00000000   -535.455340827584
1988.00000000   -535.452552805338
1989.00000000   -535.423431146468
1990.00000000   -535.457996902685
199.00000000   -535.369434096948
1991.00000000   -535.424891122928
1992.00000000   -535.455200476958
1993.00000000   -535.450063682542
1994.00000000   -535.425919727361
1995.00000000   -535.459134659505
1996.00000000   -535.460763688282
1997.00000000   -535.455676233941
1998.00000000   -535.448853706805
1999.00000000   -535.448802639417
2000.00000000   -535.441177359956
200.00000000   -535.459814652370
20.00000000   -535.462062256126
2.00000000   -535.464616859733
2001.00000000   -535.455458040368
2002.00000000   -535.446010878112
2003.00000000   -535.460528816803
2004.00000000   -535.451052860495
2005.00000000   -535.452718705678
2006.00000000   -535.457803621284
2007.00000000   -535.428313650258
2008.00000000   -535.453997077285
2009.00000000   -535.445356580247
2010.00000000   -535.421878524521
201.00000000   -535.447775925113
2011.00000000   -535.430830655241
2012.00000000   -535.437543822022
2013.00000000   -535.462957470777
2014.00000000   -535.414195084792
2015.00000000   -535.406689916518
2016.00000000   -535.438158810858
2017.00000000   -535.459487670701
2018.00000000   -535.440584454254
2019.00000000   -535.438379067484
2020.00000000   -535.459241672920
202.00000000   -535.446568291024
2021.00000000   -535.418324814424
2022.00000000   -535.430885024110
2023.00000000   -535.419040949657
2024.00000000   -535.424295850182
2025.00000000   -535.425946632030
2026.00000000   -535.429250691763
2027.00000000   -535.427893708064
2028.00000000   -535.446528294494
2029.00000000   -535.447929548312
2030.00000000   -535.456462529814
203.00000000   -535.395651989269
2031.00000000   -535.422599634388
2032.00000000   -535.450018019721
2033.00000000   -535.449654380422
2034.00000000   -535.396530974889
2035.00000000   -535.407826872662
2036.00000000   -535.439765941262
2037.00000000   -535.456354811211
2038.00000000   -535.445322112740
2039.00000000   -535.452257355120
2040.00000000   -535.462475696302
204.00000000   -535.424992190469
2041.00000000   -535.427353282505
2042.00000000   -535.460135141034
2043.00000000   -535.446116941226
2044.00000000   -535.429133477263
2045.00000000   -535.430993938494
2046.00000000   -535.414686542142
2047.00000000   -535.443077392287
2048.00000000   -535.448463492236
2049.00000000   -535.451190274803
2050.00000000   -535.433973351985
205.00000000   -535.437391327817
2051.00000000   -535.415323914202
2052.00000000   -535.462807935859
2053.00000000   -535.458845761660
2054.00000000   -535.462703666295
2055.00000000   -535.452337340138
2056.00000000   -535.457006416097
2057.00000000   -535.444582756476
2058.00000000   -535.417212453280
2059.00000000   -535.461379825189
2060.00000000   -535.439910040210
206.00000000   -535.434254136897
2061.00000000   -535.459675598419
2062.00000000   -535.383372717067
2063.00000000   -535.440781557460
2064.00000000   -535.432855800463
2065.00000000   -535.464502760600
2066.00000000   -535.436598187892
2067.00000000   -535.454597535999
2068.00000000   -535.455447081346
2069.00000000   -535.459532078184
2070.00000000   -535.411304903070
207.00000000   -535.453335558460
2071.00000000   -535.439710654947
2072.00000000   -535.394285152068
2073.00000000   -535.454700806945
2074.00000000   -535.447968380032
2075.00000000   -535.416386970928
2076.00000000   -535.454527388669
2077.00000000   -535.456539945440
2078.00000000   -535.430208126705
2079.00000000   -535.457145544717
2080.00000000   -535.447379385596
208.00000000   -535.386190886220
2081.00000000   -535.459933654396
2082.00000000   -535.410236193515
2083.00000000   -535.434397425899
2084.00000000   -535.436298845194
2085.00000000   -535.445586419219
2086.00000000   -535.438339443453
2087.00000000   -535.415374195834
2088.00000000   -535.434655008724
2089.00000000   -535.439073871706
2090.00000000   -535.448728897578
209.00000000   -535.446776770271
2091.00000000   -535.432447104076
2092.00000000   -535.441340167423
2093.00000000   -535.439803070686
2094.00000000   -535.449496307718
2095.00000000   -535.454971166500
2096.00000000   -535.390698371000
2097.00000000   -535.450318078083
2098.00000000   -535.417292519495
2099.00000000   -535.455498551784
2100.00000000   -535.400822911093
210.00000000   -535.447860236211
21.00000000   -535.462556478425
2101.00000000   -535.438932598567
2102.00000000   -535.442664887042
2103.00000000   -535.449665979908
2104.00000000   -535.384918940963
2105.00000000   -535.436244119470
2106.00000000   -535.399899310251
2107.00000000   -535.431986484829
2108.00000000   -535.461047962612
2109.00000000   -535.442959332569
2110.00000000   -535.452998811464
211.00000000   -535.425697738563
2111.00000000   -535.463181309016
2112.00000000   -535.453841288010
2113.00000000   -535.459774887772
2114.00000000   -535.460422283152
2115.00000000   -535.458581453611
2116.00000000   -535.448967081040
2117.00000000   -535.459391000489
2118.00000000   -535.394637648878
2119.00000000   -535.455323961028
2120.00000000   -535.451156092175
212.00000000   -535.440791984588
2121.00000000   -535.449399751480
2122.00000000   -535.399239581213
2123.00000000   -535.449182183945
2124.00000000   -535.444407058022
2125.00000000   -535.455195724336
2126.00000000   -535.453533937095
2127.00000000   -535.393903905304
2128.00000000   -535.441148479186
2129.00000000   -535.463484936987
2130.00000000   -535.454956849109
213.00000000   -535.401335152862
2131.00000000   -535.447525818145
2132.00000000   -535.461504788998
2133.00000000   -535.454604556896
2134.00000000   -535.430953386036
2135.00000000   -535.407618194026
2136.00000000   -535.460674885338
2137.00000000   -535.446358662521
2138.00000000   -535.443896268879
2139.00000000   -535.450633008613
2140.00000000   -535.429996432337
214.00000000   -535.448764545989
2141.00000000   -535.421264536765
2142.00000000   -535.453496984732
2143.00000000   -535.439975040101
2144.00000000   -535.448253235238
2145.00000000   -535.431082029890
2146.00000000   -535.325698393160
2147.00000000   -535.383427796162
2148.00000000   -535.432072803221
2149.00000000   -535.413035692971
2150.00000000   -535.447528526394
215.00000000   -535.409729924841
2151.00000000   -535.340091413144
2152.00000000   -535.407520047955
2153.00000000   -535.437810554945
2154.00000000   -535.428363124247
2155.00000000   -535.458136595778
2156.00000000   -535.434095822978
2157.00000000   -535.398200406048
2158.00000000   -535.456751694020
2159.00000000   -535.438813798319
2160.00000000   -535.450816226218
216.00000000   -535.440490382750
2161.00000000   -535.442894030466
2162.00000000   -535.459651364431
2163.00000000   -535.445945721404
2164.00000000   -535.423723985603
2165.00000000   -535.422344561189
2166.00000000   -535.449152866772
2167.00000000   -535.429982991760
2168.00000000   -535.441692354217
2169.00000000   -535.439867866349
2170.00000000   -535.462546810715
217.00000000   -535.430418514536
2171.00000000   -535.430941552549
2172.00000000   -535.436473274689
2173.00000000   -535.442568145020
2174.00000000   -535.418547498783
2175.00000000   -535.450626315954
2176.00000000   -535.440280187558
2177.00000000   -535.452863217920
2178.00000000   -535.464380057382
2179.00000000   -535.456050989094
2180.00000000   -535.447602427316
218.00000000   -535.449174648629
2181.00000000   -535.437544469226
2182.00000000   -535.424259321152
2183.00000000   -535.365358939763
2184.00000000   -535.445586827263
2185.00000000   -535.444491156762
2186.00000000   -535.447720530898
2187.00000000   -535.450772158308
2188.00000000   -535.437092544201
2189.00000000   -535.459549002299
2190.00000000   -535.456580638840
219.00000000   -535.457364167585
2191.00000000   -535.460298821235
2192.00000000   -535.443265590998
2193.00000000   -535.417222061761
2194.00000000   -535.426535089765
2195.00000000   -535.445338218815
2196.00000000   -535.451098270996
2197.00000000   -535.416455111266
2198.00000000   -535.387465129505
2199.00000000   -535.455548032889
2200.00000000   -535.440294363983
220.00000000   -535.463785433307
22.00000000   -535.461480052813
2201.00000000   -535.453637905397
2202.00000000   -535.426940951507
2203.00000000   -535.391524884315
2204.00000000   -535.449386214820
2205.00000000   -535.403854288664
2206.00000000   -535.454611601570
2207.00000000   -535.440980464295
2208.00000000   -535.447877151062
2209.00000000   -535.416780102733
2210.00000000   -535.453729357283
221.00000000   -535.464563448755
2211.00000000   -535.456728556688
2212.00000000   -535.428929973077
2213.00000000   -535.454789143011
2214.00000000   -535.417652577657
2215.00000000   -535.437253438948
2216.00000000   -535.395334632999
2217.00000000   -535.444709806152
2218.00000000   -535.451269625819
2219.00000000   -535.457506103039
2220.00000000   -535.402026654346
222.00000000   -535.439033677470
2221.00000000   -535.456359077243
2222.00000000   -535.436701776988
2223.00000000   -535.451575266567
2224.00000000   -535.448599819315
2225.00000000   -535.452018207546
2226.00000000   -535.457436845477
2227.00000000   -535.444593224400
2228.00000000   -535.459207784258
2229.00000000   -535.392257550787
2230.00000000   -535.450221099524
223.00000000   -535.460676396211
2231.00000000   -535.437390547750
2232.00000000   -535.423036830412
2233.00000000   -535.449073154142
2234.00000000   -535.432846582810
2235.00000000   -535.411561383309
2236.00000000   -535.451886763843
2237.00000000   -535.448578639370
2238.00000000   -535.423565301124
2239.00000000   -535.454366570165
2240.00000000   -535.445625473017
224.00000000   -535.456649366196
2241.00000000   -535.377816040743
2242.00000000   -535.411654854483
2243.00000000   -535.419875874424
2244.00000000   -535.463677036405
2245.00000000   -535.457309396778
2246.00000000   -535.458700863764
2247.00000000   -535.413305991331
2248.00000000   -535.441902678898
2249.00000000   -535.445405988094
2250.00000000   -535.417347964785
225.00000000   -535.410232247433
2251.00000000   -535.455412354429
2252.00000000   -535.454590365946
2253.00000000   -535.417970729897
2254.00000000   -535.429519198632
2255.00000000   -535.450976390622
2256.00000000   -535.455459143121
2257.00000000   -535.442604072690
2258.00000000   -535.393219499643
2259.00000000   -535.444823830152
2260.00000000   -535.414580007358
226.00000000   -535.399745872468
2261.00000000   -535.445917414525
2262.00000000   -535.459811364347
2263.00000000   -535.401530772970
2264.00000000   -535.432399590334
2265.00000000   -535.445649627799
2266.00000000   -535.429495241781
2267.00000000   -535.427095530160
2268.00000000   -535.423442571364
2269.00000000   -535.430576396121
2270.00000000   -535.461560821670
227.00000000   -535.434842619144
2271.00000000   -535.440646094386
2272.00000000   -535.457572315711
2273.00000000   -535.459054591379
2274.00000000   -535.440314094711
2275.00000000   -535.456275144062
2276.00000000   -535.427257273477
2277.00000000   -535.409184448779
2278.00000000   -535.439265965598
2279.00000000   -535.453940193340
2280.00000000   -535.410546561656
228.00000000   -535.454767649121
2281.00000000   -535.464186248753
2282.00000000   -535.430366659212
2283.00000000   -535.442775576029
2284.00000000   -535.454251698024
2285.00000000   -535.448660520624
2286.00000000   -535.441301461254
2287.00000000   -535.428243030490
2288.00000000   -535.459500991613
2289.00000000   -535.462200260683
2290.00000000   -535.448042642517
229.00000000   -535.460149815361
2291.00000000   -535.381969233485
2292.00000000   -535.438907502379
2293.00000000   -535.424749008749
2294.00000000   -535.463508109995
2295.00000000   -535.446243455704
2296.00000000   -535.460344973738
2297.00000000   -535.450050597284
2298.00000000   -535.433751667912
2299.00000000   -535.434110308510
2300.00000000   -535.402742330893
230.00000000   -535.424182793425
23.00000000   -535.462150019342
2301.00000000   -535.457423505249
2302.00000000   -535.433581271829
2303.00000000   -535.463421953254
2304.00000000   -535.452542090782
2305.00000000   -535.463433167511
2306.00000000   -535.462859173075
2307.00000000   -535.454532111896
2308.00000000   -535.436122670512
2309.00000000   -535.408000492968
2310.00000000   -535.441161329301
231.00000000   -535.440512037195
2311.00000000   -535.448532899534
2312.00000000   -535.429029751873
2313.00000000   -535.393811351615
2314.00000000   -535.383875372687
2315.00000000   -535.461735387670
2316.00000000   -535.445872094565
2317.00000000   -535.420041564882
2318.00000000   -535.382601601513
2319.00000000   -535.453591480719
2320.00000000   -535.422805580165
232.00000000   -535.412905784738
2321.00000000   -535.332009799300
2322.00000000   -535.432537321313
2323.00000000   -535.397490757054
2324.00000000   -535.455281230278
2325.00000000   -535.448439364675
2326.00000000   -535.452211967560
2327.00000000   -535.451294782865
2328.00000000   -535.438720439604
2329.00000000   -535.424064025787
2330.00000000   -535.457157878090
233.00000000   -535.439937685081
2331.00000000   -535.422718264668
2332.00000000   -535.403634762639
2333.00000000   -535.464061571298
2334.00000000   -535.413822862048
2335.00000000   -535.424815279810
2336.00000000   -535.462426985835
2337.00000000   -535.435484591161
2338.00000000   -535.436820331261
2339.00000000   -535.461641814568
2340.00000000   -535.449208137311
234.00000000   -535.413482035651
2341.00000000   -535.449362970881
2342.00000000   -535.440935539966
2343.00000000   -535.438506484973
2344.00000000   -535.437699033709
2345.00000000   -535.425384870133
2346.00000000   -535.453538660819
2347.00000000   -535.446003896392
2348.00000000   -535.442815198872
2349.00000000   -535.453022535149
2350.00000000   -535.428843997374
235.00000000   -535.458472436776
2351.00000000   -535.440339780224
2352.00000000   -535.421200280441
2353.00000000   -535.377593499284
2354.00000000   -535.464232325123
2355.00000000   -535.375802126956
2356.00000000   -535.439009861729
2357.00000000   -535.463439094478
2358.00000000   -535.443798876916
2359.00000000   -535.442608351966
2360.00000000   -535.414966391711
236.00000000   -535.408513112814
2361.00000000   -535.347600334340
2362.00000000   -535.462498152192
2363.00000000   -535.429053795040
2364.00000000   -535.447105076927
2365.00000000   -535.427625491122
2366.00000000   -535.439582246831
2367.00000000   -535.433841437543
2368.00000000   -535.377637992233
2369.00000000   -535.437423116624
2370.00000000   -535.423232510512
237.00000000   -535.446899591489
2371.00000000   -535.421092672876
2372.00000000   -535.451839683219
2373.00000000   -535.344573644050
2374.00000000   -535.430553555029
2375.00000000   -535.392876210862
2376.00000000   -535.421570439022
2377.00000000   -535.422911146789
2378.00000000   -535.401419051116
2379.00000000   -535.407849275233
2380.00000000   -535.433624651650
238.00000000   -535.424271282743
2381.00000000   -535.464024691546
2382.00000000   -535.445732908966
2383.00000000   -535.444554513225
2384.00000000   -535.453131758435
2385.00000000   -535.459276289569
2386.00000000   -535.449381196005
2387.00000000   -535.456730092185
2388.00000000   -535.444854158377
2389.00000000   -535.379136744983
2390.00000000   -535.432492856991
239.00000000   -535.442083924713
2391.00000000   -535.439598720847
2392.00000000   -535.459574596101
2393.00000000   -535.428148653800
2394.00000000   -535.449208463540
2395.00000000   -535.395330014166
2396.00000000   -535.394664547539
2397.00000000   -535.436671447255
2398.00000000   -535.407508782601
2399.00000000   -535.463091179490
2400.00000000   -535.463489835935
240.00000000   -535.445323778967
24.00000000   -535.460830404760
2401.00000000   -535.457722391914
2402.00000000   -535.417473434338
2403.00000000   -535.436988190831
2404.00000000   -535.443176124925
2405.00000000   -535.429957959687
2406.00000000   -535.422364972971
2407.00000000   -535.445652406145
2408.00000000   -535.444994868701
2409.00000000   -535.457987354594
2410.00000000   -535.409816608686
241.00000000   -535.451576357625
2411.00000000   -535.431012524331
2412.00000000   -535.414076126181
2413.00000000   -535.444426855814
2414.00000000   -535.463867491918
2415.00000000   -535.435666406716
2416.00000000   -535.436480011980
2417.00000000   -535.434177792031
2418.00000000   -535.425648174339
2419.00000000   -535.449884976557
2420.00000000   -535.430799999448
242.00000000   -535.455301644524
2421.00000000   -535.456851098243
2422.00000000   -535.463309330908
2423.00000000   -535.442282055897
2424.00000000   -535.451685131067
2425.00000000   -535.453410518264
2426.00000000   -535.440141142448
2427.00000000   -535.459502011264
2428.00000000   -535.386682663016
2429.00000000   -535.441201106830
2430.00000000   -535.444583102403
243.00000000   -535.424655710063
2431.00000000   -535.449098082777
2432.00000000   -535.401660694868
2433.00000000   -535.423113159425
2434.00000000   -535.434978486088
2435.00000000   -535.461134174609
2436.00000000   -535.448142203765
2437.00000000   -535.455790788244
2438.00000000   -535.462536427152
2439.00000000   -535.455410709925
2440.00000000   -535.450254025130
244.00000000   -535.397095726341
2441.00000000   -535.407690912241
2442.00000000   -535.459382646860
2443.00000000   -535.386921371334
2444.00000000   -535.422551950009
2445.00000000   -535.440296296541
2446.00000000   -535.464204155284
2447.00000000   -535.405391672892
2448.00000000   -535.452174544638
2449.00000000   -535.464310723668
2450.00000000   -535.446723762019
245.00000000   -535.455123334329
2451.00000000   -535.447679174832
2452.00000000   -535.460331304535
2453.00000000   -535.462135572431
2454.00000000   -535.416425393717
2455.00000000   -535.453148163259
2456.00000000   -535.447244816257
2457.00000000   -535.459140428353
2458.00000000   -535.460741972795
2459.00000000   -535.459553292338
2460.00000000   -535.461848551551
246.00000000   -535.406320718817
2461.00000000   -535.452297402807
2462.00000000   -535.345996595979
2463.00000000   -535.463877165360
2464.00000000   -535.443012901304
2465.00000000   -535.457727162352
2466.00000000   -535.444742318812
2467.00000000   -535.455724569596
2468.00000000   -535.448893756553
2469.00000000   -535.438916063157
2470.00000000   -535.454036893779
247.00000000   -535.416753977909
2471.00000000   -535.462063032954
2472.00000000   -535.399905181766
2473.00000000   -535.452939549647
2474.00000000   -535.454520436727
2475.00000000   -535.453008633593
2476.00000000   -535.437591947443
2477.00000000   -535.437032685592
2478.00000000   -535.453253054554
2479.00000000   -535.456041069028
2480.00000000   -535.454217469445
248.00000000   -535.464341779333
2481.00000000   -535.429501757233
2482.00000000   -535.416737932675
2483.00000000   -535.460459374784
2484.00000000   -535.455484202053
2485.00000000   -535.380986419128
2486.00000000   -535.348834465941
2487.00000000   -535.457754445740
2488.00000000   -535.385284214028
2489.00000000   -535.427516265085
2490.00000000   -535.443311983593
249.00000000   -535.435399568474
2491.00000000   -535.454233664878
2492.00000000   -535.425263048476
2493.00000000   -535.427568197712
2494.00000000   -535.310397810730
2495.00000000   -535.464151134708
2496.00000000   -535.445399109826
2497.00000000   -535.434663593230
2498.00000000   -535.456649255502
2499.00000000   -535.414313571588
2500.00000000   -535.373116681737
250.00000000   -535.456768604206
25.00000000   -535.461712543614
2501.00000000   -535.401772597876
2502.00000000   -535.451608524512
2503.00000000   -535.456137683777
2504.00000000   -535.460736203165
2505.00000000   -535.446171627025
2506.00000000   -535.304867041839
2507.00000000   -535.397289078526
2508.00000000   -535.420794996738
2509.00000000   -535.431296014831
2510.00000000   -535.454363453656
251.00000000   -535.460896217767
2511.00000000   -535.452780435753
2512.00000000   -535.426136971173
2513.00000000   -535.445402416162
2514.00000000   -535.412751367703
2515.00000000   -535.463326207251
2516.00000000   -535.452249429178
2517.00000000   -535.460579979700
2518.00000000   -535.459871855910
2519.00000000   -535.451706668478
2520.00000000   -535.449580803440
252.00000000   -535.439982945493
2521.00000000   -535.424141071317
2522.00000000   -535.434294558660
2523.00000000   -535.422933895633
2524.00000000   -535.446236790919
2525.00000000   -535.393469815488
2526.00000000   -535.397217133313
2527.00000000   -535.463562480162
2528.00000000   -535.461743447478
2529.00000000   -535.460750205932
2530.00000000   -535.437047439237
253.00000000   -535.453460929924
2531.00000000   -535.401965707849
2532.00000000   -535.447748858595
2533.00000000   -535.458637131722
2534.00000000   -535.373411246108
2535.00000000   -535.457536202401
2536.00000000   -535.323609264555
2537.00000000   -535.398082319345
2538.00000000   -535.445328306290
2539.00000000   -535.406458963827
2540.00000000   -535.409953384312
254.00000000   -535.447774784155
2541.00000000   -535.430338035577
2542.00000000   -535.463480316740
2543.00000000   -535.358520786488
2544.00000000   -535.462796171651
2545.00000000   -535.434258790916
2546.00000000   -535.463322735104
2547.00000000   -535.450541226521
2548.00000000   -535.407306182332
2549.00000000   -535.446992372511
2550.00000000   -535.418288187249
255.00000000   -535.398788298892
2551.00000000   -535.444735111870
2552.00000000   -535.446761051825
2553.00000000   -535.399386583336
2554.00000000   -535.452362357871
2555.00000000   -535.442886682352
2556.00000000   -535.455452075001
2557.00000000   -535.428764430783
2558.00000000   -535.458007976571
2559.00000000   -535.418328806395
2560.00000000   -535.458572407883
256.00000000   -535.438163527105
2561.00000000   -535.410359951088
2562.00000000   -535.461182351730
2563.00000000   -535.443109446173
2564.00000000   -535.422731139620
2565.00000000   -535.454278361989
2566.00000000   -535.461587007605
2567.00000000   -535.462665604467
2568.00000000   -535.427912804723
2569.00000000   -535.464113921597
2570.00000000   -535.451184548446
257.00000000   -535.456789585987
2571.00000000   -535.452285815179
2572.00000000   -535.422105988961
2573.00000000   -535.396483741324
2574.00000000   -535.455008091155
2575.00000000   -535.435202844287
2576.00000000   -535.437855495284
2577.00000000   -535.460671503307
2578.00000000   -535.424997357052
2579.00000000   -535.419888338139
2580.00000000   -535.449097161364
258.00000000   -535.380302333002
2581.00000000   -535.394741841424
2582.00000000   -535.450897247985
2583.00000000   -535.460565525444
2584.00000000   -535.460856044456
2585.00000000   -535.447013829517
2586.00000000   -535.454033028711
2587.00000000   -535.423907261033
2588.00000000   -535.440450545802
2589.00000000   -535.449398578900
2590.00000000   -535.439961073575
259.00000000   -535.439364665527
2591.00000000   -535.453892600965
2592.00000000   -535.444523823149
2593.00000000   -535.450644646356
2594.00000000   -535.409941674930
2595.00000000   -535.462919255048
2596.00000000   -535.460138408979
2597.00000000   -535.390314983222
2598.00000000   -535.453558532054
2599.00000000   -535.445098489827
2600.00000000   -535.447071419804
260.00000000   -535.420122741327
26.00000000   -535.460110985773
2601.00000000   -535.429220277469
2602.00000000   -535.438278373535
2603.00000000   -535.458101677996
2604.00000000   -535.425296103371
2605.00000000   -535.453611217079
2606.00000000   -535.460917311995
2607.00000000   -535.425290539932
2608.00000000   -535.359795439597
2609.00000000   -535.425381817539
2610.00000000   -535.447821790741
261.00000000   -535.458543993553
2611.00000000   -535.437015134217
2612.00000000   -535.435330551984
2613.00000000   -535.459742945441
2614.00000000   -535.454293636119
2615.00000000   -535.462618528154
2616.00000000   -535.398113585207
2617.00000000   -535.460879644134
2618.00000000   -535.424197557408
2619.00000000   -535.447403320520
2620.00000000   -535.436621947871
262.00000000   -535.461928469880
2621.00000000   -535.460717477349
2622.00000000   -535.432134611882
2623.00000000   -535.457575376719
2624.00000000   -535.447120148832
2625.00000000   -535.457826147316
2626.00000000   -535.435750830148
2627.00000000   -535.419928526235
2628.00000000   -535.454909644928
2629.00000000   -535.453543153760
2630.00000000   -535.458093373504
263.00000000   -535.444321829330
2631.00000000   -535.428743473072
2632.00000000   -535.451626252314
2633.00000000   -535.419653895295
2634.00000000   -535.418102559638
2635.00000000   -535.462745180329
2636.00000000   -535.457075246435
2637.00000000   -535.453039914258
2638.00000000   -535.433989169184
2639.00000000   -535.447578851813
2640.00000000   -535.457294070591
264.00000000   -535.455430601996
2641.00000000   -535.371848702442
2642.00000000   -535.431948840138
2643.00000000   -535.392714020111
2644.00000000   -535.429750921101
2645.00000000   -535.454052625804
2646.00000000   -535.424265670590
2647.00000000   -535.417606056997
2648.00000000   -535.452802812026
2649.00000000   -535.461122969744
2650.00000000   -535.449270737852
265.00000000   -535.463957939472
2651.00000000   -535.453906930509
2652.00000000   -535.398761308177
2653.00000000   -535.445132132993
2654.00000000   -535.448783327458
2655.00000000   -535.435313502968
2656.00000000   -535.451267991876
2657.00000000   -535.459116101585
2658.00000000   -535.448178870943
2659.00000000   -535.456361743401
2660.00000000   -535.430357855115
266.00000000   -535.460399132095
2661.00000000   -535.444434103051
2662.00000000   -535.424140615064
2663.00000000   -535.440879420450
2664.00000000   -535.446372639672
2665.00000000   -535.464167888337
2666.00000000   -535.392512476040
2667.00000000   -535.408130127326
2668.00000000   -535.455072237077
2669.00000000   -535.431100105945
2670.00000000   -535.428813932327
267.00000000   -535.444593842251
2671.00000000   -535.447979933889
2672.00000000   -535.395564305325
2673.00000000   -535.451723781745
2674.00000000   -535.448693628593
2675.00000000   -535.433098803190
2676.00000000   -535.410093614775
2677.00000000   -535.464195961786
2678.00000000   -535.449664064180
2679.00000000   -535.453911729859
2680.00000000   -535.424839871618
268.00000000   -535.394576665603
2681.00000000   -535.462749528163
2682.00000000   -535.415836876435
2683.00000000   -535.422906180042
2684.00000000   -535.441528955461
2685.00000000   -535.455573696148
2686.00000000   -535.429155569491
2687.00000000   -535.451881307553
2688.00000000   -535.437040510706
2689.00000000   -535.461653391699
2690.00000000   -535.457726961587
269.00000000   -535.419438336765
2691.00000000   -535.450909669557
2692.00000000   -535.450542976222
2693.00000000   -535.453274625940
2694.00000000   -535.451373733932
2695.00000000   -535.463534555196
2696.00000000   -535.409084428630
2697.00000000   -535.453381035631
2698.00000000   -535.463756499947
2699.00000000   -535.445316314011
2700.00000000   -535.429613497744
270.00000000   -535.439534571662
27.00000000   -535.461245190399
2701.00000000   -535.440714444552
2702.00000000   -535.449170436936
2703.00000000   -535.452905392772
2704.00000000   -535.427055362569
2705.00000000   -535.461388418382
2706.00000000   -535.418100558596
2707.00000000   -535.444840439273
2708.00000000   -535.439813548673
2709.00000000   -535.439206121347
2710.00000000   -535.441844659535
271.00000000   -535.430150049261
2711.00000000   -535.460062453126
2712.00000000   -535.427452413545
2713.00000000   -535.450832646072
2714.00000000   -535.427760826390
2715.00000000   -535.463986207222
2716.00000000   -535.413379384935
2717.00000000   -535.398190069259
2718.00000000   -535.464593322624
2719.00000000   -535.461867558929
2720.00000000   -535.460398661471
272.00000000   -535.423469716066
2721.00000000   -535.411459340907
2722.00000000   -535.426758079113
2723.00000000   -535.429927661523
2724.00000000   -535.429535769370
2725.00000000   -535.426862775664
2726.00000000   -535.454960483532
2727.00000000   -535.427884475525
2728.00000000   -535.459923257210
2729.00000000   -535.459473589099
2730.00000000   -535.456959778752
273.00000000   -535.405281292110
2731.00000000   -535.383832523072
2732.00000000   -535.433782644570
2733.00000000   -535.436324920478
2734.00000000   -535.440887004500
2735.00000000   -535.459750738238
2736.00000000   -535.439119976780
2737.00000000   -535.322735109088
2738.00000000   -535.408138582279
2739.00000000   -535.439851701813
2740.00000000   -535.427415484371
274.00000000   -535.419038659548
2741.00000000   -535.388115715758
2742.00000000   -535.460101080389
2743.00000000   -535.421297413896
2744.00000000   -535.412927135524
2745.00000000   -535.447123720619
2746.00000000   -535.427136376865
2747.00000000   -535.378230121861
2748.00000000   -535.445337135661
2749.00000000   -535.431146602034
2750.00000000   -535.455542160229
275.00000000   -535.419364477497
2751.00000000   -535.464419639427
2752.00000000   -535.445331877186
2753.00000000   -535.420981850077
2754.00000000   -535.439942627056
2755.00000000   -535.461998241687
2756.00000000   -535.439861734108
2757.00000000   -535.399116283001
2758.00000000   -535.451378506190
2759.00000000   -535.372448889197
2760.00000000   -535.418924573533
276.00000000   -535.435455000210
2761.00000000   -535.406797412532
2762.00000000   -535.451920027211
2763.00000000   -535.455699784040
2764.00000000   -535.463548048557
2765.00000000   -535.459333299149
2766.00000000   -535.451629369321
2767.00000000   -535.432716846488
2768.00000000   -535.453768751118
2769.00000000   -535.427589760263
2770.00000000   -535.454029068440
277.00000000   -535.459445888102
2771.00000000   -535.441891036478
2772.00000000   -535.440151167190
2773.00000000   -535.447068372874
2774.00000000   -535.433578268554
2775.00000000   -535.450315210632
2776.00000000   -535.460434026954
2777.00000000   -535.453269456542
2778.00000000   -535.442898124489
2779.00000000   -535.458855525153
2780.00000000   -535.404044227111
278.00000000   -535.461280003917
2781.00000000   -535.439607001092
2782.00000000   -535.451332910937
2783.00000000   -535.427384300996
2784.00000000   -535.436350773102
2785.00000000   -535.404850386319
2786.00000000   -535.434403279464
2787.00000000   -535.440954230348
2788.00000000   -535.389885296875
2789.00000000   -535.450162098097
2790.00000000   -535.426841812928
279.00000000   -535.375358749465
2791.00000000   -535.442312420987
2792.00000000   -535.456080416693
2793.00000000   -535.400368705964
2794.00000000   -535.456230744997
2795.00000000   -535.420901073808
2796.00000000   -535.442287259848
2797.00000000   -535.458224695064
2798.00000000   -535.405638444848
2799.00000000   -535.443456388435
2800.00000000   -535.444506819195
280.00000000   -535.442566808356
28.00000000   -535.459319394749
2801.00000000   -535.454639757432
2802.00000000   -535.462478574421
2803.00000000   -535.394724509365
2804.00000000   -535.380401436696
2805.00000000   -535.398293261456
2806.00000000   -535.462848215848
2807.00000000   -535.446611585255
2808.00000000   -535.433784228295
2809.00000000   -535.425680568512
2810.00000000   -535.440064654899
281.00000000   -535.413312808833
2811.00000000   -535.391780039073
2812.00000000   -535.450183287480
2813.00000000   -535.449901040542
2814.00000000   -535.455298240075
2815.00000000   -535.382828535168
2816.00000000   -535.455582020007
2817.00000000   -535.464308301341
2818.00000000   -535.389384722775
2819.00000000   -535.430453784766
2820.00000000   -535.447481642168
282.00000000   -535.463098857365
2821.00000000   -535.432830146443
2822.00000000   -535.447042972265
2823.00000000   -535.440464303290
2824.00000000   -535.464018530787
2825.00000000   -535.430680120599
2826.00000000   -535.398635753212
2827.00000000   -535.452458559604
2828.00000000   -535.406947466653
2829.00000000   -535.417760158323
2830.00000000   -535.441083761390
283.00000000   -535.419120481021
2831.00000000   -535.422476641230
2832.00000000   -535.418678301996
2833.00000000   -535.456187948251
2834.00000000   -535.459711025811
2835.00000000   -535.453047578095
2836.00000000   -535.462377269975
2837.00000000   -535.435223106678
2838.00000000   -535.377915266923
2839.00000000   -535.459975412677
2840.00000000   -535.430243413444
284.00000000   -535.455257054842
2841.00000000   -535.456708834509
2842.00000000   -535.437649103882
2843.00000000   -535.441491043881
2844.00000000   -535.416131481941
2845.00000000   -535.396485028156
2846.00000000   -535.425326716706
2847.00000000   -535.442599620878
2848.00000000   -535.430947416506
2849.00000000   -535.411401121413
2850.00000000   -535.447608522090
285.00000000   -535.445667181021
2851.00000000   -535.421938561516
2852.00000000   -535.435629662760
2853.00000000   -535.455240145882
2854.00000000   -535.414122171440
2855.00000000   -535.427896840869
2856.00000000   -535.438056302785
2857.00000000   -535.411788444718
2858.00000000   -535.453708198826
2859.00000000   -535.449421532369
2860.00000000   -535.454494811836
286.00000000   -535.419478681545
2861.00000000   -535.459180858795
2862.00000000   -535.463448604937
2863.00000000   -535.440943272410
2864.00000000   -535.445150470358
2865.00000000   -535.463614064646
2866.00000000   -535.431726515167
2867.00000000   -535.436438095122
2868.00000000   -535.461774208395
2869.00000000   -535.461062948645
2870.00000000   -535.429622993326
287.00000000   -535.423656665971
2871.00000000   -535.458520635415
2872.00000000   -535.432927967511
2873.00000000   -535.422271259703
2874.00000000   -535.403839806386
2875.00000000   -535.423401009176
2876.00000000   -535.431542467189
2877.00000000   -535.460925829404
2878.00000000   -535.424851900570
2879.00000000   -535.433726236445
2880.00000000   -535.356626798451
288.00000000   -535.432624767522
2881.00000000   -535.426126188755
2882.00000000   -535.406703853493
2883.00000000   -535.444461347321
2884.00000000   -535.461944360342
2885.00000000   -535.460986664920
2886.00000000   -535.423130762194
2887.00000000   -535.427573200216
2888.00000000   -535.452613570386
2889.00000000   -535.419686839358
2890.00000000   -535.434225333894
289.00000000   -535.437151169864
2891.00000000   -535.443187827547
2892.00000000   -535.446969422212
2893.00000000   -535.430466937675
2894.00000000   -535.427869320322
2895.00000000   -535.446843397938
2896.00000000   -535.436107367400
2897.00000000   -535.427177976045
2898.00000000   -535.448834325333
2899.00000000   -535.462014773297
2900.00000000   -535.463089750923
290.00000000   -535.440993202183
29.00000000   -535.460749064708
2901.00000000   -535.428596792059
2902.00000000   -535.449309515719
2903.00000000   -535.444989134726
2904.00000000   -535.445319756910
2905.00000000   -535.425676853813
2906.00000000   -535.453794386562
2907.00000000   -535.446576492329
2908.00000000   -535.281997046130
2909.00000000   -535.436768339368
2910.00000000   -535.445624240034
291.00000000   -535.452580394495
2911.00000000   -535.456135924668
2912.00000000   -535.416399080852
2913.00000000   -535.443484211684
2914.00000000   -535.441534920187
2915.00000000   -535.454744484712
2916.00000000   -535.448742345264
2917.00000000   -535.460420284945
2918.00000000   -535.450458044540
2919.00000000   -535.396362904477
2920.00000000   -535.427558331998
292.00000000   -535.434921951714
2921.00000000   -535.438649811343
2922.00000000   -535.421713295169
2923.00000000   -535.432623736464
2924.00000000   -535.434799912465
2925.00000000   -535.438373626098
2926.00000000   -535.411584874706
2927.00000000   -535.436960346473
2928.00000000   -535.438635389148
2929.00000000   -535.426623453342
2930.00000000   -535.440982063122
293.00000000   -535.411077793067
2931.00000000   -535.440414941913
2932.00000000   -535.423894168633
2933.00000000   -535.462226908909
2934.00000000   -535.381803930136
2935.00000000   -535.463667470535
2936.00000000   -535.462721088739
2937.00000000   -535.427032423986
2938.00000000   -535.397575116699
2939.00000000   -535.442255546846
2940.00000000   -535.442307794349
294.00000000   -535.395128351869
2941.00000000   -535.437228126235
2942.00000000   -535.402202616160
2943.00000000   -535.332630327168
2944.00000000   -535.459553956108
2945.00000000   -535.453296260794
2946.00000000   -535.425831435759
2947.00000000   -535.461310483626
2948.00000000   -535.463444284845
2949.00000000   -535.448704793878
2950.00000000   -535.463918566160
295.00000000   -535.422636820784
2951.00000000   -535.418413990452
2952.00000000   -535.459727502495
2953.00000000   -535.396125869155
2954.00000000   -535.386278437008
2955.00000000   -535.448942676039
2956.00000000   -535.379275436344
2957.00000000   -535.463901692417
2958.00000000   -535.404795911112
2959.00000000   -535.402275006877
2960.00000000   -535.425953946473
296.00000000   -535.449442451051
2961.00000000   -535.460136971943
2962.00000000   -535.452048951555
2963.00000000   -535.460911376970
2964.00000000   -535.440772656066
2965.00000000   -535.432693692556
2966.00000000   -535.407870186918
2967.00000000   -535.426990180000
2968.00000000   -535.434012988125
2969.00000000   -535.439607865119
2970.00000000   -535.448432015862
297.00000000   -535.374606711209
2971.00000000   -535.443504864386
2972.00000000   -535.436966131366
2973.00000000   -535.453240738137
2974.00000000   -535.454337816022
2975.00000000   -535.448262281512
2976.00000000   -535.451070705419
2977.00000000   -535.447283478037
2978.00000000   -535.372554585254
2979.00000000   -535.461898009467
2980.00000000   -535.419609351124
298.00000000   -535.441513496010
2981.00000000   -535.462724121877
2982.00000000   -535.442974464815
2983.00000000   -535.430866345463
2984.00000000   -535.453781480149
2985.00000000   -535.442372792523
2986.00000000   -535.457699062251
2987.00000000   -535.434417361993
2988.00000000   -535.462732992461
2989.00000000   -535.436179623543
2990.00000000   -535.462435422606
299.00000000   -535.444851329969
2991.00000000   -535.451579678098
2992.00000000   -535.460577905069
2993.00000000   -535.447369113918
2994.00000000   -535.395566929970
2995.00000000   -535.460528343138
2996.00000000   -535.429605176796
2997.00000000   -535.457616160459
2998.00000000   -535.432187694958
2999.00000000   -535.397509078534
3000.00000000   -535.404529150319
300.00000000   -535.457646874681
30.00000000   -535.458453153164
3.00000000   -535.464612471199
3001.00000000   -535.461964592341
3002.00000000   -535.450810068926
3003.00000000   -535.447307312354
3004.00000000   -535.415801976498
3005.00000000   -535.463041722382
3006.00000000   -535.463901406044
3007.00000000   -535.460435254830
3008.00000000   -535.452477731414
3009.00000000   -535.371064615269
3010.00000000   -535.455360509469
301.00000000   -535.420408902714
3011.00000000   -535.418734914072
3012.00000000   -535.422330738483
3013.00000000   -535.435183359140
3014.00000000   -535.420003872715
3015.00000000   -535.412195775081
3016.00000000   -535.373419137166
3017.00000000   -535.430167757118
3018.00000000   -535.447412011361
3019.00000000   -535.419867347922
3020.00000000   -535.456911844684
302.00000000   -535.394442906889
3021.00000000   -535.449034953276
3022.00000000   -535.444015688911
3023.00000000   -535.442736067885
3024.00000000   -535.460686015170
3025.00000000   -535.438959819210
3026.00000000   -535.443030740910
3027.00000000   -535.441647451266
3028.00000000   -535.438129055968
3029.00000000   -535.439309545292
3030.00000000   -535.462891337025
303.00000000   -535.454627127685
3031.00000000   -535.385126445487
3032.00000000   -535.380547219993
3033.00000000   -535.448021578547
3034.00000000   -535.433836098347
3035.00000000   -535.432188894951
3036.00000000   -535.451315964194
3037.00000000   -535.454945025767
3038.00000000   -535.440387032363
3039.00000000   -535.457483909329
3040.00000000   -535.436552500049
304.00000000   -535.443809416173
3041.00000000   -535.409173893589
3042.00000000   -535.444715024998
3043.00000000   -535.456984901757
3044.00000000   -535.455895740609
3045.00000000   -535.438630897479
3046.00000000   -535.400567062036
3047.00000000   -535.381674543182
3048.00000000   -535.454140979765
3049.00000000   -535.455520359140
3050.00000000   -535.454526550754
305.00000000   -535.461682472535
3051.00000000   -535.450517398011
3052.00000000   -535.432366753954
3053.00000000   -535.430753750365
3054.00000000   -535.399370778718
3055.00000000   -535.406063000037
3056.00000000   -535.447423213250
3057.00000000   -535.449745696742
3058.00000000   -535.456711295910
3059.00000000   -535.442915913314
3060.00000000   -535.461156984334
306.00000000   -535.444146105297
3061.00000000   -535.464228243280
3062.00000000   -535.421030920965
3063.00000000   -535.448853031533
3064.00000000   -535.455150314644
3065.00000000   -535.450714262577
3066.00000000   -535.409795239751
3067.00000000   -535.426556200141
3068.00000000   -535.429829234436
3069.00000000   -535.408487056165
3070.00000000   -535.427283617401
307.00000000   -535.446816865214
3071.00000000   -535.436427289220
3072.00000000   -535.401166677139
3073.00000000   -535.425716212739
3074.00000000   -535.447603160531
3075.00000000   -535.463246516140
3076.00000000   -535.417134641445
3077.00000000   -535.464557124305
3078.00000000   -535.432981645444
3079.00000000   -535.435341593884
3080.00000000   -535.418596081389
308.00000000   -535.461157416157
3081.00000000   -535.458937766910
3082.00000000   -535.425945403684
3083.00000000   -535.447411207916
3084.00000000   -535.446412414900
3085.00000000   -535.418675633775
3086.00000000   -535.456239047864
3087.00000000   -535.448201729455
3088.00000000   -535.429878807480
3089.00000000   -535.409609097938
3090.00000000   -535.420490889964
309.00000000   -535.450483244361
3091.00000000   -535.434262095918
3092.00000000   -535.421819982879
3093.00000000   -535.444952479518
3094.00000000   -535.432609876544
3095.00000000   -535.455645180930
3096.00000000   -535.445582744575
3097.00000000   -535.440005824860
3098.00000000   -535.423041861572
3099.00000000   -535.414916121416
3100.00000000   -535.456463013806
310.00000000   -535.423043313436
31.00000000   -535.460225238498
3101.00000000   -535.437020481866
3102.00000000   -535.411608515983
3103.00000000   -535.352779568360
3104.00000000   -535.442319730604
3105.00000000   -535.450223363582
3106.00000000   -535.463620155223
3107.00000000   -535.430537913411
3108.00000000   -535.423712998773
3109.00000000   -535.453873982428
3110.00000000   -535.375284566050
311.00000000   -535.453630798298
3111.00000000   -535.402395846679
3112.00000000   -535.444757904691
3113.00000000   -535.414004087628
3114.00000000   -535.462198359340
3115.00000000   -535.459497383903
3116.00000000   -535.454931071836
3117.00000000   -535.443068729810
3118.00000000   -535.459255833153
3119.00000000   -535.463590028066
3120.00000000   -535.437904428987
312.00000000   -535.439219975357
3121.00000000   -535.456337846270
3122.00000000   -535.444201784584
3123.00000000   -535.416019834482
3124.00000000   -535.419775290591
3125.00000000   -535.454166282479
3126.00000000   -535.413507569465
3127.00000000   -535.375515663917
3128.00000000   -535.454423077725
3129.00000000   -535.451176969597
3130.00000000   -535.374923714914
313.00000000   -535.401217624122
3131.00000000   -535.436029861563
3132.00000000   -535.452253004465
3133.00000000   -535.347156387749
3134.00000000   -535.445458343403
3135.00000000   -535.416287025375
3136.00000000   -535.422983331961
3137.00000000   -535.463709733370
3138.00000000   -535.462779380976
3139.00000000   -535.463171073471
3140.00000000   -535.396319902572
314.00000000   -535.448255108689
3141.00000000   -535.425927916905
3142.00000000   -535.428703367321
3143.00000000   -535.442672533826
3144.00000000   -535.458315391082
3145.00000000   -535.433405474716
3146.00000000   -535.333955946452
3147.00000000   -535.420616589310
3148.00000000   -535.437373347080
3149.00000000   -535.456020210452
3150.00000000   -535.434850300682
315.00000000   -535.434406728703
3151.00000000   -535.455668213070
3152.00000000   -535.428231324261
3153.00000000   -535.439644574339
3154.00000000   -535.430476067034
3155.00000000   -535.463071487866
3156.00000000   -535.413063394732
3157.00000000   -535.454668861405
3158.00000000   -535.424667656297
3159.00000000   -535.458957085803
3160.00000000   -535.449046813426
316.00000000   -535.422713830500
3161.00000000   -535.358150978530
3162.00000000   -535.381970225568
3163.00000000   -535.454574978040
3164.00000000   -535.433794732066
3165.00000000   -535.434346676868
3166.00000000   -535.435608127481
3167.00000000   -535.429737969480
3168.00000000   -535.431969987869
3169.00000000   -535.461897037015
3170.00000000   -535.441929815146
317.00000000   -535.458224778046
3171.00000000   -535.449476042143
3172.00000000   -535.443689122431
3173.00000000   -535.441783045185
3174.00000000   -535.431269698507
3175.00000000   -535.431986462384
3176.00000000   -535.369026231911
3177.00000000   -535.408474605651
3178.00000000   -535.459132044202
3179.00000000   -535.448507551506
3180.00000000   -535.441294856039
318.00000000   -535.459243373330
3181.00000000   -535.462133560376
3182.00000000   -535.451189925202
3183.00000000   -535.462476994352
3184.00000000   -535.453145833359
3185.00000000   -535.448748880081
3186.00000000   -535.423173640953
3187.00000000   -535.454535033738
3188.00000000   -535.402737052655
3189.00000000   -535.447347464922
3190.00000000   -535.428047312841
319.00000000   -535.429100024062
3191.00000000   -535.332170080664
3192.00000000   -535.418301948724
3193.00000000   -535.431370879313
3194.00000000   -535.444967952323
3195.00000000   -535.364338702543
3196.00000000   -535.450428548283
3197.00000000   -535.443727583813
3198.00000000   -535.414286521614
3199.00000000   -535.445741455856
3200.00000000   -535.433480747045
320.00000000   -535.451667444459
32.00000000   -535.457509702271
3201.00000000   -535.441123268527
3202.00000000   -535.429564231031
3203.00000000   -535.412193703903
3204.00000000   -535.420975779984
3205.00000000   -535.393185073508
3206.00000000   -535.455331248986
3207.00000000   -535.399589644053
3208.00000000   -535.448051983807
3209.00000000   -535.430520825242
3210.00000000   -535.434050105171
321.00000000   -535.449775348619
3211.00000000   -535.453337071366
3212.00000000   -535.464487890331
3213.00000000   -535.441829716259
3214.00000000   -535.458636353638
3215.00000000   -535.463447481296
3216.00000000   -535.456178536552
3217.00000000   -535.431092810417
3218.00000000   -535.438768312086
3219.00000000   -535.430517479331
3220.00000000   -535.448548261030
322.00000000   -535.409248086877
3221.00000000   -535.436723176383
3222.00000000   -535.436789904468
3223.00000000   -535.425508104298
3224.00000000   -535.425155416808
3225.00000000   -535.424877999604
3226.00000000   -535.445303720419
3227.00000000   -535.400652790258
3228.00000000   -535.433873841901
3229.00000000   -535.448989702869
3230.00000000   -535.430873929321
323.00000000   -535.448101095053
3231.00000000   -535.420916141480
3232.00000000   -535.457981405570
3233.00000000   -535.426248978428
3234.00000000   -535.460426295618
3235.00000000   -535.439615706216
3236.00000000   -535.417304428795
3237.00000000   -535.453152363579
3238.00000000   -535.397743102769
3239.00000000   -535.384735569270
3240.00000000   -535.438992453317
324.00000000   -535.442406768589
3241.00000000   -535.444573521312
3242.00000000   -535.428510504534
3243.00000000   -535.458199103907
3244.00000000   -535.449225075044
3245.00000000   -535.424572797634
3246.00000000   -535.444785670554
3247.00000000   -535.446143874489
3248.00000000   -535.451761096139
3249.00000000   -535.447623658822
3250.00000000   -535.457882290692
325.00000000   -535.394812512123
3251.00000000   -535.452369181751
3252.00000000   -535.457425578990
3253.00000000   -535.429441922113
3254.00000000   -535.447273563874
3255.00000000   -535.460662099956
3256.00000000   -535.391193241805
3257.00000000   -535.442130751073
3258.00000000   -535.410532264994
3259.00000000   -535.423303398360
3260.00000000   -535.360935922678
326.00000000   -535.439987046473
3261.00000000   -535.380365967940
3262.00000000   -535.454617174591
3263.00000000   -535.429194945504
3264.00000000   -535.436310900203
3265.00000000   -535.422200291934
3266.00000000   -535.432848200089
3267.00000000   -535.408211809120
3268.00000000   -535.452352892510
3269.00000000   -535.448954205126
3270.00000000   -535.401029911117
327.00000000   -535.458831772231
3271.00000000   -535.441622764422
3272.00000000   -535.455448872546
3273.00000000   -535.431634727399
3274.00000000   -535.462609833379
3275.00000000   -535.454904253185
3276.00000000   -535.439987247808
3277.00000000   -535.411532691242
3278.00000000   -535.458453405749
3279.00000000   -535.450822782805
3280.00000000   -535.419794458054
328.00000000   -535.462813551529
3281.00000000   -535.461540659053
3282.00000000   -535.450835435531
3283.00000000   -535.433027541673
3284.00000000   -535.458585600699
3285.00000000   -535.431110165184
3286.00000000   -535.454125066686
3287.00000000   -535.447265588906
3288.00000000   -535.451815415231
3289.00000000   -535.447594201877
3290.00000000   -535.461624321620
329.00000000   -535.441906148120
3291.00000000   -535.449079586620
3292.00000000   -535.435463764843
3293.00000000   -535.446524530333
3294.00000000   -535.455772753087
3295.00000000   -535.451269288955
3296.00000000   -535.412976687208
3297.00000000   -535.407339360232
3298.00000000   -535.458013253215
3299.00000000   -535.453724086928
3300.00000000   -535.442465457912
330.00000000   -535.455847324544
33.00000000   -535.459674751453
3301.00000000   -535.402190932657
3302.00000000   -535.382445086962
3303.00000000   -535.448080054023
3304.00000000   -535.436794045986
3305.00000000   -535.396569416031
3306.00000000   -535.433483885775
3307.00000000   -535.409278379572
3308.00000000   -535.448767449653
3309.00000000   -535.462236655415
3310.00000000   -535.419099177545
331.00000000   -535.450257584257
3311.00000000   -535.401047892139
3312.00000000   -535.451677164864
3313.00000000   -535.447331627243
3314.00000000   -535.428519433633
3315.00000000   -535.428767698472
3316.00000000   -535.435211104971
3317.00000000   -535.443608450836
3318.00000000   -535.413755119184
3319.00000000   -535.448319165082
3320.00000000   -535.456215966505
332.00000000   -535.438623911838
3321.00000000   -535.462822737000
3322.00000000   -535.452370655175
3323.00000000   -535.433358613159
3324.00000000   -535.439186896429
3325.00000000   -535.422486106420
3326.00000000   -535.418068333811
3327.00000000   -535.452476165764
3328.00000000   -535.420268988969
3329.00000000   -535.446113179484
3330.00000000   -535.456953618735
333.00000000   -535.413930787078
3331.00000000   -535.455813875595
3332.00000000   -535.448892169787
3333.00000000   -535.454323481292
3334.00000000   -535.444203724965
3335.00000000   -535.455399893163
3336.00000000   -535.450517553227
3337.00000000   -535.437632559529
3338.00000000   -535.458987492610
3339.00000000   -535.426571217084
3340.00000000   -535.414639077374
334.00000000   -535.450241947544
3341.00000000   -535.434434537066
3342.00000000   -535.440647432739
3343.00000000   -535.416719738443
3344.00000000   -535.452064884195
3345.00000000   -535.434845841716
3346.00000000   -535.447825496549
3347.00000000   -535.426993729262
3348.00000000   -535.432064212888
3349.00000000   -535.446269319403
3350.00000000   -535.433769436362
335.00000000   -535.402522774204
3351.00000000   -535.408749892075
3352.00000000   -535.411033071748
3353.00000000   -535.413793953862
3354.00000000   -535.391436872610
3355.00000000   -535.438119761328
3356.00000000   -535.451894608127
3357.00000000   -535.436028392451
3358.00000000   -535.429424430338
3359.00000000   -535.436873123119
3360.00000000   -535.448121069171
336.00000000   -535.428567874167
3361.00000000   -535.453708095034
3362.00000000   -535.433364274077
3363.00000000   -535.462934632519
3364.00000000   -535.449769144557
3365.00000000   -535.450512113301
3366.00000000   -535.410330899381
3367.00000000   -535.410110772483
3368.00000000   -535.386726064376
3369.00000000   -535.452754833119
3370.00000000   -535.451292427551
337.00000000   -535.459725787176
3371.00000000   -535.451757949796
3372.00000000   -535.434602136944
3373.00000000   -535.453556529546
3374.00000000   -535.462439808788
3375.00000000   -535.410781193261
3376.00000000   -535.415542114935
3377.00000000   -535.427864096791
3378.00000000   -535.426082319112
3379.00000000   -535.404944076495
3380.00000000   -535.430045034773
338.00000000   -535.455533642214
3381.00000000   -535.449185327150
3382.00000000   -535.404800504340
3383.00000000   -535.429883512387
3384.00000000   -535.454558310481
3385.00000000   -535.446675632359
3386.00000000   -535.443644133485
3387.00000000   -535.447297216830
3388.00000000   -535.461013416342
3389.00000000   -535.439433237732
3390.00000000   -535.415916209168
339.00000000   -535.456284987158
3391.00000000   -535.396945357843
3392.00000000   -535.423939792012
3393.00000000   -535.430240462466
3394.00000000   -535.452731118070
3395.00000000   -535.449579465909
3396.00000000   -535.461366305848
3397.00000000   -535.457692585171
3398.00000000   -535.396088020313
3399.00000000   -535.439535502811
3400.00000000   -535.400614836939
340.00000000   -535.447560967195
34.00000000   -535.456486400482
3401.00000000   -535.448708237626
3402.00000000   -535.428969554466
3403.00000000   -535.449469982635
3404.00000000   -535.460661504056
3405.00000000   -535.424880809294
3406.00000000   -535.454669183468
3407.00000000   -535.441489607951
3408.00000000   -535.455634071638
3409.00000000   -535.435867301553
3410.00000000   -535.366107759465
341.00000000   -535.390211705464
3411.00000000   -535.458544189455
3412.00000000   -535.413155882133
3413.00000000   -535.462144488518
3414.00000000   -535.386785081296
3415.00000000   -535.443976217059
3416.00000000   -535.462821889872
3417.00000000   -535.396734041072
3418.00000000   -535.444477695335
3419.00000000   -535.411796461496
3420.00000000   -535.421740260551
342.00000000   -535.447132893135
3421.00000000   -535.438121513452
3422.00000000   -535.446774610240
3423.00000000   -535.360697365651
3424.00000000   -535.425818979816
3425.00000000   -535.409027368551
3426.00000000   -535.402562948638
3427.00000000   -535.425099981798
3428.00000000   -535.460841727165
3429.00000000   -535.452323261503
3430.00000000   -535.431279073635
343.00000000   -535.462061053505
3431.00000000   -535.443199211600
3432.00000000   -535.441576512005
3433.00000000   -535.459630653036
3434.00000000   -535.450688882033
3435.00000000   -535.393489327561
3436.00000000   -535.454946396087
3437.00000000   -535.454028967921
3438.00000000   -535.432329776017
3439.00000000   -535.414044197235
3440.00000000   -535.458680148903
344.00000000   -535.387526530256
3441.00000000   -535.433373532844
3442.00000000   -535.408228732142
3443.00000000   -535.459703170368
3444.00000000   -535.381243870973
3445.00000000   -535.457050602132
3446.00000000   -535.357591477961
3447.00000000   -535.457027956048
3448.00000000   -535.425039286052
3449.00000000   -535.444988389174
3450.00000000   -535.441836769556
345.00000000   -535.447943221352
3451.00000000   -535.440071151301
3452.00000000   -535.464560775873
3453.00000000   -535.406483502947
3454.00000000   -535.445950942011
3455.00000000   -535.450427425528
3456.00000000   -535.434274743715
3457.00000000   -535.413109118122
3458.00000000   -535.427563591174
3459.00000000   -535.450217537660
3460.00000000   -535.444496502677
346.00000000   -535.419991709333
3461.00000000   -535.460784399503
3462.00000000   -535.401214263791
3463.00000000   -535.452058269371
3464.00000000   -535.457036180146
3465.00000000   -535.452343229127
3466.00000000   -535.442259086531
3467.00000000   -535.407188917151
3468.00000000   -535.455539292500
3469.00000000   -535.446302795853
347.00000000   -535.378994665069
3471.00000000   -535.459410451632
3472.00000000   -535.365599028121
3473.00000000   -535.440133898583
3474.00000000   -535.403928814136
3475.00000000   -535.440975503069
3476.00000000   -535.389546825034
3477.00000000   -535.443360798575
3478.00000000   -535.423281354088
3479.00000000   -535.463095947702
3480.00000000   -535.451801192507
348.00000000   -535.456280868798
3481.00000000   -535.442595114777
3482.00000000   -535.432871452083
3483.00000000   -535.374182376455
3484.00000000   -535.459443745279
3485.00000000   -535.453724507797
3486.00000000   -535.456262903639
3487.00000000   -535.421104910367
3488.00000000   -535.444608632152
3489.00000000   -535.391799311991
3490.00000000   -535.422258188668
349.00000000   -535.459904438926
3491.00000000   -535.404525807950
3492.00000000   -535.458246693735
3493.00000000   -535.436949479828
3494.00000000   -535.445730452528
3495.00000000   -535.434948684290
3496.00000000   -535.429068683902
3497.00000000   -535.439761542446
3498.00000000   -535.447952739644
3499.00000000   -535.430851813570
3500.00000000   -535.425418101505
350.00000000   -535.423449767039
35.00000000   -535.459098612423
3501.00000000   -535.445535610573
3502.00000000   -535.420361517395
3503.00000000   -535.451255546337
3504.00000000   -535.415865694610
3505.00000000   -535.435152457780
3506.00000000   -535.445836275426
3507.00000000   -535.431051578205
3508.00000000   -535.453791568442
3509.00000000   -535.407335362224
3510.00000000   -535.399885331846
351.00000000   -535.446181780074
3511.00000000   -535.420755420960
3512.00000000   -535.426574989102
3513.00000000   -535.445810004636
3514.00000000   -535.408482793508
3515.00000000   -535.451468073965
3516.00000000   -535.414362379882
3517.00000000   -535.440012006706
3518.00000000   -535.446759947337
3519.00000000   -535.366705917917
3520.00000000   -535.374254391224
352.00000000   -535.464450312714
3521.00000000   -535.452413920651
3522.00000000   -535.436838087372
3523.00000000   -535.457976229988
3524.00000000   -535.454684731186
3525.00000000   -535.442017458136
3526.00000000   -535.418619420735
3527.00000000   -535.435061512620
3528.00000000   -535.420088229684
3529.00000000   -535.437588872641
3530.00000000   -535.459317415016
353.00000000   -535.429559066969
3531.00000000   -535.423068684380
3532.00000000   -535.445243300683
3533.00000000   -535.434728572684
3534.00000000   -535.434213161525
3535.00000000   -535.419797917183
3536.00000000   -535.433273180193
3537.00000000   -535.386940725102
3538.00000000   -535.435423963099
3539.00000000   -535.401804071360
3540.00000000   -535.345018387913
354.00000000   -535.347552873973
3541.00000000   -535.414470924808
3542.00000000   -535.423005358499
3543.00000000   -535.385725475086
3544.00000000   -535.382835663657
3545.00000000   -535.457650649955
3546.00000000   -535.459560971247
3547.00000000   -535.435549104103
3548.00000000   -535.420225032898
3549.00000000   -535.412436047146
3550.00000000   -535.435803005379
355.00000000   -535.443232441659
3551.00000000   -535.446462359892
3552.00000000   -535.432766962432
3553.00000000   -535.449897929617
3554.00000000   -535.440646883238
3555.00000000   -535.410838034932
3556.00000000   -535.387567903188
3557.00000000   -535.432413329714
3558.00000000   -535.369363425526
3559.00000000   -535.424815752237
3560.00000000   -535.460952366085
356.00000000   -535.438979573034
3561.00000000   -535.421300701228
3562.00000000   -535.420771979522
3563.00000000   -535.417138522779
3564.00000000   -535.452145950749
3565.00000000   -535.452867553639
3566.00000000   -535.431841421320
3567.00000000   -535.455039855165
3568.00000000   -535.417438948831
3569.00000000   -535.430071034849
3570.00000000   -535.448768525917
357.00000000   -535.412326291079
3571.00000000   -535.436705762930
3572.00000000   -535.398560573443
3573.00000000   -535.432660422357
3574.00000000   -535.398559379780
3575.00000000   -535.427096469715
3576.00000000   -535.444523422127
3577.00000000   -535.427518003726
3578.00000000   -535.454579802583
3579.00000000   -535.425223533847
3580.00000000   -535.370522046302
358.00000000   -535.428204764630
3581.00000000   -535.436927174172
3582.00000000   -535.443319045461
3583.00000000   -535.449076072756
3584.00000000   -535.393470140437
3585.00000000   -535.445718135190
3586.00000000   -535.446130489468
3587.00000000   -535.414857047894
3588.00000000   -535.387272303286
3589.00000000   -535.447333713201
3590.00000000   -535.447284962693
359.00000000   -535.457217499080
3591.00000000   -535.452685803710
3592.00000000   -535.426640573646
3593.00000000   -535.425426745625
3594.00000000   -535.455018977511
3595.00000000   -535.374916654094
3596.00000000   -535.448955678079
3597.00000000   -535.399771361341
3598.00000000   -535.392098293884
3599.00000000   -535.451970421123
3600.00000000   -535.443572095022
360.00000000   -535.461401061941
36.00000000   -535.455380520401
3601.00000000   -535.455189324123
3602.00000000   -535.432447698035
3603.00000000   -535.403165223631
3604.00000000   -535.427074305658
3605.00000000   -535.405597782374
3606.00000000   -535.434125113504
3607.00000000   -535.451209275056
3608.00000000   -535.409919381934
3609.00000000   -535.453074361135
3610.00000000   -535.361335677251
361.00000000   -535.453816417113
3611.00000000   -535.441818378719
3612.00000000   -535.449526422854
3613.00000000   -535.402073190275
3614.00000000   -535.454316018062
3615.00000000   -535.457651980800
3616.00000000   -535.419203631299
3617.00000000   -535.394643706044
3618.00000000   -535.431937200908
3619.00000000   -535.431381562663
3620.00000000   -535.453963471464
362.00000000   -535.440895710442
3621.00000000   -535.441174184510
3622.00000000   -535.409977860533
3623.00000000   -535.397383667809
3624.00000000   -535.447678434652
3625.00000000   -535.440781955571
3626.00000000   -535.442905920521
3627.00000000   -535.441239602083
3628.00000000   -535.418205181397
3629.00000000   -535.440035076484
3630.00000000   -535.385026780589
363.00000000   -535.402474962121
3631.00000000   -535.449714205181
3632.00000000   -535.438397999532
3633.00000000   -535.417284793239
3634.00000000   -535.407302558444
3635.00000000   -535.418254450934
3636.00000000   -535.432916369985
3637.00000000   -535.434067078243
3638.00000000   -535.452460683310
3639.00000000   -535.448365574339
3640.00000000   -535.453373432719
364.00000000   -535.448856448996
3641.00000000   -535.363354020086
3642.00000000   -535.433567226461
3643.00000000   -535.419295958228
3644.00000000   -535.422271189535
3645.00000000   -535.461502307836
3646.00000000   -535.442304372949
3647.00000000   -535.421435982773
3648.00000000   -535.453487296584
3649.00000000   -535.434898001624
3650.00000000   -535.460960888293
365.00000000   -535.391592990958
3651.00000000   -535.439998330658
3652.00000000   -535.452031114616
3653.00000000   -535.461129232579
3654.00000000   -535.345876432106
3655.00000000   -535.381219678656
3656.00000000   -535.460771425525
3657.00000000   -535.397336551202
3658.00000000   -535.459874779532
3659.00000000   -535.423785285764
3660.00000000   -535.416470291233
366.00000000   -535.461878805080
3661.00000000   -535.399547159340
3662.00000000   -535.461321113375
3663.00000000   -535.461196152377
3664.00000000   -535.436903559886
3665.00000000   -535.375783301984
3666.00000000   -535.441010277868
3667.00000000   -535.445247556089
3668.00000000   -535.452617146564
3669.00000000   -535.460287953851
3670.00000000   -535.435913378430
367.00000000   -535.453786168533
3671.00000000   -535.449535982874
3672.00000000   -535.431362282296
3673.00000000   -535.447143634707
3674.00000000   -535.428685259914
3675.00000000   -535.453559780439
3676.00000000   -535.445808762871
3677.00000000   -535.414895697525
3678.00000000   -535.395625055570
3679.00000000   -535.376839434953
3680.00000000   -535.434957238830
368.00000000   -535.442835851855
3681.00000000   -535.376406270425
3682.00000000   -535.451419880673
3683.00000000   -535.429742545001
3684.00000000   -535.445607790272
3685.00000000   -535.432214443350
3686.00000000   -535.418292232936
3687.00000000   -535.455114281619
3688.00000000   -535.445898523821
3689.00000000   -535.444266110507
3690.00000000   -535.462912469695
369.00000000   -535.450428971136
3691.00000000   -535.428710071323
3692.00000000   -535.447483487532
3693.00000000   -535.383634459848
3694.00000000   -535.430990928266
3695.00000000   -535.443634137211
3696.00000000   -535.458451395226
3697.00000000   -535.446684617746
3698.00000000   -535.442393542180
3699.00000000   -535.437122964527
3700.00000000   -535.463995096902
370.00000000   -535.445118037009
37.00000000   -535.458497800041
3701.00000000   -535.395661580821
3702.00000000   -535.421886452667
3703.00000000   -535.451269056443
3704.00000000   -535.438372789436
3705.00000000   -535.444233785163
3706.00000000   -535.463660925255
3707.00000000   -535.430539166107
3708.00000000   -535.453641689835
3709.00000000   -535.429368398755
3710.00000000   -535.452468072494
371.00000000   -535.370340125747
3711.00000000   -535.350636641602
3712.00000000   -535.444710441886
3713.00000000   -535.458755963912
3714.00000000   -535.425509142855
3715.00000000   -535.452429529855
3716.00000000   -535.437365559100
3717.00000000   -535.417090032601
3718.00000000   -535.403690088687
3719.00000000   -535.428984652767
3720.00000000   -535.458039263523
372.00000000   -535.442728702376
3721.00000000   -535.431710742438
3722.00000000   -535.431294340284
3723.00000000   -535.457916296191
3724.00000000   -535.428589240961
3725.00000000   -535.444052623274
3726.00000000   -535.445026964286
3727.00000000   -535.440399382311
3728.00000000   -535.378031878422
3729.00000000   -535.435879019792
3730.00000000   -535.420633358802
373.00000000   -535.456728401958
3731.00000000   -535.457252209784
3732.00000000   -535.446365813738
3733.00000000   -535.446022319393
3734.00000000   -535.406185506257
3735.00000000   -535.441114775086
3736.00000000   -535.420594439148
3737.00000000   -535.435733753033
3738.00000000   -535.439496548852
3739.00000000   -535.457867746419
3740.00000000   -535.389681071375
374.00000000   -535.432528991988
3741.00000000   -535.442902236570
3742.00000000   -535.418475384500
3743.00000000   -535.462132214420
3744.00000000   -535.444451062522
3745.00000000   -535.438282633492
3746.00000000   -535.457737814734
3747.00000000   -535.437554633783
3748.00000000   -535.444544971222
3749.00000000   -535.425436355775
3750.00000000   -535.383830855427
375.00000000   -535.442786053643
3751.00000000   -535.456898472278
3752.00000000   -535.446497356124
3753.00000000   -535.437329444170
3754.00000000   -535.452546437542
3755.00000000   -535.441256715702
3756.00000000   -535.459506501282
3757.00000000   -535.451759553378
3758.00000000   -535.447182233807
3759.00000000   -535.448343545113
3760.00000000   -535.463821019598
376.00000000   -535.449086326682
3761.00000000   -535.459568052687
3762.00000000   -535.382999778514
3763.00000000   -535.456405312374
3764.00000000   -535.442245314798
3765.00000000   -535.459065824596
3766.00000000   -535.335505157881
3767.00000000   -535.449808848658
3768.00000000   -535.430431814918
3769.00000000   -535.461878676353
3770.00000000   -535.435478116923
377.00000000   -535.413689773535
3771.00000000   -535.429214453850
3772.00000000   -535.448731455243
3773.00000000   -535.453061167083
3774.00000000   -535.438018874394
3775.00000000   -535.444860669068
3776.00000000   -535.455500378798
3777.00000000   -535.444896892759
3778.00000000   -535.410475389461
3779.00000000   -535.431220142952
3780.00000000   -535.440388376856
378.00000000   -535.453890955794
3781.00000000   -535.445058858255
3782.00000000   -535.435483541144
3783.00000000   -535.454580591892
3784.00000000   -535.405966455043
3785.00000000   -535.444963640261
3786.00000000   -535.426496086196
3787.00000000   -535.445148030508
3788.00000000   -535.454496977339
3789.00000000   -535.462241781159
3790.00000000   -535.456592444946
379.00000000   -535.448736396763
3791.00000000   -535.409488963143
3792.00000000   -535.441331109114
3793.00000000   -535.430886146977
3794.00000000   -535.437491966488
3795.00000000   -535.451320848994
3796.00000000   -535.432387521422
3797.00000000   -535.436474605075
3798.00000000   -535.437779073413
3799.00000000   -535.438938274834
3800.00000000   -535.388173457204
380.00000000   -535.442049577336
38.00000000   -535.454189245895
3801.00000000   -535.436908580340
3802.00000000   -535.411669217998
3803.00000000   -535.438874459605
3804.00000000   -535.447351559398
3805.00000000   -535.411012081302
3806.00000000   -535.427630421348
3807.00000000   -535.429127412536
3808.00000000   -535.383644709534
3809.00000000   -535.445705253208
3810.00000000   -535.440879231680
381.00000000   -535.449518926206
3811.00000000   -535.404777319428
3812.00000000   -535.438241790400
3813.00000000   -535.445822673602
3814.00000000   -535.421955130560
3815.00000000   -535.434360124496
3816.00000000   -535.389517766910
3817.00000000   -535.420353585707
3818.00000000   -535.449736295201
3819.00000000   -535.445737880045
3820.00000000   -535.450599497742
382.00000000   -535.447968241859
3821.00000000   -535.448819322476
3822.00000000   -535.451540653955
3823.00000000   -535.459988068512
3824.00000000   -535.446487464902
3825.00000000   -535.462710921791
3826.00000000   -535.424173426957
3827.00000000   -535.383960021934
3828.00000000   -535.413160078670
3829.00000000   -535.427662615122
3830.00000000   -535.450696109056
383.00000000   -535.379001470628
3831.00000000   -535.438441422528
3832.00000000   -535.457335617632
3833.00000000   -535.441822806241
3834.00000000   -535.440205827584
3835.00000000   -535.452770488563
3836.00000000   -535.437996138146
3837.00000000   -535.460083664717
3838.00000000   -535.445606814184
3839.00000000   -535.451659853023
3840.00000000   -535.457412849745
384.00000000   -535.440153943214
3841.00000000   -535.420734138613
3842.00000000   -535.461195721372
3843.00000000   -535.450649559117
3844.00000000   -535.380417712088
3845.00000000   -535.438790837250
3846.00000000   -535.431425770965
3847.00000000   -535.449564359237
3848.00000000   -535.440824056515
3849.00000000   -535.445418360177
3850.00000000   -535.427847129807
385.00000000   -535.389340561433
3851.00000000   -535.417628949075
3852.00000000   -535.409807344095
3853.00000000   -535.411340134459
3854.00000000   -535.453484647472
3855.00000000   -535.420372051969
3856.00000000   -535.438005934234
3857.00000000   -535.455510443131
3858.00000000   -535.388839125169
3859.00000000   -535.443964506213
3860.00000000   -535.448761241243
386.00000000   -535.439906558019
3861.00000000   -535.428934664565
3862.00000000   -535.446511641021
3863.00000000   -535.441888811523
3864.00000000   -535.411317076928
3865.00000000   -535.446395665927
3866.00000000   -535.444822324701
3867.00000000   -535.462458514959
3868.00000000   -535.451844960535
3869.00000000   -535.433325290957
3870.00000000   -535.424716880574
387.00000000   -535.456728658611
3871.00000000   -535.436655051800
3872.00000000   -535.445841806393
3873.00000000   -535.431271806995
3874.00000000   -535.443622143007
3875.00000000   -535.431447350514
3876.00000000   -535.452399525484
3877.00000000   -535.458666578351
3878.00000000   -535.432579594064
3879.00000000   -535.438409546060
3880.00000000   -535.458090633069
388.00000000   -535.436850089495
3881.00000000   -535.450939531125
3882.00000000   -535.452614595725
3883.00000000   -535.439755349978
3884.00000000   -535.456721820074
3885.00000000   -535.422720842049
3886.00000000   -535.450301152453
3887.00000000   -535.440926040907
3888.00000000   -535.447509219983
3889.00000000   -535.457690185312
3890.00000000   -535.434979241963
389.00000000   -535.421495014059
3891.00000000   -535.462466266741
3892.00000000   -535.441823385496
3893.00000000   -535.427884995454
3894.00000000   -535.443687690950
3895.00000000   -535.459488111721
3896.00000000   -535.440357021648
3897.00000000   -535.397498386259
3898.00000000   -535.423234334397
3899.00000000   -535.448054690297
3900.00000000   -535.445163884075
390.00000000   -535.451388062804
39.00000000   -535.457873263723
3901.00000000   -535.422478842342
3902.00000000   -535.440445603001
3903.00000000   -535.447284200963
3904.00000000   -535.455465045792
3905.00000000   -535.435735049033
3906.00000000   -535.445056759334
3907.00000000   -535.435297015893
3908.00000000   -535.437127966290
3909.00000000   -535.436903915436
3910.00000000   -535.452985839312
391.00000000   -535.450870287854
3911.00000000   -535.457436438312
3912.00000000   -535.431315269965
3913.00000000   -535.455913276672
3914.00000000   -535.427822531039
3915.00000000   -535.424316036862
3916.00000000   -535.370627120036
3917.00000000   -535.445939170564
3918.00000000   -535.352359507670
3919.00000000   -535.450101281515
3920.00000000   -535.441130519096
392.00000000   -535.431227075943
3921.00000000   -535.398281950888
3922.00000000   -535.450455231792
3923.00000000   -535.441495955400
3924.00000000   -535.459393942767
3925.00000000   -535.460432786017
3926.00000000   -535.456841220309
3927.00000000   -535.425128069218
3928.00000000   -535.436008465859
3929.00000000   -535.442922124313
3930.00000000   -535.442630358351
393.00000000   -535.305037486170
3931.00000000   -535.459869040334
3932.00000000   -535.413305895239
3933.00000000   -535.365774481000
3934.00000000   -535.417277635655
3935.00000000   -535.448849208809
3936.00000000   -535.449662987943
3937.00000000   -535.405646967952
3938.00000000   -535.452173894214
3939.00000000   -535.453250075386
3940.00000000   -535.433913514090
394.00000000   -535.448454449493
3941.00000000   -535.426645766381
3942.00000000   -535.416142010576
3943.00000000   -535.371459130512
3944.00000000   -535.458775564899
3945.00000000   -535.399130664406
3946.00000000   -535.421849297800
3947.00000000   -535.436248181593
3948.00000000   -535.398116832975
3949.00000000   -535.432045752466
3950.00000000   -535.456680110943
395.00000000   -535.385607900615
3951.00000000   -535.434119368426
3952.00000000   -535.458196886960
3953.00000000   -535.401124844775
3954.00000000   -535.455843497880
3955.00000000   -535.454417270361
3956.00000000   -535.444500589444
3957.00000000   -535.462725055311
3958.00000000   -535.463071001056
3959.00000000   -535.453493591348
3960.00000000   -535.422573535146
396.00000000   -535.430354062011
3961.00000000   -535.415578625369
3962.00000000   -535.439312756619
3963.00000000   -535.421469852794
3964.00000000   -535.439132599253
3965.00000000   -535.433880628374
3966.00000000   -535.440673494088
3967.00000000   -535.439836489259
3968.00000000   -535.446838828642
3969.00000000   -535.442036204844
3970.00000000   -535.462484299068
397.00000000   -535.445384315234
3971.00000000   -535.449344023335
3972.00000000   -535.439903889914
3973.00000000   -535.394769962115
3974.00000000   -535.440430464938
3975.00000000   -535.409234198377
3976.00000000   -535.389531687222
3977.00000000   -535.443499168783
3978.00000000   -535.433114004467
3979.00000000   -535.432226808595
3980.00000000   -535.460977133090
398.00000000   -535.456493162673
3981.00000000   -535.454312537236
3982.00000000   -535.457587464468
3983.00000000   -535.444751633439
3984.00000000   -535.408437836568
3985.00000000   -535.403166998737
3986.00000000   -535.437675744825
3987.00000000   -535.421472776451
3988.00000000   -535.400684910950
3989.00000000   -535.407233846749
3990.00000000   -535.391421422406
399.00000000   -535.456296792278
3991.00000000   -535.445449160429
3992.00000000   -535.452431048997
3993.00000000   -535.455351879990
3994.00000000   -535.455953351355
3995.00000000   -535.430197658550
3996.00000000   -535.447659722386
3997.00000000   -535.438629296472
3998.00000000   -535.354145940490
3999.00000000   -535.433307202364
4000.00000000   -535.448486482568
400.00000000   -535.456698651235
40.00000000   -535.452909668957
4.00000000   -535.464548180037
4001.00000000   -535.406233968091
4002.00000000   -535.409542984191
4003.00000000   -535.457500894592
4004.00000000   -535.443243600124
4005.00000000   -535.445449579868
4006.00000000   -535.422661527424
4007.00000000   -535.455246030583
4008.00000000   -535.425546126671
4009.00000000   -535.456523521480
4010.00000000   -535.461552264116
401.00000000   -535.459335563007
4011.00000000   -535.454552930604
4012.00000000   -535.394627966194
4013.00000000   -535.439983780222
4014.00000000   -535.432050542504
4015.00000000   -535.462749076273
4016.00000000   -535.449959985441
4017.00000000   -535.432918135507
4018.00000000   -535.449231433977
4019.00000000   -535.395839887659
4020.00000000   -535.371369597400
402.00000000   -535.434010105890
4021.00000000   -535.453081933148
4022.00000000   -535.446315887109
4023.00000000   -535.417102681800
4024.00000000   -535.437176191108
4025.00000000   -535.418751913797
4026.00000000   -535.405945970339
4027.00000000   -535.443456992108
4028.00000000   -535.426499829486
4029.00000000   -535.454254425674
4030.00000000   -535.461152775416
403.00000000   -535.439649309542
4031.00000000   -535.447176908003
4032.00000000   -535.461474642110
4033.00000000   -535.436138659142
4034.00000000   -535.445758720679
4035.00000000   -535.358973029968
4036.00000000   -535.448942088116
4037.00000000   -535.417850828950
4038.00000000   -535.453148899199
4039.00000000   -535.436226827940
4040.00000000   -535.442532616100
404.00000000   -535.441020835427
4041.00000000   -535.421216898676
4042.00000000   -535.453890951176
4043.00000000   -535.351823881184
4044.00000000   -535.415320962063
4045.00000000   -535.447948763681
4046.00000000   -535.420852618105
4047.00000000   -535.446950718182
4048.00000000   -535.433892206884
4049.00000000   -535.446864060407
4050.00000000   -535.435416272366
405.00000000   -535.451269472325
4051.00000000   -535.441346805321
4052.00000000   -535.442547101253
4053.00000000   -535.451044696767
4054.00000000   -535.444725004228
4055.00000000   -535.438369629781
4056.00000000   -535.452515254814
4057.00000000   -535.456330447022
4058.00000000   -535.433363579286
4059.00000000   -535.449147457031
4060.00000000   -535.420353708775
406.00000000   -535.431193299773
4061.00000000   -535.462673387181
4062.00000000   -535.386502171793
4063.00000000   -535.400136936364
4064.00000000   -535.453531843021
4065.00000000   -535.437746848152
4066.00000000   -535.299853792334
4067.00000000   -535.446700026079
4068.00000000   -535.442014003509
4069.00000000   -535.460864448990
4070.00000000   -535.456988945283
407.00000000   -535.427243213455
4071.00000000   -535.447049977683
4072.00000000   -535.453627011900
4073.00000000   -535.413525668335
4074.00000000   -535.414883690840
4075.00000000   -535.431350861361
4076.00000000   -535.440485226298
4077.00000000   -535.386997349799
4078.00000000   -535.427694182200
4079.00000000   -535.450337266921
4080.00000000   -535.414301354660
408.00000000   -535.426347186153
4081.00000000   -535.448215999529
4082.00000000   -535.447018402834
4083.00000000   -535.355974288535
4084.00000000   -535.453177833880
4085.00000000   -535.424127066130
4086.00000000   -535.419442623592
4087.00000000   -535.339275662302
4088.00000000   -535.426964567867
4089.00000000   -535.460974797066
4090.00000000   -535.452355448635
409.00000000   -535.435453077759
4091.00000000   -535.433626834695
4092.00000000   -535.449548145085
4093.00000000   -535.449446995938
4094.00000000   -535.445137746156
4095.00000000   -535.418060148636
4096.00000000   -535.436438721844
4097.00000000   -535.453696975415
4098.00000000   -535.463550283248
4099.00000000   -535.445050369008
4100.00000000   -535.452711291401
410.00000000   -535.423377748169
41.00000000   -535.457225924810
4101.00000000   -535.462763452818
4102.00000000   -535.403013464808
4103.00000000   -535.417285629220
4104.00000000   -535.459112039837
4105.00000000   -535.436950085082
4106.00000000   -535.443939549170
4107.00000000   -535.458866988334
4108.00000000   -535.460908957091
4109.00000000   -535.443918123119
4110.00000000   -535.412351017577
411.00000000   -535.396313333551
4111.00000000   -535.444635129742
4112.00000000   -535.420155104081
4113.00000000   -535.424505589847
4114.00000000   -535.346243864317
4115.00000000   -535.454976842341
4116.00000000   -535.451567769207
4117.00000000   -535.458826491296
4118.00000000   -535.443431413162
4119.00000000   -535.415400243174
4120.00000000   -535.462874987181
412.00000000   -535.455267023950
4121.00000000   -535.391962875089
4122.00000000   -535.425271333487
4123.00000000   -535.440989289769
4124.00000000   -535.461504448273
4125.00000000   -535.421423032458
4126.00000000   -535.436009290009
4127.00000000   -535.439108822827
4128.00000000   -535.461302287062
4129.00000000   -535.418870648551
4130.00000000   -535.429905733187
413.00000000   -535.434204028004
4131.00000000   -535.449372159441
4132.00000000   -535.456912709609
4133.00000000   -535.447674022302
4134.00000000   -535.438052076009
4135.00000000   -535.449164746953
4136.00000000   -535.432623617326
4137.00000000   -535.457469895204
4138.00000000   -535.415352899988
4139.00000000   -535.440684976195
4140.00000000   -535.448752252298
414.00000000   -535.450272590452
4141.00000000   -535.425284182419
4142.00000000   -535.455245041471
4143.00000000   -535.447613815229
4144.00000000   -535.447152489319
4145.00000000   -535.449091842600
4146.00000000   -535.403531942903
4147.00000000   -535.449721064389
4148.00000000   -535.418336488489
4149.00000000   -535.425409695845
4150.00000000   -535.452012306733
415.00000000   -535.459978165120
4151.00000000   -535.374879598965
4152.00000000   -535.460594861741
4153.00000000   -535.437614582083
4154.00000000   -535.445092698614
4155.00000000   -535.438394290052
4156.00000000   -535.431174762528
4157.00000000   -535.412336309525
4158.00000000   -535.443111083627
4159.00000000   -535.456185379348
4160.00000000   -535.438819531279
416.00000000   -535.411288740372
4161.00000000   -535.438605664036
4162.00000000   -535.448166897027
4163.00000000   -535.463507209127
4164.00000000   -535.430614076267
4165.00000000   -535.449594545350
4166.00000000   -535.410386899122
4167.00000000   -535.457018213373
4168.00000000   -535.456021444086
4169.00000000   -535.421678873706
4170.00000000   -535.420452710491
417.00000000   -535.458782162756
4171.00000000   -535.450438988399
4172.00000000   -535.399626606774
4173.00000000   -535.452633399908
4174.00000000   -535.361115340938
4175.00000000   -535.432369384556
4176.00000000   -535.460996984144
4177.00000000   -535.373338297956
4178.00000000   -535.446039871514
4179.00000000   -535.447900358316
4180.00000000   -535.413985090213
418.00000000   -535.451669657259
4181.00000000   -535.372710478885
4182.00000000   -535.463539672480
4183.00000000   -535.405168008273
4184.00000000   -535.457201756911
4185.00000000   -535.451643559900
4186.00000000   -535.414743320357
4187.00000000   -535.449128815930
4188.00000000   -535.425280805035
4189.00000000   -535.459973088979
4190.00000000   -535.377638176716
419.00000000   -535.426203944585
4191.00000000   -535.413931770233
4192.00000000   -535.442880579300
4193.00000000   -535.456790991417
4194.00000000   -535.463132634320
4195.00000000   -535.452300466266
4196.00000000   -535.449606101120
4197.00000000   -535.449500225270
4198.00000000   -535.416556265948
4199.00000000   -535.462695760098
4200.00000000   -535.413067143271
420.00000000   -535.417411769363
42.00000000   -535.450073497273
4201.00000000   -535.448380320963
4202.00000000   -535.428180850626
4203.00000000   -535.438911759295
4204.00000000   -535.440427108008
4205.00000000   -535.444223691006
4206.00000000   -535.458249056153
4207.00000000   -535.401856442844
4208.00000000   -535.424959824298
4209.00000000   -535.410458723528
4210.00000000   -535.452111799629
421.00000000   -535.444546244981
4211.00000000   -535.425458132869
4212.00000000   -535.403142315410
4213.00000000   -535.442199842754
4214.00000000   -535.441219695080
4215.00000000   -535.437790786998
4216.00000000   -535.424776599986
4217.00000000   -535.401935813094
4218.00000000   -535.428354632848
4219.00000000   -535.454144528349
4220.00000000   -535.405946647850
422.00000000   -535.457389540389
4221.00000000   -535.424923286728
4222.00000000   -535.421807007022
4223.00000000   -535.456354728640
4224.00000000   -535.452564243309
4225.00000000   -535.454837255530
4226.00000000   -535.447212595560
4227.00000000   -535.444588581577
4228.00000000   -535.446317645918
4229.00000000   -535.441774375861
4230.00000000   -535.438667539379
423.00000000   -535.452613206249
4231.00000000   -535.426969885513
4232.00000000   -535.455769928835
4233.00000000   -535.456402257792
4234.00000000   -535.400426831428
4235.00000000   -535.362876600747
4236.00000000   -535.423337493233
4237.00000000   -535.410963288969
4238.00000000   -535.450316099903
4239.00000000   -535.414795962936
4240.00000000   -535.424076580463
424.00000000   -535.460551936789
4241.00000000   -535.450978109674
4242.00000000   -535.370907237042
4243.00000000   -535.372022528173
4244.00000000   -535.429900988432
4245.00000000   -535.449558659758
4246.00000000   -535.382287365635
4247.00000000   -535.442516840529
4248.00000000   -535.453755084738
4249.00000000   -535.455373934400
4250.00000000   -535.429167372094
425.00000000   -535.463826692406
4251.00000000   -535.414745590060
4252.00000000   -535.448471238170
4253.00000000   -535.415554596232
4254.00000000   -535.457302195743
4255.00000000   -535.445388639194
4256.00000000   -535.427755160026
4257.00000000   -535.443472885330
4258.00000000   -535.451106180683
4259.00000000   -535.444519822642
4260.00000000   -535.395876961725
426.00000000   -535.433613357039
4261.00000000   -535.416265310683
4262.00000000   -535.438522616039
4263.00000000   -535.439169886214
4264.00000000   -535.392091609888
4265.00000000   -535.433722592951
4266.00000000   -535.416008833499
4267.00000000   -535.418065753454
4268.00000000   -535.462446563528
4269.00000000   -535.453898184800
4270.00000000   -535.377702251675
427.00000000   -535.463190442062
4271.00000000   -535.446679497747
4272.00000000   -535.457909897988
4273.00000000   -535.384325548013
4274.00000000   -535.443946620853
4275.00000000   -535.453813939163
4276.00000000   -535.453426486981
4277.00000000   -535.443901502757
4278.00000000   -535.449767969443
4279.00000000   -535.436128864692
4280.00000000   -535.408585139123
428.00000000   -535.433784041501
4281.00000000   -535.451052258245
4282.00000000   -535.446870875504
4283.00000000   -535.455543983839
4284.00000000   -535.412196040398
4285.00000000   -535.449060361279
4286.00000000   -535.375384113113
4287.00000000   -535.461133483981
4288.00000000   -535.426563524980
4289.00000000   -535.444637259291
4290.00000000   -535.379339424577
429.00000000   -535.385150512050
4291.00000000   -535.454015412155
4292.00000000   -535.384050495328
4293.00000000   -535.463272291262
4294.00000000   -535.423093485527
4295.00000000   -535.440866897011
4296.00000000   -535.420045378075
4297.00000000   -535.435414291271
4298.00000000   -535.401783234566
4299.00000000   -535.411415709435
4300.00000000   -535.384582846622
430.00000000   -535.457019957727
43.00000000   -535.455866388039
4301.00000000   -535.441977404308
4302.00000000   -535.402251511505
4303.00000000   -535.462038290407
4304.00000000   -535.444235243085
4305.00000000   -535.400130906608
4306.00000000   -535.463774530218
4307.00000000   -535.361993809086
4308.00000000   -535.442379423897
4309.00000000   -535.438795493544
4310.00000000   -535.458800799021
431.00000000   -535.463627720284
4311.00000000   -535.445552200296
4312.00000000   -535.436725196103
4313.00000000   -535.441675082747
4314.00000000   -535.422789797300
4315.00000000   -535.299944933155
4316.00000000   -535.424527211015
4317.00000000   -535.433872556585
4318.00000000   -535.450094155148
4319.00000000   -535.456370611673
4320.00000000   -535.450392640889
432.00000000   -535.460388529086
4321.00000000   -535.437281029613
4322.00000000   -535.445387968429
4323.00000000   -535.431400946112
4324.00000000   -535.444059533296
4325.00000000   -535.453571586062
4326.00000000   -535.434181299398
4327.00000000   -535.445860389817
4328.00000000   -535.457569469236
4329.00000000   -535.372604999907
4330.00000000   -535.427602966087
433.00000000   -535.398207805983
4331.00000000   -535.426863384153
4332.00000000   -535.453171937240
4333.00000000   -535.435587259355
4334.00000000   -535.415857100218
4335.00000000   -535.455866516105
4336.00000000   -535.395107986125
4337.00000000   -535.378361346642
4338.00000000   -535.443136599979
4339.00000000   -535.454209194790
4340.00000000   -535.415300429553
434.00000000   -535.385991801545
4341.00000000   -535.445994326247
4342.00000000   -535.445782710121
4343.00000000   -535.440567447959
4344.00000000   -535.453863517097
4345.00000000   -535.450825018519
4346.00000000   -535.405210177763
4347.00000000   -535.375042611357
4348.00000000   -535.435878260494
4349.00000000   -535.446738808710
4350.00000000   -535.454095961191
435.00000000   -535.453090337753
4351.00000000   -535.463001482299
4352.00000000   -535.444389412613
4353.00000000   -535.428087107359
4354.00000000   -535.430937861132
4355.00000000   -535.459614252279
4356.00000000   -535.439654925240
4357.00000000   -535.434259437478
4358.00000000   -535.425105752800
4359.00000000   -535.462713543270
4360.00000000   -535.456593762553
436.00000000   -535.405052974138
4361.00000000   -535.425925775196
4362.00000000   -535.433589925443
4363.00000000   -535.449524475390
4364.00000000   -535.426399127390
4365.00000000   -535.434903500759
4366.00000000   -535.431662430858
4367.00000000   -535.449335538094
4368.00000000   -535.458000881874
4369.00000000   -535.426467476197
4370.00000000   -535.447598276499
437.00000000   -535.417863621766
4371.00000000   -535.449550838150
4372.00000000   -535.445600209896
4373.00000000   -535.452333385901
4374.00000000   -535.408136280027
4375.00000000   -535.433223160641
4376.00000000   -535.442632719819
4377.00000000   -535.447470406438
4378.00000000   -535.450669743108
4379.00000000   -535.433023209265
4380.00000000   -535.422201552021
438.00000000   -535.459615970621
4381.00000000   -535.456914455941
4382.00000000   -535.446781952808
4383.00000000   -535.454069107389
4384.00000000   -535.421395537313
4385.00000000   -535.416987908703
4386.00000000   -535.428630808826
4387.00000000   -535.427584717720
4388.00000000   -535.451358607232
4389.00000000   -535.440998455818
4390.00000000   -535.459503627345
439.00000000   -535.460694695425
4391.00000000   -535.456361511628
4392.00000000   -535.420242781183
4393.00000000   -535.452376320657
4394.00000000   -535.441105228489
4395.00000000   -535.439263028341
4396.00000000   -535.458336579352
4397.00000000   -535.386580254572
4398.00000000   -535.443755599127
4399.00000000   -535.387465341720
4400.00000000   -535.352347571428
440.00000000   -535.461187127778
44.00000000   -535.446846779342
4401.00000000   -535.421425086556
4402.00000000   -535.385643235358
4403.00000000   -535.425235468583
4404.00000000   -535.436466132936
4405.00000000   -535.457087438459
4406.00000000   -535.440763905422
4407.00000000   -535.441737689486
4408.00000000   -535.391087846207
4409.00000000   -535.435164398587
4410.00000000   -535.442538130931
441.00000000   -535.461801231098
4411.00000000   -535.380555932043
4412.00000000   -535.368339503835
4413.00000000   -535.452313651977
4414.00000000   -535.402015470815
4415.00000000   -535.391753424087
4416.00000000   -535.445985251189
4417.00000000   -535.455620360637
4418.00000000   -535.429450866931
4419.00000000   -535.409559390411
4420.00000000   -535.410974735645
442.00000000   -535.444314839576
4421.00000000   -535.422160701273
4422.00000000   -535.454113122361
4423.00000000   -535.422799182777
4424.00000000   -535.436793241729
4425.00000000   -535.457680357104
4426.00000000   -535.434683364339
4427.00000000   -535.458641854137
4428.00000000   -535.449771476010
4429.00000000   -535.424279732894
4430.00000000   -535.453274170769
443.00000000   -535.451257148730
4431.00000000   -535.398658778542
4432.00000000   -535.451442286247
4433.00000000   -535.429955791404
4434.00000000   -535.426360271961
4435.00000000   -535.438041361606
4436.00000000   -535.428716521193
4437.00000000   -535.419229029114
4438.00000000   -535.434380644522
4439.00000000   -535.416985371920
4440.00000000   -535.442122257426
444.00000000   -535.458249791354
4441.00000000   -535.410345790274
4442.00000000   -535.411777199122
4443.00000000   -535.388172700107
4444.00000000   -535.454796677622
4445.00000000   -535.434847715742
4446.00000000   -535.456330793755
4447.00000000   -535.436562084896
4448.00000000   -535.444146465565
4449.00000000   -535.431580905170
4450.00000000   -535.442544451909
445.00000000   -535.424189336495
4451.00000000   -535.447355866879
4452.00000000   -535.419550959103
4453.00000000   -535.386699488192
4454.00000000   -535.434042449792
4455.00000000   -535.432039853806
4456.00000000   -535.401736627648
4457.00000000   -535.454725138268
4458.00000000   -535.415834938603
4459.00000000   -535.451674605926
4460.00000000   -535.445602710467
446.00000000   -535.423834056175
4461.00000000   -535.435195298424
4462.00000000   -535.433251991014
4463.00000000   -535.447686050448
4464.00000000   -535.438725348103
4465.00000000   -535.436494066765
4466.00000000   -535.420796982164
4467.00000000   -535.432341003359
4468.00000000   -535.411448982910
4469.00000000   -535.420752044877
4470.00000000   -535.396273060182
447.00000000   -535.439729714026
4471.00000000   -535.433385276422
4472.00000000   -535.440243747911
4473.00000000   -535.377491003213
4474.00000000   -535.439847951026
4475.00000000   -535.437450750077
4476.00000000   -535.429070190821
4477.00000000   -535.454676803622
4478.00000000   -535.352208480495
4479.00000000   -535.451668918544
4480.00000000   -535.434913152066
448.00000000   -535.422489326109
4481.00000000   -535.462580274915
4482.00000000   -535.455276643998
4483.00000000   -535.453837423103
4484.00000000   -535.427205216975
4485.00000000   -535.414651583810
4486.00000000   -535.459076819977
4487.00000000   -535.424207649094
4488.00000000   -535.440708536752
4489.00000000   -535.463272407737
4490.00000000   -535.406770802268
449.00000000   -535.402511378642
4491.00000000   -535.442551659086
4492.00000000   -535.452185180903
4493.00000000   -535.461134197998
4494.00000000   -535.455339728192
4495.00000000   -535.445236215896
4496.00000000   -535.455028884858
4497.00000000   -535.408600695717
4498.00000000   -535.431064527839
4499.00000000   -535.428581839810
4500.00000000   -535.458478405588
450.00000000   -535.457585147862
45.00000000   -535.454426027745
4501.00000000   -535.432717864775
4502.00000000   -535.456657145668
4503.00000000   -535.438897751908
4504.00000000   -535.455341048270
4505.00000000   -535.429084234983
4506.00000000   -535.427254942382
4507.00000000   -535.450307174942
4508.00000000   -535.450646469802
4509.00000000   -535.428102663583
4510.00000000   -535.459790871642
451.00000000   -535.421837343938
4511.00000000   -535.452162827491
4512.00000000   -535.419058238357
4513.00000000   -535.449012425134
4514.00000000   -535.403038984145
4515.00000000   -535.425763009295
4516.00000000   -535.419923376997
4517.00000000   -535.439582269198
4518.00000000   -535.453282747930
4519.00000000   -535.447265112805
4520.00000000   -535.400747908227
452.00000000   -535.461472994354
4521.00000000   -535.442395011258
4522.00000000   -535.451361224898
4523.00000000   -535.435101856110
4524.00000000   -535.454527223454
4525.00000000   -535.402674260161
4526.00000000   -535.431327134766
4527.00000000   -535.460809017802
4528.00000000   -535.426368471390
4529.00000000   -535.410146709840
4530.00000000   -535.334445565487
453.00000000   -535.459593870939
4531.00000000   -535.453803355235
4532.00000000   -535.462231816096
4533.00000000   -535.443094652597
4534.00000000   -535.424039135597
4535.00000000   -535.439017770256
4536.00000000   -535.455979631711
4537.00000000   -535.439605951850
4538.00000000   -535.448058457603
4539.00000000   -535.446657872026
4540.00000000   -535.415505469975
454.00000000   -535.462161913766
4541.00000000   -535.463759662597
4542.00000000   -535.442171560032
4543.00000000   -535.450374679389
4544.00000000   -535.429218596837
4545.00000000   -535.458008983081
4546.00000000   -535.431623525413
4547.00000000   -535.437906735047
4548.00000000   -535.456184341215
4549.00000000   -535.430679321966
4550.00000000   -535.454528148209
455.00000000   -535.457941899046
4551.00000000   -535.461509356346
4552.00000000   -535.455501704968
4553.00000000   -535.441313081984
4554.00000000   -535.432024618335
4555.00000000   -535.424174873356
4556.00000000   -535.455225350665
4557.00000000   -535.410274553994
4558.00000000   -535.421508077453
4559.00000000   -535.429524416146
4560.00000000   -535.463998087485
456.00000000   -535.416360973852
4561.00000000   -535.415169298983
4562.00000000   -535.443515801811
4563.00000000   -535.449836480543
4564.00000000   -535.464206310027
4565.00000000   -535.448594826628
4566.00000000   -535.388638179703
4567.00000000   -535.457614692611
4568.00000000   -535.459427321972
4569.00000000   -535.446943652285
4570.00000000   -535.432953831886
457.00000000   -535.421520520464
4571.00000000   -535.444844905709
4572.00000000   -535.429188711890
4573.00000000   -535.431749862293
4574.00000000   -535.440874474409
4575.00000000   -535.416122076628
4576.00000000   -535.396193157479
4577.00000000   -535.424194216517
4578.00000000   -535.443332249822
4579.00000000   -535.431741351487
4580.00000000   -535.462875881642
458.00000000   -535.453447644775
4581.00000000   -535.445740349939
4582.00000000   -535.421295269353
4583.00000000   -535.449215157008
4584.00000000   -535.449677981125
4585.00000000   -535.422446175398
4586.00000000   -535.462379600577
4587.00000000   -535.459148090199
4588.00000000   -535.350227541470
4589.00000000   -535.424807560071
4590.00000000   -535.453657036907
459.00000000   -535.440487323001
4591.00000000   -535.449878258943
4592.00000000   -535.341819651336
4593.00000000   -535.421518773820
4594.00000000   -535.408854529306
4595.00000000   -535.451978295047
4596.00000000   -535.445112827830
4597.00000000   -535.414171654393
4598.00000000   -535.459411480968
4599.00000000   -535.440810348333
4600.00000000   -535.429205933599
460.00000000   -535.461791687703
46.00000000   -535.453677566065
4601.00000000   -535.444112092851
4602.00000000   -535.417032342234
4603.00000000   -535.458496644334
4604.00000000   -535.459119341204
4605.00000000   -535.454425767937
4606.00000000   -535.385465152671
4607.00000000   -535.402232978437
4608.00000000   -535.417989421938
4609.00000000   -535.436750154691
4610.00000000   -535.377475728927
461.00000000   -535.450001240894
4611.00000000   -535.430838950672
4612.00000000   -535.442686132994
4613.00000000   -535.453139924339
4614.00000000   -535.411531264037
4615.00000000   -535.449129975111
4616.00000000   -535.440038493129
4617.00000000   -535.455743784354
4618.00000000   -535.443985387766
4619.00000000   -535.445253573323
4620.00000000   -535.388143415880
462.00000000   -535.441724840616
4621.00000000   -535.438274428407
4622.00000000   -535.447157340015
4623.00000000   -535.386634419140
4624.00000000   -535.452636978813
4625.00000000   -535.461141160010
4626.00000000   -535.430069365356
4627.00000000   -535.422464901759
4628.00000000   -535.448579033946
4629.00000000   -535.407025507287
4630.00000000   -535.444629502684
463.00000000   -535.393583041555
4631.00000000   -535.449670127395
4632.00000000   -535.419092904347
4633.00000000   -535.425332490366
4634.00000000   -535.442023162658
4635.00000000   -535.445144066564
4636.00000000   -535.442546651960
4637.00000000   -535.447346015557
4638.00000000   -535.410201744174
4639.00000000   -535.451097499821
4640.00000000   -535.421062695771
464.00000000   -535.450045911753
4641.00000000   -535.429704207637
4642.00000000   -535.439389502389
4643.00000000   -535.462511164849
4644.00000000   -535.443769621467
4645.00000000   -535.464390851317
4646.00000000   -535.440251554036
4647.00000000   -535.425527415283
4648.00000000   -535.461285796690
4649.00000000   -535.448823972732
4650.00000000   -535.439932335630
465.00000000   -535.421142320982
4651.00000000   -535.389410093831
4652.00000000   -535.458700582398
4653.00000000   -535.429482163300
4654.00000000   -535.429917379611
4655.00000000   -535.448210652831
4656.00000000   -535.404230734273
4657.00000000   -535.442568362542
4658.00000000   -535.460254304418
4659.00000000   -535.379454585602
4660.00000000   -535.406248338994
466.00000000   -535.425944531363
4661.00000000   -535.455139828998
4662.00000000   -535.442962381302
4663.00000000   -535.448376827007
4664.00000000   -535.429646106489
4665.00000000   -535.463798235530
4666.00000000   -535.407581325777
4667.00000000   -535.409617437451
4668.00000000   -535.454608978817
4669.00000000   -535.420877503792
4670.00000000   -535.442115909957
467.00000000   -535.450077042518
4671.00000000   -535.458765073199
4672.00000000   -535.442557455845
4673.00000000   -535.441003722626
4674.00000000   -535.413684765544
4675.00000000   -535.367801486069
4676.00000000   -535.435457996571
4677.00000000   -535.432599849720
4678.00000000   -535.382186516891
4679.00000000   -535.443267204457
4680.00000000   -535.454357103915
468.00000000   -535.432756983473
4681.00000000   -535.429406265007
4682.00000000   -535.434184016661
4683.00000000   -535.462424034568
4684.00000000   -535.403655496161
4685.00000000   -535.424315926648
4686.00000000   -535.443365703980
4687.00000000   -535.439943928085
4688.00000000   -535.431085733780
4689.00000000   -535.400070381421
4690.00000000   -535.406230317541
469.00000000   -535.443929066717
4691.00000000   -535.409741679043
4692.00000000   -535.443004459986
4693.00000000   -535.421358280186
4694.00000000   -535.435242528436
4695.00000000   -535.381805249048
4696.00000000   -535.448751139043
4697.00000000   -535.449389167218
4698.00000000   -535.441746312794
4699.00000000   -535.413183467853
4700.00000000   -535.449592412874
470.00000000   -535.451371899876
47.00000000   -535.445078624055
4701.00000000   -535.453593880003
4702.00000000   -535.464087366390
4703.00000000   -535.459130798718
4704.00000000   -535.441042123939
4705.00000000   -535.387701557673
4706.00000000   -535.433274365809
4707.00000000   -535.446813608724
4708.00000000   -535.444675364724
4709.00000000   -535.418506384945
4710.00000000   -535.453554172062
471.00000000   -535.412494956826
4711.00000000   -535.390460896008
4712.00000000   -535.412993573517
4713.00000000   -535.457555806292
4714.00000000   -535.451191577773
4715.00000000   -535.419246729516
4716.00000000   -535.411978079846
4717.00000000   -535.423651425677
4718.00000000   -535.428321825100
4719.00000000   -535.411903595488
4720.00000000   -535.457014247010
472.00000000   -535.446133673747
4721.00000000   -535.439258779960
4722.00000000   -535.450970107881
4723.00000000   -535.443113227785
4724.00000000   -535.450973899210
4725.00000000   -535.423096845433
4726.00000000   -535.442393152863
4727.00000000   -535.404717982706
4728.00000000   -535.450683625708
4729.00000000   -535.374810054603
4730.00000000   -535.457967719859
473.00000000   -535.404308344409
4731.00000000   -535.448972444779
4732.00000000   -535.438760126580
4733.00000000   -535.429571152622
4734.00000000   -535.427785211765
4735.00000000   -535.456817102025
4736.00000000   -535.421810576752
4737.00000000   -535.450895856280
4738.00000000   -535.413127700475
4739.00000000   -535.416997270450
4740.00000000   -535.383208539329
474.00000000   -535.424799833132
4741.00000000   -535.425860415179
4742.00000000   -535.438673822970
4743.00000000   -535.458651334935
4744.00000000   -535.459511531248
4745.00000000   -535.442590919923
4746.00000000   -535.371113112856
4747.00000000   -535.415770544206
4748.00000000   -535.452197466790
4749.00000000   -535.431917186123
4750.00000000   -535.366759078617
475.00000000   -535.447749708851
4751.00000000   -535.441861779131
4752.00000000   -535.455957426889
4753.00000000   -535.441041355867
4754.00000000   -535.433704767490
4755.00000000   -535.432421835464
4756.00000000   -535.424542847519
4757.00000000   -535.378118289215
4758.00000000   -535.390890254944
4759.00000000   -535.452564568230
4760.00000000   -535.459336565640
476.00000000   -535.432116637118
4761.00000000   -535.439314476313
4762.00000000   -535.384551529773
4763.00000000   -535.412991388219
4764.00000000   -535.407594059482
4765.00000000   -535.367640961307
4766.00000000   -535.365725200888
4767.00000000   -535.437603849021
4768.00000000   -535.429114368319
4769.00000000   -535.396476655340
4770.00000000   -535.422828152201
477.00000000   -535.439805208448
4771.00000000   -535.461204173958
4772.00000000   -535.378634260733
4773.00000000   -535.446696259688
4774.00000000   -535.429439941658
4775.00000000   -535.389828097437
4776.00000000   -535.447177189277
4777.00000000   -535.453619249496
4778.00000000   -535.416327173244
4779.00000000   -535.440044663409
4780.00000000   -535.423373500803
478.00000000   -535.443175089302
4781.00000000   -535.450944369377
4782.00000000   -535.460731383020
4783.00000000   -535.426314123829
4784.00000000   -535.410858599371
4785.00000000   -535.432019431452
4786.00000000   -535.452253682366
4787.00000000   -535.414137354593
4788.00000000   -535.444064124699
4789.00000000   -535.452970377080
4790.00000000   -535.436509586055
479.00000000   -535.454764296470
4791.00000000   -535.460052349478
4792.00000000   -535.450204685710
4793.00000000   -535.445471401521
4794.00000000   -535.439687948970
4795.00000000   -535.452776029269
4796.00000000   -535.437976890668
4797.00000000   -535.446391910491
4798.00000000   -535.459337584766
4799.00000000   -535.422771223929
4800.00000000   -535.431458574779
480.00000000   -535.376157400513
48.00000000   -535.449682555947
4801.00000000   -535.460468136637
4802.00000000   -535.452414181400
4803.00000000   -535.446095760749
4804.00000000   -535.419592074080
4805.00000000   -535.357953611053
4806.00000000   -535.415148437086
4807.00000000   -535.453960302317
4808.00000000   -535.421048977113
4809.00000000   -535.436215349955
4810.00000000   -535.433655340972
481.00000000   -535.456577167051
4811.00000000   -535.428400743771
4812.00000000   -535.402198663674
4813.00000000   -535.384929520156
4814.00000000   -535.460419192207
4815.00000000   -535.454927381947
4816.00000000   -535.405525227894
4817.00000000   -535.413379666772
4818.00000000   -535.443179486742
4819.00000000   -535.425969041322
4820.00000000   -535.442686640817
482.00000000   -535.438936292069
4821.00000000   -535.437595501571
4822.00000000   -535.373092617898
4823.00000000   -535.393832736629
4824.00000000   -535.369923300639
4825.00000000   -535.426737030535
4826.00000000   -535.454304096423
4827.00000000   -535.414989675281
4828.00000000   -535.331415202990
4829.00000000   -535.432583101641
4830.00000000   -535.447111612805
483.00000000   -535.428324415050
4831.00000000   -535.451389737352
4832.00000000   -535.433720345076
4833.00000000   -535.404065668609
4834.00000000   -535.433692133929
4835.00000000   -535.454123869019
4836.00000000   -535.444730992108
4837.00000000   -535.451535036323
4838.00000000   -535.416227950481
4839.00000000   -535.421854792120
4840.00000000   -535.438863037338
484.00000000   -535.459153024491
4841.00000000   -535.458848396730
4842.00000000   -535.429123384377
4843.00000000   -535.440414216269
4844.00000000   -535.375222511900
4845.00000000   -535.407002073714
4846.00000000   -535.433084115171
4847.00000000   -535.420426017158
4848.00000000   -535.460664441100
4849.00000000   -535.407457144138
4850.00000000   -535.447479837613
485.00000000   -535.424519538751
4851.00000000   -535.397688511016
4852.00000000   -535.389320838276
4853.00000000   -535.366933540347
4854.00000000   -535.455258292027
4855.00000000   -535.459803639949
4856.00000000   -535.440850543708
4857.00000000   -535.421987225174
4858.00000000   -535.437121532589
4859.00000000   -535.404343661493
4860.00000000   -535.444626710609
486.00000000   -535.440583812453
4861.00000000   -535.443272074516
4862.00000000   -535.433761339008
4863.00000000   -535.457307811102
4864.00000000   -535.440714457630
4865.00000000   -535.464299556063
4866.00000000   -535.439647212658
4867.00000000   -535.419173805420
4868.00000000   -535.373997794219
4869.00000000   -535.457765448053
4870.00000000   -535.424713284713
487.00000000   -535.420713471460
4871.00000000   -535.405578960443
4872.00000000   -535.441931520910
4873.00000000   -535.441336066345
4874.00000000   -535.294518925953
4875.00000000   -535.458053975290
4876.00000000   -535.462623992293
4877.00000000   -535.445219393899
4878.00000000   -535.431047782957
4879.00000000   -535.420378363737
4880.00000000   -535.396713604252
488.00000000   -535.448782103270
4881.00000000   -535.453954086163
4882.00000000   -535.414625077570
4883.00000000   -535.431886502666
4884.00000000   -535.422726395191
4885.00000000   -535.447549733172
4886.00000000   -535.450221093950
4887.00000000   -535.444996408797
4888.00000000   -535.450160476147
4889.00000000   -535.412750043877
4890.00000000   -535.366952504023
489.00000000   -535.396882636382
4891.00000000   -535.457876179467
4892.00000000   -535.377649933928
4893.00000000   -535.384744720930
4894.00000000   -535.449969376850
4895.00000000   -535.461740732410
4896.00000000   -535.324095981196
4897.00000000   -535.439799139772
4898.00000000   -535.448029815000
4899.00000000   -535.395377469657
4900.00000000   -535.382794536057
490.00000000   -535.456093871940
49.00000000   -535.434545023064
4901.00000000   -535.437925057477
4902.00000000   -535.420681687638
4903.00000000   -535.461233655228
4904.00000000   -535.452417955351
4905.00000000   -535.463994779394
4906.00000000   -535.429383343688
4907.00000000   -535.441584418545
4908.00000000   -535.419276333934
4909.00000000   -535.442617616773
4910.00000000   -535.410251608518
491.00000000   -535.450092747655
4911.00000000   -535.422973003968
4912.00000000   -535.450265340234
4913.00000000   -535.433245058580
4914.00000000   -535.441766724622
4915.00000000   -535.444831062119
4916.00000000   -535.450675715784
4917.00000000   -535.419634122482
4918.00000000   -535.420351929935
4919.00000000   -535.455305082311
4920.00000000   -535.445748769052
492.00000000   -535.439896134927
4921.00000000   -535.437466901663
4922.00000000   -535.438850880185
4923.00000000   -535.426431679169
4924.00000000   -535.417355365826
4925.00000000   -535.446069042181
4926.00000000   -535.439889537537
4927.00000000   -535.432681380813
4928.00000000   -535.439197047542
4929.00000000   -535.463753329574
4930.00000000   -535.421907021890
493.00000000   -535.445977948536
4931.00000000   -535.407242403476
4932.00000000   -535.441355619938
4933.00000000   -535.452162189149
4934.00000000   -535.462610298674
4935.00000000   -535.460957238283
4936.00000000   -535.421602945212
4937.00000000   -535.392920869496
4938.00000000   -535.435283906187
4939.00000000   -535.378681479560
4940.00000000   -535.396182283308
494.00000000   -535.434705923849
4941.00000000   -535.458985304352
4942.00000000   -535.456062974516
4943.00000000   -535.447922516290
4944.00000000   -535.458315122636
4945.00000000   -535.463757125320
4946.00000000   -535.434297943775
4947.00000000   -535.452854776139
4948.00000000   -535.449269723666
4949.00000000   -535.443949544170
4950.00000000   -535.443525484922
495.00000000   -535.418749771341
4951.00000000   -535.430537849474
4952.00000000   -535.455698496947
4953.00000000   -535.438122467680
4954.00000000   -535.306781019962
4955.00000000   -535.435520273506
4956.00000000   -535.432188483192
4957.00000000   -535.439514837876
4958.00000000   -535.431096879539
4959.00000000   -535.404029829184
4960.00000000   -535.449755821524
496.00000000   -535.404986536657
4961.00000000   -535.414856919162
4962.00000000   -535.454185334876
4963.00000000   -535.446065968420
4964.00000000   -535.419165917240
4965.00000000   -535.452267451862
4966.00000000   -535.419771470308
4967.00000000   -535.451105373383
4968.00000000   -535.463606592274
4969.00000000   -535.445338507597
4970.00000000   -535.452119363912
497.00000000   -535.446734350403
4971.00000000   -535.439284050884
4972.00000000   -535.450262235561
4973.00000000   -535.446212613005
4974.00000000   -535.429835019199
4975.00000000   -535.423822133441
4976.00000000   -535.453624029633
4977.00000000   -535.411747193390
4978.00000000   -535.458061572581
4979.00000000   -535.458395429433
4980.00000000   -535.392268941914
498.00000000   -535.461930365539
4981.00000000   -535.401681385318
4982.00000000   -535.449327538858
4983.00000000   -535.446549865455
4984.00000000   -535.386533165631
4985.00000000   -535.463150640717
4986.00000000   -535.434150054694
4987.00000000   -535.459434717795
4988.00000000   -535.430586830424
4989.00000000   -535.394769704061
4990.00000000   -535.451440836452
499.00000000   -535.455271758465
4991.00000000   -535.453136621095
4992.00000000   -535.451430447266
4993.00000000   -535.395702121049
4994.00000000   -535.429117310411
4995.00000000   -535.448951832424
4996.00000000   -535.442387250931
4997.00000000   -535.449823916506
4998.00000000   -535.420123131078
4999.00000000   -535.448501896379
5000.00000000   -535.414261864212
500.00000000   -535.441107364834
50.00000000   -535.403327946179
5.00000000   -535.464542648362
5001.00000000   -535.447986884642
5002.00000000   -535.432160661524
5003.00000000   -535.434236243763
5004.00000000   -535.412300379828
5005.00000000   -535.431652490710
5006.00000000   -535.450851764780
5007.00000000   -535.428638248652
5008.00000000   -535.443851856850
5009.00000000   -535.445180327810
5010.00000000   -535.431233160812
501.00000000   -535.422345280004
5011.00000000   -535.438602449458
5012.00000000   -535.408900418097
5013.00000000   -535.378889334922
5014.00000000   -535.438910518264
5015.00000000   -535.389398867570
5016.00000000   -535.430578103514
5017.00000000   -535.413074068518
5018.00000000   -535.415239980578
5019.00000000   -535.347020371229
5020.00000000   -535.448250934110
502.00000000   -535.433749921027
5021.00000000   -535.397195356260
5022.00000000   -535.433888289490
5023.00000000   -535.450896060752
5024.00000000   -535.445426744817
5025.00000000   -535.451777724365
5026.00000000   -535.455428185214
5027.00000000   -535.448302317900
5028.00000000   -535.452731502951
5029.00000000   -535.448808041643
5030.00000000   -535.460336420768
503.00000000   -535.455575272659
5031.00000000   -535.452419846211
5032.00000000   -535.426490970704
5033.00000000   -535.434576597011
5034.00000000   -535.450839636591
5035.00000000   -535.445372228554
5036.00000000   -535.414546420386
5037.00000000   -535.437423322472
5038.00000000   -535.441345925235
5039.00000000   -535.456437684969
5040.00000000   -535.458360501117
504.00000000   -535.455608165963
5041.00000000   -535.463088379180
5042.00000000   -535.455823538155
5043.00000000   -535.447921729801
5044.00000000   -535.449094720272
5045.00000000   -535.401995322933
5046.00000000   -535.431481209476
5047.00000000   -535.462239688268
5048.00000000   -535.453133377293
5049.00000000   -535.448747685340
5050.00000000   -535.411851048378
505.00000000   -535.424208627399
5051.00000000   -535.424184152814
5052.00000000   -535.455917910851
5053.00000000   -535.443274362822
5054.00000000   -535.429887403379
5055.00000000   -535.458504004912
5056.00000000   -535.454723499294
5057.00000000   -535.453829079500
5058.00000000   -535.424471007688
5059.00000000   -535.407001771137
5060.00000000   -535.450309413280
506.00000000   -535.413917681217
5061.00000000   -535.376861877892
5062.00000000   -535.444368770916
5063.00000000   -535.431182163371
5064.00000000   -535.426192927653
5065.00000000   -535.439088491940
5066.00000000   -535.386526641889
5067.00000000   -535.426972482854
5068.00000000   -535.434484454168
5069.00000000   -535.398969853474
5070.00000000   -535.428640034934
507.00000000   -535.447600273195
5071.00000000   -535.410350323607
5072.00000000   -535.421424571437
5073.00000000   -535.442923300698
5074.00000000   -535.414235659446
5075.00000000   -535.440373528386
5076.00000000   -535.442522975182
5077.00000000   -535.451732635142
5078.00000000   -535.388725259152
5079.00000000   -535.439947336441
5080.00000000   -535.400252751221
508.00000000   -535.459026191936
5081.00000000   -535.431136175137
5082.00000000   -535.403238007449
5083.00000000   -535.380691135832
5084.00000000   -535.446587177564
5085.00000000   -535.395095299807
5086.00000000   -535.446436287939
5087.00000000   -535.433820300405
5088.00000000   -535.456924558392
5089.00000000   -535.444030625112
5090.00000000   -535.445644628063
509.00000000   -535.457230587274
5091.00000000   -535.435104131624
5092.00000000   -535.401457655044
5093.00000000   -535.424506966162
5094.00000000   -535.454503813356
5095.00000000   -535.372874728595
5096.00000000   -535.425772301220
5097.00000000   -535.440163434477
5098.00000000   -535.458138164927
5099.00000000   -535.405584108518
5100.00000000   -535.410991421181
510.00000000   -535.428366621022
51.00000000   -535.420510827867
5101.00000000   -535.411803222510
5102.00000000   -535.408032079407
5103.00000000   -535.382871857279
5104.00000000   -535.454759093397
5105.00000000   -535.460346675291
5106.00000000   -535.431247250063
5107.00000000   -535.442463683343
5108.00000000   -535.447311846396
5109.00000000   -535.423801490788
5110.00000000   -535.409452001114
511.00000000   -535.439554811272
5111.00000000   -535.457508881498
5112.00000000   -535.449939381955
5113.00000000   -535.433658722557
5114.00000000   -535.446679536581
5115.00000000   -535.419674109501
5116.00000000   -535.445219468128
5117.00000000   -535.454535681293
5118.00000000   -535.452704129732
5119.00000000   -535.424531101152
5120.00000000   -535.377743786877
512.00000000   -535.424354233791
5121.00000000   -535.455029101897
5122.00000000   -535.456911734703
5123.00000000   -535.445432126896
5124.00000000   -535.455062489328
5125.00000000   -535.445389714889
5126.00000000   -535.445147975500
5127.00000000   -535.438248942246
5128.00000000   -535.439901615401
5129.00000000   -535.438223215164
5130.00000000   -535.439103213949
513.00000000   -535.458700484304
5131.00000000   -535.444214897207
5132.00000000   -535.356129356482
5133.00000000   -535.441491730456
5134.00000000   -535.420189064654
5135.00000000   -535.443377899683
5136.00000000   -535.427329804027
5137.00000000   -535.440156705264
5138.00000000   -535.435965545811
5139.00000000   -535.458960649045
5140.00000000   -535.424988980015
514.00000000   -535.424125062386
5141.00000000   -535.456600701083
5142.00000000   -535.454746194020
5143.00000000   -535.396687611454
5144.00000000   -535.424921858318
5145.00000000   -535.462206671748
5146.00000000   -535.431081958844
5147.00000000   -535.446701322148
5148.00000000   -535.455361762992
5149.00000000   -535.451049473480
5150.00000000   -535.460797655212
515.00000000   -535.391640975296
5151.00000000   -535.431182193931
5152.00000000   -535.444970481507
5153.00000000   -535.407793738591
5154.00000000   -535.291677579360
5155.00000000   -535.400489692199
5156.00000000   -535.456229682379
5157.00000000   -535.425492039369
5158.00000000   -535.461755582024
5159.00000000   -535.430335365830
5160.00000000   -535.454371945156
516.00000000   -535.394018801162
5161.00000000   -535.441598786410
5162.00000000   -535.426526829697
5163.00000000   -535.447441895220
5164.00000000   -535.417012309826
5165.00000000   -535.421603279151
5166.00000000   -535.448196872602
5167.00000000   -535.446388398376
5168.00000000   -535.447580648877
5169.00000000   -535.392689540505
5170.00000000   -535.457428550092
517.00000000   -535.449908916484
5171.00000000   -535.416394044815
5172.00000000   -535.444564317343
5173.00000000   -535.436389174816
5174.00000000   -535.444330147295
5175.00000000   -535.419734332225
5176.00000000   -535.460140195043
5177.00000000   -535.450558054352
5178.00000000   -535.420741458768
5179.00000000   -535.451310238965
5180.00000000   -535.444058138194
518.00000000   -535.424164935890
5181.00000000   -535.373052138279
5182.00000000   -535.416439535439
5183.00000000   -535.451889153593
5184.00000000   -535.432113590324
5185.00000000   -535.429320323766
5186.00000000   -535.391751908492
5187.00000000   -535.448002852493
5188.00000000   -535.452214778277
5189.00000000   -535.451624474574
5190.00000000   -535.458229761781
519.00000000   -535.393884188642
5191.00000000   -535.446403137921
5192.00000000   -535.455534399134
5193.00000000   -535.420670270492
5194.00000000   -535.421440082484
5195.00000000   -535.438460323012
5196.00000000   -535.452884459579
5197.00000000   -535.453907059956
5198.00000000   -535.408133606008
5199.00000000   -535.442209766653
5200.00000000   -535.441826898182
520.00000000   -535.459858699946
52.00000000   -535.279981048731
5201.00000000   -535.422579660494
5202.00000000   -535.414338801425
5203.00000000   -535.453027195293
5204.00000000   -535.401351448889
5205.00000000   -535.427483683368
5206.00000000   -535.443360646473
5207.00000000   -535.449892586119
5208.00000000   -535.430343790152
5209.00000000   -535.450127020455
5210.00000000   -535.418955810658
521.00000000   -535.428625186738
5211.00000000   -535.433575987001
5212.00000000   -535.435317870621
5213.00000000   -535.422094335067
5214.00000000   -535.403185346334
5215.00000000   -535.434502545411
5216.00000000   -535.421591738711
5217.00000000   -535.463123076655
5218.00000000   -535.437085669805
5219.00000000   -535.409273363494
5220.00000000   -535.445596421239
522.00000000   -535.456937138721
5221.00000000   -535.422880464753
5222.00000000   -535.450037923417
5223.00000000   -535.333049605063
5224.00000000   -535.448406207270
5225.00000000   -535.458257967488
5226.00000000   -535.407063261273
5227.00000000   -535.401517047365
5228.00000000   -535.438822448059
5229.00000000   -535.379259003380
5230.00000000   -535.439182781672
523.00000000   -535.463967802299
5231.00000000   -535.442746477365
5232.00000000   -535.412388895651
5233.00000000   -535.454430682653
5234.00000000   -535.423160670164
5235.00000000   -535.385785452506
5236.00000000   -535.446602290846
5238.00000000   -535.445597021380
5239.00000000   -535.450745528414
5240.00000000   -535.444781173395
524.00000000   -535.431034953436
5241.00000000   -535.451240587138
5242.00000000   -535.448521766918
5243.00000000   -535.384206020492
5244.00000000   -535.446490873292
5245.00000000   -535.412165900048
5246.00000000   -535.449190674909
5247.00000000   -535.428859053045
5248.00000000   -535.395473789810
5249.00000000   -535.435350903911
5250.00000000   -535.441183074927
525.00000000   -535.426564864678
5251.00000000   -535.463140684095
5252.00000000   -535.434916693872
5253.00000000   -535.431996792619
5254.00000000   -535.447164483479
5255.00000000   -535.427486476829
5256.00000000   -535.450494258797
5257.00000000   -535.444989840140
5258.00000000   -535.410972062764
5259.00000000   -535.431122365351
5260.00000000   -535.458211474385
526.00000000   -535.429830541274
5261.00000000   -535.458522800667
5262.00000000   -535.417936510662
5263.00000000   -535.422086443723
5264.00000000   -535.406493488914
5265.00000000   -535.425011843154
5266.00000000   -535.459995275294
5267.00000000   -535.396054274777
5268.00000000   -535.434438048139
5269.00000000   -535.440571632747
5270.00000000   -535.434620274532
527.00000000   -535.428207393104
5271.00000000   -535.444650807673
5272.00000000   -535.463759400770
5273.00000000   -535.416802097208
5274.00000000   -535.456317860783
5275.00000000   -535.418942903230
5276.00000000   -535.420153272572
5277.00000000   -535.460631192190
5278.00000000   -535.451968748675
5279.00000000   -535.390519529022
5280.00000000   -535.427211222540
528.00000000   -535.428636344412
5281.00000000   -535.438686823230
5282.00000000   -535.393297305290
5283.00000000   -535.368713874813
5284.00000000   -535.442143265478
5285.00000000   -535.401650054192
5286.00000000   -535.454992751271
5287.00000000   -535.452583241077
5288.00000000   -535.457913589438
5289.00000000   -535.430631388646
5290.00000000   -535.460999805833
529.00000000   -535.427258427399
5291.00000000   -535.410673779418
5292.00000000   -535.402688081492
5293.00000000   -535.383578812777
5294.00000000   -535.453548327034
5295.00000000   -535.417388781391
5296.00000000   -535.424433675933
5297.00000000   -535.414166593549
5298.00000000   -535.391593253806
5299.00000000   -535.425718576513
5300.00000000   -535.453082166276
530.00000000   -535.443919943076
53.00000000   -535.399712434004
5301.00000000   -535.449530055163
5302.00000000   -535.437770975349
5303.00000000   -535.438256659226
5304.00000000   -535.452309647067
5305.00000000   -535.439702523067
5306.00000000   -535.440384914315
5307.00000000   -535.442697811233
5308.00000000   -535.461071540621
5309.00000000   -535.442768796944
5310.00000000   -535.409126411064
531.00000000   -535.440595070898
5311.00000000   -535.388074974452
5312.00000000   -535.447556781850
5313.00000000   -535.448009261462
5314.00000000   -535.434326918577
5315.00000000   -535.426840530713
5316.00000000   -535.439695985403
5317.00000000   -535.432760231019
5318.00000000   -535.448208404420
5319.00000000   -535.444810275602
5320.00000000   -535.464100998921
532.00000000   -535.406153035642
5321.00000000   -535.455796279116
5322.00000000   -535.407119114955
5323.00000000   -535.456617794582
5324.00000000   -535.412846014588
5325.00000000   -535.459127606450
5326.00000000   -535.445183216933
5327.00000000   -535.437403325570
5328.00000000   -535.455126988241
5329.00000000   -535.461242447714
5330.00000000   -535.459407342344
533.00000000   -535.437892461797
5331.00000000   -535.420027567290
5332.00000000   -535.378420294846
5333.00000000   -535.457736915646
5334.00000000   -535.455161160908
5335.00000000   -535.419223663326
5336.00000000   -535.427284147187
5337.00000000   -535.463650011850
5338.00000000   -535.438106455590
5339.00000000   -535.419966918803
5340.00000000   -535.455882238604
534.00000000   -535.453453765854
5341.00000000   -535.451019656575
5342.00000000   -535.462767680361
5343.00000000   -535.454035199614
5344.00000000   -535.422529676127
5345.00000000   -535.387340737921
5346.00000000   -535.459668352494
5347.00000000   -535.427278890261
5348.00000000   -535.437879392326
5349.00000000   -535.428263370204
5350.00000000   -535.438335881213
535.00000000   -535.457431691160
5351.00000000   -535.439981587318
5352.00000000   -535.459460059219
5353.00000000   -535.447813604695
5354.00000000   -535.448232358173
5355.00000000   -535.455248779708
5356.00000000   -535.451110695979
5357.00000000   -535.354215797025
5358.00000000   -535.447487505614
5359.00000000   -535.463320023586
5360.00000000   -535.456527907126
536.00000000   -535.455539295446
5361.00000000   -535.383327336628
5362.00000000   -535.463409472983
5363.00000000   -535.455460734075
5364.00000000   -535.428415601614
5365.00000000   -535.449274212555
5366.00000000   -535.297895675438
5367.00000000   -535.434053077758
5368.00000000   -535.416204733444
5369.00000000   -535.428394678102
5370.00000000   -535.401956070977
537.00000000   -535.442097683124
5371.00000000   -535.453821284986
5372.00000000   -535.455415164637
5373.00000000   -535.420255215713
5374.00000000   -535.424285817677
5375.00000000   -535.441641925763
5376.00000000   -535.418080407314
5377.00000000   -535.420560602874
5378.00000000   -535.424465946006
5379.00000000   -535.443343118500
5380.00000000   -535.360257750097
538.00000000   -535.446026273343
5381.00000000   -535.401361573221
5382.00000000   -535.454804000533
5383.00000000   -535.423646973267
5384.00000000   -535.462113464776
5385.00000000   -535.431412402663
5386.00000000   -535.443004011348
5387.00000000   -535.422558736889
5388.00000000   -535.444795937855
5389.00000000   -535.403895638613
5390.00000000   -535.400196791870
539.00000000   -535.446465043405
5391.00000000   -535.462951010888
5392.00000000   -535.427539100651
5393.00000000   -535.433934728209
5394.00000000   -535.457104722352
5395.00000000   -535.449634556868
5396.00000000   -535.432746290177
5397.00000000   -535.437173119424
5398.00000000   -535.364217575707
5399.00000000   -535.362765886214
5400.00000000   -535.443214101964
540.00000000   -535.415767955100
54.00000000   -535.011195957269
5401.00000000   -535.449150369915
5402.00000000   -535.459802038481
5403.00000000   -535.369357702712
5404.00000000   -535.448056274624
5405.00000000   -535.441100357273
5406.00000000   -535.455210791625
5407.00000000   -535.397687633341
5408.00000000   -535.461864712833
5409.00000000   -535.435964702667
5410.00000000   -535.436605482025
541.00000000   -535.402708716236
5411.00000000   -535.446157494249
5412.00000000   -535.394350081808
5413.00000000   -535.381232245904
5414.00000000   -535.420127888520
5415.00000000   -535.357617910899
5416.00000000   -535.406320991612
5417.00000000   -535.418325670144
5418.00000000   -535.416899043430
5419.00000000   -535.456516448234
5420.00000000   -535.428986653254
542.00000000   -535.422985368117
5421.00000000   -535.461203679143
5422.00000000   -535.430794141150
5423.00000000   -535.451347492174
5424.00000000   -535.457327129474
5425.00000000   -535.432143180956
5426.00000000   -535.455486868100
5427.00000000   -535.418718765964
5428.00000000   -535.447328637489
5429.00000000   -535.446645993174
5430.00000000   -535.419340199388
543.00000000   -535.447610387439
5431.00000000   -535.451994511133
5432.00000000   -535.443551059389
5433.00000000   -535.425754905217
5434.00000000   -535.294419973989
5435.00000000   -535.376797352102
5436.00000000   -535.454485724441
5437.00000000   -535.456087248915
5438.00000000   -535.414757036483
5439.00000000   -535.418980527477
5440.00000000   -535.411443037033
544.00000000   -535.442956513569
5441.00000000   -535.294537237166
5442.00000000   -535.437200593514
5443.00000000   -535.451474853538
5444.00000000   -535.434222493473
5445.00000000   -535.453701009165
5446.00000000   -535.439164941833
5447.00000000   -535.447539033141
5448.00000000   -535.447654937664
5449.00000000   -535.443709797650
5450.00000000   -535.414405948015
545.00000000   -535.439620732477
5451.00000000   -535.432821945426
5452.00000000   -535.448373047763
5453.00000000   -535.424047963580
5454.00000000   -535.447451715825
5455.00000000   -535.418214884668
5456.00000000   -535.451401405960
5457.00000000   -535.458079313131
5458.00000000   -535.398859052648
5459.00000000   -535.453809799200
5460.00000000   -535.447903831801
546.00000000   -535.440547088254
5461.00000000   -535.450252273117
5462.00000000   -535.446049521258
5463.00000000   -535.421322625113
5464.00000000   -535.443476044591
5465.00000000   -535.440262580273
5466.00000000   -535.441127898363
5467.00000000   -535.440459698698
5468.00000000   -535.455326262265
5469.00000000   -535.434140768004
5470.00000000   -535.413255733242
547.00000000   -535.447037059178
5471.00000000   -535.449449075988
5472.00000000   -535.413844751116
5473.00000000   -535.437739774168
5474.00000000   -535.459280116350
5475.00000000   -535.456299094670
5476.00000000   -535.446933525786
5477.00000000   -535.457037304800
5478.00000000   -535.444265909831
5479.00000000   -535.439450485931
5480.00000000   -535.459345947567
548.00000000   -535.439926102773
5481.00000000   -535.427021059202
5482.00000000   -535.439272493861
5483.00000000   -535.434903335661
5484.00000000   -535.400431718542
5485.00000000   -535.419016253817
5486.00000000   -535.459407497662
5487.00000000   -535.451166941786
5488.00000000   -535.436220402947
5489.00000000   -535.456051635214
5490.00000000   -535.460075498097
549.00000000   -535.432417139986
5491.00000000   -535.419346452141
5492.00000000   -535.460138132581
5493.00000000   -535.418959398527
5494.00000000   -535.430440837547
5495.00000000   -535.452691977655
5496.00000000   -535.408837518338
5497.00000000   -535.456215659253
5498.00000000   -535.455147436556
5499.00000000   -535.296974646114
5500.00000000   -535.463824185542
550.00000000   -535.434029232565
55.00000000   -535.379988724012
5501.00000000   -535.424529884065
5502.00000000   -535.398390725350
5503.00000000   -535.445819798540
5504.00000000   -535.414070424575
5505.00000000   -535.418295332465
5506.00000000   -535.441353689167
5507.00000000   -535.420736671006
5508.00000000   -535.435524109048
5509.00000000   -535.440541415427
5510.00000000   -535.420911975913
551.00000000   -535.402273312989
5511.00000000   -535.393050677151
5512.00000000   -535.419058101377
5513.00000000   -535.428659356534
5514.00000000   -535.442911267799
5515.00000000   -535.428956365590
5516.00000000   -535.409985017699
5517.00000000   -535.435543160547
5518.00000000   -535.447676981416
5519.00000000   -535.461296477268
5520.00000000   -535.423219021109
552.00000000   -535.462879966415
5521.00000000   -535.440611839171
5522.00000000   -535.429739394317
5523.00000000   -535.388571932719
5524.00000000   -535.452131238096
5525.00000000   -535.440121219452
5526.00000000   -535.445880600451
5527.00000000   -535.434979210406
5528.00000000   -535.434624602041
5529.00000000   -535.380522713711
5530.00000000   -535.459284351315
553.00000000   -535.436881054796
5531.00000000   -535.416612130499
5532.00000000   -535.459277296550
5533.00000000   -535.457109093713
5534.00000000   -535.457563987846
5535.00000000   -535.381620883329
5536.00000000   -535.433064531974
5537.00000000   -535.446690282328
5538.00000000   -535.459066118417
5539.00000000   -535.456440464632
5540.00000000   -535.458069468402
554.00000000   -535.405902199493
5541.00000000   -535.423529935699
5542.00000000   -535.364114383229
5543.00000000   -535.436572770331
5544.00000000   -535.455192825204
5545.00000000   -535.419817617583
5546.00000000   -535.399577353158
5547.00000000   -535.414663743647
5548.00000000   -535.417003331834
5549.00000000   -535.439609235437
5550.00000000   -535.433128666689
555.00000000   -535.422059165570
5551.00000000   -535.376595416478
5552.00000000   -535.451747697364
5553.00000000   -535.460531274851
5554.00000000   -535.457632690093
5555.00000000   -535.448816993842
5556.00000000   -535.394923012798
5557.00000000   -535.451227240966
5558.00000000   -535.432923388428
5559.00000000   -535.449283612447
5560.00000000   -535.423571804687
556.00000000   -535.455957398485
5561.00000000   -535.432104706225
5562.00000000   -535.394441388690
5563.00000000   -535.408773842205
5564.00000000   -535.446668248316
5565.00000000   -535.441111410973
5566.00000000   -535.368741902696
5567.00000000   -535.406813389111
5568.00000000   -535.444486877431
5569.00000000   -535.435887804329
5570.00000000   -535.450561679633
557.00000000   -535.406982476099
5571.00000000   -535.450234697439
5572.00000000   -535.408515838195
5573.00000000   -535.429135200546
5574.00000000   -535.418624355030
5575.00000000   -535.440961833554
5576.00000000   -535.448650209580
5577.00000000   -535.405493951990
5578.00000000   -535.438541904821
5579.00000000   -535.448574911081
5580.00000000   -535.438311471514
558.00000000   -535.436762188033
5581.00000000   -535.435562964873
5582.00000000   -535.453528622128
5583.00000000   -535.443144533705
5584.00000000   -535.429229886688
5585.00000000   -535.421266920559
5586.00000000   -535.384636166841
5587.00000000   -535.424235301034
5588.00000000   -535.346975248535
5589.00000000   -535.413877732565
5590.00000000   -535.417074799517
559.00000000   -535.446339793303
5591.00000000   -535.452155221711
5592.00000000   -535.367579392135
5593.00000000   -535.421568801164
5594.00000000   -535.448476422076
5595.00000000   -535.456472001223
5596.00000000   -535.452339538708
5597.00000000   -535.409820617798
5598.00000000   -535.422300547782
5599.00000000   -535.386519520990
5600.00000000   -535.462602742438
560.00000000   -535.420740624674
56.00000000   -535.362268789171
5601.00000000   -535.457870620303
5602.00000000   -535.407339420003
5603.00000000   -535.464058005804
5604.00000000   -535.443853683304
5605.00000000   -535.434564112249
5606.00000000   -535.455597810735
5607.00000000   -535.450410868307
5608.00000000   -535.427737032088
5609.00000000   -535.387945987489
5610.00000000   -535.418099969353
561.00000000   -535.453772665713
5611.00000000   -535.390477365105
5612.00000000   -535.383664703309
5613.00000000   -535.444529769964
5614.00000000   -535.453294945650
5615.00000000   -535.439911568647
5616.00000000   -535.462996535742
5617.00000000   -535.444196628778
5618.00000000   -535.436587896229
5619.00000000   -535.441737308953
5620.00000000   -535.450664920261
562.00000000   -535.464464605687
5621.00000000   -535.446139987578
5622.00000000   -535.439155925749
5623.00000000   -535.452061666777
5624.00000000   -535.396062411795
5625.00000000   -535.454010096731
5626.00000000   -535.452954213890
5627.00000000   -535.435510143860
5628.00000000   -535.402863087560
5629.00000000   -535.434197399524
5630.00000000   -535.438127435041
563.00000000   -535.445063518513
5631.00000000   -535.406675551146
5632.00000000   -535.461840311997
5633.00000000   -535.444388291368
5634.00000000   -535.419835671719
5635.00000000   -535.428267083322
5636.00000000   -535.411404166914
5637.00000000   -535.432480517432
5638.00000000   -535.448314370732
5639.00000000   -535.426293937938
5640.00000000   -535.447180520294
564.00000000   -535.445242468350
5641.00000000   -535.454293890866
5642.00000000   -535.449634347510
5643.00000000   -535.383677435558
5644.00000000   -535.454921134122
5645.00000000   -535.454326469318
5646.00000000   -535.452294442341
5647.00000000   -535.410698221485
5648.00000000   -535.421736978134
5649.00000000   -535.442818844110
5650.00000000   -535.437576718869
565.00000000   -535.447457827067
5651.00000000   -535.453183450444
5652.00000000   -535.406594403511
5653.00000000   -535.430636488335
5654.00000000   -535.461657217408
5655.00000000   -535.451702870213
5656.00000000   -535.425368066403
5657.00000000   -535.355295357387
5658.00000000   -535.437114942007
5659.00000000   -535.418907210444
5660.00000000   -535.438952868216
566.00000000   -535.455364953952
5661.00000000   -535.445936704012
5662.00000000   -535.455124271698
5663.00000000   -535.450207489989
5664.00000000   -535.425606671638
5665.00000000   -535.395152103308
5666.00000000   -535.443074497041
5667.00000000   -535.437645519331
5668.00000000   -535.450260298223
5669.00000000   -535.420263511019
5670.00000000   -535.454490002476
567.00000000   -535.385637430241
5671.00000000   -535.384803935685
5672.00000000   -535.423565700694
5673.00000000   -535.458282246866
5674.00000000   -535.441596585937
5675.00000000   -535.432353128914
5676.00000000   -535.428414215838
5677.00000000   -535.463133768509
5678.00000000   -535.445555236984
5679.00000000   -535.405381614280
5680.00000000   -535.409070496231
568.00000000   -535.429185062021
5681.00000000   -535.421000748546
5682.00000000   -535.442816478867
5683.00000000   -535.369094338654
5684.00000000   -535.435676708453
5685.00000000   -535.455793774076
5686.00000000   -535.389506219484
5687.00000000   -535.445972610014
5688.00000000   -535.434931876595
5689.00000000   -535.460718767773
5690.00000000   -535.383618073922
569.00000000   -535.451318826334
5691.00000000   -535.446953884330
5692.00000000   -535.367097381235
5693.00000000   -535.411920012541
5694.00000000   -535.429743139156
5695.00000000   -535.462708200988
5696.00000000   -535.458167387564
5697.00000000   -535.452070898320
5698.00000000   -535.419448991315
5699.00000000   -535.456085922882
5700.00000000   -535.448741399410
570.00000000   -535.433063375399
57.00000000   -535.347026579924
5701.00000000   -535.440918743834
5702.00000000   -535.382066467335
5703.00000000   -535.454840497414
5704.00000000   -535.332897413808
5705.00000000   -535.439610845904
5706.00000000   -535.400918719175
5707.00000000   -535.459317384495
5708.00000000   -535.388619212270
5709.00000000   -535.446357881995
5710.00000000   -535.425207604612
571.00000000   -535.452844219548
5711.00000000   -535.450061350741
5712.00000000   -535.429830124968
5713.00000000   -535.441206028339
5714.00000000   -535.297976475220
5715.00000000   -535.441284249235
5716.00000000   -535.432825870200
5717.00000000   -535.410390626488
5718.00000000   -535.425609256313
5719.00000000   -535.410995622832
5720.00000000   -535.439026095573
572.00000000   -535.419299158299
5721.00000000   -535.460473195616
5722.00000000   -535.447112195473
5723.00000000   -535.459576774532
5724.00000000   -535.448995328530
5725.00000000   -535.402643516813
5726.00000000   -535.441608487344
5727.00000000   -535.455861912609
5728.00000000   -535.415451222581
5729.00000000   -535.411192638649
5730.00000000   -535.454590529577
573.00000000   -535.440384635600
5731.00000000   -535.388343016457
5732.00000000   -535.457313278880
5733.00000000   -535.456658327432
5734.00000000   -535.458802199428
5735.00000000   -535.426841436085
5736.00000000   -535.447305458335
5737.00000000   -535.431785105338
5738.00000000   -535.419352337033
5739.00000000   -535.423467349355
5740.00000000   -535.449235938568
574.00000000   -535.433310387599
5741.00000000   -535.455317221296
5742.00000000   -535.464387250303
5743.00000000   -535.433933325188
5744.00000000   -535.446153050612
5745.00000000   -535.454882093456
5746.00000000   -535.403883073160
5747.00000000   -535.455932397448
5748.00000000   -535.403947521209
5749.00000000   -535.418499699657
5750.00000000   -535.414444031706
575.00000000   -535.386976773484
5751.00000000   -535.435061836910
5752.00000000   -535.452367598058
5753.00000000   -535.424543584174
5754.00000000   -535.455584353784
5755.00000000   -535.433898134732
5756.00000000   -535.460003885855
5757.00000000   -535.443063211858
5758.00000000   -535.428836201451
5759.00000000   -535.442122454103
5760.00000000   -535.424895813773
576.00000000   -535.434078331979
5761.00000000   -535.442032047959
5762.00000000   -535.462269280294
5763.00000000   -535.449347127628
5764.00000000   -535.457852494913
5765.00000000   -535.416637253503
5766.00000000   -535.438176789345
5767.00000000   -535.453362537599
5768.00000000   -535.446160389991
5769.00000000   -535.408258567429
5770.00000000   -535.445076150520
577.00000000   -535.437053630395
5771.00000000   -535.461535951133
5772.00000000   -535.417045998300
5773.00000000   -535.447134333273
5774.00000000   -535.447908322077
5775.00000000   -535.449973017241
5776.00000000   -535.457271366579
5777.00000000   -535.445014744084
5778.00000000   -535.422248066135
5779.00000000   -535.461354463756
5780.00000000   -535.452432978059
578.00000000   -535.411915525463
5781.00000000   -535.452720093866
5782.00000000   -535.442960679239
5783.00000000   -535.413525066296
5784.00000000   -535.451342557887
5785.00000000   -535.439719226848
5786.00000000   -535.450158216731
5787.00000000   -535.431597548246
5788.00000000   -535.417435854939
5789.00000000   -535.426148194740
5790.00000000   -535.458970771043
579.00000000   -535.441243408574
5791.00000000   -535.440646563908
5792.00000000   -535.427217364759
5793.00000000   -535.425727404224
5794.00000000   -535.459947323680
5795.00000000   -535.447527996112
5796.00000000   -535.455797925215
5797.00000000   -535.421455604190
5798.00000000   -535.414462216163
5799.00000000   -535.431514102431
5800.00000000   -535.409739216078
580.00000000   -535.440663799003
58.00000000   -535.334438940866
5801.00000000   -535.450619627859
5802.00000000   -535.437628436577
5803.00000000   -535.389350164433
5804.00000000   -535.449779400063
5805.00000000   -535.434938940515
5806.00000000   -535.444736241659
5807.00000000   -535.419391642925
5808.00000000   -535.416233347033
5809.00000000   -535.453838353337
5810.00000000   -535.456719821123
581.00000000   -535.457368066252
5811.00000000   -535.450636408424
5812.00000000   -535.397807309973
5813.00000000   -535.411975132343
5814.00000000   -535.433562664464
5815.00000000   -535.441099508502
5816.00000000   -535.382041593949
5817.00000000   -535.451304074436
5818.00000000   -535.440814961398
5819.00000000   -535.435631591253
5820.00000000   -535.420146377642
582.00000000   -535.449146986170
5821.00000000   -535.429699246548
5822.00000000   -535.415826754516
5823.00000000   -535.444005907104
5824.00000000   -535.437615987261
5825.00000000   -535.450455374642
5826.00000000   -535.439622869387
5827.00000000   -535.417394921552
5828.00000000   -535.456296161484
5829.00000000   -535.455033339441
5830.00000000   -535.453699150691
583.00000000   -535.450081033592
5831.00000000   -535.402707306321
5832.00000000   -535.456607732952
5833.00000000   -535.418913408386
5834.00000000   -535.447845791789
5835.00000000   -535.439842099947
5836.00000000   -535.431471434341
5837.00000000   -535.393995136388
5838.00000000   -535.386564367372
5839.00000000   -535.413673256227
5840.00000000   -535.420987359733
584.00000000   -535.440665981556
5841.00000000   -535.437048842511
5842.00000000   -535.439875873068
5843.00000000   -535.453906269745
5844.00000000   -535.448188456921
5845.00000000   -535.453506639181
5846.00000000   -535.449977052710
5847.00000000   -535.416353216990
5848.00000000   -535.452154615693
5849.00000000   -535.409544591622
5850.00000000   -535.404025149147
585.00000000   -535.402851647938
5851.00000000   -535.442125786146
5852.00000000   -535.453367090989
5853.00000000   -535.442118367983
5854.00000000   -535.400859730547
5855.00000000   -535.462687330539
5856.00000000   -535.456627356323
5857.00000000   -535.450502542456
5858.00000000   -535.458830643363
5859.00000000   -535.447187363861
5860.00000000   -535.438663794527
586.00000000   -535.425489907738
5861.00000000   -535.451891746986
5862.00000000   -535.389400754022
5863.00000000   -535.432694375767
5864.00000000   -535.435487879282
5865.00000000   -535.436896769836
5866.00000000   -535.454003834461
5867.00000000   -535.449892121537
5868.00000000   -535.434527561336
5869.00000000   -535.457067278158
5870.00000000   -535.437435692044
587.00000000   -535.392531433797
5871.00000000   -535.396442367040
5872.00000000   -535.432487500916
5873.00000000   -535.444924185097
5874.00000000   -535.445996740896
5875.00000000   -535.432124781356
5876.00000000   -535.456538923189
5877.00000000   -535.459272913659
5878.00000000   -535.437393225423
5879.00000000   -535.449656800284
5880.00000000   -535.430748829905
588.00000000   -535.432939295555
5881.00000000   -535.448438700347
5882.00000000   -535.454394074798
5883.00000000   -535.430430605389
5884.00000000   -535.454580170053
5885.00000000   -535.430911097646
5886.00000000   -535.434976033195
5887.00000000   -535.452752645382
5888.00000000   -535.435680307739
5889.00000000   -535.426546122526
5890.00000000   -535.461349804207
589.00000000   -535.428698664901
5891.00000000   -535.448871843355
5892.00000000   -535.437443180720
5893.00000000   -535.446536579275
5894.00000000   -535.415955316818
5895.00000000   -535.453273451130
5896.00000000   -535.443503426460
5897.00000000   -535.377853818496
5898.00000000   -535.444928000595
5899.00000000   -535.444621750218
5900.00000000   -535.447189605470
590.00000000   -535.453429644344
59.00000000   -535.324473080003
5901.00000000   -535.399117466674
5902.00000000   -535.440962105691
5903.00000000   -535.410118877671
5904.00000000   -535.441585334762
5905.00000000   -535.443018825279
5906.00000000   -535.456449746241
5907.00000000   -535.456278024420
5908.00000000   -535.429723384079
5909.00000000   -535.456912422796
5910.00000000   -535.459181100911
591.00000000   -535.395014167963
5911.00000000   -535.450186703807
5912.00000000   -535.459750079347
5913.00000000   -535.446622237545
5914.00000000   -535.429238826626
5915.00000000   -535.413912504138
5916.00000000   -535.458435274282
5917.00000000   -535.446478000390
5918.00000000   -535.447214707865
5919.00000000   -535.406462996280
5920.00000000   -535.451407648738
592.00000000   -535.437126472241
5921.00000000   -535.453451309881
5922.00000000   -535.441946815060
5923.00000000   -535.443230903406
5924.00000000   -535.419303090110
5925.00000000   -535.404091839548
5926.00000000   -535.453757513861
5927.00000000   -535.399428709260
5928.00000000   -535.428488292453
5929.00000000   -535.438515759536
5930.00000000   -535.438339417136
593.00000000   -535.442074757176
5931.00000000   -535.409906711171
5932.00000000   -535.428275337987
5933.00000000   -535.426136224926
5934.00000000   -535.455458696095
5935.00000000   -535.416500783987
5936.00000000   -535.447722442519
5937.00000000   -535.430444871363
5938.00000000   -535.378597105437
5939.00000000   -535.437903863128
5940.00000000   -535.379349949148
594.00000000   -535.460241062008
5941.00000000   -535.420187261296
5942.00000000   -535.460535256504
5943.00000000   -535.382361740288
5944.00000000   -535.413646264418
5945.00000000   -535.432461197545
5946.00000000   -535.443015193624
5947.00000000   -535.456491122401
5948.00000000   -535.421020645897
5949.00000000   -535.443871049891
5950.00000000   -535.433237985271
595.00000000   -535.427169205049
5951.00000000   -535.384847327100
5952.00000000   -535.449951688001
5953.00000000   -535.445516965984
5954.00000000   -535.417063997786
5955.00000000   -535.440683052794
5956.00000000   -535.432726145529
5957.00000000   -535.432553441144
5958.00000000   -535.422351894435
5959.00000000   -535.411990356838
5960.00000000   -535.440894818470
596.00000000   -535.413715226080
5961.00000000   -535.447931762681
5962.00000000   -535.453594303653
5963.00000000   -535.424460199000
5964.00000000   -535.425925626158
5965.00000000   -535.448108805618
5966.00000000   -535.425713208508
5967.00000000   -535.432964868935
5968.00000000   -535.452955118476
5969.00000000   -535.434779082660
5970.00000000   -535.459991482553
597.00000000   -535.435848599888
5971.00000000   -535.456229873152
5972.00000000   -535.433239180678
5973.00000000   -535.417821466006
5974.00000000   -535.415688925024
5975.00000000   -535.452047968127
5976.00000000   -535.371757707799
5977.00000000   -535.453372210035
5978.00000000   -535.428017149197
5979.00000000   -535.463922230350
5980.00000000   -535.432693595151
598.00000000   -535.447643020656
5981.00000000   -535.442922801974
5982.00000000   -535.437570820218
5983.00000000   -535.370737503881
5984.00000000   -535.421831590750
5985.00000000   -535.458692971047
5986.00000000   -535.418764844350
5987.00000000   -535.402447851314
5988.00000000   -535.447754952978
5989.00000000   -535.453943746396
5990.00000000   -535.450836512669
599.00000000   -535.396624050551
5991.00000000   -535.449457050391
5992.00000000   -535.390587420588
5993.00000000   -535.448511743479
5994.00000000   -535.383302326751
5995.00000000   -535.423414809275
5996.00000000   -535.426097867478
5997.00000000   -535.456106304801
5998.00000000   -535.437444781953
5999.00000000   -535.436083810275
6000.00000000   -535.420513091503
600.00000000   -535.462374254935
60.00000000   -535.316947399613
6.00000000   -535.464430001813
6001.00000000   -535.432283831282
6002.00000000   -535.431420335538
6003.00000000   -535.408547408439
6004.00000000   -535.373360578212
6005.00000000   -535.443127907776
6006.00000000   -535.440194716365
6007.00000000   -535.445556766330
6008.00000000   -535.418866481536
6009.00000000   -535.446742608398
6010.00000000   -535.457764487108
601.00000000   -535.449872370409
6011.00000000   -535.414717972379
6012.00000000   -535.458941230740
6013.00000000   -535.445894957008
6014.00000000   -535.459805666823
6015.00000000   -535.451784150961
6016.00000000   -535.421713858405
6017.00000000   -535.425969148370
6018.00000000   -535.446045400296
6019.00000000   -535.421958369410
6020.00000000   -535.445983676550
602.00000000   -535.447146216470
6021.00000000   -535.454214269918
6022.00000000   -535.448976994278
6023.00000000   -535.393113980340
6024.00000000   -535.449592441010
6025.00000000   -535.447659696509
6026.00000000   -535.456205265147
6027.00000000   -535.449427081949
6028.00000000   -535.445363096345
6029.00000000   -535.459309055185
6030.00000000   -535.451902414646
603.00000000   -535.459211237692
6031.00000000   -535.443408798660
6032.00000000   -535.422365532952
6033.00000000   -535.425523906626
6034.00000000   -535.421216584618
6035.00000000   -535.453371634101
6036.00000000   -535.447693682408
6037.00000000   -535.404409504875
6038.00000000   -535.423298610901
6039.00000000   -535.427471322920
6040.00000000   -535.404175884066
604.00000000   -535.432373645775
6041.00000000   -535.406178123578
6042.00000000   -535.450655248897
6043.00000000   -535.456392208675
6044.00000000   -535.409139728113
6045.00000000   -535.436393623702
6046.00000000   -535.454773558069
6047.00000000   -535.430017168688
6048.00000000   -535.455639865102
6049.00000000   -535.408651404069
6050.00000000   -535.443927858977
605.00000000   -535.426108082602
6051.00000000   -535.446180366367
6052.00000000   -535.412657334172
6053.00000000   -535.439998726935
6054.00000000   -535.449750947747
6055.00000000   -535.442966295963
6056.00000000   -535.450043933334
6057.00000000   -535.406627828152
6058.00000000   -535.458011810529
6059.00000000   -535.397582799249
6060.00000000   -535.428749095854
606.00000000   -535.430078417018
6061.00000000   -535.428559527697
6062.00000000   -535.444878305135
6063.00000000   -535.440067526239
6064.00000000   -535.456923033496
6065.00000000   -535.461634184484
6066.00000000   -535.436967060979
6067.00000000   -535.420115105201
6068.00000000   -535.413242390436
6069.00000000   -535.411308380987
6070.00000000   -535.379572125663
607.00000000   -535.293417984140
6071.00000000   -535.409458851204
6072.00000000   -535.445622956753
6073.00000000   -535.432902551393
6074.00000000   -535.429220772694
6075.00000000   -535.448942891019
6076.00000000   -535.410796852959
6077.00000000   -535.461718504366
6078.00000000   -535.458401573283
6079.00000000   -535.455990694672
6080.00000000   -535.429719625883
608.00000000   -535.410275396288
6081.00000000   -535.415054059092
6082.00000000   -535.419769320097
6083.00000000   -535.461687874525
6084.00000000   -535.413125750225
6085.00000000   -535.409431826452
6086.00000000   -535.458191774731
6087.00000000   -535.407720009195
6088.00000000   -535.453774718476
6089.00000000   -535.436184081972
6090.00000000   -535.380545849295
609.00000000   -535.454660386321
6091.00000000   -535.433486797903
6092.00000000   -535.456057314697
6093.00000000   -535.460222474624
6094.00000000   -535.455840480630
6095.00000000   -535.432763891314
6096.00000000   -535.413674199634
6097.00000000   -535.458689875180
6098.00000000   -535.436270433578
6099.00000000   -535.429909742923
6100.00000000   -535.407488952742
610.00000000   -535.447718077894
61.00000000   -535.464616999600
6101.00000000   -535.387752929006
6102.00000000   -535.458593508306
6103.00000000   -535.446504852885
6104.00000000   -535.430914925719
6105.00000000   -535.440480998486
6106.00000000   -535.448731785794
6107.00000000   -535.450414612408
6108.00000000   -535.438474922389
6109.00000000   -535.418541488371
6110.00000000   -535.451646290062
611.00000000   -535.435672796410
6111.00000000   -535.399846538357
6112.00000000   -535.452476931094
6113.00000000   -535.444787530608
6114.00000000   -535.439164074206
6115.00000000   -535.444948065236
6116.00000000   -535.436576673044
6117.00000000   -535.453969098802
6118.00000000   -535.362972447264
6119.00000000   -535.447192834414
6120.00000000   -535.457571873488
612.00000000   -535.451240359938
6121.00000000   -535.446183576894
6122.00000000   -535.451345392069
6123.00000000   -535.448897398299
6124.00000000   -535.434423080449
6125.00000000   -535.455794492527
6126.00000000   -535.456261738850
6127.00000000   -535.459504661807
6128.00000000   -535.451630213787
6129.00000000   -535.460117200344
6130.00000000   -535.433845139521
613.00000000   -535.436115742649
6131.00000000   -535.438011712125
6132.00000000   -535.454939879261
6133.00000000   -535.454897544722
6134.00000000   -535.442885522552
6135.00000000   -535.461290206184
6136.00000000   -535.373417667739
6137.00000000   -535.438776231965
6138.00000000   -535.442063909392
6139.00000000   -535.435599899925
6140.00000000   -535.442001562944
614.00000000   -535.454887074853
6141.00000000   -535.435686829046
6142.00000000   -535.451916867165
6143.00000000   -535.433292684823
6144.00000000   -535.462589870596
6145.00000000   -535.446622503440
6146.00000000   -535.456535424369
6147.00000000   -535.439505607654
6148.00000000   -535.445199679838
6149.00000000   -535.457809577788
6150.00000000   -535.429528233933
615.00000000   -535.459225886433
6151.00000000   -535.449883474228
6152.00000000   -535.444576747003
6153.00000000   -535.456416896638
6154.00000000   -535.461306870153
6155.00000000   -535.437399486520
6156.00000000   -535.448305001058
6157.00000000   -535.419163828659
6158.00000000   -535.417786215122
6159.00000000   -535.412441380029
6160.00000000   -535.399957160460
616.00000000   -535.462672079256
6161.00000000   -535.438019566293
6162.00000000   -535.458529587730
6163.00000000   -534.696119176248
6164.00000000   -534.741179515410
6165.00000000   -534.783790042808
6166.00000000   -534.824086922306
6167.00000000   -534.862197889265
6168.00000000   -534.898243031011
6169.00000000   -534.932335019580
6170.00000000   -534.964579810960
617.00000000   -535.448757012671
6171.00000000   -534.995077049609
6172.00000000   -535.023920490259
6173.00000000   -535.051198352539
6174.00000000   -535.076993824614
6175.00000000   -535.101385180264
6176.00000000   -535.124446235390
6177.00000000   -535.146246598029
6178.00000000   -535.166851935162
6179.00000000   -535.186324220493
6180.00000000   -535.204721941234
618.00000000   -535.455755942618
6181.00000000   -535.222100408684
6182.00000000   -535.238511811605
6183.00000000   -535.254005501181
6184.00000000   -535.268628139289
6185.00000000   -535.282423860351
6186.00000000   -535.295434405354
6187.00000000   -535.307699330802
6188.00000000   -535.319256036861
6189.00000000   -535.330139960319
6190.00000000   -535.340384671803
619.00000000   -535.461661656007
6191.00000000   -535.350021983480
6192.00000000   -535.359082038025
6193.00000000   -535.367593450414
6194.00000000   -535.375583324356
6195.00000000   -535.383077384035
6196.00000000   -535.390100039759
6197.00000000   -535.396674461122
6198.00000000   -535.402822645768
6199.00000000   -535.408565476755
6200.00000000   -535.413922813182
620.00000000   -535.433354608567
62.00000000   -535.464635885400
6201.00000000   -535.418913501667
6202.00000000   -535.423555460993
6203.00000000   -535.427865724924
6204.00000000   -535.431860489441
6205.00000000   -535.435555152788
6206.00000000   -535.438964376737
6207.00000000   -535.442102096695
6208.00000000   -535.444981578976
6209.00000000   -535.447615450642
6210.00000000   -535.450015732790
621.00000000   -535.432531974206
6211.00000000   -535.452193871393
6212.00000000   -535.454160764644
6213.00000000   -535.455926800565
6214.00000000   -535.457501867759
6215.00000000   -535.458895390849
6216.00000000   -535.460116351190
6217.00000000   -535.461173309011
6218.00000000   -535.462074423292
6219.00000000   -535.462827476139
6220.00000000   -535.463439884493
622.00000000   -535.447240693314
6221.00000000   -535.463918722720
6222.00000000   -535.464270738250
6223.00000000   -535.464502367552
6224.00000000   -535.464619751019
6225.00000000   -535.464628747778
6226.00000000   -535.464534948414
6227.00000000   -535.464343688636
6228.00000000   -535.464060060931
6229.00000000   -535.463688926646
6230.00000000   -535.463234926490
623.00000000   -535.442273157971
6231.00000000   -535.462702492093
6232.00000000   -535.462095852751
6233.00000000   -535.461419049325
6234.00000000   -535.460675940334
6235.00000000   -535.459870211179
6236.00000000   -535.459005382322
6237.00000000   -535.458084818282
6238.00000000   -535.457111729976
6239.00000000   -535.456089189080
6240.00000000   -535.455020129922
624.00000000   -535.432310752712
6241.00000000   -535.453907357032
6242.00000000   -535.452753551137
6243.00000000   -535.451561274832
6244.00000000   -535.450332979886
6245.00000000   -535.449071005695
6246.00000000   -535.447777594090
6247.00000000   -535.446454887453
6248.00000000   -535.445104934898
6249.00000000   -535.443729696343
6250.00000000   -535.442331048521
625.00000000   -535.438262032694
6251.00000000   -535.440910781355
6252.00000000   -535.439470612564
6253.00000000   -535.438012183938
6254.00000000   -535.436537066319
6255.00000000   -535.435046762729
6256.00000000   -535.433542711502
6257.00000000   -535.432026290929
6258.00000000   -535.430498814099
6259.00000000   -535.428961543407
6260.00000000   -535.427415685157
626.00000000   -535.459730554709
6261.00000000   -535.425862393698
6262.00000000   -535.424302773851
6263.00000000   -535.422737885064
6264.00000000   -535.421168735130
6265.00000000   -535.419596294606
6266.00000000   -535.418021490491
6267.00000000   -535.416445209769
6268.00000000   -535.414868301369
6269.00000000   -535.413291580341
6270.00000000   -535.411715819484
627.00000000   -535.385458751608
6271.00000000   -535.410141765212
6272.00000000   -535.408570129539
6273.00000000   -535.407001593667
6274.00000000   -535.405436809433
6275.00000000   -535.403876400520
6276.00000000   -535.402320965490
6277.00000000   -535.400771070846
6278.00000000   -535.399227264368
6279.00000000   -535.397690067952
6280.00000000   -535.396159980566
628.00000000   -535.413126715991
6281.00000000   -535.394637479066
6282.00000000   -535.393123021406
6283.00000000   -535.391617039091
6284.00000000   -535.390119950207
6285.00000000   -535.388632152142
6286.00000000   -535.387154024008
6287.00000000   -535.385685928042
6288.00000000   -535.384228209171
6289.00000000   -535.382781199376
6290.00000000   -535.381345207568
629.00000000   -535.452604762943
6291.00000000   -535.379920534924
6292.00000000   -535.378507465836
6293.00000000   -535.377106270676
6294.00000000   -535.375717206521
6295.00000000   -535.374340519209
6296.00000000   -535.372976436611
6297.00000000   -535.371625179830
6298.00000000   -535.370286956620
6299.00000000   -535.368961962875
6300.00000000   -535.367650384020
630.00000000   -535.454751846607
63.00000000   -535.464573026241
6301.00000000   -535.366352394266
6302.00000000   -535.365068159032
6303.00000000   -535.363797829157
6304.00000000   -535.362541550181
6305.00000000   -535.361299456427
6306.00000000   -535.360071673133
6307.00000000   -535.358858316377
6308.00000000   -535.357659494862
6309.00000000   -535.356475304205
6310.00000000   -535.355305836631
631.00000000   -535.426258430070
6311.00000000   -535.354151173717
6312.00000000   -535.353011389933
6313.00000000   -535.351886551547
6314.00000000   -535.350776719203
6315.00000000   -535.349681940888
6316.00000000   -535.348602262622
6317.00000000   -535.347537721433
6318.00000000   -535.346488347726
6319.00000000   -535.345454165060
6320.00000000   -535.344435190181
632.00000000   -535.413922682442
6321.00000000   -535.343431435222
6322.00000000   -535.342442901849
6323.00000000   -535.341469589426
6324.00000000   -535.340511490283
6325.00000000   -535.339568590724
6326.00000000   -535.338640871677
6327.00000000   -535.337728309236
6328.00000000   -535.336830870904
6329.00000000   -535.335948522363
6330.00000000   -535.335081223046
633.00000000   -535.451140265806
6331.00000000   -535.334228926965
6332.00000000   -535.333391583788
6333.00000000   -535.332569138014
6334.00000000   -535.331761531003
6335.00000000   -535.330968696339
6336.00000000   -535.330190565998
6337.00000000   -535.329427067145
6338.00000000   -535.328678122483
6339.00000000   -535.327943651621
6340.00000000   -535.327223569995
634.00000000   -535.412583593034
6341.00000000   -535.326517787253
6342.00000000   -535.325826212492
6343.00000000   -535.325148749667
6344.00000000   -535.324485300248
6345.00000000   -535.323835761646
6346.00000000   -535.323200029804
6347.00000000   -535.322577994765
6348.00000000   -535.321969546473
6349.00000000   -535.321374571203
6350.00000000   -535.320792952951
635.00000000   -535.410848037498
6351.00000000   -535.320224572281
6352.00000000   -535.319669308987
6353.00000000   -535.319127040336
6354.00000000   -535.318597639372
6355.00000000   -535.318080979833
6356.00000000   -535.317576932386
6357.00000000   -535.317085366248
6358.00000000   -535.316606148754
6359.00000000   -535.316139147091
6360.00000000   -535.315684224537
636.00000000   -535.456875903309
6361.00000000   -535.315241244042
6362.00000000   -535.314810068930
6363.00000000   -535.249213239683
6364.00000000   -535.258338905029
6365.00000000   -535.267148635335
6366.00000000   -535.275652227160
6367.00000000   -535.283859119628
6368.00000000   -535.291778462136
6369.00000000   -535.299419098655
6370.00000000   -535.306789626324
637.00000000   -535.435360073352
6371.00000000   -535.313898332065
6372.00000000   -535.320753240613
6373.00000000   -535.327362154458
6374.00000000   -535.333732596947
6375.00000000   -535.339871855382
6376.00000000   -535.345787016608
6377.00000000   -535.351484916236
6378.00000000   -535.356972185573
6379.00000000   -535.362255240870
6380.00000000   -535.367340323134
638.00000000   -535.441073762398
6381.00000000   -535.372233454885
6382.00000000   -535.376940472945
6383.00000000   -535.381467056113
6384.00000000   -535.385818685611
6385.00000000   -535.390000675253
6386.00000000   -535.394018195385
6387.00000000   -535.397876238510
6388.00000000   -535.401579651214
6389.00000000   -535.405133126983
6390.00000000   -535.408541233338
639.00000000   -535.380728319366
6391.00000000   -535.411808382596
6392.00000000   -535.414938854357
6393.00000000   -535.417936813768
6394.00000000   -535.420806285780
6395.00000000   -535.423551179447
6396.00000000   -535.426175282511
6397.00000000   -535.428682281801
6398.00000000   -535.431075741771
6399.00000000   -535.433359121374
6400.00000000   -535.435535787523
640.00000000   -535.449128167139
64.00000000   -535.464612055108
6401.00000000   -535.437608996632
6402.00000000   -535.439581909375
6403.00000000   -535.441457602421
6404.00000000   -535.443239052666
6405.00000000   -535.444929152684
6406.00000000   -535.446530707841
6407.00000000   -535.448046449121
6408.00000000   -535.449479020250
6409.00000000   -535.450830988587
6410.00000000   -535.452104853391
641.00000000   -535.457624014036
6411.00000000   -535.453303035138
6412.00000000   -535.454427884937
6413.00000000   -535.455481691408
6414.00000000   -535.456466672268
6415.00000000   -535.457384983360
6416.00000000   -535.458238717705
6417.00000000   -535.459029912673
6418.00000000   -535.459760543671
6419.00000000   -535.460432530538
6420.00000000   -535.461047741880
642.00000000   -535.427622274252
6421.00000000   -535.461607990498
6422.00000000   -535.462115039230
6423.00000000   -535.462570600834
6424.00000000   -535.462976342336
6425.00000000   -535.463333881918
6426.00000000   -535.463644793240
6427.00000000   -535.463910607477
6428.00000000   -535.464132812137
6429.00000000   -535.464312853810
6430.00000000   -535.464452140113
643.00000000   -535.428510550629
6431.00000000   -535.464552038978
6432.00000000   -535.464613881384
6433.00000000   -535.464638961772
6434.00000000   -535.464628539374
6435.00000000   -535.464583838939
6436.00000000   -535.464506052396
6437.00000000   -535.464396338773
6438.00000000   -535.464255826221
6439.00000000   -535.464085612593
6440.00000000   -535.463886765421
644.00000000   -535.464438060299
6441.00000000   -535.463660324301
6442.00000000   -535.463407300670
6443.00000000   -535.463128679360
6444.00000000   -535.462825417589
6445.00000000   -535.462498448281
6446.00000000   -535.462148679632
6447.00000000   -535.461776994038
6448.00000000   -535.461384252107
6449.00000000   -535.460971290935
6450.00000000   -535.460538926223
645.00000000   -535.449517596883
6451.00000000   -535.460087950003
6452.00000000   -535.459619135327
6453.00000000   -535.459133234820
6454.00000000   -535.458630979084
6455.00000000   -535.458113081454
6456.00000000   -535.457580236684
6457.00000000   -535.457033118495
6458.00000000   -535.456472385417
6459.00000000   -535.455898677642
6460.00000000   -535.455312619437
646.00000000   -535.449601576906
6461.00000000   -535.454714815654
6462.00000000   -535.454105857936
6463.00000000   -535.453486322453
6464.00000000   -535.452856766876
6465.00000000   -535.452217737170
6466.00000000   -535.451569764654
6467.00000000   -535.450913363820
6468.00000000   -535.450249037963
6469.00000000   -535.449577276209
6470.00000000   -535.448898555714
647.00000000   -535.462889107613
6471.00000000   -535.448213337505
6472.00000000   -535.447522073484
6473.00000000   -535.446825203318
6474.00000000   -535.446123151570
6475.00000000   -535.445416334762
6476.00000000   -535.444705157806
6477.00000000   -535.443990011613
6478.00000000   -535.443271279597
6479.00000000   -535.442549333485
6480.00000000   -535.441824535975
648.00000000   -535.419932733687
6481.00000000   -535.441097236747
6482.00000000   -535.440367778715
6483.00000000   -535.439636495484
6484.00000000   -535.438903708152
6485.00000000   -535.438169731992
6486.00000000   -535.437434872312
6487.00000000   -535.436699427057
6488.00000000   -535.435963682513
6489.00000000   -535.435227919729
6490.00000000   -535.434492412278
649.00000000   -535.452640912169
6491.00000000   -535.433757422106
6492.00000000   -535.433023207189
6493.00000000   -535.432290017699
6494.00000000   -535.431558093502
6495.00000000   -535.430827670604
6496.00000000   -535.430098976657
6497.00000000   -535.429372234113
6498.00000000   -535.428647655023
6499.00000000   -535.427925448527
6500.00000000   -535.427205817143
650.00000000   -535.439581848101
65.00000000   -535.464505171074
6501.00000000   -535.426488954195
6502.00000000   -535.425775049870
6503.00000000   -535.425064288848
6504.00000000   -535.424356846211
6505.00000000   -535.423652895077
6506.00000000   -535.422952601609
6507.00000000   -535.422256127788
6508.00000000   -535.421563626929
6509.00000000   -535.420875250391
6510.00000000   -535.420191144418
651.00000000   -535.453265962516
6511.00000000   -535.419511447075
6512.00000000   -535.418836294609
6513.00000000   -535.418165817789
6514.00000000   -535.417500143237
6515.00000000   -535.416839390149
6516.00000000   -535.416183676292
6517.00000000   -535.415533114891
6518.00000000   -535.414887812041
6519.00000000   -535.414247872352
6520.00000000   -535.413613396571
652.00000000   -535.448218240349
6521.00000000   -535.412984478131
6522.00000000   -535.412361209780
6523.00000000   -535.411743678854
6524.00000000   -535.411131970477
6525.00000000   -535.410526162604
6527.00000000   -535.409332554493
6529.00000000   -535.408163421809
6530.00000000   -535.407588197549
653.00000000   -535.429565335590
6531.00000000   -535.407019279659
6532.00000000   -535.406456725056
6533.00000000   -535.405900586155
6534.00000000   -535.405350913376
6535.00000000   -535.404807751409
6536.00000000   -535.404271144698
6537.00000000   -535.403741133974
6538.00000000   -535.403217755641
6539.00000000   -535.402701044932
6540.00000000   -535.402191034172
654.00000000   -535.436348374867
6541.00000000   -535.401687752943
6542.00000000   -535.401191226117
6544.00000000   -535.400218533104
6545.00000000   -535.399742405328
6546.00000000   -535.399273113373
6549.00000000   -535.397906380833
6550.00000000   -535.397464547045
655.00000000   -535.452820975623
6552.00000000   -535.396601529338
6553.00000000   -535.396180347736
6554.00000000   -535.395766050369
6555.00000000   -535.395358630732
6556.00000000   -535.394958085291
6557.00000000   -535.394564407111
6559.00000000   -535.393797607737
6560.00000000   -535.393424461307
656.00000000   -535.402396752995
6561.00000000   -535.393058132817
6562.00000000   -535.392698603569
6563.00000000   -535.286377102608
6564.00000000   -535.292759100682
6565.00000000   -535.298880190625
6566.00000000   -535.304752713442
6567.00000000   -535.310388660070
6568.00000000   -535.315799642906
6569.00000000   -535.320996874554
6570.00000000   -535.325991149673
657.00000000   -535.435927146945
6571.00000000   -535.330792834145
6572.00000000   -535.335411856606
6573.00000000   -535.339857703837
6574.00000000   -535.344139419881
6575.00000000   -535.348265607697
6576.00000000   -535.352244433161
6577.00000000   -535.356083632083
6578.00000000   -535.359790516910
6579.00000000   -535.363371988033
6580.00000000   -535.366834544231
658.00000000   -535.431905958891
6581.00000000   -535.370184295110
6582.00000000   -535.373426974129
6583.00000000   -535.376567953293
6584.00000000   -535.379612256420
6585.00000000   -535.382564575567
6586.00000000   -535.385429284846
6587.00000000   -535.388210456566
6588.00000000   -535.390911876479
6589.00000000   -535.393537058415
6590.00000000   -535.396089259699
659.00000000   -535.430077721673
6591.00000000   -535.398571495581
6592.00000000   -535.400986554095
6593.00000000   -535.403337009213
6594.00000000   -535.405625235155
6595.00000000   -535.407853419408
6596.00000000   -535.410023574813
6597.00000000   -535.412137552334
6598.00000000   -535.414197052320
6599.00000000   -535.416203635783
6600.00000000   -535.418158734883
660.00000000   -535.414351151703
66.00000000   -535.464566858157
6601.00000000   -535.420063663111
6602.00000000   -535.421919624736
6603.00000000   -535.423727723738
6604.00000000   -535.425488972613
6605.00000000   -535.427204299859
6606.00000000   -535.428874557993
6607.00000000   -535.430500530218
6608.00000000   -535.432082936949
6609.00000000   -535.433622441947
6610.00000000   -535.435119657927
661.00000000   -535.441536651206
6611.00000000   -535.436575151751
6612.00000000   -535.437989449040
6613.00000000   -535.439363038752
6614.00000000   -535.440696377175
6615.00000000   -535.441989891377
6616.00000000   -535.443243982918
6617.00000000   -535.444459030551
6618.00000000   -535.445635393064
6619.00000000   -535.446773411966
6620.00000000   -535.447873413533
662.00000000   -535.450233096292
6621.00000000   -535.448935710868
6622.00000000   -535.449960605743
6623.00000000   -535.450948390302
6624.00000000   -535.451899348272
6625.00000000   -535.452813756753
6626.00000000   -535.453691886776
6627.00000000   -535.454534004742
6628.00000000   -535.455340373220
6629.00000000   -535.456111251745
6630.00000000   -535.456846897517
663.00000000   -535.444975541918
6631.00000000   -535.457547566057
6632.00000000   -535.458213511730
6633.00000000   -535.458844988237
6634.00000000   -535.459442249030
6635.00000000   -535.460005547672
6636.00000000   -535.460535138118
6637.00000000   -535.461031275041
6638.00000000   -535.461494213981
6639.00000000   -535.461924211619
6640.00000000   -535.462321525789
664.00000000   -535.450130482498
6641.00000000   -535.462686415875
6642.00000000   -535.463019142637
6643.00000000   -535.463319968410
6644.00000000   -535.463589157263
6645.00000000   -535.463826974887
6646.00000000   -535.464033688783
6647.00000000   -535.464209568216
6648.00000000   -535.464354884260
6649.00000000   -535.464469909852
6650.00000000   -535.464554919757
665.00000000   -535.437941572350
6651.00000000   -535.464610190659
6652.00000000   -535.464636001059
6653.00000000   -535.464632631477
6654.00000000   -535.464600364267
6655.00000000   -535.464539483791
6656.00000000   -535.464450276398
6657.00000000   -535.464333030498
6658.00000000   -535.464188036456
6659.00000000   -535.464015586797
6660.00000000   -535.463815976351
666.00000000   -535.447813043156
6661.00000000   -535.463589501972
6662.00000000   -535.463336462904
6663.00000000   -535.463057160755
6664.00000000   -535.462751899551
6665.00000000   -535.462420985893
6666.00000000   -535.462064728991
6667.00000000   -535.461683440858
6668.00000000   -535.461277436188
6669.00000000   -535.460847032868
6670.00000000   -535.460392551849
667.00000000   -535.431883213146
6671.00000000   -535.459914317057
6672.00000000   -535.459412656204
6673.00000000   -535.458887900276
6674.00000000   -535.458340383924
6675.00000000   -535.457770445744
6676.00000000   -535.457178428419
6677.00000000   -535.456564678734
6678.00000000   -535.455929548003
6679.00000000   -535.455273391887
6680.00000000   -535.454596571167
668.00000000   -535.422300184005
6681.00000000   -535.453899451500
6682.00000000   -535.453182403751
6683.00000000   -535.452445804361
6684.00000000   -535.451690035493
6685.00000000   -535.450915485268
6686.00000000   -535.450122548070
6687.00000000   -535.449311624823
6688.00000000   -535.448483123227
6689.00000000   -535.447637458139
6690.00000000   -535.446775051847
669.00000000   -535.451577438928
6691.00000000   -535.445896334362
6692.00000000   -535.445001743795
6693.00000000   -535.444091726653
6694.00000000   -535.443166738470
6695.00000000   -535.442227243672
6696.00000000   -535.441273716499
6697.00000000   -535.440306641164
6698.00000000   -535.439326512344
6699.00000000   -535.438333835550
6700.00000000   -535.437329128065
670.00000000   -535.412281626449
67.00000000   -535.464412769933
6701.00000000   -535.436312918533
6702.00000000   -535.435285748387
6703.00000000   -535.434248171814
6704.00000000   -535.433200756891
6705.00000000   -535.432144085212
6706.00000000   -535.431078753332
6707.00000000   -535.430005373294
6708.00000000   -535.428924572691
6709.00000000   -535.427836995901
6710.00000000   -535.426743304174
671.00000000   -535.400595344550
6711.00000000   -535.425644176885
6712.00000000   -535.424540311755
6713.00000000   -535.423432425998
6714.00000000   -535.422321256162
6715.00000000   -535.421207559768
6716.00000000   -535.420092115432
6717.00000000   -535.418975723655
6718.00000000   -535.417859207579
6719.00000000   -535.416743413595
6720.00000000   -535.415629211954
672.00000000   -535.452346973488
6721.00000000   -535.414517497511
6722.00000000   -535.413409190036
6723.00000000   -535.412305235105
6724.00000000   -535.411206604542
6725.00000000   -535.410114296365
6726.00000000   -535.409029335773
6727.00000000   -535.407952774978
6728.00000000   -535.406885693592
6729.00000000   -535.405829198441
6730.00000000   -535.404784423372
673.00000000   -535.409393696207
6731.00000000   -535.403752529199
6732.00000000   -535.402734702876
6733.00000000   -535.401732157042
6734.00000000   -535.400746128976
6735.00000000   -535.399777879090
6736.00000000   -535.398828689618
6737.00000000   -535.397899862817
6738.00000000   -535.396992718467
6739.00000000   -535.396108591460
6740.00000000   -535.395248828916
674.00000000   -535.445659459032
6741.00000000   -535.394414786285
6742.00000000   -535.393607824090
6743.00000000   -535.392829303120
6744.00000000   -535.392080579836
6745.00000000   -535.391363001407
6746.00000000   -535.390677899419
6747.00000000   -535.390026584418
6748.00000000   -535.389410339030
6749.00000000   -535.388830411181
6750.00000000   -535.388288007179
675.00000000   -535.437911983744
6751.00000000   -535.387784284179
6752.00000000   -535.387320342680
6753.00000000   -535.386897219181
6754.00000000   -535.386515878656
6755.00000000   -535.386177207348
6756.00000000   -535.385882005818
6757.00000000   -535.385630982457
6758.00000000   -535.385424747529
6759.00000000   -535.385263807982
6760.00000000   -535.385148562924
676.00000000   -535.416710108512
6761.00000000   -535.385079300064
6762.00000000   -535.314256024682
6763.00000000   -535.313722186469
6764.00000000   -535.313208224186
6765.00000000   -535.312713806691
6766.00000000   -535.312238600803
6767.00000000   -535.311782269756
6768.00000000   -535.311344479878
6769.00000000   -535.310924892941
6770.00000000   -535.310523172499
677.00000000   -535.436751528210
6772.00000000   -535.309771983764
6773.00000000   -535.309421841378
6774.00000000   -535.309088220794
6775.00000000   -535.308770786384
6776.00000000   -535.308469206363
6777.00000000   -535.308183147140
6778.00000000   -535.307912282395
6779.00000000   -535.307656285048
6780.00000000   -535.307414826827
678.00000000   -535.410565742086
6781.00000000   -535.307187587450
6784.00000000   -535.306587994346
6785.00000000   -535.306414460677
6786.00000000   -535.306253575346
6787.00000000   -535.306105032413
679.00000000   -535.389756193364
6792.00000000   -535.305537111976
6794.00000000   -535.305386125666
6799.00000000   -535.305179843502
680.00000000   -535.443422655186
68.00000000   -535.464500889618
6801.00000000   -535.305160321107
6802.00000000   -535.305163063348
6803.00000000   -535.305173825990
6807.00000000   -535.305292341822
6808.00000000   -535.305339712353
6809.00000000   -535.305393771516
681.00000000   -535.426155622377
6812.00000000   -535.305593856463
6814.00000000   -535.305945769520
6819.00000000   -535.307166197527
682.00000000   -535.431229676257
6821.00000000   -535.307763078845
6825.00000000   -535.309093858294
6826.00000000   -535.309449493353
683.00000000   -535.441121897617
6833.00000000   -535.312106351886
6836.00000000   -535.313299026362
6837.00000000   -535.313699803865
684.00000000   -535.464595226748
6846.00000000   -535.317301111717
6849.00000000   -535.318475288156
685.00000000   -535.454442518849
6851.00000000   -535.319245295067
686.00000000   -535.387741283895
6864.00000000   -535.391074658946
687.00000000   -535.403447645963
688.00000000   -535.416757961255
689.00000000   -535.440774474165
6892.00000000   -535.382672017680
690.00000000   -535.462049097074
69.00000000   -535.464295143844
691.00000000   -535.444954041817
692.00000000   -535.444415865698
693.00000000   -535.459745864672
694.00000000   -535.448463563129
695.00000000   -535.439273115094
696.00000000   -535.446162907034
6962.00000000   -535.385073001252
6963.00000000   -535.385067865960
6964.00000000   -535.385063664015
6965.00000000   -535.385060395609
6966.00000000   -535.385058060904
6967.00000000   -535.385056660038
6968.00000000   -535.385056197756
6969.00000000   -535.385056571323
6970.00000000   -535.385056491943
697.00000000   -535.454184181052
6971.00000000   -535.385056421901
6972.00000000   -535.385056361192
6973.00000000   -535.385056267801
6974.00000000   -535.385056235111
6975.00000000   -535.385056211765
698.00000000   -535.419932049272
699.00000000   -535.448041293547
700.00000000   -535.453765589304
70.00000000   -535.464414731696
7.00000000   -535.464429821228
701.00000000   -535.439932501362
702.00000000   -535.438196335095
703.00000000   -535.395350026378
704.00000000   -535.389584423604
705.00000000   -535.421703872736
706.00000000   -535.412488600631
707.00000000   -535.439658413233
708.00000000   -535.449549822830
709.00000000   -535.424563762011
710.00000000   -535.419546054382
71.00000000   -535.464151598572
711.00000000   -535.444792192782
712.00000000   -535.408185688217
713.00000000   -535.459708899956
714.00000000   -535.438341164842
715.00000000   -535.447903108185
716.00000000   -535.425461206543
717.00000000   -535.430021578390
718.00000000   -535.457199342353
719.00000000   -535.457336942329
720.00000000   -535.414958456182
72.00000000   -535.464308954037
721.00000000   -535.415379577127
722.00000000   -535.430447798298
723.00000000   -535.455825399099
724.00000000   -535.406582650522
725.00000000   -535.464571132792
726.00000000   -535.450679398843
727.00000000   -535.421077424742
728.00000000   -535.452666810522
729.00000000   -535.391270842521
730.00000000   -535.454653365243
73.00000000   -535.463981424406
731.00000000   -535.434332635870
732.00000000   -535.432750906406
733.00000000   -535.455736922190
734.00000000   -535.433632136918
735.00000000   -535.448187535086
736.00000000   -535.410321604766
737.00000000   -535.454073739167
738.00000000   -535.431185132257
739.00000000   -535.444562299172
740.00000000   -535.459705560796
74.00000000   -535.464184114000
741.00000000   -535.459960553612
742.00000000   -535.461822013274
743.00000000   -535.460493936900
744.00000000   -535.462131831180
745.00000000   -535.415528880815
746.00000000   -535.431047749374
747.00000000   -535.442267888551
748.00000000   -535.452967380617
749.00000000   -535.450207887876
750.00000000   -535.449493250145
75.00000000   -535.463783895601
751.00000000   -535.417061748100
752.00000000   -535.462528952221
753.00000000   -535.421359405512
754.00000000   -535.447648621922
755.00000000   -535.461802321988
756.00000000   -535.461002310212
757.00000000   -535.453698024193
758.00000000   -535.416386133621
759.00000000   -535.457405554554
760.00000000   -535.447109749186
76.00000000   -535.464040756995
761.00000000   -535.409466001658
762.00000000   -535.457550556116
763.00000000   -535.445519743704
764.00000000   -535.415254867832
765.00000000   -535.421554190764
766.00000000   -535.454875401645
767.00000000   -535.327759481333
768.00000000   -535.447681075028
769.00000000   -535.392025920278
770.00000000   -535.452771715984
77.00000000   -535.463558270107
771.00000000   -535.337598621012
772.00000000   -535.461907112075
773.00000000   -535.459870577831
774.00000000   -535.442431776600
775.00000000   -535.456216345572
776.00000000   -535.391671934018
777.00000000   -535.413325547139
778.00000000   -535.460567703192
779.00000000   -535.457336818766
780.00000000   -535.356359851238
78.00000000   -535.463879416711
781.00000000   -535.450147177160
782.00000000   -535.381478102241
783.00000000   -535.445375271622
784.00000000   -535.413385734153
785.00000000   -535.464352514776
786.00000000   -535.431271683872
787.00000000   -535.463353993909
788.00000000   -535.463559450209
789.00000000   -535.464427984495
790.00000000   -535.456615403314
79.00000000   -535.463303789143
791.00000000   -535.435868130905
792.00000000   -535.461355425388
793.00000000   -535.461407315017
794.00000000   -535.462556097784
795.00000000   -535.337406306998
796.00000000   -535.409036002461
797.00000000   -535.455710252135
798.00000000   -535.383717886357
799.00000000   -535.464055642297
800.00000000   -535.427792285796
80.00000000   -535.463700615399
8.00000000   -535.464260571479
801.00000000   -535.442611497401
802.00000000   -535.429906901922
803.00000000   -535.448147217560
804.00000000   -535.367044670853
805.00000000   -535.433754678047
806.00000000   -535.459473709079
807.00000000   -535.458718645355
808.00000000   -535.420596290859
809.00000000   -535.416986941394
810.00000000   -535.438080050058
81.00000000   -535.463019676698
811.00000000   -535.419231011972
812.00000000   -535.422332618351
813.00000000   -535.453572679526
814.00000000   -535.425377984531
815.00000000   -535.433288348880
816.00000000   -535.458353342652
817.00000000   -535.422884712659
818.00000000   -535.411876369086
819.00000000   -535.459612516835
820.00000000   -535.325115575741
82.00000000   -535.463504864069
821.00000000   -535.451752108817
822.00000000   -535.407565816248
823.00000000   -535.448357250746
824.00000000   -535.382353968315
825.00000000   -535.419955364583
826.00000000   -535.380947121856
827.00000000   -535.417377663553
828.00000000   -535.464390934390
829.00000000   -535.443949535623
830.00000000   -535.424925300812
83.00000000   -535.462705139302
831.00000000   -535.440584811296
832.00000000   -535.421981099222
833.00000000   -535.443627971761
834.00000000   -535.460579323480
835.00000000   -535.353982646648
836.00000000   -535.445715402094
837.00000000   -535.464547150201
838.00000000   -535.390966880856
839.00000000   -535.438988080802
840.00000000   -535.437983775949
84.00000000   -535.463292662856
841.00000000   -535.447185755832
842.00000000   -535.445779352103
843.00000000   -535.432267267641
844.00000000   -535.423158829352
845.00000000   -535.422409519899
846.00000000   -535.440093994694
847.00000000   -535.430106828899
848.00000000   -535.461650629529
849.00000000   -535.442606770370
850.00000000   -535.461255671711
85.00000000   -535.462359365298
851.00000000   -535.456773423874
852.00000000   -535.439682070453
853.00000000   -535.449290386297
854.00000000   -535.461015710663
855.00000000   -535.438070451781
856.00000000   -535.402465999635
857.00000000   -535.415386152665
858.00000000   -535.420076081369
859.00000000   -535.442969094584
860.00000000   -535.423604789385
86.00000000   -535.463064501276
861.00000000   -535.410365606289
862.00000000   -535.453263521123
863.00000000   -535.448111058099
864.00000000   -535.433162778904
865.00000000   -535.460718276359
866.00000000   -535.454557834433
867.00000000   -535.455630120852
868.00000000   -535.463687488394
869.00000000   -535.447599331606
870.00000000   -535.457477587585
87.00000000   -535.461981524665
871.00000000   -535.450886807116
872.00000000   -535.401675480384
873.00000000   -535.448396582069
874.00000000   -535.446766406688
875.00000000   -535.462819403037
876.00000000   -535.391652026829
877.00000000   -535.446676694326
878.00000000   -535.447742824805
879.00000000   -535.450835575583
880.00000000   -535.454934444843
88.00000000   -535.462820858296
881.00000000   -535.453570764128
882.00000000   -535.375388673634
883.00000000   -535.431523037798
884.00000000   -535.461405955368
885.00000000   -535.440019299109
886.00000000   -535.423879911578
887.00000000   -535.429092151421
888.00000000   -535.453747666073
889.00000000   -535.463383510524
890.00000000   -535.425366729198
89.00000000   -535.461570768478
891.00000000   -535.430009077498
892.00000000   -535.428384148159
893.00000000   -535.432876007882
894.00000000   -535.458777559742
895.00000000   -535.459982347066
896.00000000   -535.440542303632
897.00000000   -535.392687079386
898.00000000   -535.456029436662
899.00000000   -535.398614760223
900.00000000   -535.371170725550
90.00000000   -535.462562202752
9.00000000   -535.464275491477
901.00000000   -535.379604101914
902.00000000   -535.447302176643
903.00000000   -535.428549175579
904.00000000   -535.455989176979
905.00000000   -535.436143195496
906.00000000   -535.447188407827
907.00000000   -535.430132726483
908.00000000   -535.440196773694
909.00000000   -535.451149247714
910.00000000   -535.450840426304
91.00000000   -535.461126228351
911.00000000   -535.458382661764
912.00000000   -535.458909811282
913.00000000   -535.413740525883
914.00000000   -535.442986675670
915.00000000   -535.464460938764
916.00000000   -535.380050052971
917.00000000   -535.409236164343
918.00000000   -535.412084935977
919.00000000   -535.448876469462
920.00000000   -535.447180325796
92.00000000   -535.462288993470
921.00000000   -535.397496195792
922.00000000   -535.457872679820
923.00000000   -535.434659493493
924.00000000   -535.439933232491
925.00000000   -535.426576070593
926.00000000   -535.400261054333
927.00000000   -535.422786806876
928.00000000   -535.449164916006
929.00000000   -535.457659354968
930.00000000   -535.460513751591
93.00000000   -535.460647016012
931.00000000   -535.451443897841
932.00000000   -535.427064158884
933.00000000   -535.453998217834
934.00000000   -535.420693103009
935.00000000   -535.437280953471
936.00000000   -535.424202579093
937.00000000   -535.422927787570
938.00000000   -535.454282371028
939.00000000   -535.430780818555
940.00000000   -535.442514179979
94.00000000   -535.462001679626
941.00000000   -535.423742107872
942.00000000   -535.443599216253
943.00000000   -535.448909665142
944.00000000   -535.394676422055
945.00000000   -535.457348709910
946.00000000   -535.418892093351
947.00000000   -535.441245272761
948.00000000   -535.453061365381
949.00000000   -535.451434334213
950.00000000   -535.442119797365
95.00000000   -535.460132222762
951.00000000   -535.449673774559
952.00000000   -535.449247823507
953.00000000   -535.459886392575
954.00000000   -535.426972818677
955.00000000   -535.456698071586
956.00000000   -535.421784181163
957.00000000   -535.396338063221
958.00000000   -535.428275145476
959.00000000   -535.448167361825
960.00000000   -535.389412618832
96.00000000   -535.461700700679
961.00000000   -535.437149094136
962.00000000   -535.429726030763
963.00000000   -535.383914538990
964.00000000   -535.414864895498
965.00000000   -535.444643700082
966.00000000   -535.412477043732
967.00000000   -535.453422716770
968.00000000   -535.430864393681
969.00000000   -535.426056726193
970.00000000   -535.442312013843
97.00000000   -535.459580919095
971.00000000   -535.372482839900
972.00000000   -535.343651992254
973.00000000   -535.448164700555
974.00000000   -535.440074102092
975.00000000   -535.407106670422
976.00000000   -535.450594360929
977.00000000   -535.440655251284
978.00000000   -535.462588732088
979.00000000   -535.459724954457
980.00000000   -535.417442220541
98.00000000   -535.461386486981
981.00000000   -535.450558635158
982.00000000   -535.450971781758
983.00000000   -535.456972566176
984.00000000   -535.431105308663
985.00000000   -535.436541709785
986.00000000   -535.397056244566
987.00000000   -535.446464796697
988.00000000   -535.425648905651
989.00000000   -535.381333678947
990.00000000   -535.440908661807
99.00000000   -535.458992154021
991.00000000   -535.439054785726
992.00000000   -535.393872368118
993.00000000   -535.459974455925
994.00000000   -535.391921808889
995.00000000   -535.408565564987
996.00000000   -535.454729642158
997.00000000   -535.449011652292
998.00000000   -535.392559060891
999.00000000   -535.446349836989