0.96446195 1.68888476 103.00000000 -535.476301020771    1     0.000000
0.95946195 1.68888476 103.00000000 -535.476277721554    2     5.113587
0.96946195 1.68888476 103.00000000 -535.476278153146    3     5.018864
0.95446195 1.68888476 103.00000000 -535.476206608565    4    20.721084
0.97446195 1.68888476 103.00000000 -535.476210712505    5    19.820374
0.94946195 1.68888476 103.00000000 -535.476085984952    6    47.194908
0.97946195 1.68888476 103.00000000 -535.476100246269    7    44.064911
0.94446195 1.68888476 103.00000000 -535.475914100039    8    84.919287
0.98446195 1.68888476 103.00000000 -535.475948254708    9    77.423203
0.93946195 1.68888476 103.00000000 -535.475689146817   10   134.290813
0.98946195 1.68888476 103.00000000 -535.475756191686   11   119.576165
0.93446195 1.68888476 103.00000000 -535.475409262173   12   195.718393
0.99446195 1.68888476 103.00000000 -535.475525467059   13   170.214368
0.92946195 1.68888476 103.00000000 -535.475072522922   14   269.624117
0.99946195 1.68888476 103.00000000 -535.475257448704   15   229.037599
0.92446195 1.68888476 103.00000000 -535.474676946105   16   356.443195
1.00446195 1.68888476 103.00000000 -535.474953462252   17   295.754915
0.91946195 1.68888476 103.00000000 -535.474220483347   18   456.625193
1.00946195 1.68888476 103.00000000 -535.474614794417   19   370.083914
0.91446195 1.68888476 103.00000000 -535.473701022629   20   570.633644
1.01446195 1.68888476 103.00000000 -535.474242691268   21   451.751117
0.90946195 1.68888476 103.00000000 -535.473116384602   22   698.946862
1.01946195 1.68888476 103.00000000 -535.473838364094   23   540.490676
0.90446195 1.68888476 103.00000000 -535.472464318847   24   842.058756
1.02446195 1.68888476 103.00000000 -535.473402985543   25   636.045225
0.89946195 1.68888476 103.00000000 -535.471742502459   26  1000.479144
1.02946195 1.68888476 103.00000000 -535.472937694255   27   738.164861
0.89446195 1.68888476 103.00000000 -535.470948538923   28  1174.734002
1.03446195 1.68888476 103.00000000 -535.472443593547   29   846.607434
0.88946195 1.68888476 103.00000000 -535.470079954690   30  1365.366210
1.03946195 1.68888476 103.00000000 -535.471921754506   31   961.137867
0.88446195 1.68888476 103.00000000 -535.469134193767   32  1572.936744
1.04446195 1.68888476 103.00000000 -535.471373216840   33  1081.527971
0.87946195 1.68888476 103.00000000 -535.468108619851   34  1798.024205
1.04946195 1.68888476 103.00000000 -535.470798988027   35  1207.556630
0.87446195 1.68888476 103.00000000 -535.467000509605   36  2041.226297
1.05446195 1.68888476 103.00000000 -535.470200045733   37  1339.009272
0.86946195 1.68888476 103.00000000 -535.465807051585   38  2303.160061
1.05946195 1.68888476 103.00000000 -535.469577339418   39  1475.677513
0.86446195 1.68888476 103.00000000 -535.464525342272   40  2584.462745
1.06446195 1.68888476 103.00000000 -535.468931789096   41  1617.359435
0.85446195 1.68888476 103.00000000 -535.461685075760   42  3207.829202
1.07446195 1.68888476 103.00000000 -535.467575703248   43  1914.985882
0.84446195 1.68888476 103.00000000 -535.458454519141   44  3916.854438
1.08446195 1.68888476 103.00000000 -535.466138621571   45  2230.388859
1.08946195 1.68888476 103.00000000 -535.465391733370   46  2394.311875
0.83946195 1.68888476 103.00000000 -535.456684550715   47  4305.317613
1.11446195 1.68888476 103.00000000 -535.461403900316   48  3269.540080
0.81446195 1.68888476 103.00000000 -535.446141297681   49  6619.294229
0.76446195 1.68888476 103.00000000 -535.414915669489   50 13472.527591
1.26446195 1.68888476 103.00000000 -535.432246947448   51  9668.751680
0.66446195 1.68888476 103.00000000 -535.291588908782   52 40539.623433
1.36446195 1.68888476 103.00000000 -535.411422826994   53 14239.117925
1.46446195 1.68888476 103.00000000 -535.391644758707   55 18579.902251
1.56446195 1.68888476 103.00000000 -535.373846477022   56 22486.173634
1.66446195 1.68888476 103.00000000 -535.358508380142   57 25852.496855
1.76446195 1.68888476 103.00000000 -535.345815335893   58 28638.298114
1.86446195 1.68888476 103.00000000 -535.335744127577   59 30848.672887
1.96446195 1.68888476 103.00000000 -535.328122761086   60 32521.369519
0.96446195 1.68388476 103.00000000 -535.476290742308   61     2.255862
0.96446195 1.69388476 103.00000000 -535.476288850025   62     2.671170
0.96446195 1.67888476 103.00000000 -535.476257380647   63     9.577900
0.96446195 1.69888476 103.00000000 -535.476254851029   64    10.133087
0.96446195 1.67388476 103.00000000 -535.476200288587   65    22.108159
0.96446195 1.70388476 103.00000000 -535.476199629439   66    22.252826
0.96446195 1.66888476 103.00000000 -535.476118801775   67    39.992448
0.96446195 1.70888476 103.00000000 -535.476123780016   68    38.899850
0.96446195 1.66388476 103.00000000 -535.476012244314   69    63.379108
0.96446195 1.71388476 103.00000000 -535.476027883151   70    59.946780
0.96446195 1.65888476 103.00000000 -535.475879922548   71    92.420379
0.96446195 1.71888476 103.00000000 -535.475912506829   72    85.268956
0.96446195 1.65388476 103.00000000 -535.475721129848   73   127.271349
0.96446195 1.72388476 103.00000000 -535.475778208180   74   114.744103
0.96446195 1.64888476 103.00000000 -535.475535140423   75   168.091310
0.96446195 1.72888476 103.00000000 -535.475625530171   76   148.253053
0.96446195 1.64388476 103.00000000 -535.475321215360   77   215.042435
0.96446195 1.73388476 103.00000000 -535.475455005809   78   185.678825
0.96446195 1.63888476 103.00000000 -535.475078597491   79   268.290904
0.96446195 1.73888476 103.00000000 -535.475267155749   80   226.907149
0.96446195 1.63388476 103.00000000 -535.474806512487   81   328.006661
0.96446195 1.74388476 103.00000000 -535.475062490017   82   271.826086
0.96446195 1.62888476 103.00000000 -535.474504168744   83   394.363443
0.96446195 1.74888476 103.00000000 -535.474841506898   84   320.326275
0.96446195 1.62388476 103.00000000 -535.474170757209   85   467.538819
0.96446195 1.75388476 103.00000000 -535.474604695362   86   372.300401
0.96446195 1.61888476 103.00000000 -535.473805449550   87   547.714584
0.96446195 1.75888476 103.00000000 -535.474352532243   88   427.643809
0.96446195 1.61388476 103.00000000 -535.473407399244   89   635.076530
0.96446195 1.76388476 103.00000000 -535.474085486453   90   486.253587
0.96446195 1.60888476 103.00000000 -535.472975740259   91   729.814728
0.96446195 1.76888476 103.00000000 -535.473804014652   92   548.029508
0.96446195 1.60388476 103.00000000 -535.472509586162   93   832.123728
0.96446195 1.77388476 103.00000000 -535.473508564388   94   612.873347
0.96446195 1.59888476 103.00000000 -535.472008032112   95   942.202121
0.96446195 1.77888476 103.00000000 -535.473199574287   96   680.688836
0.96446195 1.59388476 103.00000000 -535.471470149516   97  1060.253707
0.96446195 1.78388476 103.00000000 -535.472877472835   98   751.381935
0.96446195 1.58888476 103.00000000 -535.470894991193   99  1186.486371
0.96446195 1.78888476 103.00000000 -535.472542680823  100   824.860290
0.96446195 1.57888476 103.00000000 -535.469628942240  101  1464.352003
0.96446195 1.79888476 103.00000000 -535.471836657330  102   979.814539
0.96446195 1.56888476 103.00000000 -535.468201850322  103  1777.562481
0.96446195 1.80888476 103.00000000 -535.471084687433  104  1144.852857
0.96446195 1.81388476 103.00000000 -535.470692430185  105  1230.943374
0.96446195 1.56388476 103.00000000 -535.467425299310  106  1947.995732
0.96446195 1.83888476 103.00000000 -535.468582955217  107  1693.919623
0.96446195 1.53888476 103.00000000 -535.462868199326  108  2948.163589
0.96446195 1.48888476 103.00000000 -535.449887488075  109  5797.100458
0.96446195 1.98888476 103.00000000 -535.452622956353  110  5196.734555
0.96446195 1.38888476 103.00000000 -535.403095186034  111 16066.823888
0.96446195 2.08888476 103.00000000 -535.440888332712  112  7772.186800
0.96446195 1.28888476 103.00000000 -535.314074254293  113 35604.660425
0.96446195 2.18888476 103.00000000 -535.429665941201  114 10235.217085
0.96446195 1.68888476 104.00000000 -535.476270294167  120     6.743710
0.96446195 1.68888476 102.00000000 -535.476272929423  121     6.165338
0.96446195 1.68888476 105.00000000 -535.476181575529  122    26.215201
0.96446195 1.68888476 101.00000000 -535.476185201380  123    25.419419
0.96446195 1.68888476 105.50000000 -535.476115730814  124    40.666446
0.96446195 1.68888476 100.50000000 -535.476118719711  125    40.010459
0.96446195 1.68888476 106.00000000 -535.476035701656  126    58.230816
0.96446195 1.68888476 100.00000000 -535.476037025932  127    57.940171
0.96446195 1.68888476 107.00000000 -535.475833515117  128   102.605633
0.96446195 1.68888476  98.00000000 -535.475556133221  129   163.483923
0.96446195 1.68888476 108.00000000 -535.475575867150  130   159.152827
0.96446195 1.68888476  98.00000000 -535.475556133221  131   163.483923
0.96446195 1.68888476 110.50000000 -535.474694774755  132   352.530259
0.96446195 1.68888476  95.50000000 -535.474600888331  133   373.135947
0.96446195 1.68888476  93.00000000 -535.473240927869  134   671.612774
0.96446195 1.68888476 115.50000000 -535.471964012451  135   951.863320
0.96446195 1.68888476  90.50000000 -535.471464482666  136  1061.497437
0.96446195 1.68888476 118.00000000 -535.470142872612  137  1351.557322
0.96446195 1.68888476  88.00000000 -535.469260012362  138  1545.322753
0.96446195 1.68888476 120.50000000 -535.468037691619  139  1813.591153
0.96446195 1.68888476  85.50000000 -535.466616092217  140  2125.596163
0.96446195 1.68888476 123.00000000 -535.465664036807  141  2334.548177
0.96446195 1.68888476  83.00000000 -535.463521206923  142  2804.844985
0.96446195 1.68888476 125.50000000 -535.463038199375  143  2910.852890
0.96446195 1.68888476  80.50000000 -535.459963413065  144  3585.690495
0.96446195 1.68888476 128.00000000 -535.460177336124  145  3538.739809
0.96446195 1.68888476  78.00000000 -535.455929785197  146  4470.969500
0.96446195 1.68888476 133.00000000 -535.453824508535  147  4933.024328
0.96446195 1.68888476  73.00000000 -535.446373055915  148  6568.429175
0.96446195 1.68888476 138.00000000 -535.446766892435  149  6481.992048
0.96446195 1.68888476  68.00000000 -535.434686398132  150  9133.354131
0.96446195 1.68888476 143.00000000 -535.439192425837  151  8144.395343
0.96446195 1.68888476  63.00000000 -535.420589517935  152 12227.261772
0.96446195 1.68888476 148.00000000 -535.431324523162  153  9871.200414
0.96446195 1.68888476  58.00000000 -535.403576690653  154 15961.145837
0.96446195 1.68888476 153.00000000 -535.423432914066  155 11603.208443
0.96446195 1.68888476  53.00000000 -535.382743199379  156 20533.568739
0.96446195 1.68888476 163.00000000 -535.408955434710  157 14780.647947
0.96446195 1.68888476  43.00000000 -535.322552296861  158 33743.945123
0.96446195 1.68888476 173.00000000 -535.399111961720  159 16941.040592
0.96446195 1.68888476 180.00000000 -535.333989252847  161 31233.823378
0.96446195 1.67416187  95.41204544 -535.474205705212  163   459.868618
1.03666945 1.72779399 103.00000000 -535.471652550642  164  1020.221287
1.16230627 1.75150156 103.00000000 -535.451508587924  165  5441.310160
0.89590574 1.83858284 103.00000000 -535.463128216701  166  2891.096370
0.96446195 1.92387026 129.27339301 -535.438462147411  167  8304.672935
0.96446195 1.73755052 150.56836682 -535.423879279989  168 11505.242445
0.90154427 1.81542520 103.00000000 -535.466037884295  169  2252.498136
1.34371700 1.65501426 103.00000000 -535.415121569591  170 13427.337742
0.93413177 1.68888476  95.79554147 -535.473772513662  171   554.943176
1.04944394 1.56331514 103.00000000 -535.461641274214  172  3217.442531
0.96446195 1.81375024 109.08229544 -535.468579502798  173  1694.677342
1.09427982 1.68888476 115.46498650 -535.460231940687  174  3526.755493
1.16090462 1.68888476  74.89871955 -535.430667433517  175 10015.414925
0.75596095 1.68888476 104.86471891 -535.407951848116  176 15000.909748
0.87029844 1.51309446 103.00000000 -535.447039494902  177  6422.162721
0.99174301 2.01995593 103.00000000 -535.448597547222  178  6080.209756
0.84934524 2.04532522 103.00000000 -535.428384781038  179 10516.399245
0.95028017 1.68888476 110.45128012 -535.474537528322  180   387.041862
1.27099499 1.68888476  97.89127045 -535.430245986163  181 10107.911929
0.96446195 1.77157945  92.63543502 -535.472149099911  182   911.241317
0.89985783 1.71434045 103.00000000 -535.471462239786  183  1061.989692
0.77720665 1.68888476  73.65547073 -535.393089752442  184 18262.762778
1.10887792 1.88772027 103.00000000 -535.450636465099  185  5632.718999
0.89015493 2.17700267 103.00000000 -535.423808372460  186 11520.804849
0.87068148 1.68888476  68.47436053 -535.423255932169  187 11642.051481
1.01419001 1.68888476 127.52899197 -535.458585178031  188  3888.178126
0.96105346 1.69171888 103.00000000 -535.476285766604  189     3.347903
1.21546648 1.58725847 103.00000000 -535.436572634944  190  8719.372994
0.89712833 1.73160081 103.00000000 -535.470513910793  191  1270.123852
1.14018532 1.68888476 117.38406251 -535.451140964890  192  5521.994091
0.96446195 1.49306374 107.19265715 -535.452729115758  193  5173.435258
0.96446195 1.63810273 127.41119356 -535.461419305389  194  3266.159058
1.24206753 1.68888476  97.84864592 -535.436263092252  195  8787.309764
0.96446195 1.87399011 127.99957324 -535.445517869867  196  6756.120821
0.96446195 1.75143658  90.97520461 -535.471930167107  197   959.291514
1.25333876 1.69060467 103.00000000 -535.434568800156  198  9159.163904
0.84832028 1.68888476  57.75852674 -535.380532051212  199 21018.859677
0.96446195 1.59407480 104.25655079 -535.471710374096  200  1007.530505
0.96446195 1.87532437  81.22337779 -535.458980564460  201  3801.400834
0.92149994 1.68888476  80.75982510 -535.458037932244  202  4008.284696
0.91960947 1.40021095 103.00000000 -535.408218249641  203 14942.441371
0.96136443 1.68888476  68.68396639 -535.436318848898  204  8775.072594
1.04462798 1.68888476  76.06147023 -535.448847169509  205  6025.423996
0.96446195 2.00720852 112.44642222 -535.445551472253  206  6748.745950
0.99137116 1.87475582 103.00000000 -535.464715669528  207  2542.690740
1.40149156 1.68888476 118.73187847 -535.397974251697  208 17190.739085
0.96446195 1.72190713 128.19724998 -535.458473856143  209  3912.610457
1.12181052 1.68888476 107.10575159 -535.459608513781  210  3663.581886
0.96446195 1.98395521 124.81717548 -535.437067863970  211  8610.682784
1.06625704 1.93248936 103.00000000 -535.452141192391  212  5302.469525
1.30378478 1.68888476 123.66263475 -535.413190890427  213 13851.072847
0.96446195 1.76842914  78.88455280 -535.460087961677  214  3558.355233
0.87630346 2.17667477 103.00000000 -535.420846431099  215 12170.875850
0.98715142 1.68888476 133.73877092 -535.452291026691  216  5269.584697
0.96446195 2.02127510 115.38419726 -535.441722532311  217  7589.101147
0.96446195 1.90175558 107.76807920 -535.460537772916  218  3459.633076
0.96446195 1.65114517 119.54832107 -535.469186073480  219  1561.550463
0.98003474 1.65505842 103.00000000 -535.475529839376  220   169.254755
0.95927528 1.68888476 104.23313402 -535.476230714949  221    15.430345
1.05784017 1.68888476 130.11882655 -535.450872196264  222  5580.981987
0.98017984 1.68888476  91.80600057 -535.472272270043  223   884.208597
0.88175499 1.66200667 103.00000000 -535.468330508406  224  1749.325295
1.31360365 1.68748834 103.00000000 -535.421962085776  225 11926.017946
1.33726915 1.82364627 103.00000000 -535.411253992555  226 14276.172802
0.96446195 1.96044984 118.46760025 -535.446202685288  227  6605.821206
1.05510547 1.60900127 103.00000000 -535.466654740792  228  2117.113781
0.99373301 1.68888476  91.74533809 -535.471750681207  229   998.684117
0.96446195 1.74487273  66.10745449 -535.435371685878  230  8982.950853
0.85908112 1.68888476  84.91264730 -535.452003277898  231  5332.738258
0.89243821 1.43906689 103.00000000 -535.425282854669  232 11197.193404
0.96446195 1.91921784  75.92479295 -535.451040042186  233  5544.144065
1.29168253 1.64034640 103.00000000 -535.425313110016  234 11190.553123
0.93925365 1.68888476  89.64178613 -535.470033702204  235  1375.517457
0.96446195 1.41897428 103.39650231 -535.421015838736  236 12133.695170
1.01828762 1.68888476  80.65574509 -535.458402602854  237  3928.248747
0.96446195 1.81099665 139.27432164 -535.435830123011  238  8882.335530
0.96446195 1.54535859 127.99084795 -535.454247302291  239  4840.231823
0.99192832 1.95035785 103.00000000 -535.456625779104  240  4318.216491
1.04526772 1.68888476  86.48615373 -535.463149764929  241  2886.367081
0.98624567 1.56598865 103.00000000 -535.467279289227  242  1980.041241
1.08296168 1.68888476  71.43276273 -535.436056301814  243  8832.695020
1.37496066 1.65919313 103.00000000 -535.408857511815  244 14802.139538
1.07060218 1.64203701 103.00000000 -535.466934456123  245  2055.723361
0.77040458 1.68888476 110.83738709 -535.417929855952  246 12810.990117
0.82234158 1.96036056 103.00000000 -535.427976352923  247 10606.038857
0.95133151 1.68888476 100.76483933 -535.475986342931  248    69.063804
0.96446195 1.56415881 135.72437022 -535.447542691296  249  6311.723876
0.96323292 1.68888476 119.97192245 -535.468506167721  250  1710.772531
0.97358087 1.79057027 103.00000000 -535.472381208460  251   860.299378
0.96446195 2.01457220  94.03011225 -535.451159274701  252  5517.975552
0.98655498 1.87526678 103.00000000 -535.464838239467  253  2515.789747
0.94257673 1.68888476 128.21154763 -535.459524563039  254  3682.006944
0.94312786 1.68888476  60.21479400 -535.409953091382  255 14561.687612
1.17051702 1.68888476 109.61406540 -535.449937257418  256  5786.177350
0.90708504 1.59848820 103.00000000 -535.468638220051  257  1681.790394
0.74324755 1.68888476 116.63261057 -535.391916044037  258 18520.362002
0.96446195 1.66435704 135.42477181 -535.451210444442  259  5506.745092
0.96446195 1.43602255 111.09378012 -535.432597264957  260  9591.865873
1.01708103 1.79460633 103.00000000 -535.470042686249  261  1373.545687
0.96446195 1.76553577 105.61458057 -535.473462524507  262   622.977933
0.87629303 1.54880567 103.00000000 -535.456295499795  263  4390.704422
1.07181987 1.73895990 103.00000000 -535.467042766338  264  2031.952016
0.96446195 1.71774280 105.73850634 -535.475577799272  265   158.728775
0.96446195 1.70876003  90.57778986 -535.471939125438  266   957.325388
0.96446195 1.96429512  88.76247669 -535.455772887712  267  4505.404519
1.24615516 1.47887231 103.00000000 -535.406860354477  268 15240.464917
1.26168693 1.76184093 103.00000000 -535.431045603346  269  9932.416239
0.98565650 1.68888476  75.28340018 -535.450961979557  270  5561.276832
1.21764227 1.68464960 103.00000000 -535.441896664220  271  7550.883610
0.85802687 1.68888476  74.81160679 -535.434853662636  272  9096.643815
0.96446195 1.80212571 151.19169597 -535.416840827700  273 13050.004195
0.78836259 1.63649111 103.00000000 -535.430745072300  274  9998.375181
1.25910729 1.68888476 111.83794724 -535.431156268068  275  9908.128140
0.97616102 1.68888476  73.17028635 -535.446851562096  276  6463.409205
0.97234093 1.68888476 116.53696289 -535.471175809380  277  1124.853901
0.96446195 1.65878540  94.30993108 -535.472953016860  278   734.801938
1.47244320 1.78280543 103.00000000 -535.386869106843  279 19628.036702
1.14389702 1.68888476 110.99925152 -535.454343483470  280  4819.122493
0.84978038 1.68888476  71.46514272 -535.424652123890  281 11335.622812
0.95155555 1.68888476  96.16238646 -535.474714785660  282   348.138373
1.15500283 1.68888476  74.22565509 -535.430581142442  283 10034.353627
0.93436831 1.84860888 103.00000000 -535.466642025542  284  2119.904456
0.96446195 1.87528577 117.01102064 -535.457100254573  285  4214.081161
0.78741541 1.67045084 103.00000000 -535.431107871747  286  9918.749905
1.19750964 1.88197009 103.00000000 -535.435096201886  287  9043.412601
1.00243155 1.68888476  72.06204804 -535.444013692111  288  7086.249686
0.96446195 1.84015446  71.33601122 -535.448284919622  289  6148.823585
0.96446195 1.92521704 116.05392596 -535.452372279062  290  5251.751862
0.96446195 1.64823108  85.79394038 -535.464204207100  291  2654.943770
1.00834763 1.68888476 136.79048148 -535.446748586602  292  6486.009714
1.28613439 1.68888476 116.43268674 -535.422893785651  293 11721.533456
0.75445496 1.67440659 103.00000000 -535.406745949509  294 15265.573905
0.79490875 1.74295811 103.00000000 -535.434125628555  295  9256.428829
1.01217177 1.90202547 103.00000000 -535.460801258396  296  3401.804696
0.75139675 1.68888476 130.10548524 -535.386228845800  297 19768.557761
0.96446195 1.64889995 133.96319689 -535.453394848785  298  5027.323745
0.96446195 1.81553778  76.27630762 -535.456077086039  299  4438.640702
0.90327245 1.68888476  93.21789481 -535.469221486742  300  1553.778150
0.96446195 1.44907326 125.70467247 -535.432925158778  301  9519.901496
0.76609923 1.68888476 123.05152432 -535.406067714770  302 15414.429228
0.96446195 1.68357694 122.40671950 -535.466385980964  303  2176.099747
0.96446195 1.94113494 109.56556498 -535.455143483772  304  4643.542719
0.99914076 1.68888476 111.03817666 -535.473403325316  305   635.970653
0.96446195 1.96693406 102.20408247 -535.455416163843  306  4583.696360
0.96446195 1.75097014 126.69696377 -535.458455283510  307  3916.686679
1.01386484 1.68888476 109.90953991 -535.472880185491  308   750.786576
0.96446195 1.88330147  85.71283933 -535.461720172899  309  3200.126271
0.81092505 1.68888476 122.49495375 -535.434688587583  310  9132.873602
0.98072226 1.68888476 123.00426323 -535.465391399743  311  2394.385097
1.07126041 1.68888476  79.04691744 -535.450721274004  312  5614.105595
1.35328503 1.73866495 103.00000000 -535.412846037546  313 13926.759308
0.99163793 1.92382115 103.00000000 -535.459582306332  314  3669.333756
0.96446195 2.01734575 110.41286163 -535.445686078926  315  6719.203199
0.86319475 2.03517698 103.00000000 -535.433893298600  316  9307.419362
0.96446195 1.58434724 111.17372504 -535.470182403882  317  1342.881211
0.96979198 1.81382988 103.00000000 -535.470692185317  318  1230.997116
1.22036426 1.68888476 106.94861218 -535.440863160060  319  7777.711559
1.10210148 1.68888476 103.83071870 -535.463390518667  320  2833.527742
0.96446195 1.71806182 125.82622998 -535.461473432055  321  3254.279627
1.31634851 1.72706363 103.00000000 -535.420905815186  322 12157.842549
0.96446195 1.66914696  81.23833916 -535.459632001144  323  3658.427005
0.84501160 1.68888476 116.18265613 -535.454057190470  324  4881.956545
0.96446195 1.53191823  70.71690410 -535.406560119310  325 15306.358921
1.01776010 1.98446143 103.00000000 -535.451270602792  326  5493.541860
1.00005861 1.59769114 103.00000000 -535.470727041520  327  1223.347064
0.96446195 1.68512231 111.00336134 -535.474523466248  328   390.128131
1.12294726 1.83220819 103.00000000 -535.453389498749  329  5028.497942
1.06897018 1.73809517 103.00000000 -535.467460024559  330  1940.374420
0.99308416 1.68888476  82.04180776 -535.461766958198  331  3189.858084
1.11363191 1.68888476  83.18692407 -535.450184687196  332  5731.872789
1.28804454 1.68888476  94.87090038 -535.425610617793  333 11125.257712
0.96446195 1.87550132  84.44021172 -535.461476636029  334  3253.576436
0.82791445 2.09976873 103.00000000 -535.413655425607  335 13749.119158
1.19656585 1.68888476 117.45753528 -535.440391754839  336  7881.173048
0.96446195 1.80772559  95.45947712 -535.471135277039  337  1133.749722
0.96446195 1.83579881  88.82188598 -535.466855024424  338  2073.156604
0.88301665 1.73513150 103.00000000 -535.467819099411  339  1861.566598
1.11018672 1.78251754 103.00000000 -535.459112717088  340  3772.396684
1.41160176 1.69184291 103.00000000 -535.401894642707  341 16330.312697
0.84541152 1.67663767 103.00000000 -535.458766746279  342  3848.328501
0.96446195 1.77656005  99.54433475 -535.473544066704  343   605.081489
1.42105697 1.68888476  97.58045143 -535.399179393349  344 16926.241060
1.11616959 1.68888476  95.45653855 -535.459613842939  345  3662.412271
1.26560411 1.68888476 105.84260583 -535.431745607773  346  9778.783023
0.74068272 1.59962306 103.00000000 -535.390789535903  347 18767.601964
1.07119347 1.68888476 103.84416908 -535.467994176109  348  1823.141704
0.90832772 1.74827032 103.00000000 -535.471427011308  349  1069.721450
0.96446195 1.57553055 145.13078965 -535.435601764043  350  8932.454531
0.96446195 1.66779931  80.09511065 -535.457702906409  351  4081.814369
0.97655834 1.70238104 103.00000000 -535.476091865069  352    45.904371
1.08467740 1.68888476 134.40876646 -535.441432132125  353  7652.836622
0.71200863 1.59726291 103.00000000 -535.359357187688  354 25666.205128
0.96446195 1.98523692  94.98372717 -535.454439470921  355  4798.055683
0.96446195 1.90380906 120.82655036 -535.450397371757  356  5685.193923
1.30085042 1.68888476 107.34764212 -535.424083454651  357 11460.431286
0.96446195 1.53907888 138.97079834 -535.440455329132  358  7867.220103
0.88346431 1.68888476 104.93891285 -535.468850247658  359  1635.255712
0.96446195 1.76228692 107.78603218 -535.472951004983  360   735.243494
0.96446195 1.84409723 110.10989770 -535.465257334857  361  2423.808939
0.96446195 1.97570767  82.67777388 -535.452012636777  362  5330.684222
0.89698607 1.68888476  63.23285936 -535.413691589533  363 13741.182094
1.10642725 1.68888476  93.96683367 -535.460513307906  364  3465.002525
1.39285832 1.77296741 103.00000000 -535.403154761362  365 16053.748615
0.91719236 1.68888476  99.06721293 -535.473497603067  366   615.279078
1.06508114 1.78967098 103.00000000 -535.465311731420  367  2411.870274
0.96446195 1.53667837 125.85125086 -535.455016139844  368  4671.491481
0.92498533 1.68888476  83.22461620 -535.461925419586  369  3155.079829
0.96446195 1.95937939  88.87678292 -535.456302523711  370  4389.162851
1.49634362 1.59740909 103.00000000 -535.382135456090  371 20666.952976
0.99184828 1.68888476  77.13997334 -535.454181373877  372  4854.701437
0.96446195 1.77721965 114.45121314 -535.468282753515  373  1759.806283
0.84195862 1.68888476 125.96052309 -535.444198131195  374  7045.769985
0.96446195 1.52314447  96.22526525 -535.454841559435  375  4709.807453
1.05635938 1.68888476 121.26166144 -535.460884913687  376  3383.444482
1.10876062 1.68888476  67.62726827 -535.425031365088  377 11252.388988
0.86880709 1.68888476 105.34634849 -535.465518575236  378  2366.473302
0.90104912 1.87850592 103.00000000 -535.460069564249  379  3562.393002
0.96446195 1.99580254  93.49791184 -535.453237104515  380  5061.944611
0.96446195 1.57887797  90.91720304 -535.461364216007  381  3278.249780
1.10962220 1.68888476  93.26865167 -535.459620510517  382  3660.948906
1.46885765 1.66815306 103.00000000 -535.390689765794  383 18789.498972
1.05355857 1.68888476 129.65675612 -535.451987919191  384  5336.109105
1.37703132 1.56942207 103.00000000 -535.401295270521  385 16461.859689
1.13279242 1.68888476 118.32595662 -535.451721692613  386  5394.539086
1.03620008 1.68888476  91.40826281 -535.468342913804  387  1746.602625
0.95025529 1.68888476 136.63541985 -535.448625915715  388  6073.983592
1.25857837 1.68888476 105.59793732 -535.433248132415  389  9449.016975
1.07581452 1.68888476 115.16657255 -535.463165594862  390  2882.892812
0.90653562 1.68888476  85.23399102 -535.462379604643  391  3055.397729
0.82424072 1.83341889 103.00000000 -535.442586001064  392  7399.591658
0.69264051 1.93752806 103.00000000 -535.316279510050  393 35120.662722
1.05468918 1.68888476  84.56391326 -535.460011930973  394  3575.042044
0.77910691 2.01406734 103.00000000 -535.396781831251  395 17452.445127
0.91527669 2.05700789 103.00000000 -535.441540854263  396  7628.974871
1.02632760 1.92991572 103.00000000 -535.456720488144  397  4297.430259
0.95033699 1.84365509 103.00000000 -535.467892177819  398  1845.527741
1.06759687 1.68888476 106.89301545 -535.468026537458  399  1816.039208
0.96446195 1.84583643 102.35746992 -535.468098076008  400  1800.338311
0.96446195 1.71922132 115.51099791 -535.470995509011  401  1164.425259
0.96446195 2.01738289 111.03005457 -535.445292902567  402  6805.495437
0.94652754 1.99957264 103.00000000 -535.450889455637  403  5577.193993
0.96446195 1.86747381  74.55024988 -535.452162436824  404  5297.806911
1.09417273 1.63504518 103.00000000 -535.463104262146  405  2896.353788
0.96446195 2.09006776  96.77572905 -535.442337898906  406  7454.043788
0.84061709 1.68888476 130.08145898 -535.438917184183  407  8204.803905
0.96446195 2.09515493 108.69267776 -535.437571727361  408  8500.097550
0.96446195 2.05371038  95.96348081 -535.446614897639  409  6515.351051
0.99668657 2.13979133 103.00000000 -535.434555134497  410  9162.163169
1.33814712 1.68888476  84.69093646 -535.407908648188  411 15010.391037
0.96446195 1.58571683  95.95690419 -535.467133198018  412  2012.104556
0.89451941 1.99861005 103.00000000 -535.445421573766  413  6777.255373
0.95323347 1.68888476 126.32874397 -535.462024994236  414  3133.225719
1.01858333 1.68888476 111.70280573 -535.471712057823  415  1007.160970
0.96446195 1.50537085 147.47114792 -535.423732601278  416 11537.434702
1.05213398 1.69766461 103.00000000 -535.470465619116  417  1280.722651
0.96446195 1.55581521 118.05341857 -535.463745233597  418  2755.676812
0.96446195 1.45046350 113.82803515 -535.438633451792  419  8267.075968
0.96446195 1.62171354  69.84907089 -535.428900876756  420 10403.129326
0.83971918 1.68888476 107.93176679 -535.456170734594  421  4418.087219
0.96446195 1.82814406  91.90658753 -535.468745135458  422  1658.325174
1.08631244 1.75749660 103.00000000 -535.464198119173  423  2656.279915
0.95859978 1.68888476 115.00281405 -535.472267283524  424   885.303012
0.96446195 1.68915089  97.67638750 -535.475457844651  425   185.055771
1.18270466 1.79555388 103.00000000 -535.445163720530  426  6833.847618
0.99285205 1.68888476 107.88389634 -535.474892840037  427   309.059953
0.81320022 1.70317408 103.00000000 -535.445352922833  428  6792.322511
1.42626419 1.68888476 112.53908442 -535.396883405175  429 17430.152227
0.96446195 1.57501813 111.62327636 -535.469006362151  430  1600.992541
0.93302760 1.68888476 104.19069785 -535.475281618765  431   223.732884
0.90941147 1.68888476  97.08813893 -535.471991859216  432   945.751661
1.37081013 1.71557573 103.00000000 -535.409868541257  433 14580.244220
0.96446195 1.49998838  71.97331450 -535.397866262954  434 17214.439875
0.89673879 1.82481889 103.00000000 -535.464488803762  435  2592.482021
0.79543332 1.51129336 103.00000000 -535.417117267822  436 12989.332600
1.27557638 1.66692373 103.00000000 -535.429642031310  437 10240.464700
0.89838963 1.68888476  99.77478286 -535.471230289717  438  1112.896849
0.96446195 1.73504416 112.30114430 -535.472312084456  439   875.470343
0.96446195 1.70337148  91.83038838 -535.472747675722  440   779.869109
0.98607389 1.68888476 112.10828674 -535.473520089204  441   610.343942
1.13321381 1.68888476  93.93896335 -535.455978039237  442  4460.378962
1.02310789 1.68888476  84.27072776 -535.462800779519  443  2962.960527
0.96446195 1.78279902  88.85462036 -535.469647329670  444  1460.316428
1.24115296 1.75079548 103.00000000 -535.435815085347  445  8885.635916
0.96446195 1.48139639 133.06523435 -535.436269605937  446  8785.880175
0.84387899 1.68888476  88.58263154 -535.451248837547  447  5498.318779
1.24688122 1.63501494 103.00000000 -535.434340297303  448  9209.314484
1.19086353 1.47054190 103.00000000 -535.414839998792  449 13489.135390
1.01998570 1.80494165 103.00000000 -535.469069692310  450  1587.093177
0.96446195 1.70909926  66.48721528 -535.433091855779  451  9483.315733
0.91178467 1.66444954 103.00000000 -535.473162979147  452   688.720541
0.96446195 1.72955201  89.30447940 -535.471084419635  453  1144.911632
0.92975068 1.68888476 109.69926678 -535.473838881153  454   540.377195
0.96446195 1.79214483  88.95135022 -535.469325971889  455  1530.846310
0.78901865 1.68888476  91.93915235 -535.427894591278  456 10623.983464
1.25695861 1.68888476 107.12999681 -535.433283373852  457  9441.282373
0.96446195 1.72246138  83.05842220 -535.464892976092  458  2503.776447
1.05025317 1.68888476 129.71048633 -535.452319464596  459  5263.343298
0.96446195 1.70284956 112.46093851 -535.473471338060  460   621.043581
0.85428147 1.69313713 103.00000000 -535.461604005517  461  3225.622064
1.05183713 1.68888476 128.55996498 -535.453553222486  462  4992.564735
1.36959764 1.68888476 117.16370761 -535.405374956223  463 15566.472157
1.11224197 1.68760962 103.00000000 -535.461769281835  464  3189.348105
1.25323038 1.76308860 103.00000000 -535.432747880661  465  9558.809546
0.96446195 1.74948984 141.56549860 -535.437607799494  466  8492.180632
1.10623984 1.74425893 103.00000000 -535.461691022459  467  3206.524053
0.81212687 1.72333609 103.00000000 -535.444286853827  468  7026.297618
1.12812877 1.79232834 103.00000000 -535.455470794557  469  4571.706304
0.97262954 1.68888476  82.51555301 -535.462878780949  470  2945.841191
1.11443449 1.68888476 142.55700511 -535.424424326018  471 11385.618667
0.96446195 1.93539607 106.37188797 -535.457456127169  472  4135.976152
0.78082601 1.68888476  85.21091603 -535.415790280534  473 13280.572651
0.96446195 1.54260551 141.85860794 -535.437054726047  474  8613.566225
1.11604825 1.63555700 103.00000000 -535.459588891451  475  3667.888489
1.05583113 1.68888476 135.40226341 -535.443974882581  476  7094.767393
0.96446195 1.89970342 120.45549549 -535.451225661459  477  5503.405343
0.96446195 1.87190234 120.08629351 -535.454623164367  478  4757.739631
0.95716289 1.68888476 122.10863115 -535.466505519568  479  2149.864055
0.74665586 1.68888476  84.43759384 -535.387635860232  480 19459.753782
0.96446195 1.67211211 120.49752607 -535.468354288295  481  1744.106213
0.84037473 1.81962997 103.00000000 -535.450318894027  482  5702.417794
0.97929929 2.10052189 103.00000000 -535.439514023612  483  8073.812789
0.91454990 1.61428226 103.00000000 -535.470964098000  484  1171.319179
0.96446195 1.85754342  64.41546288 -535.435534080416  485  8947.309371
1.15747150 1.63982932 103.00000000 -535.452420831522  486  5241.095829
1.24502184 1.68888476 114.65704994 -535.432523566068  487  9608.040910
0.96446195 1.81901346 119.74512210 -535.460294126015  488  3513.107390
0.83557492 1.43670057 103.00000000 -535.409243786872  489 14717.361961
0.96446195 1.77397734 115.62879986 -535.467657970145  490  1896.930385
0.96446195 1.90526423  88.55669889 -535.461328914815  491  3285.997496
0.85297880 1.68888476 122.30948364 -535.451565472814  492  5428.825369
1.10668410 1.68888476  89.56651020 -535.457598722718  493  4104.680046
0.86270200 1.68888476 129.57280828 -535.446395589006  494  6563.483733
1.27074519 1.66248212 103.00000000 -535.430538105850  495 10043.799067
0.80541931 1.68888476 135.39429890 -535.416638183371  496 13094.479485
0.96446195 1.63361534 129.76092581 -535.458641192895  497  3875.884284
0.91901005 1.72716987 103.00000000 -535.473496091724  498   615.610780
1.06976553 1.68888476  96.10224447 -535.466933798269  499  2055.867743
0.96446195 1.55266882 129.84877701 -535.453256843326  500  5057.612443
0.79209693 1.69829825 103.00000000 -535.433917339376  501  9302.143021
0.87327577 1.50607963 103.00000000 -535.445860952792  502  6680.822821
0.96446195 1.71945240  84.99531466 -535.467045314374  503  2031.392787
0.93338078 1.68888476  87.01441628 -535.467144085301  504  2009.715074
0.79534612 1.68888476 101.09205818 -535.435792800790  505  8890.526811
1.22584748 1.68888476 126.67200186 -535.425798073904  506 11084.115850
0.86391990 1.68888476  90.43649549 -535.459139725444  507  3766.469035
0.93187938 1.59750199 103.00000000 -535.470889755610  508  1187.635448
0.96446195 1.81686916 108.26920419 -535.468699224035  509  1668.401567
0.80272138 1.70355790 103.00000000 -535.439930396504  510  7982.429500
0.98889606 1.68888476 134.35930318 -535.451358606412  511  5474.227297
1.23489172 1.68888476 111.83335440 -535.436147468153  512  8812.686321
0.96446195 1.80131760 107.81677413 -535.470189293618  513  1341.369089
1.24254906 1.68888476  96.71156401 -535.435821374614  514  8884.255581
1.40370846 1.67293627 103.00000000 -535.403362038711  515 16008.256494
1.35337202 1.68888476  85.61275374 -535.405618979441  516 15512.915250
0.96446195 1.75948066  79.78242676 -535.461256383934  517  3301.916184
0.83250669 1.68888476 130.12982349 -535.435833221514  518  8881.655487
0.78679170 1.98862165 103.00000000 -535.405077147109  519 15631.833704
0.89886995 1.70770821 103.00000000 -535.471451916438  520  1064.255405
1.00599790 2.08943051 103.00000000 -535.439831713195  521  8004.087984
0.88575849 1.68888476 108.47945186 -535.468585295912  522  1693.405900
0.96446195 1.68853397 107.72342388 -535.475655644596  523   141.643701
0.96446195 1.47931079 124.75004602 -535.443418942756  524  7216.782084
1.23246644 1.73416338 103.00000000 -535.438218902480  525  8358.059027
0.80654463 1.68888476  98.45750980 -535.441404662476  526  7658.865514
1.22501083 1.68888476 106.70943180 -535.439969072839  527  7973.941026
1.12579858 1.68888476 130.17016458 -535.440510875800  528  7855.029018
0.85786925 1.68888476 134.30377596 -535.438949613354  529  8197.686525
0.96446195 1.69626897 131.38464221 -535.455679214051  530  4525.963511
0.96446195 1.98760759 105.35375874 -535.451866892267  531  5362.671445
0.80697444 1.68888476  76.56761850 -535.417549564893  532 12894.454358
1.17799649 1.67324051 103.00000000 -535.449658530992  533  5847.350730
0.92312862 1.85822534 103.00000000 -535.464821339486  534  2519.498865
0.90363489 1.68888476  92.80149991 -535.469003408748  535  1601.640738
0.96446195 1.65106835 121.66470948 -535.467369998326  536  1960.132895
0.96446195 1.79484242 127.75127205 -535.453666524572  537  4967.697801
1.11389060 1.79715601 103.00000000 -535.457556721533  538  4113.898241
0.96446195 1.70405028 129.14285103 -535.458201432246  539  3972.400592
1.11224783 1.68888476  68.84117008 -535.427131963397  540 10791.360940
0.79781698 1.68888476  77.40910626 -535.414114367158  541 13648.393128
0.96446195 1.82730699 139.09418871 -535.434521785377  542  9169.482455
0.96446195 1.72577300 127.33629359 -535.459297540037  543  3731.832735
0.96446195 1.56423497  87.99378034 -535.454817384008  544  4715.113346
0.96446195 1.87248988 123.42594668 -535.451078935889  545  5535.607883
1.16315867 1.68888476 106.31042196 -535.452299552770  546  5267.713439
1.02774095 1.68888476 126.28405735 -535.458841199829  547  3831.987835
0.96446195 1.92605300  76.34206801 -535.451026299809  548  5547.160168
0.96446195 1.79339116  68.77387499 -535.443576058687  549  7182.299122
1.06630963 1.99329679 103.00000000 -535.445324304566  550  6798.603495
1.35031298 1.66463315 103.00000000 -535.414035304437  551 13665.745390
0.93113910 1.65264600 103.00000000 -535.474606191344  552   371.972071
1.18161620 1.66135740 103.00000000 -535.448672846117  553  6063.683559
0.84367807 1.68888476  69.37104248 -535.417210941158  554 12968.773679
0.82089829 1.90845701 103.00000000 -535.433329655251  555  9431.124780
0.89361370 1.68888476  92.94090422 -535.467526167372  556  1925.857750
1.14318105 1.68888476  66.60256021 -535.418311051599  557 12727.327341
1.18328573 1.72295801 103.00000000 -535.448432745748  558  6116.379500
0.96446195 1.80212410 123.59488253 -535.457887426752  559  4041.316834
0.79046451 1.68888476  98.63544003 -535.432312960252  560  9654.263544
1.08799723 1.68888476 104.73086106 -535.465496884270  561  2371.233919
0.96446195 1.69102895 100.37362833 -535.476108595914  562    42.232375
0.96446195 1.59005736  85.96649422 -535.456832954412  563  4272.746766
0.96446195 1.96618249  96.91808329 -535.456479378654  564  4350.347677
0.96446195 1.81431134 121.51362239 -535.458982004612  565  3801.084757
0.98167118 1.85682255 103.00000000 -535.466762194443  566  2093.530430
1.23991653 1.45152596 103.00000000 -535.398020381248  567 17180.614818
1.12574705 1.95719618 103.00000000 -535.440531937950  568  7850.406411
0.96446195 1.84566596 113.72842244 -535.462773574145  569  2968.931416
1.19690306 1.68888476 109.44859103 -535.444839425476  570  6905.022156
1.09493162 1.69838729 103.00000000 -535.464540790372  571  2581.072279
1.14671276 1.68888476  73.50384249 -535.430747425663  572  9997.858677
1.16583222 1.68888476 103.90268790 -535.452122550390  573  5306.560971
1.13185607 1.68888476  81.29015801 -535.444856972733  574  6901.170979
1.41953836 1.68888476  95.20426187 -535.398617092346  575 17049.651868
0.96446195 1.72011441 137.56951398 -535.445798207135  576  6694.593901
0.96446195 1.81197073 130.46026201 -535.448602861207  577  6079.043472
0.77704976 1.72389248 103.00000000 -535.423436060010  578 11602.517988
0.84390889 1.80701218 103.00000000 -535.452645061827  579  5191.882964
0.96446195 1.72323207  74.54744024 -535.452010787759  580  5331.090034
1.03500792 1.68888476 113.67371010 -535.469119626150  581  1576.133966
0.96446195 1.88474423 111.03672672 -535.460544222289  582  3458.217602
0.85455870 1.68888476 102.35065939 -535.461689748309  583  3206.803696
0.96446195 1.59484513  82.67351842 -535.452389058566  584  5248.069187
1.28264774 1.53756959 103.00000000 -535.414939200107  585 13467.363218
0.94538759 1.68888476  69.20168653 -535.436820244903  586  8665.028889
1.31840478 1.52328336 103.00000000 -535.404642071597  587 15727.321743
1.05213757 1.68888476 135.14712109 -535.444793982564  588  6914.995723
1.22042088 1.65013977 103.00000000 -535.440517752537  589  7853.519749
0.96446195 1.83741225 111.80173763 -535.464886681693  590  2505.157907
1.31438715 1.53085109 103.00000000 -535.407105743498  591 15186.608251
1.03703048 1.68888476  75.51378509 -535.448572877602  592  6085.624112
0.83693024 1.68888476 111.82067653 -535.453709789804  593  4958.202180
0.96446195 1.70909283 114.73353984 -535.471917635576  594   962.041867
1.19496072 1.68888476  86.23874728 -535.438779690355  595  8234.980313
0.77920873 1.71407888 103.00000000 -535.425254476903  596 11203.421604
0.96446195 2.05018291  90.61304356 -535.446972404129  597  6436.887444
0.96446195 1.83161783 119.69149402 -535.459138084976  598  3766.829076
1.37802705 1.72104615 103.00000000 -535.408272691781  599 14930.492702
1.00967418 1.68888476  98.47416439 -535.474030623561  600   498.294600
0.96446195 1.53386676 114.12744839 -535.461997741639  601  3139.206972
0.96446195 1.58372458 127.23482553 -535.459183348880  602  3756.894797
0.94423529 1.68888476  90.23392549 -535.470779483833  603  1211.837306
0.84199212 1.68888476  82.96088741 -535.443842540137  604  7123.813203
1.23718921 1.68888476 100.93853401 -535.437832825843  605  8442.793056
0.83637350 1.89492156 103.00000000 -535.441367579271  606  7667.004336
0.67427139 1.76969838 103.00000000 -535.304874409515  607 37623.793003
1.01288721 1.68888476  63.17342845 -535.421514442772  608 12024.264231
0.92639136 1.68888476  86.63080387 -535.466190088695  609  2219.093131
0.96446195 1.55131726  94.32493951 -535.459670842996  610  3649.902204
0.96446195 1.69905492 137.23284891 -535.447438802634  611  6334.524802
1.08758838 1.62015116 103.00000000 -535.463109483182  612  2895.207903
0.96446195 1.53508306 132.09761088 -535.448338981822  613  6136.958303
0.96446195 1.82905814  87.00174516 -535.466202285263  614  2216.416294
0.96552386 1.81418031 103.00000000 -535.470672161315  615  1235.391877
0.99522109 1.68888476 109.12791848 -535.474381774876  616   421.225793
0.96446195 1.55310318 121.76841684 -535.460860485895  617  3388.805762
0.90220003 1.68888476 116.19419714 -535.467440297996  618  1944.703900
0.93482421 1.76334593 103.00000000 -535.473171401178  619   686.872119
0.96446195 1.76841453 135.77370444 -535.444979047880  620  6874.378580
0.96446195 1.66900781  72.88098631 -535.443961133075  621  7097.785061
0.96446195 1.52604205 101.42446825 -535.459321967900  622  3726.471438
0.96446195 1.98282577 102.37500449 -535.453530894349  623  4997.465194
0.82876066 1.68888476 121.20557067 -535.443963341615  624  7097.300342
0.96446195 1.73573538 134.02343903 -535.449944478200  625  5784.592571
0.96446195 1.78743251 107.84439569 -535.471240415086  626  1110.674588
0.74436980 1.64460524 103.00000000 -535.397142634545  627 17373.257956
1.23775051 1.54325402 103.00000000 -535.425211792177  628 11212.789819
0.96446195 1.84116974  84.69665540 -535.463883741279  629  2725.277889
1.06672193 1.68888476  94.04994259 -535.466397602381  630  2173.549140
1.04565522 2.08179924 103.00000000 -535.437484401711  631  8519.263316
0.85974026 1.45776269 103.00000000 -535.426207042650  632 10994.357584
0.96446195 1.84128745 114.54467133 -535.462603862652  633  3006.178784
1.29322280 1.68888476 111.20261015 -535.424366187344  634 11398.378631
1.30661389 1.74167126 103.00000000 -535.422483111120  635 11811.666099
0.97961951 1.84065488 103.00000000 -535.468292763449  636  1757.609356
1.19061695 1.68888476 105.57035833 -535.447111634262  637  6406.329962
1.10718892 1.68888476  84.44207053 -535.452645966852  638  5191.684334
1.43532186 1.68888476 117.33276531 -535.392481431756  639 18396.273738
1.10318967 1.62440555 103.00000000 -535.460991019129  640  3360.157028
0.96446195 1.82329105  91.68290257 -535.468984593964  641  1605.770106
1.22463627 1.68888476  96.14989531 -535.439314774535  642  8117.542907
0.96446195 2.09422637 104.45382146 -535.439707269763  643  8031.400160
0.96446195 1.67137754 102.46500521 -535.476135691545  644    36.285572
0.96446195 1.73342804 125.32672201 -535.461184432947  645  3317.707601
0.96446195 1.89212759 108.92697224 -535.460980722318  646  3362.416917
0.93579461 1.73800135 103.00000000 -535.474443245740  647   407.734498
0.96446195 2.08558695 119.18539789 -535.431226505661  648  9892.712770
0.96446195 1.65593531 124.66669764 -535.464471690047  649  2596.238048
0.87526068 1.91759560 103.00000000 -535.450861884774  650  5583.245098
0.99059429 1.68888476  84.31198879 -535.464798102864  651  2524.598714
1.12311785 1.69916042 103.00000000 -535.459921095744  652  3594.978073
1.03263439 2.06411220 103.00000000 -535.440797295276  653  7792.167208
1.00577772 1.68888476  73.96764099 -535.447764766226  654  6262.984062
0.96446195 1.80978098  83.17398869 -535.464127801211  655  2671.712925
1.35069859 1.71241979 103.00000000 -535.414070217268  656 13658.082909
1.11364398 1.91281494 103.00000000 -535.447312024391  657  6362.349411
1.05990995 2.01875962 103.00000000 -535.443179029957  658  7269.436858
1.01480848 1.68888476 139.70066466 -535.441918141515  659  7546.169889
0.87006977 1.68888476  69.44453355 -535.425665786680  660 11113.149540
1.07400071 1.91590042 103.00000000 -535.452905326667  661  5134.761433
0.97836319 1.68888476  81.73234928 -535.461733758096  662  3197.144664
0.96446195 1.81460882 123.80771861 -535.456506042863  663  4344.495559
0.85859636 1.73950169 103.00000000 -535.461646315390  664  3216.336120
0.89315411 1.96466320 103.00000000 -535.449185759573  665  5951.112065
0.96446195 1.82128550 120.52165581 -535.459324541039  666  3725.906700
0.96446195 2.08097710  98.67262656 -535.443047077537  667  7298.397067
1.15804522 1.68888476 130.59806278 -535.434189351976  668  9242.443155
1.09971838 1.68888476 106.84932749 -535.463317865980  669  2849.473164
1.14974437 1.68888476 138.73586339 -535.424211327230  670 11432.366498
1.04603956 1.57862612 103.00000000 -535.464312423133  672  2631.193096
0.81395861 1.49251145 103.00000000 -535.421528578445  673 12021.161809
1.12818834 1.68888476 110.34425205 -535.457428387680  674  4142.064267
1.14694018 1.68888476 117.63321704 -535.449727310423  675  5832.255390
1.03493339 2.17699541 103.00000000 -535.427885875626  676 10625.896329
1.09803529 1.68888476  79.86590793 -535.448270444291  677  6152.000553
1.28922210 1.68888476 116.25162577 -535.422380029156  678 11834.289975
1.41370752 1.68888476 101.91999210 -535.401437119949  679 16430.727338
0.83550419 1.68888476 105.78786158 -535.455038072050  680  4666.677918
1.22073069 1.68888476 113.85529393 -535.437959846916  681  8414.915153
1.11838612 1.68888476 129.11756733 -535.443095719181  682  7287.721460
0.96446195 1.75523046 130.96658906 -535.452762365707  683  5166.137738
0.96446195 1.68132645 102.83178342 -535.476273464958  684     6.047802
0.96124704 1.86812440 103.00000000 -535.465816394108  685  2301.109614
0.75190899 1.68888476 117.24245552 -535.399356915118  686 16887.279534
0.96446195 1.44375189  89.43526196 -535.415741642290  687 13291.247512
0.81590014 1.68888476 130.35773173 -535.428415312472  688 10509.698370
0.96446195 2.00628585  91.72719817 -535.451940272796  689  5346.566280
0.96446195 1.67632682 112.69912131 -535.473785214995  690   552.155555
0.96446195 1.59322078  85.51935980 -535.456710613520  691  4299.597489
1.09295988 1.56823384 103.00000000 -535.456424578304  692  4362.374963
0.96446195 1.67760620 116.44500618 -535.471494780030  693  1054.847934
0.96446195 1.73930311  78.94845470 -535.459835219951  694  3613.825632
1.15900629 1.68888476 112.03482246 -535.451059137103  695  5539.953215
0.95457881 1.94537734 103.00000000 -535.457452382313  696  4136.798053
0.96446195 1.74102432 120.40597994 -535.465821528542  697  2299.982736
1.25635136 1.62580069 103.00000000 -535.431802707143  698  9766.251159
0.86539253 1.80459724 103.00000000 -535.459454624527  699  3697.356673
0.96446195 1.83785828 111.19790339 -535.465219393498  700  2432.136105
0.91380283 1.50440340 103.00000000 -535.452069362228  701  5318.234424
0.90579268 1.68888476 133.36186542 -535.449927108028  702  5788.404883
1.38118121 1.68888476  96.96547117 -535.407017817112  703 15205.905862
0.81195539 2.14649562 103.00000000 -535.400694621287  704 16593.686961
1.24198709 1.61086543 103.00000000 -535.433611670997  705  9369.229477
0.91169783 1.43261052 103.00000000 -535.424903020882  706 11280.557286
1.13695796 1.68888476 117.70661611 -535.451471382017  707  5449.475913
0.96446195 1.64362173  83.87836578 -535.461165028047  708  3321.966484
1.07526710 1.68888476 138.74848410 -535.436448930355  709  8746.523014
0.86050315 2.05519506 103.00000000 -535.430712128978  710 10005.605405
1.13470737 1.68888476  95.57027194 -535.456467992313  711  4352.846690
1.32209806 1.66793391 103.00000000 -535.419951104975  712 12367.377224
0.89687567 1.69043297 103.00000000 -535.471335981338  713  1089.700219
0.95480681 1.68888476 135.64658416 -535.450119094281  714  5746.268770
1.12412423 1.68888476 100.30862615 -535.459609547765  715  3663.354952
0.96446195 1.73675022  66.89777077 -535.436675948352  716  8696.698322
1.21675198 1.66688342 103.00000000 -535.441804701023  717  7571.067199
0.96446195 1.79506507 111.67594669 -535.468714806532  718  1664.981604
1.00109608 1.82515415 103.00000000 -535.468784453124  719  1649.695944
0.81812247 1.68888476  78.27755864 -535.426374759757  720 10957.547933
0.88953358 2.15159459 103.00000000 -535.426509442824  721 10927.988416
1.16215569 1.88220093 103.00000000 -535.441880663532  722  7554.395355
0.96446195 1.62043024 120.40257055 -535.467727687013  723  1881.629301
0.92039554 1.41930894 103.00000000 -535.419060278793  724 12562.890976
0.96446195 1.68574450 104.37583481 -535.476248262885  725    11.579018
0.96446195 1.74517606  80.48690029 -535.462058043634  726  3125.972214
0.96446195 1.56063088  76.89319356 -535.432829316641  727  9540.936414
0.96446195 1.80020396 117.30565867 -535.464196926758  728  2656.541620
0.75010381 1.68888476 104.92037381 -535.402864026138  729 16117.557622
0.96446195 1.69267806  84.97073003 -535.466174495295  730  2222.515487
0.90211790 2.00816303 103.00000000 -535.445546371064  731  6749.865531
0.96446195 1.69830932  71.53325870 -535.444103132875  732  7066.619707
0.93683790 1.56983116 103.00000000 -535.467679914714  733  1892.114109
0.99415086 1.68888476  72.41396062 -535.445023650574  734  6864.589420
0.96446195 1.70734730 127.61326337 -535.459912676590  735  3596.825864
0.77703118 1.68888476 112.50762159 -535.421935351706  736 11931.885396
0.96446195 1.55195111 106.13111877 -535.466100691344  737  2238.713582
1.09048478 1.68888476  75.55240003 -535.442647195196  738  7386.161098
0.90651856 1.52554842 103.00000000 -535.456624251595  739  4318.551741
0.95131379 1.59610653 103.00000000 -535.471582455063  740  1035.605488
0.96446195 1.76600175  90.75933577 -535.471400233751  741  1075.598444
0.97354681 1.68888476 112.74850528 -535.473536731525  742   606.691374
1.02175520 1.75372302 103.00000000 -535.472060638195  743   930.656420
0.96446195 1.76883576 103.94411146 -535.473651932752  744   581.407627
0.96446195 2.11595493 120.47650894 -535.426820586075  745 10859.700364
0.85743270 1.68888476 131.33312244 -535.442735732432  746  7366.729420
0.83299217 1.71436778 103.00000000 -535.453820848095  747  4933.827702
0.86772205 1.64716156 103.00000000 -535.464676127721  748  2551.369164
0.96446195 1.61633018  86.74757175 -535.461916825501  749  3156.966012
0.96446195 1.68904528 127.07581840 -535.461256038422  750  3301.992016
0.86830020 2.09453381 103.00000000 -535.428209010107  751 10554.976506
1.01052957 1.66573117 103.00000000 -535.474263087376  752   447.274689
1.01990968 2.14573882 103.00000000 -535.432542882319  753  9603.801483
1.12566964 1.71289761 103.00000000 -535.459325361321  754  3725.726668
0.97320610 1.68888476 112.79606184 -535.473517052819  755   611.010351
1.02107641 1.74299859 103.00000000 -535.472587431113  756   815.038736
1.05304622 1.68888476 116.18097936 -535.465470547805  757  2377.014105
0.96446195 1.78649420 145.52548966 -535.427980595309  758 10605.107761
1.04893605 1.63337531 103.00000000 -535.469229783567  759  1551.957207
0.90871276 1.90457543 103.00000000 -535.458417864519  760  3924.899198
1.31464132 1.68888476 107.31079312 -535.421219479968  761 12089.001085
0.96446195 1.83575875 102.50964026 -535.468963987049  762  1610.292801
1.00132935 1.68888476 129.32976651 -535.457317426345  763  4166.417465
0.96446195 2.17509581 112.55880240 -535.426476833198  764 10935.145402
0.79559854 1.68888476  93.69872460 -535.433099820299  765  9481.567722
1.07554794 1.68888476 108.08382501 -535.466614762254  766  2125.888056
0.70584622 1.68888476 128.41054029 -535.339369671781  767 30052.957894
0.87100867 1.68888476  88.50016494 -535.459207221641  768  3751.655332
0.78727020 1.68888476  75.27930204 -535.403407318380  769 15998.318755
0.96446195 1.87261458 106.59302215 -535.464160986215  770  2664.429658
0.73643653 1.68888476 146.72181837 -535.349185185566  771 27898.701585
0.96446195 1.66415801 112.92023195 -535.473671120358  772   577.196434
0.96446195 1.75796138 111.56029010 -535.471444634561  773  1065.853593
1.15455349 1.71376369 103.00000000 -535.454113305517  774  4869.640716
1.00418267 1.83641904 103.00000000 -535.467650031411  775  1898.672736
1.38793888 1.68888476 114.40689195 -535.403438281253  776 15991.523190
0.96446195 1.67403057  65.09147020 -535.424619875364  777 11342.700545
0.92269316 1.76622176 103.00000000 -535.472066756411  778   929.313627
0.96446195 1.77536309  87.20709558 -535.468731910945  779  1661.227619
0.73793827 1.49454263 103.00000000 -535.368475841293  780 23664.891953
0.96446195 1.79741259  80.22969215 -535.461441794854  781  3261.223190
1.19633766 1.42391849 103.00000000 -535.393985108837  782 18066.254759
0.89255383 1.53838775 103.00000000 -535.457389093604  783  4150.688320
1.28505796 1.61789328 103.00000000 -535.425268644020  784 11200.312281
0.96446195 1.67555604 100.87645427 -535.476032050505  785    59.032151
1.21080238 1.72321595 103.00000000 -535.442944391320  786  7320.934087
0.96446195 1.74773622 102.89769501 -535.474904293654  787   306.546175
0.96446195 1.66598753 108.91407896 -535.475301497240  788   219.370063
0.96562428 1.68888476 100.23154051 -535.476076100105  789    49.364381
1.03451058 1.60380827 103.00000000 -535.468508528881  790  1710.254316
0.96446195 1.75072609  71.27584008 -535.447125605993  791  6403.263521
0.96446195 1.60949223 104.37079153 -535.473210911798  792   678.200540
0.91294101 1.68888476 107.13455655 -535.473064363426  793   710.364191
1.00658767 1.68888476 107.25417412 -535.474261960990  794   447.521902
0.70178476 1.71829738 103.00000000 -535.348940610770  795 27952.379549
1.06028045 1.68888476  63.59813489 -535.420291015596  796 12292.775465
0.90231259 1.68888476 116.28198619 -535.467394963098  797  1954.653761
1.44401301 1.66951658 103.00000000 -535.395420938304  798 17751.126611
0.96446195 1.73027836 101.86300788 -535.475631625478  799   146.915288
1.22823220 1.71959675 103.00000000 -535.439472239854  800  8082.983264
1.15003807 1.68888476 107.87371174 -535.454371013211  801  4813.080414
0.96446195 2.07070578 107.32090292 -535.441135235408  802  7717.997921
0.96446195 1.71161709 127.48668089 -535.459863161312  803  3607.693212
0.72655220 1.63443274 103.00000000 -535.378753702067  804 21409.162207
0.81776617 1.61776891 103.00000000 -535.445513936779  805  6756.984034
0.90722119 1.63045819 103.00000000 -535.471240748403  806  1110.601433
0.91366944 1.68888476 113.82589684 -535.470402049408  807  1294.674589
0.91183356 1.68888476 145.80465100 -535.432342817411  808  9647.710655
1.04011270 2.16986785 103.00000000 -535.428167267077  809 10564.138042
0.84360429 1.84223019 103.00000000 -535.449433608981  810  5896.715407
1.26734004 1.73711352 103.00000000 -535.430878848732  811  9969.014647
0.96446195 1.72041225 145.10809102 -535.434058955190  812  9271.061942
1.06721379 1.78863953 103.00000000 -535.465100614273  813  2458.205132
0.96446195 1.49947930 135.59642501 -535.437758708675  814  8459.059895
1.10158033 1.68888476  77.84529523 -535.444783437535  815  6917.310089
0.96446195 1.82522280 102.91448726 -535.469783218148  816  1430.492354
1.18375683 1.68888476 126.09160145 -535.434756032233  817  9118.071212
1.03990987 1.43524433 103.00000000 -535.424333007078  818 11405.660858
1.02733648 1.68888476 110.80980409 -535.471346223421  819  1087.452342
0.70092094 1.68888476  84.68974795 -535.336607217067  820 30659.246636
1.10014403 1.72050699 103.00000000 -535.463407371546  821  2829.828963
0.84027246 1.68888476  70.50855718 -535.418890391127  822 12600.177009
0.96446195 1.91698100 105.97098020 -535.459695370098  823  3644.519127
0.74135461 1.68888476  98.21770649 -535.393923274344  824 18079.825862
1.13290516 1.68888476 135.61566350 -535.431860596081  825  9753.546006
0.73980667 1.72311102 103.00000000 -535.392468163080  826 18399.185876
1.26741875 1.62220165 103.00000000 -535.429254657638  827 10325.483396
0.96446195 1.71630219 101.55817289 -535.475991488607  828    67.934459
0.95385636 1.96473422 103.00000000 -535.455221397206  829  4626.442696
1.19156114 1.68888476 122.73202864 -535.436779014065  830  8674.078012
1.16469385 1.68888476 100.91527286 -535.452303308139  831  5266.889230
1.18539558 1.68888476  79.93056191 -535.433523338684  832  9388.616179
0.96446195 1.63412477 132.27832920 -535.455542958231  833  4555.868208
1.03025065 1.68888476  98.22308813 -535.472242202397  834   890.807683
0.71479938 1.71699067 103.00000000 -535.365518472905  835 24313.959302
0.84522257 1.68888476 110.23285986 -535.457349585604  836  4159.359324
0.95452387 1.69343257 103.00000000 -535.476196219816  837    23.001151
0.76532257 1.88109503 103.00000000 -535.402256342598  838 16250.928745
0.96446195 1.93559245  76.04671309 -535.450075817949  839  5755.766828
0.96446195 1.97967777 111.71677087 -535.449296976613  840  5926.702746
1.01146715 1.68888476 127.36922501 -535.458983475336  841  3800.761970
0.96446195 1.57328287  88.70687661 -535.457620861817  842  4099.821076
1.16062320 1.68888476 121.27069458 -535.444106387791  843  7065.905335
1.07444425 2.07900986 103.00000000 -535.434396331312  844  9197.016441
1.11721086 1.68888476  72.66925506 -535.433838830077  845  9319.373821
0.96446195 1.52489862 126.62148993 -535.452319679993  846  5263.296024
0.96446195 1.54881686 138.48408104 -535.442318870251  847  7458.220095
1.02364694 1.68888476 104.90470070 -535.473351587492  848   647.325794
1.11474522 1.68888476 118.82151225 -535.454418606191  849  4802.634962
0.96446195 1.64769859  95.34952103 -535.472961458136  850   732.949292
0.96446195 1.68621320  87.17937193 -535.468328574238  851  1749.749796
1.11607813 1.68888476  84.46851401 -535.451256959237  852  5496.536274
0.96446195 1.92701589  98.76516201 -535.460576310470  853  3451.175060
1.01931029 1.64377182 103.00000000 -535.472803652476  854   767.583631
1.08701666 1.68888476  79.68704934 -535.449584088423  855  5863.688986
1.29316457 1.54657934 103.00000000 -535.414524229070  856 13558.438835
1.12277160 1.68888476  69.36257864 -535.426762945604  857 10872.350986
1.20481966 1.68888476  81.39738934 -535.431638392086  858  9802.314147
0.96446195 1.68977182  77.09021777 -535.454410189263  859  4804.482264
1.06716198 1.68888476  70.04377873 -535.434979799100  860  9068.960061
1.30179044 1.68888476  93.41824875 -535.422033354080  861 11910.376361
0.96446195 1.69870891 123.35124925 -535.464993267381  862  2481.765052
0.96446195 1.92128539 105.43523801 -535.459441985022  863  3700.130724
1.10903518 1.68888476  78.50616090 -535.444668172541  864  6942.607832
0.96446195 1.70395953 114.23758439 -535.472403071451  865   855.501006
0.96446195 1.75198162 119.27171861 -535.466171889070  866  2223.087487
0.96446195 1.74796859  84.78920756 -535.467047795465  867  2030.848250
0.96446195 1.73310053 104.64173031 -535.475273104349  868   225.601582
0.96446195 1.84605993 118.22457437 -535.459071026047  869  3781.546810
0.96446195 1.57460901 109.14901392 -535.469453019919  870  1502.962490
0.97491916 1.68888476 125.73712345 -535.462653168230  871  2995.357460
1.02247540 1.68888476  60.39605778 -535.412855626828  872 13924.654703
0.96446195 1.84520140  80.13156785 -535.459626274684  873  3659.683818
0.84422668 1.68888476 103.03048642 -535.458374188886  874  3934.484892
1.01095992 1.68888476 102.35861448 -535.474500380101  875   395.194955
0.75201562 1.68888476  96.89108523 -535.403214267310  876 16040.688568
0.97048750 1.52092027 103.00000000 -535.458787244292  877  3843.829707
1.11054181 1.77841878 103.00000000 -535.459301132043  878  3731.044380
1.10552863 1.68888476 105.95848279 -535.462572492527  879  3013.063731
0.96446195 1.78108988  84.51644613 -535.466296145376  880  2195.816380
1.08779699 1.66573730 103.00000000 -535.465333570786  881  2407.077087
0.74522380 1.86472214 103.00000000 -535.386697112129  882 19665.785180
0.96446195 1.67121298  72.30697843 -535.442939640956  883  7321.976671
0.96446195 1.69280758  92.47519653 -535.472992616230  884   726.110880
0.96446195 2.00183476  86.31689860 -535.451145596636  885  5520.977540
0.83895340 1.95842614 103.00000000 -535.435108711133  886  9040.667139
1.21755861 1.68888476 108.93698567 -535.440867558392  887  7776.746237
0.96446195 1.84783178 109.59199921 -535.465181484476  888  2440.456174
0.96446195 1.72556489  96.42881084 -535.474935063601  889   299.792952
0.96446195 1.98347357 125.16144919 -535.436738479562  890  8682.974307
0.96446195 1.94357385 125.02157590 -535.441407259544  891  7658.295523
0.96446195 2.11191466  85.87599909 -535.439427660486  892  8092.767305
0.96446195 1.96713668 119.74374894 -535.444236594528  893  7037.328259
0.96346635 1.81973754 103.00000000 -535.470215017508  894  1335.723347
1.00419311 1.61198491 103.00000000 -535.471841986755  895   978.644865
0.84781629 1.68888476 119.80050747 -535.452202910729  896  5288.923915
1.34286253 1.54806251 103.00000000 -535.404717072374  897 15710.860975
1.06589150 1.68888476 108.62612485 -535.467768190180  898  1872.739883
1.31811315 1.68888476  82.83447736 -535.410195705874  899 14508.439885
0.75161873 1.68888476  78.41514863 -535.382590716344  900 20567.034897
1.44504725 1.59735260 103.00000000 -535.391445330452  901 18623.671694
0.96446195 1.94599513  98.37118294 -535.458567160057  902  3892.132614
1.16604673 1.89424411 103.00000000 -535.439969299353  903  7973.891312
1.00031668 1.57526281 103.00000000 -535.467946304920  904  1833.648215
0.96446195 1.58380540  81.35878952 -535.447881849204  905  6237.287318
1.11663509 1.68888476 111.36274258 -535.458959893457  906  3805.937595
0.88783056 1.68888476 137.18209236 -535.441852068456  907  7560.671249
1.13572503 1.82588562 103.00000000 -535.451692167466  908  5401.019107
1.09916429 1.64748449 103.00000000 -535.462956326796  909  2928.821845
1.05180238 1.84903065 103.00000000 -535.462277677961  910  3077.768050
0.99450899 1.68888476  89.48484247 -535.469964887416  911  1390.620558
0.99496317 1.80913944 103.00000000 -535.470377123985  912  1300.145087
0.81526699 1.95762233 103.00000000 -535.424963494567  913 11267.284846
1.15103825 1.68888476  99.64280012 -535.454694376003  914  4742.110483
0.96491781 1.67135836 103.00000000 -535.476161771503  915    30.561682
0.81472831 1.68888476  64.72058033 -535.391280501957  916 18659.847368
0.77345432 1.68888476  98.17058879 -535.420804659081  917 12180.043748
0.96446195 1.82747295  59.35729151 -535.423043128337  918 11688.756524
0.85382286 1.68888476  97.51211800 -535.460460195788  919  3476.659288
0.96446195 1.83331308  78.54385066 -535.458408256722  920  3927.007866
1.33766955 1.68888476  85.85878176 -535.409101395932  921 14748.613161
0.96446195 1.59692753  97.64042743 -535.469720422521  922  1444.274402
0.96446195 2.06069161  90.29763153 -535.445773397023  923  6700.039092
0.96446195 1.73730892 132.75171581 -535.451610369788  924  5418.971622
1.10595161 2.00929630 103.00000000 -535.437871478289  925  8434.309825
0.83971957 1.44071601 103.00000000 -535.412606813674  926 13979.262880
0.96446195 1.55746830 144.52159840 -535.435001563865  927  9064.183247
1.01982148 1.68888476  82.38509535 -535.460687559873  928  3426.758638
0.96446195 1.73524695 116.75474981 -535.469294088839  929  1537.843831
0.96446195 1.61518859  98.95108370 -535.472322737548  930   873.132260
0.96446195 1.89606064  90.04393448 -535.462701818045  931  2984.680060
0.92051207 2.09011000 103.00000000 -535.438234326613  932  8354.673821
1.06346344 1.68888476 113.69646990 -535.465762920762  933  2312.845657
1.24093147 1.59834037 103.00000000 -535.432631660804  934  9584.316857
1.17836859 1.65470074 103.00000000 -535.449086960542  935  5972.795947
0.96446195 1.72543836 143.73525028 -535.435916912315  936  8863.287479
1.17752246 1.68888476 127.10124587 -535.434803367522  937  9107.682317
0.96446195 1.55369855 110.30947501 -535.466325693256  938  2189.331369
0.96446195 1.81031798  67.77054772 -535.441902551476  939  7549.591507
0.89672909 1.68888476 128.99193216 -535.454229428283  940  4844.154714
0.80470600 1.68888476 117.99662644 -535.435376960667  941  8981.793170
1.03256918 1.68888476 128.78589657 -535.455416372984  942  4583.650458
1.10674335 1.68888476  94.17421697 -535.460568201712  943  3452.954727
0.75579918 1.68888476 110.99830178 -535.406283741506  944 15367.016838
1.00259815 1.58640914 103.00000000 -535.469275656290  945  1541.889308
0.93123743 1.68888476 147.91789762 -535.430660688565  946 10016.895270
1.15687354 1.65110123 103.00000000 -535.453056549045  947  5101.571957
0.96446195 1.54601075 109.65656342 -535.465125128222  948  2452.824942
0.88372967 1.68888476  89.46816640 -535.462972708214  949  2925.226539
1.14948000 1.68888476  95.55977800 -535.453798540607  950  4938.723630
1.03092308 1.68888476  83.51303603 -535.461212299848  951  3311.591523
1.04405702 1.68888476  84.23096048 -535.460798326840  952  3402.448098
0.96446195 1.60068162 101.25890536 -535.471747288471  953   999.428736
1.14616230 1.94481632 103.00000000 -535.438336558919  954  8332.236423
1.05561204 1.63505537 103.00000000 -535.468520651865  955  1707.593629
0.96446195 1.83435555 139.41654992 -535.433311551899  956  9435.098007
1.37121143 1.62685684 103.00000000 -535.408167228157  957 14953.639292
0.88672000 2.03611008 103.00000000 -535.439463077609  958  8084.994144
0.94537973 1.52806813 103.00000000 -535.460242510320  959  3524.435726
1.40324561 1.68888476  93.44558567 -535.401050253051  960 16515.634809
0.96446195 1.80118802  71.24624301 -535.448331653469  961  6138.566691
1.13298904 1.68888476  78.76485596 -535.441242873810  962  7694.374022
1.44097423 1.68888476  98.66816082 -535.395562445618  963 17720.069344
0.81854562 1.50379613 103.00000000 -535.426961442941  964 10828.785855
0.96446195 1.72953081  76.66885764 -535.456005770856  965  4454.292575
0.96446195 1.61596209  68.53193840 -535.423957913782  966 11487.984322
0.96446195 1.77709363  82.88183515 -535.464774725097  967  2529.729541
0.96446195 2.09455168  95.38566351 -535.441995911255  968  7529.101403
0.81767784 1.68888476 122.72586315 -535.437705916426  969  8470.646454
1.14513811 1.68888476  94.20487628 -535.453979775077  970  4898.947260
1.50086580 1.68888476 109.40853141 -535.384144157471  971 20226.093972
0.70623880 1.68888476 100.52473145 -535.355234604578  972 26571.007553
1.10445515 1.61488748 103.00000000 -535.460051426620  973  3566.373752
1.00752498 1.98974436 103.00000000 -535.451349077171  974  5476.318724
0.96446195 1.41217047 107.01358521 -535.419663159268  975 12430.574003
0.96446195 1.69127444 126.05276373 -535.462348981621  976  3062.118706
0.96724651 1.68888476 134.00430232 -535.452440165834  977  5236.852438
0.96446195 1.76242078  97.73107945 -535.474083745861  978   486.635602
0.89748897 1.67509919 103.00000000 -535.471384698816  979  1079.007969
0.83013656 1.98318537 103.00000000 -535.428648072183  980 10458.613517
1.05641791 1.84601870 103.00000000 -535.462001530566  981  3138.375399
0.96446195 1.86730460 111.02650261 -535.462388665661  982  3053.409065
1.06614104 1.68410083 103.00000000 -535.468688957775  983  1670.654751
0.96446195 2.07031619 104.87918212 -535.442318047857  984  7458.400590
1.17708510 1.68888476 110.49106383 -535.448321717485  985  6140.747387
0.81658427 2.10204449 103.00000000 -535.408185377228  986 14949.656032
1.01523126 1.68888476 127.72846470 -535.458266405046  987  3958.140711
0.79966262 1.68888476 109.84975341 -535.437262800746  988  8567.899107
0.80919746 1.68888476  66.05285777 -535.392586315523  989 18373.254412
0.83303809 1.62733090 103.00000000 -535.452649194281  990  5190.975995
1.06357118 1.52023609 103.00000000 -535.451202735404  991  5508.437030
0.86450002 1.68888476  62.99807939 -535.405078677577  992 15631.497805
0.96446195 1.61563960  97.69815535 -535.471774053698  993   993.554448
1.39880032 1.68888476  97.42119670 -535.403584632382  994 15959.402829
0.96446195 1.41235601 110.88688062 -535.421145036785  995 12105.339475
0.96446195 1.84829987 107.55111907 -535.466153120010  996  2227.206820
1.11608482 1.72649779 103.00000000 -535.460660359940  997  3432.728333
1.39759717 1.72520680 103.00000000 -535.404192491952  998 15825.993072
1.03871293 1.68888476 125.90183531 -535.458159180115  999  3981.673863
0.96446195 1.65478491 101.20597588 -535.475527513782 1000   169.765164
1.02376223 1.68888476 125.24376942 -535.460370244406 1001  3496.401334
0.96446195 1.54846536 116.18165024 -535.463661593729 1002  2774.033642
0.79333815 1.83631621 103.00000000 -535.426254936184 1003 10983.846168
0.96446195 1.83381532  92.31216464 -535.468492272517 1004  1713.822176
0.96446195 1.53426239  87.29927649 -535.446523462286 1005  6535.418792
1.29206393 1.68888476 105.50642116 -535.426273613441 1006 10979.746984
1.05626567 1.68888476  81.32877607 -535.455776900553 1007  4504.523802
0.97672991 1.68888476 107.58637610 -535.475546047093 1008   165.697573
0.96446195 1.53040089  84.20115751 -535.439995592483 1009  7968.120637
1.02424265 1.63888768 103.00000000 -535.472126642276 1010   916.170198
1.05897994 1.68888476 124.36787444 -535.457452954006 1011  4136.672581
0.96446195 1.92003037 121.77807743 -535.447603262475 1012  6298.430039
1.01822347 1.68888476 120.93547700 -535.465197489026 1013  2436.943581
1.37823159 1.68888476 117.81977811 -535.403198523621 1014 16044.143909
0.96446195 1.62091769  97.22890190 -535.472013650840 1015   940.968952
1.10592183 1.68888476  71.97310747 -535.434146737159 1016  9251.796026
1.26817000 1.71216113 103.00000000 -535.431321753534 1017  9871.808277
0.95759554 1.68888476 128.92749274 -535.459035930989 1018  3789.249285
1.25123901 1.68888476 106.94979881 -535.434512135897 1019  9171.600271
1.06094041 1.68888476  93.48836062 -535.466838826068 1020  2076.711733
0.90957544 1.68888476  88.65207494 -535.466462547310 1021  2159.295376
0.95885000 1.68888476  78.62352204 -535.456881284321 1022  4262.139577
1.04315346 1.79547360 103.00000000 -535.467537623994 1023  1923.343312
0.96876228 1.68888476  96.81198424 -535.475140683804 1024   254.664533
1.00320415 1.82984866 103.00000000 -535.468271150820 1025  1762.352780
0.96446195 2.04135274 119.83218928 -535.435606632206 1026  8931.386093
1.08258346 2.10212189 103.00000000 -535.430664272503 1027 10016.108687
0.83639917 1.68888476 134.42204880 -535.431758901041 1028  9775.865488
0.96446195 1.56786999 137.58819901 -535.445462879254 1029  6768.189866
0.96446195 1.83990303  61.37996990 -535.428568015838 1030 10476.183854
0.99456759 1.68888476 132.72623872 -535.453314212070 1031  5045.021459
1.26516957 1.68888476  88.37600556 -535.426384703504 1032 10955.365533
0.89755001 1.66208421 103.00000000 -535.471174397057 1033  1125.163870
0.96446195 2.07807803 106.09378300 -535.440869371476 1034  7776.348311
0.84266100 1.68888476 131.99142145 -535.437222536269 1035  8576.736138
1.25331325 1.56936281 103.00000000 -535.426461595781 1036 10938.489628
0.98695933 1.68888476 115.01461932 -535.471809740426 1037   985.722116
0.96446195 1.61340374 146.29762199 -535.435465830075 1038  8962.288589
0.96446195 1.77437256 143.00569052 -535.433227901036 1039  9453.457249
1.03244247 1.69630542 103.00000000 -535.472634022225 1040   804.813169
0.96446195 1.97237450 119.25969046 -535.444087325087 1041  7070.089115
0.83016281 1.68888476  67.40098370 -535.406473964042 1042 15325.267817
0.81794910 1.71974667 103.00000000 -535.447203464766 1043  6386.175495
1.10591104 1.68888476 111.59440499 -535.460623988449 1044  3440.710953
1.04733088 1.68888476 131.55552458 -535.450288969748 1045  5708.985414
0.96185575 1.45193017 103.00000000 -535.436306602176 1046  8777.760439
1.01708933 1.68888476  92.36711181 -535.470707213800 1047  1227.698745
0.96446195 1.69926107  93.88017300 -535.473932797078 1048   519.765032
0.87618213 1.53000888 103.00000000 -535.452448370034 1049  5235.051824
1.07996540 1.63340397 103.00000000 -535.465139336146 1050  2449.706664
1.15827149 1.49440883 103.00000000 -535.428825416445 1051 10419.690950
0.96446195 1.85167885  91.68602478 -535.466954964714 1052  2051.222246
0.96446195 1.81254528  92.58254790 -535.470009463349 1053  1380.837271
1.15163943 1.65931134 103.00000000 -535.454326734007 1054  4822.798576
1.32803900 1.68888476 120.54685583 -535.411138868511 1055 14301.439609
0.96446195 1.99515531 123.25579647 -535.437487114022 1056  8518.668032
1.17882247 1.68888476 102.88493085 -535.449664454967 1057  5846.050568
1.23770693 1.75355970 103.00000000 -535.436409145315 1058  8755.254821
1.03422582 1.68888476  81.71196837 -535.458576056061 1059  3890.180167
0.96446195 1.94531834  79.87604962 -535.452769700123 1060  5164.528020
0.99923865 1.89980568 103.00000000 -535.461808493971 1061  3180.742035
0.93045909 1.58763886 103.00000000 -535.469686087460 1062  1451.810077
0.96446195 1.74085701 103.50513303 -535.475133230715 1063   256.300297
0.98937885 1.68888476 117.45332350 -535.469986958825 1064  1385.776443
1.07298476 1.44167284 103.00000000 -535.423235665682 1065 11646.499461
1.17337594 1.62072111 103.00000000 -535.448170289604 1066  6173.981966
0.96446195 1.62847345 107.19008640 -535.474477861223 1067   400.137277
0.96446195 1.60882531  60.51910141 -535.394694833661 1068 17910.488162
1.03450953 1.56365526 103.00000000 -535.463357906010 1069  2840.685393
1.10509041 1.68104555 103.00000000 -535.462895299547 1070  2942.215778
1.48791785 1.68888476 111.27791004 -535.385875941902 1071 19846.011216
0.83975094 1.51421255 103.00000000 -535.438305535634 1072  8339.045247
0.96446195 1.61914578  75.54423324 -535.442582854403 1073  7400.282270
0.95046641 1.71563524 103.00000000 -535.475790995670 1074   111.937573
1.41392874 1.68888476  91.22738148 -535.397620648121 1075 17268.346100
0.96446195 1.46181530  90.88024026 -535.426786323766 1076 10867.220072
0.96446195 1.77607592 114.76522495 -535.468142878243 1077  1790.505357
0.96446195 2.15466562 117.67796904 -535.425065033538 1078 11244.999617
0.90459393 1.68888476  75.46597807 -535.446577285934 1079  6523.605866
0.90660057 1.68888476 100.88694331 -535.472598813641 1080   812.540560
1.02826379 1.73705279 103.00000000 -535.472174792556 1081   905.602433
1.21375089 1.54315788 103.00000000 -535.430032221208 1082 10154.827914
0.96446195 1.79253002 106.13553325 -535.471498985233 1083  1053.924999
0.96446195 1.73985011  59.20777573 -535.415527243544 1084 13338.302599
0.96446195 1.68690912  89.93759556 -535.470940880149 1085  1176.414909
0.96446195 1.84700361 131.38417499 -535.443898644593 1086  7111.499698
1.25572477 1.68068056 103.00000000 -535.434011924566 1087  9281.383971
0.96446195 1.83942172  78.89188083 -535.458562395484 1088  3893.178317
0.96446195 1.74290667  76.78981243 -535.456658953436 1089  4310.935567
0.96446195 1.71344974  99.23533120 -535.475805919389 1090   108.662195
1.21475630 1.68888476  79.27280027 -535.427044307667 1091 10810.599149
0.77423206 1.56689190 103.00000000 -535.414731270541 1092 13512.998483
0.96446195 1.72729621 108.43133133 -535.474474807921 1093   400.807399
0.96446195 2.07426447 116.07962854 -535.435055681565 1094  9052.305784
0.96446195 1.80908427 103.89632625 -535.470875146143 1095  1190.841856
0.96098686 1.63824577 103.00000000 -535.475039335272 1096   276.907965
0.96446195 1.91527216  83.18634670 -535.457599836358 1097  4104.435631
1.15213207 1.63508145 103.00000000 -535.453153509526 1098  5080.291591
0.73930038 1.82380741 103.00000000 -535.385072158660 1099 20022.421250
0.98043882 1.68888476 117.89883301 -535.469969548586 1100  1389.597549
0.96446195 1.67925684  94.05348046 -535.473622172340 1101   587.939283
0.84533202 1.68888476  98.60753635 -535.458071242851 1102  4000.973862
1.20127670 1.55587938 103.00000000 -535.434844601701 1103  9098.632460
0.96446195 1.66147093 121.90168742 -535.467168372399 1104  2004.384672
1.09898613 1.68888476 127.66461128 -535.448020771401 1105  6206.797419
0.91722772 1.71158586 103.00000000 -535.473733547068 1106   563.495355
1.09691033 1.89672998 103.00000000 -535.451603050685 1107  5420.577980
1.00142561 1.68888476 105.79198301 -535.474897246937 1108   308.092750
0.91520379 1.41559623 103.00000000 -535.416569942559 1109 13109.456613
1.18934827 1.54590625 103.00000000 -535.435391111818 1110  8978.687352
1.15771371 1.68888476 103.31226945 -535.453689971082 1111  4962.551886
0.96446195 1.60769783  62.51892846 -535.402100561707 1112 16285.118700
0.96678581 1.68888476 116.18806107 -535.471483508437 1113  1057.321763
1.15286850 1.69090126 103.00000000 -535.454608664937 1114  4760.921888
0.96446195 1.66340420 121.32669397 -535.467686638170 1115  1890.638481
1.09337889 2.01680108 103.00000000 -535.438917704300 1116  8204.689753
0.96446195 1.82319152  58.96106478 -535.421776935351 1117 11966.653768
0.85975736 1.88432440 103.00000000 -535.450403230420 1118  5683.908095
0.96446195 1.65700905 125.78839677 -535.463284875313 1119  2856.713779
1.07290283 2.09615543 103.00000000 -535.432637673439 1120  9582.997236
0.96446195 1.84292580  76.07738558 -535.455059861890 1121  4661.895601
0.87839058 1.62216753 103.00000000 -535.465817948715 1122  2300.768417
0.96446195 1.88818202  79.29091604 -535.456407004114 1123  4366.232052
0.96446195 1.82972637 141.67831084 -535.430150232373 1124 10128.927457
0.96446195 1.56458290 129.41587978 -535.455091999329 1125  4654.842248
0.95551938 1.77497920 103.00000000 -535.473341715388 1126   649.492470
1.21267571 1.66796604 103.00000000 -535.442657254009 1127  7383.953444
1.10474598 1.85587660 103.00000000 -535.454323844027 1128  4823.432853
1.01797306 1.77411550 103.00000000 -535.471288996407 1129  1100.012220
0.96446195 1.73699184 118.22761361 -535.468002480771 1130  1821.319041
1.09736276 1.68888476 135.06673116 -535.438567734483 1131  8281.499251
0.96446195 1.47287751 105.06286827 -535.445518138941 1132  6756.061766
0.69242663 1.68888476  89.49326357 -535.330200395681 1133 32065.381423
0.96723788 1.68888476 112.56709227 -535.473707888062 1134   569.126856
1.21063393 1.47166170 103.00000000 -535.411407340714 1135 14242.516770
0.77116258 1.68888476  77.32400037 -535.396398523289 1136 17536.571502
1.08032851 1.78820756 103.00000000 -535.463330604032 1137  2846.677485
1.07007876 1.96898492 103.00000000 -535.447606003695 1138  6297.828411
0.96446195 1.44569047 104.71964644 -535.434686481563 1139  9133.335820
0.91709738 2.02311355 103.00000000 -535.445783709108 1140  6697.775851
0.96446195 1.69033885  70.56884516 -535.441126797301 1141  7719.849872
1.06064278 1.68888476 121.73567865 -535.459895285939 1142  3600.642671
0.96446195 1.70157578  96.07862899 -535.474976259073 1143   290.751591
0.97637983 1.68888476  95.66154272 -535.474566733442 1144   380.632079
0.96446195 1.63832885  84.16458615 -535.461007723371 1145  3356.490871
0.80952155 1.68888476  76.80831640 -535.419354428480 1146 12498.332580
0.96446195 1.48234149  78.91460305 -535.410460073335 1147 14450.417933
0.96446195 1.51912909  96.84656330 -535.454344310723 1148  4818.940932
0.91105455 1.71698292 103.00000000 -535.472916183965 1149   742.885824
0.96446195 2.00981047  85.10969329 -535.449875649583 1150  5799.698707
0.82019893 1.68888476 119.79972164 -535.441516246358 1151  7634.375682
0.96446195 1.61641032  93.29296519 -535.468911724714 1152  1621.763058
0.96446195 1.71532608 119.17002334 -535.468286737083 1153  1758.931990
0.81154231 1.57193622 103.00000000 -535.437707263811 1154  8470.350737
0.82817160 1.68888476 100.51741613 -535.452040487665 1155  5324.571658
1.23431736 1.68888476 127.67491316 -535.422941498303 1156 11711.061739
0.96446195 1.73800509 102.68574638 -535.475327168071 1157   213.735966
1.39196639 1.68888476 120.37954747 -535.398545000127 1158 17065.474281
0.95459184 1.68888476  78.49233018 -535.456545461430 1159  4335.844183
1.22418084 1.68888476 117.84178859 -535.434571858692 1160  9158.492633
0.96446195 1.69814739  96.62870433 -535.475170166491 1161   248.193831
0.84261587 1.68888476  64.54586609 -535.402826166679 1162 16125.866813
1.02408774 1.68888476  84.32376893 -535.462783564589 1163  2966.738767
0.95969103 1.78293190 103.00000000 -535.472904112494 1164   745.535206
1.00743054 1.63521818 103.00000000 -535.473278448008 1165   663.378055
0.97486898 1.74399925 103.00000000 -535.474977724157 1166   290.430042
0.96446195 1.75825682  67.43785244 -535.439373448080 1167  8104.665553
1.07275905 1.68888476 118.17206744 -535.461402351964 1168  3269.879904
0.80378282 1.43426095 103.00000000 -535.393867932296 1169 18091.972038
0.96446195 1.77359061  93.24990927 -535.472325745625 1170   872.472063
1.14457295 1.68888476 106.78516782 -535.455654379272 1171  4531.414115
0.96446195 1.59989175  88.02855704 -535.461274333152 1172  3297.976786
0.94369709 1.68888476  97.04313252 -535.474792951413 1173   330.982973
0.96446195 1.43132855  69.21493040 -535.350568477065 1174 27595.104188
0.91148055 1.56019996 103.00000000 -535.464074555461 1175  2683.399016
1.38800109 1.70992341 103.00000000 -535.406463869606 1176 15327.483289
0.96446195 1.71681598  94.55462780 -535.474314254349 1177   436.044836
1.00148119 1.68888476 110.63155188 -535.473443265676 1178   627.204758
1.23400555 1.61211476 103.00000000 -535.435358808708 1179  8985.777065
0.81629401 1.81831823 103.00000000 -535.440290418845 1180  7903.413728
0.95035277 1.64198802 103.00000000 -535.475062312946 1181   271.864948
0.82112525 1.68888476 108.58481972 -535.448468358073 1182  6108.563498
0.82751954 2.25191835 103.00000000 -535.396718550323 1183 17466.333686
0.79427575 1.68888476  69.44187154 -535.393839772485 1184 18098.152402
0.96446195 1.90741658  83.07782345 -535.458150227704 1185  3983.638691
1.05066099 1.68888476 113.79280825 -535.467308368860 1186  1973.658999
0.90680716 1.68888476  86.60052968 -535.463992275569 1187  2701.457365
1.04235994 1.80708289 103.00000000 -535.466790635003 1188  2087.288449
0.86192871 1.68888476 128.88044514 -535.447026298650 1189  6425.058964
0.96446195 1.92297637  83.80004468 -535.457360737689 1190  4156.911724
1.10853545 2.04260291 103.00000000 -535.433643843472 1191  9362.168435
0.75180888 1.87640308 103.00000000 -535.391459298739 1192 18620.606010
0.96446195 1.71674242  76.68789180 -535.455448874786 1193  4576.517137
0.79738976 1.68888476  99.38003286 -535.436637835385 1194  8705.063151
0.96446195 1.85864190  98.35989025 -535.467397409949 1195  1954.116739
0.99132333 1.71246602 103.00000000 -535.475449485493 1196   186.890395
1.53204863 1.70956778 103.00000000 -535.379076219648 1197 21338.377778
1.18839131 1.68888476 108.55417222 -535.446830895219 1198  6467.945061
0.96446195 1.63459538  98.03565072 -535.473483365483 1199   618.403867
1.14131039 1.89256755 103.00000000 -535.444662807775 1200  6943.785262
0.83767630 1.68888476 114.62057078 -535.452470081357 1201  5230.286739
1.29900016 1.61530212 103.00000000 -535.422170273561 1202 11880.326008
0.75356001 1.68888476  97.64418030 -535.404858758080 1203 15679.764556
1.00031660 1.68888476 125.26659210 -535.462124760523 1204  3111.329549
1.27319378 1.63772637 103.00000000 -535.429029053368 1205 10374.997810
1.18827332 1.68888476  98.20852735 -535.447267111459 1206  6372.206660
0.84378347 1.95271732 103.00000000 -535.437556248362 1207  8503.494798
0.92766399 2.04364421 103.00000000 -535.444419331007 1208  6997.222237
0.96446195 1.81420462  77.90759553 -535.458240107043 1209  3963.912455
0.96446195 1.68940299  89.94789323 -535.471031367010 1210  1156.555338
0.96446195 1.53842133 118.92282627 -535.460571901687 1211  3452.142676
0.99372162 1.68888476  81.63021186 -535.461170290062 1212  3320.811606
0.96446195 1.74270044  70.17478257 -535.444474003696 1213  6985.222968
0.95366968 1.96319179 103.00000000 -535.455393470079 1214  4588.677065
0.77099895 1.68718674 103.00000000 -535.419902842129 1215 12377.969695
0.81855326 1.75441111 103.00000000 -535.445969914549 1216  6656.908479
1.08124455 1.68888476 140.54910665 -535.432824045116 1217  9542.093380
1.02221083 1.68888476 120.36208803 -535.465374230765 1218  2398.153253
0.96446195 1.46318107  87.79353989 -535.421954642074 1219 11927.651650
1.15648119 1.68888476  93.89392068 -535.451738554898 1220  5390.838242
0.87374585 1.69406212 103.00000000 -535.466805025787 1221  2084.130037
1.09011070 1.68888476  86.83377907 -535.457735597318 1222  4074.639543
0.99724084 1.68888476 102.71912926 -535.475380604167 1223   202.008099
1.15056554 1.55089937 103.00000000 -535.443697918056 1224  7155.554081
1.09921930 2.02836346 103.00000000 -535.436716863392 1225  8687.718508
0.98174132 1.95361479 103.00000000 -535.456567313125 1226  4331.048291
0.96446195 1.94442433  76.80023588 -535.450184727169 1227  5731.864016
1.00715154 1.68888476  71.36310613 -535.442326249605 1228  7456.600514
1.14390492 1.84975775 103.00000000 -535.448230632740 1229  6160.738179
0.96446195 1.77389792  79.10307575 -535.460369771081 1230  3496.505217
0.96446195 1.61414711 126.74384370 -535.461512506219 1231  3245.703839
0.96446195 2.00191438 108.18729032 -535.448803489175 1232  6035.010721
0.96446195 1.44149320  72.99777361 -535.371187768633 1233 23069.692689
0.96446195 1.63965544 106.73475317 -535.475077509669 1234   268.529653
1.07810344 1.57603484 103.00000000 -535.459781752508 1235  3625.560379
0.76827354 1.63770446 103.00000000 -535.416983760657 1236 13018.634036
0.84846908 1.80941828 103.00000000 -535.454006572235 1237  4893.065964
1.41902355 1.73410142 103.00000000 -535.399630009098 1238 16827.342333
0.94130620 1.68888476  78.85506965 -535.456560254180 1239  4332.597550
0.85920311 1.68888476 115.14790101 -535.459152804055 1240  3763.598612
0.95426552 1.68888476 111.02803358 -535.474378892938 1241   421.858305
0.96446195 1.62972037  91.99004374 -535.469138996687 1242  1571.882625
0.93101247 1.68888476 131.95832660 -535.454218450095 1243  4846.564148
0.96446195 1.68771931  96.08104423 -535.474840205653 1244   320.611865
0.96446195 1.80800700  73.42691347 -535.451986899294 1245  5336.332946
0.96446195 1.96335291 126.69158664 -535.437242234583 1246  8572.412858
1.17823976 1.64995001 103.00000000 -535.448927158938 1247  6007.868345
0.96865794 2.14795595 103.00000000 -535.434181602592 1248  9244.143948
1.32715072 1.74993681 103.00000000 -535.417856425397 1249 12827.106261
1.18953175 1.63596909 103.00000000 -535.446026723486 1250  6644.440359
0.96446195 1.62409494  67.59817285 -535.422944494636 1251 11710.404120
0.96446195 1.94789776  82.97800799 -535.454707791956 1252  4739.166021
1.20358088 1.64316334 103.00000000 -535.443610172126 1253  7174.812087
0.96446195 1.84016058  82.47211250 -535.462111028191 1254  3114.343448
1.33492585 1.68888476 118.63446006 -535.411289856354 1255 14268.301607
1.39410885 1.80750687 103.00000000 -535.400705741788 1256 16591.246293
0.96446195 2.16141485 111.55380514 -535.428537055977 1257 10482.978758
1.11350460 1.62037759 103.00000000 -535.459000698333 1258  3796.981959
0.96446195 2.01491375 104.19547423 -535.449129193121 1259  5963.526967
0.93125953 1.68888476  89.80094030 -535.469661266780 1260  1457.257586
0.96446195 1.68830611  73.82264589 -535.448032508263 1261  6204.221476
0.96446195 1.55960500 112.98672281 -535.466585077187 1262  2132.403176
0.96446195 1.62913582  72.76097738 -535.437838982844 1263  8441.441751
1.37548007 1.68888476 112.88130103 -535.406720756209 1264 15271.103196
1.03166123 1.68888476 112.48319391 -535.470119469505 1265  1356.693710
1.09489372 1.61932790 103.00000000 -535.461927195930 1266  3154.689966
1.06703050 1.57763650 103.00000000 -535.461545990339 1267  3238.354924
0.96446195 1.93294320  99.19405574 -535.459882134038 1268  3603.529179
0.92984640 1.61834507 103.00000000 -535.472636375340 1269   804.296720
1.53860471 1.66294673 103.00000000 -535.378115499388 1270 21549.231507
1.07006024 1.68888476 103.85439909 -535.468148421228 1271  1789.288812
0.96446195 1.79035206  64.47788305 -535.434147188191 1272  9251.697036
1.09679297 1.68888476 112.67002600 -535.461530240095 1273  3241.811703
1.07980837 1.44448710 103.00000000 -535.423534853109 1274 11580.835409
0.89228505 1.97845471 103.00000000 -535.447407567120 1275  6341.380205
1.11325493 1.68888476 130.35272251 -535.442396880006 1276  7441.098933
0.96446195 1.88508809 107.05578228 -535.462663001368 1277  2993.199336
0.91980853 1.53977361 103.00000000 -535.461175542068 1278  3319.658924
1.00609713 1.68888476  92.60366320 -535.471643016890 1279  1022.313703
1.14664526 1.68888476  78.03238608 -535.437889307753 1280  8430.396710
0.96446195 1.75939652  82.23938591 -535.464268711288 1281  2640.786737
1.07560128 1.68888476 134.97416915 -535.441946963716 1282  7539.844147
0.96446195 1.89046522 114.89592207 -535.457200064267 1283  4192.175464
1.05428059 1.68888476 107.11038772 -535.469685242618 1284  1451.995498
0.98428260 1.68888476 102.42764906 -535.475947483157 1285    77.592539
1.01612753 1.68888476  92.96607843 -535.471158853840 1286  1128.575212
0.96446195 1.56541082  79.02591182 -535.438958804159 1287  8195.669376
1.09635982 1.68888476  92.67495054 -535.461378875809 1288  3275.032325
1.44785370 1.68888476 119.94263944 -535.388283420724 1289 19317.630679
0.96446195 1.75978974  84.48673324 -535.466660090762 1290  2115.939599
0.96446195 1.51062098 143.13632996 -535.430477250394 1291 10057.155296
0.73767924 1.68888476 105.76968801 -535.391093413655 1292 18700.908505
1.04410132 1.68888476 106.28054869 -535.471064189811 1293  1149.351566
0.78334597 1.68888476  93.04746102 -535.425047517145 1294 11248.844021
1.11485811 1.83122617 103.00000000 -535.454823982683 1295  4713.665104
0.86013787 1.68888476 117.84620199 -535.457515613395 1296  4122.920435
0.86974990 1.68888476  79.29821815 -535.446635461747 1297  6510.837751
0.96446195 1.49658016  79.61940251 -535.418258192230 1298 12738.928632
1.09358235 1.90525874 103.00000000 -535.451232441747 1299  5501.917241
0.95717675 2.05433696 103.00000000 -535.444801361533 1300  6913.376226
0.74739849 1.72609871 103.00000000 -535.399524787726 1301 16850.435755
0.96446195 1.60485730 118.31758927 -535.468464884827 1302  1719.833079
0.96446195 1.83630752  79.50048753 -535.459360314278 1303  3718.055381
0.96446195 1.80964544 122.44773916 -535.458441085461 1304  3919.802790
1.20727928 1.68888476 113.04560374 -535.441127925287 1305  7719.602307
1.07195734 1.80622075 103.00000000 -535.463250018050 1306  2864.364064
0.80792139 1.68888476  74.41083357 -535.413567173470 1307 13768.488264
1.32195139 1.68888476 111.95553955 -535.418075224736 1308 12779.085356
1.02099043 1.68738223 103.00000000 -535.473705522585 1309   569.646018
0.95051806 1.68888476 106.68003688 -535.475726668382 1310   126.055781
0.89220863 1.68888476  83.40426246 -535.457769179416 1311  4067.269125
1.04418002 1.68888476 132.27709876 -535.449693258061 1312  5839.729020
0.92303061 1.89182892 103.00000000 -535.461416505592 1313  3266.773542
0.96446195 1.57329739 127.31866451 -535.458187424546 1314  3975.474927
1.13728471 1.68888476 108.70486901 -535.456433072687 1315  4360.510662
0.96446195 1.96275016 124.44540509 -535.439883020335 1316  7992.827368
0.96446195 1.59457879 135.85333449 -535.449643889640 1317  5850.564136
0.96446195 1.76946639  87.37545320 -535.469024621268 1318  1596.985128
1.03731324 1.94628807 103.00000000 -535.453904906103 1319  4915.379101
0.82919631 1.68888476  69.75375075 -535.412506654185 1320 14001.245347
0.78713819 1.93172258 103.00000000 -535.412119557511 1321 14086.203248
0.93599096 1.68888476 108.47358590 -535.474657222611 1322   360.772002
0.90586026 1.68888476  99.16841219 -535.472174323651 1323   905.705346
1.08244067 1.68072817 103.00000000 -535.466384629118 1324  2176.396443
1.23419707 1.57858426 103.00000000 -535.431667805835 1325  9795.858575
0.96446195 2.13152387  88.31044277 -535.437777304552 1326  8454.978571
0.95854294 1.68888476  89.40461638 -535.470494939100 1327  1274.287658
0.75041096 1.68888476 104.22680540 -535.403177681466 1328 16048.718233
1.38293652 1.68888476 108.43028024 -535.406921197150 1329 15227.111493
1.05193160 1.68275368 103.00000000 -535.470477044318 1330  1278.215109
1.06741148 1.68888476 119.92385889 -535.460664936145 1331  3431.723972
0.84758072 1.97714295 103.00000000 -535.435992088829 1332  8846.788141
0.99860030 2.00392857 103.00000000 -535.450182613226 1333  5732.327973
0.88030066 2.16005560 103.00000000 -535.423616840357 1334 11562.841288
0.81067517 1.68888476  61.13329469 -535.377045040570 1335 21784.170066
0.96446195 1.70635090 124.27963252 -535.463723778366 1336  2760.385691
1.04336634 1.50466433 103.00000000 -535.449602137906 1337  5859.727582
0.96446195 1.86553874  94.49898160 -535.466517210988 1338  2147.298085
1.07131112 1.68888476 109.11162955 -535.466869960252 1339  2069.878569
1.02071408 1.85298165 103.00000000 -535.465000782370 1340  2480.115703
0.96446195 1.76055341 101.77478691 -535.474379428713 1341   421.740716
0.96446195 1.77285938  75.26567574 -535.454820609232 1342  4714.405491
0.96446195 1.70005067  75.67735221 -535.452620325674 1343  5197.311922
1.11046923 1.82848015 103.00000000 -535.455767323639 1344  4506.625691
0.96446195 2.04857309 108.60457420 -535.443055691888 1345  7296.506435
0.96446195 1.72594208  76.72700685 -535.455952058442 1346  4466.081088
0.96446195 1.75323847 108.99452610 -535.472994167459 1347   725.770425
0.96446195 1.69284944  87.07399001 -535.468487753689 1348  1714.813944
0.90551307 1.68888476  87.06822575 -535.464321389418 1349  2629.225223
0.93965624 1.71832898 103.00000000 -535.475300377357 1350   219.615848
0.96446195 1.69059352  82.06978035 -535.462350850919 1351  3061.708442
0.96446195 1.80813111 114.32062797 -535.465861046472 1352  2291.309553
0.76603184 1.79453444 103.00000000 -535.411093487961 1353 14311.399489
0.96446195 1.80282350 141.44898455 -535.433146071206 1354  9471.416821
0.96446195 1.79633253 123.98683896 -535.457968975100 1355  4023.419040
1.40645799 1.68888476 100.69772077 -535.402759631255 1356 16140.469651
0.82312657 1.68888476 116.50853334 -535.445364447874 1357  6789.793057
1.08545506 1.99284293 103.00000000 -535.442808114713 1358  7350.843346
1.05175279 1.68888476 126.44638232 -535.456056999035 1359  4443.049290
1.20560701 1.65119220 103.00000000 -535.443559027374 1360  7186.037063
0.93479944 1.57141445 103.00000000 -535.467801176560 1361  1865.500209
0.96446195 1.61905230 135.70042479 -535.450788420634 1362  5599.368613
0.96446195 1.77535377 112.71784237 -535.469582365525 1363  1474.574410
0.98042684 1.80864398 103.00000000 -535.470936643962 1364  1177.344644
0.89579934 1.70450092 103.00000000 -535.471021162559 1365  1158.794956
0.96446195 1.86102987  84.90680517 -535.462796112635 1366  2963.984789
0.90021606 1.68888476 132.33743635 -535.450525535571 1367  5657.065217
0.74561436 1.95241156 103.00000000 -535.377021926696 1368 21789.242975
0.90206326 1.68888476 136.08853589 -535.445671003687 1369  6722.511832
1.32598427 1.68888476  82.91840973 -535.408651320618 1370 14847.393276
1.22972459 1.68888476 106.76582552 -535.438991529795 1371  8188.486929
0.95104189 1.79244798 103.00000000 -535.472079370274 1372   926.545204
1.08751011 1.68888476  81.17738022 -535.451580047084 1373  5425.626687
0.71571723 1.83836238 103.00000000 -535.357950563410 1374 25974.923479
1.02067603 1.74889756 103.00000000 -535.472372044730 1375   862.310584
0.72950850 1.86669527 103.00000000 -535.370697000018 1376 23177.403952
1.34852352 1.68888476 109.47999619 -535.413596970042 1377 13761.948672
0.96446195 1.81463109 116.74297449 -535.463389074571 1378  2833.844685
0.88295488 1.58967548 103.00000000 -535.463776525507 1379  2748.809032
0.80659737 1.68888476  72.24526320 -535.407927440850 1380 15006.266524
0.96446195 1.69935512 100.62340731 -535.476136379869 1381    36.134502
1.07814222 1.60175638 103.00000000 -535.462868534852 1382  2948.089950
1.39028025 1.68888476 112.28726097 -535.404045029754 1383 15858.357284
0.83433282 2.13757494 103.00000000 -535.411921263971 1384 14129.723651
0.96446195 2.04827696 121.80349006 -535.432965013538 1385  9511.154387
0.99280780 2.14162832 103.00000000 -535.434500023193 1386  9174.258703
0.96446195 1.81412868 132.71503072 -535.445310271255 1387  6801.683451
1.12220172 1.74447787 103.00000000 -535.459028830263 1388  3790.807714
0.97315550 1.79369393 103.00000000 -535.472169566021 1389   906.749525
1.17229094 1.68868372 103.00000000 -535.450926427617 1390  5569.079581
0.96446195 1.92862420 118.43433042 -535.449899745418 1391  5794.410282
0.96446195 1.72509186  85.21035264 -535.467366653293 1392  1960.867045
0.97362383 1.68888476 109.71235313 -535.474924307883 1393   302.153559
0.78603554 1.68888476 100.37363916 -535.429959433965 1394 10170.802868
0.96446195 1.91745982  94.80110524 -535.461657776895 1395  3213.820611
0.95245172 1.53577005 103.00000000 -535.462122781169 1396  3111.763967
0.87780413 1.71797244 103.00000000 -535.467293495601 1397  1976.923303
1.02704164 1.82670680 103.00000000 -535.466758237134 1398  2094.398959
0.87534421 1.60276322 103.00000000 -535.463552781821 1399  2797.915096
0.96446195 1.69561642 112.24964407 -535.473758268583 1400   558.069609
0.98778595 1.96573574 103.00000000 -535.455024643514 1401  4669.625141
0.96446195 1.66841541  95.61670330 -535.474113398911 1402   480.127510
0.96446195 1.65013448 103.08912827 -535.475591086349 1403   155.812598
0.94357551 1.98225352 103.00000000 -535.452777648573 1404  5162.783537
0.74023332 1.74524288 103.00000000 -535.391867726688 1405 18530.966434
0.96446195 1.90632896 101.18289610 -535.462377744071 1406  3055.806077
0.96446195 1.80174211 113.93735609 -535.466686385217 1407  2110.168633
0.84339167 1.68888476 121.11685643 -535.449558223922 1408  5869.365588
0.89770306 1.68888476  78.27965555 -535.450756897522 1409  5606.287137
0.96446195 1.86567167 119.32725473 -535.456018853416 1410  4451.421285
0.96446195 1.95351512 109.73905212 -535.453610001201 1411  4980.103247
0.96446195 2.04430926  94.21051651 -535.447795671452 1412  6256.201149
1.03181650 1.86696690 103.00000000 -535.462715053577 1413  2981.775196
0.96446195 1.85086589  81.49561055 -535.460660497207 1414  3432.698207
1.24219386 1.82943691 103.00000000 -535.430689713746 1415 10010.524979
0.85921765 1.82220320 103.00000000 -535.456272210174 1416  4395.815903
0.96446195 1.70700214  85.89562586 -535.467718702908 1417  1883.601084
1.09508199 1.68888476 127.07211296 -535.449326843275 1418  5920.147771
1.26457032 1.67945284 103.00000000 -535.432155513971 1419  9688.819009
0.72563024 1.68888476  76.38439866 -535.352968234144 1420 27068.418378
0.96446195 1.97382798  80.99974737 -535.451148713239 1421  5520.293525
0.96446195 1.88828120 109.57391121 -535.461036480981 1422  3350.179305
0.96446195 1.57445458  92.12369748 -535.461911225683 1423  3158.195030
1.10247749 1.84100423 103.00000000 -535.455996365975 1424  4456.356708
1.05029018 1.68888476  67.11275946 -535.429925370796 1425 10178.278870
0.96446195 1.59048318  95.32741957 -535.467340283256 1426  1966.654599
1.11774660 1.99758344 103.00000000 -535.437323932961 1427  8554.482136
1.14163812 1.68888476  80.11149296 -535.441650494004 1428  7604.911729
0.96446195 1.88138944 104.32748862 -535.464122208083 1429  2672.940474
0.96446195 1.74897503  97.15472969 -535.474513705879 1430   392.270284
1.17563838 1.68888476  81.30343492 -535.437090577587 1431  8605.697722
0.86175964 1.80689102 103.00000000 -535.458277719007 1432  3955.657583
1.02141005 1.68888476 109.64224478 -535.472361575042 1433   864.608415
1.06772404 1.68888476  95.46400688 -535.466942269209 1434  2054.008587
0.93689309 1.81112819 103.00000000 -535.470047734026 1435  1372.437828
1.00858823 1.73045884 103.00000000 -535.474002223977 1436   504.527588
1.16306489 1.70532262 103.00000000 -535.452630911304 1437  5194.988645
0.99780318 1.68888476 146.89677404 -535.431860177804 1438  9753.637807
0.96446195 1.82875126 131.20499954 -535.445977782048 1439  6655.181763
1.12773944 1.85099307 103.00000000 -535.450961989384 1440  5561.274675
0.96446195 1.78523364  92.78052716 -535.471604247055 1441  1030.822699
0.95456893 2.04792944 103.00000000 -535.445485241348 1442  6763.281953
0.82279729 1.64208480 103.00000000 -535.449171234600 1443  5954.299928
1.22284478 1.70066965 103.00000000 -535.440839439293 1444  7782.917666
0.96446195 1.77089985 100.00156094 -535.473870272782 1445   533.487529
0.92020840 1.68888476 145.90632203 -535.433000958351 1446  9503.265412
1.25990429 1.68888476  82.30044684 -535.421644137501 1447 11995.799528
0.96446195 1.89543330 126.71025496 -535.444789443689 1448  6915.991891
1.30801081 1.68888476 104.93504469 -535.423015781015 1449 11694.758568
0.99753080 1.68888476 103.01006885 -535.475365229384 1450   205.382473
0.95017619 1.68888476 126.00249925 -535.462323864418 1451  3067.631295
0.96446195 1.80353776 105.21984383 -535.470952799784 1452  1173.798851
0.97587038 1.72287438 103.00000000 -535.475701575452 1453   131.563043
0.96446195 1.99972040 117.18625394 -535.442761517506 1454  7361.070251
0.89803370 1.68888476  71.96057574 -535.437960786253 1455  8414.708992
0.99793337 1.97128592 103.00000000 -535.453989542940 1456  4896.803462
0.96446195 1.90854602  88.73968755 -535.461109214803 1457  3334.216076
0.96446195 1.59920174 139.89437202 -535.444346369214 1458  7013.235500
1.26098044 1.68888476  98.25934988 -535.432434224061 1459  9627.649214
1.02122600 1.68888476 118.62927947 -535.466945598819 1460  2053.277822
0.94662797 1.68888476  95.90875892 -535.474449745684 1461   406.307925
0.82060293 1.68888476 122.54039993 -535.439217099956 1462  8138.980000
0.96446195 1.80634830 138.83237106 -535.436965160628 1463  8633.223563
0.96446195 1.95448628  95.01776688 -535.457803677971 1464  4059.697567
1.00429987 1.85992827 103.00000000 -535.465508641808 1465  2368.653438
0.92631684 1.81566267 103.00000000 -535.468914576490 1466  1621.137165
0.96446195 1.88306371  91.45963907 -535.464296690609 1467  2634.645986
1.12163924 1.68888476  96.99461340 -535.459268863549 1468  3738.126496
0.96446195 1.60156840  77.29581527 -535.443187022606 1469  7267.682674
0.96446195 1.56128649 125.66348051 -535.458556634307 1470  3894.442750
0.96446195 1.97142461 115.23627971 -535.447686175218 1471  6280.232795
1.00676816 1.68888476 103.66840995 -535.474783065472 1472   333.152686
0.96446195 1.64079359 135.10379206 -535.451871382941 1473  5361.685856
0.95407837 2.07817327 103.00000000 -535.441915825908 1474  7546.678106
0.95058570 1.69383403 103.00000000 -535.476103408960 1475    43.370780
1.09877837 1.68888476  62.47064711 -535.414030106706 1476 13666.886160
0.79920463 1.68888476 128.39686301 -535.422195448326 1477 11874.800785
0.96446195 1.61937054  96.32481370 -535.471361950998 1478  1084.000538
0.96446195 1.67507184  85.76828555 -535.466193652397 1479  2218.310989
1.01735141 1.68888476  79.70070982 -535.457052018409 1480  4224.667775
0.96446195 1.67443426  95.46230550 -535.474239551384 1481   452.440242
0.96446195 1.64224324 109.01634364 -535.474739997009 1482   342.605121
0.90919622 1.68888476  94.45980687 -535.470753002337 1483  1217.649323
0.90388776 1.68888476  85.82154377 -535.462700676739 1484  2984.930548
0.82590593 1.68888476 103.94917192 -535.451328376082 1485  5480.862088
0.96891811 1.68888476  76.48406022 -535.453296297060 1486  5048.953349
0.79271227 1.85115568 103.00000000 -535.424432882491 1487 11383.740738
1.29763920 1.68888476 109.43143092 -535.424140851793 1488 11447.834069
1.45390209 1.56888991 103.00000000 -535.386570874321 1489 19693.491176
1.06103877 1.67321883 103.00000000 -535.469229785306 1490  1551.956825
1.07314580 1.68888476 112.79370349 -535.464964772381 1491  2488.018982
0.96446195 1.63902859  98.97600729 -535.474148506418 1492   472.422303
1.08807359 1.70093747 103.00000000 -535.465569499054 1493  2355.296816
1.21248468 1.59753973 103.00000000 -535.438339301437 1494  8331.634510
0.96446195 1.62841703  89.57631886 -535.466680909535 1495  2111.370406
0.96446195 1.69689482  70.67313026 -535.442041320438 1496  7519.135239
0.91125094 1.68888476 114.34173310 -535.469819207524 1497  1422.593599
0.96446195 1.69539628 105.42988367 -535.476076131356 1498    49.357522
0.86965395 1.68888476 116.25474168 -535.461169571703 1499  3320.969267
0.89519293 1.68888476 108.64830990 -535.470207295704 1500  1337.418087
0.84580345 1.61806484 103.00000000 -535.456650693939 1501  4312.748317
0.96446195 1.54396843  93.33058669 -535.457038730656 1502  4227.584100
0.98606814 1.47481901 103.00000000 -535.444682406967 1503  6939.483736
0.92222192 1.68888476 110.20395875 -535.473038711585 1504   715.994119
0.96446195 1.78176457 122.12192271 -535.461205029152 1505  3313.187257
0.96446195 1.80261758 108.61553156 -535.469731106207 1506  1441.929604
0.96446195 1.45176905  75.86315316 -535.386558317020 1507 19696.247186
0.86551721 1.79744992 103.00000000 -535.460042448832 1508  3568.344148
1.06944173 1.87678448 103.00000000 -535.457492420325 1509  4128.010725
0.97772624 1.68831483 103.00000000 -535.476143125019 1510    34.654113
1.15262349 1.69221343 103.00000000 -535.454655464539 1511  4750.650562
1.01636459 1.68888476 100.20483855 -535.473889427890 1512   529.283468
0.99107068 1.54572603 103.00000000 -535.463536499219 1513  2801.488714
1.12910909 1.68888476 107.29342782 -535.458296308930 1514  3951.577567
0.92482681 1.52729846 103.00000000 -535.458911147888 1515  3816.636011
0.82479875 1.68030477 103.00000000 -535.450873123978 1516  5580.778378
0.96446195 1.82049721 144.52113021 -535.426378409815 1517 10956.746838
1.16711155 1.68888476  84.22424322 -535.442062453423 1518  7514.497085
0.96446195 1.72990193  80.34972946 -535.461578281349 1519  3231.267867
0.99757175 1.68888476  68.98682699 -535.437229605047 1520  8575.184721
1.02612688 1.57906669 103.00000000 -535.466461757266 1521  2159.468770
0.96446195 1.69863757  99.06940651 -535.475879942407 1522    92.416020
0.97013095 1.65946551 103.00000000 -535.475862453596 1523    96.254371
1.07953658 1.68888476  86.51600769 -535.458933510572 1524  3811.727969
1.03315382 1.68888476  81.14705787 -535.457895210261 1525  4039.608551
1.20440190 1.68888476  76.05168188 -535.424587444156 1526 11349.818373
0.98411626 1.68888476 113.63348754 -535.472764519239 1527   776.172384
1.20572787 1.68888476 119.07910210 -535.437292660468 1528  8561.345655
0.96446195 1.78923205  89.86502010 -535.469997206913 1529  1383.527248
0.95552135 1.68888476  74.36859218 -535.448953142809 1530  6002.165545
1.01253252 2.27949981 103.00000000 -535.419255244299 1531 12520.100992
1.05828484 1.65241900 103.00000000 -535.469015209363 1532  1599.050802
1.02343162 1.68888476 119.00933313 -535.466435872842 1533  2165.149745
1.02781782 1.68888476  87.63181029 -535.466006861186 1534  2259.306922
0.96446195 1.61741520 118.96216829 -535.468705987114 1535  1666.917243
0.96446195 1.67073913 141.54818170 -535.442125857011 1536  7500.581606
0.96446195 1.82395223  96.97686962 -535.470223997881 1537  1333.752383
1.47781642 1.68888476 117.10881584 -535.384797960005 1538 20082.600900
0.99805713 1.68888476 138.45121477 -535.444984691957 1539  6873.139849
0.83540300 1.68888476 137.11078035 -535.427665754625 1540 10674.207305
1.12358526 1.66610795 103.00000000 -535.459545453438 1541  3677.422031
0.92317800 1.68888476 101.71703728 -535.474509085872 1542   393.284259
1.08830454 1.68888476  99.57306769 -535.465287706810 1543  2417.143066
1.25519812 1.76106748 103.00000000 -535.432436277262 1544  9627.198589
1.01237150 1.66313115 103.00000000 -535.474062438609 1545   491.312004
1.33150260 1.64039673 103.00000000 -535.417043084208 1546 13005.614022
1.06396325 1.68888476  83.98562973 -535.458229694826 1547  3966.197673
0.98526705 1.43138019 103.00000000 -535.426570598313 1548 10914.566337
1.07303859 2.02476898 103.00000000 -535.440836448854 1549  7783.573991
0.89580383 1.80198179 103.00000000 -535.466198720657 1550  2217.198634
0.95904272 1.68888476  67.04408790 -535.431980197978 1551  9727.296423
1.14861156 1.68888476 113.29170131 -535.452320189870 1552  5263.184119
0.96446195 1.56577572  78.56963368 -535.438044523247 1553  8396.330846
1.26072216 1.68888476 103.63255795 -535.433005652610 1554  9502.235142
1.31627158 1.74447949 103.00000000 -535.420352785436 1555 12279.218551
0.92156481 1.68304414 103.00000000 -535.474413964175 1556   414.161058
0.91242423 1.84630102 103.00000000 -535.464798301774 1557  2524.555058
1.31369524 1.68888476 108.26208065 -535.421169475926 1558 12099.975704
0.85599273 1.68888476  85.77678535 -535.452143810897 1559  5301.894829
1.23333540 1.79828771 103.00000000 -535.434809730335 1560  9106.285841
1.00630919 1.64018890 103.00000000 -535.473623192058 1561   587.715480
1.05438446 1.51480066 103.00000000 -535.451013775865 1562  5549.908856
0.96446195 2.04846870  88.16586848 -535.446754483457 1563  6484.715504
0.96446195 1.83906808 106.02827274 -535.467652186969 1564  1898.199645
0.81514592 1.68888476 133.09736646 -535.424563674412 1565 11355.035229
0.83764888 1.68888476 138.22551862 -535.426911804651 1566 10839.680201
0.95567149 1.68888476 142.76056082 -535.439548924397 1567  8066.152952
0.99534847 1.68888476  66.24637855 -535.430368628654 1568 10080.995013
0.90405569 2.04896421 103.00000000 -535.440978545658 1569  7752.387347
1.36187619 1.67426869 103.00000000 -535.411841397084 1570 14147.252407
0.99780770 1.68888476 104.49919764 -535.475274794536 1571   225.230629
1.50246998 1.68888476 109.82868375 -535.383739728202 1572 20314.855939
0.96446195 1.70995618  71.68534881 -535.445443442394 1573  6772.455764
1.12218988 1.81622840 103.00000000 -535.454787701641 1574  4721.627872
1.29287525 1.67209761 103.00000000 -535.426131990139 1575 11010.829706
0.96446195 1.82963412 108.52690492 -535.467445892865 1576  1943.475969
1.18641159 1.68888476 122.64817019 -535.437865535772 1577  8435.614057
0.88262507 1.68888476 149.18368717 -535.422764763458 1578 11749.850554
0.96446195 1.59936745 101.84519695 -535.471781234612 1579   991.978419
0.96446195 1.64576034 129.14071259 -535.459489968611 1580  3689.599543
0.96446195 1.59332371 107.33918400 -535.471744515412 1581  1000.037352
0.83424822 2.04425584 103.00000000 -535.422948636271 1582 11709.495136
1.26512443 1.78233714 103.00000000 -535.429220987139 1583 10332.873216
1.03651089 1.68888476 134.35155951 -535.447695137835 1584  6278.265728
0.98245887 1.68888476  61.78626425 -535.417382149972 1585 12931.197687
0.96446195 1.86090299  66.84076742 -535.440241651664 1586  7914.116887
0.82718919 1.67995928 103.00000000 -535.451888164399 1587  5358.002751
0.86328462 1.84350358 103.00000000 -535.455495894132 1588  4566.197584
1.19930214 1.68888476  99.51693463 -535.445354739583 1589  6791.923781
1.23985615 1.68888476  89.74408314 -535.432672115782 1590  9575.438015
1.00045781 1.70214521 103.00000000 -535.475133596408 1591   256.220036
0.96446195 1.69008639 106.96604373 -535.475831669162 1592   103.010773
0.96446195 1.70739722  61.25730304 -535.417833723381 1593 12832.088777
0.98546350 2.04363665 103.00000000 -535.446017572109 1594  6646.448854
0.88271455 1.68888476  83.48617159 -535.456031895932 1595  4448.558784
1.05743527 1.68888476 108.23451633 -535.468984827674 1596  1605.718812
0.89389486 1.89034119 103.00000000 -535.457655970062 1597  4092.115706
0.96446195 1.95787937 105.79213754 -535.455140613934 1598  4644.172575
1.05574557 1.68888476 102.92722639 -535.470043317588 1599  1373.407125
0.80971948 2.07987975 103.00000000 -535.407368023159 1600 15129.044518
0.92443214 1.68888476 114.48715916 -535.471050212496 1601  1152.419232
0.96446195 1.98905659 117.60836159 -535.443640987832 1602  7168.048821
1.23502389 1.68888476  85.02140966 -535.429590502715 1603 10251.773920
1.12060022 1.89399804 103.00000000 -535.448091290709 1604  6191.320220
0.96446195 1.60195059 115.23890163 -535.470133851546 1605  1353.537217
0.79314788 1.68888476 104.92712044 -535.434602182013 1606  9151.837433
0.78798886 1.68888476 148.42297181 -535.387672146789 1607 19451.789803
1.02166299 1.68888476 112.17976664 -535.471210958630 1608  1117.139533
0.96728846 1.63067546 103.00000000 -535.474604017931 1609   372.449080
1.07641583 1.68888476 136.10069806 -535.440213923132 1610  7920.202597
0.79433285 2.05324915 103.00000000 -535.401918053322 1611 16325.174661
1.20313948 1.69452971 103.00000000 -535.444858028732 1612  6900.939214
0.90000292 1.80010502 103.00000000 -535.467015519531 1613  2037.931999
1.32596537 1.51287789 103.00000000 -535.400672313415 1614 16598.582973
1.45853863 1.55888254 103.00000000 -535.384314893560 1615 20188.621731
0.99965001 1.65340057 103.00000000 -535.474616326195 1616   369.747728
0.96446195 1.66628105  98.66450362 -535.475292964972 1617   221.242679
1.07270484 1.73772353 103.00000000 -535.466966033781 1618  2048.792866
0.88601535 1.75900668 103.00000000 -535.467283036132 1619  1979.218891
1.16188080 1.68888476 131.29342810 -535.432573469839 1620  9597.088298
1.17990130 1.79954728 103.00000000 -535.445439996227 1621  6773.212110
1.26437367 1.49279063 103.00000000 -535.407585467893 1622 15081.320914
1.05219706 1.97324425 103.00000000 -535.449300711761 1623  5925.882976
0.99914352 1.84122148 103.00000000 -535.467510875598 1624  1929.213907
0.82348674 1.95478784 103.00000000 -535.429154177611 1625 10347.536213
0.96446195 2.01243427 124.48195258 -535.434229280235 1626  9233.679915
0.88839426 1.48792252 103.00000000 -535.443531445029 1627  7192.090688
1.09989442 1.68888476 109.62687346 -535.462437461370 1628  3042.699645
1.46101261 1.68888476 108.34203319 -535.391722794713 1629 18562.775327
0.96446195 1.88472996 135.61273723 -535.433931492318 1630  9299.036809
1.01718536 1.68888476  56.09570109 -535.397936887208 1631 17198.939642
0.98792328 2.14560736 103.00000000 -535.434211912761 1632  9237.491635
0.97723251 1.69887113 103.00000000 -535.476112487051 1633    41.378369
1.26182501 1.68888476  88.25662178 -535.426984107062 1634 10823.811655
0.86098773 1.67748552 103.00000000 -535.463566818993 1635  2794.834292
1.09002047 1.68888476 130.91368382 -535.445363469490 1636  6790.007788
0.96446195 1.76156673 105.71574683 -535.473667082355 1637   578.082674
0.96446195 1.89007820  95.60867365 -535.464408422901 1638  2610.123581
1.06121979 1.53731147 103.00000000 -535.455374598471 1639  4592.818904
0.84468289 1.68888476  70.45496646 -535.420376372263 1640 12274.041841
1.26159856 1.78701524 103.00000000 -535.429674512004 1641 10233.336012
0.96446195 1.72891701 104.61227303 -535.475430884046 1642   190.972940
0.98223879 1.68888476 109.13380589 -535.474923229049 1643   302.390336
0.75013377 1.83667536 103.00000000 -535.394051785863 1644 18051.620843
1.12171581 1.68888476  83.70791709 -535.449479688959 1645  5886.602020
0.96446195 1.85690574  78.58764502 -535.457441811754 1646  4139.118023
1.01242691 1.68888476  74.87086932 -535.449161166166 1647  5956.509694
1.31153830 1.75229929 103.00000000 -535.421027386154 1648 12131.160805
0.96446195 1.47289361  96.57249191 -535.439089946542 1649  8166.886949
0.96446195 1.48364727  91.40971687 -535.436530815058 1650  8728.551399
0.96446195 1.93755577  80.98983577 -535.454245341149 1651  4840.662244
0.86692279 1.92672954 103.00000000 -535.447740669987 1652  6268.272575
0.96446195 1.96771878  98.27576206 -535.456169683926 1653  4418.317814
0.96446195 1.74373387  67.97712884 -535.439715071151 1654  8029.687954
1.09248972 1.68888476 115.87564102 -535.460227748002 1655  3527.675681
1.36920056 1.71419572 103.00000000 -535.410225106276 1656 14501.987242
1.25404758 1.73928089 103.00000000 -535.433579642276 1657  9376.258969
0.96446195 1.80112225 100.26871852 -535.471981009211 1658   948.132962
1.01509368 1.67091999 103.00000000 -535.474023012934 1659   499.964939
1.51929600 1.65787686 103.00000000 -535.381361852138 1660 20836.739421
0.96446195 1.77379974 124.71406111 -535.459042888359 1661  3787.722319
0.96446195 1.67031315  61.83126557 -535.413736495065 1662 13731.326468
0.96446195 1.75458264 124.76749725 -535.460428086953 1663  3483.706362
0.85774764 1.55775145 103.00000000 -535.453212974410 1664  5067.240557
0.99619851 2.04193090 103.00000000 -535.445846945745 1665  6683.897013
0.93934314 1.82441507 103.00000000 -535.469100661698 1666  1580.296182
0.89819761 1.68176463 103.00000000 -535.471543180560 1667  1044.225246
0.88752179 2.02012050 103.00000000 -535.441537834196 1668  7629.637699
1.26295374 1.68888476 120.77317007 -535.424245667714 1669 11424.829633
0.96446195 1.57883541 111.50218669 -535.469485922958 1670  1495.741108
1.13757876 1.68888476 114.32876971 -535.453708605730 1671  4958.462054
0.81039982 1.68888476 108.47536748 -535.443410203301 1672  7218.700172
0.96446195 2.14538463 117.99896275 -535.425779893789 1673 11088.105924
0.96446195 2.03311603 101.35295181 -535.447960153637 1674  6220.101481
0.96446195 2.00313881 119.19341107 -535.440581488964 1675  7839.531220
0.96446195 1.72049222 116.13172144 -535.470493249332 1676  1274.658519
0.96446195 1.77523909  99.20799784 -535.473602179724 1677   592.327155
0.76285922 1.68888476 133.51303976 -535.391467050219 1678 18618.904756
0.97501152 1.68888476 111.67145175 -535.474056647349 1679   492.583038
1.11869459 1.68888476 148.43841695 -535.414053483995 1680 13661.755438
1.13503111 1.68888476 105.81038184 -535.457571592243 1681  4110.634497
0.96446195 1.63414596 124.41907260 -535.464519062817 1682  2585.840926
0.96446195 1.68253486  96.30706398 -535.474840739893 1683   320.494613
1.05691082 1.48104087 103.00000000 -535.440734372370 1684  7805.977190
0.96446195 1.98485650 113.12652562 -535.447708169513 1685  6275.405605
1.44784138 1.68888476 109.57858797 -535.393874596879 1686 18090.509331
0.96446195 1.87311132 129.75172419 -535.443360185247 1687  7229.677866
0.99719282 1.45791869 103.00000000 -535.437761398433 1688  8458.469561
1.10433493 1.68888476 109.30462852 -535.461847107233 1689  3172.267404
0.72451313 1.80295756 103.00000000 -535.371410488267 1690 23020.811378
1.03947351 1.47866585 103.00000000 -535.441959545408 1691  7537.082784
1.07937662 1.80258826 103.00000000 -535.462486481546 1692  3031.940960
1.46743546 1.60258233 103.00000000 -535.387773262494 1693 19429.597471
0.96446195 1.73968399 127.19252168 -535.458624029384 1694  3879.651240
0.96446195 1.72066809 109.79502847 -535.474187243981 1695   463.920390
0.76551601 1.74964649 103.00000000 -535.413725686847 1696 13733.698598
0.98088807 1.58840701 103.00000000 -535.470557239058 1697  1260.614397
0.88236609 1.68888476  55.13930988 -535.379721972488 1698 21196.651409
1.34591273 1.78945944 103.00000000 -535.411854543893 1699 14144.367016
0.71199303 1.80683445 103.00000000 -535.356360835547 1700 26323.828422
0.96446195 1.52397970  90.25456039 -535.448116148910 1701  6185.864475
0.96446195 1.70295787 124.72303249 -535.463386975779 1702  2834.305316
0.83054555 1.68888476  77.36215701 -535.430165207844 1703 10125.640721
1.00692121 1.68888476  93.73525183 -535.472268473521 1704   885.041837
0.96446195 1.78034709  71.08887825 -535.447744963845 1705  6267.330182
0.92483566 1.63325913 103.00000000 -535.473245874039 1706   670.527215
1.29972301 1.68888476  83.58325966 -535.414793948573 1707 13499.242245
0.89785519 1.68888476 100.82686590 -535.471330508370 1708  1090.901397
0.68782040 1.68888476 108.60489548 -535.329242490193 1709 32275.617381
0.94188867 1.68888476  84.71838051 -535.465046364634 1710  2470.111552
1.12340839 1.68888476 110.92876770 -535.458004810894 1711  4015.553992
0.96446195 1.51733068 113.81482151 -535.458727149295 1712  3857.019035
0.99551762 1.68888476  87.10408383 -535.467700538294 1713  1887.587756
1.04634305 1.68888476 118.03492873 -535.464873393828 1714  2508.074257
1.33240978 1.68888476  88.16272656 -535.412162402974 1715 14076.799756
0.96446195 1.61484687  81.82902726 -535.454259388048 1716  4837.579305
0.98469742 2.08932696 103.00000000 -535.440703341232 1717  7812.787738
0.96446195 1.64962751 118.19993867 -535.470219811656 1718  1334.671153
1.19394698 1.68888476  76.20874375 -535.426766593522 1719 10871.550360
0.87204708 1.68888476 135.24313568 -535.441325330170 1720  7676.276943
1.27642551 1.47804404 103.00000000 -535.400549019251 1721 16625.642914
1.55388969 1.59558898 103.00000000 -535.372286305907 1722 22828.591621
0.96446195 1.58615382  94.98534764 -535.466454417603 1723  2161.079640
0.94678736 1.88252121 103.00000000 -535.463993558920 1724  2701.175702
1.19119411 1.83069224 103.00000000 -535.440905930399 1725  7768.324554
0.76512568 1.68888476 108.48746558 -535.414735236344 1726 13512.128090
1.08651010 1.68888476  99.63712365 -535.465567162787 1727  2355.809567
0.93543142 1.91271560 103.00000000 -535.460188425342 1728  3536.306007
1.19484992 1.68888476 131.32176679 -535.426241713351 1729 10986.748244
0.96446195 1.97499938  99.15215971 -535.455213960089 1730  4628.074955
1.07757265 1.68888476 143.65326422 -535.428453252464 1731 10501.371504
0.86002811 1.68888476  77.19145842 -535.440193255856 1732  7924.738540
1.00694046 1.68888476 109.05052532 -535.473703154322 1733   570.165792
1.22624283 1.68888476 102.76532117 -535.440165484103 1734  7930.833735
1.20228197 1.68888476 128.74629246 -535.428039825529 1735 10592.108230
0.96446195 2.03127417 121.30771198 -535.435357695617 1736  8986.021360
0.79023347 1.46343846 103.00000000 -535.398727213497 1737 17025.483068
1.02492325 1.68888476 102.54783797 -535.473360187411 1738   645.438329
0.82261984 1.64950616 103.00000000 -535.449377301444 1739  5909.073483
1.35293206 1.57476501 103.00000000 -535.406831900791 1740 15246.709779
0.92203621 1.68888476  75.32935760 -535.448549297867 1741  6090.799266
0.96446195 1.98208932  84.38906221 -535.452307873261 1742  5265.887302
0.96446195 1.91754334 119.88517536 -535.449787234900 1743  5819.103487
0.73859226 1.68888476  63.71093519 -535.333046606903 1744 31440.710253
0.91054512 1.68888476  76.34349602 -535.449140855351 1745  5960.967403
1.15153768 1.56705600 103.00000000 -535.446230859567 1746  6599.637667
1.30389179 1.69746648 103.00000000 -535.423988868611 1747 11481.190522
0.98171363 1.57312628 103.00000000 -535.468515860475 1748  1708.645217
1.50700680 1.68888476 109.93658776 -535.382902515266 1749 20498.602943
0.82685014 1.65182314 103.00000000 -535.451270663343 1750  5493.528570
1.24377018 1.65919301 103.00000000 -535.436048197657 1751  8834.473677
1.13525888 1.68888476 110.63419905 -535.456058621205 1752  4442.693264
1.07478975 1.68888476  77.02182418 -535.447121357600 1753  6404.195936
0.96446195 1.61222436 123.63466373 -535.464541326114 1754  2580.954697
0.92961514 2.09222747 103.00000000 -535.438863662157 1755  8216.550632
0.96446195 2.16052539 109.42348528 -535.429849745844 1756 10194.876628
1.17781439 1.75584878 103.00000000 -535.448350549282 1757  6134.419539
1.12970665 1.68888476 109.20806195 -535.457602854776 1758  4103.773164
0.99486500 1.68888476 116.23256262 -535.470622627525 1759  1246.263287
0.94417770 1.68888476  88.76703394 -535.469494639603 1760  1493.828025
1.23504977 1.68888476 111.71984997 -535.436169207690 1761  8807.915044
0.96446195 1.76192782  96.53468402 -535.473867901308 1762   534.008007
0.96446195 1.89276009  90.92126970 -535.463280022143 1763  2857.778926
1.17016933 1.71026381 103.00000000 -535.451215512330 1764  5505.632819
0.79467897 1.77853757 103.00000000 -535.431862982780 1765  9753.022186
0.96446195 1.89682204 109.75960419 -535.460006657120 1766  3576.199521
0.96446195 1.78339539 112.81368209 -535.468923613152 1767  1619.153847
1.24319277 1.50540216 103.00000000 -535.415409821222 1768 13364.073820
0.96446195 1.49226043  93.19195841 -535.442121745043 1769  7501.484079
0.88293247 1.68888476  99.03567292 -535.468298158184 1770  1756.425348
1.14621531 1.68888476 139.52698110 -535.423638097577 1771 11558.175867
0.96446195 1.61201433 103.99679347 -535.473387169342 1772   639.516480
0.95468824 1.68888476 130.68134127 -535.456810282774 1773  4277.722616
0.88459580 1.68888476 113.00037718 -535.466457408344 1774  2160.423248
0.96446195 1.75970423  78.92331207 -535.460105839877 1775  3554.431422
0.96446195 1.74970259 100.77724579 -535.474911272660 1776   305.014460
0.96446195 1.78993475 106.51376880 -535.471561278378 1777  1040.253234
0.96446195 1.99548697 107.92491208 -535.449703659760 1778  5837.446110
1.16444671 1.68888476 104.69128691 -535.452312639100 1779  5264.841321
1.29678077 1.68888476  86.30409711 -535.418032058346 1780 12788.559283
0.96446195 2.17431172 114.80492904 -535.425106021946 1781 11236.003701
1.03643475 2.14412944 103.00000000 -535.431338429178 1782  9868.148396
0.68473591 1.68888476 132.00311312 -535.305352269655 1783 37518.914823
1.09189917 1.88613425 103.00000000 -535.453420324366 1784  5021.732501
1.03445064 1.72843012 103.00000000 -535.471859770448 1785   974.741795
0.96961179 1.68888476 100.70626586 -535.476125894588 1786    38.435755
0.97949607 1.68888476 106.88161469 -535.475650351197 1787   142.805468
1.01512018 1.68888476  94.83355820 -535.472262499100 1788   886.353071
0.92708169 2.07202748 103.00000000 -535.441009927179 1789  7745.499899
1.15365079 1.63196458 103.00000000 -535.452683820406 1790  5183.376439
0.91403477 1.68888476  83.07752595 -535.460574333006 1791  3451.609063
0.96446195 1.81285784  88.13460090 -535.467818358465 1792  1861.729217
0.96446195 1.53252887 101.81958684 -535.461008951543 1793  3356.221318
0.96540094 1.68045628 103.00000000 -535.476269332979 1794     6.954667
0.95760993 2.20688201 103.00000000 -535.427622426248 1795 10683.716785
0.94922495 1.68888476 104.56931535 -535.476008703282 1796    64.156274
1.04562055 1.86004964 103.00000000 -535.461963960690 1797  3146.621034
0.96446195 1.61322000 110.52883875 -535.472852673118 1798   756.824844
0.96446195 1.71137944  66.77774280 -535.434082713755 1799  9265.847540
1.14049940 1.68888476 120.62437941 -535.448389916639 1800  6125.779403
0.82194825 1.68888476  78.02768836 -535.427685419284 1801 10669.891411
1.18286607 1.68888476 118.39778554 -535.442345947585 1802  7452.277307
0.96446195 1.61989539 109.13684979 -535.473638900828 1803   584.267804
0.96446195 1.81072920 114.72192694 -535.465336588467 1804  2406.414782
1.18553127 1.58366624 103.00000000 -535.442084409136 1805  7509.678363
1.32233190 1.68888476  90.85531403 -535.416223922028 1806 13185.399342
0.94739416 1.67691111 103.00000000 -535.475964254378 1807    73.911681
0.86151162 1.68888476  87.55704028 -535.455748926224 1808  4510.663457
1.00804138 1.68888476  78.35205805 -535.455515433306 1809  4561.909230
0.89765733 1.66217634 103.00000000 -535.471193290641 1810  1121.017208
0.96446195 1.54990379  89.84228436 -535.454202359887 1811  4850.095540
0.96446195 1.74282410  66.42199787 -535.435985926095 1812  8848.140705
0.94031718 1.68888476 113.08987240 -535.472898574687 1813   746.750614
0.67888821 1.69326519 103.00000000 -535.316019754123 1814 35177.672559
0.74169642 1.68888476 142.91009942 -535.359917361366 1815 25543.261214
0.96446195 1.73013407 145.50854594 -535.432732811658 1816  9562.116810
0.96446195 1.71176006  87.88867834 -535.469780225821 1817  1431.149094
0.96446195 1.79762817  75.34017132 -535.454986551468 1818  4677.985379
0.84967277 1.43620774 103.00000000 -535.413844421200 1819 13707.639419
0.96446195 1.94512407  93.41312658 -535.458690529811 1820  3865.056083
0.70675829 1.68888476 132.44763238 -535.335640695780 1821 30871.373543
1.07604324 1.68888476 128.30810222 -535.450681052955 1822  5622.933095
0.96446195 1.86454813 116.30419465 -535.458838512537 1823  3832.577628
0.96446195 1.55882858 109.38484004 -535.467237780735 1824  1989.151302
1.08442268 1.68888476  90.07667593 -535.461385937320 1825  3273.482502
0.96446195 1.71984035 120.30614075 -535.467066536248 1826  2026.735124
0.86833686 1.77804508 103.00000000 -535.462159475406 1827  3103.710513
0.92719384 2.13685543 103.00000000 -535.433510079066 1828  9391.526329
0.96446195 1.82994654  82.80594542 -535.462918688079 1829  2937.082588
0.96446195 1.49731116 107.88848541 -535.454081855306 1830  4876.543239
0.96446195 1.63717217  57.94344421 -535.391843382229 1831 18536.309426
1.06784118 1.47547184 103.00000000 -535.437404653069 1832  8536.766120
1.03667274 1.70145627 103.00000000 -535.472168316805 1833   907.023696
1.04886245 1.68888476  70.01019780 -535.436647566764 1834  8702.927361
1.20672951 1.68888476 114.24704796 -535.440549315969 1835  7846.592376
1.00962093 1.58219180 103.00000000 -535.468259844448 1836  1764.834242
0.96446195 1.45793680 109.83791772 -535.441421146782 1837  7655.247627
0.94909996 1.81681772 103.00000000 -535.470166706935 1838  1346.326293
1.12223731 1.68888476  86.08624879 -535.451943256228 1839  5345.911492
0.97891338 1.68888476 113.93255357 -535.472749340680 1840   779.503693
0.98650032 1.68888476  88.93873036 -535.469807597178 1841  1425.141776
0.90094246 1.68888476  74.85675828 -535.444772391866 1842  6919.734334
0.94260630 1.68888476  97.23211394 -535.474813874269 1843   326.390936
1.25030411 1.61433678 103.00000000 -535.432191652784 1844  9680.887457
1.17427150 1.68888476 125.99180858 -535.436688366328 1845  8693.972891
0.96446195 1.69655907 102.38050207 -535.476272277691 1846     6.308377
0.96446195 1.72699898 121.12233386 -535.465939685391 1847  2274.050305
0.96446195 1.99256669  88.65077238 -535.452831545781 1848  5150.954466
1.12654958 1.69143785 103.00000000 -535.459346904535 1849  3720.998479
0.92621552 1.84971912 103.00000000 -535.465910734983 1850  2280.404185
0.95745945 1.98445482 103.00000000 -535.453028611342 1851  5107.703574
0.96446195 1.86760330  77.89074191 -535.456151747766 1852  4422.254346
1.10190522 1.86806760 103.00000000 -535.453642254705 1853  4973.024421
1.13241962 1.79233598 103.00000000 -535.454722859581 1854  4735.859060
0.89133669 1.84064458 103.00000000 -535.462141371064 1855  3107.683957
0.96446195 1.70503582 110.05531596 -535.474566668628 1856   380.646304
0.82680796 1.78320824 103.00000000 -535.447824947831 1857  6249.775726
1.18906348 1.68888476  99.82661203 -535.447440852754 1858  6334.074853
1.04201260 1.78075509 103.00000000 -535.468624714423 1859  1684.754537
1.53002435 1.77357153 103.00000000 -535.376792071602 1860 21839.690338
0.96446195 1.90295033  84.06827836 -535.459164845692 1861  3760.955778
0.92230448 1.82847971 103.00000000 -535.467473559722 1862  1937.403795
1.14236015 1.61078234 103.00000000 -535.453168323046 1863  5077.040399
1.08008947 1.85992539 103.00000000 -535.457645051335 1864  4094.512090
0.96446195 1.83735090 108.76664317 -535.466615039109 1865  2125.827294
0.96446195 1.72486428  59.43940575 -535.414372604336 1866 13591.716618
1.04624929 1.69739362 103.00000000 -535.471155013358 1867  1129.418101
0.96446195 1.90787215 101.37478975 -535.462173739967 1868  3100.579804
0.96446195 1.64861409 111.87344480 -535.473939777834 1869   518.232933
1.03724994 2.10576688 103.00000000 -535.435577028023 1870  8937.883460
1.17621773 1.63765184 103.00000000 -535.448726206317 1871  6051.972348
0.96446195 2.05900998 112.11533870 -535.439688961467 1872  8035.418367
0.87919880 1.68888476 110.78119056 -535.466423838531 1873  2167.790971
0.96412263 1.58660182 103.00000000 -535.470620514159 1874  1246.727118
0.90581919 1.68888476 102.72834224 -535.472643488407 1875   802.735582
1.13433716 1.68888476  96.49698435 -535.456890238646 1876  4260.174330
1.11010967 1.68888476  98.44934885 -535.461617639472 1877  3222.629757
1.08679438 2.11760347 103.00000000 -535.428330783825 1878 10528.250264
1.08611798 1.68888476  63.75241170 -535.418507916879 1879 12684.120405
0.98811007 1.68888476 121.86709729 -535.466238411831 1880  2208.487428
0.98902819 1.70560176 103.00000000 -535.475661343717 1881   140.392888
0.96446195 2.17935455 119.80105791 -535.420930650502 1882 12152.391827
0.96446195 1.89017303 108.33223017 -535.461504114163 1883  3247.545683
0.96446195 1.79189008 100.04869604 -535.472613412544 1884   809.336471
1.40351082 1.68888476  92.66382843 -535.400575019059 1885 16619.936616
0.99848838 1.79845409 103.00000000 -535.470993334314 1886  1164.902550
1.01878722 1.68888476 126.84573996 -535.459005339254 1887  3795.963395
1.07459714 1.84216124 103.00000000 -535.460001655766 1888  3577.297192
0.85249419 1.62205597 103.00000000 -535.459083805384 1889  3778.742070
0.96446195 1.85206389 143.65885907 -535.424622230628 1890 11342.183625
0.96446195 1.54799143 134.75154814 -535.446975413628 1891  6436.226936
0.76822683 1.68888476 117.46060494 -535.412480629334 1892 14006.957142
0.96446195 1.72444112 103.20606282 -535.475747016665 1893   121.589849
0.99987487 1.68888476  74.47850369 -535.449009918264 1894  5989.704772
1.00463704 1.68062023 103.00000000 -535.474903579949 1895   306.702815
1.19673052 1.68888476  87.62382530 -535.439687234224 1896  8035.797453
0.96446195 1.93655078 122.72030498 -535.444739939003 1897  6926.856914
1.36999468 1.68888476 114.95469293 -535.406704161466 1898 15274.745321
0.84848609 1.63389818 103.00000000 -535.458537902953 1899  3898.553807
0.90599085 1.46140686 103.00000000 -535.436789673184 1900  8671.738606
0.96446195 1.89533342 125.79771978 -535.445891406623 1901  6674.138978
1.11170528 1.68888476 107.67934888 -535.461162448459 1902  3322.532639
1.34589068 1.68888476  89.56888590 -535.410420637498 1903 14459.073099
0.87713349 1.68888476 127.04249122 -535.452881405417 1904  5140.011541
1.05163338 1.68888476  95.18476367 -535.468838502991 1905  1637.833369
0.96446195 1.61947375 140.59197354 -535.443958737568 1906  7098.310814
0.96446195 1.64434072 125.12933864 -535.463948463290 1907  2711.073049
1.13445689 1.63378895 103.00000000 -535.456292300335 1908  4391.406622
1.07651699 1.68888476  82.00137447 -535.454165829698 1909  4858.112990
1.25333330 1.78616953 103.00000000 -535.431449141394 1910  9843.849873
0.87802843 1.68888476 109.61425027 -535.466629861211 1911  2122.574218
1.08451071 1.85646757 103.00000000 -535.457333544822 1912  4162.879868
1.13133896 1.67747940 103.00000000 -535.458408849716 1913  3926.877719
1.06556981 1.68888476 121.38153535 -535.459587080388 1914  3668.285972
0.96446195 1.77344167 133.08971680 -535.448425785356 1915  6117.907129
0.83376070 1.68888476  99.57969103 -535.454100943215 1916  4872.353927
0.96446195 1.51771113 116.63253236 -535.457814998105 1917  4057.213085
0.99593678 1.51680552 103.00000000 -535.456873955703 1918  4263.748023
0.90868082 2.00156239 103.00000000 -535.447287785530 1919  6367.669226
1.05414418 1.68888476  93.94619394 -535.467926489063 1920  1837.997293
0.96446195 1.59301542 129.18693825 -535.457737729149 1921  4074.171661
1.06964812 1.68888476 104.58515432 -535.468142075951 1922  1790.681440
0.88956023 1.76569518 103.00000000 -535.467575085726 1923  1915.121413
0.92791619 1.68888476 109.70289256 -535.473702425653 1924   570.325716
0.96446195 1.57193490 138.06073185 -535.445180875812 1925  6830.082468
1.48441239 1.70846417 103.00000000 -535.387700546937 1926 19445.556691
0.96446195 1.87347481  81.34676414 -535.459204573454 1927  3752.236542
1.13224827 1.98359086 103.00000000 -535.436479757426 1928  8739.757254
0.96446195 1.67942134  74.27739270 -535.448099998251 1929  6189.409135
0.96446195 1.80018490 121.73269302 -535.460039557369 1930  3568.978751
1.42054179 1.65448823 103.00000000 -535.399629769218 1931 16827.394980
0.91549842 1.68888476 124.63068640 -535.461621082778 1932  3221.874039
1.21745975 1.68888476 117.68008580 -535.436052168865 1933  8833.602097
0.93125067 1.52469471 103.00000000 -535.458771317056 1934  3847.325332
1.20551955 1.55196415 103.00000000 -535.433315686387 1935  9434.190591
0.79687002 1.68888476 152.21635974 -535.387288263376 1936 19536.042475
0.86109584 1.68888476 106.39046391 -535.463331332926 1937  2846.517511
0.90705656 1.68888476  99.28222975 -535.472360177246 1938   864.915196
0.96446195 1.60286644 107.65300938 -535.472618610886 1939   808.195567
0.96446195 1.79536341  79.57980884 -535.460717760304 1940  3420.130409
0.96446195 1.86923062  89.02850415 -535.464546925976 1941  2579.725670
1.10973885 1.68888476 111.85080001 -535.459873364951 1942  3605.453772
0.82912640 1.95618218 103.00000000 -535.431444532513 1943  9844.861406
1.18276080 1.68888476 118.70294410 -535.442120408608 1944  7501.777392
0.82361064 1.73688562 103.00000000 -535.449119927709 1945  5965.560490
0.96446195 1.80012682 110.12078604 -535.469184707856 1946  1561.850182
1.13725617 1.68888476  65.77221504 -535.417365889810 1947 12934.766380
1.20695272 1.68888476 123.32142037 -535.433158532874 1948  9468.681801
0.96446195 2.22350636  86.65032140 -535.428015948449 1949 10597.348643
1.10674786 1.95444840 103.00000000 -535.443934974479 1950  7103.526209
0.80482687 1.68888476 133.59380651 -535.418750234160 1951 12630.937908
0.93535877 2.09199386 103.00000000 -535.439342112415 1952  8111.542936
0.95208293 1.68888476 137.71099498 -535.447105994164 1953  6407.567820
0.96446195 1.60050544 100.01007827 -535.471284000944 1954  1101.108597
0.86293383 1.91843779 103.00000000 -535.447586772543 1955  6302.049161
0.96446195 1.53833751 128.06219782 -535.453154338235 1956  5080.109710
0.96446195 1.60541249  58.09329492 -535.383406767534 1957 20387.932360
1.19757022 1.80263478 103.00000000 -535.441756470027 1958  7581.652680
0.96446195 1.76506566 124.26591041 -535.460220341895 1959  3529.301133
0.96446195 1.85547200 110.88065852 -535.463684410747 1960  2769.025885
0.99187245 1.68888476  85.89964491 -535.466585041770 1961  2132.410949
0.94814726 1.66737313 103.00000000 -535.475844833057 1962   100.121632
1.18891749 1.68888476 109.75921092 -535.446304056647 1963  6583.572764
0.88201163 1.64583640 103.00000000 -535.467869676424 1964  1850.466226
1.17003312 1.55727363 103.00000000 -535.441171134789 1965  7710.118918
0.96446195 1.60180264  91.69355075 -535.465703325838 1966  2325.925231
0.96446195 1.57982887 117.87489797 -535.466707335003 1967  2105.570686
1.15521930 1.68888476 122.73178436 -535.443709865473 1968  7152.931926
1.02408287 1.53988003 103.00000000 -535.460048078937 1969  3567.108483
1.06166205 1.68888476 133.53592946 -535.445852374849 1970  6682.705462
1.10154522 1.83491565 103.00000000 -535.456659821385 1971  4310.745074
0.96446195 1.70293918  62.96851716 -535.422501780509 1972 11807.568641
0.99464972 1.65854487 103.00000000 -535.475059868186 1973   272.401511
0.80966531 1.67305368 103.00000000 -535.443754553383 1974  7143.124064
0.83012804 1.71477944 103.00000000 -535.452661730466 1975  5188.224621
0.89787936 1.68888476 132.35933482 -535.450150558404 1976  5739.363194
1.12827346 1.68888476 101.24737613 -535.458989884057 1977  3799.355419
1.11069434 1.49542363 103.00000000 -535.437462114514 1978  8524.154790
0.77695441 1.66523408 103.00000000 -535.424094617166 1979 11457.981397
0.96446195 1.96280260 127.31109344 -535.436566829405 1980  8720.647163
0.92952275 1.62514346 103.00000000 -535.473100790536 1981   702.369364
1.02605921 1.68888476 110.45499371 -535.471618433336 1982  1027.709170
1.10735148 1.70034079 103.00000000 -535.462554555062 1983  3017.000550
0.96446195 1.87630273 103.12445382 -535.465000968924 1984  2480.074759
0.96480764 1.48120843 103.00000000 -535.447370625649 1985  6349.487921
0.96446195 1.62583713 113.75434737 -535.472300300583 1986   878.056605
1.02322956 1.68888476 118.20984879 -535.467107667560 1987  2017.707844
0.94784180 1.88382915 103.00000000 -535.463902046230 1988  2721.260417
0.96446195 1.85263851 137.17496345 -535.434936110062 1989  9078.548696
0.95120904 1.82663250 103.00000000 -535.469418937920 1990  1510.442625
0.80347613 1.68888476  92.07785292 -535.436427109837 1991  8751.312064
1.00788217 1.57329491 103.00000000 -535.467166396543 1992  2004.818322
0.93775425 1.68888476  82.24110180 -535.461554747608 1993  3236.432926
1.23807889 1.68888476 104.20293495 -535.437665404524 1994  8479.537789
1.04916275 1.68888476 102.95286985 -535.470834639737 1995  1199.731984
0.96446195 1.79638654  97.55789935 -535.472203670837 1996   899.264383
0.96446195 1.70810911  85.35777655 -535.467171032545 1997  2003.800837
0.96446195 1.82878018  79.90477287 -535.460101972127 1998  3555.280295
0.96446195 1.83293029  80.00919185 -535.460046609275 1999  3567.431037
1.09938985 1.68888476 123.07433518 -535.453005133529 2000  5112.856359
0.87481585 1.68888476 103.55375371 -535.467080701588 2001  2023.626191
0.96446195 1.81958225 122.43092912 -535.457530604228 2002  4119.630327
0.90231321 1.68702371 103.00000000 -535.472165569453 2003   907.626670
0.97013558 1.68888476 125.66306678 -535.462815536111 2004  2959.721829
0.92098840 1.55808027 103.00000000 -535.464688312886 2005  2548.694829
0.90990751 1.60510396 103.00000000 -535.469636153436 2006  1462.769328
0.89203417 2.04443712 103.00000000 -535.439498407882 2007  8077.240046
1.03044163 1.68888476  87.42983550 -535.465574254673 2008  2354.253078
1.13750082 1.72383617 103.00000000 -535.457015629887 2009  4232.654133
1.13582141 1.68888476  73.99684151 -535.433331779181 2010  9430.658631
0.96446195 2.09003578  86.45035895 -535.441892946138 2011  7551.699635
0.82990468 1.68888476 115.05841893 -535.449183894451 2012  5951.521412
0.96446195 1.72277198 108.61108022 -535.474581445153 2013   377.403232
0.96446195 1.42339957 116.01704163 -535.426755838864 2014 10873.910735
1.30789198 1.81292626 103.00000000 -535.418217394209 2015 12747.882762
1.07157079 1.68888476 129.36888079 -535.450002262938 2016  5771.910287
0.95283071 1.68888476  90.20975154 -535.471059250602 2017  1150.435597
0.96446195 1.93280835 115.50485364 -535.451954330220 2018  5343.481032
0.96446195 1.62862722  78.35143224 -535.449968444380 2019  5779.332603
0.93666589 1.68888476  90.76011059 -535.470811112901 2020  1204.895528
1.26959530 1.64522099 103.00000000 -535.430149957684 2021 10128.987744
1.08259055 2.00186803 103.00000000 -535.442178854072 2022  7488.950095
1.00313371 1.68888476  66.28779036 -535.430337750269 2023 10087.772035
0.96446195 2.12783427 105.33227374 -535.435482436762 2024  8958.643843
0.96446195 1.71357652 143.10698439 -535.437687297174 2025  8474.732908
1.06192263 2.03973287 103.00000000 -535.440509440039 2026  7855.344132
0.96446195 1.93494422 127.61888414 -535.439306565532 2027  8119.344575
0.84361890 1.69430293 103.00000000 -535.458124612358 2028  3989.260609
0.84797738 1.70117844 103.00000000 -535.459513632399 2029  3684.405942
0.96446195 1.70779343 119.67144650 -535.468160647072 2030  1786.605550
0.96446195 2.03078551 122.79691425 -535.433935846430 2031  9298.081192
1.10577518 1.68888476 108.85586919 -535.461771923364 2032  3188.768356
0.96446195 1.92505993  96.67766056 -535.460928760158 2033  3373.821293
1.09096235 1.68888476  59.89608213 -535.407703360826 2034 15055.446406
0.96446195 1.57360008  70.56214545 -535.419450561640 2035 12477.233790
0.93479225 1.68888476  76.08930079 -535.451186809431 2036  5511.932377
0.96446195 1.73295471 118.49456410 -535.468000187815 2037  1821.822287
0.84933912 1.77605561 103.00000000 -535.456772690131 2038  4285.973247
0.87943636 1.68888476 115.47725798 -535.463925446569 2039  2716.124636
0.91992683 1.68888476 100.79413161 -535.474105547746 2040   481.850642
1.06960801 2.04788727 103.00000000 -535.438609107944 2041  8272.418825
0.96446195 1.59822232 103.39685918 -535.472014952889 2042   940.683186
0.87524337 1.85475531 103.00000000 -535.457466953925 2043  4133.599954
1.19471953 1.68888476 117.19126835 -535.440955573783 2044  7757.429091
0.92666516 1.68888476 139.87665140 -535.442752414287 2045  7363.068176
0.77999841 1.68675634 103.00000000 -535.426280153881 2046 10978.311523
0.96446195 1.51634616  98.75516433 -535.455173226067 2047  4637.015039
1.06922569 1.68888476  86.24150884 -535.460042438637 2048  3568.346386
0.96446195 1.53673810 110.96638235 -535.463290123765 2049  2855.561877
1.18828044 1.77081449 103.00000000 -535.445562674230 2050  6746.287400
0.96446195 1.56822583  73.78311990 -535.427011960097 2051 10817.698621
0.96446195 1.63187267 102.34918551 -535.474596007194 2052   374.207233
0.96446195 1.58600449 109.13181784 -535.470788821439 2053  1209.787939
0.96446195 1.68170939 111.30310943 -535.474422147045 2054   412.365126
1.09780835 1.70672681 103.00000000 -535.464018296209 2055  2695.746495
1.04461365 1.77743891 103.00000000 -535.468543277004 2056  1702.627985
0.96446195 1.96240096 102.46064690 -535.455858307549 2057  4486.657031
1.26979066 1.68888476  93.69581626 -535.428886093452 2058 10406.373886
1.00452502 1.68888476 110.96963456 -535.473103120005 2059   701.858105
1.09888987 1.68888476 124.36842253 -535.451744020814 2060  5389.638612
1.04024066 1.66127760 103.00000000 -535.471431806608 2061  1068.669003
1.44655322 1.68195309 103.00000000 -535.395052304290 2062 17832.032426
0.96446195 1.52932738  92.74283651 -535.452790185171 2063  5160.032071
1.20445158 1.68888476 102.75297270 -535.444591877093 2064  6959.352748
0.96446195 1.67452329 102.62611899 -535.476194447953 2065    23.390030
1.08172657 1.52051213 103.00000000 -535.448749882579 2066  6046.776010
0.96446195 1.78604378 116.37354801 -535.466145482204 2067  2228.883124
0.96446195 1.73055166 119.66873750 -535.467101108205 2068  2019.147456
0.96446195 1.77609634 110.00136829 -535.471069573905 2069  1148.169894
0.96446195 1.62514900  67.45707323 -535.422745480159 2070 11754.082749
1.05383262 1.95621452 103.00000000 -535.451032899227 2071  5545.711763
1.37229828 1.79819331 103.00000000 -535.405818380811 2072 15469.151707
0.98371373 1.86331139 103.00000000 -535.466091038589 2073  2240.832117
1.02507488 1.54028714 103.00000000 -535.460039579407 2074  3568.973914
1.10887389 1.68888476  68.92823517 -535.427751883686 2075 10655.304161
1.08152696 1.68888476 106.03090902 -535.466257145187 2076  2204.375932
0.88140468 1.66055778 103.00000000 -535.468224175544 2077  1772.662661
0.96446195 1.66212846 141.74112255 -535.442075718935 2078  7511.585642
1.00154365 1.68888476  88.48204079 -535.468721635537 2079  1663.482811
0.96446195 1.68880056 128.85731632 -535.459148208614 2080  3764.607194
0.90735530 1.74478330 103.00000000 -535.471461867640 2081  1062.071369
1.29751602 1.61109486 103.00000000 -535.422131268935 2082 11888.886534
1.02183922 1.68888476 136.38766763 -535.446233744502 2083  6599.004497
0.96446195 1.71200415  72.66406864 -535.447641321119 2084  6290.077132
0.84383160 1.73583738 103.00000000 -535.457103197022 2085  4213.435368
1.17594994 1.68888476 104.86069578 -535.450084854504 2086  5753.783533
0.81993957 1.68888476 132.89838955 -535.427035669226 2087 10812.495068
0.95751782 2.04535664 103.00000000 -535.445867746265 2088  6679.331826
0.96446195 2.01873455  89.34203385 -535.450211219919 2089  5726.049530
0.96446195 1.73636046  79.18717204 -535.460108275880 2090  3553.896781
1.11429671 1.94468005 103.00000000 -535.443800460038 2091  7133.048717
0.96446195 1.72703342 132.18648352 -535.453036411632 2092  5105.991609
1.00426408 1.99375695 103.00000000 -535.451073454474 2093  5536.810915
0.96446195 1.57938412  90.81817221 -535.461339347743 2094  3283.707733
1.03818917 1.59228187 103.00000000 -535.466896290311 2095  2064.099789
0.96446195 1.64918894  59.73430300 -535.401929741745 2096 16322.609348
0.95530338 1.90758325 103.00000000 -535.461645024680 2097  3216.619398
0.96446195 2.21533616  97.49602710 -535.428385015705 2098 10516.347742
0.96446195 1.84510091 106.46530762 -535.466920695054 2099  2058.743567
0.78060785 1.89382411 103.00000000 -535.412101232119 2100 14090.225207
0.96446195 1.81052381  72.27832029 -535.450116128471 2101  5746.919691
1.06044084 1.68888476  80.52528286 -535.454180316969 2102  4854.933402
1.11038088 1.68888476  97.62412643 -535.461350732350 2103  3281.209100
0.75421666 1.85093400 103.00000000 -535.396243721316 2104 17570.546609
1.04955943 1.68888476 133.00272154 -535.448088843816 2105  6191.857251
1.12261376 1.68888476  62.28822706 -535.411130864540 2106 14303.196278
0.98656616 1.68888476 139.63161558 -535.443801494995 2107  7132.821570
0.93884844 1.61450267 103.00000000 -535.472870520407 2108   752.907817
0.96446195 1.63298294  80.51265234 -535.454563258687 2109  4770.887408
0.87734865 1.68888476 113.54300192 -535.464659762830 2110  2554.960842
0.96446195 1.70750182  95.52124038 -535.474761111244 2111   337.971082
0.96446195 1.71894771  83.46547319 -535.465297162744 2112  2415.067728
0.92588376 1.68888476 113.99550488 -535.471466350520 2113  1061.087491
1.03713820 1.68176541 103.00000000 -535.472132765415 2114   914.826324
0.99497724 1.68888476 116.63948624 -535.470325319885 2115  1311.514773
1.04578269 1.68888476 122.69612616 -535.460766597776 2116  3409.411823
0.99221450 1.80433629 103.00000000 -535.470864053174 2117  1193.276481
0.75970935 1.58825850 103.00000000 -535.406463083893 2118 15327.655733
0.91956849 1.83397104 103.00000000 -535.466720828048 2119  2102.609305
1.07189898 1.68888476  89.61168237 -535.462767055625 2120  2970.362066
0.96446195 1.74497714  79.53035644 -535.460768290724 2121  3409.040264
0.95136196 1.68888476  60.14291241 -535.410404202887 2122 14462.680079
0.96446195 1.84546671  80.94312226 -535.460419800564 2123  3485.525015
0.96446195 1.97003364  90.34502269 -535.455593260717 2124  4544.828088
0.96446195 1.84915404 106.27453353 -535.466611763826 2125  2126.546135
0.87774720 1.68888476 112.72279263 -535.465192517583 2126  2438.034687
0.99718283 1.68888476  58.05275774 -535.405026558968 2127 15642.936518
0.90056932 1.51496351 103.00000000 -535.453242553576 2128  5060.748680
0.96850555 1.64283311 103.00000000 -535.475252299407 2129   230.167739
0.96446195 1.84954774 106.76540646 -535.466374865170 2130  2178.539381
0.96446195 1.82187263  78.51623054 -535.458768337611 2131  3847.979244
0.95373825 1.77986304 103.00000000 -535.472996922443 2132   725.165776
0.96446195 1.73823363  83.83917132 -535.466029693748 2133  2254.295753
1.19629661 1.79530414 103.00000000 -535.442506079407 2134  7417.132434
1.32622663 1.69460302 103.00000000 -535.419331270779 2135 12503.415108
0.96446195 1.61887339 112.41408896 -535.472545575550 2136   824.224971
0.84968973 1.76072815 103.00000000 -535.457834385347 2137  4052.958077
1.02474412 1.94477476 103.00000000 -535.455217541773 2138  4627.288866
0.96446195 1.68190204  82.30417121 -535.462148768046 2139  3106.060507
1.20909114 1.68888476 110.97941963 -535.441782714148 2140  7575.892761
1.07092143 1.68888476  69.12629941 -535.432625287062 2141  9585.715732
0.89720792 1.58227534 103.00000000 -535.465385008376 2142  2395.787840
1.09602483 1.68888476 124.72654005 -535.451809489332 2143  5375.269933
0.95396771 1.92638732 103.00000000 -535.459560498511 2144  3674.120019
1.20554706 1.68888476  95.08721689 -535.442766119603 2145  7360.060207
0.76994870 1.68888476  57.38029807 -535.336792961753 2146 30618.480388
0.96446195 1.56492253  64.07194315 -535.394952744045 2147 17853.883375
0.96446195 2.06942547 102.68362890 -535.443271468473 2148  7249.148948
0.98378558 2.24119036 103.00000000 -535.424173772208 2149 11440.608873
1.12708828 1.68993559 103.00000000 -535.459250899737 2150  3742.069097
0.96446195 1.54482967  56.32005904 -535.351482242536 2151 27394.555844
0.96446195 1.40986273 112.72121832 -535.420122579112 2152 12329.743000
1.16429794 1.78499438 103.00000000 -535.449373641021 2153  5909.876853
0.96446195 2.11022163  85.06601947 -535.439400526718 2154  8098.722478
1.05324011 1.66007393 103.00000000 -535.469900374892 2155  1404.779421
1.19494691 1.73661275 103.00000000 -535.445743271788 2156  6706.650817
1.31832276 1.55126685 103.00000000 -535.410235598600 2157 14499.684444
0.96446195 1.74193353  85.94300399 -535.468190564379 2158  1780.039460
0.95341799 2.00893966 103.00000000 -535.450050028414 2159  5761.426976
0.96446195 1.77005331 121.85072882 -535.462408294878 2160  3049.100950
0.96446195 1.60761113  82.68752306 -535.454584036535 2161  4766.327197
0.96446195 1.60636637 112.87837957 -535.471556807495 2162  1041.234479
0.84254157 1.66364175 103.00000000 -535.457606832066 2163  4102.900250
1.24899587 1.68793827 103.00000000 -535.435463314060 2164  8962.840791
1.10880558 1.68888476  71.97857528 -535.433759477395 2165  9336.789722
0.96446195 1.81896323  79.86234232 -535.460413685119 2166  3486.867200
0.96446195 1.87670884  67.40419217 -535.441021910837 2167  7742.869790
0.90223804 1.68888476 130.31204918 -535.453414701458 2168  5022.966587
0.83495172 1.68888476 114.51381998 -535.451509029596 2169  5441.213224
0.96446195 1.76586257 102.23927751 -535.474062680061 2170   491.259011
0.96446195 1.84842539 132.33108467 -535.442446691290 2171  7430.166620
0.96446195 1.96796358 115.58054341 -535.447814552704 2172  6252.057193
1.14427357 1.68888476 110.84433290 -535.454344003472 2173  4819.008366
0.83406658 1.68888476  76.50875475 -535.429946021717 2174 10173.746516
0.91360438 1.68888476  84.29745443 -535.462129227290 2175  3110.349207
1.08370900 1.91504291 103.00000000 -535.451653137617 2176  5409.585169
1.08630361 1.75190113 103.00000000 -535.464457662660 2177  2599.316703
0.95460688 1.68888476 105.33803371 -535.476050566264 2178    54.968412
0.96446195 1.56409186 105.92626605 -535.468040439084 2179  1812.988154
0.96446195 1.66574042 129.09400209 -535.459425483349 2180  3703.752423
0.96446195 1.53898896  88.39560753 -535.449485094660 2181  5885.415606
1.19980568 1.87066895 103.00000000 -535.435712343567 2182  8908.185131
1.54436442 1.65582077 103.00000000 -535.377005837380 2183 21792.774172
0.96446195 1.74782255 127.88959951 -535.457233890213 2184  4184.751527
0.83790300 1.69212330 103.00000000 -535.456089874945 2185  4435.833861
0.96446195 1.85949724 116.53723739 -535.459169764194 2186  3759.876291
0.88127084 1.68888476  89.29797040 -535.462308288878 2187  3071.049730
1.15591882 1.59446671 103.00000000 -535.449040755053 2188  5982.936879
0.96446195 1.67430297  90.79820236 -535.471160618607 2189  1128.187891
0.96446195 1.73868746  85.76591864 -535.468023500571 2190  1816.705728
0.96446195 1.68065203 115.59404780 -535.472037667248 2191   935.697960
0.96446195 1.65220161 132.63051206 -535.455134013131 2192  4645.621284
0.98252267 2.20055822 103.00000000 -535.428370801862 2193 10519.467320
1.20854771 1.68888476  88.61498563 -535.438168486982 2194  8369.123950
1.04594156 1.68888476 126.08294728 -535.457152641136 2195  4202.583639
0.97334869 1.68888476 125.57516431 -535.462862956861 2196  2949.314177
1.25824286 1.82157755 103.00000000 -535.427974397081 2197 10606.468114
1.41652685 1.68888476  94.94670578 -535.399105445724 2198 16942.470688
0.87764237 1.68888476 107.49701803 -535.467188337536 2199  2000.002831
0.96446195 1.89355351 120.64037094 -535.451721563744 2200  5394.567369
0.98214011 1.68888476  84.40610437 -535.465167804096 2201  2443.458671
0.83099766 1.90404126 103.00000000 -535.438218825791 2202  8358.075858
0.75731597 1.68888476 118.35405641 -535.403142782278 2203 16056.377720
1.11573811 1.70980930 103.00000000 -535.461066299128 2204  3343.634978
1.30935791 1.68888476  86.37384495 -535.415467844952 2205 13351.339083
1.02840909 1.58145703 103.00000000 -535.466562718088 2206  2137.310431
0.86013407 1.68888476  85.04514593 -535.452473202389 2207  5229.601752
1.10143434 1.79956256 103.00000000 -535.459400217504 2208  3709.297635
1.28222941 1.68888476 103.53516181 -535.428517185754 2209 10487.339768
0.90402115 1.68888476 119.16220668 -535.465424268233 2210  2387.171298
0.88506124 1.68888476 108.71843042 -535.468377248551 2211  1739.067019
0.96446195 1.57091191  79.20196692 -535.440680232470 2212  7817.859525
0.96446195 1.87096749  94.99044652 -535.466111864075 2213  2236.261451
1.26953612 1.68888476  94.51502145 -535.429332029455 2214 10308.502244
0.96446195 1.79908086 131.18537562 -535.448822529659 2215  6030.831818
1.34732368 1.56998869 103.00000000 -535.407306443905 2216 15142.559602
0.92953400 1.94643442 103.00000000 -535.455986588744 2217  4458.502562
1.06386579 1.82650901 103.00000000 -535.462741258008 2218  2976.023989
0.96446195 1.57650367 103.58779219 -535.469446794285 2219  1504.328859
1.34316424 1.62672813 103.00000000 -535.413869618686 2220 13702.109210
0.96585357 1.56968693 103.00000000 -535.468316587989 2221  1752.380474
0.96446195 1.84527714  71.10611284 -535.447826391122 2222  6249.458960
1.10189533 1.68888476 100.12129280 -535.463274712982 2223  2858.944153
1.06670487 1.57068197 103.00000000 -535.460594414489 2224  3447.201687
1.09370903 1.64778125 103.00000000 -535.463823075212 2225  2738.592552
0.96446195 1.72710510 117.54889411 -535.469089636771 2226  1582.715874
0.89015336 1.90043741 103.00000000 -535.455897306295 2227  4478.097795
0.95586056 1.68888476  89.78753172 -535.470777063276 2228  1212.368557
1.30694386 1.51257259 103.00000000 -535.404405642985 2229 15779.211827
0.96446195 1.91930210  97.37656106 -535.461505936495 2230  3247.145727
0.85560633 1.54030268 103.00000000 -535.449381116203 2231  5908.236240
1.19564023 1.68888476 123.80736150 -535.434897334263 2232  9087.059001
1.10848280 1.75940265 103.00000000 -535.460661840268 2233  3432.403439
1.19890790 1.64587300 103.00000000 -535.444673686313 2234  6941.397699
1.22196343 1.68888476  77.35231272 -535.423077012584 2235 11681.319791
0.96446195 1.55084223 116.29754454 -535.463968932820 2236  2706.580507
1.09741815 1.68888476 114.51303895 -535.460361161052 2237  3498.394900
0.96446195 1.72818070 144.01835342 -535.435273729813 2238  9004.449724
0.96446195 1.69019247 122.51137741 -535.466111456181 2239  2236.350973
1.05930012 1.68888476 124.34191075 -535.457439793340 2240  4139.561014
1.46631328 1.68888476  95.04684842 -535.389430033294 2241 19065.978303
0.78545502 1.57555618 103.00000000 -535.423518525465 2242 11584.418913
1.00019283 2.17022020 103.00000000 -535.431041871912 2243  9933.235194
0.96446195 1.73805227  99.08558058 -535.475222701816 2244   236.663659
1.05906546 1.68888476 107.31272854 -535.469038255809 2245  1593.992692
1.01143953 1.68888476  91.16999074 -535.470303953587 2246  1316.204134
0.84728973 1.68888476  71.81765965 -535.424649647332 2247 11336.166353
1.09469203 1.68888476 123.08464467 -535.453728451500 2248  4954.106411
0.96248277 1.95343934 103.00000000 -535.456691800553 2249  4303.726458
1.18977782 1.51906224 103.00000000 -535.429513113730 2250 10268.758839
0.87488681 1.67550658 103.00000000 -535.467060781717 2251  2027.998097
0.96446195 1.87167154 100.85155288 -535.465949281190 2252  2271.944270
1.26110727 1.61328372 103.00000000 -535.429869736848 2253 10190.489110
1.20005098 1.80556697 103.00000000 -535.441057374257 2254  7735.086469
0.96446195 1.91181299  97.60510533 -535.462270494327 2255  3079.344676
0.94328695 1.56615672 103.00000000 -535.467415988963 2256  1950.039117
1.01116721 1.96550809 103.00000000 -535.453900913168 2257  4916.255449
1.39511636 1.68888476  99.78401741 -535.404897641619 2258 15671.230606
1.08513834 1.86714605 103.00000000 -535.456250833340 2259  4400.507576
1.23358705 1.68888476 124.65545705 -535.426448814201 2260 10941.294861
1.10769901 1.81308031 103.00000000 -535.457422741944 2261  4143.303363
0.96446195 1.74905589  89.85520080 -535.471272132144 2262  1103.713498
1.32666918 1.68888476  87.90553018 -535.413154163526 2263 13859.133470
0.84136178 1.68888476  83.14187533 -535.443870090989 2264  7117.766490
1.04202770 1.91333973 103.00000000 -535.457008906227 2265  4234.129806
0.86916535 1.99191153 103.00000000 -535.440707509458 2266  7811.872918
0.96446195 2.12971681  93.21302718 -535.438190230826 2267  8364.351728
0.80759458 1.68888476 120.21257388 -535.435082548305 2268  9046.409216
1.16821239 1.68888476  84.51210608 -535.442165675396 2269  7491.842480
0.97222654 1.68888476 113.26162730 -535.473276998175 2270   663.696257
0.96446195 1.80738903  73.33687185 -535.451847308755 2271  5366.969529
0.96446195 1.82937228 104.58624569 -535.469005473274 2272  1601.187627
0.96446195 1.59652402 112.34821112 -535.470984059815 2273  1166.938067
0.97064994 1.99812532 103.00000000 -535.451566308953 2274  5428.641858
1.04228098 1.68888476 114.19090690 -535.468032741100 2275  1814.677666
1.16196380 1.68888476 125.89395847 -535.439122187276 2276  8159.810926
0.96446195 1.64190051  65.61575915 -535.420554072652 2277 12235.041113
0.96446195 1.94272951  76.84960326 -535.450355616910 2278  5694.358053
0.86998495 1.68888476  99.64728191 -535.465541717796 2279  2361.394098
0.96446195 1.49536151  81.62290211 -535.422565180474 2280 11793.653957
0.96446195 1.66742103 106.26100245 -535.475912426544 2281    85.286576
0.96446195 1.51338385  88.55000187 -535.442390196662 2282  7442.565757
1.12329372 1.68888476  88.97995353 -535.454395483182 2283  4807.709876
0.96446195 1.87241752  92.71039564 -535.465556717686 2284  2358.102002
0.85174803 1.72305444 103.00000000 -535.460203736304 2285  3532.945639
0.96446195 1.99850268  89.71905397 -535.452458166810 2286  5232.901680
1.07833096 2.03010774 103.00000000 -535.439514173930 2287  8073.779798
0.96446195 1.65306910  92.23824906 -535.471170903678 2288  1125.930579
0.96446195 1.75151986 107.22515186 -535.473765848169 2289   556.406082
0.96446195 1.61871891  84.93596510 -535.459727931976 2290  3637.372621
0.98270969 1.68888476  55.07220166 -535.393016998937 2291 18278.730327
1.06981308 1.68888476  78.71759411 -535.450404368972 2292  5683.658212
0.96446195 1.71314233  67.47194066 -535.436012755197 2293  8842.252398
0.93791510 1.72263815 103.00000000 -535.475091588298 2294   265.439751
0.96446195 1.74653523  77.32299493 -535.457584305673 2295  4107.844222
0.90446883 1.68888476 107.16722035 -535.471997696811 2296   944.470457
0.96446195 1.61829040  86.43101773 -535.461751628806 2297  3193.222497
0.96446195 1.70052399 138.48637014 -535.445516507248 2298  6756.419881
1.12263222 1.91599775 103.00000000 -535.445494500881 2299  6761.249721
1.30320111 1.68888476 122.33473536 -535.414590214723 2300 13543.956658
1.06196069 1.68888476 100.48939747 -535.469112840448 2301  1577.623256
0.96446195 2.07061822  95.39865341 -535.444727733468 2302  6929.535719
0.96446195 1.65502998  99.50586244 -535.475138692474 2303   255.101579
0.96446195 1.54679753 112.98917415 -535.464620264005 2304  2563.629832
0.96446195 1.70278745 108.81795525 -535.475096948467 2305   264.263330
0.99843710 1.68888476 108.00967037 -535.474564951946 2306   381.023072
0.96446195 1.61590463  90.50988961 -535.466276183108 2307  2200.197591
0.82285187 1.76025567 103.00000000 -535.447590249966 2308  6301.285954
0.81335053 1.68888476  75.85590983 -535.419389219831 2309 12490.696761
1.12868629 1.68888476  88.14737824 -535.452775066307 2310  5163.350278
1.11328100 1.75389913 103.00000000 -535.460132282074 2311  3548.628030
0.96446195 2.07305406 108.45688732 -535.440264030494 2312  7909.205302
0.76088120 1.57421729 103.00000000 -535.405675677006 2313 15500.471573
0.96446195 1.45651994  78.18016412 -535.396003574810 2314 17623.252676
1.02427979 1.69367216 103.00000000 -535.473415899687 2315   633.210898
0.95323920 1.68888476 130.01007458 -535.457635221582 2316  4096.669471
0.82165187 1.68888476 129.81650053 -535.431702224335 2317  9788.304587
1.44963535 1.68888476 100.52553984 -535.394254232633 2318 18007.188912
1.06939898 1.68888476 113.02190184 -535.465355179579 2319  2402.334505
1.24113868 1.68888476  92.98380285 -535.434475297913 2320  9179.685275
0.96446195 1.55128977  54.39362082 -535.343330395546 2321 29183.679490
1.19356212 1.77806571 103.00000000 -535.444115901767 2322  7063.817259
0.75874094 1.73562793 103.00000000 -535.408988652607 2323 14773.357461
0.92118052 1.83629484 103.00000000 -535.466675791425 2324  2112.493701
0.85188938 1.73099910 103.00000000 -535.459967929323 2325  3584.699290
0.96446195 1.76552398 120.78529134 -535.463808114417 2326  2741.876067
0.88045283 1.80920713 103.00000000 -535.462707817355 2327  2983.363364
1.11591659 1.68888476 122.83806987 -535.450553763743 2328  5650.869849
0.96446195 1.52333449  83.26500565 -535.436003544845 2329  8844.273836
0.96446195 1.84557468  97.43254129 -535.468528284953 2330  1705.918360
1.20210188 1.55640554 103.00000000 -535.434770941166 2331  9114.799079
1.12461313 1.68888476 146.89962233 -535.415593273035 2332 13323.810800
0.96446195 1.66332821 106.58684237 -535.475798470341 2333   110.297072
0.96446195 1.67751262  65.07571185 -535.425110209890 2334 11235.084554
0.96446195 2.01883346 121.93291376 -535.436153377945 2335  8811.389271
0.96446195 1.65794813 111.66827486 -535.474199635603 2336   461.200744
0.96446195 1.58274031 136.87517631 -535.447571814065 2337  6305.332167
1.14663303 1.68888476 119.05510760 -535.448643497964 2338  6070.124734
0.96446195 1.75629947  93.59112258 -535.473119068927 2339   698.357721
0.94525290 1.53269034 103.00000000 -535.461268317505 2340  3299.297068
0.93066645 1.90497431 103.00000000 -535.460680968383 2341  3428.205303
0.83081465 1.72951793 103.00000000 -535.452459370093 2342  5232.637590
1.14988262 1.81463607 103.00000000 -535.450021022435 2343  5767.793053
0.96446195 2.03451609  92.02417501 -535.448845210355 2344  6025.853981
0.96446195 1.92043373 130.82320774 -535.436817194350 2345  8665.698408
1.08982259 1.70937656 103.00000000 -535.465211993092 2346  2433.760307
1.05617626 1.89449357 103.00000000 -535.457388854147 2347  4150.740874
0.96978272 1.50618127 103.00000000 -535.454975275142 2348  4680.460247
0.88261661 1.79231743 103.00000000 -535.464461464865 2349  2598.482216
0.96446195 1.75926667 139.23520307 -535.440487589852 2350  7860.139693
0.96446195 1.84181835 125.56292558 -535.451839339279 2351  5368.718627
0.93028622 1.44791845 103.00000000 -535.433559315024 2352  9380.720285
1.47726584 1.68490912 103.00000000 -535.389247293817 2353 19106.084983
0.94382710 1.68888476 103.26907181 -535.475886945625 2354    90.878992
1.45842044 1.58457748 103.00000000 -535.387658521155 2355 19454.780284
0.96446195 1.90468243  74.33673593 -535.450108858543 2356  5748.515255
0.96446195 1.72899713 106.42144632 -535.475041116678 2357   276.516991
1.14452138 1.68888476  97.86082710 -535.455493127474 2358  4566.804795
1.15379119 1.68888476 104.40590561 -535.454347364308 2359  4818.270748
1.28488280 1.75316583 103.00000000 -535.426585805623 2360 10911.228718
0.71141396 1.76256557 103.00000000 -535.359056766257 2361 25732.140012
0.96446195 1.72306670 109.72556063 -535.474126604815 2362   477.229149
0.80543774 1.68888476  97.86205032 -535.440624670406 2363  7830.053989
1.03305459 1.68888476  81.66899531 -535.458624466596 2364  3879.555283
0.91335011 2.07818732 103.00000000 -535.438799115110 2365  8230.717072
1.10625626 1.55216668 103.00000000 -535.451640643590 2366  5412.327291
1.01996096 1.48534347 103.00000000 -535.446096343298 2367  6629.160576
0.74792095 1.86714895 103.00000000 -535.388943442062 2368 19172.772737
0.96446195 1.69829993  73.76953220 -535.448805861048 2369  6034.490155
1.07343656 1.47239669 103.00000000 -535.435550974696 2370  8943.601505
0.95242916 2.16246765 103.00000000 -535.432243054755 2371  9669.606028
1.09535054 1.74321465 103.00000000 -535.463452164710 2372  2819.997999
0.73395707 1.47099632 103.00000000 -535.356776462153 2373 26232.608924
1.09267797 1.68888476 132.81949476 -535.442424259572 2374  7435.089813
1.26678070 1.48629015 103.00000000 -535.405126404752 2375 15621.022900
1.17986171 1.68888476 127.87125109 -535.433450864209 2376  9404.522488
0.85913192 1.68888476 137.67342797 -535.434604993873 2377  9151.220301
1.35179296 1.74178685 103.00000000 -535.413042864801 2378 13883.560718
1.29173850 1.84181016 103.00000000 -535.419340601683 2379 12501.367212
1.19514679 1.74881132 103.00000000 -535.445251063128 2380  6814.678133
0.96446195 1.72355825  99.02784350 -535.475596617236 2381   154.598709
0.99022338 1.94726744 103.00000000 -535.457036986238 2382  4227.966955
0.96446195 1.63284822 131.52974909 -535.456470167203 2383  4352.369356
0.99875037 1.68888476 122.69170837 -535.464903044460 2384  2501.566695
0.96446195 1.77765698 110.28856276 -535.470812571366 2385  1204.575432
0.96446195 1.79127350 121.60909499 -535.460939079010 2386  3371.556567
1.03624830 1.79584290 103.00000000 -535.468235007235 2387  1770.285380
1.10632672 1.68888476  88.13711630 -535.456462027606 2388  4354.155792
1.46055032 1.68888476  95.57188210 -535.390756875439 2389 18774.770107
0.89473916 2.01338465 103.00000000 -535.443699649188 2390  7155.174142
1.17009170 1.68612089 103.00000000 -535.451337143558 2391  5478.937849
0.99273860 1.68888476 115.38426620 -535.471311720622 2392  1095.024831
1.01655854 1.46837618 103.00000000 -535.440463995898 2393  7865.317968
0.96446195 1.77081793 123.32811751 -535.460803736123 2394  3401.260898
0.96446195 1.60766069  63.80148143 -535.406740742020 2395 15266.716817
1.04986770 1.40471485 103.00000000 -535.407259417472 2396 15152.880711
0.94416665 2.02401103 103.00000000 -535.447892630998 2397  6234.920988
1.09907770 1.68888476 147.15856154 -535.419448600586 2398 12477.664192
0.96446195 1.66221249  97.61292064 -535.474779670789 2399   333.897733
0.99804675 1.68888476 105.20838410 -535.475180961549 2400   245.824589
1.04198618 1.62614999 103.00000000 -535.469561649794 2401  1479.120988
0.96446195 1.64410240  68.31708651 -535.428886395411 2402 10406.307613
0.96446195 1.84281086  71.26007157 -535.448117756137 2403  6185.511730
1.12219170 1.81763947 103.00000000 -535.454679269740 2404  4745.425924
1.13190548 1.94037593 103.00000000 -535.441322271167 2405  7676.948316
0.79633710 1.61386003 103.00000000 -535.434128518064 2406  9255.794656
0.96446195 1.89634363 114.25174619 -535.457051720237 2407  4224.733216
0.96446195 1.84448543  77.02923818 -535.456192118999 2408  4413.393885
0.96446195 1.57793828 108.37071361 -535.469949366327 2409  1394.027043
0.96446195 1.56516920  72.08588235 -535.421488158311 2410 12030.033004
0.96446195 2.09039881  87.50061005 -535.442083548885 2411  7509.867166
1.06921171 1.68888476 145.91467517 -535.425984954122 2412 11043.100383
1.11101581 1.82554245 103.00000000 -535.455915762267 2413  4474.047178
0.96962987 1.65173530 103.00000000 -535.475614612512 2414   150.649202
0.98128314 2.03696812 103.00000000 -535.446895140952 2415  6453.844752
1.11869325 1.68888476  82.08437139 -535.448030104941 2416  6204.748944
1.19749761 1.68137166 103.00000000 -535.445930185032 2417  6665.628101
1.17123137 1.54007766 103.00000000 -535.437749476116 2418  8461.086207
0.96446195 1.74355162 124.44902117 -535.461530544529 2419  3241.744888
0.96446195 1.53182072 136.11907749 -535.443059860433 2420  7295.591545
0.96446195 1.82446708 107.66513664 -535.468306366998 2421  1754.623722
1.00317187 1.68888476 104.03323208 -535.474996416959 2422   286.327446
0.93129360 1.68888476 132.11416508 -535.454032282827 2423  4887.423141
0.96446195 1.78632762  81.40439538 -535.463008206230 2424  2917.435625
0.89972453 1.82666589 103.00000000 -535.464807843698 2425  2522.460848
0.96446195 1.84638004  73.39419085 -535.451293435033 2426  5488.530762
0.91781922 1.77619822 103.00000000 -535.470982484771 2427  1167.283749
0.86508860 1.40056999 103.00000000 -535.399220397996 2428 16917.241580
1.11204216 1.86143867 103.00000000 -535.452643732660 2429  5192.174683
0.86093248 1.68888476  88.05622535 -535.456102474052 2430  4433.068677
1.07896460 1.82824679 103.00000000 -535.460572810105 2431  3451.943301
0.77536358 1.85072920 103.00000000 -535.412988243938 2432 13895.548612
1.17051460 1.68888476 128.07286690 -535.434992344938 2433  9066.206567
1.18365091 1.76894644 103.00000000 -535.446570137462 2434  6525.174774
0.96446195 1.70705381  91.67397994 -535.472686296322 2435   793.340331
0.96446195 1.87136648 114.49063327 -535.459569533931 2436  3672.136974
0.87668594 1.68888476 104.93861684 -535.467420341850 2437  1949.083768
0.96446195 1.62493190 104.01424880 -535.474350777487 2438   428.028934
0.96446195 1.69637308  85.49490689 -535.466929599339 2439  2056.789302
0.91713090 1.68888476 124.45523938 -535.461973854716 2440  3144.449546
1.31621898 1.68888476  94.13376402 -535.419360851151 2441 12496.922967
1.02269776 1.68888476 112.17753277 -535.471120882335 2442  1136.908995
1.38188282 1.55961941 103.00000000 -535.398896352722 2443 16988.361298
1.24413182 1.68888476 111.63474370 -535.434343622877 2444  9208.584605
0.96446195 1.79771528  73.11766201 -535.451507998524 2445  5441.439518
0.96446195 1.69539349 106.53551909 -535.475872136518 2446    94.129215
1.05485060 1.42551501 103.00000000 -535.417893874434 2447 12818.887147
0.96446195 1.89372673 101.98520024 -535.463514871427 2448  2806.235465
0.97797367 1.67278413 103.00000000 -535.476014660689 2449    62.848775
0.96446195 1.52283414 101.94511988 -535.458818774517 2450  3836.909623
1.00540346 1.92284630 103.00000000 -535.459013450418 2451  3794.183200
0.90099346 1.69267000 103.00000000 -535.471955740757 2452   953.678747
0.96446195 1.67112579  94.81236082 -535.473785149512 2453   552.169927
1.16882812 1.68888476  74.01639106 -535.427885658742 2454 10625.943929
1.09226830 1.68888476 104.51353899 -535.464872428447 2455  2508.286133
0.93883788 1.92961770 103.00000000 -535.458541796342 2456  3897.699307
0.96446195 1.82071889  99.51863650 -535.470557139358 2457  1260.636279
0.96446195 1.60574304 102.55102929 -535.472597118930 2458   812.912506
0.99192657 1.68888476  90.80745724 -535.471145745343 2459  1131.452195
0.96446195 1.65474845  95.67536598 -535.473540549154 2460   605.853502
0.96446195 1.64862796 124.96762015 -535.464147162294 2461  2667.463658
0.76187528 1.68888476  64.72812482 -535.357229772133 2462 26133.118881
0.97606009 1.73055422 103.00000000 -535.475464407239 2463   183.615450
0.96446195 1.94067014  81.20851911 -535.454148578140 2464  4861.899270
0.95299892 1.68888476 118.72941173 -535.469453355197 2465  1502.888905
1.00049677 1.68888476  78.54659646 -535.456214828568 2466  4408.409710
1.07083683 1.68888476  97.90161885 -535.467399666608 2467  1953.621459
0.88421018 1.68888476  86.80914330 -535.460409694261 2468  3487.743092
0.96446195 1.92921156 117.92091462 -535.450299419716 2469  5706.691911
0.97161914 1.68888476  84.60549323 -535.465564773457 2470  2356.333965
0.96446195 1.65651281  95.90757142 -535.473752682740 2471   559.295560
1.36352117 1.68888476 102.81440520 -535.411614851699 2472 14196.973372
0.96446195 1.87843206  90.03936181 -535.464217518522 2473  2652.022250
0.96446195 1.81517009  85.45961496 -535.465841073063 2474  2295.693210
1.07754552 1.68888476 111.97914349 -535.464770065092 2475  2530.752293
0.93344865 2.01052465 103.00000000 -535.448817939874 2476  6031.839160
0.96446195 1.53601932  88.58016257 -535.448984313818 2477  5995.324299
0.87030010 1.68888476 109.48777649 -535.464896922769 2478  2502.910251
1.07030822 1.72549119 103.00000000 -535.467677252610 2479  1892.698373
0.87838159 1.62466075 103.00000000 -535.465985051989 2480  2264.093487
0.96446195 1.57348067  79.18256104 -535.441244508015 2481  7694.015356
0.79055527 1.68888476  91.19690217 -535.428266584730 2482 10542.340337
1.00981251 1.68888476  93.75134251 -535.472082362079 2483   925.888578
0.96446195 1.86417389  95.94948581 -535.466821582787 2484  2080.496195
1.43961231 1.79426042 103.00000000 -535.392498435768 2485 18392.541789
0.71079666 1.63632097 103.00000000 -535.360539246536 2486 25406.773193
0.96446195 1.71311009 117.90981154 -535.469435483659 2487  1506.811254
1.42580202 1.68888476 112.44044837 -535.397016858853 2488 17400.862530
1.07503483 2.04029921 103.00000000 -535.438779109921 2489  8235.107703
0.96446195 1.77950396 127.81512502 -535.454904811520 2490  4695.925224
1.06929095 1.62488030 103.00000000 -535.466085561430 2491  2242.034214
1.08395025 1.48250775 103.00000000 -535.437546252565 2492  8505.688622
0.84595900 1.94857979 103.00000000 -535.438807899029 2493  8228.789224
0.69428534 1.51511273 103.00000000 -535.322447381232 2494 33766.971443
0.96446195 1.72108496  99.58487088 -535.475731092664 2495   125.084763
0.96446195 1.80711507 124.04118440 -535.456940789041 2496  4249.079800
0.88074000 1.68888476  77.51038728 -535.446084722278 2497  6631.711095
0.96446195 1.81967267 108.97705413 -535.468117307910 2498  1796.117396
0.97968284 1.68888476  64.51666924 -535.425572603345 2499 11133.600919
0.84345061 1.68888476  59.15113964 -535.384243551273 2500 20204.279554
1.34057799 1.68888476 113.35669122 -535.413554443158 2501 13771.282244
0.96446195 1.68492681 125.29683009 -535.463374570539 2502  2837.027952
0.94490586 1.84532093 103.00000000 -535.467531936368 2503  1924.591602
0.99710915 1.68888476 113.12783254 -535.472465690051 2504   841.757811
0.96446195 1.71877198 128.82095877 -535.457876640700 2505  4043.684099
0.68910470 1.89472567 103.00000000 -535.316152308689 2506 35148.580194
1.35842899 1.79603111 103.00000000 -535.408829390538 2507 14808.311445
0.84756893 2.01047779 103.00000000 -535.431985813804 2508  9726.063892
0.85853236 1.95137558 103.00000000 -535.442537688777 2509  7410.194979
1.07538337 1.68888476 109.63418827 -535.466111347802 2510  2236.374760
1.09537676 1.69633052 103.00000000 -535.464481267960 2511  2594.135939
1.21603243 1.68888476  90.08769394 -535.437783329793 2512  8453.656184
0.90434404 1.91472975 103.00000000 -535.456698054456 2513  4302.353885
0.96446195 1.45470390  91.77225149 -535.425019285915 2514 11255.040060
0.99736405 1.68888476  99.25041417 -535.474982426141 2515   289.398076
0.96446195 1.81200248 116.58330851 -535.463759976725 2516  2752.441070
0.96446195 1.60581151 109.93103153 -535.472473109228 2517   840.129490
0.91520422 1.76511090 103.00000000 -535.471369117132 2518  1082.427753
0.96446195 1.67656657 125.37334577 -535.463491729451 2519  2811.314542
0.86021947 1.76035853 103.00000000 -535.461061226051 2520  3344.748390
0.96446195 2.06326401 117.16806419 -535.435432545047 2521  8969.593809
0.96446195 1.47473111 106.13228977 -535.446582901259 2522  6522.373445
0.96446195 1.68310914 146.00764680 -535.434753205685 2523  9118.691568
1.13418866 1.68397428 103.00000000 -535.457973022110 2524  4022.530824
0.75263968 1.68888476 105.28927932 -535.405064083546 2525 15634.700824
0.85199381 1.42609500 103.00000000 -535.409631231926 2526 14632.327599
0.96446195 1.64281739 105.08095490 -535.475339059335 2527   211.126135
1.01517594 1.73580803 103.00000000 -535.473338908352 2528   650.108543
0.96446195 1.79767753  98.38383370 -535.472193417346 2529   901.514764
1.10781707 1.68888476  81.17609126 -535.448584364927 2530  6083.102936
0.98601212 1.68888476  60.45685441 -535.413142623348 2531 13861.666247
0.96722674 1.52519604 103.00000000 -535.459843830343 2532  3611.935869
1.00049905 1.68888476 116.12733162 -535.470381935237 2533  1299.089139
0.73164785 1.68888476 105.32716998 -535.385006133628 2534 20036.912070
0.96446195 1.80742151 109.26794293 -535.469022883643 2535  1597.366493
0.70146602 1.88425461 103.00000000 -535.334901190571 2536 31033.676179
1.33296931 1.68888476 120.81364847 -535.409911726278 2537 14570.766203
0.96446195 1.85279745 119.91336436 -535.456797728634 2538  4280.477931
0.96446195 1.56142860  71.30429772 -535.418128943784 2539 12767.295387
0.81741047 1.68888476  75.84494148 -535.421342302305 2540 12062.044697
0.96446195 1.98469786 120.28203894 -535.441688820956 2541  7596.499935
0.93273536 1.70971475 103.00000000 -535.475086061997 2542   266.652634
0.82492968 1.68888476  57.40886525 -535.369610751390 2543 23415.807973
0.96446195 1.63245787 102.05290380 -535.474581132179 2544   377.471922
1.18383877 1.78144680 103.00000000 -535.445830745185 2545  6687.452625
1.00139031 1.68888476 100.57532540 -535.474988929295 2546   287.970798
0.96446195 1.84332838 115.06442815 -535.462004332994 2547  3137.760337
1.13885929 1.45793009 103.00000000 -535.419686722029 2548 12425.402575
1.02284717 1.68888476 126.72085855 -535.458795132458 2549  3842.098455
1.12565173 1.68888476 137.60331481 -535.430199763153 2550 10118.056707
0.84606889 1.68888476  94.03081616 -535.456294930372 2551  4390.829396
1.04615210 1.89833265 103.00000000 -535.458137915311 2552  3986.340949
1.36575140 1.70551991 103.00000000 -535.411066674973 2553 14317.284260
0.96446195 1.84669910  84.80335482 -535.463635255550 2554  2779.814204
0.95392093 1.68888476 132.32762171 -535.454656342773 2555  4750.457812
0.96446195 1.61711752 120.67313834 -535.467364273046 2556  1961.389449
0.96446195 1.66710503 142.61174491 -535.440620494046 2557  7830.970594
1.03417786 1.77907257 103.00000000 -535.469538009581 2558  1484.309415
1.27305364 1.66459904 103.00000000 -535.430112402445 2559 10137.230167
0.89110223 1.70801486 103.00000000 -535.470161366345 2560  1347.498417
0.80062055 1.68888476  80.87269027 -535.421801974152 2561 11961.158386
1.02229874 1.73505163 103.00000000 -535.472782249884 2562   772.280957
1.11437647 1.58323618 103.00000000 -535.455081109672 2563  4657.232252
1.19857274 1.88942292 103.00000000 -535.434162392667 2564  9248.360039
0.96446195 1.85500061 107.12777144 -535.465691403748 2565  2328.541828
0.96446195 1.78135198 102.74494164 -535.473080603285 2566   706.799954
0.92506121 1.65991874 103.00000000 -535.474372259211 2567   423.314240
1.09982466 1.68888476  74.38332874 -535.439361111918 2568  8107.373027
0.95912798 1.65829881 103.00000000 -535.475840995193 2569   100.963946
0.96446195 1.66530680 125.99387396 -535.462997891149 2570  2919.699523
0.93896650 1.54893387 103.00000000 -535.464292014561 2571  2635.672259
0.79828449 1.59867304 103.00000000 -535.433909257075 2572  9303.916881
0.91541315 1.40227383 103.00000000 -535.409038028583 2573 14762.520686
1.06497035 1.68888476  94.10153047 -535.466653672658 2574  2117.348210
0.96446195 1.69232317  72.94635452 -535.446586081419 2575  6521.675480
1.06325742 1.96273041 103.00000000 -535.449175381394 2576  5953.389812
0.96446195 1.60150654 105.22772653 -535.472552527332 2577   822.699231
0.96446195 2.05071636 117.84292083 -535.436298534956 2578  8779.530989
1.24605549 1.68888476 115.61109050 -535.431704173125 2579  9787.876877
0.96647664 1.53100496 103.00000000 -535.461172928466 2580  3320.232543
0.96446195 1.62339392  62.50196068 -535.406089000921 2581 15409.757457
0.96446195 1.74269607 123.56743550 -535.462541742831 2582  3019.812509
0.94316985 1.68888476  92.10027520 -535.472148309962 2583   911.414691
1.03159423 1.67264999 103.00000000 -535.472583815511 2584   815.832269
0.85488350 1.68888476  93.14305997 -535.458570301204 2585  3891.443212
0.97516976 1.68888476 122.74876472 -535.465788921667 2586  2307.139118
1.19738190 1.68888476  83.48554433 -535.435490953852 2587  8956.774558
0.93486317 1.50031958 103.00000000 -535.452612277408 2588  5199.078313
0.96446195 1.76957072 123.23898632 -535.460995639102 2589  3359.143061
0.96446195 1.49998117 119.68799842 -535.452234140864 2590  5282.069693
0.96446195 1.71319629  83.64888532 -535.465360986540 2591  2401.060024
0.96446195 1.79853341  75.87790045 -535.455768201219 2592  4506.433085
0.96446195 1.71949542  80.93395770 -535.462073113390 2593  3122.664785
0.96446195 1.83088140  58.48581062 -535.420878951502 2594 12163.738446
0.94517198 1.63771244 103.00000000 -535.474687479329 2595   354.131420
1.01035393 1.68888476 112.65572844 -535.471872713328 2596   971.901161
1.40189484 1.62826264 103.00000000 -535.402123617832 2597 16280.058465
0.96446195 1.86763045  89.42080913 -535.464844491055 2598  2514.417682
1.00676208 1.68888476 129.37760925 -535.456900225863 2599  4257.982389
0.96446195 1.55305747  93.30566181 -535.459010953165 2600  3794.731284
0.96446195 1.77967558 137.90457401 -535.440827289221 2601  7785.584298
0.96446195 2.02530058  88.87547878 -535.449406868908 2602  5902.584175
0.96446195 1.70060609 118.01505236 -535.469808167084 2603  1425.016696
0.96446195 1.59445225 144.61339566 -535.437379647124 2604  8542.254290
0.89019728 1.68888476 116.53594893 -535.465289113978 2605  2416.834228
1.02852060 1.72491923 103.00000000 -535.472538479956 2606   825.782274
0.97642344 2.12748712 103.00000000 -535.436465519068 2607  8742.882212
0.71942060 1.68888476 106.57505446 -535.371394585683 2608 23024.301592
0.96446195 1.87161825 134.55727827 -535.436864255825 2609  8655.369608
0.97943405 1.68888476 128.28266982 -535.459599954456 2610  3665.460440
1.08697920 1.68888476 128.49620523 -535.448863066978 2611  6021.934905
0.96446195 2.05425172  90.00177593 -535.446446608726 2612  6552.286199
1.01674206 1.68888476 112.46448493 -535.471479601177 2613  1058.179308
0.96446195 1.55968916 113.75164747 -535.466335823910 2614  2187.107948
0.97627840 1.68888476 111.03170369 -535.474327182522 2615   433.207430
0.79809770 2.01120242 103.00000000 -535.409291690855 2616 14706.848252
0.96446195 1.79512913 101.15824046 -535.472343136389 2617   868.655232
0.96446195 1.53636281 141.69069442 -535.436475132102 2618  8740.772395
0.94449436 1.93091039 103.00000000 -535.458701716187 2619  3862.600957
1.11592230 1.54500958 103.00000000 -535.448703543011 2620  6056.946369
1.02043844 1.75121647 103.00000000 -535.472287934763 2621   880.770588
1.18410704 1.68888476  89.61765004 -535.443773729932 2622  7138.915297
0.93319431 1.68888476 117.92578256 -535.469285644093 2623  1539.697239
0.98032908 1.68888476  79.64591553 -535.458598414879 2624  3885.272974
1.04394915 1.68888476 110.94268889 -535.469568137440 2625  1477.697114
1.18968787 1.68325570 103.00000000 -535.447497428421 2626  6321.657929
1.15317255 1.68888476  74.53497178 -535.431393318545 2627  9856.101573
0.96319421 1.56059083 103.00000000 -535.466892502738 2628  2064.931065
0.87667291 1.76422950 103.00000000 -535.465024026285 2629  2475.014253
0.96446195 1.68154343  88.74472405 -535.469672235431 2630  1454.850246
0.98174324 2.09650623 103.00000000 -535.439936238997 2631  7981.147221
0.96446195 1.63066048 125.32568030 -535.463523027333 2632  2804.445451
0.96446195 1.70557168  65.80814296 -535.430902934250 2633  9963.728487
1.14769214 1.68888476  72.89146168 -535.429541738754 2634 10262.476372
0.92140432 1.68888476 102.24265764 -535.474383470816 2635   420.853577
1.02556826 1.68888476 115.59033174 -535.468831260443 2636  1639.422924
0.95327661 1.68888476 123.77443299 -535.464784114241 2637  2527.668862
1.19752129 1.67069104 103.00000000 -535.445762375389 2638  6702.458061
0.96446195 1.91844103 107.31046007 -535.458922641629 2639  3814.113426
1.00447639 1.68888476  88.83971390 -535.468874486819 2640  1629.935831
1.50591122 1.72228127 103.00000000 -535.383423415676 2641 20384.278515
1.03501285 1.68888476  72.67451393 -535.443355714873 2642  7230.659000
1.37307429 1.68888476  88.94113590 -535.404333989697 2643 15794.937906
1.21921077 1.67810273 103.00000000 -535.441510806792 2644  7635.569529
0.96446195 1.72755482  83.47899843 -535.465493018133 2645  2372.082438
1.12108523 1.49802330 103.00000000 -535.436499500215 2646  8735.424212
0.79917827 1.68888476 121.68116365 -535.429244440119 2647 10327.725882
0.96446195 1.71906202  82.60489858 -535.464249699767 2648  2644.959283
0.96446195 1.60934291 108.70604081 -535.473000933569 2649   724.285435
0.96446195 1.53014843 103.99690813 -535.461354182531 2650  3280.451873
0.96446195 1.70403465 122.53073058 -535.465622813493 2651  2343.595649
1.36560887 1.73603773 103.00000000 -535.410389893120 2652 14465.820710
0.93115658 1.94383492 103.00000000 -535.456412060090 2653  4365.122394
1.11887191 1.68888476 104.93100989 -535.460517757876 2654  3464.025869
0.96446195 1.96574379 117.25920138 -535.446664209888 2655  6504.528263
0.96446195 1.82988144 115.77904668 -535.462751184319 2656  2973.845415
0.96446195 1.68897296 117.08242887 -535.470843150358 2657  1197.864119
1.11551927 1.68888476  95.76842033 -535.459851628363 2658  3610.224401
1.07096888 1.69376197 103.00000000 -535.468059884918 2659  1808.720287
0.94588371 2.07854971 103.00000000 -535.441545284755 2660  7628.002490
0.97167017 1.68888476 131.13534361 -535.456215009374 2661  4408.370028
1.21465219 1.68888476 118.50699847 -535.435972334262 2662  8851.123768
0.93499171 1.68888476 133.33061556 -535.452635342222 2663  5194.016171
1.11971750 1.68888476  93.41696698 -535.458028632194 2664  4010.325821
0.94237899 1.68888476 102.47775987 -535.475817634133 2665   106.091106
0.96446195 1.53562755  69.58196697 -535.404228909384 2666 15818.000369
0.77498423 1.76996633 103.00000000 -535.419570669538 2667 12450.873153
0.98880136 1.68888476 121.20725807 -535.466831244663 2668  2078.375659
1.14472410 1.90791563 103.00000000 -535.442500533210 2669  7418.349684
1.19327599 1.68888476  87.70666066 -535.440437643051 2670  7871.101749
0.87684058 1.83875920 103.00000000 -535.459350934708 2671  3720.113959
1.34477260 1.68888476  85.35653762 -535.407164088100 2672 15173.803091
0.96446195 1.90291766  93.95378052 -535.463002879460 2673  2918.604716
0.87763967 1.68888476  87.95201466 -535.460217310295 2674  3529.966493
1.20241703 1.68888476 104.97663275 -535.444848905848 2675  6902.941455
0.96446195 1.81675940 147.54239014 -535.421637913143 2676 11997.165616
0.98652520 1.68888476 103.23420719 -535.475870982265 2677    94.382544
0.96446195 1.78082906  79.61505452 -535.460976486896 2678  3363.346485
0.96446195 1.74219430 120.62012036 -535.465547693257 2679  2360.082635
1.01607572 1.68888476 143.01072308 -535.436690511780 2680  8693.502019
0.96446195 1.62871961 103.51542851 -535.474551801772 2681   383.909202
1.24983844 1.85088733 103.00000000 -535.427318051328 2682 10750.519359
1.25068607 1.73019776 103.00000000 -535.434566943258 2683  9159.571446
0.96446195 1.98200506  85.13940606 -535.452662149259 2684  5188.132706
0.96446195 1.81555383 111.55056974 -535.467059006261 2685  2028.387765
0.96446195 1.71215237  69.35719183 -535.440450578175 2686  7868.262818
0.88925459 1.82358806 103.00000000 -535.463278054336 2687  2858.210810
0.96446195 1.80369885 131.03542800 -535.448602549485 2688  6079.111887
0.96446195 1.61304655 106.85459640 -535.473512608112 2689   611.985852
1.05770549 1.66494307 103.00000000 -535.469481531344 2690  1496.704956
0.94511761 1.89866075 103.00000000 -535.462241252773 2691  3085.762455
1.09607060 1.68888476 111.34736839 -535.462307749295 2692  3071.168155
0.87974565 1.68888476  92.91708328 -535.464837970889 2693  2515.848693
1.03696781 1.86089997 103.00000000 -535.462790216538 2694  2965.278833
0.99209886 1.72401822 103.00000000 -535.475141441662 2695   254.498202
0.77264823 1.71386024 103.00000000 -535.420623381942 2696 12219.829482
0.96446195 1.55257385 113.30549491 -535.465442799708 2697  2383.104109
0.95482203 1.68888476  97.76307978 -535.475384444414 2698   201.165262
0.96446195 1.72443354 129.26172749 -535.457011105522 2699  4233.647116
1.15081424 1.68888476  80.95570627 -535.441160745340 2700  7712.399138
1.13885786 1.59889071 103.00000000 -535.452648901930 2701  5191.040159
1.01536137 1.68888476  82.14339056 -535.460688896897 2702  3426.465195
0.97067090 1.54968566 103.00000000 -535.464924563830 2703  2496.843739
0.96446195 2.12356343  85.41839242 -535.438087845767 2704  8386.822651
0.96446195 1.76097255 108.01690591 -535.472941639647 2705   737.298947
0.91074594 2.15838245 103.00000000 -535.429235903066 2706 10329.599548
0.96446195 1.96460357  89.80227258 -535.456027372063 2707  4449.551658
1.15621431 1.68888476 112.00045894 -535.451598798384 2708  5421.511252
1.17157109 1.68888476 100.32581506 -535.450921740737 2709  5570.108232
0.96446195 1.96003073 109.20973479 -535.453160446881 2710  5078.769017
1.03720481 1.68888476 106.45698866 -535.471777746855 2711   992.743894
1.12082166 1.68888476 131.73004177 -535.439332466769 2712  8113.659911
1.07151823 1.68888476 116.81302300 -535.462616770594 2713  3003.345818
0.93997842 1.46243827 103.00000000 -535.440066113224 2714  7952.643123
0.96727704 1.68888476 107.60811506 -535.475674241802 2715   137.562086
1.27095340 1.58835318 103.00000000 -535.425336861575 2716 11185.340258
1.26726137 1.50474271 103.00000000 -535.410381155844 2717 14467.738320
0.97136730 1.69167377 103.00000000 -535.476254143250 2718    10.288427
1.02265994 1.68738545 103.00000000 -535.473560363305 2719   601.504798
0.90597806 1.72757044 103.00000000 -535.471957337997 2720   953.328193
1.29890613 1.68888476  94.43393424 -535.423134540655 2721 11668.693839
0.96446195 2.02070144 119.70376589 -535.438084458560 2722  8387.566058
0.96446195 1.92307453 127.02887580 -535.441348196306 2723  7671.258406
1.03266585 1.47623876 103.00000000 -535.441828731051 2724  7565.793218
0.98414845 2.11250064 103.00000000 -535.438048188561 2725  8395.526402
0.90846194 1.82312899 103.00000000 -535.466366734591 2726  2180.323837
0.84343658 1.68888476  79.71015523 -535.439320967433 2727  8116.183723
0.92621603 1.78202779 103.00000000 -535.471398556285 2728  1075.966606
1.04000735 1.65461038 103.00000000 -535.471244743145 2729  1109.724688
0.94691390 1.68888476  87.62438954 -535.468506567349 2730  1710.684823
0.75786127 1.68888476  82.87953661 -535.395295483779 2731 17778.660697
0.96446195 1.47319932 106.20318913 -535.446077248715 2732  6633.351352
0.96446195 2.04699811  92.24486814 -535.447463690129 2733  6329.062629
1.07470788 1.53467206 103.00000000 -535.452991611970 2734  5115.823998
1.04318243 1.68026202 103.00000000 -535.471466764108 2735  1060.996719
0.96446195 1.70665305  74.29842423 -535.450493871117 2736  5664.014761
0.69936740 1.86608102 103.00000000 -535.334048296222 2737 31220.864855
0.94174007 1.68888476  63.08564651 -535.419361920452 2738 12496.688282
1.15683888 1.68888476  93.59447023 -535.451517029065 2739  5439.457543
0.80487194 1.68888476  94.84817685 -535.438969415617 2740  8193.340430
1.39572381 1.68888476  88.97217623 -535.399728441792 2741 16805.738853
0.96446195 1.79012373 106.36189452 -535.471599680230 2742  1031.825001
0.96022601 1.68888476  67.25852232 -535.432600590402 2743  9591.136022
0.96446195 1.54268451  75.73616375 -535.424716639271 2744 11321.463322
1.00849721 1.68888476 127.60880215 -535.458920306689 2745  3814.625886
0.96446195 1.98300461 123.60084698 -535.438502262367 2746  8295.868719
1.45626246 1.78657058 103.00000000 -535.389744142070 2747 18997.039394
0.96446195 1.96579934  94.23084641 -535.456555841867 2748  4333.565941
1.08037716 1.68888476  74.76205314 -535.442595163189 2749  7397.580804
0.93871125 1.68888476 120.69370725 -535.467265724077 2750  1983.018448
0.96446195 1.68955214 105.61393407 -535.476095122267 2751    45.189499
1.13939518 1.68733424 103.00000000 -535.457062336041 2752  4222.403317
0.87627810 1.68888476  71.48291368 -535.432326829810 2753  9651.219528
1.09332919 1.90468305 103.00000000 -535.451329721952 2754  5480.566704
0.96911792 1.61949176 103.00000000 -535.473822856579 2755   543.894182
0.82641159 1.68888476 101.61780215 -535.451457415686 2756  5452.541168
0.76950934 1.83234394 103.00000000 -535.410465197769 2757 14449.293250
1.10387384 1.68888476 101.23301892 -535.463085754640 2758  2900.415716
1.50510886 1.68888476 102.00286348 -535.384070855839 2759 20242.181821
1.17243041 1.51213470 103.00000000 -535.431112957577 2760  9917.633694
1.12013433 1.68888476  65.11573706 -535.418091439195 2761 12775.526693
1.02888726 1.86334967 103.00000000 -535.463330179416 2762  2846.770677
0.96446195 1.60331560 119.33608275 -535.467643030945 2763  1900.209160
0.93393520 1.68888476 105.46329382 -535.475208561192 2764   239.767168
1.04336812 1.68888476 106.72471056 -535.471052625167 2765  1151.889712
1.08441409 1.68888476 112.70162296 -535.463397311456 2766  2832.036897
0.97065214 1.68888476 139.47027281 -535.444516798591 2767  6975.830574
1.03749785 1.58208620 103.00000000 -535.465721517590 2768  2321.932603
0.96446195 1.78156807  66.64786601 -535.438733094207 2769  8245.206985
0.96446195 1.61275038  90.39618367 -535.465780095695 2770  2309.076195
0.84694522 1.81194650 103.00000000 -535.453286704769 2771  5051.058614
1.12495839 1.68888476 119.66684980 -535.451971058072 2772  5339.809693
0.96446195 1.89628457  82.07746371 -535.458257826208 2773  3960.023548
0.96446195 1.82457319  69.17641056 -535.444702051834 2774  6935.172186
0.90109352 1.86271801 103.00000000 -535.461666955286 2775  3211.806187
0.92929929 1.77785922 103.00000000 -535.471917422831 2776   962.088560
0.87485489 1.62219506 103.00000000 -535.465041565480 2777  2471.164845
1.12230376 1.68888476 116.82021688 -535.454701723816 2778  4740.497824
0.96446195 1.58448047 107.22510931 -535.470793283123 2779  1208.808712
1.29109677 1.68888476  82.67299952 -535.415625275558 2780 13316.787058
0.92027400 1.68888476  76.71691908 -535.451030724100 2781  5546.189148
0.96446195 1.53689144 110.05898964 -535.463427594967 2782  2825.390435
0.83356861 1.68888476 127.78553713 -535.439050591425 2783  8175.524399
1.03724536 1.68888476 133.93975619 -535.448190419105 2784  6169.564052
0.96446195 1.44144316  90.88648966 -535.417166045264 2785 12978.627189
0.96446195 1.55888169  83.45372802 -535.446235315069 2786  6598.659797
0.96446195 1.88437792 120.97290897 -535.452391961665 2787  5247.432030
1.40699571 1.74881135 103.00000000 -535.401477223218 2788 16421.925687
1.11095595 1.68888476 100.58724189 -535.461867065918 2789  3167.886979
1.00469458 2.10564747 103.00000000 -535.438038991297 2790  8397.544968
1.14389312 1.62726960 103.00000000 -535.454176916975 2791  4855.679614
0.90671681 1.68888476  90.39136208 -535.467634806235 2792  1902.014276
0.81515367 2.06834225 103.00000000 -535.411514531485 2793 14218.991115
0.94284108 1.84324207 103.00000000 -535.467626676231 2794  1903.798605
0.84297861 1.68888476  75.99014433 -535.432296253088 2795  9657.930343
1.08354908 1.68888476  82.48738871 -535.453831866150 2796  4931.409518
1.04227140 1.68888476 110.46425553 -535.469963472143 2797  1390.931174
1.33266734 1.65563435 103.00000000 -535.417425040667 2798 12921.784267
0.96446195 1.85490990 121.55825722 -535.454928711973 2799  4690.679681
0.96446195 1.89991301  79.31183765 -535.455665102799 2800  4529.060573
0.98629636 1.86312484 103.00000000 -535.466031407702 2801  2253.919584
0.96446195 1.65196198 111.26944549 -535.474263271703 2802   447.234234
0.76007599 1.58645038 103.00000000 -535.406554880519 2803 15307.508702
1.45962492 1.68888476 107.89199102 -535.392086457739 2804 18482.960517
0.77848603 1.68888476  82.02075596 -535.409746456384 2805 14607.038753
0.96446195 1.75432847  97.34454466 -535.474354447934 2806   427.223364
0.96446195 1.52334922 117.06704525 -535.458787458408 2807  3843.782714
0.96446195 2.02393740 110.16619793 -535.445057855259 2808  6857.082359
1.23746298 1.72890763 103.00000000 -535.437343869647 2809  8550.106539
0.99031340 1.49881634 103.00000000 -535.452259527058 2810  5276.498067
0.76627851 1.53758131 103.00000000 -535.403753695948 2811 15922.297665
1.11066133 1.68888476 104.75645853 -535.461914442452 2812  3157.489031
1.03356114 1.68888476 123.08881782 -535.461695348718 2813  3205.574549
0.87466071 1.67088676 103.00000000 -535.466956573342 2814  2050.869192
0.86382871 1.68888476  59.90174190 -535.393974225612 2815 18068.643351
1.07395519 1.72376010 103.00000000 -535.467222706096 2816  1992.459803
0.95672846 1.68888476  99.85713991 -535.475950080291 2817    77.022534
0.75074350 1.68888476  94.57953605 -535.400934807567 2818 16540.972164
1.07280415 1.68888476 134.98661102 -535.442321831972 2819  7457.570073
1.11661381 1.63276254 103.00000000 -535.459327589033 2820  3725.237742
0.86417569 1.68888476  78.78089704 -535.444261164925 2821  7031.935680
1.12984907 1.68888476 102.16271266 -535.458762815879 2822  3849.191124
0.85190537 1.84657906 103.00000000 -535.451815280867 2823  5373.998838
0.97889994 1.66125905 103.00000000 -535.475748367570 2824   121.293360
0.96446195 2.08841124  85.19420653 -535.441732548551 2825  7586.902837
1.36867875 1.68888476 100.06512510 -535.410327011437 2826 14479.621644
1.05886613 1.68888476 116.88698588 -535.464237307677 2827  2647.679033
1.07067280 2.23340165 103.00000000 -535.418115418258 2828 12770.263897
1.12035697 1.68888476 138.55360317 -535.429673515667 2829 10233.554682
1.05701968 1.68888476  79.16015136 -535.452582070500 2830  5205.707963
0.96446195 1.88349063 135.68986545 -535.433948580116 2831  9295.286471
0.96446195 2.20103481  98.02331488 -535.429780035251 2832 10210.176335
0.96446195 1.58489352  97.51730382 -535.468067401170 2833  1807.070660
0.96446195 1.60676990 112.80595432 -535.471615064225 2834  1028.448604
0.96446195 1.62505402  88.16948632 -535.464748328470 2835  2535.522931
0.96446195 1.69162122  94.16830822 -535.473979119853 2836   509.598357
1.03008168 2.01714598 103.00000000 -535.446486155298 2837  6543.606729
1.47536870 1.69635005 103.00000000 -535.389551591369 2838 19039.299389
0.97459378 1.59855021 103.00000000 -535.471856901122 2839   975.371540
0.96446195 1.50669661  89.86901997 -535.442301367289 2840  7462.061552
0.96446195 1.72543984  86.00095123 -535.468177478617 2841  1782.911452
1.17578122 1.68888476 108.16241459 -535.449414856367 2842  5900.831130
0.96446195 2.00076067  95.51924232 -535.452689004477 2843  5182.238667
0.96446195 2.11705297 119.64900912 -535.427417680884 2844 10728.653199
0.77558451 1.52788730 103.00000000 -535.408490653007 2845 14882.655741
0.90693426 1.68888476  70.80200327 -535.436669999286 2846  8698.003991
0.93420461 1.96803424 103.00000000 -535.453859531917 2847  4925.337584
1.18599234 1.68888476  88.56169923 -535.442577706713 2848  7401.412057
1.02094205 2.23952770 103.00000000 -535.422552305122 2849 11796.479770
1.11895928 1.68888476 109.45227487 -535.459369757167 2850  3715.982906
0.99594301 2.15305333 103.00000000 -535.433109885803 2851  9479.358600
0.89268371 1.68888476 133.83980464 -535.447349815287 2852  6354.055268
0.96446195 1.84305256 107.51475968 -535.466670109908 2853  2113.740650
1.26174438 1.68888476  86.76963705 -535.425741948360 2854 11096.433984
1.22856621 1.68888476 103.97135618 -535.439641263687 2855  8045.886820
0.82259337 1.66232286 103.00000000 -535.449711757647 2856  5835.668830
1.30376103 1.68888476 107.06101086 -535.423543160241 2857 11579.012204
0.96446195 1.79276332  83.52697406 -535.465042891860 2858  2470.873738
0.87739189 1.68888476 118.72840925 -535.461097703605 2859  3336.742492
0.91678623 1.84001064 103.00000000 -535.465882400923 2860  2286.622793
0.97801891 1.59218320 103.00000000 -535.471081068991 2861  1145.647014
1.00161470 1.69597343 103.00000000 -535.475114624398 2862   260.383911
0.88755883 1.68888476 129.01295212 -535.452651291482 2863  5190.515713
0.99986936 1.68888476 129.69780735 -535.456948351766 2864  4247.419974
0.99509817 1.68888476 100.17259623 -535.475275064363 2865   225.171409
1.18059827 1.68888476 117.41735950 -535.443547882194 2866  7188.483147
1.15279327 1.68888476  87.63276637 -535.448054363126 2867  6199.424888
0.95425022 1.68888476 112.85660202 -535.473478242590 2868   619.528212
0.96446195 1.63768356  96.21693572 -535.472798344672 2869   768.748560
0.96446195 1.87099651  67.14424388 -535.440664259314 2870  7821.365228
1.02490015 1.68888476  92.49648331 -535.470139601942 2871  1352.275151
0.91124580 2.03098685 103.00000000 -535.444129677478 2872  7060.793840
1.25529517 1.67551007 103.00000000 -535.434034845346 2873  9276.353441
0.76543747 1.68888476 100.58863205 -535.415418585664 2874 13362.150247
0.96446195 2.04514818 120.32871735 -535.434718103475 2875  9126.395612
0.96446195 1.87113104 130.16990278 -535.443018760719 2876  7304.611890
0.96446195 1.78666594  95.31063712 -535.472365937582 2877   863.650948
0.96446195 1.59210600 144.84250017 -535.436944453492 2878  8637.768254
0.83976946 1.87247716 103.00000000 -535.445041553220 2879  6860.660244
0.76675000 1.68888476  66.94119434 -535.367895474595 2880 23792.267722
0.87238772 1.68888476 137.77559751 -535.437831862304 2881  8443.004529
0.85520389 1.68888476  68.20165840 -535.417996907790 2882 12796.273939
1.08550027 1.87045588 103.00000000 -535.455884507296 2883  4480.906851
0.96446195 1.71174714 111.70067384 -535.473603153047 2884   592.113535
0.96446195 1.74379475  91.62528484 -535.472470669245 2885   840.665005
1.20915250 1.68888476 120.96452947 -535.434976484993 2886  9069.687423
0.81261257 1.68888476  89.59251454 -535.439092581061 2887  8166.308739
0.86406648 1.68888476 105.76379093 -535.464240720254 2888  2646.930059
0.96446195 1.61450277 148.82872238 -535.431719496711 2889  9784.513739
0.96446195 2.05574881  85.62376487 -535.445303989876 2890  6803.062054
1.12156044 1.68888476 116.59925374 -535.454989979066 2891  4677.233108
0.96446195 1.54033745 121.58595288 -535.459113216931 2892  3772.286981
0.96446195 1.52426393 135.39196279 -535.442750302130 2893  7363.531741
0.96446195 1.74480631 140.56539442 -535.439541350198 2894  8067.815296
0.96446195 1.86599177 116.77929995 -535.458286027533 2895  3953.834073
0.96446195 1.52059054 129.84888755 -535.448368676092 2896  6130.441164
1.22493945 1.63810023 103.00000000 -535.439023734202 2897  8181.418878
0.96446195 1.52652812 105.35263770 -535.460937291474 2898  3371.948886
0.96446195 1.77379548 102.94780774 -535.473521521175 2899   610.029660
0.96960702 1.68888476  95.77772522 -535.474710927799 2900   348.985075
1.22418487 1.72087152 103.00000000 -535.440274343921 2901  7906.941766
0.86798012 1.68888476 115.93845699 -535.460972171557 2902  3364.293592
0.87502314 1.86577703 103.00000000 -535.456325680547 2903  4384.080513
0.92133715 1.93436674 103.00000000 -535.456603966339 2904  4323.003840
1.18502034 1.68888476 123.25440441 -535.437532410980 2905  8508.726499
0.98085246 1.68888476 122.83715352 -535.465554450370 2906  2358.599621
0.89874117 1.89582645 103.00000000 -535.457889352705 2907  4040.894136
0.67180133 1.85122098 103.00000000 -535.293340219652 2908 40155.255118
0.96446195 1.81763801 130.27567736 -535.448309393458 2909  6143.452199
1.01671175 1.93482371 103.00000000 -535.456951607134 2910  4246.705503
0.98584484 1.84707058 103.00000000 -535.467547385579 2911  1921.200892
1.27219162 1.62236045 103.00000000 -535.428274741656 2912 10540.550098
0.96446195 1.63224845 132.36841777 -535.455404634847 2913  4586.226682
0.86820208 1.68888476  83.76500024 -535.453017887965 2914  5110.057084
1.02129787 1.83928120 103.00000000 -535.466181881940 2915  2220.894305
0.96446195 1.68387036  80.90297008 -535.460239028860 2916  3525.199818
0.94065473 1.68888476  92.06321299 -535.472001725025 2917   943.586366
1.00127265 1.89871780 103.00000000 -535.461815635872 2918  3179.174569
0.75598297 1.69491812 103.00000000 -535.407938029037 2919 15003.942686
0.96446195 1.71535099 142.01517080 -535.439293944860 2920  8122.114493
0.90287608 1.68888476  77.43607734 -535.450076487118 2921  5755.619962
1.20446950 1.68888476  82.75342789 -535.433290324056 2922  9439.756980
0.96959117 1.68888476  71.86117621 -535.444000186348 2923  7089.213858
1.09826226 1.68888476  78.53177583 -535.446302694416 2924  6583.871739
0.99936573 2.00835071 103.00000000 -535.449630629651 2925  5853.474367
0.78808432 1.83700058 103.00000000 -535.422931322131 2926 11713.295150
0.96446195 2.03593979  99.26711853 -535.448157677053 2927  6176.750101
1.16654197 1.76175885 103.00000000 -535.450235907513 2928  5720.631229
1.21118350 1.68888476  89.41401572 -535.438263865331 2929  8348.190822
0.96446195 1.52081161  95.01557515 -535.453036201375 2930  5106.037755
1.14304843 1.60327537 103.00000000 -535.452338748252 2931  5259.111024
0.96446195 1.51255057  84.99240119 -535.435887165922 2932  8869.816058
1.00337205 1.68888476 109.04534774 -535.473940264060 2933   518.126218
0.73999588 1.66344806 103.00000000 -535.393445497069 2934 18184.685855
0.93375333 1.68888476 104.27536889 -535.475322152472 2935   214.836763
1.01185935 1.68888476 103.86498015 -535.474411104172 2936   414.788756
0.86573770 1.68888476 136.00257807 -535.438731351359 2937  8245.589496
0.76194494 1.68888476 115.11816956 -535.409189940254 2938 14729.179928
0.87464887 1.68888476 125.59283801 -535.453946791747 2939  4906.186265
1.08392023 1.89493029 103.00000000 -535.453702327901 2940  4959.839878
0.96446195 1.48633704 117.85872672 -535.449541171271 2941  5873.108212
1.34200501 1.77029003 103.00000000 -535.413784658928 2942 13720.755722
0.72857004 1.68888476 144.60339586 -535.344219800540 2943 28988.477653
1.00722092 1.68888476  91.98235406 -535.471162056747 2944  1127.872256
0.96446195 1.88585139  93.84222269 -535.464593625354 2945  2569.476341
0.89584815 2.07118922 103.00000000 -535.437001707008 2946  8625.202560
0.90851981 1.68888476 101.73244098 -535.472939949973 2947   737.669788
0.95769560 1.64217818 103.00000000 -535.475207993540 2948   239.891753
0.86992808 1.81103122 103.00000000 -535.460110717396 2949  3553.360930
0.98730720 1.71620594 103.00000000 -535.475538069546 2950   167.448442
0.84553558 1.48133307 103.00000000 -535.430601293433 2951 10029.930995
0.99989552 1.79418725 103.00000000 -535.471219208031 2952  1115.328998
1.36398088 1.79626156 103.00000000 -535.407664278983 2953 15064.023879
0.96446195 1.59952821  61.95324706 -535.397668535956 2954 17257.835935
1.11752948 1.68888476  99.71053302 -535.460643526984 2955  3436.422740
1.46350843 1.68888476  97.53336585 -535.390903906379 2956 18742.500545
0.96792308 1.73298976 103.00000000 -535.475480581677 2957   180.065571
1.32235763 1.68888476 114.60996395 -535.416591632677 2958 13104.696182
1.04923028 1.68888476  60.92840141 -535.413469979862 2959 13789.819795
0.96446195 1.72076535  67.66767058 -535.437207655107 2960  8580.002176
0.91238949 1.75391367 103.00000000 -535.471651741916 2961  1020.398782
1.09838701 1.68888476 105.56732001 -535.463781402699 2962  2747.738612
0.91182675 1.68888476 108.48894406 -535.472573471003 2963   818.102626
0.96446195 1.55895387 130.83181943 -535.452906728117 2964  5134.453851
0.91801183 2.03989224 103.00000000 -535.443892466400 2965  7112.855654
1.01313701 1.68888476  62.35207875 -535.419092181786 2966 12555.889078
0.96446195 2.13099374  91.80819107 -535.438072820820 2967  8390.120246
1.07241727 1.50563232 103.00000000 -535.446212132198 2968  6603.747849
0.96446195 1.49475932 117.72809281 -535.451888664058 2969  5357.893089
0.96446195 1.93681021  96.50271794 -535.459693552885 2970  3644.917959
0.96446195 1.93183549 111.72876059 -535.454858145876 2971  4706.167149
0.96446195 1.81642821 130.21284472 -535.448508734589 2972  6099.701877
0.94172402 1.55343308 103.00000000 -535.465234609706 2973  2428.796534
1.08497572 1.68671760 103.00000000 -535.466055045990 2974  2248.731579
1.12118055 1.68888476 105.74280499 -535.460002236924 2975  3577.169642
0.96446195 1.56565330 120.86183876 -535.463130301420 2976  2890.638827
1.11744255 1.68888476  94.45630005 -535.458946916504 2977  3808.785707
0.76192287 1.68888476  74.73231732 -535.383931481337 2978 20272.770989
0.92790283 1.68888476  96.19176163 -535.473503677673 2979   613.945857
0.87315468 2.08346764 103.00000000 -535.430764062260 2980  9994.207366
0.96446195 1.72386078 109.11337387 -535.474348331575 2981   428.565749
0.96446195 1.88832267 118.45403142 -535.454399068910 2982  4806.922899
1.17498739 1.68888476 119.80111627 -535.442700385240 2983  7374.487232
0.96446195 1.70525709  83.78561994 -535.465266269477 2984  2421.848017
0.83754513 1.75589445 103.00000000 -535.453852320941 2985  4926.920210
0.88544233 1.68565017 103.00000000 -535.469330740917 2986  1529.799630
1.16604877 1.82873965 103.00000000 -535.445917665029 2987  6668.375924
0.96446195 1.75782867  97.45270869 -535.474233959833 2988   453.667446
0.96446195 1.89766285  71.84703703 -535.447255841489 2989  6374.680133
1.00035132 1.74429044 103.00000000 -535.474009144461 2990   503.008718
1.09389912 1.68888476 109.73458470 -535.463334729446 2991  2845.772061
0.96446195 1.72699560  90.68848994 -535.472084535593 2992   925.411547
1.03966023 1.89910679 103.00000000 -535.458742554958 2993  3853.637882
0.83549851 2.18861892 103.00000000 -535.406668493087 2994 15282.573625
1.03022504 1.65578239 103.00000000 -535.472292989725 2995   879.661152
1.16050217 1.68888476  82.36782134 -535.441170371312 2996  7710.286481
0.96446195 1.68981975 118.95491559 -535.469348691816 2997  1525.859863
0.86357458 1.95621237 103.00000000 -535.443427018542 2998  7215.009653
0.83083910 2.15391667 103.00000000 -535.408620287942 2999 14854.204161
0.96446195 1.55872726  70.93098825 -535.416200889147 3000 13190.454476
0.96446195 1.64561350  96.94627655 -535.473686386830 3001   573.845831
1.05226390 1.68888476 119.92220496 -535.462600259354 3002  3006.969617
0.96446195 1.91296777 108.98453896 -535.458665136469 3003  3870.629277
1.23630111 1.68888476  83.15131385 -535.427386596532 3004 10735.475426
0.96446195 1.63252495 104.67247047 -535.474840896670 3005   320.460205
0.99230170 1.68074613 103.00000000 -535.475594878142 3006   154.980396
0.96446195 1.79666202 103.46617042 -535.471909137455 3007   963.906989
0.96446195 1.89619627  95.00229986 -535.463771456266 3008  2749.921601
1.50844238 1.68888476  97.91147302 -535.382664809558 3009 20550.773316
0.88557390 1.68888476 112.27824091 -535.467022038281 3010  2036.501299
0.96446195 1.53369969 145.41389104 -535.431046634366 3011  9932.189956
0.86839787 1.68888476  72.92960819 -535.433693229405 3012  9351.329475
1.03003655 1.68888476  74.14216648 -535.446609336241 3013  6516.571637
1.22344462 1.68888476  84.69257313 -535.431602806233 3014  9810.124339
0.89425022 1.68888476 149.74212611 -535.423921210159 3015 11496.039836
1.48096040 1.68888476 115.60077686 -535.385127803802 3016 20010.208553
0.90457625 1.68888476  73.06789142 -535.441541309096 3017  7628.875046
1.10465414 1.79888724 103.00000000 -535.458937087128 3018  3810.943005
1.07443095 1.68888476 141.85463039 -535.431764493226 3019  9774.638145
0.90341594 1.78858712 103.00000000 -535.468366002951 3020  1741.535143
1.04325858 1.55562823 103.00000000 -535.461065868967 3021  3343.729387
0.96135897 1.68888476  77.75978191 -535.455465469095 3022  4572.875107
0.96446195 1.91202517 115.74139980 -535.454126139892 3023  4866.823896
0.98037413 1.68888476 114.42172974 -535.472411862403 3024   853.571615
0.96446195 1.78205672  72.41842479 -535.450184792988 3025  5731.849571
0.96446195 1.97543082 102.66338502 -535.454296357244 3026  4829.465505
0.96446195 1.91695567  77.47076962 -535.452768864588 3027  5164.711398
1.17407682 1.68888476 107.64989790 -535.449891444587 3028  5796.232104
0.96446195 2.01215646 100.92184482 -535.450535121236 3029  5654.961406
0.96446195 1.69240169 110.63783209 -535.474584419640 3030   376.750407
0.96446195 1.49169231  72.85968224 -535.397044620315 3031 17394.769593
0.75978926 1.68888476 131.03597016 -535.392172426287 3032 18464.092601
0.93818206 1.68888476 127.83948097 -535.459766898019 3033  3628.820563
0.96446195 1.49924894 127.59799045 -535.446162013941 3034  6614.747535
0.96446195 1.61813367  76.16556308 -535.443776878239 3035  7138.224324
0.96446195 1.60200273  89.25112665 -535.463084506159 3036  2900.689726
0.91132441 1.68888476 118.80163294 -535.466643700962 3037  2119.536744
0.96446195 1.95088497 113.06796911 -535.451730045719 3038  5392.705791
0.99441746 1.82753201 103.00000000 -535.468925133755 3039  1618.820114
0.96446195 2.03165628  85.12064835 -535.447644746442 3040  6289.325360
0.86297026 1.68888476 147.53491918 -535.420866488700 3041 12166.473715
0.96446195 1.60335466  84.24732594 -535.456432209936 3042  4360.700014
0.96467324 1.84100847 103.00000000 -535.468394229794 3043  1735.340067
0.99752084 1.57347983 103.00000000 -535.467856740130 3044  1853.305415
0.96446195 1.49759970 120.92531422 -535.450920157180 3045  5570.455783
1.35309919 1.68888476 110.41549142 -535.412326336072 3046 14040.820599
1.45237271 1.72853667 103.00000000 -535.393274373551 3047 18222.243127
1.08122561 1.73794283 103.00000000 -535.465758210841 3048  2313.879365
0.94095704 1.85001023 103.00000000 -535.466906733284 3049  2061.807821
0.96446195 1.84858903 107.92798395 -535.465951504438 3050  2271.456324
0.91398437 1.54964800 103.00000000 -535.462508970821 3051  3027.005134
1.20355814 1.68888476 107.46920015 -535.444131183861 3052  7060.463227
0.80952860 1.68888476  96.74735544 -535.442319447264 3053  7458.093456
0.78533891 1.93461141 103.00000000 -535.410608957673 3054 14417.741597
1.32720672 1.75391715 103.00000000 -535.417673961291 3055 12867.152504
1.04750338 1.68888476  83.02129484 -535.458962169530 3056  3805.438054
0.89456167 1.68888476  85.84665104 -535.461256482729 3057  3301.894502
0.91602505 1.81284541 103.00000000 -535.468135539563 3058  1792.116011
1.14672122 1.74840861 103.00000000 -535.454533247089 3059  4777.474192
0.96446195 1.60659091 105.99673714 -535.473028614274 3060   718.210223
0.98579237 1.68914685 103.00000000 -535.475901080711 3061    87.776699
0.96446195 2.10551827 115.08876695 -535.432292145970 3062  9658.831751
0.96446195 1.66822281  81.78918733 -535.460391864953 3063  3491.656173
1.04735270 1.60333163 103.00000000 -535.467049402118 3064  2030.495631
0.96446195 1.77226157 121.78786325 -535.462302533375 3065  3072.312917
1.31526220 1.67806437 103.00000000 -535.421542744530 3066 12018.052713
0.98189715 1.45903966 103.00000000 -535.438894360959 3067  8209.813024
1.17617841 1.56884568 103.00000000 -535.441847676075 3068  7561.635265
1.07833213 2.20840063 103.00000000 -535.419664897095 3069 12430.192594
1.22302097 1.68888476 110.73541597 -535.439070181156 3070  8171.224950
0.96446195 1.95667404 117.18379890 -535.447784647184 3071  6258.620696
1.30850105 1.68888476  83.37320011 -535.412753598787 3072 13947.047271
0.96446195 2.13401349  99.20868183 -535.436855268334 3073  8657.342134
0.84774977 1.65919206 103.00000000 -535.459276173654 3074  3736.522114
1.00168877 1.68888476 105.41423676 -535.474940435883 3075   298.613872
1.26501168 1.79124570 103.00000000 -535.428696603720 3076 10447.962076
0.97333400 1.69541002 103.00000000 -535.476211221421 3077    19.708680
1.19317272 1.68888476  93.84564619 -535.444655529473 3078  6945.382665
1.12239768 1.68888476 125.01500660 -535.447188621783 3079  6389.433154
1.22589693 1.68888476 122.21845682 -535.430450275878 3080 10063.075518
1.04977444 1.68888476 104.76584733 -535.470648627862 3081  1240.556873
0.94118927 1.45777200 103.00000000 -535.438269805847 3082  8346.887029
1.07644675 1.68888476 120.15496969 -535.459214259758 3083  3750.110643
0.96446195 1.88900679 114.29995362 -535.457819607278 3084  4056.201488
1.27139531 1.72668858 103.00000000 -535.430341171906 3085 10087.021073
1.07143841 1.68244259 103.00000000 -535.467960739354 3086  1830.480223
0.96446195 1.58188034  89.35216769 -535.460025055804 3087  3572.161477
0.94579852 2.08262760 103.00000000 -535.441063905259 3088  7733.653080
0.82991225 1.47246849 103.00000000 -535.421823619771 3089 11956.407722
1.23585263 1.68888476 117.68864741 -535.432319598503 3090  9652.806617
1.12424231 1.68888476  81.04619877 -535.445803962863 3091  6693.330665
0.87153124 1.68888476 140.58496369 -535.433525385005 3092  9388.167064
0.98388256 1.51546862 103.00000000 -535.457087256864 3093  4216.933828
0.96446195 1.79113551 134.97728575 -535.444196086433 3094  7046.218758
1.06198659 1.68888476  94.60758210 -535.467293629633 3095  1976.893886
1.13706590 1.68888476  99.98168364 -535.457289934575 3096  4172.451211
0.96446195 1.83473005  73.12376800 -535.451168982590 3097  5515.844917
0.96446195 1.87700439 135.76642592 -535.434520116381 3098  9169.848758
1.29075279 1.67829701 103.00000000 -535.426668937291 3099 10892.983426
1.01660048 1.82314303 103.00000000 -535.467920159239 3100  1839.386529
1.04459056 1.68888476 132.85989280 -535.448861286105 3101  6022.325761
0.96446195 1.62022623  67.91686399 -535.423068638978 3102 11683.157585
0.77284784 1.68888476  64.19991572 -535.364002344031 3103 24646.711133
1.05163678 1.68888476  79.59276147 -535.453821493950 3104  4933.685953
1.04835337 1.56617826 103.00000000 -535.462225025310 3105  3089.323972
0.98941726 1.72521351 103.00000000 -535.475223566423 3106   236.473900
0.80749115 1.68888476 107.63857359 -535.442148105341 3107  7495.698662
1.09726778 1.48389772 103.00000000 -535.435993519948 3108  8846.474047
0.96446195 1.76657463  83.17988066 -535.465245431711 3109  2426.421378
0.96446195 1.62198507  57.67408913 -535.386522815535 3110 19704.038861
0.80570622 1.68888476 137.36871143 -535.414046866925 3111 13663.207717
0.96446195 1.86035506 119.70253857 -535.456217714998 3112  4407.776212
1.29508116 1.68888476 100.64422256 -535.425720632457 3113 11101.112284
0.96446195 1.68989521 112.17670446 -535.473903332022 3114   526.231864
1.03122837 1.63605184 103.00000000 -535.471308470581 3115  1095.738133
0.87874869 1.68888476 110.15646088 -535.466581634803 3116  2133.158692
0.96446195 1.98149121  89.64700715 -535.454239367693 3117  4841.973266
1.02719462 1.62623725 103.00000000 -535.471089170778 3118  1143.868877
0.93723189 1.68888476  99.64225372 -535.475221459522 3119   236.936311
0.82171817 1.68888476 102.85787832 -535.449503983616 3120  5881.269959
1.07102379 1.68888476 103.19508389 -535.468047181026 3121  1811.508469
0.86016110 1.83314900 103.00000000 -535.455573317623 3122  4549.205091
1.25271503 1.68888476 118.98844735 -535.427855657139 3123 10632.528520
1.14859123 1.68888476 133.76732067 -535.431677873575 3124  9793.648961
1.00894941 1.68888476 120.91634861 -535.465936682282 3125  2274.709411
0.96446195 1.80986763  60.24135026 -535.424502818212 3126 11368.391621
0.75040520 1.68888476 128.61010311 -535.387137621311 3127 19569.104587
0.93521320 1.85813475 103.00000000 -535.465796559380 3128  2305.462834
1.04253441 1.85677346 103.00000000 -535.462600803216 3129  3006.850253
1.48993351 1.71596573 103.00000000 -535.386519100681 3130 19704.854177
0.90760897 1.68888476  75.67570083 -535.447437168774 3131  6334.883393
1.09438999 1.65601223 103.00000000 -535.464039354485 3132  2691.124738
0.70890453 1.70049869 103.00000000 -535.358722938343 3133 25805.406772
1.07607388 1.87397928 103.00000000 -535.456874038271 3134  4263.729901
0.96446195 1.44497730  97.79450595 -535.428639940774 3135 10460.398155
1.19286713 1.68888476 124.37839812 -535.434846655566 3136  9098.181689
0.96446195 1.74031810 100.24843084 -535.475258280316 3137   228.855081
0.92593240 1.71922596 103.00000000 -535.474363430059 3138   425.252015
0.96446195 1.63797420 102.32357664 -535.474944275260 3139   297.771226
1.36833496 1.68888476  93.06005660 -535.407968570313 3140 14997.239650
0.88554863 2.05383714 103.00000000 -535.437104216644 3141  8602.704295
1.20524222 1.68888476 114.79060712 -535.440512334827 3142  7854.708799
1.13138896 1.68888476  90.68344775 -535.454309133630 3143  4826.661412
0.96446195 1.82306381  93.76530813 -535.469691425463 3144  1450.638520
0.96446195 1.73077157 137.58131827 -535.445103067735 3145  6847.159368
0.69958297 1.68888476 110.02914454 -535.345562275773 3146 28693.838391
0.96446195 1.66895679 147.83430208 -535.432477621877 3147  9618.124494
0.96446195 1.71570331  73.06634966 -535.448714521480 3148  6054.536874
1.07231703 1.67530163 103.00000000 -535.467757335346 3149  1875.122244
0.96446195 1.98786167 114.70812736 -535.446172714669 3150  6612.398997
1.05617353 1.62109526 103.00000000 -535.467525077813 3151  1926.096881
0.96446195 1.87566209 132.25653826 -535.439706564670 3152  8031.554910
0.84997923 1.84865473 103.00000000 -535.450992226121 3153  5554.638478
0.96446195 1.87768031 130.45268539 -535.441946129802 3154  7540.027170
0.96446195 1.71441264 109.01876489 -535.474713294036 3155   348.465746
0.96446195 1.59873740  70.11119707 -535.424613129433 3156 11344.181106
0.96446195 1.85495223 106.21417456 -535.466077362337 3157  2243.833707
1.11741536 1.49729371 103.00000000 -535.436903603748 3158  8646.733737
0.94083078 1.68888476 116.63453350 -535.470667645051 3159  1236.383082
0.96446195 1.92860130  92.72863553 -535.460290283073 3160  3513.950819
0.71782412 1.68888476 102.40301027 -535.369739461716 3161 23387.559321
0.75811882 1.68888476 128.72753873 -535.393594924690 3162 18151.890283
0.87789084 1.73665645  96.96454472 -535.466072729893 3163  2244.850411
1.18044344 1.73757970  90.00907506 -535.445343395291 3164  6794.413565
0.82764025 1.68001183 118.53494813 -535.446012527637 3165  6647.555987
1.01481293 1.66526540 136.38767225 -535.447496296954 3166  6321.906258
0.92828653 1.79294270 135.89775046 -535.441289457538 3167  7684.150075
0.84307490 1.54012057 100.19516451 -535.443940439152 3168  7102.326852
1.00390405 1.63894062 106.29512621 -535.473708087497 3169   569.083085
1.11495342 1.85588294  97.45764629 -535.453341918507 3170  5038.940598
0.92027462 1.89441733  90.81306439 -535.460724674868 3171  3418.612838
0.85585193 1.76421002  88.42192764 -535.455074006017 3172  4658.791324
1.02654648 1.97453086  96.14128351 -535.453031419873 3173  5107.087173
1.17662035 1.62402748  92.33993778 -535.443075013051 3174  7292.265930
0.86814764 1.74094009  76.07805317 -535.443293623821 3175  7244.286411
0.73004504 1.71254982 111.90750374 -535.380586093449 3176 21006.998776
1.29647910 1.64819208  91.68714592 -535.420216692860 3177 12309.087420
0.90347458 1.64436406 109.40365109 -535.470892607325 3178  1187.009569
0.87703481 1.64424752 120.13096518 -535.460289917052 3179  3514.031151
1.12517589 1.83784234 101.91305024 -535.452764094982 3180  5165.758206
0.99447775 1.74116910  95.69164582 -535.473664433150 3181   578.664107
0.89055995 1.68817312 119.72005320 -535.462879000520 3182  2945.793001
0.94678790 1.66233599  96.84728883 -535.474152196750 3183   471.612369
1.01978179 1.74726306 118.40719953 -535.464799041143 3184  2524.392785
0.96098855 1.83388861 118.24710623 -535.460233786089 3185  3526.350474
0.96844811 1.84409379  63.77506822 -535.434193456119 3186  9241.542400
1.02141166 1.63209403 118.96893304 -535.466434605147 3187  2165.427972
0.96335199 1.59871876  66.71493951 -535.414226971261 3188 13623.679384
0.89247483 1.66778441  85.19345240 -535.458895059974 3189  3820.166900
0.93186844 1.66890715  71.70184898 -535.439450255189 3190  8087.808340
0.73258273 1.45019304  99.82584247 -535.344437400223 3191 28940.720042
1.25173022 1.72274284 114.98994391 -535.430051334051 3192 10150.633130
1.02390183 1.47378903 107.94173595 -535.443699492913 3193  7155.208440
1.09518122 1.84435486 104.46134198 -535.456436120031 3194  4359.841847
0.72788484 1.68184112 117.58553533 -535.375967078830 3195 22020.755326
0.97642557 1.72361466  80.68041035 -535.461851075898 3196  3171.396383
0.97835144 1.81222538 124.98684498 -535.455274532869 3197  4614.780766
0.88456236 2.14632023 104.71430180 -535.425428279952 3198 11165.276243
0.94835395 1.53702668  95.90166125 -535.457742682622 3199  4073.084499
0.91526968 1.47771299 115.25651188 -535.445785138390 3200  6697.462159
0.97202870 1.55112481 129.53135998 -535.453281400915 3201  5052.222675
1.12539359 1.70582749  77.03230917 -535.441023833888 3202  7742.447729
1.15251656 1.47467171 105.31006174 -535.424524001323 3203 11363.742465
0.97286142 1.47092324 132.81139567 -535.433458807567 3204  9402.779123
1.32379636 1.68546619 127.57469107 -535.405064720950 3205 15634.560930
0.92337492 1.57952141 100.45368510 -535.467225242693 3206  1991.903085
1.34783685 1.73291625 112.46225806 -535.411288298836 3207 14268.643443
0.96386261 1.66135595 128.76024546 -535.459884064502 3208  3603.105491
0.99016657 1.71138792 139.80046192 -535.442287029353 3209  7465.208365
1.11035745 1.94346812  99.70012997 -535.445380205669 3210  6786.334621
1.04917444 1.82523542  94.92541296 -535.464750950973 3211  2534.947358
0.95413055 1.70245262 102.73968705 -535.476117109018 3212    40.363965
0.85030474 1.60312517  95.96791131 -535.453598642839 3213  4982.596119
1.04683385 1.68947370 107.87771045 -535.470362185438 3214  1303.423719
0.96922488 1.68384635 109.36959232 -535.475155362458 3215   251.442941
0.97024553 1.60395775 118.64411616 -535.468120388283 3216  1795.441333
1.02526514 1.65713106 138.91529349 -535.443019677997 3217  7304.410571
1.04434240 1.68032110  77.28364707 -535.450257022405 3218  5715.997046
1.12884251 1.70888612 127.72611275 -535.442339647626 3219  7453.659989
0.89027806 1.71715079  84.62627234 -535.459991961047 3220  3579.424937
0.95943481 1.94446364 118.34950011 -535.448092313810 3221  6191.095675
1.16618310 1.80151898  99.32671610 -535.448303340115 3222  6144.780754
1.08470472 1.65180558  74.18829528 -535.437027996406 3223  8619.432704
1.02530461 2.08940972 107.79330678 -535.436403447555 3224  8756.505335
1.10645310 1.69282971 135.22896112 -535.436758671701 3225  8678.542645
1.03749769 1.89785147 108.78111653 -535.456711897012 3226  4299.315795
0.95350098 1.51770138  74.55457733 -535.412502049368 3227 14002.255988
1.07665846 1.69696192 131.93428716 -535.445713647809 3228  6713.152529
0.86620430 1.79541942  96.89442749 -535.460386218498 3229  3492.895426
0.80923153 1.65498640 109.60020931 -535.442564437222 3230  7404.324374
1.23881368 1.79625764 107.59805436 -535.432501549335 3231  9612.873024
0.90480291 1.66552207 113.53296717 -535.469709342487 3232  1446.706188
0.95754183 1.46796103  97.87440192 -535.438507243054 3233  8294.775585
1.00691201 1.62976908  99.60629661 -535.472221829207 3234   895.279081
0.95709825 2.00366467 102.75106198 -535.450856018078 3235  5584.532689
0.86635965 1.72136985  69.70873171 -535.428563534450 3236 10477.167405
0.88672991 1.59150825 108.73864628 -535.465036719232 3237  2472.228473
1.36133287 1.70053830 112.64178985 -535.409491759918 3238 14662.938167
0.75086190 1.82414663 101.75172510 -535.396090978560 3239 17604.069770
1.17163311 1.68180845 105.85013424 -535.450757771562 3240  5606.095307
1.04343353 1.90948671 106.53409432 -535.455959056373 3241  4464.545220
1.06506597 1.72770019  70.74297794 -535.439824787044 3242  8005.608098
0.95777236 1.65510760  90.57637631 -535.469848002542 3243  1416.273823
1.03547720 1.58471498  93.53019541 -535.461104602828 3244  3335.228287
1.23946669 1.71919762 107.63565341 -535.436283222527 3245  8782.891679
0.90824477 1.60893945 128.27615143 -535.456711519095 3246  4299.398738
1.11602793 1.64276992 112.61172509 -535.458022547686 3247  4011.661216
0.93533122 1.73391187  82.36077580 -535.463168273961 3248  2882.304818
0.90039097 1.54279958 103.36584864 -535.459631638975 3249  3658.506492
0.98905141 1.73508926  87.65790715 -535.469358196773 3250  1523.773766
1.00633202 1.79749738 116.28670797 -535.463924578834 3251  2716.315082
0.89668447 1.67426724  95.25608049 -535.469042227549 3252  1593.120996
1.14506044 1.91511065 105.44483679 -535.440851570286 3253  7780.255220
0.85754088 1.78636740  97.89093880 -535.458686390505 3254  3865.964555
0.99833562 1.74130108  92.55152531 -535.472171259076 3255   906.377942
1.38340515 1.80525042 104.65085246 -535.402724242798 3256 16148.236520
1.11111180 1.71851477  85.00652104 -535.453651822781 3257  4970.924471
0.84019616 2.06091045 106.64622106 -535.421708514334 3258 11981.670446
1.14132591 1.99008519 101.54167612 -535.434615165133 3259  9148.987967
1.48827861 1.53022231 100.28193269 -535.372873059377 3260 22699.814117
1.40506827 1.69542356 124.49960665 -535.392168629944 3261 18464.925802
0.90390506 1.76394227 113.03856503 -535.466151340348 3262  2227.597410
0.80524095 1.67645796 108.68548799 -535.440833758991 3263  7784.164348
0.98045200 2.01035198  80.36420597 -535.447381807182 3264  6347.033858
1.24376407 1.66407100  94.62365403 -535.433933459813 3265  9298.604994
0.92958840 1.67619420  73.51389629 -535.444260263012 3266  7032.133627
1.02547705 1.72363833  60.98988167 -535.419348309345 3267 12499.675575
0.97022724 1.58352759 121.54630175 -535.464366151141 3268  2619.401161
1.10299654 1.75899935 107.13691379 -535.460567209723 3269  3453.172443
0.77544469 1.55347814 101.84776903 -535.412950630324 3270 13903.803846
0.89703367 1.90447339 111.02877453 -535.452962146835 3271  5122.290848
0.93389435 1.67337612  87.56726413 -535.467022027421 3272  2036.503682
0.94601570 1.99077691  73.26576456 -535.442637056513 3273  7388.386282
0.92183438 1.68577586 100.62349969 -535.474246109417 3274   451.000920
0.88257331 1.62040264 107.26423207 -535.466703860802 3275  2106.333185
0.92012875 1.70104575  76.42495353 -535.451383915272 3276  5468.672645
0.85327277 1.44879926 110.59625562 -535.423893896391 3277 11502.034516
0.93897335 1.81767287  96.36367701 -535.469843701215 3278  1417.217855
0.91735855 1.65258031 124.43563264 -535.462626710710 3279  3001.164215
0.79369845 1.69696814 114.39188419 -535.431399701385 3280  9854.700701
1.01889299 1.71619926  97.80738113 -535.473141951600 3281   693.335554
1.10706289 1.70298919 100.43384062 -535.462509959658 3282  3026.788110
0.96824513 2.07685545  92.99747792 -535.444153168256 3283  7055.638210
0.89467426 1.65829518 107.73225000 -535.470302242702 3284  1316.579630
0.90550101 1.61183674  78.31649042 -535.442719357228 3285  7370.323362
0.95385730 1.83767997  86.89062536 -535.465423956807 3286  2387.239648
0.98737206 1.94523298  96.24248496 -535.458526589982 3287  3901.036717
0.95192915 1.64749323 125.33985595 -535.463660426561 3288  2774.289805
1.10791999 1.62953261 111.04232847 -535.459492949029 3289  3688.945417
0.92326807 1.64706627 108.54206198 -535.473385724819 3290   639.833516
1.03523401 1.73945647 121.70488497 -535.460769315861 3291  3408.815272
1.00482206 1.61180937 136.71826079 -535.447492323897 3292  6322.778243
1.08859402 1.60762772  94.70774264 -535.458369481526 3293  3935.518038
0.88746226 1.69408913 111.97049265 -535.467423480127 3294  1948.394996
1.08277643 1.71308150 112.89477944 -535.462989523754 3295  2921.535954
1.29182222 1.63092838 104.03471822 -535.424834441700 3296 11295.608677
1.30764126 1.60481139 101.81456240 -535.419239150879 3297 12523.633090
1.03001011 1.67618686 113.59889029 -535.469788943563 3298  1429.235771
0.89748311 1.75013072  88.63864589 -535.465147157786 3299  2447.990012
1.05860279 1.70250808  79.64634081 -535.453943200349 3300  4906.974485
0.81925045 1.71901395  70.74241966 -535.413460633892 3301 13791.870999
1.41162484 1.68337942 121.12741419 -535.394244649413 3302 18009.292186
0.91120434 1.87623778 108.75590400 -535.459447556106 3303  3698.908013
1.06391315 1.50655508 110.06330341 -535.449028981800 3304  5985.520810
1.24355857 2.04935021 102.64791067 -535.407859713014 3305 15021.131066
1.01752708 1.63192606 137.74795970 -535.445468707309 3306  6766.910756
1.08842503 1.44541997 101.57862132 -535.421694568094 3307 11984.731292
0.96764729 1.81080403 120.53020165 -535.460295540820 3308  3512.796877
0.98721226 1.65220620 110.57812649 -535.474029828938 3309   498.468999
1.08538245 1.48171282  95.76433776 -535.431339390083 3310  9867.937502
0.77750294 1.56348989  96.78575827 -535.412912591015 3311 13912.152509
0.86140590 1.67972952  99.93893104 -535.463295945919 3312  2854.284061
0.88256074 1.78097909  85.14056179 -535.458670402053 3313  3869.473615
0.96839349 1.46526967 122.01264541 -535.440943505614 3314  7760.077748
0.91063215 1.70691637 139.76591201 -535.440467606668 3315  7864.525495
0.86828210 1.94306550 102.21954922 -535.446460042897 3316  6549.337739
1.02127607 1.95251555 102.07438423 -535.454915207929 3317  4693.643476
1.28151281 1.61211140 104.08769701 -535.425658631807 3318 11114.719854
0.91339705 1.53347992 109.01548558 -535.460392754473 3319  3491.460946
1.03824371 1.60180512 106.87429322 -535.468137990135 3320  1791.578173
0.92529418 1.70273963 105.23552118 -535.474449463251 3321   406.369912
1.00426206 1.66737565 123.44098266 -535.464196316609 3322  2656.675533
1.06993066 1.66341927  76.71737770 -535.444883412992 3323  6895.368012
1.03328833 1.98979294  98.75001282 -535.450443314688 3324  5675.110615
1.24717592 1.66983848  96.28200448 -535.434218314217 3325  9236.086678
1.24267375 1.84142640 103.20088889 -535.429562646586 3326 10257.887633
0.88551986 1.72084810 115.36795453 -535.464083355567 3327  2681.467616
1.03994602 2.15071021  99.16568377 -535.431426802917 3328  9848.752602
1.05865099 1.66956579 124.24062977 -535.457969195002 3329  4023.370777
1.01317727 1.60197542 113.32101667 -535.468898338195 3330  1624.701059
0.97107175 1.69293179 120.85770360 -535.467551364355 3331  1920.327652
1.02326611 1.77003752  80.72689652 -535.460253129603 3332  3522.105063
0.87250617 1.67256807  99.63654014 -535.465960359449 3333  2269.512873
0.99222067 1.77418703 126.91770514 -535.455823557473 3334  4494.283791
1.07054359 1.67468391  97.72414729 -535.467103546314 3335  2018.612353
1.02661597 1.73197721  82.59034111 -535.461963209618 3336  3146.785875
0.94455878 1.84122837 127.45924186 -535.449122278377 3337  5965.044578
0.98092802 1.58891243 104.73095699 -535.470907730312 3338  1183.690457
0.87205161 2.02783766 101.05854153 -535.437747670124 3339  8461.482577
1.28747012 1.69384924  96.15776336 -535.426317993636 3340 10970.006657
1.14862745 1.67876061 121.48395559 -535.446292712036 3341  6586.062619
0.84348944 1.61188711 116.61624579 -535.452481954739 3342  5227.680833
1.24779018 1.68048573 119.48648402 -535.428575303258 3343 10474.584450
0.88843268 1.77328823  89.36554303 -535.463452661227 3344  2819.889026
0.87643664 1.96232278 102.75797020 -535.446083714239 3345  6631.932334
1.02863374 1.88838856 107.42322174 -535.459232323766 3346  3746.146052
0.99024267 1.84753219  65.59693126 -535.438043484282 3347  8396.558872
0.99750975 1.76822419  69.05625960 -535.443271703267 3348  7249.097417
0.85535239 1.71848460 113.76205569 -535.457859319256 3349  4047.485716
1.00463711 1.48186702 118.91703113 -535.446125622125 3350  6622.734616
1.08747273 1.44691736  99.93346884 -535.421150014363 3351 12104.247023
1.01773952 1.68722147  63.57197011 -535.422284081819 3352 11855.347982
0.98004626 1.99084426 133.76710988 -535.425202595561 3353 11214.808242
1.34768311 1.54650650 102.98129615 -535.403467862640 3354 15985.030826
1.13610551 1.65233504  88.60602979 -535.449818341780 3355  5812.276316
0.95201845 1.71080736  82.30674969 -535.463349133550 3356  2842.610726
0.88972789 1.50977655  99.65171126 -535.448114297698 3357  6186.270770
1.21735740 1.69306973 107.95998103 -535.441185607808 3358  7706.942457
1.01439643 1.48982390 114.97550242 -535.449179414529 3359  5952.504641
0.94838730 1.61759838  85.33618767 -535.459806640337 3360  3620.098132
0.95393765 1.70708769  83.81920376 -535.465185755586 3361  2439.518774
0.99752949 2.04202982 105.86255971 -535.444615429028 3362  6954.183695
0.96200476 1.64252384 100.00994572 -535.474682292757 3363   355.269741
1.03289313 1.61545662 122.48069687 -535.461735152195 3364  3196.838695
0.97238970 1.84524525  82.36127640 -535.461766768541 3365  3189.899709
0.94233713 1.48505186 144.90427381 -535.422822547156 3366 11737.168498
1.28429277 1.65777694 118.35656363 -535.421999844338 3367 11917.730899
0.79023655 1.69056215  72.00796716 -535.398063314814 3368 17171.191989
1.08381029 1.65651447  97.54948837 -535.464501326315 3369  2589.733639
0.97205937 1.56053703  96.37389735 -535.463236466554 3370  2867.338273
0.87934883 1.80378534 100.77544085 -535.463167745202 3371  2882.420867
1.01941790 1.48788896 102.77270433 -535.446846165483 3372  6464.593625
0.86727995 1.67561891 102.52686931 -535.465199217088 3373  2436.564316
0.99581087 1.75028956  98.73617772 -535.473975485726 3374   510.395956
0.90571259 1.62967251  68.85223625 -535.422218625946 3375 11869.713886
1.26483841 1.59395928 105.33033678 -535.427500412618 3376 10710.495682
0.98719029 2.12133542  91.73921232 -535.438959278675 3377  8195.565232
1.19399412 1.66664968  86.24150956 -535.437739688263 3378  8463.234393
1.23561141 1.98379898 104.27014430 -535.416296792536 3379 13169.406114
0.95940035 1.58755802 141.08974259 -535.442131411443 3380  7499.362549
1.11079423 1.71036028  95.75217494 -535.460813892596 3381  3399.031810
0.95859337 1.69029821  61.58205476 -535.415994482616 3382 13235.755474
0.82868823 1.62560039  88.95748754 -535.441539414676 3383  7629.290824
0.94329416 1.86870523  98.59766977 -535.465897839811 3384  2283.234348
1.00225496 1.61173473 127.95349751 -535.458660973074 3385  3871.543037
0.91616694 1.52623211 119.91230346 -535.455796306030 3386  4500.264792
0.85428205 1.70035051 112.54253366 -535.458919012804 3387  3814.909861
0.92827979 1.72067463 110.32596820 -535.472628663593 3388   805.989253
1.15891186 1.65503860 111.21095810 -535.451285676762 3389  5490.233506
1.27534719 1.72160136 110.61215642 -535.427638766667 3390 10680.130477
1.37756100 1.70616605 103.48745132 -535.408622482029 3391 14853.722615
0.89690075 2.08400814 104.44091610 -535.435112460407 3392  9039.844269
1.01175278 1.72958023 138.42282961 -535.441984245578 3393  7531.661724
0.88393715 1.67561573 116.45246514 -535.464433553921 3394  2604.607960
0.90841039 1.59685646 122.76391166 -535.461518246308 3395  3244.444035
0.96547318 1.68048762  92.95427919 -535.472982497741 3396   728.331632
1.03403957 1.63489888 111.80009477 -535.469555563720 3397  1480.456727
0.76349767 1.73054897 116.39296352 -535.407622572597 3398 15073.177373
0.87774266 1.51969912 112.42184227 -535.451651831395 3399  5409.871851
0.94199601 1.59017416  67.18961519 -535.412129266992 3400 14084.072264
0.93258323 1.68706402 127.03244874 -535.460451028992 3401  3478.671167
0.96595680 1.70014658 141.63564619 -535.440741527201 3402  7804.406886
0.86873441 1.78879450 105.64826069 -535.460919427078 3403  3375.869668
0.96885718 1.76780974 108.74184333 -535.472209087927 3404   898.075469
1.21397320 1.69355516  87.70139633 -535.436497257293 3405  8735.916477
1.06477332 1.63413606 109.94691702 -535.466536734675 3406  2143.013131
0.99952293 1.67002787 132.88654873 -535.453341941021 3407  5038.935657
1.06899918 1.74544837 102.42586669 -535.467230204378 3408  1990.814121
1.08244594 1.72916338 128.68057542 -535.447631492632 3409  6292.234235
0.73266075 1.83360159 102.76520946 -535.377455291998 3410 21694.130283
1.02455718 1.65129131 113.12448600 -535.470370619530 3411  1301.572650
1.01724672 2.22408476 103.17748881 -535.424311441001 3412 11410.394065
0.93014136 1.63857653 106.80228031 -535.473922012908 3413   522.131883
1.40421680 1.58929243 104.44706085 -535.398681683160 3414 17035.475822
0.84475849 1.64419332  96.54339589 -535.455648470348 3415  4532.710974
1.00212988 1.67711843 107.33125487 -535.474550905962 3416   384.105810
0.75796149 1.66905869 111.02920181 -535.408384260771 3417 14906.006139
0.97588658 1.96936974  99.69304623 -535.455734901509 3418  4513.741527
0.78163861 1.60396975 112.42296256 -535.423613385154 3419 11563.599617
1.00593452 1.73980036  65.26970990 -535.432932001589 3420  9518.399673
1.02768986 1.54912543  89.10944857 -535.450063389941 3421  5758.494460
1.02013469 1.72323567  79.43145266 -535.458198845466 3422  3972.968325
0.73432744 1.70236493 127.64007636 -535.372285513368 3423 22828.765563
0.80271287 1.73617795 109.39581099 -535.437342808824 3424  8550.339363
0.92848298 1.65040867  65.90879140 -535.420375310798 3425 12274.274806
1.29007636 1.69058861  81.04366513 -535.414123607121 3426 13646.365191
0.90176910 1.62246511  75.02673846 -535.436641928330 3427  8704.164854
0.98015009 1.73804365 111.38474720 -535.472458581773 3428   843.317898
0.88007866 1.63542090  95.33162778 -535.464021051466 3429  2695.141786
0.98817256 1.92458237 125.49418338 -535.442710017935 3430  7372.373100
0.85832107 1.73513719  86.54823659 -535.454618288742 3431  4758.809707
1.13176151 1.82308498  99.81703085 -535.453053166524 3432  5102.314335
1.02826045 1.63936070 108.11593637 -535.471461188316 3433  1062.220463
0.89621707 1.72706795  85.46191897 -535.462124255224 3434  3111.440450
1.34189195 1.67224991 124.05984558 -535.405365238330 3435 15568.604988
0.90039382 1.80962507 102.82022170 -535.466366990929 3436  2180.267578
1.01339785 1.80655215 112.30049638 -535.465557165435 3437  2358.003733
0.98446094 1.62041962  76.04437009 -535.443917516687 3438  7107.357752
1.28718956 1.66758041  96.26504120 -535.425776717980 3439 11088.802934
1.03552358 1.69740636  94.25816800 -535.470299383984 3440  1317.207046
0.95302121 1.92333813 123.85943116 -535.444776294114 3441  6918.877889
0.82537624 1.64898009  75.42339710 -535.419695776583 3442 12423.415330
1.02520921 1.76779201 100.05887002 -535.471229827276 3443  1112.998343
1.43966732 1.60054722 106.87340507 -535.393100032653 3444 18260.506532
0.97290634 1.84472597  95.57095627 -535.468413492978 3445  1731.112287
1.51917437 1.89337678 103.30488119 -535.368951369531 3446 23560.525566
1.05788224 1.73438216 105.33071884 -535.468657064035 3447  1677.654618
0.87606536 2.05560984  97.62973652 -535.436177639933 3448  8806.064380
0.93823238 1.91937570  82.96274821 -535.456152696749 3449  4422.046069
1.00895247 1.96006007 106.74451146 -535.453160331707 3450  5078.794295
1.08821098 1.92039650  98.03310985 -535.451405762466 3451  5463.877740
0.95715949 1.69240603 103.83464100 -535.476217642853 3452    18.299338
1.22010262 2.00409400 102.37183638 -535.417803819318 3453 12838.651961
1.12358178 1.72666962  93.15424650 -535.457532114482 3454  4119.298865
1.04077786 1.87403708  95.01651214 -535.461776235163 3455  3187.822026
1.16575543 1.83621727 100.80684796 -535.445749923202 3456  6705.191000
0.79036027 1.66801162 121.53168566 -535.424787900031 3457 11305.823393
0.95636372 1.45614596 117.46248466 -535.439989519415 3458  7969.453521
0.95129781 1.91687694  97.20298561 -535.461498157166 3459  3248.853093
1.00477266 1.81243143 123.29474339 -535.456056003258 3460  4443.267837
0.96488777 1.79476285  96.91768139 -535.472222926525 3461   895.038248
1.34046852 1.67844874 114.54806269 -535.413022368121 3462 13888.059219
1.02836303 1.76277030 117.65688808 -535.463686568621 3463  2768.552286
0.92908963 1.82336568 103.23014414 -535.468453153507 3464  1722.407806
1.02251010 1.62158643 121.03880016 -535.464280278202 3465  2638.248093
0.89271322 1.57522003  90.19153282 -535.454075905172 3466  4877.849143
1.30505453 1.81479549 102.80110928 -535.418712855347 3467 12639.141610
0.97867422 1.56366045 110.37647466 -535.467560113509 3468  1918.407434
0.86394863 1.79871329 108.65361366 -535.457746328124 3469  4072.284404
1.00004910 1.72824684 113.16586260 -535.471064103146 3471  1149.370586
1.53482466 1.73375886 108.13869874 -535.377161890842 3472 21758.524395
0.91689314 1.76116194  75.16588608 -535.451410655167 3473  5462.803916
0.84332436 1.80143336  94.35324552 -535.452341023345 3475  5258.611699
1.15207783 1.69382055  59.09380937 -535.400688320525 3476 16595.069818
0.94818479 1.64816313  79.89103439 -535.454916716400 3477  4693.312405
0.80316385 1.74311586 113.90005321 -535.434802947177 3478  9107.774572
0.93651102 1.71489603 106.47690868 -535.474710330618 3479   349.116141
0.93133524 1.74229424 121.66646139 -535.463417278271 3480  2827.654688
0.89920600 1.94016188  99.70133711 -535.453845625331 3481  4928.389727
1.14790573 1.70361187 122.70218250 -535.444685257169 3482  6938.858189
0.74470400 1.86318051 105.83685949 -535.385500997056 3483 19928.302099
0.94270558 1.70137016  90.19120500 -535.470986053033 3484  1166.500606
1.04161083 1.58989439 100.84886652 -535.465644062715 3485  2338.931984
0.99655252 1.84717364  96.66062140 -535.467639699432 3486  1900.940343
0.85677546 1.70698758  73.13961252 -535.432433642005 3487  9627.776961
1.05324102 1.67182965  82.22707994 -535.456176233726 3488  4416.880299
1.36605991 1.67989251  86.53771150 -535.403422040527 3489 15995.087617
1.17103289 1.71525991  77.00458514 -535.433709584441 3490  9347.739960
0.86920520 2.22055412  98.74052976 -535.415595736457 3491 13323.270142
0.93085645 1.80266383  93.55516698 -535.469636545529 3492  1462.683274
0.82807787 1.77656993 105.18064389 -535.448400239867 3493  6123.513716
0.97205639 1.65667596 130.60901512 -535.457586711023 3494  4107.316309
1.16903369 1.68325481  89.80032983 -535.446598692366 3495  6518.907697
1.10993420 1.66512069 132.20003829 -535.441000008446 3496  7747.676809
1.14666943 1.62754700 113.29419774 -535.451687062820 3497  5402.139447
1.10765258 1.69128370  92.56927051 -535.459594023868 3498  3666.762054
0.84572907 1.62116724  85.26661747 -535.442490472566 3499  7420.557740
0.96036119 1.44829285 112.91693560 -535.437849337482 3500  8439.169170
0.97758932 1.51155580 108.78356934 -535.457713901076 3501  4079.401318
0.92277143 1.72306816  66.54073789 -535.431582645964 3502  9814.549006
0.92648707 1.83715251 112.68904145 -535.462694607525 3503  2986.262586
0.97629535 1.87136759 140.73943407 -535.427362713625 3504 10740.717118
1.07871887 1.65191301  79.21588758 -535.446736804743 3505  6488.595534
0.99231356 1.72590263 128.20808318 -535.457546420557 3506  4116.159044
1.01105549 1.74428828  69.38523985 -535.442304580225 3507  7461.356394
0.92112546 1.56132571 110.33470267 -535.465788626811 3508  2307.203832
1.28238816 1.87575752 100.55043496 -535.418768624468 3509 12626.901702
0.83875773 2.15092838 105.78064396 -535.411017537374 3510 14328.068716
1.21167806 1.71650150 122.13205303 -535.432555210274 3511  9601.095809
1.09759786 1.49116572 104.31223427 -535.438837273812 3512  8222.342205
0.91341649 1.71051893 127.32246754 -535.457488247914 3513  4128.926464
0.92999546 1.77354161 119.65552200 -535.463024156349 3515  2913.934978
1.11279033 1.69788408 141.35592907 -535.426263705986 3516 10981.921419
0.95345649 1.92241991 117.33653743 -535.451392359593 3517  5466.819330
1.11447319 1.75457766 108.57212886 -535.458392532262 3518  3930.458986
0.74070008 1.90259971 103.72442431 -535.377975239591 3519 21580.014975
0.73463084 1.74036855 107.27384396 -535.385755198124 3520 19872.511412
0.92176253 1.79967563  84.78948579 -535.463734879600 3521  2757.949252
0.94324783 1.90182347  73.08856419 -535.447919146325 3522  6229.101546
0.92807476 1.72063833 115.50949820 -535.469610755971 3523  1468.343428
1.07332248 1.69018195 109.52719833 -535.466428596945 3524  2166.746620
0.97271245 1.87687371 120.70322929 -535.453467600611 3525  5011.356565
1.26707008 1.70206507  95.07831424 -535.430277215090 3526 10101.057972
0.92820093 2.04192724  96.20221546 -535.446218877397 3527  6602.267449
1.14263619 1.50772799  97.77639514 -535.432259731195 3528  9665.945972
1.10884305 1.71764769 124.18090223 -535.449368193504 3529  5911.072445
1.02810563 1.76869001 101.88422689 -535.470855033692 3530  1195.256029
1.04467350 1.64435013  71.49831174 -535.434554420559 3531  9162.319861
1.04457735 1.75096998 123.77062405 -535.456926239478 3532  4252.273060
1.19454766 1.68897221 100.51108704 -535.446449190403 3533  6551.719586
1.18461145 1.62265660 106.93663009 -535.446117161481 3534  6624.591513
0.89646724 2.12315792 103.23320081 -535.430943692532 3535  9954.783078
0.84066267 1.70290075  83.48523256 -535.444719544306 3536  6931.333033
0.83997025 1.40782835 108.36619554 -535.399466142951 3537 16863.306796
1.11420564 1.67786537 126.36448111 -535.447298282325 3538  6365.365446
1.34345662 1.75519770 106.91077353 -535.413434165387 3539 13797.680164
0.71203318 1.80416109 104.17974594 -535.356413710035 3540 26312.223813
0.78237460 1.66940676  96.63509228 -535.426072777591 3541 11023.825359
0.95077294 2.16066570  96.30309112 -535.434104522389 3542  9261.061098
1.43242390 1.66177396 102.27064155 -535.397446278428 3543 17306.615825
1.41020405 1.67102619  87.08021974 -535.394466383871 3544 17960.627097
0.99981211 1.60922037  96.65587574 -535.469474738869 3545  1498.195732
1.02082859 1.73820613  93.34703512 -535.471090387326 3546  1143.601876
1.07366521 1.70841627  76.02516642 -535.446975027318 3547  6436.311721
0.95603836 1.62290044  70.92305322 -535.431725665979 3548  9783.159741
1.23556215 1.67874600 126.40712482 -535.424335745866 3549 11405.059763
0.97689052 1.87338513  70.89199848 -535.446896173726 3550  6453.618084
0.93929007 1.94011004 101.77708069 -535.457742571907 3551  4073.108798
1.18986719 1.64312349  96.34990343 -535.444557630583 3552  6966.868988
1.01941225 1.58398223 121.25760977 -535.461936933489 3553  3152.552819
0.84086929 1.79230280 105.72262447 -535.452079767517 3554  5315.950727
1.04940589 1.67444649  64.76903460 -535.422142482339 3555 11886.425476
1.32875489 1.69214734  75.06836991 -535.399049529035 3556 16954.742983
0.96456858 1.89085554 127.86872036 -535.443864841869 3557  7118.918538
1.50622248 1.62327241  98.78891019 -535.381085151795 3558 20897.468128
0.80005035 1.64894510  97.40443328 -535.436469090778 3559  8742.098312
1.01133801 1.63511969 107.85199192 -535.472784184999 3560   771.856249
1.23500716 1.70552643 116.37745386 -535.433089876204 3561  9483.750199
0.96316444 1.44019986 106.58252453 -535.433201109148 3562  9459.337389
0.78603225 1.74403064 100.66460596 -535.428615169611 3563 10465.834797
1.05732743 1.60888195  96.54600712 -535.463991690048 3564  2701.585872
1.03344148 1.85444644  95.51340669 -535.464241386102 3565  2646.783922
0.83090144 1.74954318  84.84190404 -535.443215170535 3566  7261.504917
1.02330467 1.83994472  96.53953266 -535.466435847831 3567  2165.155234
0.82813737 1.71479684 132.96726685 -535.429048807003 3568 10370.662389
1.18277683 1.82412614 107.57774401 -535.441610947406 3569  7613.591204
0.98786687 1.74052307 125.18020270 -535.460438506505 3570  3481.419535
0.94068523 1.56450288 134.51593396 -535.448822266406 3571  6030.889596
0.84005144 2.18601887 100.05280735 -535.409643102628 3572 14629.722281
0.97456886 1.58676886  79.24809038 -535.444370891154 3573  7007.853556
1.35427022 1.70007693  91.43240797 -535.410180191824 3574 14511.844825
0.97788563 1.76309301  66.73069171 -535.438270936082 3575  8346.638971
1.11926035 1.64302547  93.97894635 -535.456284089082 3576  4393.208784
0.88603828 2.05366038  97.32708457 -535.438659108159 3577  8261.445046
0.95359322 1.70409657  84.65879820 -535.466071349157 3578  2245.153448
0.93148865 2.09737109 107.56302292 -535.436424468268 3579  8751.891822
1.50916956 1.74349831 100.61281251 -535.382050907472 3580 20685.509253
1.14664511 1.70130778  86.41212274 -535.448505742317 3581  6100.358605
0.95972890 1.50659304 116.06410744 -535.455545079245 3582  4555.402699
0.92639138 1.65424763  84.01340000 -535.460653961758 3583  3434.132572
0.75778198 1.64049228 116.79688773 -535.405196886075 3584 15605.554038
0.86033074 1.81155326 104.60998346 -535.457126233132 3585  4208.379526
1.04103040 1.90692400 103.91715682 -535.457501825199 3586  4125.946594
0.89533005 1.43908425 105.29917836 -535.427249756458 3587 10765.508351
1.08482281 1.68602965  56.89452083 -535.398370797792 3588 17103.707275
0.87364795 1.62921977 120.25232085 -535.459152072185 3589  3763.759238
0.91762828 1.69671450 126.94524190 -535.458994772136 3590  3798.282609
0.97981823 1.77336312  82.20530929 -535.464042286235 3591  2690.481293
0.95785222 2.03824453  71.37105146 -535.437587351642 3592  8496.668417
1.06157415 1.72008941 138.51684806 -535.437231309708 3593  8574.810591
1.05478972 1.68046768 113.97009380 -535.466798929367 3594  2085.468046
1.41912773 1.69929129 127.12947226 -535.386717752518 3595 19661.255138
0.95141464 1.91985095 102.78225968 -535.460266995030 3596  3519.061953
1.33219972 1.84096956 101.09487977 -535.411244924137 3597 14278.163089
1.39492337 1.64726242  99.72227108 -535.403855662300 3598 15899.918637
1.00042857 1.75759678 120.49552216 -535.463602411539 3599  2787.022631
0.92873329 1.58478319  86.58433884 -535.455346961458 3600  4598.884528
0.99574574 1.68323938 120.83760657 -535.466963395279 3601  2049.371950
1.09875109 1.70426744  76.33936405 -535.443892384025 3602  7112.873734
1.34448452 1.67139172  99.29558552 -535.414894315037 3603 13477.214352
0.99565985 1.75300671 140.11320217 -535.438759894262 3604  8239.325053
0.87233156 1.67381692  66.81378070 -535.416900748644 3605 13036.853068
0.84154588 1.67615512  84.92558090 -535.445636686378 3606  6730.043611
1.07839996 1.60936956 109.99853364 -535.463143300736 3607  2887.785807
1.30867241 1.72100009  95.07662888 -535.421536744797 3608 12019.369502
0.88828731 1.70525268 116.14641192 -535.464716102336 3609  2542.595750
0.94926758 1.51782298  63.52222420 -535.372982452554 3610 22675.805089
0.92884855 1.98221955  92.35556413 -535.452995370941 3611  5114.998999
1.06310738 1.57823411 112.50437842 -535.461552695330 3612  3236.883349
0.90205607 1.82513485  97.89108666 -535.465689457138 3614  2328.969059
0.98942011 1.65815057  90.19653831 -535.469303873238 3615  1535.696404
0.94531675 2.07843592 120.23148538 -535.430495437036 3616 10053.163790
0.82348409 2.14898595 103.57366746 -535.405758771841 3617 15482.234364
0.89377249 1.58441369  82.29438661 -535.443655794221 3618  7164.799195
1.20491235 1.75987316 100.99773238 -535.442977040053 3619  7313.768518
0.97826137 1.78812003  83.72390769 -535.465311969357 3620  2411.818052
1.14413881 1.79564803  97.55311591 -535.452677494854 3621  5184.764737
1.29810075 1.66470081  92.95684617 -535.421692567820 3622 11985.170301
1.22794891 1.68890912 138.63271453 -535.409336915696 3623 14696.922546
0.95091034 1.81270836  78.71321322 -535.458930893820 3624  3812.302279
0.84037827 1.76883554 109.40490668 -535.452263567522 3625  5275.611288
1.09663800 1.84451194 108.88145528 -535.454401302579 3626  4806.432666
0.84809699 1.64947703 119.60549116 -535.452989665185 3627  5116.251268
1.27183275 1.74309720 101.28490384 -535.429831093356 3628 10198.970376
0.99981638 1.85987579 123.44654495 -535.451531270982 3629  5436.331804
1.27385982 1.68226777  66.28959197 -535.396366945351 3630 17543.502059
0.92740143 1.88875212 106.09683159 -535.461063929509 3631  3344.155049
1.06179407 1.68442481 130.30911540 -535.450249644270 3632  5717.616359
0.93356609 1.77086076 145.30020125 -535.428873160338 3633 10409.212376
0.85704282 2.13602560 107.00566099 -535.418453210820 3634 12696.126998
1.13667803 1.66784285  73.20411184 -535.429739444143 3635 10219.085054
0.94755125 2.02134677  77.49435714 -535.443939921342 3636  7102.440498
0.93793943 1.50005744  94.96273200 -535.446176935134 3637  6611.472712
1.00739530 1.75927233  82.91483638 -535.463856622291 3638  2731.229819
1.06262246 1.66677215 121.44559739 -535.460216422059 3639  3530.161438
0.97827481 1.65821775  85.80575564 -535.464980451430 3640  2484.577829
1.53528126 1.70813423 115.86827620 -535.374988303217 3641 22235.571747
1.01537036 1.74020458  70.86797930 -535.444849982226 3642  6902.705218
0.96820779 2.18885690  81.06259342 -535.430253901416 3643 10106.174732
0.80886521 1.66246840 122.86532297 -535.433975787100 3644  9289.315228
1.01241675 1.64651132 107.08301926 -535.473303495878 3645   657.880683
0.99041383 1.67265291  77.68768800 -535.453796345103 3646  4939.205487
0.92942880 1.68405583 146.37324688 -535.433214775260 3647  9456.338024
0.92780837 1.71922114 120.97827097 -535.465142166997 3648  2449.085364
1.04990031 1.71245770  73.92283225 -535.446281609950 3649  6588.499245
0.98490766 1.78076494  95.41803993 -535.472419523470 3650   851.890205
1.09658709 1.69929867 124.37124451 -535.451809602769 3651  5375.245036
0.94677031 1.54839389 114.70060730 -535.464103021962 3652  2677.151341
0.95759089 1.65000260  94.97143969 -535.472823980345 3653   763.122180
0.94061094 1.45897860  67.28217155 -535.357809849554 3654 26005.806601
0.98555942 1.44949191  78.54750280 -535.393390635587 3655 18196.726559
1.01339207 1.64603847  98.86889893 -535.472526047588 3656   828.510863
0.76676416 1.67121768 121.02200144 -535.408998764708 3657 14771.138111
0.95764194 1.61368471  97.95380971 -535.471677945825 3658  1014.647688
0.81023578 1.79436082 112.90413178 -535.435224496092 3659  9015.255277
1.07938209 1.70752399 143.04772753 -535.428331923071 3660 10528.000228
1.28105741 1.69134808  76.99034593 -535.411057635096 3661 14319.268283
0.98207268 1.78531947  99.00679883 -535.472794855389 3662   769.514369
0.94994987 1.65941031  94.47138075 -535.472862654962 3663   754.634082
0.83386338 1.62669739  93.87015339 -535.448594725196 3664  6080.829120
0.73603064 1.75391780 100.29059319 -535.387241282601 3665 19546.353564
0.82957392 1.70886752 103.30269019 -535.452573981096 3666  5207.483382
0.88440024 1.59163517  91.73162635 -535.457028863989 3667  4229.749583
0.90656108 1.58543526  97.20792577 -535.464466262286 3668  2597.429304
0.98404609 1.74546687  90.92191006 -535.471771353841 3669   994.146998
0.85654111 1.61640116  86.82368589 -535.447580631316 3670  6303.397004
0.85931404 1.66487516  96.55283444 -535.461166755815 3671  3321.587283
1.00772299 1.51979872  88.81008011 -535.443386847565 3672  7223.826164
1.01950228 1.83637519 117.27308488 -535.458656861484 3673  3872.445426
0.84799635 1.68319866  79.49526248 -535.440131672309 3674  7938.254566
0.89715604 1.81936767  94.87605261 -535.464920946697 3675  2497.637608
0.90114550 1.91381304  99.39113521 -535.457084339097 3676  4217.574204
0.94765435 1.45849944 135.05878237 -535.427432718791 3677 10725.352760
1.38381089 1.71265993 102.17936268 -535.407280497310 3678 15148.254222
1.37798392 1.68236027 132.38958573 -535.388726939692 3679 19220.289515
0.87446810 1.71643072  77.48274692 -535.446324413693 3680  6579.104909
1.28212539 2.16399015 101.58210890 -535.387620339304 3681 19463.160232
1.02866528 1.84742232 108.32171574 -535.462880207197 3682  2945.528166
0.97896259 1.54456547 138.05626569 -535.441979274255 3683  7532.752803
1.07733547 1.67735560 122.14910976 -535.457445720574 3684  4138.260136
1.17741403 1.62732222  93.39376255 -535.444018450024 3685  7085.205444
1.26813425 1.67338032  96.39822132 -535.430016184066 3686 10158.347660
1.01065319 1.66278971  88.39710725 -535.466748284202 3687  2096.583376
1.11796192 1.69531055  91.81026730 -535.457528150762 3688  4120.168801
1.06154553 1.91446292  98.10516741 -535.455598763185 3689  4543.620436
0.93332518 1.66164668 107.71627363 -535.474642082070 3690   364.094967
1.21198571 1.62042040 104.05417366 -535.440602469798 3691  7834.926459
1.03631518 1.57681994  93.13329105 -535.459382069729 3692  3713.280611
1.37079162 1.70206299 127.46317424 -535.395463106773 3693 17741.871701
0.90745139 1.69982720 138.27193557 -535.442703400618 3694  7373.825433
1.11084821 1.84260401  99.27283504 -535.455075051169 3695  4658.561939
0.96839367 1.58915424 111.98064019 -535.470401545832 3696  1294.785111
0.98881633 1.51825558 107.82937671 -535.458840049150 3697  3832.240380
0.86078179 1.85634881 102.20088067 -535.453732054219 3698  4953.315705
0.92608979 1.95501792 114.36966641 -535.448446918563 3699  6113.268926
0.95381277 1.67805434 107.31277718 -535.475697619461 3700   132.431282
1.26021116 2.02477452 103.35780648 -535.406975925056 3701 15215.100106
0.85628165 1.71115345  73.42598123 -535.433211133025 3702  9457.137402
0.96158315 1.66489952  83.70183953 -535.462833976969 3703  2955.674528
0.82620205 1.74486499  99.87900987 -535.449854219315 3704  5804.402107
0.96788532 1.79892334  75.65123320 -535.455476001226 3705  4570.563572
0.95779686 1.65619349 107.72022499 -535.475415991961 3706   194.241375
0.82663183 1.85360687 102.18414661 -535.441869572626 3707  7556.829528
0.93291359 1.57184132  98.14000592 -535.465547252372 3708  2360.179399
1.01678070 1.69865375  70.38970396 -535.440717820338 3709  7809.609941
1.00731692 1.57282634  97.09408406 -535.464396795501 3710  2612.675501
1.47829162 2.03282882 102.61086869 -535.361894306744 3711 25109.371848
0.96409184 1.96982945  92.00000353 -535.455909193991 3712  4475.488748
0.89805265 1.72037311 107.12158116 -535.470342461671 3713  1307.752586
1.18872693 1.55381853 107.53848610 -535.437595958462 3714  8494.779438
1.06121231 1.81919265  95.61954555 -535.463861001551 3715  2730.268683
0.88500084 1.96652528  97.27785856 -535.448572194816 3716  6085.773967
0.96361283 2.15630121  71.22710515 -535.427960887805 3717 10609.433058
0.97806741 2.09594552 133.59717738 -535.415069457364 3718 13438.775054
0.86399488 1.65652564 134.97903764 -535.440762039648 3719  7799.904924
0.93638729 1.66916110 117.91255131 -535.469794739447 3720  1427.963721
0.94799494 2.06670183  83.01939613 -535.442753319855 3721  7362.869427
1.00482707 2.01404339 114.06021643 -535.442616856782 3722  7392.819610
0.95020715 1.58091622 110.36027153 -535.469872090963 3723  1410.987026
1.21390509 1.67825535 111.98700363 -535.440403074205 3724  7878.688734
1.04309505 1.73078444 126.02694766 -535.455780174027 3725  4503.805357
0.98286506 1.94195867 106.80011775 -535.456354710287 3726  4377.709221
0.86047251 1.84419093 110.17083943 -535.451784619674 3727  5380.728192
0.97869153 1.53114941  65.77833635 -535.389692669837 3728 19008.336244
0.95191916 1.87446431 126.29216637 -535.447333925603 3729  6357.542651
0.87446877 1.64892717  73.66009456 -535.432089193395 3730  9703.374694
0.90344639 1.67728514  93.09270926 -535.468850031115 3731  1635.303238
0.88770463 1.65950499  85.60148392 -535.457933439643 3732  4031.218171
0.97785585 1.91280873 111.03851283 -535.457397582978 3733  4148.825117
0.97437036 1.94882768  55.73325708 -535.416967396960 3734 13022.225453
1.08726379 1.72017382  80.80402412 -535.452581194980 3735  5205.900117
0.86926041 2.06853757 102.40789158 -535.431752345463 3736  9777.304271
1.12484609 1.88515477 106.15560836 -535.447172867502 3737  6392.890819
0.92729464 1.71664456 133.03055664 -535.451184084165 3738  5512.530504
0.98203245 1.62205048 117.26047984 -535.469762446382 3739  1435.051230
0.76991484 1.67239557  81.20063430 -535.401160020852 3740 16491.543561
0.85326279 1.57259831 109.02012081 -535.454824591505 3741  4713.531483
0.95861885 2.11948503  69.40581496 -535.429344997928 3742 10305.655993
0.96290568 1.77389193 101.87772410 -535.473632220395 3743   585.733989
1.13575485 1.72242615 108.44398936 -535.456145851586 3744  4423.548408
1.04569022 1.95050505 109.49942014 -535.449647204283 3745  5849.836656
0.90227144 1.77551544  98.81836421 -535.469190301119 3746  1560.622603
0.91923755 1.74158001  73.91126872 -535.448848376890 3747  6025.159007
1.14332888 1.71302465 101.14239745 -535.456213537612 3748  4408.693042
0.99247317 1.58396558  76.31457267 -535.437124786962 3749  8598.189632
1.32469377 1.69350207  71.42587660 -535.395251231231 3750 17788.373009
1.03128255 1.68652360 115.08369391 -535.468659957440 3751  1677.019589
0.95226016 1.55763123 125.11091142 -535.458596253364 3752  3885.747371
0.95443092 1.48474223 105.33103918 -535.449570792366 3753  5866.607133
0.89864259 1.83330129  93.86374400 -535.463882583356 3754  2725.532024
0.84914757 1.82321586 104.70841960 -535.452644517336 3755  5192.002466
0.91135911 1.62926494 109.39044031 -535.471308042532 3756  1095.832079
1.02214900 1.85898347 106.42298929 -535.463192061395 3757  2877.084080
1.12363611 1.66427357 107.70633586 -535.458986376869 3758  3800.125157
1.11196392 1.73861403 107.41108116 -535.459996148133 3759  3578.505977
0.94951197 1.67864477 107.62871470 -535.475521463053 3760   171.093146
0.98952317 1.60819112 111.74411226 -535.471476703459 3761  1058.815283
0.74130355 1.69865817 101.89842372 -535.394564046858 3762 17939.192548
1.03798650 1.74469238  90.56210222 -535.467907320986 3763  1842.204200
1.12150703 1.69680134  87.64749282 -535.453836629836 3764  4930.364010
0.89295031 1.68696576 103.22894679 -535.470699338351 3765  1229.427207
0.70203843 1.67089232 114.58103522 -535.347154219339 3766 28344.447157
0.99692893 1.53926294 114.00180099 -535.461932575961 3767  3153.509186
1.17030020 1.71609560 120.46677584 -535.442215590348 3768  7480.887415
1.01209057 1.64988052 103.01542151 -535.473649430879 3769   581.956725
1.18993953 1.72514374 101.14350408 -535.447133232170 3770  6401.589769
0.85227145 1.52505224  97.21087574 -535.441217577033 3771  7699.926023
1.02198234 1.66055495  83.74219748 -535.460328928461 3772  3505.469136
1.02331453 1.63144415  89.97362249 -535.464786161704 3773  2527.219495
0.98415367 1.67604926  75.11689364 -535.449469549009 3774  5888.827482
1.04803689 1.73097869  79.68051875 -535.456282922053 3775  4393.464918
1.06455461 1.75563860 104.36385579 -535.467089047812 3776  2021.794406
1.10496374 1.72624938 116.57449790 -535.456620352422 3777  4319.407510
1.29888452 1.75278064 108.94365983 -535.422132190553 3778 11888.684262
0.98323611 2.06726457 105.16669813 -535.442444857224 3779  7430.569151
1.01214521 1.52747885  94.53319709 -535.452437493709 3780  5237.438901
0.96687631 1.96566187  98.99610831 -535.456310952799 3781  4387.312880
0.86234777 1.72637110 127.29202989 -535.447090894980 3782  6410.881708
0.91117551 1.73486618  87.16671946 -535.466022585784 3783  2255.855771
1.27558946 1.71012156  80.54881064 -535.417482843797 3784 12909.097946
1.01328076 1.91037766 110.62023033 -535.456357412213 3785  4377.116217
0.82535615 1.59664069  90.40811496 -535.438234949384 3786  8354.537139
1.02026238 1.93961815 101.92638682 -535.456465491733 3787  4353.395504
0.91846290 1.57402053 113.19237693 -535.466467730578 3788  2158.157780
1.01820531 1.70087410 102.02759778 -535.473899445839 3789   527.084783
1.03267727 1.77333237 109.07921605 -535.468164783297 3790  1785.697753
1.13363742 2.11497571 104.50017145 -535.420736368597 3791 12195.031777
0.89711389 1.68036593 130.22847048 -535.453068711804 3792  5098.902540
0.82017319 1.75705783  89.10758203 -535.442280370579 3793  7466.669797
1.11253737 1.70392772  81.45811921 -535.449003525741 3794  5991.107769
0.86823302 1.71583660 111.20894790 -535.462915201277 3795  2937.847853
1.09675203 1.65834615 131.32013897 -535.444324008837 3796  7018.143035
1.10428378 1.72597546 125.51432950 -535.448242227243 3797  6158.193479
0.95271008 1.89391467  73.17036063 -535.448872005353 3798  6019.973158
0.94215779 2.00300281 103.26372468 -535.450175410659 3799  5733.908754
1.02206325 1.64770207  58.76423301 -535.399390206898 3800 16879.972833
0.90222095 1.58261042  84.51999475 -535.448659053434 3801  6066.710703
1.04298941 2.20343289 106.65181518 -535.422868310256 3802 11727.124659
0.85961182 1.87806888 105.54257878 -535.450201589503 3803  5728.163162
0.96640957 1.87542555  80.72622567 -535.458551822375 3804  3895.498847
1.25368080 1.55931758  98.65768752 -535.423025923069 3805 11692.532644
1.08728401 1.68966660  73.24653720 -535.439057737532 3806  8173.956010
0.98752767 1.47353317 124.07254754 -535.441542561875 3807  7628.600093
1.30506566 1.69092711  68.62830181 -535.395017515621 3808 17839.667657
0.97613946 1.61109100 129.87624413 -535.457683212929 3809  4086.136588
0.89161803 1.51343367 111.01080044 -535.453017973546 3810  5110.038301
1.33906226 1.70889258 104.07107882 -535.416467377796 3811 13131.966977
1.15440545 1.72224561  89.28196198 -535.449807790031 3812  5814.592157
0.89706851 1.86807757 110.64617050 -535.457199676559 3813  4192.260557
1.25155571 1.75673842 100.20057063 -535.433552013540 3814  9382.322776
0.89751630 1.96611282 111.34191368 -535.445646242891 3815  6727.946198
1.05246879 1.65879872  58.65778199 -535.400711634880 3816 16589.952909
1.00848018 1.74850811 144.00893519 -535.432064587293 3817  9708.775109
1.11306472 1.69963401 104.87839236 -535.461447201551 3818  3260.036558
1.11803950 1.78472117 104.76112237 -535.457299681759 3819  4170.311952
1.03857547 1.58739542  95.12189412 -535.462485143111 3820  3032.234712
1.08686100 1.81683073 103.16187917 -535.460313629581 3821  3508.826852
1.05261464 1.66561630 119.27424802 -535.463378492681 3822  2836.167141
0.93342338 1.63091174  96.93137629 -535.471730608186 3823  1003.089636
1.09099610 1.64929554  89.96175212 -535.458193183588 3824  3974.210964
1.00891594 1.71523452 103.54217596 -535.474345149958 3825   429.264034
0.87488238 1.47244135 104.50559283 -535.436416358269 3826  8753.671761
1.43631987 1.73734867 106.61528165 -535.395576430116 3827 17717.000102
0.86259639 2.09744777 107.48705311 -535.424331008056 3828 11406.099592
1.17724232 1.87559927 104.78135470 -535.439118380172 3829  8160.646489
0.86390356 1.66198053 112.04094880 -535.462403810425 3830  3050.085174
1.12930338 1.64092042 120.59181427 -535.450373579338 3831  5690.415755
0.97227470 1.63388871 119.01110656 -535.469202329457 3832  1557.982688
0.89304978 1.76107593 125.56773494 -535.453386899258 3833  5029.068465
1.14911137 1.61580473 101.46823835 -535.452089496839 3834  5313.815387
1.07174045 1.78682368 104.44620758 -535.464311712130 3835  2631.349143
0.88869070 1.54723576  92.02229695 -535.449907353980 3836  5792.740396
0.95671278 1.64396351  93.98398314 -535.471784671227 3837   991.224169
1.09632525 1.74819490 116.03792975 -535.457284877969 3838  4173.561008
0.90244962 1.82228027 109.76353388 -535.463093752981 3839  2898.660283
0.98673454 1.80330545  89.44925079 -535.468793019540 3840  1647.815833
0.94979147 2.08676543 117.63877527 -535.432010496523 3841  9720.646661
1.01540801 1.74594579 104.05679756 -535.472779221616 3842   772.945585
1.08735288 1.62873468  98.06631387 -535.462465638650 3843  3036.515447
1.44757330 1.65715900 114.12296648 -535.392197544733 3844 18458.579739
0.96469684 1.95200313 115.00030834 -535.450142189514 3845  5741.199953
1.03274899 1.47605803 108.81949942 -535.443753812640 3846  7143.286638
1.00370296 1.53692745 105.04350477 -535.461649716566 3847  3215.589649
0.96683725 1.91427479  76.44907226 -535.451937879329 3848  5347.091585
0.91598515 1.89219798 111.33687401 -535.456781947542 3849  4283.941480
1.19530017 1.57933375 104.42457970 -535.439845468024 3850  8001.069147
1.24118955 1.71633550  84.91698674 -535.429177206927 3851 10342.481862
0.88494853 2.18669554 104.97974214 -535.420938038352 3852 12150.770381
1.29996263 1.76273787  97.31201562 -535.422903422974 3853 11719.418308
1.01400829 1.84983248 105.84996934 -535.464921617182 3854  2497.490454
0.90381971 1.66379492  70.30011181 -535.431757260898 3855  9776.225457
0.95346710 1.99894487 107.53736949 -535.449276412987 3856  5931.215940
0.99129636 1.61112908 119.21343557 -535.467448252472 3857  1942.958095
1.31416305 1.70276884 132.29623235 -535.400718464528 3858 16588.453974
0.97822089 1.95800347 105.33411852 -535.455267299960 3859  4616.368206
0.98473024 1.77562583  78.98057210 -535.460081458545 3860  3559.782506
1.01264190 2.09896430  95.62849262 -535.440082890691 3861  7948.960894
0.92468287 1.75484131 125.35505808 -535.458109919091 3862  3992.485409
0.90487272 1.68489408 130.54815243 -535.453622911122 3863  4977.269847
0.97584287 1.67481741  64.24550753 -535.422596410529 3864 11786.799752
0.97699101 1.51715588 113.39330241 -535.458579383237 3865  3889.449936
0.92381012 1.80866480 122.80369536 -535.456329469301 3866  4383.248977
0.92127101 1.68821597  99.92370343 -535.474085518822 3867   486.246482
1.04240056 1.70595575  85.80261579 -535.463376871995 3868  2836.522840
1.20043165 1.71640027  98.76020154 -535.444981382046 3869  6873.866290
0.94793098 2.13053999  81.64435337 -535.435705811060 3870  8909.618850
1.14001777 1.65732016 120.78011734 -535.448553592467 3871  6089.856710
0.85570239 1.64622548 116.41460080 -535.457595225210 3872  4105.447661
0.90425166 1.48272890 101.68832323 -535.443473550660 3873  7204.797034
0.92223587 1.85902498 118.90563813 -535.455053284529 3874  4663.339165
1.02082759 1.67823010 138.67737532 -535.443315784200 3875  7239.422770
1.05950984 1.81383850  93.05887458 -535.463818986127 3876  2739.490003
1.05187378 1.67903424 104.43474953 -535.470396972903 3877  1295.788753
0.92802993 1.61812207 139.50917520 -535.444533215189 3878  6972.227548
0.98224887 1.97212886  78.57525242 -535.449495831349 3879  5883.059175
1.03707843 1.65844208  95.94961769 -535.469805832472 3880  1425.529084
1.05499535 1.78955637 112.80250527 -535.462515899664 3881  3025.484429
0.92061303 1.80294779 114.44325118 -535.464103160315 3882  2677.120976
1.06252927 1.70471356  78.01389568 -535.451210386507 3883  5506.757807
0.92290767 1.59415453 113.82802706 -535.468640590292 3884  1681.270186
0.96530041 1.57300228 145.50105247 -535.434884662661 3885  9089.840096
0.86598882 1.60812688 106.37953515 -535.462120530937 3886  3112.257836
0.90685066 1.57136714  88.12684019 -535.452741631200 3887  5170.688436
1.10946224 1.77759508  94.50588557 -535.459009559839 3888  3795.037084
0.94894612 1.83532280  99.29630943 -535.469078645557 3889  1585.128167
0.99768162 1.58634613 136.46186105 -535.447079434179 3890  6413.397063
0.92321145 1.65730745 103.93823377 -535.474182671832 3891   464.923861
0.89179638 1.53971135  96.91922335 -535.453795057620 3892  4939.488057
1.02845397 2.05319494 109.88306880 -535.439168720752 3893  8149.598008
1.12460520 1.80625646 102.52628825 -535.455204674196 3894  4630.112973
0.96886953 1.71200788 115.65398260 -535.471165308463 3895  1127.158586
0.83097483 1.74253103  99.07757795 -535.451839993052 3896  5368.575140
1.01992500 1.63058431  62.56751089 -535.408840765571 3897 14805.814914
0.94244300 2.15631249  87.53934313 -535.434260484937 3898  9226.831274
1.06054288 1.72092752 120.69870432 -535.459788431379 3899  3624.094536
0.99187508 1.74712405 127.73621622 -535.456832350099 3900  4272.879397
1.12418948 1.48944817 107.02395551 -535.434765738540 3901  9115.940924
0.97582909 1.66528031 134.49576510 -535.452295940823 3902  5268.506169
0.90303073 1.74170191 123.25914193 -535.458885131648 3903  3822.345915
0.93932375 1.74132935 118.27591906 -535.467077910962 3904  2024.238663
1.00000706 1.71267945 135.91110458 -535.447498854186 3905  6321.345010
0.89643335 1.53611864 101.93286139 -535.457073555069 3906  4219.941025
0.83025762 1.75195270  88.99029593 -535.446700585049 3907  6496.544838
0.97202368 1.95797873 116.20134511 -535.448484233120 3908  6105.079328
1.05211486 1.64896110  78.56667199 -535.448478706075 3909  6106.292374
0.87961312 1.67517933  93.14118154 -535.464579162536 3910  2572.650562
1.03954848 1.66294461  94.75211485 -535.469133646128 3911  1573.056937
0.94639588 1.51265559  89.54664200 -535.443341953690 3912  7233.679231
1.03366820 1.59480483 104.12572429 -535.467836570664 3913  1857.732101
1.14294650 1.68495160 128.47006464 -535.439703539742 3914  8032.218805
0.95149172 2.15193387  93.47610071 -535.435396978667 3915  8977.399727
1.49556548 1.79155566 100.43939400 -535.382097463341 3916 20675.291420
1.10606892 1.82251706  97.32635594 -535.457392155854 3917  4150.016233
0.71377635 1.65042367 100.04010952 -535.364022850973 3918 24642.210380
1.02034483 1.58485447  92.91229575 -535.461969786467 3919  3145.342424
0.94001995 1.86651069 121.94819976 -535.452574110008 3920  5207.455089
1.04592451 1.66867559  60.67092416 -535.409506987174 3921 14659.596171
0.97872650 1.72568764 124.69417815 -535.462145162123 3922  3106.851916
0.95583575 1.99940356  93.38882186 -535.452676390815 3923  5185.007046
0.99025364 1.69397772  90.30562292 -535.470971189886 3924  1169.762690
0.97650415 1.80077781 100.79463412 -535.471891243497 3925   967.834259
1.04815070 1.72273064 110.40257600 -535.468515520620 3926  1708.719807
0.93735958 1.50390779 136.36473712 -535.437475191280 3927  8521.284772
1.02116910 2.03092323  95.52677798 -535.447204556635 3928  6385.935858
0.91584155 1.72612704  77.59302488 -535.454285119828 3929  4831.931832
0.84144123 1.66464174  94.43679160 -535.454242439446 3930  4841.299094
0.91224051 1.70796106 110.40798644 -535.471500152218 3931  1053.668875
0.95383587 1.51161066 146.92661671 -535.425708223017 3932 11103.835841
0.78425126 1.67594228  66.43223159 -535.377057638353 3933 21781.405172
0.97526069 1.99041089 131.22138947 -535.428674844356 3934 10452.737704
1.09098529 1.60867568  99.56531749 -535.460726404342 3935  3418.233262
0.88938920 1.70429185  86.07547100 -535.461143868199 3936  3326.610534
0.96353368 2.04540867  56.35858386 -535.416376328875 3937 13151.949905
1.05099664 1.64899527  90.36846369 -535.463871102727 3938  2728.051731
0.96152610 1.60386124 122.42276834 -535.465204124681 3939  2435.487223
1.07892895 1.50363849 108.38221932 -535.446152410426 3940  6616.855263
1.00165965 1.67912896 142.79403531 -535.438506892868 3941  8294.852442
0.96720590 2.09354176  65.08367800 -535.426974794705 3942 10825.855481
1.42217794 1.70429139 129.57534283 -535.383263051563 3943 20419.474370
0.98079203 1.82235377 100.54571102 -535.470203462595 3944  1338.259357
0.94176494 1.56482012  69.01108836 -535.410745491427 3945 14387.775901
0.87370266 1.48144761  97.51055144 -535.434013836827 3946  9280.964278
0.96590461 1.48007179 115.35901551 -535.448571243553 3947  6085.982745
1.28588488 1.51626745 105.18113396 -535.410275113511 3948 14491.011923
0.81809815 1.69363093 115.46568554 -535.443671418471 3949  7161.370068
1.00753410 1.58097936 107.87351927 -535.468651472996 3950  1678.881709
0.97870996 1.71393930 137.61898864 -535.445865569412 3951  6679.809590
0.98601372 1.70839138 117.01698901 -535.469897130042 3952  1405.491583
0.78406103 1.67110541  82.19296362 -535.412615366345 3953 13977.385785
1.01216699 1.81836475  90.56845936 -535.467220616317 3954  1992.918457
1.05783386 1.66014812 114.22807443 -535.466244317652 3955  2207.191250
1.12402639 1.70193065 113.64446388 -535.456261043952 3956  4398.266606
0.98966752 1.75084367  98.98119659 -535.474258672805 3957   448.243575
0.95259126 1.74772642  98.15535061 -535.474588482129 3958   375.858794
0.89294208 1.79531975  92.27145588 -535.464870540661 3959  2508.700455
0.98006194 2.08894633 115.44771901 -535.433851512718 3960  9316.590303
0.79463639 1.83974573 101.88231341 -535.426918275296 3961 10838.260058
0.98613002 1.58934627 133.79963054 -535.451381130970 3962  5469.283728
0.94304841 1.57070718  76.29859490 -535.433177225405 3963  9464.579265
1.07872563 1.92522083 105.17795650 -535.450507626982 3964  5660.995698
1.04154368 2.01562362 104.13605063 -535.445156956382 3965  6835.332177
0.91458463 1.95229620 107.48818922 -535.451961507350 3966  5341.905834
0.83151155 1.64330804 111.92507707 -535.451571741464 3967  5427.449560
1.09309810 1.83724419  99.44924615 -535.458282746913 3968  3954.554086
1.13413661 1.66482425 115.18199277 -535.453884900883 3969  4919.769739
0.97278877 1.73314306 108.64638534 -535.474093611379 3970   484.470371
0.99773382 1.88932112 108.54502535 -535.460741310506 3971  3414.961737
0.97464877 1.83505460 126.44590817 -535.451421564251 3972  5460.409649
0.79815638 1.67926400 140.17839345 -535.406437294885 3973 15333.315766
0.96529890 1.99557235  85.69856557 -535.451557064676 3974  5430.670742
1.17802364 2.04587618 104.55022367 -535.420533853950 3975 12239.478605
1.38228611 1.70814962  86.53839159 -535.401094332410 3976 16505.960508
0.97921197 1.51075456 102.23074069 -535.455643106078 3977  4533.888295
0.98097409 1.89318055 126.99158511 -535.444572894932 3978  6963.518850
1.14417349 1.65285819  84.37273188 -535.443887176674 3979  7114.016615
0.95965473 1.60657207 103.46794583 -535.472832958940 3980   761.151606
1.06132036 1.66341238  93.71376403 -535.466008282444 3981  2258.994992
1.00193040 1.71102550  88.28537634 -535.469118252532 3982  1576.435440
0.98553507 1.96906321  96.31757932 -535.455990446513 3983  4457.655880
1.05228442 1.71601469  61.87533347 -535.419608692987 3984 12442.527970
0.80142083 1.97555309 105.94606834 -535.414385102306 3985 13588.973631
1.16409105 1.61772897 102.00827876 -535.449559972137 3986  5868.981899
1.20684844 1.70816372 122.67361958 -535.433290640700 3987  9439.687484
1.33221787 1.67151833  89.30742781 -535.412353267255 3988 14034.909888
0.77192523 1.71999980 108.79908656 -535.418777187541 3989 12625.022325
1.30678342 1.69282431  74.60965190 -535.402895648658 3990 16110.617281
1.03598632 1.73630174  79.12329278 -535.456851837318 3991  4268.602447
0.93266941 1.88366469  95.06185927 -535.463726186506 3992  2759.857166
0.96078498 1.84632485 106.47409523 -535.466770630435 3993  2091.678944
0.98988051 1.85183416  94.75150312 -535.467308401124 3994  1973.651918
0.81282123 1.70448290  92.41185812 -535.441706577506 3995  7592.602822
1.07058268 1.80937256 112.40561803 -535.459211808200 3996  3750.648698
1.17121596 1.74379252 100.48337034 -535.450244211491 3997  5718.808716
1.46151163 2.03040406 102.57228587 -535.365411682741 3998 24337.397034
1.17961577 1.77662227 109.39177354 -535.444927007065 3999  6885.800219
0.94019319 1.92515345  92.02514679 -535.459718860081 4000  3639.363672
1.32595681 1.64317148 107.75497804 -535.418076280793 4001 12778.853578
1.01478785 1.74630803  60.47286701 -535.420633093684 4002 12217.698001
0.99531147 1.58371742 103.30233230 -535.469433893451 4003  1507.160265
1.06858840 1.62876337 125.26656952 -535.455207973003 4004  4629.388968
1.12235995 1.61685676 104.38521348 -535.457343901674 4005  4160.606802
0.98929929 1.44365934 114.60945197 -535.435137396552 4006  9034.371417
1.04586826 1.69018804  90.71027661 -535.466855182291 4007  2073.121956
1.22852449 1.66582257 111.97696267 -535.437385442131 4008  8540.982433
0.96975051 1.70319269 119.74664721 -535.468234695773 4009  1770.353738
0.92984434 1.62614682 105.26548583 -535.473352676012 4010   647.086891
1.07835543 1.71516450  97.02951500 -535.466172091195 4011  2223.043126
0.96161204 1.43835179  86.43891478 -535.406917767896 4012 15227.864128
0.93742758 1.98187532 106.06533991 -535.451251167541 4013  5497.807404
0.94825171 2.05399344 106.07619915 -535.443273164682 4014  7248.776673
0.93652944 1.72948186 105.99628740 -535.474333699442 4015   431.777131
1.00678301 1.78182483 120.36456582 -535.461555799186 4016  3236.202131
0.87171306 1.95828970 106.02021697 -535.444173751084 4017  7051.120801
1.03083662 1.77386609  81.62630711 -535.460598546718 4018  3446.294768
0.76634272 1.55323430 107.67919565 -535.407784608792 4019 15037.614538
0.96109186 1.64459842  55.43417023 -535.382505122416 4020 20585.820593
0.95569706 1.75463037  82.53197614 -535.464463055923 4021  2598.133019
1.07891021 1.66892582  86.51432283 -535.457942429516 4022  4029.245122
0.78458399 1.70583367 106.58245960 -535.428669965232 4023 10453.808548
1.17813314 1.66827256 107.75372177 -535.448982173372 4024  5995.794072
0.98039762 2.20801438  89.28147180 -535.429781302595 4025 10209.898186
1.32298942 1.77885188 100.28057387 -535.417501080793 4026 12905.095388
0.96066292 1.95984226 106.04916839 -535.454753829435 4027  4729.061962
0.91883583 2.06874087 109.11679932 -535.437718664260 4028  8467.848628
0.99607065 1.75130856 118.71334548 -535.465887722631 4029  2285.454813
1.02005335 1.68679927 108.54991345 -535.472875954371 4030   751.715199
0.91072634 1.83114197 116.66613029 -535.458627961319 4031  3878.788280
0.98567881 1.67644744  93.94562952 -535.473115389999 4032   699.165152
1.16834778 1.78941868 105.58510006 -535.447712678603 4033  6274.415974
1.01330633 1.92418074 106.31887492 -535.457114936500 4034  4210.858850
1.50240686 1.52246143 104.69318312 -535.370921226893 4035 23128.191840
0.87749564 1.73494376 116.93907977 -535.460522467450 4036  3462.992237
0.99803459 2.14083551 113.31587764 -535.429103383869 4037 10358.684151
0.98451477 1.88530128 100.08818799 -535.464496346894 4038  2590.826495
1.17568183 1.77946513  98.84117550 -535.447772065159 4039  6261.382131
1.01356945 1.52755663 121.35186598 -535.454744777554 4040  4731.048621
1.18399279 1.92888276 104.15784106 -535.432612346541 4041  9588.555848
1.05819839 1.79470458  93.90293466 -535.465344609829 4042  2404.654297
1.52286394 1.50357160 105.38982772 -535.363788227442 4043 24693.704294
0.78795083 1.74524616 112.08358910 -535.426828624821 4044 10857.936063
0.92136221 1.52861920 111.06268980 -535.460052603716 4045  3566.115409
1.16727375 1.95971377 104.76178441 -535.432219884787 4046  9674.691248
1.06341432 1.85851905 107.49791625 -535.458407687250 4047  3927.132851
0.96013514 1.77082750 135.26296501 -535.445508113236 4048  6758.262154
1.05365418 1.83915219 112.90116564 -535.458370639538 4049  3935.263884
1.06458871 1.98531231 102.19034701 -535.446711714464 4050  6494.102213
1.06422159 1.65739063 127.91635847 -535.453251634962 4051  5058.755547
1.00739326 1.93870089 110.07015895 -535.453907823375 4052  4914.738834
0.87379805 1.67762846 115.72815049 -535.462734388581 4053  2977.531653
1.09935074 1.71089806  85.98513181 -535.456266953499 4054  4396.969610
0.96995554 1.54634780  87.69441954 -535.450283392734 4055  5710.209427
0.98791092 1.86182548  87.03281434 -535.463797393861 4056  2744.228957
1.01879335 1.80425782  91.00819497 -535.467733719710 4057  1880.305277
0.99774538 2.00480955 113.19361672 -535.444683845787 4058  6939.167952
0.86316605 1.64138033 114.14997574 -535.460909879284 4059  3377.965166
1.07986448 2.09214392 104.50415105 -535.431596482829 4060  9811.512166
0.97370533 1.75252186  96.50008780 -535.474181202999 4061   465.246233
1.41851754 1.71444609 111.64629442 -535.398193237314 4062 17142.677296
0.88293234 1.64543647  65.82610005 -535.411482842731 4063 14225.945993
0.92771611 1.86252898 102.65893365 -535.464894580753 4064  2503.424264
1.06912960 1.52414778  99.91495985 -535.449864285033 4065  5802.192937
0.71143688 1.41988459 107.14122736 -535.312290148079 4066 35996.226486
0.98129384 1.68391545 129.27132906 -535.458493938980 4067  3908.202784
1.09858295 1.72253483  82.91979077 -535.453502616191 4068  5003.671533
1.01432573 1.66525685 110.46301202 -535.472641028429 4069   803.275485
0.96427325 1.70489945  86.71054782 -535.468502591037 4070  1711.557523
1.09943037 1.63533622 115.48159275 -535.458957229506 4071  3806.522264
0.90700691 1.64512551  90.30637962 -535.465275258462 4072  2419.875163
1.28041338 1.79204797 104.58269333 -535.425096292460 4073 11238.139077
1.17526114 1.50037933 102.40845525 -535.427107345561 4074 10796.763931
1.16552569 1.69334279  84.56463045 -535.442931092833 4075  7323.852768
0.83988947 1.77332813  92.43335324 -535.451880565589 4076  5359.670497
1.40030290 1.59287621 100.54172666 -535.398871005672 4077 16993.924333
0.94982879 2.08831713 106.92244490 -535.438903847298 4078  8207.731013
0.97286451 1.53483994 104.47359888 -535.462412347472 4079  3048.211508
0.96706722 2.05981507 127.61493290 -535.425650998400 4080 11116.395193
1.08578129 1.82385781 104.02294087 -535.459705547323 4081  3642.285484
0.99694821 1.83281311 119.40826159 -535.458531583683 4082  3899.940726
0.95235887 1.47061911  67.84810538 -535.367877405671 4083 23796.233393
0.97162323 1.54679304 108.73742401 -535.465237976769 4084  2428.057549
0.96711431 1.55772655  78.53011387 -535.435908730458 4085  8865.083189
0.79251950 1.63349215  97.22957244 -535.431129573928 4086  9913.986826
0.70824178 1.81980631  96.94439767 -535.350624039285 4087 27582.909690
0.80639133 1.72098910 112.63756916 -535.438525202072 4088  8290.834036
1.00961321 1.63101398 102.34462895 -535.472785328323 4089   771.605318
1.00193456 1.67850702 123.47921367 -535.464154619190 4090  2665.827058
0.97136033 1.80041527  69.26308553 -535.444784987161 4091  6916.969986
0.85904522 1.73845654 106.97161027 -535.461081726499 4092  3340.249061
1.01494970 1.70444788 124.69074770 -535.461203780477 4093  3313.461309
0.91850273 1.51663016 109.83795823 -535.457274218831 4094  4175.900419
0.92848846 1.48645739  87.75831582 -535.430155142757 4095 10127.849752
0.84941428 1.63795811 125.23728220 -535.448233084437 4096  6160.200093
0.96871548 1.87038646  90.28545561 -535.464987995259 4097  2482.922150
0.96137519 1.74037363 103.68781593 -535.475116297113 4098   260.016793
1.09089115 1.57640467 113.19680756 -535.457094491057 4099  4215.346106
0.87329499 1.76330387 103.72411382 -535.464195425774 4100  2656.871048
0.97351178 1.75365194  97.05720702 -535.474272921847 4101   445.116272
0.92498436 1.73660755  59.94600349 -535.414092647849 4102 13653.159966
1.21573971 1.70243309  80.21764188 -535.428808800842 4103 10423.337653
1.00071135 1.62420773 113.73404549 -535.470994932703 4104  1164.551744
0.83099895 1.80052499 102.48226761 -535.448354798305 4105  6133.486987
1.09294761 1.87275031  97.80942755 -535.455327122000 4106  4603.238786
0.90566862 1.74377594  95.50481041 -535.470354228283 4107  1305.170113
0.95631259 1.78826874 103.57291419 -535.472392212053 4108   857.884368
1.13042999 1.78901873  96.96732443 -535.455424118167 4109  4581.950587
0.78762250 1.69583250 119.57550701 -535.423964858589 4110 11486.460113
0.90780650 1.55932604  92.96044515 -535.456526048575 4111  4340.104813
1.25811144 1.68303576 110.59390802 -535.431950650365 4112  9733.781375
1.24082614 1.71470111  96.17376934 -535.436148268483 4113  8812.510669
0.71815142 1.71125225  83.67321435 -535.357680293125 4114 26034.240951
0.92821967 1.60659971 119.11757232 -535.466886933725 4115  2066.153322
0.91212493 1.64133030 123.02504620 -535.463390999849 4116  2833.422135
0.93669812 1.63211518 115.99470115 -535.470662713088 4117  1237.465523
1.14892075 1.70277809 104.67040764 -535.455143518673 4118  4643.535059
0.96031649 2.23534038  83.91991911 -535.426363390963 4119 10960.043095
0.97833458 1.74673087 105.11214982 -535.474445465237 4120   407.247374
0.95524143 1.99061236 147.95989926 -535.403377051012 4121 16004.961675
0.83548284 1.69955241 129.77808964 -535.436917617126 4122  8643.658156
1.14685705 1.66140462  94.26510406 -535.452716349894 4123  5176.237042
0.95778928 1.78497660  99.11308500 -535.472968553332 4124   731.392076
0.96072311 1.75464590  64.74835094 -535.432573177641 4125  9597.152428
0.97944015 1.93542965 120.16501031 -535.447405615734 4126  6341.808485
0.84848669 1.85523468  98.38740248 -535.450425691773 4127  5678.978398
1.00542594 1.75467484 105.05764864 -535.472871655529 4128   752.658686
1.00032594 1.69625177  65.84189340 -535.430145221814 4129 10130.027148
0.96316616 1.86230247 132.04794043 -535.441393668811 4130  7661.278344
0.96572131 1.85797980  81.86244197 -535.460603936085 4131  3445.111938
0.93826246 1.83371626 102.62065501 -535.468316934053 4132  1752.304521
0.88319435 1.86027598 101.40712339 -535.459012909227 4133  3794.301978
0.82940089 1.61738326 111.61734932 -535.449850072543 4134  5805.312218
0.99009365 1.73614221  79.70854391 -535.460559192051 4135  3454.932119
0.90705855 1.61025804 137.96198012 -535.444577317967 4136  6962.548106
1.03783990 1.78458509  97.55408774 -535.468958096640 4137  1611.585596
1.06051477 2.17565695  99.11219334 -535.426505338057 4138 10928.889308
1.01500736 1.74579072  74.67836370 -535.452010504412 4139  5331.152222
0.94249909 1.59019555 125.88357759 -535.460748078177 4140  3413.476405
0.94123123 1.59861742  75.21611655 -535.436901151330 4141  8647.271980
0.93417758 1.59989999 118.63235095 -535.467175327937 4142  2002.858108
0.84955120 1.70272183 108.08985663 -535.459214783908 4143  3749.995606
1.00580859 1.52447274 108.21975587 -535.459296759443 4144  3732.004055
0.92199075 1.66324247  83.75208264 -535.460645788867 4145  3435.926314
0.96716506 2.10740382 132.86737321 -535.414899525703 4146 13476.070743
0.89004718 1.58187438  97.42656945 -535.461573977269 4147  3232.212503
1.22574584 1.70281900  82.89887603 -535.429889575841 4148 10186.134954
0.96199896 1.61813828 145.05337832 -535.437414330968 4149  8534.642066
0.88912346 1.74917603 114.80983442 -535.463568354949 4150  2794.497189
1.37806312 1.67682324  73.76475454 -535.386368732169 4151 19737.856252
0.97814851 1.77158694 108.01321032 -535.472137746367 4152   913.733132
1.02927617 1.56775209  85.89468110 -535.449471286910 4153  5888.446057
0.89641132 1.77762250 121.86952116 -535.456624773922 4154  4318.437103
0.95404597 1.97141269 112.24728056 -535.449710969544 4155  5835.841798
0.96987611 2.09311067  93.98563107 -535.442298428747 4156  7462.706487
1.13524594 1.69868006 140.17296761 -535.424243810270 4157 11425.237295
1.05138634 1.57899287  90.11933016 -535.454983548294 4158  4678.644500
1.00880339 1.80018108 110.05588530 -535.467709676077 4159  1885.582244
0.83518918 1.76224657 110.38834402 -535.450312623470 4160  5703.794022
1.00844124 1.67498877  75.92743588 -535.450076795168 4161  5755.552353
1.04100456 1.87772021 106.40014186 -535.459585334395 4162  3668.669173
0.95239675 1.65786346  99.86885016 -535.475214159514 4163   238.538478
1.19934000 1.71603449  90.92878825 -535.442212435094 4164  7481.579913
1.05252918 1.67397655  86.13568580 -535.461198019072 4165  3314.725791
1.26866001 1.86988882 102.39284068 -535.421840833552 4166 11952.629734
0.99245901 1.62278338 117.89150471 -535.468920005128 4167  1619.945717
1.07174399 1.67803923 100.93846277 -535.467739685450 4168  1878.995948
0.98768056 1.83151707 139.41271003 -535.433231706859 4169  9452.621968
0.95766012 2.14636552 108.70433384 -535.431652733135 4170  9799.166650
0.87026260 1.66495017 115.51162851 -535.462154240161 4171  3104.859516
0.93607428 1.45858134  84.43448994 -535.411801678109 4172 14155.969714
0.96818195 1.58467460  92.99899908 -535.464481517383 4173  2594.081197
1.40775681 1.69892087  63.67318620 -535.372334988109 4174 22817.907112
1.04082364 1.71869421  71.86643635 -535.443710237798 4175  7152.850210
1.03033129 1.71517184 101.65596552 -535.472629348342 4176   805.838968
1.48195975 1.67890449 115.68631330 -535.385061988183 4177 20024.653411
0.93088137 1.86649450 116.12415773 -535.457458736219 4178  4135.403532
1.07372450 1.85835259  96.14146692 -535.459287607221 4179  3734.012736
0.97668344 2.23678228 101.79178061 -535.425111552462 4180 11234.789893
1.44620967 1.87481010 105.11223308 -535.384137217440 4181 20227.617133
0.96941089 1.73873321 104.15459803 -535.475115002616 4182   260.300902
1.29660000 1.69568448 121.01005471 -535.416996883201 4183 13015.753971
1.02819398 1.60940469 110.61158103 -535.469119870301 4184  1576.080381
0.95768004 1.89863349 101.73506786 -535.462973942331 4185  2924.955682
1.29189814 1.70043766 103.57164824 -535.426457136906 4186 10939.468238
1.05792426 1.86715074  99.28689146 -535.460521819038 4187  3463.134547
0.92208218 1.76256529 140.22516313 -535.436876924194 4188  8652.589222
0.97268103 1.76137810 110.89826208 -535.471543144021 4189  1044.233265
1.47055839 1.66373178  98.18064899 -535.389309991968 4190 19092.324330
1.29549929 1.68689003 104.46960278 -535.425676066317 4191 11110.893421
1.07003308 1.66353236 125.87039832 -535.454764171137 4192  4726.792221
1.00728721 1.63513624  92.40418597 -535.468521543101 4193  1707.398025
0.93443161 1.72983110 100.96428423 -535.474690218689 4194   353.530200
0.99886213 1.88731230  93.36534285 -535.463606306201 4195  2786.167852
1.10338395 1.75171081  95.15448142 -535.461152621439 4196  3324.689420
1.00720252 1.69820986 125.36886327 -535.461267525003 4197  3299.471002
1.17701744 1.99272908 101.16277205 -535.427870557104 4198 10629.258356
0.95379314 1.69508207  94.92958801 -535.474291482607 4199   441.042656
1.29290697 1.64947470 108.75191139 -535.424912837683 4200 11278.402747
0.85734516 1.66852189 113.12810578 -535.460073202385 4201  3561.594524
1.05056717 1.69573160 138.35346625 -535.440030255042 4202  7960.513084
0.94937754 1.90441834  74.61984661 -535.450009805148 4203  5770.254963
1.07535385 1.57315536  91.43798552 -535.452335225327 4204  5259.884217
0.92788090 1.94657525 103.96881979 -535.455504918370 4205  4564.216992
1.04057742 1.68782140 110.85584227 -535.469991301705 4206  1384.823291
1.17986030 2.11720312 101.86720665 -535.413090722950 4207 13873.057068
1.23136496 1.66660818 112.01022299 -535.436798861217 4208  8669.722066
1.31245342 1.69322764 101.38484528 -535.422167926920 4209 11880.841036
1.07416699 1.77482328 107.77599762 -535.463692292017 4210  2767.296146
1.22113645 1.70885569 114.26377991 -535.437228069534 4211  8575.521727
1.32866543 1.60146413 106.63032576 -535.415067813665 4212 13439.135804
1.15528425 1.71011579 104.41048749 -535.453897425183 4213  4917.020973
1.14926831 1.77916458  98.82882819 -535.452758682078 4214  5166.946201
1.16307607 1.61481931 107.05034040 -535.449712607833 4215  5835.482235
1.22899489 1.70440646  91.44226586 -535.436403557741 4216  8756.481152
1.32431747 1.66482779  89.28431293 -535.413619750616 4217 13756.948914
0.85020318 1.93656717 107.88362334 -535.439628482384 4218  8048.691992
0.89960556 1.64939438 118.20075358 -535.465922891339 4219  2277.736173
0.80204270 1.96732792 102.06689804 -535.417154453000 4220 12981.171397
0.92009954 1.59463316  76.20690387 -535.436556089421 4221  8723.004317
0.81784463 1.66513266  83.66472904 -535.433325872790 4222  9431.954934
1.03326137 1.76200718 110.84354233 -535.467954915428 4223  1831.758427
1.00310420 1.72208692  83.12536273 -535.464025081129 4224  2694.257377
0.97950339 1.87081763  97.16729050 -535.466180934714 4225  2221.102198
1.10935542 1.69509153  91.65086330 -535.458839144223 4226  3832.438989
1.04921033 1.74786031  79.27666448 -535.455977448213 4227  4460.508677
1.12648979 1.75667036  99.19608369 -535.457890689231 4228  4040.600802
0.84111414 1.73872724  91.99671603 -535.453224863080 4229  5064.631296
0.98137383 1.57780948  83.51516348 -535.450452611839 4230  5673.070126
1.08156374 1.48951610 101.30934839 -535.439217110782 4231  8138.977624
1.02558234 1.58928503 102.49927085 -535.467695400143 4232  1888.715450
1.03442110 1.63063255  95.74770892 -535.468179879930 4233  1782.384425
0.76231489 1.73506614 100.89973110 -535.411918501233 4234 14130.330002
0.72822720 1.60761678  94.85029889 -535.374613435473 4235 22317.845708
0.86526392 2.02563164 105.69313918 -535.434538636433 4236  9165.784076
0.77904079 1.72177170  93.44584782 -535.422442970460 4237 11820.475955
0.86869866 1.78764146  98.39221396 -535.461733630587 4238  3197.172649
0.97961041 1.92104881  59.61556010 -535.425672148210 4239 11111.753346
0.95469724 1.78297144  65.23626447 -535.435193065150 4240  9022.153572
1.06071444 1.60865341  95.38360670 -535.462817031471 4241  2959.393635
1.48469738 1.66203762  90.71133858 -535.382538580341 4242 20578.477428
1.44678794 1.54639419 101.74167232 -535.383969578665 4243 20264.409592
0.93309503 1.84982342 132.16961306 -535.441378223628 4244  7664.668170
1.06971681 1.72848734  86.30701625 -535.461062084425 4245  3344.559998
0.76309493 1.71160022 130.77800375 -535.393864315948 4246 18092.765735
0.96296612 1.97203453  85.23879667 -535.453659215467 4247  4969.301964
0.90105592 1.64480335  91.37046893 -535.465410289305 4248  2390.239318
0.99407609 1.85104638 103.32809849 -535.466786001615 4249  2088.305360
1.01690568 1.47937258  98.82366783 -535.441414334057 4250  7656.742847
1.27750170 1.71189200  91.33594356 -535.426356513110 4251 10961.552609
0.85764900 1.67613485  94.72441921 -535.460065651529 4252  3563.251745
0.93942294 1.80434808  61.73844686 -535.426579833126 4253 10912.539530
1.03608501 1.68828668 113.60810760 -535.469055199740 4254  1590.273929
1.13887876 1.68350225 102.21176779 -535.457121846558 4255  4209.342268
1.18691934 1.65825790 120.86037594 -535.439661705127 4256  8041.400442
0.87406502 1.78575576 118.24182426 -535.454969239228 4257  4681.784977
0.96046147 1.71362021  81.47343051 -535.462549791263 4258  3018.046083
0.96293143 1.74049482 129.12974374 -535.456182131288 4259  4415.585934
1.36939133 1.61611438 108.39912320 -535.407758650512 4260 15043.311722
1.16632795 1.49748757 103.61824949 -535.428505854909 4261 10489.826601
1.17271595 1.73667500  99.77751632 -535.450145462400 4262  5740.481637
1.14949833 1.64169610 114.53697216 -535.451070105439 4263  5537.545943
1.39191991 1.69383383  94.04276751 -535.403728268193 4264 15927.878412
0.95890651 1.66117621  73.93796850 -535.445180857406 4265  6830.086508
1.25925642 1.82126121 104.09952936 -535.427536126584 4266 10702.657372
1.26649527 1.65286566  97.20790277 -535.429838681317 4267 10197.305011
0.97488588 1.70136825 111.01841111 -535.474128789542 4268   476.749657
0.97417669 1.61849650  89.66683833 -535.465632548930 4269  2341.458968
1.47499857 1.66458544 102.02094754 -535.389387553536 4270 19075.301533
0.88473017 1.55955864 100.03281995 -535.458607978501 4271  3883.174001
1.04883783 1.68292232  96.44638631 -535.469579746551 4272  1475.149209
1.19078750 2.26701275 101.82586800 -535.395499745124 4273 17733.830512
1.03211548 1.52044991 108.14021535 -535.456113898976 4274  4430.561196
0.89280309 1.71598054 115.64656725 -535.465435771008 4275  2384.646730
1.03599497 1.70405277  86.81335655 -535.464969603059 4276  2486.958771
0.94935497 1.52428066  97.37733703 -535.455954575060 4277  4465.528754
0.90632165 1.54863023 112.62574818 -535.461806250051 4278  3181.234519
0.95174814 1.71737337  72.58703875 -535.447456819750 4279  6330.570502
0.95262420 1.89311799  57.36750299 -535.419439193367 4280 12479.728838
0.94544165 1.70955348 124.75507880 -535.462750303436 4281  2974.038746
0.89949646 1.90270648  96.31192439 -535.458139322578 4282  3986.032089
1.05179861 1.62210893 110.37351253 -535.467438314367 4283  1945.139257
0.94259540 1.42624564 103.79746822 -535.424658692544 4284 11334.181159
1.04590466 1.71026094  83.42930092 -535.460561195339 4285  3454.492448
1.47505516 1.61241872 103.02951210 -535.387169936053 4286 19562.012321
0.97804563 1.65680310 113.84003353 -535.472926020317 4287   740.726994
0.80346154 1.63874277 112.30386195 -535.438297756973 4288  8340.752466
0.85001924 1.68946921  91.88921550 -535.456182214815 4289  4415.567602
0.74735251 1.84618564 102.59829707 -535.390669025392 4290 18794.050964
1.06674277 1.62643105  99.78082577 -535.465842396974 4291  2295.402645
1.34926910 1.69862283  75.18128387 -535.395519297636 4292 17729.539232
0.97006625 1.75174824 100.69906378 -535.474805957296 4293   328.128511
0.85399048 1.66004802  76.67970630 -535.434557733120 4294  9161.592838
1.01400465 1.59475702  83.78326085 -535.452621240266 4295  5197.111193
1.25303213 1.78956082 100.02620812 -535.431589534379 4296  9813.037174
0.94486813 1.89228817  71.64967011 -535.446488175689 4297  6543.163305
1.21475695 1.48351587 101.97927278 -535.414055985988 4298 13661.206314
0.98845312 1.42620875 124.21629315 -535.424034947929 4299 11471.077281
1.39842065 1.85449116 103.17603916 -535.396037446701 4300 17615.818655
1.00507197 1.70363069  76.38613663 -535.453396420377 4301  5026.978820
1.32267231 1.58730280 101.56346206 -535.414186002315 4302 13632.671028
0.92930408 1.75020489 100.36165932 -535.473553732696 4303   602.960049
0.94428913 1.61351815 131.17880024 -535.456187454569 4304  4414.417609
1.27936022 1.68062214 129.32949020 -535.412042394304 4305 14103.138615
0.97214643 1.66643002  99.43810123 -535.475468811727 4306   182.648777
0.73789357 1.51133387 105.14692231 -535.374061484956 4307 22438.984846
0.90278646 1.94996381  94.08967083 -535.453587458089 4308  4985.050888
1.14162471 1.83236777 102.23038852 -535.450278459228 4309  5711.292207
1.02280385 1.63517618 111.79418665 -535.470657938830 4310  1238.513352
1.05385108 1.71665958 124.17881079 -535.457305866038 4311  4168.954659
1.08541396 1.52075674 104.88470552 -535.448888112173 4312  6016.438120
0.85244605 1.71317156  87.02231770 -535.453136386397 4313  5084.049683
0.99693287 1.73491572 143.56648779 -535.434516763234 4314  9170.584688
0.68299540 1.70465820 123.38345528 -535.311526062295 4315 36163.923935
0.97282490 1.52555686  83.13597407 -535.436461598521 4316  8743.742673
1.00684180 1.75607801  70.40590269 -535.445120821431 4317  6843.262882
0.90274906 1.72460463 121.43335801 -535.461722326259 4318  3199.653663
0.98919343 1.67932899  87.52176639 -535.467952873929 4319  1832.206484
0.99634301 1.90892544  99.68193169 -535.461716679989 4320  3200.892876
0.84349071 1.59454056  94.43137151 -535.449059765661 4321  5978.764533
0.92403158 1.89718061 111.81065731 -535.456752834916 4322  4290.330963
1.14098859 1.68250239  81.34075967 -535.442963430708 4323  7316.755424
0.88791302 1.72634313  81.23880593 -535.455452783699 4324  4575.659230
1.03001553 1.64543998 119.61069684 -535.465446308200 4325  2382.334084
0.96791517 1.47202446 110.49745805 -535.446508653098 4326  6538.669033
0.84199590 1.67615547 105.57495003 -535.457504410017 4327  4125.379292
1.04598095 1.73762262 107.89228611 -535.469202195610 4328  1558.012064
1.50411566 1.70045506 103.17938255 -535.384215130459 4329 20210.517202
1.00694132 1.56239511  80.01679054 -535.439403549587 4330  8098.059035
0.83207798 1.64976778 128.49272169 -535.438623177199 4331  8269.330981
0.92513322 1.86919069  95.41543421 -535.464483259979 4332  2593.698741
1.17910273 1.65326649  96.56202718 -535.447354057283 4333  6353.124257
0.80024134 1.70089455 123.60757139 -535.427472983012 4334 10716.515784
0.95009571 1.81626022  87.91804375 -535.467201543562 4335  1997.104443
1.30560465 1.94672802 102.18890757 -535.406477761939 4336 15324.434275
1.43954214 1.58676246  99.52689574 -535.390215643245 4337 18893.556846
1.11913482 1.71959393 116.14950235 -535.454875324986 4338  4702.396771
0.91029022 1.80647952 109.56413182 -535.465668691073 4339  2333.526684
1.28555464 1.73791542 103.75370392 -535.426949981279 4340 10831.301399
1.11677856 1.64122080 112.54441222 -535.457876417542 4341  4043.733076
0.98304723 1.64468717 130.30762338 -535.457676628286 4342  4087.581750
1.10136951 1.87242824 106.72654529 -535.452017292704 4343  5329.662364
0.92971430 1.79036557  85.26781801 -535.465205332059 4344  2435.222235
0.85934084 1.72236414  99.78071196 -535.462357362667 4345  3060.279279
0.89090745 2.25934390  99.96793624 -535.416287445080 4346 13171.457644
0.74095758 1.55927591 107.60421952 -535.386966877762 4347 19606.578466
0.93991693 1.72214272 135.91862142 -535.447569321046 4348  6305.879322
1.01049496 1.53706612 117.85747108 -535.458897376268 4349  3819.658532
0.91781495 1.56922697 112.41590670 -535.466077026062 4350  2243.907511
0.98179619 1.70625554 109.03119290 -535.474668527571 4351   358.290850
1.07264158 1.67907148  83.49027635 -535.455961680071 4352  4463.969384
0.96571393 2.11798863  87.59872298 -535.439142321544 4353  8155.391965
1.18978957 1.70519179 115.59062237 -535.442718187812 4354  7370.580019
1.03644620 1.69944703  96.69659964 -535.471247488364 4355  1109.122182
0.94094269 1.85243323  73.81914073 -535.450798269404 4356  5597.207058
1.01707740 1.67753407  73.78467816 -535.445699534523 4357  6716.250037
1.20846723 1.69791571  86.49567130 -535.436702012512 4358  8690.977900
0.99980657 1.68331976 108.30365288 -535.474433133441 4359   409.953891
1.04916679 1.77017513  95.65711813 -535.468095872171 4360  1800.821997
1.21887891 1.74531309 111.95164323 -535.437617145409 4361  8490.129441
1.05401819 1.73268243 133.12035373 -535.445346083434 4362  6793.823586
0.93554521 1.86759668  84.21085999 -535.460756097245 4363  3411.716423
1.07966279 1.68901150  72.12123503 -535.437809199287 4364  8447.978486
0.90174361 1.57238930  84.61338301 -535.446681457997 4365  6500.742741
1.15346609 1.71759946 122.40473370 -535.443449323302 4366  7210.114324
0.92172728 1.81073966 117.79171479 -535.460824626007 4367  3396.676098
0.89341065 1.67313149 109.65942892 -535.469691243842 4368  1450.678382
1.04244527 1.69000934  70.25713645 -535.437837856780 4369  8441.688893
1.11373218 1.76784938  96.04724428 -535.459127034500 4370  3769.254375
0.91497233 1.86941355 108.15417741 -535.460925511261 4371  3374.534344
1.09235516 1.85431007  96.63437225 -535.457001896804 4372  4235.668196
1.08797414 1.71967238 108.68066418 -535.464019969740 4373  2695.379197
0.78269045 1.74335204  86.70878814 -535.419530736371 4374 12459.637470
0.83008278 1.81859889 108.41657244 -535.444623267551 4375  6952.463338
0.84799138 1.73987058  89.71899457 -535.454066431483 4376  4879.928377
1.01796053 1.55662217  95.44297688 -535.459438397122 4377  3700.918177
0.93880343 1.89803335  90.83762268 -535.461921628098 4378  3155.911964
0.92975443 2.01587825 110.41552911 -535.444285796328 4379  7026.529712
0.81740877 1.64506863 127.09802253 -535.433961377806 4380  9292.477703
0.95172712 1.75247089 116.23713540 -535.468508673603 4381  1710.222554
1.00510164 1.94060706  98.45069884 -535.458069526509 4382  4001.350556
0.98509920 1.84857357 108.28690931 -535.465506543691 4383  2369.113921
1.00611990 1.77734133 142.07150536 -535.433048737014 4384  9492.779208
0.98329448 2.18545084 107.31743605 -535.428175557892 4385 10562.318419
1.20866526 1.71527987  90.74308488 -535.440229987044 4386  7916.676976
0.97988640 2.12189535  96.56849013 -535.438715587992 4387  8249.049156
0.87144509 1.68505376 114.17028072 -535.463026232961 4388  2913.479215
0.92942712 1.78301424  74.71056094 -535.452240371838 4389  5280.702152
0.97872401 1.59843686 101.52332304 -535.471378660025 4390  1080.333330
1.05889469 1.65696582  98.02612809 -535.468102369134 4391  1799.396079
1.05395356 2.13867795  98.66521321 -535.431406884538 4392  9853.124181
0.88898711 1.80940258  93.40221185 -535.463738910572 4393  2757.064556
0.94986602 1.71184162  75.40716523 -535.452478894813 4394  5228.352409
1.14282326 1.77224608 111.69923527 -535.450893359032 4395  5576.337297
0.94987721 1.70276934  88.48672562 -535.469864612066 4396  1412.628454
0.74870834 1.61459131  99.46492545 -535.398321690710 4397 17114.485034
1.07550274 1.56802859  96.30612995 -535.455716261730 4398  4517.832485
1.36127624 1.67821862 126.14361674 -535.399333196133 4399 16892.485250
0.71426750 1.74145429 101.62507970 -535.363835128593 4400 24683.410681
0.91953196 1.64469065 146.73128070 -535.433305785588 4401  9436.363566
1.42675599 1.67696453  96.05244764 -535.397306639480 4402 17337.263032
1.00249710 1.66651350 143.90160210 -535.437133839984 4403  8596.202723
0.86582614 1.59863531  87.19271270 -535.448184381140 4404  6170.889232
1.03058749 1.79980749 102.58882842 -535.468581613952 4405  1694.213997
0.85329592 1.63504142 121.88057676 -535.452559208839 4406  5210.725517
0.91799117 1.69525437  77.76953080 -535.453160500235 4407  5078.757308
0.97039253 1.64411961  60.05768956 -535.402337645151 4408 16233.084897
0.81780202 1.69023534 109.06222915 -535.446781167362 4409  6478.859064
0.86073177 1.60256411 120.73244135 -535.454421290376 4410  4802.045851
1.39630850 1.53522554 105.76871727 -535.392591106599 4411 18372.202892
1.52667506 1.67971744 100.25723568 -535.379951464316 4412 21146.283774
1.00782803 1.63704354 122.99321873 -535.464212356612 4413  2653.155159
1.25060398 1.69949144 132.04413480 -535.413907511992 4414 13693.792591
1.17681274 1.43914092 102.05736457 -535.404199121968 4415 15824.537951
0.86702634 1.78178851  87.99729189 -535.457342174398 4416  4160.985895
0.98895947 1.56962182 102.53228336 -535.467585907065 4417  1912.746403
0.85725376 1.96288954 103.35715876 -535.440683869771 4418  7817.061230
1.09487148 2.17747293 102.58375060 -535.420749804560 4419 12192.082924
1.26459648 1.71190445  83.10350177 -535.422514547713 4420 11804.766564
0.93862632 1.74380639 143.85456108 -535.433808550486 4421  9326.019423
0.94418288 1.80410768  85.05300264 -535.465438212226 4422  2384.110945
0.94477694 2.16380084  90.75023338 -535.433849728825 4423  9316.981822
1.13285652 1.57505263  97.92515361 -535.448758501675 4424  6044.884337
0.94404732 1.83269951  99.82157648 -535.469073178556 4425  1586.328035
1.19385137 1.69238076 105.76006323 -535.446429478172 4426  6556.045921
0.93892506 1.59879193 112.61862390 -535.470552016728 4427  1261.760566
0.89613560 1.55807858 103.25175488 -535.461730138731 4428  3197.939023
1.24623001 1.69641829 103.68689115 -535.436007145572 4429  8843.483568
1.03129421 1.60466383 117.39719445 -535.465241422648 4430  2427.301266
0.89105332 1.63371546  65.57744723 -535.410027304302 4431 14545.399759
0.95336425 1.88611114  88.40368586 -535.462694326401 4432  2986.324286
0.80840734 1.72492663  96.70684541 -535.441451408930 4433  7648.605853
0.84376484 1.69399025  78.54510858 -535.437774418133 4434  8455.612067
0.92668504 1.89023970 121.55279184 -535.449449696303 4435  5893.184648
0.90336878 1.70459046  71.82543087 -535.440043472043 4436  7957.612288
0.95603254 1.49432644  86.02395559 -535.431291970728 4437  9878.344848
1.04705099 1.63782660 134.95655283 -535.446358062462 4438  6571.719858
0.80439179 1.63841089  86.77599067 -535.428589290589 4439 10471.514586
0.97499586 1.88190867  75.94048773 -535.453267030333 4440  5055.376653
1.27549064 1.66617007 120.38473206 -535.422232055995 4441 11866.766331
1.15149667 1.48570557  98.06901451 -535.424027205178 4442 11472.776618
1.41829315 1.65291321 102.04542213 -535.399917751686 4443 16764.190133
1.07889324 1.73009076 100.75539050 -535.466413175518 4444  2170.131232
0.82357846 1.76036614 108.89840154 -535.446335158907 4445  6576.746607
0.99038572 1.76399559 115.50253574 -535.467926257868 4446  1838.048035
0.95369704 1.96720313 115.32976838 -535.447896629244 4447  6234.043474
0.89556088 1.74432250  80.00259714 -535.455498221915 4448  4565.686694
0.99727216 1.49377276  94.83527282 -535.443738948022 4449  7146.549044
1.12541541 1.70387862 116.15951927 -535.454315421134 4450  4825.281464
1.12116499 1.71968154  95.53362679 -535.458967644402 4451  3804.236459
1.05628316 1.67328466  68.57202927 -535.430929912085 4452  9957.807537
0.75335974 1.56970928 102.36476794 -535.398573463638 4453 17059.227262
0.89626728 1.51847318  93.81457881 -535.446061595864 4454  6636.786756
0.93621422 1.55107734 136.91581025 -535.444211320709 4455  7042.875221
0.79281664 1.67808427  78.95455653 -535.413180313649 4456 13853.394182
1.07286679 1.72071255  95.26395124 -535.466319264126 4457  2190.742400
0.98421107 1.90369912 138.54391380 -535.427309186311 4458 10752.465006
0.99135407 1.83625940 113.76898060 -535.463156918811 4459  2884.796985
0.86121984 1.57626066 105.42937636 -535.457502687459 4460  4125.757350
0.94149075 1.48982749 122.67282239 -535.447510930920 4461  6318.694473
1.05718487 1.99568328 106.86368544 -535.444567522674 4462  6964.697925
0.95626472 1.56776997  91.18274804 -535.459561396180 4463  3673.923004
0.97538408 1.86112877  72.63984773 -535.449854150456 4464  5804.417220
1.05896526 1.73239053  74.76211325 -535.447855912359 4465  6242.979798
0.79791829 1.78943270  94.29519358 -535.432171484695 4466  9685.313841
0.84659253 1.60060556  88.15086806 -535.444056663318 4467  7076.818596
0.78601008 1.71803035  87.88719558 -535.422897322681 4468 11720.757167
0.93270470 1.59076391  74.34775011 -535.432375106047 4469  9640.624119
0.95488124 1.74228931  56.83776476 -535.407281027389 4470 15148.137883
0.93697579 1.75450392  70.61143767 -535.444619932674 4471  6953.195259
1.01075870 1.69098891 132.83237789 -535.452055324024 4472  5321.315454
1.47641220 1.70858137 104.70347167 -535.389116056743 4473 19134.888192
1.14397964 1.76998563 110.51331891 -535.451475263650 4474  5448.623993
0.82655651 1.69844802 112.38459552 -535.449062967071 4475  5978.061905
0.81648097 1.67308100  89.85217629 -535.440624487523 4476  7830.094127
0.98441781 1.87026375  99.34059534 -535.466037124451 4477  2252.664903
0.76594600 1.68587560  65.82245671 -535.363464764127 4478 24764.696287
1.08287791 1.78730433  97.25110236 -535.463166309510 4479  2882.735965
1.13860461 1.65429867 122.89476269 -535.446830087866 4480  6468.122254
1.00124097 1.73349742 104.46598119 -535.474181926017 4481   465.087549
1.06393390 1.66589467 111.09978249 -535.467077007156 4482  2024.437025
1.01634255 1.63223847  90.10490762 -535.465559016181 4483  2357.597541
1.20630451 1.80094627 107.57232065 -535.438781091143 4484  8234.672875
0.79653693 1.83682111 108.87673614 -535.426018410295 4485 11035.757601
1.01922712 1.64920794 112.91518687 -535.470904467651 4486  1184.406528
1.22357558 1.65512387 115.91390040 -535.436093421545 4487  8824.548180
0.90105958 1.73959258 128.83679022 -535.452322454048 4488  5262.687189
0.97272711 1.75107352 100.79554950 -535.474809023551 4489   327.455546
0.78157510 1.67416807 122.21058444 -535.418432924035 4490 12700.579432
1.09657483 1.68759037  84.36627734 -535.454122725446 4491  4867.573280
1.05127149 1.73631771 116.37537654 -535.463865625543 4492  2729.253834
1.02534639 1.66092314 102.46360465 -535.472882104488 4493   750.365405
1.00130097 1.58802066 115.85965419 -535.467329485345 4494  1969.024467
1.00469510 1.91269810 110.66474139 -535.456623614494 4495  4318.691568
1.06022312 1.74667625 108.95880006 -535.466657375190 4496  2116.535598
1.31788163 1.68269012 108.08218600 -535.420369595062 4497 12275.529265
1.12070132 1.72336912  76.93008935 -535.442489013364 4498  7420.877998
0.83302600 1.90365979  99.03026098 -535.439841922393 4499  8001.847324
0.94898384 1.70668123 117.02686725 -535.470158993877 4500  1348.019113
1.12815018 1.69168014 126.41562240 -535.444568426233 4501  6964.499617
0.90670375 1.70599030 115.07951041 -535.468305469642 4502  1754.820669
1.16692455 1.72411183 107.72382169 -535.450592024194 4503  5642.472650
0.90210203 1.79623917 106.24084296 -535.466797643077 4504  2085.750354
1.20542529 1.62782871 111.84772290 -535.441006175525 4505  7746.323292
0.97628290 1.57963670 142.45845689 -535.439390313201 4506  8100.964086
1.05411246 1.69127412 120.17905031 -535.462094509837 4507  3117.968808
1.03122745 1.72322800 121.36385866 -535.462362665806 4508  3059.115374
1.18574546 1.72024775 119.57959702 -535.439877086617 4509  7994.129668
1.00466133 1.78322377  94.93669381 -535.471250256889 4510  1108.514561
0.93484687 1.61208469 123.38208002 -535.464080209058 4511  2682.158195
1.20864523 1.69896007 124.91628430 -535.430906847690 4512  9962.869586
0.92532420 1.88938632 107.12172455 -535.460365324004 4513  3497.481238
0.92559535 1.76111680  59.04452160 -535.414065075465 4514 13659.211405
0.95561466 1.82679852 137.26784240 -535.437291486108 4515  8561.603397
1.25785866 1.67857834 111.26270010 -535.431731801400 4516  9781.813171
1.02680187 1.96531189 107.39082322 -535.450913170418 4517  5571.989200
0.92004585 1.85128714  91.52515280 -535.464587600334 4518  2570.798680
1.04965429 1.55306806 101.40737496 -535.459296012689 4519  3732.167949
1.35267839 1.75220449 103.68215922 -535.412359246376 4520 14033.597622
1.01058988 1.89550940 116.54897898 -535.453831594723 4521  4931.469090
1.02288077 1.68736658  84.41220286 -535.462909299772 4522  2939.143084
0.97039136 1.81259810 131.84327603 -535.446657288941 4523  6506.047235
1.05554612 1.65011725 114.22879097 -535.466376181432 4524  2178.250495
1.34596263 1.73831778 103.67504141 -535.414309782770 4525 13605.504358
1.19029780 1.79854124 105.41147842 -535.442890265789 4526  7332.813268
0.98708384 1.70294950 113.35199573 -535.472505171852 4527   833.092558
1.21486437 1.60043726 104.14516707 -535.438309949805 4528  8338.076449
1.30822428 1.72392352 107.59066311 -535.421840822160 4529 11952.632234
0.70231980 1.60395840  99.27757270 -535.346217626325 4530 28550.005568
0.86823988 1.70037431 102.37483037 -535.465394375985 4531  2393.731888
0.98731151 1.63476594 100.98122143 -535.474015391052 4532   501.637749
0.86991408 1.87159018 103.24983216 -535.454423381820 4533  4801.586832
1.20931155 1.85151259 103.12531778 -535.435517573986 4534  8950.932113
1.13062763 1.59265858  96.64721450 -535.450925966836 4535  5569.180711
0.98330168 1.60327881  94.14701758 -535.467793575731 4536  1867.168398
1.13247629 1.70183941  86.59209253 -535.451181972561 4537  5512.993947
0.92427191 1.81316043 119.21303687 -535.459550095249 4538  3676.403272
1.04279258 1.57721746  92.91028853 -535.458555866309 4539  3894.611306
1.11131174 1.46416526 105.21552681 -535.427873570478 4540 10628.596996
0.98563708 1.72749996 101.79689368 -535.475350266324 4541   208.666486
1.07877269 1.68176562 125.21985208 -535.454015461207 4542  4891.115060
0.95975026 1.70543920 125.78980714 -535.462094863981 4543  3117.891082
1.21013976 1.62226222 104.03173414 -535.441106533139 4544  7724.297341
0.99270818 1.70142398  88.49597713 -535.469556712754 4545  1480.204543
1.18285217 1.71743145 116.02645462 -535.443382327820 4546  7224.818133
1.09848889 1.71481620  79.71954455 -535.449373654037 4547  5909.873996
1.00166462 1.82141275  90.27161311 -535.467550963607 4548  1920.415606
0.90219156 1.73328988 136.63741577 -535.442313340135 4549  7459.433816
0.87895865 1.71328747 109.82538413 -535.466128461526 4550  2232.618731
0.98411672 1.77600186 103.41356831 -535.473024450814 4551   719.123997
1.06166195 1.76863915 102.73747013 -535.467057760790 4552  2028.661114
0.98666396 1.86527611  74.78394259 -535.452466602231 4553  5231.050319
1.20254884 1.68799604  95.99271329 -535.443716820271 4554  7151.405525
0.98309074 1.92954567 130.87401237 -535.435614381498 4555  8929.685320
0.91680623 1.62511805 118.74330447 -535.467077385471 4556  2024.353995
1.22202293 1.51434525 104.33262946 -535.422456727189 4557 11817.456702
0.93690612 2.08221838 116.45280540 -535.432772465373 4558  9553.413825
1.03849804 1.67674511 138.80002709 -535.441411315503 4559  7657.405343
0.94809525 1.68461029  99.53548196 -535.475642840721 4560   144.453826
1.27759210 1.77615954 104.17006314 -535.426761034605 4561 10872.770401
0.86352477 1.60602658  92.87215487 -535.455260458468 4562  4617.869740
1.08684953 1.80218919 103.41291617 -535.461353491498 4563  3280.603537
0.98306362 1.70953101 102.41214758 -535.475833495968 4564   102.609836
1.02471188 1.74623859 122.78204318 -535.460270350902 4565  3518.325425
1.41050019 1.68172529  95.23016970 -535.400296333581 4566 16681.101010
0.88862813 1.70216498  98.20276898 -535.469189014431 4567  1560.904998
0.98431548 1.68341132  90.52674903 -535.471025657087 4568  1157.808521
0.87544931 1.60584939 119.93924562 -535.458824327236 4569  3835.690942
1.19309675 1.65529748  96.57407369 -535.444718836258 4570  6931.488431
0.99724180 1.95763321 101.05542434 -535.456130417796 4571  4426.935734
1.01162960 1.57446997  79.49036857 -535.440949978303 4572  7758.657157
1.06923876 1.68725288  74.42540102 -535.443194031637 4573  7266.144369
1.00801398 1.60021573  82.94883844 -535.452603239825 4574  5201.061833
1.22287661 1.90980784 101.95725390 -535.427526575778 4575 10704.753532
0.87633609 1.43427920  93.27739954 -535.408516167727 4576 14877.055907
1.23911671 1.75365904 104.72913831 -535.435826655340 4577  8883.096596
1.04450625 1.62512523  84.11028075 -535.455023676187 4578  4669.837445
0.98335247 1.95718153 121.87403145 -535.443129815300 4579  7280.238227
0.95321958 1.63482124 107.40279050 -535.474677476805 4580   356.326720
0.88036275 1.79286063 116.51139572 -535.457225451151 4581  4186.603687
0.86412881 1.47180869 104.35671803 -535.433534646502 4582  9386.134400
0.87187749 1.80941718  95.34634712 -535.460583983814 4583  3449.490956
1.10127742 1.76194886  95.39389758 -535.461208308913 4584  3312.467432
0.91069913 1.66421769 145.18732233 -535.434258219128 4585  9227.328562
1.01488484 1.68373943 100.93496222 -535.474064453987 4586   490.869679
0.97431521 1.78509052  90.61609274 -535.470560208666 4587  1259.962644
0.71450524 1.59874824 101.41350950 -535.362021414582 4588 25081.474902
0.97898230 1.87966922 134.30583084 -535.436293794907 4589  8780.571310
0.87310444 1.67844328 110.45422853 -535.465327847025 4590  2408.333307
0.97045118 1.54617456  98.34452413 -535.461878559398 4591  3165.364451
0.72840405 1.99906932 105.24149675 -535.353013146441 4592 27058.561268
0.79273148 1.71941467 107.52548738 -535.433064176004 4593  9489.390741
0.83319850 1.66653685 142.12675238 -535.420582598979 4594 12228.780308
1.08034315 1.70654110 112.58384150 -535.463708590865 4595  2763.718962
0.90199343 1.53929200  99.33548926 -535.457106533241 4596  4212.703152
0.93599201 1.44920589  95.06416188 -535.426473795280 4597 10935.812148
0.95560219 1.80810159  94.67328655 -535.470811366334 4598  1204.839906
0.83383896 1.76028808 101.68514228 -535.452275759561 4599  5272.935444
0.95565860 1.80909432 136.11463788 -535.440758283111 4600  7800.729389
0.99334366 1.83202188 122.52758008 -535.455635104157 4601  4535.644514
1.27048169 1.65036766  97.03681129 -535.428809085518 4602 10423.275174
1.03947726 1.72850406 108.28269166 -535.470145241336 4603  1351.037447
0.97251102 1.75173830 113.33624291 -535.470716122808 4604  1225.743444
1.03045745 1.82333960  91.46782346 -535.465809614052 4605  2302.597664
0.78194447 1.70449357 138.81063463 -535.397061652186 4606 17391.031530
1.34094178 1.70723393  92.91501419 -535.413853914685 4607 13705.555840
0.97894786 1.75258391 146.17886540 -535.429662386877 4608 10235.997169
1.12171647 1.55257254 102.00300770 -535.448804080363 4609  6034.880971
1.28809703 1.68987946  62.07625081 -535.388692728361 4610 19227.798035
1.20728070 1.75493250 103.69192102 -535.442460883431 4611  7427.051805
1.00572056 1.72583873 130.09393186 -535.454411830260 4612  4804.122107
0.92489939 1.85523919 105.47139219 -535.464524319380 4613  2584.687244
0.96284343 2.11219900  62.29485271 -535.422313782188 4614 11848.829504
1.07011091 1.62883250 118.49574431 -535.461058543611 4615  3345.337117
0.94918708 1.94256844 114.35451749 -535.451385948358 4616  5468.226434
1.06869397 1.74514461 100.08425369 -535.467325451612 4617  1969.909769
1.05443662 1.70341903  80.36593439 -535.455468443596 4618  4572.222280
1.01613841 1.93635987 103.73442546 -535.456583771359 4619  4327.436126
1.37175561 1.68694121 123.29373379 -535.399973435339 4620 16751.968984
1.05864923 1.93935502 109.12015946 -535.449652390227 4621  5848.698473
1.04829567 1.60245241 122.62186688 -535.459166843350 4622  3760.517342
1.39344873 1.68379037  86.81191968 -535.398243256557 4623 17131.699341
0.99607852 1.86954222  89.08585079 -535.463929783184 4624  2715.172859
1.01138829 1.64227824 100.35591451 -535.472913326342 4625   743.513000
1.20949321 1.69047926  94.50816599 -535.441746255355 4626  7583.894541
1.22148467 1.84843422  99.25613329 -535.433920858060 4627  9301.370759
0.91236831 1.62423183  87.07769521 -535.460250520829 4628  3522.677623
0.97907984 1.57037373  70.49527467 -535.418661658505 4629 12650.378018
1.01581079 1.92955766 107.08567064 -535.455986065385 4630  4458.617426
1.05733919 1.61057446 118.81546375 -535.461641354628 4631  3217.424882
0.80847685 1.59459196  91.11568750 -535.430839137368 4632  9977.730284
1.04034189 1.47855452  97.38125663 -535.437580860863 4633  8498.092978
0.94068676 1.96832048 105.48292383 -535.453299923208 4634  5048.157501
0.84799788 1.74694361  94.33034860 -535.456597544335 4635  4324.413307
0.94317437 1.97034465 103.94112446 -535.453814215593 4636  4935.283368
0.91284121 1.67010568  82.84070628 -535.458872806734 4637  3825.050921
1.30866594 1.66148644 108.40565829 -535.422016489503 4638 11914.077708
0.97022449 1.58597280  91.27851883 -535.462928803712 4639  2934.862464
0.91191001 1.67945069 145.79819137 -535.432834369149 4640  9539.827517
0.94760990 1.81723487  67.52050780 -535.440809286761 4641  7789.535382
0.96860675 1.63814834 135.47860277 -535.451308274332 4642  5485.273912
0.94323541 1.75644468  98.93897660 -535.474014143365 4643   501.911585
0.98434922 1.67850522  78.13593003 -535.455252753382 4644  4619.560811
0.97543044 1.70528144 103.81278984 -535.476030492326 4645    59.374132
0.84253856 1.65817271 118.52151582 -535.451974915144 4646  5338.963163
0.97518974 1.84980267 135.94215869 -535.437044278492 4647  8615.859199
0.98581864 1.78074301  97.18833574 -535.472756754235 4648   777.876606
1.05607222 1.70195724 121.22204494 -535.460595157554 4649  3447.038603
1.03290383 1.58094197  85.87074780 -535.451752792836 4650  5387.713376
0.82701448 2.20432737 105.35264918 -535.400522641388 4651 16631.432186
0.97501317 1.58504900 104.88564430 -535.470629544374 4652  1244.745214
1.05274076 1.66128192 137.89925173 -535.441415335647 4653  7656.523023
0.99078225 1.96595655 122.46008140 -535.441306493771 4654  7680.411054
0.92940849 1.81972007  80.49909392 -535.459465163507 4655  3695.043635
0.77786645 1.83134735 106.57366667 -535.415594610862 4656 13323.517181
1.03673905 1.62962666 129.40468801 -535.454534245106 4657  4777.255153
0.94077006 1.75505749 110.06991472 -535.471813601118 4658   984.874792
0.91794674 1.69277341  55.78215038 -535.390509268858 4659 18829.113471
0.77871312 1.72839790 117.94865468 -535.417792751371 4660 12841.081094
0.97831547 1.69318233 121.41364114 -535.466883671152 4661  2066.869374
0.98446751 1.66639902 132.40005676 -535.454810272343 4662  4716.674176
0.96305028 1.63401327 128.37403337 -535.460276145978 4663  3517.053553
0.95757067 2.10558332  91.14864463 -535.440735472804 4664  7805.735673
0.93534751 1.69079245 102.17267705 -535.475438981775 4665   189.195694
1.13560357 1.68382401  66.67459681 -535.418920030907 4666 12593.671829
1.29682580 1.79716528 105.09088883 -535.421182507139 4667 12097.115683
0.98663966 1.84147889  88.28839524 -535.465926885920 4668  2276.859464
0.90307566 2.11261621 106.10850628 -535.432049533157 4669  9712.079110
1.01183590 1.59689927 130.58352999 -535.454163165481 4670  4858.697718
0.90196314 1.63084117 102.81472727 -535.470527669137 4671  1267.104245
1.07064485 1.55922701  95.97279245 -535.454539856515 4672  4776.023591
1.03610845 1.68458403  77.95540214 -535.452489502456 4673  5226.024300
0.92158783 1.56557974  74.51563815 -535.425374129186 4674 11177.160963
1.46445606 1.69894917  81.09208657 -535.379311710449 4675 21286.693521
0.96849328 1.93125668 121.28639620 -535.446855362201 4676  6462.575179
0.96876605 1.47525795 120.46430846 -535.444973941182 4677  6875.499371
0.97291699 1.70252359  54.57431457 -535.393199588543 4678 18238.656539
1.13366511 1.78775470  95.97653772 -535.454768670000 4679  4725.804835
1.00478550 1.58476658  96.87880134 -535.466249872775 4680  2205.972042
0.95952855 1.46842117 101.29372256 -535.441686751761 4681  7596.954071
1.17156919 1.59365698 104.03701888 -535.446141933601 4682  6619.154661
0.99149746 1.69944561  95.23964359 -535.474029227802 4683   498.600934
0.77106682 1.74802815 111.96081891 -535.415154172890 4684 13420.182145
1.18598751 1.54450350 105.99474577 -535.436420908503 4685  8752.673100
1.12982827 1.80061777  96.96597502 -535.454853961845 4686  4707.085438
0.89283463 1.93676221 106.00326976 -535.451227958786 4687  5502.901138
0.88339256 1.72322689 134.61584130 -535.442722829731 4688  7369.561236
0.77322207 1.66381629 123.40988836 -535.411754739198 4689 14166.271615
0.80052092 1.72758758  77.23475344 -535.417563041190 4690 12891.496653
0.84038334 1.68555982  71.52452196 -535.421086679206 4691 12118.147484
1.11190450 1.58357621 100.94661736 -535.454961953136 4692  4683.384089
0.99487364 1.64625581  69.56045464 -535.432795476965 4693  9548.363365
0.94038455 1.93281265 120.55978409 -535.446617841096 4694  6514.705037
1.43932486 1.67162800 114.55554393 -535.393568997409 4695 18157.580663
1.08854042 1.82017696  96.66078901 -535.460197479966 4696  3534.318747
0.85594739 1.73780630 103.36542879 -535.460908538786 4697  3378.259372
0.86817477 1.78156383 118.95965132 -535.453247133681 4698  5059.743464
1.29085200 1.69623090 110.78145001 -535.424950262561 4699 11270.188936
1.10605972 1.75954218 101.80081412 -535.461172451563 4700  3320.337211
0.89586488 1.68885396  89.38813133 -535.465136040774 4701  2450.429914
0.94389381 1.67168745 103.55385572 -535.475780130477 4702   114.322207
1.04168721 1.72114552 106.23751084 -535.470782970933 4703  1211.071976
0.96847463 1.64761542 134.28361453 -535.452931226439 4704  5129.077090
1.40399047 1.79371317 105.10273366 -535.399243368483 4705 16912.200141
1.19734243 1.72327780  96.05129828 -535.444898251890 4706  6892.111251
0.95334204 1.57112946 126.40148766 -535.458877332302 4707  3824.057674
1.02054139 1.52233825 114.08559120 -535.456865299535 4708  4265.647832
1.01389841 1.78965518  85.09118788 -535.464926137391 4710  2496.498383
1.39566928 1.78652004 100.55314406 -535.401986255622 4711 16310.205986
1.23496143 1.54418513 100.71220026 -535.425064090041 4712 11245.206691
1.04419766 1.69694704  93.86190124 -535.469176062963 4713  1563.747517
0.97052562 1.90547669 100.98679862 -535.462516079275 4714  3025.445009
1.24713320 1.64488036  92.75889481 -535.431008900878 4715  9940.471500
0.96249047 2.23422139 107.43114363 -535.423146413962 4716 11666.087949
1.22945769 1.60618505 101.96043702 -535.435564612068 4717  8940.608448
0.81986594 1.80278478 111.91384454 -535.439750062838 4718  8022.008166
0.92495854 1.68320261  65.16684443 -535.423172404381 4719 11660.383711
0.93307661 1.77153855 113.12179191 -535.468553701026 4720  1700.340176
0.96052609 1.81258159  72.53425603 -535.450441742235 4721  5675.455728
0.98557439 1.67015287 125.70680406 -535.462786048253 4722  2966.193666
1.08327736 1.89695225  97.77603639 -535.454469638495 4723  4791.434665
0.97871692 1.84290486 114.39438612 -535.462443198930 4724  3041.440396
1.12544877 1.82753628  98.26917199 -535.453851164774 4726  4927.173960
1.14748151 1.69824192  65.28824075 -535.416002885658 4727 13233.911219
0.91434777 1.57723896  95.05347530 -535.462543879211 4728  3019.343628
0.77534065 1.71199535  70.35294246 -535.386086879101 4729 19799.715851
1.00367941 1.63995078 116.46650615 -535.469826363289 4730  1421.023090
0.98013757 1.74549992  79.24313203 -535.460342307640 4731  3502.532746
1.13781655 1.82204812 107.25493794 -535.450288673097 4732  5709.050522
1.01960360 1.53907518  84.77713334 -535.441499440931 4733  7638.064047
0.97324766 2.12387932  92.98497452 -535.438884334831 4734  8212.013505
0.89409203 1.72809412  94.01991969 -535.468317934346 4735  1752.084982
1.21776278 1.68243258  85.70381693 -535.433432003854 4736  9408.661858
0.93022659 1.60265526 123.90201089 -535.462838309088 4737  2954.723738
1.00375489 1.66793038  65.23109128 -535.424445361668 4738 11381.001875
1.23404957 1.66971227  84.96934483 -535.428640058281 4739 10460.372365
1.41977991 1.67015840 118.28790218 -535.395009218247 4740 17841.488720
0.79915684 1.72447450 102.57610345 -535.437381830025 4741  8541.775199
1.14979298 1.63673012 115.00021865 -535.450588295333 4742  5643.291041
0.96396346 1.78235415  89.47995927 -535.470054509014 4743  1370.950890
0.93274850 1.79190807  95.32895077 -535.470930235415 4744  1178.751158
0.97730783 1.98572440  89.58444090 -535.453762061702 4745  4946.729824
0.73062297 1.68965095  97.05175133 -535.382676882522 4746 20548.123607
1.09622617 1.67161247  68.85385931 -535.427166029165 4747 10783.884368
0.99450103 1.89374871  96.19896314 -535.463514305702 4748  2806.359628
1.19443721 1.76127599 107.93222336 -535.443554641822 4749  7186.999581
1.36590275 1.68642815  63.58400481 -535.378008915470 4750 21572.623974
1.06169368 1.52966182 113.13364464 -535.454037187476 4751  4886.346695
1.02884308 1.82221736  99.63289928 -535.467400232099 4752  1953.497349
0.95519126 1.93464006  78.37734743 -535.452151817835 4753  5300.137510
1.19578899 1.68153495 108.21093779 -535.445487891134 4754  6762.700393
0.95501915 1.72259061  70.57155002 -535.443713685774 4755  7152.093467
0.97588361 1.68088314 144.90151404 -535.436378349410 4756  8762.013741
0.94003310 1.66531112  56.22186236 -535.389233128685 4757 19109.193871
1.27844880 1.70120896 135.98683292 -535.402802638053 4758 16131.030750
1.04836230 1.84057791  97.59854729 -535.463976318178 4759  2704.959608
0.96891078 1.80994539  94.36773884 -535.470737213092 4760  1221.114662
1.14184952 1.68518836  88.87784761 -535.450945462680 4761  5564.901867
1.27869078 1.46891889 102.78908333 -535.396852663239 4762 17436.899302
0.98262701 1.47756524  86.28147238 -535.425130440162 4763 11230.644522
1.28690700 1.85912549 102.06736653 -535.419057739649 4764 12563.448253
0.90817209 1.64716272  55.99435982 -535.378781990368 4765 21402.953642
1.49164789 1.86071077 103.40661912 -535.377134016611 4766 21764.642082
1.14902386 1.58749219 103.34624283 -535.449571745432 4767  5866.397960
0.98440035 1.72040012  68.93763319 -535.440393781903 4768  7880.728159
0.96566596 1.41661072  94.03275088 -535.408926386935 4769 14787.023196
0.86548976 1.65719983 139.67124016 -535.434610287117 4770  9150.058568
0.95220466 1.77876348  95.56424625 -535.472653165718 4771   800.611658
0.73954732 1.74896179  95.87375812 -535.390081349262 4772 18923.030969
1.11335351 1.67622802 113.47229716 -535.458504874207 4773  3905.802779
0.80778455 1.62978352 101.71408676 -535.441161149778 4774  7712.310374
1.40830703 1.73391682 105.55843986 -535.401458045775 4775 16426.134649
1.12376761 1.74738128 100.47810242 -535.458774166456 4776  3846.699960
0.97675960 1.77481323  83.06787627 -535.464981077611 4777  2484.440398
0.94541534 2.22120994  84.52600755 -535.427297472420 4778 10755.035908
0.97146547 1.95366850  78.63045300 -535.451144873156 4779  5521.136326
1.18294664 1.68045096  81.11644963 -535.434946527019 4780  9076.262438
1.10077293 1.74667313 102.15404195 -535.462547111959 4781  3018.634122
0.93210016 1.65533028  95.50959562 -535.472406579378 4782   854.731105
0.95826822 1.87913512 133.30917711 -535.437782311650 4783  8453.879640
0.94353616 2.27839388  84.99361926 -535.421813362856 4784 11958.658855
0.97274987 1.89198440  68.79440728 -535.443063894990 4785  7294.706063
0.89328390 1.63818691 119.15004545 -535.464058536521 4786  2686.914767
1.07685979 1.45548200 100.10406636 -535.426502169780 4787 10929.584665
0.95277436 1.71988561 130.35497713 -535.455761310586 4788  4507.945404
0.98535586 1.66675534 123.85475401 -535.464786825774 4789  2527.073749
0.93879695 1.69698705 136.36490691 -535.448255614379 4790  6155.255343
1.01559335 1.75181774  94.26976962 -535.471562802126 4791  1039.918810
1.00442671 1.78885727  80.96649171 -535.461533245457 4792  3241.152103
1.08040481 1.56645734 101.25534473 -535.457471217928 4793  4132.664114
0.94331591 1.74282477  73.91911183 -535.450986901644 4794  5555.807066
0.99880366 1.74994094  82.77364967 -535.464182946722 4795  2659.609884
1.12465577 1.66641438  85.48176378 -535.449611702866 4796  5857.628316
1.06882203 1.87422898 103.06199832 -535.457805092141 4797  4059.387192
0.96306363 1.63522434 116.36872405 -535.471183853836 4798  1123.088347
0.95985852 1.66848967  68.88999560 -535.434140901777 4799  9253.076745
1.19900271 1.62939170 108.71419262 -535.443357988598 4800  7230.159975
0.93514039 1.61654653 100.66251497 -535.472270466480 4801   884.604433
0.97344639 1.86080277 109.64742494 -535.463837176934 4802  2735.497582
1.08156903 1.84391462 106.94811811 -535.457574909300 4803  4109.906488
0.91506764 1.56525999  77.16091082 -535.431314235841 4804  9873.458220
0.76289207 2.14385670 102.55778798 -535.369059212194 4805 23536.856837
0.97132268 2.11355709 121.23587289 -535.426449196068 4806 10941.211051
0.89851713 1.80515746  92.47239114 -535.465326223585 4807  2408.689611
1.22395162 1.69337075  85.65607639 -535.432648040578 4808  9580.721912
0.94748972 1.65229383  75.87297572 -535.447714182558 4809  6274.085894
0.99094119 1.83426412  69.23326295 -535.444774733179 4810  6919.220475
1.05578365 1.47685906 105.89981529 -535.440715452648 4811  7810.129589
0.90169332 1.64140391  65.53156715 -535.413552200313 4812 13771.774492
1.42138535 1.67236174 115.05970682 -535.396707541912 4813 17468.749753
0.95362000 1.79925711 101.48082021 -535.471873219319 4814   971.790109
1.01306802 1.80429803  87.63664592 -535.466300495324 4815  2194.861676
0.77769820 1.56516962 104.88278406 -535.417425327043 4816 12921.721415
0.82089090 1.69854155  76.36159848 -535.424756374510 4817 11312.742445
0.94566918 1.98102280  94.47302615 -535.454379044382 4818  4811.317775
1.00414235 1.66169326 143.42495352 -535.437880709633 4819  8432.283779
1.15392764 1.69033473 102.88277970 -535.454413131772 4820  4803.836458
1.17849812 1.71754434  98.44986717 -535.449244924675 4821  5938.126826
0.74107641 1.65509924  87.76418212 -535.384669014956 4822 20110.901067
1.38356186 1.72610810 109.77612943 -535.405511966515 4823 15536.401873
1.46006368 1.70224478 124.62325630 -535.381674728993 4824 20768.070887
0.79975899 1.69021714 105.64599988 -535.438336224043 4825  8332.309920
1.00850959 1.82274474 110.11996590 -535.465796480130 4826  2305.480227
0.92396317 2.22108598  94.27630084 -535.426039856272 4827 11031.050753
0.71757648 1.67260110  76.62399793 -535.342856161937 4828 29287.761739
0.94566425 1.65551765 140.11816585 -535.444446879384 4829  6991.176067
1.08206470 1.85318995  99.79390081 -535.458533634653 4830  3899.490590
1.10142073 1.73009324 101.85872133 -535.463020386248 4831  2914.762420
0.97737667 1.95166281 120.65286216 -535.445104270070 4832  6846.895486
0.95403153 1.92949462  55.24656952 -535.414849377642 4833 13487.076970
1.18190166 1.64076197  95.39861665 -535.445479494881 4834  6764.543157
1.02938005 1.71788838  86.53822379 -535.465635648729 4835  2340.778640
1.14033294 1.66520446 101.89092581 -535.456501221994 4836  4345.553618
1.05236135 1.75814232  86.17100846 -535.462980043199 4837  2923.616696
0.96936874 1.62720211  68.96945642 -535.427691218635 4838 10668.618601
1.09748395 2.06729643 101.16613737 -535.433092908658 4839  9483.084652
0.96728236 2.02295300  90.71531729 -535.450008922325 4840  5770.448720
0.95628374 1.81592480 103.64836344 -535.470291196659 4841  1319.003956
0.93293781 1.62432382 142.18805067 -535.441070462562 4842  7732.213918
1.02088894 1.50572315 104.07324513 -535.452603638776 4843  5200.974273
0.77489912 1.70418800  70.94949305 -535.386521330135 4844 19704.364869
0.93449355 1.46380161  86.77882305 -535.419177300052 4845 12537.207777
1.20163596 1.68672628  99.18644059 -535.444800932262 4846  6913.470441
1.01510808 1.60880598  72.26333985 -535.431999632896 4847  9723.030952
0.96107903 1.70061761 114.45650623 -535.472354841207 4848   866.086321
0.77372017 1.70917524  93.73374317 -535.418961946445 4849 12584.472432
1.07665967 1.77185835 115.48429812 -535.459107229654 4850  3773.601037
1.10485749 1.68188016  61.12010708 -535.408903694943 4851 14792.003513
1.40533011 1.62996044 109.65727792 -535.401158333596 4852 16491.913871
1.50704248 1.67578414  90.04921084 -535.378521690682 4853 21460.082821
1.06214575 1.77147436 102.93725190 -535.466811128136 4854  2082.790726
0.97122715 1.81088016 100.54276017 -535.471243435357 4855  1110.011715
0.98735615 1.50948718  99.00897094 -535.452981476952 4856  5118.048377
0.82017490 1.88767931 108.14742696 -535.433299050603 4857  9437.841724
1.17248089 1.76736780 103.61478993 -535.448717993467 4858  6053.774861
0.92896562 1.57318896  70.24715230 -535.415952049586 4859 13245.068448
0.98812359 1.51240338 104.70748755 -535.456783864401 4860  4283.520778
1.00767092 1.86090834 119.78527544 -535.454758619892 4861  4728.010579
1.02052929 1.69790609 136.67272934 -535.445576698816 4862  6743.209359
0.89664889 1.66543639  95.64742402 -535.468946133734 4863  1614.211151
1.12693773 1.58998558  99.40819336 -535.452647722878 4864  5191.298931
0.96089384 1.70206730 105.59650635 -535.475947607868 4865    77.565168
0.96439159 2.00112186 103.81295115 -535.450899311824 4866  5575.030810
0.84503874 2.00819259 105.54455722 -535.430378397960 4867 10078.850898
1.48811548 1.65600242  97.82867479 -535.385669559731 4868 19891.306868
1.05437433 1.68345283  97.92948642 -535.469446488890 4869  1504.395885
1.04948084 2.07292709 107.83643850 -535.435980295149 4870  8849.376555
0.82280969 1.65619762  74.33948487 -535.417016735776 4871 13011.396834
1.15173867 1.69662375  95.80542968 -535.453596820420 4872  4982.996094
0.86647903 1.75196283 121.34589157 -535.452889412459 4873  5138.254198
0.67647433 1.72901471  89.67095834 -535.305985185718 4874 37380.005801
1.04948938 1.66039188  99.32839011 -535.469792628081 4875  1428.427113
0.99317752 1.75027150 102.35189200 -535.474180305667 4876   465.443174
1.00119359 1.79931818  76.84216220 -535.456485609426 4877  4348.980180
1.19175136 1.81225504 100.67322145 -535.442559272570 4878  7405.457884
1.00298692 1.62902926  70.44903954 -535.431871154692 4879  9751.228659
1.37096420 1.63558685 101.60108722 -535.408517171166 4880 14876.835678
0.96765006 1.75907907  83.18545014 -535.465338830587 4881  2405.922694
0.97960550 2.15404860 116.66315128 -535.425888863694 4882 11064.189794
1.20469328 1.65254848 101.77145580 -535.443692518065 4883  7156.739242
0.94536991 1.83620636 138.43092068 -535.434233385243 4884  9232.778970
0.99616055 1.67493478 128.18932203 -535.459371323856 4885  3715.639058
1.08201793 1.69466226 115.43451277 -535.461990734965 4886  3140.744760
1.05278139 1.68511956 125.74300122 -535.456821501171 4887  4275.260462
0.92631226 1.82531662 115.68562980 -535.461625753850 4888  3220.848857
1.28968322 1.62338241 107.57399429 -535.424645860433 4889 11336.997482
0.74303788 1.72035121  79.56821889 -535.378327682658 4890 21502.662661
0.97979674 1.82674875  93.55479505 -535.469251862050 4891  1547.111540
1.45903045 1.69262610 115.03846865 -535.389367316114 4892 19079.743134
1.33294974 1.69185746 132.82749678 -535.396641041286 4893 17483.344953
0.86379107 1.72467885 110.87896809 -535.461543586872 4894  3238.882424
0.95998075 1.75107782  93.54594833 -535.473224693245 4895   675.175862
0.70280624 1.70313829  81.72934858 -535.335533667398 4896 30894.863558
1.13651214 1.79591964 109.83660251 -535.451380335907 4897  5469.458224
0.92493982 1.91226875 103.22080335 -535.459338715875 4898  3722.795683
1.31045316 1.92681482 104.75632010 -535.406784875007 4899 15257.030746
1.44903326 1.70454982 101.77794680 -535.394427842320 4900 17969.085990
1.11725315 1.88480472 103.73738208 -535.449346507679 4901  5915.831933
1.09133052 1.67695603  70.59681878 -535.432094747350 4902  9702.155741
0.96999938 1.61770377 110.50484839 -535.473101503317 4903   702.212927
1.00478071 1.87417662  90.66520365 -535.463720950723 4904  2761.006287
0.97314078 1.66339734 106.48890049 -535.475735433489 4905   124.132062
0.97032101 1.83249968 134.53114581 -535.440915637074 4906  7766.194185
0.93692285 1.85084278 122.88667832 -535.453046428313 4907  5103.793201
0.99058081 1.47067464  91.80972080 -535.431493295011 4908  9834.159274
1.01485965 1.63150709  81.36078366 -535.454253154332 4909  4838.947448
0.79358623 1.88904087 100.43067575 -535.421526195692 4910 12021.684763
1.25019514 1.70225374 106.54728157 -535.434707270368 4911  9128.773205
1.00095782 1.61234273 124.66189469 -535.462232157943 4912  3087.758540
0.85664664 1.64286217 130.12809210 -535.445043581925 4913  6860.214994
0.97209337 1.99176184  88.57801970 -535.452922783695 4914  5130.930059
0.86314758 1.74952374 116.56741312 -535.456375957774 4915  4373.045937
0.88879255 1.63113975 119.95771959 -535.462498113843 4916  3029.387965
1.19891271 1.69712345 126.17720509 -535.431492109160 4917  9834.419538
0.94175730 1.90661616 135.01475727 -535.431783533605 4918  9770.459265
0.89168118 1.71053358  91.96260334 -535.466823203767 4919  2080.140431
0.97609062 1.58885122  86.63189192 -535.457532697608 4920  4119.170883
0.94799125 1.91375558  73.89121016 -535.448546710860 4921  6091.367048
1.14741503 1.62553838 114.59388925 -535.450788975779 4922  5599.246773
0.96992462 1.97087514 125.49070465 -535.437816125364 4923  8446.458388
1.26238661 1.70803190 113.72008903 -535.429122650076 4924 10354.455707
0.86992111 1.74984500 117.18788122 -535.457618912194 4925  4100.248968
0.98882038 1.70637129  74.76435516 -535.451277623091 4926  5492.001082
1.00025679 1.54451838 134.85033995 -535.444914048326 4927  6888.644334
0.99529615 1.88549712 121.94304795 -535.450656970206 4928  5628.218648
0.97101797 1.72364346  97.79028674 -535.475320256605 4929   215.252858
1.09215628 2.06565121 103.84020004 -535.433164681129 4930  9467.332415
1.07909723 1.90894639 103.65650206 -535.452737634239 4932  5171.565668
1.00403125 1.56651777 116.96487190 -535.464221168983 4933  2651.221067
0.98848447 1.72370167 108.08409952 -535.474242574996 4934   451.776636
1.02907604 1.71508542 104.24649824 -535.472604477055 4935   811.297584
1.14933644 1.69255583 132.26391410 -535.433489965219 4936  9395.940808
0.82356408 2.17323471 100.74260224 -535.404009080672 4937 15866.247196
0.82773641 1.77491067  91.76884376 -535.446669591486 4938  6503.347139
1.45078284 1.63160213  95.79509242 -535.390417674161 4939 18849.216184
0.78045051 1.92967857 104.42294048 -535.407430059423 4940 15115.429131
0.95198128 1.78594896 109.34719026 -535.470497565462 4941  1273.711238
0.88434172 1.67399781  97.05993121 -535.467686735583 4942  1890.617101
0.92086934 1.80132438 120.14948398 -535.459431287807 4943  3702.478492
1.01665825 1.74009415 112.14903372 -535.469951286193 4944  1393.605681
0.96084665 1.64727343 104.75343795 -535.475519724549 4945   171.474703
1.13151873 1.68572759 124.57694380 -535.446152734670 4946  6616.784100
1.00155713 1.74853954  82.97594269 -535.464267099204 4947  2641.140548
1.01625605 1.54219467 103.41479814 -535.461334089233 4948  3284.861842
0.87127523 1.83790434 110.06466500 -535.455347629503 4949  4598.737909
1.08818948 1.66514557  85.40870767 -535.455152136289 4950  4641.643711
0.96284864 1.90206491 128.38348122 -535.441978861217 4951  7532.843454
0.98754520 1.84822514  92.10035139 -535.467038063379 4952  2032.984196
1.10956616 1.55015395 101.44633742 -535.450178017467 4953  5733.336626
0.68509041 1.61953944  92.76641198 -535.318487584544 4954 34636.046377
1.11901154 1.54023627 104.36039973 -535.447624924087 4955  6293.675864
0.98200380 1.53388755 134.84359096 -535.444445977609 4956  6991.373984
0.85430119 1.80917607 113.93215521 -535.450954795580 4957  5562.853533
1.14379258 1.55767067  96.80340410 -535.443105834676 4958  7285.501365
0.78438550 1.70355859 125.67252497 -535.415632537960 4959 13315.193145
1.10368456 1.72467745  94.32207671 -535.461344583191 4960  3282.558685
1.26452488 1.70590914  87.64418067 -535.426450278077 4961 10940.973577
0.89547327 1.63877789 116.96663584 -535.465982656706 4962  2264.619191
1.01399488 1.77988908  77.91799695 -535.457377139162 4963  4153.312016
0.96513671 1.43368246 113.69065463 -535.431666566524 4964  9796.130572
0.98805854 1.54827099 112.62929486 -535.464351245461 4965  2622.672579
0.83677067 1.70403749  75.99339003 -535.431136824899 4966  9912.395422
0.95012498 1.90705700  94.71472182 -535.462379421892 4967  3055.437838
0.95195352 1.69098379 108.42905343 -535.475285937238 4968   222.785088
1.00358453 1.95557797  92.80836248 -535.456571209115 4969  4330.193220
0.96293917 1.89666971  92.85441390 -535.463396921877 4970  2832.122400
1.15615289 1.73420624 110.81081111 -535.450976558066 4971  5558.077219
1.06672161 1.67078983  88.75145088 -535.461901900183 4972  3160.241741
0.98932039 1.92326387  84.38579911 -535.457403375260 4973  4147.553858
1.19192370 1.69731564  88.24460192 -535.441446264438 4974  7649.734938
1.06370236 2.06801763 107.47188052 -535.435094822311 4975  9043.715383
1.06772917 1.78713364 102.86152102 -535.465153622379 4976  2446.571198
0.96405653 1.84600340  58.92936145 -535.422677440072 4977 11769.015823
1.05692302 1.69790408 100.09382263 -535.469728199028 4978  1442.567656
0.90492438 1.61669900 104.82630181 -535.470204740563 4979  1337.978876
1.35679518 1.71176894 121.30420936 -535.404051950124 4980 15856.838438
1.34352344 1.62260290 107.19249454 -535.413556289718 4981 13770.876971
1.07110142 1.63695590 118.43718120 -535.461236357341 4982  3306.311514
1.09037971 1.84466475 100.41610011 -535.457989724859 4983  4018.864994
1.40645664 1.79963558 106.10842459 -535.398072511408 4984 17169.173570
1.00270328 1.67536309 105.17065852 -535.474872355500 4985   313.555789
0.84719853 1.60711337  88.66641162 -535.445853630257 4986  6682.429932
0.96925853 1.81604126 100.51513369 -535.470866080060 4987  1192.831631
1.18276075 1.68672635  87.49725447 -535.442211610255 4988  7481.760944
1.09138392 1.68740519  59.37529604 -535.405931445670 4989 15444.336839
1.08880466 1.72010258  92.93271761 -535.463023173657 4990  2914.150654
0.99874898 1.56198973 100.59386780 -535.465116662188 4991  2454.683022
1.06514443 1.59320239 101.39628737 -535.463352435775 4992  2841.885971
1.11498040 1.70755446  59.38088520 -535.406830921260 4993 15246.924761
1.14435065 1.70018989  79.18991635 -535.440619576258 4994  7831.172025
1.09725080 1.78206979 105.85658382 -535.460517956533 4995  3463.982269
1.12669948 1.68253807 116.58268992 -535.454204020287 4996  4849.731125
0.85369340 1.69281720 103.20674435 -535.461428001264 4997  3264.250534
0.79025756 1.64678439 100.36872655 -535.431794607291 4998  9768.028871
1.09018555 1.81349089 103.49513896 -535.460004167657 4999  3576.745895
0.82683537 2.00736085  98.71897468 -535.425425984992 5000 11165.779929
0.85678106 1.76331866  96.37061941 -535.459427765354 5001  3703.251581
1.16580691 1.56974835 109.56321341 -535.444214654957 5002  7042.143438
0.97945654 1.87164602 127.95659292 -535.445718473906 5003  6712.093323
0.97846722 1.95658448 137.33202143 -535.423733102875 5004 11537.324614
1.17883718 1.69004488  87.69144719 -535.443271615116 5005  7249.116764
1.09181259 1.69802695 111.82288975 -535.462599137566 5006  3007.215821
0.91996157 1.62946908  74.96076321 -535.440168466831 5007  7930.179102
1.14554771 1.71055205 105.26061030 -535.455551920263 5008  4553.901269
1.13402707 1.75174372  99.15658072 -535.456763329880 5009  4288.027585
0.93787172 1.89713862 127.56592198 -535.442658125225 5010  7383.762234
0.93193823 1.58989430 134.33011091 -535.450628248351 5011  5634.522367
0.84012321 1.69493831  70.79866413 -535.420217614933 5012 12308.885048
1.46218761 1.73965755 106.66705650 -535.390487442570 5013 18833.903788
0.96775296 1.87283496  73.08168677 -535.450029421098 5014  5765.949760
0.95010681 1.42112080  88.73861897 -535.401779312481 5015 16355.624756
1.19998437 1.78683856 103.86080615 -535.442149733906 5016  7495.341233
1.27731881 1.81255139 103.28267682 -535.424607007625 5017 11345.524688
0.91799108 1.46724676  91.26485466 -535.427432177167 5018 10725.471632
0.71144523 1.76409199  96.47663394 -535.358451229300 5019 25865.040015
0.91101461 1.90402172  94.31013260 -535.459509756195 5020  3685.256671
1.21527469 1.67178989  68.39506152 -535.408600347863 5021 14858.580503
0.84896832 1.63986810  85.09082953 -535.445482076469 5022  6763.976564
0.95017931 1.53879238 113.48188860 -535.462994447588 5023  2920.455298
0.97294415 1.71569905  77.51474556 -535.456826434835 5024  4274.177648
0.98672344 1.79293558  81.82593248 -535.463103164013 5025  2896.594800
1.06148491 1.75019864 107.04984082 -535.467040524460 5026  2032.444051
1.05950204 1.62794190 121.23229519 -535.460243000351 5027  3524.328177
0.87576480 1.62585487 111.70022849 -535.464530970640 5028  2583.227461
0.86643287 1.78237058  93.34949495 -535.460202842210 5029  3533.141870
0.90919675 1.74281503 101.27032227 -535.471860324579 5030   974.620178
0.98369313 1.55340573 115.00940345 -535.464497865889 5031  2590.493114
0.97139374 1.93274528 128.94833748 -535.437914273701 5032  8424.917317
0.95180224 1.64853650 138.89841567 -535.446462347314 5033  6548.831978
0.89672567 1.83498700 107.19047698 -535.462243244183 5034  3085.325391
0.98083238 1.93739409  84.66755785 -535.456548402818 5035  4335.198623
1.20639749 1.52523329 100.70303490 -535.426677890572 5036 10891.018408
1.12431230 1.88391117 101.47522845 -535.448832538407 5037  6028.635152
1.01873845 1.95155775 108.26068551 -535.452690291904 5038  5181.956110
1.04774694 1.63223604  98.61468268 -535.468236398962 5039  1769.979931
0.95831321 1.80272992  90.76918397 -535.469740939858 5040  1439.771367
0.98951387 1.64823057 102.17952739 -535.474848186674 5041   318.860234
0.95306469 1.79529921  86.34278107 -535.467176295448 5042  2002.645763
1.12450646 1.70263636 100.58450371 -535.459602463480 5043  3664.909773
0.97135025 1.57508404  91.17372644 -535.460955781770 5044  3367.890735
1.34628252 1.74381461  96.15311825 -535.413572467004 5045 13767.326467
1.05291313 1.67262904  74.11399216 -535.442946392095 5046  7320.494968
0.91715728 1.70105476 101.30268768 -535.473846198787 5047   538.771160
1.07147174 1.62791573 110.87250015 -535.465023488677 5048  2475.132245
0.86290229 1.74383293 110.93011570 -535.460286757426 5049  3514.724609
0.84909840 1.72752176  69.44410715 -535.423092945041 5050 11677.823021
0.96415448 1.78971079  64.98235355 -535.435289457999 5051  9000.997787
0.99359349 1.85215569  99.95319666 -535.467308297769 5052  1973.674602
0.98442021 1.87680378 119.19829659 -535.454726493114 5053  4735.061591
0.97108585 2.10150330  97.01456021 -535.441029650577 5054  7741.171113
1.00700169 1.76763923  90.61341241 -535.469956424578 5055  1392.477936
0.91611172 1.75929767 115.52116472 -535.466281083175 5056  2199.122151
1.05264730 1.81744839  98.69007563 -535.465281414528 5057  2418.524062
1.10408467 2.02726360 103.93770750 -535.435759121571 5058  8897.918545
0.82295849 1.66531332  74.41999677 -535.418421392634 5059 12703.110282
0.95842506 1.90798163 103.10704186 -535.461638031445 5060  3218.154236
1.44826935 1.68597677 119.47181012 -535.388621448634 5061 19243.442127
1.11991535 1.63301569  95.20788473 -535.456162482633 5062  4419.898315
0.81910943 1.62533186 117.33817041 -535.442971212154 5063  7315.047594
1.16007634 1.70300443 126.80012540 -535.438033381167 5064  8398.776250
0.95700032 1.99601726  83.12048381 -535.450189363907 5065  5730.846370
0.75506333 1.71526661  86.16880887 -535.397968178841 5066 17192.071922
0.99214402 1.64995457 143.39594501 -535.438905363371 5067  8207.398273
1.13352233 1.89413355 102.92592599 -535.445894579866 5068  6673.442531
0.95596486 1.54089951  71.13909091 -535.410693753840 5069 14399.130989
0.91819825 1.51818924  88.00846498 -535.440622052387 5070  7830.628578
1.02742895 2.21973041 108.92463044 -535.421558379276 5071 12014.621283
0.79534376 1.70148348 112.99278357 -535.433018440315 5072  9499.428565
0.98241393 1.80377314  74.81220683 -535.454153122009 5073  4860.902006
1.27090985 1.66110103 116.47177487 -535.426109146641 5074 11015.843275
0.94169217 1.59213473 133.38519198 -535.452396394328 5075  5246.459173
0.90073321 1.93728357 102.43606668 -535.453791991196 5076  4940.161059
1.05986951 1.83381499  97.71984274 -535.463158310478 5077  2884.491550
1.36625325 1.56161123  99.08134861 -535.400688883370 5078 16594.946288
0.83676364 1.79136488  97.91728509 -535.451346214098 5079  5476.947096
0.96032517 1.70460245  59.49543426 -535.411378077743 5080 14248.939250
1.19394921 1.74901752 111.21839742 -535.442814164164 5081  7349.515644
1.32538841 1.59659062 103.96022280 -535.415161795153 5082 13418.509251
1.29239553 2.09864505 103.55884761 -535.391956899840 5083 18511.395189
1.10648431 1.60460257 101.54647812 -535.458491504252 5084  3908.737145
1.15415054 2.22681219 101.55451557 -535.406273604108 5085 15369.241740
1.02543039 1.63974540 127.25566865 -535.458358786462 5086  3937.865333
0.91441287 2.01124804 107.24810585 -535.445061260727 5087  6856.334946
1.04265142 1.68468263 113.09165651 -535.468685644126 5088  1671.382013
0.90752238 1.69733857 128.72012953 -535.455735196852 5089  4513.676706
1.08036160 1.56097745 105.87063011 -535.457688084705 5090  4085.067357
0.97700095 1.71210167  72.01472201 -535.446441249346 5091  6553.462447
1.28532593 1.69821609 126.85272460 -535.413319089439 5092 13822.936416
1.21478674 1.83481542 102.32030820 -535.436001825657 5093  8844.651155
0.90666212 1.68964074 118.62226856 -535.466197201950 5094  2217.531952
0.87139545 1.69285292  56.60043418 -535.383943887501 5095 20270.048151
0.93983532 1.68537927 143.89140195 -535.437556939105 5096  8503.343198
0.87844633 1.92844317  95.73854881 -535.451393856626 5097  5466.490770
1.03781433 1.72800689  93.41865600 -535.469692886344 5098  1450.317894
0.88255796 2.22318545 104.65098314 -535.416702806492 5099 13080.296349
1.29506022 1.61267891 106.65216245 -535.422904442765 5100 11719.194489
1.30063979 1.73926870  96.68982507 -535.423400957985 5101 11610.221993
1.29474455 1.68906543  87.68594537 -535.419657598636 5102 12431.794421
1.42738377 1.69678460 116.09229184 -535.394610842144 5103 17928.922170
1.03103162 1.66668264  89.53679357 -535.466402425488 5104  2172.490591
0.92688305 1.64589531 112.83094602 -535.472130639408 5105   915.292929
0.97462432 1.78046716  68.30328919 -535.442419932070 5106  7436.039590
1.14030710 1.63157251  99.17026663 -535.454292761837 5107  4830.254605
0.94336309 1.52936156 117.52932101 -535.459457825865 5108  3696.654061
1.15878067 1.95175676 103.38717139 -535.435164427080 5109  9028.438902
0.99404410 1.66106222  64.32989696 -535.420763702146 5110 12189.032756
1.01350961 1.78461679 109.05513479 -535.469054114441 5111  1590.512125
0.90961170 1.73093073  82.98943894 -535.461349031518 5112  3281.582390
1.19183063 1.74331664 106.84732962 -535.445318965796 5113  6799.775220
0.86303660 1.81070473  94.73736299 -535.458039818094 5114  4007.870799
1.23376848 1.57581552 108.44174486 -535.431701376243 5115  9788.490722
0.97799458 1.55381633 125.68088893 -535.457350702550 5116  4159.114182
1.02329777 1.80484351  88.31096574 -535.465917431566 5117  2278.934455
0.95226615 1.56359687 117.98897078 -535.464748205438 5118  2535.549933
0.88633591 1.68611939  72.15954600 -535.435893076361 5119  8868.518867
1.30422224 2.10667731 102.40894257 -535.388994493515 5120 19161.568238
0.98762586 1.62726316 120.98313532 -535.466930922766 5121  2056.498843
0.95775728 1.84146063 102.82770559 -535.468316229323 5122  1752.459192
0.94408794 1.87973969 116.12160149 -535.456844420004 5123  4270.230359
0.92474176 1.60923923 118.86375629 -535.466962107759 5124  2049.654528
1.12380276 1.61928432 105.56774804 -535.457285430103 5125  4173.439829
0.96251256 1.52543411  98.34835566 -535.457210175237 5126  4189.956363
0.89212149 1.65911828 132.40809882 -535.450038698254 5127  5763.913659
1.15892580 1.68484934 110.78765149 -535.451688435146 5128  5401.838256
1.06557890 1.96119109 101.36895184 -535.449534268558 5129  5874.623183
1.01122168 1.77393651 130.08132882 -535.450745827279 5130  5608.716774
1.09178301 1.85931616 104.22199086 -535.455661534394 5131  4529.843747
0.72422210 1.73499101  85.94866164 -535.367540430466 5132 23870.190903
1.14108870 1.61777182 100.10761302 -535.453360589606 5133  5034.842766
0.89865684 1.68906537  69.26855045 -535.431507453899 5134  9831.051757
0.84312214 1.62837974  98.61945466 -535.455097356104 5135  4653.666572
0.93387641 2.00829323 119.28126993 -535.438643093634 5136  8264.959828
0.99080189 1.76315800  73.41267672 -535.451430781158 5137  5458.386771
1.00865138 1.99251315 110.59193828 -535.447285234625 5138  6368.229085
0.93886778 1.72457423  89.47286615 -535.470451431736 5139  1283.836421
0.81214457 1.56257177 103.95064216 -535.436900710406 5140  8647.368752
0.91190468 1.78792377 108.01537259 -535.468082412548 5141  1803.776043
1.04539243 1.59873201 109.50879861 -535.466693530766 5142  2108.600366
1.37067588 1.70753275  94.26923326 -535.408308262083 5143 14922.685923
0.97889255 1.89267263 133.27241082 -535.436394023711 5144  8758.573630
0.92537237 1.72808125  98.36802199 -535.473748447154 5145   560.225164
1.20264728 1.62789452 105.89139137 -535.442967936863 5146  7315.766437
1.05117906 1.63344445 124.24202181 -535.458639714634 5147  3876.208725
0.91402242 1.67850760 118.91332403 -535.467085092273 5148  2022.662547
1.00913288 1.87980501 105.53050874 -535.462446382129 5149  3040.741765
1.02933223 1.68425858 106.75420209 -535.472520858433 5150   829.649751
0.91048777 1.53744148  86.69942275 -535.443087083948 5151  7289.616674
1.13232874 1.75549313  96.47373082 -535.456527667406 5152  4339.749520
0.97979749 2.16189828 123.94138727 -535.419106962607 5153 12552.645063
0.67472289 1.72964748 115.68961151 -535.303214997305 5154 37987.991893
0.95219865 2.22025427 125.92399904 -535.411801278508 5155 14156.057417
0.98434977 1.79568914 112.66291635 -535.467759722952 5156  1874.598225
0.94523724 2.13808157  89.00739354 -535.436541178287 5157  8726.276933
0.95111652 1.71685547  92.95074691 -535.473293176899 5158   660.145437
1.00425040 2.08127090 100.97223998 -535.441531370595 5159  7631.056295
1.04471725 1.79813098 107.35917145 -535.465902027744 5160  2282.315203
0.87497160 1.67197349 126.67058482 -535.453331045500 5161  5041.326948
1.19828394 1.70299101 119.21104616 -535.438333588717 5162  8332.888307
0.99886921 1.93615891  99.49384803 -535.458738129255 5163  3854.609212
0.94535043 2.20795344  99.40301538 -535.428116095453 5164 10575.368916
1.22477651 1.71016980 118.51347516 -535.433396276150 5165  9416.503183
1.08162213 1.76027700 114.55265113 -535.459840685485 5166  3612.626085
1.08283661 1.86155548  98.29390375 -535.457789871608 5167  4062.727713
1.12571789 1.71352097 103.58209824 -535.459259888026 5168  3740.096396
0.90281423 1.70895065  59.08334929 -535.403789918326 5169 15914.347772
1.01517751 1.60162974 111.60908432 -535.469366406712 5170  1521.971892
1.04175802 1.66228651  67.43221386 -535.427772153805 5171 10650.855384
0.96864354 1.71446126 130.24411017 -535.456285057125 5172  4392.996323
0.93785896 2.02366564 102.89164506 -535.447607089462 5173  6297.590112
1.13427741 1.77088637  98.92844655 -535.455879687846 5174  4481.964598
1.11197309 1.69451855  70.54091098 -535.431116137413 5175  9916.935801
0.98327293 1.64927645  93.87050706 -535.471839441648 5176   979.203451
1.10588396 1.66012286 102.75534720 -535.462336898309 5177  3064.770686
0.98694530 2.17104572 101.64490962 -535.431891575355 5178  9746.746841
0.93211956 1.84589655  85.11135941 -535.462575201676 5179  3012.469141
0.94041230 1.68982108 131.10242088 -535.455811535951 5180  4496.922210
1.47684542 1.70078787 116.98121452 -535.384753180981 5181 20092.428760
0.97197470 2.08838014 122.70222254 -535.427756916191 5182 10654.199653
0.92591654 1.57057244 118.79098740 -535.463899500481 5183  2721.819144
0.86872037 1.50070579 105.20046684 -535.444253462393 5184  7033.626190
1.06171537 1.65116725 137.26629573 -535.441283258499 5185  7685.510607
1.38210545 1.64473991  93.48826407 -535.403487264965 5186 15980.772508
0.92257576 1.85591869  82.72032449 -535.459230411316 5187  3746.565786
1.00083759 1.78747398  82.68736071 -535.463561987997 5188  2795.894573
1.00177332 1.61483162 123.32517874 -535.463578571578 5189  2792.254898
0.98625758 1.75296124 114.04637101 -535.469835367594 5190  1419.046874
0.94354507 1.89358259 112.89006702 -535.457787405346 5191  4063.268995
0.97200685 1.85559290  92.36863354 -535.466860513611 5192  2071.951867
1.02052323 1.60476730  72.83409541 -535.432264354249 5193  9664.931329
0.87468056 2.06308866 105.35126217 -535.432620462109 5194  9586.774686
0.96328436 1.58566365 134.77097686 -535.450527196686 5195  5656.700644
0.87649527 1.76959810 104.70338844 -535.464363844198 5196  2619.907476
1.08086211 1.74631306  98.67562973 -535.465481327510 5197  2374.648234
1.13779164 1.71157978 142.18809283 -535.420023727355 5198 12351.438454
1.14690759 1.67297593  95.73112395 -535.453922562481 5199  4911.503974
0.85264197 1.77711355 113.76817602 -535.453313292827 5200  5045.223209
0.83461964 1.53248026  94.71550348 -535.434536054408 5201  9166.350765
0.93328778 1.73776351 148.79604752 -535.425989521870 5202 11042.097878
0.89364505 1.79500768  90.96776570 -535.464395525647 5203  2612.954202
1.06943874 1.42326207 101.67949568 -535.413858602632 5204 13704.526955
1.01407004 1.49610538  91.76459362 -535.439616023322 5205  8051.426440
0.87512818 1.72563298 123.08250515 -535.454971391718 5206  4681.312560
1.05749363 1.61609744 118.92051925 -535.461850123939 5207  3171.605313
1.06456286 1.69189689 135.78012746 -535.442202663117 5208  7483.724614
0.87910898 1.68613527 118.39153601 -535.461809233319 5209  3180.579767
0.94955527 2.04002385 124.93603978 -535.430288797805 5210 10098.515859
1.15372936 1.57802003  98.10337263 -535.445537179382 5211  6751.882872
0.91549377 1.65800809 136.88196209 -535.447140019679 5212  6400.100083
1.21900819 1.67151060  86.92241624 -535.433750192171 5213  9338.827593
0.80498966 1.69860042  75.22484872 -535.414547692509 5214 13553.289205
1.18656920 1.76335386  96.23507351 -535.446056538512 5215  6637.896717
0.98160111 1.69597872  66.84995393 -535.432880179051 5216  9529.773405
0.95639631 1.68987233  95.93719148 -535.474737568107 5217   343.138203
0.83683463 1.76031689 114.55877853 -535.448593361064 5218  6081.128512
0.97778958 1.94210871  57.08657007 -535.420086434740 5219 12337.675773
0.97611193 1.82369116  76.95897839 -535.456822960241 5220  4274.940233
0.95334118 2.10395875  73.42598112 -535.433804302367 5221  9326.951777
1.05608983 1.85691250  94.20007652 -535.461406978736 5222  3268.864445
0.71533949 1.68631332  78.20150047 -535.344481566331 5223 28931.026702
1.11756131 1.74048992 102.34115315 -535.460025848449 5224  3571.987511
0.98665265 1.67782478 117.79669767 -535.470025549028 5225  1377.306873
0.96628652 2.16851257  61.33714424 -535.417803265174 5226 12838.773581
0.78165153 1.64667769  84.90787746 -535.413084996948 5227 13874.313780
0.89055185 1.94627431 105.08266352 -535.450092291709 5228  5752.151255
1.46374777 1.72689452  98.61715468 -535.390830043221 5229 18758.711635
1.14760776 1.76249330 111.34940228 -535.450828117677 5230  5590.656119
0.90432207 1.51933231 116.37920160 -535.454897675439 5231  4697.491413
1.26392357 1.86272336 100.30754994 -535.423836341410 5232 11514.666374
0.91467546 1.70324627 119.34636668 -535.466103370255 5233  2238.125629
0.85502682 1.71675022  74.04086761 -535.434482698736 5234  9178.060982
0.89854256 1.72275366  56.81623335 -535.396814577465 5235 17445.258164
0.94794212 1.74084787 127.22533603 -535.458247820306 5236  3962.219590
0.95514980 2.24649400 145.15425148 -535.391422164111 5237 18628.756119
0.84581506 1.62536017 106.07516247 -535.457362221368 5238  4156.586094
1.06300211 1.74720605 115.60002255 -535.462408560516 5239  3049.042649
0.94639107 1.86659692 118.56108030 -535.456218236148 5240  4407.661833
0.92883770 1.89405937  97.16415144 -535.462535819555 5241  3021.112518
0.94851244 1.54473019  97.13043415 -535.460507976264 5242  3466.172685
1.42214897 1.78574631 106.57168239 -535.395760096163 5243 17676.690063
0.96509453 1.51793361 114.44589876 -535.458671496141 5244  3869.233490
0.77970497 1.61478844 103.73208484 -535.423926958142 5245 11494.778300
0.99896217 1.59578419 124.87386826 -535.461203362651 5246  3313.553011
0.85576882 1.49814751 112.16624032 -535.441036424126 5247  7739.684491
1.30393001 1.68484463 129.02796832 -535.407369730685 5248 15128.669759
0.90932852 1.72963148  73.72252637 -535.446659626938 5249  6505.534104
0.98321250 1.91752299 116.64006211 -535.452582775255 5250  5205.553287
0.95219717 1.75061435  99.83669123 -535.474663057576 5251   359.491375
1.18026992 1.72588178  91.86271946 -535.446501818814 5252  6540.168985
0.96527864 1.58896469 139.71930904 -535.444077633183 5253  7072.216242
0.96316227 1.91528675 108.76085246 -535.458518195290 5254  3902.879139
1.21956179 1.66143310 111.57814030 -535.439332635579 5255  8113.622861
1.08040611 1.72925138  89.31155014 -535.462027023741 5256  3132.780294
1.10114160 1.66777644  88.58016661 -535.456644883027 5257  4314.023665
0.78055639 1.74583998 111.09944965 -535.422474937892 5258 11813.459915
0.87347024 1.99136611 101.47486691 -535.442328410399 5259  7456.126275
1.03774359 1.70208103 111.15091682 -535.469924881039 5260  1399.400943
1.03597351 1.70471853  93.84705280 -535.470124520796 5261  1355.585080
1.15767149 1.50501712  99.64709871 -535.430129305811 5262 10133.520307
1.01043494 2.14708684 102.34628634 -535.433260800887 5263  9446.236567
0.98428212 1.55306814  72.10199050 -535.418207131102 5264 12750.135254
0.93030134 1.62369747  73.41385077 -535.436538535244 5265  8726.857014
0.93121136 1.71445071 113.11963933 -535.471635000364 5266  1024.073128
1.37496155 1.68411448 110.71991304 -535.407814126641 5267 15031.136119
0.92282713 1.64051872 138.08324897 -535.446317308591 5268  6580.664299
1.14386315 1.65187582  93.57232721 -535.452314168042 5269  5264.505757
1.16869235 1.81431703 104.58823270 -535.446151568303 5270  6617.040088
1.10163119 1.80553301 110.35354336 -535.456209529364 5271  4409.572751
0.95774332 1.73792412 100.76897627 -535.475312136455 5272   217.035025
1.24943240 1.83697504 104.10672862 -535.428308625673 5273 10533.113416
0.95066922 1.57915652  99.54271457 -535.468220275811 5274  1773.518554
1.14313481 1.70603484  72.11950003 -535.430336059939 5275 10088.143020
1.25411086 1.64715471 111.38247700 -535.432027462461 5276  9716.923068
1.01824842 1.75973830  99.19292266 -535.472162958288 5277   908.199755
1.03562659 1.60182289  93.90251100 -535.463805385430 5278  2742.475011
1.36767871 1.56312963 104.09011416 -535.402500697926 5279 16197.298949
1.18977631 1.84289182 107.36877954 -535.438726358763 5280  8246.685244
1.00464491 1.49400314 115.30574566 -535.450975734445 5281  5558.257983
1.35012159 1.67910929 122.47753702 -535.405147314402 5282 15616.433763
0.73297700 1.73873497 115.17798224 -535.380228332649 5283 21085.518197
0.94285033 1.65849844 133.21189499 -535.453979459213 5284  4899.016585
1.05232276 1.41075630 111.04758158 -535.414265344191 5285 13615.257499
0.95301278 1.77915316 116.36419403 -535.466544221026 5286  2141.370067
0.97150783 1.55249134 100.90096538 -535.464581523041 5287  2572.132491
0.99495553 1.63392147  93.05927637 -535.469647341450 5288  1460.313843
0.95955816 2.07221474 105.28346741 -535.441843492133 5289  7562.553535
0.91033771 1.72080154 104.52105342 -535.472580476442 5290   816.565110
1.17563996 1.69729926 136.41919742 -535.422582727685 5291 11789.802789
0.79052813 1.94146937  99.70145863 -535.413905986751 5292 13694.127342
1.33091416 1.70021853  71.76488801 -535.394991630324 5293 17845.348823
0.99653796 1.79492483 115.77858142 -535.465099774617 5294  2458.389416
0.78996241 1.77474107 105.26426992 -535.428832812657 5295 10418.067669
1.21527498 1.81652150 107.07933590 -535.435985398966 5296  8848.256397
1.05904381 1.71952520  64.14775423 -535.425379518684 5297 11175.978105
0.77761065 1.70642766 132.13964525 -535.403189583675 5298 16046.106000
0.98761676 1.89054078 132.70666607 -535.437198625394 5299  8581.983969
0.88023741 1.75401504 109.38341200 -535.464607323423 5300  2566.469962
1.03268964 1.69361612  83.32078321 -535.461057674501 5301  3345.527865
1.16356056 1.69149322 113.18464742 -535.449559411852 5302  5869.104868
1.02299114 1.73076510  73.93318300 -535.449600162106 5303  5860.161220
0.95711830 1.70119352 124.14972714 -535.464031618326 5304  2692.822628
1.12991729 1.57942938 102.08414506 -535.451681814800 5305  5403.291254
0.94063322 1.95098513  79.92772036 -535.451490630395 5306  5445.251382
1.04762733 1.72503358 126.99752300 -535.454442861072 5307  4797.311630
0.96492083 1.73376559  91.53284771 -535.472572793144 5308   818.251399
1.02972360 1.91870345 110.55495950 -535.454161847222 5309  4858.987043
1.20283013 1.50403723  99.79574010 -535.421320958547 5310 12066.729111
0.75038368 1.67262655 115.29366264 -535.399723232604 5311 16806.882138
0.95967195 1.81615295 121.21537313 -535.459074237878 5312  3780.841895
1.00029671 1.69757088 127.09034026 -535.459779483971 5313  3626.058265
0.96827791 1.67527327 138.73063039 -535.446156800795 5314  6615.891689
0.92840388 1.70970803 141.98683689 -535.438552506175 5315  8284.841478
0.89699595 1.90930470 113.05434695 -535.451038554775 5316  5544.470514
0.92467413 1.71140410 137.82861453 -535.444462292351 5317  6987.793312
0.88932002 1.86363093  92.72604176 -535.459494847734 5318  3688.528700
0.99070687 1.81459173  76.40623654 -535.456047068257 5319  4445.228843
0.96483168 1.68860969 107.20725858 -535.475786417597 5320   112.942344
1.01971691 1.82033620  92.18269276 -535.467186010203 5321  2000.513621
0.98716689 1.53480703  74.47548060 -535.418924170276 5322 12592.763343
1.06910143 1.69304258 102.94160171 -535.468316400162 5323  1752.421697
0.86089739 1.69539218  69.56619811 -535.424148379282 5324 11446.181976
0.91826030 1.67280547 114.24544666 -535.470850005007 5325  1196.359697
0.97098424 1.89475922 115.07613946 -535.456591499596 5326  4325.739974
0.91629203 2.01116891  92.59385652 -535.448553566819 5327  6089.862339
0.87846358 1.73078748 105.53624253 -535.466677904639 5328  2112.029904
1.00090993 1.63071103 100.85990891 -535.473041046112 5329   715.481750
1.02410682 1.71772366  93.25129842 -535.470974980369 5330  1168.930775
0.94641058 1.81675713  63.11464969 -535.431063370568 5331  9928.516785
1.27607863 2.15009353 103.71459100 -535.389659811429 5332 19015.547831
1.03442097 1.64844175 112.65547237 -535.469572274915 5333  1476.789043
1.07536080 1.73030936 103.48471172 -535.466793181886 5334  2086.729473
0.97224824 2.12351885  70.39681610 -535.430105890129 5335 10138.659455
0.97660438 1.56966830  78.55692560 -535.439034911044 5336  8178.965845
0.96281612 1.73415758 104.61468710 -535.475232742438 5337   234.459998
1.11849115 1.72679682 121.74494839 -535.449860543729 5338  5803.014059
0.85702732 2.03945543 104.10613990 -535.431147606157 5339  9910.029209
0.98677044 1.69822900  86.14841695 -535.467412335098 5340  1950.841047
0.99339396 1.70367565 124.56654274 -535.462763318078 5341  2971.182363
0.99432438 1.70621792 108.25211097 -535.474437449505 5342   409.006624
1.06606886 1.78447573 102.69305569 -535.465567274810 5343  2355.784981
0.97004442 2.07250246 117.89298779 -535.433824186420 5344  9322.587732
0.95608335 1.44043775  82.83922256 -535.399584852385 5345 16837.253086
0.98381818 1.78306458 108.03837294 -535.471196014679 5346  1120.419351
0.98225699 1.99885156 121.63383637 -535.438637594028 5347  8266.166852
0.89651812 1.69353257  77.38401634 -535.449294453641 5348  5927.256474
1.20421541 1.66538317  91.22969662 -535.439967529643 5349  7974.279718
0.96059713 1.78962115 130.98465249 -535.449915875710 5350  5790.870092
1.13012924 1.71538538  86.15367829 -535.451526648775 5351  5437.346261
1.03497341 1.64220561 105.54880210 -535.471272664827 5352  1103.596587
0.88282687 1.81376966 111.77522207 -535.459255792840 5353  3740.995185
0.96014995 1.66430487  81.64098616 -535.459776379978 5354  3626.739513
0.93881673 1.56666818 112.33042964 -535.467248976129 5355  1986.694197
0.86506668 1.66550207 111.83880680 -535.462810395739 5356  2960.850010
0.71527766 1.69669415  98.05593901 -535.365773168728 5357 24258.060029
1.07854593 1.70224887 119.36727279 -535.459260249463 5358  3740.017070
0.97820971 1.65216536 107.98330228 -535.475096185086 5359   264.430873
0.94912589 1.56918108 109.74610520 -535.468514040827 5360  1709.044584
1.43883438 1.66935299 111.37044605 -535.395078274747 5361 17826.332570
0.98858299 1.73572036 101.59840756 -535.474985187288 5362   288.792074
1.05266434 1.61422242 108.06087173 -535.467362665213 5363  1961.742327
0.99911501 2.06304850 110.36913891 -535.439683661555 5364  8036.581563
1.08115550 1.82256000 102.84119637 -535.460756515232 5365  3411.624686
0.68644959 1.70734472  79.69946105 -535.309314005391 5366 36649.414317
1.18914644 1.75808944  95.66746596 -535.445611965643 5367  6735.469185
0.97521815 1.44396535  98.26427579 -535.428570023174 5368 10475.743295
0.80694414 1.70732655 111.50524605 -535.439979402062 5369  7971.674023
0.99255251 1.44363443  88.95064303 -535.414259199890 5370 13616.606017
0.99152322 1.73192022  83.58609328 -535.465264957251 5371  2422.136017
0.98094529 1.60659845 119.55544387 -535.467360616826 5372  1962.191896
1.14696415 1.52767965  97.27391721 -535.436389471033 5374  8759.572827
0.87459062 1.64001929 126.73021037 -535.453452724780 5375  5014.621432
0.97753253 2.21204370  94.98344109 -535.429157231211 5376 10346.866025
0.97090900 1.56908280  75.70909093 -535.432275011112 5377  9662.592418
1.21404792 1.65870999  89.40555582 -535.436170754165 5378  8807.575632
1.06157966 1.58653248  90.27188219 -535.455199568256 5379  4631.233597
0.95804699 1.43430685  74.72515253 -535.372430386893 5380 22796.969499
1.34750013 1.63755573 108.87173769 -535.413212795504 5381 13846.265238
0.95515685 1.86118987  91.86372376 -535.466112771993 5382  2236.062186
0.80253363 1.73904090 113.15836644 -535.435174114258 5383  9026.312812
1.00254234 1.64408587 107.02606257 -535.473915518236 5384   523.557299
0.88142927 1.98495039 107.28929246 -535.442657106105 5385  7383.985905
0.98464747 1.89477397 117.38488509 -535.454430051403 5386  4800.123028
1.21668275 1.65372632  88.24989474 -535.434265154941 5387  9225.806327
0.86310978 1.83872052 101.59510212 -535.456154858625 5388  4421.571592
1.19733288 2.06323759 103.67948036 -535.415180020970 5389 13414.509147
1.34549706 1.60816552 107.74411507 -535.412105167704 5390 14089.361446
0.94214417 1.73778784  97.83217153 -535.474479398370 5391   399.799912
1.14619977 1.66054678  80.47790719 -535.439139825372 5392  8155.939811
0.98600623 1.73256490  70.76947939 -535.445220965173 5393  6821.283871
0.97033735 1.68397336 119.64602672 -535.468856236603 5394  1633.941291
0.96939675 1.71467200 126.06481987 -535.461343776549 5395  3282.735722
0.89718440 1.61346245  79.62352536 -535.444363465617 5396  7009.483273
0.85831121 1.89494752 104.20698617 -535.448475398425 5397  6107.018319
1.47692154 1.53720344 100.19057012 -535.376150910103 5398 21980.409024
0.73070654 1.73212020  85.56365884 -535.374177130895 5399 22413.603496
0.94588373 1.97575900  89.94293103 -535.454385206951 5400  4809.965248
1.00296952 1.70809469  80.81594469 -535.460612411252 5401  3443.251854
0.93020458 1.71759471 113.13031724 -535.471435120364 5402  1067.941718
1.44160826 1.92508403 102.55994809 -535.380718120657 5403 20978.022153
0.96478624 1.93886357  93.00533362 -535.459291666434 5404  3733.121842
0.84743824 1.57268646 106.20928462 -535.453005853910 5405  5112.698253
0.88279923 1.71720377 109.78198088 -535.466805414614 5406  2084.044699
1.20045485 1.68337291 141.98304076 -535.409669247603 5407 14623.984122
0.95688146 1.74082865  93.38349805 -535.473364058090 5408   644.588814
0.96214119 1.73520080 135.65152784 -535.447648701579 5409  6288.457308
0.93856714 1.76424439 133.29316345 -535.448211773630 5410  6164.877275
0.87830273 1.80107747 114.46995367 -535.457623599788 5411  4099.220160
0.80694889 1.68703020  71.32903016 -535.405685093070 5412 15498.404986
0.74266235 1.73034435 111.08218974 -535.392757618004 5413 18335.657862
0.93064632 1.79632806 142.00486987 -535.431673823943 5414  9794.537753
0.71850033 1.71317710  97.38546086 -535.369139888423 5415 23519.150451
1.32748781 1.74200503  97.88032280 -535.417917320275 5416 12813.741380
1.02799607 1.70813411 145.81736759 -535.430147773757 5417 10129.467061
0.79440832 1.81321234 105.76492412 -535.428287992159 5418 10537.641949
1.02909553 1.79922858  93.04906530 -535.467946725371 5419  1833.555937
1.01168209 2.08104054 103.68680335 -535.440205108378 5420  7922.137212
0.97269690 1.78903564  97.83670552 -535.472660229025 5421   799.061441
1.04518489 1.71010979  71.57644829 -535.442147402615 5422  7495.852892
0.89473482 1.84569350 100.41136530 -535.462704412886 5423  2984.110558
1.01370048 1.76277437 112.07659341 -535.468922314499 5424  1619.438869
0.92869646 2.06390353  98.80221498 -535.443303981688 5425  7242.013122
0.95628190 1.70455338  85.39185845 -535.466985657916 5426  2044.485866
0.96694035 2.13450152  70.93094211 -535.429599400814 5427 10249.821013
0.97896014 1.54127146 120.87589430 -535.459474007262 5428  3693.102655
0.87549386 1.82109284 109.87611023 -535.458067743657 5429  4001.741847
0.94367471 1.68276737 148.17363817 -535.431139678538 5430  9911.769121
1.09464366 1.71654922  96.53603777 -535.463612428983 5431  2784.824056
0.90405928 1.51982564 104.82340985 -535.455640896779 5432  4534.373180
0.94809579 2.08190407  75.00811737 -535.436708795180 5433  8689.489276
0.67862685 1.57393936  96.67448047 -535.306268173578 5434 37317.897144
1.45579146 1.65878262  91.56089939 -535.388456453638 5435 19279.654343
1.05889124 1.77597916  93.30870755 -535.465964316792 5436  2268.644337
0.93994990 1.76751394 115.42814738 -535.467645855629 5437  1899.589214
0.98803951 1.51213934 145.11400351 -535.427176557989 5438 10781.573558
0.96351617 1.49009461  86.69012879 -535.431068332959 5439  9927.427666
1.08062804 1.69894510 146.25674435 -535.423338115546 5440 11624.014314
0.69156221 1.47498474 102.98835072 -535.306729518072 5441 37216.643729
1.16768957 1.63135053  98.71253331 -535.449031231508 5442  5985.027056
1.01784447 1.88346318 100.45602409 -535.462840859460 5443  2954.163996
1.12310459 1.91016068 104.25744318 -535.445621412446 5444  6733.395851
1.06767501 1.66225028  94.17837917 -535.465404995518 5445  2391.401170
1.06808742 1.64611720 129.25726275 -535.451105956566 5446  5529.677530
0.98710567 1.53835967 119.35584444 -535.459689939545 5447  3645.710996
0.93656839 1.91411666  87.06064730 -535.458859345526 5448  3828.005315
1.06642397 1.53943137 105.74761790 -535.455813537434 5449  4496.482936
0.78226842 1.69791596 110.89129180 -535.425999075943 5450 11040.001001
0.97509614 1.84378764 131.26774297 -535.444339526207 5451  7014.737366
0.94365711 1.70456395 127.25076320 -535.460087088943 5452  3558.546776
0.94936814 1.90665615 132.65595179 -535.435482955516 5453  8958.529990
1.08343258 1.58590963 100.01908533 -535.459389982474 5454  3711.543964
0.98485215 2.17620269 106.73222126 -535.429401596257 5455 10293.234096
0.98365771 1.71148791  81.83315049 -535.462861250978 5456  2949.688575
0.90647210 1.67214963  94.02474987 -535.469696022755 5457  1449.629531
1.15900064 1.44480342 104.09864461 -535.411295286091 5458 14267.109918
1.03935190 1.62677337  93.14624140 -535.465578665546 5459  2353.285004
1.02401835 1.58101670 122.79417581 -535.459962319096 5460  3585.930593
1.08201512 1.60259385 109.45750537 -535.462201916214 5461  3094.395832
0.95880074 1.51267584 108.90390257 -535.458215585155 5462  3969.294388
0.82007206 1.91878202  99.23324547 -535.432564988745 5463  9598.949683
0.96190142 1.84247461  75.79048318 -535.454660869952 5464  4749.464211
1.06271761 1.95087894  98.66826687 -535.451563336107 5465  5429.294322
0.89840688 1.93155093 106.80523175 -535.452423248763 5466  5240.565306
0.93915345 1.77176846  74.01582640 -535.451712782788 5467  5396.494566
1.04067540 1.81302321 101.27833532 -535.466797165179 5468  2085.855241
0.92763494 1.73729155 135.93255996 -535.445789785487 5469  6696.442240
1.04233379 2.18401679 107.70532604 -535.424469214029 5470 11375.766887
0.96204569 1.61683122 126.96685948 -535.461388042657 5471  3273.020434
1.28443291 1.77384739 104.26393964 -535.425440032343 5472 11162.696891
0.97218387 1.59016437  81.51462659 -535.449465865689 5473  5889.635878
1.02233682 1.75266599  93.73291654 -535.470787683309 5474  1210.037729
0.91210121 1.66325285 117.58188670 -535.468050958990 5475  1810.679301
1.11329380 1.70233816  91.99655364 -535.458549434800 5476  3896.022859
0.95630030 1.63046764  91.56507131 -535.468751017033 5477  1657.034318
1.01505788 1.95952542  93.50227457 -535.455504292918 5478  4564.354263
0.96702476 1.72059684 133.82013643 -535.451165258449 5479  5516.662271
1.03166076 1.63428023 106.21524799 -535.471179811883 5480  1123.975453
0.88260714 1.66025080  74.95458334 -535.438471009842 5481  8302.727856
1.03838091 1.98733881  96.41472996 -535.450515989565 5482  5659.160323
0.97205082 1.71040123  71.99195307 -535.446241781919 5483  6597.240487
1.11992688 1.44178696  98.96239128 -535.412850917783 5484 13925.688219
0.79488465 1.69291977  90.66760781 -535.430533481290 5485 10044.814041
0.98698173 1.74349356  89.64612839 -535.470885023686 5486  1188.673986
0.99064534 1.89959640  91.54271783 -535.462442324649 5487  3041.632278
1.16746744 1.60637441 107.40561385 -535.448165676673 5488  6174.994388
0.98439640 1.62989820  90.80745330 -535.467772202007 5489  1871.859389
0.97619240 1.76772715 109.81068395 -535.471632071086 5490  1024.716030
1.20119890 1.92260320 101.25921518 -535.430730077739 5491 10001.666107
0.95552891 1.63552324  95.05513294 -535.471866418276 5492   973.282766
1.07772918 1.70525315  67.60114746 -535.430264654064 5493 10103.814798
1.20252222 1.78292282 103.18750032 -535.442014231378 5494  7525.080601
0.90884263 1.65508531 121.52268285 -535.464474100292 5495  2595.709060
1.10795069 2.15366664 105.88732276 -535.420070537005 5496 12341.164923
0.98938830 1.61108922  93.53439604 -535.468007266952 5497  1820.268596
1.04230264 1.78462120  91.16787594 -535.466589960747 5498  2131.331358
0.68345377 1.88827205 103.01730935 -535.308269335854 5499 36878.692783
0.97719294 1.66138776 106.75383811 -535.475572705661 5500   159.846693
1.20776286 1.69714956 119.51213693 -535.436350766921 5501  8768.067398
1.34310772 1.67370902  89.12326919 -535.410050743366 5502 14540.255479
0.94654078 1.52684659 119.51771846 -535.457986635095 5503  4019.543119
1.28117152 1.63835837 111.84282600 -535.425961171311 5504 11048.320106
1.27200693 1.65898983 101.80613122 -535.430083377502 5505 10143.600405
0.83350734 1.64235792 109.68919637 -535.453085235173 5506  5095.276080
1.26103022 1.72563761 104.13857502 -535.432412332532 5507  9632.453849
0.93174938 1.51535150  92.52719521 -535.447559909092 5508  6307.945007
1.11720100 1.56567942 108.12052863 -535.452592659366 5509  5203.383975
0.95658245 1.57922369  74.93561239 -535.432582467368 5510  9595.113568
0.91437741 1.71726786  58.26398799 -535.404122000717 5511 15841.464110
0.78986658 1.72507142 108.96512487 -535.430595895173 5512 10031.115777
0.97639674 2.05842020 111.86493650 -535.439928381845 5513  7982.871667
0.84584608 1.74668239  91.38708846 -535.454344904386 5514  4818.810638
0.97077446 1.84401664 134.03671536 -535.440474237020 5515  7863.070301
0.96883061 1.49869291  80.79531017 -535.421984471856 5516 11921.104769
1.08543088 1.64541187 130.16677693 -535.447499710369 5517  6321.157100
1.01815887 1.55919847 120.67761392 -535.459785703003 5518  3624.693346
0.94482568 1.64119986  96.90542492 -535.473019489191 5519   720.212947
0.95753524 2.04503066 120.40637196 -535.434532569977 5520  9167.115509
0.89558005 1.58925578  86.75442993 -535.452363021726 5521  5253.783613
0.91569603 1.55226827  83.36628847 -535.441568853509 5522  7622.829746
1.01587490 1.64220610  59.20986510 -535.399810291764 5523 16787.774860
1.07196268 1.66015841 114.90241732 -535.463967717092 5524  2706.847328
1.07626833 1.92421028 103.71470079 -535.451486917786 5525  5446.066205
0.86689550 1.83986736 100.22374524 -535.457232791689 5526  4184.992625
1.18151395 1.67921639 112.08417052 -535.446788907552 5527  6477.160289
1.10492028 1.92851420 105.84616145 -535.446009729074 5528  6648.170201
0.74492799 1.67904618 118.84233223 -535.392160039895 5529 18466.811100
0.96553896 1.74321603 113.90767196 -535.470894291095 5530  1186.640024
0.91686539 2.14688598 110.40300134 -535.427805469676 5531 10643.543395
1.00706772 1.78729955 105.07768126 -535.470794418656 5532  1208.559491
0.95819484 1.83993529  94.08840727 -535.468462023986 5533  1720.460961
0.89076684 1.69604355 109.06180768 -535.469202172540 5534  1558.017127
0.75002145 1.70747346 121.67033394 -535.393201293090 5535 18238.282435
1.18342310 1.60492802 104.07175135 -535.444994558489 5536  6870.974395
1.11300055 1.79074612  96.32713241 -535.458184504866 5537  3976.115723
0.99993394 1.78797962  92.61229263 -535.470499225969 5538  1273.346799
0.90108560 1.72123152  91.30177549 -535.467937054123 5539  1835.678531
0.89757750 1.63463735 101.33481862 -535.469813010370 5540  1423.953717
1.22899751 1.72858164  89.06695442 -535.435091895667 5541  9044.357707
1.29085880 1.43038699 100.10589324 -535.376536383200 5542 21895.807457
0.97540579 1.93359590 119.86297738 -535.447966939544 5543  6218.612147
0.89297920 1.71356231 113.74466837 -535.466813505477 5544  2082.268960
1.25409091 1.78660329 102.19962631 -535.431381283014 5545  9858.743066
1.23418303 1.67827306  71.42735681 -535.411026857421 5546 14326.023202
0.95672705 1.58358090  72.12804273 -535.426282340223 5547 10977.831676
1.17253039 1.69437858 132.43421139 -535.428895495989 5548 10404.310267
0.93838882 1.71248252  74.92514930 -535.450972106521 5549  5559.054220
1.16684445 1.67769524 119.12343119 -535.444980163043 5550  6874.133830
1.32706816 1.68866019 139.38333900 -535.388542067329 5551 19260.864310
0.98307283 1.89389482  90.93757805 -535.463021960378 5552  2914.416938
1.03173064 1.66878075 106.22111247 -535.472285817375 5553   881.235301
1.03132364 1.61035357 103.46465556 -535.469510370312 5554  1490.375534
1.08430838 1.59177637 109.72836979 -535.460797443841 5555  3402.641894
1.19306910 1.70148794  63.41297618 -535.406162460183 5556 15393.635013
1.08683799 1.67638396  93.47170556 -535.462900927615 5557  2940.980560
0.96969205 1.57793758  80.32992127 -535.444668821038 5558  6942.465503
1.00614146 1.73400790  80.37139053 -535.460694666902 5559  3425.198825
0.94048011 1.67744806  69.14602232 -535.434922141056 5560  9081.614539
0.80964821 1.68633376 105.07118868 -535.443712606171 5561  7152.330413
1.37265765 1.67716712  91.97384981 -535.406104677987 5562 15406.316739
1.31043368 1.62647472 103.19863766 -535.420631040008 5563 12218.148731
0.90139235 1.89504392 104.29842223 -535.457989628455 5564  4018.886152
0.97031203 1.98003738  83.77539954 -535.452236368390 5565  5281.580807
0.92542624 1.63311415  56.47082360 -535.379924008897 5566 21152.309542
1.26991130 1.70022746 124.77531488 -535.418660752990 5567 12650.576756
1.04883123 1.92114746 101.57635011 -535.455831593372 5568  4492.520115
0.91138650 1.96412085 112.43433878 -535.447187772085 5569  6389.619641
1.04014817 1.77131402 117.34549562 -535.462180953956 5570  3098.996516
0.98913845 1.71007940  81.11651620 -535.461691418722 5571  3206.437083
1.30098092 1.65361405  92.58659915 -535.420251338499 5572 12301.483581
0.95462404 2.03021302  73.44438379 -535.440110840577 5573  7942.826603
0.80535552 1.68541854 124.20011830 -535.430276808184 5574 10101.147277
0.83924357 1.79178281  99.39266338 -535.452368212911 5575  5252.644279
1.03356372 1.90153617  95.18692071 -535.459966193307 5576  3585.080302
0.98578843 1.52084953  75.68643421 -535.417360781180 5577 12935.887595
1.01905340 1.50471367 119.22106787 -535.450822312843 5578  5591.930133
1.11298098 1.70186857 109.18904172 -535.460306879781 5579  3510.308262
0.95870671 1.75217774 133.16717723 -535.449956481114 5580  5781.958236
1.18984317 1.70849167  99.28153787 -535.447236599633 5581  6378.903232
1.06261360 1.68800521  91.19956290 -535.465152013584 5582  2446.924287
0.99729336 1.94130767 109.49657852 -535.454494798235 5583  4785.912741
1.08092502 2.01356349 104.46021187 -535.440524335169 5584  7852.075028
0.99359483 2.16746636 100.51873817 -535.432412085191 5585  9632.508134
1.31947640 1.49737297 101.00431474 -535.396814134726 5586 17445.355334
1.00335007 2.12255592 104.91160268 -535.435437404168 5587  8968.527355
0.73912297 2.04947144 104.69594424 -535.358133955687 5588 25934.673526
0.96998964 1.75419952 148.69556942 -535.425536392089 5589 11141.548371
0.82386793 1.71571464  77.03850655 -535.428427778184 5590 10506.962462
1.04029045 1.61598773  92.61312772 -535.463946872136 5591  2711.422267
1.52396084 1.72381756 109.23014197 -535.379170017347 5592 21317.791563
0.88110247 2.08410518 102.52346751 -535.432723177448 5593  9564.231275
0.85484967 1.75216917 102.54116610 -535.459966625315 5594  3584.985487
1.05467296 1.63556287 100.69109915 -535.468278743222 5595  1760.686440
0.99677098 1.82584980 113.83982426 -535.463838935776 5596  2735.111561
0.77734731 1.77021533  98.89923450 -535.421245169855 5597 12083.362806
1.12293288 1.71365725  71.94332988 -535.433672783753 5598  9355.816777
1.39377023 1.57495608 101.92224472 -535.398444792873 5599 17087.467232
1.01246152 1.71001512 102.54868898 -535.474242945244 5600   451.695376
1.04333587 1.62965425 105.76156443 -535.469717814346 5601  1444.846830
1.30119297 1.66138375  90.29225649 -535.419042052441 5602 12566.891198
0.95313926 1.72064964 103.90707915 -535.475657425241 5603   141.252894
0.92364488 1.81897367  77.26882094 -535.455073202648 5604  4658.967643
1.03781136 1.49983513  99.52391021 -535.446751307928 5605  6485.412452
1.07067775 1.65850585 100.83891150 -535.467357722162 5606  1962.827201
0.95382653 1.54974511 118.62934179 -535.462502162833 5607  3028.499315
0.97758830 1.65784031 143.24281525 -535.439633005389 5608  8047.699307
1.41613850 1.67227733 110.66339861 -535.399703339167 5609 16811.248243
1.26278443 1.78798382 100.01975621 -535.429646242875 5610 10239.540368
1.35619121 1.55174493 102.36863269 -535.402486698467 5611 16200.371475
1.43424420 1.65075931 112.18009177 -535.395455886727 5612 17743.456318
0.88555917 1.89835839 100.28969002 -535.455820139306 5613  4495.033992
1.00009414 1.87859160  95.49765731 -535.464626549292 5614  2562.250371
1.10889032 1.88819440  99.40753691 -535.451297134063 5615  5487.718919
0.93820866 1.70297029 108.15782351 -535.474642794385 5616   363.938631
0.90467666 1.59586860  87.51889201 -535.455940757045 5617  4468.561458
0.99273996 1.96836238 114.81010442 -535.447940771779 5618  6224.355307
1.00474460 1.69655413  76.52737396 -535.453171571811 5619  5076.327377
1.10611178 1.71951482 104.31354764 -535.462331971010 5620  3065.852103
0.86379985 1.78526920  89.72166368 -535.457503985745 5621  4125.472409
0.91808192 1.97145186 106.84871887 -535.450426388376 5622  5678.825511
0.90983867 1.74079054  84.75205775 -535.463471099425 5623  2815.842310
1.37640211 1.69245575  96.04309999 -535.407719887380 5624 15051.819246
0.99055757 1.87205409  93.41345937 -535.465330936718 5625  2407.655198
0.86522061 1.70604125 102.51662500 -535.464533370679 5626  2582.700713
0.84666401 1.69958412 124.28775416 -535.447156432519 5627  6396.497880
1.30986001 1.66582732  86.80067017 -535.414528340694 5628 13557.536438
0.86740000 1.65174339  81.01385540 -535.445730670379 5629  6709.416506
1.04450437 1.61638891  81.48854164 -535.449811837617 5630  5813.703815
1.26936723 1.90509744 103.19778503 -535.418096023158 5631 12774.520630
0.94834718 1.68903124  93.79915913 -535.473437846791 5632   628.394065
1.11470641 1.63368807  93.74518563 -535.456168099221 5633  4418.665617
1.24577717 1.67529730 115.91659441 -535.431680096337 5634  9793.161121
1.07645923 2.04077637  99.67246806 -535.439505631516 5635  8075.654641
1.12139841 1.67898236  67.86707946 -535.422773203331 5636 11747.998216
1.12913319 1.54810595  97.82045302 -535.444522425841 5637  6974.595536
1.09751369 1.80581263 101.41860381 -535.459816745283 5638  3617.880353
0.96081235 1.77161760  66.33207488 -535.437445521109 5639  8527.796622
0.90589978 1.90555753 100.66114317 -535.458473846174 5640  3912.612645
1.07922770 1.74028753 103.43139918 -535.465908913589 5641  2280.803935
0.92710484 1.55143903 118.54160245 -535.461703428129 5642  3203.801323
1.41562428 1.65824174  90.30725337 -535.395351810709 5643 17766.298364
0.90586188 1.58192234 109.86747302 -535.466847472027 5644  2074.814164
0.99847886 1.86134569  92.45655613 -535.465656356135 5645  2336.233890
1.07700600 1.75826917 108.70454912 -535.463908405405 5646  2719.864739
0.78416288 1.57079387 110.64929672 -535.422603919592 5647 11785.151703
1.17593194 1.52222408 106.96943468 -535.433915345848 5648  9302.580550
1.13533499 1.79560960  99.25513729 -535.454332231912 5649  4821.591925
1.17941099 1.68646336  99.75305705 -535.449294466308 5650  5927.253694
0.90415428 1.69266507 119.70748127 -535.464872077398 5651  2508.363180
0.90574847 1.45756004  89.58185495 -535.418805365476 5652 12618.837983
1.12099635 1.95060836 103.19679584 -535.441987590214 5653  7530.927661
1.02421632 1.70043884 103.91487227 -535.473329277223 5654   652.222332
0.93298664 1.84870838 111.02253903 -535.463124450841 5655  2891.922881
0.80780554 1.73587095  89.32984325 -535.436796859810 5656  8670.161324
0.73416889 1.69576459 132.24950962 -535.366895065828 5657 24011.832072
0.97931320 1.50740472  95.22452843 -535.449220517166 5658  5943.483655
1.27047465 1.70392938 105.73632082 -535.430631440375 5659 10023.314506
0.98460899 1.68950995 134.90366251 -535.450753153461 5660  5607.108863
0.86859541 1.84140751  94.97153621 -535.457258351707 5661  4179.382850
0.90131329 1.67324028  90.89162259 -535.466712993392 5662  2104.328813
0.94803122 1.91047667 101.37434409 -535.461518757692 5663  3244.331800
1.05585412 2.08563075 100.15071161 -535.436812580725 5664  8666.710982
1.28737342 1.51351749 100.40751499 -535.407295591292 5665 15144.941475
1.02413891 1.96276488  98.16915430 -535.454346887790 5666  4818.375332
0.94845133 1.63080268 136.65745596 -535.449571455678 5667  5866.461553
0.93541979 1.86765289 110.51743065 -535.461658385390 5668  3213.687062
1.19197304 1.68618516  79.70442843 -535.431809719232 5669  9764.712184
1.06241630 1.74421703  92.16870131 -535.466014179552 5670  2257.700726
1.29999882 1.67636451  69.83704712 -535.396230192644 5671 17573.515809
1.01493054 1.44959558 112.39406385 -535.436012986252 5672  8842.201687
1.02958526 1.73490583 110.52144478 -535.469926180358 5673  1399.115775
0.95999745 1.64945861  78.60385682 -535.453139095628 5674  5083.455076
0.89529676 1.73833940 134.50465628 -535.443970155841 5675  7095.804793
1.19204170 1.57937370 103.84463920 -535.440409104024 5676  7877.365342
0.92593426 1.68462993 103.76583653 -535.474790905843 5677   331.431923
0.86465455 1.72631055 117.89086421 -535.457146242640 5678  4203.987946
1.32810683 1.72114595 109.63816758 -535.417088368137 5679 12995.675348
1.30769179 1.64778973 111.45832707 -535.420931630981 5680 12152.176636
1.06448648 2.10500517 104.22667274 -535.432229265544 5681  9672.632410
1.12852273 1.70974766 114.76357693 -535.454569357673 5682  4769.548835
1.48936723 1.66769789  89.12128710 -535.380704415720 5683 20981.030039
0.92835363 1.95880389 115.86908734 -535.447005415715 5684  6429.642238
1.04724182 1.72810741 112.23596691 -535.467467046033 5685  1938.833385
0.75747066 1.71448532  87.06487806 -535.400955990434 5686 16536.323062
1.03519248 1.74233728  79.35487187 -535.457367348517 5687  4155.460815
1.05864691 1.68555895 133.20957096 -535.446791007215 5688  6476.699466
0.95120069 1.64011176  95.59594693 -535.472438148626 5689   847.802456
0.98174630 1.44665614  79.98045054 -535.395816369588 5690 17664.339474
0.90189680 1.60677415  88.68662220 -535.458679074512 5691  3867.570230
0.75052622 1.67590872 135.80428919 -535.378746851774 5692 21410.665672
1.07156675 1.45656259  96.58371383 -535.424256638882 5693 11422.421740
0.98107898 2.10552392  92.62179324 -535.440852594555 5694  7780.030419
0.92535569 1.67887269  99.93898819 -535.474356820059 5695   426.702742
0.89545283 1.67271201  97.39401087 -535.469800610035 5696  1426.675276
0.94849397 1.89386507  93.07238454 -535.463347362921 5697  2842.999334
0.80689946 1.72111289 122.56274860 -535.431026183008 5698  9936.678511
0.89956691 1.79377331  97.28772649 -535.467500047382 5699  1931.590426
0.97837102 1.83506370 118.02520959 -535.460234954672 5700  3526.093999
1.14188729 1.61036218 109.56987303 -535.452863546400 5701  5143.931142
1.28210585 1.70220353  63.81499079 -535.393309899240 5702 18214.446139
1.04648286 1.76961239 110.16180596 -535.466430808397 5703  2166.261262
0.96713268 1.44813454  65.27509263 -535.344838991020 5704 28852.581049
0.87862283 1.71845045 127.51745716 -535.451246349491 5705  5498.864844
1.33969078 1.69001283 115.13734137 -535.412709568428 5706 13956.710818
0.99140010 1.80797783  96.15497548 -535.470742443110 5707  1219.966805
1.23480592 2.14044054 101.55201694 -535.399844284811 5708 16780.314249
1.09150627 1.70968791  86.50364623 -535.457904925448 5709  4037.476314
1.15207415 1.67092273 129.41957056 -535.437127625315 5710  8597.566685
1.08389670 1.80402478 103.75187565 -535.461576762440 5711  3231.601229
0.96708064 1.85847593 132.39743525 -535.441326000966 5712  7676.129720
1.14112362 1.62927644  96.84759129 -535.453024899319 5713  5108.518269
0.69999490 1.45417174 102.54219600 -535.310245009327 5714 36445.082568
0.93384712 1.99107130  92.68587491 -535.452458021403 5715  5232.933593
0.89851766 1.64823361  76.98068194 -535.444331218737 5716  7016.560645
1.30271325 1.70449290  93.28363049 -535.422026996145 5717 11911.771766
1.21482782 1.68915021  89.03152815 -535.437246206181 5718  8571.541193
0.79268689 1.67810930 124.93330839 -535.422659094895 5719 11773.042124
0.85963116 1.85646416 109.97092922 -535.450395244349 5720  5685.660835
0.91015491 1.64715501 107.70842368 -535.472223727893 5721   894.862368
0.99795273 1.67153806  80.86755982 -535.458646170591 5722  3874.791806
1.01124501 1.76185123 108.02668911 -535.471152372658 5723  1129.997667
0.86315775 1.66249484 114.92466550 -535.460710352175 5724  3421.756306
0.96096368 1.55414159  70.82666533 -535.414325766020 5725 13601.996440
0.97812171 1.50308915 102.67234299 -535.453781061865 5726  4942.559770
1.05400770 1.62962115 109.84119612 -535.467735727507 5727  1879.864616
0.84038665 2.03975430 100.62425719 -535.426606947711 5728 10906.588566
0.95305991 1.85633589  58.78720087 -535.422108008214 5729 11893.991672
0.90972047 1.83434612 100.22536319 -535.465967856740 5730  2267.867408
1.41240949 1.67955482  95.55449798 -535.400006158874 5731 16744.786998
0.94692881 1.68454071  88.17047437 -535.468873803012 5732  1630.085910
1.00983814 1.82371393 104.02282142 -535.468117609541 5733  1796.051196
0.92568308 1.67618685 115.77783895 -535.470527353079 5734  1267.173612
1.07307083 1.66893732  73.05384757 -535.438304629752 5735  8339.244065
1.04358650 1.59916211 122.82465425 -535.459322767875 5736  3726.295864
0.88986281 2.02350902  97.36417126 -535.442948573675 5737  7320.016166
1.26724159 1.71205028  97.45507114 -535.431007718581 5738  9940.730984
0.80415922 1.61361838 117.15663655 -535.435277884436 5739  9003.537890
0.92233957 1.89617203  89.92571181 -535.460476833748 5740  3473.007677
0.89747288 1.59364721 106.29126180 -535.467190408098 5741  1999.548395
0.97560309 1.67410683 103.02305509 -535.476087332111 5742    46.899241
1.13656446 1.54710417 105.04967222 -535.446023584772 5743  6645.129227
0.93017460 1.53785251  97.20306202 -535.458152463413 5744  3983.148009
1.04705351 1.77593313 109.12002039 -535.466456983407 5745  2160.516511
1.12762044 1.68705892  64.32688793 -535.415164451740 5746 13417.926198
0.99823640 1.66103102  88.58726035 -535.467567204629 5747  1916.851113
0.76732554 1.71240625 109.20522473 -535.415505566001 5748 13343.060270
0.86753336 1.72317481 140.79948481 -535.430121074128 5749 10135.326952
0.95428301 1.91696747  59.79511063 -535.425322462283 5750 11188.500537
1.18980229 1.68791702  97.51630564 -535.446763875364 5751  6482.654219
0.99724338 1.84592174 110.94262611 -535.463827718873 5752  2737.573386
1.13564665 1.51802156  98.23817550 -535.436683244036 5753  8695.097104
1.06615723 1.71169718  95.09122171 -535.467192245060 5754  1999.145228
0.95927211 2.02355988 109.92762643 -535.445168039270 5755  6832.899764
0.93563295 1.78088553 105.89319454 -535.471499702155 5756  1053.767653
0.95310614 1.51445967 120.10642616 -535.455280135077 5757  4613.551223
1.20510428 1.69450102 114.50320383 -535.440632440300 5758  7828.348694
0.84765273 1.69453851 117.57202196 -535.453765828770 5759  4945.903048
1.23260765 1.77819447  99.21096763 -535.436451310466 5760  8746.000640
0.92212326 1.95048795 106.82936624 -535.453322081968 5761  5043.294216
0.95733237 1.62219204 106.99559888 -535.474102268246 5762   482.570409
1.00205758 1.70248221  81.12162225 -535.460822944437 5763  3397.045160
1.03645879 1.66085358  95.11501754 -535.469555941615 5764  1480.373788
1.28091156 1.73084199 100.40721501 -535.428277407363 5765 10539.965043
0.84328851 1.64137065  90.04263834 -535.449807959736 5766  5814.554911
1.05668725 1.67671237  90.57292915 -535.465002276802 5767  2479.787713
0.86557499 1.79023416  89.32822487 -535.457514420591 5768  4123.182225
0.83609984 1.67052749 143.16860285 -535.419977914073 5769 12361.493307
0.92887386 1.75828119  77.54039351 -535.456388709999 5770  4370.247147
1.00104124 1.76191771  97.53579963 -535.473046225435 5771   714.345020
0.93887063 2.21532063  90.42137222 -535.428069923333 5772 10585.502525
1.05987787 1.60888408  90.54012840 -535.458933372430 5773  3811.758287
0.86233506 1.71176498  90.83532571 -535.459405568752 5774  3708.123172
1.00134864 1.64567908  84.68884808 -535.461606027743 5775  3225.178237
0.90267636 1.60744010 107.84627030 -535.469117380200 5776  1576.626895
0.92038147 1.76006740 125.98635155 -535.456602037533 5777  4323.427164
1.03979965 1.73708325 141.56484822 -535.434007694374 5778  9282.312391
0.94926897 1.61163813 107.11630154 -535.473210824448 5779   678.219711
0.96782856 1.87665668 106.44608269 -535.463818526386 5780  2739.590904
0.92595267 1.75155615 119.66158540 -535.464310227762 5781  2631.674924
0.96125298 1.62224943 132.62327922 -535.454907236147 5782  4695.393080
0.82991450 1.47697821 108.65480370 -535.425752800966 5783 11094.052112
1.01808249 1.58689435  93.73913477 -535.463211219855 5784  2872.879283
0.84202217 1.75143041 114.37094936 -535.451244064887 5785  5499.366257
0.99548740 1.90344786 103.32454117 -535.461510064884 5786  3246.239651
1.08357988 2.00322890  99.41289558 -535.442864869359 5787  7338.387140
1.00156095 1.47549842  89.69200331 -535.429621422170 5788 10244.987884
1.22224975 1.78421393 104.27905013 -535.437728686503 5789  8465.649000
0.92749029 1.80059714 101.43409290 -535.470410216365 5790  1292.882149
1.14342709 1.73996564 112.16941839 -535.452333679477 5791  5260.223492
0.99288944 1.70528249  68.75882354 -535.438523023552 5792  8291.312166
0.97375476 1.51748673  85.10527352 -535.437708838966 5793  8470.005031
1.01149709 1.70250367 112.40072834 -535.471653179806 5794  1020.083201
0.96089279 1.59343043  87.32128861 -535.459299912423 5795  3731.312056
0.99711198 1.84301472  92.45328016 -535.467150563018 5796  2008.293379
1.03194095 2.13153988 104.29422698 -535.432659845822 5797  9578.130960
1.02141466 1.65156344  66.90661102 -535.425848679949 5798 11073.009107
1.04798835 2.04598625  97.83943385 -535.442725921040 5799  7368.882772
0.91963648 1.76561305  61.37591490 -535.420804155639 5800 12180.154241
0.92948600 1.71171811 124.28738801 -535.462300132307 5801  3072.839891
0.85810910 1.59566447  90.07646499 -535.449376343347 5802  5909.283761
0.75621858 1.77800767 112.51697167 -535.400798060870 5803 16570.984596
1.02740796 1.73119307  82.02877855 -535.461220740417 5804  3309.739032
0.95520143 2.04735694  85.71423793 -535.446021387780 5805  6645.611411
1.12059629 1.80123338  95.70804694 -535.456212036090 5806  4409.022588
0.84425571 1.70043093 136.52565106 -535.431045548698 5807  9932.428233
1.16028834 1.49191956 104.97540862 -535.428500618481 5808 10490.975865
0.88293634 1.78206704 102.69228398 -535.465291815571 5809  2416.241297
0.92043884 1.80116755 107.51564374 -535.468184071076 5810  1781.464575
0.99912757 1.65472462  84.44802107 -535.462245659815 5811  3084.795221
0.76859598 1.61253969  92.44522823 -535.409513802606 5812 14658.100356
0.94475444 1.45840879  90.50826275 -535.424208625704 5813 11432.959414
0.93439245 2.02367009 108.55452642 -535.444812290463 5814  6910.977604
0.94687427 1.65361114 134.12646303 -535.452954266768 5815  5124.020323
1.45055804 1.65285783 102.77162493 -535.393769162406 5816 18113.649524
0.95516933 1.60686342  88.74794523 -535.463051634678 5817  2907.904182
0.93445332 1.99618367  93.41135312 -535.451989921174 5818  5335.669720
0.98738493 2.04922147  89.75148401 -535.446757251399 5819  6484.108011
1.12928484 2.02913497 103.99141221 -535.431442638861 5820  9845.277014
0.80738407 1.68811028  96.88285127 -535.441266855349 5821  7689.110683
0.86650567 1.68110787 144.02236185 -535.427546413130 5822 10700.399736
1.01251130 1.53981315  95.15002118 -535.456020730975 5823  4451.009209
0.99089573 1.50685946  96.30044329 -535.449738314304 5824  5829.840317
1.03667496 1.84048985 109.91673532 -535.461936808297 5825  3152.580296
0.97265039 2.00778318  86.87252892 -535.450751756809 5826  5607.415393
0.93654084 1.74557316  64.08643118 -535.428541787445 5827 10481.940321
1.01521330 1.62083154  94.29863291 -535.468079640426 5828  1804.384454
0.89179795 1.63222109  96.49779928 -535.466751337797 5829  2095.913189
0.93938494 1.60445584  91.77122579 -535.465472089242 5830  2376.675799
0.79648662 1.70872025  77.09005074 -535.414071982221 5831 13657.695547
0.98250409 1.83618445  91.76755612 -535.467958588600 5832  1830.952259
1.16042487 1.69014057 132.78879050 -535.430812512292 5833  9983.573813
0.99124897 1.81986026 120.07940365 -535.459375128540 5834  3714.804026
1.04632750 1.95825804 104.34373686 -535.451168350966 5835  5515.983542
0.90833747 1.70392837  72.76805069 -535.442813532532 5836  7349.654272
1.23721487 2.08063180 103.67812966 -535.405272472012 5837 15588.964842
0.75370879 1.82089452 105.89413246 -535.397936542319 5838 17199.015337
1.24096252 1.89813062 101.53644322 -535.425088516357 5839 11239.845734
0.95951305 1.96095196 130.75526996 -535.432387638597 5840  9637.873542
0.94718104 1.48834750 119.16809272 -535.449352447478 5841  5914.528298
1.11782751 1.57392506  99.19177505 -535.451849938063 5842  5366.392462
1.01243197 1.60514683 119.00960840 -535.465870926810 5843  2289.141069
0.96844723 1.91856789 105.98719046 -535.459527045750 5844  3681.462052
0.97563048 1.55052712 105.10743185 -535.465537651117 5845  2362.286630
0.87193548 1.70067140 115.89718127 -535.461617444299 5846  3222.672593
1.12692428 1.48220486  99.88655221 -535.428625073082 5847 10463.661236
0.86426918 1.71098924  98.53255668 -535.463703828988 5848  2764.764074
1.10745522 1.67329162 145.38325104 -535.421522596542 5849 12022.474685
1.34258474 1.69786060 105.24302365 -535.415740941435 5850 13291.401332
0.97206722 1.63360213  79.97054244 -535.453724943355 5851  4954.876360
1.03768185 1.58354159 112.05288654 -535.465366377502 5852  2399.876845
0.83316888 1.70105598  98.91040378 -535.453678577476 5853  4965.052494
0.76778044 1.75945315  91.63534982 -535.412262912686 5854 14054.740424
0.94911604 1.68979777  95.35325055 -535.474294751255 5855   440.325271
0.92837346 1.69343868 118.56477504 -535.468327024612 5856  1750.089900
1.09724789 1.70707638 110.43418864 -535.462226310882 5857  3089.041821
0.96086210 1.73577325 115.13084019 -535.470455975310 5858  1282.839221
0.89475255 1.54305376 112.67346947 -535.459236992086 5859  3745.121474
0.86361688 1.54115110 100.64283135 -535.450642027414 5860  5631.498212
0.87327310 1.78068999 101.76230305 -535.463338885938 5861  2844.859816
1.40022706 1.61305399 102.08002080 -535.401237539848 5862 16474.530107
1.19329623 1.66119947  95.40813537 -535.444438176652 5863  6993.086096
0.88981481 1.97651931 104.24837303 -535.446727416893 5864  6490.655929
0.94633311 1.86682200 125.95387098 -535.448354964527 5865  6133.450505
1.08353315 1.72694384  98.63725956 -535.465613575880 5866  2345.623071
0.96412112 1.54136775  99.91471877 -535.461914820800 5867  3157.405993
0.99645460 1.53497974 132.38078046 -535.446775227566 5868  6480.162699
0.98519046 1.82639116 105.96655248 -535.468521907676 5869  1707.318010
1.01098130 1.48848636 109.97698076 -535.449716629015 5870  5834.599688
1.36083098 1.66800529 115.66707431 -535.408267437553 5871 14931.645872
1.03438997 1.49445834  98.55718803 -535.444686002572 5872  6938.694592
0.97656742 1.93358194 109.04372387 -535.456268700037 5873  4396.586289
0.97586149 1.61752531  83.69775863 -535.457676866412 5874  4087.529488
1.05172868 1.65922769 136.17950280 -535.444055052256 5875  7077.172183
0.90888651 1.71421445 115.22074410 -535.468172823232 5876  1783.933191
1.01702538 1.62221680 109.99910985 -535.471150186802 5877  1130.477407
1.00834451 1.74334698  72.62296670 -535.448693569020 5878  6059.135407
0.95014138 1.87754367  84.27604180 -535.460882548784 5879  3383.963518
0.95247282 2.09109028  88.01636030 -535.441819740157 5880  7567.766491
0.85745733 1.71612596 111.10904517 -535.460026692446 5881  3571.802275
1.01030808 1.61027235 119.01615702 -535.466343927938 5882  2185.329319
1.01991737 1.74281773 137.30389122 -535.442152541236 5883  7494.725095
1.03794885 1.78647572  89.35569101 -535.466003392136 5884  2260.068290
0.98607915 1.62834342  74.78051411 -535.442463639058 5885  7426.447014
1.19063719 1.69928395  97.28785680 -535.446653830556 5886  6506.806263
1.08174719 1.76622608 103.61303081 -535.464325246516 5887  2628.378688
0.87840264 1.96660960  99.19154183 -535.446895707811 5888  6453.720341
0.81425840 1.62804372 120.73165695 -535.438334244214 5889  8332.744442
0.95053671 1.75854926 107.95439400 -535.472899382276 5890   746.573368
1.09418443 1.80406713  96.06364935 -535.460338779808 5891  3503.307016
1.10421226 1.90241337 105.95747511 -535.448855552962 5892  6023.584041
0.95368370 1.54998671 123.94170559 -535.458654851969 5893  3872.886464
1.04088731 1.66636561  66.98985933 -535.427316847277 5894 10750.783618
1.00752244 1.86321613 104.12663188 -535.464681149398 5895  2550.267033
1.01936210 1.69502431 129.70787516 -535.455301665338 5896  4608.825877
1.25223351 1.43643260 104.92088041 -535.390294925550 5897 18876.156391
0.87414807 1.64989680 123.48261937 -535.456704453428 5898  4300.949473
1.03778593 1.74931574 125.08568319 -535.456308545542 5899  4387.841212
1.00557399 1.66146278  81.77466015 -535.458758018720 5900  3850.243979
1.34486789 1.69437019 116.19856195 -535.410904918914 5901 14352.785612
1.03893558 1.93610092 108.86141675 -535.452333126871 5902  5260.344775
0.78962710 1.65111400  87.18717711 -535.421696513950 5903 11984.304226
0.93054255 1.57616086  86.26796383 -535.453381730502 5904  5030.202875
0.96268324 1.97371236 103.23222697 -535.454288508171 5905  4831.188177
0.93882998 1.57881846 113.21769508 -535.468418461312 5906  1730.021863
1.01382579 1.81306362  91.13764784 -535.467667766483 5907  1894.780337
0.86903730 1.61939737  80.63597718 -535.441326821059 5908  7675.949730
0.96147847 1.72660859 118.20721970 -535.468566659443 5909  1697.496132
0.95484987 1.67412137  90.50075266 -535.470786647674 5910  1210.265025
0.98337607 1.75894357 122.93745507 -535.461813782068 5911  3179.581432
0.98562025 1.68528379 115.66810642 -535.471491925005 5912  1055.474540
0.92217796 1.80961703  79.41806778 -535.457876962248 5913  4043.613527
1.09834612 1.65595063 133.50321709 -535.441193209108 5914  7705.274164
0.98348902 1.90223918 139.88169691 -535.425388351683 5915 11174.039485
0.99676470 1.75502944 112.81677914 -535.470037877102 5916  1374.601173
1.01044796 1.85723485 116.45413506 -535.457956685904 5917  4026.116207
0.94957895 1.93084725  87.98538792 -535.458414179306 5918  3925.708009
1.14712175 1.70207765  65.92043689 -535.417754006231 5919 12849.584670
0.95444481 1.73181016 123.61091110 -535.463065231838 5920  2904.919950
1.05582339 1.64797494  92.79737466 -535.465172803093 5921  2442.361518
0.84180883 1.77717558  94.78323717 -535.453351462201 5922  5036.846000
0.87081774 1.87946010  95.41278135 -535.454509250952 5923  4782.740736
1.26627158 1.70633400  96.50464825 -535.430962742266 5924  9950.602145
1.26257017 1.68160836  78.18811858 -535.415637064349 5925 13314.199718
1.08381664 1.67672935 107.74742362 -535.465523312111 5926  2365.433679
1.25598262 2.00100985 102.61896977 -535.410755758979 5927 14385.522434
0.82783487 1.69117426  84.07806980 -535.439959228307 5928  7976.101651
1.12973918 1.64778187  88.25413369 -535.450220053949 5929  5724.110684
1.07643200 1.72510819  77.52015270 -535.449754590580 5930  5826.268087
0.97807789 1.43681750  95.90523899 -535.422286658639 5931 11854.782435
0.92916351 1.57236363  79.53255662 -535.440011874577 5932  7964.547130
0.80662079 1.76684955  92.82926216 -535.437538216165 5933  8507.452408
0.91039250 1.75463941 113.98825351 -535.467015577777 5934  2037.919216
1.08365048 1.71686321  66.25661242 -535.427762276242 5935 10653.023258
1.07061220 1.78625302 114.90974810 -535.459321606878 5936  3726.550673
0.81065883 1.67570574  95.41711152 -535.442030374428 5937  7521.537611
1.45057782 1.71649367 114.97255824 -535.390283523152 5938 18878.658928
0.94812266 1.77356062 132.10804550 -535.449501016017 5939  5881.921272
0.99319787 1.44004176  79.84845906 -535.391580098277 5940 18594.093575
0.83673910 1.70009656 134.04062759 -535.431835756873 5941  9758.997582
0.95730963 1.60564490 109.98627285 -535.472425276867 5942   850.627480
1.30080015 1.69553024 138.85315640 -535.394299792536 5943 17997.189669
0.87033460 1.69986649  68.65344946 -535.424928783626 5944 11274.903017
0.91334359 1.77303526 134.25813878 -535.444030975306 5945  7082.456463
0.92496778 1.67840062  78.84667450 -535.454486179171 5946  4787.804406
0.98215980 1.57195544 110.72681258 -535.468491099543 5947  1714.079614
1.21033092 1.55421314 104.39153558 -535.433086688293 5948  9484.449865
1.10869969 1.64862353 118.45506412 -535.455766731543 5949  4506.755642
0.95576045 1.71793835 138.19226557 -535.444955314469 5950  6879.587462
1.21297121 1.67528216  61.27047065 -535.396076741289 5951 17607.194490
1.01019936 1.54578355 101.97690423 -535.461993834787 5952  3140.064427
0.97867809 1.67045815  79.55162561 -535.457031411122 5953  4229.190552
0.95202297 2.06571149 124.16986999 -535.428385227971 5954 10516.301155
1.16156923 1.67876139 106.90031690 -535.452459525243 5955  5232.603538
0.97063427 1.94714333 122.18764717 -535.444115458212 5956  7063.914608
1.07450681 1.64603507  77.75181200 -535.444131631926 5957  7060.364888
1.21932826 1.85277968 100.93436026 -535.433814313656 5958  9324.754553
1.28132104 1.59572908 102.52364997 -535.423924131573 5959 11495.398660
0.90323704 1.95461660 102.58318335 -535.452149911211 5960  5300.555965
1.04336462 1.81252784 116.21150207 -535.459485283028 5961  3690.627910
1.04107511 1.81499986 107.04040238 -535.465096565137 5962  2459.093815
1.24174801 1.65306289 103.64738646 -535.436275870666 5963  8784.505226
1.13260713 1.67325680  77.03857762 -535.437452599669 5964  8526.243057
0.96230201 1.87770370 113.62638353 -535.459524128167 5965  3682.102387
1.20307366 1.57422863 105.44095602 -535.437730787611 5966  8465.187860
0.90095136 1.48049310 108.64537793 -535.445213475448 5967  6822.927675
1.00268753 1.78169462  83.41731079 -535.464319030809 5968  2629.742878
0.89036263 1.54733951  89.33038291 -535.446668585109 5969  6503.568013
0.97349982 1.80131471 103.74652550 -535.471464290072 5970  1061.539707
1.05874232 1.74529434 106.32160303 -535.467845539509 5971  1855.763667
1.01756930 1.75932600  70.28530300 -535.444483368517 5972  6983.167628
1.12338486 2.05740067 104.21946461 -535.429098297339 5973 10359.800515
1.11261402 1.71565910 140.04137921 -535.427544735738 5974 10700.767881
1.00049357 1.59904986  91.25471138 -535.463856681812 5975  2731.216756
0.94806331 1.56349701  61.61966106 -535.383227229880 5976 20427.336321
1.02907079 1.61157544 118.24634938 -535.465324517754 5977  2409.063998
1.13731638 1.52795576 100.21922116 -535.440137445558 5978  7936.987485
0.94989347 1.72625264 102.74867185 -535.475503486648 5979   175.038511
1.13933314 1.69153660 124.66782327 -535.444539442267 5980  6970.860862
0.85823460 1.60978510 119.86867500 -535.454781665764 5981  4722.952594
1.17334575 1.73733686 106.62245091 -535.449235757997 5982  5940.138679
0.75711552 1.48135184 105.47678981 -535.382914279404 5983 20496.021013
1.24011757 1.61601604  99.82191995 -535.433708096217 5984  9348.066587
0.97213815 1.75355079  88.38798026 -535.470136803577 5985  1352.889321
1.11805333 2.05528541 104.64591686 -535.430044747954 5986 10152.078611
1.35090587 1.69955295 103.80581094 -535.414148938630 5987 13640.805567
1.04323152 1.79478265 118.17507831 -535.459343001217 5988  3721.855159
1.01692728 1.85012779 103.73183927 -535.465369562851 5989  2399.177741
0.95012640 1.54857746  99.24558227 -535.462826087168 5990  2957.406140
1.04541467 1.84505911 109.28675926 -535.460933226701 5991  3372.841000
1.39809357 1.61900270 106.63766184 -535.402435929648 5992 16211.513943
0.87573530 1.80346908  90.12244461 -535.459855306577 5993  3609.417127
1.01309775 1.62637589  58.85103771 -535.394564099912 5994 17939.180904
1.05038785 1.46325125 104.19712603 -535.435769823575 5995  8895.569727
1.23627588 1.67959443 100.33975541 -535.437837369205 5996  8441.795904
0.97684044 1.81767522 110.15346266 -535.467589247917 5997  1912.013171
0.95122180 1.80614905 130.42005442 -535.448991536878 5998  5993.739020
0.99151748 1.72228933  72.22436692 -535.447409831455 5999  6340.883241
0.86712302 1.70001289  71.80160027 -535.431839323634 6000  9758.214768
1.01796809 1.51299602  91.46638657 -535.444358428724 6001  7010.588743
1.20387481 1.66332859  97.18034180 -535.443172601571 6002  7270.847725
0.92803476 1.68529528  63.83797115 -535.419788653973 6003 12403.031099
1.46185906 1.69492173  86.61087262 -535.384919214418 6004 20055.988632
0.99077196 1.70652497 131.14321121 -535.454885001725 6005  4700.272972
0.95125988 1.51991065  94.64807209 -535.452241102880 6006  5280.541707
0.92176803 1.62902604 129.37228903 -535.457441262470 6007  4139.238577
1.16401024 1.50700131 102.38604085 -535.431068440095 6008  9927.404152
1.12182608 1.73604544 107.53509724 -535.458403455626 6009  3928.061585
0.93051407 1.74410684 114.37005215 -535.469353335967 6010  1524.840589
0.85330256 2.06087271 107.39236351 -535.425902777913 6011 11061.135976
1.02887979 1.65714723 111.68258896 -535.470749061324 6012  1218.514275
0.97205709 1.93319764  84.77203841 -535.457073173924 6013  4220.024676
0.93438637 1.78625522 105.04110474 -535.471288430711 6014  1100.136376
1.03036949 1.63930403 121.49955649 -535.463683146434 6015  2769.303370
0.85112281 2.01459477 102.35370666 -535.432899486525 6016  9525.535904
1.19475274 1.65654902  87.02457303 -535.437656177517 6017  8481.562883
1.07788934 1.57564190  98.49180848 -535.458000400881 6018  4016.521878
1.15058027 1.98434291 102.63907347 -535.433285197461 6019  9440.882137
0.96919977 1.70141834  78.36203888 -535.457418768236 6020  4144.175491
1.03578315 1.82370230 104.86651327 -535.465689765339 6021  2328.901417
0.87839392 1.64692715 119.95240918 -535.460753133949 6022  3412.366791
0.96197900 1.66817604  59.31920874 -535.404299082886 6023 15802.599065
0.96535550 1.67792788 127.23201230 -535.461381384112 6024  3274.481816
1.00912052 1.56988827 123.23473610 -535.459745564063 6025  3633.502825
1.02352220 1.67107748 117.30544285 -535.468006523087 6026  1820.431855
1.09702068 1.79171406  99.26437778 -535.460935997423 6027  3372.232897
0.94774520 1.51540851 103.51193752 -535.457484300460 6028  4129.792830
1.00156952 1.68641058 115.10042366 -535.471055104709 6029  1151.345515
0.90156023 1.56225429 106.72330482 -535.463869150555 6030  2728.480183
1.00621403 1.89924180 115.16883475 -535.454832806712 6031  4711.728453
1.25568040 1.69884529 102.22505469 -535.434078317821 6032  9266.812336
0.87520534 1.72678821  72.15730718 -535.436808796661 6033  8667.541488
0.80816430 1.86339752  97.23976199 -535.432507870465 6034  9611.485696
0.96590642 1.61031814 122.68036981 -535.465312029276 6035  2411.804902
1.06555695 1.62375960  90.02083775 -535.459452684864 6036  3697.782380
0.94172779 1.57310351  69.89561401 -535.416016372800 6037 13230.951134
0.93767508 2.06542809 116.65891056 -535.434571735398 6038  9158.519693
0.97036439 1.70836115  68.73389515 -535.438765139233 6039  8238.173915
1.26598319 1.69667369 127.92533276 -535.416049146074 6040 13223.758231
1.03726535 1.68483918 122.02280332 -535.462455663397 6042  3038.704762
1.03322605 1.66239321 115.65736142 -535.468209968048 6043  1775.780846
0.85640744 2.11845417 106.96146576 -535.420296466060 6044 12291.579226
0.96790543 1.49354950  98.88933876 -535.448568764414 6045  6086.526853
1.04058989 1.70697421  88.78662732 -535.466330720861 6046  2188.227938
1.21623438 1.68240570 106.54687316 -535.441790607882 6047  7574.160286
1.03077745 1.60502861 113.22894313 -535.467584190479 6048  1913.123150
1.15979706 2.08467502 103.49820905 -535.419914150205 6049 12375.487859
0.86503093 1.74701941  85.39570586 -535.455318305627 6050  4605.173756
1.06662633 1.76572651 119.17844071 -535.457830682622 6051  4053.770731
1.03669236 1.69022642 149.27196942 -535.424542347737 6052 11359.715893
1.01014605 1.70743516 132.57183988 -535.451772864899 6053  5383.308067
0.88827056 1.83942852 105.00469860 -535.461135256840 6054  3328.500509
1.07146349 1.53886718 110.04337978 -535.455097765335 6055  4653.576756
1.09919968 1.65812190  96.44679351 -535.461783374643 6056  3186.255091
1.01873550 1.64073491  64.79870221 -535.417995942834 6057 12796.485722
1.05175819 1.73989892 102.55752124 -535.469612226500 6058  1468.020684
1.33641469 1.69089743 120.54367417 -535.409405669116 6059 14681.832914
0.96312918 1.50435894 133.62526071 -535.441095696876 6060  7726.675626
0.81758457 1.63457978 120.35690846 -535.440331646738 6061  7894.365251
1.06592730 1.70882405 123.66219035 -535.456651853133 6062  4312.493903
0.95336085 1.82953145 126.66919387 -535.451577029778 6063  5426.288909
0.88493135 1.72876848 102.44946172 -535.468467073567 6064  1719.352706
0.92882897 1.73696891  95.88660593 -535.473145790692 6065   692.492971
0.82658256 1.69704544 113.37564374 -535.448584615671 6066  6083.047904
0.95835598 1.55820232  76.83213542 -535.431871104025 6067  9751.239779
0.96464303 1.46822874 139.05401092 -535.425781657244 6068 11087.718891
0.96573790 1.50812517  79.84117320 -535.423262597004 6069 11640.588718
1.42995165 1.84086937 102.24527022 -535.391024688608 6070 18715.991910
1.31741462 1.69365695 102.34344067 -535.421172007989 6071 12099.419980
0.88026357 1.54696351 106.12932309 -535.457622429340 6072  4099.477044
0.88516989 1.70329532 134.37849915 -535.444583924728 6073  6961.098090
0.80457725 1.67340779 100.83519096 -535.440838040944 6074  7783.224568
1.02823422 1.80290475 117.78120708 -535.460509068331 6075  3465.933004
0.92807638 1.70276062  63.74098119 -535.422005132504 6076 11916.570281
0.91731462 1.72290660 104.54637546 -535.473298808967 6077   658.909341
0.92421046 1.72294737 114.27932887 -535.470024970160 6078  1377.433920
0.88774620 1.76041994  98.22858478 -535.467458479025 6079  1940.713626
0.95339800 2.08886206  83.16092894 -535.440750117414 6080  7802.521552
0.91003988 2.15255720 110.52455003 -535.426243442415 6081 10986.368759
1.00226672 1.63628310  69.68166711 -535.431232791501 6082  9891.333187
0.94357121 1.65575793 112.42395164 -535.473456857022 6083   624.221802
1.08560294 2.14769572 105.09185078 -535.424346693099 6084 11402.657123
1.12722288 1.69454008 142.97420859 -535.421358152298 6085 12058.566026
0.93771826 1.58390144 106.03254978 -535.470111446057 6086  1358.454654
1.28817198 1.68253108 120.32322755 -535.419571241800 6087 12450.747556
0.98025695 1.57535900 118.08420464 -535.465800533123 6088  2304.590698
1.16245483 1.59630813 107.79079002 -535.448156718943 6089  6176.960382
0.76642123 1.49203948 103.53046656 -535.392674807961 6090 18353.832566
1.17924049 1.73136151 113.52205041 -535.445205144265 6091  6824.756159
0.91224048 1.79204731  91.24510739 -535.467439054475 6092  1944.976822
1.03561808 1.70957665 105.42179411 -535.471889764151 6093   968.158938
1.00130934 1.57378198 103.53839963 -535.467805407012 6094  1864.571732
0.82731462 1.71960515 118.53278467 -535.444348099977 6095  7012.855641
0.99264340 1.81291184  60.04557409 -535.424666622899 6096 11332.440647
1.03967640 1.67371026 110.08328607 -535.470457663029 6097  1282.468810
1.17313375 1.62045884 102.65919221 -535.448152945170 6098  6177.788630
0.85209995 1.73379500  77.78014544 -535.441244615898 6099  7693.991678
0.77491518 1.66679742 115.53833592 -535.419155590536 6100 12541.972466
1.41981197 1.64503910 104.66043325 -535.399525523711 6101 16850.274225
0.99753629 1.73167685  89.02405675 -535.470090769041 6102  1362.992734
1.01497519 1.77318534 123.77948347 -535.458132001548 6103  3987.638870
1.18258661 1.83571285 101.89175198 -535.442401362381 6104  7440.115165
0.98660063 2.00200523  88.62618151 -535.451633949323 6105  5413.796512
0.89974396 1.88296050  99.63851671 -535.460041607821 6106  3568.528729
0.95875969 1.55645581  96.21179607 -535.462363552688 6107  3058.920726
0.85054132 1.86933097  97.92482268 -535.449772851006 6108  5822.260387
1.03331273 2.17429878  98.26406458 -535.429679105743 6109 10232.327802
0.89778183 1.76132857  86.29112400 -535.463031069020 6110  2912.417822
1.04768497 1.74991595 115.58531282 -535.464127803728 6112  2671.712372
1.10686106 1.83314836 101.48451061 -535.456254884869 6113  4399.618368
0.95026985 1.94143386  77.05336832 -535.450252708452 6114  5716.943849
0.89458101 1.53696658 116.02467557 -535.457032316784 6115  4228.991782
0.89767477 1.72557279  75.44982983 -535.447910290939 6116  6231.045079
1.01577693 1.83456671 107.69209112 -535.465436652494 6117  2384.453266
0.81215435 1.68840950  60.15411107 -535.374119364913 6118 22426.281664
0.99115805 1.54826403 121.82178541 -535.459327902055 6119  3725.169042
0.90229959 1.61043370 106.13114525 -535.469402132064 6120  1514.131084
1.06824703 1.65283430  86.21084741 -535.457839330616 6121  4051.872716
0.99808492 1.82327392 115.38290816 -535.462855710365 6122  2950.904599
0.95311224 1.85531480 115.41127328 -535.460340322380 6123  3502.968460
0.93684159 1.58147996 137.29981975 -535.446492761753 6124  6542.156780
1.05899210 1.68376220 111.50085232 -535.467556552438 6125  1919.188999
0.99812362 1.66089609  88.92764693 -535.467899864073 6126  1843.840803
0.98835183 1.80976437 100.30641302 -535.470952347704 6127  1173.898071
1.05453552 1.75243314  86.51885497 -535.463088780393 6128  2899.751640
0.96579691 1.59721361 108.31793437 -535.472026168174 6129   938.221715
0.93034728 1.81079199 131.98039841 -535.445369896954 6130  6788.597122
0.97215888 1.76486380 132.68100907 -535.449644663082 6131  5850.394385
0.94688230 1.56366899 112.96460962 -535.466956541931 6132  2050.876086
1.05097642 1.60466653 107.98635417 -535.466823042018 6133  2080.175931
0.98462819 1.84080533 123.17376623 -535.454393643730 6134  4808.113589
0.92521319 1.69865078 110.60235505 -535.472948119753 6135   735.876728
0.73859579 1.81071339 105.99884617 -535.384804372001 6136 20081.193629
0.99062056 1.82760277 127.59449869 -535.450318095763 6137  5702.592993
1.15432535 1.72281017 104.79951274 -535.453739945126 6138  4951.583851
0.96820514 1.91963075 122.40200778 -535.447011158654 6139  6428.381809
0.87791843 1.69935056 126.11895499 -535.453673613473 6140  4966.141967
0.95164432 1.53233255 132.09810965 -535.447910454233 6141  6231.009240
1.02706868 1.56337218 112.08138945 -535.463969757585 6142  2706.399492
0.98301806 1.68005800 139.06782784 -535.445124804465 6143  6842.388707
0.99999862 1.66384072 108.17701155 -535.474351259976 6144   427.923040
1.11891519 1.77143103  96.23057841 -535.458148103046 6145  3984.104999
0.95132899 1.78438834  86.83994178 -535.467908294699 6146  1841.990495
1.02804741 1.50633645 103.05409966 -535.451689342034 6147  5401.639217
1.04253991 1.92721125  97.39965537 -535.456507546222 6148  4344.165610
1.01666449 1.69364340 115.53116786 -535.469550726783 6149  1481.518312
0.91483501 2.06876663 101.16410927 -535.440696063785 6150  7814.384953
1.00707471 1.90973877  94.32689868 -535.461174585554 6151  3319.868854
1.01102704 1.73251539 128.00465074 -535.456286887850 6152  4392.594526
0.96325634 1.79520044  86.87346532 -535.467778308951 6153  1870.519069
0.90975965 1.66715687 104.24029139 -535.472995923801 6154   725.384952
0.98708859 1.89452780 123.01331068 -535.448848739569 6155  6025.079408
1.01684244 1.81067377 118.83184292 -535.459857915655 6156  3608.844500
1.25890908 1.62217183 103.23467334 -535.431043832954 6157  9932.804795
0.93975495 1.73778835 146.87817221 -535.429446208658 6158 10283.442805
0.92221831 1.65914049 152.59125876 -535.424287683162 6159 11415.608308
1.35632644 1.73671527  95.75180493 -535.411540774239 6160 14213.231496
0.98214442 1.69171103  74.33398129 -535.449427986353 6161  5897.949431
0.90735935 1.64527547 112.50814649 -535.470302270842 6162  1316.573454
0.64321608 1.68888476 103.00000000 -535.250134160428 6182 49637.889213
0.65075377 1.68888476 103.00000000 -535.265622231331 6183 46238.650499
0.65829146 1.68888476 103.00000000 -535.280239780008 6184 43030.469333
0.66582915 1.68888476 103.00000000 -535.294030929086 6185 40003.661917
0.67336683 1.68888476 103.00000000 -535.307037396753 6186 37149.072168
0.68090452 1.68888476 103.00000000 -535.319298721454 6187 34458.022400
0.68844221 1.68888476 103.00000000 -535.330852280116 6188 31922.309325
0.69597990 1.68888476 103.00000000 -535.341733489750 6189 29534.159807
0.70351759 1.68888476 103.00000000 -535.351975898941 6190 27286.210785
0.71105528 1.68888476 103.00000000 -535.361613660512 6191 25170.966578
0.71859296 1.68888476 103.00000000 -535.370672201937 6192 23182.846501
0.72613065 1.68888476 103.00000000 -535.379182439957 6193 21315.065115
0.73366834 1.68888476 103.00000000 -535.387171462823 6194 19561.677234
0.74120603 1.68888476 103.00000000 -535.394664978734 6195 17917.040562
0.74874372 1.68888476 103.00000000 -535.401687384316 6196 16375.800657
0.75628141 1.68888476 103.00000000 -535.408261839289 6197 14932.874549
0.76381910 1.68888476 103.00000000 -535.414410331160 6198 13583.436537
0.77135678 1.68888476 103.00000000 -535.420153734320 6199 12322.905223
0.77889447 1.68888476 103.00000000 -535.425511901056 6200 11146.923532
0.78643216 1.68888476 103.00000000 -535.430503670771 6201 10051.356694
0.79396985 1.68888476 103.00000000 -535.435146955616 6202  9032.273445
0.80150754 1.68888476 103.00000000 -535.439458782720 6203  8085.936764
0.80904523 1.68888476 103.00000000 -535.443455339389 6204  7208.793946
0.81658291 1.68888476 103.00000000 -535.447153808518 6205  6397.073782
0.82412060 1.68888476 103.00000000 -535.450565231261 6206  5648.353019
0.83165829 1.68888476 103.00000000 -535.453705346938 6207  4959.177276
0.83919598 1.68888476 103.00000000 -535.456587411200 6208  4326.637273
0.84673367 1.68888476 103.00000000 -535.459224038556 6209  3747.964445
0.85427136 1.68888476 103.00000000 -535.461627236122 6210  3220.523536
0.86180905 1.68888476 103.00000000 -535.463808435385 6211  2741.805623
0.86934673 1.68888476 103.00000000 -535.465778520627 6212  2309.421883
0.87688442 1.68888476 103.00000000 -535.467547865446 6213  1921.095574
0.88442211 1.68888476 103.00000000 -535.469126340807 6214  1574.660269
0.89195980 1.68888476 103.00000000 -535.470523358551 6215  1268.050309
0.89949749 1.68888476 103.00000000 -535.471747884726 6216   999.297873
0.90703518 1.68888476 103.00000000 -535.472808465016 6217   766.527401
0.91457286 1.68888476 103.00000000 -535.473713244378 6218   567.951280
0.92211055 1.68888476 103.00000000 -535.474469991971 6219   401.864378
0.92964824 1.68888476 103.00000000 -535.475086111999 6220   266.641660
0.93718593 1.68888476 103.00000000 -535.475568667589 6221   160.732948
0.94472362 1.68888476 103.00000000 -535.475924395786 6222    82.659631
0.95226131 1.68888476 103.00000000 -535.476159720792 6223    31.011761
0.95979899 1.68888476 103.00000000 -535.476280776402 6224     4.443126
0.96733668 1.68888476 103.00000000 -535.476293415228 6225     1.669224
0.97487437 1.68888476 103.00000000 -535.476203205534 6226    21.467963
0.98241206 1.68888476 103.00000000 -535.476015502285 6227    62.664066
0.98994975 1.68888476 103.00000000 -535.475735362467 6228   124.147650
0.99748744 1.68888476 103.00000000 -535.475367659003 6229   204.849234
1.00502513 1.68888476 103.00000000 -535.474917028639 6230   303.751169
1.01256281 1.68888476 103.00000000 -535.474387886589 6231   419.884427
1.02010050 1.68888476 103.00000000 -535.473784467111 6232   552.319697
1.02763819 1.68888476 103.00000000 -535.473110805204 6233   700.171398
1.03517588 1.68888476 103.00000000 -535.472370754849 6234   862.593680
1.04271357 1.68888476 103.00000000 -535.471567999598 6235  1038.778096
1.05025126 1.68888476 103.00000000 -535.470706055958 6236  1227.952862
1.05778894 1.68888476 103.00000000 -535.469788286233 6237  1429.380038
1.06532663 1.68888476 103.00000000 -535.468817899534 6238  1642.355305
1.07286432 1.68888476 103.00000000 -535.467797964333 6239  1866.205211
1.08040201 1.68888476 103.00000000 -535.466731414142 6240  2100.285926
1.08793970 1.68888476 103.00000000 -535.465621049921 6241  2343.982708
1.09547739 1.68888476 103.00000000 -535.464469551181 6242  2596.707474
1.10301508 1.68888476 103.00000000 -535.463279477802 6243  2857.898395
1.11055276 1.68888476 103.00000000 -535.462053279485 6244  3127.017824
1.11809045 1.68888476 103.00000000 -535.460793293195 6245  3403.552856
1.12562814 1.68888476 103.00000000 -535.459501758436 6246  3687.011976
1.13316583 1.68888476 103.00000000 -535.458180815213 6247  3976.925508
1.14070352 1.68888476 103.00000000 -535.456832509184 6248  4272.844482
1.14824121 1.68888476 103.00000000 -535.455458797418 6249  4574.339371
1.15577889 1.68888476 103.00000000 -535.454061553884 6250  4880.998886
1.16331658 1.68888476 103.00000000 -535.452642565666 6251  5192.430808
1.17085427 1.68888476 103.00000000 -535.451203546758 6252  5508.258958
1.17839196 1.68888476 103.00000000 -535.449746136108 6253  5828.123629
1.18592965 1.68888476 103.00000000 -535.448271900878 6254  6151.680869
1.19346734 1.68888476 103.00000000 -535.446783667594 6255  6478.310326
1.20100503 1.68888476 103.00000000 -535.445280169629 6256  6808.289994
1.20854271 1.68888476 103.00000000 -535.443764156953 6257  7141.016324
1.21608040 1.68888476 103.00000000 -535.442236941165 6258  7476.201452
1.22361809 1.68888476 103.00000000 -535.440699781093 6259  7813.569098
1.23115578 1.68888476 103.00000000 -535.439153879901 6260  8152.855199
1.23869347 1.68888476 103.00000000 -535.437600391389 6261  8493.806523
1.24623116 1.68888476 103.00000000 -535.436040415904 6262  8836.181574
1.25376884 1.68888476 103.00000000 -535.434475012526 6263  9179.747910
1.26130653 1.68888476 103.00000000 -535.432905185974 6264  9524.285020
1.26884422 1.68888476 103.00000000 -535.431331905939 6265  9869.580082
1.27638191 1.68888476 103.00000000 -535.429756097653 6266 10215.430031
1.28391960 1.68888476 103.00000000 -535.428178646206 6267 10561.640612
1.29145729 1.68888476 103.00000000 -535.426600399930 6268 10908.025638
1.29899497 1.68888476 103.00000000 -535.425022172247 6269 11254.406584
1.30653266 1.68888476 103.00000000 -535.423444735839 6270 11600.613864
1.31407035 1.68888476 103.00000000 -535.421868836771 6271 11946.483737
1.32160804 1.68888476 103.00000000 -535.420295186382 6272 12291.860083
1.32914573 1.68888476 103.00000000 -535.418724466123 6273 12636.593339
1.33668342 1.68888476 103.00000000 -535.417157328509 6274 12980.540295
1.34422111 1.68888476 103.00000000 -535.415594396735 6275 13323.564177
1.35175879 1.68888476 103.00000000 -535.414036271504 6276 13665.533144
1.35929648 1.68888476 103.00000000 -535.412483518842 6277 14006.322968
1.36683417 1.68888476 103.00000000 -535.410936688202 6278 14345.813059
1.37437186 1.68888476 103.00000000 -535.409396302406 6279 14683.888670
1.38190955 1.68888476 103.00000000 -535.407862863208 6280 15020.439679
1.38944724 1.68888476 103.00000000 -535.406336847457 6281 15355.361429
1.39698492 1.68888476 103.00000000 -535.404818715893 6282 15688.552801
1.40452261 1.68888476 103.00000000 -535.403308901727 6283 16019.918714
1.41206030 1.68888476 103.00000000 -535.401807825529 6284 16349.366866
1.41959799 1.68888476 103.00000000 -535.400315885718 6285 16676.809812
1.42713568 1.68888476 103.00000000 -535.398833464861 6286 17002.163589
1.43467337 1.68888476 103.00000000 -535.397360925862 6287 17325.348549
1.44221106 1.68888476 103.00000000 -535.395898620857 6288 17646.287406
1.44974874 1.68888476 103.00000000 -535.394446881940 6289 17964.907276
1.45728643 1.68888476 103.00000000 -535.393006007775 6290 18281.142608
1.46482412 1.68888476 103.00000000 -535.391576327524 6291 18594.921160
1.47236181 1.68888476 103.00000000 -535.390158108608 6292 18906.184239
1.47989950 1.68888476 103.00000000 -535.388751627032 6293 19214.871270
1.48743719 1.68888476 103.00000000 -535.387357147140 6294 19520.924236
1.49497487 1.68888476 103.00000000 -535.385974915029 6295 19824.289125
1.50251256 1.68888476 103.00000000 -535.384605161065 6296 20124.915377
1.51005025 1.68888476 103.00000000 -535.383248110994 6297 20422.753446
1.51758794 1.68888476 103.00000000 -535.381903973150 6298 20717.757609
1.52512563 1.68888476 103.00000000 -535.380572945664 6299 21009.884382
1.53266332 1.68888476 103.00000000 -535.379255218015 6300 21299.092177
1.54020101 1.68888476 103.00000000 -535.377950966920 6301 21585.342211
1.54773869 1.68888476 103.00000000 -535.376660360258 6302 21868.597637
1.55527638 1.68888476 103.00000000 -535.375383552429 6303 22148.824570
1.56281407 1.68888476 103.00000000 -535.374120691156 6304 22425.990587
1.57035176 1.68888476 103.00000000 -535.372871913348 6305 22700.065641
1.57788945 1.68888476 103.00000000 -535.371637349724 6306 22971.021043
1.58542714 1.68888476 103.00000000 -535.370417115979 6307 23238.831399
1.59296482 1.68888476 103.00000000 -535.369211326530 6308 23503.471599
1.60050251 1.68888476 103.00000000 -535.368020077138 6309 23764.920625
1.60804020 1.68888476 103.00000000 -535.366843467927 6310 24023.156502
1.61557789 1.68888476 103.00000000 -535.365681579834 6311 24278.161468
1.62311558 1.68888476 103.00000000 -535.364534492878 6312 24529.917959
1.63065327 1.68888476 103.00000000 -535.363402275281 6313 24778.411004
1.63819095 1.68888476 103.00000000 -535.362284993337 6314 25023.626051
1.64572864 1.68888476 103.00000000 -535.361182696476 6315 25265.552252
1.65326633 1.68888476 103.00000000 -535.360095434292 6316 25504.178724
1.66080402 1.68888476 103.00000000 -535.359023251777 6317 25739.495590
1.66834171 1.68888476 103.00000000 -535.357966177350 6318 25971.496615
1.67587940 1.68888476 103.00000000 -535.356924242843 6319 26200.174811
1.68341709 1.68888476 103.00000000 -535.355897463903 6320 26425.526744
1.69095477 1.68888476 103.00000000 -535.354885863011 6321 26647.547481
1.69849246 1.68888476 103.00000000 -535.353889440865 6322 26866.236869
1.70603015 1.68888476 103.00000000 -535.352908204353 6323 27081.593394
1.71356784 1.68888476 103.00000000 -535.351942150008 6324 27293.617819
1.72110553 1.68888476 103.00000000 -535.350991264614 6325 27502.313045
1.72864322 1.68888476 103.00000000 -535.350055534221 6326 27707.682131
1.73618090 1.68888476 103.00000000 -535.349134941086 6327 27909.728974
1.74371859 1.68888476 103.00000000 -535.348229456532 6328 28108.459866
1.75125628 1.68888476 103.00000000 -535.347339052353 6329 28303.880999
1.75879397 1.68888476 103.00000000 -535.346463686274 6330 28496.001650
1.76633166 1.68888476 103.00000000 -535.345603319402 6331 28684.830356
1.77386935 1.68888476 103.00000000 -535.344757915266 6332 28870.375120
1.78140704 1.68888476 103.00000000 -535.343927406091 6333 29052.650818
1.78894472 1.68888476 103.00000000 -535.343111749926 6334 29231.666658
1.79648241 1.68888476 103.00000000 -535.342310876620 6335 29407.438035
1.80402010 1.68888476 103.00000000 -535.341524726906 6336 29579.977957
1.81155779 1.68888476 103.00000000 -535.340753234571 6337 29749.300956
1.81909548 1.68888476 103.00000000 -535.339996320104 6338 29915.424482
1.82663317 1.68888476 103.00000000 -535.339253914241 6339 30078.363738
1.83417085 1.68888476 103.00000000 -535.338525931358 6340 30238.137516
1.84170854 1.68888476 103.00000000 -535.337812288207 6341 30394.764086
1.85678392 1.68888476 103.00000000 -535.336427659258 6343 30698.655020
1.86432161 1.68888476 103.00000000 -535.335756487711 6344 30845.960151
1.87185930 1.68888476 103.00000000 -535.335099289385 6345 30990.198514
1.87939698 1.68888476 103.00000000 -535.334455953520 6346 31131.394418
1.88693467 1.68888476 103.00000000 -535.333826378528 6347 31269.570160
1.89447236 1.68888476 103.00000000 -535.333210457409 6348 31404.749223
1.90201005 1.68888476 103.00000000 -535.332608079021 6349 31536.956000
1.90954774 1.68888476 103.00000000 -535.332019132333 6350 31666.214860
1.91708543 1.68888476 103.00000000 -535.331443504497 6351 31792.550569
1.92462312 1.68888476 103.00000000 -535.330881072092 6352 31915.990216
1.93969849 1.68888476 103.00000000 -535.329795324262 6354 32154.284325
1.94723618 1.68888476 103.00000000 -535.329271758935 6355 32269.193635
1.95477387 1.68888476 103.00000000 -535.328760904298 6356 32381.313270
1.96231156 1.68888476 103.00000000 -535.328262624635 6357 32490.673017
1.96984925 1.68888476 103.00000000 -535.327776792459 6358 32597.300857
1.97738693 1.68888476 103.00000000 -535.327303283888 6359 32701.223978
1.98492462 1.68888476 103.00000000 -535.326841956031 6360 32802.473741
1.99246231 1.68888476 103.00000000 -535.326392678483 6361 32901.078767
2.00000000 1.68888476 103.00000000 -535.325955316537 6362 32997.068621
0.96446195 1.25000000 103.00000000 -535.262729065113 6363 46873.627100
0.96446195 1.25628141 103.00000000 -535.271806282816 6364 44881.408054
0.96446195 1.26256281 103.00000000 -535.280568517727 6365 42958.319741
0.96446195 1.26884422 103.00000000 -535.289025549587 6366 41102.215757
0.96446195 1.27512563 103.00000000 -535.297186800966 6367 39311.028087
0.96446195 1.28140704 103.00000000 -535.305061406771 6368 37582.751849
0.96446195 1.28768844 103.00000000 -535.312658193295 6369 35915.449896
0.96446195 1.29396985 103.00000000 -535.319985742321 6370 34307.238745
0.96446195 1.30025126 103.00000000 -535.327052328278 6371 32756.302369
0.96446195 1.30653266 103.00000000 -535.333865957939 6372 31260.883483
0.96446195 1.31281407 103.00000000 -535.340434421831 6373 29819.272265
0.96446195 1.31909548 103.00000000 -535.346765227244 6374 28429.821056
0.96446195 1.32537688 103.00000000 -535.352865647617 6375 27090.933518
0.96446195 1.33165829 103.00000000 -535.358742756487 6376 25801.057192
0.96446195 1.33793970 103.00000000 -535.364403373882 6377 24558.695253
0.96446195 1.34422111 103.00000000 -535.369854118318 6378 23362.395105
0.96446195 1.35050251 103.00000000 -535.375101390378 6379 22210.751983
0.96446195 1.35678392 103.00000000 -535.380151413403 6380 21102.400021
0.96446195 1.36306533 103.00000000 -535.385010205667 6381 20036.018360
0.96446195 1.36934673 103.00000000 -535.389683579489 6382 19010.331345
0.96446195 1.37562814 103.00000000 -535.394177202574 6383 18024.095056
0.96446195 1.38190955 103.00000000 -535.398496543673 6384 17076.109244
0.96446195 1.38819095 103.00000000 -535.402646899097 6385 16165.211500
0.96446195 1.39447236 103.00000000 -535.406633426159 6386 15290.269927
0.96446195 1.40075377 103.00000000 -535.410461103231 6387 14450.191897
0.96446195 1.40703518 103.00000000 -535.414134761411 6388 13643.917107
0.96446195 1.41331658 103.00000000 -535.417659079972 6389 12870.418576
0.96446195 1.41959799 103.00000000 -535.421038612222 6390 12128.696968
0.96446195 1.42587940 103.00000000 -535.424277757014 6391 11417.786845
0.96446195 1.43216080 103.00000000 -535.427380778866 6392 10736.752256
0.96446195 1.43844221 103.00000000 -535.430351829770 6393 10084.681942
0.96446195 1.44472362 103.00000000 -535.433194920717 6394  9460.695593
0.96446195 1.45100503 103.00000000 -535.435913947452 6395  8863.938192
0.96446195 1.45728643 103.00000000 -535.438512684266 6396  8293.581377
0.96446195 1.46356784 103.00000000 -535.440994805085 6397  7748.818815
0.96446195 1.46984925 103.00000000 -535.443363862106 6398  7228.870889
0.96446195 1.47613065 103.00000000 -535.445623301297 6399  6732.981296
0.96446195 1.48241206 103.00000000 -535.447776477581 6400  6260.413717
0.96446195 1.48869347 103.00000000 -535.449826636518 6401  5810.455831
0.96446195 1.49497487 103.00000000 -535.451778887203 6402  5381.986324
0.96446195 1.50125628 103.00000000 -535.453632356049 6403  4975.196925
0.96446195 1.50753769 103.00000000 -535.455391986444 6404  4589.002685
0.96446195 1.51381910 103.00000000 -535.457060659927 6405  4222.771181
0.96446195 1.52010050 103.00000000 -535.458641173158 6406  3875.888616
0.96446195 1.52638191 103.00000000 -535.460136247313 6407  3547.757761
0.96446195 1.53266332 103.00000000 -535.461548517651 6408  3237.800243
0.96446195 1.53894472 103.00000000 -535.462880543258 6409  2945.454409
0.96446195 1.54522613 103.00000000 -535.464134814212 6410  2670.173749
0.96446195 1.55150754 103.00000000 -535.465313743735 6411  2411.428622
0.96446195 1.55778894 103.00000000 -535.466419677031 6412  2168.704315
0.96446195 1.56407035 103.00000000 -535.467454892783 6413  1941.500715
0.96446195 1.57035176 103.00000000 -535.468421604957 6414  1729.331913
0.96446195 1.57663317 103.00000000 -535.469321960464 6415  1531.726716
0.96446195 1.58291457 103.00000000 -535.470158047491 6416  1348.226821
0.96446195 1.58919598 103.00000000 -535.470931897363 6417  1178.386402
0.96446195 1.59547739 103.00000000 -535.471645479556 6418  1021.773211
0.96446195 1.60175879 103.00000000 -535.472300707928 6419   877.967203
0.96446195 1.60804020 103.00000000 -535.472899447070 6420   746.559148
0.96446195 1.61432161 103.00000000 -535.473443504422 6421   627.152359
0.96446195 1.62060302 103.00000000 -535.473934637528 6422   519.361099
0.96446195 1.62688442 103.00000000 -535.474374555826 6423   422.810191
0.96446195 1.63316583 103.00000000 -535.474764920839 6424   337.134972
0.96446195 1.63944724 103.00000000 -535.475107347436 6425   261.981020
0.96446195 1.64572864 103.00000000 -535.475403404401 6426   197.004026
0.96446195 1.65201005 103.00000000 -535.475654620411 6427   141.868483
0.96446195 1.65829146 103.00000000 -535.475862478956 6428    96.248805
0.96446195 1.66457286 103.00000000 -535.476028421664 6429    59.828590
0.96446195 1.67085427 103.00000000 -535.476153854440 6430    32.299277
0.96446195 1.67713568 103.00000000 -535.476240141306 6431    13.361498
0.96446195 1.68341709 103.00000000 -535.476288610486 6432     2.723743
0.96446195 1.68969849 103.00000000 -535.476300553241 6433     0.102611
0.96446195 1.69597990 103.00000000 -535.476277225429 6434     5.222474
0.96446195 1.70226131 103.00000000 -535.476219849544 6435    17.815025
0.96446195 1.70854271 103.00000000 -535.476129614518 6436    37.619325
0.96446195 1.71482412 103.00000000 -535.476007676212 6437    64.381690
0.96446195 1.72110553 103.00000000 -535.475855160750 6438    97.854966
0.96446195 1.72738693 103.00000000 -535.475673163285 6439   137.798793
0.96446195 1.73366834 103.00000000 -535.475462749454 6440   183.979292
0.96446195 1.73994975 103.00000000 -535.475224954738 6441   236.169200
0.96446195 1.74623116 103.00000000 -535.474960788872 6442   294.146907
0.96446195 1.75251256 103.00000000 -535.474671234397 6443   357.696770
0.96446195 1.75879397 103.00000000 -535.474357245744 6444   426.609315
0.96446195 1.76507538 103.00000000 -535.474019752897 6445   500.680435
0.96446195 1.77135678 103.00000000 -535.473659662066 6446   579.711239
0.96446195 1.77763819 103.00000000 -535.473277852925 6447   663.508661
0.96446195 1.78391960 103.00000000 -535.472875183629 6448   751.884358
0.96446195 1.79020101 103.00000000 -535.472452488150 6449   844.655294
0.96446195 1.79648241 103.00000000 -535.472010579869 6450   941.642953
0.96446195 1.80276382 103.00000000 -535.471550247961 6451  1042.674130
0.96446195 1.80904523 103.00000000 -535.471072262470 6452  1147.579822
0.96446195 1.81532663 103.00000000 -535.470577374409 6453  1256.195198
0.96446195 1.82160804 103.00000000 -535.470066309800 6454  1368.360917
0.96446195 1.82788945 103.00000000 -535.469539779749 6455  1483.920908
0.96446195 1.83417085 103.00000000 -535.468998477057 6456  1602.723119
0.96446195 1.84045226 103.00000000 -535.468443071709 6457  1724.620505
0.96446195 1.84673367 103.00000000 -535.467874218998 6458  1849.469247
0.96446195 1.85301508 103.00000000 -535.467292557062 6459  1977.129288
0.96446195 1.85929648 103.00000000 -535.466698706397 6460  2107.464446
0.96446195 1.86557789 103.00000000 -535.466093268958 6461  2240.342607
0.96446195 1.87185930 103.00000000 -535.465476833744 6462  2375.634501
0.96446195 1.87814070 103.00000000 -535.464849973742 6463  2513.214372
0.96446195 1.88442211 103.00000000 -535.464213243753 6464  2652.960454
0.96446195 1.89070352 103.00000000 -535.463567187406 6465  2794.753435
0.96446195 1.89698492 103.00000000 -535.462912331742 6466  2938.477643
0.96446195 1.90326633 103.00000000 -535.462249189240 6467  3084.020602
0.96446195 1.90954774 103.00000000 -535.461578260275 6468  3231.272492
0.96446195 1.91582915 103.00000000 -535.460900031658 6469  3380.126470
0.96446195 1.92211055 103.00000000 -535.460214976800 6470  3530.478636
0.96446195 1.92839196 103.00000000 -535.459523555025 6471  3682.228178
0.96446195 1.93467337 103.00000000 -535.458826215097 6472  3835.276604
0.96446195 1.94095477 103.00000000 -535.458123394401 6473  3989.527920
0.96446195 1.94723618 103.00000000 -535.457415515476 6474  4144.889389
0.96446195 1.95351759 103.00000000 -535.456702991905 6475  4301.270240
0.96446195 1.95979899 103.00000000 -535.455986226690 6476  4458.582024
0.96446195 1.96608040 103.00000000 -535.455265608933 6477  4616.739344
0.96446195 1.97236181 103.00000000 -535.454541519356 6478  4775.658640
0.96446195 1.97864322 103.00000000 -535.453814328204 6479  4935.258652
0.96446195 1.98492462 103.00000000 -535.453084396536 6480  5095.460139
0.96446195 1.99120603 103.00000000 -535.452352071950 6481  5256.186811
0.96446195 1.99748744 103.00000000 -535.451617695235 6482  5417.363872
0.96446195 2.00376884 103.00000000 -535.450881599548 6483  5578.918205
0.96446195 2.01005025 103.00000000 -535.450144103522 6484  5740.779876
0.96446195 2.01633166 103.00000000 -535.449405521024 6485  5902.880001
0.96446195 2.02261307 103.00000000 -535.448666156748 6486  6065.151706
0.96446195 2.02889447 103.00000000 -535.447926307430 6487  6227.529865
0.96446195 2.03517588 103.00000000 -535.447186257075 6488  6389.952147
0.96446195 2.04145729 103.00000000 -535.446446286442 6489  6552.356932
0.96446195 2.04773869 103.00000000 -535.445706672863 6490  6714.683352
0.96446195 2.05402010 103.00000000 -535.444967660799 6491  6876.877756
0.96446195 2.06030151 103.00000000 -535.444229525623 6492  7038.879704
0.96446195 2.06658291 103.00000000 -535.443492513239 6493  7200.635229
0.96446195 2.07286432 103.00000000 -535.442756847088 6494  7362.095289
0.96446195 2.07914573 103.00000000 -535.442022787032 6495  7523.202852
0.96446195 2.08542714 103.00000000 -535.441290546387 6496  7683.911101
0.96446195 2.09170854 103.00000000 -535.440560339352 6497  7844.173023
0.96446195 2.09798995 103.00000000 -535.439832389455 6498  8003.939562
0.96446195 2.10427136 103.00000000 -535.439106901469 6499  8163.165773
0.96446195 2.11055276 103.00000000 -535.438384076697 6500  8321.807476
0.96446195 2.11683417 103.00000000 -535.437664108833 6501  8479.822161
0.96446195 2.12311558 103.00000000 -535.436947186710 6502  8637.168382
0.96446195 2.12939698 103.00000000 -535.436233494657 6503  8793.805685
0.96446195 2.13567839 103.00000000 -535.435523206986 6504  8949.695813
0.96446195 2.14195980 103.00000000 -535.434816496763 6505  9104.800781
0.96446195 2.14824121 103.00000000 -535.434113529343 6506  9259.084300
0.96446195 2.15452261 103.00000000 -535.433414466569 6507  9412.510847
0.96446195 2.16080402 103.00000000 -535.432719461581 6508  9565.046813
0.96446195 2.16708543 103.00000000 -535.432028664313 6509  9716.659292
0.96446195 2.17336683 103.00000000 -535.431342221926 6510  9867.315985
0.96446195 2.17964824 103.00000000 -535.430660272143 6511 10016.986665
0.96446195 2.18592965 103.00000000 -535.429982950808 6512 10165.641518
0.96446195 2.19221106 103.00000000 -535.429310387911 6513 10313.252014
0.96446195 2.19849246 103.00000000 -535.428642710477 6514 10459.790276
0.96446195 2.20477387 103.00000000 -535.427980037367 6515 10605.230215
0.96446195 2.21105528 103.00000000 -535.427322486886 6516 10749.545867
0.96446195 2.21733668 103.00000000 -535.426670171010 6517 10892.712656
0.96446195 2.22361809 103.00000000 -535.426023195670 6518 11034.707333
0.96446195 2.24246231 103.00000000 -535.424115342544 6521 11453.432702
0.96446195 2.24874372 103.00000000 -535.423490732943 6522 11590.518666
0.96446195 2.25502513 103.00000000 -535.422871943873 6523 11726.327172
0.96446195 2.26130653 103.00000000 -535.422259060396 6524 11860.839550
0.96446195 2.26758794 103.00000000 -535.421652161650 6525 11994.038431
0.96446195 2.27386935 103.00000000 -535.421051323293 6526 12125.907210
0.96446195 2.28015075 103.00000000 -535.420456619103 6527 12256.429695
0.96446195 2.28643216 103.00000000 -535.419868118586 6528 12385.590632
0.96446195 2.29899497 103.00000000 -535.418709991189 6530 12639.770220
0.96446195 2.30527638 103.00000000 -535.418140484457 6531 12764.762502
0.96446195 2.31155779 103.00000000 -535.417577426746 6532 12888.339388
0.96446195 2.32412060 103.00000000 -535.416470863392 6534 13131.201977
0.96446195 2.33040201 103.00000000 -535.415927454951 6535 13250.466346
0.96446195 2.33668342 103.00000000 -535.415390686889 6536 13368.273321
0.96446195 2.34924623 103.00000000 -535.414337235665 6538 13599.479144
0.96446195 2.35552764 103.00000000 -535.413820625422 6539 13712.861989
0.96446195 2.36809045 103.00000000 -535.412807797004 6541 13935.152137
0.96446195 2.37437186 103.00000000 -535.412311638884 6542 14044.046259
0.96446195 2.38065327 103.00000000 -535.411822345065 6543 14151.433842
0.96446195 2.38693467 103.00000000 -535.411339945194 6544 14257.308377
0.96446195 2.39321608 103.00000000 -535.410864453939 6545 14361.666647
0.96446195 2.39949749 103.00000000 -535.410395888531 6546 14464.504869
0.96446195 2.40577889 103.00000000 -535.409934264171 6547 14565.819707
0.96446195 2.41206030 103.00000000 -535.409479593884 6548 14665.608303
0.96446195 2.41834171 103.00000000 -535.409031885639 6549 14763.868907
0.96446195 2.42462312 103.00000000 -535.408591148269 6550 14860.599580
0.96446195 2.43090452 103.00000000 -535.408157388195 6551 14955.798914
0.96446195 2.43718593 103.00000000 -535.407730605418 6552 15049.466909
0.96446195 2.44974874 103.00000000 -535.406897980871 6554 15232.206878
0.96446195 2.45603015 103.00000000 -535.406492137705 6555 15321.279159
0.96446195 2.46231156 103.00000000 -535.406093263449 6556 15408.821940
0.96446195 2.47487437 103.00000000 -535.405316400199 6558 15579.323719
0.96446195 1.68888476  40.00000000 -535.296999955275 6563 39352.035977
0.96446195 1.68888476  40.70351759 -535.303403000108 6564 37946.730046
0.96446195 1.68888476  41.40703518 -535.309545096218 6565 36598.695742
0.96446195 1.68888476  42.11055276 -535.315438557830 6566 35305.230403
0.96446195 1.68888476  42.81407035 -535.321095354055 6567 34063.707114
0.96446195 1.68888476  43.51758794 -535.326527081425 6568 32871.580730
0.96446195 1.68888476  44.22110553 -535.331746344899 6569 31726.084782
0.96446195 1.68888476  44.92462312 -535.336761170190 6570 30625.457830
0.96446195 1.68888476  45.62814070 -535.341583262565 6571 29567.130864
0.96446195 1.68888476  46.33165829 -535.346222542747 6572 28548.926538
0.96446195 1.68888476  47.03517588 -535.350688492034 6573 27568.763946
0.96446195 1.68888476  47.73869347 -535.354990147658 6574 26624.659647
0.96446195 1.68888476  48.44221106 -535.359136107913 6575 25714.726531
0.96446195 1.68888476  49.14572864 -535.363134531143 6576 24837.174051
0.96446195 1.68888476  49.84924623 -535.366993145788 6577 23990.306008
0.96446195 1.68888476  50.55276382 -535.370719258134 6578 23172.518860
0.96446195 1.68888476  51.25628141 -535.374319760033 6579 22382.300018
0.96446195 1.68888476  51.95979899 -535.377801139703 6580 21618.225484
0.96446195 1.68888476  52.66331658 -535.381169498809 6581 20878.956098
0.96446195 1.68888476  53.36683417 -535.384430560380 6582 20163.235798
0.96446195 1.68888476  54.07035176 -535.387589684524 6583 19469.888179
0.96446195 1.68888476  54.77386935 -535.390651884182 6584 18797.813025
0.96446195 1.68888476  55.47738693 -535.393621840099 6585 18145.983033
0.96446195 1.68888476  56.18090452 -535.396503912503 6586 17513.441243
0.96446195 1.68888476  56.88442211 -535.399302163059 6587 16899.296223
0.96446195 1.68888476  57.58793970 -535.402020363515 6588 16302.720169
0.96446195 1.68888476  58.29145729 -535.404662015973 6589 15722.944458
0.96446195 1.68888476  58.99497487 -535.407230365285 6590 15159.256930
0.96446195 1.68888476  59.69849246 -535.409728416461 6591 14610.998059
0.96446195 1.68888476  60.40201005 -535.412158946659 6592 14077.558330
0.96446195 1.68888476  61.10552764 -535.414524521853 6593 13558.374576
0.96446195 1.68888476  61.80904523 -535.416827509186 6594 13052.927271
0.96446195 1.68888476  62.51256281 -535.419070090556 6595 12560.737543
0.96446195 1.68888476  63.21608040 -535.421254274615 6596 12081.364543
0.96446195 1.68888476  63.91959799 -535.423381913232 6597 11614.401833
0.96446195 1.68888476  64.62311558 -535.425454706512 6598 11159.476283
0.96446195 1.68888476  65.32663317 -535.427474218810 6599 10716.244558
0.96446195 1.68888476  66.03015075 -535.429441888651 6600 10284.390937
0.96446195 1.68888476  66.73366834 -535.431359036269 6601  9863.625663
0.96446195 1.68888476  67.43718593 -535.433226875695 6602  9453.682286
0.96446195 1.68888476  68.14070352 -535.435046522411 6603  9054.315986
0.96446195 1.68888476  68.84422111 -535.436819001003 6604  8665.301893
0.96446195 1.68888476  69.54773869 -535.438545254174 6605  8286.433108
0.96446195 1.68888476  70.25125628 -535.440226148905 6606  7917.519350
0.96446195 1.68888476  70.95477387 -535.441862482865 6607  7558.385551
0.96446195 1.68888476  71.65829146 -535.443454992979 6608  7208.869974
0.96446195 1.68888476  72.36180905 -535.445004356798 6609  6868.823915
0.96446195 1.68888476  73.06532663 -535.446511202638 6610  6538.109473
0.96446195 1.68888476  73.76884422 -535.447976109923 6611  6216.599481
0.96446195 1.68888476  74.47236181 -535.449399618836 6612  5904.175381
0.96446195 1.68888476  75.17587940 -535.450782228896 6613  5600.727543
0.96446195 1.68888476  75.87939698 -535.452124408190 6614  5306.153231
0.96446195 1.68888476  76.58291457 -535.453426592684 6615  5020.356764
0.96446195 1.68888476  77.28643216 -535.454689190987 6616  4743.248462
0.96446195 1.68888476  77.98994975 -535.455912590062 6617  4474.743396
0.96446195 1.68888476  78.69346734 -535.457097154066 6618  4214.761643
0.96446195 1.68888476  79.39698492 -535.458243228207 6619  3963.227439
0.96446195 1.68888476  80.10050251 -535.459351142673 6620  3720.068316
0.96446195 1.68888476  80.80402010 -535.460421212381 6621  3485.215157
0.96446195 1.68888476  81.50753769 -535.461453741980 6622  3258.601099
0.96446195 1.68888476  82.21105528 -535.462449024139 6623  3040.161910
0.96446195 1.68888476  82.91457286 -535.463407343356 6624  2829.835150
0.96446195 1.68888476  83.61809045 -535.464328977386 6625  2627.559857
0.96446195 1.68888476  84.32160804 -535.465214198051 6626  2433.276374
0.96446195 1.68888476  85.02512563 -535.466063270575 6627  2246.926492
0.96446195 1.68888476  85.72864322 -535.466876458197 6628  2068.452435
0.96446195 1.68888476  86.43216080 -535.467654020629 6629  1897.797203
0.96446195 1.68888476  87.13567839 -535.468396221119 6630  1734.903022
0.96446195 1.68888476  87.83919598 -535.469103287426 6631  1579.719902
0.96446195 1.68888476  88.54271357 -535.469775517634 6632  1432.182422
0.96446195 1.68888476  89.24623116 -535.470413143428 6633  1292.239733
0.96446195 1.68888476  89.94974874 -535.471016406429 6634  1159.838806
0.96446195 1.68888476  90.65326633 -535.471585586279 6635  1034.918266
0.96446195 1.68888476  91.35678392 -535.472120919844 6636   917.426127
0.96446195 1.68888476  92.06030151 -535.472622684773 6637   807.301452
0.96446195 1.68888476  92.76381910 -535.473091096479 6638   704.496964
0.96446195 1.68888476  93.46733668 -535.473526453524 6639   608.947135
0.96446195 1.68888476  94.17085427 -535.473928998384 6640   520.598749
0.96446195 1.68888476  94.87437186 -535.474298977934 6641   439.397622
0.96446195 1.68888476  95.57788945 -535.474636692384 6642   365.277866
0.96446195 1.68888476  96.28140704 -535.474942374710 6643   298.188349
0.96446195 1.68888476  96.98492462 -535.475216312173 6644   238.066024
0.96446195 1.68888476  97.68844221 -535.475458755031 6645   184.855966
0.96446195 1.68888476  98.39195980 -535.475669981280 6646   138.497162
0.96446195 1.68888476  99.09547739 -535.475850263201 6647    98.929853
0.96446195 1.68888476  99.79899497 -535.475999874537 6648    66.093960
0.96446195 1.68888476 100.50251256 -535.476119092117 6649    39.928725
0.96446195 1.68888476 101.20603015 -535.476208193775 6650    20.373171
0.96446195 1.68888476 101.90954774 -535.476267459534 6651     7.365840
0.96446195 1.68888476 102.61306533 -535.476297172694 6652     0.844555
0.96446195 1.68888476 103.31658291 -535.476297617200 6653     0.746997
0.96446195 1.68888476 104.02010050 -535.476269078745 6654     7.010465
0.96446195 1.68888476 104.72361809 -535.476211847095 6655    19.571360
0.96446195 1.68888476 105.42713568 -535.476126211683 6656    38.366161
0.96446195 1.68888476 106.13065327 -535.476012465118 6657    63.330647
0.96446195 1.68888476 106.83417085 -535.475870902185 6658    94.400120
0.96446195 1.68888476 107.53768844 -535.475701819056 6659   131.509578
0.96446195 1.68888476 108.24120603 -535.475505515178 6660   174.593300
0.96446195 1.68888476 108.94472362 -535.475282289983 6661   223.585568
0.96446195 1.68888476 109.64824121 -535.475032447665 6662   278.419620
0.96446195 1.68888476 110.35175879 -535.474756292008 6663   339.028782
0.96446195 1.68888476 111.05527638 -535.474454131755 6664   405.345293
0.96446195 1.68888476 111.75879397 -535.474126274792 6665   477.301581
0.96446195 1.68888476 112.46231156 -535.473773034253 6666   554.828919
0.96446195 1.68888476 113.16582915 -535.473394723462 6667   637.858542
0.96446195 1.68888476 113.86934673 -535.472991660453 6668   726.320649
0.96446195 1.68888476 114.57286432 -535.472564163832 6669   820.145314
0.96446195 1.68888476 115.27638191 -535.472112556135 6670   919.261749
0.96446195 1.68888476 115.97989950 -535.471637162875 6671  1023.598511
0.96446195 1.68888476 116.68341709 -535.471138311774 6672  1133.083675
0.96446195 1.68888476 117.38693467 -535.470616334981 6673  1247.644341
0.96446195 1.68888476 118.09045226 -535.470071566675 6674  1367.207166
0.96446195 1.68888476 118.79396985 -535.469504344229 6675  1491.698106
0.96446195 1.68888476 119.49748744 -535.468915011157 6676  1621.041767
0.96446195 1.68888476 120.20100503 -535.468303913340 6677  1755.162238
0.96446195 1.68888476 120.90452261 -535.467671400372 6678  1893.982791
0.96446195 1.68888476 121.60804020 -535.467017827469 6679  2037.425465
0.96446195 1.68888476 122.31155779 -535.466343553403 6680  2185.411520
0.96446195 1.68888476 123.01507538 -535.465648941861 6681  2337.861135
0.96446195 1.68888476 123.71859296 -535.464934362950 6682  2494.693081
0.96446195 1.68888476 124.42211055 -535.464200191347 6683  2655.825126
0.96446195 1.68888476 125.12562814 -535.463446806575 6684  2821.173974
0.96446195 1.68888476 125.82914573 -535.462674596285 6685  2990.654546
0.96446195 1.68888476 126.53266332 -535.461883955512 6686  3164.180141
0.96446195 1.68888476 127.23618090 -535.461075271538 6687  3341.665762
0.96446195 1.68888476 127.93969849 -535.460248965587 6688  3523.018959
0.96446195 1.68888476 128.64321608 -535.459405454789 6689  3708.148184
0.96446195 1.68888476 129.34673367 -535.458545135511 6690  3896.966444
0.96446195 1.68888476 130.05025126 -535.457668462215 6691  4089.373996
0.96446195 1.68888476 130.75376884 -535.456775854100 6692  4285.278836
0.96446195 1.68888476 131.45728643 -535.455867768010 6693  4484.580700
0.96446195 1.68888476 132.16080402 -535.454944655313 6694  4687.180522
0.96446195 1.68888476 132.86432161 -535.454006981441 6695  4892.976154
0.96446195 1.68888476 133.56783920 -535.453055218213 6696  5101.864041
0.96446195 1.68888476 134.27135678 -535.452089851338 6697  5313.737584
0.96446195 1.68888476 134.97487437 -535.451111375554 6698  5528.488200
0.96446195 1.68888476 135.67839196 -535.450120296763 6699  5746.004856
0.96446195 1.68888476 136.38190955 -535.449117132239 6700  5966.174024
0.96446195 1.68888476 137.08542714 -535.448102411639 6701  6188.879458
0.96446195 1.68888476 137.78894472 -535.447076677739 6702  6414.002032
0.96446195 1.68888476 138.49246231 -535.446040485248 6703  6641.420001
0.96446195 1.68888476 139.19597990 -535.444994402839 6704  6871.008556
0.96446195 1.68888476 139.89949749 -535.443939014376 6705  7102.639554
0.96446195 1.68888476 140.60301508 -535.442874916587 6706  7336.182029
0.96446195 1.68888476 141.30653266 -535.441802723180 6707  7571.501286
0.96446195 1.68888476 142.01005025 -535.440723063271 6708  7808.459251
0.96446195 1.68888476 142.71356784 -535.439636581485 6709  8046.914444
0.96446195 1.68888476 143.41708543 -535.438543941084 6710  8286.721298
0.96446195 1.68888476 144.12060302 -535.437445822242 6711  8527.730531
0.96446195 1.68888476 144.82412060 -535.436342924003 6712  8769.788719
0.96446195 1.68888476 145.52763819 -535.435235964468 6713  9012.738260
0.96446195 1.68888476 146.23115578 -535.434125681205 6714  9256.417274
0.96446195 1.68888476 146.93467337 -535.433012832712 6715  9500.659291
0.96446195 1.68888476 147.63819095 -535.431898198659 6716  9745.293194
0.96446195 1.68888476 148.34170854 -535.430782579885 6717  9990.143217
0.96446195 1.68888476 149.04522613 -535.429666800898 6718 10235.028404
0.96446195 1.68888476 149.74874372 -535.428551708101 6719 10479.762989
0.96446195 1.68888476 150.45226131 -535.427438172736 6720 10724.155757
0.96446195 1.68888476 151.15577889 -535.426327090103 6721 10968.010213
0.96446195 1.68888476 151.85929648 -535.425219380407 6722 11211.124395
0.96446195 1.68888476 152.56281407 -535.424115989965 6723 11453.290609
0.96446195 1.68888476 153.26633166 -535.423017889984 6724 11694.295702
0.96446195 1.68888476 153.96984925 -535.421926079113 6725 11933.920495
0.96446195 1.68888476 154.67336683 -535.420841583311 6726 12171.939816
0.96446195 1.68888476 155.37688442 -535.419765454149 6727 12408.122871
0.96446195 1.68888476 156.08040201 -535.418698771415 6728 12642.232676
0.96446195 1.68888476 156.78391960 -535.417642641798 6729 12874.026338
0.96446195 1.68888476 157.48743719 -535.416598198986 6730 13103.255044
0.96446195 1.68888476 158.19095477 -535.415566603741 6731 13329.664034
0.96446195 1.68888476 158.89447236 -535.414549042971 6732 13552.992813
0.96446195 1.68888476 159.59798995 -535.413546729987 6733 13772.975090
0.96446195 1.68888476 160.30150754 -535.412560900925 6734 13989.339564
0.96446195 1.68888476 161.00502513 -535.411592816820 6735 14201.809470
0.96446195 1.68888476 161.70854271 -535.410643760290 6736 14410.103305
0.96446195 1.68888476 162.41206030 -535.409715033175 6737 14613.935350
0.96446195 1.68888476 163.11557789 -535.408807957393 6738 14813.015477
0.96446195 1.68888476 163.81909548 -535.407923867820 6739 15007.050714
0.96446195 1.68888476 164.52261307 -535.407064111727 6740 15195.745369
0.96446195 1.68888476 165.22613065 -535.406230047056 6741 15378.801408
0.96446195 1.68888476 165.92964824 -535.405423035839 6742 15555.919901
0.96446195 1.68888476 166.63316583 -535.404644440074 6743 15726.801922
0.96446195 1.68888476 167.33668342 -535.403895619354 6744 15891.149077
0.96446195 1.68888476 168.04020101 -535.403177922378 6745 16048.665359
0.96446195 1.68888476 168.74371859 -535.402492683956 6746 16199.057812
0.96446195 1.68888476 169.44723618 -535.401841217610 6747 16342.038151
0.96446195 1.68888476 170.15075377 -535.401224808265 6748 16477.324367
0.96446195 1.68888476 170.85427136 -535.400644708055 6749 16604.641649
0.96446195 1.68888476 171.55778894 -535.400102126534 6750 16723.724531
0.96446195 1.68888476 172.26130653 -535.399598223853 6751 16834.318388
0.96446195 1.68888476 172.96482412 -535.399134104054 6752 16936.180911
0.96446195 1.68888476 173.66834171 -535.398710808254 6753 17029.083603
0.96446195 1.68888476 174.37185930 -535.398329303575 6754 17112.814203
0.96446195 1.68888476 175.07537688 -535.397990479934 6755 17187.177398
0.96446195 1.68888476 175.77889447 -535.397695140187 6756 17251.996981
0.96446195 1.68888476 176.48241206 -535.397443995517 6757 17307.116866
0.96446195 1.68888476 177.18592965 -535.397237658560 6758 17352.402595
0.96446195 1.68888476 177.88944724 -535.397076638410 6759 17387.742433
0.96446195 1.68888476 178.59296482 -535.396961334329 6760 17413.048755
0.96446195 1.68888476 179.29648241 -535.396892035788 6761 17428.258027
2.01000000 1.68888476 103.00000000 -535.325393240162 6762 33120.430128
2.02000000 1.68888476 103.00000000 -535.324851570991 6763 33239.312772
2.03000000 1.68888476 103.00000000 -535.324329989514 6764 33353.786676
2.04000000 1.68888476 103.00000000 -535.323828158399 6765 33463.925877
2.05000000 1.68888476 103.00000000 -535.323345760985 6766 33569.799874
2.06000000 1.68888476 103.00000000 -535.322882458392 6767 33671.483042
2.07000000 1.68888476 103.00000000 -535.322437920312 6768 33769.047875
2.09000000 1.68888476 103.00000000 -535.321603796123 6770 33952.116977
2.10000000 1.68888476 103.00000000 -535.321213543894 6771 34037.767443
2.11000000 1.68888476 103.00000000 -535.320840721695 6772 34119.592459
2.12000000 1.68888476 103.00000000 -535.320484985681 6773 34197.667491
2.13000000 1.68888476 103.00000000 -535.320146009642 6774 34272.064133
2.14000000 1.68888476 103.00000000 -535.319823460832 6775 34342.855416
2.15000000 1.68888476 103.00000000 -535.319517003258 6776 34410.115080
2.16000000 1.68888476 103.00000000 -535.319226305566 6777 34473.915850
2.17000000 1.68888476 103.00000000 -535.318951044378 6778 34534.328699
2.18000000 1.68888476 103.00000000 -535.318690890574 6779 34591.425860
2.19000000 1.68888476 103.00000000 -535.318445509903 6780 34645.280694
2.20000000 1.68888476 103.00000000 -535.318214598316 6781 34695.959930
2.22000000 1.68888476 103.00000000 -535.317794859877 6783 34788.081871
2.23000000 1.68888476 103.00000000 -535.317605409046 6784 34829.661523
2.24000000 1.68888476 103.00000000 -535.317429145302 6785 34868.346944
2.25000000 1.68888476 103.00000000 -535.317265778427 6786 34904.201829
2.26000000 1.68888476 103.00000000 -535.317114980235 6787 34937.298207
2.27000000 1.68888476 103.00000000 -535.316976457790 6788 34967.700371
2.28000000 1.68888476 103.00000000 -535.316849915946 6789 34995.473096
2.29000000 1.68888476 103.00000000 -535.316735053654 6790 35020.682455
2.30000000 1.68888476 103.00000000 -535.316631582098 6791 35043.391837
0.96446195 2.53000000 103.00000000 -535.402234258574 6864 16255.775628