0.96446195 1.68888476 103.00000000 -535.789142464672 -535.581533211424    1    46.572478
0.95946195 1.68888476 103.00000000 -535.789262200722 -535.581532937594    2    20.293452
0.96946195 1.68888476 103.00000000 -535.788975928730 -535.581487717114    3    83.122893
0.95446195 1.68888476 103.00000000 -535.789333497590 -535.581485243286    4     4.645598
0.97446195 1.68888476 103.00000000 -535.788764181186 -535.581398056307    5   129.596108
0.94946195 1.68888476 103.00000000 -535.789354664492 -535.581388424631    6     0.000000
0.97946195 1.68888476 103.00000000 -535.788508762023 -535.581265782998    7   185.654136
0.94446195 1.68888476 103.00000000 -535.789323956348 -535.581240724036    8     6.739659
0.98446195 1.68888476 103.00000000 -535.788211163935 -535.581092403788    9   250.969368
0.93946195 1.68888476 103.00000000 -535.789239572651 -535.581040328613   10    25.259740
0.98946195 1.68888476 103.00000000 -535.787872833168 -535.580879379433   11   325.224390
0.93446195 1.68888476 103.00000000 -535.789099655325 -535.580785368190   12    55.968044
0.99446195 1.68888476 103.00000000 -535.787495172549 -535.580628127377   13   408.111316
0.92946195 1.68888476 103.00000000 -535.788902287216 -535.580473913554   14    99.285338
0.99946195 1.68888476 103.00000000 -535.787079541368 -535.580340022084   15   499.331818
0.92446195 1.68888476 103.00000000 -535.788645489277 -535.580103974155   16   155.645972
1.00446195 1.68888476 103.00000000 -535.786627257605 -535.580016397304   17   598.596632
0.91946195 1.68888476 103.00000000 -535.788327219700 -535.579673496608   18   225.498071
1.00946195 1.68888476 103.00000000 -535.786139598915 -535.579658546212   19   705.625345
0.91446195 1.68888476 103.00000000 -535.787945370523 -535.579180361751   20   309.304280
1.01446195 1.68888476 103.00000000 -535.785617804012 -535.579267724090   21   820.146091
0.90946195 1.68888476 103.00000000 -535.787497766346 -535.578622383131   22   407.542044
1.01946195 1.68888476 103.00000000 -535.785063073723 -535.578845148519   23   941.895319
0.90446195 1.68888476 103.00000000 -535.786982161703 -535.577997304403   24   520.704185
1.02446195 1.68888476 103.00000000 -535.784476572199 -535.578392000751   25  1070.617527
0.89946195 1.68888476 103.00000000 -535.786396237730 -535.577302796014   26   649.299635
1.02946195 1.68888476 103.00000000 -535.783859428607 -535.577909427637   27  1206.064892
0.89446195 1.68888476 103.00000000 -535.785737602033 -535.576536455122   28   793.853464
1.03446195 1.68888476 103.00000000 -535.783212737159 -535.577398541548   29  1347.997262
0.88946195 1.68888476 103.00000000 -535.785003783568 -535.575695800206   30   954.908004
1.03946195 1.68888476 103.00000000 -535.782537558449 -535.576860422033   31  1496.181863
0.88446195 1.68888476 103.00000000 -535.784192231681 -535.574778270510   32  1133.023059
1.04446195 1.68888476 103.00000000 -535.781834922193 -535.576296118096   33  1650.392699
0.87946195 1.68888476 103.00000000 -535.783300312636 -535.573781222326   34  1328.776666
1.04946195 1.68888476 103.00000000 -535.781105824478 -535.575706645180   35  1810.411155
0.87446195 1.68888476 103.00000000 -535.782325306353 -535.572701925732   36  1542.765815
1.05446195 1.68888476 103.00000000 -535.780351234086 -535.575092992569   37  1976.024606
0.86946195 1.68888476 103.00000000 -535.781264404248 -535.571537562226   38  1775.606917
1.05946195 1.68888476 103.00000000 -535.779572087542 -535.574456118274   39  2147.027509
0.86446195 1.68888476 103.00000000 -535.780114705899 -535.570285222299   40  2027.936543
1.06446195 1.68888476 103.00000000 -535.778769294345 -535.573796953084   41  2323.220254
0.85446195 1.68888476 103.00000000 -535.777536838912 -535.567504493178   42  2593.712960
1.07446195 1.68888476 103.00000000 -535.777096268190 -535.572415340353   43  2690.407059
0.84446195 1.68888476 103.00000000 -535.774566536483 -535.564334496101   44  3245.619003
1.08446195 1.68888476 103.00000000 -535.775338889880 -535.570955075989   45  3076.107023
1.08946195 1.68888476 103.00000000 -535.774430562470 -535.570197505004   46  3275.461850
0.83946195 1.68888476 103.00000000 -535.772925897436 -535.562595175609   47  3605.697660
1.11446195 1.68888476 103.00000000 -535.769622075896 -535.566165868070   48  4330.802688
0.81446195 1.68888476 103.00000000 -535.763021984931 -535.552208925221   49  5779.355246
0.76446195 1.68888476 103.00000000 -535.733035487429 -535.521311705850   50 12360.630852
1.26446195 1.68888476 103.00000000 -535.734950988924 -535.537204418545   51 11940.226860
0.66446195 1.68888476 103.00000000 -535.612041838697 -535.398691205515   52 38915.667793
1.36446195 1.68888476 103.00000000 -535.709600019015 -535.517278411385   53 17504.121737
1.46446195 1.68888476 103.00000000 -535.683857096707 -535.499740459449   55 23154.040225
1.56446195 1.68888476 103.00000000 -535.665329914067 -535.484594147250   56 27220.286880
1.66446195 1.68888476 103.00000000 -535.651669155994 -535.478564408865   57 30218.476777
1.76446195 1.68888476 103.00000000 -535.641058219746 -535.469642533183   58 32547.308142
1.86446195 1.68888476 103.00000000 -535.633037843916 -535.459439155610   59 34307.577203
1.96446195 1.68888476 103.00000000 -535.626817468350 -535.451734491886   60 35672.791862
0.96446195 1.68388476 103.00000000 -535.789148815694 -535.580054010084   61    45.178590
0.96446195 1.69388476 103.00000000 -535.789114555790 -535.583000365946   62    52.697770
0.96446195 1.67888476 103.00000000 -535.789132949511 -535.578562845651   63    48.660815
0.96446195 1.69888476 103.00000000 -535.789065732997 -535.584455401695   64    63.413135
0.96446195 1.67388476 103.00000000 -535.789094190374 -535.577059813066   65    57.167462
0.96446195 1.70388476 103.00000000 -535.788996625429 -535.585898257638   66    78.580493
0.96446195 1.66888476 103.00000000 -535.789031846631 -535.575545019131   67    70.850332
0.96446195 1.70888476 103.00000000 -535.788907847549 -535.587328883953   68    98.064986
0.96446195 1.66388476 103.00000000 -535.788945209685 -535.574018582350   69    89.864944
0.96446195 1.71388476 103.00000000 -535.788799998796 -535.588747240556   70   121.735051
0.96446195 1.65888476 103.00000000 -535.788833553204 -535.572480632352   71   114.370710
0.96446195 1.71888476 103.00000000 -535.788673665628 -535.590153298440   72   149.461977
0.96446195 1.65388476 103.00000000 -535.788696133324 -535.570931310745   73   144.530888
0.96446195 1.72388476 103.00000000 -535.788529420690 -535.591547038104   74   181.120083
0.96446195 1.64888476 103.00000000 -535.788532187843 -535.569370769887   75   180.512763
0.96446195 1.72888476 103.00000000 -535.788367823551 -535.592928448949   76   216.586556
0.96446195 1.64388476 103.00000000 -535.788340935270 -535.567799172685   77   222.487851
0.96446195 1.73388476 103.00000000 -535.788189420167 -535.594297528943   78   255.741573
0.96446195 1.63888476 103.00000000 -535.788121574445 -535.566216692245   79   270.631988
0.96446195 1.73888476 103.00000000 -535.787994745415 -535.595654284929   80   298.467744
0.96446195 1.63388476 103.00000000 -535.787873284311 -535.564623511522   81   325.125375
0.96446195 1.74388476 103.00000000 -535.787784320828 -535.596998731343   82   344.650603
0.96446195 1.62888476 103.00000000 -535.787595223228 -535.563019826168   83   386.152730
0.96446195 1.74888476 103.00000000 -535.787558656262 -535.598330889316   84   394.178251
0.96446195 1.62388476 103.00000000 -535.787286526947 -535.561405827659   85   453.903734
0.96446195 1.75388476 103.00000000 -535.787318249999 -535.599650786767   86   446.941328
0.96446195 1.61888476 103.00000000 -535.786946309605 -535.559781727216   87   528.572811
0.96446195 1.75888476 103.00000000 -535.787063589464 -535.600958458242   88   502.832856
0.96446195 1.61388476 103.00000000 -535.786573661989 -535.558147738354   89   610.359510
0.96446195 1.76388476 103.00000000 -535.786795150254 -535.602253943251   90   561.748454
0.96446195 1.60888476 103.00000000 -535.786167651454 -535.556504080901   91   699.468525
0.96446195 1.76888476 103.00000000 -535.786513398015 -535.603537286877   92   623.585924
0.96446195 1.60388476 103.00000000 -535.785727319797 -535.554850978095   93   796.110154
0.96446195 1.77388476 103.00000000 -535.786218787201 -535.604808538103   94   688.245525
0.96446195 1.59888476 103.00000000 -535.785251682875 -535.553188657153   95   900.500394
0.96446195 1.77888476 103.00000000 -535.785911762204 -535.606067750767   96   755.629724
0.96446195 1.59388476 103.00000000 -535.784739729608 -535.551517348155   97  1012.861151
0.96446195 1.78388476 103.00000000 -535.785592757279 -535.607314981534   98   825.643214
0.96446195 1.58888476 103.00000000 -535.784190421049 -535.549837285205   99  1133.420447
0.96446195 1.78888476 103.00000000 -535.785262196816 -535.608550290477  100   898.192851
0.96446195 1.57888476 103.00000000 -535.782975431122 -535.546451840666  101  1400.079918
0.96446195 1.79888476 103.00000000 -535.784568060574 -535.610985397404  102  1050.538150
0.96446195 1.56888476 103.00000000 -535.781597776944 -535.543034238538  103  1702.440066
0.96446195 1.80888476 103.00000000 -535.783832560737 -535.613373600926  104  1211.961708
0.96446195 1.81388476 103.00000000 -535.783450262687 -535.614550284566  105  1295.866433
0.96446195 1.56388476 103.00000000 -535.780845007351 -535.541313981268  106  1867.653898
0.96446195 1.83888476 103.00000000 -535.781407844746 -535.620262366546  107  1744.125366
0.96446195 1.53888476 103.00000000 -535.776390592707 -535.532608421230  108  2845.284928
0.96446195 1.48888476 103.00000000 -535.763413688101 -535.514801007025  109  5693.386335
0.96446195 1.98888476 103.00000000 -535.766427953567 -535.648963554338  110  5031.831521
0.96446195 1.38888476 103.00000000 -535.713756009977 -535.475290800587  111 16591.987136
0.96446195 2.08888476 103.00000000 -535.755803434268 -535.663338299053  112  7363.644021
0.96446195 1.28888476 103.00000000 -535.628287075813 -535.407796325390  113 35350.250300
0.96446195 2.18888476 103.00000000 -535.745899084558 -535.674461802496  114  9537.397562
0.96446195 1.68888476 104.00000000 -535.789121194030 -535.581812367437  120    51.240845
0.96446195 1.68888476 102.00000000 -535.789102572670 -535.581230908238  121    55.327761
0.96446195 1.68888476 105.00000000 -535.789039610742 -535.582069685761  122    69.146307
0.96446195 1.68888476 101.00000000 -535.789000673717 -535.580904132217  123    77.691996
0.96446195 1.68888476 105.50000000 -535.788976469205 -535.582190560429  124    83.004273
0.96446195 1.68888476 100.50000000 -535.788926209234 -535.580731148319  125    94.035062
0.96446195 1.68888476 106.00000000 -535.788898571544 -535.582306459257  126   100.100833
0.96446195 1.68888476 100.00000000 -535.788835929463 -535.580551549988  127   113.849181
0.96446195 1.68888476 107.00000000 -535.788698938574 -535.582523962695  128   143.915207
0.96446195 1.68888476  98.00000000 -535.788314582257 -535.579763498050  129   228.271669
0.96446195 1.68888476 108.00000000 -535.788441580234 -535.582723451607  130   200.398835
0.96446195 1.68888476  98.00000000 -535.788314582257 -535.579763498050  131   228.271669
0.96446195 1.68888476 110.50000000 -535.787551388850 -535.583151422786  132   395.773264
0.96446195 1.68888476  95.50000000 -535.787294708848 -535.578608881933  133   452.108014
0.96446195 1.68888476  93.00000000 -535.785853969470 -535.577245632235  134   768.313764
0.96446195 1.68888476 115.50000000 -535.784760728481 -535.583766818176  135  1008.252431
0.96446195 1.68888476  90.50000000 -535.783980006591 -535.575651991111  136  1179.601083
0.96446195 1.68888476 118.00000000 -535.782888810827 -535.583989269743  137  1419.090876
0.96446195 1.68888476  88.00000000 -535.781660710150 -535.573806419905  138  1688.627824
0.96446195 1.68888476 120.50000000 -535.780718805702 -535.584176878576  139  1895.351959
0.96446195 1.68888476  85.50000000 -535.778884169061 -535.571687967675  140  2298.008167
0.96446195 1.68888476 123.00000000 -535.778266012527 -535.584345097370  141  2433.677847
0.96446195 1.68888476  83.00000000 -535.775638561194 -535.569276705764  142  3010.336770
0.96446195 1.68888476 125.50000000 -535.775546305910 -535.584508594935  143  3030.584465
0.96446195 1.68888476  80.50000000 -535.771911936468 -535.566554209779  144  3828.236373
0.96446195 1.68888476 128.00000000 -535.772576256683 -535.584681285720  145  3682.434936
0.96446195 1.68888476  78.00000000 -535.767691834109 -535.563504032380  146  4754.441800
0.96446195 1.68888476 133.00000000 -535.765955711415 -535.585106059947  147  5135.476695
0.96446195 1.68888476  73.00000000 -535.757714627944 -535.556366666430  148  6944.185485
0.96446195 1.68888476 138.00000000 -535.758556296661 -535.585715275548  149  6759.460551
0.96446195 1.68888476  68.00000000 -535.745563127902 -535.547778015618  150  9611.131527
0.96446195 1.68888476 143.00000000 -535.750551035967 -535.586590248739  151  8516.412223
0.96446195 1.68888476  63.00000000 -535.730997284743 -535.537655076982  152 12807.964643
0.96446195 1.68888476 148.00000000 -535.742139914799 -535.587792489824  153 10362.439974
0.96446195 1.68888476  58.00000000 -535.713573585033 -535.525801206579  154 16632.024784
0.96446195 1.68888476 153.00000000 -535.733556302640 -535.589354925540  155 12246.325123
0.96446195 1.68888476  53.00000000 -535.692469182256 -535.511641245873  156 21263.905889
0.96446195 1.68888476 163.00000000 -535.717118562913 -535.593433742953  157 15853.992057
0.96446195 1.68888476  43.00000000 -535.632495156143 -535.469637882715  158 34426.683404
0.96446195 1.68888476 173.00000000 -535.705372109577 -535.597372942555  159 18432.040620
0.96446195 1.68888476 179.95000000 -535.702674637864 -535.598419019323  161 19024.067241
0.96446195 1.67416187  95.41204544 -535.786941094422 -535.573921093274  163   529.717411
1.03666945 1.72779399 103.00000000 -535.782267899820 -535.588047356931  164  1555.365093
1.16230627 1.75150156 103.00000000 -535.758038048610 -535.573924368444  165  6873.202853
0.89590574 1.83858284 103.00000000 -535.777838638848 -535.615831091652  166  2527.475529
0.96446195 1.92387026 129.27339301 -535.751334746342 -535.631220957168  167  8344.407674
0.96446195 1.73755052 150.56836682 -535.733970368614 -535.598312183671  168 12155.448145
0.90154427 1.81542520 103.00000000 -535.780536633056 -535.611317405456  169  1935.334234
1.34371700 1.65501426 103.00000000 -535.713945910050 -535.514287760911  170 16550.308887
0.93413177 1.68888476  95.79554147 -535.787339803439 -535.577956265780  171   442.210895
1.04944394 1.56331514 103.00000000 -535.772398516611 -535.537246867952  172  3721.444374
0.96446195 1.81375024 109.08229544 -535.781331500267 -535.614523687881  173  1760.881043
1.09427982 1.68888476 115.46498650 -535.769058891281 -535.571949544643  174  4454.407426
1.16090462 1.68888476  74.89871955 -535.735766129751 -535.541103890930  175 11761.324124
0.75596095 1.68888476 104.86471891 -535.726281171136 -535.514929203972  176 13843.031958
0.87029844 1.51309446 103.00000000 -535.763378092210 -535.510899888713  177  5701.198731
0.99174301 2.01995593 103.00000000 -535.761934888703 -535.652760295984  178  6017.945294
0.84934524 2.04532522 103.00000000 -535.745883414870 -535.642762758971  179  9540.836661
0.95028017 1.68888476 110.45128012 -535.787797083760 -535.583011628749  180   341.849463
1.27099499 1.68888476  97.89127045 -535.732639785242 -535.534244777107  181 12447.477445
0.96446195 1.77157945  92.63543502 -535.784671027891 -535.601468364386  182  1027.939435
0.89985783 1.71434045 103.00000000 -535.786030220752 -535.584802339687  183   729.631078
0.77720665 1.68888476  73.65547073 -535.709896101038 -535.504530275067  184 17439.139243
1.10887792 1.88772027 103.00000000 -535.759321693215 -535.614630743795  185  6591.475421
0.89015493 2.17700267 103.00000000 -535.741935076417 -535.668229835688  186 10407.396804
0.87068148 1.68888476  68.47436053 -535.737030633649 -535.536387037156  187 11483.797592
1.01419001 1.68888476 127.52899197 -535.769554015288 -535.582740192124  188  4345.740265
0.96105346 1.69171888 103.00000000 -535.789215720064 -535.582371914784  189    30.494778
1.21546648 1.58725847 103.00000000 -535.740902797589 -535.521519836185  190 10633.955823
0.89712833 1.73160081 103.00000000 -535.785119540911 -535.589256094204  191   929.502204
1.14018532 1.68888476 117.38406251 -535.758368791588 -535.564597322643  192  6800.613158
0.96446195 1.49306374 107.19265715 -535.766354049584 -535.518957478592  193  5048.051571
0.96446195 1.63810273 127.41119356 -535.774144045376 -535.571478775424  194  3338.345085
1.24206753 1.68888476  97.84864592 -535.739813297659 -535.540109184701  195 10873.073423
0.96446195 1.87399011 127.99957324 -535.758026007352 -535.622902793097  196  6875.845603
0.96446195 1.75143658  90.97520461 -535.784389877621 -535.595040954097  197  1089.644788
1.25333876 1.69060467 103.00000000 -535.737726285807 -535.539902260265  198 11331.119588
0.84832028 1.68888476  57.75852674 -535.694046941689 -535.502596898453  199 20917.627713
0.96446195 1.59407480 104.25655079 -535.784998069210 -535.552191741977  200   956.162161
0.96446195 1.87532437  81.22337779 -535.771410948871 -535.621494589532  201  3938.190444
0.92149994 1.68888476  80.75982510 -535.771271583587 -535.564734723873  202  3968.777589
0.91960947 1.40021095 103.00000000 -535.721406599727 -535.474470082581  203 14912.876740
0.96136443 1.68888476  68.68396639 -535.747357196514 -535.548935353926  204  9217.378972
1.04462798 1.68888476  76.06147023 -535.757947673612 -535.557387382517  205  6893.037872
0.96446195 2.00720852 112.44642222 -535.759590303552 -535.650267919155  206  6532.522265
0.99137116 1.87475582 103.00000000 -535.776916999548 -535.627009095725  207  2729.751979
1.40149156 1.68888476 118.73187847 -535.693620289482 -535.514702261492  208 21011.267051
0.96446195 1.72190713 128.19724998 -535.770732282684 -535.592469873520  209  4087.140458
1.12181052 1.68888476 107.10575159 -535.767600514659 -535.565951835576  210  4774.484103
0.96446195 1.98395521 124.81717548 -535.750750302402 -535.642867461144  211  8472.678295
1.06625704 1.93248936 103.00000000 -535.762460424621 -535.630153743085  212  5902.603490
1.30378478 1.68888476 123.66263475 -535.713593455017 -535.534490122536  213 16627.663827
0.96446195 1.76842914  78.88455280 -535.771961637740 -535.590756481281  214  3817.328205
0.87630346 2.17667477 103.00000000 -535.739337233190 -535.665581277381  215 10977.557499
0.98715142 1.68888476 133.73877092 -535.763727293813 -535.584852603589  216  5624.557836
0.96446195 2.02127510 115.38419726 -535.755929156834 -535.651654597830  217  7336.051106
0.96446195 1.90175558 107.76807920 -535.773662680545 -535.633011579941  218  3443.992455
0.96446195 1.65114517 119.54832107 -535.782078719458 -535.573924503061  219  1596.885384
0.98003474 1.65505842 103.00000000 -535.788047913043 -535.571059256903  220   286.798798
0.95927528 1.68888476 104.23313402 -535.789231733057 -535.581873214731  221    26.980332
1.05784017 1.68888476 130.11882655 -535.760372437679 -535.578783285117  222  6360.863663
0.98017984 1.68888476  91.80600057 -535.784381193161 -535.576268363531  223  1091.550807
0.88175499 1.66200667 103.00000000 -535.783567177675 -535.565994592928  224  1270.206559
1.31360365 1.68748834 103.00000000 -535.722552031369 -535.526930080792  225 14661.483548
1.33726915 1.82364627 103.00000000 -535.711302626708 -535.552296026552  226 17130.442535
0.96446195 1.96044984 118.46760025 -535.759709511054 -535.641124487749  227  6506.359242
1.05510547 1.60900127 103.00000000 -535.777077521964 -535.551029761857  228  2694.521380
0.99373301 1.68888476  91.74533809 -535.783456097890 -535.575694059644  229  1294.585754
0.96446195 1.74487273  66.10745449 -535.746199512067 -535.564922263680  230  9471.461344
0.85908112 1.68888476  84.91264730 -535.767233622734 -535.557912648061  231  4855.007574
0.89243821 1.43906689 103.00000000 -535.740791790071 -535.486055952850  232 10658.319158
0.96446195 1.91921784  75.92479295 -535.763522925654 -535.627338397800  233  5669.411463
1.29168253 1.64034640 103.00000000 -535.726605489531 -535.520484583555  234 13771.852296
0.93925365 1.68888476  89.64178613 -535.783240528244 -535.574455234164  235  1341.897824
0.96446195 1.41897428 103.39650231 -535.732727034198 -535.489272689510  236 12428.328512
1.01828762 1.68888476  80.65574509 -535.768719673890 -535.564845961992  237  4528.857039
0.96446195 1.81099665 139.27432164 -535.747287447546 -535.609375002418  238  9232.687102
0.96446195 1.54535859 127.99084795 -535.767659477872 -535.543804875799  239  4761.543173
0.99192832 1.95035785 103.00000000 -535.769305258942 -535.641418805502  240  4400.335973
1.04526772 1.68888476  86.48615373 -535.773020435188 -535.567778748877  241  3584.949021
0.98624567 1.56598865 103.00000000 -535.780035653557 -535.541937962009  242  2045.286527
1.08296168 1.68888476  71.43276273 -535.743456873712 -535.547725760544  243 10073.400897
1.37496066 1.65919313 103.00000000 -535.705991373392 -535.509720132085  244 18296.127920
1.07060218 1.64203701 103.00000000 -535.776730510961 -535.559237786314  245  2770.681493
0.77040458 1.68888476 110.83738709 -535.735879237072 -535.527337312583  246 11736.499936
0.82234158 1.96036056 103.00000000 -535.745304208803 -535.619387750625  247  9667.957702
0.95133151 1.68888476 100.76483933 -535.789173092450 -535.580718663978  248    39.850458
0.96446195 1.56415881 135.72437022 -535.760544844374 -535.551522843301  249  6323.024766
0.96323292 1.68888476 119.97192245 -535.781237180853 -535.584139832988  250  1781.581762
0.97358087 1.79057027 103.00000000 -535.784842430744 -535.608798358679  251   990.320857
0.96446195 2.01457220  94.03011225 -535.765085086331 -535.653041296977  252  5326.556818
0.98655498 1.87526678 103.00000000 -535.777181162698 -535.627375716420  253  2671.774868
0.94257673 1.68888476 128.21154763 -535.772528182643 -535.584194528239  254  3692.985969
0.94312786 1.68888476  60.21479400 -535.720784592173 -535.529503147608  255 15049.391622
1.17051702 1.68888476 109.61406540 -535.756220375132 -535.557613417694  256  7272.136077
0.90708504 1.59848820 103.00000000 -535.783512863682 -535.549302279354  257  1282.127103
0.74324755 1.68888476 116.63261057 -535.710409140069 -535.505071114171  258 17326.540189
0.96446195 1.66435704 135.42477181 -535.763343361480 -535.579519098769  259  5708.821245
0.96446195 1.43602255 111.09378012 -535.745349379484 -535.500729847970  260  9658.043883
1.01708103 1.79460633 103.00000000 -535.781240101593 -535.607146069942  261  1780.940734
0.96446195 1.76553577 105.61458057 -535.786182255756 -535.602969203938  262   696.263251
0.87629303 1.54880567 103.00000000 -535.772297173886 -535.525988974338  263  3743.686532
1.07181987 1.73895990 103.00000000 -535.776556755137 -535.586511028936  264  2808.816490
0.96446195 1.71774280 105.73850634 -535.788357514184 -535.590382096346  265   218.849200
0.96446195 1.70876003  90.57778986 -535.784418279924 -535.582020108788  266  1083.411203
0.96446195 1.96429512  88.76247669 -535.769111902699 -535.643600029076  267  4442.772764
1.24615516 1.47887231 103.00000000 -535.708107941944 -535.501006304662  268 17831.594809
1.26168693 1.76184093 103.00000000 -535.733949526669 -535.555532704627  269 12160.022423
0.98565650 1.68888476  75.28340018 -535.761851184217 -535.559756185315  270  6036.316306
1.21764227 1.68464960 103.00000000 -535.746450781032 -535.545608496212  271  9416.314180
0.85802687 1.68888476  74.81160679 -535.749498181325 -535.544554381681  272  8747.487111
0.96446195 1.80212571 151.19169597 -535.726739656498 -535.609003871243  273 13742.406050
0.78836259 1.63649111 103.00000000 -535.748518474053 -535.521240900306  274  8962.508008
1.25910729 1.68888476 111.83794724 -535.733980455070 -535.540542681091  275 12153.234423
0.97616102 1.68888476  73.17028635 -535.757847026371 -535.556749307285  276  6915.127389
0.97234093 1.68888476 116.53696289 -535.783727416297 -535.583787879391  277  1235.038246
0.96446195 1.65878540  94.30993108 -535.785705564494 -535.568297963648  278   800.884892
1.47244320 1.78280543 103.00000000 -535.680354373763 -535.514734540270  279 23922.799066
1.14389702 1.68888476 110.99925152 -535.761556329456 -535.562844423702  280  6101.029447
0.84978038 1.68888476  71.46514272 -535.739280501891 -535.536209851738  281 10990.008580
0.95155555 1.68888476  96.16238646 -535.787797785106 -535.578822688126  282   341.695536
1.15500283 1.68888476  74.22565509 -535.735818718749 -535.541385689868  283 11749.782173
0.93436831 1.84860888 103.00000000 -535.780341821129 -535.621854802862  284  1978.090511
0.96446195 1.87528577 117.01102064 -535.769965273765 -535.626180478443  285  4255.479460
0.78741541 1.67045084 103.00000000 -535.748739262031 -535.531667010967  286  8914.050647
1.19750964 1.88197009 103.00000000 -535.740768920627 -535.595654592496  287 10663.338420
1.00243155 1.68888476  72.06204804 -535.754083945272 -535.554597804311  288  7741.028241
0.96446195 1.84015446  71.33601122 -535.759952563911 -535.602756752706  289  6453.015305
0.96446195 1.92521704 116.05392596 -535.765592137618 -535.635710077988  290  5215.271922
0.96446195 1.64823108  85.79394038 -535.776591911054 -535.557859636903  291  2801.100658
1.00834763 1.68888476 136.79048148 -535.757361150930 -535.584271461288  292  7021.764724
1.28613439 1.68888476 116.43268674 -535.724423134445 -535.536180297824  293 14250.823883
0.75445496 1.67440659 103.00000000 -535.725166040976 -535.508691587462  294 14087.774743
0.79490875 1.74295811 103.00000000 -535.751356402105 -535.557514685391  295  8339.654783
1.01217177 1.90202547 103.00000000 -535.772545888805 -535.630949296571  296  3689.099915
0.75139675 1.68888476 130.10548524 -535.703989279119 -535.512556626277  297 18735.536831
0.96446195 1.64889995 133.96319689 -535.765728679739 -535.575384026377  298  5185.304390
0.96446195 1.81553778  76.27630762 -535.767937251019 -535.601735842177  299  4700.579013
0.90327245 1.68888476  93.21789481 -535.783573702192 -535.573572531044  300  1268.774593
0.96446195 1.44907326 125.70467247 -535.746357505843 -535.509819893084  301  9436.785718
0.76609923 1.68888476 123.05152432 -535.723821111540 -535.524666892117  302 14382.952641
0.96446195 1.68357694 122.40671950 -535.779031789362 -535.582945359192  303  2265.609255
0.96446195 1.94113494 109.56556498 -535.768546114565 -535.639986339573  304  4566.948908
0.99914076 1.68888476 111.03817666 -535.785248582858 -535.582079697171  305   901.180770
0.96446195 1.96693406 102.20408247 -535.769013892694 -535.645380919320  306  4464.283474
0.96446195 1.75097014 126.69696377 -535.770721707253 -535.598971471844  307  4089.461496
1.01386484 1.68888476 109.90953991 -535.784294204866 -535.580863442010  308  1110.642531
0.96446195 1.88330147  85.71283933 -535.774381467493 -535.626036416399  309  3286.236952
0.81092505 1.68888476 122.49495375 -535.751376861059 -535.552737670680  310  8335.164562
0.98072226 1.68888476 123.00426323 -535.777526139180 -535.584109118932  311  2596.061280
1.07126041 1.68888476  79.04691744 -535.759225911863 -535.557939734561  312  6612.496998
1.35328503 1.73866495 103.00000000 -535.711864933196 -535.530374950310  313 17007.030523
0.99163793 1.92382115 103.00000000 -535.772069389796 -535.636629229652  314  3793.679362
0.96446195 2.01734575 110.41286163 -535.759832900605 -535.652261888129  315  6479.278365
0.86319475 2.03517698 103.00000000 -535.750920122492 -535.645252491973  316  8435.407092
0.96446195 1.58434724 111.17372504 -535.783569234005 -535.551792651237  317  1269.755247
0.96979198 1.81382988 103.00000000 -535.783298417802 -535.614454506610  318  1329.192534
1.22036426 1.68888476 106.94861218 -535.745307683556 -535.547210546396  319  9667.195081
1.10210148 1.68888476 103.83071870 -535.772025242290 -535.568438209596  320  3803.368619
0.96446195 1.71806182 125.82622998 -535.773854381243 -535.591565875186  321  3401.919015
1.31634851 1.72706363 103.00000000 -535.721511628853 -535.535558060199  322 14889.825511
0.96446195 1.66914696  81.23833916 -535.771664496099 -535.560418950347  323  3882.543258
0.84501160 1.68888476 116.18265613 -535.770067837530 -535.566618125097  324  4232.969316
0.96446195 1.53191823  70.71690410 -535.717995625852 -535.485793388861  325 15661.498988
1.01776010 1.98446143 103.00000000 -535.763492287763 -535.645138040693  326  5676.135703
1.00005861 1.59769114 103.00000000 -535.782917994153 -535.551985025957  327  1412.685876
0.96446195 1.68512231 111.00336134 -535.787390669606 -535.582177753723  328   431.047062
1.12294726 1.83220819 103.00000000 -535.761373186084 -535.600481938311  329  6141.224772
1.06897018 1.73809517 103.00000000 -535.777064330766 -535.586692566775  330  2697.416513
0.99308416 1.68888476  82.04180776 -535.772959918636 -535.567743766326  331  3598.230869
1.11363191 1.68888476  83.18692407 -535.757626941280 -535.555894193313  332  6963.430484
1.28804454 1.68888476  94.87090038 -535.727234104794 -535.529686697643  333 13633.887191
0.96446195 1.87550132  84.44021172 -535.774044951054 -535.623584142725  334  3360.093775
0.82791445 2.09976873 103.00000000 -535.732363131824 -535.642304443717  335 12508.195853
1.19656585 1.68888476 117.45753528 -535.745560509630 -535.554113415304  336  9611.706171
0.96446195 1.80772559  95.45947712 -535.783780733757 -535.611858601328  337  1223.336416
0.96446195 1.83579881  88.82188598 -535.779398653478 -535.616398826925  338  2185.091887
0.88301665 1.73513150 103.00000000 -535.782797113646 -535.587804975836  339  1439.216081
1.11018672 1.78251754 103.00000000 -535.767404702071 -535.591331332344  340  4817.459999
1.41160176 1.69184291 103.00000000 -535.697582120198 -535.509110035836  341 20141.745699
0.84541152 1.67663767 103.00000000 -535.774900507977 -535.560915382431  342  3172.320731
0.96446195 1.77656005  99.54433475 -535.786220207956 -535.604928502416  343   687.933705
1.42105697 1.68888476  97.58045143 -535.694248362968 -535.505462055602  344 20873.420851
1.11616959 1.68888476  95.45653855 -535.767617223948 -535.563155929365  345  4770.816838
1.26560411 1.68888476 105.84260583 -535.734392219835 -535.537759379707  346 12062.862502
0.74068272 1.59962306 103.00000000 -535.709942201440 -535.471067111108  347 17429.021375
1.07119347 1.68888476 103.84416908 -535.777627220800 -535.573110612679  348  2573.876428
0.90832772 1.74827032 103.00000000 -535.785706766516 -535.595300965882  349   800.621078
0.96446195 1.57553055 145.13078965 -535.747991040644 -535.557246478473  350  9078.266263
0.96446195 1.66779931  80.09511065 -535.769653909229 -535.558558315900  351  4323.816078
0.97655834 1.70238104 103.00000000 -535.788544842821 -535.585268052335  352   177.735316
1.08467740 1.68888476 134.40876646 -535.749826397512 -535.576033480164  353  8675.451983
0.71200863 1.59726291 103.00000000 -535.679203557803 -535.438933237586  354 24175.373979
0.96446195 1.98523692  94.98372717 -535.768102458958 -535.648391145951  355  4664.320061
0.96446195 1.90380906 120.82655036 -535.763359315280 -535.630512736710  356  5705.319790
1.30085042 1.68888476 107.34764212 -535.725202566007 -535.531015973069  357 14079.758425
0.96446195 1.53907888 138.97079834 -535.753562362582 -535.544108774096  358  7855.502412
0.88346431 1.68888476 104.93891285 -535.783947496327 -535.575107154857  359  1186.736262
0.96446195 1.76228692 107.78603218 -535.785669094730 -535.602298644658  360   808.889080
0.96446195 1.84409723 110.10989770 -535.778085428655 -535.621074643127  361  2473.311427
0.96446195 1.97570767  82.67777388 -535.765262980688 -535.643331457652  362  5287.513519
0.89698607 1.68888476  63.23285936 -535.726212305341 -535.530428149626  363 13858.146253
1.10642725 1.68888476  93.96683367 -535.768787166013 -535.564066519789  364  4514.044230
1.39285832 1.77296741 103.00000000 -535.700520824758 -535.529376309182  365 19496.774587
0.91719236 1.68888476  99.06721293 -535.787611887391 -535.578105570201  366   382.495369
1.06508114 1.78967098 103.00000000 -535.775044515486 -535.600269116812  367  3140.714736
0.96446195 1.53667837 125.85125086 -535.768533452844 -535.540468882650  368  4569.727835
0.92498533 1.68888476  83.22461620 -535.775212685700 -535.567805771304  369  3103.805639
0.96446195 1.95937939  88.87678292 -535.769603199997 -535.642736260033  370  4334.945469
1.49634362 1.59740909 103.00000000 -535.678711365783 -535.495479322387  371 24283.397644
0.99184828 1.68888476  77.13997334 -535.765037394578 -535.562091511811  372  5337.023948
0.96446195 1.77721965 114.45121314 -535.780926668045 -535.605824038400  373  1849.731447
0.84195862 1.68888476 125.96052309 -535.759971260425 -535.565892754674  374  6448.911894
0.96446195 1.52314447  96.22526525 -535.768211858687 -535.521821497967  375  4640.309595
1.05635938 1.68888476 121.26166144 -535.770790961695 -535.577930097589  376  4074.261903
1.10876062 1.68888476  67.62726827 -535.731191314857 -535.540256645118  377 12765.379955
0.86880709 1.68888476 105.34634849 -535.781006310774 -535.571997442336  378  1832.251888
0.90104912 1.87850592 103.00000000 -535.774805006303 -535.625173547634  379  3193.280926
0.96446195 1.99580254  93.49791184 -535.766969557019 -535.649982817534  380  4912.963301
0.96446195 1.57887797  90.91720304 -535.774312687312 -535.537539054042  381  3301.332457
1.10962220 1.68888476  93.26865167 -535.767762646734 -535.563198052603  382  4738.900225
1.46885765 1.66815306 103.00000000 -535.682438001202 -535.491223471794  383 23465.495694
1.05355857 1.68888476 129.65675612 -535.761646538262 -535.579221647327  384  6081.230902
1.37703132 1.56942207 103.00000000 -535.698426943383 -535.500279601972  385 19956.328438
1.13279242 1.68888476 118.32595662 -535.759183093388 -535.566037363877  386  6621.894568
1.03620008 1.68888476  91.40826281 -535.778747636565 -535.572173249659  387  2327.973587
0.95025529 1.68888476 136.63541985 -535.760913916510 -535.585246260812  388  6242.022794
1.25857837 1.68888476 105.59793732 -535.736185460266 -535.539123971349  389 11669.291712
1.07581452 1.68888476 115.16657255 -535.772598604673 -535.574632863460  390  3677.530120
0.90653562 1.68888476  85.23399102 -535.776306352088 -535.567835723404  391  2863.773607
0.82424072 1.83341889 103.00000000 -535.759141537082 -535.594819691942  392  6631.015123
0.69264051 1.93752806 103.00000000 -535.636498039625 -535.503699285506  393 33548.152011
1.05468918 1.68888476  84.56391326 -535.769465325287 -535.565146384015  394  4365.205470
0.77910691 2.01406734 103.00000000 -535.715682272079 -535.604449347076  395 16169.221464
0.91527669 2.05700789 103.00000000 -535.757435718000 -535.657304029298  396  7005.399144
1.02632760 1.92991572 103.00000000 -535.768232687564 -535.634833761306  397  4635.738185
0.95033699 1.84365509 103.00000000 -535.781130646030 -535.621291311473  398  1804.963453
1.06759687 1.68888476 106.89301545 -535.777789646963 -535.574351403581  399  2538.228006
0.96446195 1.84583643 102.35746992 -535.780943250896 -535.621783883372  400  1846.091932
0.96446195 1.71922132 115.51099791 -535.783692082544 -535.591707964307  401  1242.793108
0.96446195 2.01738289 111.03005457 -535.759442724507 -535.652135479221  402  6564.912122
0.94652754 1.99957264 103.00000000 -535.765301497852 -535.650609581529  403  5279.059979
0.96446195 1.86747381  74.55024988 -535.764198102556 -535.613729934547  404  5521.227259
1.09417273 1.63504518 103.00000000 -535.772153424832 -535.553851230779  405  3775.235803
0.96446195 2.09006776  96.77572905 -535.757151716402 -535.663822571151  406  7067.730291
0.84061709 1.68888476 130.08145898 -535.754518882034 -535.565512877800  407  7645.570654
0.96446195 2.09515493 108.69267776 -535.752660768376 -535.663305139406  408  8053.379471
0.96446195 2.05371038  95.96348081 -535.760992247236 -535.658951713530  409  6224.831186
0.99668657 2.13979133 103.00000000 -535.749194921655 -535.667977938458  410  8814.044917
1.33814712 1.68888476  84.69093646 -535.706875565576 -535.515808823632  411 18102.070163
0.96446195 1.58571683  95.95690419 -535.780263330883 -535.544340392799  412  1995.317129
0.89451941 1.99861005 103.00000000 -535.761239637645 -535.646096575419  413  6170.535267
0.95323347 1.68888476 126.32874397 -535.774816122287 -535.584433727272  414  3190.841250
1.01858333 1.68888476 111.70280573 -535.782971630125 -535.580756569716  415  1400.914140
0.96446195 1.50537085 147.47114792 -535.736761900379 -535.534039441942  416 11542.777728
1.05213398 1.69766461 103.00000000 -535.780665974210 -535.577882060737  417  1906.947132
0.96446195 1.55581521 118.05341857 -535.777262654745 -535.544721739370  418  2653.889430
0.96446195 1.45046350 113.82803515 -535.751887661622 -535.507118770429  419  8223.056794
0.96446195 1.62171354  69.84907089 -535.739991135983 -535.524095499577  420 10834.042422
0.83971918 1.68888476 107.93176679 -535.772415039359 -535.563836769294  421  3717.818050
0.96446195 1.82814406  91.90658753 -535.781357391414 -535.615777488891  422  1755.198593
1.08631244 1.75749660 103.00000000 -535.773244820954 -535.589112046795  423  3535.702037
0.95859978 1.68888476 115.00281405 -535.785239325731 -535.583703296870  424   903.212474
0.96446195 1.68915089  97.67638750 -535.788208045675 -535.579706558820  425   251.653747
1.18270466 1.79555388 103.00000000 -535.751031628556 -535.580379080412  426  8410.934339
0.99285205 1.68888476 107.88389634 -535.786935810905 -535.581885436258  427   530.877009
0.81320022 1.70317408 103.00000000 -535.762215655463 -535.555881086413  428  5956.324112
1.42626419 1.68888476 112.53908442 -535.691387420721 -535.508548191850  429 21501.325108
0.96446195 1.57501813 111.62327636 -535.782446445252 -535.548925287980  430  1516.178899
0.93302760 1.68888476 104.19069785 -535.789022282695 -535.581032509843  431    72.949374
0.90941147 1.68888476  97.08813893 -535.786280096027 -535.576409846599  432   674.789793
1.37081013 1.71557573 103.00000000 -535.707948586020 -535.521686365719  433 17866.569392
0.96446195 1.49998838  71.97331450 -535.709505686232 -535.473666582179  434 17524.825391
0.89673879 1.82481889 103.00000000 -535.779138033608 -535.612822605267  435  2242.291338
0.79543332 1.51129336 103.00000000 -535.735453069418 -535.479114291055  436 11830.032926
1.27557638 1.66692373 103.00000000 -535.731830232564 -535.529613495457  437 12625.153724
0.89838963 1.68888476  99.77478286 -535.785872562881 -535.576064092917  438   764.232982
0.96446195 1.73504416 112.30114430 -535.785024162351 -535.595617851366  439   950.435378
0.96446195 1.70337148  91.83038838 -535.785285275600 -535.581110971945  440   893.127643
0.98607389 1.68888476 112.10828674 -535.785739647624 -535.582892608572  441   793.404509
1.13321381 1.68888476  93.93896335 -535.763358014651 -535.559520658757  442  5705.605245
1.02310789 1.68888476  84.27072776 -535.773223076293 -535.568035449688  443  3540.474438
0.96446195 1.78279902  88.85462036 -535.782053119748 -535.602698675986  444  1602.503871
1.24115296 1.75079548 103.00000000 -535.739491869118 -535.557355645014  445 10943.618835
0.96446195 1.48139639 133.06523435 -535.749873301394 -535.522807553602  446  8665.157771
0.84387899 1.68888476  88.58263154 -535.767049088347 -535.556512399776  447  4895.508192
1.24688122 1.63501494 103.00000000 -535.737648256059 -535.527354237492  448 11348.245139
1.19086353 1.47054190 103.00000000 -535.716852034466 -535.501977594727  449 15912.488290
1.01998570 1.80494165 103.00000000 -535.780196882855 -535.609341557437  450  2009.900786
0.96446195 1.70909926  66.48721528 -535.743857190492 -535.552627500325  451  9985.541518
0.91178467 1.66444954 103.00000000 -535.787574332427 -535.571449330326  452   390.737731
0.96446195 1.72955201  89.30447940 -535.783486853410 -535.587608006085  453  1287.835698
0.92975068 1.68888476 109.69926678 -535.787676488545 -535.581972203471  454   368.317054
0.96446195 1.79214483  88.95135022 -535.781751385741 -535.605281823412  455  1668.726832
0.78901865 1.68888476  91.93915235 -535.745234169490 -535.533240477594  456  9683.329554
1.25695861 1.68888476 107.12999681 -535.736274132456 -535.539850505504  457 11649.830415
0.96446195 1.72246138  83.05842220 -535.776983137892 -535.580495649509  458  2715.236290
1.05025317 1.68888476 129.71048633 -535.762079196125 -535.579603051411  459  5986.273475
0.96446195 1.70284956 112.46093851 -535.786262415645 -535.587219806798  460   678.670188
0.85428147 1.69313713 103.00000000 -535.777445755512 -535.568727654470  461  2613.703456
1.05183713 1.68888476 128.55996498 -535.763319130413 -535.579280755943  462  5714.139349
1.36959764 1.68888476 117.16370761 -535.702847143253 -535.520145531923  463 18986.206683
1.11224197 1.68760962 103.00000000 -535.770064202410 -535.566182753502  464  4233.767132
1.25323038 1.76308860 103.00000000 -535.735980191960 -535.557671076462  465 11714.342899
0.96446195 1.74948984 141.56549860 -535.748815258921 -535.598646173564  466  8897.371257
1.10623984 1.74425893 103.00000000 -535.770100121310 -535.582453157924  467  4225.883845
0.81212687 1.72333609 103.00000000 -535.761122590095 -535.561203429313  468  6196.224235
1.12812877 1.79232834 103.00000000 -535.763188170882 -535.590431520511  469  5742.881645
0.97262954 1.68888476  82.51555301 -535.774721063918 -535.568755798835  470  3211.704151
1.11443449 1.68888476 142.55700511 -535.731213857950 -535.573766134847  471 12760.432318
0.96446195 1.93539607 106.37188797 -535.770816281406 -535.639453926194  472  4068.704869
0.78082601 1.68888476  85.21091603 -535.733110698557 -535.522444912032  473 12344.123917
0.96446195 1.54260551 141.85860794 -535.750000313412 -535.545910485114  474  8637.281855
1.11604825 1.63555700 103.00000000 -535.767898106458 -535.550647054047  475  4709.170251
1.05583113 1.68888476 135.40226341 -535.753232578312 -535.579828214318  476  7927.881694
0.96446195 1.89970342 120.45549549 -535.764166726511 -535.629872161171  477  5528.113505
0.96446195 1.87190234 120.08629351 -535.767396970136 -535.624773456045  478  4819.156963
0.95716289 1.68888476 122.10863115 -535.779344600100 -535.584242009888  479  2196.955233
0.74665586 1.68888476  84.43759384 -535.705794159332 -535.494953409596  480 18339.411404
0.96446195 1.67211211 120.49752607 -535.781112230370 -535.579767128587  481  1809.005224
0.84037473 1.81962997 103.00000000 -535.766430783941 -535.597875128154  482  5031.210326
0.97929929 2.10052189 103.00000000 -535.754150878403 -535.664368437108  483  7726.338117
0.91454990 1.61428226 103.00000000 -535.785544792840 -535.555563930086  484   836.170192
0.96446195 1.85754342  64.41546288 -535.746854847759 -535.597510790423  485  9327.631782
1.15747150 1.63982932 103.00000000 -535.759261376275 -535.544892566039  486  6604.713459
1.24502184 1.68888476 114.65704994 -535.735858527925 -535.543996291234  487 11741.045068
0.96446195 1.81901346 119.74512210 -535.772865864901 -535.614324903959  488  3618.873278
0.83557492 1.43670057 103.00000000 -535.726541879786 -535.466934177551  489 13785.813022
0.96446195 1.77397734 115.62879986 -535.780278732255 -535.604993492776  490  1991.936919
0.96446195 1.90526423  88.55669889 -535.774219056030 -535.632020011769  491  3321.882149
0.85297880 1.68888476 122.30948364 -535.767202150420 -535.569433641284  492  4861.914949
1.10668410 1.68888476  89.56651020 -535.765670307006 -535.561586226068  493  5198.115724
0.86270200 1.68888476 129.57280828 -535.761463358786 -535.572438458888  494  6121.434151
1.27074519 1.66248212 103.00000000 -535.732920185283 -535.529485184997  495 12385.936748
0.80541931 1.68888476 135.39429890 -535.732769788708 -535.550182215375  496 12418.944982
0.96446195 1.63361534 129.76092581 -535.771299863093 -535.570631152504  497  3962.570954
0.91901005 1.72716987 103.00000000 -535.787514132687 -535.590658065797  498   403.950047
1.06976553 1.68888476  96.10224447 -535.776462447330 -535.570577362793  499  2829.514661
0.96446195 1.55266882 129.84877701 -535.766564500796 -535.546583084294  500  5001.862868
0.79209693 1.69829825 103.00000000 -535.751325541812 -535.543074166260  501  8346.427835
0.87327577 1.50607963 103.00000000 -535.762142315019 -535.508915420627  502  5972.420479
0.96446195 1.71945240  84.99531466 -535.779247227671 -535.581262279914  503  2218.326011
0.93338078 1.68888476  87.01441628 -535.780397062202 -535.572036018424  504  1965.966497
0.79534612 1.68888476 101.09205818 -535.753139288331 -535.541549017631  505  7948.356479
1.22584748 1.68888476 126.67200186 -535.729451459785 -535.550323256275  506 13147.234012
0.86391990 1.68888476  90.43649549 -535.774472012774 -535.563976560268  507  3266.364560
0.93187938 1.59750199 103.00000000 -535.785076766695 -535.551489154368  508   938.890059
0.96446195 1.81686916 108.26920419 -535.781462871296 -535.615267048723  509  1732.048434
0.80272138 1.70355790 103.00000000 -535.757057003905 -535.550661450166  510  7088.517282
0.98889606 1.68888476 134.35930318 -535.762705180310 -535.584868725239  511  5848.885824
1.23489172 1.68888476 111.83335440 -535.739957803158 -535.545415763021  512 10841.358131
0.96446195 1.80131760 107.81677413 -535.782927065176 -535.611718841091  513  1410.695016
1.24254906 1.68888476  96.71156401 -535.739328960909 -535.539595239362  514 10979.373055
1.40370846 1.67293627 103.00000000 -535.699102459125 -535.507210026659  515 19808.069867
1.35337202 1.68888476  85.61275374 -535.703922286615 -535.513443046416  516 18750.239986
0.96446195 1.75948066  79.78242676 -535.773170236946 -535.588948507973  517  3552.071335
0.83250669 1.68888476 130.12982349 -535.751635632566 -535.562458008549  518  8278.370780
0.78679170 1.98862165 103.00000000 -535.723536099092 -535.605438891420  519 14445.505644
0.89886995 1.70770821 103.00000000 -535.786063743484 -535.582752423928  520   722.273688
1.00599790 2.08943051 103.00000000 -535.753553083738 -535.661312516990  521  7857.538883
0.88575849 1.68888476 108.47945186 -535.783623376271 -535.576285257426  522  1257.872393
0.96446195 1.68853397 107.72342388 -535.788522734372 -535.582570129426  523   182.587560
0.96446195 1.47931079 124.75004602 -535.757097928970 -535.520533279759  524  7079.535268
1.23246644 1.73416338 103.00000000 -535.742211280280 -535.555147544882  525 10346.777061
0.80654463 1.68888476  98.45750980 -535.758437763725 -535.546672403900  526  6785.475524
1.22501083 1.68888476 106.70943180 -535.744236149478 -535.546216946363  527  9902.369632
1.12579858 1.68888476 130.17016458 -535.747755711450 -535.569072682687  528  9129.915052
0.85786925 1.68888476 134.30377596 -535.753854736329 -535.571299745224  529  7791.333790
0.96446195 1.69626897 131.38464221 -535.767867763463 -535.586695421908  530  4715.829769
0.96446195 1.98760759 105.35375874 -535.765677315073 -535.648501844824  531  5196.577631
0.80697444 1.68888476  76.56761850 -535.733734175654 -535.527054132562  532 12207.286508
1.17799649 1.67324051 103.00000000 -535.755700278055 -535.550335136538  533  7386.284193
0.92312862 1.85822534 103.00000000 -535.778867078213 -535.623227953883  534  2301.759175
0.90363489 1.68888476  92.80149991 -535.783332183884 -535.573367497096  535  1321.781736
0.96446195 1.65106835 121.66470948 -535.780207942999 -535.574201351658  536  2007.473365
0.96446195 1.79484242 127.75127205 -535.765878778236 -535.607994888929  537  5152.361577
1.11389060 1.79715601 103.00000000 -535.765748838939 -535.594163806639  538  5180.879957
0.96446195 1.70405028 129.14285103 -535.770476432770 -535.588377727358  539  4143.293024
1.11224783 1.68888476  68.84117008 -535.733292582495 -535.541343243757  540 12304.205006
0.79781698 1.68888476  77.40910626 -535.730597903535 -535.523365770891  541 12895.618688
0.96446195 1.82730699 139.09418871 -535.746056188004 -535.612085073130  542  9502.917341
0.96446195 1.72577300 127.33629359 -535.771586605676 -535.593347285966  543  3899.638230
0.96446195 1.56423497  87.99378034 -535.767666895394 -535.528896670305  544  4759.915215
0.96446195 1.87248988 123.42594668 -535.763755259694 -535.623978833480  545  5618.420034
1.16315867 1.68888476 106.31042196 -535.758861852513 -535.558269555107  546  6692.398791
1.02774095 1.68888476 126.28405735 -535.769453966573 -535.581503249261  547  4367.698420
0.96446195 1.92605300  76.34206801 -535.763584811245 -535.629202421758  548  5655.829146
0.96446195 1.79339116  68.77387499 -535.754813830369 -535.585433077270  549  7580.836976
1.06630963 1.99329679 103.00000000 -535.756160815685 -535.640471207518  550  7285.207864
1.35031298 1.66463315 103.00000000 -535.712655492814 -535.514987572631  551 16833.522740
0.93113910 1.65264600 103.00000000 -535.788532720009 -535.569495411719  552   180.395966
1.18161620 1.66135740 103.00000000 -535.754598283896 -535.546422071931  553  7628.143959
0.84367807 1.68888476  69.37104248 -535.731848470048 -535.530084642305  554 12621.151059
0.82089829 1.90845701 103.00000000 -535.750309999087 -535.609210488131  555  8569.313704
0.89361370 1.68888476  92.94090422 -535.782135476289 -535.571951759514  556  1584.428699
1.14318105 1.68888476  66.60256021 -535.723214721364 -535.535498452445  557 14516.039903
1.18328573 1.72295801 103.00000000 -535.754230236381 -535.562485297695  558  7708.921053
0.96446195 1.80212410 123.59488253 -535.770293872635 -535.610152695131  559  4183.360343
0.79046451 1.68888476  98.63544003 -535.749753176604 -535.537723626402  560  8691.522115
1.08799723 1.68888476 104.73086106 -535.774598157929 -535.570888809335  561  3238.678898
0.96446195 1.69102895 100.37362833 -535.788907449724 -535.581329305855  562    98.152298
0.96446195 1.59005736  85.96649422 -535.769449502708 -535.536463534190  563  4368.678125
0.96446195 1.96618249  96.91808329 -535.770007113968 -535.645284400823  564  4246.296597
0.96446195 1.81431134 121.51362239 -535.771487217637 -535.613030109384  565  3921.451384
0.98167118 1.85682255 103.00000000 -535.779162334108 -535.623719661850  566  2236.957995
1.23991653 1.45152596 103.00000000 -535.700438726605 -535.497221352680  567 19514.793049
1.12574705 1.95719618 103.00000000 -535.749153478169 -535.624265294034  568  8823.140711
0.96446195 1.84566596 113.72842244 -535.775562831595 -535.620908167289  569  3026.957497
1.19690306 1.68888476 109.44859103 -535.750155110651 -535.552461791730  570  8603.307787
1.09493162 1.69838729 103.00000000 -535.773379903207 -535.572007246697  571  3506.054909
1.14671276 1.68888476  73.50384249 -535.736200098137 -535.541922873756  572 11666.079071
1.16583222 1.68888476 103.90268790 -535.758583607225 -535.557145070379  573  6753.466575
1.13185607 1.68888476  81.29015801 -535.751538624466 -535.551420493522  574  8299.661597
1.41953836 1.68888476  95.20426187 -535.693732035021 -535.505075800003  575 20986.741739
0.96446195 1.72011441 137.56951398 -535.757461384590 -535.592473076029  576  6999.765978
0.96446195 1.81197073 130.46026201 -535.760702860458 -535.610856039474  577  6288.344244
0.77704976 1.72389248 103.00000000 -535.741142527028 -535.540861981422  578 10581.341292
0.84390889 1.80701218 103.00000000 -535.768642805921 -535.596095899786  579  4545.727608
0.96446195 1.72323207  74.54744024 -535.763502180183 -535.570909805825  580  5673.964568
1.03500792 1.68888476 113.67371010 -535.779857429400 -535.579472692779  581  2084.402209
0.96446195 1.88474423 111.03672672 -535.773549321592 -535.629227410365  582  3468.871870
0.85455870 1.68888476 102.35065939 -535.777533620300 -535.567338018010  583  2594.419364
0.96446195 1.59484513  82.67351842 -535.764754310513 -535.534214866176  584  5399.153720
1.28264774 1.53756959 103.00000000 -535.713494529313 -535.504180398933  585 16649.375510
0.94538759 1.68888476  69.20168653 -535.748402635544 -535.549090212445  586  8987.931622
1.31840478 1.52328336 103.00000000 -535.703895506272 -535.501973086691  587 18756.117592
1.05213757 1.68888476 135.14712109 -535.754184270928 -535.580196228812  588  7719.009304
1.22042088 1.65013977 103.00000000 -535.744960808865 -535.536078580233  589  9743.325278
0.96446195 1.83741225 111.80173763 -535.777674303720 -535.619455682394  590  2563.542922
1.31438715 1.53085109 103.00000000 -535.705974123078 -535.502382045958  591 18299.913926
1.03703048 1.68888476  75.51378509 -535.757866671988 -535.557363568630  592  6910.815674
0.83693024 1.68888476 111.82067653 -535.769997048359 -535.563386058863  593  4248.505743
0.96446195 1.70909283 114.73353984 -535.784656971056 -535.589057107706  594  1031.024554
1.19496072 1.68888476  86.23874728 -535.743616833943 -535.543877024889  595 10038.293684
0.77920873 1.71407888 103.00000000 -535.742932834528 -535.539516045034  596 10188.414206
0.96446195 2.05018291  90.61304356 -535.761196891879 -535.657954345141  597  6179.916878
0.96446195 1.83161783 119.69149402 -535.771747118073 -535.616923989776  598  3864.409831
1.37802705 1.72104615 103.00000000 -535.706040857792 -535.521401873033  599 18285.267349
1.00967418 1.68888476  98.47416439 -535.785472617293 -535.578095786818  600   852.010894
0.96446195 1.53386676 114.12744839 -535.775645304975 -535.536197398193  601  3008.856682
0.96446195 1.58372458 127.23482553 -535.772322942995 -535.555731184803  602  3738.030866
0.94423529 1.68888476  90.23392549 -535.783868691994 -535.575100505721  603  1204.031814
0.84199212 1.68888476  82.96088741 -535.759439765462 -535.550463538825  604  6565.561558
1.23718921 1.68888476 100.93853401 -535.741617365343 -535.542135950220  605 10477.126326
0.83637350 1.89492156 103.00000000 -535.757877272647 -535.612775097705  606  6908.489099
0.67427139 1.76969838 103.00000000 -535.624921760086 -535.438498524763  607 36088.851742
1.01288721 1.68888476  63.17342845 -535.730401639572 -535.539014738900  608 12938.693650
0.92639136 1.68888476  86.63080387 -535.779624024250 -535.571201620163  609  2135.628719
0.96446195 1.55131726  94.32493951 -535.772888331012 -535.530524709673  610  3613.942537
0.96446195 1.69905492 137.23284891 -535.759227784143 -535.587896561494  611  6612.086080
1.08758838 1.62015116 103.00000000 -535.772428053514 -535.550340746445  612  3714.961773
0.96446195 1.53508306 132.09761088 -535.761717092267 -535.541321269006  613  6065.746087
0.96446195 1.82905814  87.00174516 -535.778655725328 -535.613826625064  614  2348.145772
0.96552386 1.81418031 103.00000000 -535.783400493238 -535.614607084622  615  1306.789565
0.99522109 1.68888476 109.12791848 -535.786352860230 -535.581991302349  616   658.819896
0.96446195 1.55310318 121.76841684 -535.774346558441 -535.544841315589  617  3293.898604
0.90220003 1.68888476 116.19419714 -535.781949823479 -535.579885403679  618  1625.174782
0.93482421 1.76334593 103.00000000 -535.786714053555 -535.601506415940  619   579.547123
0.96446195 1.76841453 135.77370444 -535.756676578370 -535.602023442797  620  7172.011037
0.96446195 1.66900781  72.88098631 -535.755297900657 -535.548677723557  621  7474.595826
0.96446195 1.52604205 101.42446825 -535.772844587166 -535.527019565387  622  3623.543202
0.96446195 1.98282577 102.37500449 -535.767273160941 -535.648026791398  623  4846.329941
0.82876066 1.68888476 121.20557067 -535.760251885712 -535.560777371287  624  6387.321762
0.96446195 1.73573538 134.02343903 -535.761819918068 -535.595539734731  625  6043.178432
0.96446195 1.78743251 107.84439569 -535.783962765867 -535.608445957697  626  1183.384985
0.74436980 1.64460524 103.00000000 -535.715947524877 -535.490094020378  627 16111.005203
1.23775051 1.54325402 103.00000000 -535.724189428627 -535.509105532552  628 14302.116382
0.96446195 1.84116974  84.69665540 -535.776292219597 -535.615523541416  629  2866.875331
1.06672193 1.68888476  94.04994259 -535.775954542897 -535.570010400054  630  2940.986801
1.04565522 2.08179924 103.00000000 -535.749924378692 -535.656052138780  631  8653.947600
0.85974026 1.45776269 103.00000000 -535.742892874885 -535.485209425349  632 10197.184334
0.96446195 1.84128745 114.54467133 -535.775363676933 -535.619866999433  633  3070.666893
1.29322280 1.68888476 111.20261015 -535.725743052446 -535.533521908279  634 13961.135361
1.30661389 1.74167126 103.00000000 -535.723539375936 -535.541037091278  635 14444.786460
0.97961951 1.84065488 103.00000000 -535.780691503625 -535.620276488900  636  1901.344073
1.19061695 1.68888476 105.57035833 -535.752681983040 -535.552785660210  637  8048.723391
1.10718892 1.68888476  84.44207053 -535.760392000884 -535.557901287705  638  6356.570036
1.43532186 1.68888476 117.33276531 -535.686207081545 -535.508310606026  639 22638.278160
1.10318967 1.62440555 103.00000000 -535.769771487078 -535.549356201138  640  4298.010723
0.96446195 1.82329105  91.68290257 -535.781575527755 -535.614507874547  641  1707.323199
1.22463627 1.68888476  96.14989531 -535.743497928313 -535.542997701013  642 10064.390454
0.96446195 2.09422637 104.45382146 -535.754714207560 -535.663842227579  643  7602.701655
0.96446195 1.67137754 102.46500521 -535.789032513633 -535.576122406426  644    70.703942
0.96446195 1.73342804 125.32672201 -535.773544858823 -535.595120784208  645  3469.851335
0.96446195 1.89212759 108.92697224 -535.774042944342 -535.630993258989  646  3360.534197
0.93579461 1.73800135 103.00000000 -535.787979629893 -535.594824276955  647   301.785217
0.96446195 2.08558695 119.18539789 -535.746335557706 -535.659602435412  648  9441.602777
0.96446195 1.65593531 124.66669764 -535.777185426939 -535.575915578226  649  2670.838975
0.87526068 1.91759560 103.00000000 -535.766509677088 -535.628430468464  650  5013.895281
0.99059429 1.68888476  84.31198879 -535.776215996584 -535.570086077650  651  2883.604349
1.12311785 1.69916042 103.00000000 -535.767828841976 -535.567520483224  652  4724.372048
1.03263439 2.06411220 103.00000000 -535.753420791029 -535.655346109795  653  7886.573777
1.00577772 1.68888476  73.96764099 -535.757907846860 -535.557271166400  654  6901.778834
0.96446195 1.80978098  83.17398869 -535.776350135046 -535.606378485128  655  2854.164359
1.35069859 1.71241979 103.00000000 -535.713084010772 -535.525073691794  656 16739.473917
1.11364398 1.91281494 103.00000000 -535.755996664447 -535.618597738488  657  7321.234898
1.05990995 2.01875962 103.00000000 -535.754468586877 -535.645336058817  658  7656.609165
1.01480848 1.68888476 139.70066466 -535.752118224173 -535.584372732461  659  8172.454163
0.87006977 1.68888476  69.44453355 -535.739540443188 -535.538193175463  660 10932.958058
1.07400071 1.91590042 103.00000000 -535.762867403738 -535.625917111668  661  5813.281897
0.97836319 1.68888476  81.73234928 -535.773350975367 -535.567850012792  662  3512.403836
0.96446195 1.81460882 123.80771861 -535.768929147136 -535.612657483424  663  4482.882975
0.85859636 1.73950169 103.00000000 -535.777261724350 -535.583257981011  664  2654.093629
0.89315411 1.96466320 103.00000000 -535.764724211391 -535.640282629051  665  5405.759714
0.96446195 1.82128550 120.52165581 -535.771878741091 -535.614649590852  666  3835.521917
0.96446195 2.08097710  98.67262656 -535.757789204212 -535.662625588555  667  6927.817886
1.15804522 1.68888476 130.59806278 -535.740261363461 -535.563690216749  668 10774.734344
1.09971838 1.68888476 106.84932749 -535.772044890598 -535.569566154199  669  3799.056314
1.14974437 1.68888476 138.73586339 -535.730069501726 -535.567071201250  670 13011.589483
0.96446195 1.84510569 151.35703887 -535.722222395426 -535.614699810915  671 14733.830277
1.04603956 1.57862612 103.00000000 -535.775140505089 -535.542419197816  672  3119.647452
0.81395861 1.49251145 103.00000000 -535.739464850276 -535.481468010484  673 10949.548785
1.12818834 1.68888476 110.34425205 -535.765189314923 -535.565515006160  674  5303.681286
1.14694018 1.68888476 117.63321704 -535.756711133547 -535.563432469070  675  7164.427052
1.03493339 2.17699541 103.00000000 -535.741879050229 -535.668213214367  676 10419.693131
1.09803529 1.68888476  79.86590793 -535.755967506499 -535.555254430741  677  7327.634328
1.28922210 1.68888476 116.25162577 -535.723778847096 -535.535523959565  678 14392.228614
1.41370752 1.68888476 101.91999210 -535.696956623617 -535.507912037275  679 20279.026333
0.83550419 1.68888476 105.78786158 -535.771392648724 -535.561858649465  680  3942.206862
1.22073069 1.68888476 113.85529393 -535.742288361976 -535.548672381155  681 10329.859584
1.11838612 1.68888476 129.11756733 -535.750649825542 -535.570087422928  682  8494.730417
0.96446195 1.75523046 130.96658906 -535.764796599427 -535.599629762032  683  5389.872376
0.96446195 1.68132645 102.83178342 -535.789138488208 -535.579240569347  684    47.445211
0.96124704 1.86812440 103.00000000 -535.778846854913 -535.626619020799  685  2306.197676
0.75190899 1.68888476 117.24245552 -535.717631282667 -535.512943603109  686 15741.463076
0.96446195 1.44375189  89.43526196 -535.728303589865 -535.483072283983  687 13399.162345
0.81590014 1.68888476 130.35773173 -535.744616697997 -535.555263560340  688  9818.848885
0.96446195 2.00628585  91.72719817 -535.765735630472 -535.651435299174  689  5183.778880
0.96446195 1.67632682 112.69912131 -535.786672634155 -535.579973020957  690   588.637630
0.96446195 1.59322078  85.51935980 -535.769284807940 -535.537149696613  691  4404.824449
1.09295988 1.56823384 103.00000000 -535.765672770189 -535.534031234492  692  5197.575118
0.96446195 1.67760620 116.44500618 -535.784321347592 -535.580815905209  693  1104.685391
0.96446195 1.73930311  78.94845470 -535.771668927822 -535.581726116210  694  3881.570607
1.15900629 1.68888476 112.03482246 -535.757726592766 -535.560263359226  695  6941.559510
0.95457881 1.94537734 103.00000000 -535.771155038844 -535.641611311841  696  3994.356204
0.96446195 1.74102432 120.40597994 -535.778347624527 -535.597042128610  697  2415.766083
1.25635136 1.62580069 103.00000000 -535.734630431003 -535.523499565317  698 12010.581193
0.86539253 1.80459724 103.00000000 -535.774892379883 -535.601815829006  699  3174.104642
0.96446195 1.83785828 111.19790339 -535.778015505278 -535.619624449299  700  2488.657834
0.91380283 1.50440340 103.00000000 -535.767194978801 -535.516111778295  701  4863.488938
0.90579268 1.68888476 133.36186542 -535.763646144889 -535.581279201834  702  5642.367967
1.38118121 1.68888476  96.96547117 -535.704335310236 -535.512325042125  703 18659.591777
0.81195539 2.14649562 103.00000000 -535.720423675173 -535.640633595898  704 15128.603749
1.24198709 1.61086543 103.00000000 -535.736969348993 -535.522569154822  705 11497.248019
0.91169783 1.43261052 103.00000000 -535.739622523857 -535.487269826839  706 10914.943434
1.13695796 1.68888476 117.70661611 -535.758803902023 -535.565216240392  707  6705.117454
0.96446195 1.64362173  83.87836578 -535.773445263867 -535.554172611164  708  3491.709902
1.07526710 1.68888476 138.74848410 -535.744851824167 -535.578163177229  709  9767.244655
0.86050315 2.05519506 103.00000000 -535.748037872515 -535.647382403103  710  9067.987855
1.13470737 1.68888476  95.57027194 -535.763853195821 -535.560002053542  711  5596.925539
1.32209806 1.66793391 103.00000000 -535.720027082502 -535.520881726116  712 15215.645780
0.89687567 1.69043297 103.00000000 -535.786054503764 -535.577378049908  713   724.301573
0.95480681 1.68888476 135.64658416 -535.762350345121 -535.585257167684  714  5926.763148
1.12412423 1.68888476 100.30862615 -535.767467294220 -535.563679320757  715  4803.722610
0.96446195 1.73675022  66.89777077 -535.747545775722 -535.563481524333  716  9175.990619
1.21675198 1.66688342 103.00000000 -535.746396620948 -535.541144929633  717  9428.200944
0.96446195 1.79506507 111.67594669 -535.781412423468 -535.610119964119  718  1743.120453
1.00109608 1.82515415 103.00000000 -535.780514338560 -535.615610855580  719  1940.227311
0.81812247 1.68888476  78.27755864 -535.742360486985 -535.534973756576  720 10314.029974
0.88953358 2.15159459 103.00000000 -535.744305160990 -535.665488362094  721  9887.223356
1.16215569 1.88220093 103.00000000 -535.748775398056 -535.603205383813  722  8906.119706
0.96446195 1.62043024 120.40257055 -535.780786714591 -535.565287146108  723  1880.447681
0.92039554 1.41930894 103.00000000 -535.733087444622 -535.483209001086  724 12349.227566
0.96446195 1.68574450 104.37583481 -535.789112706212 -535.580993238868  725    53.103705
0.96446195 1.74517606  80.48690029 -535.773997935795 -535.585220129700  726  3370.412432
0.96446195 1.56063088  76.89319356 -535.744817357406 -535.511280916591  727  9774.809234
0.96446195 1.80020396 117.30565867 -535.776797887371 -535.610708554324  728  2755.894080
0.75010381 1.68888476 104.92037381 -535.721333829566 -535.509895500054  729 14928.847945
0.96446195 1.69267806  84.97073003 -535.778405710577 -535.572478321553  730  2403.017669
0.90211790 2.00816303 103.00000000 -535.761257904322 -535.648677037340  731  6166.526194
0.96446195 1.69830932  71.53325870 -535.755316050924 -535.557503164454  732  7470.612302
0.93683790 1.56983116 103.00000000 -535.781875388273 -535.542297096051  733  1641.511421
0.99415086 1.68888476  72.41396062 -535.755388030489 -535.555374210635  734  7454.814614
0.96446195 1.70734730 127.61326337 -535.772249952927 -535.589088585564  735  3754.050334
0.77703118 1.68888476 112.50762159 -535.739703178495 -535.532250169733  736 10897.241786
0.96446195 1.55195111 106.13111877 -535.779623744515 -535.538896219415  737  2135.690114
1.09048478 1.68888476  75.55240003 -535.750205138449 -535.551773227024  738  8592.327954
0.90651856 1.52554842 103.00000000 -535.771897705672 -535.523049897179  739  3831.359672
0.95131379 1.59610653 103.00000000 -535.785222074804 -535.552013246793  740   906.998615
0.96446195 1.76600175  90.75933577 -535.783857344353 -535.599055854864  741  1206.522333
0.97354681 1.68888476 112.74850528 -535.786112645958 -535.583355292920  742   711.540836
1.02175520 1.75372302 103.00000000 -535.783101131377 -535.596469235779  743  1372.491900
0.96446195 1.76883576 103.94411146 -535.786366625855 -535.603640616801  744   655.798690
0.96446195 2.11595493 120.47650894 -535.742421340958 -535.663101584810  745 10300.674071
0.85743270 1.68888476 131.33312244 -535.757839708824 -535.571021439059  746  6916.733405
0.83299217 1.71436778 103.00000000 -535.770149755645 -535.567712356794  747  4214.990367
0.86772205 1.64716156 103.00000000 -535.780355819427 -535.558099564121  748  1975.018240
0.96446195 1.61633018  86.74757175 -535.774476116074 -535.547225488832  749  3265.463989
0.96446195 1.68904528 127.07581840 -535.773696394078 -535.584655008810  750  3436.593190
0.86830020 2.09453381 103.00000000 -535.745813374556 -535.654542667430  751  9556.208734
1.01052957 1.66573117 103.00000000 -535.785835152269 -535.572727629069  752   772.443662
1.01990968 2.14573882 103.00000000 -535.746573337434 -535.666629886049  753  9389.416158
1.12566964 1.71289761 103.00000000 -535.767124650663 -535.570800315813  754  4878.924180
0.97320610 1.68888476 112.79606184 -535.786102238959 -535.583367929151  755   713.824908
1.02107641 1.74299859 103.00000000 -535.783655651250 -535.593719003836  756  1250.788853
1.05304622 1.68888476 116.18097936 -535.775607654289 -535.577756228869  757  3017.120052
0.96446195 1.78649420 145.52548966 -535.738707429404 -535.605469206976  758 11115.783455
1.04893605 1.63337531 103.00000000 -535.779750153199 -535.559257885618  759  2107.946614
0.90871276 1.90457543 103.00000000 -535.773092921354 -535.631371565272  760  3569.040146
1.31464132 1.68888476 107.31079312 -535.721719222219 -535.528241140941  761 14844.264033
0.96446195 1.83575875 102.50964026 -535.781776291259 -535.619545369766  762  1663.260702
1.00132935 1.68888476 129.32976651 -535.768584252952 -535.583749743352  763  4558.578500
0.96446195 2.17509581 112.55880240 -535.742780959299 -535.671656233319  764 10221.746966
0.79559854 1.68888476  93.69872460 -535.750317590667 -535.538276242146  765  8567.647545
1.07554794 1.68888476 108.08382501 -535.776124784040 -535.573493290694  766  2903.623189
0.70584622 1.68888476 128.41054029 -535.658269016288 -535.463612644431  767 28769.974846
0.87100867 1.68888476  88.50016494 -535.774272904294 -535.564257615445  768  3310.063821
0.78727020 1.68888476  75.27930204 -535.720045228577 -535.513830243751  769 15211.663177
0.96446195 1.87261458 106.59302215 -535.777127157115 -535.627358701139  770  2683.627723
0.73643653 1.68888476 146.72181837 -535.665870374825 -535.499565556368  771 27101.669452
0.96446195 1.66415801 112.92023195 -535.786610433613 -535.576566543356  772   602.289072
0.96446195 1.75796138 111.56029010 -535.784136783218 -535.601323593142  773  1145.192590
1.15455349 1.71376369 103.00000000 -535.760928985451 -535.565707299686  774  6238.715544
1.00418267 1.83641904 103.00000000 -535.779322698539 -535.617922547669  775  2201.762070
1.38793888 1.68888476 114.40689195 -535.700056506728 -535.515973704703  776 19598.680617
0.96446195 1.67403057  65.09147020 -535.735203054221 -535.536130880821  777 11884.904921
0.92269316 1.76622176 103.00000000 -535.785943756879 -535.601449122393  778   748.607705
0.96446195 1.77536309  87.20709558 -535.781060416152 -535.599667779981  779  1820.377130
0.73793827 1.49454263 103.00000000 -535.688334092089 -535.426920699839  780 22171.453296
0.96446195 1.79741259  80.22969215 -535.773470797602 -535.600548265123  781  3486.105894
1.19633766 1.42391849 103.00000000 -535.697661134519 -535.492370953111  782 20124.404059
0.89255383 1.53838775 103.00000000 -535.772997813749 -535.525511509625  783  3589.913853
1.28505796 1.61789328 103.00000000 -535.726581314657 -535.516993533999  784 13777.158068
0.96446195 1.67555604 100.87645427 -535.788890134436 -535.576829989856  785   101.952565
1.21080238 1.72321595 103.00000000 -535.747743877715 -535.556940074746  786  9132.512257
0.96446195 1.74773622 102.89769501 -535.787621638663 -535.598008330406  787   380.355212
0.96446195 1.66598753 108.91407896 -535.788256437226 -535.576308280175  788   241.033029
0.96562428 1.68888476 100.23154051 -535.788845642980 -535.580629275069  789   111.717311
1.03451058 1.60380827 103.00000000 -535.779607850606 -535.551500065519  790  2139.178424
0.96446195 1.75072609  71.27584008 -535.758403094099 -535.575490391764  791  6793.084627
0.96446195 1.60949223 104.37079153 -535.786418924323 -535.557322099636  792   644.320503
0.91294101 1.68888476 107.13455655 -535.787370468532 -535.580031417391  793   435.480685
1.00658767 1.68888476 107.25417412 -535.785898547057 -535.580915612180  794   758.530114
0.70178476 1.71829738 103.00000000 -535.668449021650 -535.465273564348  795 26535.721881
1.06028045 1.68888476  63.59813489 -535.727687779366 -535.538332977680  796 13534.317129
0.90231259 1.68888476 116.28198619 -535.781899714410 -535.579907755116  797  1636.172451
1.44401301 1.66951658 103.00000000 -535.688175986269 -535.500488660971  798 22206.153513
0.96446195 1.73027836 101.86300788 -535.788360615143 -535.593063487316  799   218.168618
1.22823220 1.71959675 103.00000000 -535.743619598924 -535.552402087693  800 10037.686841
1.15003807 1.68888476 107.87371174 -535.761392312032 -535.561081602649  801  6137.027111
0.96446195 2.07070578 107.32090292 -535.755890047482 -535.660394075347  802  7344.634617
0.96446195 1.71161709 127.48668089 -535.772190559549 -535.590086510291  803  3767.085674
0.72655220 1.63443274 103.00000000 -535.698037835613 -535.468751182052  804 20041.727724
0.81776617 1.61776891 103.00000000 -535.762650313902 -535.530790516191  805  5860.927609
0.90722119 1.63045819 103.00000000 -535.785938106407 -535.560042039578  806   749.847840
0.91366944 1.68888476 113.82589684 -535.784641354530 -535.581096213895  807  1034.451985
0.91183356 1.68888476 145.80465100 -535.744838717722 -535.583778571533  808  9770.121187
1.04011270 2.16986785 103.00000000 -535.741907196069 -535.666858224162  809 10413.515833
0.84360429 1.84223019 103.00000000 -535.765523978742 -535.604159741136  810  5230.231066
1.26734004 1.73711352 103.00000000 -535.733524643801 -535.548421689238  811 12253.273436
0.96446195 1.72041225 145.10809102 -535.744989799319 -535.593633131928  812  9736.962608
1.06721379 1.78863953 103.00000000 -535.774765823263 -535.599714660589  813  3201.880610
0.96446195 1.49947930 135.59642501 -535.751264638644 -535.529750391230  814  8359.794535
1.10158033 1.68888476  77.84529523 -535.752186444307 -535.552760317149  815  8157.481574
0.96446195 1.82522280 102.91448726 -535.782567460040 -535.617172002663  816  1489.619222
1.18375683 1.68888476 126.09160145 -535.740091778326 -535.558149988021  817 10811.953980
1.03990987 1.43524433 103.00000000 -535.732228393408 -535.498306929470  818 12537.767518
1.02733648 1.68888476 110.80980409 -535.782348031746 -535.579821936488  819  1537.778167
0.70092094 1.68888476  84.68974795 -535.655903515420 -535.444509643484  820 29289.142286
1.10014403 1.72050699 103.00000000 -535.772037268912 -535.577213844755  821  3800.729081
0.84027246 1.68888476  70.50855718 -535.733716306206 -535.531120253346  822 12211.208399
0.96446195 1.91698100 105.97098020 -535.772921548561 -535.636114053675  823  3606.652127
0.74135461 1.68888476  98.21770649 -535.712562238871 -535.499686814898  824 16853.989615
1.13290516 1.68888476 135.61566350 -535.738539438956 -535.569032662964  825 11152.653097
0.73980667 1.72311102 103.00000000 -535.711073623672 -535.509999338939  826 17180.702893
1.26741875 1.62220165 103.00000000 -535.731525786639 -535.520791666718  827 12691.971882
0.96446195 1.71630219 101.55817289 -535.788742659314 -535.589068549372  828   134.319613
0.95385636 1.96473422 103.00000000 -535.769104645487 -535.644987824953  829  4444.365538
1.19156114 1.68888476 122.73202864 -535.741959459335 -535.556046819562  830 10402.045372
1.16469385 1.68888476 100.91527286 -535.758774786404 -535.556480193319  831  6711.507594
1.18539558 1.68888476  79.93056191 -535.738227397654 -535.541246139090  832 11221.138248
0.96446195 1.63412477 132.27832920 -535.768079760698 -535.571198118482  833  4669.301753
1.03025065 1.68888476  98.22308813 -535.783056555884 -535.576196331292  834  1382.275090
0.71479938 1.71699067 103.00000000 -535.684727195834 -535.481300875891  835 22963.075537
0.84522257 1.68888476 110.23285986 -535.773439791121 -535.566108172620  836  3492.911031
0.95452387 1.69343257 103.00000000 -535.789306842871 -535.582824409816  837    10.495633
0.76532257 1.88109503 103.00000000 -535.720442792491 -535.570704487321  838 15124.407982
0.96446195 1.93559245  76.04671309 -535.762699611673 -535.631011512105  839  5850.107999
0.96446195 1.97967777 111.71677087 -535.763044023629 -535.646082403857  840  5774.518311
1.01146715 1.68888476 127.36922501 -535.770041056228 -535.582921290456  841  4238.847132
0.96446195 1.57328287  88.70687661 -535.770475057256 -535.533158491430  842  4143.594915
1.16062320 1.68888476 121.27069458 -535.750491291999 -535.561543721207  843  8529.524508
1.07444425 2.07900986 103.00000000 -535.745913403767 -535.651506828875  844  9534.254859
1.11721086 1.68888476  72.66925506 -535.740214936187 -535.545123870767  845 10784.923953
0.96446195 1.52489862 126.62148993 -535.765891561656 -535.536720860848  846  5149.555940
0.96446195 1.54881686 138.48408104 -535.755353038265 -535.547217036997  847  7462.494519
1.02364694 1.68888476 104.90470070 -535.784466987940 -535.578979286276  848  1072.721029
1.11474522 1.68888476 118.82151225 -535.762485793801 -535.569160135749  849  5897.035599
0.96446195 1.64769859  95.34952103 -535.785791040941 -535.565266926857  850   782.124980
0.96446195 1.68621320  87.17937193 -535.780693242018 -535.572253895123  851  1900.962540
1.11607813 1.68888476  84.46851401 -535.758709514843 -535.556532209283  852  6725.833046
0.96446195 1.92701589  98.76516201 -535.773824408283 -535.638275150270  853  3408.497319
1.01931029 1.64377182 103.00000000 -535.784198486268 -535.565350776830  854  1131.650336
1.08701666 1.68888476  79.68704934 -535.757628903141 -535.556589536082  855  6962.999905
1.29316457 1.54657934 103.00000000 -535.712628682345 -535.503972508103  856 16839.406957
1.12277160 1.68888476  69.36257864 -535.732617536738 -535.540747609167  857 12452.360427
1.20481966 1.68888476  81.39738934 -535.735764800159 -535.538837998137  858 11761.615936
0.96446195 1.68977182  77.09021777 -535.766099619372 -535.562627898260  859  5103.892549
1.06716198 1.68888476  70.04377873 -535.742762472734 -535.547443697828  860 10225.804299
1.30179044 1.68888476  93.41824875 -535.723032664339 -535.526370652723  861 14555.996803
0.96446195 1.69870891 123.35124925 -535.777541700547 -535.586831873810  862  2592.645955
0.96446195 1.92128539 105.43523801 -535.772697236018 -535.636974056117  863  3655.883041
1.10903518 1.68888476  78.50616090 -535.751881864622 -535.552368182126  864  8224.329089
0.96446195 1.70395953 114.23758439 -535.785166578199 -535.587673491924  865   919.178712
0.96446195 1.75198162 119.27171861 -535.778715720251 -535.599657991285  866  2334.978408
0.96446195 1.74796859  84.78920756 -535.779236753408 -535.589957809162  867  2220.624846
0.96446195 1.73310053 104.64173031 -535.788019164783 -535.594381279366  868   293.108312
0.96446195 1.84605993 118.22457437 -535.771770750204 -535.620147008876  869  3859.223177
0.96446195 1.57460901 109.14901392 -535.782889864124 -535.547866718286  870  1418.859704
0.97491916 1.68888476 125.73712345 -535.774852467748 -535.584436779668  871  3182.864343
1.02247540 1.68888476  60.39605778 -535.721213331699 -535.533503305375  872 14955.294170
0.96446195 1.84520140  80.13156785 -535.771840745273 -535.613283163469  873  3843.861035
0.84422668 1.68888476 103.03048642 -535.774492523869 -535.564263898385  874  3261.862895
1.01095992 1.68888476 102.35861448 -535.785972689627 -535.579355386833  875   742.257700
0.75201562 1.68888476  96.89108523 -535.721577228230 -535.508796673851  876 14875.428112
0.97048750 1.52092027 103.00000000 -535.772167378504 -535.526402022330  877  3772.173326
1.11054181 1.77841878 103.00000000 -535.767577468832 -535.590275672820  878  4779.542078
1.10552863 1.68888476 105.95848279 -535.771106438023 -535.568421342243  879  4005.022851
0.96446195 1.78108988  84.51644613 -535.778510954751 -535.599447980808  880  2379.919242
1.08779699 1.66573730 103.00000000 -535.774491856336 -535.563820018537  881  3262.009401
0.74522380 1.86472214 103.00000000 -535.705285802926 -535.550319771652  882 18450.982741
0.96446195 1.67121298  72.30697843 -535.754221452458 -535.548577357259  883  7710.848902
0.96446195 1.69280758  92.47519653 -535.785576988081 -535.578176544010  884   829.104153
0.96446195 2.00183476  86.31689860 -535.764758729784 -535.649395983719  885  5398.183802
0.83895340 1.95842614 103.00000000 -535.752001677838 -535.625589863179  886  8198.033127
1.21755861 1.68888476 108.93698567 -535.745402882595 -535.548245280374  887  9646.301307
0.96446195 1.84783178 109.59199921 -535.778027411796 -535.621920759757  888  2486.044656
0.96446195 1.72556489  96.42881084 -535.787576181220 -535.590055462238  889   390.331968
0.96446195 1.98347357 125.16144919 -535.750409394665 -535.642665799997  890  8547.498896
0.96446195 1.94357385 125.02157590 -535.754617576155 -535.636121054985  891  7623.909798
0.96446195 2.11191466  85.87599909 -535.754243924122 -535.665327637612  892  7705.916941
0.96446195 1.96713668 119.74374894 -535.757796586735 -535.641844467736  893  6926.197610
0.96346635 1.81973754 103.00000000 -535.783014179794 -535.615922912233  894  1391.575567
1.00419311 1.61198491 103.00000000 -535.783839525195 -535.556397245451  895  1210.433186
0.84781629 1.68888476 119.80050747 -535.768051850798 -535.567722954852  896  4675.427268
1.34286253 1.54806251 103.00000000 -535.702811121307 -535.501649655903  897 18994.112587
1.06589150 1.68888476 108.62612485 -535.777584385404 -535.574941805098  898  2583.277711
1.31811315 1.68888476  82.83447736 -535.709938200332 -535.518652963039  899 17429.899516
0.75161873 1.68888476  78.41514863 -535.700348620687 -535.492112179456  900 19534.569012
1.44504725 1.59735260 103.00000000 -535.687501512655 -535.497020613886  901 22354.183364
0.96446195 1.94599513  98.37118294 -535.771951213782 -535.641768760098  902  3819.615999
1.16604673 1.89424411 103.00000000 -535.746800206142 -535.604749535945  903  9339.624231
1.00031668 1.57526281 103.00000000 -535.780232571611 -535.544582146822  904  2002.068009
0.96446195 1.58380540  81.35878952 -535.760185696033 -535.528026405568  905  6401.848718
1.11663509 1.68888476 111.36274258 -535.767102771054 -535.567685443040  906  4883.726199
0.88783056 1.68888476 137.18209236 -535.755777927403 -535.578687624625  907  7369.242131
1.13572503 1.82588562 103.00000000 -535.759235186012 -535.596675485257  908  6610.461558
1.09916429 1.64748449 103.00000000 -535.771798671599 -535.556774267750  909  3853.095139
1.05180238 1.84903065 103.00000000 -535.772569745552 -535.615647750298  910  3683.863965
0.99450899 1.68888476  89.48484247 -535.781548138844 -535.574151173256  911  1713.334370
0.99496317 1.80913944 103.00000000 -535.782248927292 -535.612308288540  912  1559.529081
0.81526699 1.95762233 103.00000000 -535.742444731225 -535.615728240615  913 10295.540500
1.15103825 1.68888476  99.64280012 -535.761622234667 -535.558620124191  914  6086.564925
0.96491781 1.67135836 103.00000000 -535.789052144039 -535.576294264795  915    66.395566
0.81472831 1.68888476  64.72058033 -535.706376390849 -535.507766929051  916 18211.626354
0.77345432 1.68888476  98.17058879 -535.738660906671 -535.526300215711  917 11125.994015
0.96446195 1.82747295  59.35729151 -535.733812454795 -535.579465894088  918 12190.106223
0.85382286 1.68888476  97.51211800 -535.776255304660 -535.565283788180  919  2874.977223
0.96446195 1.83331308  78.54385066 -535.770481372786 -535.608824631685  920  4142.208816
1.33766955 1.68888476  85.85878176 -535.708165160619 -535.516366884572  921 17819.036761
0.96446195 1.59692753  97.64042743 -535.782851221651 -535.549458162833  922  1427.340746
0.96446195 2.06069161  90.29763153 -535.760106411591 -535.659402099362  923  6419.249642
0.96446195 1.73730892 132.75171581 -535.763566509696 -535.595855405969  924  5659.845871
1.10595161 2.00929630 103.00000000 -535.747616588203 -535.636356794182  925  9160.449076
0.83971957 1.44071601 103.00000000 -535.729805867144 -535.470478194118  926 13069.450586
0.96446195 1.55746830 144.52159840 -535.747645008645 -535.551393406062  927  9154.211510
1.01982148 1.68888476  82.38509535 -535.771083690369 -535.566513348664  928  4010.015384
0.96446195 1.73524695 116.75474981 -535.781928182976 -535.595732951736  929  1629.924323
0.96446195 1.61518859  98.95108370 -535.785400782472 -535.556506370893  930   867.776815
0.96446195 1.89606064  90.04393448 -535.775577267816 -535.630594505986  931  3023.789112
0.92051207 2.09011000 103.00000000 -535.754388354381 -535.662134163911  932  7674.218163
1.06346344 1.68888476 113.69646990 -535.775613437731 -535.576110728293  933  3015.850733
1.24093147 1.59834037 103.00000000 -535.735880156803 -535.520017146027  934 11736.298078
1.17836859 1.65470074 103.00000000 -535.755140771675 -535.545216434734  935  7509.081652
0.96446195 1.72543836 143.73525028 -535.746977225181 -535.594358538073  936  9300.773042
1.17752246 1.68888476 127.10124587 -535.740327987817 -535.559496504995  937 10760.111988
0.96446195 1.55369855 110.30947501 -535.779876399419 -535.541386996097  938  2080.238771
0.96446195 1.81031798  67.77054772 -535.753150988822 -535.589074643153  939  7945.788518
0.89672909 1.68888476 128.99193216 -535.768439019538 -535.579681624442  940  4590.453550
0.80470600 1.68888476 117.99662644 -535.752356637152 -535.549433520878  941  8120.128561
1.03256918 1.68888476 128.78589657 -535.765769422131 -535.581319816412  942  5176.362468
1.10674335 1.68888476  94.17421697 -535.768839244181 -535.564116425530  943  4502.614393
0.75579918 1.68888476 110.99830178 -535.724581553454 -535.515841352822  944 14216.054929
1.00259815 1.58640914 103.00000000 -535.781442150329 -535.548159966623  945  1736.596161
0.93123743 1.68888476 147.91789762 -535.742393555243 -535.586263149374  946 10306.772330
1.15687354 1.65110123 103.00000000 -535.759898092989 -535.548148937745  947  6464.970291
0.96446195 1.54601075 109.65656342 -535.778707909629 -535.538526297537  948  2336.692642
0.88372967 1.68888476  89.46816640 -535.777729279261 -535.567778988313  949  2551.477185
1.14948000 1.68888476  95.55977800 -535.760678733374 -535.557332363169  950  6293.639527
1.03092308 1.68888476  83.51303603 -535.771341666243 -535.566667091926  951  3953.396223
1.04405702 1.68888476  84.23096048 -535.770565024824 -535.566030511013  952  4123.849315
0.96446195 1.60068162 101.25890536 -535.784949806483 -535.552896522969  953   966.754606
1.14616230 1.94481632 103.00000000 -535.746185634227 -535.618110612908  954  9474.507178
1.05561204 1.63505537 103.00000000 -535.778822970054 -535.559003264258  955  2311.439797
0.96446195 1.83435555 139.41654992 -535.744850945556 -535.613181394420  956  9767.437487
1.37121143 1.62685684 103.00000000 -535.703989328004 -535.506080497375  957 18735.526101
0.88672000 2.03611008 103.00000000 -535.755884044650 -535.650494108969  958  7345.952086
0.94537973 1.52806813 103.00000000 -535.774373204957 -535.527982202346  959  3288.050369
1.40324561 1.68888476  93.44558567 -535.697085594509 -535.507326724793  960 20250.720493
0.96446195 1.80118802  71.24624301 -535.759788878803 -535.591420681385  961  6488.940034
1.13298904 1.68888476  78.76485596 -535.747670779381 -535.549012580648  962  9148.555487
1.44097423 1.68888476  98.66816082 -535.689371828612 -535.502456470846  963 21943.696451
0.81854562 1.50379613 103.00000000 -535.744732651025 -535.488391106295  964  9793.400136
0.96446195 1.72953081  76.66885764 -535.767667969400 -535.575839493855  965  4759.679498
0.96446195 1.61596209  68.53193840 -535.734917941100 -535.518943406632  966 11947.480019
0.96446195 1.77709363  82.88183515 -535.776898869736 -535.597032701767  967  2733.731013
0.96446195 2.09455168  95.38566351 -535.756834664273 -535.664370589678  968  7137.315191
0.81767784 1.68888476 122.72586315 -535.754218533344 -535.555980883481  969  7711.489573
1.14513811 1.68888476  94.20487628 -535.760963660498 -535.557517176524  970  6231.105250
1.50086580 1.68888476 109.40853141 -535.673567438586 -535.495617489860  971 25412.359190
0.70623880 1.68888476 100.52473145 -535.674727185403 -535.461560870174  972 25157.824180
1.10445515 1.61488748 103.00000000 -535.768816799227 -535.546346458298  973  4507.540491
1.00752498 1.98974436 103.00000000 -535.763922340027 -535.646920323992  974  5581.750139
0.96446195 1.41217047 107.01358521 -535.730985872952 -535.489029529733  975 12810.469242
0.96446195 1.69127444 126.05276373 -535.774823347884 -535.585136619567  976  3189.255414
0.96724651 1.68888476 134.00430232 -535.764430235910 -535.585217745458  977  5470.279876
0.96446195 1.76242078  97.73107945 -535.786726349708 -535.600774879755  978   576.848429
0.89748897 1.67509919 103.00000000 -535.786142720046 -535.572836225737  979   704.940336
0.83013656 1.98318537 103.00000000 -535.745984200022 -535.626471797334  980  9518.716877
1.05641791 1.84601870 103.00000000 -535.772140879205 -535.614374204168  981  3777.989250
0.96446195 1.86730460 111.02650261 -535.775303941414 -535.625759308791  982  3083.777325
1.06614104 1.68410083 103.00000000 -535.778486781973 -535.572202675531  983  2385.224553
0.96446195 2.07031619 104.87918212 -535.757034342672 -535.660707947983  984  7093.490847
1.17708510 1.68888476 110.49106383 -535.754357621554 -535.556538492463  985  7680.963239
0.81658427 2.10204449 103.00000000 -535.727206774065 -535.637677384553  986 13639.885592
1.01523126 1.68888476 127.72846470 -535.769194967310 -535.582682094697  987  4424.542189
0.79966262 1.68888476 109.84975341 -535.754506552871 -535.546028458969  988  7648.276592
0.80919746 1.68888476  66.05285777 -535.707949764643 -535.508195703693  989 17866.310714
0.83303809 1.62733090 103.00000000 -535.769340075043 -535.540544400440  990  4392.694722
1.06357118 1.52023609 103.00000000 -535.761364454784 -535.522771578347  991  6143.141070
0.86450002 1.68888476  62.99807939 -535.718561174051 -535.522226657138  992 15537.375503
0.96446195 1.61563960  97.69815535 -535.784816405003 -535.555920185475  993   996.032847
1.39880032 1.68888476  97.42119670 -535.699951700715 -535.509277752630  994 19621.682879
0.96446195 1.41235601 110.88688062 -535.732519908228 -535.491371922428  995 12473.787409
0.96446195 1.84829987 107.55111907 -535.779012668177 -535.622203947126  996  2269.805871
1.11608482 1.72649779 103.00000000 -535.768760847439 -535.576114883367  997  4519.820489
1.39759717 1.72520680 103.00000000 -535.701027665886 -535.518341703722  998 19385.535815
1.03871293 1.68888476 125.90183531 -535.768450878852 -535.580403780335  999  4587.850732
0.96446195 1.65478491 101.20597588 -535.788472003389 -535.570514988302 1000   193.721724
1.02376223 1.68888476 125.24376942 -535.771146317471 -535.581754765310 1001  3996.270324
0.96446195 1.54846536 116.18165024 -535.777234685670 -535.541753743116 1002  2660.027933
0.79333815 1.83631621 103.00000000 -535.743587282251 -535.579927803805 1003 10044.779531
0.96446195 1.83381532  92.31216464 -535.781134247020 -535.617287222486 1004  1804.173128
0.96446195 1.53426239  87.29927649 -535.759433305529 -535.516347898185 1005  6566.979349
1.29206393 1.68888476 105.50642116 -535.727802098591 -535.532297777722 1006 13509.226959
1.05626567 1.68888476  81.32877607 -535.764948838316 -535.562001543811 1007  5356.459802
0.97672991 1.68888476 107.58637610 -535.788059004151 -535.582454554139 1008   284.364581
0.96446195 1.53040089  84.20115751 -535.752706982623 -535.510527559983 1009  8043.236616
1.02424265 1.63888768 103.00000000 -535.783391580699 -535.563425090885 1010  1308.745641
1.05897994 1.68888476 124.36787444 -535.767170596863 -535.577949290680 1011  4868.840155
0.96446195 1.92003037 121.77807743 -535.760671403684 -535.633130364937 1012  6295.248208
1.01822347 1.68888476 120.93547700 -535.776289571350 -535.581827755409 1013  2867.456554
1.37823159 1.68888476 117.81977811 -535.700178383995 -535.518711398069 1014 19571.931648
0.96446195 1.62091769  97.22890190 -535.785017676540 -535.557424708123 1015   951.858849
1.10592183 1.68888476  71.97310747 -535.740835280485 -535.545758135222 1016 10648.774115
1.26817000 1.71216113 103.00000000 -535.733904071040 -535.542176445816 1017 12169.998781
0.95759554 1.68888476 128.92749274 -535.771584537588 -535.584690556154 1018  3900.092123
1.25123901 1.68888476 106.94979881 -535.737737552369 -535.540966692714 1019 11328.646864
1.06094041 1.68888476  93.48836062 -535.776557372634 -535.570477879539 1020  2808.680965
0.90957544 1.68888476  88.65207494 -535.780467634665 -535.571207766868 1021  1950.477631
0.95885000 1.68888476  78.62352204 -535.768860353563 -535.564213336526 1022  4497.981419
1.04315346 1.79547360 103.00000000 -535.777952248339 -535.604564797971 1023  2502.541128
0.96876228 1.68888476  96.81198424 -535.787746167476 -535.579206908974 1024   353.024296
1.00320415 1.82984866 103.00000000 -535.779952443389 -535.616522550584 1025  2063.549049
0.96446195 2.04135274 119.83218928 -535.750082275607 -535.653313123341 1026  8619.293232
1.08258346 2.10212189 103.00000000 -535.742207741521 -535.653078078227 1027 10347.553729
0.83639917 1.68888476 134.42204880 -535.747197059266 -535.564132047359 1028  9252.525036
0.96446195 1.56786999 137.58819901 -535.758347831080 -535.553100629865 1029  6805.213458
0.96446195 1.83990303  61.37996990 -535.739557007367 -535.587124948051 1030 10929.322641
0.99456759 1.68888476 132.72623872 -535.764595809440 -535.584447339763 1031  5433.940685
1.26516957 1.68888476  88.37600556 -535.728688360204 -535.531415403619 1032 13314.715015
0.89755001 1.66208421 103.00000000 -535.785984687935 -535.568815775040 1033   739.624376
0.96446195 2.07807803 106.09378300 -535.755699082002 -535.661556802304 1034  7386.546696
0.84266100 1.68888476 131.99142145 -535.752661476976 -535.566304790324 1035  8053.223952
1.25331325 1.56936281 103.00000000 -535.727894918166 -535.513521547523 1036 13488.855417
0.98695933 1.68888476 115.01461932 -535.783965275898 -535.583210583689 1037  1182.834097
0.96446195 1.61340374 146.29762199 -535.747297261681 -535.568647837098 1038  9230.533148
0.96446195 1.77437256 143.00569052 -535.744251552838 -535.603210994952 1039  9898.988986
1.03244247 1.69630542 103.00000000 -535.783444068215 -535.579738461010 1040  1297.225963
0.96446195 1.97237450 119.25969046 -535.757709608901 -535.642857974350 1041  6945.287038
0.83016281 1.68888476  67.40098370 -535.721343781767 -535.520807866651 1042 14926.663689
0.81794910 1.71974667 103.00000000 -535.763901897547 -535.562926795569 1043  5586.236745
1.10591104 1.68888476 111.59440499 -535.769123218052 -535.569501248457 1044  4440.289331
1.04733088 1.68888476 131.55552458 -535.760043539416 -535.580168284198 1045  6433.048489
0.96185575 1.45193017 103.00000000 -535.749465123216 -535.501241602448 1046  8754.742528
1.01708933 1.68888476  92.36711181 -535.781736184982 -535.574521824967 1047  1672.063013
0.96446195 1.69926107  93.88017300 -535.786550771181 -535.580993173124 1048   615.383462
0.87618213 1.53000888 103.00000000 -535.768550510359 -535.518896829252 1049  4565.984143
1.07996540 1.63340397 103.00000000 -535.774662978377 -535.555382239302 1050  3224.452453
1.15827149 1.49440883 103.00000000 -535.731367038896 -535.509022346045 1051 12726.812985
0.96446195 1.85167885  91.68602478 -535.779647978980 -535.621292486977 1052  2130.371264
0.96446195 1.81254528  92.58254790 -535.782596046726 -535.612163870781 1053  1483.345170
1.15163943 1.65931134 103.00000000 -535.761338159213 -535.551382153284 1054  6148.912281
1.32803900 1.68888476 120.54685583 -535.710545209321 -535.528979535897 1055 17296.676440
0.96446195 1.99515531 123.25579647 -535.751332596744 -535.645202451529 1056  8344.879456
1.17882247 1.68888476 102.88493085 -535.755654060704 -535.554363735246 1057  7396.427729
1.23770693 1.75355970 103.00000000 -535.740219412595 -535.558762782984 1058 10783.941495
1.03422582 1.68888476  81.71196837 -535.768474393135 -535.564633459947 1059  4582.689943
0.96446195 1.94531834  79.87604962 -535.765646171960 -535.635883080822 1060  5203.412754
0.99923865 1.89980568 103.00000000 -535.773918375685 -535.631544686542 1061  3387.873858
0.93045909 1.58763886 103.00000000 -535.783967340859 -535.548013992642 1062  1182.380890
0.96446195 1.74085701 103.50513303 -535.787862107151 -535.596276307703 1063   327.578478
0.98937885 1.68888476 117.45332350 -535.782025283721 -535.583351448680 1064  1608.613172
1.07298476 1.44167284 103.00000000 -535.729436749893 -535.499954306288 1065 13150.462461
1.17337594 1.62072111 103.00000000 -535.754438974288 -535.536833187977 1066  7663.108377
0.96446195 1.62847345 107.19008640 -535.787610803995 -535.564465945972 1067   382.733147
0.96446195 1.60882531  60.51910141 -535.704842298826 -535.496289247457 1068 18548.320641
1.03450953 1.56365526 103.00000000 -535.774606417378 -535.538636107373 1069  3236.866158
1.10509041 1.68104555 103.00000000 -535.771443118966 -535.565515364084 1070  3931.129924
1.48791785 1.68888476 111.27791004 -535.676312935629 -535.498005708133 1071 24809.792227
0.83975094 1.51421255 103.00000000 -535.755468640077 -535.501630120095 1072  7437.122854
0.96446195 1.61914578  75.54423324 -535.754254658498 -535.533348625487 1073  7703.561018
0.95046641 1.71563524 103.00000000 -535.788956780930 -535.589144423836 1074    87.325350
1.41392874 1.68888476  91.22738148 -535.692932833824 -535.504925536550 1075 21162.146130
0.96446195 1.46181530  90.88024026 -535.739652700199 -535.492445542043 1076 10908.320492
0.96446195 1.77607592 114.76522495 -535.780780823178 -535.605538274235 1077  1881.740696
0.96446195 2.15466562 117.67796904 -535.741206495160 -535.668357891250 1078 10567.301909
0.90459393 1.68888476  75.46597807 -535.759924760553 -535.555558268082 1079  6459.117437
0.90660057 1.68888476 100.88694331 -535.787033868957 -535.577597965461 1080   509.355754
1.02826379 1.73705279 103.00000000 -535.783032927098 -535.591433245306 1081  1387.461010
1.21375089 1.54315788 103.00000000 -535.732611883766 -535.514083658515 1082 12453.601111
0.96446195 1.79253002 106.13553325 -535.784230228792 -535.609633485966 1083  1124.683657
0.96446195 1.73985011  59.20777573 -535.725782488667 -535.549097519352 1084 13952.480111
0.96446195 1.68690912  89.93759556 -535.783436702477 -535.574616811219 1085  1298.842556
0.96446195 1.84700361 131.38417499 -535.756078548966 -535.617082731611 1086  7303.263323
1.25572477 1.68068056 103.00000000 -535.737062506254 -535.536934046318 1087 11476.802364
0.96446195 1.83942172  78.89188083 -535.770683605513 -535.610740959269 1088  4097.823862
0.96446195 1.74290667  76.78981243 -535.768345668813 -535.580390532458 1089  4610.941667
0.96446195 1.71344974  99.23533120 -535.788527659192 -535.587552730995 1090   181.506687
1.21475630 1.68888476  79.27280027 -535.730625145232 -535.535555338667 1091 12889.639827
0.77423206 1.56689190 103.00000000 -535.733272175415 -535.487077042034 1092 12308.683842
0.96446195 1.72729621 108.43133133 -535.787232889949 -535.593334872165 1093   465.675694
0.96446195 2.07426447 116.07962854 -535.749962594263 -535.658957463774 1094  8645.560251
0.96446195 1.80908427 103.89632625 -535.783627383635 -535.613473281898 1095  1256.992878
0.96098686 1.63824577 103.00000000 -535.788185575911 -535.566001493200 1096   256.585290
0.96446195 1.91527216  83.18634670 -535.770374149204 -535.631664769798 1097  4165.741673
1.15213207 1.63508145 103.00000000 -535.760195497011 -535.544493832906 1098  6399.697651
0.73930038 1.82380741 103.00000000 -535.703671047085 -535.535580181678 1099 18805.380690
0.98043882 1.68888476 117.89883301 -535.782258322904 -535.583721506466 1100  1557.466983
0.96446195 1.67925684  94.05348046 -535.786298314050 -535.574791768426 1101   670.791399
0.84533202 1.68888476  98.60753635 -535.774108622153 -535.563074722942 1102  3346.119584
1.20127670 1.55587938 103.00000000 -535.739173133491 -535.517098790356 1103 11013.573220
0.96446195 1.66147093 121.90168742 -535.779941054421 -535.577067005721 1104  2066.048638
1.09898613 1.68888476 127.66461128 -535.756300980027 -535.572873515684 1105  7254.445347
0.91722772 1.71158586 103.00000000 -535.787834731021 -535.586092155503 1106   333.586844
1.09691033 1.89672998 103.00000000 -535.760723003521 -535.618502067392 1107  6283.923353
1.00142561 1.68888476 105.79198301 -535.786683011049 -535.580942717800 1108   586.360165
0.91520379 1.41559623 103.00000000 -535.730702224844 -535.480662503289 1109 12872.722807
1.18934827 1.54590625 103.00000000 -535.740041003477 -535.516629410657 1110 10823.097771
1.15771371 1.68888476 103.31226945 -535.760433431506 -535.558516084631 1111  6347.477065
0.96446195 1.60769783  62.51892846 -535.712440465542 -535.501163198210 1112 16880.715772
0.96678581 1.68888476 116.18806107 -535.784201236328 -535.583821139153 1113  1131.046767
1.15286850 1.69090126 103.00000000 -535.761515456127 -535.559882492017 1114  6110.000106
0.96446195 1.66340420 121.32669397 -535.780465767106 -535.577520943261 1115  1950.887513
1.09337889 2.01680108 103.00000000 -535.749140828549 -535.639713331261 1116  8825.916982
0.96446195 1.82319152  58.96106478 -535.732491168859 -535.577331212704 1117 12480.094972
0.85975736 1.88432440 103.00000000 -535.766256041833 -535.618081082181 1118  5069.561786
0.96446195 1.65700905 125.78839677 -535.775950918151 -535.576341655888 1119  2941.782341
1.07290283 2.09615543 103.00000000 -535.744411608137 -535.653912329694 1120  9863.860907
0.96446195 1.84292580  76.07738558 -535.767040076279 -535.608971652672 1121  4897.486112
0.87839058 1.62216753 103.00000000 -535.781342292280 -535.552362423028 1122  1758.512470
0.96446195 1.88818202  79.29091604 -535.768827599443 -535.623070377468 1123  4505.170117
0.96446195 1.82972637 141.67831084 -535.741452219241 -535.612164609056 1124 10513.371706
0.96446195 1.56458290 129.41587978 -535.768317579925 -535.550278201494 1125  4617.106465
0.95551938 1.77497920 103.00000000 -535.786305554683 -535.605092968880 1126   669.202264
1.21267571 1.66796604 103.00000000 -535.747406380687 -535.542224508998 1127  9206.584294
1.10474598 1.85587660 103.00000000 -535.762985658725 -535.608865333226 1128  5787.327927
1.01797306 1.77411550 103.00000000 -535.782441997773 -535.602027236045 1129  1517.155008
0.96446195 1.73699184 118.22761361 -535.780597750405 -535.596140481136 1130  1921.920526
1.09736276 1.68888476 135.06673116 -535.746501023705 -535.574378986686 1131  9405.287187
0.96446195 1.47287751 105.06286827 -535.758963540061 -535.510477249621 1132  6670.080954
0.69242663 1.68888476  89.49326357 -535.649843128931 -535.436965742747 1133 30619.243401
0.96723788 1.68888476 112.56709227 -535.786467075118 -535.583422196368 1134   633.752625
1.21063393 1.47166170 103.00000000 -535.713148724509 -535.501321442872 1135 16725.270893
0.77116258 1.68888476  77.32400037 -535.713587247834 -535.506095862197 1136 16629.026146
1.08032851 1.78820756 103.00000000 -535.772584452831 -535.597647179350 1137  3680.636090
1.07007876 1.96898492 103.00000000 -535.758102098483 -535.635938574783 1138  6859.145530
0.96446195 1.44569047 104.71964644 -535.747619327525 -535.500440600700 1139  9159.847864
0.91709738 2.02311355 103.00000000 -535.761248108028 -535.652610187884 1140  6168.676232
0.96446195 1.69033885  70.56884516 -535.752246636777 -535.552924791200 1141  8144.270853
1.06064278 1.68888476 121.73567865 -535.769651136158 -535.577451569729 1142  4324.424697
0.96446195 1.70157578  96.07862899 -535.787653857749 -535.582787484548 1143   373.283940
0.97637983 1.68888476  95.66154272 -535.786919321723 -535.578523471035 1144   534.495966
0.96446195 1.63832885  84.16458615 -535.773323678935 -535.552550498851 1145  3518.394710
0.80952155 1.68888476  76.80831640 -535.735484679226 -535.528712636931 1146 11823.095375
0.96446195 1.48234149  78.91460305 -535.722746181371 -535.480965843867 1147 14618.872548
0.96446195 1.51912909  96.84656330 -535.767742159777 -535.520893370343 1148  4743.396592
0.91105455 1.71698292 103.00000000 -535.787173433070 -535.586985628751 1149   478.724971
0.96446195 2.00981047  85.10969329 -535.763531588214 -535.650309555199 1150  5667.510251
0.82019893 1.68888476 119.79972164 -535.758062940679 -535.557065198831 1151  6867.739675
0.96446195 1.61641032  93.29296519 -535.781799459924 -535.553167094617 1152  1658.175768
0.96446195 1.71532608 119.17002334 -535.780909797583 -535.590829336713 1153  1853.434086
0.81154231 1.57193622 103.00000000 -535.755278283437 -535.511492931820 1154  7478.901308
0.82817160 1.68888476 100.51741613 -535.768547968016 -535.557458239709 1155  4566.542123
1.23431736 1.68888476 127.67491316 -535.726195224708 -535.548935728528 1156 13861.895019
0.96446195 1.73800509 102.68574638 -535.788053255873 -535.595355729941 1157   285.626182
1.39196639 1.68888476 120.37954747 -535.694632604263 -535.516910673376 1158 20789.089633
0.95459184 1.68888476  78.49233018 -535.768642378566 -535.563945219667 1159  4545.821402
1.22418084 1.68888476 117.84178859 -535.738653950150 -535.548794587217 1160 11127.520795
0.96446195 1.69814739  96.62870433 -535.787870405685 -535.581993094245 1161   325.757160
0.84261587 1.68888476  64.54586609 -535.717092605052 -535.519014687326 1162 15859.689149
1.02408774 1.68888476  84.32376893 -535.773179004758 -535.568001821347 1163  3550.147022
0.95969103 1.78293190 103.00000000 -535.785754006790 -535.607102816031 1164   790.253036
1.00743054 1.63521818 103.00000000 -535.785070461878 -535.563572965586 1165   940.273807
0.97486898 1.74399925 103.00000000 -535.787401462413 -535.596849151926 1166   428.678314
0.96446195 1.75825682  67.43785244 -535.750359480633 -535.571872389531 1167  8558.453760
1.07275905 1.68888476 118.17206744 -535.770870808372 -535.575445793310 1168  4056.737583
0.80378282 1.43426095 103.00000000 -535.712081511573 -535.450056342555 1169 16959.497063
0.96446195 1.77359061  93.24990927 -535.784867165542 -535.602268480068 1170   984.892196
1.14457295 1.68888476 106.78516782 -535.762868345617 -535.561837485861 1171  5813.075178
0.96446195 1.59989175  88.02855704 -535.773976528545 -535.542457408137 1172  3375.110780
0.94369709 1.68888476  97.04313252 -535.788122014436 -535.579008641080 1173   270.535422
0.96446195 1.43132855  69.21493040 -535.662207995340 -535.430406688647 1174 27905.468854
0.91148055 1.56019996 103.00000000 -535.779040587033 -535.536442311036 1175  2263.678390
1.38800109 1.70992341 103.00000000 -535.703650571805 -535.517077966055 1176 18809.874495
0.96446195 1.71681598  94.55462780 -535.786918743933 -535.586672955930 1177   534.622777
1.00148119 1.68888476 110.63155188 -535.785222148652 -535.581872128789 1178   906.982407
1.23400555 1.61211476 103.00000000 -535.739094825235 -535.524189798359 1179 11030.759896
0.81629401 1.81831823 103.00000000 -535.757009006457 -535.587798931858 1180  7099.051504
0.95035277 1.64198802 103.00000000 -535.788495554452 -535.567015097271 1181   188.552863
0.82112525 1.68888476 108.58481972 -535.765183281575 -535.556521815161 1182  5305.005453
0.79427575 1.68888476  69.44187154 -535.709886734813 -535.507444124879 1184 17441.194892
0.96446195 1.90741658  83.07782345 -535.770865032724 -535.629923936757 1185  4058.005191
1.05066099 1.68888476 113.79280825 -535.777560078671 -535.577734047112 1186  2588.612423
0.90680716 1.68888476  86.60052968 -535.777980436789 -535.569134781435 1187  2496.354478
1.04235994 1.80708289 103.00000000 -535.777248978266 -535.607411974805 1188  2656.891071
0.86192871 1.68888476 128.88044514 -535.762150326955 -535.572203895226 1189  5970.662062
0.96446195 1.92297637  83.80004468 -535.770214280397 -535.633608241428 1190  4200.828821
1.10853545 2.04260291 103.00000000 -535.743658305466 -535.640754857104 1191 10029.191736
0.75180888 1.87640308 103.00000000 -535.709944322067 -535.558678224455 1192 17428.555951
0.96446195 1.71674242  76.68789180 -535.767103882144 -535.571544049776 1193  4883.482343
0.79738976 1.68888476  99.38003286 -535.753914468239 -535.542091254619 1194  7778.224151
0.96446195 1.85864190  98.35989025 -535.780253486264 -535.624308778488 1195  1997.477773
0.99132333 1.71246602 103.00000000 -535.787447732026 -535.587556860531 1196   418.523308
1.53204863 1.70956778 103.00000000 -535.667014138400 -535.491921603035 1197 26850.642359
1.18839131 1.68888476 108.55417222 -535.752471113851 -535.553932918931 1198  8095.003829
0.96446195 1.63459538  98.03565072 -535.786447293978 -535.562475919345 1199   638.094084
1.14131039 1.89256755 103.00000000 -535.752313946897 -535.609448850421 1200  8129.497989
0.83767630 1.68888476 114.62057078 -535.768697834549 -535.563926545674 1201  4533.650220
1.29900016 1.61530212 103.00000000 -535.722645850629 -535.514349270029 1202 14640.892601
0.75356001 1.68888476  97.64418030 -535.723195087501 -535.510473723445 1203 14520.349038
1.00031660 1.68888476 125.26659210 -535.773602403145 -535.583445319849 1204  3457.221816
1.27319378 1.63772637 103.00000000 -535.731173482517 -535.523217691191 1205 12769.293701
1.18827332 1.68888476  98.20852735 -535.752847103307 -535.551005102369 1206  8012.483680
0.84378347 1.95271732 103.00000000 -535.754279040611 -535.626258873255 1207  7698.209763
0.92766399 2.04364421 103.00000000 -535.759822091613 -535.656418164995 1208  6481.650665
0.96446195 1.81420462  77.90759553 -535.770193832269 -535.603044939277 1209  4205.316666
0.96446195 1.68940299  89.94789323 -535.783521856218 -535.575435053901 1210  1280.153469
0.96446195 1.53842133 118.92282627 -535.774177400243 -535.539261736141 1211  3331.024537
0.99372162 1.68888476  81.63021186 -535.772315017906 -535.567285651929 1212  3739.770222
0.96446195 1.74270044  70.17478257 -535.755639851886 -535.571083574746 1213  7399.546204
0.95366968 1.96319179 103.00000000 -535.769268629139 -535.644722419328 1214  4408.375286
0.77099895 1.68718674 103.00000000 -535.737869882566 -535.525723672351 1215 11299.603742
0.81855326 1.75441111 103.00000000 -535.762595470779 -535.572790689434 1216  5872.964284
1.08124455 1.68888476 140.54910665 -535.740891540034 -535.577828816721 1217 10636.426571
1.02221083 1.68888476 120.36208803 -535.776362306859 -535.581437555310 1218  2851.492954
0.96446195 1.46318107  87.79353989 -535.734698436343 -535.488542543304 1219 11995.655745
1.15648119 1.68888476  93.89392068 -535.758320187246 -535.555294638651 1220  6811.280578
0.87374585 1.69406212 103.00000000 -535.782131229144 -535.574088759952 1221  1585.360839
1.09011070 1.68888476  86.83377907 -535.766196622628 -535.562279531901 1222  5082.602795
0.99724084 1.68888476 102.71912926 -535.787265139172 -535.580390409655 1223   458.597808
1.15056554 1.55089937 103.00000000 -535.750542275509 -535.522082774324 1224  8518.334921
1.09921930 2.02836346 103.00000000 -535.746875536111 -535.640398503084 1225  9323.091214
0.98174132 1.95361479 103.00000000 -535.769566726629 -535.642523023732 1226  4342.950448
0.96446195 1.94442433  76.80023588 -535.762919571599 -535.633487446678 1227  5801.832374
1.00715154 1.68888476  71.36310613 -535.752180107618 -535.553357279404 1228  8158.872316
1.14390492 1.84975775 103.00000000 -535.755584144794 -535.600252671540 1229  7411.772498
0.96446195 1.77389792  79.10307575 -535.772269160753 -535.592628548964 1230  3749.834704
0.96446195 1.61414711 126.74384370 -535.774433996471 -535.564643448976 1231  3274.708174
0.96446195 2.00191438 108.18729032 -535.762772818692 -535.650333206690 1232  5834.040915
0.96446195 1.44149320  72.99777361 -535.682982091215 -535.447390428336 1233 23346.081737
0.96446195 1.63965544 106.73475317 -535.788151590122 -535.567795187684 1234   264.044309
1.07810344 1.57603484 103.00000000 -535.769544364824 -535.538169257123 1235  4347.858297
0.76827354 1.63770446 103.00000000 -535.735246200333 -535.507860625281 1236 11875.435443
0.84846908 1.80941828 103.00000000 -535.769891033058 -535.598162643415 1237  4271.773413
1.41902355 1.73410142 103.00000000 -535.695454105952 -535.515888197185 1238 20608.790849
0.94130620 1.68888476  78.85506965 -535.769080237722 -535.563866507159 1239  4449.722423
0.85920311 1.68888476 115.14790101 -535.774818096223 -535.570919031931 1240  3190.408021
0.95426552 1.68888476 111.02803358 -535.787521769963 -535.583173419237 1241   402.273858
0.96446195 1.62972037  91.99004374 -535.781915041272 -535.556819065809 1242  1632.808594
0.93101247 1.68888476 131.95832660 -535.767342069727 -535.583777291251 1243  4831.206210
0.96446195 1.68771931  96.08104423 -535.787553747917 -535.578533326052 1244   395.255509
0.96446195 1.80800700  73.42691347 -535.763628158272 -535.596293011559 1245  5646.315573
0.96446195 1.96335291 126.69158664 -535.750634037867 -535.638824819788 1246  8498.195411
1.17823976 1.64995001 103.00000000 -535.754991651287 -535.543942838854 1247  7541.809794
0.96865794 2.14795595 103.00000000 -535.749741253771 -535.670188650949 1248  8694.138875
1.32715072 1.74993681 103.00000000 -535.718065689139 -535.538500920140 1249 15646.121874
1.18953175 1.63596909 103.00000000 -535.751675373504 -535.538086773074 1250  8269.648652
0.96446195 1.62409494  67.59817285 -535.733792797288 -535.520486501802 1251 12194.420547
0.96446195 1.94789776  82.97800799 -535.767726459788 -535.638204066704 1252  4746.842342
1.20358088 1.64316334 103.00000000 -535.748715075531 -535.537419637153 1253  8919.358970
0.96446195 1.84016058  82.47211250 -535.774416267829 -535.613793961711 1254  3278.599161
1.33492585 1.68888476 118.63446006 -535.710453203141 -535.527148481299 1255 17316.869463
1.39410885 1.80750687 103.00000000 -535.698195506553 -535.536268650522 1256 20007.122952
0.96446195 2.16141485 111.55380514 -535.744612018203 -535.670419266543 1257  9819.875981
1.11350460 1.62037759 103.00000000 -535.767439731404 -535.546603072303 1258  4809.771949
0.96446195 2.01491375 104.19547423 -535.763206457666 -535.652919682967 1259  5738.868159
0.93125953 1.68888476  89.80094030 -535.783103016378 -535.574108014310 1260  1372.078190
0.96446195 1.68830611  73.82264589 -535.759447149272 -535.557425648989 1261  6563.940999
0.96446195 1.55960500 112.98672281 -535.780109704913 -535.544359505744 1262  2029.034133
0.96446195 1.62913582  72.76097738 -535.749215839487 -535.532658604347 1263  8809.453983
1.37548007 1.68888476 112.88130103 -535.704073137859 -535.517886281952 1264 18717.131964
1.03166123 1.68888476 112.48319391 -535.780974356240 -535.579650232846 1265  1839.265098
1.09489372 1.61932790 103.00000000 -535.771003844529 -535.549060881644 1266  4027.539521
1.06703050 1.57763650 103.00000000 -535.771681982163 -535.539933745038 1267  3878.705511
0.96446195 1.93294320  99.19405574 -535.773177943686 -535.639398103069 1268  3550.379901
0.92984640 1.61834507 103.00000000 -535.786768343621 -535.558327500135 1269   567.631830
1.53860471 1.66294673 103.00000000 -535.671006368658 -535.488617845639 1270 25974.449078
1.07006024 1.68888476 103.85439909 -535.777817529848 -535.573271066996 1271  2532.108420
0.96446195 1.79035206  64.47788305 -535.745041156976 -535.577323828596 1272  9725.690905
1.09679297 1.68888476 112.67002600 -535.770318545752 -535.571135856702 1273  4177.945220
1.07980837 1.44448710 103.00000000 -535.729429787936 -535.500650903585 1274 13151.990433
0.89228505 1.97845471 103.00000000 -535.763092277787 -535.642472749627 1275  5763.927747
1.11325493 1.68888476 130.35272251 -535.750064642348 -535.571110071468 1276  8623.163285
0.96446195 1.88508809 107.05578228 -535.775692372214 -535.629833446813 1277  2998.526616
0.91980853 1.53977361 103.00000000 -535.776006785691 -535.530049541644 1278  2929.520833
1.00609713 1.68888476  92.60366320 -535.783012869278 -535.575483561683 1279  1391.863192
1.14664526 1.68888476  78.03238608 -535.743782929729 -535.546189077430 1280 10001.839872
0.96446195 1.75939652  82.23938591 -535.776329403524 -535.591260522741 1281  2858.714402
1.07560128 1.68888476 134.97416915 -535.750601277908 -535.577346432078 1282  8505.385391
0.96446195 1.89046522 114.89592207 -535.770191215624 -535.629577714700 1283  4205.890953
1.05428059 1.68888476 107.11038772 -535.779867598994 -535.576139244298 1284  2082.170241
0.98428260 1.68888476 102.42764906 -535.788208965152 -535.580929815962 1285   251.451945
1.01612753 1.68888476  92.96607843 -535.782240250648 -535.574946089108 1286  1561.433384
0.96446195 1.56541082  79.02591182 -535.751129789328 -535.516935432506 1287  8389.390540
1.09635982 1.68888476  92.67495054 -535.769931795552 -535.565001435552 1288  4262.827079
1.44785370 1.68888476 119.94263944 -535.681082022591 -535.506945314437 1289 23763.098605
0.96446195 1.75978974  84.48673324 -535.778842530440 -535.593256899061 1290  2307.146788
0.96446195 1.51062098 143.13632996 -535.743662587660 -535.535113039052 1291 10028.251903
0.73767924 1.68888476 105.76968801 -535.709857811165 -535.498478406543 1292 17447.542899
1.04410132 1.68888476 106.28054869 -535.781560952855 -535.577176889722 1293  1710.522020
0.78334597 1.68888476  93.04746102 -535.742559085783 -535.530366173846 1294 10270.442575
1.11485811 1.83122617 103.00000000 -535.763068151430 -535.601747807233 1295  5769.222870
0.86013787 1.68888476 117.84620199 -535.773099455214 -535.571351033774 1296  3567.606130
0.86974990 1.68888476  79.29821815 -535.761254304608 -535.554259083062 1297  6167.316240
0.96446195 1.49658016  79.61940251 -535.730637635296 -535.488610268092 1298 12886.898575
1.09358235 1.90525874 103.00000000 -535.760510243810 -535.620715628434 1299  6330.618712
0.95717675 2.05433696 103.00000000 -535.759506932353 -535.658821246388 1300  6550.820129
0.74739849 1.72609871 103.00000000 -535.717942532712 -535.517950231258 1301 15673.151586
0.96446195 1.60485730 118.31758927 -535.781665776848 -535.560209775208 1302  1687.515812
0.96446195 1.83630752  79.50048753 -535.771499369768 -535.610462452926 1303  3918.784300
0.96446195 1.80964544 122.44773916 -535.770903977446 -535.611900373072 1304  4049.457812
1.20727928 1.68888476 113.04560374 -535.745995344606 -535.551170377258 1305  9516.270923
1.07195734 1.80622075 103.00000000 -535.772795253933 -535.603191761471 1306  3634.370595
0.80792139 1.68888476  74.41083357 -535.729586687715 -535.524109088965 1307 13117.554912
1.32195139 1.68888476 111.95553955 -535.718123698123 -535.527984449892 1308 15633.390373
1.02099043 1.68738223 103.00000000 -535.784888646199 -535.578273892362 1309   980.177737
0.95051806 1.68888476 106.68003688 -535.788988014759 -535.582335543993 1310    80.470316
0.89220863 1.68888476  83.40426246 -535.772001359727 -535.563817324474 1311  3808.610236
1.04418002 1.68888476 132.27709876 -535.759505741696 -535.580603188063 1312  6551.081448
0.92303061 1.89182892 103.00000000 -535.775628161258 -535.630206594384 1313  3012.619293
0.96446195 1.57329739 127.31866451 -535.771406228706 -535.552542705864 1314  3939.226400
1.13728471 1.68888476 108.70486901 -535.763893345566 -535.563578523441 1315  5588.113688
0.96446195 1.96275016 124.44540509 -535.753316704452 -535.639541338772 1316  7909.418140
0.96446195 1.59457879 135.85333449 -535.762348415813 -535.560798186251 1317  5927.186582
0.96446195 1.76946639  87.37545320 -535.781353046534 -535.598107514813 1318  1756.152184
1.03731324 1.94628807 103.00000000 -535.765212566262 -535.636531240360 1319  5298.578207
0.82919631 1.68888476  69.75375075 -535.727591912471 -535.525344723517 1320 13555.357481
0.78713819 1.93172258 103.00000000 -535.730089541995 -535.595775202876 1321 13007.191152
0.93599096 1.68888476 108.47358590 -535.788325946339 -535.582142042372 1322   225.777542
0.90586026 1.68888476  99.16841219 -535.786602343753 -535.576864321130 1323   604.064591
1.08244067 1.68072817 103.00000000 -535.775671888471 -535.568934929581 1324  3003.022278
1.23419707 1.57858426 103.00000000 -535.734837746042 -535.517118366220 1325 11965.080800
0.96446195 2.13152387  88.31044277 -535.752898411264 -535.668192227187 1326  8001.222885
0.95854294 1.68888476  89.40461638 -535.783134789493 -535.574847117784 1327  1365.104798
0.75041096 1.68888476 104.22680540 -535.721639726061 -535.509998334257 1328 14861.711423
1.38293652 1.68888476 108.43028024 -535.704030696228 -535.515293649715 1329 18726.446826
1.05193160 1.68275368 103.00000000 -535.780724911379 -535.573641496369 1330  1894.011918
1.06741148 1.68888476 119.92385889 -535.770259204135 -535.576374497353 1331  4190.969200
0.84758072 1.97714295 103.00000000 -535.752829678101 -535.631695170002 1332  8016.308071
0.99860030 2.00392857 103.00000000 -535.763155688386 -535.649857087277 1333  5750.010729
0.88030066 2.16005560 103.00000000 -535.741773427903 -535.664694778418 1334 10442.874552
0.81067517 1.68888476  61.13329469 -535.691958751814 -535.496494095834 1335 21375.932424
0.96446195 1.70635090 124.27963252 -535.776208264794 -535.588744054188 1336  2885.301281
1.04336634 1.50466433 103.00000000 -535.760394356744 -535.519392521888 1337  6356.052984
0.96446195 1.86553874  94.49898160 -535.779337859935 -535.625189848764 1338  2198.434528
1.07131112 1.68888476 109.11162955 -535.776512496610 -535.574292935400 1339  2818.530114
1.02071408 1.85298165 103.00000000 -535.776245027413 -535.620106883316 1340  2877.232818
0.96446195 1.76055341 101.77478691 -535.787079673453 -535.601193984433 1341   499.302829
0.96446195 1.77285938  75.26567574 -535.766461815568 -535.588022444541 1342  5024.399671
0.96446195 1.70005067  75.67735221 -535.764191761242 -535.564374683187 1343  5522.619016
1.11046923 1.82848015 103.00000000 -535.764145116090 -535.601928142341 1344  5532.856444
0.96446195 2.04857309 108.60457420 -535.757553973489 -535.657151644236 1345  6979.445063
0.96446195 1.72594208  76.72700685 -535.767615575078 -535.574711257900 1346  4771.178723
0.96446195 1.75323847 108.99452610 -535.785712348276 -535.600085846637 1347   799.396024
0.96446195 1.69284944  87.07399001 -535.780833737699 -535.574366396568 1348  1870.127301
0.90551307 1.68888476  87.06822575 -535.778368457098 -535.569376740910 1349  2411.193862
0.93965624 1.71832898 103.00000000 -535.788764011515 -535.589560449683 1350   129.633347
0.96446195 1.69059352  82.06978035 -535.774405136972 -535.568889818311 1351  3281.042102
0.96446195 1.80813111 114.32062797 -535.778537341144 -535.612816133570 1352  2374.128098
0.76603184 1.79453444 103.00000000 -535.729012761165 -535.551635714585 1353 13243.517232
0.96446195 1.80282350 141.44898455 -535.744371075351 -535.607901840956 1354  9872.756826
0.96446195 1.79633253 123.98683896 -535.770351601921 -535.608893084408 1355  4170.690229
1.40645799 1.68888476 100.69772077 -535.698705063449 -535.508856163041 1356 19895.288138
0.82312657 1.68888476 116.50853334 -535.761922686095 -535.558223020664 1357  6020.623457
1.08545506 1.99284293 103.00000000 -535.753042859909 -535.637367452494 1358  7969.520072
1.05175279 1.68888476 126.44638232 -535.765919890605 -535.579042215604 1359  5143.338455
1.20560701 1.65119220 103.00000000 -535.748585687242 -535.539160830647 1360  8947.756418
0.93479944 1.57141445 103.00000000 -535.782046696341 -535.542710874821 1361  1603.913645
0.96446195 1.61905230 135.70042479 -535.763272874026 -535.567736487051 1362  5724.291453
0.96446195 1.77535377 112.71784237 -535.782254182118 -535.605481849423 1363  1558.375780
0.98042684 1.80864398 103.00000000 -535.783228117409 -535.612921018216 1364  1344.621687
0.89579934 1.70450092 103.00000000 -535.785724910347 -535.581357480267 1365   796.638968
0.96446195 1.86102987  84.90680517 -535.775305751290 -535.620468182081 1366  3083.380103
0.90021606 1.68888476 132.33743635 -535.764456310543 -535.580407216998 1367  5464.557155
0.74561436 1.95241156 103.00000000 -535.696141844268 -535.567768917280 1368 20457.849733
0.90206326 1.68888476 136.08853589 -535.759304293141 -535.580979912793 1369  6595.294296
1.32598427 1.68888476  82.91840973 -535.708049615443 -535.517268913267 1370 17844.395996
1.22972459 1.68888476 106.76582552 -535.743074612910 -535.545279987814 1371 10157.297447
0.95104189 1.79244798 103.00000000 -535.785181503969 -535.609385008874 1372   915.902884
1.08751011 1.68888476  81.17738022 -535.759730508183 -535.557955393817 1373  6501.750905
0.71571723 1.83836238 103.00000000 -535.677133720550 -535.513590996938 1374 24629.650756
1.02067603 1.74889756 103.00000000 -535.783447580257 -535.595311411563 1375  1296.455159
0.72950850 1.86669527 103.00000000 -535.689661095169 -535.535238074140 1376 21880.209779
1.34852352 1.68888476 109.47999619 -535.712441472419 -535.522137092756 1377 16880.494788
0.96446195 1.81463109 116.74297449 -535.776028810057 -535.613901868650 1378  2924.687044
0.88295488 1.58967548 103.00000000 -535.779361759538 -535.542189859589 1379  2193.189171
0.80659737 1.68888476  72.24526320 -535.723834544455 -535.519650357907 1380 14380.004456
0.96446195 1.69935512 100.62340731 -535.788915455331 -535.583886617288 1381    96.395270
1.07814222 1.60175638 103.00000000 -535.772563082247 -535.546023844022 1382  3685.326391
1.39028025 1.68888476 112.28726097 -535.700624737357 -535.514967024968 1383 19473.968407
0.83433282 2.13757494 103.00000000 -535.730965593425 -535.649256101363 1384 12814.920084
0.96446195 2.04827696 121.80349006 -535.747545513050 -535.653687920602 1385  9176.048269
0.99280780 2.14162832 103.00000000 -535.749277549485 -535.668438841711 1386  8795.910204
0.96446195 1.81412868 132.71503072 -535.757279496330 -535.610845887671 1387  7039.685838
1.12220172 1.74447787 103.00000000 -535.766914076380 -535.579721244087 1388  4925.139894
0.97315550 1.79369393 103.00000000 -535.784646476203 -535.609571618033 1389  1033.327908
1.17229094 1.68868372 103.00000000 -535.757151602867 -535.555603766425 1390  7067.755209
0.96446195 1.92862420 118.43433042 -535.763110329072 -535.635661045139 1391  5759.965948
0.96446195 1.72509186  85.21035264 -535.779577080660 -535.583232216344 1392  2145.931647
0.97362383 1.68888476 109.71235313 -535.787522281254 -535.582913097558 1393   402.161643
0.78603554 1.68888476 100.37363916 -535.747530802888 -535.535650771901 1394  9179.276777
0.96446195 1.91745982  94.80110524 -535.774778920831 -535.636069372574 1395  3199.006026
0.95245172 1.53577005 103.00000000 -535.776016962171 -535.531113591131 1396  2927.287354
0.87780413 1.71797244 103.00000000 -535.782444220679 -535.581940731926 1397  1516.667136
1.02704164 1.82670680 103.00000000 -535.777724889518 -535.613667195663 1398  2552.440622
0.87534421 1.60276322 103.00000000 -535.779267569566 -535.545090954369 1399  2213.861481
0.96446195 1.69561642 112.24964407 -535.786575884703 -535.585241636912 1400   609.871681
0.98778595 1.96573574 103.00000000 -535.767952824832 -535.644316456468 1401  4697.160956
0.96446195 1.66841541  95.61670330 -535.786874176234 -535.572191675471 1402   544.404256
0.96446195 1.65013448 103.08912827 -535.788583711381 -535.569795294663 1403   169.204653
0.94357551 1.98225352 103.00000000 -535.767104972792 -535.647746245677 1404  4883.242974
0.74023332 1.74524288 103.00000000 -535.710419597624 -535.516604314045 1405 17324.245021
0.96446195 1.90632896 101.18289610 -535.775513014102 -535.634344442259 1406  3037.891173
0.96446195 1.80174211 113.93735609 -535.779359145310 -535.611442992383 1407  2193.762928
0.84339167 1.68888476 121.11685643 -535.765479768014 -535.566282158474 1408  5239.934200
0.89770306 1.68888476  78.27965555 -535.764511213417 -535.558552040878 1409  5452.507367
0.96446195 1.86567167 119.32725473 -535.768779402226 -535.623765687733 1410  4515.748184
0.96446195 1.95351512 109.73905212 -535.767116380032 -535.642113036416 1411  4880.739374
0.96446195 2.04430926  94.21051651 -535.762035358126 -535.657522772270 1412  5995.894804
1.03181650 1.86696690 103.00000000 -535.773687855371 -535.621902959514 1413  3438.467220
0.96446195 1.85086589  81.49561055 -535.772970198833 -535.615768464750 1414  3595.974627
1.24219386 1.82943691 103.00000000 -535.734508784617 -535.575022606099 1415 12037.279489
0.85921765 1.82220320 103.00000000 -535.771904454216 -535.604358974971 1416  3829.878538
0.96446195 1.70700214  85.89562586 -535.779980832921 -535.578016584111 1417  2057.318266
1.09508199 1.68888476 127.07211296 -535.757763612217 -535.573370862497 1418  6933.434680
1.26457032 1.67945284 103.00000000 -535.734840390778 -535.534850568077 1419 11964.500347
0.72563024 1.68888476  76.38439866 -535.671287605353 -535.463938092996 1420 25912.724757
0.96446195 1.97382798  80.99974737 -535.764320896050 -535.642103872028 1421  5494.277201
0.96446195 1.88828120 109.57391121 -535.774072819289 -535.630149253737 1422  3353.977404
0.96446195 1.57445458  92.12369748 -535.774937098106 -535.537049471210 1423  3164.290126
1.10247749 1.84100423 103.00000000 -535.764672936415 -535.606081511844 1424  5417.013271
1.05029018 1.68888476  67.11275946 -535.737970276610 -535.544460425435 1425 11277.569796
0.96446195 1.59048318  95.32741957 -535.780425596985 -535.545558868659 1426  1959.703836
1.11774660 1.99758344 103.00000000 -535.746572351800 -535.632373824795 1427  9389.632480
1.14163812 1.68888476  80.11149296 -535.747900467197 -535.548827443705 1428  9098.144837
0.96446195 1.88138944 104.32748862 -535.777131529347 -535.629294165593 1429  2682.668129
0.96446195 1.74897503  97.15472969 -535.787148229347 -535.596942336407 1430   484.256549
1.17563838 1.68888476  81.30343492 -535.742257261667 -535.544011882768 1431 10336.685313
0.86175964 1.80689102 103.00000000 -535.773813803600 -535.601426713928 1432  3410.824778
1.02141005 1.68888476 109.64224478 -535.783549742552 -535.580177263413 1433  1274.033126
1.06772404 1.68888476  95.46400688 -535.776515731114 -535.570563884701 1434  2817.820222
0.93689309 1.81112819 103.00000000 -535.783572780757 -535.613442696761 1435  1268.976825
1.00858823 1.73045884 103.00000000 -535.785457898636 -535.591421896075 1436   855.241265
1.16306489 1.70532262 103.00000000 -535.759160253738 -535.561836804245 1437  6626.907291
0.99780318 1.68888476 146.89677404 -535.741862177581 -535.587000473542 1438 10423.396249
0.96446195 1.82875126 131.20499954 -535.758087446352 -535.613822217676 1439  6862.361301
1.12773944 1.85099307 103.00000000 -535.758857278555 -535.603635249807 1440  6693.402659
0.96446195 1.78523364  92.78052716 -535.784144466397 -535.605198355827 1441  1143.506327
0.95456893 2.04792944 103.00000000 -535.760190329150 -535.657923059709 1442  6400.831866
0.82279729 1.64208480 103.00000000 -535.766046962915 -535.541217771289 1443  5115.449306
1.22284478 1.70066965 103.00000000 -535.745191225832 -535.548699861788 1444  9692.754598
0.96446195 1.77089985 100.00156094 -535.786550290185 -535.603557080844 1445   615.489029
0.92020840 1.68888476 145.90632203 -535.745263533402 -535.584767692463 1446  9676.884920
1.25990429 1.68888476  82.30044684 -535.723759819845 -535.529174444069 1447 14396.404613
0.96446195 1.89543330 126.71025496 -535.757504504965 -535.627157368106 1448  6990.302150
1.30801081 1.68888476 104.93504469 -535.723847954492 -535.528925167901 1449 14377.061293
0.99753080 1.68888476 103.01006885 -535.787244527044 -535.580458488217 1450   463.121647
0.95017619 1.68888476 126.00249925 -535.775214655478 -535.584336156300 1451  3103.373323
0.96446195 1.80353776 105.21984383 -535.783698425295 -535.612219878130 1452  1241.401035
0.97587038 1.72287438 103.00000000 -535.788127255136 -535.591071917337 1453   269.385221
0.96446195 1.99972040 117.18625394 -535.756708189341 -535.647858346283 1454  7165.073231
0.89803370 1.68888476  71.96057574 -535.751219948206 -535.548781770534 1455  8369.602953
0.99793337 1.97128592 103.00000000 -535.766672717810 -535.644624844718 1456  4978.111978
0.96446195 1.90854602  88.73968755 -535.774026147609 -535.632768895338 1457  3364.220654
0.96446195 1.59920174 139.89437202 -535.756786532924 -535.563050161788 1458  7147.878802
1.26098044 1.68888476  98.25934988 -535.735241015197 -535.536409501477 1459 11876.573449
1.02122600 1.68888476 118.62927947 -535.778009183029 -535.581356482571 1460  2490.045408
0.94662797 1.68888476  95.90875892 -535.787666336708 -535.578569728770 1461   370.545125
0.82060293 1.68888476 122.54039993 -535.755663717011 -535.557309925437 1462  7394.308415
0.96446195 1.80634830 138.83237106 -535.748448990954 -535.608633804944 1463  8977.757786
0.96446195 1.95448628  95.01776688 -535.771202628673 -535.643060280029 1464  3983.911443
1.00429987 1.85992827 103.00000000 -535.777265626493 -535.623029971249 1465  2653.237207
0.92631684 1.81566267 103.00000000 -535.782740559408 -535.613897836304 1466  1451.628302
0.96446195 1.88306371  91.45963907 -535.777135209207 -535.628249110287 1467  2681.860493
1.12163924 1.68888476  96.99461340 -535.767135745174 -535.562882940039 1468  4876.489216
0.96446195 1.60156840  77.29581527 -535.755074510192 -535.529047736143 1469  7523.624366
0.96446195 1.56128649 125.66348051 -535.771909740761 -535.548400110765 1470  3828.718275
0.96446195 1.97142461 115.23627971 -535.761335322416 -535.643865626910 1471  6149.534886
1.00676816 1.68888476 103.66840995 -535.786395183040 -535.580043630530 1472   649.531113
0.96446195 1.64079359 135.10379206 -535.764203125793 -535.573473938701 1473  5520.124786
0.95407837 2.07817327 103.00000000 -535.756992319940 -535.662012812127 1474  7102.713771
0.95058570 1.69383403 103.00000000 -535.789324460358 -535.582871870761 1475     6.629041
1.09877837 1.68888476  62.47064711 -535.720090760868 -535.534477882222 1476 15201.669994
0.79920463 1.68888476 128.39686301 -535.738911815106 -535.546597865901 1477 11070.925978
0.96446195 1.61937054  96.32481370 -535.784345550818 -535.556329702293 1478  1099.373397
0.96446195 1.67507184  85.76828555 -535.778505877113 -535.567242383681 1479  2381.033655
1.01735141 1.68888476  79.70070982 -535.767324487486 -535.563867699532 1480  4835.065066
0.96446195 1.67443426  95.46230550 -535.786975580414 -535.574035062214 1481   522.148611
0.96446195 1.64224324 109.01634364 -535.787806587567 -535.569257308991 1482   339.763619
0.90919622 1.68888476  94.45980687 -535.784979132868 -535.575050322326 1483   960.318208
0.90388776 1.68888476  85.82154377 -535.776732409794 -535.568035162401 1484  2770.264748
0.82590593 1.68888476 103.94917192 -535.767921817052 -535.557591051955 1485  4703.966377
0.96891811 1.68888476  76.48406022 -535.764801479264 -535.561530236676 1486  5388.801376
0.79271227 1.85115568 103.00000000 -535.741828419789 -535.582874122030 1487 10430.805228
1.29763920 1.68888476 109.43143092 -535.725363356081 -535.532196511901 1488 14044.469082
1.45390209 1.56888991 103.00000000 -535.684381184873 -535.498031492390 1489 23039.016166
1.06103877 1.67321883 103.00000000 -535.779221695079 -535.569728032086 1490  2223.929767
1.07314580 1.68888476 112.79370349 -535.774518939498 -535.574664352436 1491  3256.065334
0.96446195 1.63902859  98.97600729 -535.787116083892 -535.564433948349 1492   491.311661
1.08807359 1.70093747 103.00000000 -535.774624947457 -535.573785504748 1493  3232.799276
1.21248468 1.59753973 103.00000000 -535.742923856552 -535.524323259395 1494 10190.384644
0.96446195 1.62841703  89.57631886 -535.779349205227 -535.554349500765 1495  2195.944524
0.96446195 1.69689482  70.67313026 -535.753175024348 -535.555555528711 1496  7940.513329
0.91125094 1.68888476 114.34173310 -535.784116607071 -535.580877635413 1497  1149.620743
0.96446195 1.69539628 105.42988367 -535.788915319513 -535.584048605999 1498    96.425079
0.86965395 1.68888476 116.25474168 -535.776541356460 -535.573728497529 1499  2812.196109
0.89519293 1.68888476 108.64830990 -535.784992187159 -535.577946624983 1500   957.453122
0.84580345 1.61806484 103.00000000 -535.773059511002 -535.542045560314 1501  3576.372871
0.96446195 1.54396843  93.33058669 -535.770239445995 -535.526860327086 1502  4195.305610
0.98606814 1.47481901 103.00000000 -535.757306014191 -535.510597762303 1503  7033.865840
0.92222192 1.68888476 110.20395875 -535.787081239625 -535.581472583060 1504   498.959094
0.96446195 1.78176457 122.12192271 -535.773645643163 -535.606079373272 1505  3447.731729
0.96446195 1.80261758 108.61553156 -535.782466601908 -535.612002542068 1506  1511.755024
0.96446195 1.45176905  75.86315316 -535.698507582286 -535.460018643115 1507 19938.630244
0.86551721 1.79744992 103.00000000 -535.775467383027 -535.600112015977 1508  3047.906036
1.06944173 1.87678448 103.00000000 -535.767365177938 -535.618966973611 1509  4826.134544
0.97772624 1.68831483 103.00000000 -535.788603856518 -535.581149026819 1510   164.783306
1.15262349 1.69221343 103.00000000 -535.761568561107 -535.560285180289 1511  6098.344910
1.01636459 1.68888476 100.20483855 -535.785166092673 -535.578217001972 1512   919.285273
0.99107068 1.54572603 103.00000000 -535.776220029375 -535.534952663993 1513  2882.719253
1.12910909 1.68888476 107.29342782 -535.766040927321 -535.564724100438 1514  5116.773965
0.92482681 1.52729846 103.00000000 -535.773648944016 -535.526019488490 1515  3447.007275
0.82479875 1.68030477 103.00000000 -535.767521825617 -535.554240984436 1516  4791.754352
0.96446195 1.82049721 144.52113021 -535.737324651790 -535.610634175912 1517 11419.268068
1.16711155 1.68888476  84.22424322 -535.747753542694 -535.547676738095 1518  9130.391039
0.96446195 1.72990193  80.34972946 -535.773499302220 -535.580203803577 1519  3479.849854
0.99757175 1.68888476  68.98682699 -535.747157395594 -535.549774186965 1520  9261.230206
1.02612688 1.57906669 103.00000000 -535.777927554952 -535.544269309514 1521  2507.960700
0.96446195 1.69863757  99.06940651 -535.788633710431 -535.583133010083 1522   158.231130
0.97013095 1.65946551 103.00000000 -535.788650025910 -535.572619610720 1523   154.650296
1.07953658 1.68888476  86.51600769 -535.767717491126 -535.563548318717 1524  4748.810736
1.03315382 1.68888476  81.14705787 -535.767784963415 -535.564158579126 1525  4734.002280
1.20440190 1.68888476  76.05168188 -535.728248703065 -535.535019859117 1526 13411.208605
0.98411626 1.68888476 113.63348754 -535.785023417744 -535.583163814254 1527   950.598801
1.20572787 1.68888476 119.07910210 -535.742059606578 -535.552644078852 1528 10380.065592
0.96446195 1.78923205  89.86502010 -535.782450360430 -535.604967348344 1529  1515.319617
0.95552135 1.68888476  74.36859218 -535.760688549332 -535.558238173502 1530  6291.485173
1.05828484 1.65241900 103.00000000 -535.779166083807 -535.563928051090 1532  2236.135031
1.02343162 1.68888476 119.00933313 -535.777423163514 -535.581200154641 1533  2618.661827
1.02781782 1.68888476  87.63181029 -535.776484878417 -535.570412170675 1534  2824.591606
0.96446195 1.61741520 118.96216829 -535.781814471203 -535.564114400612 1535  1654.881173
0.96446195 1.67073913 141.54818170 -535.753757682866 -535.582150908554 1536  7812.634564
0.96446195 1.82395223  96.97686962 -535.782938153627 -535.616160755327 1537  1408.261383
1.47781642 1.68888476 117.10881584 -535.675776825788 -535.501160692261 1538 24927.454739
0.99805713 1.68888476 138.45121477 -535.755776995406 -535.585096716039 1539  7369.446680
0.83540300 1.68888476 137.11078035 -535.742931803292 -535.563925851065 1540 10188.640536
1.12358526 1.66610795 103.00000000 -535.767512879822 -535.558207018976 1541  4793.717727
0.92317800 1.68888476 101.71703728 -535.788498878386 -535.579604219025 1542   187.823344
1.08830454 1.68888476  99.57306769 -535.774310801815 -535.569279480167 1543  3301.746276
1.25519812 1.76106748 103.00000000 -535.735589763412 -535.556765726750 1544 11800.032062
1.01237150 1.66313115 103.00000000 -535.785589014688 -535.571806239364 1545   826.464618
1.33150260 1.64039673 103.00000000 -535.716264914314 -535.513636533223 1546 16041.346272
1.06396325 1.68888476  83.98562973 -535.767349164267 -535.563544773525 1547  4829.649139
0.98526705 1.43138019 103.00000000 -535.737790100683 -535.495436876681 1548 11317.113842
1.07303859 2.02476898 103.00000000 -535.751782673895 -535.644248263902 1549  8246.098938
0.89580383 1.80198179 103.00000000 -535.780827978717 -535.607287101989 1550  1871.391252
0.95904272 1.68888476  67.04408790 -535.742935673025 -535.545739655635 1551 10187.791228
1.14861156 1.68888476 113.29170131 -535.759336634036 -535.562407153935 1552  6588.196290
0.96446195 1.56577572  78.56963368 -535.750172693252 -535.516336528572 1553  8599.448852
1.26072216 1.68888476 103.63255795 -535.735862595669 -535.538148050322 1554 11740.152302
1.31627158 1.74447949 103.00000000 -535.721009850412 -535.539603359576 1555 14999.953152
0.92156481 1.68304414 103.00000000 -535.788482972140 -535.578114974946 1556   191.314361
0.91242423 1.84630102 103.00000000 -535.779089860577 -535.619657308861 1557  2252.864097
1.31369524 1.68888476 108.26208065 -535.721694267710 -535.528680187057 1558 14849.740915
0.85599273 1.68888476  85.77678535 -535.767499447359 -535.557867418254 1559  4796.665812
1.23333540 1.79828771 103.00000000 -535.738861882204 -535.570150075600 1560 11081.884983
1.00630919 1.64018890 103.00000000 -535.785426887094 -535.565199073322 1561   862.047512
1.05438446 1.51480066 103.00000000 -535.761483234457 -535.521805526338 1562  6117.071945
0.96446195 2.04846870  88.16586848 -535.760899533714 -535.657232942341 1563  6245.179453
0.96446195 1.83906808 106.02827274 -535.780483428304 -535.620290708317 1564  1947.011328
0.81514592 1.68888476 133.09736646 -535.740616395634 -535.554984685166 1565 10696.813788
0.83764888 1.68888476 138.22551862 -535.742033117897 -535.564870167899 1566 10385.879185
0.95567149 1.68888476 142.76056082 -535.751174977989 -535.586382920593 1567  8379.472775
0.99534847 1.68888476  66.24637855 -535.740101601019 -535.544939080315 1568 10809.798148
0.90405569 2.04896421 103.00000000 -535.757082989720 -535.654949360569 1569  7082.814054
1.36187619 1.67426869 103.00000000 -535.709984306066 -535.514794356445 1570 17419.780477
0.99780770 1.68888476 104.49919764 -535.787159782682 -535.580848571679 1571   481.720885
1.50246998 1.68888476 109.82868375 -535.673035477962 -535.495475145972 1572 25529.111054
0.96446195 1.70995618  71.68534881 -535.756679822171 -535.561989635747 1573  7171.299105
1.12218988 1.81622840 103.00000000 -535.762749759810 -535.597058230138 1574  5839.101755
1.29287525 1.67209761 103.00000000 -535.727581785487 -535.527456173591 1575 13557.580097
0.96446195 1.82963412 108.52690492 -535.780239895026 -535.618093574979 1576  2000.460705
1.18641159 1.68888476 122.64817019 -535.743244966024 -535.557002909519 1577 10119.909260
0.88262507 1.68888476 149.18368717 -535.735614411183 -535.579654086861 1578 11794.622501
0.96446195 1.59936745 101.84519695 -535.785001988918 -535.552764799687 1579   955.301885
0.96446195 1.64576034 129.14071259 -535.772089619522 -535.573807985571 1580  3789.239450
0.96446195 1.59332371 107.33918400 -535.785068144849 -535.553282397355 1581   940.782336
0.83424822 2.04425584 103.00000000 -535.740819423658 -535.637417505075 1582 10652.254286
1.26512443 1.78233714 103.00000000 -535.732032584638 -535.559521609856 1583 12580.742576
1.03651089 1.68888476 134.35155951 -535.757620918381 -535.581674078923 1584  6964.752358
0.98245887 1.68888476  61.78626425 -535.727115490677 -535.535787456035 1585 13659.919981
0.96446195 1.86090299  66.84076742 -535.751748077867 -535.602225280507 1586  8253.691888
0.82718919 1.67995928 103.00000000 -535.768477156915 -535.555137569695 1587  4582.083364
0.86328462 1.84350358 103.00000000 -535.771082624295 -535.610296538484 1588  4010.249360
1.19930214 1.68888476  99.51693463 -535.750556709589 -535.549290635338 1589  8515.167007
1.23985615 1.68888476  89.74408314 -535.736036148886 -535.537105332101 1590 11702.061773
1.00045781 1.70214521 103.00000000 -535.786888305994 -535.584105795845 1591   541.303132
0.96446195 1.69008639 106.96604373 -535.788692911737 -535.582860473733 1592   145.237945
0.96446195 1.70739722  61.25730304 -535.728132919864 -535.541184247397 1593 13436.620081
0.98546350 2.04363665 103.00000000 -535.759794997643 -535.656566500461 1594  6487.597104
0.88271455 1.68888476  83.48617159 -535.770535052064 -535.562130100371 1595  4130.427576
1.05743527 1.68888476 108.23451633 -535.779068262762 -535.575973850142 1596  2257.604269
0.89389486 1.89034119 103.00000000 -535.772644795346 -535.626545951809 1597  3667.392438
0.96446195 1.95787937 105.79213754 -535.768681887674 -535.643488838605 1598  4537.150155
1.05574557 1.68888476 102.92722639 -535.780153589260 -535.574910765040 1599  2019.402632
0.80971948 2.07987975 103.00000000 -535.726279062783 -535.631592532178 1600 13843.494688
0.92443214 1.68888476 114.48715916 -535.784985056852 -535.582179771507 1601   959.018044
0.96446195 1.98905659 117.60836159 -535.757462870404 -535.646053861134 1602  6999.439880
1.23502389 1.68888476  85.02140966 -535.732864304922 -535.535488245719 1603 12398.201070
1.12060022 1.89399804 103.00000000 -535.756433163030 -535.613712982424 1604  7225.434530
0.96446195 1.60195059 115.23890163 -535.783394245481 -535.558573480825 1605  1308.160789
0.79314788 1.68888476 104.92712044 -535.752023808967 -535.541370699987 1606  8193.175906
0.78798886 1.68888476 148.42297181 -535.702953639164 -535.541569562647 1607 18962.833532
1.02166299 1.68888476 112.17976664 -535.782372978040 -535.580557023435 1608  1532.303089
0.96728846 1.63067546 103.00000000 -535.787604415112 -535.563591857081 1609   384.135345
1.07641583 1.68888476 136.10069806 -535.748768248755 -535.577456288078 1610  8907.688796
0.79433285 2.05324915 103.00000000 -535.720885646851 -535.619727321654 1611 15027.212683
1.20313948 1.69452971 103.00000000 -535.749952078874 -535.551095788994 1612  8647.868112
0.90000292 1.80010502 103.00000000 -535.781529437335 -535.607446897485 1613  1717.438877
1.32596537 1.51287789 103.00000000 -535.700471016994 -535.501303979199 1614 19507.706128
1.45853863 1.55888254 103.00000000 -535.682746531052 -535.498187066229 1615 23397.781217
0.99965001 1.65340057 103.00000000 -535.786562663891 -535.569696684533 1616   612.773314
0.96446195 1.66628105  98.66450362 -535.788141700921 -535.573036481950 1617   266.214738
1.07270484 1.73772353 103.00000000 -535.776453276157 -535.586056700383 1618  2831.527501
0.88601535 1.75900668 103.00000000 -535.782155178671 -535.594801783152 1619  1580.104526
1.16188080 1.68888476 131.29342810 -535.738466854646 -535.563162832499 1620 11168.583512
1.17990130 1.79954728 103.00000000 -535.751413998732 -535.581880943492 1621  8327.013784
1.26437367 1.49279063 103.00000000 -535.708195100130 -535.501877280228 1622 17812.465798
1.05219706 1.97324425 103.00000000 -535.760384707624 -535.639239912319 1623  6358.170721
0.99914352 1.84122148 103.00000000 -535.779346762053 -535.619351708345 1624  2196.480739
0.82348674 1.95478784 103.00000000 -535.746406737472 -535.618906892331 1625  9425.980624
0.96446195 2.01243427 124.48195258 -535.748294213173 -535.647462530187 1626  9011.727583
0.88839426 1.48792252 103.00000000 -535.759419874123 -535.505248203167 1627  6569.927202
1.09989442 1.68888476 109.62687346 -535.771151846153 -535.570112390273 1628  3995.056918
1.46101261 1.68888476 108.34203319 -535.684141980248 -535.501553084456 1629 23091.515514
0.96446195 1.88472996 135.61273723 -535.746111620551 -535.622351684010 1630  9490.751303
1.01718536 1.68888476  56.09570109 -535.706218557065 -535.523992271029 1631 18246.266866
0.98792328 2.14560736 103.00000000 -535.749184545557 -535.669166537864 1632  8816.322207
0.97723251 1.69887113 103.00000000 -535.788555650245 -535.584238607759 1633   175.363361
1.26182501 1.68888476  88.25662178 -535.729414441544 -535.532015465015 1634 13155.358577
0.86098773 1.67748552 103.00000000 -535.779290164605 -535.565894502642 1635  2208.902443
1.09002047 1.68888476 130.91368382 -535.753782289270 -535.574684262440 1636  7807.234082
0.96446195 1.76156673 105.71574683 -535.786388038542 -535.601972561719 1637   651.099149
0.96446195 1.89007820  95.60867365 -535.777375806047 -535.630657611116 1638  2629.055590
1.06121979 1.53731147 103.00000000 -535.765722287535 -535.528087126824 1639  5186.707316
0.84468289 1.68888476  70.45496646 -535.735071346159 -535.532581074264 1640 11913.811499
1.26159856 1.78701524 103.00000000 -535.732633073219 -535.561365461482 1641 12448.950564
0.96446195 1.72891701 104.61227303 -535.788183791724 -535.593243379266 1642   256.976874
0.98223879 1.68888476 109.13380589 -535.787274065640 -535.582575981190 1643   456.638674
0.75013377 1.83667536 103.00000000 -535.712427243000 -535.548562370160 1644 16883.617784
1.12171581 1.68888476  83.70791709 -535.756689732481 -535.555036030997 1645  7169.124043
0.96446195 1.85690574  78.58764502 -535.769637613559 -535.614940809896 1646  4327.392565
1.01242691 1.68888476  74.87086932 -535.759177363409 -535.558202345146 1647  6623.152153
1.31153830 1.75229929 103.00000000 -535.721904362076 -535.542426598092 1648 14803.630530
0.96446195 1.47289361  96.57249191 -535.752305485924 -535.503424782785 1649  8131.354958
0.96446195 1.48364727  91.40971687 -535.749632501451 -535.501689115678 1650  8718.007251
0.96446195 1.93755577  80.98983577 -535.767103137220 -535.635010828172 1651  4883.645835
0.86692279 1.92672954 103.00000000 -535.763669160118 -535.628231342934 1652  5637.316708
0.96446195 1.96771878  98.27576206 -535.769730394891 -535.645601224745 1653  4307.029416
0.96446195 1.74373387  67.97712884 -535.750698139416 -535.567819679246 1654  8484.126747
1.09248972 1.68888476 115.87564102 -535.769105642182 -535.572281827527 1655  4444.146789
1.36920056 1.71419572 103.00000000 -535.708373473587 -535.521713601969 1656 17773.317348
1.25404758 1.73928089 103.00000000 -535.736749205554 -535.551799859926 1657 11545.563920
0.96446195 1.80112225 100.26871852 -535.784692649092 -535.611218037192 1658  1023.194130
1.01509368 1.67091999 103.00000000 -535.785438712288 -535.573929387781 1659   859.452182
1.51929600 1.65787686 103.00000000 -535.674355783291 -535.489894085648 1660 25239.337523
0.96446195 1.77379974 124.71406111 -535.771381606662 -535.604061873252 1661  3944.630314
0.96446195 1.67031315  61.83126557 -535.724009881577 -535.527347986470 1662 14341.522406
0.96446195 1.75458264 124.76749725 -535.772775759716 -535.599891201997 1663  3638.649081
0.85774764 1.55775145 103.00000000 -535.769663790717 -535.524396684708 1664  4321.647342
0.99619851 2.04193090 103.00000000 -535.759294231432 -535.655682858341 1665  6597.502586
0.93934314 1.82441507 103.00000000 -535.782587579806 -535.616645515769 1666  1485.203444
0.89819761 1.68176463 103.00000000 -535.786256582154 -535.574973258539 1667   679.950492
0.88752179 2.02012050 103.00000000 -535.757763111334 -535.648272025270 1668  6933.544611
1.26295374 1.68888476 120.77317007 -535.726615701721 -535.541769429183 1669 13769.610980
0.96446195 1.57883541 111.50218669 -535.782904296113 -535.550123122158 1670  1415.692248
1.13757876 1.68888476 114.32876971 -535.761092991851 -535.564568158470 1671  6202.720299
0.81039982 1.68888476 108.47536748 -535.760394001185 -535.551464940421 1672  6356.131020
0.96446195 2.14538463 117.99896275 -535.741784892677 -535.667238046387 1673 10440.358325
0.96446195 2.03311603 101.35295181 -535.762199241257 -535.655894138920 1674  5959.926614
0.96446195 2.00313881 119.19341107 -535.754559420716 -535.647787665281 1675  7636.673441
0.96446195 1.72049222 116.13172144 -535.783174231899 -535.592051104714 1676  1356.448190
0.96446195 1.77523909  99.20799784 -535.786272810199 -535.604516850862 1677   676.388847
0.76285922 1.68888476 133.51303976 -535.708746164805 -535.522187203701 1678 17691.521079
0.97501152 1.68888476 111.67145175 -535.786601284833 -535.583181151670 1679   604.296997
1.11869459 1.68888476 148.43841695 -535.720083362931 -535.575252033263 1680 15203.293654
1.13503111 1.68888476 105.81038184 -535.765113423450 -535.563328986754 1681  5320.337539
0.96446195 1.63414596 124.41907260 -535.777377985330 -535.569914713669 1682  2628.577292
0.96446195 1.68253486  96.30706398 -535.787575706595 -535.577027484234 1683   390.436136
1.05691082 1.48104087 103.00000000 -535.750369076384 -535.512025447152 1684  8556.347736
0.96446195 1.98485650 113.12652562 -535.761505067660 -535.646590762781 1685  6112.280111
1.44784138 1.68888476 109.57858797 -535.687139551430 -535.504048174611 1686 22433.624672
0.96446195 1.87311132 129.75172419 -535.755781066441 -535.622207598790 1687  7368.553191
0.99719282 1.45791869 103.00000000 -535.749550671707 -535.505189973655 1688  8735.966804
1.10433493 1.68888476 109.30462852 -535.770416656049 -535.569336434429 1689  4156.412498
0.72451313 1.80295756 103.00000000 -535.690320340857 -535.515323593688 1690 21735.522072
1.03947351 1.47866585 103.00000000 -535.752391569026 -535.511803530077 1691  8112.461901
1.07937662 1.80258826 103.00000000 -535.771792294998 -535.601213142485 1692  3854.494641
1.46743546 1.60258233 103.00000000 -535.683730009282 -535.496036961628 1693 23181.932691
0.96446195 1.73968399 127.19252168 -535.770886158080 -535.596470276340 1694  4053.368711
0.96446195 1.72066809 109.79502847 -535.786952818669 -535.591715268371 1695   527.144236
0.76551601 1.74964649 103.00000000 -535.731666703480 -535.539611962024 1696 12661.044210
0.98088807 1.58840701 103.00000000 -535.783369705339 -535.549581955787 1697  1313.546728
0.88236609 1.68888476  55.13930988 -535.692005157882 -535.504516887772 1698 21365.747470
1.34591273 1.78945944 103.00000000 -535.711395209665 -535.543140214567 1699 17110.122924
0.71199303 1.80683445 103.00000000 -535.675564779313 -535.501739289337 1700 24973.993562
0.96446195 1.52397970  90.25456039 -535.761221679008 -535.515960703839 1701  6174.476732
0.96446195 1.70295787 124.72303249 -535.775866814003 -535.587933934890 1702  2960.241068
0.83054555 1.68888476  77.36215701 -535.745753997712 -535.539002426779 1703  9569.240445
1.00692121 1.68888476  93.73525183 -535.783655518415 -535.576066734458 1704  1250.818007
0.96446195 1.78034709  71.08887825 -535.759103534171 -535.584800610212 1705  6639.355798
0.92483566 1.63325913 103.00000000 -535.787441198024 -535.562821444337 1706   419.957355
1.29972301 1.68888476  83.58325966 -535.715384000365 -535.522383017307 1707 16234.684540
0.89785519 1.68888476 100.82686590 -535.786003057791 -535.576367743687 1708   735.592659
0.68782040 1.68888476 108.60489548 -535.649145416259 -535.437995540461 1709 30772.373636
0.94188867 1.68888476  84.71838051 -535.777931024020 -535.570420254359 1710  2507.199328
1.12340839 1.68888476 110.92876770 -535.765923061326 -535.566453170943 1711  5142.642562
0.96446195 1.51733068 113.81482151 -535.772426808133 -535.530471233567 1712  3715.235102
0.99551762 1.68888476  87.10408383 -535.779132920097 -535.572297425398 1713  2243.413624
1.04634305 1.68888476 118.03492873 -535.775180244314 -535.578761816979 1714  3110.925701
1.33240978 1.68888476  88.16272656 -535.711597114174 -535.518284574754 1715 17065.810006
0.96446195 1.61484687  81.82902726 -535.766486922754 -535.540888309158 1716  5018.889280
0.98469742 2.08932696 103.00000000 -535.755044561465 -535.662725803252 1717  7530.197352
0.96446195 1.64962751 118.19993867 -535.783150869524 -535.573296654908 1718  1361.575639
1.19394698 1.68888476  76.20874375 -535.730821589832 -535.536887076824 1719 12846.525220
0.87204708 1.68888476 135.24313568 -535.755802560325 -535.575129195810 1720  7363.835829
1.27642551 1.47804404 103.00000000 -535.701824675349 -535.500000045648 1721 19210.612454
1.55388969 1.59558898 103.00000000 -535.669657650490 -535.493711097386 1722 26270.458507
0.96446195 1.58615382  94.98534764 -535.779547359310 -535.543752420369 1723  2152.454729
0.94678736 1.88252121 103.00000000 -535.777499874369 -535.629485373221 1724  2601.825740
1.19119411 1.83069224 103.00000000 -535.746571535889 -535.586447512418 1725  9389.811551
0.76512568 1.68888476 108.48746558 -535.732832666790 -535.523027351889 1726 12405.144838
1.08651010 1.68888476  99.63712365 -535.774649438314 -535.569574082949 1727  3227.424154
0.93543142 1.91271560 103.00000000 -535.774186948864 -535.635070582426 1728  3328.928857
1.19484992 1.68888476 131.32176679 -535.730884332281 -535.557228586580 1729 12832.754844
0.96446195 1.97499938  99.15215971 -535.768849829914 -535.646849916590 1730  4500.291093
1.07757265 1.68888476 143.65326422 -535.736365078311 -535.579145646883 1731 11629.870107
0.86002811 1.68888476  77.19145842 -535.754947799250 -535.548775285605 1732  7551.434204
1.00694046 1.68888476 109.05052532 -535.785327517577 -535.581237850504 1733   883.856601
1.22624283 1.68888476 102.76532117 -535.744387636629 -535.544907195341 1734  9869.122045
1.20228197 1.68888476 128.74629246 -535.732531538929 -535.555254888465 1735 12471.234765
0.96446195 2.03127417 121.30771198 -535.749695834892 -535.651375955123 1736  8704.107167
0.79023347 1.46343846 103.00000000 -535.717358825813 -535.455363954694 1737 15801.260444
1.02492325 1.68888476 102.54783797 -535.784414423311 -535.578216398789 1738  1084.257632
0.82261984 1.64950616 103.00000000 -535.766220235315 -535.543565431745 1739  5077.420409
1.35293206 1.57476501 103.00000000 -535.703549373053 -535.501168750704 1740 18832.085054
0.92203621 1.68888476  75.32935760 -535.761371341624 -535.557489077508 1741  6141.629584
0.96446195 1.98208932  84.38906221 -535.765674615838 -535.645262618611 1742  5197.170045
0.96446195 1.91754334 119.88517536 -535.762877756642 -535.633267537689 1743  5811.009697
0.73859226 1.68888476  63.71093519 -535.650205872262 -535.452052834113 1744 30539.630441
0.91054512 1.68888476  76.34349602 -535.762380859671 -535.557677953970 1745  5920.065978
1.15153768 1.56705600 103.00000000 -535.753213619660 -535.525966986374 1746  7932.042637
1.30389179 1.69746648 103.00000000 -535.725046455757 -535.531219779772 1747 14114.020665
0.98171363 1.57312628 103.00000000 -535.781377210296 -535.544437623078 1748  1750.848851
1.50700680 1.68888476 109.93658776 -535.671814985559 -535.494841839645 1749 25796.978179
0.82685014 1.65182314 103.00000000 -535.767994025964 -535.546122625212 1750  4688.118353
1.24377018 1.65919301 103.00000000 -535.739557949851 -535.533907778895 1751 10929.115790
1.13525888 1.68888476 110.63419905 -535.763574510128 -535.564324929507 1752  5658.089980
1.07478975 1.68888476  77.02182418 -535.755332828475 -535.555332861194 1753  7466.930055
0.96446195 1.61222436 123.63466373 -535.777573983406 -535.563502692016 1754  2585.560686
0.92961514 2.09222747 103.00000000 -535.754794573598 -535.663040032966 1755  7585.063348
0.96446195 2.16052539 109.42348528 -535.745856573670 -535.670713277583 1756  9546.727624
1.17781439 1.75584878 103.00000000 -535.754340261308 -535.571897108584 1757  7684.773373
1.12970665 1.68888476 109.20806195 -535.765320205350 -535.565025968560 1758  5274.954157
0.99486500 1.68888476 116.23256262 -535.782524900696 -535.582968126122 1759  1498.959919
0.94417770 1.68888476  88.76703394 -535.782521140743 -535.574014551285 1760  1499.785133
1.23504977 1.68888476 111.71984997 -535.739976294643 -535.545360016008 1761 10837.299719
0.96446195 1.76192782  96.53468402 -535.786486402279 -535.600286372294 1762   629.510803
0.96446195 1.89276009  90.92126970 -535.776159480713 -535.630167480861 1763  2896.008149
1.17016933 1.71026381 103.00000000 -535.757489463943 -535.561770853242 1764  6993.603272
0.79467897 1.77853757 103.00000000 -535.749074124283 -535.566793646166 1765  8840.556876
0.96446195 1.89682204 109.75960419 -535.773092188193 -535.631778680521 1766  3569.201056
0.96446195 1.78339539 112.81368209 -535.781596505647 -535.607358215288 1767  1702.719084
1.24319277 1.50540216 103.00000000 -535.715564976632 -535.504010141836 1768 16194.964839
0.96446195 1.49226043  93.19195841 -535.755347118749 -535.507125248041 1769  7463.793703
0.88293247 1.68888476  99.03567292 -535.783346214547 -535.573109368504 1770  1318.702361
1.14621531 1.68888476 139.52698110 -535.729563668576 -535.567882114516 1771 13122.607029
0.96446195 1.61201433 103.99679347 -535.786577249072 -535.557982284126 1772   609.572237
0.95468824 1.68888476 130.68134127 -535.769349844928 -535.584771316575 1773  4390.550480
0.88459580 1.68888476 113.00037718 -535.781489873792 -535.576688769269 1774  1726.122071
0.96446195 1.75970423  78.92331207 -535.771965260567 -535.588127765650 1775  3816.533086
0.96446195 1.74970259 100.77724579 -535.787605635300 -535.598117441843 1776   383.867544
0.96446195 1.78993475 106.51376880 -535.784289551506 -535.609022541765 1777  1111.663826
0.96446195 1.99548697 107.92491208 -535.763605475103 -535.649371038817 1778  5651.293953
1.16444671 1.68888476 104.69128691 -535.758826600528 -535.557618892085 1779  6700.135708
1.29678077 1.68888476  86.30409711 -535.718924530458 -535.524245783383 1780 15457.627988
0.96446195 2.17431172 114.80492904 -535.741465389265 -535.671118288418 1781 10510.481220
1.03643475 2.14412944 103.00000000 -535.744849331064 -535.664604304621 1782  9767.791827
0.68473591 1.68888476 132.00311312 -535.624506791934 -535.433854728537 1783 36179.926726
1.09189917 1.88613425 103.00000000 -535.762638692010 -535.617270653986 1784  5863.478320
1.03445064 1.72843012 103.00000000 -535.782541706014 -535.588462665660 1785  1495.271578
0.96961179 1.68888476 100.70626586 -535.788788520013 -535.580756695142 1786   124.254353
0.97949607 1.68888476 106.88161469 -535.788082450406 -535.582231636071 1787   279.218723
1.01512018 1.68888476  94.83355820 -535.783440298574 -535.576029273544 1788  1298.053303
0.92708169 2.07202748 103.00000000 -535.756761513433 -535.660275717812 1789  7153.369945
1.15365079 1.63196458 103.00000000 -535.759676093603 -535.543355407514 1790  6513.693525
0.91403477 1.68888476  83.07752595 -535.774167770558 -535.566565658633 1791  3333.138009
0.96446195 1.81285784  88.13460090 -535.780262495457 -535.610303212204 1792  1995.500484
0.96446195 1.53252887 101.81958684 -535.774525230705 -535.529601384536 1793  3254.684574
0.96540094 1.68045628 103.00000000 -535.789112349383 -535.579028333757 1794    53.182020
0.95760993 2.20688201 103.00000000 -535.744297144170 -535.676219816921 1795  9888.982845
0.94922495 1.68888476 104.56931535 -535.789297445040 -535.581811232673 1796    12.558218
1.04562055 1.86004964 103.00000000 -535.772489282132 -535.618801486327 1797  3701.523644
0.96446195 1.61322000 110.52883875 -535.786073866188 -535.560756096771 1798   720.052012
0.96446195 1.71137944  66.77774280 -535.744879087484 -535.554028946306 1799  9761.261048
1.14049940 1.68888476 120.62437941 -535.755515119661 -535.565041807205 1800  7426.921764
0.82194825 1.68888476  78.02768836 -535.743551690258 -535.536341825291 1801 10052.591070
1.18286607 1.68888476 118.39778554 -535.748003654963 -535.556909597431 1802  9075.497740
0.96446195 1.61989539 109.13684979 -535.786823196735 -535.562412471882 1803   555.592963
0.96446195 1.81072920 114.72192694 -535.778010336793 -535.613337214433 1804  2489.792186
1.18553127 1.58366624 103.00000000 -535.747743902991 -535.525201893577 1805  9132.506709
1.32233190 1.68888476  90.85531403 -535.716234887019 -535.521308726191 1806 16047.936501
0.94739416 1.67691111 103.00000000 -535.789333379577 -535.577755479625 1807     4.671499
0.86151162 1.68888476  87.55704028 -535.771033673956 -535.561044534616 1808  4020.992718
1.00804138 1.68888476  78.35205805 -535.765969652891 -535.562889682023 1809  5132.416895
0.89765733 1.66217634 103.00000000 -535.786000266640 -535.568861040845 1810   736.205246
0.96446195 1.54990379  89.84228436 -535.767211417110 -535.525482928029 1811  4859.881146
0.96446195 1.74282410  66.42199787 -535.746833699861 -535.564771465812 1812  9332.273209
0.94031718 1.68888476 113.08987240 -535.786412863374 -535.583025656741 1813   645.650728
0.67888821 1.69326519 103.00000000 -535.636131462035 -535.424426345263 1814 33628.606494
0.74169642 1.68888476 142.91009942 -535.676897643545 -535.504236305179 1815 24681.463671
0.96446195 1.73013407 145.50854594 -535.743566971906 -535.595609520100 1816 10049.237136
0.96446195 1.71176006  87.88867834 -535.782136964925 -535.581116085401 1817  1584.101981
0.96446195 1.79762817  75.34017132 -535.766714338001 -535.595562894401 1818  4968.977402
0.84967277 1.43620774 103.00000000 -535.730709690053 -535.472262879569 1819 12871.084383
0.96446195 1.94512407  93.41312658 -535.771984477989 -535.641130182932 1820  3812.315350
0.70675829 1.68888476 132.44763238 -535.654278328511 -535.464762862575 1821 29645.829591
1.07604324 1.68888476 128.30810222 -535.759686672777 -535.576235493569 1822  6511.371665
0.96446195 1.86454813 116.30419465 -535.771662391087 -535.624240065320 1823  3883.005255
0.96446195 1.55882858 109.38484004 -535.780758527373 -535.542721958056 1824  1886.634060
1.08442268 1.68888476  90.07667593 -535.770208437814 -535.565294888940 1825  4202.111119
0.96446195 1.71984035 120.30614075 -535.779644103592 -535.591960796156 1826  2131.221813
0.86833686 1.77804508 103.00000000 -535.777496537964 -535.595971869595 1827  2602.557996
0.92719384 2.13685543 103.00000000 -535.750085964386 -535.668185360885 1828  8618.483638
0.96446195 1.82994654  82.80594542 -535.775196225069 -535.611423794835 1829  3107.418330
0.96446195 1.49731116 107.88848541 -535.767730962734 -535.520839212031 1830  4745.854059
0.96446195 1.63717217  57.94344421 -535.701764809955 -535.502445230554 1831 19223.751389
1.06784118 1.47547184 103.00000000 -535.746138204380 -535.510265123532 1832  9484.916826
1.03667274 1.70145627 103.00000000 -535.782835892198 -535.580753544358 1833  1430.705172
1.04886245 1.68888476  70.01019780 -535.745026149744 -535.548911217999 1834  9728.984612
1.20672951 1.68888476 114.24704796 -535.745412166741 -535.551518509783 1835  9644.263672
1.00962093 1.58219180 103.00000000 -535.780229203723 -535.546395526535 1836  2002.807175
0.96446195 1.45793680 109.83791772 -535.754746834788 -535.507956322272 1837  7595.540806
0.94909996 1.81681772 103.00000000 -535.783363627017 -535.615173512501 1838  1314.880765
1.12223731 1.68888476  86.08624879 -535.759297877207 -535.556742968865 1839  6596.702431
0.97891338 1.68888476 113.93255357 -535.785155226582 -535.583369313878 1840   921.670104
0.98650032 1.68888476  88.93873036 -535.781603626076 -535.574104993853 1841  1701.156330
0.90094246 1.68888476  74.85675828 -535.758179724555 -535.554069850752 1842  6842.108576
0.94260630 1.68888476  97.23211394 -535.788178378432 -535.579052761394 1843   258.164954
1.25030411 1.61433678 103.00000000 -535.735194292474 -535.521956797954 1844 11886.827902
1.17427150 1.68888476 125.99180858 -535.742385503547 -535.559878422383 1845 10308.539473
0.96446195 1.69655907 102.38050207 -535.789083182381 -535.583605869447 1846    59.583437
0.96446195 1.72699898 121.12233386 -535.778472928331 -535.593694705754 1847  2388.265076
0.96446195 1.99256669  88.65077238 -535.766420803142 -535.648524067047 1848  5033.400858
1.12654958 1.69143785 103.00000000 -535.767154539334 -535.564794960278 1849  4872.364375
0.92621552 1.84971912 103.00000000 -535.779838831118 -535.621608296457 1850  2088.484060
0.95745945 1.98445482 103.00000000 -535.766988925862 -535.648295110643 1851  4908.712331
0.96446195 1.86760330  77.89074191 -535.768372736740 -535.616989392313 1852  4605.000943
1.10190522 1.86806760 103.00000000 -535.762449722668 -535.611901337267 1853  5904.952297
1.13241962 1.79233598 103.00000000 -535.762298207158 -535.589630713839 1854  5938.206109
0.89133669 1.84064458 103.00000000 -535.776980303124 -535.615570520134 1855  2715.858450
0.96446195 1.70503582 110.05531596 -535.787372344467 -535.587540794147 1856   435.068965
0.82680796 1.78320824 103.00000000 -535.764234891889 -535.583843137718 1857  5513.152933
1.18906348 1.68888476  99.82661203 -535.753021688261 -535.551414221337 1858  7974.166711
1.04201260 1.78075509 103.00000000 -535.779057825187 -535.601127237208 1859  2259.895052
1.53002435 1.77357153 103.00000000 -535.666924414193 -535.501808620360 1860 26870.334546
0.96446195 1.90295033  84.06827836 -535.771887631581 -535.629509419508 1861  3833.570680
0.92230448 1.82847971 103.00000000 -535.781440520252 -535.616564146663 1862  1736.953922
1.14236015 1.61078234 103.00000000 -535.760601501654 -535.539271059594 1863  6310.589930
1.08008947 1.85992539 103.00000000 -535.767106278294 -535.613840770598 1864  4882.956449
0.96446195 1.83735090 108.76664317 -535.779430672757 -535.619758298565 1865  2178.064468
0.96446195 1.72486428  59.43940575 -535.724585271262 -535.543900148694 1866 14215.238964
1.04624929 1.69739362 103.00000000 -535.781538416897 -535.578517147723 1867  1715.468091
0.96446195 1.90787215 101.37478975 -535.775320243584 -535.634644585551 1868  3080.199412
0.96446195 1.64861409 111.87344480 -535.786963864152 -535.571854561249 1869   524.720033
1.03724994 2.10576688 103.00000000 -535.748568747987 -535.660101295489 1870  8951.474154
1.17621773 1.63765184 103.00000000 -535.754879036119 -535.540949601399 1871  7566.525967
0.96446195 2.05900998 112.11533870 -535.754350706606 -535.657871013644 1872  7682.480895
0.87919880 1.68888476 110.78119056 -535.781623005794 -535.575340836229 1873  1696.902974
0.96412263 1.58660182 103.00000000 -535.783937640474 -535.549064314847 1874  1188.899371
0.90581919 1.68888476 102.72834224 -535.787121760875 -535.578093413995 1875   490.065707
1.13433716 1.68888476  96.49698435 -535.764315874500 -535.560461869790 1876  5495.379304
1.11010967 1.68888476  98.44934885 -535.769904300423 -535.565397740002 1877  4268.861562
1.08679438 2.11760347 103.00000000 -535.739935150562 -535.654214598030 1878 10846.329801
1.08611798 1.68888476  63.75241170 -535.725075478873 -535.537068837910 1879 14107.650828
0.98811007 1.68888476 121.86709729 -535.778195861650 -535.583771095095 1880  2449.074185
0.98902819 1.70560176 103.00000000 -535.787743195986 -535.585726437877 1881   353.676463
0.96446195 2.17935455 119.80105791 -535.737534257709 -535.670514681812 1882 11373.264885
0.96446195 1.89017303 108.33223017 -535.774557793039 -535.630691011255 1883  3247.537967
0.96446195 1.79189008 100.04869604 -535.785309495741 -535.608906050900 1884   887.811937
1.40351082 1.68888476  92.66382843 -535.696569259393 -535.507052230369 1885 20364.042955
0.99848838 1.79845409 103.00000000 -535.782744097247 -535.609543005109 1886  1450.851836
1.01878722 1.68888476 126.84573996 -535.769865904255 -535.582321341139 1887  4277.288547
1.07459714 1.84216124 103.00000000 -535.769564258473 -535.610896670155 1888  4343.492145
0.85249419 1.62205597 103.00000000 -535.775295172338 -535.545557135961 1889  3085.701914
0.96446195 1.85206389 143.65885907 -535.735856484581 -535.615314479142 1890 11741.493531
0.96446195 1.54799143 134.75154814 -535.760162996856 -535.546136456303 1891  6406.830611
0.76822683 1.68888476 117.46060494 -535.730361912015 -535.526195099878 1892 12947.412841
0.96446195 1.72444112 103.20606282 -535.788498924613 -535.591745476694 1893   187.813198
0.99987487 1.68888476  74.47850369 -535.759384968346 -535.558229461302 1894  6577.588135
1.00463704 1.68062023 103.00000000 -535.786598725417 -535.577581514059 1895   604.858724
1.19673052 1.68888476  87.62382530 -535.744545038119 -535.544375453929 1896  9834.576411
0.96446195 1.93655078 122.72030498 -535.757935557959 -535.635709591826 1897  6895.696951
1.36999468 1.68888476 114.95469293 -535.704258343067 -535.519474294514 1898 18676.484119
0.84848609 1.63389818 103.00000000 -535.774790324327 -535.548247891325 1899  3196.503248
0.90599085 1.46140686 103.00000000 -535.752069045641 -535.498051878133 1900  8183.247603
0.96446195 1.89533342 125.79771978 -535.758639358902 -535.627436820014 1901  6741.230496
1.11170528 1.68888476 107.67934888 -535.769492649104 -535.567790899662 1902  4359.208586
1.34589068 1.68888476  89.56888590 -535.709295226315 -535.516316176813 1903 17571.016004
0.87713349 1.68888476 127.04249122 -535.767701554399 -535.575895231907 1904  4752.308443
1.05163338 1.68888476  95.18476367 -535.778908197003 -535.572493698538 1905  2292.734643
0.96446195 1.61947375 140.59197354 -535.756143078224 -535.568911827282 1906  7289.100787
0.96446195 1.64434072 125.12933864 -535.776717101646 -535.572841871709 1907  2773.624498
1.13445689 1.63378895 103.00000000 -535.763967097794 -535.547132786732 1908  5571.926945
1.07651699 1.68888476  82.00137447 -535.762738085994 -535.560184457596 1909  5841.663861
1.25333330 1.78616953 103.00000000 -535.734721923591 -535.563000060810 1910 11990.500890
0.87802843 1.68888476 109.61425027 -535.781868229599 -535.574925317249 1911  1643.082569
1.08451071 1.85646757 103.00000000 -535.766641056490 -535.612405744468 1912  4985.060835
1.13133896 1.67747940 103.00000000 -535.766084524450 -535.560074816516 1913  5107.205501
1.06556981 1.68888476 121.38153535 -535.769197320805 -535.576782363589 1914  4424.025656
0.96446195 1.77344167 133.08971680 -535.760314335833 -535.603141826302 1915  6373.615544
0.83376070 1.68888476  99.57969103 -535.770452502033 -535.559320712577 1916  4148.545214
0.96446195 1.51771113 116.63253236 -535.771515189743 -535.531598159880 1917  3915.312216
0.99593678 1.51680552 103.00000000 -535.769436920146 -535.525003896088 1918  4371.439678
0.90868082 2.00156239 103.00000000 -535.762756067721 -535.648447866545 1919  5837.717328
1.05414418 1.68888476  93.94619394 -535.777875177433 -535.571570501843 1920  2519.456237
0.96446195 1.59301542 129.18693825 -535.770738232921 -535.558937290568 1921  4085.834532
1.06964812 1.68888476 104.58515432 -535.777830167094 -535.573520668408 1922  2529.334865
0.88956023 1.76569518 103.00000000 -535.782349924934 -535.597180878638 1923  1537.362661
0.92791619 1.68888476 109.70289256 -535.787590777452 -535.581844521275 1924   387.128465
0.96446195 1.57193490 138.06073185 -535.758002788551 -535.554470396390 1925  6880.941541
1.48441239 1.70846417 103.00000000 -535.679257430550 -535.499260929471 1926 24163.550278
0.96446195 1.87347481  81.34676414 -535.771629702908 -535.621145108726 1927  3890.179481
1.13224827 1.98359086 103.00000000 -535.745121187154 -535.627372446114 1928  9708.126311
0.96446195 1.67942134  74.27739270 -535.759557723809 -535.554824893014 1929  6539.672692
0.96446195 1.80018490 121.73269302 -535.772511017492 -535.610055095421 1930  3696.753284
1.42054179 1.65448823 103.00000000 -535.693315104905 -535.502232702453 1931 21078.247324
0.91549842 1.68888476 124.63068640 -535.775523580553 -535.581978333917 1932  3035.572105
1.21745975 1.68888476 117.68008580 -535.740405522526 -535.550083935318 1933 10743.095086
0.93125067 1.52469471 103.00000000 -535.773330287027 -535.525688963084 1934  3516.944402
1.20551955 1.55196415 103.00000000 -535.737204784199 -535.515983226333 1935 11445.575963
0.79687002 1.68888476 152.21635974 -535.701848784531 -535.547805738837 1936 19205.321100
0.86109584 1.68888476 106.39046391 -535.779023585762 -535.570243503251 1937  2267.409738
0.90705656 1.68888476  99.28222975 -535.786757428258 -535.577060803919 1938   570.027475
0.96446195 1.60286644 107.65300938 -535.785891680164 -535.556498121453 1939   760.037223
0.96446195 1.79536341  79.57980884 -535.772703160059 -535.599365680042 1940  3654.582864
0.96446195 1.86923062  89.02850415 -535.777243900883 -535.624353611092 1941  2658.005427
1.10973885 1.68888476 111.85080001 -535.768242242985 -535.568919641313 1942  4633.641013
0.82912640 1.95618218 103.00000000 -535.748567066186 -535.621483651501 1943  8951.843267
1.18276080 1.68888476 118.70294410 -535.747772904792 -535.556983713724 1944  9126.141549
0.82361064 1.73688562 103.00000000 -535.765640013872 -535.570254035204 1945  5204.764298
0.96446195 1.80012682 110.12078604 -535.781905237802 -535.611369213170 1946  1634.960207
1.13725617 1.68888476  65.77221504 -535.722398951795 -535.535265276340 1947 14695.080632
1.20695272 1.68888476 123.32142037 -535.737719951882 -535.553230274054 1948 11332.509724
0.96446195 2.22350636  86.65032140 -535.744260139713 -535.677442832023 1949  9897.104384
1.10674786 1.95444840 103.00000000 -535.753150803618 -535.627334243047 1950  7945.829165
0.80482687 1.68888476 133.59380651 -535.735022024826 -535.549788912387 1951 11924.636281
0.93535877 2.09199386 103.00000000 -535.755111550145 -535.663311322207 1952  7515.495036
0.95208293 1.68888476 137.71099498 -535.759263392477 -535.585444381881 1953  6604.270954
0.96446195 1.60050544 100.01007827 -535.784460073498 -535.552144522331 1954  1074.238574
0.86293383 1.91843779 103.00000000 -535.763561438621 -535.625660585959 1955  5660.958844
0.96446195 1.53833751 128.06219782 -535.766613788277 -535.541520278614 1956  4991.045516
0.96446195 1.60541249  58.09329492 -535.693353250656 -535.487441242546 1957 21069.875300
1.19757022 1.80263478 103.00000000 -535.747115887486 -535.578871523733 1958  9270.340183
0.96446195 1.76506566 124.26591041 -535.772580072943 -535.602227631264 1959  3681.597364
0.96446195 1.85547200 110.88065852 -535.776548797610 -535.623361171781 1960  2810.562965
0.99187245 1.68888476  85.89964491 -535.778059656676 -535.571460572708 1961  2478.967722
0.94814726 1.66737313 103.00000000 -535.789229527387 -535.574877587484 1962    27.464420
1.18891749 1.68888476 109.75921092 -535.751913618903 -535.554094025102 1963  8217.359830
0.88201163 1.64583640 103.00000000 -535.783174511250 -535.560898947156 1964  1356.386880
1.17003312 1.55727363 103.00000000 -535.747205532430 -535.521148432634 1965  9250.665392
0.96446195 1.60180264  91.69355075 -535.778587122883 -535.546655657135 1966  2363.202269
0.96446195 1.57982887 117.87489797 -535.780077425027 -535.552360766830 1967  2036.118749
1.15521930 1.68888476 122.73178436 -535.750238518885 -535.562762566733 1968  8585.001795
1.02408287 1.53988003 103.00000000 -535.771682650017 -535.531639722196 1969  3878.558934
1.06166205 1.68888476 133.53592946 -535.755042388146 -535.578834144540 1970  7530.674341
1.10154522 1.83491565 103.00000000 -535.765345303267 -535.604913965977 1971  5269.445801
0.96446195 1.70293918  62.96851716 -535.732936116570 -535.543171994996 1972 12382.440235
0.99464972 1.65854487 103.00000000 -535.787133551231 -535.571545874569 1973   487.478023
0.80966531 1.67305368 103.00000000 -535.760818531714 -535.544995724219 1974  6262.957337
0.83012804 1.71477944 103.00000000 -535.769062866974 -535.566707155555 1975  4453.534862
0.89787936 1.68888476 132.35933482 -535.764141942422 -535.580047556264 1976  5533.552984
1.12827346 1.68888476 101.24737613 -535.766723024837 -535.563260164100 1977  4967.070862
1.11069434 1.49542363 103.00000000 -535.744563100916 -535.513245024220 1978  9830.612085
0.77695441 1.66523408 103.00000000 -535.742007359599 -535.523116782972 1979 10391.532479
0.96446195 1.96280260 127.31109344 -535.749937171092 -535.638502590136 1980  8651.139992
0.92952275 1.62514346 103.00000000 -535.787206352266 -535.560542532697 1981   471.500043
1.02605921 1.68888476 110.45499371 -535.782661430321 -535.579886248261 1982  1468.995129
1.10735148 1.70034079 103.00000000 -535.770983507007 -535.570533352831 1983  4032.003091
0.96446195 1.87630273 103.12445382 -535.777980239765 -535.628291227323 1984  2496.397720
0.96480764 1.48120843 103.00000000 -535.760835649968 -535.512055648261 1985  6259.200315
0.96446195 1.62583713 113.75434737 -535.785432318776 -535.565494368053 1986   860.855396
1.02322956 1.68888476 118.20984879 -535.778120602289 -535.581138433408 1987  2465.591706
0.94784180 1.88382915 103.00000000 -535.777385842975 -535.629774813449 1988  2626.852739
0.96446195 1.85263851 137.17496345 -535.746764725238 -535.616601955270 1989  9347.411389
0.95120904 1.82663250 103.00000000 -535.782580803450 -535.617476610220 1990  1486.690682
0.80347613 1.68888476  92.07785292 -535.753401923339 -535.541625864542 1991  7890.714756
1.00788217 1.57329491 103.00000000 -535.779227298594 -535.543562652522 1992  2222.699938
0.93775425 1.68888476  82.24110180 -535.774410704264 -535.567665681449 1993  3279.820222
1.23807889 1.68888476 104.20293495 -535.741429706729 -535.542915553972 1994 10518.312632
1.04916275 1.68888476 102.95286985 -535.781150228091 -535.575729071120 1995  1800.665688
0.96446195 1.79638654  97.55789935 -535.784869148429 -535.609545367267 1996   984.457002
0.96446195 1.70810911  85.35777655 -535.779402747035 -535.577918180575 1997  2184.193455
0.96446195 1.82878018  79.90477287 -535.772228800736 -535.608834083090 1998  3758.692704
0.96446195 1.83293029  80.00919185 -535.772197191507 -535.610014668523 1999  3765.630128
1.09938985 1.68888476 123.07433518 -535.761456731775 -535.572177643663 2000  6122.888611
0.87481585 1.68888476 103.55375371 -535.782400341596 -535.572939191715 2001  1526.297482
0.96446195 1.81958225 122.43092912 -535.770017159764 -535.613931905549 2002  4244.091800
0.90231321 1.68702371 103.00000000 -535.786748321160 -535.577150446362 2003   572.026253
0.97013558 1.68888476 125.66306678 -535.775155104037 -535.584495412455 2004  3116.443354
0.92098840 1.55808027 103.00000000 -535.779397261413 -535.536791474389 2005  2185.397410
0.90990751 1.60510396 103.00000000 -535.784395787238 -535.551922765902 2006  1088.347777
0.89203417 2.04443712 103.00000000 -535.755872342291 -535.652588925533 2007  7348.520457
1.03044163 1.68888476  87.42983550 -535.775960203142 -535.570015417796 2008  2939.744521
1.13750082 1.72383617 103.00000000 -535.764403611316 -535.571567166383 2009  5476.123299
1.13582141 1.68888476  73.99684151 -535.739208699876 -535.543980763340 2010 11005.767301
0.96446195 2.09003578  86.45035895 -535.756463720950 -535.662640959145 2011  7218.727842
0.82990468 1.68888476 115.05841893 -535.765600876023 -535.560967801824 2012  5213.354064
0.96446195 1.72277198 108.61108022 -535.787348333080 -535.592150962196 2013   440.338855
0.96446195 1.42339957 116.01704163 -535.739003289512 -535.498084631456 2014 11050.849666
1.30789198 1.81292626 103.00000000 -535.719430493693 -535.556694468027 2015 15346.581892
1.07157079 1.68888476 129.36888079 -535.759101655181 -535.576972568049 2016  6639.768188
0.95283071 1.68888476  90.20975154 -535.783899921414 -535.575337459405 2017  1197.177748
0.96446195 1.93280835 115.50485364 -535.765243578385 -535.637201664905 2018  5291.771832
0.96446195 1.62862722  78.35143224 -535.761869607734 -535.541455735190 2019  6032.272811
0.93666589 1.68888476  90.76011059 -535.784138347151 -535.575117608290 2020  1144.849347
1.26959530 1.64522099 103.00000000 -535.732507391802 -535.525600374883 2021 12476.534447
1.08259055 2.00186803 103.00000000 -535.752591541008 -535.639254812739 2022  8068.573123
1.00313371 1.68888476  66.28779036 -535.739826227354 -535.544947564559 2023 10870.235683
0.96446195 2.12783427 105.33227374 -535.750943932191 -535.667749191917 2024  8430.181467
0.96446195 1.71357652 143.10698439 -535.748875161718 -535.591866987219 2025  8884.224112
1.06192263 2.03973287 103.00000000 -535.751962433836 -535.648100929511 2026  8206.646190
0.96446195 1.93494422 127.61888414 -535.752351793615 -535.633717813485 2027  8121.191594
0.84361890 1.69430293 103.00000000 -535.774239695041 -535.565676476046 2028  3317.352409
0.84797738 1.70117844 103.00000000 -535.775493525171 -535.569163053929 2029  3042.168499
0.96446195 1.70779343 119.67144650 -535.780793656099 -535.588957923554 2030  1878.924196
0.96446195 2.03078551 122.79691425 -535.748265999934 -535.650813295441 2031  9017.919673
1.10577518 1.68888476 108.85586919 -535.770295866917 -535.569013502025 2032  4182.922649
0.96446195 1.92505993  96.67766056 -535.774134017393 -535.637768657003 2033  3340.545973
1.09096235 1.68888476  59.89608213 -535.713871694118 -535.531206285158 2034 16566.597402
0.96446195 1.57360008  70.56214545 -535.730734593714 -535.504562679151 2035 12865.618661
0.93479225 1.68888476  76.08930079 -535.763689512829 -535.559708550501 2036  5632.849804
0.96446195 1.73295471 118.49456410 -535.780596567757 -535.595159601282 2037  1922.180088
0.84933912 1.77605561 103.00000000 -535.772603979390 -535.590190194581 2038  3676.350505
0.87943636 1.68888476 115.47725798 -535.779055434346 -535.575879567737 2039  2260.419781
0.91992683 1.68888476 100.79413161 -535.788172777657 -535.579010100186 2040   259.394182
1.06960801 2.04788727 103.00000000 -535.749914938784 -535.648091813199 2041  8656.019420
0.96446195 1.59822232 103.39685918 -535.785268355511 -535.553161429246 2042   896.841174
0.87524337 1.85475531 103.00000000 -535.772781634152 -535.615617986983 2043  3637.359791
1.19471953 1.68888476 117.19126835 -535.746202032494 -535.554420714108 2044  9470.908174
0.92666516 1.68888476 139.87665140 -535.755431141783 -535.584288292799 2045  7445.352778
0.77999841 1.68675634 103.00000000 -535.744028289322 -535.531908120847 2046  9947.989664
0.96446195 1.51634616  98.75516433 -535.768635864587 -535.521498370977 2047  4547.251055
1.06922569 1.68888476  86.24150884 -535.769140482031 -535.564722234605 2048  4436.500326
0.96446195 1.53673810 110.96638235 -535.776918749345 -535.535942510869 2049  2729.367943
1.18828044 1.77081449 103.00000000 -535.751196429566 -535.573392999913 2050  8374.764698
0.96446195 1.56822583  73.78311990 -535.738659491458 -535.508764269984 2051 11126.304618
0.96446195 1.63187267 102.34918551 -535.787662778333 -535.563702394317 2052   371.326098
0.96446195 1.58600449 109.13181784 -535.784162654797 -535.551593803286 2053  1139.514435
0.96446195 1.68170939 111.30310943 -535.787300356799 -535.581268221791 2054   450.868432
1.09780835 1.70672681 103.00000000 -535.772746899271 -535.573851461880 2055  3644.983217
1.04461365 1.77743891 103.00000000 -535.778894779807 -535.599993653184 2056  2295.679378
0.96446195 1.96240096 102.46064690 -535.769419090660 -535.644588628671 2057  4375.352798
1.26979066 1.68888476  93.69581626 -535.731228487371 -535.532897629507 2058 12757.221531
1.00452502 1.68888476 110.96963456 -535.784789356233 -535.581725289193 2059  1001.969366
1.09888987 1.68888476 124.36842253 -535.760164822139 -535.572426499123 2060  6406.430008
1.04024066 1.66127760 103.00000000 -535.782114733204 -535.568671525578 2061  1588.981280
1.44655322 1.68195309 103.00000000 -535.688259596671 -535.501615944712 2062 22187.803151
0.96446195 1.52932738  92.74283651 -535.766006020222 -535.520759033596 2063  5124.435188
1.20445158 1.68888476 102.75297270 -535.749639469548 -535.549280580087 2064  8716.477930
0.96446195 1.67452329 102.62611899 -535.789081507755 -535.577130444212 2065    59.950975
1.08172657 1.52051213 103.00000000 -535.758181171704 -535.521411141174 2066  6841.790964
0.96446195 1.78604378 116.37354801 -535.778754012050 -535.607680840505 2067  2326.574330
0.96446195 1.73055166 119.66873750 -535.779670328893 -535.594564732492 2068  2125.466025
0.96446195 1.77609634 110.00136829 -535.783772670606 -535.605729349126 2069  1225.106073
0.96446195 1.62514900  67.45707323 -535.733577496877 -535.520640777279 2070 12241.673526
1.05383262 1.95621452 103.00000000 -535.761920116716 -535.636131988795 2071  6021.187370
1.37229828 1.79819331 103.00000000 -535.704243458651 -535.539153645536 2072 18679.750870
0.98371373 1.86331139 103.00000000 -535.778460022595 -535.625012786505 2073  2391.097558
1.02507488 1.54028714 103.00000000 -535.771640903263 -535.531714055102 2074  3887.721287
1.10887389 1.68888476  68.92823517 -535.734034688167 -535.541816291093 2075 12141.331634
1.08152696 1.68888476 106.03090902 -535.775573507003 -535.572176538540 2076  3024.614515
0.88140468 1.66055778 103.00000000 -535.783476636769 -535.565467993860 2077  1290.077991
0.96446195 1.66212846 141.74112255 -535.753764099669 -535.580140369635 2078  7811.226238
1.00154365 1.68888476  88.48204079 -535.780044844680 -535.573039574353 2079  2043.269309
0.96446195 1.68880056 128.85731632 -535.771506435240 -535.584724570794 2080  3917.233608
0.90735530 1.74478330 103.00000000 -535.785771754063 -535.594247170469 2081   786.357960
1.29751602 1.61109486 103.00000000 -535.722570714611 -535.513864052222 2082 14657.383051
1.02183922 1.68888476 136.38766763 -535.756471693185 -535.583268534513 2083  7216.978138
0.96446195 1.71200415  72.66406864 -535.758964822411 -535.564244740123 2084  6669.799511
0.84383160 1.73583738 103.00000000 -535.773107593570 -535.577698187487 2085  3565.819967
1.17594994 1.68888476 104.86069578 -535.756188273840 -535.555460736694 2086  7279.181496
0.81993957 1.68888476 132.89838955 -535.742983453085 -535.557213690027 2087 10177.304717
0.95751782 2.04535664 103.00000000 -535.760460647449 -535.657565575856 2088  6341.503856
0.96446195 2.01873455  89.34203385 -535.764073686856 -535.652966504490 2089  5548.533349
0.96446195 1.73636046  79.18717204 -535.771955595696 -535.581040984988 2090  3818.654280
1.11429671 1.94468005 103.00000000 -535.752694700562 -535.624259133399 2091  8045.932217
0.96446195 1.72703342 132.18648352 -535.765056491225 -535.593657045297 2092  5332.832719
1.00426408 1.99375695 103.00000000 -535.763780859604 -535.647828518001 2093  5612.801504
0.96446195 1.57938412  90.81817221 -535.774280654281 -535.537630713520 2094  3308.362895
1.03818917 1.59228187 103.00000000 -535.777927057753 -535.547498437559 2095  2508.069823
0.96446195 1.64918894  59.73430300 -535.711999251826 -535.512930021198 2096 16977.550991
0.95530338 1.90758325 103.00000000 -535.775058160818 -535.634586170135 2097  3137.719931
0.96446195 2.21533616  97.49602710 -535.744822264327 -535.677282549742 2098  9773.732290
0.96446195 1.84510091 106.46530762 -535.779771778764 -535.621584190342 2099  2103.200351
0.78060785 1.89382411 103.00000000 -535.729986445718 -535.584248993349 2100 13029.818170
0.96446195 1.81052381  72.27832029 -535.761689796123 -535.595566241828 2101  6071.736899
1.06044084 1.68888476  80.52528286 -535.763155775405 -535.560729309773 2102  5749.991630
1.11038088 1.68888476  97.62412643 -535.769608326511 -535.565034277882 2103  4333.820329
0.75421666 1.85093400 103.00000000 -535.714567341035 -535.555285581336 2104 16413.920548
1.04955943 1.68888476 133.00272154 -535.757691852610 -535.580134774873 2105  6949.184094
1.12261376 1.68888476  62.28822706 -535.716406267239 -535.532693162877 2106 16010.322890
0.98656616 1.68888476 139.63161558 -535.754833084595 -535.585731818964 2107  7576.611161
0.93884844 1.61450267 103.00000000 -535.786768682777 -535.557630218595 2108   567.557394
0.96446195 1.63298294  80.51265234 -535.766630250611 -535.546123859574 2109  4987.432451
0.87734865 1.68888476 113.54300192 -535.779876612300 -535.575267985374 2110  2080.192049
0.96446195 1.70750182  95.52124038 -535.787410504782 -535.584326040410 2111   426.693744
0.96446195 1.71894771  83.46547319 -535.777412715802 -535.579740913597 2112  2620.954835
0.92588376 1.68888476 113.99550488 -535.785368673216 -535.582246087064 2113   874.823982
1.03713820 1.68176541 103.00000000 -535.782841407557 -535.575051394339 2114  1429.494691
0.99497724 1.68888476 116.63948624 -535.782216350402 -535.583003121847 2115  1566.678882
1.04578269 1.68888476 122.69612616 -535.770958195721 -535.579316998095 2116  4037.558276
0.99221450 1.80433629 103.00000000 -535.782807014544 -535.611335375317 2117  1437.043085
0.75970935 1.58825850 103.00000000 -535.725226067093 -535.483863375290 2118 14074.600533
0.91956849 1.83397104 103.00000000 -535.780778114557 -535.617585256719 2119  1882.335170
1.07189898 1.68888476  89.61168237 -535.771967962092 -535.566755569385 2120  3815.940170
0.96446195 1.74497714  79.53035644 -535.772646486387 -535.584166670988 2121  3667.021298
0.95136196 1.68888476  60.14291241 -535.720973653149 -535.530101610653 2122 15007.897533
0.96446195 1.84546671  80.94312226 -535.772676241080 -535.613996075873 2123  3660.490897
0.96446195 1.97003364  90.34502269 -535.769022299585 -535.645039709485 2124  4462.438375
0.96446195 1.84915404 106.27453353 -535.779477896196 -535.622466003747 2125  2167.700121
0.87774720 1.68888476 112.72279263 -535.780409860977 -535.575269359319 2126  1963.157490
0.99718283 1.68888476  58.05275774 -535.714016785849 -535.527868296742 2127 16534.753447
0.90056932 1.51496351 103.00000000 -535.768724459866 -535.518102245295 2128  4527.806639
0.96850555 1.64283311 103.00000000 -535.788159906123 -535.567451688737 2129   262.219157
0.96446195 1.84954774 106.76540646 -535.779241526719 -535.622522920694 2130  2219.577225
0.96446195 1.82187263  78.51623054 -535.770789050174 -535.605734819154 2131  4074.681433
0.95373825 1.77986304 103.00000000 -535.786013017723 -535.606305541230 2132   733.406706
0.96446195 1.73823363  83.83917132 -535.778164195595 -535.586187003671 2133  2456.024081
1.19629661 1.79530414 103.00000000 -535.747894482431 -535.577467414950 2134  9099.458341
1.32622663 1.69460302 103.00000000 -535.719382055328 -535.526028340830 2135 15357.212884
0.96446195 1.61887339 112.41408896 -535.785727696159 -535.563041825172 2136   796.027552
0.84968973 1.76072815 103.00000000 -535.773659722342 -535.586324291630 2137  3444.641706
1.02474412 1.94477476 103.00000000 -535.766889517541 -535.637682429318 2138  4930.529936
0.96446195 1.68190204  82.30417121 -535.774231832496 -535.566130978801 2139  3319.078039
1.20909114 1.68888476 110.97941963 -535.746617378721 -535.550383723379 2140  9379.750213
1.07092143 1.68888476  69.12629941 -535.740192063963 -535.545842590734 2141 10789.943826
0.89720792 1.58227534 103.00000000 -535.780624041487 -535.542211691816 2142  1916.150301
1.09602483 1.68888476 124.72654005 -535.760311912034 -535.572907944617 2143  6374.147507
0.95396771 1.92638732 103.00000000 -535.773137543295 -535.638147274304 2144  3559.246762
1.20554706 1.68888476  95.08721689 -535.747633376004 -535.546381324864 2145  9156.764579
0.76994870 1.68888476  57.38029807 -535.652567141420 -535.460632242377 2146 30021.391753
0.96446195 1.56492253  64.07194315 -535.705544636232 -535.484822449483 2147 18394.175395
0.96446195 2.06942547 102.68362890 -535.757944310199 -535.660843714167 2148  6893.776056
0.98378558 2.24119036 103.00000000 -535.740559563715 -535.678526655457 2149 10709.286952
1.12708828 1.68993559 103.00000000 -535.767043466494 -535.564285279966 2150  4896.742046
0.96446195 1.54482967  56.32005904 -535.661425243141 -535.448391852616 2151 28077.263108
0.96446195 1.40986273 112.72121832 -535.731390809171 -535.491177542535 2152 12721.596013
1.16429794 1.78499438 103.00000000 -535.755860182750 -535.581678686367 2153  7351.189168
0.96446195 2.11022163  85.06601947 -535.754173936806 -535.664911275065 2154  7721.277382
1.05324011 1.66007393 103.00000000 -535.780182368300 -535.566828316681 2155  2013.086363
1.19494691 1.73661275 103.00000000 -535.751120534043 -535.563597689977 2156  8391.421840
1.31832276 1.55126685 103.00000000 -535.708094119160 -535.502728065933 2157 17834.628559
0.96446195 1.74193353  85.94300399 -535.780435936213 -535.589023547345 2158  1957.434637
0.95341799 2.00893966 103.00000000 -535.764364206985 -535.652170955774 2159  5484.771550
0.96446195 1.77005331 121.85072882 -535.774857431983 -535.603555649209 2160  3181.774819
0.96446195 1.60761113  82.68752306 -535.766902424360 -535.539202680945 2161  4927.697217
0.96446195 1.60636637 112.87837957 -535.784809251085 -535.559305296075 2162   997.602950
0.84254157 1.66364175 103.00000000 -535.773870018921 -535.555882050385 2163  3398.486941
1.24899587 1.68793827 103.00000000 -535.738792755342 -535.540117246966 2164 11097.056576
1.10880558 1.68888476  71.97857528 -535.740351537406 -535.545411250732 2165 10754.943451
0.96446195 1.81896323  79.86234232 -535.772497672854 -535.606173418447 2166  3699.682094
0.96446195 1.87670884  67.40419217 -535.752683644404 -535.607289961310 2167  8048.358764
0.90223804 1.68888476 130.31204918 -535.767408134976 -535.580586074456 2168  4816.706564
0.83495172 1.68888476 114.51381998 -535.767807921244 -535.562900378015 2169  4728.963618
0.96446195 1.76586257 102.23927751 -535.786766311868 -535.602651281259 2170   568.077748
0.96446195 1.84842539 132.33108467 -535.754578757623 -535.617090775906 2171  7632.429481
0.96446195 1.96796358 115.58054341 -535.761426312057 -535.643201143832 2172  6129.564968
1.14427357 1.68888476 110.84433290 -535.761545380103 -535.562746611694 2173  6103.432552
0.83406658 1.68888476  76.50875475 -535.745382198723 -535.539121475729 2174  9650.840892
0.91360438 1.68888476  84.29745443 -535.775804701218 -535.567778635794 2175  2973.873249
1.08370900 1.91504291 103.00000000 -535.761305955271 -535.624212489768 2176  6155.980230
1.08630361 1.75190113 103.00000000 -535.773505610651 -535.587685108632 2177  3478.465313
0.95460688 1.68888476 105.33803371 -535.789191419306 -535.582106194668 2178    35.828178
0.96446195 1.56409186 105.92626605 -535.781504280485 -535.542928259828 2179  1722.960168
0.96446195 1.66574042 129.09400209 -535.771898453624 -535.579010635753 2180  3831.195516
0.96446195 1.53898896  88.39560753 -535.762448171889 -535.519578218164 2181  5905.292654
1.19980568 1.87066895 103.00000000 -535.741244576787 -535.592916159631 2182 10558.943958
1.54436442 1.65582077 103.00000000 -535.670442330482 -535.489103822079 2183 26098.241151
0.96446195 1.74782255 127.88959951 -535.769447037248 -535.598221860201 2184  4369.219231
0.83790300 1.69212330 103.00000000 -535.772360039335 -535.563006810033 2185  3729.889160
0.96446195 1.85949724 116.53723739 -535.771965099633 -535.623189603190 2186  3816.568407
0.88127084 1.68888476  89.29797040 -535.777125575071 -535.567156779946 2187  2683.974942
1.15591882 1.59446671 103.00000000 -535.755962413780 -535.532577657626 2188  7328.752050
0.96446195 1.67430297  90.79820236 -535.783726912934 -535.571092723009 2189  1235.148721
0.96446195 1.73868746  85.76591864 -535.780259787475 -535.587899225920 2190  1996.094817
0.96446195 1.68065203 115.59404780 -535.784866425699 -535.581548819309 2191   985.054573
0.96446195 1.65220161 132.63051206 -535.767517321475 -535.576022172809 2192  4792.742897
0.98252267 2.20055822 103.00000000 -535.744242020947 -535.674999992340 2193  9901.080994
1.20854771 1.68888476  88.61498563 -535.742650881342 -535.542663473114 2194 10250.295779
1.04594156 1.68888476 126.08294728 -535.767212521529 -535.579655284147 2195  4859.638754
0.97334869 1.68888476 125.57516431 -535.775113994634 -535.584450581528 2196  3125.465825
1.25824286 1.82157755 103.00000000 -535.731162639264 -535.569747172345 2197 12771.673520
1.41652685 1.68888476  94.94670578 -535.694397900099 -535.505507394453 2198 20840.601244
0.87764237 1.68888476 107.49701803 -535.782444422583 -535.574477650096 2199  1516.622823
0.96446195 1.89355351 120.64037094 -535.764614863731 -535.628688413157 2200  5429.758752
0.98214011 1.68888476  84.40610437 -535.776845737742 -535.570455311305 2201  2745.392138
0.83099766 1.90404126 103.00000000 -535.754918115494 -535.612543099481 2202  7557.949036
0.75731597 1.68888476 118.35405641 -535.721259905284 -535.517582485823 2203 14945.072450
1.11573811 1.70980930 103.00000000 -535.769201033851 -535.571703760456 2204  4423.210737
1.30935791 1.68888476  86.37384495 -535.715827997774 -535.521875186706 2205 16137.238370
1.02840909 1.58145703 103.00000000 -535.777946943109 -535.544865489329 2206  2503.705491
0.86013407 1.68888476  85.04514593 -535.767681195923 -535.558339375662 2207  4756.776612
1.10143434 1.79956256 103.00000000 -535.767999345927 -535.596904501371 2208  4686.950756
1.28222941 1.68888476 103.53516181 -535.730479996654 -535.533742325506 2209 12921.496258
0.90402115 1.68888476 119.16220668 -535.779816202418 -535.580328892916 2210  2093.450486
0.88506124 1.68888476 108.71843042 -535.783433091513 -535.576194900417 2211  1299.635071
0.96446195 1.57091191  79.20196692 -535.752847765949 -535.519504179494 2212  8012.338247
0.96446195 1.87096749  94.99044652 -535.778968044085 -535.626481905202 2213  2279.599727
1.26953612 1.68888476  94.51502145 -535.731709465593 -535.533279858298 2214 12651.659011
0.96446195 1.79908086 131.18537562 -535.760852969560 -535.608290310575 2215  6255.399103
1.34732368 1.56998869 103.00000000 -535.704261442332 -535.501467578665 2216 18675.803909
0.92953400 1.94643442 103.00000000 -535.770391591091 -535.640993696596 2217  4161.913621
1.06386579 1.82650901 103.00000000 -535.772587026880 -535.609022822798 2218  3680.071151
0.96446195 1.57650367 103.58779219 -535.782815323160 -535.545954171542 2219  1435.219555
1.34316424 1.62672813 103.00000000 -535.711946225550 -535.509647281255 2220 16989.188914
0.96585357 1.56968693 103.00000000 -535.781667475148 -535.543325170266 2221  1687.143079
0.96446195 1.84527714  71.10611284 -535.759509817748 -535.603867690912 2222  6550.186858
1.10189533 1.68888476 100.12129280 -535.771866393713 -535.567340560142 2223  3838.231853
1.06670487 1.57068197 103.00000000 -535.770756211975 -535.537817224103 2224  4081.888585
1.09370903 1.64778125 103.00000000 -535.772845271430 -535.557686043073 2225  3623.393023
0.96446195 1.72710510 117.54889411 -535.781722783016 -535.593729540302 2226  1675.004404
0.89015336 1.90043741 103.00000000 -535.771043618062 -535.627954594752 2227  4018.810239
0.95586056 1.68888476  89.78753172 -535.783511815948 -535.575091442069 2228  1282.357054
1.30694386 1.51257259 103.00000000 -535.704144066966 -535.501869694750 2229 18701.564824
0.96446195 1.91930210  97.37656106 -535.774682189661 -535.636721864122 2230  3220.236064
0.85560633 1.54030268 103.00000000 -535.765988031030 -535.517206174496 2231  5128.383360
1.19564023 1.68888476 123.80736150 -535.739878056320 -535.555479814974 2232 10858.860539
1.10848280 1.75940265 103.00000000 -535.768995235359 -535.585928956099 2233  4468.378286
1.19890790 1.64587300 103.00000000 -535.749959917860 -535.539007798804 2234  8646.147654
1.22196343 1.68888476  77.35231272 -535.726216012712 -535.532951321913 2235 13857.332579
0.96446195 1.55084223 116.29754454 -535.777528597119 -535.542572394929 2236  2595.521825
1.09741815 1.68888476 114.51303895 -535.769101666661 -535.571323976284 2237  4445.019315
0.96446195 1.72818070 144.01835342 -535.746290135153 -535.594944975209 2238  9451.571875
0.96446195 1.69019247 122.51137741 -535.778724373801 -535.584645902744 2239  2333.079174
1.05930012 1.68888476 124.34191075 -535.767148267217 -535.577907037134 2240  4873.740945
1.46631328 1.68888476  95.04684842 -535.681148713145 -535.497942080747 2241 23748.461720
0.78545502 1.57555618 103.00000000 -535.741725740055 -535.497955670598 2242 10453.340825
1.00019283 2.17022020 103.00000000 -535.745984534224 -535.670953459464 2243  9518.643528
0.96446195 1.73805227  99.08558058 -535.787902547080 -535.594501658449 2244   318.702940
1.05906546 1.68888476 107.31272854 -535.779070931709 -535.575575159840 2245  2257.018503
1.01143953 1.68888476  91.16999074 -535.781454343239 -535.574231033348 2246  1733.920127
0.84728973 1.68888476  71.81765965 -535.739376023068 -535.536038155251 2247 10969.044104
1.09469203 1.68888476 123.08464467 -535.762335835803 -535.572892434237 2248  5929.947575
0.96248277 1.95343934 103.00000000 -535.770237342628 -535.643019379609 2249  4195.767246
1.18977782 1.51906224 103.00000000 -535.730878714602 -535.511464417902 2250 12833.987782
0.87488681 1.67550658 103.00000000 -535.782424278906 -535.568730894717 2251  1521.043850
0.96446195 1.87167154 100.85155288 -535.778891138399 -535.627301644035 2252  2296.478574
1.26110727 1.61328372 103.00000000 -535.732337307613 -535.519942676588 2253 12513.863612
1.20005098 1.80556697 103.00000000 -535.746335708320 -535.579006255232 2254  9441.569721
0.96446195 1.91181299  97.60510533 -535.775400582307 -535.635282088950 2255  3062.567100
0.94328695 1.56615672 103.00000000 -535.781444681001 -535.541399456440 2256  1736.040743
1.01116721 1.96550809 103.00000000 -535.766146246818 -535.642600869092 2257  5093.659007
1.39511636 1.68888476  99.78401741 -535.701480734455 -535.510630073543 2258 19286.098756
1.08513834 1.86714605 103.00000000 -535.765586058912 -535.614536496015 2259  5216.606044
1.23358705 1.68888476 124.65545705 -535.729882044297 -535.548379770451 2260 13052.731634
1.10769901 1.81308031 103.00000000 -535.765848191951 -535.598950228697 2261  5159.074490
0.96446195 1.74905589  89.85520080 -535.783690162857 -535.593736163197 2262  1243.214431
1.32666918 1.68888476  87.90553018 -535.712835999866 -535.519260555037 2263 16793.906020
0.84136178 1.68888476  83.14187533 -535.759493763360 -535.550442207542 2264  6553.710389
1.04202770 1.91333973 103.00000000 -535.767934681527 -535.629923603431 2265  4701.142952
0.86916535 1.99191153 103.00000000 -535.757127372572 -535.640102608136 2266  7073.073144
0.96446195 2.12971681  93.21302718 -535.753410735193 -535.668519355320 2267  7888.780778
0.80759458 1.68888476 120.21257388 -535.751929564935 -535.551009883200 2268  8213.860080
1.16821239 1.68888476  84.51210608 -535.747838600059 -535.547681304911 2269  9111.723105
0.97222654 1.68888476 113.26162730 -535.785884798055 -535.583443285619 2270   761.547671
0.96446195 1.80738903  73.33687185 -535.763479669795 -535.596000997587 2271  5678.905027
0.96446195 1.82937228 104.58624569 -535.781806844726 -535.618158783793 2272  1656.554991
0.96446195 1.59652402 112.34821112 -535.784297339585 -535.556063189327 2273  1109.954540
0.97064994 1.99812532 103.00000000 -535.765285661008 -535.650318492093 2274  5282.535764
1.04228098 1.68888476 114.19090690 -535.778539111004 -535.578757419218 2275  2373.739658
1.16196380 1.68888476 125.89395847 -535.745278680416 -535.562093646600 2276  9673.560535
0.96446195 1.64190051  65.61575915 -535.731180683401 -535.523856041788 2277 12767.713290
0.96446195 1.94272951  76.84960326 -535.763078048614 -535.633173597020 2278  5767.050689
0.86998495 1.68888476  99.64728191 -535.780945988942 -535.570530901699 2279  1845.491001
0.96446195 1.49536151  81.62290211 -535.735107007680 -535.491757500318 2280 11905.984700
0.96446195 1.66742103 106.26100245 -535.788857633623 -535.576082022732 2281   109.085669
0.96446195 1.51338385  88.55000187 -535.755413788909 -535.509711560633 2282  7449.161294
1.12329372 1.68888476  88.97995353 -535.761884866889 -535.558504916609 2283  6028.923813
0.96446195 1.87241752  92.71039564 -535.778370619561 -535.626275623431 2284  2410.719256
0.85174803 1.72305444 103.00000000 -535.776027773407 -535.576671419225 2285  2924.914562
0.96446195 1.99850268  89.71905397 -535.766130991888 -535.649778283142 2286  5097.007077
1.07833096 2.03010774 103.00000000 -535.750352081575 -535.644187886884 2287  8560.077665
0.96446195 1.65306910  92.23824906 -535.783866435151 -535.565020669627 2288  1204.527134
0.96446195 1.75151986 107.22515186 -535.786492406674 -535.599536614951 2289   628.192991
0.96446195 1.61871891  84.93596510 -535.772163437084 -535.546139306657 2290  3773.038367
0.98270969 1.68888476  55.07220166 -535.702287651746 -535.519429311242 2291 19109.000878
1.06981308 1.68888476  78.71759411 -535.758927835728 -535.557766331329 2292  6677.917149
0.96446195 1.71314233  67.47194066 -535.746875699028 -535.555967353235 2293  9323.055457
0.93791510 1.72263815 103.00000000 -535.788594847028 -535.590691266346 2294   166.760661
0.96446195 1.74653523  77.32299493 -535.769314326151 -535.582197678105 2295  4398.345951
0.90446883 1.68888476 107.16722035 -535.786534517277 -535.579017553593 2296   618.950782
0.96446195 1.61829040  86.43101773 -535.774284000188 -535.547616924343 2297  3307.628553
0.96446195 1.70052399 138.48637014 -535.757199465232 -535.588381404443 2298  7057.250634
1.12263222 1.91599775 103.00000000 -535.753908830307 -535.617518686783 2299  7779.461534
1.30320111 1.68888476 122.33473536 -535.715088674254 -535.534258172238 2300 16299.501130
1.06196069 1.68888476 100.48939747 -535.778992631754 -535.573345680417 2301  2274.203357
0.96446195 2.07061822  95.39865341 -535.759285371642 -535.661254421069 2302  6599.447085
0.96446195 1.65502998  99.50586244 -535.788049735349 -535.569855000486 2303   286.398848
0.96446195 1.54679753 112.98917415 -535.778210421208 -535.540116574338 2304  2445.878732
0.96446195 1.70278745 108.81795525 -535.787915379374 -535.586754608918 2305   315.886577
0.99843710 1.68888476 108.00967037 -535.786443369227 -535.581599843803 2306   638.955467
0.96446195 1.61590463  90.50988961 -535.779042279954 -535.550698042255 2307  2263.306837
0.82285187 1.76025567 103.00000000 -535.764102697987 -535.576245683842 2308  5542.166142
0.81335053 1.68888476  75.85590983 -535.735354553429 -535.529139045069 2309 11851.654687
1.12868629 1.68888476  88.14737824 -535.760037496514 -535.557067647914 2310  6434.374753
1.11328100 1.75389913 103.00000000 -535.768308956490 -535.583705064141 2311  4618.999090
0.96446195 2.07305406 108.45688732 -535.755063346322 -535.660507359252 2312  7526.074553
0.76088120 1.57421729 103.00000000 -535.724498819987 -535.479636192298 2313 14234.212826
0.96446195 1.45651994  78.18016412 -535.708121917242 -535.467692501178 2314 17828.527585
1.02427979 1.69367216 103.00000000 -535.784481147910 -535.579789859781 2315  1069.613275
0.95323920 1.68888476 130.01007458 -535.770251204935 -535.584685818676 2316  4192.724821
0.82165187 1.68888476 129.81650053 -535.747792006149 -535.557894303855 2317  9121.949286
1.44963535 1.68888476 100.52553984 -535.687499110943 -535.501512196802 2318 22354.710479
1.06939898 1.68888476 113.02190184 -535.775026161724 -535.575216498839 2319  3144.742921
1.24113868 1.68888476  92.98380285 -535.737927634222 -535.538365900083 2320 11286.928718
0.96446195 1.55128977  54.39362082 -535.653142890809 -535.443955077345 2321 29895.029366
1.19356212 1.77806571 103.00000000 -535.749571487297 -535.574020590463 2322  8731.398310
0.75874094 1.73562793 103.00000000 -535.727114757869 -535.530389925389 2323 13660.080813
0.92118052 1.83629484 103.00000000 -535.780696103454 -535.618245652011 2324  1900.334527
0.85188938 1.73099910 103.00000000 -535.775772201830 -535.578946875665 2325  2981.006041
0.96446195 1.76552398 120.78529134 -535.776294654996 -535.602647881891 2326  2866.340822
0.88045283 1.80920713 103.00000000 -535.777757216457 -535.606322206261 2327  2545.345679
1.11591659 1.68888476 122.83806987 -535.758456512854 -535.569530858218 2328  6781.360565
0.96446195 1.52333449  83.26500565 -535.748661155376 -535.506215603461 2329  8931.193076
0.96446195 1.84557468  97.43254129 -535.781319362914 -535.621266670500 2330  1763.544884
1.20210188 1.55640554 103.00000000 -535.739069927136 -535.517099095014 2331 11036.224397
1.12461313 1.68888476 146.89962233 -535.721598001614 -535.573766140152 2332 14870.868881
0.96446195 1.66332821 106.58684237 -535.788762294317 -535.574948716600 2333   130.010228
0.96446195 1.67751262  65.07571185 -535.735695300619 -535.537508144375 2334 11776.869322
0.96446195 2.01883346 121.93291376 -535.750320174816 -535.649311546996 2335  8567.080390
0.96446195 1.65794813 111.66827486 -535.787179227684 -535.574544176318 2336   477.453200
0.96446195 1.58274031 136.87517631 -535.760341971300 -535.557503378908 2337  6367.550260
1.14663303 1.68888476 119.05510760 -535.755599483413 -535.563712342542 2338  7408.406060
0.96446195 1.75629947  93.59112258 -535.785663228163 -535.597656553387 2339   810.176642
0.94525290 1.53269034 103.00000000 -535.775387617138 -535.529640211425 2340  3065.412626
0.93066645 1.90497431 103.00000000 -535.774761273449 -535.633322549852 2341  3202.879178
0.83081465 1.72951793 103.00000000 -535.768809416164 -535.571170040282 2342  4509.160886
1.14988262 1.81463607 103.00000000 -535.757059378813 -535.591403203153 2343  7087.996050
0.96446195 2.03451609  92.02417501 -535.762933904774 -535.655858370101 2344  5798.686606
0.96446195 1.92043373 130.82320774 -535.749592410582 -535.630062423646 2345  8726.806180
1.08982259 1.70937656 103.00000000 -535.774194076491 -535.575843924925 2346  3327.364524
1.05617626 1.89449357 103.00000000 -535.767766977626 -535.624423375702 2347  4737.949704
0.96978272 1.50618127 103.00000000 -535.768377999840 -535.521170934801 2348  4603.845826
0.88261661 1.79231743 103.00000000 -535.779430669235 -535.602651004393 2349  2178.065241
0.96446195 1.75926667 139.23520307 -535.751902869716 -535.600304442013 2350  8219.719004
0.96446195 1.84181835 125.56292558 -535.764280463184 -535.617609090763 2351  5503.151190
0.93028622 1.44791845 103.00000000 -535.747857685353 -535.496431618717 2352  9107.534367
1.47726584 1.68490912 103.00000000 -535.680231869873 -535.497350795625 2353 23949.685563
0.94382710 1.68888476 103.26907181 -535.789317344219 -535.581295768507 2354     8.190853
1.45842044 1.58457748 103.00000000 -535.684601084689 -535.497275222875 2355 22990.753734
0.96446195 1.90468243  74.33673593 -535.762395837259 -535.622549544929 2356  5916.778778
0.96446195 1.72899713 106.42144632 -535.787798877989 -535.593544810076 2357   341.455676
1.14452138 1.68888476  97.86082710 -535.762607544224 -535.559172013697 2358  5870.314469
1.15379119 1.68888476 104.40590561 -535.761235240454 -535.559547475652 2359  6171.500338
1.28488280 1.75316583 103.00000000 -535.728557734967 -535.548434377229 2360 13343.383941
0.71141396 1.76256557 103.00000000 -535.678263224407 -535.489832996391 2361 24381.753309
0.96446195 1.72306670 109.72556063 -535.786887150821 -535.592344299544 2362   541.556663
0.80543774 1.68888476  97.86205032 -535.757676562926 -535.545839088375 2363  6952.539791
1.03305459 1.68888476  81.66899531 -535.768556359402 -535.564696817537 2364  4564.700427
0.91335011 2.07818732 103.00000000 -535.755000378107 -535.659953224131 2365  7539.894479
1.10625626 1.55216668 103.00000000 -535.760358733940 -535.527781945818 2366  6363.871286
1.01996096 1.48534347 103.00000000 -535.757546844229 -535.514205513883 2367  6981.009755
0.74792095 1.86714895 103.00000000 -535.707478802817 -535.553291658767 2368 17969.674889
0.96446195 1.69829993  73.76953220 -535.760216446830 -535.560995721846 2369  6395.099698
1.07343656 1.47239669 103.00000000 -535.743687846626 -535.509357009364 2370 10022.708201
0.95242916 2.16246765 103.00000000 -535.748458973317 -535.671852788115 2371  8975.566910
1.09535054 1.74321465 103.00000000 -535.772214246410 -535.583995647233 2372  3761.887009
0.73395707 1.47099632 103.00000000 -535.676830093256 -535.412372036052 2373 24696.289246
1.09267797 1.68888476 132.81949476 -535.750649794201 -535.574626768625 2374  8494.737295
1.26678070 1.48629015 103.00000000 -535.706023021887 -535.501156782214 2375 18289.181878
1.17986171 1.68888476 127.87125109 -535.738850505596 -535.559221594351 2376 11084.381860
0.85913192 1.68888476 137.67342797 -535.749230866939 -535.571920132315 2377  8806.155839
1.35179296 1.74178685 103.00000000 -535.712142034899 -535.531385462052 2378 16946.213728
1.29173850 1.84181016 103.00000000 -535.721316028079 -535.566402147151 2379 14932.754920
1.19514679 1.74881132 103.00000000 -535.750623840359 -535.566602684354 2380  8500.433505
0.96446195 1.72355825  99.02784350 -535.788295536197 -535.590397589908 2381   232.451796
0.99022338 1.94726744 103.00000000 -535.769740907085 -535.640973770205 2382  4304.722256
0.96446195 1.63284822 131.52974909 -535.769053409161 -535.570722705992 2383  4455.610612
0.99875037 1.68888476 122.69170837 -535.776521085356 -535.583324270048 2384  2816.645102
0.96446195 1.77765698 110.28856276 -535.783513459332 -535.606099825634 2385  1281.996373
0.96446195 1.79127350 121.60909499 -535.773404050497 -535.608187296991 2386  3500.755191
1.03624830 1.79584290 103.00000000 -535.778859586934 -535.605467633220 2387  2303.403321
1.10632672 1.68888476  88.13711630 -535.764468416024 -535.560722815178 2388  5461.900309
1.46055032 1.68888476  95.57188210 -535.683009583264 -535.498821796435 2389 23340.047929
0.89473916 2.01338465 103.00000000 -535.759662284691 -535.648432731261 2390  6516.724231
1.17009170 1.68612089 103.00000000 -535.757644568555 -535.555333447212 2391  6959.561744
0.99273860 1.68888476 115.38426620 -535.783291865530 -535.582988198737 2392  1330.630592
1.01655854 1.46837618 103.00000000 -535.751671505786 -535.508894100530 2393  8270.497518
0.96446195 1.77081793 123.32811751 -535.773198542584 -535.603571140302 2394  3545.858965
0.96446195 1.60766069  63.80148143 -535.717210844250 -535.504417852770 2395 15833.738644
1.04986770 1.40471485 103.00000000 -535.714450904571 -535.487163116835 2396 16439.475399
0.94416665 2.02401103 103.00000000 -535.762623023248 -535.654301508215 2397  5866.917216
1.09907770 1.68888476 147.15856154 -535.726291636917 -535.577503866485 2398 13840.734984
0.96446195 1.66221249  97.61292064 -535.787618370482 -535.571244294768 2399   381.072495
0.99804675 1.68888476 105.20838410 -535.787063639859 -535.581012011281 2400   502.821796
1.04198618 1.62614999 103.00000000 -535.780330625752 -535.557779158855 2401  1980.547612
0.96446195 1.64410240  68.31708651 -535.739789599121 -535.530443689381 2402 10878.274651
0.96446195 1.84281086  71.26007157 -535.759796279853 -535.603390083620 2403  6487.315692
1.12219170 1.81763947 103.00000000 -535.762644926163 -535.597376928992 2404  5862.110081
1.13190548 1.94037593 103.00000000 -535.749607382018 -535.620157990965 2405  8723.520329
0.79633710 1.61386003 103.00000000 -535.751829661774 -535.518322097405 2406  8235.786290
0.96446195 1.89634363 114.25174619 -535.770089090102 -535.630836168788 2407  4228.304915
0.96446195 1.84448543  77.02923818 -535.768235631018 -535.610330250781 2408  4635.092172
0.96446195 1.57793828 108.37071361 -535.783363928895 -535.548651326382 2409  1314.814511
0.96446195 1.56516920  72.08588235 -535.732964604290 -535.504005664209 2410 12376.187903
0.96446195 2.09039881  87.50061005 -535.756686652288 -535.662927005922 2411  7169.800068
1.06921171 1.68888476 145.91467517 -535.733935791450 -535.580851920660 2412 12163.036955
1.11101581 1.82554245 103.00000000 -535.764267088972 -535.601177258503 2413  5506.086490
0.96962987 1.65173530 103.00000000 -535.788449696677 -535.570231597545 2414   198.617481
0.98128314 2.03696812 103.00000000 -535.760718320309 -535.655813459510 2415  6284.951199
1.11869325 1.68888476  82.08437139 -535.755219533274 -535.554184493401 2416  7491.795478
1.19749761 1.68137166 103.00000000 -535.751244355966 -535.548743085568 2417  8364.246069
1.17123137 1.54007766 103.00000000 -535.743259763120 -535.517407304885 2418 10116.661672
0.96446195 1.74355162 124.44902117 -535.773907227015 -535.597449864349 2419  3390.320708
0.96446195 1.53182072 136.11907749 -535.756337419608 -535.541074290666 2420  7246.447783
0.96446195 1.82446708 107.66513664 -535.781090922080 -535.616997859155 2421  1813.681853
1.00317187 1.68888476 104.03323208 -535.786718806339 -535.580390155458 2422   578.504007
0.93129360 1.68888476 132.11416508 -535.767139065150 -535.583809520163 2423  4875.760566
0.96446195 1.78632762  81.40439538 -535.775072426350 -535.598439883398 2424  3134.589009
0.89972453 1.82666589 103.00000000 -535.779381740402 -535.613680235400 2425  2188.803879
0.96446195 1.84638004  73.39419085 -535.763130124732 -535.606962726277 2426  5755.621302
0.91781922 1.77619822 103.00000000 -535.784993712654 -535.603581166174 2427   957.118315
0.86508860 1.40056999 103.00000000 -535.715056132654 -535.460824882677 2428 16306.643186
1.11204216 1.86143867 103.00000000 -535.761094788077 -535.608730042361 2429  6202.326073
0.86093248 1.68888476  88.05622535 -535.771423838008 -535.561311030104 2430  3935.361605
1.07896460 1.82824679 103.00000000 -535.769953241963 -535.607152819036 2431  4258.120136
0.77536358 1.85072920 103.00000000 -535.730803164583 -535.571593376380 2432 12850.569095
1.17051460 1.68888476 128.07286690 -535.740732766312 -535.560962708258 2433 10671.273375
1.18365091 1.76894644 103.00000000 -535.752365319824 -535.573900817304 2434  8118.222935
0.96446195 1.70705381  91.67397994 -535.785211149218 -535.582164201373 2435   909.396504
0.96446195 1.87136648 114.49063327 -535.772459872423 -535.625961718891 2436  3707.978329
0.87668594 1.68888476 104.93861684 -535.782698105100 -535.573713356097 2437  1460.945946
0.96446195 1.62493190 104.01424880 -535.787474944774 -535.562171335647 2438   412.550800
0.96446195 1.69637308  85.49490689 -535.779184655103 -535.574183598280 2439  2232.059103
0.91713090 1.68888476 124.45523938 -535.775838898743 -535.582141106681 2440  2966.367760
1.31621898 1.68888476  94.13376402 -535.719751055886 -535.523786156822 2441 15276.226621
1.02269776 1.68888476 112.17753277 -535.782251617597 -535.580463688864 2442  1558.938627
1.38188282 1.55961941 103.00000000 -535.696598492451 -535.500290947254 2443 20357.627040
1.24413182 1.68888476 111.63474370 -535.737787062364 -535.543514869061 2444 11317.780676
0.96446195 1.79771528  73.11766201 -535.763083812336 -535.592873075566 2445  5765.785699
0.96446195 1.69539349 106.53551909 -535.788715071832 -535.584284059462 2446   140.374366
1.05485060 1.42551501 103.00000000 -535.724801054943 -535.494780052387 2447 14167.879920
0.96446195 1.89372673 101.98520024 -535.776580746892 -535.631847693122 2448  2803.550908
0.97797367 1.67278413 103.00000000 -535.788522136655 -535.576522010979 2449   182.718743
0.96446195 1.52283414 101.94511988 -535.772359860083 -535.526234035673 2450  3729.928501
1.00540346 1.92284630 103.00000000 -535.771093242952 -535.635487603909 2451  4007.918834
0.90099346 1.69267000 103.00000000 -535.786555194996 -535.578650772275 2452   614.412547
0.96446195 1.67112579  94.81236082 -535.786511715109 -535.572615552716 2453   623.955279
1.16882812 1.68888476  74.01639106 -535.732618845625 -535.539093909945 2454 12452.073160
1.09226830 1.68888476 104.51353899 -535.773833727200 -535.570176460635 2455  3406.452053
0.93883788 1.92961770 103.00000000 -535.772562895947 -535.638400889952 2456  3685.367279
0.96446195 1.82071889  99.51863650 -535.783300331961 -535.615818640214 2457  1328.772425
0.96446195 1.60574304 102.55102929 -535.785797874992 -535.555249875959 2458   780.625079
0.99192657 1.68888476  90.80745724 -535.782865690205 -535.575180347579 2459  1424.165266
0.96446195 1.65474845  95.67536598 -535.786352870788 -535.567786571127 2460   658.817579
0.96446195 1.64862796 124.96762015 -535.776894526815 -535.573986088334 2461  2734.684174
0.76187528 1.68888476  64.72812482 -535.673823822098 -535.474819557792 2462 25356.089512
0.97606009 1.73055422 103.00000000 -535.787871277885 -535.593182228892 2463   325.565735
0.96446195 1.94067014  81.20851911 -535.767040446460 -535.635776477140 2464  4897.404867
0.95299892 1.68888476 118.72941173 -535.782506978935 -535.583946016449 2465  1502.893291
1.00049677 1.68888476  78.54659646 -535.766918702451 -535.563505828765 2466  4924.124589
1.07083683 1.68888476  97.90161885 -535.776943908594 -535.571191108559 2467  2723.846126
0.88421018 1.68888476  86.80914330 -535.775038863992 -535.565671438750 2468  3141.955095
0.96446195 1.92921156 117.92091462 -535.763523678540 -535.635911586542 2469  5669.246224
0.97161914 1.68888476  84.60549323 -535.777568824275 -535.570835314717 2470  2586.692984
0.96446195 1.65651281  95.90757142 -535.786565392092 -535.568496839394 2471   612.174543
1.36352117 1.68888476 102.81440520 -535.709841355809 -535.517404515940 2472 17451.154433
0.96446195 1.87843206  90.03936181 -535.776992474622 -535.626784656839 2473  2713.187114
0.96446195 1.81517009  85.45961496 -535.778185053494 -535.609369737396 2474  2451.446301
1.07754552 1.68888476 111.97914349 -535.774192415773 -535.573913789521 2475  3327.729009
0.93344865 2.01052465 103.00000000 -535.763702838686 -535.651847803918 2476  5629.925116
0.96446195 1.53601932  88.58016257 -535.761966869002 -535.518643132773 2477  6010.926430
0.87030010 1.68888476 109.48777649 -535.780339924039 -535.573160828568 2478  1978.506874
1.07030822 1.72549119 103.00000000 -535.777254234452 -535.583141504635 2479  2655.737471
0.87838159 1.62466075 103.00000000 -535.781496150074 -535.553193773992 2480  1724.744587
0.96446195 1.57348067  79.18256104 -535.753400956953 -535.520534593910 2481  7890.926853
0.79055527 1.68888476  91.19690217 -535.745546332279 -535.533670659852 2482  9614.817740
1.00981251 1.68888476  93.75134251 -535.783383140438 -535.575869353015 2483  1310.598065
0.96446195 1.86417389  95.94948581 -535.779663971106 -535.625173733840 2484  2126.861398
1.43961231 1.79426042 103.00000000 -535.687750985283 -535.523774848418 2485 22299.430450
0.71079666 1.63632097 103.00000000 -535.680184557603 -535.451122135201 2486 23960.069406
0.96446195 1.71311009 117.90981154 -535.782097503788 -535.590239301519 2487  1592.762700
1.42580202 1.68888476 112.44044837 -535.691552754888 -535.508602518543 2488 21465.038452
1.07503483 2.04029921 103.00000000 -535.749831193199 -535.646177341169 2489  8674.399452
0.96446195 1.77950396 127.81512502 -535.767101488659 -535.604888295734 2490  4884.007652
1.06929095 1.62488030 103.00000000 -535.775988483245 -535.554217196899 2491  2933.537756
1.08395025 1.48250775 103.00000000 -535.745651861355 -535.511510012930 2492  9591.656784
0.84595900 1.94857979 103.00000000 -535.755441710694 -535.626245315902 2493  7443.033170
0.69428534 1.51511273 103.00000000 -535.643239320681 -535.383345107320 2494 32068.611809
0.96446195 1.72108496  99.58487088 -535.788444020678 -535.589865180813 2495   199.863219
0.96446195 1.80711507 124.04118440 -535.769338589723 -535.611096282242 2496  4393.020712
0.88074000 1.68888476  77.51038728 -535.760272767237 -535.554335500128 2497  6382.738797
0.96446195 1.81967267 108.97705413 -535.780882912135 -535.615858597513 2498  1859.334760
0.97968284 1.68888476  64.51666924 -535.735639404032 -535.541434787531 2499 11789.137205
0.84345061 1.68888476  59.15113964 -535.698022070360 -535.504992831810 2500 20045.187797
1.34057799 1.68888476 113.35669122 -535.712663472100 -535.524690497826 2501 16831.771489
0.96446195 1.68492681 125.29683009 -535.775909335604 -535.583503930307 2502  2950.908656
0.94490586 1.84532093 103.00000000 -535.780927804527 -535.621541240686 2503  1849.482018
0.99710915 1.68888476 113.12783254 -535.784350343481 -535.582490635027 2504  1098.321529
0.96446195 1.71877198 128.82095877 -535.770113456614 -535.591764439861 2505  4222.957084
0.68910470 1.89472567 103.00000000 -535.636174157239 -535.490378742268 2506 33619.235980
1.35842899 1.79603111 103.00000000 -535.707855152315 -535.541768210297 2507 17887.075720
0.84756893 2.01047779 103.00000000 -535.749149166007 -535.637043889425 2508  8824.087121
0.85853236 1.95137558 103.00000000 -535.758871301590 -535.630526220945 2509  6690.324959
1.07538337 1.68888476 109.63418827 -535.775621499060 -535.573817863720 2510  3014.081476
1.09537676 1.69633052 103.00000000 -535.773310466877 -535.571364405381 2511  3521.294422
1.21603243 1.68888476  90.08769394 -535.742064662013 -535.541984995590 2512 10378.956052
0.90434404 1.91472975 103.00000000 -535.771555487221 -535.632812714460 2513  3906.467942
0.96446195 1.45470390  91.77225149 -535.737818479009 -535.490827996435 2514 11310.885519
0.99736405 1.68888476  99.25041417 -535.786807547891 -535.579215081010 2515   559.027487
0.96446195 1.81200248 116.58330851 -535.776397871503 -535.613362118651 2516  2843.687417
0.96446195 1.60581151 109.93103153 -535.785736581638 -535.558237121628 2517   794.077415
0.91520422 1.76511090 103.00000000 -535.785451399707 -535.600487656889 2518   856.667616
0.96446195 1.67656657 125.37334577 -535.776064844416 -535.581390582880 2519  2916.778416
0.86021947 1.76035853 103.00000000 -535.776613126651 -535.589309252468 2520  2796.444372
0.96446195 2.06326401 117.16806419 -535.750196754510 -535.657175793549 2521  8594.168016
0.96446195 1.47473111 106.13228977 -535.760070021870 -535.511824983603 2522  6427.236262
0.96446195 1.68310914 146.00764680 -535.745850201949 -535.585994032383 2523  9548.126055
1.13418866 1.68397428 103.00000000 -535.765537102998 -535.561380720646 2524  5227.350625
0.75263968 1.68888476 105.28927932 -535.723473026044 -535.512197777979 2525 14459.348578
0.85199381 1.42609500 103.00000000 -535.726329769022 -535.468474405418 2526 13832.365954
0.96446195 1.64281739 105.08095490 -535.788386596386 -535.568228617262 2527   212.466395
1.01517594 1.73580803 103.00000000 -535.784591312649 -535.592330499477 2528  1045.434909
0.96446195 1.79767753  98.38383370 -535.784874405893 -535.610043798964 2529   983.303123
1.10781707 1.68888476  81.17609126 -535.756064970016 -535.555053430777 2530  7306.243558
0.98601212 1.68888476  60.45685441 -535.722653846979 -535.532972505089 2531 14639.137605
0.96722674 1.52519604 103.00000000 -535.773318565780 -535.527844474555 2532  3519.516918
1.00049905 1.68888476 116.12733162 -535.782119939504 -535.582638217021 2533  1587.838629
0.73164785 1.68888476 105.32716998 -535.703913703452 -535.492282133733 2534 18752.123772
0.96446195 1.80742151 109.26794293 -535.781761680390 -535.613079438183 2535  1666.467417
0.70146602 1.88425461 103.00000000 -535.654590573592 -535.505570668994 2536 29577.299715
1.33296931 1.68888476 120.81364847 -535.709063234463 -535.528101095741 2537 17621.932331
0.96446195 1.85279745 119.91336436 -535.769481110210 -535.621112443366 2538  4361.741080
0.96446195 1.56142860  71.30429772 -535.729532249749 -535.500680479711 2539 13129.502664
0.81741047 1.68888476  75.84494148 -535.737195407228 -535.531041457345 2540 11447.633971
0.96446195 1.98469786 120.28203894 -535.755438384940 -535.644533309549 2541  7443.763089
0.93273536 1.70971475 103.00000000 -535.788763193952 -535.586759624031 2542   129.812781
0.82492968 1.68888476  57.40886525 -535.683790227801 -535.492309646184 2543 23168.716254
0.96446195 1.63245787 102.05290380 -535.787640346492 -535.563761465292 2544   376.249318
1.18383877 1.78144680 103.00000000 -535.751634609664 -535.576847529144 2545  8278.595281
1.00139031 1.68888476 100.57532540 -535.786719624243 -535.579451488560 2546   578.324498
0.96446195 1.84332838 115.06442815 -535.774762082221 -535.620200486328 2547  3202.701673
1.13885929 1.45793009 103.00000000 -535.723162138697 -535.501875414222 2548 14527.580465
1.02284717 1.68888476 126.72085855 -535.769538241345 -535.581975251517 2549  4349.202245
1.12565173 1.68888476 137.60331481 -535.736997372930 -535.570672589874 2550 11491.097476
0.84606889 1.68888476  94.03081616 -535.772214953909 -535.561040628609 2551  3761.731731
1.04615210 1.89833265 103.00000000 -535.768844336619 -535.626514144032 2552  4501.496732
1.36575140 1.70551991 103.00000000 -535.709321227704 -535.520539304495 2553 17565.309359
0.96446195 1.84669910  84.80335482 -535.776072429193 -535.616952413519 2554  2915.113750
0.95392093 1.68888476 132.32762171 -535.767124351282 -535.584893892095 2555  4878.989887
0.96446195 1.61711752 120.67313834 -535.780438813297 -535.564367406705 2556  1956.803190
0.96446195 1.66710503 142.61174491 -535.752190792963 -535.581518935960 2557  8156.527154
1.03417786 1.77907257 103.00000000 -535.780207490065 -535.601616183527 2558  2007.572772
1.27305364 1.66459904 103.00000000 -535.732401886112 -535.529546515860 2559 12499.690270
0.89110223 1.70801486 103.00000000 -535.784981892711 -535.581613047024 2560   959.712492
0.80062055 1.68888476  80.87269027 -535.738403747681 -535.529600198264 2561 11182.433890
1.02229874 1.73505163 103.00000000 -535.783822377478 -535.591483706795 2562  1214.196675
1.11437647 1.58323618 103.00000000 -535.763554583368 -535.535611762033 2563  5662.463398
1.19857274 1.88942292 103.00000000 -535.739839757290 -535.596872699056 2564 10867.266205
0.96446195 1.85500061 107.12777144 -535.778578271984 -535.623656876492 2565  2365.144817
0.96446195 1.78135198 102.74494164 -535.785792521114 -535.606655446329 2566   781.800119
0.92506121 1.65991874 103.00000000 -535.788436104585 -535.571325980811 2567   201.600601
1.09982466 1.68888476  74.38332874 -535.746494979781 -535.549278698707 2568  9406.613675
0.95912798 1.65829881 103.00000000 -535.788950307351 -535.572283524313 2569    88.746136
0.96446195 1.66530680 125.99387396 -535.775607503871 -535.578547199844 2570  3017.153065
0.93896650 1.54893387 103.00000000 -535.778529696743 -535.535062642013 2571  2375.805850
0.79828449 1.59867304 103.00000000 -535.751651894221 -535.514109255028 2572  8274.801759
0.91541315 1.40227383 103.00000000 -535.722552697775 -535.474673041672 2573 14661.337289
1.06497035 1.68888476  94.10153047 -535.776267829546 -535.570269582052 2574  2872.228328
0.96446195 1.69232317  72.94635452 -535.757923230512 -535.557552864545 2575  6898.402513
1.06325742 1.96273041 103.00000000 -535.759828250150 -535.635906568346 2576  6480.299022
0.96446195 1.60150654 105.22772653 -535.785812842590 -535.555081069208 2577   777.340071
0.96446195 2.05071636 117.84292083 -535.750894383240 -535.655240910331 2578  8441.056205
1.24605549 1.68888476 115.61109050 -535.734969580938 -535.543993986804 2579 11936.146384
0.96647664 1.53100496 103.00000000 -535.774657553590 -535.529878006744 2580  3225.643057
0.96446195 1.62339392  62.50196068 -535.716411560496 -535.508368584264 2581 16009.161154
0.96446195 1.74269607 123.56743550 -535.774954979959 -535.597297230726 2582  3160.365513
0.94316985 1.68888476  92.10027520 -535.785341490839 -535.576309110467 2583   880.789824
1.03159423 1.67264999 103.00000000 -535.783492393141 -535.572951394864 2584  1286.619867
0.85488350 1.68888476  93.14305997 -535.774232246159 -535.563270914188 2585  3318.987250
0.97516976 1.68888476 122.74876472 -535.778092776904 -535.584222577520 2586  2471.698672
1.19738190 1.68888476  83.48554433 -535.740050523675 -535.541640756986 2587 10821.008330
0.93486317 1.50031958 103.00000000 -535.767109773932 -535.516994728463 2588  4882.189245
0.96446195 1.76957072 123.23898632 -535.773394157838 -535.603309047119 2589  3502.926379
0.96446195 1.49998117 119.68799842 -535.765956362021 -535.526474369084 2590  5135.333904
0.96446195 1.71319629  83.64888532 -535.777490766190 -535.578043151999 2591  2603.824754
0.96446195 1.79853341  75.87790045 -535.767534874107 -535.596443342650 2592  4788.890539
0.96446195 1.71949542  80.93395770 -535.774031129942 -535.577419212853 2593  3363.127158
0.96446195 1.83088140  58.48581062 -535.731620105287 -535.578787600522 2594 12671.271331
0.94517198 1.63771244 103.00000000 -535.788288505935 -535.565483467386 2595   233.994761
1.01035393 1.68888476 112.65572844 -535.783369649494 -535.581553862341 2596  1313.558985
1.40189484 1.62826264 103.00000000 -535.695966752848 -535.497179533053 2597 20496.277859
0.96446195 1.86763045  89.42080913 -535.777545527107 -535.624144021725 2598  2591.806122
1.00676208 1.68888476 129.37760925 -535.768003640259 -535.583430794331 2599  4686.008259
0.96446195 1.55305747  93.30566181 -535.772178714397 -535.530226961885 2600  3769.685385
0.96446195 1.77967558 137.90457401 -535.752352023866 -535.604033808923 2601  8121.141060
0.96446195 2.02530058  88.87547878 -535.763324596078 -535.653891100185 2602  5712.939775
0.96446195 1.70060609 118.01505236 -535.782508904789 -535.587049739432 2603  1502.470615
0.96446195 1.59445225 144.61339566 -535.749571528104 -535.562808816513 2604  8731.389354
0.89019728 1.68888476 116.53594893 -535.780113064593 -535.578022606158 2605  2028.296768
1.02852060 1.72491923 103.00000000 -535.783405651931 -535.588130110874 2606  1305.657363
0.97642344 2.12748712 103.00000000 -535.751531859663 -535.667677880555 2607  8301.146300
0.71942060 1.68888476 106.57505446 -535.690584675000 -535.479170861004 2608 21677.507432
0.96446195 1.87161825 134.55727827 -535.749006126011 -535.620480196632 2609  8855.480772
0.97943405 1.68888476 128.28266982 -535.771556870558 -535.584537095411 2610  3906.164335
1.08697920 1.68888476 128.49620523 -535.757502910278 -535.574750043074 2611  6990.652143
0.96446195 2.05425172  90.00177593 -535.760701075285 -535.658438383489 2612  6288.736044
1.01674206 1.68888476 112.46448493 -535.782787069485 -535.581021920999 2613  1441.420520
0.96446195 1.55968916 113.75164747 -535.779858491349 -535.544650515886 2614  2084.169138
0.97627840 1.68888476 111.03170369 -535.786840517053 -535.583059421488 2615   551.791593
0.79809770 2.01120242 103.00000000 -535.727700769884 -535.615719115683 2616 13531.466040
0.96446195 1.79512913 101.15824046 -535.785055369104 -535.609872637801 2617   943.586288
0.96446195 1.53636281 141.69069442 -535.749491562855 -535.543779839391 2618  8748.939698
0.94449436 1.93091039 103.00000000 -535.772575534413 -535.638825489730 2619  3682.593456
1.11592230 1.54500958 103.00000000 -535.756985518083 -535.524696195092 2620  7104.206606
1.02043844 1.75121647 103.00000000 -535.783369144326 -535.595940445651 2621  1313.669856
1.18410704 1.68888476  89.61765004 -535.749195005274 -535.547917558904 2622  8814.026565
0.93319431 1.68888476 117.92578256 -535.782911931607 -535.583090825247 2623  1414.016451
0.98032908 1.68888476  79.64591553 -535.770005801831 -535.565467742731 2624  4246.584578
1.04394915 1.68888476 110.94268889 -535.780059368442 -535.578093256225 2625  2040.081711
1.18968787 1.68325570 103.00000000 -535.753099465166 -535.550774870003 2626  7957.096653
1.15317255 1.68888476  74.53497178 -535.736725302953 -535.541950944644 2627 11550.809935
0.96319421 1.56059083 103.00000000 -535.780365077587 -535.540156480872 2628  1972.986308
0.87667291 1.76422950 103.00000000 -535.780141925893 -535.594315515285 2629  2021.962445
0.96446195 1.68154343  88.74472405 -535.782125921149 -535.571962715785 2630  1586.525810
0.98174324 2.09650623 103.00000000 -535.754452193190 -535.663766453804 2631  7660.207164
0.96446195 1.63066048 125.32568030 -535.776375264051 -535.569085464796 2632  2848.649179
0.96446195 1.70557168  65.80814296 -535.741599169935 -535.549987863381 2633 10481.119756
1.14769214 1.68888476  72.89146168 -535.734898888536 -535.541185391184 2634 11951.661573
0.92140432 1.68888476 102.24265764 -535.788428641868 -535.579619812637 2635   203.238478
1.02556826 1.68888476 115.59033174 -535.779827263202 -535.580641964053 2636  2091.022924
0.95327661 1.68888476 123.77443299 -535.777675317535 -535.584278612359 2637  2563.320415
1.19752129 1.67069104 103.00000000 -535.751086489696 -535.545894911242 2638  8398.893711
0.96446195 1.91844103 107.31046007 -535.772158699619 -535.636226668766 2639  3774.078121
1.00447639 1.68888476  88.83971390 -535.780127178490 -535.573123760464 2640  2025.199126
1.50591122 1.72228127 103.00000000 -535.673960648819 -535.497717650304 2641 25326.059517
1.03501285 1.68888476  72.67451393 -535.752445941501 -535.553739365301 2642  8100.528522
1.37307429 1.68888476  88.94113590 -535.701836467499 -535.511144643031 2643 19208.024376
1.21921077 1.67810273 103.00000000 -535.746006596769 -535.543590349173 2644  9513.801359
0.96446195 1.72755482  83.47899843 -535.777606698006 -535.582512925151 2645  2578.380661
1.12108523 1.49802330 103.00000000 -535.743019404235 -535.513249142358 2646 10169.414351
0.79917827 1.68888476 121.68116365 -535.746248896837 -535.546517759609 2647  9460.622640
0.96446195 1.71906202  82.60489858 -535.776313633343 -535.578963331820 2648  2862.175557
0.96446195 1.60934291 108.70604081 -535.786242585947 -535.558947036567 2649   683.022304
0.96446195 1.53014843 103.99690813 -535.774922328844 -535.530148752944 2650  3167.531604
0.96446195 1.70403465 122.53073058 -535.778179831701 -535.588119018484 2651  2452.592352
1.36560887 1.73603773 103.00000000 -535.708832975049 -535.527205143448 2652 17672.468432
0.93115658 1.94383492 103.00000000 -535.770752038263 -535.640623578681 2653  4082.804609
1.11887191 1.68888476 104.93100989 -535.768603534108 -535.565936772289 2654  4554.346775
0.96446195 1.96574379 117.25920138 -535.760238517555 -535.642363477086 2655  6390.255733
0.96446195 1.82988144 115.77904668 -535.775450686203 -535.617283122079 2656  3051.570566
0.96446195 1.68897296 117.08242887 -535.783608993061 -535.583935947780 2657  1261.029142
1.11551927 1.68888476  95.76842033 -535.767886472686 -535.563403290251 2658  4711.723569
1.07096888 1.69376197 103.00000000 -535.777678871670 -535.574289972210 2659  2562.540373
0.94588371 2.07854971 103.00000000 -535.756855854513 -535.661948175995 2660  7132.664471
0.97167017 1.68888476 131.13534361 -535.768249042419 -535.584909945778 2661  4632.148709
1.21465219 1.68888476 118.50699847 -535.740409821558 -535.550796054321 2662 10742.151558
0.93499171 1.68888476 133.33061556 -535.765567030565 -535.584160590269 2663  5220.782283
1.11971750 1.68888476  93.41696698 -535.765841862198 -535.561594248621 2664  5160.463711
0.94237899 1.68888476 102.47775987 -535.789280503209 -535.581008307984 2665    16.276521
0.96446195 1.53562755  69.58196697 -535.715526450693 -535.484842292532 2666 16203.420306
0.77498423 1.76996633 103.00000000 -535.737266688369 -535.551967826152 2667 11431.989568
0.98880136 1.68888476 121.20725807 -535.778788932893 -535.583691802560 2668  2318.910090
1.14472410 1.90791563 103.00000000 -535.750133445100 -535.611708936319 2669  8608.062826
1.19327599 1.68888476  87.70666066 -535.745425175326 -535.545082673673 2670  9641.408618
0.87684058 1.83875920 103.00000000 -535.774567650269 -535.612422870584 2671  3245.374555
1.34477260 1.68888476  85.35653762 -535.705863736442 -535.514879981995 2672 18324.140993
0.96446195 1.90291766  93.95378052 -535.776013994638 -535.633016054870 2673  2927.938652
0.87763967 1.68888476  87.95201466 -535.775078563637 -535.565309542093 2674  3133.242030
1.20241703 1.68888476 104.97663275 -535.749980273707 -535.550299618683 2675  8641.680062
0.96446195 1.81675940 147.54239014 -535.732173879013 -535.610289758891 2676 12549.732045
0.98652520 1.68888476 103.23420719 -535.788076125589 -535.581076420318 2677   280.606860
0.96446195 1.78082906  79.61505452 -535.772923732266 -535.595193273458 2678  3606.172860
0.96446195 1.74219430 120.62012036 -535.778065076320 -535.597308739938 2679  2477.778248
1.01607572 1.68888476 143.01072308 -535.746563235772 -535.585007278741 2680  9391.633217
0.96446195 1.62871961 103.51542851 -535.787650758394 -535.563182242471 2681   373.964170
1.24983844 1.85088733 103.00000000 -535.730939902274 -535.577787185137 2682 12820.558640
1.25068607 1.73019776 103.00000000 -535.737858447739 -535.550302466495 2683 11302.113396
0.96446195 1.98200506  85.13940606 -535.766052048374 -535.645550984680 2684  5114.333176
0.96446195 1.81555383 111.55056974 -535.779791130591 -535.614744556796 2685  2098.953116
0.96446195 1.71215237  69.35719183 -535.751482388381 -535.558941748306 2686  8312.003991
0.88925459 1.82358806 103.00000000 -535.778124036743 -535.611337919405 2687  2464.837931
0.96446195 1.80369885 131.03542800 -535.760650401066 -535.609191497638 2688  6299.857750
0.96446195 1.61304655 106.85459640 -535.786725341303 -535.559467782878 2689   577.069748
1.05770549 1.66494307 103.00000000 -535.779605979559 -535.567723359715 2690  2139.589071
0.94511761 1.89866075 103.00000000 -535.775884027872 -535.632686600077 2691  2956.463061
1.09607060 1.68888476 111.34736839 -535.771134583930 -535.571028181185 2692  3998.845538
0.87974565 1.68888476  92.91708328 -535.779824960480 -535.569361784493 2693  2091.528313
1.03696781 1.86089997 103.00000000 -535.773581004161 -535.620038315301 2694  3461.918350
0.99209886 1.72401822 103.00000000 -535.787093543112 -535.590734649507 2695   496.258790
0.77264823 1.71386024 103.00000000 -535.738462777376 -535.534872529434 2696 11169.478370
0.96446195 1.55257385 113.30549491 -535.779004121246 -535.542150403938 2697  2271.681705
0.95482203 1.68888476  97.76307978 -535.788413988242 -535.579613204770 2698   206.454577
0.96446195 1.72443354 129.26172749 -535.769207048911 -535.593047014185 2699  4421.890584
1.15081424 1.68888476  80.95570627 -535.747166050348 -535.548017571403 2700  9259.330707
1.13885786 1.59889071 103.00000000 -535.760219450194 -535.536467708248 2701  6394.440535
1.01536137 1.68888476  82.14339056 -535.771205933692 -535.566599594343 2702  3983.186075
0.97067090 1.54968566 103.00000000 -535.778219960317 -535.536468935492 2703  2443.785139
0.96446195 2.12356343  85.41839242 -535.753033531470 -535.666657981574 2704  7971.567427
0.96446195 1.76097255 108.01690591 -535.785659448043 -535.601981320127 2705   811.006283
0.91074594 2.15838245 103.00000000 -535.746551932568 -535.669117583056 2706  9394.113983
0.96446195 1.96460357  89.80227258 -535.769396288753 -535.643937349659 2707  4380.357238
1.15621431 1.68888476 112.00045894 -535.758366030081 -535.560775598703 2708  6801.219239
1.17157109 1.68888476 100.32581506 -535.757140805113 -535.554976389249 2709  7070.125042
0.96446195 1.96003073 109.20973479 -535.766724966013 -535.643326350894 2710  4966.644823
1.03720481 1.68888476 106.45698866 -535.782487425626 -535.577985052168 2711  1507.184746
1.12082166 1.68888476 131.73004177 -535.746666703467 -535.570161872918 2712  9368.924682
1.07151823 1.68888476 116.81302300 -535.772155778340 -535.575446772268 2713  3774.719267
0.93997842 1.46243827 103.00000000 -535.754215369328 -535.503208878558 2714  7712.183994
0.96727704 1.68888476 107.60811506 -535.788459483255 -535.582627595354 2715   196.469576
1.27095340 1.58835318 103.00000000 -535.726595350825 -535.513966439661 2716 13774.077485
1.26726137 1.50474271 103.00000000 -535.710456572155 -535.502812443598 2717 17316.130049
0.97136730 1.69167377 103.00000000 -535.788888182922 -535.582277073960 2718   102.380872
1.02265994 1.68738545 103.00000000 -535.784693010073 -535.578124023029 2719  1023.114904
0.90597806 1.72757044 103.00000000 -535.786330687819 -535.589358589720 2720   663.686178
1.29890613 1.68888476  94.43393424 -535.724286356161 -535.527340709841 2721 14280.843247
0.96446195 2.02070144 119.70376589 -535.752282393708 -535.650310919523 2722  8136.423114
0.96446195 1.92307453 127.02887580 -535.754292993743 -535.631896136484 2723  7695.147404
1.03266585 1.47623876 103.00000000 -535.752511512530 -535.511208172709 2724  8086.137344
0.98414845 2.11250064 103.00000000 -535.752697614239 -535.665595455556 2725  8045.292739
0.90846194 1.82312899 103.00000000 -535.780696318622 -535.613982980339 2726  1900.287303
0.84343658 1.68888476  79.71015523 -535.754697576333 -535.547047635641 2727  7606.351788
0.92621603 1.78202779 103.00000000 -535.785181999168 -535.605737873765 2728   915.794201
1.04000735 1.65461038 103.00000000 -535.781959924107 -535.566695384531 2729  1622.957950
0.94691390 1.68888476  87.62438954 -535.781399745070 -535.573206893389 2730  1745.903040
0.75786127 1.68888476  82.87953661 -535.713105904829 -535.502960062444 2731 16734.668727
0.96446195 1.47319932 106.20318913 -535.759549838476 -535.511323052376 2732  6541.403323
0.96446195 2.04699811  92.24486814 -535.761690864903 -535.657721496797 2733  6071.502329
1.07470788 1.53467206 103.00000000 -535.762828998854 -535.526085938983 2734  5821.710795
1.04318243 1.68026202 103.00000000 -535.781993864141 -535.573947923319 2735  1615.508973
0.96446195 1.70665305  74.29842423 -535.761952405640 -535.564768847669 2736  6014.100771
0.69936740 1.86608102 103.00000000 -535.653702700926 -535.498950236321 2737 29772.165245
0.94174007 1.68888476  63.08564651 -535.730488838647 -535.536216268541 2738 12919.555665
1.15683888 1.68888476  93.59447023 -535.758075126674 -535.555087566641 2739  6865.065158
0.80487194 1.68888476  94.84817685 -535.755977963550 -535.544045750042 2740  7325.339270
1.39572381 1.68888476  88.97217623 -535.696004331143 -535.507271325233 2741 20488.030376
0.96446195 1.79012373 106.36189452 -535.784328331029 -535.609063653279 2742  1103.152704
0.96022601 1.68888476  67.25852232 -535.743539394281 -535.546207758289 2743 10055.289725
0.96446195 1.54268451  75.73616375 -535.736652183386 -535.501369866346 2744 11566.857825
1.00849721 1.68888476 127.60880215 -535.770055857810 -535.583147041862 2745  4235.598560
0.96446195 1.98300461 123.60084698 -535.752190955705 -535.643146360614 2746  8156.491436
1.45626246 1.78657058 103.00000000 -535.684102953602 -535.518777727612 2747 23100.080873
0.96446195 1.96579934  94.23084641 -535.770033712309 -535.644979366995 2748  4240.458936
1.08037716 1.68888476  74.76205314 -535.750411162752 -535.552088135132 2749  8547.110846
0.93871125 1.68888476 120.69370725 -535.780666038512 -535.583579519499 2750  1906.933019
0.96446195 1.68955214 105.61393407 -535.788954145604 -535.582410211171 2751    87.903737
1.13939518 1.68733424 103.00000000 -535.764441359632 -535.561377168907 2752  5467.838501
0.87627810 1.68888476  71.48291368 -535.746187677324 -535.543592667930 2753  9474.058770
1.09332919 1.90468305 103.00000000 -535.760611931868 -535.620648495850 2754  6308.300763
0.96911792 1.61949176 103.00000000 -535.786825259495 -535.559973423084 2755   555.140239
0.82641159 1.68888476 101.61780215 -535.768021624259 -535.557110203804 2756  4682.061227
0.76950934 1.83234394 103.00000000 -535.728366331935 -535.563251664885 2757 13385.392052
1.10387384 1.68888476 101.23301892 -535.771631350326 -535.567387141894 2758  3889.817915
1.50510886 1.68888476 102.00286348 -535.672490900193 -535.493759474321 2759 25648.632061
1.17243041 1.51213470 103.00000000 -535.733767726483 -535.512380440673 2760 12199.922953
1.12013433 1.68888476  65.11573706 -535.723646133589 -535.536170443578 2761 14421.355863
1.02888726 1.86334967 103.00000000 -535.774374358856 -535.621467616653 2762  3287.797118
0.96446195 1.60331560 119.33608275 -535.780836194528 -535.559971206363 2763  1869.588090
0.93393520 1.68888476 105.46329382 -535.788931342809 -535.581404073405 2764    92.908372
1.04336812 1.68888476 106.72471056 -535.781573263249 -535.577360033258 2765  1707.820201
1.08441409 1.68888476 112.70162296 -535.772589603704 -535.573027651513 2766  3679.505604
0.97065214 1.68888476 139.47027281 -535.756015270931 -535.585957625651 2767  7317.151246
1.03749785 1.58208620 103.00000000 -535.776813596177 -535.544306371874 2768  2752.446396
0.96446195 1.78156807  66.64786601 -535.749751620417 -535.578250860508 2769  8691.863659
0.96446195 1.61275038  90.39618367 -535.778554076249 -535.549461882022 2770  2370.455167
0.84694522 1.81194650 103.00000000 -535.769214828504 -535.598277109246 2771  4420.183160
1.12495839 1.68888476 119.66684980 -535.759665987733 -535.567577419738 2772  6515.911507
0.96446195 1.89628457  82.07746371 -535.770856800667 -535.626876390765 2773  4059.811919
0.96446195 1.82457319  69.17641056 -535.756131357993 -535.595404101844 2774  7291.673081
0.90109352 1.86271801 103.00000000 -535.776328029929 -535.621861777769 2775  2859.015871
0.92929929 1.77785922 103.00000000 -535.785613904239 -535.604898958615 2776   821.001993
0.87485489 1.62219506 103.00000000 -535.780660519174 -535.551587076117 2777  1908.144374
1.12230376 1.68888476 116.82021688 -535.762561326631 -535.567609117893 2778  5880.458058
0.96446195 1.58448047 107.22510931 -535.784164350785 -535.550334931705 2779  1139.142208
1.29109677 1.68888476  82.67299952 -535.716510291004 -535.523542187395 2780 15987.492312
0.92027400 1.68888476  76.71691908 -535.764012952357 -535.559342130854 2781  5561.863031
0.96446195 1.53689144 110.05898964 -535.777050368080 -535.535607838493 2782  2700.480969
0.83356861 1.68888476 127.78553713 -535.754949666231 -535.562820159413 2783  7551.024449
1.03724536 1.68888476 133.93975619 -535.758119160663 -535.581541174253 2784  6855.400814
0.96446195 1.44144316  90.88648966 -535.729726844364 -535.484268938680 2785 13086.794082
0.96446195 1.55888169  83.45372802 -535.758797612729 -535.520987435307 2786  6706.497795
0.96446195 1.88437792 120.97290897 -535.765215900209 -535.626891195631 2787  5297.846490
1.40699571 1.74881135 103.00000000 -535.698022545161 -535.521340710370 2788 20045.083590
1.11095595 1.68888476 100.58724189 -535.770168655859 -535.566012180861 2789  4210.842249
1.00469458 2.10564747 103.00000000 -535.752001608665 -535.663423154157 2790  8198.048309
1.14389312 1.62726960 103.00000000 -535.761529831705 -535.543692456444 2791  6106.845031
0.90671681 1.68888476  90.39136208 -535.781791641824 -535.572164890501 2792  1659.891643
0.81515367 2.06834225 103.00000000 -535.730148754763 -535.632691552393 2793 12994.195451
0.94284108 1.84324207 103.00000000 -535.781072763435 -535.621020764223 2794  1817.667215
0.84297861 1.68888476  75.99014433 -535.747447885713 -535.541602909496 2795  9197.474993
1.08354908 1.68888476  82.48738871 -535.762212520901 -535.559690802314 2796  5957.012069
1.04227140 1.68888476 110.46425553 -535.780509936639 -535.578204170524 2797  1941.193421
1.33266734 1.65563435 103.00000000 -535.716843823765 -535.516357412303 2798 15914.290331
0.96446195 1.85490990 121.55825722 -535.767573050385 -535.621129152488 2799  4780.511815
0.96446195 1.89991301  79.31183765 -535.768166293458 -535.625774592062 2800  4650.310007
0.98629636 1.86312484 103.00000000 -535.778325219089 -535.624850296878 2801  2420.683508
0.96446195 1.65196198 111.26944549 -535.787274522527 -535.572709567539 2802   456.538399
0.76007599 1.58645038 103.00000000 -535.725320273484 -535.483502069558 2803 14053.924620
1.45962492 1.68888476 107.89199102 -535.684609526238 -535.501667600062 2804 22988.901028
0.77848603 1.68888476  82.02075596 -535.726986987952 -535.517423384819 2805 13688.123069
0.96446195 1.75432847  97.34454466 -535.786990673367 -535.598472194950 2806   518.836090
0.96446195 1.52334922 117.06704525 -535.772469224130 -535.533650920382 2807  3705.925867
0.96446195 2.02393740 110.16619793 -535.759278405874 -535.653296895374 2808  6600.975894
1.23746298 1.72890763 103.00000000 -535.741143604852 -535.552789141360 2809 10581.104737
0.99031340 1.49881634 103.00000000 -535.764957310706 -535.518894988169 2810  5354.600327
0.76627851 1.53758131 103.00000000 -535.722674473394 -535.469817954728 2811 14634.610630
1.11066133 1.68888476 104.75645853 -535.770273144431 -535.567277857671 2812  4187.909658
1.03356114 1.68888476 123.08881782 -535.772251645907 -535.580640979344 2813  3753.678768
0.87466071 1.67088676 103.00000000 -535.782344806221 -535.567254037401 2814  1538.486088
0.86382871 1.68888476  59.90174190 -535.707206499671 -535.513820055955 2815 18029.438523
1.07395519 1.72376010 103.00000000 -535.776687115948 -535.582149821008 2816  2780.205598
0.95672846 1.68888476  99.85713991 -535.788967949295 -535.580476421512 2817    84.874177
0.75074350 1.68888476  94.57953605 -535.719288681179 -535.506499203003 2818 15377.706142
1.07280415 1.68888476 134.98661102 -535.751065678398 -535.577708267421 2819  8403.461263
1.11661381 1.63276254 103.00000000 -535.767625343396 -535.549742184899 2820  4769.034825
0.86417569 1.68888476  78.78089704 -535.759003697842 -535.552140092285 2821  6661.267340
1.12984907 1.68888476 102.16271266 -535.766454970151 -535.563264394648 2822  5025.902066
0.85190537 1.84657906 103.00000000 -535.767707045311 -535.607782967857 2823  4751.103327
0.97889994 1.66125905 103.00000000 -535.788273823814 -535.572997431370 2824   237.217114
0.96446195 2.08841124  85.19420653 -535.756249575977 -535.662098158230 2825  7265.727232
1.36867875 1.68888476 100.06512510 -535.708306971901 -535.515609872035 2826 17787.912781
1.05886613 1.68888476 116.88698588 -535.774177089608 -535.577121951178 2827  3331.092714
1.07067280 2.23340165 103.00000000 -535.731753366277 -535.668426524642 2828 12642.023924
1.12035697 1.68888476 138.55360317 -535.736585833750 -535.571739370951 2829 11581.419888
1.05701968 1.68888476  79.16015136 -535.761555892802 -535.559695571674 2830  6101.125281
0.96446195 1.88349063 135.68986545 -535.746112983215 -535.622121133935 2831  9490.452232
0.96446195 2.20103481  98.02331488 -535.746042338391 -535.675957613659 2832  9505.956979
0.96446195 1.58489352  97.51730382 -535.781252581033 -535.545173957003 2833  1778.201813
0.96446195 1.60676990 112.80595432 -535.784865531243 -535.559410453673 2834   985.250883
0.96446195 1.62505402  88.16948632 -535.777355562825 -535.551845184309 2835  2633.498463
0.96446195 1.69162122  94.16830822 -535.786624829054 -535.578768832437 2836   599.129637
1.03008168 2.01714598 103.00000000 -535.758664655486 -535.648955720043 2837  6735.678537
1.47536870 1.69635005 103.00000000 -535.681292110226 -535.499017133611 2838 23716.989698
0.97459378 1.59855021 103.00000000 -535.784805021729 -535.553051567332 2839   998.531187
0.96446195 1.50669661  89.86901997 -535.755398330135 -535.508760781623 2840  7452.554103
0.96446195 1.72543984  86.00095123 -535.780428989249 -535.583981668158 2841  1958.959320
1.17578122 1.68888476 108.16241459 -535.755518719123 -535.556290610231 2842  7426.131773
0.96446195 2.00076067  95.51924232 -535.766507248377 -535.650976017624 2843  5014.428322
0.96446195 2.11705297 119.64900912 -535.743018033403 -535.663464974875 2844 10169.715214
0.77558451 1.52788730 103.00000000 -535.727237839428 -535.472876359952 2845 13633.067533
0.90693426 1.68888476  70.80200327 -535.749565503585 -535.548092163037 2846  8732.711583
0.93420461 1.96803424 103.00000000 -535.768317054211 -535.645009228705 2847  4617.221846
1.18599234 1.68888476  88.56169923 -535.747875420498 -535.546964275863 2848  9103.641952
1.02094205 2.23952770 103.00000000 -535.737810416647 -535.675496140147 2849 11312.655003
1.11895928 1.68888476 109.45227487 -535.767450132018 -535.566933541879 2850  4807.489278
0.99594301 2.15305333 103.00000000 -535.747947404413 -535.669469643706 2851  9087.843309
0.89268371 1.68888476 133.83980464 -535.761385136784 -535.579286709384 2852  6138.601896
0.96446195 1.84305256 107.51475968 -535.779511040080 -535.621081358510 2853  2160.425879
1.26174438 1.68888476  86.76963705 -535.728091330497 -535.531272170317 2854 13445.747892
1.22856621 1.68888476 103.97135618 -535.743777223728 -535.544779673285 2855 10003.092194
0.82259337 1.66232286 103.00000000 -535.766494686678 -535.547670302459 2856  5017.185296
1.30376103 1.68888476 107.06101086 -535.724537431142 -535.530355186576 2857 14225.738657
0.96446195 1.79276332  83.52697406 -535.777234427857 -535.601986284863 2858  2660.084516
0.87739189 1.68888476 118.72840925 -535.776209293734 -535.575648985269 2859  2885.075454
0.91678623 1.84001064 103.00000000 -535.780034230997 -535.618692601043 2860  2045.598743
0.97801891 1.59218320 103.00000000 -535.783960052635 -535.550890182746 2861  1183.980470
1.00161470 1.69597343 103.00000000 -535.786851942727 -535.582260403141 2862   549.283947
0.88755883 1.68888476 129.01295212 -535.767102119477 -535.578091948284 2863  4883.869204
0.99986936 1.68888476 129.69780735 -535.768239847916 -535.583865742426 2864  4634.166670
0.99509817 1.68888476 100.17259623 -535.787184887418 -535.579682593712 2865   476.211032
1.18059827 1.68888476 117.41735950 -535.749317991645 -535.557166476161 2866  8787.034176
1.15279327 1.68888476  87.63276637 -535.754465092520 -535.552534382168 2867  7657.376088
0.95425022 1.68888476 112.85660202 -535.786603792039 -535.583414938145 2868   603.746729
0.96446195 1.63768356  96.21693572 -535.785696865813 -535.562454659277 2869   802.794031
0.96446195 1.87099651  67.14424388 -535.752265598660 -535.605401357561 2870  8140.109201
1.02490015 1.68888476  92.49648331 -535.780936185014 -535.573920974221 2871  1847.642714
0.91124580 2.03098685 103.00000000 -535.759838056147 -535.653201458957 2872  6478.146855
1.25529517 1.67551007 103.00000000 -535.737096142157 -535.535728800073 2873 11469.420136
0.76543747 1.68888476 100.58863205 -535.733498993586 -535.521298279297 2874 12258.903007
0.96446195 2.04514818 120.32871735 -535.749248310284 -535.653705764489 2875  8802.327467
0.96446195 1.87113104 130.16990278 -535.755405642147 -535.621727668980 2876  7450.949301
0.96446195 1.78666594  95.31063712 -535.784973123030 -535.606464236845 2877   961.637215
0.96446195 1.59210600 144.84250017 -535.749149090595 -535.562176729983 2878  8824.103672
0.83976946 1.87247716 103.00000000 -535.761349113556 -535.609394126705 2879  6146.508081
0.76675000 1.68888476  66.94119434 -535.684521107806 -535.483736226366 2880 23008.306631
0.87238772 1.68888476 137.77559751 -535.752111215863 -535.575428360496 2881  8173.992309
0.85520389 1.68888476  68.20165840 -535.732203961952 -535.531470086220 2882 12543.129603
1.08550027 1.87045588 103.00000000 -535.765224052936 -535.615159974414 2883  5296.057173
0.96446195 1.71174714 111.70067384 -535.786375789526 -535.589524426775 2884   653.787497
0.96446195 1.74379475  91.62528484 -535.784954382652 -535.593174349648 2885   965.750252
1.20915250 1.68888476 120.96452947 -535.739544201308 -535.552343524115 2886 10932.133246
0.81261257 1.68888476  89.59251454 -535.755754803668 -535.544488168688 2887  7374.317204
0.86406648 1.68888476 105.76379093 -535.779854260175 -535.570897357616 2888  2085.097774
0.96446195 1.61450277 148.82872238 -535.743318079786 -535.569633044477 2889 10103.862643
0.96446195 2.05574881  85.62376487 -535.759459931537 -535.657636768205 2890  6561.135616
1.12156044 1.68888476 116.59925374 -535.762879932481 -535.567701773328 2891  5810.532155
0.96446195 1.54033745 121.58595288 -535.772678925065 -535.540625533928 2892  3659.901831
0.96446195 1.52426393 135.39196279 -535.756110751776 -535.538363025855 2893  7296.195623
0.96446195 1.74480631 140.56539442 -535.750859033661 -535.597670945182 2894  8448.814541
0.96446195 1.86599177 116.77929995 -535.771107338635 -535.624421328111 2895  4004.825189
0.96446195 1.52059054 129.84888755 -535.761900068528 -535.535972492025 2896  6025.587439
1.22493945 1.63810023 103.00000000 -535.743267585003 -535.532145734625 2897 10114.944967
0.96446195 1.52652812 105.35263770 -535.774538234791 -535.529676996438 2898  3251.830507
0.96446195 1.77379548 102.94780774 -535.786231379319 -535.604779415637 2899   685.481875
0.96960702 1.68888476  95.77772522 -535.787263832917 -535.578705710351 2900   458.884498
1.22418487 1.72087152 103.00000000 -535.744574740437 -535.553567712630 2901  9828.057505
0.86798012 1.68888476 115.93845699 -535.776394061152 -535.573295854994 2902  2844.523693
0.87502314 1.86577703 103.00000000 -535.771691628423 -535.617940657553 2903  3876.588401
0.92133715 1.93436674 103.00000000 -535.771140030927 -535.638236074664 2904  3997.650061
1.18502034 1.68888476 123.25440441 -535.742940768308 -535.557376098596 2905 10186.672942
0.98085246 1.68888476 122.83715352 -535.777691135958 -535.584093334367 2906  2559.848672
0.89874117 1.89582645 103.00000000 -535.772779845555 -535.628369467996 2907  3637.752343
0.67180133 1.85122098 103.00000000 -535.613555387601 -535.453936708207 2908 38583.482199
0.96446195 1.81763801 130.27567736 -535.760435243400 -535.611957706816 2909  6347.079400
1.01671175 1.93482371 103.00000000 -535.768785458491 -535.636702007444 2910  4514.418988
0.98584484 1.84707058 103.00000000 -535.779789618661 -535.621418634376 2911  2099.284946
1.27219162 1.62236045 103.00000000 -535.730314839383 -535.520017897771 2912 12957.744090
0.96446195 1.63224845 132.36841777 -535.767951659181 -535.570707188727 2913  4697.416787
0.86820208 1.68888476  83.76500024 -535.767939440970 -535.559157314301 2914  4700.098374
1.02129787 1.83928120 103.00000000 -535.777358579711 -535.617063068307 2915  2632.836334
0.96446195 1.68387036  80.90297008 -535.772222663455 -535.565260827708 2916  3760.039681
0.94065473 1.68888476  92.06321299 -535.785265310545 -535.576178851695 2917   897.509467
1.00127265 1.89871780 103.00000000 -535.773859720870 -535.631185171053 2918  3400.747102
0.75598297 1.69491812 103.00000000 -535.726241038525 -535.516294415111 2919 13851.840048
0.96446195 1.71535099 142.01517080 -535.750582679171 -535.592043045478 2920  8509.467342
0.90287608 1.68888476  77.43607734 -535.763621260794 -535.558185761334 2921  5647.829394
1.20446950 1.68888476  82.75342789 -535.737537012325 -535.539833846915 2922 11372.660317
0.96959117 1.68888476  71.86117621 -535.755079842173 -535.554635236224 2923  7522.454132
1.09826226 1.68888476  78.53177583 -535.753877201485 -535.553912681571 2924  7786.403258
0.99936573 2.00835071 103.00000000 -535.762626116207 -535.650487092826 2925  5866.238390
0.78808432 1.83700058 103.00000000 -535.740394332497 -535.576911770327 2926 10745.551014
0.96446195 2.03593979  99.26711853 -535.762397200460 -535.656411286228 2927  5916.479590
1.16654197 1.76175885 103.00000000 -535.756621387120 -535.575625096301 2928  7184.124117
1.21118350 1.68888476  89.41401572 -535.742691314338 -535.542582932869 2929 10241.421762
0.96446195 1.52081161  95.01557515 -535.766364042694 -535.519826483051 2930  5045.858337
1.14304843 1.60327537 103.00000000 -535.759752374812 -535.537044251740 2931  6496.951735
0.96446195 1.51255057  84.99240119 -535.748685338772 -535.504418102866 2932  8925.885434
1.00337205 1.68888476 109.04534774 -535.785670712045 -535.581482429445 2933   808.534120
0.73999588 1.66344806 103.00000000 -535.712261531097 -535.492091184759 2934 16919.987344
0.93375333 1.68888476 104.27536889 -535.789043189605 -535.581097590503 2935    68.360837
1.01185935 1.68888476 103.86498015 -535.785873049564 -535.579716701654 2936   764.126167
0.86573770 1.68888476 136.00257807 -535.753316028358 -535.573598531630 2937  7909.566526
0.76194494 1.68888476 115.11816956 -535.727274869287 -535.521220107559 2938 13624.940418
0.87464887 1.68888476 125.59283801 -535.768896144220 -535.575292260200 2939  4490.126278
1.08392023 1.89493029 103.00000000 -535.763222299706 -535.620324322000 2940  5735.391234
0.96446195 1.48633704 117.85872672 -535.763244213736 -535.521189601037 2941  5730.581660
1.34200501 1.77029003 103.00000000 -535.713422119619 -535.539823232685 2942 16665.267601
0.72857004 1.68888476 144.60339586 -535.661321238070 -535.491094313689 2943 28100.089583
1.00722092 1.68888476  91.98235406 -535.782473558800 -535.575036507029 2944  1510.228163
0.96446195 1.88585139  93.84222269 -535.777503166018 -535.629445588722 2945  2601.103307
0.89584815 2.07118922 103.00000000 -535.753588805266 -535.656856248111 2946  7849.698913
0.90851981 1.68888476 101.73244098 -535.787333522196 -535.578119012273 2947   443.589468
0.95769560 1.64217818 103.00000000 -535.788430347524 -535.567219014288 2948   202.864130
0.86992808 1.81103122 103.00000000 -535.775440463396 -535.604463728784 2949  3053.814212
0.98730720 1.71620594 103.00000000 -535.787645463843 -535.588799773980 2950   375.126189
0.84553558 1.48133307 103.00000000 -535.747713136842 -535.490355223601 2951  9139.259098
0.99989552 1.79418725 103.00000000 -535.782922971487 -535.608419847717 2952  1411.593477
1.36398088 1.79626156 103.00000000 -535.706448049545 -535.540586860460 2953 18195.899088
0.96446195 1.59952821  61.95324706 -535.707964393227 -535.495797091485 2954 17863.100111
1.11752948 1.68888476  99.71053302 -535.768710855929 -535.564608346349 2955  4530.792358
1.46350843 1.68888476  97.53336585 -535.683034075904 -535.498753158478 2956 23334.672416
0.96792308 1.73298976 103.00000000 -535.788117424876 -535.594016850695 2957   271.542714
1.32235763 1.68888476 114.60996395 -535.716530825739 -535.528570542094 2958 15982.985459
1.04923028 1.68888476  60.92840141 -535.721017351793 -535.534205635566 2959 14998.306789
0.96446195 1.72076535  67.66767058 -535.748104049621 -535.559118013789 2960  9053.463659
0.91238949 1.75391367 103.00000000 -535.785816107951 -535.597262668932 2961   776.623407
1.09838701 1.68888476 105.56732001 -535.772548888895 -535.569479188967 2962  3688.441472
0.91182675 1.68888476 108.48894406 -535.786908382062 -535.580164582880 2963   536.896944
0.96446195 1.55895387 130.83181943 -535.766133898196 -535.548807780608 2964  5096.369217
0.91801183 2.03989224 103.00000000 -535.759516412002 -535.655149519835 2965  6548.739586
1.01313701 1.68888476  62.35207875 -535.727900461962 -535.537415096863 2966 13487.638694
0.96446195 2.13099374  91.80819107 -535.753275422356 -535.668565222483 2967  7918.478513
1.07241727 1.50563232 103.00000000 -535.755798714330 -535.517987396845 2968  7364.679927
0.96446195 1.49475932 117.72809281 -535.765610206101 -535.524075366305 2969  5211.306348
0.96446195 1.93681021  96.50271794 -535.772980686345 -535.639970950666 2970  3593.672884
0.96446195 1.93183549 111.72876059 -535.768175669024 -535.637911923562 2971  4648.252308
0.96446195 1.81642821 130.21284472 -535.760634645898 -535.611742859718 2972  6303.315610
0.94172402 1.55343308 103.00000000 -535.779371177117 -535.536835734254 2973  2191.122252
1.08497572 1.68671760 103.00000000 -535.775244372375 -535.570264382269 2974  3096.851218
1.12118055 1.68888476 105.74280499 -535.768013771477 -535.565742309151 2975  4683.784714
0.96446195 1.56565330 120.86183876 -535.776549452673 -535.548640956274 2976  2810.419195
1.11744255 1.68888476  94.45630005 -535.766874281256 -535.562482405950 2977  4933.873914
0.76192287 1.68888476  74.73231732 -535.701213357678 -535.495071162264 2978 19344.781177
0.92790283 1.68888476  96.19176163 -535.787256391190 -535.577744899089 2979   460.517768
0.87315468 2.08346764 103.00000000 -535.748102366040 -535.654260178291 2980  9053.833162
0.96446195 1.72386078 109.11337387 -535.787110609343 -535.592494523083 2981   492.513186
0.96446195 1.88832267 118.45403142 -535.767310178926 -535.628310282600 2982  4838.205432
1.17498739 1.68888476 119.80111627 -535.748607620765 -535.558641034801 2983  8942.942566
0.96446195 1.70525709  83.78561994 -535.777411110078 -535.575562929683 2984  2621.307250
0.83754513 1.75589445 103.00000000 -535.769993646534 -535.580931932060 2985  4249.252357
0.88544233 1.68565017 103.00000000 -535.784373920407 -535.573991871555 2986  1093.146992
1.16604877 1.82873965 103.00000000 -535.752447990520 -535.591281211107 2987  8100.078814
0.96446195 1.75782867  97.45270869 -535.786871532492 -535.599456935212 2988   544.984490
0.96446195 1.89766285  71.84703703 -535.759350293216 -535.618246910155 2989  6585.198446
1.00035132 1.74429044 103.00000000 -535.785691479584 -535.595728283236 2990   803.976172
1.09389912 1.68888476 109.73458470 -535.772245243940 -535.571076664333 2991  3755.083838
0.96446195 1.72699560  90.68848994 -535.784544669860 -535.587685093104 2992  1055.671818
1.03966023 1.89910679 103.00000000 -535.769650084041 -535.627477304186 2993  4324.655610
0.83549851 2.18861892 103.00000000 -535.726386050960 -535.655011337661 2994 13820.013497
1.03022504 1.65578239 103.00000000 -535.783305426827 -535.568042875381 2995  1327.654231
1.16050217 1.68888476  82.36782134 -535.746953407074 -535.547478138661 2996  9306.000512
0.96446195 1.68981975 118.95491559 -535.782067695537 -535.584308840748 2997  1599.304855
0.86357458 1.95621237 103.00000000 -535.759670022298 -535.632722416497 2998  6515.026022
0.83083910 2.15391667 103.00000000 -535.727975759442 -535.649698045277 2999 13471.112807
0.96446195 1.55872726  70.93098825 -535.727571874940 -535.498649671771 3000 13559.755211
0.96446195 1.64561350  96.94627655 -535.786572988582 -535.565508471905 3001   610.507306
1.05226390 1.68888476 119.92220496 -535.772674044212 -535.578278505219 3002  3660.973054
0.96446195 1.91296777 108.98453896 -535.771859079303 -535.634963995690 3003  3839.837180
1.23630111 1.68888476  83.15131385 -535.730478756818 -535.534126045471 3004 12921.768371
0.96446195 1.63252495 104.67247047 -535.787934543718 -535.564850468738 3005   311.680489
0.99230170 1.68074613 103.00000000 -535.787654748800 -535.578346389219 3006   373.088377
0.96446195 1.79666202 103.46617042 -535.784639933247 -535.610486441368 3007  1034.763921
0.96446195 1.89619627  95.00229986 -535.776762782372 -535.631825961783 3008  2763.598737
1.50844238 1.68888476  97.91147302 -535.672696458043 -535.490251119141 3009 25603.517327
0.88557390 1.68888476 112.27824091 -535.782037325777 -535.576795189669 3010  1605.970247
0.96446195 1.53369969 145.41389104 -535.743908884404 -535.543676920230 3011  9974.196015
0.86839787 1.68888476  72.92960819 -535.747898589120 -535.544244018420 3012  9098.557027
1.03003655 1.68888476  74.14216648 -535.755999274576 -535.556110051669 3013  7320.662040
1.22344462 1.68888476  84.69257313 -535.735290455339 -535.537509684863 3014 11865.722592
0.89425022 1.68888476 149.74212611 -535.736397574291 -535.582052547293 3015 11622.738064
1.48096040 1.68888476 115.60077686 -535.675950405653 -535.500230832245 3016 24889.358361
0.90457625 1.68888476  73.06789142 -535.754698205229 -535.551719039637 3017  7606.213761
1.10465414 1.79888724 103.00000000 -535.767431384359 -535.596192797862 3018  4811.603914
1.07443095 1.68888476 141.85463039 -535.739941688541 -535.579031500143 3019 10844.894881
0.90341594 1.78858712 103.00000000 -535.782775378860 -535.605084978614 3020  1443.986315
1.04325858 1.55562823 103.00000000 -535.772043487719 -535.535351145701 3021  3799.364211
0.96135897 1.68888476  77.75978191 -535.767302477731 -535.563150325134 3022  4839.895649
0.96446195 1.91202517 115.74139980 -535.767249308188 -535.633403628124 3023  4851.565015
0.98037413 1.68888476 114.42172974 -535.784768309599 -535.583381762106 3024  1006.588568
0.96446195 1.78205672  72.41842479 -535.761649481416 -535.587192701865 3025  6080.584954
0.96446195 1.97543082 102.66338502 -535.767973386160 -535.646781397063 3026  4692.648266
0.96446195 1.91695567  77.47076962 -535.765309088592 -535.628141936137 3027  5277.394004
1.17407682 1.68888476 107.64989790 -535.756059614964 -535.556502255947 3028  7307.418856
0.96446195 2.01215646 100.92184482 -535.764547740551 -535.652781832566 3029  5444.490587
0.96446195 1.69240169 110.63783209 -535.787427492775 -535.584149401506 3030   422.965310
0.96446195 1.49169231  72.85968224 -535.708777266112 -535.471854565325 3031 17684.695131
0.75978926 1.68888476 131.03597016 -535.709681967724 -535.519674666633 3032 17486.136074
0.93818206 1.68888476 127.83948097 -535.772909953744 -535.583953650678 3033  3609.196896
0.96446195 1.49924894 127.59799045 -535.759822050819 -535.528149345841 3034  6481.659618
0.96446195 1.61813367  76.16556308 -535.755510062328 -535.533950049857 3035  7428.031720
0.96446195 1.60200273  89.25112665 -535.775845727691 -535.544472454577 3036  2964.868979
0.91132441 1.68888476 118.80163294 -535.780847719402 -535.581224672054 3037  1867.058672
0.96446195 1.95088497 113.06796911 -535.765198587876 -535.640954272777 3038  5301.646108
0.99441746 1.82753201 103.00000000 -535.780856259760 -535.616593615508 3039  1865.184280
0.96446195 2.03165628  85.12064835 -535.761525401165 -535.653830603035 3040  6107.817422
0.86297026 1.68888476 147.53491918 -535.734422605999 -535.574474164472 3041 12056.193510
0.96446195 1.60335466  84.24732594 -535.768879393350 -535.539510216128 3042  4493.802669
0.96467324 1.84100847 103.00000000 -535.781220156722 -535.620732156429 3043  1785.318127
0.99752084 1.57347983 103.00000000 -535.780236537976 -535.544105883322 3044  2001.197493
0.96446195 1.49759970 120.92531422 -535.764639186868 -535.525998104452 3045  5424.420440
1.35309919 1.68888476 110.41549142 -535.710916230990 -535.521498300971 3046 17215.246594
1.45237271 1.72853667 103.00000000 -535.687240093011 -535.508346516328 3047 22411.558345
1.08122561 1.73794283 103.00000000 -535.774975760000 -535.584845328281 3048  3155.804821
0.94095704 1.85001023 103.00000000 -535.780429397034 -535.622445686688 3049  1958.869821
0.96446195 1.84858903 107.92798395 -535.778810527490 -535.622236707154 3050  2314.170624
0.91398437 1.54964800 103.00000000 -535.777458539889 -535.532952457278 3051  2610.897610
1.20355814 1.68888476 107.46920015 -535.749213829973 -535.550694801100 3052  8809.895021
0.80952860 1.68888476  96.74735544 -535.759248095312 -535.547415886683 3053  6607.628294
0.78533891 1.93461141 103.00000000 -535.728643746180 -535.595173852820 3054 13324.506661
1.32720672 1.75391715 103.00000000 -535.717893052179 -535.539391211564 3055 15684.011307
1.04750338 1.68888476  83.02129484 -535.768537241034 -535.564574857271 3056  4568.896423
0.89456167 1.68888476  85.84665104 -535.775551361399 -535.566651362694 3057  3029.474914
0.91602505 1.81284541 103.00000000 -535.782237155383 -535.612380748138 3058  1562.112717
1.14672122 1.74840861 103.00000000 -535.761595933064 -535.576176898828 3059  6092.337459
0.96446195 1.60659091 105.99673714 -535.786269395135 -535.557057923965 3060   677.138367
0.98579237 1.68914685 103.00000000 -535.788124308988 -535.581116293692 3061   270.031826
0.96446195 2.10551827 115.08876695 -535.747630541074 -535.663226527180 3062  9157.386775
0.96446195 1.66822281  81.78918733 -535.772465325660 -535.560724789529 3063  3706.781482
1.04735270 1.60333163 103.00000000 -535.777743431276 -535.550094647937 3064  2548.371177
0.96446195 1.77226157 121.78786325 -535.774753466826 -535.604048347506 3065  3204.592534
1.31526220 1.67806437 103.00000000 -535.722009427135 -535.524449173329 3066 14780.571415
0.98189715 1.45903966 103.00000000 -535.751387108410 -535.504998328282 3067  8332.915528
1.17617841 1.56884568 103.00000000 -535.747770441010 -535.523005208498 3068  9126.682287
1.07833213 2.20840063 103.00000000 -535.732728168111 -535.665006647401 3069 12428.079647
1.22302097 1.68888476 110.73541597 -535.743369014136 -535.547555076272 3070 10092.683846
0.96446195 1.95667404 117.18379890 -535.761269441129 -535.640866041634 3071  6163.994158
1.30850105 1.68888476  83.37320011 -535.712954090050 -535.520654737113 3072 16767.988220
0.96446195 2.13401349  99.20868183 -535.752266975551 -535.669022628233 3073  8139.807008
0.84774977 1.65919206 103.00000000 -535.775424034312 -535.556222224808 3074  3057.419980
1.00168877 1.68888476 105.41423676 -535.786716532373 -535.580836646201 3075   579.003085
1.26501168 1.79124570 103.00000000 -535.731534251732 -535.561563958290 3076 12690.114009
0.97333400 1.69541002 103.00000000 -535.788777150145 -535.583329993372 3077   126.749751
1.19317272 1.68888476  93.84564619 -535.749934088703 -535.548278564246 3078  8651.816499
1.12239768 1.68888476 125.01500660 -535.754787114521 -535.568786434716 3079  7586.700427
1.22589693 1.68888476 122.21845682 -535.734303581789 -535.549348147410 3080 12082.316305
1.04977444 1.68888476 104.76584733 -535.780961871338 -535.576145127695 3081  1842.005217
0.94118927 1.45777200 103.00000000 -535.752317826918 -535.501556648642 3082  8128.646423
1.07644675 1.68888476 120.15496969 -535.768511789388 -535.575175142206 3083  4574.482414
0.96446195 1.88900679 114.29995362 -535.770810850937 -535.629429491241 3084  4069.896719
1.27139531 1.72668858 103.00000000 -535.732811788706 -535.545035651766 3085 12409.727048
1.07143841 1.68244259 103.00000000 -535.777595286212 -535.571001432666 3086  2580.885261
0.96446195 1.58188034  89.35216769 -535.772878768658 -535.537090855191 3087  3616.041231
0.94579852 2.08262760 103.00000000 -535.756426868780 -535.662474201575 3088  7226.815958
0.82991225 1.47246849 103.00000000 -535.739376522941 -535.480391418072 3089 10968.934395
1.23585263 1.68888476 117.68864741 -535.735936007896 -535.546458419071 3090 11724.040180
1.12424231 1.68888476  81.04619877 -535.752721972464 -535.552422278951 3091  8039.946727
0.87153124 1.68888476 140.58496369 -535.747590106076 -535.575536513178 3092  9166.261231
0.98388256 1.51546862 103.00000000 -535.770043486870 -535.524627687879 3093  4238.313668
0.96446195 1.79113551 134.97728575 -535.755962814716 -535.606317072954 3094  7328.664055
1.06198659 1.68888476  94.60758210 -535.777019690345 -535.570913978908 3095  2707.213954
1.13706590 1.68888476  99.98168364 -535.764704042367 -535.561283895776 3096  5410.186303
0.96446195 1.83473005  73.12376800 -535.762922603385 -535.603482797136 3097  5801.166974
0.96446195 1.87700439 135.76642592 -535.746625239174 -535.621019240160 3098  9378.025043
1.29075279 1.67829701 103.00000000 -535.728236218201 -535.529336646528 3099 13413.948716
1.01660048 1.82314303 103.00000000 -535.779188150738 -535.613886067237 3100  2231.291899
1.04459056 1.68888476 132.85989280 -535.758627525097 -535.580643962067 3101  6743.827716
0.96446195 1.62022623  67.91686399 -535.733956187897 -535.519491708832 3102 12158.560452
0.77284784 1.68888476  64.19991572 -535.680249100166 -535.481738181324 3103 23945.903951
1.05163678 1.68888476  79.59276147 -535.763003493699 -535.560732665006 3104  5783.413602
1.04835337 1.56617826 103.00000000 -535.773012292209 -535.538253663746 3105  3586.736198
0.98941726 1.72521351 103.00000000 -535.787251906971 -535.591200961610 3106   461.501940
0.80749115 1.68888476 107.63857359 -535.759210136185 -535.549851632861 3107  6615.959359
1.09726778 1.48389772 103.00000000 -535.743231778733 -535.511350674613 3108 10122.803536
0.96446195 1.76657463  83.17988066 -535.777367803833 -535.594208096982 3109  2630.811873
0.96446195 1.62198507  57.67408913 -535.696425172467 -535.494346648224 3110 20395.666380
0.80570622 1.68888476 137.36871143 -535.730021260532 -535.550450964078 3111 13022.177201
0.96446195 1.86035506 119.70253857 -535.768941893062 -535.622641838500 3112  4480.085567
1.29508116 1.68888476 100.64422256 -535.727131981929 -535.530269201671 3113 13656.300569
0.96446195 1.68989521 112.17670446 -535.786742277008 -535.583667201543 3114   573.352791
1.03122837 1.63605184 103.00000000 -535.782370505492 -535.561913567400 3115  1532.845750
0.87874869 1.68888476 110.15646088 -535.781797478891 -535.575158787414 3116  1658.610554
0.96446195 1.98149121  89.64700715 -535.767752324542 -535.646880713349 3117  4741.165684
1.02719462 1.62623725 103.00000000 -535.782318228425 -535.559229932838 3118  1544.319240
0.93723189 1.68888476  99.64225372 -535.788787656866 -535.579811002123 3119   124.443792
0.82171817 1.68888476 102.85787832 -535.766197908549 -535.555486275617 3120  5082.320568
1.07102379 1.68888476 103.19508389 -535.777679220920 -535.572955007350 3121  2562.463721
0.86016110 1.83314900 103.00000000 -535.771209300106 -535.607136057829 3122  3982.447233
1.25271503 1.68888476 118.98844735 -535.730730491664 -535.543394756226 3123 12866.518957
1.14859123 1.68888476 133.76732067 -535.737913125403 -535.566003927282 3124 11290.113036
1.00894941 1.68888476 120.91634861 -535.777307752974 -535.582532942822 3125  2643.991513
0.96446195 1.80986763  60.24135026 -535.735208224874 -535.575639618129 3126 11883.770093
0.75040520 1.68888476 128.61010311 -535.705004400183 -535.511680488589 3127 18512.743505
0.93521320 1.85813475 103.00000000 -535.779510034662 -535.623964816140 3128  2160.646543
1.04253441 1.85677346 103.00000000 -535.773205838855 -535.618493146276 3129  3544.257619
1.48993351 1.71596573 103.00000000 -535.677938995740 -535.499461668525 3130 24452.913277
0.90760897 1.68888476  75.67570083 -535.760712324224 -535.556299701771 3131  6286.267187
1.09438999 1.65601223 103.00000000 -535.773012415578 -535.559997097003 3132  3586.709122
0.70890453 1.70049869 103.00000000 -535.678121566075 -535.469224298240 3133 24412.843719
1.07607388 1.87397928 103.00000000 -535.766526353467 -535.617382175132 3134  5010.235239
0.96446195 1.44497730  97.79450595 -535.741409744406 -535.494167092201 3135 10522.693855
1.19286713 1.68888476 124.37839812 -535.739909992272 -535.556114133587 3136 10851.851408
0.96446195 1.74031810 100.24843084 -535.787953800975 -535.595441524785 3137   307.454010
0.92593240 1.71922596 103.00000000 -535.788206783692 -535.589007389836 3138   251.930720
0.96446195 1.63797420 102.32357664 -535.787981694480 -535.565648610365 3139   301.332093
1.36833496 1.68888476  93.06005660 -535.705871682403 -535.513416323384 3140 18322.397056
0.88554863 2.05383714 103.00000000 -535.753758624522 -535.652798313956 3141  7812.427894
1.20524222 1.68888476 114.79060712 -535.745419634792 -535.551917207029 3142  9642.624625
1.13138896 1.68888476  90.68344775 -535.761613029787 -535.558140359927 3143  6088.585162
0.96446195 1.82306381  93.76530813 -535.782336556946 -535.615148363473 3144  1540.296595
0.96446195 1.73077157 137.58131827 -535.756726333247 -535.594672996599 3145  7161.091104
0.69958297 1.68888476 110.02914454 -535.665183670148 -535.454896809175 3146 27252.383711
0.96446195 1.66895679 147.83430208 -535.743509777431 -535.583246535393 3147 10061.789873
0.96446195 1.71570331  73.06634966 -535.760075960980 -535.566161023986 3148  6425.932778
1.07231703 1.67530163 103.00000000 -535.777384974515 -535.568821652499 3149  2627.043344
0.96446195 1.98786167 114.70812736 -535.759996415309 -535.646672366985 3150  6443.391035
0.96446195 1.87566209 132.25653826 -535.752014884956 -535.621877671716 3152  8195.134500
0.84997923 1.84865473 103.00000000 -535.766940843137 -535.607650832180 3153  4919.265270
0.96446195 1.71441264 109.01876489 -535.787498406234 -535.589954689067 3155   407.401604
0.96446195 1.85495223 106.21417456 -535.778965997800 -535.623705939028 3157  2280.048835
1.11741536 1.49729371 103.00000000 -535.743647232730 -535.513290583973 3158 10031.621921
0.94083078 1.68888476 116.63453350 -535.784109795981 -535.583395602732 3159  1151.115604
0.96446195 1.92860130  92.72863553 -535.773446543035 -535.637877795108 3160  3491.429157
0.71782412 1.68888476 102.40301027 -535.688968899635 -535.476321223868 3161 22032.129141
0.75811882 1.68888476 128.72753873 -535.711275171688 -535.518291185521 3162 17136.468215
0.87789084 1.73665645  96.96454472 -535.781113854453 -535.585549014255 3163  1808.648779
1.18044344 1.73757970  90.00907506 -535.750903258450 -535.562687990270 3164  8439.108322
0.82764025 1.68001183 118.53494813 -535.762451072034 -535.557816628796 3165  5904.656146
0.84307490 1.54012057 100.19516451 -535.760827174432 -535.510990127053 3168  6261.060480
1.11495342 1.85588294  97.45764629 -535.761596035700 -535.606614474767 3170  6092.314933
0.85585193 1.76421002  88.42192764 -535.770481291021 -535.583897488072 3172  4142.226761
1.02654648 1.97453086  96.14128351 -535.764796562023 -535.642613842504 3173  5389.880585
0.64321608 1.68888476 103.00000000 -535.571057731481 -535.357393700958 6182 47910.639782
0.65075377 1.68888476 103.00000000 -535.586379788491 -535.372825614581 6183 44547.836906
0.65829146 1.68888476 103.00000000 -535.600830269223 -535.387387415813 6184 41376.322916
0.66582915 1.68888476 103.00000000 -535.614453282006 -535.401123212899 6185 38386.417152
0.67336683 1.68888476 103.00000000 -535.627290542270 -535.414074691605 6186 35568.964136
0.68090452 1.68888476 103.00000000 -535.639381579623 -535.426281368145 6187 32915.288121
0.68844221 1.68888476 103.00000000 -535.650763769026 -535.437780607573 6188 30417.186252
0.69597990 1.68888476 103.00000000 -535.661472522400 -535.448607816219 6189 28066.886510
0.70351759 1.68888476 103.00000000 -535.671541385371 -535.458796536704 6190 25857.026480
0.71105528 1.68888476 103.00000000 -535.681002147204 -535.468378559172 6191 23780.629226
0.71859296 1.68888476 103.00000000 -535.689885317661 -535.477384248046 6192 21830.998629
0.72613065 1.68888476 103.00000000 -535.698218692859 -535.485841699877 6193 20002.034146
0.73366834 1.68888476 103.00000000 -535.706029756244 -535.493778260899 6194 18287.703857
0.74120603 1.68888476 103.00000000 -535.713344213436 -535.501219647481 6195 16682.366032
0.74874372 1.68888476 103.00000000 -535.720186458258 -535.508190266352 6196 15180.666844
0.75628141 1.68888476 103.00000000 -535.726579644542 -535.514713286019 6197 13777.524616
0.76381910 1.68888476 103.00000000 -535.732545754514 -535.520810705364 6198 12468.114805
0.77135678 1.68888476 103.00000000 -535.738105657258 -535.526503411102 6199 11247.857177
0.77889447 1.68888476 103.00000000 -535.743279197390 -535.531811267869 6200 10112.396343
0.78643216 1.68888476 103.00000000 -535.748085207376 -535.536753128615 6201  9057.599054
0.79396985 1.68888476 103.00000000 -535.752541591179 -535.541346919413 6202  8079.535843
0.80150754 1.68888476 103.00000000 -535.756665366948 -535.545609681971 6203  7174.471660
0.80904523 1.68888476 103.00000000 -535.760472714926 -535.549557620281 6204  6338.855351
0.81658291 1.68888476 103.00000000 -535.763979016893 -535.553206142646 6205  5569.311005
0.82412060 1.68888476 103.00000000 -535.767198914273 -535.556569914350 6206  4862.625201
0.83165829 1.68888476 103.00000000 -535.770147487413 -535.559664276526 6207  4215.488186
0.83919598 1.68888476 103.00000000 -535.772835622890 -535.562499673058 6208  3625.510633
0.84673367 1.68888476 103.00000000 -535.775277120418 -535.565090170672 6209  3089.663853
0.85427136 1.68888476 103.00000000 -535.777483979037 -535.567447797876 6210  2605.314362
0.86180905 1.68888476 103.00000000 -535.779467621308 -535.569584007611 6211  2169.955198
0.86934673 1.68888476 103.00000000 -535.781238921438 -535.571509704977 6212  1781.199748
0.87688442 1.68888476 103.00000000 -535.782808241926 -535.573235285107 6213  1436.773706
0.88442211 1.68888476 103.00000000 -535.784185446318 -535.574770644164 6214  1134.512274
0.89195980 1.68888476 103.00000000 -535.785379933036 -535.576125213728 6215   872.352737
0.89949749 1.68888476 103.00000000 -535.786400656315 -535.577307983384 6216   648.329868
0.90703518 1.68888476 103.00000000 -535.787256149968 -535.578327521424 6217   460.570710
0.91457286 1.68888476 103.00000000 -535.787954545765 -535.579191995674 6218   307.290547
0.92211055 1.68888476 103.00000000 -535.788503597596 -535.579909197514 6219   186.787597
0.92964824 1.68888476 103.00000000 -535.788910694145 -535.580486554015 6220    97.440230
0.93718593 1.68888476 103.00000000 -535.789182881417 -535.580931149921 6221    37.702028
0.94472362 1.68888476 103.00000000 -535.789326878448 -535.581249744372 6222     6.098332
0.95226131 1.68888476 103.00000000 -535.789349092007 -535.581448785827 6223     1.223019
0.95979899 1.68888476 103.00000000 -535.789255633327 -535.581534427745 6224    21.734829
0.96733668 1.68888476 103.00000000 -535.789052331044 -535.581512543241 6225    66.354523
0.97487437 1.68888476 103.00000000 -535.788744745154 -535.581388737602 6226   133.861824
0.98241206 1.68888476 103.00000000 -535.788338180307 -535.581168362375 6227   223.092496
0.98994975 1.68888476 103.00000000 -535.787837697833 -535.580856527643 6228   332.935704
0.99748744 1.68888476 103.00000000 -535.787248126361 -535.580458112374 6229   462.331688
1.00502513 1.68888476 103.00000000 -535.786574074277 -535.579977777157 6230   610.269024
1.01256281 1.68888476 103.00000000 -535.785819939702 -535.579419974372 6231   775.782435
1.02010050 1.68888476 103.00000000 -535.784989917374 -535.578788955526 6232   957.951282
1.02763819 1.68888476 103.00000000 -535.784088013256 -535.578088785246 6233  1155.896360
1.03517588 1.68888476 103.00000000 -535.783118049945 -535.577323347358 6234  1368.778704
1.04271357 1.68888476 103.00000000 -535.782083675950 -535.576496354359 6235  1595.797559
1.05025126 1.68888476 103.00000000 -535.780988373591 -535.575611355131 6236  1836.188645
1.05778894 1.68888476 103.00000000 -535.779835468096 -535.574671744455 6237  2089.222158
1.06532663 1.68888476 103.00000000 -535.778628129561 -535.573680765884 6238  2354.202343
1.07286432 1.68888476 103.00000000 -535.777369387169 -535.572641524635 6239  2630.464371
1.08040201 1.68888476 103.00000000 -535.776062131997 -535.571556991689 6240  2917.373723
1.08793970 1.68888476 103.00000000 -535.774709121671 -535.570430008674 6241  3214.325171
1.09547739 1.68888476 103.00000000 -535.773312989953 -535.569263297239 6242  3520.740671
1.10301508 1.68888476 103.00000000 -535.771876249513 -535.568059462474 6243  3836.068755
1.11055276 1.68888476 103.00000000 -535.770401300302 -535.566821000928 6244  4159.782695
1.11809045 1.68888476 103.00000000 -535.768890426415 -535.565550299634 6245  4491.381191
1.12562814 1.68888476 103.00000000 -535.767345812922 -535.564249650403 6246  4830.384674
1.13316583 1.68888476 103.00000000 -535.765769542219 -535.562921249169 6247  5176.336112
1.14070352 1.68888476 103.00000000 -535.764163601115 -535.561567201302 6248  5528.799450
1.14824121 1.68888476 103.00000000 -535.762529884433 -535.560189527465 6249  5887.358823
1.15577889 1.68888476 103.00000000 -535.760870200565 -535.558790168142 6250  6251.617335
1.16331658 1.68888476 103.00000000 -535.759186266737 -535.557370980800 6251  6621.198098
1.17085427 1.68888476 103.00000000 -535.757479726132 -535.555933756013 6252  6995.740475
1.17839196 1.68888476 103.00000000 -535.755752142632 -535.554480213149 6253  7374.901234
1.18592965 1.68888476 103.00000000 -535.754005004484 -535.553012005520 6254  7758.353742
1.19346734 1.68888476 103.00000000 -535.752239728754 -535.551530724108 6255  8145.786989
1.20100503 1.68888476 103.00000000 -535.750457663798 -535.550037901623 6256  8536.905045
1.20854271 1.68888476 103.00000000 -535.748660928724 -535.548535862707 6257  8931.242821
1.21608040 1.68888476 103.00000000 -535.746849031393 -535.547024304307 6258  9328.908327
1.22361809 1.68888476 103.00000000 -535.745024001987 -535.545505486703 6259  9729.455990
1.23115578 1.68888476 103.00000000 -535.743186937038 -535.543980729667 6260 10132.645150
1.23869347 1.68888476 103.00000000 -535.741338876679 -535.542451323233 6261 10538.247524
1.24623116 1.68888476 103.00000000 -535.739480803520 -535.540918511515 6262 10946.047453
1.25376884 1.68888476 103.00000000 -535.737613650570 -535.539383503553 6263 11355.840166
1.26130653 1.68888476 103.00000000 -535.735738288531 -535.537847465186 6264 11767.434565
1.26884422 1.68888476 103.00000000 -535.733855544869 -535.536311536103 6265 12180.649044
1.27638191 1.68888476 103.00000000 -535.731966194558 -535.534776823539 6266 12595.313515
1.28391960 1.68888476 103.00000000 -535.730070962114 -535.533244406285 6267 13011.268965
1.29145729 1.68888476 103.00000000 -535.728170522971 -535.531715335433 6268 13428.367153
1.29899497 1.68888476 103.00000000 -535.726265508172 -535.530190643144 6269 13846.469581
1.30653266 1.68888476 103.00000000 -535.724356491447 -535.528671331818 6270 14265.450331
1.31407035 1.68888476 103.00000000 -535.722444006995 -535.527158391646 6271 14685.192159
1.32160804 1.68888476 103.00000000 -535.720528537264 -535.525652792895 6272 15105.589179
1.32914573 1.68888476 103.00000000 -535.718610516254 -535.524155490976 6273 15526.546141
1.33668342 1.68888476 103.00000000 -535.716690327998 -535.522667428614 6274 15947.978759
1.34422111 1.68888476 103.00000000 -535.714768304470 -535.521189536702 6275 16369.814172
1.35175879 1.68888476 103.00000000 -535.712844727681 -535.519722740381 6276 16791.990486
1.35929648 1.68888476 103.00000000 -535.710919815614 -535.518267951362 6277 17214.459860
1.36683417 1.68888476 103.00000000 -535.708993735014 -535.516826083153 6278 17637.185698
1.37437186 1.68888476 103.00000000 -535.707066586839 -535.515398045667 6279 18060.145841
1.38190955 1.68888476 103.00000000 -535.705138403102 -535.513984749379 6280 18483.333263
1.38944724 1.68888476 103.00000000 -535.703209140300 -535.512587108160 6281 18906.757513
1.39698492 1.68888476 103.00000000 -535.701278672704 -535.511206043866 6282 19330.446185
1.40452261 1.68888476 103.00000000 -535.699346770268 -535.509842483570 6283 19754.449768
1.41206030 1.68888476 103.00000000 -535.697413099731 -535.508497375576 6284 20178.841404
1.41959799 1.68888476 103.00000000 -535.695477192998 -535.507171685747 6285 20603.723828
1.42713568 1.68888476 103.00000000 -535.693538422204 -535.505866407239 6286 21029.234842
1.43467337 1.68888476 103.00000000 -535.691595962499 -535.504582568197 6287 21455.555477
1.44221106 1.68888476 103.00000000 -535.689648738262 -535.503321241970 6288 21882.921807
1.44974874 1.68888476 103.00000000 -535.687695349485 -535.502083562423 6289 22311.641096
1.45728643 1.68888476 103.00000000 -535.685733946315 -535.500870732256 6290 22742.119342
1.46482412 1.68888476 103.00000000 -535.683762066748 -535.499684061554 6291 23174.896891
1.47236181 1.68888476 103.00000000 -535.681776328098 -535.498524990845 6292 23610.716157
1.47989950 1.68888476 103.00000000 -535.679771879908 -535.497395167208 6293 24050.641693
1.48743719 1.68888476 103.00000000 -535.677741206008 -535.496296634246 6294 24496.323106
1.49497487 1.68888476 103.00000000 -535.675670703797 -535.495232510028 6295 24950.745824
1.50251256 1.68888476 103.00000000 -535.673524750659 -535.494210480774 6296 25421.728107
1.51005025 1.68888476 103.00000000 -535.673994146385 -535.487356687776 6297 25318.707651
1.51758794 1.68888476 103.00000000 -535.672744641964 -535.486963764997 6298 25592.942178
1.52512563 1.68888476 103.00000000 -535.671510757790 -535.486578232624 6299 25863.748458
1.53266332 1.68888476 103.00000000 -535.670292613050 -535.486197425103 6300 26131.100330
1.54020101 1.68888476 103.00000000 -535.669090332942 -535.485819007981 6301 26394.970319
1.54773869 1.68888476 103.00000000 -535.667904049892 -535.485440912384 6302 26655.329358
1.55527638 1.68888476 103.00000000 -535.666733892958 -535.485061280063 6303 26912.149125
1.56281407 1.68888476 103.00000000 -535.665579998441 -535.484678429116 6304 27165.399703
1.57035176 1.68888476 103.00000000 -535.664442498318 -535.484290819476 6305 27415.052128
1.57788945 1.68888476 103.00000000 -535.663321525298 -535.483897031367 6306 27661.077273
1.58542714 1.68888476 103.00000000 -535.662217209109 -535.483495746224 6307 27903.446666
1.59296482 1.68888476 103.00000000 -535.661129676810 -535.483085778774 6308 28142.132421
1.60050251 1.68888476 103.00000000 -535.660059047405 -535.482665859032 6309 28377.108419
1.60804020 1.68888476 103.00000000 -535.659005438841 -535.482234943767 6310 28608.348774
1.61557789 1.68888476 103.00000000 -535.657968961820 -535.481791992487 6311 28835.829191
1.62311558 1.68888476 103.00000000 -535.656949719925 -535.481336018003 6312 29059.526934
1.63065327 1.68888476 103.00000000 -535.655947808452 -535.480866085005 6313 29279.421089
1.63819095 1.68888476 103.00000000 -535.654963314309 -535.480381309681 6314 29495.492582
1.64572864 1.68888476 103.00000000 -535.653996310694 -535.479880861899 6315 29707.725348
1.65326633 1.68888476 103.00000000 -535.653046861107 -535.479363971991 6316 29916.105450
1.66080402 1.68888476 103.00000000 -535.652115013719 -535.478829936971 6317 30120.622316
1.66834171 1.68888476 103.00000000 -535.651200800138 -535.478278131427 6318 30321.269008
1.67587940 1.68888476 103.00000000 -535.650304232478 -535.477708080627 6319 30518.042868
1.68341709 1.68888476 103.00000000 -535.649425300822 -535.477119230047 6320 30710.946073
1.69095477 1.68888476 103.00000000 -535.648563972060 -535.476511343298 6321 30899.985889
1.69849246 1.68888476 103.00000000 -535.647720180619 -535.475884259748 6322 31085.176708
1.70603015 1.68888476 103.00000000 -535.646893832531 -535.475237988806 6323 31266.539153
1.71356784 1.68888476 103.00000000 -535.646084799867 -535.474572731876 6324 31444.101302
1.72110553 1.68888476 103.00000000 -535.645292914579 -535.473888900927 6325 31617.900037
1.72864322 1.68888476 103.00000000 -535.644517971350 -535.473187144301 6326 31787.980420
1.73618090 1.68888476 103.00000000 -535.643759723174 -535.472468359970 6327 31954.396662
1.74371859 1.68888476 103.00000000 -535.643017879252 -535.471733703321 6328 32117.212586
1.75125628 1.68888476 103.00000000 -535.642292109243 -535.470984593331 6329 32276.500694
1.75879397 1.68888476 103.00000000 -535.641582047363 -535.470222706344 6330 32432.341266
1.76633166 1.68888476 103.00000000 -535.640887291164 -535.469449951295 6331 32584.822630
1.77386935 1.68888476 103.00000000 -535.640207411165 -535.468668444544 6332 32734.039045
1.78140704 1.68888476 103.00000000 -535.639541957322 -535.467880467741 6333 32880.089284
1.78894472 1.68888476 103.00000000 -535.638890467434 -535.467088420473 6334 33023.074790
1.79648241 1.68888476 103.00000000 -535.638252472227 -535.466294763442 6335 33163.098555
1.80402010 1.68888476 103.00000000 -535.637627509369 -535.465501968726 6336 33300.262051
1.81155779 1.68888476 103.00000000 -535.637015126929 -535.464712434852 6337 33434.664464
1.81909548 1.68888476 103.00000000 -535.636414892132 -535.463928536528 6338 33566.400777
1.82663317 1.68888476 103.00000000 -535.635826395926 -535.463152436639 6339 33695.560767
1.83417085 1.68888476 103.00000000 -535.635249257773 -535.462386149245 6340 33822.227953
1.84170854 1.68888476 103.00000000 -535.634683124718 -535.461631487607 6341 33946.479799
1.84924623 1.68888476 103.00000000 -535.634127677245 -535.460890066503 6342 34068.386430
1.85678392 1.68888476 103.00000000 -535.633582625490 -535.460163260615 6343 34188.011465
1.86432161 1.68888476 103.00000000 -535.633047708676 -535.459452237642 6344 34305.412138
1.87185930 1.68888476 103.00000000 -535.632522694262 -535.458757962150 6345 34420.639485
1.87939698 1.68888476 103.00000000 -535.632007371892 -535.458081200979 6346 34533.739675
1.88693467 1.68888476 103.00000000 -535.631501554655 -535.457422541306 6347 34644.753728
1.89447236 1.68888476 103.00000000 -535.631005073963 -535.456782407926 6348 34753.718647
1.90201005 1.68888476 103.00000000 -535.630517778962 -535.456161082508 6349 34860.667540
1.90954774 1.68888476 103.00000000 -535.630039529914 -535.455558717147 6350 34965.631075
1.91708543 1.68888476 103.00000000 -535.629570198293 -535.454975295429 6351 35068.637462
1.92462312 1.68888476 103.00000000 -535.629109666374 -535.454410879739 6352 35169.712537
1.93216080 1.68888476 103.00000000 -535.628657822591 -535.453865280432 6353 35268.880786
1.93969849 1.68888476 103.00000000 -535.628214561003 -535.453338295526 6354 35366.165462
1.94723618 1.68888476 103.00000000 -535.627779776717 -535.452829663542 6355 35461.589584
1.95477387 1.68888476 103.00000000 -535.627353370102 -535.452339078922 6356 35555.175021
1.96231156 1.68888476 103.00000000 -535.626935246977 -535.451866201353 6357 35646.942441
1.96984925 1.68888476 103.00000000 -535.626525310797 -535.451410657425 6358 35736.913035
1.97738693 1.68888476 103.00000000 -535.626123463559 -535.450972047653 6359 35825.108311
1.98492462 1.68888476 103.00000000 -535.625729610583 -535.450549957554 6360 35911.549049
1.99246231 1.68888476 103.00000000 -535.625343656679 -535.450143953997 6361 35996.256141
2.00000000 1.68888476 103.00000000 -535.624965505600 -535.449753615362 6362 36079.250712
0.96446195 1.25000000 103.00000000 -535.577447987712 -535.368303663221 6363 46508.140625
0.96446195 1.25628141 103.00000000 -535.586434259044 -535.375371324203 6364 44535.882001
0.96446195 1.26256281 103.00000000 -535.595109023087 -535.382159237663 6365 42631.991325
0.96446195 1.26884422 103.00000000 -535.603482138864 -535.388678078843 6366 40794.304793
0.96446195 1.27512563 103.00000000 -535.611562699832 -535.394937893925 6367 39020.826621
0.96446195 1.28140704 103.00000000 -535.619360648821 -535.400949629146 6368 37309.374610
0.96446195 1.28768844 103.00000000 -535.626884486687 -535.406722972030 6369 35658.083037
0.96446195 1.29396985 103.00000000 -535.634142803010 -535.412267799152 6370 34065.066709
0.96446195 1.30025126 103.00000000 -535.641143849659 -535.417593794598 6371 32528.514548
0.96446195 1.30653266 103.00000000 -535.647895584327 -535.422710493504 6372 31046.680043
0.96446195 1.31281407 103.00000000 -535.654405700683 -535.427627314179 6373 29617.874630
0.96446195 1.31909548 103.00000000 -535.660681566300 -535.432353522721 6374 28240.481311
0.96446195 1.32537688 103.00000000 -535.666730250531 -535.436898267132 6375 26912.948545
0.96446195 1.33165829 103.00000000 -535.672558542666 -535.441270610386 6376 25633.786254
0.96446195 1.33793970 103.00000000 -535.678172871730 -535.445479500029 6377 24401.583430
0.96446195 1.34422111 103.00000000 -535.683579304867 -535.449533824070 6378 23215.008488
0.96446195 1.35050251 103.00000000 -535.688783439112 -535.453442421245 6379 22072.833022
0.96446195 1.35678392 103.00000000 -535.693790256238 -535.457214214606 6380 20973.963659
0.96446195 1.36306533 103.00000000 -535.698603637465 -535.460858409517 6381 19917.548569
0.96446195 1.36934673 103.00000000 -535.703225169004 -535.464385247528 6382 18903.239619
0.96446195 1.37562814 103.00000000 -535.707649523605 -535.467809474501 6383 17932.206006
0.96446195 1.38190955 103.00000000 -535.711824239185 -535.471188139303 6384 17015.961827
0.96446195 1.38819095 103.00000000 -535.713300774750 -535.474955387219 6385 16691.899722
0.96446195 1.39447236 103.00000000 -535.717372342023 -535.477960138364 6386 15798.293979
0.96446195 1.40075377 103.00000000 -535.721343078521 -535.480897160542 6387 14926.818034
0.96446195 1.40703518 103.00000000 -535.725231696902 -535.483765670294 6388 14073.364933
0.96446195 1.41331658 103.00000000 -535.729051137271 -535.486547554705 6389 13235.094650
0.96446195 1.41959799 103.00000000 -535.732788673253 -535.489205789123 6390 12414.800303
0.96446195 1.42587940 103.00000000 -535.736390401057 -535.491720263575 6391 11624.312407
0.96446195 1.43216080 103.00000000 -535.739803633015 -535.494127173282 6392 10875.194567
0.96446195 1.43844221 103.00000000 -535.743022216596 -535.496477348089 6393 10168.797109
0.96446195 1.44472362 103.00000000 -535.746063751505 -535.498797938361 6394  9501.257344
0.96446195 1.45100503 103.00000000 -535.748944922620 -535.501099931109 6395  8868.913364
0.96446195 1.45728643 103.00000000 -535.751677274986 -535.503388726037 6396  8269.231325
0.96446195 1.46356784 103.00000000 -535.754268981805 -535.505667982924 6397  7700.417415
0.96446195 1.46984925 103.00000000 -535.756726565987 -535.507940448290 6398  7161.040023
0.96446195 1.47613065 103.00000000 -535.759055881755 -535.510208033751 6399  6649.814294
0.96446195 1.48241206 103.00000000 -535.761262515633 -535.512471836189 6400  6165.514128
0.96446195 1.48869347 103.00000000 -535.763351846384 -535.514732225143 6401  5706.959024
0.96446195 1.49497487 103.00000000 -535.765329024251 -535.516989030797 6402  5273.018632
0.96446195 1.50125628 103.00000000 -535.767198932926 -535.519241740982 6403  4862.621107
0.96446195 1.50753769 103.00000000 -535.768966145475 -535.521489632318 6404  4474.762778
0.96446195 1.51381910 103.00000000 -535.770635760246 -535.523732590266 6405  4108.324684
0.96446195 1.52010050 103.00000000 -535.772210101809 -535.525968408720 6406  3762.796644
0.96446195 1.52638191 103.00000000 -535.773693747452 -535.528196992498 6407  3437.174057
0.96446195 1.53266332 103.00000000 -535.775090195039 -535.530417587140 6408  3130.689232
0.96446195 1.53894472 103.00000000 -535.776402735107 -535.532629492363 6409  2842.619979
0.96446195 1.54522613 103.00000000 -535.777634481428 -535.534832067568 6410  2572.282905
0.96446195 1.55150754 103.00000000 -535.778788381336 -535.537024709271 6411  2319.031143
0.96446195 1.55778894 103.00000000 -535.779867238461 -535.539206850872 6412  2082.249369
0.96446195 1.56407035 103.00000000 -535.780873732027 -535.541377965752 6413  1861.349561
0.96446195 1.57035176 103.00000000 -535.781810420429 -535.543537533543 6414  1655.770215
0.96446195 1.57663317 103.00000000 -535.782679758225 -535.545685072294 6415  1464.972619
0.96446195 1.58291457 103.00000000 -535.783484101774 -535.547820087676 6416  1288.439612
0.96446195 1.58919598 103.00000000 -535.784225722435 -535.549942110031 6417  1125.672688
0.96446195 1.59547739 103.00000000 -535.784906804687 -535.552050665030 6418   976.192409
0.96446195 1.60175879 103.00000000 -535.785529454150 -535.554145282295 6419   839.536645
0.96446195 1.60804020 103.00000000 -535.786095709836 -535.556225508770 6420   715.257885
0.96446195 1.61432161 103.00000000 -535.786607536801 -535.558290888725 6421   602.924848
0.96446195 1.62060302 103.00000000 -535.787066836795 -535.560340978486 6422   502.120150
0.96446195 1.62688442 103.00000000 -535.787475449218 -535.562375342589 6423   412.440087
0.96446195 1.63316583 103.00000000 -535.787835155773 -535.564393565860 6424   333.493622
0.96446195 1.63944724 103.00000000 -535.788147680415 -535.566395252592 6425   264.902390
0.96446195 1.64572864 103.00000000 -535.788414693269 -535.568380016214 6426   206.299841
0.96446195 1.65201005 103.00000000 -535.788637813082 -535.570347504585 6427   157.330702
0.96446195 1.65829146 103.00000000 -535.788818608924 -535.572297381757 6428   117.650600
0.96446195 1.66457286 103.00000000 -535.788958600866 -535.574229336823 6429    86.925920
0.96446195 1.67085427 103.00000000 -535.789059264093 -535.576143096034 6430    64.832895
0.96446195 1.67713568 103.00000000 -535.789122029329 -535.578038405245 6431    51.057518
0.96446195 1.68341709 103.00000000 -535.789148283979 -535.579915041343 6432    45.295288
0.96446195 1.68969849 103.00000000 -535.789139374346 -535.581772807929 6433    47.250726
0.96446195 1.69597990 103.00000000 -535.789096606765 -535.583611545435 6434    56.637126
0.96446195 1.70226131 103.00000000 -535.789021250070 -535.585431115384 6435    73.176009
0.96446195 1.70854271 103.00000000 -535.788914535244 -535.587231405333 6436    96.597206
0.96446195 1.71482412 103.00000000 -535.788777656807 -535.589012338331 6437   126.638551
0.96446195 1.72110553 103.00000000 -535.788611776076 -535.590773854899 6438   163.045164
0.96446195 1.72738693 103.00000000 -535.788418019992 -535.592515918577 6439   205.569710
0.96446195 1.73366834 103.00000000 -535.788197482898 -535.594238524836 6440   253.972008
0.96446195 1.73994975 103.00000000 -535.787951228173 -535.595941680636 6441   308.018674
0.96446195 1.74623116 103.00000000 -535.787680288101 -535.597625415235 6442   367.483148
0.96446195 1.75251256 103.00000000 -535.787385666669 -535.599289772937 6443   432.145079
0.96446195 1.75879397 103.00000000 -535.787068337992 -535.600934822481 6444   501.790675
0.96446195 1.76507538 103.00000000 -535.786729249003 -535.602560637989 6445   576.212107
0.96446195 1.77135678 103.00000000 -535.786369320463 -535.604167306629 6446   655.207292
0.96446195 1.77763819 103.00000000 -535.785989445642 -535.605754934893 6447   738.580180
0.96446195 1.78391960 103.00000000 -535.785590493251 -535.607323630080 6448   826.140111
0.96446195 1.79020101 103.00000000 -535.785173307775 -535.608873511208 6449   917.701741
0.96446195 1.79648241 103.00000000 -535.784738709724 -535.610404700378 6450  1013.084990
0.96446195 1.80276382 103.00000000 -535.784287494845 -535.611917333496 6451  1112.115211
0.96446195 1.80904523 103.00000000 -535.783820437834 -535.613411544991 6452  1214.622378
0.96446195 1.81532663 103.00000000 -535.783338292284 -535.614887464034 6453  1320.441097
0.96446195 1.82160804 103.00000000 -535.782841787285 -535.616345243111 6454  1429.411350
0.96446195 1.82788945 103.00000000 -535.782331633752 -535.617785018852 6455  1541.377111
0.96446195 1.83417085 103.00000000 -535.781808523012 -535.619206929965 6456  1656.186650
0.96446195 1.84045226 103.00000000 -535.781273123104 -535.620611126583 6457  1773.693350
0.96446195 1.84673367 103.00000000 -535.780726085916 -535.621997746774 6458  1893.754137
0.96446195 1.85301508 103.00000000 -535.780168043321 -535.623366929428 6459  2016.230332
0.96446195 1.85929648 103.00000000 -535.779599611974 -535.624718815120 6460  2140.986595
0.96446195 1.86557789 103.00000000 -535.779021385211 -535.626053543655 6461  2267.892703
0.96446195 1.87185930 103.00000000 -535.778433943803 -535.627371248837 6462  2396.821192
0.96446195 1.87814070 103.00000000 -535.777837850577 -535.628672061425 6463  2527.648535
0.96446195 1.88442211 103.00000000 -535.777233650560 -535.629956116891 6464  2660.255113
0.96446195 1.89070352 103.00000000 -535.776621873269 -535.631223541022 6465  2794.524711
0.96446195 1.89698492 103.00000000 -535.776003034736 -535.632474458550 6466  2930.344073
0.96446195 1.90326633 103.00000000 -535.775377631934 -535.633708997066 6467  3067.604125
0.96446195 1.90954774 103.00000000 -535.774746150607 -535.634927277000 6468  3206.198259
0.96446195 1.91582915 103.00000000 -535.774109060367 -535.636129417535 6469  3346.023407
0.96446195 1.92211055 103.00000000 -535.773466818312 -535.637315534972 6470  3486.979248
0.96446195 1.92839196 103.00000000 -535.772819864480 -535.638485749010 6471  3628.969204
0.96446195 1.93467337 103.00000000 -535.772168628613 -535.639640172255 6472  3771.898959
0.96446195 1.94095477 103.00000000 -535.771513527303 -535.640778916176 6473  3915.677080
0.96446195 1.94723618 103.00000000 -535.770854961177 -535.641902096060 6474  4060.215640
0.96446195 1.95351759 103.00000000 -535.770193322114 -535.643009821593 6475  4205.428632
0.96446195 1.95979899 103.00000000 -535.769528989534 -535.644102201264 6476  4351.232783
0.96446195 1.96608040 103.00000000 -535.768862327414 -535.645179348260 6477  4497.548209
0.96446195 1.97236181 103.00000000 -535.768193691955 -535.646241370199 6478  4644.296732
0.96446195 1.97864322 103.00000000 -535.767523425964 -535.647288376241 6479  4791.403116
0.96446195 1.98492462 103.00000000 -535.766851864349 -535.648320474697 6480  4938.793857
0.96446195 1.99120603 103.00000000 -535.766179326170 -535.649337778187 6481  5086.398928
0.96446195 1.99748744 103.00000000 -535.765506123464 -535.650340394570 6482  5234.149847
0.96446195 2.00376884 103.00000000 -535.764832558727 -535.651328433951 6483  5381.980222
0.96446195 2.01005025 103.00000000 -535.764158920877 -535.652302009890 6484  5529.826644
0.96446195 2.01633166 103.00000000 -535.763485492098 -535.653261233072 6485  5677.627179
0.96446195 2.02261307 103.00000000 -535.762812543874 -535.654206216477 6486  5825.322245
0.96446195 2.02889447 103.00000000 -535.762140339819 -535.655137072444 6487  5972.853985
0.96446195 2.03517588 103.00000000 -535.761469130887 -535.656053918967 6488  6120.167321
0.96446195 2.04145729 103.00000000 -535.760799162138 -535.656956870520 6489  6267.208468
0.96446195 2.04773869 103.00000000 -535.760130669951 -535.657846042987 6490  6413.925547
0.96446195 2.05402010 103.00000000 -535.759463879606 -535.658721558174 6491  6560.269115
0.96446195 2.06030151 103.00000000 -535.758799010528 -535.659583533385 6492  6706.191013
0.96446195 2.06658291 103.00000000 -535.758136274689 -535.660432089545 6493  6851.644720
0.96446195 2.07286432 103.00000000 -535.757475872056 -535.661267350885 6494  6996.586347
0.96446195 2.07914573 103.00000000 -535.756817998930 -535.662089440170 6495  7140.972811
0.96446195 2.08542714 103.00000000 -535.756162842441 -535.662898481866 6496  7284.763043
0.96446195 2.09170854 103.00000000 -535.755510583174 -535.663694600806 6497  7427.917408
0.96446195 2.09798995 103.00000000 -535.754861391591 -535.664477926754 6498  7570.398494
0.96446195 2.10427136 103.00000000 -535.754215434654 -535.665248587092 6499  7712.169657
0.96446195 2.11055276 103.00000000 -535.753572871838 -535.666006709984 6500  7853.195897
0.96446195 2.11683417 103.00000000 -535.752933852948 -535.666752428411 6501  7993.444335
0.96446195 2.12311558 103.00000000 -535.752298524032 -535.667485872575 6502  8132.882917
0.96446195 2.12939698 103.00000000 -535.751667025316 -535.668207173970 6503  8271.480867
0.96446195 2.13567839 103.00000000 -535.751039487435 -535.668916468002 6504  8409.209515
0.96446195 2.14195980 103.00000000 -535.750416038033 -535.669613888201 6505  8546.040845
0.96446195 2.14824121 103.00000000 -535.749796797172 -535.670299568396 6506  8681.948507
0.96446195 2.15452261 103.00000000 -535.749181881874 -535.670973644450 6507  8816.906818
0.96446195 2.16080402 103.00000000 -535.748571398430 -535.671636253551 6508  8950.892449
0.96446195 2.16708543 103.00000000 -535.747965451997 -535.672287531568 6509  9083.882322
0.96446195 2.17336683 103.00000000 -535.747364141425 -535.672927614368 6510  9215.854740
0.96446195 2.17964824 103.00000000 -535.746767558743 -535.673556641406 6511  9346.789507
0.96446195 2.18592965 103.00000000 -535.746175792880 -535.674174749269 6512  9476.667104
0.96446195 2.19221106 103.00000000 -535.745588926637 -535.674782075473 6513  9605.469359
0.96446195 2.19849246 103.00000000 -535.745007040098 -535.675378757545 6514  9733.178695
0.96446195 2.20477387 103.00000000 -535.744430204627 -535.675964935044 6515  9859.779449
0.96446195 2.21105528 103.00000000 -535.743858490276 -535.676540744677 6516  9985.256248
0.96446195 2.21733668 103.00000000 -535.743291962607 -535.677106323700 6517 10109.594702
0.96446195 2.22361809 103.00000000 -535.742730679831 -535.677661811018 6518 10232.782034
0.96446195 2.22989950 103.00000000 -535.742174699171 -535.678207343559 6519 10354.805687
0.96446195 2.23618090 103.00000000 -535.741624073510 -535.678743057757 6520 10475.654053
0.96446195 2.24246231 103.00000000 -535.741078847679 -535.679269090474 6521 10595.317294
0.96446195 2.24874372 103.00000000 -535.740539066774 -535.679785577918 6522 10713.785511
0.96446195 1.68888476  40.00000000 -535.607253821554 -535.450466752377 6563 39966.516110
0.96446195 1.68888476  40.70351759 -535.613573536811 -535.455352784795 6564 38579.498908
0.96446195 1.68888476  41.40703518 -535.619638599115 -535.459988766856 6565 37248.371570
0.96446195 1.68888476  42.11055276 -535.625461433470 -535.464389298099 6566 35970.407123
0.96446195 1.68888476  42.81407035 -535.631054079829 -535.468568577387 6567 34742.963103
0.96446195 1.68888476  43.51758794 -535.636428170613 -535.472540361588 6568 33563.486487
0.96446195 1.68888476  44.22110553 -535.641594912679 -535.476317936872 6569 32429.517656
0.96446195 1.68888476  44.92462312 -535.646565071271 -535.479914068757 6570 31338.693911
0.96446195 1.68888476  45.62814070 -535.651349703771 -535.483341425673 6571 30288.588438
0.96446195 1.68888476  46.33165829 -535.655957194465 -535.486610811214 6572 29277.361097
0.96446195 1.68888476  47.03517588 -535.660397658625 -535.489733732170 6573 28302.791845
0.96446195 1.68888476  47.73869347 -535.664680023506 -535.492720679374 6574 27362.921374
0.96446195 1.68888476  48.44221106 -535.668812755181 -535.495581543751 6575 26455.891596
0.96446195 1.68888476  49.14572864 -535.672803863476 -535.498325610810 6576 25579.944559
0.96446195 1.68888476  49.84924623 -535.676660908887 -535.500961563453 6577 24733.420923
0.96446195 1.68888476  50.55276382 -535.680391011787 -535.503497484986 6578 23914.757949
0.96446195 1.68888476  51.25628141 -535.684000864022 -535.505940870064 6579 23122.486946
0.96446195 1.68888476  51.95979899 -535.687496741199 -535.508298636154 6580 22355.230577
0.96446195 1.68888476  52.66331658 -535.690884517520 -535.510577141176 6581 21611.699604
0.96446195 1.68888476  53.36683417 -535.694169679725 -535.512782201066 6582 20890.689827
0.96446195 1.68888476  54.07035176 -535.697357344069 -535.514919112636 6583 20191.078358
0.96446195 1.68888476  54.77386935 -535.700452272482 -535.516992678148 6584 19511.820073
0.96446195 1.68888476  55.47738693 -535.703458889524 -535.519007230044 6585 18851.943894
0.96446195 1.68888476  56.18090452 -535.706381299140 -535.520966658681 6586 18210.549109
0.96446195 1.68888476  56.88442211 -535.709223302514 -535.522874440807 6587 17586.801454
0.96446195 1.68888476  57.58793970 -535.711988416125 -535.524733668277 6588 16979.929153
0.96446195 1.68888476  58.29145729 -535.714679884176 -535.526547078812 6589 16389.220183
0.96446195 1.68888476  58.99497487 -535.717300699977 -535.528317079212 6590 15814.017591
0.96446195 1.68888476  59.69849246 -535.719853621024 -535.530045778615 6591 15253.716175
0.96446195 1.68888476  60.40201005 -535.722341183009 -535.531735018095 6592 14707.759415
0.96446195 1.68888476  61.10552764 -535.724765715357 -535.533386389588 6593 14175.636062
0.96446195 1.68888476  61.80904523 -535.727129354106 -535.535001267687 6594 13656.877310
0.96446195 1.68888476  62.51256281 -535.729434061070 -535.536580835107 6595 13151.052589
0.96446195 1.68888476  63.21608040 -535.731681632211 -535.538126097421 6596 12657.767732
0.96446195 1.68888476  63.91959799 -535.733873710508 -535.539637912532 6597 12176.662147
0.96446195 1.68888476  64.62311558 -535.736011800172 -535.541117008079 6598 11707.405698
0.96446195 1.68888476  65.32663317 -535.738097275992 -535.542563999397 6599 11249.696653
0.96446195 1.68888476  66.03015075 -535.740131394350 -535.543979408483 6600 10803.259268
0.96446195 1.68888476  66.73366834 -535.742115306804 -535.545363671388 6601 10367.840805
0.96446195 1.68888476  67.43718593 -535.744050063485 -535.546717163926 6602  9943.210788
0.96446195 1.68888476  68.14070352 -535.745936628387 -535.548040201827 6603  9529.157644
0.96446195 1.68888476  68.84422111 -535.747775878315 -535.549333072871 6604  9125.488937
0.96446195 1.68888476  69.54773869 -535.749568618854 -535.550596018245 6605  8732.027860
0.96446195 1.68888476  70.25125628 -535.751315591556 -535.551829256751 6606  8348.611664
0.96446195 1.68888476  70.95477387 -535.753017472826 -535.553032996317 6607  7975.091892
0.96446195 1.68888476  71.65829146 -535.754674895370 -535.554207425665 6608  7611.329684
0.96446195 1.68888476  72.36180905 -535.756288432872 -535.555352736662 6609  7257.199129
0.96446195 1.68888476  73.06532663 -535.757858618583 -535.556469117082 6610  6912.583192
0.96446195 1.68888476  73.76884422 -535.759385948858 -535.557556761696 6611  6577.372937
0.96446195 1.68888476  74.47236181 -535.760870884417 -535.558615868687 6612  6251.467247
0.96446195 1.68888476  75.17587940 -535.762313856110 -535.559646647203 6613  5934.771561
0.96446195 1.68888476  75.87939698 -535.763715268211 -535.560649317874 6614  5627.197151
0.96446195 1.68888476  76.58291457 -535.765075501575 -535.561624114047 6615  5328.660429
0.96446195 1.68888476  77.28643216 -535.766394916078 -535.562571283367 6616  5039.082412
0.96446195 1.68888476  77.98994975 -535.767673855073 -535.563491089009 6617  4758.387742
0.96446195 1.68888476  78.69346734 -535.768912646186 -535.564383809536 6618  4486.504515
0.96446195 1.68888476  79.39698492 -535.770111603877 -535.565249739152 6619  4223.363712
0.96446195 1.68888476  80.10050251 -535.771271031690 -535.566089187680 6620  3968.898716
0.96446195 1.68888476  80.80402010 -535.772391224051 -535.566902480997 6621  3723.044906
0.96446195 1.68888476  81.50753769 -535.773472467554 -535.567689959862 6622  3485.739382
0.96446195 1.68888476  82.21105528 -535.774515043139 -535.568451980194 6623  3256.920486
0.96446195 1.68888476  82.91457286 -535.775519225747 -535.569188911339 6624  3036.527874
0.96446195 1.68888476  83.61809045 -535.776485286723 -535.569901136328 6625  2824.501994
0.96446195 1.68888476  84.32160804 -535.777413494465 -535.570589050725 6626  2620.783938
0.96446195 1.68888476  85.02512563 -535.778304115304 -535.571253062341 6627  2425.315254
0.96446195 1.68888476  85.72864322 -535.779157413399 -535.571893588979 6628  2238.037966
0.96446195 1.68888476  86.43216080 -535.779973652200 -535.572511059150 6629  2058.894252
0.96446195 1.68888476  87.13567839 -535.780753095003 -535.573105910379 6630  1887.826327
0.96446195 1.68888476  87.83919598 -535.781496004436 -535.573678588144 6631  1724.776551
0.96446195 1.68888476  88.54271357 -535.782202643756 -535.574229545951 6632  1569.687143
0.96446195 1.68888476  89.24623116 -535.782873276936 -535.574759243341 6633  1422.500171
0.96446195 1.68888476  89.94974874 -535.783508168683 -535.575268145757 6634  1283.157536
0.96446195 1.68888476  90.65326633 -535.784107584512 -535.575756723488 6635  1151.600966
0.96446195 1.68888476  91.35678392 -535.784671791505 -535.576225451160 6636  1027.771841
0.96446195 1.68888476  92.06030151 -535.785201057692 -535.576674806594 6637   911.611338
0.96446195 1.68888476  92.76381910 -535.785695652830 -535.577105270639 6638   803.060250
0.96446195 1.68888476  93.46733668 -535.786155848245 -535.577517326276 6639   702.059030
0.96446195 1.68888476  94.17085427 -535.786581916482 -535.577911457739 6640   608.547859
0.96446195 1.68888476  94.87437186 -535.786974132044 -535.578288150722 6641   522.466491
0.96446195 1.68888476  95.57788945 -535.787332770683 -535.578647890489 6642   443.754407
0.96446195 1.68888476  96.28140704 -535.787658110672 -535.578991163516 6643   372.350531
0.96446195 1.68888476  96.98492462 -535.787950430700 -535.579318454084 6644   308.193700
0.96446195 1.68888476  97.68844221 -535.788210011374 -535.579630245106 6645   251.222326
0.96446195 1.68888476  98.39195980 -535.788437136174 -535.579927020260 6646   201.374193
0.96446195 1.68888476  99.09547739 -535.788632088909 -535.580209259785 6647   158.587013
0.96446195 1.68888476  99.79899497 -535.788795155352 -535.580477441806 6648   122.798065
0.96446195 1.68888476 100.50251256 -535.788926622986 -535.580732034134 6649    93.944253
0.96446195 1.68888476 101.20603015 -535.789026780667 -535.580973524984 6650    71.962183
0.96446195 1.68888476 101.90954774 -535.789095919052 -535.581202377462 6651    56.788061
0.96446195 1.68888476 102.61306533 -535.789134330015 -535.581419057686 6652    48.357829
0.96446195 1.68888476 103.31658291 -535.789142306938 -535.581624028955 6653    46.607097
0.96446195 1.68888476 104.02010050 -535.789120144971 -535.581817750127 6654    51.471086
0.96446195 1.68888476 104.72361809 -535.789068140903 -535.582000676697 6655    62.884660
0.96446195 1.68888476 105.42713568 -535.788986591972 -535.582173259157 6656    80.782582
0.96446195 1.68888476 106.13065327 -535.788875798103 -535.582335944255 6657   105.099026
0.96446195 1.68888476 106.83417085 -535.788736059493 -535.582489173685 6658   135.768107
0.96446195 1.68888476 107.53768844 -535.788567679083 -535.582633385273 6659   172.723336
0.96446195 1.68888476 108.24120603 -535.788370960223 -535.582769011357 6660   215.898136
0.96446195 1.68888476 108.94472362 -535.788146208624 -535.582896479970 6661   265.225411
0.96446195 1.68888476 109.64824121 -535.787893730496 -535.583016213299 6662   320.637956
0.96446195 1.68888476 110.35175879 -535.787613834909 -535.583128629518 6663   382.067938
0.96446195 1.68888476 111.05527638 -535.787306831368 -535.583234141119 6664   449.447428
0.96446195 1.68888476 111.75879397 -535.786973032022 -535.583333155703 6665   522.707918
0.96446195 1.68888476 112.46231156 -535.786612750310 -535.583426075736 6666   601.780615
0.96446195 1.68888476 113.16582915 -535.786226301478 -535.583513303895 6667   686.596332
0.96446195 1.68888476 113.86934673 -535.785814002761 -535.583595219999 6668   777.085442
0.96446195 1.68888476 114.57286432 -535.785376173988 -535.583672214932 6669   873.177753
0.96446195 1.68888476 115.27638191 -535.784913135964 -535.583744675585 6670   974.802854
0.96446195 1.68888476 115.97989950 -535.784425212862 -535.583812974038 6671  1081.889599
0.96446195 1.68888476 116.68341709 -535.783912730405 -535.583877481219 6672  1194.366500
0.96446195 1.68888476 117.38693467 -535.783376017113 -535.583938553424 6673  1312.161454
0.96446195 1.68888476 118.09045226 -535.782815404733 -535.583996569587 6674  1435.201651
0.96446195 1.68888476 118.79396985 -535.782231227364 -535.584051876710 6675  1563.413766
0.96446195 1.68888476 119.49748744 -535.781623821590 -535.584104824390 6676  1696.723927
0.96446195 1.68888476 120.20100503 -535.780993527721 -535.584155758368 6677  1835.057444
0.96446195 1.68888476 120.90452261 -535.780340689251 -535.584205018355 6678  1978.338930
0.96446195 1.68888476 121.60804020 -535.779665653343 -535.584252939811 6679  2126.492189
0.96446195 1.68888476 122.31155779 -535.778968770921 -535.584299853205 6680  2279.440205
0.96446195 1.68888476 123.01507538 -535.778250396046 -535.584346083245 6681  2437.105269
0.96446195 1.68888476 123.71859296 -535.777510887911 -535.584391950799 6682  2599.408547
0.96446195 1.68888476 124.42211055 -535.776750609504 -535.584437771566 6683  2766.270373
0.96446195 1.68888476 125.12562814 -535.775969928668 -535.584483857119 6684  2937.610015
0.96446195 1.68888476 125.82914573 -535.775169218125 -535.584530514096 6685  3113.345669
0.96446195 1.68888476 126.53266332 -535.774348855234 -535.584578044259 6686  3293.394516
0.96446195 1.68888476 127.23618090 -535.773509222831 -535.584626745210 6687  3477.672531
0.96446195 1.68888476 127.93969849 -535.772650709451 -535.584676908616 6688  3666.094442
0.96446195 1.68888476 128.64321608 -535.771773709606 -535.584728815568 6689  3858.573664
0.96446195 1.68888476 129.34673367 -535.770878623285 -535.584782756953 6690  4055.022408
0.96446195 1.68888476 130.05025126 -535.769965857559 -535.584839008275 6691  4255.351332
0.96446195 1.68888476 130.75376884 -535.769035825725 -535.584897842785 6692  4459.469730
0.96446195 1.68888476 131.45728643 -535.768088948195 -535.584959528743 6693  4667.285331
0.96446195 1.68888476 132.16080402 -535.767125652489 -535.585024329503 6694  4878.704305
0.96446195 1.68888476 132.86432161 -535.766146373529 -535.585092502729 6695  5093.631197
0.96446195 1.68888476 133.56783920 -535.765151554712 -535.585164301868 6696  5311.968694
0.96446195 1.68888476 134.27135678 -535.764141647143 -535.585239974291 6697  5533.617790
0.96446195 1.68888476 134.97487437 -535.763117110590 -535.585319762166 6698  5758.477576
0.96446195 1.68888476 135.67839196 -535.762078412949 -535.585403901665 6699  5986.445362
0.96446195 1.68888476 136.38190955 -535.761026032339 -535.585492622033 6700  6217.416213
0.96446195 1.68888476 137.08542714 -535.759960456415 -535.585586148125 6701  6451.283101
0.96446195 1.68888476 137.78894472 -535.758882180509 -535.585684701110 6702  6687.937312
0.96446195 1.68888476 138.49246231 -535.757791712699 -535.585788478783 6703  6927.267337
0.96446195 1.68888476 139.19597990 -535.756689570539 -535.585897688203 6704  7169.159586
0.96446195 1.68888476 139.89949749 -535.755576282690 -535.586012526407 6705  7413.498030
0.96446195 1.68888476 140.60301508 -535.754452387910 -535.586133180039 6706  7660.164427
0.96446195 1.68888476 141.30653266 -535.753318437120 -535.586259827827 6707  7909.037864
0.96446195 1.68888476 142.01005025 -535.752174993545 -535.586392635264 6708  8159.994725
0.96446195 1.68888476 142.71356784 -535.751022632179 -535.586531760537 6709  8412.908816
0.96446195 1.68888476 143.41708543 -535.749861939196 -535.586677352448 6710  8667.651485
0.96446195 1.68888476 144.12060302 -535.748693515674 -535.586829549537 6711  8924.090812
0.96446195 1.68888476 144.82412060 -535.747517974034 -535.586988477393 6712  9182.092385
0.96446195 1.68888476 145.52763819 -535.746335940978 -535.587154251098 6713  9441.518659
0.96446195 1.68888476 146.23115578 -535.745148056928 -535.587326969981 6714  9702.229077
0.96446195 1.68888476 146.93467337 -535.743954976137 -535.587506727410 6715  9964.080049
0.96446195 1.68888476 147.63819095 -535.742757367753 -535.587693596305 6716 10226.924712
0.96446195 1.68888476 148.34170854 -535.741555916429 -535.587887637085 6717 10490.612804
0.96446195 1.68888476 149.04522613 -535.740351322871 -535.588088895010 6718 10754.990536
0.96446195 1.68888476 149.74874372 -535.739144304027 -535.588297398442 6719 11019.900556
0.96446195 1.68888476 150.45226131 -535.737935596610 -535.588513159549 6720 11285.181176
0.96446195 1.68888476 151.15577889 -535.736725955789 -535.588736170479 6721 11550.666654
0.96446195 1.68888476 151.85929648 -535.735516159446 -535.588966404001 6722 11816.186265
0.96446195 1.68888476 152.56281407 -535.734307011032 -535.589203811074 6723 12081.563673
0.96446195 1.68888476 153.26633166 -535.733099342114 -535.589448318718 6724 12346.616368
0.96446195 1.68888476 153.96984925 -535.731894017613 -535.589699826287 6725 12611.154524
0.96446195 1.68888476 154.67336683 -535.730691942453 -535.589958204325 6726 12874.979531
0.96446195 1.68888476 155.37688442 -535.729494067921 -535.590223288823 6727 13137.882607
0.96446195 1.68888476 156.08040201 -535.728301401491 -535.590494877758 6728 13399.642637
0.96446195 1.68888476 156.78391960 -535.727115016943 -535.590772725905 6729 13660.023953
0.96446195 1.68888476 157.48743719 -535.725936064408 -535.591056537783 6730 13918.774131
0.96446195 1.68888476 158.19095477 -535.724765787414 -535.591345963868 6731 14175.620248
0.96446195 1.68888476 158.89447236 -535.723605531253 -535.591640591078 6732 14430.267045
0.96446195 1.68888476 159.59798995 -535.722456756551 -535.591939938549 6733 14682.393954
0.96446195 1.68888476 160.30150754 -535.721321049474 -535.592243450798 6734 14931.652851
0.96446195 1.68888476 161.00502513 -535.720200125851 -535.592550491944 6735 15177.667154
0.96446195 1.68888476 161.70854271 -535.719095831234 -535.592860344363 6736 15420.031813
0.96446195 1.68888476 162.41206030 -535.718010132410 -535.593172207810 6737 15658.315166
0.96446195 1.68888476 163.11557789 -535.716945102632 -535.593485201897 6738 15892.062189
0.96446195 1.68888476 163.81909548 -535.715902898683 -535.593798366726 6739 16120.799520
0.96446195 1.68888476 164.52261307 -535.714885733781 -535.594110677536 6740 16344.041416
0.96446195 1.68888476 165.22613065 -535.713895844103 -535.594421046956 6741 16561.297093
0.96446195 1.68888476 165.92964824 -535.712935458770 -535.594728321596 6742 16772.077313
0.96446195 1.68888476 166.63316583 -535.712006772271 -535.595031328543 6743 16975.900444
0.96446195 1.68888476 167.33668342 -535.711111920195 -535.595328861199 6744 17172.297777
0.96446195 1.68888476 168.04020101 -535.710252960341 -535.595619639301 6745 17360.817678
0.96446195 1.68888476 168.74371859 -535.709431862841 -535.595902473650 6746 17541.027752
0.96446195 1.68888476 169.44723618 -535.708650504912 -535.596176082868 6747 17712.515999
0.96446195 1.68888476 170.15075377 -535.707910666654 -535.596439227657 6748 17874.891731
0.96446195 1.68888476 170.85427136 -535.707214030554 -535.596690667218 6749 18027.785685
0.96446195 1.68888476 171.55778894 -535.706562183804 -535.596929204441 6750 18170.849513
0.96446195 1.68888476 172.26130653 -535.705956617210 -535.597153664278 6751 18303.756020
0.96446195 1.68888476 172.96482412 -535.705398728505 -535.597362899723 6752 18426.198440
0.96446195 1.68888476 173.66834171 -535.704889815828 -535.597555837625 6753 18537.891865
0.96446195 1.68888476 174.37185930 -535.704431078687 -535.597731459175 6754 18638.573031
0.96446195 1.68888476 175.07537688 -535.704023611624 -535.597888817019 6755 18728.001716
0.96446195 1.68888476 175.77889447 -535.703668400772 -535.598027047515 6756 18805.961489
0.96446195 1.68888476 176.48241206 -535.703366316468 -535.598145378408 6757 18872.261331
0.96446195 1.68888476 177.18592965 -535.703118109892 -535.598243135069 6758 18926.736379
0.96446195 1.68888476 177.88944724 -535.702924402263 -535.598319768700 6759 18969.250290
0.96446195 1.68888476 178.59296482 -535.702785684750 -535.598374829693 6760 18999.695266
0.96446195 1.68888476 179.29648241 -535.702702311828 -535.598407997086 6761 19017.993507
2.01000000 1.68888476 103.00000000 -535.624475700666 -535.449259205439 6762 36186.750471
2.02000000 1.68888476 103.00000000 -535.623999229213 -535.448790597683 6763 36291.323869
2.03000000 1.68888476 103.00000000 -535.623535859563 -535.448346658575 6764 36393.021754
2.04000000 1.68888476 103.00000000 -535.623085356043 -535.447926493374 6765 36491.895850
2.05000000 1.68888476 103.00000000 -535.622647483459 -535.447528904816 6766 36587.997776
2.06000000 1.68888476 103.00000000 -535.622222001261 -535.447152979761 6767 36681.380326
2.07000000 1.68888476 103.00000000 -535.621808667627 -535.446797743360 6768 36772.096575
2.08000000 1.68888476 103.00000000 -535.621407238500 -535.446462245024 6769 36860.200086
2.09000000 1.68888476 103.00000000 -535.621017467888 -535.446145560759 6770 36945.744849
2.10000000 1.68888476 103.00000000 -535.620639109986 -535.445846795903 6771 37028.784812
2.11000000 1.68888476 103.00000000 -535.620271917247 -535.445565084132 6772 37109.374304
2.12000000 1.68888476 103.00000000 -535.619915641408 -535.445299588366 6773 37187.567814
2.13000000 1.68888476 103.00000000 -535.619570035667 -535.445049503141 6774 37263.419508
2.14000000 1.68888476 103.00000000 -535.619234853138 -535.444814052526 6775 37336.983571
2.15000000 1.68888476 103.00000000 -535.618909847133 -535.444592490198 6776 37408.314146
2.16000000 1.68888476 103.00000000 -535.618594772977 -535.444384059589 6777 37477.464931
2.17000000 1.68888476 103.00000000 -535.618289386844 -535.444188158332 6778 37544.489441
2.18000000 1.68888476 103.00000000 -535.617993446595 -535.444004084149 6779 37609.440820
2.19000000 1.68888476 103.00000000 -535.617706713240 -535.443831207684 6780 37672.371518
2.20000000 1.68888476 103.00000000 -535.617428949063 -535.443668926898 6781 37733.333710
2.21000000 1.68888476 103.00000000 -535.617159919969 -535.443516667364 6782 37792.378772
2.22000000 1.68888476 103.00000000 -535.616899393925 -535.443373880162 6783 37849.557630
2.23000000 1.68888476 103.00000000 -535.616647142448 -535.443240042206 6784 37904.920431
2.24000000 1.68888476 103.00000000 -535.616402940514 -535.443114652982 6785 37958.516562
2.25000000 1.68888476 103.00000000 -535.616166564706 -535.442997242964 6786 38010.395056
2.26000000 1.68888476 103.00000000 -535.615937797386 -535.442887356623 6787 38060.603680
2.27000000 1.68888476 103.00000000 -535.615716423542 -535.442784564563 6788 38109.189624
2.28000000 1.68888476 103.00000000 -535.615502232202 -535.442688458991 6789 38156.199190
2.29000000 1.68888476 103.00000000 -535.615295016424 -535.442598652537 6790 38201.677798
2.30000000 1.68888476 103.00000000 -535.615094573123 -535.442514777596 6791 38245.670018
0.96446195 1.68888476 179.40000000 -535.702694729907 -535.598411016414 6962 19019.657547
0.96446195 1.68888476 179.50000000 -535.702688548479 -535.598413478449 6963 19021.014213
0.96446195 1.68888476 179.60000000 -535.702683490338 -535.598415492943 6964 19022.124347
0.96446195 1.68888476 179.70000000 -535.702679556055 -535.598417060010 6965 19022.987822
0.96446195 1.68888476 179.80000000 -535.702676745712 -535.598418179772 6966 19023.604621
0.96446195 1.68888476 179.90000000 -535.702675059486 -535.598418851527 6967 19023.974705
0.96446195 1.68888476 179.99000000 -535.702674503095 -535.598419073320 6968 19024.096819
0.96446195 1.68888476 179.91000000 -535.702674952615 -535.598418893994 6969 19023.998161
0.96446195 1.68888476 179.92000000 -535.702674857148 -535.598418932174 6970 19024.019113
0.96446195 1.68888476 179.93000000 -535.702674772796 -535.598418965753 6971 19024.037626
0.96446195 1.68888476 179.94000000 -535.702674699504 -535.598418994749 6972 19024.053712
0.96446195 1.68888476 179.96000000 -535.702674587354 -535.598419039705 6973 19024.078326
0.96446195 1.68888476 179.97000000 -535.702674547854 -535.598419055443 6974 19024.086996
0.96446195 1.68888476 179.98000000 -535.702674519777 -535.598419066555 6975 19024.093158