 "MMM"    0.96446195   1.65478491   101.20597588   1.490890932648   0.314290139393   1000.0000
 "MMM"    0.96446195   1.78888476   103.00000000   1.466460851813   0.240496428390   100.0000
 "MMM"    0.93946195   1.68888476   103.00000000   1.457493987004   0.287565402182   10.0000
 "MMM"    0.96446195   1.68888476   103.00000000   1.482955590373   0.308101277385   1.0000
 "MMM"    1.02376223   1.68888476   125.24376942   1.370826776626   0.712089073708   1001.0000
 "MMM"    0.96446195   1.54846536   116.18165024   1.459512282707   0.756166405864   1002.0000
 "MMM"    0.79333815   1.83631621   103.00000000   1.299066853213   0.041672375667   1003.0000
 "MMM"    0.96446195   1.83381532   92.31216464   1.458151107933   0.034423398219   1004.0000
 "MMM"    0.96446195   1.53426239   87.29927649   1.454161518789   0.234899883919   1005.0000
 "MMM"    1.29206393   1.68888476   105.50642116   1.700342176101   0.493215384248   1006.0000
 "MMM"    1.05626567   1.68888476   81.32877607   1.468787867483   -0.104795982671   1007.0000
 "MMM"    0.97672991   1.68888476   107.58637610   1.483129378314   0.395223392399   1008.0000
 "MMM"    0.96446195   1.53040089   84.20115751   1.422739094525   0.170770357437   1009.0000
 "MMM"    1.02424265   1.63888768   103.00000000   1.553828707506   0.406365718759   1010.0000
 "MMM"    0.96446195   1.57888476   103.00000000   1.507479719509   0.461757891117   101.0000
 "MMM"    1.05897994   1.68888476   124.36787444   1.405937368796   0.741734812346   1011.0000
 "MMM"    0.96446195   1.92003037   121.77807743   1.301701930925   0.510386763796   1012.0000
 "MMM"    1.01822347   1.68888476   120.93547700   1.419011677306   0.644305266261   1013.0000
 "MMM"    1.37823159   1.68888476   117.81977811   1.554978073473   0.729353709995   1014.0000
 "MMM"    0.96446195   1.62091769   97.22890190   1.493110304326   0.286212322901   1015.0000
 "MMM"    1.10592183   1.68888476   71.97310747   1.369429721340   -0.387093284835   1016.0000
 "MMM"    1.26817000   1.71216113   103.00000000   1.703349424335   0.430098945372   1017.0000
 "MMM"    0.95759554   1.68888476   128.92749274   1.272710202009   0.661947868134   1018.0000
 "MMM"    1.25123901   1.68888476   106.94979881   1.679566744635   0.524273168019   1019.0000
 "MMM"    1.06094041   1.68888476   93.48836062   1.568085202431   0.183079590699   1020.0000
 "MMM"    0.96446195   1.79888476   103.00000000   1.465092775751   0.236808937335   102.0000
 "MMM"    0.90957544   1.68888476   88.65207494   1.386888094707   0.008777522424   1021.0000
 "MMM"    0.95885000   1.68888476   78.62352204   1.340339304691   -0.194009876809   1022.0000
 "MMM"    1.04315346   1.79547360   103.00000000   1.536571953762   0.303718912964   1023.0000
 "MMM"    0.96876228   1.68888476   96.81198424   1.485092200055   0.200603016529   1024.0000
 "MMM"    1.00320415   1.82984866   103.00000000   1.496147228573   0.263444210201   1025.0000
 "MMM"    0.96446195   2.04135274   119.83218928   1.301691318871   0.561464222236   1026.0000
 "MMM"    1.08258346   2.10212189   103.00000000   1.535104817951   0.404229645791   1027.0000
 "MMM"    0.83639917   1.68888476   134.42204880   1.101572259161   0.482928754846   1028.0000
 "MMM"    0.96446195   1.56786999   137.58819901   1.177614911957   1.039289832848   1029.0000
 "MMM"    0.96446195   1.83990303   61.37996990   1.121997417740   -0.723677142718   1030.0000
 "MMM"    0.96446195   1.56888476   103.00000000   1.510064409687   0.480642634315   103.0000
 "MMM"    0.99456759   1.68888476   132.72623872   1.241016148100   0.760732667372   1031.0000
 "MMM"    1.26516957   1.68888476   88.37600556   1.712852639346   0.103302139171   1032.0000
 "MMM"    0.89755001   1.66208421   103.00000000   1.417786230310   0.281619448766   1033.0000
 "MMM"    0.96446195   2.07807803   106.09378300   1.428042495723   0.341849163811   1034.0000
 "MMM"    0.84266100   1.68888476   131.99142145   1.141220469946   0.484513319167   1035.0000
 "MMM"    1.25331325   1.56936281   103.00000000   1.735341026473   0.542763920929   1036.0000
 "MMM"    0.98695933   1.68888476   115.01461932   1.449179031293   0.521982426114   1037.0000
 "MMM"    0.96446195   1.61340374   146.29762199   0.989990010515   0.997518455365   1038.0000
 "MMM"    0.96446195   1.77437256   143.00569052   1.001868841610   0.664533873875   1039.0000
 "MMM"    1.03244247   1.69630542   103.00000000   1.547370545031   0.351111887536   1040.0000
 "MMM"    0.96446195   1.80888476   103.00000000   1.463774149454   0.233614100030   104.0000
 "MMM"    0.96446195   1.97237450   119.25969046   1.320728473341   0.503199980863   1041.0000
 "MMM"    0.83016281   1.68888476   67.40098370   1.080501043326   -0.493093055534   1042.0000
 "MMM"    0.81794910   1.71974667   103.00000000   1.327736147715   0.139979942973   1043.0000
 "MMM"    1.10591104   1.68888476   111.59440499   1.569796305238   0.565592077244   1044.0000
 "MMM"    1.04733088   1.68888476   131.55552458   1.292414298332   0.827590301771   1045.0000
 "MMM"    0.96185575   1.45193017   103.00000000   1.541745933965   0.771999143806   1046.0000
 "MMM"    1.01708933   1.68888476   92.36711181   1.519923778178   0.139764706566   1047.0000
 "MMM"    0.96446195   1.69926107   93.88017300   1.470843776930   0.132885190788   1048.0000
 "MMM"    0.87618213   1.53000888   103.00000000   1.415866851618   0.503081458411   1049.0000
 "MMM"    1.07996540   1.63340397   103.00000000   1.607133163439   0.442800057896   1050.0000
 "MMM"    0.96446195   1.81388476   103.00000000   1.463133106102   0.232196440422   105.0000
 "MMM"    1.15827149   1.49440883   103.00000000   1.715321860923   0.690754275179   1051.0000
 "MMM"    0.96446195   1.85167885   91.68602478   1.456203724769   0.019139408208   1052.0000
 "MMM"    0.96446195   1.81254528   92.58254790   1.459281866761   0.044873827483   1053.0000
 "MMM"    1.15163943   1.65931134   103.00000000   1.656147923833   0.442718305904   1054.0000
 "MMM"    1.32803900   1.68888476   120.54685583   1.529823926807   0.803791658916   1055.0000
 "MMM"    0.96446195   1.99515531   123.25579647   1.265313968198   0.575396504007   1056.0000
 "MMM"    1.17882247   1.68888476   102.88493085   1.666013176094   0.424996922674   1057.0000
 "MMM"    1.23770693   1.75355970   103.00000000   1.680809079263   0.413359705558   1058.0000
 "MMM"    1.03422582   1.68888476   81.71196837   1.451594350187   -0.099312538758   1059.0000
 "MMM"    0.96446195   1.94531834   79.87604962   1.397325669422   -0.230815527726   1060.0000
 "MMM"    0.96446195   1.56388476   103.00000000   1.511379845752   0.490421176446   106.0000
 "MMM"    0.99923865   1.89980568   103.00000000   1.484220648584   0.257752146270   1061.0000
 "MMM"    0.93045909   1.58763886   103.00000000   1.467588480508   0.422164935707   1062.0000
 "MMM"    0.96446195   1.74085701   103.50513303   1.472786715265   0.274051771941   1063.0000
 "MMM"    0.98937885   1.68888476   117.45332350   1.430780864337   0.560735065786   1064.0000
 "MMM"    1.07298476   1.44167284   103.00000000   1.668009492679   0.831046139621   1065.0000
 "MMM"    1.17337594   1.62072111   103.00000000   1.682544437778   0.486747449247   1066.0000
 "MMM"    0.96446195   1.62847345   107.19008640   1.486803721253   0.452973955287   1067.0000
 "MMM"    0.96446195   1.60882531   60.51910141   0.999523213022   -0.693311863548   1068.0000
 "MMM"    1.03450953   1.56365526   103.00000000   1.585905410065   0.528864752596   1069.0000
 "MMM"    1.10509041   1.68104555   103.00000000   1.614645778915   0.405559079179   1070.0000
 "MMM"    0.96446195   1.83888476   103.00000000   1.460108527284   0.226827846770   107.0000
 "MMM"    1.48791785   1.68888476   111.27791004   1.580261198759   0.514069415614   1071.0000
 "MMM"    0.83975094   1.51421255   103.00000000   1.373640170611   0.513865327540   1072.0000
 "MMM"    0.96446195   1.61914578   75.54423324   1.296747709105   -0.203817906850   1073.0000
 "MMM"    0.95046641   1.71563524   103.00000000   1.464107905713   0.272298667629   1074.0000
 "MMM"    1.41392874   1.68888476   91.22738148   1.767441007099   0.144561720640   1075.0000
 "MMM"    0.96446195   1.46181530   90.88024026   1.504481950956   0.497306077132   1076.0000
 "MMM"    0.96446195   1.77607592   114.76522495   1.408725355486   0.425352545074   1077.0000
 "MMM"    0.96446195   2.15466562   117.67796904   1.315633276372   0.626583536153   1078.0000
 "MMM"    0.90459393   1.68888476   75.46597807   1.249506438903   -0.283447182162   1079.0000
 "MMM"    0.90660057   1.68888476   100.88694331   1.424361835742   0.225114348182   1080.0000
 "MMM"    0.96446195   1.53888476   103.00000000   1.518188977035   0.542768528289   108.0000
 "MMM"    1.02826379   1.73705279   103.00000000   1.534612859690   0.318537785607   1081.0000
 "MMM"    1.21375089   1.54315788   103.00000000   1.728733689624   0.589703882439   1082.0000
 "MMM"    0.96446195   1.79253002   106.13553325   1.456520352272   0.290318613570   1083.0000
 "MMM"    0.96446195   1.73985011   59.20777573   1.032939025277   -0.799955398153   1084.0000
 "MMM"    0.96446195   1.68690912   89.93759556   1.452714480058   0.065451855455   1085.0000
 "MMM"    0.96446195   1.84700361   131.38417499   1.186143121918   0.588109019714   1086.0000
 "MMM"    1.25572477   1.68068056   103.00000000   1.706784603830   0.444252085971   1087.0000
 "MMM"    0.96446195   1.83942172   78.89188083   1.368813772213   -0.252140447975   1088.0000
 "MMM"    0.96446195   1.74290667   76.78981243   1.328521167046   -0.273819314604   1089.0000
 "MMM"    0.96446195   1.71344974   99.23533120   1.480264569021   0.220389741067   1090.0000
 "MMM"    0.96446195   1.48888476   103.00000000   1.532980751625   0.665657133157   109.0000
 "MMM"    1.21475630   1.68888476   79.27280027   1.590948707889   -0.151860653506   1091.0000
 "MMM"    0.77423206   1.56689190   103.00000000   1.288839303509   0.328141678744   1092.0000
 "MMM"    0.96446195   1.72729621   108.43133133   1.459409536463   0.363225740347   1093.0000
 "MMM"    0.96446195   2.07426447   116.07962854   1.341477762437   0.524667441906   1094.0000
 "MMM"    0.96446195   1.80908427   103.89632625   1.461435475752   0.248457435844   1095.0000
 "MMM"    0.96098686   1.63824577   103.00000000   1.489725087904   0.364603859965   1096.0000
 "MMM"    0.96446195   1.91527216   83.18634670   1.417495747201   -0.159588665175   1097.0000
 "MMM"    1.15213207   1.63508145   103.00000000   1.663869830834   0.466707326431   1098.0000
 "MMM"    0.73930038   1.82380741   103.00000000   1.248239552109   -0.021224185347   1099.0000
 "MMM"    0.98043882   1.68888476   117.89883301   1.419152399774   0.556949391061   1100.0000
 "MMM"    0.96446195   1.98888476   103.00000000   1.447951767994   0.243449184639   110.0000
 "MMM"    0.98946195   1.68888476   103.00000000   1.507879551093   0.327420083241   11.0000
 "MMM"    0.96446195   1.67925684   94.05348046   1.473826019211   0.154847740225   1101.0000
 "MMM"    0.84533202   1.68888476   98.60753635   1.357392876490   0.135711446402   1102.0000
 "MMM"    1.20127670   1.55587938   103.00000000   1.719088727693   0.572402884693   1103.0000
 "MMM"    0.96446195   1.66147093   121.90168742   1.374037711446   0.627952981233   1104.0000
 "MMM"    1.09898613   1.68888476   127.66461128   1.381864365628   0.836527565692   1105.0000
 "MMM"    0.91722772   1.71158586   103.00000000   1.431105931900   0.246420381450   1106.0000
 "MMM"    1.09691033   1.89672998   103.00000000   1.563540004955   0.338124772271   1107.0000
 "MMM"    1.00142561   1.68888476   105.79198301   1.512993574798   0.385535067169   1108.0000
 "MMM"    0.91520379   1.41559623   103.00000000   1.493695868514   0.871574021787   1109.0000
 "MMM"    1.18934827   1.54590625   103.00000000   1.716113308396   0.589468287601   1110.0000
 "MMM"    0.96446195   1.38888476   103.00000000   1.567277325303   0.991966862231   111.0000
 "MMM"    1.15771371   1.68888476   103.31226945   1.650731141802   0.427343497988   1111.0000
 "MMM"    0.96446195   1.60769783   62.51892846   1.043424670337   -0.616353333507   1112.0000
 "MMM"    0.96678581   1.68888476   116.18806107   1.422044557924   0.516985637614   1113.0000
 "MMM"    1.15286850   1.69090126   103.00000000   1.647878357065   0.417740509680   1114.0000
 "MMM"    0.96446195   1.66340420   121.32669397   1.379555256697   0.617479054593   1115.0000
 "MMM"    1.09337889   2.01680108   103.00000000   1.547746490609   0.371108711631   1116.0000
 "MMM"    0.96446195   1.82319152   58.96106478   1.071237345136   -0.802836209465   1117.0000
 "MMM"    0.85975736   1.88432440   103.00000000   1.359886613393   0.112323933716   1118.0000
 "MMM"    0.96446195   1.65700905   125.78839677   1.330110468462   0.684776170799   1119.0000
 "MMM"    1.07290283   2.09615543   103.00000000   1.528418756956   0.392880198743   1120.0000
 "MMM"    0.96446195   2.08888476   103.00000000   1.445161307942   0.287092825286   112.0000
 "MMM"    0.96446195   1.84292580   76.07738558   1.338834428000   -0.319763659951   1121.0000
 "MMM"    0.87839058   1.62216753   103.00000000   1.402812028204   0.321378584360   1122.0000
 "MMM"    0.96446195   1.88818202   79.29091604   1.381482457831   -0.246617831031   1123.0000
 "MMM"    0.96446195   1.82972637   141.67831084   1.006245784282   0.637546460965   1124.0000
 "MMM"    0.96446195   1.56458290   129.41587978   1.310046259546   0.930822237183   1125.0000
 "MMM"    0.95551938   1.77497920   103.00000000   1.459925017382   0.238432325931   1126.0000
 "MMM"    1.21267571   1.66796604   103.00000000   1.690987250572   0.449099100393   1127.0000
 "MMM"    1.10474598   1.85587660   103.00000000   1.575742378565   0.340246315391   1128.0000
 "MMM"    1.01797306   1.77411550   103.00000000   1.518194423922   0.291791707411   1129.0000
 "MMM"    0.96446195   1.73699184   118.22761361   1.388824722646   0.495976333562   1130.0000
 "MMM"    0.96446195   1.28888476   103.00000000   1.607359540524   1.438521630870   113.0000
 "MMM"    1.09736276   1.68888476   135.06673116   1.255652398767   0.943350006307   1131.0000
 "MMM"    0.96446195   1.47287751   105.06286827   1.535331547547   0.750123307966   1132.0000
 "MMM"    0.69242663   1.68888476   89.49326357   1.170292946917   -0.134014885290   1133.0000
 "MMM"    0.96723788   1.68888476   112.56709227   1.448690934049   0.464498020268   1134.0000
 "MMM"    1.21063393   1.47166170   103.00000000   1.747624816032   0.721922385645   1135.0000
 "MMM"    0.77116258   1.68888476   77.32400037   1.156140979287   -0.283875833184   1136.0000
 "MMM"    1.08032851   1.78820756   103.00000000   1.569085056971   0.332321324831   1137.0000
 "MMM"    1.07007876   1.96898492   103.00000000   1.534701795990   0.334460699564   1138.0000
 "MMM"    0.96446195   1.44569047   104.71964644   1.544734750738   0.826358772500   1139.0000
 "MMM"    0.91709738   2.02311355   103.00000000   1.406633041815   0.205643628184   1140.0000
 "MMM"    0.96446195   2.18888476   103.00000000   1.446312977517   0.347201027450   114.0000
 "MMM"    0.96446195   1.69033885   70.56884516   1.225365186683   -0.413926435497   1141.0000
 "MMM"    1.06064278   1.68888476   121.73567865   1.440171794046   0.702999800148   1142.0000
 "MMM"    0.96446195   1.70157578   96.07862899   1.477261870935   0.172640052320   1143.0000
 "MMM"    0.97637983   1.68888476   95.66154272   1.490211793738   0.183653966102   1144.0000
 "MMM"    0.96446195   1.63832885   84.16458615   1.409034213568   -0.008487322624   1145.0000
 "MMM"    0.80952155   1.68888476   76.80831640   1.183471077265   -0.278819056691   1146.0000
 "MMM"    0.96446195   1.48234149   78.91460305   1.359392165589   0.147246477971   1147.0000
 "MMM"    0.96446195   1.51912909   96.84656330   1.516612076238   0.469760978958   1148.0000
 "MMM"    0.91105455   1.71698292   103.00000000   1.424039604889   0.236023341561   1149.0000
 "MMM"    0.96446195   2.00981047   85.10969329   1.441876888980   -0.106637735351   1150.0000
 "MMM"    0.96446195   2.28888476   103.00000000   1.451218213761   0.421612247589   115.0000
 "MMM"    0.82019893   1.68888476   119.79972164   1.256826523928   0.362256898621   1151.0000
 "MMM"    0.96446195   1.61641032   93.29296519   1.479929220246   0.216203061500   1152.0000
 "MMM"    0.96446195   1.71532608   119.17002334   1.385957754361   0.527083298236   1153.0000
 "MMM"    0.81154231   1.57193622   103.00000000   1.332314283529   0.353236827484   1154.0000
 "MMM"    0.82817160   1.68888476   100.51741613   1.340825838024   0.147994196774   1155.0000
 "MMM"    1.23431736   1.68888476   127.67491316   1.421632910257   0.938766117325   1156.0000
 "MMM"    0.96446195   1.73800509   102.68574638   1.474711255946   0.262183764985   1157.0000
 "MMM"    1.39196639   1.68888476   120.37954747   1.508094254109   0.773645455789   1158.0000
 "MMM"    0.95459184   1.68888476   78.49233018   1.334632724491   -0.198215651397   1159.0000
 "MMM"    1.22418084   1.68888476   117.84178859   1.565702069609   0.744072555359   1160.0000
 "MMM"    0.96446195   1.69814739   96.62870433   1.478957378557   0.185891802325   1161.0000
 "MMM"    0.84261587   1.68888476   64.54586609   1.045462680414   -0.569294040213   1162.0000
 "MMM"    1.02408774   1.68888476   84.32376893   1.469409298459   -0.037282153842   1163.0000
 "MMM"    0.95969103   1.78293190   103.00000000   1.462783314451   0.238624411407   1164.0000
 "MMM"    1.00743054   1.63521818   103.00000000   1.538174471629   0.400675326225   1165.0000
 "MMM"    0.97486898   1.74399925   103.00000000   1.483266539833   0.272395364248   1166.0000
 "MMM"    0.96446195   1.75825682   67.43785244   1.191873610949   -0.537144178284   1167.0000
 "MMM"    1.07275905   1.68888476   118.17206744   1.488225574018   0.656863323960   1168.0000
 "MMM"    0.80378282   1.43426095   103.00000000   1.338247229544   0.729437480839   1169.0000
 "MMM"    0.96446195   1.77359061   93.24990927   1.462811066530   0.072165750299   1170.0000
 "MMM"    0.96446195   2.48888476   103.00000000   1.471744656814   0.633999685876   117.0000
 "MMM"    1.14457295   1.68888476   106.78516782   1.626696869436   0.493072589762   1171.0000
 "MMM"    0.96446195   1.59989175   88.02855704   1.448562926715   0.131037552894   1172.0000
 "MMM"    0.94369709   1.68888476   97.04313252   1.459410205803   0.187979564980   1173.0000
 "MMM"    0.96446195   1.43132855   69.21493040   1.167305766579   -0.031174935327   1174.0000
 "MMM"    0.91148055   1.56019996   103.00000000   1.451819556758   0.461691521502   1175.0000
 "MMM"    1.38800109   1.70992341   103.00000000   1.717106226685   0.411103668595   1176.0000
 "MMM"    0.96446195   1.71681598   94.55462780   1.471296884333   0.131501258047   1177.0000
 "MMM"    1.00148119   1.68888476   110.63155188   1.491659611462   0.467273778839   1178.0000
 "MMM"    1.23400555   1.61211476   103.00000000   1.717009123811   0.498331402680   1179.0000
 "MMM"    0.81629401   1.81831823   103.00000000   1.321402852040   0.074947494060   1180.0000
 "MMM"    0.95035277   1.64198802   103.00000000   1.477716810389   0.351534353852   1181.0000
 "MMM"    0.82112525   1.68888476   108.58481972   1.322260680540   0.246767848978   1182.0000
 "MMM"    0.82751954   2.25191835   103.00000000   1.341331909476   0.242524294070   1183.0000
 "MMM"    0.79427575   1.68888476   69.44187154   1.084815369336   -0.445840689875   1184.0000
 "MMM"    0.96446195   1.90741658   83.07782345   1.415641136938   -0.162136525226   1185.0000
 "MMM"    1.05066099   1.68888476   113.79280825   1.511888377418   0.563467107101   1186.0000
 "MMM"    0.90680716   1.68888476   86.60052968   1.369351294084   -0.033624471715   1187.0000
 "MMM"    1.04235994   1.80708289   103.00000000   1.533858657124   0.300086511142   1188.0000
 "MMM"    0.86192871   1.68888476   128.88044514   1.198029674902   0.501189349260   1189.0000
 "MMM"    0.96446195   1.92297637   83.80004468   1.422682903259   -0.145995637982   1190.0000
 "MMM"    1.10853545   2.04260291   103.00000000   1.556488113307   0.394445813525   1191.0000
 "MMM"    0.75180888   1.87640308   103.00000000   1.260561654513   -0.018851478353   1192.0000
 "MMM"    0.96446195   1.71674242   76.68789180   1.323363187416   -0.261891710307   1193.0000
 "MMM"    0.79738976   1.68888476   99.38003286   1.307202805974   0.101884991428   1194.0000
 "MMM"    0.96446195   1.85864190   98.35989025   1.465423116834   0.143536869394   1195.0000
 "MMM"    0.99132333   1.71246602   103.00000000   1.504899085096   0.308148739069   1196.0000
 "MMM"    1.53204863   1.70956778   103.00000000   1.645057037774   0.316152969396   1197.0000
 "MMM"    1.18839131   1.68888476   108.55417222   1.641817949388   0.545434333915   1198.0000
 "MMM"    0.96446195   1.63459538   98.03565072   1.492137880125   0.282361676040   1199.0000
 "MMM"    1.14131039   1.89256755   103.00000000   1.595948206397   0.367489839621   1200.0000
 "MMM"    0.96446195   1.68888476   104.00000000   1.481360838748   0.325095696674   120.0000
 "MMM"    0.93446195   1.68888476   103.00000000   1.452347544915   0.283317273431   12.0000
 "MMM"    0.83767630   1.68888476   114.62057078   1.310836883095   0.336562663104   1201.0000
 "MMM"    1.29900016   1.61530212   103.00000000   1.733782335082   0.482188373204   1202.0000
 "MMM"    0.75356001   1.68888476   97.64418030   1.258600514427   0.034742463399   1203.0000
 "MMM"    1.00031660   1.68888476   125.26659210   1.353736036057   0.681764147329   1204.0000
 "MMM"    1.27319378   1.63772637   103.00000000   1.723459433505   0.471130727718   1205.0000
 "MMM"    1.18827332   1.68888476   98.20852735   1.682236909417   0.326866664383   1206.0000
 "MMM"    0.84378347   1.95271732   103.00000000   1.343648842583   0.099324714867   1207.0000
 "MMM"    0.92766399   2.04364421   103.00000000   1.415269155385   0.225957407878   1208.0000
 "MMM"    0.96446195   1.81420462   77.90759553   1.353876579090   -0.270944068935   1209.0000
 "MMM"    0.96446195   1.68940299   89.94789323   1.452586240124   0.063383680760   1210.0000
 "MMM"    0.96446195   1.68888476   102.00000000   1.484009410586   0.290881771437   121.0000
 "MMM"    0.96446195   1.53842133   118.92282627   1.439364642167   0.827735825625   1211.0000
 "MMM"    0.99372162   1.68888476   81.63021186   1.410501881759   -0.111144887256   1212.0000
 "MMM"    0.96446195   1.74270044   70.17478257   1.232287134927   -0.452117051409   1213.0000
 "MMM"    0.95366968   1.96319179   103.00000000   1.440082753292   0.224678512852   1214.0000
 "MMM"    0.77099895   1.68718674   103.00000000   1.280318974356   0.123391756972   1215.0000
 "MMM"    0.81855326   1.75441111   103.00000000   1.326385308186   0.111953141890   1216.0000
 "MMM"    1.08124455   1.68888476   140.54910665   1.141331701758   0.988589334325   1217.0000
 "MMM"    1.02221083   1.68888476   120.36208803   1.428314334708   0.640378139484   1218.0000
 "MMM"    0.96446195   1.46318107   87.79353989   1.478374276173   0.424603886624   1219.0000
 "MMM"    1.15648119   1.68888476   93.89392068   1.654834080574   0.223741828159   1220.0000
 "MMM"    0.96446195   1.68888476   105.00000000   1.479229159320   0.341867370184   122.0000
 "MMM"    0.87374585   1.69406212   103.00000000   1.388244126708   0.222635444230   1221.0000
 "MMM"    1.09011070   1.68888476   86.83377907   1.557432012936   0.041703433556   1222.0000
 "MMM"    0.99724084   1.68888476   102.71912926   1.515921202004   0.328147997664   1223.0000
 "MMM"    1.15056554   1.55089937   103.00000000   1.690559870038   0.582283393063   1224.0000
 "MMM"    1.09921930   2.02836346   103.00000000   1.551014805845   0.380719178248   1225.0000
 "MMM"    0.98174132   1.95361479   103.00000000   1.464658838639   0.250470755495   1226.0000
 "MMM"    0.96446195   1.94442433   76.80023588   1.369546080322   -0.301334898140   1227.0000
 "MMM"    1.00715154   1.68888476   71.36310613   1.273300467031   -0.392980322818   1228.0000
 "MMM"    1.14390492   1.84975775   103.00000000   1.604971203094   0.364846771447   1229.0000
 "MMM"    0.96446195   1.77389792   79.10307575   1.360788399840   -0.230435477839   1230.0000
 "MMM"    0.96446195   1.68888476   101.00000000   1.484518047284   0.273434484136   123.0000
 "MMM"    0.96446195   1.61414711   126.74384370   1.331380231551   0.775834194904   1231.0000
 "MMM"    0.96446195   2.00191438   108.18729032   1.419050931964   0.341156369109   1232.0000
 "MMM"    0.96446195   1.44149320   72.99777361   1.254273465338   0.076832164632   1233.0000
 "MMM"    0.96446195   1.63965544   106.73475317   1.485510859820   0.429326476620   1234.0000
 "MMM"    1.07810344   1.57603484   103.00000000   1.623526144957   0.524569111596   1235.0000
 "MMM"    0.76827354   1.63770446   103.00000000   1.278957402572   0.189297819117   1236.0000
 "MMM"    0.84846908   1.80941828   103.00000000   1.352875041884   0.115018823742   1237.0000
 "MMM"    1.41902355   1.73410142   103.00000000   1.708380289757   0.398373167701   1238.0000
 "MMM"    0.94130620   1.68888476   78.85506965   1.326564994200   -0.192395614371   1239.0000
 "MMM"    0.85920311   1.68888476   115.14790101   1.328597645951   0.370928390229   1240.0000
 "MMM"    0.96446195   1.68888476   105.50000000   1.477963376726   0.350170294837   124.0000
 "MMM"    0.95426552   1.68888476   111.02803358   1.445568194676   0.427988252828   1241.0000
 "MMM"    0.96446195   1.62972037   91.99004374   1.471117697758   0.171477988556   1242.0000
 "MMM"    0.93101247   1.68888476   131.95832660   1.208923051714   0.645752762824   1243.0000
 "MMM"    0.96446195   1.68771931   96.08104423   1.479099436525   0.185256740119   1244.0000
 "MMM"    0.96446195   1.80800700   73.42691347   1.297536234341   -0.381366219648   1245.0000
 "MMM"    0.96446195   1.96335291   126.69158664   1.223536183377   0.595301331595   1246.0000
 "MMM"    1.17823976   1.64995001   103.00000000   1.676592539481   0.458005277819   1247.0000
 "MMM"    0.96865794   2.14795595   103.00000000   1.448693866110   0.325177107856   1248.0000
 "MMM"    1.32715072   1.74993681   103.00000000   1.709915691667   0.420912078599   1249.0000
 "MMM"    1.18953175   1.63596909   103.00000000   1.687655276019   0.473140036679   1250.0000
 "MMM"    0.96446195   1.68888476   100.50000000   1.484566430700   0.264624378053   125.0000
 "MMM"    0.96446195   1.62409494   67.59817285   1.154871989557   -0.452808663028   1251.0000
 "MMM"    0.96446195   1.94789776   82.97800799   1.420811015290   -0.161957734505   1252.0000
 "MMM"    1.20358088   1.64316334   103.00000000   1.693390111493   0.468112639165   1253.0000
 "MMM"    0.96446195   1.84016058   82.47211250   1.402145986556   -0.170763583862   1254.0000
 "MMM"    1.33492585   1.68888476   118.63446006   1.556951389378   0.762870012128   1255.0000
 "MMM"    1.39410885   1.80750687   103.00000000   1.703685917473   0.416914591599   1256.0000
 "MMM"    0.96446195   2.16141485   111.55380514   1.381846680799   0.508611490674   1257.0000
 "MMM"    1.11350460   1.62037759   103.00000000   1.639398009988   0.472248357211   1258.0000
 "MMM"    0.96446195   2.01491375   104.19547423   1.441354407810   0.275028961987   1259.0000
 "MMM"    0.93125953   1.68888476   89.80094030   1.416932942135   0.043401261400   1260.0000
 "MMM"    0.96446195   1.68888476   106.00000000   1.476564846813   0.358417893611   126.0000
 "MMM"    0.96446195   1.68830611   73.82264589   1.277788516980   -0.319163076010   1261.0000
 "MMM"    0.96446195   1.55960500   112.98672281   1.478360950933   0.676136261081   1262.0000
 "MMM"    0.96446195   1.62913582   72.76097738   1.251682740416   -0.295682954109   1263.0000
 "MMM"    1.37548007   1.68888476   112.88130103   1.623878663807   0.628458050192   1264.0000
 "MMM"    1.03166123   1.68888476   112.48319391   1.506188087679   0.524871274119   1265.0000
 "MMM"    1.09489372   1.61932790   103.00000000   1.624321047190   0.466787389255   1266.0000
 "MMM"    1.06703050   1.57763650   103.00000000   1.612847824107   0.517777621367   1267.0000
 "MMM"    0.96446195   1.93294320   99.19405574   1.461089285358   0.160709838135   1268.0000
 "MMM"    0.92984640   1.61834507   103.00000000   1.460468486014   0.369975277036   1269.0000
 "MMM"    1.53860471   1.66294673   103.00000000   1.627238795538   0.292354795064   1270.0000
 "MMM"    0.96446195   1.68888476   100.00000000   1.484477084244   0.255755877649   127.0000
 "MMM"    1.07006024   1.68888476   103.85439909   1.580985432178   0.397170848666   1271.0000
 "MMM"    0.96446195   1.79035206   64.47788305   1.153323410924   -0.631482759902   1272.0000
 "MMM"    1.09679297   1.68888476   112.67002600   1.555196482343   0.579391931991   1273.0000
 "MMM"    1.07980837   1.44448710   103.00000000   1.673247392973   0.822921083091   1274.0000
 "MMM"    0.89228505   1.97845471   103.00000000   1.386102752625   0.162307062834   1275.0000
 "MMM"    1.11325493   1.68888476   130.35272251   1.345528876901   0.893819133362   1276.0000
 "MMM"    0.96446195   1.88508809   107.05578228   1.438636979125   0.291146352000   1277.0000
 "MMM"    0.91980853   1.53977361   103.00000000   1.466168313443   0.512117189601   1278.0000
 "MMM"    1.00609713   1.68888476   92.60366320   1.509804404267   0.139343488489   1279.0000
 "MMM"    1.14664526   1.68888476   78.03238608   1.511159983637   -0.190186615500   1280.0000
 "MMM"    0.96446195   1.68888476   107.00000000   1.473372061012   0.374748033234   128.0000
 "MMM"    0.96446195   1.75939652   82.23938591   1.391778045803   -0.151037378397   1281.0000
 "MMM"    1.07560128   1.68888476   134.97416915   1.247816229796   0.911905160552   1282.0000
 "MMM"    0.96446195   1.89046522   114.89592207   1.382184680492   0.410478696031   1283.0000
 "MMM"    1.05428059   1.68888476   107.11038772   1.555895625004   0.448211159718   1284.0000
 "MMM"    0.98428260   1.68888476   102.42764906   1.503511886707   0.313429175560   1285.0000
 "MMM"    1.01612753   1.68888476   92.96607843   1.521589297437   0.151759122417   1286.0000
 "MMM"    0.96446195   1.56541082   79.02591182   1.350151020938   -0.028763998128   1287.0000
 "MMM"    1.09635982   1.68888476   92.67495054   1.598487806112   0.178820215374   1288.0000
 "MMM"    1.44785370   1.68888476   119.94263944   1.478234257718   0.721739015159   1289.0000
 "MMM"    0.96446195   1.75978974   84.48673324   1.412014411136   -0.100962795408   1290.0000
 "MMM"    0.96446195   1.68888476   98.00000000   1.482729733388   0.219686577459   129.0000
 "MMM"    0.96446195   1.51062098   143.13632996   1.083551682020   1.322883316413   1291.0000
 "MMM"    0.73767924   1.68888476   105.76968801   1.242839866039   0.113872651619   1292.0000
 "MMM"    1.04410132   1.68888476   106.28054869   1.550429084760   0.425970337520   1293.0000
 "MMM"    0.78334597   1.68888476   93.04746102   1.277002737003   -0.002973159898   1294.0000
 "MMM"    1.11485811   1.83122617   103.00000000   1.587641470137   0.347472223246   1295.0000
 "MMM"    0.86013787   1.68888476   117.84620199   1.310131623774   0.401619297080   1296.0000
 "MMM"    0.86974990   1.68888476   79.29821815   1.264364988351   -0.203633848244   1297.0000
 "MMM"    0.96446195   1.49658016   79.61940251   1.367797990925   0.130887227510   1298.0000
 "MMM"    1.09358235   1.90525874   103.00000000   1.559855657902   0.337026462164   1299.0000
 "MMM"    0.95717675   2.05433696   103.00000000   1.439677308679   0.262316295018   1300.0000
 "MMM"    0.96446195   1.68888476   108.00000000   1.469654712631   0.390858090421   130.0000
 "MMM"    0.99446195   1.68888476   103.00000000   1.512789092605   0.331132619545   13.0000
 "MMM"    0.74739849   1.72609871   103.00000000   1.255480253907   0.054091292868   1301.0000
 "MMM"    0.96446195   1.60485730   118.31758927   1.425832142570   0.671448590135   1302.0000
 "MMM"    0.96446195   1.83630752   79.50048753   1.374423106366   -0.237504545197   1303.0000
 "MMM"    0.96446195   1.80964544   122.44773916   1.323218968435   0.508220374803   1304.0000
 "MMM"    1.20727928   1.68888476   113.04560374   1.613114405175   0.642653917980   1305.0000
 "MMM"    1.07195734   1.80622075   103.00000000   1.558800522559   0.322118217782   1306.0000
 "MMM"    0.80792139   1.68888476   74.41083357   1.155365493380   -0.330742892340   1307.0000
 "MMM"    1.32195139   1.68888476   111.95553955   1.644439416094   0.626536122000   1308.0000
 "MMM"    1.02099043   1.68738223   103.00000000   1.538701538777   0.351338762760   1309.0000
 "MMM"    0.95051806   1.68888476   106.68003688   1.460673516624   0.356981924043   1310.0000
 "MMM"    0.96446195   1.68888476   98.00000000   1.482729733388   0.219686577459   131.0000
 "MMM"    0.89220863   1.68888476   83.40426246   1.327456745759   -0.106499203369   1311.0000
 "MMM"    1.04418002   1.68888476   132.27709876   1.278691082710   0.832215032004   1312.0000
 "MMM"    0.92303061   1.89182892   103.00000000   1.417510407651   0.181919144734   1313.0000
 "MMM"    0.96446195   1.57329739   127.31866451   1.336149221217   0.876761709503   1314.0000
 "MMM"    1.13728471   1.68888476   108.70486901   1.610798340635   0.527849100466   1315.0000
 "MMM"    0.96446195   1.96275016   124.44540509   1.256159471843   0.567249337900   1316.0000
 "MMM"    0.96446195   1.59457879   135.85333449   1.200390645849   0.940533633451   1317.0000
 "MMM"    0.96446195   1.76946639   87.37545320   1.433930113328   -0.043644611788   1318.0000
 "MMM"    1.03731324   1.94628807   103.00000000   1.511230731333   0.300199624848   1319.0000
 "MMM"    0.82919631   1.68888476   69.75375075   1.112665891057   -0.434386658176   1320.0000
 "MMM"    0.96446195   1.68888476   110.50000000   1.458092419466   0.430167466320   132.0000
 "MMM"    0.78713819   1.93172258   103.00000000   1.293065652224   0.026055384408   1321.0000
 "MMM"    0.93599096   1.68888476   108.47358590   1.439816104611   0.371029188989   1322.0000
 "MMM"    0.90586026   1.68888476   99.16841219   1.422651150171   0.196296633884   1323.0000
 "MMM"    1.08244067   1.68072817   103.00000000   1.595908315484   0.394531259958   1324.0000
 "MMM"    1.23419707   1.57858426   103.00000000   1.726631448986   0.536046028109   1325.0000
 "MMM"    0.96446195   2.13152387   88.31044277   1.468363356887   -0.002210940287   1326.0000
 "MMM"    0.95854294   1.68888476   89.40461638   1.443056924062   0.049717106579   1327.0000
 "MMM"    0.75041096   1.68888476   104.22680540   1.257914762018   0.112235527772   1328.0000
 "MMM"    1.38293652   1.68888476   108.43028024   1.672408783018   0.531457703111   1329.0000
 "MMM"    1.05193160   1.68275368   103.00000000   1.568524995141   0.375452824753   1330.0000
 "MMM"    0.96446195   1.68888476   95.50000000   1.477379885279   0.173206273717   133.0000
 "MMM"    1.06741148   1.68888476   119.92385889   1.465698513300   0.680812145126   1331.0000
 "MMM"    0.84758072   1.97714295   103.00000000   1.346815708357   0.109700147799   1332.0000
 "MMM"    0.99860030   2.00392857   103.00000000   1.475530133469   0.282684890026   1333.0000
 "MMM"    0.88030066   2.16005560   103.00000000   1.377886058022   0.237087485605   1334.0000
 "MMM"    0.81067517   1.68888476   61.13329469   0.978707422553   -0.655779859806   1335.0000
 "MMM"    0.96446195   1.70635090   124.27963252   1.332995847981   0.599244607896   1336.0000
 "MMM"    1.04336634   1.50466433   103.00000000   1.614893622386   0.657571177277   1337.0000
 "MMM"    0.96446195   1.86553874   94.49898160   1.462914757621   0.071641403705   1338.0000
 "MMM"    1.07131112   1.68888476   109.11162955   1.560013752272   0.496628048346   1339.0000
 "MMM"    1.02071408   1.85298165   103.00000000   1.508236073987   0.275883009219   1340.0000
 "MMM"    0.96446195   1.68888476   93.00000000   1.468453593725   0.125071877159   134.0000
 "MMM"    0.96446195   1.76055341   101.77478691   1.472542631247   0.233044117879   1341.0000
 "MMM"    0.96446195   1.77285938   75.26567574   1.314026300385   -0.324976707144   1342.0000
 "MMM"    0.96446195   1.70005067   75.67735221   1.307097122613   -0.277270297469   1343.0000
 "MMM"    1.11046923   1.82848015   103.00000000   1.584876840685   0.344872280137   1344.0000
 "MMM"    0.96446195   2.04857309   108.60457420   1.412460790328   0.372380843052   1345.0000
 "MMM"    0.96446195   1.72594208   76.72700685   1.325171059655   -0.266387908772   1346.0000
 "MMM"    0.96446195   1.75323847   108.99452610   1.451312995402   0.354099334135   1347.0000
 "MMM"    0.96446195   1.69284944   87.07399001   1.432534620363   -0.000011269546   1348.0000
 "MMM"    0.90551307   1.68888476   87.06822575   1.371545807604   -0.024856036152   1349.0000
 "MMM"    0.93965624   1.71832898   103.00000000   1.452833872666   0.260710608732   1350.0000
 "MMM"    0.96446195   1.68888476   115.50000000   1.425445416773   0.504552698096   135.0000
 "MMM"    0.96446195   1.69059352   82.06978035   1.386307132388   -0.110458147236   1351.0000
 "MMM"    0.96446195   1.80813111   114.32062797   1.404730061861   0.406972038387   1352.0000
 "MMM"    0.76603184   1.79453444   103.00000000   1.273473403164   0.025661599560   1353.0000
 "MMM"    0.96446195   1.80282350   141.44898455   1.021742479405   0.643967406994   1354.0000
 "MMM"    0.96446195   1.79633253   123.98683896   1.308435490155   0.529267252868   1355.0000
 "MMM"    1.40645799   1.68888476   100.69772077   1.731873092841   0.355789092923   1356.0000
 "MMM"    0.82312657   1.68888476   116.50853334   1.284423169746   0.336055659085   1357.0000
 "MMM"    1.08545506   1.99284293   103.00000000   1.544001550514   0.355221503519   1358.0000
 "MMM"    1.05175279   1.68888476   126.44638232   1.372977020573   0.763855502240   1359.0000
 "MMM"    1.20560701   1.65119220   103.00000000   1.692108883098   0.461354291412   1360.0000
 "MMM"    0.96446195   1.68888476   90.50000000   1.455894009822   0.075140257255   136.0000
 "MMM"    0.93479944   1.57141445   103.00000000   1.476143432543   0.455849473141   1361.0000
 "MMM"    0.96446195   1.61905230   135.70042479   1.195412045519   0.876879116631   1362.0000
 "MMM"    0.96446195   1.77535377   112.71784237   1.424250974934   0.397097511740   1363.0000
 "MMM"    0.98042684   1.80864398   103.00000000   1.478550654210   0.248165078353   1364.0000
 "MMM"    0.89579934   1.70450092   103.00000000   1.410001616352   0.233140820133   1365.0000
 "MMM"    0.96446195   1.86102987   84.90680517   1.422807916265   -0.120656469802   1366.0000
 "MMM"    0.90021606   1.68888476   132.33743635   1.180381471557   0.593507258030   1367.0000
 "MMM"    0.74561436   1.95241156   103.00000000   1.256880449294   -0.024974120709   1368.0000
 "MMM"    0.90206326   1.68888476   136.08853589   1.123016017389   0.620239010373   1369.0000
 "MMM"    1.32598427   1.68888476   82.91840973   1.714441687357   -0.047617082866   1370.0000
 "MMM"    0.96446195   1.68888476   118.00000000   1.404470851182   0.539531908353   137.0000
 "MMM"    1.22972459   1.68888476   106.76582552   1.672926657262   0.517923437054   1371.0000
 "MMM"    0.95104189   1.79244798   103.00000000   1.453305580995   0.226785567299   1372.0000
 "MMM"    1.08751011   1.68888476   81.17738022   1.497448777257   -0.103681587909   1373.0000
 "MMM"    0.71571723   1.83836238   103.00000000   1.226785509634   -0.057051483073   1374.0000
 "MMM"    1.02067603   1.74889756   103.00000000   1.525335678208   0.306060578972   1375.0000
 "MMM"    0.72950850   1.86669527   103.00000000   1.240131219957   -0.046334897488   1376.0000
 "MMM"    1.34852352   1.68888476   109.47999619   1.668353603687   0.567192195141   1377.0000
 "MMM"    0.96446195   1.81463109   116.74297449   1.382233543411   0.437751267965   1378.0000
 "MMM"    0.88295488   1.58967548   103.00000000   1.413161098157   0.381213237423   1379.0000
 "MMM"    0.80659737   1.68888476   72.24526320   1.128549641518   -0.379258001767   1380.0000
 "MMM"    0.96446195   1.68888476   88.00000000   1.439653615110   0.023236839126   138.0000
 "MMM"    0.96446195   1.69935512   100.62340731   1.482781015348   0.257002909787   1381.0000
 "MMM"    1.07814222   1.60175638   103.00000000   1.615223948155   0.484323542210   1382.0000
 "MMM"    1.39028025   1.68888476   112.28726097   1.626179778809   0.608753223996   1383.0000
 "MMM"    0.83433282   2.13757494   103.00000000   1.339104198868   0.168736039489   1384.0000
 "MMM"    0.96446195   2.04827696   121.80349006   1.275018246904   0.599120436585   1385.0000
 "MMM"    0.99280780   2.14162832   103.00000000   1.467539598085   0.345518374234   1386.0000
 "MMM"    0.96446195   1.81412868   132.71503072   1.176125484246   0.600715725502   1387.0000
 "MMM"    1.12220172   1.74447787   103.00000000   1.611607684733   0.373331382763   1388.0000
 "MMM"    0.97315550   1.79369393   103.00000000   1.473925451698   0.246488707361   1389.0000
 "MMM"    1.17229094   1.68868372   103.00000000   1.661513697680   0.425664713012   1390.0000
 "MMM"    0.96446195   1.68888476   120.50000000   1.380464445749   0.572942791220   139.0000
 "MMM"    0.96446195   1.92862420   118.43433042   1.338954555104   0.470056728365   1391.0000
 "MMM"    0.96446195   1.72509186   85.21035264   1.417034559473   -0.065118020603   1392.0000
 "MMM"    0.97362383   1.68888476   109.71235313   1.470792396584   0.426679178448   1393.0000
 "MMM"    0.78603554   1.68888476   100.37363916   1.295990631689   0.103947288853   1394.0000
 "MMM"    0.96446195   1.91745982   94.80110524   1.462992050770   0.076986518186   1395.0000
 "MMM"    0.95245172   1.53577005   103.00000000   1.505301198039   0.542511356688   1396.0000
 "MMM"    0.87780413   1.71797244   103.00000000   1.389767684652   0.203374323193   1397.0000
 "MMM"    1.02704164   1.82670680   103.00000000   1.517489277290   0.284046488681   1398.0000
 "MMM"    0.87534421   1.60276322   103.00000000   1.402339608782   0.351154775234   1399.0000
 "MMM"    0.96446195   1.69561642   112.24964407   1.446407290202   0.449787812168   1400.0000
 "MMM"    0.96446195   1.68888476   85.50000000   1.419700023278   -0.030843596809   140.0000
 "MMM"    0.92946195   1.68888476   103.00000000   1.447185311738   0.279023104746   14.0000
 "MMM"    0.98778595   1.96573574   103.00000000   1.468917153395   0.259595795290   1401.0000
 "MMM"    0.96446195   1.66841541   95.61670330   1.480573803453   0.196065383756   1402.0000
 "MMM"    0.96446195   1.65013448   103.08912827   1.490699402378   0.353161345726   1403.0000
 "MMM"    0.94357551   1.98225352   103.00000000   1.430483006794   0.219635837125   1404.0000
 "MMM"    0.74023332   1.74524288   103.00000000   1.248357635655   0.028188049569   1405.0000
 "MMM"    0.96446195   1.90632896   101.18289610   1.458521905248   0.193415304785   1406.0000
 "MMM"    0.96446195   1.80174211   113.93735609   1.409223156343   0.403615622911   1407.0000
 "MMM"    0.84339167   1.68888476   121.11685643   1.266865392064   0.409104449421   1408.0000
 "MMM"    0.89770306   1.68888476   78.27965555   1.278733405955   -0.217677869935   1409.0000
 "MMM"    0.96446195   1.86567167   119.32725473   1.343618367928   0.466511826935   1410.0000
 "MMM"    0.96446195   1.68888476   123.00000000   1.353474116092   0.604697043329   141.0000
 "MMM"    0.96446195   1.95351512   109.73905212   1.413468253346   0.348197676876   1411.0000
 "MMM"    0.96446195   2.04430926   94.21051651   1.466454854631   0.091861253133   1412.0000
 "MMM"    1.03181650   1.86696690   103.00000000   1.515785608584   0.284870733631   1413.0000
 "MMM"    0.96446195   1.85086589   81.49561055   1.395235477613   -0.194084070165   1414.0000
 "MMM"    1.24219386   1.82943691   103.00000000   1.666138749362   0.408434674470   1415.0000
 "MMM"    0.85921765   1.82220320   103.00000000   1.362493322708   0.122461224478   1416.0000
 "MMM"    0.96446195   1.70700214   85.89562586   1.422745806266   -0.037112916628   1417.0000
 "MMM"    1.09508199   1.68888476   127.07211296   1.388824190844   0.823077294701   1418.0000
 "MMM"    1.26457032   1.67945284   103.00000000   1.710265399668   0.444952430206   1419.0000
 "MMM"    0.72563024   1.68888476   76.38439866   1.109666070856   -0.323242189456   1420.0000
 "MMM"    0.96446195   1.68888476   83.00000000   1.396022049008   -0.087333624474   142.0000
 "MMM"    0.96446195   1.97382798   80.99974737   1.411296161462   -0.202296535059   1421.0000
 "MMM"    0.96446195   1.88828120   109.57391121   1.423646673003   0.331231643176   1422.0000
 "MMM"    0.96446195   1.57445458   92.12369748   1.481767281230   0.260254787566   1423.0000
 "MMM"    1.10247749   1.84100423   103.00000000   1.576583601298   0.338877172836   1424.0000
 "MMM"    1.05029018   1.68888476   67.11275946   1.224974314103   -0.546409029506   1425.0000
 "MMM"    0.96446195   1.59048318   95.32741957   1.493568115740   0.296907933738   1426.0000
 "MMM"    1.11774660   1.99758344   103.00000000   1.566597343398   0.381765403419   1427.0000
 "MMM"    1.14163812   1.68888476   80.11149296   1.535600960991   -0.127982874037   1428.0000
 "MMM"    0.96446195   1.88138944   104.32748862   1.451155250220   0.246179136454   1429.0000
 "MMM"    0.96446195   1.74897503   97.15472969   1.473778553337   0.158124533228   1430.0000
 "MMM"    0.96446195   1.68888476   125.50000000   1.323543125679   0.634693162197   143.0000
 "MMM"    1.17563838   1.68888476   81.30343492   1.582043465197   -0.091319829937   1431.0000
 "MMM"    0.86175964   1.80689102   103.00000000   1.365917474071   0.130658480505   1432.0000
 "MMM"    1.02141005   1.68888476   109.64224478   1.514937720631   0.468020381884   1433.0000
 "MMM"    1.06772404   1.68888476   95.46400688   1.580562113477   0.227821322577   1434.0000
 "MMM"    0.93689309   1.81112819   103.00000000   1.437661116922   0.206818869248   1435.0000
 "MMM"    1.00858823   1.73045884   103.00000000   1.517775123135   0.308152369653   1436.0000
 "MMM"    1.16306489   1.70532262   103.00000000   1.650846884033   0.411933150225   1437.0000
 "MMM"    0.99780318   1.68888476   146.89677404   0.968250781422   0.877545327455   1438.0000
 "MMM"    0.96446195   1.82875126   131.20499954   1.195328503807   0.587248819849   1439.0000
 "MMM"    1.12773944   1.85099307   103.00000000   1.593434008633   0.355122226629   1440.0000
 "MMM"    0.96446195   1.68888476   80.50000000   1.368637528247   -0.146487690150   144.0000
 "MMM"    0.96446195   1.78523364   92.78052716   1.460731575047   0.058107760323   1441.0000
 "MMM"    0.95456893   2.04792944   103.00000000   1.437650890465   0.256630504931   1442.0000
 "MMM"    0.82279729   1.64208480   103.00000000   1.338654366937   0.238727663881   1443.0000
 "MMM"    1.22284478   1.70066965   103.00000000   1.687108754403   0.430301565464   1444.0000
 "MMM"    0.96446195   1.77089985   100.00156094   1.472646223086   0.197130312284   1445.0000
 "MMM"    0.92020840   1.68888476   145.90632203   0.950317733857   0.694652571683   1446.0000
 "MMM"    1.25990429   1.68888476   82.30044684   1.664109088473   -0.061000009346   1447.0000
 "MMM"    0.96446195   1.89543330   126.71025496   1.241961859988   0.557044994315   1448.0000
 "MMM"    1.30801081   1.68888476   104.93504469   1.706980199545   0.479077366699   1449.0000
 "MMM"    0.99753080   1.68888476   103.01006885   1.515773222414   0.333565694782   1450.0000
 "MMM"    0.96446195   1.68888476   128.00000000   1.290714217880   0.662817670048   145.0000
 "MMM"    0.95017619   1.68888476   126.00249925   1.305984204066   0.619399832932   1451.0000
 "MMM"    0.96446195   1.80353776   105.21984383   1.458096658856   0.271791990695   1452.0000
 "MMM"    0.97587038   1.72287438   103.00000000   1.487931121682   0.287797387962   1453.0000
 "MMM"    0.96446195   1.99972040   117.18625394   1.339417274958   0.488988440741   1454.0000
 "MMM"    0.89803370   1.68888476   71.96057574   1.194879257277   -0.373390425764   1455.0000
 "MMM"    0.99793337   1.97128592   103.00000000   1.476997317678   0.271008284904   1456.0000
 "MMM"    0.96446195   1.90854602   88.73968755   1.447596149061   -0.042913854732   1457.0000
 "MMM"    0.96446195   1.59920174   139.89437202   1.125775759206   0.975925153636   1458.0000
 "MMM"    1.26098044   1.68888476   98.25934988   1.723246518619   0.335860218678   1459.0000
 "MMM"    1.02122600   1.68888476   118.62927947   1.445568888287   0.613217820346   1460.0000
 "MMM"    0.96446195   1.68888476   78.00000000   1.337599582083   -0.208573765303   146.0000
 "MMM"    0.94662797   1.68888476   95.90875892   1.459830569905   0.169302024241   1461.0000
 "MMM"    0.82060293   1.68888476   122.54039993   1.232916739989   0.385487998882   1462.0000
 "MMM"    0.96446195   1.80634830   138.83237106   1.071052359308   0.635262782590   1463.0000
 "MMM"    0.96446195   1.95448628   95.01776688   1.463475876408   0.085462849229   1464.0000
 "MMM"    1.00429987   1.85992827   103.00000000   1.493129692192   0.261249614476   1465.0000
 "MMM"    0.92631684   1.81566267   103.00000000   1.427167320313   0.195050136726   1466.0000
 "MMM"    0.96446195   1.88306371   91.45963907   1.456078425420   0.011837403432   1467.0000
 "MMM"    1.12163924   1.68888476   96.99461340   1.631399879562   0.281744420164   1468.0000
 "MMM"    0.96446195   1.60156840   77.29581527   1.323253404370   -0.132273306384   1469.0000
 "MMM"    0.96446195   1.56128649   125.66348051   1.360704470798   0.881358759749   1470.0000
 "MMM"    0.96446195   1.68888476   133.00000000   1.216513225156   0.712946064559   147.0000
 "MMM"    0.96446195   1.97142461   115.23627971   1.364324841562   0.442785000003   1471.0000
 "MMM"    1.00676816   1.68888476   103.66840995   1.523539341054   0.352084430204   1472.0000
 "MMM"    0.96446195   1.64079359   135.10379206   1.198458057639   0.821269961487   1473.0000
 "MMM"    0.95407837   2.07817327   103.00000000   1.436803106965   0.270740366602   1474.0000
 "MMM"    0.95058570   1.69383403   103.00000000   1.467992437493   0.291967664600   1475.0000
 "MMM"    1.09877837   1.68888476   62.47064711   1.153104842268   -0.760028200336   1476.0000
 "MMM"    0.79920463   1.68888476   128.39686301   1.152278960882   0.386533697018   1477.0000
 "MMM"    0.96446195   1.61937054   96.32481370   1.491016644031   0.271227750299   1478.0000
 "MMM"    0.96446195   1.67507184   85.76828555   1.422472385888   -0.012162569091   1479.0000
 "MMM"    1.01735141   1.68888476   79.70070982   1.410462968488   -0.154689851294   1480.0000
 "MMM"    0.96446195   1.68888476   73.00000000   1.265021247360   -0.342601957629   148.0000
 "MMM"    0.96446195   1.67443426   95.46230550   1.479241728248   0.186769922943   1481.0000
 "MMM"    0.96446195   1.64224324   109.01634364   1.476578546813   0.463523510035   1482.0000
 "MMM"    0.90919622   1.68888476   94.45980687   1.415724100184   0.117525675533   1483.0000
 "MMM"    0.90388776   1.68888476   85.82154377   1.360205866532   -0.050937358792   1484.0000
 "MMM"    0.82590593   1.68888476   103.94917192   1.337330707810   0.193248790292   1485.0000
 "MMM"    0.96891811   1.68888476   76.48406022   1.321128480169   -0.247137786251   1486.0000
 "MMM"    0.79271227   1.85115568   103.00000000   1.298273008227   0.037069123090   1487.0000
 "MMM"    1.29763920   1.68888476   109.43143092   1.669367692773   0.576647756176   1488.0000
 "MMM"    1.45390209   1.56888991   103.00000000   1.678095066621   0.387425930537   1489.0000
 "MMM"    1.06103877   1.67321883   103.00000000   1.579182238668   0.389743760671   1490.0000
 "MMM"    0.96446195   1.68888476   138.00000000   1.131141304064   0.753990454985   149.0000
 "MMM"    1.07314580   1.68888476   112.79370349   1.536978314473   0.564359613816   1491.0000
 "MMM"    0.96446195   1.63902859   98.97600729   1.492723949244   0.293886914279   1492.0000
 "MMM"    1.08807359   1.70093747   103.00000000   1.595357942676   0.381099161533   1493.0000
 "MMM"    1.21248468   1.59753973   103.00000000   1.711709819843   0.515648284121   1494.0000
 "MMM"    0.96446195   1.62841703   89.57631886   1.456360148753   0.123342788588   1495.0000
 "MMM"    0.96446195   1.69689482   70.67313026   1.228670729633   -0.415015939740   1496.0000
 "MMM"    0.91125094   1.68888476   114.34173310   1.384315346592   0.426745113201   1497.0000
 "MMM"    0.96446195   1.69539628   105.42988367   1.476800569653   0.342610126515   1498.0000
 "MMM"    0.86965395   1.68888476   116.25474168   1.331124993276   0.397256477133   1499.0000
 "MMM"    0.89519293   1.68888476   108.64830990   1.398134423785   0.331490863825   1500.0000
 "MMM"    0.96446195   1.68888476   68.00000000   1.179786644829   -0.491256002677   150.0000
 "MMM"    0.99946195   1.68888476   103.00000000   1.517671232817   0.334793590724   15.0000
 "MMM"    0.84580345   1.61806484   103.00000000   1.366781584795   0.298635015736   1501.0000
 "MMM"    0.96446195   1.54396843   93.33058669   1.495403080832   0.344033510107   1502.0000
 "MMM"    0.98606814   1.47481901   103.00000000   1.562899040052   0.714591514188   1503.0000
 "MMM"    0.92222192   1.68888476   110.20395875   1.418628725553   0.382438007422   1504.0000
 "MMM"    0.96446195   1.78176457   122.12192271   1.335214292582   0.514985082940   1505.0000
 "MMM"    0.96446195   1.80261758   108.61553156   1.443607680443   0.325582371590   1506.0000
 "MMM"    0.96446195   1.45176905   75.86315316   1.311288671901   0.140734850130   1507.0000
 "MMM"    0.86551721   1.79744992   103.00000000   1.370229555417   0.138635655254   1508.0000
 "MMM"    1.06944173   1.87678448   103.00000000   1.545197910365   0.315484286510   1509.0000
 "MMM"    0.97772624   1.68831483   103.00000000   1.496368958713   0.319060820683   1510.0000
 "MMM"    0.96446195   1.68888476   143.00000000   1.034810706940   0.784780469116   151.0000
 "MMM"    1.15262349   1.69221343   103.00000000   1.647341265721   0.416731739334   1511.0000
 "MMM"    1.01636459   1.68888476   100.20483855   1.536517092506   0.294845612330   1512.0000
 "MMM"    0.99107068   1.54572603   103.00000000   1.545863788470   0.542966828088   1513.0000
 "MMM"    1.12910909   1.68888476   107.29342782   1.613463351664   0.496054610278   1514.0000
 "MMM"    0.92482681   1.52729846   103.00000000   1.475119644756   0.544532862273   1515.0000
 "MMM"    0.82479875   1.68030477   103.00000000   1.337663725094   0.189339118344   1516.0000
 "MMM"    0.96446195   1.82049721   144.52113021   0.951493756082   0.640866179373   1517.0000
 "MMM"    1.16711155   1.68888476   84.22424322   1.606001527955   -0.010766516441   1518.0000
 "MMM"    0.96446195   1.72990193   80.34972946   1.369717460491   -0.179282771108   1519.0000
 "MMM"    0.99757175   1.68888476   68.98682699   1.222419895597   -0.466761305974   1520.0000
 "MMM"    0.96446195   1.68888476   63.00000000   1.084449855943   -0.655373134303   152.0000
 "MMM"    1.02612688   1.57906669   103.00000000   1.572665451439   0.497071810137   1521.0000
 "MMM"    0.96446195   1.69863757   99.06940651   1.482396947693   0.230029629860   1522.0000
 "MMM"    0.97013095   1.65946551   103.00000000   1.494661492702   0.344425600731   1523.0000
 "MMM"    1.07953658   1.68888476   86.51600769   1.544544738003   0.031233947845   1524.0000
 "MMM"    1.03315382   1.68888476   81.14705787   1.443874208202   -0.114036113128   1525.0000
 "MMM"    1.20440190   1.68888476   76.05168188   1.533168094083   -0.257360215576   1526.0000
 "MMM"    0.98411626   1.68888476   113.63348754   1.456906891844   0.498071965757   1527.0000
 "MMM"    1.20572787   1.68888476   119.07910210   1.545214180812   0.762090732095   1528.0000
 "MMM"    0.96446195   1.78923205   89.86502010   1.448462970227   -0.000891516070   1529.0000
 "MMM"    0.95552135   1.68888476   74.36859218   1.278416931015   -0.305182704390   1530.0000
 "MMM"    0.96446195   1.68888476   148.00000000   0.927660895300   0.804188145393   153.0000
 "MMM"    1.01253252   2.27949981   103.00000000   1.486312607575   0.460974595771   1531.0000
 "MMM"    1.05828484   1.65241900   103.00000000   1.582287110020   0.409809090690   1532.0000
 "MMM"    1.02343162   1.68888476   119.00933313   1.443457930926   0.621372296163   1533.0000
 "MMM"    1.02781782   1.68888476   87.63181029   1.501973044628   0.041160317726   1534.0000
 "MMM"    0.96446195   1.61741520   118.96216829   1.416394854656   0.658166618011   1535.0000
 "MMM"    0.96446195   1.67073913   141.54818170   1.070366132452   0.813244031307   1536.0000
 "MMM"    0.96446195   1.82395223   96.97686962   1.467331366985   0.124327493928   1537.0000
 "MMM"    1.47781642   1.68888476   117.10881584   1.500837775670   0.637427721372   1538.0000
 "MMM"    0.99805713   1.68888476   138.45121477   1.142768231878   0.821153115489   1539.0000
 "MMM"    0.83540300   1.68888476   137.11078035   1.059444201598   0.489179319009   1540.0000
 "MMM"    0.96446195   1.68888476   58.00000000   0.982584787217   -0.833891628372   154.0000
 "MMM"    1.12358526   1.66610795   103.00000000   1.633485291656   0.426704145104   1541.0000
 "MMM"    0.92317800   1.68888476   101.71703728   1.441633047531   0.252702937225   1542.0000
 "MMM"    1.08830454   1.68888476   99.57306769   1.603456923004   0.322017195958   1543.0000
 "MMM"    1.25519812   1.76106748   103.00000000   1.686709437573   0.415293441454   1544.0000
 "MMM"    1.01237150   1.66313115   103.00000000   1.536138786831   0.370132097740   1545.0000
 "MMM"    1.33150260   1.64039673   103.00000000   1.731176007463   0.453925546611   1546.0000
 "MMM"    1.06396325   1.68888476   83.98562973   1.505816214480   -0.034987155789   1547.0000
 "MMM"    0.98526705   1.43138019   103.00000000   1.577297603347   0.847074292833   1548.0000
 "MMM"    1.07303859   2.02476898   103.00000000   1.532320269986   0.358039608596   1549.0000
 "MMM"    0.89580383   1.80198179   103.00000000   1.399287893482   0.168758262765   1550.0000
 "MMM"    0.96446195   1.68888476   153.00000000   0.809749201883   0.811371009232   155.0000
 "MMM"    0.95904272   1.68888476   67.04408790   1.158540526451   -0.520069605010   1551.0000
 "MMM"    1.14861156   1.68888476   113.29170131   1.582943499631   0.622876975937   1552.0000
 "MMM"    0.96446195   1.56577572   78.56963368   1.343387528245   -0.041647335330   1553.0000
 "MMM"    1.26072216   1.68888476   103.63255795   1.703272526750   0.453690183363   1554.0000
 "MMM"    1.31627158   1.74447949   103.00000000   1.709113931199   0.422132668587   1555.0000
 "MMM"    0.92156481   1.68304414   103.00000000   1.439932921714   0.278322126279   1556.0000
 "MMM"    0.91242423   1.84630102   103.00000000   1.411238039615   0.173889179737   1557.0000
 "MMM"    1.31369524   1.68888476   108.26208065   1.681185538440   0.549624287653   1558.0000
 "MMM"    0.85599273   1.68888476   85.77678535   1.310941210296   -0.076857801350   1559.0000
 "MMM"    1.23333540   1.79828771   103.00000000   1.668472267577   0.405661331617   1560.0000
 "MMM"    0.96446195   1.68888476   53.00000000   0.878399016685   -1.022987293030   156.0000
 "MMM"    1.00630919   1.64018890   103.00000000   1.535796440261   0.393498139706   1561.0000
 "MMM"    1.05438446   1.51480066   103.00000000   1.622286103823   0.637217619647   1562.0000
 "MMM"    0.96446195   2.04846870   88.16586848   1.458414834810   -0.032404386078   1563.0000
 "MMM"    0.96446195   1.83906808   106.02827274   1.449757685815   0.276601029615   1564.0000
 "MMM"    0.81514592   1.68888476   133.09736646   1.104609537943   0.436407588762   1565.0000
 "MMM"    0.83764888   1.68888476   138.22551862   1.042922992860   0.496374354622   1566.0000
 "MMM"    0.95567149   1.68888476   142.76056082   1.034756449289   0.764680312799   1567.0000
 "MMM"    0.99534847   1.68888476   66.24637855   1.168050518503   -0.557046020789   1568.0000
 "MMM"    0.90405569   2.04896421   103.00000000   1.395308422586   0.202206262103   1569.0000
 "MMM"    1.36187619   1.67426869   103.00000000   1.724769752512   0.427987662659   1570.0000
 "MMM"    0.96446195   1.68888476   163.00000000   0.541628722907   0.790263243690   157.0000
 "MMM"    0.99780770   1.68888476   104.49919764   1.513097677201   0.360149348635   1571.0000
 "MMM"    1.50246998   1.68888476   109.82868375   1.587263211849   0.471123028511   1572.0000
 "MMM"    0.96446195   1.70995618   71.68534881   1.248339537491   -0.393429273470   1573.0000
 "MMM"    1.12218988   1.81622840   103.00000000   1.595914736691   0.353383927528   1574.0000
 "MMM"    1.29287525   1.67209761   103.00000000   1.720062853775   0.446770202107   1575.0000
 "MMM"    0.96446195   1.82963412   108.52690492   1.439304661687   0.317469715533   1576.0000
 "MMM"    1.18641159   1.68888476   122.64817019   1.491538478544   0.821239602265   1577.0000
 "MMM"    0.88262507   1.68888476   149.18368717   0.860072752336   0.602678650541   1578.0000
 "MMM"    0.96446195   1.59936745   101.84519695   1.502936062105   0.404976785116   1579.0000
 "MMM"    0.96446195   1.64576034   129.14071259   1.289034839412   0.744890319868   1580.0000
 "MMM"    0.96446195   1.68888476   43.00000000   0.678774957385   -1.401311437568   158.0000
 "MMM"    0.96446195   1.59332371   107.33918400   1.495249862683   0.512591312926   1581.0000
 "MMM"    0.83424822   2.04425584   103.00000000   1.335776382944   0.117986103192   1582.0000
 "MMM"    1.26512443   1.78233714   103.00000000   1.685885803018   0.414435249173   1583.0000
 "MMM"    1.03651089   1.68888476   134.35155951   1.238926251448   0.845638692391   1584.0000
 "MMM"    0.98245887   1.68888476   61.78626425   1.069466816189   -0.707834861527   1585.0000
 "MMM"    0.96446195   1.86090299   66.84076742   1.219579460336   -0.561185097089   1586.0000
 "MMM"    0.82718919   1.67995928   103.00000000   1.340242510697   0.192207842831   1587.0000
 "MMM"    0.86328462   1.84350358   103.00000000   1.365140287439   0.121375523174   1588.0000
 "MMM"    1.19930214   1.68888476   99.51693463   1.687714381287   0.357627383329   1589.0000
 "MMM"    1.23985615   1.68888476   89.74408314   1.702589700912   0.137093381961   1590.0000
 "MMM"    0.96446195   1.68888476   173.00000000   0.232667635876   0.745019444694   159.0000
 "MMM"    1.00045781   1.70214521   103.00000000   1.515813440845   0.323604700285   1591.0000
 "MMM"    0.96446195   1.69008639   106.96604373   1.473226112844   0.372978443933   1592.0000
 "MMM"    0.96446195   1.70739722   61.25730304   1.057739205483   -0.722541032499   1593.0000
 "MMM"    0.98546350   2.04363665   103.00000000   1.463100450496   0.286225297218   1594.0000
 "MMM"    0.88271455   1.68888476   83.48617159   1.318728951209   -0.109057520599   1595.0000
 "MMM"    1.05743527   1.68888476   108.23451633   1.553300352245   0.470924464183   1596.0000
 "MMM"    0.89389486   1.89034119   103.00000000   1.391036581053   0.150562311235   1597.0000
 "MMM"    0.96446195   1.95787937   105.79213754   1.437173929419   0.283276974818   1598.0000
 "MMM"    1.05574557   1.68888476   102.92722639   1.570570684488   0.370899042890   1599.0000
 "MMM"    0.80971948   2.07987975   103.00000000   1.316067972829   0.105005835182   1600.0000
 "MMM"    0.96446195   1.68888476   33.00000000   0.505298292148   -1.699090663738   160.0000
 "MMM"    0.92446195   1.68888476   103.00000000   1.442007984405   0.274683411026   16.0000
 "MMM"    0.92443214   1.68888476   114.48715916   1.395885360490   0.444367352888   1601.0000
 "MMM"    0.96446195   1.98905659   117.60836159   1.336530884423   0.488820944560   1602.0000
 "MMM"    1.23502389   1.68888476   85.02140966   1.669909499831   0.015451826713   1603.0000
 "MMM"    1.12060022   1.89399804   103.00000000   1.581283544137   0.354282153461   1604.0000
 "MMM"    0.96446195   1.60195059   115.23890163   1.451465237497   0.628521991953   1605.0000
 "MMM"    0.79314788   1.68888476   104.92712044   1.301612362704   0.169849782827   1606.0000
 "MMM"    0.78798886   1.68888476   148.42297181   0.826433944655   0.367840838914   1607.0000
 "MMM"    1.02166299   1.68888476   112.17976664   1.499805159337   0.510957767798   1608.0000
 "MMM"    0.96728846   1.63067546   103.00000000   1.498032697209   0.379671408960   1609.0000
 "MMM"    1.07641583   1.68888476   136.10069806   1.227313681416   0.927483439357   1610.0000
 "MMM"    0.96446195   1.68888476   179.95000000   0.001678721553   0.730288494302   161.0000
 "MMM"    0.79433285   2.05324915   103.00000000   1.302078723977   0.072248926641   1611.0000
 "MMM"    1.20313948   1.69452971   103.00000000   1.678408964324   0.429908767071   1612.0000
 "MMM"    0.90000292   1.80010502   103.00000000   1.403520456086   0.173814802757   1613.0000
 "MMM"    1.32596537   1.51287789   103.00000000   1.745010174332   0.569455637454   1614.0000
 "MMM"    1.45853863   1.55888254   103.00000000   1.670036791450   0.383669450733   1615.0000
 "MMM"    0.99965001   1.65340057   103.00000000   1.525917941932   0.372747293780   1616.0000
 "MMM"    0.96446195   1.66628105   98.66450362   1.487308821707   0.255165455731   1617.0000
 "MMM"    1.07270484   1.73772353   103.00000000   1.573528719602   0.348264503745   1618.0000
 "MMM"    0.88601535   1.75900668   103.00000000   1.393777505379   0.180490459160   1619.0000
 "MMM"    1.16188080   1.68888476   131.29342810   1.346399951325   0.957519132310   1620.0000
 "MMM"    0.96446195   1.68888476   23.00000000   0.354714797980   -1.799877302007   162.0000
 "MMM"    1.17990130   1.79954728   103.00000000   1.638587667732   0.385683843522   1621.0000
 "MMM"    1.26437367   1.49279063   103.00000000   1.753506513604   0.648960382153   1622.0000
 "MMM"    1.05219706   1.97324425   103.00000000   1.520542179140   0.320850789218   1623.0000
 "MMM"    0.99914352   1.84122148   103.00000000   1.491005445855   0.258236973966   1624.0000
 "MMM"    0.82348674   1.95478784   103.00000000   1.325560627941   0.075087309388   1625.0000
 "MMM"    0.96446195   2.01243427   124.48195258   1.244500812756   0.607107289952   1626.0000
 "MMM"    0.88839426   1.48792252   103.00000000   1.439777040945   0.622503518891   1627.0000
 "MMM"    1.09989442   1.68888476   109.62687346   1.578947269539   0.524917717853   1628.0000
 "MMM"    1.46101261   1.68888476   108.34203319   1.637715690357   0.479664789666   1629.0000
 "MMM"    0.96446195   1.88472996   135.61273723   1.100616499817   0.626101186298   1630.0000
 "MMM"    0.96446195   1.67416187   95.41204544   1.479128786898   0.186096681817   163.0000
 "MMM"    1.01718536   1.68888476   56.09570109   0.960061395657   -0.958163277478   1631.0000
 "MMM"    0.98792328   2.14560736   103.00000000   1.463767148336   0.343110485973   1632.0000
 "MMM"    0.97723251   1.69887113   103.00000000   1.493783775451   0.308761539138   1633.0000
 "MMM"    1.26182501   1.68888476   88.25662178   1.710136753190   0.100319993397   1634.0000
 "MMM"    0.86098773   1.67748552   103.00000000   1.376600786142   0.228843869204   1635.0000
 "MMM"    1.09002047   1.68888476   130.91368382   1.325575231614   0.875201746470   1636.0000
 "MMM"    0.96446195   1.76156673   105.71574683   1.463317038296   0.297820304500   1637.0000
 "MMM"    0.96446195   1.89007820   95.60867365   1.463795340187   0.091383604110   1638.0000
 "MMM"    1.06121979   1.53731147   103.00000000   1.620974921017   0.590738669609   1639.0000
 "MMM"    0.84468289   1.68888476   70.45496646   1.133208944790   -0.415748442019   1640.0000
 "MMM"    1.03666945   1.72779399   103.00000000   1.544183256393   0.330352121613   164.0000
 "MMM"    1.26159856   1.78701524   103.00000000   1.683470140281   0.413432558357   1641.0000
 "MMM"    0.96446195   1.72891701   104.61227303   1.472394958372   0.300749413555   1642.0000
 "MMM"    0.98223879   1.68888476   109.13380589   1.481720036976   0.425394713445   1643.0000
 "MMM"    0.75013377   1.83667536   103.00000000   1.258504718736   -0.012057713555   1644.0000
 "MMM"    1.12171581   1.68888476   83.70791709   1.558951770252   -0.030673060790   1645.0000
 "MMM"    0.96446195   1.85690574   78.58764502   1.368867062913   -0.261270701913   1646.0000
 "MMM"    1.01242691   1.68888476   74.87086932   1.336689172819   -0.288020316064   1647.0000
 "MMM"    1.31153830   1.75229929   103.00000000   1.706531589703   0.421325439994   1648.0000
 "MMM"    0.96446195   1.47289361   96.57249191   1.530137099692   0.583960034795   1649.0000
 "MMM"    0.96446195   1.48364727   91.40971687   1.500946514616   0.447298943686   1650.0000
 "MMM"    1.16230627   1.75150156   103.00000000   1.638400631989   0.389473095955   165.0000
 "MMM"    0.96446195   1.93755577   80.98983577   1.404820591978   -0.206596130260   1651.0000
 "MMM"    0.86692279   1.92672954   103.00000000   1.364941136988   0.122422649128   1652.0000
 "MMM"    0.96446195   1.96771878   98.27576206   1.461663831960   0.150109249486   1653.0000
 "MMM"    0.96446195   1.74373387   67.97712884   1.196195670695   -0.516895955838   1654.0000
 "MMM"    1.09248972   1.68888476   115.87564102   1.524446709470   0.633888676262   1655.0000
 "MMM"    1.36920056   1.71419572   103.00000000   1.718443995391   0.417086477998   1656.0000
 "MMM"    1.25404758   1.73928089   103.00000000   1.691392370701   0.419991320220   1657.0000
 "MMM"    0.96446195   1.80112225   100.26871852   1.469039739847   0.189454453453   1658.0000
 "MMM"    1.01509368   1.67091999   103.00000000   1.536917703227   0.363578079041   1659.0000
 "MMM"    1.51929600   1.65787686   103.00000000   1.644858103309   0.312442010005   1660.0000
 "MMM"    0.89590574   1.83858284   103.00000000   1.396331881988   0.157968690311   166.0000
 "MMM"    0.96446195   1.77379974   124.71406111   1.306280348459   0.547411969247   1661.0000
 "MMM"    0.96446195   1.67031315   61.83126557   1.053209221640   -0.687221856861   1662.0000
 "MMM"    0.96446195   1.75458264   124.76749725   1.311680612129   0.560230784778   1663.0000
 "MMM"    0.85774764   1.55775145   103.00000000   1.388866020717   0.424524781361   1664.0000
 "MMM"    0.99619851   2.04193090   103.00000000   1.471836482268   0.296036168015   1665.0000
 "MMM"    0.93934314   1.82441507   103.00000000   1.438504370355   0.205551854885   1666.0000
 "MMM"    0.89819761   1.68176463   103.00000000   1.415601520089   0.258902320847   1667.0000
 "MMM"    0.88752179   2.02012050   103.00000000   1.381338099289   0.171123373415   1668.0000
 "MMM"    1.26295374   1.68888476   120.77317007   1.532265293730   0.811281381632   1669.0000
 "MMM"    0.96446195   1.57883541   111.50218669   1.481461443337   0.610943909006   1670.0000
 "MMM"    0.96446195   1.92387026   129.27339301   1.194867885011   0.596479494607   167.0000
 "MMM"    1.13757876   1.68888476   114.32876971   1.567230501897   0.636480243312   1671.0000
 "MMM"    0.81039982   1.68888476   108.47536748   1.311534220432   0.232632782850   1672.0000
 "MMM"    0.96446195   2.14538463   117.99896275   1.312368057174   0.623857117693   1673.0000
 "MMM"    0.96446195   2.03311603   101.35295181   1.452858066830   0.228977881088   1674.0000
 "MMM"    0.96446195   2.00313881   119.19341107   1.315836046716   0.522134290848   1675.0000
 "MMM"    0.96446195   1.72049222   116.13172144   1.411854870455   0.481779936862   1676.0000
 "MMM"    0.96446195   1.77523909   99.20799784   1.472308598442   0.181141526997   1677.0000
 "MMM"    0.76285922   1.68888476   133.51303976   1.059362667181   0.334467069917   1678.0000
 "MMM"    0.97501152   1.68888476   111.67145175   1.461397072035   0.458713175489   1679.0000
 "MMM"    1.11869459   1.68888476   148.43841695   0.973587292735   1.140619197162   1680.0000
 "MMM"    0.96446195   1.73755052   150.56836682   0.850892845506   0.708337316119   168.0000
 "MMM"    1.13503111   1.68888476   105.81038184   1.624995157749   0.469329782338   1681.0000
 "MMM"    0.96446195   1.63414596   124.41907260   1.353982180536   0.705992271776   1682.0000
 "MMM"    0.96446195   1.68253486   96.30706398   1.480388179346   0.194520340934   1683.0000
 "MMM"    1.05691082   1.48104087   103.00000000   1.637210650292   0.719970365793   1684.0000
 "MMM"    0.96446195   1.98485650   113.12652562   1.382173988835   0.416216501851   1685.0000
 "MMM"    1.44784138   1.68888476   109.57858797   1.631246689586   0.515256110426   1686.0000
 "MMM"    0.96446195   1.87311132   129.75172419   1.203223676049   0.578925269638   1687.0000
 "MMM"    0.99719282   1.45791869   103.00000000   1.581671796137   0.767882600674   1688.0000
 "MMM"    1.10433493   1.68888476   109.30462852   1.584203530646   0.521528891218   1689.0000
 "MMM"    0.72451313   1.80295756   103.00000000   1.234001200567   -0.030581209621   1690.0000
 "MMM"    0.90154427   1.81542520   103.00000000   1.403603287140   0.169974760581   169.0000
 "MMM"    1.03947351   1.47866585   103.00000000   1.620406727431   0.722208169511   1691.0000
 "MMM"    1.07937662   1.80258826   103.00000000   1.565513755288   0.328062602231   1692.0000
 "MMM"    1.46743546   1.60258233   103.00000000   1.676425058758   0.365508703441   1693.0000
 "MMM"    0.96446195   1.73968399   127.19252168   1.284820571020   0.597177185468   1694.0000
 "MMM"    0.96446195   1.72066809   109.79502847   1.454325812168   0.389566984758   1695.0000
 "MMM"    0.76551601   1.74964649   103.00000000   1.273417725352   0.054788132788   1696.0000
 "MMM"    0.98088807   1.58840701   103.00000000   1.522833912413   0.455202141930   1697.0000
 "MMM"    0.88236609   1.68888476   55.13930988   0.903282084289   -0.869677143612   1698.0000
 "MMM"    1.34591273   1.78945944   103.00000000   1.705098044233   0.419776250678   1699.0000
 "MMM"    0.71199303   1.80683445   103.00000000   1.222390286041   -0.048676876856   1700.0000
 "MMM"    1.34371700   1.65501426   103.00000000   1.728649714062   0.442073947351   170.0000
 "MMM"    1.00446195   1.68888476   103.00000000   1.522524929073   0.338402524210   17.0000
 "MMM"    0.96446195   1.52397970   90.25456039   1.481223746141   0.322768699929   1701.0000
 "MMM"    0.96446195   1.70295787   124.72303249   1.328679049765   0.608267705579   1702.0000
 "MMM"    0.83054555   1.68888476   77.36215701   1.207700076635   -0.259505547616   1703.0000
 "MMM"    1.00692121   1.68888476   93.73525183   1.515314893356   0.162899389617   1704.0000
 "MMM"    0.96446195   1.78034709   71.08887825   1.257006434886   -0.437952848003   1705.0000
 "MMM"    0.92483566   1.63325913   103.00000000   1.452103538624   0.343640262839   1706.0000
 "MMM"    1.29972301   1.68888476   83.58325966   1.703821969302   -0.026081003212   1707.0000
 "MMM"    0.89785519   1.68888476   100.82686590   1.415114132058   0.216639855403   1708.0000
 "MMM"    0.68782040   1.68888476   108.60489548   1.187067672689   0.076392447047   1709.0000
 "MMM"    0.94188867   1.68888476   84.71838051   1.389672719531   -0.057161513455   1710.0000
 "MMM"    0.93413177   1.68888476   95.79554147   1.446350726342   0.158794672249   171.0000
 "MMM"    1.12340839   1.68888476   110.92876770   1.586582056976   0.563630757724   1711.0000
 "MMM"    0.96446195   1.51733068   113.81482151   1.485081000578   0.791616005421   1712.0000
 "MMM"    0.99551762   1.68888476   87.10408383   1.464934940563   0.017068308820   1713.0000
 "MMM"    1.04634305   1.68888476   118.03492873   1.470681492291   0.629711452683   1714.0000
 "MMM"    1.33240978   1.68888476   88.16272656   1.747398943011   0.092427225027   1715.0000
 "MMM"    0.96446195   1.61484687   81.82902726   1.384380684965   -0.033805128437   1716.0000
 "MMM"    0.98469742   2.08932696   103.00000000   1.461410373436   0.307863240247   1717.0000
 "MMM"    0.96446195   1.64962751   118.19993867   1.413942236967   0.594210638491   1718.0000
 "MMM"    1.19394698   1.68888476   76.20874375   1.526261023575   -0.251066713295   1719.0000
 "MMM"    0.87204708   1.68888476   135.24313568   1.115246774973   0.556827658294   1720.0000
 "MMM"    1.04944394   1.56331514   103.00000000   1.600793390069   0.535937045005   172.0000
 "MMM"    1.27642551   1.47804404   103.00000000   1.755119156221   0.664484586497   1721.0000
 "MMM"    1.55388969   1.59558898   103.00000000   1.576621259972   0.247395948786   1722.0000
 "MMM"    0.96446195   1.58615382   94.98534764   1.493187332803   0.297501204790   1723.0000
 "MMM"    0.94678736   1.88252121   103.00000000   1.439707196199   0.206247267710   1724.0000
 "MMM"    1.19119411   1.83069224   103.00000000   1.638898583964   0.388987628680   1725.0000
 "MMM"    0.76512568   1.68888476   108.48746558   1.264953464375   0.176874126680   1726.0000
 "MMM"    1.08651010   1.68888476   99.63712365   1.601860184021   0.322479454223   1727.0000
 "MMM"    0.93543142   1.91271560   103.00000000   1.427215001451   0.196272364595   1728.0000
 "MMM"    1.19484992   1.68888476   131.32176679   1.352888359466   0.984174780799   1729.0000
 "MMM"    0.96446195   1.97499938   99.15215971   1.460042060874   0.168295116863   1730.0000
 "MMM"    0.96446195   1.81375024   109.08229544   1.439085821568   0.329473584627   173.0000
 "MMM"    1.07757265   1.68888476   143.65326422   1.073525460539   1.015926747359   1731.0000
 "MMM"    0.86002811   1.68888476   77.19145842   1.231785591087   -0.253615340493   1732.0000
 "MMM"    1.00694046   1.68888476   109.05052532   1.505003213360   0.445798837609   1733.0000
 "MMM"    1.22624283   1.68888476   102.76532117   1.692950896382   0.432253710573   1734.0000
 "MMM"    1.20228197   1.68888476   128.74629246   1.399697336072   0.942914630543   1735.0000
 "MMM"    0.96446195   2.03127417   121.30771198   1.284470103096   0.576351158718   1736.0000
 "MMM"    0.79023347   1.46343846   103.00000000   1.316705947015   0.619885384433   1737.0000
 "MMM"    1.02492325   1.68888476   102.54783797   1.542817089818   0.344245934654   1738.0000
 "MMM"    0.82261984   1.64950616   103.00000000   1.337819303194   0.227694275260   1739.0000
 "MMM"    1.35293206   1.57476501   103.00000000   1.736500324463   0.485846398597   1740.0000
 "MMM"    1.09427982   1.68888476   115.46498650   1.529501793183   0.627989732767   174.0000
 "MMM"    0.92203621   1.68888476   75.32935760   1.262918222239   -0.283909733562   1741.0000
 "MMM"    0.96446195   1.98208932   84.38906221   1.434329300277   -0.127089872649   1742.0000
 "MMM"    0.96446195   1.91754334   119.88517536   1.325017574523   0.485255871647   1743.0000
 "MMM"    0.73859226   1.68888476   63.71093519   0.981050193484   -0.584357017245   1744.0000
 "MMM"    0.91054512   1.68888476   76.34349602   1.266325522232   -0.260697963090   1745.0000
 "MMM"    1.15153768   1.56705600   103.00000000   1.685685217670   0.555900996208   1746.0000
 "MMM"    1.30389179   1.69746648   103.00000000   1.716680426242   0.434450582022   1747.0000
 "MMM"    0.98171363   1.57312628   103.00000000   1.527831415327   0.483252827574   1748.0000
 "MMM"    1.50700680   1.68888476   109.93658776   1.581755743238   0.468518119318   1749.0000
 "MMM"    0.82685014   1.65182314   103.00000000   1.342248802503   0.228614964003   1750.0000
 "MMM"    1.16090462   1.68888476   74.89871955   1.473576604173   -0.292924703389   175.0000
 "MMM"    1.24377018   1.65919301   103.00000000   1.707838616625   0.457623930718   1751.0000
 "MMM"    1.13525888   1.68888476   110.63419905   1.596423771409   0.564481206589   1752.0000
 "MMM"    1.07478975   1.68888476   77.02182418   1.428036912598   -0.222669933331   1753.0000
 "MMM"    0.96446195   1.61222436   123.63466373   1.369795269261   0.736329027820   1754.0000
 "MMM"    0.92961514   2.09222747   103.00000000   1.416690842730   0.251973376109   1755.0000
 "MMM"    0.96446195   2.16052539   109.42348528   1.400994873777   0.463808742596   1756.0000
 "MMM"    1.17781439   1.75584878   103.00000000   1.647370763023   0.394343288180   1757.0000
 "MMM"    1.12970665   1.68888476   109.20806195   1.602578212074   0.533878953018   1758.0000
 "MMM"    0.99486500   1.68888476   116.23256262   1.446109094738   0.548707363131   1759.0000
 "MMM"    0.94417770   1.68888476   88.76703394   1.423869975432   0.029409636126   1760.0000
 "MMM"    0.75596095   1.68888476   104.86471891   1.262947024774   0.126016519664   176.0000
 "MMM"    1.23504977   1.68888476   111.71984997   1.635274205833   0.622225577259   1761.0000
 "MMM"    0.96446195   1.76192782   96.53468402   1.471586008538   0.139554719552   1762.0000
 "MMM"    0.96446195   1.89276009   90.92126970   1.454729139254   0.000915441083   1763.0000
 "MMM"    1.17016933   1.71026381   103.00000000   1.654188581703   0.411518742418   1764.0000
 "MMM"    0.79467897   1.77853757   103.00000000   1.301656588646   0.068867756305   1765.0000
 "MMM"    0.96446195   1.89682204   109.75960419   1.421140331777   0.335071446251   1766.0000
 "MMM"    0.96446195   1.78339539   112.81368209   1.421754546082   0.394777342313   1767.0000
 "MMM"    1.24319277   1.50540216   103.00000000   1.748300643642   0.640581464167   1768.0000
 "MMM"    0.96446195   1.49226043   93.19195841   1.509118194314   0.462106665684   1769.0000
 "MMM"    0.88293247   1.68888476   99.03567292   1.398117233339   0.175134910326   1770.0000
 "MMM"    0.87029844   1.51309446   103.00000000   1.411857839356   0.540993221361   177.0000
 "MMM"    1.14621531   1.68888476   139.52698110   1.182414108283   1.069719868168   1771.0000
 "MMM"    0.96446195   1.61201433   103.99679347   1.498211955297   0.423036060697   1772.0000
 "MMM"    0.95468824   1.68888476   130.68134127   1.245279617186   0.674708766679   1773.0000
 "MMM"    0.88459580   1.68888476   113.00037718   1.366744198017   0.377375642604   1774.0000
 "MMM"    0.96446195   1.75970423   78.92331207   1.356856359422   -0.228934284465   1775.0000
 "MMM"    0.96446195   1.74970259   100.77724579   1.475009448809   0.222084472873   1776.0000
 "MMM"    0.96446195   1.78993475   106.51376880   1.455478810886   0.297324538965   1777.0000
 "MMM"    0.96446195   1.99548697   107.92491208   1.421360572987   0.333754672086   1778.0000
 "MMM"    1.16444671   1.68888476   104.69128691   1.649776666525   0.458182243713   1779.0000
 "MMM"    1.29678077   1.68888476   86.30409711   1.720949232128   0.048443053680   1780.0000
 "MMM"    0.99174301   2.01995593   103.00000000   1.469135325475   0.282273193238   178.0000
 "MMM"    0.96446195   2.17431172   114.80492904   1.347995031335   0.586966110349   1781.0000
 "MMM"    1.03643475   2.14412944   103.00000000   1.500688141585   0.388360749951   1782.0000
 "MMM"    0.68473591   1.68888476   132.00311312   1.020510020890   0.179368063677   1783.0000
 "MMM"    1.09189917   1.88613425   103.00000000   1.561287257766   0.333129698943   1784.0000
 "MMM"    1.03445064   1.72843012   103.00000000   1.542038408767   0.328385880073   1785.0000
 "MMM"    0.96961179   1.68888476   100.70626586   1.489816960600   0.272072543804   1786.0000
 "MMM"    0.97949607   1.68888476   106.88161469   1.488396015263   0.385999925209   1787.0000
 "MMM"    1.01512018   1.68888476   94.83355820   1.527388615142   0.189391769177   1788.0000
 "MMM"    0.92708169   2.07202748   103.00000000   1.414569034792   0.238764558298   1789.0000
 "MMM"    1.15365079   1.63196458   103.00000000   1.665900509530   0.470434735704   1790.0000
 "MMM"    0.84934524   2.04532522   103.00000000   1.348697746069   0.136795102126   179.0000
 "MMM"    0.91403477   1.68888476   83.07752595   1.346193845120   -0.104253386362   1791.0000
 "MMM"    0.96446195   1.81285784   88.13460090   1.439655554359   -0.043834903499   1792.0000
 "MMM"    0.96446195   1.53252887   101.81958684   1.520346485906   0.534871256579   1793.0000
 "MMM"    0.96540094   1.68045628   103.00000000   1.485542178770   0.317398667190   1794.0000
 "MMM"    0.95760993   2.20688201   103.00000000   1.441601964070   0.352496432694   1795.0000
 "MMM"    0.94922495   1.68888476   104.56931535   1.464909847205   0.321718866135   1796.0000
 "MMM"    1.04562055   1.86004964   103.00000000   1.528273152054   0.296277950881   1797.0000
 "MMM"    0.96446195   1.61322000   110.52883875   1.477132422203   0.532449906986   1798.0000
 "MMM"    0.96446195   1.71137944   66.77774280   1.164557178298   -0.541298770888   1799.0000
 "MMM"    1.14049940   1.68888476   120.62437941   1.500187955927   0.754720503695   1800.0000
 "MMM"    0.95028017   1.68888476   110.45128012   1.444792579178   0.415243087005   180.0000
 "MMM"    0.91946195   1.68888476   103.00000000   1.436816612361   0.270298609072   18.0000
 "MMM"    0.82194825   1.68888476   78.02768836   1.207282548087   -0.248552035162   1801.0000
 "MMM"    1.18286607   1.68888476   118.39778554   1.545852775940   0.738698735428   1802.0000
 "MMM"    0.96446195   1.61989539   109.13684979   1.481736241833   0.498633113583   1803.0000
 "MMM"    0.96446195   1.81072920   114.72192694   1.400864083621   0.411755601965   1804.0000
 "MMM"    1.18553127   1.58366624   103.00000000   1.701760695028   0.533526613169   1805.0000
 "MMM"    1.32233190   1.68888476   90.85531403   1.750233804250   0.160109474080   1806.0000
 "MMM"    0.94739416   1.67691111   103.00000000   1.467799268620   0.306761579977   1807.0000
 "MMM"    0.86151162   1.68888476   87.55704028   1.329475114132   -0.039848655273   1808.0000
 "MMM"    1.00804138   1.68888476   78.35205805   1.383700401691   -0.191858475351   1809.0000
 "MMM"    0.89765733   1.66217634   103.00000000   1.417887357455   0.281599179620   1810.0000
 "MMM"    1.27099499   1.68888476   97.89127045   1.728337696952   0.327542060310   181.0000
 "MMM"    0.96446195   1.54990379   89.84228436   1.471960831135   0.258703893768   1811.0000
 "MMM"    0.96446195   1.74282410   66.42199787   1.168975358941   -0.563828520376   1812.0000
 "MMM"    0.94031718   1.68888476   113.08987240   1.420160105361   0.443284782873   1813.0000
 "MMM"    0.67888821   1.69326519   103.00000000   1.186140749109   0.007314065017   1814.0000
 "MMM"    0.74169642   1.68888476   142.91009942   0.902574448114   0.281081941776   1815.0000
 "MMM"    0.96446195   1.73013407   145.50854594   0.967070036549   0.720675362897   1816.0000
 "MMM"    0.96446195   1.71176006   87.88867834   1.437869256861   0.001962620636   1817.0000
 "MMM"    0.96446195   1.79762817   75.34017132   1.320105468197   -0.330252085233   1818.0000
 "MMM"    0.84967277   1.43620774   103.00000000   1.400241104194   0.757799587789   1819.0000
 "MMM"    0.96446195   1.94512407   93.41312658   1.461969798144   0.052928813024   1820.0000
 "MMM"    0.96446195   1.77157945   92.63543502   1.460789561090   0.061249132262   182.0000
 "MMM"    0.70675829   1.68888476   132.44763238   1.031324797946   0.222549350562   1821.0000
 "MMM"    1.07604324   1.68888476   128.30810222   1.359949947215   0.820214377125   1822.0000
 "MMM"    0.96446195   1.86454813   116.30419465   1.374643164096   0.427196748578   1823.0000
 "MMM"    0.96446195   1.55882858   109.38484004   1.497058609412   0.615215951212   1824.0000
 "MMM"    1.08442268   1.68888476   90.07667593   1.574490132573   0.116344191107   1825.0000
 "MMM"    0.96446195   1.71984035   120.30614075   1.373287121838   0.537281029622   1826.0000
 "MMM"    0.86833686   1.77804508   103.00000000   1.374486056615   0.151091300295   1827.0000
 "MMM"    0.92719384   2.13685543   103.00000000   1.415303369845   0.274789525492   1828.0000
 "MMM"    0.96446195   1.82994654   82.80594542   1.403723156939   -0.161522990806   1829.0000
 "MMM"    0.96446195   1.49731116   107.88848541   1.520345156908   0.735440305984   1830.0000
 "MMM"    0.89985783   1.71434045   103.00000000   1.412917275922   0.227864381330   183.0000
 "MMM"    0.96446195   1.63717217   57.94344421   0.955291610672   -0.813667919228   1831.0000
 "MMM"    1.06784118   1.47547184   103.00000000   1.649979498125   0.736416535436   1832.0000
 "MMM"    1.03667274   1.70145627   103.00000000   1.550078128953   0.349634192260   1833.0000
 "MMM"    1.04886245   1.68888476   70.01019780   1.282538041776   -0.443698801761   1834.0000
 "MMM"    1.20672951   1.68888476   114.24704796   1.600971585564   0.666696401707   1835.0000
 "MMM"    1.00962093   1.58219180   103.00000000   1.554848635576   0.482939839901   1836.0000
 "MMM"    0.96446195   1.45793680   109.83791772   1.524302160659   0.886946267346   1837.0000
 "MMM"    0.94909996   1.81681772   103.00000000   1.448479886898   0.216944421942   1838.0000
 "MMM"    1.12223731   1.68888476   86.08624879   1.581813719746   0.030604170138   1839.0000
 "MMM"    0.97891338   1.68888476   113.93255357   1.450121874976   0.497219544414   1840.0000
 "MMM"    0.77720665   1.68888476   73.65547073   1.122682216055   -0.356347239920   184.0000
 "MMM"    0.98650032   1.68888476   88.93873036   1.469058996244   0.053219065412   1841.0000
 "MMM"    0.90094246   1.68888476   74.85675828   1.238169890902   -0.299188388074   1842.0000
 "MMM"    0.94260630   1.68888476   97.23211394   1.458639046547   0.190619395679   1843.0000
 "MMM"    1.25030411   1.61433678   103.00000000   1.722518070661   0.494353885336   1844.0000
 "MMM"    1.17427150   1.68888476   125.99180858   1.438244617761   0.875120187493   1845.0000
 "MMM"    0.96446195   1.69655907   102.38050207   1.482253876398   0.290119757554   1846.0000
 "MMM"    0.96446195   1.72699898   121.12233386   1.362602401886   0.540808003510   1847.0000
 "MMM"    0.96446195   1.99256669   88.65077238   1.454168287451   -0.035340425750   1848.0000
 "MMM"    1.12654958   1.69143785   103.00000000   1.628588893348   0.406962453386   1849.0000
 "MMM"    0.92621552   1.84971912   103.00000000   1.423786015618   0.187581393959   1850.0000
 "MMM"    1.10887792   1.88772027   103.00000000   1.573739218047   0.345398487098   185.0000
 "MMM"    0.95745945   1.98445482   103.00000000   1.442234235799   0.234815225148   1851.0000
 "MMM"    0.96446195   1.86760330   77.89074191   1.363817696249   -0.278369122329   1852.0000
 "MMM"    1.10190522   1.86806760   103.00000000   1.571613161185   0.338749550809   1853.0000
 "MMM"    1.13241962   1.79233598   103.00000000   1.608259869247   0.363191279563   1854.0000
 "MMM"    0.89133669   1.84064458   103.00000000   1.391863090458   0.152665209509   1855.0000
 "MMM"    0.96446195   1.70503582   110.05531596   1.456574646764   0.407278112637   1856.0000
 "MMM"    0.82680796   1.78320824   103.00000000   1.333120558895   0.102986370410   1857.0000
 "MMM"    1.18906348   1.68888476   99.82661203   1.680677114838   0.362268200385   1858.0000
 "MMM"    1.04201260   1.78075509   103.00000000   1.538272393660   0.307620107578   1859.0000
 "MMM"    1.53002435   1.77357153   103.00000000   1.654661021639   0.345013530073   1860.0000
 "MMM"    0.89015493   2.17700267   103.00000000   1.386657333039   0.259445770553   186.0000
 "MMM"    0.96446195   1.90295033   84.06827836   1.421864707645   -0.140748380953   1861.0000
 "MMM"    0.92230448   1.82847971   103.00000000   1.422099176611   0.187615168068   1862.0000
 "MMM"    1.14236015   1.61078234   103.00000000   1.664607131321   0.492560189132   1863.0000
 "MMM"    1.08008947   1.85992539   103.00000000   1.556138399238   0.322868753357   1864.0000
 "MMM"    0.96446195   1.83735090   108.76664317   1.436687320671   0.319909759526   1865.0000
 "MMM"    0.96446195   1.72486428   59.43940575   1.029976854504   -0.790024476390   1866.0000
 "MMM"    1.04624929   1.69739362   103.00000000   1.559775970705   0.359190921036   1867.0000
 "MMM"    0.96446195   1.90787215   101.37478975   1.457956902039   0.196931078040   1868.0000
 "MMM"    0.96446195   1.64861409   111.87344480   1.460668881959   0.500442474607   1869.0000
 "MMM"    1.03724994   2.10576688   103.00000000   1.501868922865   0.366882535416   1870.0000
 "MMM"    0.87068148   1.68888476   68.47436053   1.122633974800   -0.465967604881   187.0000
 "MMM"    1.17621773   1.63765184   103.00000000   1.679068098905   0.469339608318   1871.0000
 "MMM"    0.96446195   2.05900998   112.11533870   1.382857950946   0.442599516179   1872.0000
 "MMM"    0.87919880   1.68888476   110.78119056   1.372959809034   0.342521471935   1873.0000
 "MMM"    0.96412263   1.58660182   103.00000000   1.505155756245   0.447563142698   1874.0000
 "MMM"    0.90581919   1.68888476   102.72834224   1.422838110499   0.253841741704   1875.0000
 "MMM"    1.13433716   1.68888476   96.49698435   1.641471851456   0.275265457897   1876.0000
 "MMM"    1.11010967   1.68888476   98.44934885   1.622389254444   0.308231891863   1877.0000
 "MMM"    1.08679438   2.11760347   103.00000000   1.537531820447   0.416401082724   1878.0000
 "MMM"    1.08611798   1.68888476   63.75241170   1.175476088385   -0.696118226943   1879.0000
 "MMM"    0.98811007   1.68888476   121.86709729   1.385245921705   0.621058020810   1880.0000
 "MMM"    1.01419001   1.68888476   127.52899197   1.333022840570   0.729715697112   188.0000
 "MMM"    0.98902819   1.70560176   103.00000000   1.504034710854   0.312031064327   1881.0000
 "MMM"    0.96446195   2.17935455   119.80105791   1.286878639314   0.694538009933   1882.0000
 "MMM"    0.96446195   1.89017303   108.33223017   1.430957442468   0.311921109359   1883.0000
 "MMM"    0.96446195   1.79189008   100.04869604   1.470202421952   0.188914980775   1884.0000
 "MMM"    1.40351082   1.68888476   92.66382843   1.765731197751   0.181311246604   1885.0000
 "MMM"    0.99848838   1.79845409   103.00000000   1.496527726034   0.266938245462   1886.0000
 "MMM"    1.01878722   1.68888476   126.84573996   1.345730370111   0.727112437213   1887.0000
 "MMM"    1.07459714   1.84216124   103.00000000   1.554645720616   0.319245814313   1888.0000
 "MMM"    0.85249419   1.62205597   103.00000000   1.373822996293   0.298275982783   1889.0000
 "MMM"    0.96446195   1.85206389   143.65885907   0.956455926179   0.641103128203   1890.0000
 "MMM"    0.96105346   1.69171888   103.00000000   1.478979769131   0.302591152654   189.0000
 "MMM"    0.96446195   1.54799143   134.75154814   1.232319631180   1.059285067751   1891.0000
 "MMM"    0.76822683   1.68888476   117.46060494   1.225226679695   0.264366278942   1892.0000
 "MMM"    0.96446195   1.72444112   103.20606282   1.476148021555   0.280657525809   1893.0000
 "MMM"    0.99987487   1.68888476   74.47850369   1.319225186711   -0.299710899150   1894.0000
 "MMM"    1.00463704   1.68062023   103.00000000   1.524532294740   0.346500140578   1895.0000
 "MMM"    1.19673052   1.68888476   87.62382530   1.658947676330   0.080993006953   1896.0000
 "MMM"    0.96446195   1.93655078   122.72030498   1.285722683685   0.529829174487   1897.0000
 "MMM"    1.36999468   1.68888476   114.95469293   1.598789178661   0.674144709763   1898.0000
 "MMM"    0.84848609   1.63389818   103.00000000   1.367929224899   0.275908301804   1899.0000
 "MMM"    0.90599085   1.46140686   103.00000000   1.468686816908   0.712688465899   1900.0000
 "MMM"    1.21546648   1.58725847   103.00000000   1.716231101263   0.527860478511   190.0000
 "MMM"    1.00946195   1.68888476   103.00000000   1.527349076163   0.341958848616   19.0000
 "MMM"    0.96446195   1.89533342   125.79771978   1.254981276324   0.547478350564   1901.0000
 "MMM"    1.11170528   1.68888476   107.67934888   1.598946736173   0.494590635517   1902.0000
 "MMM"    1.34589068   1.68888476   89.56888590   1.756209154414   0.124952206443   1903.0000
 "MMM"    0.87713349   1.68888476   127.04249122   1.233481262973   0.513482455247   1904.0000
 "MMM"    1.05163338   1.68888476   95.18476367   1.564477558937   0.214700602551   1905.0000
 "MMM"    0.96446195   1.61947375   140.59197354   1.106138923024   0.927634287152   1906.0000
 "MMM"    0.96446195   1.64434072   125.12933864   1.342268785306   0.697508014416   1907.0000
 "MMM"    1.13445689   1.63378895   103.00000000   1.651471234645   0.463173360816   1908.0000
 "MMM"    1.07651699   1.68888476   82.00137447   1.496576340028   -0.083405845406   1909.0000
 "MMM"    1.25333330   1.78616953   103.00000000   1.680244420765   0.411733988217   1910.0000
 "MMM"    0.89712833   1.73160081   103.00000000   1.407982128320   0.210821178293   191.0000
 "MMM"    0.87802843   1.68888476   109.61425027   1.376893769053   0.325812425778   1911.0000
 "MMM"    1.08451071   1.85646757   103.00000000   1.560149108902   0.326067543853   1912.0000
 "MMM"    1.13133896   1.67747940   103.00000000   1.636110505101   0.419900383271   1913.0000
 "MMM"    1.06556981   1.68888476   121.38153535   1.447674574294   0.702464749039   1914.0000
 "MMM"    0.96446195   1.77344167   133.08971680   1.184745333725   0.621471340742   1915.0000
 "MMM"    0.83376070   1.68888476   99.57969103   1.346134576454   0.139695830939   1916.0000
 "MMM"    0.96446195   1.51771113   116.63253236   1.464605618297   0.841292339374   1917.0000
 "MMM"    0.99593678   1.51680552   103.00000000   1.560194440200   0.610097947444   1918.0000
 "MMM"    0.90868082   2.00156239   103.00000000   1.399833823051   0.188168368918   1919.0000
 "MMM"    1.05414418   1.68888476   93.94619394   1.563131832853   0.189896090494   1920.0000
 "MMM"    1.14018532   1.68888476   117.38406251   1.537890276956   0.695264991934   192.0000
 "MMM"    0.96446195   1.59301542   129.18693825   1.304919785813   0.856126579802   1921.0000
 "MMM"    1.06964812   1.68888476   104.58515432   1.578506154765   0.410919386201   1922.0000
 "MMM"    0.88956023   1.76569518   103.00000000   1.396635496745   0.180003756360   1923.0000
 "MMM"    0.92791619   1.68888476   109.70289256   1.426580379306   0.381154245998   1924.0000
 "MMM"    0.96446195   1.57193490   138.06073185   1.167906499905   1.033322656626   1925.0000
 "MMM"    1.48441239   1.70846417   103.00000000   1.680323576737   0.356098971123   1926.0000
 "MMM"    0.96446195   1.87347481   81.34676414   1.397259791446   -0.199526380127   1927.0000
 "MMM"    1.13224827   1.98359086   103.00000000   1.577894253457   0.386717260952   1928.0000
 "MMM"    0.96446195   1.67942134   74.27739270   1.283393268911   -0.299777229901   1929.0000
 "MMM"    0.96446195   1.80018490   121.73269302   1.334314599391   0.503039953167   1930.0000
 "MMM"    0.96446195   1.49306374   107.19265715   1.523858022517   0.733866667800   193.0000
 "MMM"    1.42054179   1.65448823   103.00000000   1.711873983341   0.400988653841   1931.0000
 "MMM"    0.91549842   1.68888476   124.63068640   1.294227348451   0.552602243447   1932.0000
 "MMM"    1.21745975   1.68888476   117.68008580   1.565930245515   0.738767228349   1933.0000
 "MMM"    0.93125067   1.52469471   103.00000000   1.483407677803   0.554966684469   1934.0000
 "MMM"    1.20551955   1.55196415   103.00000000   1.722359198452   0.577722592311   1935.0000
 "MMM"    0.79687002   1.68888476   152.21635974   0.751478857430   0.369218920969   1936.0000
 "MMM"    0.86109584   1.68888476   106.39046391   1.369982480249   0.263731517092   1937.0000
 "MMM"    0.90705656   1.68888476   99.28222975   1.424028339243   0.199158474276   1938.0000
 "MMM"    0.96446195   1.60286644   107.65300938   1.491746384437   0.501438969304   1939.0000
 "MMM"    0.96446195   1.79536341   79.57980884   1.368952439132   -0.226415423576   1940.0000
 "MMM"    0.96446195   1.63810273   127.41119356   1.315155728625   0.737789313053   194.0000
 "MMM"    0.96446195   1.86923062   89.02850415   1.446509317552   -0.035777007712   1941.0000
 "MMM"    1.10973885   1.68888476   111.85080001   1.570516342031   0.572820514661   1942.0000
 "MMM"    0.82912640   1.95618218   103.00000000   1.330572384328   0.082281210750   1943.0000
 "MMM"    1.18276080   1.68888476   118.70294410   1.542129185209   0.744508655218   1944.0000
 "MMM"    0.82361064   1.73688562   103.00000000   1.332498886362   0.131022689315   1945.0000
 "MMM"    0.96446195   1.80012682   110.12078604   1.435742329265   0.349161034152   1946.0000
 "MMM"    1.13725617   1.68888476   65.77221504   1.261010790089   -0.640989288091   1947.0000
 "MMM"    1.20695272   1.68888476   123.32142037   1.487319507730   0.844436299674   1948.0000
 "MMM"    0.96446195   2.22350636   86.65032140   1.476842543854   -0.000092383116   1949.0000
 "MMM"    1.10674786   1.95444840   103.00000000   1.563366255299   0.358489547870   1950.0000
 "MMM"    1.24206753   1.68888476   97.84864592   1.714803370795   0.326074496717   195.0000
 "MMM"    0.80482687   1.68888476   133.59380651   1.089824089353   0.417783912710   1951.0000
 "MMM"    0.93535877   2.09199386   103.00000000   1.421415098634   0.258058853740   1952.0000
 "MMM"    0.95208293   1.68888476   137.71099498   1.128587348013   0.728018685970   1953.0000
 "MMM"    0.96446195   1.60050544   100.01007827   1.502013031614   0.369501882428   1954.0000
 "MMM"    0.86293383   1.91843779   103.00000000   1.361583451891   0.116918127748   1955.0000
 "MMM"    0.96446195   1.53833751   128.06219782   1.336065734837   0.981879260190   1956.0000
 "MMM"    0.96446195   1.60541249   58.09329492   0.943331382698   -0.785615717350   1957.0000
 "MMM"    1.19757022   1.80263478   103.00000000   1.648492774788   0.392814835810   1958.0000
 "MMM"    0.96446195   1.76506566   124.26591041   1.314638545247   0.547828430580   1959.0000
 "MMM"    0.96446195   1.85547200   110.88065852   1.420507333498   0.350228160968   1960.0000
 "MMM"    0.96446195   1.87399011   127.99957324   1.229577623747   0.563323816931   196.0000
 "MMM"    0.99187245   1.68888476   85.89964491   1.451245237844   -0.011316894162   1961.0000
 "MMM"    0.94814726   1.66737313   103.00000000   1.470369337789   0.318087189852   1962.0000
 "MMM"    1.18891749   1.68888476   109.75921092   1.633349809624   0.570179781878   1963.0000
 "MMM"    0.88201163   1.64583640   103.00000000   1.403344849531   0.289277567436   1964.0000
 "MMM"    1.17003312   1.55727363   103.00000000   1.701158884808   0.572263276683   1965.0000
 "MMM"    0.96446195   1.60180264   91.69355075   1.473996482271   0.205695673823   1966.0000
 "MMM"    0.96446195   1.57982887   117.87489797   1.436864962116   0.714411564368   1967.0000
 "MMM"    1.15521930   1.68888476   122.73178436   1.479146807914   0.803172874091   1968.0000
 "MMM"    1.02408287   1.53988003   103.00000000   1.582929631032   0.571302601531   1969.0000
 "MMM"    1.06166205   1.68888476   133.53592946   1.266680055601   0.873400527315   1970.0000
 "MMM"    0.96446195   1.75143658   90.97520461   1.454655930909   0.039007534826   197.0000
 "MMM"    1.10154522   1.83491565   103.00000000   1.576954248795   0.338565849915   1971.0000
 "MMM"    0.96446195   1.70293918   62.96851716   1.089533862825   -0.662284601963   1972.0000
 "MMM"    0.99464972   1.65854487   103.00000000   1.519714697726   0.363250865490   1973.0000
 "MMM"    0.80966531   1.67305368   103.00000000   1.322001414672   0.182628691842   1974.0000
 "MMM"    0.83012804   1.71477944   103.00000000   1.340676436973   0.157687689627   1975.0000
 "MMM"    0.89787936   1.68888476   132.35933482   1.178300345805   0.589390573749   1976.0000
 "MMM"    1.12827346   1.68888476   101.24737613   1.634731835623   0.373658055556   1977.0000
 "MMM"    1.11069434   1.49542363   103.00000000   1.680504348315   0.691295020945   1978.0000
 "MMM"    0.77695441   1.66523408   103.00000000   1.287354355733   0.158129400493   1979.0000
 "MMM"    0.96446195   1.96280260   127.31109344   1.214339555492   0.602211828402   1980.0000
 "MMM"    1.25333876   1.69060467   103.00000000   1.703300267704   0.438867770864   198.0000
 "MMM"    0.92952275   1.62514346   103.00000000   1.458761503118   0.359323561734   1981.0000
 "MMM"    1.02605921   1.68888476   110.45499371   1.514440560508   0.485770378680   1982.0000
 "MMM"    1.10735148   1.70034079   103.00000000   1.611247113152   0.391541721113   1983.0000
 "MMM"    0.96446195   1.87630273   103.12445382   1.455755344204   0.225864721949   1984.0000
 "MMM"    0.96480764   1.48120843   103.00000000   1.535803054194   0.686953258384   1985.0000
 "MMM"    0.96446195   1.62583713   113.75434737   1.455144974012   0.563920901902   1986.0000
 "MMM"    1.02322956   1.68888476   118.20984879   1.451279684615   0.608927685322   1987.0000
 "MMM"    0.94784180   1.88382915   103.00000000   1.440543325135   0.207316781349   1988.0000
 "MMM"    0.96446195   1.85263851   137.17496345   1.084016335489   0.624375684102   1989.0000
 "MMM"    0.95120904   1.82663250   103.00000000   1.449314081931   0.216539841994   1990.0000
 "MMM"    0.84832028   1.68888476   57.75852674   0.939367886949   -0.766127960190   199.0000
 "MMM"    0.80347613   1.68888476   92.07785292   1.294098382689   -0.001574605858   1991.0000
 "MMM"    1.00788217   1.57329491   103.00000000   1.555640843405   0.497873904915   1992.0000
 "MMM"    0.93775425   1.68888476   82.24110180   1.361486614701   -0.113897338722   1993.0000
 "MMM"    1.23807889   1.68888476   104.20293495   1.691528757417   0.464514991839   1994.0000
 "MMM"    1.04916275   1.68888476   102.95286985   1.564580588057   0.367374971013   1995.0000
 "MMM"    0.96446195   1.79638654   97.55789935   1.469722935533   0.143044152943   1996.0000
 "MMM"    0.96446195   1.70810911   85.35777655   1.418214988531   -0.049745211603   1997.0000
 "MMM"    0.96446195   1.82878018   79.90477287   1.377228780630   -0.226864704346   1998.0000
 "MMM"    0.96446195   1.83293029   80.00919185   1.378892140320   -0.225193569312   1999.0000
 "MMM"    1.09938985   1.68888476   123.07433518   1.447285670580   0.763103664394   2000.0000
 "MMM"    0.96446195   1.59407480   104.25655079   1.502238251333   0.457223211353   200.0000
 "MMM"    0.91446195   1.68888476   103.00000000   1.431612115317   0.265869072344   20.0000
 "MMM"    0.95946195   1.68888476   103.00000000   1.477902477981   0.304089548615   2.0000
 "MMM"    0.87481585   1.68888476   103.55375371   1.389432566599   0.237415654261   2001.0000
 "MMM"    0.96446195   1.81958225   122.43092912   1.320541664563   0.505687691257   2002.0000
 "MMM"    0.90231321   1.68702371   103.00000000   1.419182529141   0.256904643335   2003.0000
 "MMM"    0.97013558   1.68888476   125.66306678   1.325892103708   0.644763361418   2004.0000
 "MMM"    0.92098840   1.55808027   103.00000000   1.463339642978   0.473027462287   2005.0000
 "MMM"    0.90990751   1.60510396   103.00000000   1.440973194201   0.375779518349   2006.0000
 "MMM"    0.89203417   2.04443712   103.00000000   1.385114913830   0.186521079725   2007.0000
 "MMM"    1.03044163   1.68888476   87.42983550   1.503075052064   0.037498389708   2008.0000
 "MMM"    1.13750082   1.72383617   103.00000000   1.628085625089   0.391007893827   2009.0000
 "MMM"    1.13582141   1.68888476   73.99684151   1.434378375715   -0.321201145321   2010.0000
 "MMM"    0.96446195   1.87532437   81.22337779   1.396496745454   -0.202396423644   201.0000
 "MMM"    0.96446195   2.09003578   86.45035895   1.458114739394   -0.057042621588   2011.0000
 "MMM"    0.82990468   1.68888476   115.05841893   1.300496427435   0.330747843977   2012.0000
 "MMM"    0.96446195   1.72277198   108.61108022   1.459572061360   0.369575277864   2013.0000
 "MMM"    0.96446195   1.42339957   116.01704163   1.494803960537   1.125630235064   2014.0000
 "MMM"    1.30789198   1.81292626   103.00000000   1.693518099178   0.420932776682   2015.0000
 "MMM"    1.07157079   1.68888476   129.36888079   1.341064368824   0.830145070189   2016.0000
 "MMM"    0.95283071   1.68888476   90.20975154   1.442028487451   0.063188373989   2017.0000
 "MMM"    0.96446195   1.93280835   115.50485364   1.368383834812   0.430222717362   2018.0000
 "MMM"    0.96446195   1.62862722   78.35143224   1.338962914548   -0.139458890922   2019.0000
 "MMM"    0.93666589   1.68888476   90.76011059   1.428195101454   0.065328051536   2020.0000
 "MMM"    0.92149994   1.68888476   80.75982510   1.329675933814   -0.153188320722   202.0000
 "MMM"    1.26959530   1.64522099   103.00000000   1.720564872639   0.466143146858   2021.0000
 "MMM"    1.08259055   2.00186803   103.00000000   1.541118845607   0.356399901010   2022.0000
 "MMM"    1.00313371   1.68888476   66.28779036   1.174204930996   -0.558370790762   2023.0000
 "MMM"    0.96446195   2.12783427   105.33227374   1.431751340765   0.356681425550   2024.0000
 "MMM"    0.96446195   1.71357652   143.10698439   1.023528605994   0.740598622090   2025.0000
 "MMM"    1.06192263   2.03973287   103.00000000   1.523086079066   0.355306011028   2026.0000
 "MMM"    0.96446195   1.93494422   127.61888414   1.217207475558   0.586171741218   2027.0000
 "MMM"    0.84361890   1.69430293   103.00000000   1.356459984767   0.192556394622   2028.0000
 "MMM"    0.84797738   1.70117844   103.00000000   1.360421523786   0.189700962001   2029.0000
 "MMM"    0.96446195   1.70779343   119.67144650   1.383221505297   0.541085245896   2030.0000
 "MMM"    0.91960947   1.40021095   103.00000000   1.504361286561   0.930743813250   203.0000
 "MMM"    0.96446195   2.03078551   122.79691425   1.264576286450   0.598774685675   2031.0000
 "MMM"    1.10577518   1.68888476   108.85586919   1.587966467775   0.513844863212   2032.0000
 "MMM"    0.96446195   1.92505993   96.67766056   1.463551676583   0.113130790148   2033.0000
 "MMM"    1.09096235   1.68888476   59.89608213   1.084685731923   -0.868469202589   2034.0000
 "MMM"    0.96446195   1.57360008   70.56214545   1.204334612438   -0.292222504565   2035.0000
 "MMM"    0.93479225   1.68888476   76.08930079   1.284656076391   -0.262544812167   2036.0000
 "MMM"    0.96446195   1.73295471   118.49456410   1.387431371191   0.502662089432   2037.0000
 "MMM"    0.84933912   1.77605561   103.00000000   1.355824645174   0.131847386174   2038.0000
 "MMM"    0.87943636   1.68888476   115.47725798   1.346010912674   0.401135217026   2039.0000
 "MMM"    0.91992683   1.68888476   100.79413161   1.438377440061   0.234776257557   2040.0000
 "MMM"    0.96136443   1.68888476   68.68396639   1.189840916579   -0.469477278669   204.0000
 "MMM"    1.06960801   2.04788727   103.00000000   1.528313288280   0.365611043574   2041.0000
 "MMM"    0.96446195   1.59822232   103.39685918   1.502289930591   0.434830387895   2042.0000
 "MMM"    0.87524337   1.85475531   103.00000000   1.375777657384   0.132612237056   2043.0000
 "MMM"    1.19471953   1.68888476   117.19126835   1.564484607441   0.720664831604   2044.0000
 "MMM"    0.92666516   1.68888476   139.87665140   1.073125058868   0.689432375867   2045.0000
 "MMM"    0.77999841   1.68675634   103.00000000   1.289785480596   0.133874841697   2046.0000
 "MMM"    0.96446195   1.51634616   98.75516433   1.522111431585   0.513812782605   2047.0000
 "MMM"    1.06922569   1.68888476   86.24150884   1.532108058246   0.021804684488   2048.0000
 "MMM"    0.96446195   1.53673810   110.96638235   1.495990682655   0.692513649002   2049.0000
 "MMM"    1.18828044   1.77081449   103.00000000   1.650220357237   0.394271959561   2050.0000
 "MMM"    1.04462798   1.68888476   76.06147023   1.384922259711   -0.252211956895   205.0000
 "MMM"    0.96446195   1.56822583   73.78311990   1.264573695198   -0.182616432228   2051.0000
 "MMM"    0.96446195   1.63187267   102.34918551   1.495297429688   0.364455700651   2052.0000
 "MMM"    0.96446195   1.58600449   109.13181784   1.490680571740   0.556777435171   2053.0000
 "MMM"    0.96446195   1.68170939   111.30310943   1.455473627950   0.450317170066   2054.0000
 "MMM"    1.09780835   1.70672681   103.00000000   1.601893466346   0.382133364747   2055.0000
 "MMM"    1.04461365   1.77743891   103.00000000   1.541155704917   0.310760343966   2056.0000
 "MMM"    0.96446195   1.96240096   102.46064690   1.451364123499   0.225841517563   2057.0000
 "MMM"    1.26979066   1.68888476   93.69581626   1.730335662831   0.231878020454   2058.0000
 "MMM"    1.00452502   1.68888476   110.96963456   1.492433237579   0.475570626851   2059.0000
 "MMM"    1.09888987   1.68888476   124.36842253   1.429635154814   0.783872701091   2060.0000
 "MMM"    0.96446195   2.00720852   112.44642222   1.385345625655   0.416743560186   206.0000
 "MMM"    1.04024066   1.66127760   103.00000000   1.563251296396   0.389789911849   2061.0000
 "MMM"    1.44655322   1.68195309   103.00000000   1.700270073834   0.380703090847   2062.0000
 "MMM"    0.96446195   1.52932738   92.74283651   1.495975688907   0.363403327760   2063.0000
 "MMM"    1.20445158   1.68888476   102.75297270   1.681661594946   0.428349725770   2064.0000
 "MMM"    0.96446195   1.67452329   102.62611899   1.486183123881   0.316528708524   2065.0000
 "MMM"    1.08172657   1.52051213   103.00000000   1.646151323754   0.631548799686   2066.0000
 "MMM"    0.96446195   1.78604378   116.37354801   1.392696279531   0.442420878599   2067.0000
 "MMM"    0.96446195   1.73055166   119.66873750   1.376642917528   0.519655700544   2068.0000
 "MMM"    0.96446195   1.77609634   110.00136829   1.441265491158   0.357028535942   2069.0000
 "MMM"    0.96446195   1.62514900   67.45707323   1.152330053439   -0.458572223889   2070.0000
 "MMM"    0.99137116   1.87475582   103.00000000   1.480091449841   0.249242757122   207.0000
 "MMM"    1.05383262   1.95621452   103.00000000   1.523386696749   0.317069330622   2071.0000
 "MMM"    1.37229828   1.79819331   103.00000000   1.705439076395   0.418457322434   2072.0000
 "MMM"    0.98371373   1.86331139   103.00000000   1.474634282224   0.242398328704   2073.0000
 "MMM"    1.02507488   1.54028714   103.00000000   1.583826459919   0.570881180904   2074.0000
 "MMM"    1.10887389   1.68888476   68.92823517   1.309890413306   -0.499411015352   2075.0000
 "MMM"    1.08152696   1.68888476   106.03090902   1.583264163395   0.445612627524   2076.0000
 "MMM"    0.88140468   1.66055778   103.00000000   1.400628984468   0.268985138839   2077.0000
 "MMM"    0.96446195   1.66212846   141.74112255   1.069545108363   0.833219291931   2078.0000
 "MMM"    1.00154365   1.68888476   88.48204079   1.481413595479   0.049870674783   2079.0000
 "MMM"    0.96446195   1.68880056   128.85731632   1.278824187453   0.672127199410   2080.0000
 "MMM"    1.40149156   1.68888476   118.73187847   1.529622011593   0.734491195246   208.0000
 "MMM"    0.90735530   1.74478330   103.00000000   1.416707485627   0.210956148748   2081.0000
 "MMM"    1.29751602   1.61109486   103.00000000   1.734475954575   0.486067599101   2082.0000
 "MMM"    1.02183922   1.68888476   136.38766763   1.194385213561   0.844013507285   2083.0000
 "MMM"    0.96446195   1.71200415   72.66406864   1.264265219389   -0.366951429391   2084.0000
 "MMM"    0.84383160   1.73583738   103.00000000   1.353209385278   0.153538979783   2085.0000
 "MMM"    1.17594994   1.68888476   104.86069578   1.656190588899   0.465449793338   2086.0000
 "MMM"    0.81993957   1.68888476   132.89838955   1.111053945807   0.444998919593   2087.0000
 "MMM"    0.95751782   2.04535664   103.00000000   1.440146807597   0.258542150899   2088.0000
 "MMM"    0.96446195   2.01873455   89.34203385   1.458622142589   -0.015335781813   2089.0000
 "MMM"    0.96446195   1.73636046   79.18717204   1.357091215863   -0.210974392974   2090.0000
 "MMM"    0.96446195   1.72190713   128.19724998   1.276944969258   0.624530914024   209.0000
 "MMM"    1.11429671   1.94468005   103.00000000   1.569906996435   0.361107894123   2091.0000
 "MMM"    0.96446195   1.72703342   132.18648352   1.215953566548   0.655530812161   2092.0000
 "MMM"    1.00426408   1.99375695   103.00000000   1.480740429479   0.284409901739   2093.0000
 "MMM"    0.96446195   1.57938412   90.81817221   1.472691768203   0.224388567756   2094.0000
 "MMM"    1.03818917   1.59228187   103.00000000   1.580665618343   0.480917856403   2095.0000
 "MMM"    0.96446195   1.64918894   59.73430300   0.999873402259   -0.752332375461   2096.0000
 "MMM"    0.95530338   1.90758325   103.00000000   1.445230662206   0.216108186530   2097.0000
 "MMM"    0.96446195   2.21533616   97.49602710   1.471413422605   0.241976859968   2098.0000
 "MMM"    0.96446195   1.84510091   106.46530762   1.446998650611   0.282814040712   2099.0000
 "MMM"    0.78060785   1.89382411   103.00000000   1.286931902853   0.016428406364   2100.0000
 "MMM"    1.12181052   1.68888476   107.10575159   1.609290866770   0.488728408593   210.0000
 "MMM"    1.01446195   1.68888476   103.00000000   1.532143033496   0.345462109142   21.0000
 "MMM"    0.96446195   1.81052381   72.27832029   1.282500343949   -0.411823653523   2101.0000
 "MMM"    1.06044084   1.68888476   80.52528286   1.462988080677   -0.125429998059   2102.0000
 "MMM"    1.11038088   1.68888476   97.62412643   1.622322202632   0.290980653485   2103.0000
 "MMM"    0.75421666   1.85093400   103.00000000   1.262437541037   -0.010933645085   2104.0000
 "MMM"    1.04955943   1.68888476   133.00272154   1.269450618378   0.849124422673   2105.0000
 "MMM"    1.12261376   1.68888476   62.28822706   1.164360799688   -0.787068966936   2106.0000
 "MMM"    0.98656616   1.68888476   139.63161558   1.113799050722   0.808776023972   2107.0000
 "MMM"    0.93884844   1.61450267   103.00000000   1.471099837829   0.382884543512   2108.0000
 "MMM"    0.96446195   1.63298294   80.51265234   1.367650764757   -0.089578600364   2109.0000
 "MMM"    0.87734865   1.68888476   113.54300192   1.356422039460   0.375237964407   2110.0000
 "MMM"    0.96446195   1.98395521   124.81717548   1.245934307950   0.587705577050   211.0000
 "MMM"    0.96446195   1.70750182   95.52124038   1.475121169659   0.157186021107   2111.0000
 "MMM"    0.96446195   1.71894771   83.46547319   1.401258245976   -0.099841149446   2112.0000
 "MMM"    0.92588376   1.68888476   113.99550488   1.400584006837   0.439450005982   2113.0000
 "MMM"    1.03713820   1.68176541   103.00000000   1.555197483679   0.367202368466   2114.0000
 "MMM"    0.99497724   1.68888476   116.63948624   1.442715123307   0.554915670939   2115.0000
 "MMM"    1.04578269   1.68888476   122.69612616   1.418460841176   0.701713851561   2116.0000
 "MMM"    0.99221450   1.80433629   103.00000000   1.489939370796   0.259769454650   2117.0000
 "MMM"    0.75970935   1.58825850   103.00000000   1.271081276954   0.268794491727   2118.0000
 "MMM"    0.91956849   1.83397104   103.00000000   1.419010783313   0.183593342287   2119.0000
 "MMM"    1.07189898   1.68888476   89.61168237   1.559587821226   0.101621415813   2120.0000
 "MMM"    1.06625704   1.93248936   103.00000000   1.535564680146   0.321270701700   212.0000
 "MMM"    0.96446195   1.74497714   79.53035644   1.361994432387   -0.207286921856   2121.0000
 "MMM"    0.95136196   1.68888476   60.14291241   1.020932405146   -0.747336569516   2122.0000
 "MMM"    0.96446195   1.84546671   80.94312226   1.389555009734   -0.205815531342   2123.0000
 "MMM"    0.96446195   1.97003364   90.34502269   1.457253684254   -0.004575917156   2124.0000
 "MMM"    0.96446195   1.84915404   106.27453353   1.447265368639   0.279317622384   2125.0000
 "MMM"    0.87774720   1.68888476   112.72279263   1.361553103649   0.365580370125   2126.0000
 "MMM"    0.99718283   1.68888476   58.05275774   0.996356484063   -0.859484159290   2127.0000
 "MMM"    0.90056932   1.51496351   103.00000000   1.448775751449   0.558336481384   2128.0000
 "MMM"    0.96850555   1.64283311   103.00000000   1.496584698027   0.364007963276   2129.0000
 "MMM"    0.96446195   1.84954774   106.76540646   1.444985392939   0.287133313013   2130.0000
 "MMM"    1.30378478   1.68888476   123.66263475   1.485086959185   0.870656506519   213.0000
 "MMM"    0.96446195   1.82187263   78.51623054   1.361849892388   -0.258019400722   2131.0000
 "MMM"    0.95373825   1.77986304   103.00000000   1.457546216267   0.234549652351   2132.0000
 "MMM"    0.96446195   1.73823363   83.83917132   1.405422205860   -0.103718841484   2133.0000
 "MMM"    1.19629661   1.79530414   103.00000000   1.649364308778   0.393074902487   2134.0000
 "MMM"    1.32622663   1.69460302   103.00000000   1.720741399193   0.432039329151   2135.0000
 "MMM"    0.96446195   1.61887339   112.41408896   1.465423833993   0.553872422182   2136.0000
 "MMM"    0.84968973   1.76072815   103.00000000   1.357262023489   0.141569957937   2137.0000
 "MMM"    1.02474412   1.94477476   103.00000000   1.501188072828   0.288692140207   2138.0000
 "MMM"    0.96446195   1.68190204   82.30417121   1.388644688309   -0.097433809457   2139.0000
 "MMM"    1.20909114   1.68888476   110.97941963   1.632618121012   0.601150019749   2140.0000
 "MMM"    0.96446195   1.76842914   78.88455280   1.357585676236   -0.233537852281   214.0000
 "MMM"    1.07092143   1.68888476   69.12629941   1.282887133314   -0.480192918105   2141.0000
 "MMM"    0.89720792   1.58227534   103.00000000   1.430863315429   0.406709924252   2142.0000
 "MMM"    1.09602483   1.68888476   124.72654005   1.423125371593   0.786836819203   2143.0000
 "MMM"    0.95396771   1.92638732   103.00000000   1.442647569311   0.217163434994   2144.0000
 "MMM"    1.20554706   1.68888476   95.08721689   1.693488202845   0.260194029103   2145.0000
 "MMM"    0.76994870   1.68888476   57.38029807   0.910904709921   -0.745707989749   2146.0000
 "MMM"    0.96446195   1.56492253   64.07194315   1.064385732555   -0.508618570818   2147.0000
 "MMM"    0.96446195   2.06942547   102.68362890   1.446863599973   0.270950676511   2148.0000
 "MMM"    0.98378558   2.24119036   103.00000000   1.463123909297   0.403554564958   2149.0000
 "MMM"    1.12708828   1.68993559   103.00000000   1.629411347855   0.408320462632   2150.0000
 "MMM"    0.87630346   2.17667477   103.00000000   1.375410837963   0.243519638913   215.0000
 "MMM"    0.96446195   1.54482967   56.32005904   0.872933011855   -0.797964548681   2151.0000
 "MMM"    0.96446195   1.40986273   112.72121832   1.522343860605   1.108203559163   2152.0000
 "MMM"    1.16429794   1.78499438   103.00000000   1.631855164304   0.380960260570   2153.0000
 "MMM"    0.96446195   2.11022163   85.06601947   1.455950006051   -0.080893114612   2154.0000
 "MMM"    1.05324011   1.66007393   103.00000000   1.575605250129   0.398664701557   2155.0000
 "MMM"    1.19494691   1.73661275   103.00000000   1.662559844691   0.407184563053   2156.0000
 "MMM"    1.31832276   1.55126685   103.00000000   1.744524231456   0.531965645043   2157.0000
 "MMM"    0.96446195   1.74193353   85.94300399   1.423197961453   -0.059720504792   2158.0000
 "MMM"    0.95341799   2.00893966   103.00000000   1.437794083984   0.239156669293   2159.0000
 "MMM"    0.96446195   1.77005331   121.85072882   1.341778621677   0.517990660643   2160.0000
 "MMM"    0.98715142   1.68888476   133.73877092   1.219594965659   0.758661410943   216.0000
 "MMM"    0.96446195   1.60761113   82.68752306   1.394944109034   -0.002864625091   2161.0000
 "MMM"    0.96446195   1.60636637   112.87837957   1.466040613401   0.582569974559   2162.0000
 "MMM"    0.84254157   1.66364175   103.00000000   1.358214980652   0.228077527081   2163.0000
 "MMM"    1.24899587   1.68793827   103.00000000   1.702274481001   0.440025940239   2164.0000
 "MMM"    1.10880558   1.68888476   71.97857528   1.372089082788   -0.387419039796   2165.0000
 "MMM"    0.96446195   1.81896323   79.86234232   1.375312010814   -0.225883026564   2166.0000
 "MMM"    0.96446195   1.87670884   67.40419217   1.233925441278   -0.544170171576   2167.0000
 "MMM"    0.90223804   1.68888476   130.31204918   1.211046490163   0.582230773147   2168.0000
 "MMM"    0.83495172   1.68888476   114.51381998   1.308800933912   0.331774395082   2169.0000
 "MMM"    0.96446195   1.76586257   102.23927751   1.471130769449   0.238135705502   2170.0000
 "MMM"    0.96446195   2.02127510   115.38419726   1.355413170584   0.474041617542   217.0000
 "MMM"    0.96446195   1.84842539   132.33108467   1.170236300853   0.595185441135   2171.0000
 "MMM"    0.96446195   1.96796358   115.58054341   1.361477421219   0.446337830061   2172.0000
 "MMM"    1.14427357   1.68888476   110.84433290   1.600481484059   0.573208641549   2173.0000
 "MMM"    0.83406658   1.68888476   76.50875475   1.201220803175   -0.276837355481   2174.0000
 "MMM"    0.91360438   1.68888476   84.29745443   1.357119592783   -0.078215429623   2175.0000
 "MMM"    1.08370900   1.91504291   103.00000000   1.551094575680   0.331359980051   2176.0000
 "MMM"    1.08630361   1.75190113   103.00000000   1.581637384907   0.349569643283   2177.0000
 "MMM"    0.95460688   1.68888476   105.33803371   1.468567292398   0.338975880507   2178.0000
 "MMM"    0.96446195   1.56409186   105.92626605   1.506890138996   0.543017458912   2179.0000
 "MMM"    0.96446195   1.66574042   129.09400209   1.283156623617   0.709702555905   2180.0000
 "MMM"    0.96446195   1.90175558   107.76807920   1.432611806459   0.304165942426   218.0000
 "MMM"    0.96446195   1.53898896   88.39560753   1.462863527671   0.249458423912   2181.0000
 "MMM"    1.19980568   1.87066895   103.00000000   1.636299001891   0.396124164941   2182.0000
 "MMM"    1.54436442   1.65582077   103.00000000   1.618672443788   0.283032554902   2183.0000
 "MMM"    0.96446195   1.74782255   127.88959951   1.272510493463   0.597070927541   2184.0000
 "MMM"    0.83790300   1.69212330   103.00000000   1.350614181143   0.189128253951   2185.0000
 "MMM"    0.96446195   1.85949724   116.53723739   1.373564519098   0.430158119842   2186.0000
 "MMM"    0.88127084   1.68888476   89.29797040   1.361315386517   0.004725757547   2187.0000
 "MMM"    1.15591882   1.59446671   103.00000000   1.679512528591   0.516438353908   2188.0000
 "MMM"    0.96446195   1.67430297   90.79820236   1.458918390858   0.095214220204   2189.0000
 "MMM"    0.96446195   1.73868746   85.76591864   1.421758510108   -0.061623678050   2190.0000
 "MMM"    0.96446195   1.65114517   119.54832107   1.401036913134   0.611125547272   219.0000
 "MMM"    0.96446195   1.68065203   115.59404780   1.426952351468   0.515376347184   2191.0000
 "MMM"    0.96446195   1.65220161   132.63051206   1.234896612327   0.772264946892   2192.0000
 "MMM"    0.98252267   2.20055822   103.00000000   1.460632957094   0.373299130668   2193.0000
 "MMM"    1.20854771   1.68888476   88.61498563   1.674345605271   0.107048532944   2194.0000
 "MMM"    1.04594156   1.68888476   126.08294728   1.374360818233   0.751547404817   2195.0000
 "MMM"    0.97334869   1.68888476   125.57516431   1.329485441720   0.648312476522   2196.0000
 "MMM"    1.25824286   1.82157755   103.00000000   1.674810536993   0.412569549810   2197.0000
 "MMM"    1.41652685   1.68888476   94.94670578   1.758833116731   0.226689631615   2198.0000
 "MMM"    0.87764237   1.68888476   107.49701803   1.384094405271   0.296655616978   2199.0000
 "MMM"    0.96446195   1.89355351   120.64037094   1.321907533958   0.487450251097   2200.0000
 "MMM"    0.98003474   1.65505842   103.00000000   1.505747117955   0.356994561306   220.0000
 "MMM"    0.90946195   1.68888476   103.00000000   1.426395362271   0.261395259253   22.0000
 "MMM"    0.98214011   1.68888476   84.40610437   1.427770299024   -0.048861616360   2201.0000
 "MMM"    0.83099766   1.90404126   103.00000000   1.332853574316   0.078406190435   2202.0000
 "MMM"    0.75731597   1.68888476   118.35405641   1.208817018730   0.254558646776   2203.0000
 "MMM"    1.11573811   1.70980930   103.00000000   1.615360193865   0.389152705965   2204.0000
 "MMM"    1.30935791   1.68888476   86.37384495   1.728406866436   0.049220270362   2205.0000
 "MMM"    1.02840909   1.58145703   103.00000000   1.574239174717   0.494077050072   2206.0000
 "MMM"    0.86013407   1.68888476   85.04514593   1.309397376127   -0.088801032615   2207.0000
 "MMM"    1.10143434   1.79956256   103.00000000   1.583568517560   0.343273749700   2208.0000
 "MMM"    1.28222941   1.68888476   103.53516181   1.710485176978   0.451288957577   2209.0000
 "MMM"    0.90402115   1.68888476   119.16220668   1.340038053353   0.476659755755   2210.0000
 "MMM"    0.95927528   1.68888476   104.23313402   1.475712550728   0.324710110039   221.0000
 "MMM"    0.88506124   1.68888476   108.71843042   1.387556756789   0.321507056605   2211.0000
 "MMM"    0.96446195   1.57091191   79.20196692   1.352323555774   -0.033554284714   2212.0000
 "MMM"    0.96446195   1.87096749   94.99044652   1.463516773714   0.080483353605   2213.0000
 "MMM"    1.26953612   1.68888476   94.51502145   1.730649468216   0.250881496022   2214.0000
 "MMM"    0.96446195   1.79908086   131.18537562   1.206036545023   0.594361388044   2215.0000
 "MMM"    1.34732368   1.56998869   103.00000000   1.738091222151   0.493796181580   2216.0000
 "MMM"    0.92953400   1.94643442   103.00000000   1.419989130869   0.195373057867   2217.0000
 "MMM"    1.06386579   1.82650901   103.00000000   1.548573879561   0.312808598270   2218.0000
 "MMM"    0.96446195   1.57650367   103.58779219   1.507563628614   0.476835907549   2219.0000
 "MMM"    1.34316424   1.62672813   103.00000000   1.732935085840   0.456645479575   2220.0000
 "MMM"    1.05784017   1.68888476   130.11882655   1.321571755524   0.822972326332   222.0000
 "MMM"    0.96585357   1.56968693   103.00000000   1.511394605599   0.479978426018   2221.0000
 "MMM"    0.96446195   1.84527714   71.10611284   1.276238239934   -0.445913829741   2222.0000
 "MMM"    1.10189533   1.68888476   100.12129280   1.614821692474   0.339398160887   2223.0000
 "MMM"    1.06670487   1.57068197   103.00000000   1.614830466553   0.529543907832   2224.0000
 "MMM"    1.09370903   1.64778125   103.00000000   1.614716832026   0.432442387664   2225.0000
 "MMM"    0.96446195   1.72710510   117.54889411   1.397809187334   0.495160947641   2226.0000
 "MMM"    0.89015336   1.90043741   103.00000000   1.387078637366   0.146643162207   2227.0000
 "MMM"    0.95586056   1.68888476   89.78753172   1.442655182412   0.056199873085   2228.0000
 "MMM"    1.30694386   1.51257259   103.00000000   1.749195851985   0.586606515400   2229.0000
 "MMM"    0.96446195   1.91930210   97.37656106   1.463401054743   0.125613526742   2230.0000
 "MMM"    0.98017984   1.68888476   91.80600057   1.479301754671   0.109840813633   223.0000
 "MMM"    0.85560633   1.54030268   103.00000000   1.389052824582   0.462171925319   2231.0000
 "MMM"    1.19564023   1.68888476   123.80736150   1.477387785880   0.847979083288   2232.0000
 "MMM"    1.10848280   1.75940265   103.00000000   1.597616221845   0.359545253733   2233.0000
 "MMM"    1.19890790   1.64587300   103.00000000   1.690021183866   0.465135791471   2234.0000
 "MMM"    1.22196343   1.68888476   77.35231272   1.569651095178   -0.214489661588   2235.0000
 "MMM"    0.96446195   1.55084223   116.29754454   1.457947235700   0.752570975029   2236.0000
 "MMM"    1.09741815   1.68888476   114.51303895   1.540245717656   0.613296824334   2237.0000
 "MMM"    0.96446195   1.72818070   144.01835342   0.999226158310   0.720466721352   2238.0000
 "MMM"    0.96446195   1.69019247   122.51137741   1.358579418306   0.597007723021   2239.0000
 "MMM"    1.05930012   1.68888476   124.34191075   1.406484234256   0.741703780318   2240.0000
 "MMM"    0.88175499   1.66200667   103.00000000   1.400809648125   0.267451128484   224.0000
 "MMM"    1.46631328   1.68888476   95.04684842   1.744899624717   0.202012691453   2241.0000
 "MMM"    0.78545502   1.57555618   103.00000000   1.301447080991   0.320690050141   2242.0000
 "MMM"    1.00019283   2.17022020   103.00000000   1.473482489270   0.370522870345   2243.0000
 "MMM"    0.96446195   1.73805227   99.08558058   1.476773195225   0.199723059527   2244.0000
 "MMM"    1.05906546   1.68888476   107.31272854   1.559069137361   0.455211672321   2245.0000
 "MMM"    1.01143953   1.68888476   91.16999074   1.508218485232   0.111967680551   2246.0000
 "MMM"    0.84728973   1.68888476   71.81765965   1.153698751165   -0.382039031114   2247.0000
 "MMM"    1.09469203   1.68888476   123.08464467   1.444483200852   0.758806941298   2248.0000
 "MMM"    0.96248277   1.95343934   103.00000000   1.448233147917   0.231228813129   2249.0000
 "MMM"    1.18977782   1.51906224   103.00000000   1.724971559082   0.635765132873   2250.0000
 "MMM"    1.31360365   1.68748834   103.00000000   1.720556448905   0.436808938025   225.0000
 "MMM"    0.87488681   1.67550658   103.00000000   1.391683342032   0.244473647400   2251.0000
 "MMM"    0.96446195   1.87167154   100.85155288   1.461728135912   0.186811552433   2252.0000
 "MMM"    1.26110727   1.61328372   103.00000000   1.726247585904   0.493613511205   2253.0000
 "MMM"    1.20005098   1.80556697   103.00000000   1.649283180616   0.393564933635   2254.0000
 "MMM"    0.96446195   1.91181299   97.60510533   1.463468424682   0.129235075820   2255.0000
 "MMM"    0.94328695   1.56615672   103.00000000   1.487019982690   0.472079177930   2256.0000
 "MMM"    1.01116721   1.96550809   103.00000000   1.488332110198   0.281799689842   2257.0000
 "MMM"    1.39511636   1.68888476   99.78401741   1.739616923193   0.341477490994   2258.0000
 "MMM"    1.08513834   1.86714605   103.00000000   1.558954374940   0.326760019849   2259.0000
 "MMM"    1.23358705   1.68888476   124.65545705   1.471372653013   0.880814536973   2260.0000
 "MMM"    1.33726915   1.82364627   103.00000000   1.697875845554   0.424292086657   226.0000
 "MMM"    1.10769901   1.81308031   103.00000000   1.585709480764   0.344841842900   2261.0000
 "MMM"    0.96446195   1.74905589   89.85520080   1.449004649572   0.017871410857   2262.0000
 "MMM"    1.32666918   1.68888476   87.90553018   1.744011277354   0.086759493519   2263.0000
 "MMM"    0.84136178   1.68888476   83.14187533   1.274802765905   -0.135912928055   2264.0000
 "MMM"    1.04202770   1.91333973   103.00000000   1.518483491784   0.297414050553   2265.0000
 "MMM"    0.86916535   1.99191153   103.00000000   1.365650453663   0.139720878499   2266.0000
 "MMM"    0.96446195   2.12971681   93.21302718   1.472381121123   0.103454579337   2267.0000
 "MMM"    0.80759458   1.68888476   120.21257388   1.241669331442   0.346488509274   2268.0000
 "MMM"    1.16821239   1.68888476   84.51210608   1.609727083651   -0.002949401173   2269.0000
 "MMM"    0.97222654   1.68888476   113.26162730   1.448730492531   0.480132711671   2270.0000
 "MMM"    0.96446195   1.96044984   118.46760025   1.332145591263   0.485166292591   227.0000
 "MMM"    0.96446195   1.80738903   73.33687185   1.296170594801   -0.383590366418   2271.0000
 "MMM"    0.96446195   1.82937228   104.58624569   1.456545632577   0.254852702536   2272.0000
 "MMM"    0.96446195   1.59652402   112.34821112   1.471892545676   0.591511023505   2273.0000
 "MMM"    0.97064994   1.99812532   103.00000000   1.452712511192   0.252921826032   2274.0000
 "MMM"    1.04228098   1.68888476   114.19090690   1.502087743192   0.562861474149   2275.0000
 "MMM"    1.16196380   1.68888476   125.89395847   1.435782306283   0.864569465699   2276.0000
 "MMM"    0.96446195   1.64190051   65.61575915   1.120109990063   -0.536001210119   2277.0000
 "MMM"    0.96446195   1.94272951   76.84960326   1.369635351797   -0.300366938994   2278.0000
 "MMM"    0.86998495   1.68888476   99.64728191   1.384891552312   0.173650165823   2279.0000
 "MMM"    0.96446195   1.49536151   81.62290211   1.397321711031   0.187334580285   2280.0000
 "MMM"    1.05510547   1.60900127   103.00000000   1.591851935446   0.463607168336   228.0000
 "MMM"    0.96446195   1.66742103   106.26100245   1.480486599806   0.386067265387   2281.0000
 "MMM"    0.96446195   1.51338385   88.55000187   1.470401905555   0.309857509518   2282.0000
 "MMM"    1.12329372   1.68888476   88.97995353   1.604261476985   0.101648433539   2283.0000
 "MMM"    0.96446195   1.87241752   92.71039564   1.459296200126   0.036860091037   2284.0000
 "MMM"    0.85174803   1.72305444   103.00000000   1.362384263612   0.172617351130   2285.0000
 "MMM"    0.96446195   1.99850268   89.71905397   1.457815906230   -0.012073321598   2286.0000
 "MMM"    1.07833096   2.03010774   103.00000000   1.535847189119   0.364752215760   2287.0000
 "MMM"    0.96446195   1.65306910   92.23824906   1.469142119131   0.147342118644   2288.0000
 "MMM"    0.96446195   1.75151986   107.22515186   1.459611469014   0.327658354279   2289.0000
 "MMM"    0.96446195   1.61871891   84.93596510   1.418239607587   0.034475832777   2290.0000
 "MMM"    0.99373301   1.68888476   91.74533809   1.493030323562   0.115508378276   229.0000
 "MMM"    0.98270969   1.68888476   55.07220166   0.926543565298   -0.962529128016   2291.0000
 "MMM"    1.06981308   1.68888476   78.71759411   1.448056165409   -0.174004730831   2292.0000
 "MMM"    0.96446195   1.71314233   67.47194066   1.177615682283   -0.520436349738   2293.0000
 "MMM"    0.93791510   1.72263815   103.00000000   1.450413682895   0.255688538916   2294.0000
 "MMM"    0.96446195   1.74653523   77.32299493   1.335839905158   -0.262172953415   2295.0000
 "MMM"    0.90446883   1.68888476   107.16722035   1.412662920805   0.319951427879   2296.0000
 "MMM"    0.96446195   1.61829040   86.43101773   1.432476739640   0.068890122608   2297.0000
 "MMM"    0.96446195   1.70052399   138.48637014   1.118025890209   0.737932074889   2298.0000
 "MMM"    1.12263222   1.91599775   103.00000000   1.579538704351   0.359737798342   2299.0000
 "MMM"    1.30320111   1.68888476   122.33473536   1.506637119524   0.843981222683   2300.0000
 "MMM"    0.96446195   1.74487273   66.10745449   1.164162770052   -0.574108650122   230.0000
 "MMM"    1.01946195   1.68888476   103.00000000   1.536905225606   0.348911782657   23.0000
 "MMM"    1.06196069   1.68888476   100.48939747   1.579460905549   0.327120039690   2301.0000
 "MMM"    0.96446195   2.07061822   95.39865341   1.467116238499   0.125372373341   2302.0000
 "MMM"    0.96446195   1.65502998   99.50586244   1.490217943482   0.283474120718   2303.0000
 "MMM"    0.96446195   1.54679753   112.98917415   1.481947276270   0.704825328033   2304.0000
 "MMM"    0.96446195   1.70278745   108.81795525   1.463053381631   0.390157252091   2305.0000
 "MMM"    0.99843710   1.68888476   108.00967037   1.501961204561   0.421043423816   2306.0000
 "MMM"    0.96446195   1.61590463   90.50988961   1.464381710964   0.160154168979   2307.0000
 "MMM"    0.82285187   1.76025567   103.00000000   1.330389187209   0.112631536191   2308.0000
 "MMM"    0.81335053   1.68888476   75.85590983   1.176261281949   -0.297730019841   2309.0000
 "MMM"    1.12868629   1.68888476   88.14737824   1.603675410901   0.082855109106   2310.0000
 "MMM"    0.85908112   1.68888476   84.91264730   1.307268683661   -0.091953208900   231.0000
 "MMM"    1.11328100   1.75389913   103.00000000   1.602586159484   0.364465195791   2311.0000
 "MMM"    0.96446195   2.07305406   108.45688732   1.412021414420   0.384025524463   2312.0000
 "MMM"    0.76088120   1.57421729   103.00000000   1.272932067952   0.298982722076   2313.0000
 "MMM"    0.96446195   1.45651994   78.18016412   1.352510871504   0.196931999483   2314.0000
 "MMM"    1.02427979   1.69367216   103.00000000   1.540357839705   0.347897423263   2315.0000
 "MMM"    0.95323920   1.68888476   130.01007458   1.254044052028   0.665822836439   2316.0000
 "MMM"    0.82165187   1.68888476   129.81650053   1.153366336040   0.434501071408   2317.0000
 "MMM"    1.44963535   1.68888476   100.52553984   1.718787670959   0.327371553330   2318.0000
 "MMM"    1.06939898   1.68888476   113.02190184   1.532391781362   0.565487942190   2319.0000
 "MMM"    1.24113868   1.68888476   92.98380285   1.713326214110   0.214885235578   2320.0000
 "MMM"    0.89243821   1.43906689   103.00000000   1.456865271167   0.776610412128   232.0000
 "MMM"    0.96446195   1.55128977   54.39362082   0.829895743857   -0.888289572367   2321.0000
 "MMM"    1.19356212   1.77806571   103.00000000   1.651669219495   0.394730404774   2322.0000
 "MMM"    0.75874094   1.73562793   103.00000000   1.266814137843   0.058635927481   2323.0000
 "MMM"    0.92118052   1.83629484   103.00000000   1.420309066350   0.184751418622   2324.0000
 "MMM"    0.85188938   1.73099910   103.00000000   1.361845185343   0.165948033296   2325.0000
 "MMM"    0.96446195   1.76552398   120.78529134   1.354892571741   0.508130141432   2326.0000
 "MMM"    0.88045283   1.80920713   103.00000000   1.383844728882   0.149938531143   2327.0000
 "MMM"    1.11591659   1.68888476   122.83806987   1.459358761745   0.774109020804   2328.0000
 "MMM"    0.96446195   1.52333449   83.26500565   1.412988651350   0.163295955553   2329.0000
 "MMM"    0.96446195   1.84557468   97.43254129   1.466261860137   0.128413796449   2330.0000
 "MMM"    0.96446195   1.91921784   75.92479295   1.354776840201   -0.324210211013   233.0000
 "MMM"    1.20210188   1.55640554   103.00000000   1.719331058686   0.571503616106   2331.0000
 "MMM"    1.12461313   1.68888476   146.89962233   1.011984910289   1.134031146471   2332.0000
 "MMM"    0.96446195   1.66332821   106.58684237   1.480432745376   0.396308626480   2333.0000
 "MMM"    0.96446195   1.67751262   65.07571185   1.121061409032   -0.579134478814   2334.0000
 "MMM"    0.96446195   2.01883346   121.93291376   1.278459840094   0.575443020122   2335.0000
 "MMM"    0.96446195   1.65794813   111.66827486   1.459422232816   0.484700795116   2336.0000
 "MMM"    0.96446195   1.58274031   136.87517631   1.186103700973   0.986093523669   2337.0000
 "MMM"    1.14663303   1.68888476   119.05510760   1.522222890941   0.730314263356   2338.0000
 "MMM"    0.96446195   1.75629947   93.59112258   1.464923813756   0.087378450554   2339.0000
 "MMM"    0.94525290   1.53269034   103.00000000   1.497785420936   0.545076385515   2340.0000
 "MMM"    1.29168253   1.64034640   103.00000000   1.727118838607   0.465803253135   234.0000
 "MMM"    0.93066645   1.90497431   103.00000000   1.423482763631   0.190595841671   2341.0000
 "MMM"    0.83081465   1.72951793   103.00000000   1.340344498607   0.144996625281   2342.0000
 "MMM"    1.14988262   1.81463607   103.00000000   1.615843095026   0.369323293535   2343.0000
 "MMM"    0.96446195   2.03451609   92.02417501   1.464823068017   0.044208443473   2344.0000
 "MMM"    0.96446195   1.92043373   130.82320774   1.171033076167   0.609135704626   2345.0000
 "MMM"    1.08982259   1.70937656   103.00000000   1.594661883483   0.375984711779   2346.0000
 "MMM"    1.05617626   1.89449357   103.00000000   1.532193934772   0.306557700955   2347.0000
 "MMM"    0.96978272   1.50618127   103.00000000   1.533872495817   0.623118672843   2348.0000
 "MMM"    0.88261661   1.79231743   103.00000000   1.387325934154   0.159075899753   2349.0000
 "MMM"    0.96446195   1.75926667   139.23520307   1.081894501690   0.667057067050   2350.0000
 "MMM"    0.93925365   1.68888476   89.64178613   1.424353120029   0.044559544040   235.0000
 "MMM"    0.96446195   1.84181835   125.56292558   1.274045853765   0.536388730802   2351.0000
 "MMM"    0.93028622   1.44791845   103.00000000   1.503574397183   0.769221335176   2352.0000
 "MMM"    1.47726584   1.68490912   103.00000000   1.683006818412   0.357631320193   2353.0000
 "MMM"    0.94382710   1.68888476   103.26907181   1.461631978463   0.295697691563   2354.0000
 "MMM"    1.45842044   1.58457748   103.00000000   1.679076861426   0.378545305023   2355.0000
 "MMM"    0.96446195   1.90468243   74.33673593   1.333738750951   -0.363329291589   2356.0000
 "MMM"    0.96446195   1.72899713   106.42144632   1.467011627987   0.330131829260   2357.0000
 "MMM"    1.14452138   1.68888476   97.86082710   1.650428154198   0.307951091562   2358.0000
 "MMM"    1.15379119   1.68888476   104.40590561   1.643973441140   0.448502492902   2359.0000
 "MMM"    1.28488280   1.75316583   103.00000000   1.699291678312   0.420393373207   2360.0000
 "MMM"    0.96446195   1.41897428   103.39650231   1.555866085228   0.889612428663   236.0000
 "MMM"    0.71141396   1.76256557   103.00000000   1.220566364974   -0.021393152254   2361.0000
 "MMM"    0.96446195   1.72306670   109.72556063   1.454141560547   0.386550195876   2362.0000
 "MMM"    0.80543774   1.68888476   97.86205032   1.313662248761   0.088127736590   2363.0000
 "MMM"    1.03305459   1.68888476   81.66899531   1.449936760712   -0.100665966217   2364.0000
 "MMM"    0.91335011   2.07818732   103.00000000   1.403145136217   0.226763062448   2365.0000
 "MMM"    1.10625626   1.55216668   103.00000000   1.656225774356   0.574131634332   2366.0000
 "MMM"    1.01996096   1.48534347   103.00000000   1.597255560548   0.698687256202   2367.0000
 "MMM"    0.74792095   1.86714895   103.00000000   1.256871666402   -0.022447181951   2368.0000
 "MMM"    0.96446195   1.69829993   73.76953220   1.278679077656   -0.327665653877   2369.0000
 "MMM"    1.07343656   1.47239669   103.00000000   1.656473305623   0.745246373806   2370.0000
 "MMM"    1.01828762   1.68888476   80.65574509   1.423307861955   -0.129764778139   237.0000
 "MMM"    0.95242916   2.16246765   103.00000000   1.436131492596   0.317512702050   2371.0000
 "MMM"    1.09535054   1.74321465   103.00000000   1.590963057291   0.359118933624   2372.0000
 "MMM"    0.73395707   1.47099632   103.00000000   1.243170074930   0.544036279749   2373.0000
 "MMM"    1.09267797   1.68888476   132.81949476   1.294236621970   0.905873501955   2374.0000
 "MMM"    1.26678070   1.48629015   103.00000000   1.754503506441   0.658213644257   2375.0000
 "MMM"    1.17986171   1.68888476   127.87125109   1.409725080434   0.912616802361   2376.0000
 "MMM"    0.85913192   1.68888476   137.67342797   1.066893747780   0.540048259572   2377.0000
 "MMM"    1.35179296   1.74178685   103.00000000   1.713985842786   0.418576463516   2378.0000
 "MMM"    1.29173850   1.84181016   103.00000000   1.683310851559   0.422284580997   2379.0000
 "MMM"    1.19514679   1.74881132   103.00000000   1.659610620785   0.402905300133   2380.0000
 "MMM"    0.96446195   1.81099665   139.27432164   1.060833646961   0.635240167217   238.0000
 "MMM"    0.96446195   1.72355825   99.02784350   1.478702612706   0.208858491055   2381.0000
 "MMM"    0.99022338   1.94726744   103.00000000   1.472299001450   0.257175696826   2382.0000
 "MMM"    0.96446195   1.63284822   131.52974909   1.258256935221   0.798230389474   2383.0000
 "MMM"    0.99875037   1.68888476   122.69170837   1.384171297510   0.645604631971   2384.0000
 "MMM"    0.96446195   1.77765698   110.28856276   1.439299169147   0.360590002398   2385.0000
 "MMM"    0.96446195   1.79127350   121.60909499   1.338302147577   0.504938197759   2386.0000
 "MMM"    1.03624830   1.79584290   103.00000000   1.530533938970   0.298336494054   2387.0000
 "MMM"    1.10632672   1.68888476   88.13711630   1.582814811545   0.077275221400   2388.0000
 "MMM"    1.46055032   1.68888476   95.57188210   1.744660089259   0.216653294486   2389.0000
 "MMM"    0.89473916   2.01338465   103.00000000   1.387615563001   0.176779052772   2390.0000
 "MMM"    0.96446195   1.54535859   127.99084795   1.335114983185   0.960875203654   239.0000
 "MMM"    1.17009170   1.68612089   103.00000000   1.660815128717   0.426783876943   2391.0000
 "MMM"    0.99273860   1.68888476   115.38426620   1.451283872572   0.533663619236   2392.0000
 "MMM"    1.01655854   1.46837618   103.00000000   1.599687197420   0.743939716300   2393.0000
 "MMM"    0.96446195   1.77081793   123.32811751   1.324307130532   0.534199720946   2394.0000
 "MMM"    0.96446195   1.60766069   63.80148143   1.071371457717   -0.568925013548   2395.0000
 "MMM"    1.04986770   1.40471485   103.00000000   1.660096867631   0.948368312337   2396.0000
 "MMM"    0.94416665   2.02401103   103.00000000   1.429536667030   0.235324743126   2397.0000
 "MMM"    1.09907770   1.68888476   147.15856154   0.999907077838   1.090997733567   2398.0000
 "MMM"    0.96446195   1.66221249   97.61292064   1.486374029598   0.240387986479   2399.0000
 "MMM"    0.99804675   1.68888476   105.20838410   1.511495725664   0.372735850000   2400.0000
 "MMM"    0.99192832   1.95035785   103.00000000   1.473499600401   0.259553661159   240.0000
 "MMM"    0.90446195   1.68888476   103.00000000   1.421167146665   0.256877560162   24.0000
 "MMM"    1.04198618   1.62614999   103.00000000   1.574423082495   0.433078310202   2401.0000
 "MMM"    0.96446195   1.64410240   68.31708651   1.173728120489   -0.448130426255   2402.0000
 "MMM"    0.96446195   1.84281086   71.26007157   1.277621006207   -0.441767688611   2403.0000
 "MMM"    1.12219170   1.81763947   103.00000000   1.595639323610   0.353222320174   2404.0000
 "MMM"    1.13190548   1.94037593   103.00000000   1.582719990896   0.372152138522   2405.0000
 "MMM"    0.79633710   1.61386003   103.00000000   1.311352381206   0.258045961339   2406.0000
 "MMM"    0.96446195   1.89634363   114.25174619   1.386760659049   0.402297714640   2407.0000
 "MMM"    0.96446195   1.84448543   77.02923818   1.349941612101   -0.296908116206   2408.0000
 "MMM"    0.96446195   1.57793828   108.37071361   1.495810645140   0.558914205506   2409.0000
 "MMM"    0.96446195   1.56516920   72.08588235   1.233033278262   -0.230212962639   2410.0000
 "MMM"    1.04526772   1.68888476   86.48615373   1.510375712382   0.020567257866   241.0000
 "MMM"    0.96446195   2.09039881   87.50061005   1.461401672604   -0.034174250743   2411.0000
 "MMM"    1.06921171   1.68888476   145.91467517   1.019763115465   1.021933514281   2412.0000
 "MMM"    1.11101581   1.82554245   103.00000000   1.585835241268   0.345474571161   2413.0000
 "MMM"    0.96962987   1.65173530   103.00000000   1.495803622929   0.353450500704   2414.0000
 "MMM"    0.98128314   2.03696812   103.00000000   1.459922773008   0.279090386124   2415.0000
 "MMM"    1.11869325   1.68888476   82.08437139   1.538291486948   -0.074647566087   2416.0000
 "MMM"    1.19749761   1.68137166   103.00000000   1.678907166813   0.437069807677   2417.0000
 "MMM"    1.17123137   1.54007766   103.00000000   1.707682792922   0.600809035262   2418.0000
 "MMM"    0.96446195   1.74355162   124.44902117   1.319144510603   0.565210135929   2419.0000
 "MMM"    0.96446195   1.53182072   136.11907749   1.213159158507   1.132467685768   2420.0000
 "MMM"    0.98624567   1.56598865   103.00000000   1.534724636161   0.499471996590   242.0000
 "MMM"    0.96446195   1.82446708   107.66513664   1.444585869225   0.305118102103   2421.0000
 "MMM"    1.00317187   1.68888476   104.03323208   1.519323274130   0.355957737080   2422.0000
 "MMM"    0.93129360   1.68888476   132.11416508   1.206776345599   0.647526472758   2423.0000
 "MMM"    0.96446195   1.78632762   81.40439538   1.386264867943   -0.181161886583   2424.0000
 "MMM"    0.89972453   1.82666589   103.00000000   1.400901163830   0.164824881935   2425.0000
 "MMM"    0.96446195   1.84638004   73.39419085   1.306985008221   -0.386803785147   2426.0000
 "MMM"    0.91781922   1.77619822   103.00000000   1.423327156492   0.202346941662   2427.0000
 "MMM"    0.86508860   1.40056999   103.00000000   1.429315224824   0.898657182713   2428.0000
 "MMM"    1.11204216   1.86143867   103.00000000   1.580240280644   0.345320469132   2429.0000
 "MMM"    0.86093248   1.68888476   88.05622535   1.332221304033   -0.030858523955   2430.0000
 "MMM"    1.08296168   1.68888476   71.43276273   1.338885465514   -0.401735703593   243.0000
 "MMM"    1.07896460   1.82824679   103.00000000   1.560501041340   0.323572000037   2431.0000
 "MMM"    0.77536358   1.85072920   103.00000000   1.282065487851   0.015751575685   2432.0000
 "MMM"    1.17051460   1.68888476   128.07286690   1.403880270922   0.909375338709   2433.0000
 "MMM"    1.18365091   1.76894644   103.00000000   1.647850028399   0.392921714967   2434.0000
 "MMM"    0.96446195   1.70705381   91.67397994   1.460666993419   0.083136078728   2435.0000
 "MMM"    0.96446195   1.87136648   114.49063327   1.389614917401   0.402636761179   2436.0000
 "MMM"    0.87668594   1.68888476   104.93861684   1.389358982048   0.259481477120   2437.0000
 "MMM"    0.96446195   1.62493190   104.01424880   1.495132101888   0.403698662005   2438.0000
 "MMM"    0.96446195   1.69637308   85.49490689   1.419510240976   -0.037363909735   2439.0000
 "MMM"    0.91713090   1.68888476   124.45523938   1.297620967659   0.553272734546   2440.0000
 "MMM"    1.37496066   1.65919313   103.00000000   1.725006537366   0.426907934843   244.0000
 "MMM"    1.31621898   1.68888476   94.13376402   1.749963595487   0.238150819595   2441.0000
 "MMM"    1.02269776   1.68888476   112.17753277   1.500705040920   0.511844744554   2442.0000
 "MMM"    1.38188282   1.55961941   103.00000000   1.725819141910   0.472349989285   2443.0000
 "MMM"    1.24413182   1.68888476   111.63474370   1.638706091798   0.621900796618   2444.0000
 "MMM"    0.96446195   1.79771528   73.11766201   1.290758320877   -0.387417048970   2445.0000
 "MMM"    0.96446195   1.69539349   106.53551909   1.473523627700   0.360734620123   2446.0000
 "MMM"    1.05485060   1.42551501   103.00000000   1.656767882494   0.879868355840   2447.0000
 "MMM"    0.96446195   1.89372673   101.98520024   1.457441577584   0.206646739847   2448.0000
 "MMM"    0.97797367   1.67278413   103.00000000   1.499818367988   0.335207057729   2449.0000
 "MMM"    0.96446195   1.52283414   101.94511988   1.523124844975   0.559613195604   2450.0000
 "MMM"    1.07060218   1.64203701   103.00000000   1.596317913526   0.428051379911   245.0000
 "MMM"    1.00540346   1.92284630   103.00000000   1.487186546159   0.266530236469   2451.0000
 "MMM"    0.90099346   1.69267000   103.00000000   1.417003179556   0.249755314937   2452.0000
 "MMM"    0.96446195   1.67112579   94.81236082   1.477624198430   0.177811788005   2453.0000
 "MMM"    1.16882812   1.68888476   74.01639106   1.464996289194   -0.324739000702   2454.0000
 "MMM"    1.09226830   1.68888476   104.51353899   1.597636426701   0.422469024621   2455.0000
 "MMM"    0.93883788   1.92961770   103.00000000   1.429134634703   0.202080249784   2456.0000
 "MMM"    0.96446195   1.82071889   99.51863650   1.467656684774   0.170639442313   2457.0000
 "MMM"    0.96446195   1.60574304   102.55102929   1.501156398765   0.407306433213   2458.0000
 "MMM"    0.99192657   1.68888476   90.80745724   1.486188334989   0.095180966339   2459.0000
 "MMM"    0.96446195   1.65474845   95.67536598   1.482847183713   0.212566459296   2460.0000
 "MMM"    0.77040458   1.68888476   110.83738709   1.262411460934   0.207873558172   246.0000
 "MMM"    0.96446195   1.64862796   124.96762015   1.342897366639   0.688163739227   2461.0000
 "MMM"    0.76187528   1.68888476   64.72812482   1.005403418486   -0.559551194537   2462.0000
 "MMM"    0.97606009   1.73055422   103.00000000   1.486741001581   0.282350177939   2463.0000
 "MMM"    0.96446195   1.94067014   81.20851911   1.407039229449   -0.201478830505   2464.0000
 "MMM"    0.95299892   1.68888476   118.72941173   1.387817683509   0.535295823230   2465.0000
 "MMM"    1.00049677   1.68888476   78.54659646   1.379094032996   -0.187926886553   2466.0000
 "MMM"    1.07083683   1.68888476   97.90161885   1.587370438751   0.279689683397   2467.0000
 "MMM"    0.88421018   1.68888476   86.80914330   1.347593199825   -0.041310452551   2468.0000
 "MMM"    0.96446195   1.92921156   117.92091462   1.344415873982   0.463220591201   2469.0000
 "MMM"    0.97161914   1.68888476   84.60549323   1.418945779393   -0.048095347340   2470.0000
 "MMM"    0.82234158   1.96036056   103.00000000   1.324542016300   0.074846034630   247.0000
 "MMM"    0.96446195   1.65651281   95.90757142   1.483254910119   0.214925758412   2471.0000
 "MMM"    1.36352117   1.68888476   102.81440520   1.723818154253   0.419458601758   2472.0000
 "MMM"    0.96446195   1.87843206   90.03936181   1.451097529862   -0.016108761129   2473.0000
 "MMM"    0.96446195   1.81517009   85.45961496   1.422784753776   -0.100469022577   2474.0000
 "MMM"    1.07754552   1.68888476   111.97914349   1.546363239632   0.553117012552   2475.0000
 "MMM"    0.93344865   2.01052465   103.00000000   1.420835612964   0.218575459468   2476.0000
 "MMM"    0.96446195   1.53601932   88.58016257   1.465099810097   0.259813884010   2477.0000
 "MMM"    0.87030010   1.68888476   109.48777649   1.369537980205   0.315387222498   2478.0000
 "MMM"    1.07030822   1.72549119   103.00000000   1.574311273083   0.353956737142   2479.0000
 "MMM"    0.87838159   1.62466075   103.00000000   1.402429663297   0.317434627740   2480.0000
 "MMM"    0.95133151   1.68888476   100.76483933   1.471074797347   0.259350856575   248.0000
 "MMM"    0.96446195   1.57348067   79.18256104   1.351876410301   -0.038401924845   2481.0000
 "MMM"    0.79055527   1.68888476   91.19690217   1.276703849663   -0.025856532437   2482.0000
 "MMM"    1.00981251   1.68888476   93.75134251   1.518316359094   0.164717060965   2483.0000
 "MMM"    0.96446195   1.86417389   95.94948581   1.464675410456   0.098950917010   2484.0000
 "MMM"    1.43961231   1.79426042   103.00000000   1.697957508407   0.401362364869   2485.0000
 "MMM"    0.71079666   1.63632097   103.00000000   1.216836787897   0.127836660329   2486.0000
 "MMM"    0.96446195   1.71311009   117.90981154   1.398437808686   0.512647696484   2487.0000
 "MMM"    1.42580202   1.68888476   112.44044837   1.607778231784   0.590035921502   2488.0000
 "MMM"    1.07503483   2.04029921   103.00000000   1.532761120376   0.366625717772   2489.0000
 "MMM"    0.96446195   1.77950396   127.81512502   1.262936067577   0.574905685053   2490.0000
 "MMM"    0.96446195   1.56415881   135.72437022   1.211437793270   1.024547544575   249.0000
 "MMM"    1.06929095   1.62488030   103.00000000   1.600162287409   0.448565445029   2491.0000
 "MMM"    1.08395025   1.48250775   103.00000000   1.662323624722   0.720410873496   2492.0000
 "MMM"    0.84595900   1.94857979   103.00000000   1.345640415860   0.101130460621   2493.0000
 "MMM"    0.69428534   1.51511273   103.00000000   1.194666453201   0.373367465825   2494.0000
 "MMM"    0.96446195   1.72108496   99.58487088   1.479289457495   0.220626517253   2495.0000
 "MMM"    0.96446195   1.80711507   124.04118440   1.304471964211   0.526255184468   2496.0000
 "MMM"    0.88074000   1.68888476   77.51038728   1.254088312788   -0.240287193932   2497.0000
 "MMM"    0.96446195   1.81967267   108.97705413   1.438596718219   0.326416967388   2498.0000
 "MMM"    0.97968284   1.68888476   64.51666924   1.123515899078   -0.610176974259   2499.0000
 "MMM"    0.84345061   1.68888476   59.15113964   0.960525126238   -0.722421156488   2500.0000
 "MMM"    0.96323292   1.68888476   119.97192245   1.384742614872   0.564470045975   250.0000
 "MMM"    1.02446195   1.68888476   103.00000000   1.541634996587   0.352307290115   25.0000
 "MMM"    1.34057799   1.68888476   113.35669122   1.626313811207   0.651492901724   2501.0000
 "MMM"    0.96446195   1.68492681   125.29683009   1.327351271305   0.637565539661   2502.0000
 "MMM"    0.94490586   1.84532093   103.00000000   1.441481079933   0.206957898792   2503.0000
 "MMM"    0.99710915   1.68888476   113.12783254   1.471985189564   0.503263869169   2504.0000
 "MMM"    0.96446195   1.71877198   128.82095877   1.269227468367   0.634119442987   2505.0000
 "MMM"    0.68910470   1.89472567   103.00000000   1.205366477516   -0.104376220584   2506.0000
 "MMM"    1.35842899   1.79603111   103.00000000   1.705143189596   0.419599346907   2507.0000
 "MMM"    0.84756893   2.01047779   103.00000000   1.346806683474   0.120410002139   2508.0000
 "MMM"    0.85853236   1.95137558   103.00000000   1.356821189280   0.116597513393   2509.0000
 "MMM"    1.07538337   1.68888476   109.63418827   1.560215177436   0.509012072935   2510.0000
 "MMM"    0.97358087   1.79057027   103.00000000   1.474768603711   0.248021334541   251.0000
 "MMM"    1.09537676   1.69633052   103.00000000   1.602606952052   0.388455856510   2511.0000
 "MMM"    1.21603243   1.68888476   90.08769394   1.687374760039   0.143997015188   2512.0000
 "MMM"    0.90434404   1.91472975   103.00000000   1.399213946162   0.163256141499   2513.0000
 "MMM"    0.96446195   1.45470390   91.77225149   1.513092963077   0.537708454509   2514.0000
 "MMM"    0.99736405   1.68888476   99.25041417   1.517518660314   0.264734670219   2515.0000
 "MMM"    0.96446195   1.81200248   116.58330851   1.384348765155   0.436321893115   2516.0000
 "MMM"    0.96446195   1.60581151   109.93103153   1.481930687984   0.534961135560   2517.0000
 "MMM"    0.91520422   1.76511090   103.00000000   1.422060960997   0.205740635273   2518.0000
 "MMM"    0.96446195   1.67656657   125.37334577   1.329071441180   0.650027635382   2519.0000
 "MMM"    0.86021947   1.76035853   103.00000000   1.367843777022   0.152990974150   2520.0000
 "MMM"    0.96446195   2.01457220   94.03011225   1.465012240503   0.079315230970   252.0000
 "MMM"    0.96446195   2.06326401   117.16806419   1.330531992964   0.534897858082   2521.0000
 "MMM"    0.96446195   1.47473111   106.13228977   1.532388700062   0.765229737003   2522.0000
 "MMM"    0.96446195   1.68310914   146.00764680   0.973697474957   0.810422191483   2523.0000
 "MMM"    1.13418866   1.68397428   103.00000000   1.636397042822   0.415820731378   2524.0000
 "MMM"    0.75263968   1.68888476   105.28927932   1.258941296797   0.126826007223   2525.0000
 "MMM"    0.85199381   1.42609500   103.00000000   1.405467523434   0.794990030745   2526.0000
 "MMM"    0.96446195   1.64281739   105.08095490   1.489059163135   0.397018990433   2527.0000
 "MMM"    1.01517594   1.73580803   103.00000000   1.522850924724   0.309646239737   2528.0000
 "MMM"    0.96446195   1.79767753   98.38383370   1.469971427539   0.157417771109   2529.0000
 "MMM"    1.10781707   1.68888476   81.17609126   1.517032373305   -0.100973082832   2530.0000
 "MMM"    0.98655498   1.87526678   103.00000000   1.475813376359   0.244780490530   253.0000
 "MMM"    0.98601212   1.68888476   60.45685441   1.043337429995   -0.758872382823   2531.0000
 "MMM"    0.96722674   1.52519604   103.00000000   1.525252285302   0.575501319669   2532.0000
 "MMM"    1.00049905   1.68888476   116.12733162   1.451778157556   0.553114522575   2533.0000
 "MMM"    0.73164785   1.68888476   105.32716998   1.237319576251   0.101770647398   2534.0000
 "MMM"    0.96446195   1.80742151   109.26794293   1.439226307245   0.334047607609   2535.0000
 "MMM"    0.70146602   1.88425461   103.00000000   1.215698543970   -0.086466456720   2536.0000
 "MMM"    1.33296931   1.68888476   120.81364847   1.524467782459   0.808029828483   2537.0000
 "MMM"    0.96446195   1.85279745   119.91336436   1.340433541528   0.473202800992   2538.0000
 "MMM"    0.96446195   1.56142860   71.30429772   1.217666531889   -0.249179499292   2539.0000
 "MMM"    0.81741047   1.68888476   75.84494148   1.179539337638   -0.296639631285   2540.0000
 "MMM"    0.94257673   1.68888476   128.21154763   1.271179974222   0.630865970237   254.0000
 "MMM"    0.96446195   1.98469786   120.28203894   1.306062669029   0.525660510735   2541.0000
 "MMM"    0.93273536   1.70971475   103.00000000   1.447195155489   0.261973069768   2542.0000
 "MMM"    0.82492968   1.68888476   57.40886525   0.926860865607   -0.765367019590   2543.0000
 "MMM"    0.96446195   1.63245787   102.05290380   1.495323910845   0.358380280445   2544.0000
 "MMM"    1.18383877   1.78144680   103.00000000   1.645057104520   0.390227975806   2545.0000
 "MMM"    1.00139031   1.68888476   100.57532540   1.521748991547   0.292020081388   2546.0000
 "MMM"    0.96446195   1.84332838   115.06442815   1.390599286988   0.410781876648   2547.0000
 "MMM"    1.13885929   1.45793009   103.00000000   1.715511497020   0.780186011567   2548.0000
 "MMM"    1.02284717   1.68888476   126.72085855   1.350230516853   0.730870479050   2549.0000
 "MMM"    1.12565173   1.68888476   137.60331481   1.216714382758   1.016030655592   2550.0000
 "MMM"    0.94312786   1.68888476   60.21479400   1.018733275453   -0.739744888651   255.0000
 "MMM"    0.84606889   1.68888476   94.03081616   1.346854511539   0.063651877026   2551.0000
 "MMM"    1.04615210   1.89833265   103.00000000   1.523611111758   0.298774968601   2552.0000
 "MMM"    1.36575140   1.70551991   103.00000000   1.719931211234   0.419393591915   2553.0000
 "MMM"    0.96446195   1.84669910   84.80335482   1.420726458372   -0.120999352219   2554.0000
 "MMM"    0.95392093   1.68888476   132.32762171   1.219769101633   0.688719685191   2555.0000
 "MMM"    0.96446195   1.61711752   120.67313834   1.400072136998   0.684106277236   2556.0000
 "MMM"    0.96446195   1.66710503   142.61174491   1.050400734650   0.828040128791   2557.0000
 "MMM"    1.03417786   1.77907257   103.00000000   1.531731082293   0.302350324026   2558.0000
 "MMM"    1.27305364   1.66459904   103.00000000   1.716715302384   0.453049888954   2559.0000
 "MMM"    0.89110223   1.70801486   103.00000000   1.404684772604   0.225359539434   2560.0000
 "MMM"    1.17051702   1.68888476   109.61406540   1.624798086107   0.560586992434   256.0000
 "MMM"    0.80062055   1.68888476   80.87269027   1.215802558823   -0.200732017109   2561.0000
 "MMM"    1.02229874   1.73505163   103.00000000   1.529570643817   0.315417062343   2562.0000
 "MMM"    1.11437647   1.58323618   103.00000000   1.652213038182   0.524135958535   2563.0000
 "MMM"    1.19857274   1.88942292   103.00000000   1.632341350182   0.398788239647   2564.0000
 "MMM"    0.96446195   1.85500061   107.12777144   1.442461086607   0.292450094926   2565.0000
 "MMM"    0.96446195   1.78135198   102.74494164   1.468039934572   0.239334938180   2566.0000
 "MMM"    0.92506121   1.65991874   103.00000000   1.447495793398   0.308083791494   2567.0000
 "MMM"    1.09982466   1.68888476   74.38332874   1.408241776028   -0.304882367706   2568.0000
 "MMM"    0.95912798   1.65829881   103.00000000   1.483556670865   0.337462879284   2569.0000
 "MMM"    0.96446195   1.66530680   125.99387396   1.324871403001   0.674191554407   2570.0000
 "MMM"    0.90708504   1.59848820   103.00000000   1.439053433957   0.384921418038   257.0000
 "MMM"    0.93896650   1.54893387   103.00000000   1.486320464546   0.504849488713   2571.0000
 "MMM"    0.79828449   1.59867304   103.00000000   1.314647391851   0.287476504744   2572.0000
 "MMM"    0.91541315   1.40227383   103.00000000   1.498063242944   0.920877213498   2573.0000
 "MMM"    1.06497035   1.68888476   94.10153047   1.574095549805   0.197855571455   2574.0000
 "MMM"    0.96446195   1.69232317   72.94635452   1.264806921704   -0.346533319606   2575.0000
 "MMM"    1.06325742   1.96273041   103.00000000   1.530080203547   0.326883235043   2576.0000
 "MMM"    0.96446195   1.60150654   105.22772653   1.498658543974   0.461726356181   2577.0000
 "MMM"    0.96446195   2.05071636   117.84292083   1.324363819938   0.536325972557   2578.0000
 "MMM"    1.24605549   1.68888476   115.61109050   1.597287421557   0.704094987201   2579.0000
 "MMM"    0.96647664   1.53100496   103.00000000   1.522715673993   0.561648663116   2580.0000
 "MMM"    0.74324755   1.68888476   116.63261057   1.206768497586   0.220332700160   258.0000
 "MMM"    0.96446195   1.62339392   62.50196068   1.048784311343   -0.631125087732   2581.0000
 "MMM"    0.96446195   1.74269607   123.56743550   1.330123538419   0.556138615822   2582.0000
 "MMM"    0.94316985   1.68888476   92.10027520   1.441987544637   0.095211525799   2583.0000
 "MMM"    1.03159423   1.67264999   103.00000000   1.552249996328   0.372573528232   2584.0000
 "MMM"    0.85488350   1.68888476   93.14305997   1.352854308260   0.055504851058   2585.0000
 "MMM"    0.97516976   1.68888476   122.74876472   1.364978040940   0.615893334208   2586.0000
 "MMM"    1.19738190   1.68888476   83.48554433   1.625272828062   -0.028276939638   2587.0000
 "MMM"    0.93486317   1.50031958   103.00000000   1.494188338207   0.618626057286   2588.0000
 "MMM"    0.96446195   1.76957072   123.23898632   1.325757222392   0.533934481591   2589.0000
 "MMM"    0.96446195   1.49998117   119.68799842   1.442776720864   0.946262861819   2590.0000
 "MMM"    0.96446195   1.66435704   135.42477181   1.185067531061   0.777079975625   259.0000
 "MMM"    0.96446195   1.71319629   83.64888532   1.402843089994   -0.091643505511   2591.0000
 "MMM"    0.96446195   1.79853341   75.87790045   1.327033792284   -0.316977596186   2592.0000
 "MMM"    0.96446195   1.71949542   80.93395770   1.375362482863   -0.158848726628   2593.0000
 "MMM"    0.96446195   1.83088140   58.48581062   1.066763353189   -0.816541367231   2594.0000
 "MMM"    0.94517198   1.63771244   103.00000000   1.473094274399   0.353378986149   2595.0000
 "MMM"    1.01035393   1.68888476   112.65572844   1.486829766827   0.508413765296   2596.0000
 "MMM"    1.40189484   1.62826264   103.00000000   1.719494923995   0.420784706075   2597.0000
 "MMM"    0.96446195   1.86763045   89.42080913   1.448143682415   -0.027708003754   2598.0000
 "MMM"    1.00676208   1.68888476   129.37760925   1.301176888698   0.742038740752   2599.0000
 "MMM"    0.96446195   1.55305747   93.30566181   1.493049522459   0.325000546340   2600.0000
 "MMM"    0.96446195   1.43602255   111.09378012   1.524504526770   0.982870149369   260.0000
 "MMM"    0.89946195   1.68888476   103.00000000   1.415928496272   0.252316359367   26.0000
 "MMM"    0.96446195   1.77967558   137.90457401   1.098751375019   0.645140621548   2601.0000
 "MMM"    0.96446195   2.02530058   88.87547878   1.457999494725   -0.023475768957   2602.0000
 "MMM"    0.96446195   1.70060609   118.01505236   1.401007281041   0.526724923498   2603.0000
 "MMM"    0.96446195   1.59445225   144.61339566   1.031942686177   1.041185634128   2604.0000
 "MMM"    0.89019728   1.68888476   116.53594893   1.348683148030   0.427612490873   2605.0000
 "MMM"    1.02852060   1.72491923   103.00000000   1.537384047741   0.326534077625   2606.0000
 "MMM"    0.97642344   2.12748712   103.00000000   1.454646657534   0.320790085510   2607.0000
 "MMM"    0.71942060   1.68888476   106.57505446   1.222901318375   0.099275298042   2608.0000
 "MMM"    0.96446195   1.87161825   134.55727827   1.124126744294   0.614593065402   2609.0000
 "MMM"    0.97943405   1.68888476   128.28266982   1.297854846312   0.688673503096   2610.0000
 "MMM"    1.01708103   1.79460633   103.00000000   1.513870696102   0.283567383091   261.0000
 "MMM"    1.08697920   1.68888476   128.49620523   1.362916417622   0.835846638507   2611.0000
 "MMM"    0.96446195   2.05425172   90.00177593   1.463410866565   0.007959992248   2612.0000
 "MMM"    1.01674206   1.68888476   112.46448493   1.493656751683   0.511204459537   2613.0000
 "MMM"    0.96446195   1.55968916   113.75164747   1.473545455266   0.689063041620   2614.0000
 "MMM"    0.97627840   1.68888476   111.03170369   1.466289241355   0.450007430559   2615.0000
 "MMM"    0.79809770   2.01120242   103.00000000   1.303996602182   0.059389190834   2616.0000
 "MMM"    0.96446195   1.79512913   101.15824046   1.468792252066   0.206919280967   2617.0000
 "MMM"    0.96446195   1.53636281   141.69069442   1.107557399188   1.202454345521   2618.0000
 "MMM"    0.94449436   1.93091039   103.00000000   1.434031937117   0.208175521468   2619.0000
 "MMM"    1.11592230   1.54500958   103.00000000   1.666681578127   0.589025325896   2620.0000
 "MMM"    0.96446195   1.76553577   105.61458057   1.462958932420   0.294071106089   262.0000
 "MMM"    1.02043844   1.75121647   103.00000000   1.524670753763   0.304619770745   2621.0000
 "MMM"    1.18410704   1.68888476   89.61765004   1.660567157533   0.128837965947   2622.0000
 "MMM"    0.93319431   1.68888476   117.92578256   1.377365773984   0.500003532982   2623.0000
 "MMM"    0.98032908   1.68888476   79.64591553   1.373800561221   -0.163645083932   2624.0000
 "MMM"    1.04394915   1.68888476   110.94268889   1.526685018984   0.508883110496   2625.0000
 "MMM"    1.18968787   1.68325570   103.00000000   1.673825845089   0.434042553525   2626.0000
 "MMM"    1.15317255   1.68888476   74.53497178   1.460010902721   -0.304633685286   2627.0000
 "MMM"    0.96319421   1.56059083   103.00000000   1.510839825525   0.496195718920   2628.0000
 "MMM"    0.87667291   1.76422950   103.00000000   1.383954267770   0.167714762338   2629.0000
 "MMM"    0.96446195   1.68154343   88.74472405   1.445361620093   0.045707647321   2630.0000
 "MMM"    0.87629303   1.54880567   103.00000000   1.412512699008   0.459398413578   263.0000
 "MMM"    0.98174324   2.09650623   103.00000000   1.458969073836   0.308735316152   2631.0000
 "MMM"    0.96446195   1.63066048   125.32568030   1.344125768956   0.724475449436   2632.0000
 "MMM"    0.96446195   1.70557168   65.80814296   1.144765415440   -0.569530971129   2633.0000
 "MMM"    1.14769214   1.68888476   72.89146168   1.424591209033   -0.361756361029   2634.0000
 "MMM"    0.92140432   1.68888476   102.24265764   1.439497139550   0.259774919885   2635.0000
 "MMM"    1.02556826   1.68888476   115.59033174   1.477100138469   0.570185686453   2636.0000
 "MMM"    0.95327661   1.68888476   123.77443299   1.335462721887   0.598557806186   2637.0000
 "MMM"    1.19752129   1.67069104   103.00000000   1.681969253043   0.444661833830   2638.0000
 "MMM"    0.96446195   1.91844103   107.31046007   1.433090855416   0.299344543340   2639.0000
 "MMM"    1.00447639   1.68888476   88.83971390   1.486902585964   0.058900971077   2640.0000
 "MMM"    1.07181987   1.73895990   103.00000000   1.572499655983   0.347028162397   264.0000
 "MMM"    1.50591122   1.72228127   103.00000000   1.667230117295   0.343072254756   2641.0000
 "MMM"    1.03501285   1.68888476   72.67451393   1.320119905872   -0.354628988200   2642.0000
 "MMM"    1.37307429   1.68888476   88.94113590   1.762559296836   0.103578013407   2643.0000
 "MMM"    1.21921077   1.67810273   103.00000000   1.691463383793   0.442987841282   2644.0000
 "MMM"    0.96446195   1.72755482   83.47899843   1.401683627449   -0.105247341673   2645.0000
 "MMM"    1.12108523   1.49802330   103.00000000   1.687828727484   0.685624276905   2646.0000
 "MMM"    0.79917827   1.68888476   121.68116365   1.221338450008   0.344748356452   2647.0000
 "MMM"    0.96446195   1.71906202   82.60489858   1.392861595484   -0.119557076589   2648.0000
 "MMM"    0.96446195   1.60934291   108.70604081   1.486221940355   0.508468366358   2649.0000
 "MMM"    0.96446195   1.53014843   103.99690813   1.519730971063   0.581045835404   2650.0000
 "MMM"    0.96446195   1.71774280   105.73850634   1.471428217125   0.327861526111   265.0000
 "MMM"    0.96446195   1.70403465   122.53073058   1.354105433582   0.581025716509   2651.0000
 "MMM"    1.36560887   1.73603773   103.00000000   1.715201829460   0.416123934389   2652.0000
 "MMM"    0.93115658   1.94383492   103.00000000   1.421551010470   0.196567320994   2653.0000
 "MMM"    1.11887191   1.68888476   104.93100989   1.616976416501   0.444285125150   2654.0000
 "MMM"    0.96446195   1.96574379   117.25920138   1.344455816472   0.470374142518   2655.0000
 "MMM"    0.96446195   1.82988144   115.77904668   1.387352504018   0.422007126380   2656.0000
 "MMM"    0.96446195   1.68897296   117.08242887   1.412499331583   0.526770731555   2657.0000
 "MMM"    1.11551927   1.68888476   95.76842033   1.624548023978   0.253203118549   2658.0000
 "MMM"    1.07096888   1.69376197   103.00000000   1.582626374711   0.377145027142   2659.0000
 "MMM"    0.94588371   2.07854971   103.00000000   1.430083312025   0.262289605531   2660.0000
 "MMM"    0.96446195   1.70876003   90.57778986   1.454857044447   0.059787609770   266.0000
 "MMM"    0.97167017   1.68888476   131.13534361   1.250587240003   0.707067351203   2661.0000
 "MMM"    1.21465219   1.68888476   118.50699847   1.554954394352   0.754197882965   2662.0000
 "MMM"    0.93499171   1.68888476   133.33061556   1.190678652911   0.663874378836   2663.0000
 "MMM"    1.11971750   1.68888476   93.41696698   1.622316015181   0.202933319084   2664.0000
 "MMM"    0.94237899   1.68888476   102.47775987   1.461036875649   0.281333727023   2665.0000
 "MMM"    0.96446195   1.53562755   69.58196697   1.180261590056   -0.262475819373   2666.0000
 "MMM"    0.77498423   1.76996633   103.00000000   1.282477664575   0.051134879308   2667.0000
 "MMM"    0.98880136   1.68888476   121.20725807   1.393044734815   0.612992747555   2668.0000
 "MMM"    1.14472410   1.90791563   103.00000000   1.595906121820   0.372493217349   2669.0000
 "MMM"    1.19327599   1.68888476   87.70666066   1.656694704054   0.082710006966   2670.0000
 "MMM"    0.96446195   1.96429512   88.76247669   1.452000668567   -0.037780528398   267.0000
 "MMM"    0.87684058   1.83875920   103.00000000   1.378274795593   0.137386735443   2671.0000
 "MMM"    1.34477260   1.68888476   85.35653762   1.740393366227   0.017712468290   2672.0000
 "MMM"    0.96446195   1.90291766   93.95378052   1.461942356247   0.060098891371   2673.0000
 "MMM"    0.87763967   1.68888476   87.95201466   1.348872631709   -0.022892337754   2674.0000
 "MMM"    1.20241703   1.68888476   104.97663275   1.670622017285   0.475014521245   2675.0000
 "MMM"    0.96446195   1.81675940   147.54239014   0.887631488531   0.637427025449   2676.0000
 "MMM"    0.98652520   1.68888476   103.23420719   1.504622589775   0.329336506323   2677.0000
 "MMM"    0.96446195   1.78082906   79.61505452   1.367322692175   -0.220823110837   2678.0000
 "MMM"    0.96446195   1.74219430   120.62012036   1.363453933714   0.522017980841   2679.0000
 "MMM"    1.01607572   1.68888476   143.01072308   1.061388674949   0.892462706808   2680.0000
 "MMM"    1.24615516   1.47887231   103.00000000   1.754134664122   0.686269723911   268.0000
 "MMM"    0.96446195   1.62871961   103.51542851   1.494935729925   0.389473722963   2681.0000
 "MMM"    1.24983844   1.85088733   103.00000000   1.665424082886   0.412999191333   2682.0000
 "MMM"    1.25068607   1.73019776   103.00000000   1.692219712122   0.422210716314   2683.0000
 "MMM"    0.96446195   1.98200506   85.13940606   1.438310231208   -0.111036622468   2684.0000
 "MMM"    0.96446195   1.81555383   111.55056974   1.423616762223   0.365765831267   2685.0000
 "MMM"    0.96446195   1.71215237   69.35719183   1.210262075593   -0.462617195544   2686.0000
 "MMM"    0.88925459   1.82358806   103.00000000   1.391175031841   0.154629393044   2687.0000
 "MMM"    0.96446195   1.80369885   131.03542800   1.206760937794   0.591548118305   2688.0000
 "MMM"    0.96446195   1.61304655   106.85459640   1.491678981992   0.471007596172   2689.0000
 "MMM"    1.05770549   1.66494307   103.00000000   1.578371335571   0.396094094663   2690.0000
 "MMM"    1.26168693   1.76184093   103.00000000   1.689143520214   0.416267196820   269.0000
 "MMM"    0.94511761   1.89866075   103.00000000   1.436883481560   0.205086598390   2691.0000
 "MMM"    1.09607060   1.68888476   111.34736839   1.564609253054   0.554574458186   2692.0000
 "MMM"    0.87974565   1.68888476   92.91708328   1.378385206370   0.069555306958   2693.0000
 "MMM"    1.03696781   1.86089997   103.00000000   1.520939455735   0.289204529134   2694.0000
 "MMM"    0.99209886   1.72401822   103.00000000   1.503402455740   0.299929937629   2695.0000
 "MMM"    0.77264823   1.71386024   103.00000000   1.281314940284   0.095541551355   2696.0000
 "MMM"    0.96446195   1.55257385   113.30549491   1.478376924924   0.697191066330   2697.0000
 "MMM"    0.95482203   1.68888476   97.76307978   1.472359027005   0.208737725674   2698.0000
 "MMM"    0.96446195   1.72443354   129.26172749   1.260987255873   0.632218763029   2699.0000
 "MMM"    1.15081424   1.68888476   80.95570627   1.554986004846   -0.102932997361   2700.0000
 "MMM"    0.98565650   1.68888476   75.28340018   1.318883617545   -0.277795928564   270.0000
 "MMM"    1.02946195   1.68888476   103.00000000   1.546331076820   0.355648152880   27.0000
 "MMM"    1.13885786   1.59889071   103.00000000   1.665924385133   0.507328458112   2701.0000
 "MMM"    1.01536137   1.68888476   82.14339056   1.437792990908   -0.092895591283   2702.0000
 "MMM"    0.97067090   1.54968566   103.00000000   1.522164300715   0.523154736851   2703.0000
 "MMM"    0.96446195   2.12356343   85.41839242   1.459188773709   -0.068671265585   2704.0000
 "MMM"    0.96446195   1.76097255   108.01690591   1.454387181314   0.334531784026   2705.0000
 "MMM"    0.91074594   2.15838245   103.00000000   1.402579192495   0.270190137832   2706.0000
 "MMM"    0.96446195   1.96460357   89.80227258   1.455360174013   -0.016453104158   2707.0000
 "MMM"    1.15621431   1.68888476   112.00045894   1.598308422189   0.601660472027   2708.0000
 "MMM"    1.17157109   1.68888476   100.32581506   1.668127489108   0.368722781829   2709.0000
 "MMM"    0.96446195   1.96003073   109.20973479   1.416373951855   0.341730123860   2710.0000
 "MMM"    1.21764227   1.68464960   103.00000000   1.688856192808   0.438596508611   271.0000
 "MMM"    1.03720481   1.68888476   106.45698866   1.543639255959   0.424282968012   2711.0000
 "MMM"    1.12082166   1.68888476   131.73004177   1.325131847761   0.923431401716   2712.0000
 "MMM"    1.07151823   1.68888476   116.81302300   1.500983381439   0.632828497688   2713.0000
 "MMM"    0.93997842   1.46243827   103.00000000   1.511391819743   0.728976602571   2714.0000
 "MMM"    0.96727704   1.68888476   107.60811506   1.473911446717   0.387125275291   2715.0000
 "MMM"    1.27095340   1.58835318   103.00000000   1.735003292463   0.515805330202   2716.0000
 "MMM"    1.26726137   1.50474271   103.00000000   1.751815039066   0.627468050239   2717.0000
 "MMM"    0.97136730   1.69167377   103.00000000   1.489352490178   0.310859295650   2718.0000
 "MMM"    1.02265994   1.68738545   103.00000000   1.540281835536   0.352466831807   2719.0000
 "MMM"    0.90597806   1.72757044   103.00000000   1.417468332031   0.222476220232   2720.0000
 "MMM"    0.85802687   1.68888476   74.81160679   1.201236908347   -0.308717483961   272.0000
 "MMM"    1.29890613   1.68888476   94.43393424   1.743614578359   0.247217916110   2721.0000
 "MMM"    0.96446195   2.02070144   119.70376589   1.306635626727   0.542884210997   2722.0000
 "MMM"    0.96446195   1.92307453   127.02887580   1.229364992460   0.572886697906   2723.0000
 "MMM"    1.03266585   1.47623876   103.00000000   1.614173608130   0.726913213804   2724.0000
 "MMM"    0.98414845   2.11250064   103.00000000   1.460759346196   0.319952577299   2725.0000
 "MMM"    0.90846194   1.82312899   103.00000000   1.409508232729   0.174851041294   2726.0000
 "MMM"    0.84343658   1.68888476   79.71015523   1.244268063297   -0.204776100116   2727.0000
 "MMM"    0.92621603   1.78202779   103.00000000   1.430807182819   0.207671611174   2728.0000
 "MMM"    1.04000735   1.65461038   103.00000000   1.564774978152   0.396995259158   2729.0000
 "MMM"    0.94691390   1.68888476   87.62438954   1.418675760612   0.007132108335   2730.0000
 "MMM"    0.96446195   1.80212571   151.19169597   0.810456756143   0.629374909991   273.0000
 "MMM"    0.75786127   1.68888476   82.87953661   1.192737965110   -0.187858359104   2731.0000
 "MMM"    0.96446195   1.47319932   106.20318913   1.532684930994   0.771036330323   2732.0000
 "MMM"    0.96446195   2.04699811   92.24486814   1.465909056965   0.052454293412   2733.0000
 "MMM"    1.07470788   1.53467206   103.00000000   1.634621257836   0.600147487997   2734.0000
 "MMM"    1.04318243   1.68026202   103.00000000   1.561158791589   0.372414389761   2735.0000
 "MMM"    0.96446195   1.70665305   74.29842423   1.288091517093   -0.318670779540   2736.0000
 "MMM"    0.69936740   1.86608102   103.00000000   1.213062666461   -0.086325493851   2737.0000
 "MMM"    0.94174007   1.68888476   63.08564651   1.073701258376   -0.642096180707   2738.0000
 "MMM"    1.15683888   1.68888476   93.59447023   1.654332798083   0.217040078072   2739.0000
 "MMM"    0.80487194   1.68888476   94.84817685   1.305823189481   0.042846737474   2740.0000
 "MMM"    0.78836259   1.63649111   103.00000000   1.301072531735   0.212364857443   274.0000
 "MMM"    1.39572381   1.68888476   88.97217623   1.766607514345   0.097985615284   2741.0000
 "MMM"    0.96446195   1.79012373   106.36189452   1.456047465772   0.294840509287   2742.0000
 "MMM"    0.96022601   1.68888476   67.25852232   1.163286272868   -0.513590773346   2743.0000
 "MMM"    0.96446195   1.54268451   75.73616375   1.299057966879   -0.079399574503   2744.0000
 "MMM"    1.00849721   1.68888476   127.60880215   1.327978052227   0.722822297277   2745.0000
 "MMM"    0.96446195   1.98300461   123.60084698   1.263201107995   0.570779213221   2746.0000
 "MMM"    1.45626246   1.78657058   103.00000000   1.693445342597   0.392518849614   2747.0000
 "MMM"    0.96446195   1.96579934   94.23084641   1.463331517578   0.072117969620   2748.0000
 "MMM"    1.08037716   1.68888476   74.76205314   1.396894236879   -0.291658000941   2749.0000
 "MMM"    0.93871125   1.68888476   120.69370725   1.356489897137   0.541672447243   2750.0000
 "MMM"    1.25910729   1.68888476   111.83794724   1.640390085716   0.627764599443   275.0000
 "MMM"    0.96446195   1.68955214   105.61393407   1.477516252491   0.351384147802   2751.0000
 "MMM"    1.13939518   1.68733424   103.00000000   1.639282741336   0.415300574908   2752.0000
 "MMM"    0.87627810   1.68888476   71.48291368   1.171090893611   -0.387269661860   2753.0000
 "MMM"    1.09332919   1.90468305   103.00000000   1.559743989206   0.336742994475   2754.0000
 "MMM"    0.96911792   1.61949176   103.00000000   1.502545623375   0.397203651777   2755.0000
 "MMM"    0.82641159   1.68888476   101.61780215   1.339200336669   0.161851691987   2756.0000
 "MMM"    0.76950934   1.83234394   103.00000000   1.276621624958   0.013678001635   2757.0000
 "MMM"    1.10387384   1.68888476   101.23301892   1.615158693143   0.362954029219   2758.0000
 "MMM"    1.50510886   1.68888476   102.00286348   1.673160437096   0.314646798669   2759.0000
 "MMM"    1.17243041   1.51213470   103.00000000   1.717805934088   0.652089563103   2760.0000
 "MMM"    0.97616102   1.68888476   73.17028635   1.277681520367   -0.337634684345   276.0000
 "MMM"    1.12013433   1.68888476   65.11573706   1.232189911129   -0.659410995331   2761.0000
 "MMM"    1.02888726   1.86334967   103.00000000   1.513799708148   0.282428715572   2762.0000
 "MMM"    0.96446195   1.60331560   119.33608275   1.417037384914   0.690034417242   2763.0000
 "MMM"    0.93393520   1.68888476   105.46329382   1.447408491944   0.322485150902   2764.0000
 "MMM"    1.04336812   1.68888476   106.72471056   1.548044003876   0.433534142637   2765.0000
 "MMM"    1.08441409   1.68888476   112.70162296   1.546060598328   0.571155212977   2766.0000
 "MMM"    0.97065214   1.68888476   139.47027281   1.107629139697   0.776435645678   2767.0000
 "MMM"    1.03749785   1.58208620   103.00000000   1.583100914260   0.497448537599   2768.0000
 "MMM"    0.96446195   1.78156807   66.64786601   1.186828515170   -0.565166593917   2769.0000
 "MMM"    0.96446195   1.61275038   90.39618367   1.464120202744   0.162333786849   2770.0000
 "MMM"    0.97234093   1.68888476   116.53696289   1.424067138959   0.528275047693   277.0000
 "MMM"    0.84694522   1.81194650   103.00000000   1.351257270219   0.112352026026   2771.0000
 "MMM"    1.12495839   1.68888476   119.66684980   1.503859362037   0.726125870928   2772.0000
 "MMM"    0.96446195   1.89628457   82.07746371   1.406606122041   -0.184092166007   2773.0000
 "MMM"    0.96446195   1.82457319   69.17641056   1.241908401845   -0.496970873985   2774.0000
 "MMM"    0.90109352   1.86271801   103.00000000   1.399421118281   0.159728987166   2775.0000
 "MMM"    0.92929929   1.77785922   103.00000000   1.434296003215   0.212611938390   2776.0000
 "MMM"    0.87485489   1.62219506   103.00000000   1.398857359700   0.318224015762   2777.0000
 "MMM"    1.12230376   1.68888476   116.82021688   1.533891591272   0.672899266818   2778.0000
 "MMM"    0.96446195   1.58448047   107.22510931   1.497930645443   0.526624943028   2779.0000
 "MMM"    1.29109677   1.68888476   82.67299952   1.690274825147   -0.051597537184   2780.0000
 "MMM"    0.96446195   1.65878540   94.30993108   1.477559467418   0.181628374413   278.0000
 "MMM"    0.92027400   1.68888476   76.71691908   1.279939450348   -0.249521083483   2781.0000
 "MMM"    0.96446195   1.53689144   110.05898964   1.500277169180   0.675945230251   2782.0000
 "MMM"    0.83356861   1.68888476   127.78553713   1.188116733991   0.444246144845   2783.0000
 "MMM"    1.03724536   1.68888476   133.93975619   1.246509034420   0.841981733924   2784.0000
 "MMM"    0.96446195   1.44144316   90.88648966   1.511847315415   0.559693668873   2785.0000
 "MMM"    0.96446195   1.55888169   83.45372802   1.409173358545   0.095635129833   2786.0000
 "MMM"    0.96446195   1.88437792   120.97290897   1.320282952168   0.489446658989   2787.0000
 "MMM"    1.40699571   1.74881135   103.00000000   1.709531164735   0.404284991751   2788.0000
 "MMM"    1.11095595   1.68888476   100.58724189   1.621891645157   0.352907785350   2789.0000
 "MMM"    1.00469458   2.10564747   103.00000000   1.476941299489   0.336307920368   2790.0000
 "MMM"    1.47244320   1.78280543   103.00000000   1.687388339694   0.383786540744   279.0000
 "MMM"    1.14389312   1.62726960   103.00000000   1.660455551683   0.473182582122   2791.0000
 "MMM"    0.90671681   1.68888476   90.39136208   1.394534133053   0.040772650837   2792.0000
 "MMM"    0.81515367   2.06834225   103.00000000   1.320218227513   0.105843367086   2793.0000
 "MMM"    0.94284108   1.84324207   103.00000000   1.439788145504   0.205236223084   2794.0000
 "MMM"    0.84297861   1.68888476   75.99014433   1.202861951003   -0.285619070341   2795.0000
 "MMM"    1.08354908   1.68888476   82.48738871   1.509001670489   -0.069343602316   2796.0000
 "MMM"    1.04227140   1.68888476   110.46425553   1.528237136171   0.499212434699   2797.0000
 "MMM"    1.33266734   1.65563435   103.00000000   1.728539241161   0.445715528930   2798.0000
 "MMM"    0.96446195   1.85490990   121.55825722   1.321060418642   0.492871739885   2799.0000
 "MMM"    0.96446195   1.89991301   79.31183765   1.383861626483   -0.246156878216   2800.0000
 "MMM"    1.14389702   1.68888476   110.99925152   1.599081454381   0.576037830235   280.0000
 "MMM"    0.89446195   1.68888476   103.00000000   1.410680016865   0.247712078149   28.0000
 "MMM"    0.98629636   1.86312484   103.00000000   1.476941872899   0.244798757870   2801.0000
 "MMM"    0.96446195   1.65196198   111.26944549   1.463185664184   0.486379865136   2802.0000
 "MMM"    0.76007599   1.58645038   103.00000000   1.271562586610   0.272808251197   2803.0000
 "MMM"    1.45962492   1.68888476   107.89199102   1.643832708848   0.471653139108   2804.0000
 "MMM"    0.77848603   1.68888476   82.02075596   1.205163802668   -0.190951631803   2805.0000
 "MMM"    0.96446195   1.75432847   97.34454466   1.473457146842   0.158479280993   2806.0000
 "MMM"    0.96446195   1.52334922   117.06704525   1.459541177993   0.834125077510   2807.0000
 "MMM"    0.96446195   2.02393740   110.16619793   1.402600347110   0.386745085411   2808.0000
 "MMM"    1.23746298   1.72890763   103.00000000   1.686753952605   0.420552414736   2809.0000
 "MMM"    0.99031340   1.49881634   103.00000000   1.559742611376   0.651877143324   2810.0000
 "MMM"    0.84978038   1.68888476   71.46514272   1.150808023866   -0.390322028152   281.0000
 "MMM"    0.76627851   1.53758131   103.00000000   1.280932887582   0.388337013185   2811.0000
 "MMM"    1.11066133   1.68888476   104.75645853   1.611379689705   0.436812011379   2812.0000
 "MMM"    1.03356114   1.68888476   123.08881782   1.405130457897   0.693534869665   2813.0000
 "MMM"    0.87466071   1.67088676   103.00000000   1.392019587979   0.249806195698   2814.0000
 "MMM"    0.86382871   1.68888476   59.90174190   0.980448441341   -0.708676161986   2815.0000
 "MMM"    1.07395519   1.72376010   103.00000000   1.577827280239   0.357278570188   2816.0000
 "MMM"    0.95672846   1.68888476   99.85713991   1.476464610339   0.247552641777   2817.0000
 "MMM"    0.75074350   1.68888476   94.57953605   1.248346865115   -0.009665330185   2818.0000
 "MMM"    1.07280415   1.68888476   134.98661102   1.246278293701   0.908036427374   2819.0000
 "MMM"    1.11661381   1.63276254   103.00000000   1.638018692118   0.458450595142   2820.0000
 "MMM"    0.95155555   1.68888476   96.16238646   1.465658724385   0.177252780677   282.0000
 "MMM"    0.86417569   1.68888476   78.78089704   1.253541517542   -0.216946363213   2821.0000
 "MMM"    1.12984907   1.68888476   102.16271266   1.634005445380   0.393145979725   2822.0000
 "MMM"    0.85190537   1.84657906   103.00000000   1.354209101991   0.107914588408   2823.0000
 "MMM"    0.97889994   1.66125905   103.00000000   1.503226301491   0.348823234264   2824.0000
 "MMM"    0.96446195   2.08841124   85.19420653   1.453286434253   -0.084907359652   2825.0000
 "MMM"    1.36867875   1.68888476   100.06512510   1.740372826918   0.358051798140   2826.0000
 "MMM"    1.05886613   1.68888476   116.88698588   1.491148536364   0.622789924131   2827.0000
 "MMM"    1.07067280   2.23340165   103.00000000   1.525783629402   0.478088734319   2828.0000
 "MMM"    1.12035697   1.68888476   138.55360317   1.195899384574   1.022231904926   2829.0000
 "MMM"    1.05701968   1.68888476   79.16015136   1.441815598571   -0.163088737058   2830.0000
 "MMM"    1.15500283   1.68888476   74.22565509   1.456132335038   -0.315563540145   283.0000
 "MMM"    0.96446195   1.88349063   135.68986545   1.099669949268   0.626007347193   2831.0000
 "MMM"    0.96446195   2.20103481   98.02331488   1.468788593455   0.245135609300   2832.0000
 "MMM"    0.96446195   1.58489352   97.51730382   1.501496972085   0.348884956789   2833.0000
 "MMM"    0.96446195   1.60676990   112.80595432   1.466370417770   0.580687022627   2834.0000
 "MMM"    0.96446195   1.62505402   88.16948632   1.446375521655   0.097834107830   2835.0000
 "MMM"    0.96446195   1.69162122   94.16830822   1.472751453672   0.145249642587   2836.0000
 "MMM"    1.03008168   2.01714598   103.00000000   1.500005225597   0.317399462220   2837.0000
 "MMM"    1.47536870   1.69635005   103.00000000   1.685074888653   0.360768748044   2838.0000
 "MMM"    0.97459378   1.59855021   103.00000000   1.513476609018   0.433936535567   2839.0000
 "MMM"    0.96446195   1.50669661   89.86901997   1.482954307750   0.354948634159   2840.0000
 "MMM"    0.93436831   1.84860888   103.00000000   1.431436906637   0.195996864831   284.0000
 "MMM"    0.96446195   1.72543984   86.00095123   1.423509065210   -0.048126878953   2841.0000
 "MMM"    1.17578122   1.68888476   108.16241459   1.637687669272   0.533212907325   2842.0000
 "MMM"    0.96446195   2.00076067   95.51924232   1.464428563409   0.105155054342   2843.0000
 "MMM"    0.96446195   2.11705297   119.64900912   1.294116941286   0.627534583396   2844.0000
 "MMM"    0.77558451   1.52788730   103.00000000   1.292788492620   0.421568752675   2845.0000
 "MMM"    0.90693426   1.68888476   70.80200327   1.184335248379   -0.403922451016   2846.0000
 "MMM"    0.93420461   1.96803424   103.00000000   1.423026355908   0.205552729230   2847.0000
 "MMM"    1.18599234   1.68888476   88.56169923   1.656149495256   0.103191913751   2848.0000
 "MMM"    1.02094205   2.23952770   103.00000000   1.490672365436   0.438012287580   2849.0000
 "MMM"    1.11895928   1.68888476   109.45227487   1.593683284978   0.532812505221   2850.0000
 "MMM"    0.96446195   1.87528577   117.01102064   1.365410693406   0.437474793448   285.0000
 "MMM"    0.99594301   2.15305333   103.00000000   1.470036385083   0.355571096376   2851.0000
 "MMM"    0.89268371   1.68888476   133.83980464   1.152110728183   0.589238236880   2852.0000
 "MMM"    0.96446195   1.84305256   107.51475968   1.442352902145   0.299697826448   2853.0000
 "MMM"    1.26174438   1.68888476   86.76963705   1.701749237669   0.062116503722   2854.0000
 "MMM"    1.22856621   1.68888476   103.97135618   1.688532267731   0.458425232054   2855.0000
 "MMM"    0.82259337   1.66232286   103.00000000   1.336724421699   0.209912277173   2856.0000
 "MMM"    1.30376103   1.68888476   107.06101086   1.690505185471   0.525381505067   2857.0000
 "MMM"    0.96446195   1.79276332   83.52697406   1.406114232404   -0.135670546785   2858.0000
 "MMM"    0.87739189   1.68888476   118.72840925   1.319211332126   0.435105897050   2859.0000
 "MMM"    0.91678623   1.84001064   103.00000000   1.415857342320   0.179520750313   2860.0000
 "MMM"    0.78741541   1.67045084   103.00000000   1.298326452067   0.162435300167   286.0000
 "MMM"    0.97801891   1.59218320   103.00000000   1.518772777220   0.446879528332   2861.0000
 "MMM"    1.00161470   1.69597343   103.00000000   1.518235028961   0.329852651525   2862.0000
 "MMM"    0.88755883   1.68888476   129.01295212   1.217059150680   0.546720565523   2863.0000
 "MMM"    0.99986936   1.68888476   129.69780735   1.291743084294   0.735592443048   2864.0000
 "MMM"    0.99509817   1.68888476   100.17259623   1.515532602981   0.280358749568   2865.0000
 "MMM"    1.18059827   1.68888476   117.41735950   1.556461822419   0.718703378591   2866.0000
 "MMM"    1.15279327   1.68888476   87.63276637   1.621765365564   0.075010259096   2867.0000
 "MMM"    0.95425022   1.68888476   112.85660202   1.434763042351   0.455110866916   2868.0000
 "MMM"    0.96446195   1.63768356   96.21693572   1.487314493826   0.244015946795   2869.0000
 "MMM"    0.96446195   1.87099651   67.14424388   1.227947441495   -0.551874490543   2870.0000
 "MMM"    1.19750964   1.88197009   103.00000000   1.633004717796   0.396868242758   287.0000
 "MMM"    1.02490015   1.68888476   92.49648331   1.528407171883   0.146132941951   2871.0000
 "MMM"    0.91124580   2.03098685   103.00000000   1.401538694631   0.202387396161   2872.0000
 "MMM"    1.25529517   1.67551007   103.00000000   1.707970325623   0.447203274697   2873.0000
 "MMM"    0.76543747   1.68888476   100.58863205   1.274419718945   0.085221668089   2874.0000
 "MMM"    0.96446195   2.04514818   120.32871735   1.294827191539   0.572684004133   2875.0000
 "MMM"    0.96446195   1.87113104   130.16990278   1.197324604985   0.582006231292   2876.0000
 "MMM"    0.96446195   1.78666594   95.31063712   1.467463901497   0.105510653193   2877.0000
 "MMM"    0.96446195   1.59210600   144.84250017   1.027709885482   1.051098221082   2878.0000
 "MMM"    0.83976946   1.87247716   103.00000000   1.341771741193   0.089976493566   2879.0000
 "MMM"    0.76675000   1.68888476   66.94119434   1.036015488070   -0.507281337526   2880.0000
 "MMM"    1.00243155   1.68888476   72.06204804   1.281558404517   -0.371097629177   288.0000
 "MMM"    0.87238772   1.68888476   137.77559751   1.074347167692   0.567890970120   2881.0000
 "MMM"    0.85520389   1.68888476   68.20165840   1.108213292682   -0.472749597948   2882.0000
 "MMM"    1.08550027   1.87045588   103.00000000   1.558725514814   0.327180126213   2883.0000
 "MMM"    0.96446195   1.71174714   111.70067384   1.445793305174   0.426062837947   2884.0000
 "MMM"    0.96446195   1.74379475   91.62528484   1.458026443105   0.056337424968   2885.0000
 "MMM"    1.20915250   1.68888476   120.96452947   1.521328095498   0.800155375273   2886.0000
 "MMM"    0.81261257   1.68888476   89.59251454   1.291422371699   -0.035561683899   2887.0000
 "MMM"    0.86406648   1.68888476   105.76379093   1.374521053535   0.258231975665   2888.0000
 "MMM"    0.96446195   1.61450277   148.82872238   0.932443143315   1.014445670280   2889.0000
 "MMM"    0.96446195   2.05574881   85.62376487   1.450436514398   -0.084829838815   2890.0000
 "MMM"    0.96446195   1.84015446   71.33601122   1.277876787697   -0.439646309900   289.0000
 "MMM"    1.12156044   1.68888476   116.59925374   1.535725585511   0.668354498423   2891.0000
 "MMM"    0.96446195   1.54033745   121.58595288   1.412936980472   0.868283594230   2892.0000
 "MMM"    0.96446195   1.52426393   135.39196279   1.227562960361   1.146033922489   2893.0000
 "MMM"    0.96446195   1.74480631   140.56539442   1.062084076650   0.687410842833   2894.0000
 "MMM"    0.96446195   1.86599177   116.77929995   1.369768855572   0.433625711942   2895.0000
 "MMM"    0.96446195   1.52059054   129.84888755   1.315773729833   1.064939374767   2896.0000
 "MMM"    1.22493945   1.63810023   103.00000000   1.705586575760   0.473995736238   2897.0000
 "MMM"    0.96446195   1.52652812   105.35263770   1.518605015210   0.614623914384   2898.0000
 "MMM"    0.96446195   1.77379548   102.94780774   1.468723668273   0.246155107855   2899.0000
 "MMM"    0.96960702   1.68888476   95.77772522   1.483503044123   0.181684778487   2900.0000
 "MMM"    0.96446195   1.92521704   116.05392596   1.364455065531   0.435526076228   290.0000
 "MMM"    1.03446195   1.68888476   103.00000000   1.550992469881   0.358933833807   29.0000
 "MMM"    1.22418487   1.72087152   103.00000000   1.682455169626   0.421102945742   2901.0000
 "MMM"    0.86798012   1.68888476   115.93845699   1.331753878867   0.391458679708   2902.0000
 "MMM"    0.87502314   1.86577703   103.00000000   1.374946834330   0.130934896945   2903.0000
 "MMM"    0.92133715   1.93436674   103.00000000   1.413381878825   0.184312524673   2904.0000
 "MMM"    1.18502034   1.68888476   123.25440441   1.482466219318   0.831776977293   2905.0000
 "MMM"    0.98085246   1.68888476   122.83715352   1.368497972969   0.624517067241   2906.0000
 "MMM"    0.89874117   1.89582645   103.00000000   1.395159836791   0.155955007601   2907.0000
 "MMM"    0.67180133   1.85122098   103.00000000   1.187909201270   -0.120086889862   2908.0000
 "MMM"    0.96446195   1.81763801   130.27567736   1.213709687779   0.581780977767   2909.0000
 "MMM"    1.01671175   1.93482371   103.00000000   1.495504310696   0.279181869467   2910.0000
 "MMM"    0.96446195   1.64823108   85.79394038   1.424117631089   0.016817634707   291.0000
 "MMM"    0.98584484   1.84707058   103.00000000   1.478441976231   0.245610142059   2911.0000
 "MMM"    1.27219162   1.62236045   103.00000000   1.727012374663   0.483490551930   2912.0000
 "MMM"    0.96446195   1.63224845   132.36841777   1.245561875644   0.809256014453   2913.0000
 "MMM"    0.86820208   1.68888476   83.76500024   1.306745560023   -0.110181377995   2914.0000
 "MMM"    1.02129787   1.83928120   103.00000000   1.510656423110   0.277557874234   2915.0000
 "MMM"    0.96446195   1.68387036   80.90297008   1.373099421956   -0.132497754188   2916.0000
 "MMM"    0.94065473   1.68888476   92.06321299   1.439156995024   0.093018755335   2917.0000
 "MMM"    1.00127265   1.89871780   103.00000000   1.486075964448   0.259522247290   2918.0000
 "MMM"    0.75598297   1.69491812   103.00000000   1.264504450734   0.097270923092   2919.0000
 "MMM"    0.96446195   1.71535099   142.01517080   1.044870048794   0.733365545963   2920.0000
 "MMM"    1.00834763   1.68888476   136.79048148   1.179409169291   0.824732433640   292.0000
 "MMM"    0.90287608   1.68888476   77.43607734   1.273272410550   -0.236096997192   2921.0000
 "MMM"    1.20446950   1.68888476   82.75342789   1.623838800055   -0.048387068720   2922.0000
 "MMM"    0.96959117   1.68888476   71.86117621   1.250851263626   -0.375299972264   2923.0000
 "MMM"    1.09826226   1.68888476   78.53177583   1.472686592924   -0.176975854251   2924.0000
 "MMM"    0.99936573   2.00835071   103.00000000   1.475915969462   0.285101052926   2925.0000
 "MMM"    0.78808432   1.83700058   103.00000000   1.294094506792   0.035081675503   2926.0000
 "MMM"    0.96446195   2.03593979   99.26711853   1.459330786891   0.189724373271   2927.0000
 "MMM"    1.16654197   1.76175885   103.00000000   1.638715020607   0.387866699445   2928.0000
 "MMM"    1.21118350   1.68888476   89.41401572   1.680611578394   0.127073665769   2929.0000
 "MMM"    0.96446195   1.52081161   95.01557515   1.509496962733   0.429230235667   2930.0000
 "MMM"    1.28613439   1.68888476   116.43268674   1.591899691419   0.724123496483   293.0000
 "MMM"    1.14304843   1.60327537   103.00000000   1.667549026157   0.502373108977   2931.0000
 "MMM"    0.96446195   1.51255057   84.99240119   1.435530968611   0.229795546489   2932.0000
 "MMM"    1.00337205   1.68888476   109.04534774   1.501770693542   0.442656284466   2933.0000
 "MMM"    0.73999588   1.66344806   103.00000000   1.248066072183   0.119632626682   2934.0000
 "MMM"    0.93375333   1.68888476   104.27536889   1.449737665883   0.303394256136   2935.0000
 "MMM"    1.01185935   1.68888476   103.86498015   1.527996618158   0.359299181923   2936.0000
 "MMM"    0.86573770   1.68888476   136.00257807   1.098692946314   0.547576091716   2937.0000
 "MMM"    0.76194494   1.68888476   115.11816956   1.233630311079   0.235843379316   2938.0000
 "MMM"    0.87464887   1.68888476   125.59283801   1.248517103521   0.497379586124   2939.0000
 "MMM"    1.08392023   1.89493029   103.00000000   1.553937658970   0.328275682537   2940.0000
 "MMM"    0.75445496   1.67440659   103.00000000   1.263213019430   0.121006158155   294.0000
 "MMM"    0.96446195   1.48633704   117.85872672   1.463015867718   0.952899457879   2941.0000
 "MMM"    1.34200501   1.77029003   103.00000000   1.708079285611   0.419080374676   2942.0000
 "MMM"    0.72857004   1.68888476   144.60339586   0.865870479403   0.244121846431   2943.0000
 "MMM"    1.00722092   1.68888476   91.98235406   1.508054731311   0.127027463304   2944.0000
 "MMM"    0.96446195   1.88585139   93.84222269   1.461698567386   0.057980728753   2945.0000
 "MMM"    0.89584815   2.07118922   103.00000000   1.388447662176   0.203548626177   2946.0000
 "MMM"    0.90851981   1.68888476   101.73244098   1.426272468671   0.240401270110   2947.0000
 "MMM"    0.95769560   1.64217818   103.00000000   1.485420029635   0.356856618337   2948.0000
 "MMM"    0.86992808   1.81103122   103.00000000   1.373541210404   0.137978599337   2949.0000
 "MMM"    0.98730720   1.71620594   103.00000000   1.500285362048   0.302063835859   2950.0000
 "MMM"    0.79490875   1.74295811   103.00000000   1.303066892024   0.094185608349   295.0000
 "MMM"    0.84553558   1.48133307   103.00000000   1.386332485941   0.610124130700   2951.0000
 "MMM"    0.99989552   1.79418725   103.00000000   1.498468752426   0.269514757653   2952.0000
 "MMM"    1.36398088   1.79626156   103.00000000   1.705447010514   0.419114277509   2953.0000
 "MMM"    0.96446195   1.59952821   61.95324706   1.027932670268   -0.629683334368   2954.0000
 "MMM"    1.11752948   1.68888476   99.71053302   1.628154083914   0.337517629874   2955.0000
 "MMM"    1.46350843   1.68888476   97.53336585   1.732701030642   0.255923009038   2956.0000
 "MMM"    0.96792308   1.73298976   103.00000000   1.478411602995   0.273864401022   2957.0000
 "MMM"    1.32235763   1.68888476   114.60996395   1.613368266054   0.682243404470   2958.0000
 "MMM"    1.04923028   1.68888476   60.92840141   1.086369007236   -0.787253591007   2959.0000
 "MMM"    0.96446195   1.72076535   67.66767058   1.183495429626   -0.517745306282   2960.0000
 "MMM"    1.01217177   1.90202547   103.00000000   1.494995815581   0.269766833000   296.0000
 "MMM"    0.91238949   1.75391367   103.00000000   1.420620610457   0.209745828414   2961.0000
 "MMM"    1.09838701   1.68888476   105.56732001   1.598681444230   0.446329177483   2962.0000
 "MMM"    0.91182675   1.68888476   108.48894406   1.415578092782   0.346755922646   2963.0000
 "MMM"    0.96446195   1.55895387   130.83181943   1.291128488294   0.967597505185   2964.0000
 "MMM"    0.91801183   2.03989224   103.00000000   1.407175842841   0.213710815694   2965.0000
 "MMM"    1.01313701   1.68888476   62.35207875   1.098224645069   -0.705516573272   2966.0000
 "MMM"    0.96446195   2.13099374   91.80819107   1.472504802096   0.073706896564   2967.0000
 "MMM"    1.07241727   1.50563232   103.00000000   1.642992828405   0.662801427773   2968.0000
 "MMM"    0.96446195   1.49475932   117.72809281   1.461873560657   0.925435443080   2969.0000
 "MMM"    0.96446195   1.93681021   96.50271794   1.463476146716   0.111211676562   2970.0000
 "MMM"    0.75139675   1.68888476   130.10548524   1.093419967328   0.304751757418   297.0000
 "MMM"    0.96446195   1.93183549   111.72876059   1.401618234033   0.373056012013   2971.0000
 "MMM"    0.96446195   1.81642821   130.21284472   1.215092724504   0.581537350281   2972.0000
 "MMM"    0.94172402   1.55343308   103.00000000   1.488371813731   0.497090469287   2973.0000
 "MMM"    1.08497572   1.68671760   103.00000000   1.596466863680   0.390712206543   2974.0000
 "MMM"    1.12118055   1.68888476   105.74280499   1.615337536451   0.461527066459   2975.0000
 "MMM"    0.96446195   1.56565330   120.86183876   1.413174288748   0.794040412043   2976.0000
 "MMM"    1.11744255   1.68888476   94.45630005   1.623367295575   0.225234930807   2977.0000
 "MMM"    0.76192287   1.68888476   74.73231732   1.122370939221   -0.339421064337   2978.0000
 "MMM"    0.92790283   1.68888476   96.19176163   1.440805302022   0.161614298183   2979.0000
 "MMM"    0.87315468   2.08346764   103.00000000   1.369546859749   0.183675140944   2980.0000
 "MMM"    0.96446195   1.64889995   133.96319689   1.214658232042   0.792714527901   298.0000
 "MMM"    0.96446195   1.72386078   109.11337387   1.456993859857   0.376498869912   2981.0000
 "MMM"    0.96446195   1.88832267   118.45403142   1.347623974982   0.458460608792   2982.0000
 "MMM"    1.17498739   1.68888476   119.80111627   1.525570591282   0.761354445225   2983.0000
 "MMM"    0.96446195   1.70525709   83.78561994   1.403988898191   -0.082648061954   2984.0000
 "MMM"    0.83754513   1.75589445   103.00000000   1.345402848979   0.131745551983   2985.0000
 "MMM"    0.88544233   1.68565017   103.00000000   1.401606863212   0.242819047775   2986.0000
 "MMM"    1.16604877   1.82873965   103.00000000   1.623730557948   0.376929892588   2987.0000
 "MMM"    0.96446195   1.75782867   97.45270869   1.473217307125   0.158496701005   2988.0000
 "MMM"    0.96446195   1.89766285   71.84703703   1.301806430771   -0.425582918112   2989.0000
 "MMM"    1.00035132   1.74429044   103.00000000   1.507411658560   0.293000370939   2990.0000
 "MMM"    0.96446195   1.81553778   76.27630762   1.335352165193   -0.310833475163   299.0000
 "MMM"    1.09389912   1.68888476   109.73458470   1.573825305213   0.523170019398   2991.0000
 "MMM"    0.96446195   1.72699560   90.68848994   1.454355484136   0.048524572060   2992.0000
 "MMM"    1.03966023   1.89910679   103.00000000   1.518218042943   0.293423214905   2993.0000
 "MMM"    0.83549851   2.18861892   103.00000000   1.342966911027   0.204220026872   2994.0000
 "MMM"    1.03022504   1.65578239   103.00000000   1.555200308398   0.389778023962   2995.0000
 "MMM"    1.16050217   1.68888476   82.36782134   1.580640791825   -0.062182402068   2996.0000
 "MMM"    0.96446195   1.68981975   118.95491559   1.395385936489   0.551389590033   2997.0000
 "MMM"    0.86357458   1.95621237   103.00000000   1.361224023519   0.123531967719   2998.0000
 "MMM"    0.83083910   2.15391667   103.00000000   1.337085751469   0.175010322791   2999.0000
 "MMM"    0.96446195   1.55872726   70.93098825   1.210078100057   -0.256927401880   3000.0000
 "MMM"    0.90327245   1.68888476   93.21789481   1.404695597898   0.091094362594   300.0000
 "MMM"    0.88946195   1.68888476   103.00000000   1.405422808165   0.243065063240   30.0000
 "MMM"    0.96946195   1.68888476   103.00000000   1.487987337653   0.312064159128   3.0000
 "MMM"    0.96446195   1.64561350   96.94627655   1.487821000138   0.247707225620   3001.0000
 "MMM"    1.05226390   1.68888476   119.92220496   1.455208251635   0.665753568426   3002.0000
 "MMM"    0.96446195   1.91296777   108.98453896   1.423823774267   0.325408434265   3003.0000
 "MMM"    1.23630111   1.68888476   83.15131385   1.654178567908   -0.036269762303   3004.0000
 "MMM"    0.96446195   1.63252495   104.67247047   1.492257939327   0.404182016808   3005.0000
 "MMM"    0.99230170   1.68074613   103.00000000   1.512412527819   0.337510620666   3006.0000
 "MMM"    0.96446195   1.79666202   103.46617042   1.464295694878   0.245355103444   3007.0000
 "MMM"    0.96446195   1.89619627   95.00229986   1.463212055335   0.079969016183   3008.0000
 "MMM"    1.50844238   1.68888476   97.91147302   1.704407995801   0.230397036560   3009.0000
 "MMM"    0.88557390   1.68888476   112.27824091   1.371761395368   0.369365203012   3010.0000
 "MMM"    0.96446195   1.44907326   125.70467247   1.388448875453   1.229741510004   301.0000
 "MMM"    0.96446195   1.53369969   145.41389104   1.029902035873   1.266801924172   3011.0000
 "MMM"    0.86839787   1.68888476   72.92960819   1.185108755162   -0.351911303800   3012.0000
 "MMM"    1.03003655   1.68888476   74.14216648   1.340753587818   -0.309351891565   3013.0000
 "MMM"    1.22344462   1.68888476   84.69257313   1.658094177659   0.006167483605   3014.0000
 "MMM"    0.89425022   1.68888476   149.74212611   0.853685303174   0.631306697392   3015.0000
 "MMM"    1.48096040   1.68888476   115.60077686   1.522400601732   0.605195455304   3016.0000
 "MMM"    0.90457625   1.68888476   73.06789142   1.216239924113   -0.344068980030   3017.0000
 "MMM"    1.10465414   1.79888724   103.00000000   1.586189796886   0.345443169717   3018.0000
 "MMM"    1.07443095   1.68888476   141.85463039   1.111295840206   0.991556351270   3019.0000
 "MMM"    0.90341594   1.78858712   103.00000000   1.407951353452   0.182145720178   3020.0000
 "MMM"    0.76609923   1.68888476   123.05152432   1.179287542278   0.299905426060   302.0000
 "MMM"    1.04325858   1.55562823   103.00000000   1.597235689856   0.547824598602   3021.0000
 "MMM"    0.96135897   1.68888476   77.75978191   1.331517387580   -0.215283890148   3022.0000
 "MMM"    0.96446195   1.91202517   115.74139980   1.370057151375   0.427087835832   3023.0000
 "MMM"    0.98037413   1.68888476   114.42172974   1.447866355801   0.506110861152   3024.0000
 "MMM"    0.96446195   1.78205672   72.41842479   1.276965979112   -0.402295394274   3025.0000
 "MMM"    0.96446195   1.97543082   102.66338502   1.449935901103   0.233110385785   3026.0000
 "MMM"    0.96446195   1.91695567   77.47076962   1.369919894359   -0.288020931081   3027.0000
 "MMM"    1.17407682   1.68888476   107.64989790   1.639979942437   0.522178022696   3028.0000
 "MMM"    0.96446195   2.01215646   100.92184482   1.454714324074   0.212841375249   3029.0000
 "MMM"    0.96446195   1.69240169   110.63783209   1.456511469549   0.428628585810   3030.0000
 "MMM"    0.96446195   1.68357694   122.40671950   1.361775818799   0.604024551581   303.0000
 "MMM"    0.96446195   1.49169231   72.85968224   1.247325088524   -0.060421720628   3031.0000
 "MMM"    0.75978926   1.68888476   131.03597016   1.088812988383   0.323197282038   3032.0000
 "MMM"    0.93818206   1.68888476   127.83948097   1.272760171729   0.620177038634   3033.0000
 "MMM"    0.96446195   1.49924894   127.59799045   1.352373236983   1.093037060218   3034.0000
 "MMM"    0.96446195   1.61813367   76.16556308   1.306420946970   -0.185275539406   3035.0000
 "MMM"    0.96446195   1.60200273   89.25112665   1.457778480300   0.154200094065   3036.0000
 "MMM"    0.91132441   1.68888476   118.80163294   1.349885959716   0.482307918518   3037.0000
 "MMM"    0.96446195   1.95088497   113.06796911   1.387646659608   0.400266128082   3038.0000
 "MMM"    0.99441746   1.82753201   103.00000000   1.488635876073   0.256169612360   3039.0000
 "MMM"    0.96446195   2.03165628   85.12064835   1.444933621363   -0.101663522783   3040.0000
 "MMM"    0.96446195   1.94113494   109.56556498   1.416244520459   0.341477091962   304.0000
 "MMM"    0.86297026   1.68888476   147.53491918   0.884838923232   0.556332299016   3041.0000
 "MMM"    0.96446195   1.60335466   84.24732594   1.412593915731   0.040369831571   3042.0000
 "MMM"    0.96467324   1.84100847   103.00000000   1.460057570531   0.226699355165   3043.0000
 "MMM"    0.99752084   1.57347983   103.00000000   1.544678239033   0.491818442661   3044.0000
 "MMM"    0.96446195   1.49759970   120.92531422   1.431257220912   0.976048100979   3045.0000
 "MMM"    1.35309919   1.68888476   110.41549142   1.657887856046   0.585515752372   3046.0000
 "MMM"    1.45237271   1.72853667   103.00000000   1.697430261391   0.381007388812   3047.0000
 "MMM"    1.08122561   1.73794283   103.00000000   1.580625046967   0.353419406697   3048.0000
 "MMM"    0.94095704   1.85001023   103.00000000   1.437380260422   0.202401483346   3049.0000
 "MMM"    0.96446195   1.84858903   107.92798395   1.439381075724   0.305582975603   3050.0000
 "MMM"    0.99914076   1.68888476   111.03817666   1.487194784825   0.471770819432   305.0000
 "MMM"    0.91398437   1.54964800   103.00000000   1.457053202204   0.486035795447   3051.0000
 "MMM"    1.20355814   1.68888476   107.46920015   1.656672878076   0.527370951571   3052.0000
 "MMM"    0.80952860   1.68888476   96.74735544   1.315810404797   0.075545327108   3053.0000
 "MMM"    0.78533891   1.93461141   103.00000000   1.291489384069   0.024098461607   3054.0000
 "MMM"    1.32720672   1.75391715   103.00000000   1.709145556430   0.420588200619   3055.0000
 "MMM"    1.04750338   1.68888476   83.02129484   1.479415118891   -0.063100914627   3056.0000
 "MMM"    0.89456167   1.68888476   85.84665104   1.350842061604   -0.055059292900   3057.0000
 "MMM"    0.91602505   1.81284541   103.00000000   1.417674016521   0.185598754836   3058.0000
 "MMM"    1.14672122   1.74840861   103.00000000   1.628503442726   0.383712651212   3059.0000
 "MMM"    0.96446195   1.60659091   105.99673714   1.495640888837   0.466697470978   3060.0000
 "MMM"    0.96446195   1.96693406   102.20408247   1.452023286830   0.222410441508   306.0000
 "MMM"    0.98579237   1.68914685   103.00000000   1.504205180704   0.324411438106   3061.0000
 "MMM"    0.96446195   2.10551827   115.08876695   1.349246766041   0.532083404249   3062.0000
 "MMM"    0.96446195   1.66822281   81.78918733   1.382826843358   -0.096846340982   3063.0000
 "MMM"    1.04735270   1.60333163   103.00000000   1.586208432920   0.468214286987   3064.0000
 "MMM"    0.96446195   1.77226157   121.78786325   1.341837312744   0.516037000600   3065.0000
 "MMM"    1.31526220   1.67806437   103.00000000   1.722763925906   0.440278866816   3066.0000
 "MMM"    0.98189715   1.45903966   103.00000000   1.563433048361   0.758779942352   3067.0000
 "MMM"    1.17617841   1.56884568   103.00000000   1.701071558938   0.554440824964   3068.0000
 "MMM"    1.07833213   2.20840063   103.00000000   1.530663466439   0.466775855036   3069.0000
 "MMM"    1.22302097   1.68888476   110.73541597   1.640107272485   0.599526695732   3070.0000
 "MMM"    0.96446195   1.75097014   126.69696377   1.287777190597   0.582866531565   307.0000
 "MMM"    0.96446195   1.95667404   117.18379890   1.346926554717   0.464710539589   3071.0000
 "MMM"    1.30850105   1.68888476   83.37320011   1.707639208580   -0.032778726716   3072.0000
 "MMM"    0.96446195   2.13401349   99.20868183   1.461481639065   0.233133319719   3073.0000
 "MMM"    0.84774977   1.65919206   103.00000000   1.364321367008   0.239034812425   3074.0000
 "MMM"    1.00168877   1.68888476   105.41423676   1.514385019800   0.379161849952   3075.0000
 "MMM"    1.26501168   1.79124570   103.00000000   1.683903678360   0.413891418784   3076.0000
 "MMM"    0.97333400   1.69541002   103.00000000   1.490587788148   0.308874772466   3077.0000
 "MMM"    1.19317272   1.68888476   93.84564619   1.682902839099   0.229977315791   3078.0000
 "MMM"    1.12239768   1.68888476   125.01500660   1.432567926093   0.816723860771   3079.0000
 "MMM"    1.22589693   1.68888476   122.21845682   1.507239026685   0.830907816835   3080.0000
 "MMM"    1.01386484   1.68888476   109.90953991   1.506792344100   0.466184223309   308.0000
 "MMM"    1.04977444   1.68888476   104.76584733   1.560609635091   0.401867253672   3081.0000
 "MMM"    0.94118927   1.45777200   103.00000000   1.514324743007   0.743896260249   3082.0000
 "MMM"    1.07644675   1.68888476   120.15496969   1.469111024691   0.693234128603   3083.0000
 "MMM"    0.96446195   1.88900679   114.29995362   1.387753614613   0.401791856863   3084.0000
 "MMM"    1.27139531   1.72668858   103.00000000   1.700963588150   0.425429213237   3085.0000
 "MMM"    1.07143841   1.68244259   103.00000000   1.585956987326   0.387050234606   3086.0000
 "MMM"    0.96446195   1.58188034   89.35216769   1.461889086207   0.188952078753   3087.0000
 "MMM"    0.94579852   2.08262760   103.00000000   1.429992845332   0.264295970296   3088.0000
 "MMM"    0.82991225   1.47246849   103.00000000   1.367530588100   0.624552076731   3089.0000
 "MMM"    1.23585263   1.68888476   117.68864741   1.570247599082   0.744129079922   3090.0000
 "MMM"    0.96446195   1.88330147   85.71283933   1.430130490400   -0.105282634617   309.0000
 "MMM"    1.12424231   1.68888476   81.04619877   1.531115742116   -0.102719851898   3091.0000
 "MMM"    0.87153124   1.68888476   140.58496369   1.024907395528   0.574126936100   3092.0000
 "MMM"    0.98388256   1.51546862   103.00000000   1.547133302056   0.607433905245   3093.0000
 "MMM"    0.96446195   1.79113551   134.97728575   1.146516427363   0.623464517949   3094.0000
 "MMM"    1.06198659   1.68888476   94.60758210   1.572815655899   0.207295767304   3095.0000
 "MMM"    1.13706590   1.68888476   99.98168364   1.643448501921   0.350581747900   3096.0000
 "MMM"    0.96446195   1.83473005   73.12376800   1.300404421247   -0.392795229647   3097.0000
 "MMM"    0.96446195   1.87700439   135.76642592   1.100647869910   0.623775252435   3098.0000
 "MMM"    1.29075279   1.67829701   103.00000000   1.718135401981   0.443946282606   3099.0000
 "MMM"    1.01660048   1.82314303   103.00000000   1.508936307990   0.276034479688   3100.0000
 "MMM"    0.81092505   1.68888476   122.49495375   1.224606346996   0.369634116871   310.0000
 "MMM"    1.03946195   1.68888476   103.00000000   1.555618318472   0.362163700972   31.0000
 "MMM"    1.04459056   1.68888476   132.85989280   1.269127417539   0.840057957501   3101.0000
 "MMM"    0.96446195   1.62022623   67.91686399   1.160266735548   -0.438236632664   3102.0000
 "MMM"    0.77284784   1.68888476   64.19991572   1.004191864216   -0.572182637271   3103.0000
 "MMM"    1.05163678   1.68888476   79.59276147   1.442387562012   -0.151963193587   3104.0000
 "MMM"    1.04835337   1.56617826   103.00000000   1.598797020607   0.530256359695   3105.0000
 "MMM"    0.98941726   1.72521351   103.00000000   1.500603206584   0.296950241524   3106.0000
 "MMM"    0.80749115   1.68888476   107.63857359   1.310960009583   0.219255157485   3107.0000
 "MMM"    1.09726778   1.48389772   103.00000000   1.673572989881   0.718060410293   3108.0000
 "MMM"    0.96446195   1.76657463   83.17988066   1.401075154321   -0.133105409172   3109.0000
 "MMM"    0.96446195   1.62198507   57.67408913   0.941865795050   -0.814586604143   3110.0000
 "MMM"    0.98072226   1.68888476   123.00426323   1.366464921608   0.626504774445   311.0000
 "MMM"    0.80570622   1.68888476   137.36871143   1.034484555404   0.427605232884   3111.0000
 "MMM"    0.96446195   1.86035506   119.70253857   1.340835776982   0.470831719165   3112.0000
 "MMM"    1.29508116   1.68888476   100.64422256   1.728208139288   0.387175234320   3113.0000
 "MMM"    0.96446195   1.68989521   112.17670446   1.448291263262   0.454669782481   3114.0000
 "MMM"    1.03122837   1.63605184   103.00000000   1.561361328899   0.414111824981   3115.0000
 "MMM"    0.87874869   1.68888476   110.15646088   1.375328455206   0.333812220089   3116.0000
 "MMM"    0.96446195   1.98149121   89.64700715   1.456219324143   -0.016858738175   3117.0000
 "MMM"    1.02719462   1.62623725   103.00000000   1.560110918570   0.424685826719   3118.0000
 "MMM"    0.93723189   1.68888476   99.64225372   1.456091518492   0.229106243679   3119.0000
 "MMM"    0.82171817   1.68888476   102.85787832   1.333830853791   0.174157762611   3120.0000
 "MMM"    1.07126041   1.68888476   79.04691744   1.454011655861   -0.164578678656   312.0000
 "MMM"    1.07102379   1.68888476   103.19508389   1.583478768460   0.385010310852   3121.0000
 "MMM"    0.86016110   1.83314900   103.00000000   1.362754950839   0.120346457388   3122.0000
 "MMM"    1.25271503   1.68888476   118.98844735   1.556205224517   0.773780869341   3123.0000
 "MMM"    1.14859123   1.68888476   133.76732067   1.297663985381   0.985083103886   3124.0000
 "MMM"    1.00894941   1.68888476   120.91634861   1.412104570103   0.633247641435   3125.0000
 "MMM"    0.96446195   1.80986763   60.24135026   1.087430748854   -0.763750221089   3126.0000
 "MMM"    0.75040520   1.68888476   128.61010311   1.109783452700   0.298328640118   3127.0000
 "MMM"    0.93521320   1.85813475   103.00000000   1.431335189324   0.195711596152   3128.0000
 "MMM"    1.04253441   1.85677346   103.00000000   1.526177787422   0.293850930614   3129.0000
 "MMM"    1.48993351   1.71596573   103.00000000   1.677364801781   0.353647822716   3130.0000
 "MMM"    1.35328503   1.73866495   103.00000000   1.714595121925   0.418526409135   313.0000
 "MMM"    0.90760897   1.68888476   75.67570083   1.254936231080   -0.277706457284   3131.0000
 "MMM"    1.09438999   1.65601223   103.00000000   1.612896961668   0.424035440212   3132.0000
 "MMM"    0.70890453   1.70049869   103.00000000   1.216436284229   0.035353750989   3133.0000
 "MMM"    1.07607388   1.87397928   103.00000000   1.550843133987   0.320370467173   3134.0000
 "MMM"    0.96446195   1.44497730   97.79450595   1.543333984252   0.692122097259   3135.0000
 "MMM"    1.19286713   1.68888476   124.37839812   1.468141083532   0.857139476127   3136.0000
 "MMM"    0.96446195   1.74031810   100.24843084   1.476552281353   0.218743187960   3137.0000
 "MMM"    0.92593240   1.71922596   103.00000000   1.438852158033   0.247744503177   3138.0000
 "MMM"    0.96446195   1.63797420   102.32357664   1.493980830334   0.355623647668   3139.0000
 "MMM"    1.36833496   1.68888476   93.06005660   1.763050566976   0.202124188805   3140.0000
 "MMM"    0.99163793   1.92382115   103.00000000   1.475431271935   0.253802999489   314.0000
 "MMM"    0.88554863   2.05383714   103.00000000   1.379631716387   0.183366387748   3141.0000
 "MMM"    1.20524222   1.68888476   114.79060712   1.594791411819   0.677103080775   3142.0000
 "MMM"    1.13138896   1.68888476   90.68344775   1.621291552999   0.143836303850   3143.0000
 "MMM"    0.96446195   1.82306381   93.76530813   1.462356154671   0.064748013261   3144.0000
 "MMM"    0.96446195   1.73077157   137.58131827   1.123318400955   0.689559810947   3145.0000
 "MMM"    0.69958297   1.68888476   110.02914454   1.194663554080   0.104631108225   3146.0000
 "MMM"    0.96446195   1.66895679   147.83430208   0.938243578078   0.851178685716   3147.0000
 "MMM"    0.96446195   1.71570331   73.06634966   1.271229772165   -0.357882586353   3148.0000
 "MMM"    1.07231703   1.67530163   103.00000000   1.588612464497   0.394037638678   3149.0000
 "MMM"    0.96446195   1.98786167   114.70812736   1.366947326652   0.443084218762   3150.0000
 "MMM"    0.96446195   2.01734575   110.41286163   1.401283565866   0.387508961973   315.0000
 "MMM"    1.05617353   1.62109526   103.00000000   1.589251692702   0.447230490062   3151.0000
 "MMM"    0.96446195   1.87566209   132.25653826   1.162033505187   0.599905843968   3152.0000
 "MMM"    0.84997923   1.84865473   103.00000000   1.352290662656   0.105303505056   3153.0000
 "MMM"    0.96446195   1.87768031   130.45268539   1.190702624155   0.586147248285   3154.0000
 "MMM"    0.96446195   1.71441264   109.01876489   1.459528819561   0.382851719018   3155.0000
 "MMM"    0.96446195   1.59873740   70.11119707   1.198995336075   -0.341533770966   3156.0000
 "MMM"    0.96446195   1.85495223   106.21417456   1.446723587297   0.277841474404   3157.0000
 "MMM"    1.11741536   1.49729371   103.00000000   1.685215158056   0.687222278864   3158.0000
 "MMM"    0.94083078   1.68888476   116.63453350   1.395072800877   0.492627842959   3159.0000
 "MMM"    0.96446195   1.92860130   92.72863553   1.460425201451   0.037767380426   3160.0000
 "MMM"    0.86319475   2.03517698   103.00000000   1.360439911472   0.148895279064   316.0000
 "MMM"    0.71782412   1.68888476   102.40301027   1.225383511524   0.053550740406   3161.0000
 "MMM"    0.75811882   1.68888476   128.72753873   1.114730089735   0.312947961544   3162.0000
 "MMM"    0.87789084   1.73665645   96.96454472   1.386669731057   0.095025339552   3163.0000
 "MMM"    1.18044344   1.73757970   90.00907506   1.648451355504   0.109659441052   3164.0000
 "MMM"    0.82764025   1.68001183   118.53494813   1.275602844863   0.374348082316   3165.0000
 "MMM"    1.01481293   1.66526540   136.38767225   1.199577290050   0.871994672378   3166.0000
 "MMM"    0.92828653   1.79294270   135.89775046   1.108756819391   0.554922946120   3167.0000
 "MMM"    0.84307490   1.54012057   100.19516451   1.371076383956   0.406104119522   3168.0000
 "MMM"    1.00390405   1.63894062   106.29512621   1.526305737256   0.453073916253   3169.0000
 "MMM"    1.11495342   1.85588294   97.45764629   1.595378691180   0.230553346844   3170.0000
 "MMM"    0.96446195   1.58434724   111.17372504   1.481669427967   0.594675310596   317.0000
 "MMM"    0.92027462   1.89441733   90.81306439   1.414421333311   -0.032598808536   3171.0000
 "MMM"    0.85585193   1.76421002   88.42192764   1.334292594846   -0.085167591027   3172.0000
 "MMM"    1.02654648   1.97453086   96.14128351   1.516580002565   0.160476419336   3173.0000
 "MMM"    1.17662035   1.62402748   92.33993778   1.685973788692   0.251749820131   3174.0000
 "MMM"    0.86814764   1.74094009   76.07805317   1.237622052856   -0.313185535071   3175.0000
 "MMM"    0.73004504   1.71254982   111.90750374   1.216444634572   0.133075751940   3176.0000
 "MMM"    1.29647910   1.64819208   91.68714592   1.753089746568   0.210097386381   3177.0000
 "MMM"    0.90347458   1.64436406   109.40365109   1.412273838523   0.408531922539   3178.0000
 "MMM"    0.87703481   1.64424752   120.13096518   1.317064781319   0.517446432233   3179.0000
 "MMM"    1.12517589   1.83784234   101.91305024   1.597715340683   0.331131687411   3180.0000
 "MMM"    0.96979198   1.81382988   103.00000000   1.468068048698   0.237121093716   318.0000
 "MMM"    0.99447775   1.74116910   95.69164582   1.501669579255   0.155623644234   3181.0000
 "MMM"    0.89055995   1.68817312   119.72005320   1.322924901550   0.465220410945   3182.0000
 "MMM"    0.94678790   1.66233599   96.84728883   1.465883782872   0.214587302043   3183.0000
 "MMM"    1.01978179   1.74726306   118.40719953   1.428399877359   0.558617605303   3184.0000
 "MMM"    0.96098855   1.83388861   118.24710623   1.360151311701   0.448793939640   3185.0000
 "MMM"    0.96844811   1.84409379   63.77506822   1.166156997715   -0.651795816224   3186.0000
 "MMM"    1.02141166   1.63209403   118.96893304   1.460556845004   0.692970197008   3187.0000
 "MMM"    0.96335199   1.59871876   66.71493951   1.129905874624   -0.454869369238   3188.0000
 "MMM"    0.89247483   1.66778441   85.19345240   1.342400040372   -0.048323789508   3189.0000
 "MMM"    0.93186844   1.66890715   71.70184898   1.213085648071   -0.363672609301   3190.0000
 "MMM"    1.22036426   1.68888476   106.94861218   1.667789427437   0.520181939866   319.0000
 "MMM"    0.73258273   1.45019304   99.82584247   1.235702865300   0.561138466553   3191.0000
 "MMM"    1.25173022   1.72274284   114.98994391   1.596108130507   0.678080144553   3192.0000
 "MMM"    1.02390183   1.47378903   107.94173595   1.590768826838   0.829552830668   3193.0000
 "MMM"    1.09518122   1.84435486   104.46134198   1.564620178901   0.362770705831   3194.0000
 "MMM"    0.72788484   1.68184112   117.58553533   1.187035931158   0.214174626023   3195.0000
 "MMM"    0.97642557   1.72361466   80.68041035   1.384181640990   -0.164058508895   3196.0000
 "MMM"    0.97835144   1.81222538   124.98684498   1.300560358649   0.556423133101   3197.0000
 "MMM"    0.88456236   2.14632023   104.71430180   1.371696165494   0.266208811915   3198.0000
 "MMM"    0.94835395   1.53702668   95.90166125   1.489055293594   0.402789759874   3199.0000
 "MMM"    0.91526968   1.47771299   115.25651188   1.433364674536   0.891401774378   3200.0000
 "MMM"    1.10210148   1.68888476   103.83071870   1.607756235329   0.414187192028   320.0000
 "MMM"    0.88446195   1.68888476   103.00000000   1.400157626194   0.238375747190   32.0000
 "MMM"    0.97202870   1.55112481   129.53135998   1.318329920867   0.979059225111   3201.0000
 "MMM"    1.12539359   1.70582749   77.03230917   1.474639935562   -0.231914140212   3202.0000
 "MMM"    1.15251656   1.47467171   105.31006174   1.707131450995   0.783247816799   3203.0000
 "MMM"    0.97286142   1.47092324   132.81139567   1.288853861384   1.300086945404   3204.0000
 "MMM"    1.32379636   1.68546619   127.57469107   1.412162293496   0.946853622524   3205.0000
 "MMM"    0.92337492   1.57952141   100.45368510   1.460602439530   0.387321238399   3206.0000
 "MMM"    1.34783685   1.73291625   112.46225806   1.628412625544   0.625550478025   3207.0000
 "MMM"    0.96386261   1.66135595   128.76024546   1.288831770445   0.712248518893   3208.0000
 "MMM"    0.99016657   1.71138792   139.80046192   1.103852011652   0.780467825340   3209.0000
 "MMM"    1.11035745   1.94346812   99.70012997   1.579066561594   0.287440763937   3210.0000
 "MMM"    0.96446195   1.71806182   125.82622998   1.309973998649   0.603870944369   321.0000
 "MMM"    1.04917444   1.82523542   94.92541296   1.542382537978   0.142215043040   3211.0000
 "MMM"    0.95413055   1.70245262   102.73968705   1.470384352051   0.282453005521   3212.0000
 "MMM"    0.85030474   1.60312517   95.96791131   1.362004635006   0.215081952975   3213.0000
 "MMM"    1.04683385   1.68947370   107.87771045   1.545862415407   0.456330118370   3214.0000
 "MMM"    0.96922488   1.68384635   109.36959232   1.469475505397   0.422398602854   3215.0000
 "MMM"    0.97024553   1.60395775   118.64411616   1.428459323437   0.684316643779   3216.0000
 "MMM"    1.02526514   1.65713106   138.91529349   1.161331414284   0.933087757872   3217.0000
 "MMM"    1.04434240   1.68032110   77.28364707   1.403108724914   -0.210494046657   3218.0000
 "MMM"    1.12884251   1.70888612   127.72611275   1.386790806908   0.848777775025   3219.0000
 "MMM"    0.89027806   1.71715079   84.62627234   1.338455117089   -0.105815482527   3220.0000
 "MMM"    1.31634851   1.72706363   103.00000000   1.712722022557   0.425017666845   322.0000
 "MMM"    0.95943481   1.94446364   118.34950011   1.332952918820   0.468443148847   3221.0000
 "MMM"    1.16618310   1.80151898   99.32671610   1.639743071910   0.300098613570   3222.0000
 "MMM"    1.08470472   1.65180558   74.18829528   1.391447165839   -0.282103656244   3223.0000
 "MMM"    1.02530461   2.08940972   107.79330678   1.462233108219   0.447421819804   3224.0000
 "MMM"    1.10645310   1.69282971   135.22896112   1.254526547945   0.952483469836   3225.0000
 "MMM"    1.03749769   1.89785147   108.78111653   1.486669554062   0.397750605509   3226.0000
 "MMM"    0.95350098   1.51770138   74.55457733   1.266748068875   -0.063988974781   3227.0000
 "MMM"    1.07665846   1.69696192   131.93428716   1.298559569930   0.862696018587   3228.0000
 "MMM"    0.86620430   1.79541942   96.89442749   1.373181812081   0.049189192680   3229.0000
 "MMM"    0.80923153   1.65498640   109.60020931   1.310504929847   0.290657243307   3230.0000
 "MMM"    0.96446195   1.66914696   81.23833916   1.376560008893   -0.110954503083   323.0000
 "MMM"    1.23881368   1.79625764   107.59805436   1.643079584332   0.507548077514   3231.0000
 "MMM"    0.90480291   1.66552207   113.53296717   1.388456282537   0.438079712274   3232.0000
 "MMM"    0.95754183   1.46796103   97.87440192   1.526669933352   0.621302559771   3233.0000
 "MMM"    1.00691201   1.62976908   99.60629661   1.540186308129   0.343773266741   3234.0000
 "MMM"    0.95709825   2.00366467   102.75106198   1.442111130692   0.236476702223   3235.0000
 "MMM"    0.86635965   1.72136985   69.70873171   1.149146520787   -0.454532477790   3236.0000
 "MMM"    0.88672991   1.59150825   108.73864628   1.407325249960   0.471626493252   3237.0000
 "MMM"    1.36133287   1.70053830   112.64178985   1.629219634395   0.627961933880   3238.0000
 "MMM"    0.75086190   1.82414663   101.75172510   1.260918663700   -0.020683793249   3239.0000
 "MMM"    1.17163311   1.68180845   105.85013424   1.650792931650   0.489477175397   3240.0000
 "MMM"    0.84501160   1.68888476   116.18265613   1.307850966744   0.363165380339   324.0000
 "MMM"    1.04343353   1.90948671   106.53409432   1.503376174388   0.364722944558   3241.0000
 "MMM"    1.06506597   1.72770019   70.74297794   1.315590073003   -0.440092197454   3242.0000
 "MMM"    0.95777236   1.65510760   90.57637631   1.452403299587   0.107968936355   3243.0000
 "MMM"    1.03547720   1.58471498   93.53019541   1.567135683559   0.300643770502   3244.0000
 "MMM"    1.23946669   1.71919762   107.63565341   1.662602398947   0.523859748257   3245.0000
 "MMM"    0.90824477   1.60893945   128.27615143   1.265830168443   0.725606874859   3246.0000
 "MMM"    1.11602793   1.64276992   112.61172509   1.583419196402   0.636243885229   3247.0000
 "MMM"    0.93533122   1.73391187   82.36077580   1.363410214579   -0.145422984687   3248.0000
 "MMM"    0.90039097   1.54279958   103.36584864   1.442388752895   0.497703444022   3249.0000
 "MMM"    0.98905141   1.73508926   87.65790715   1.460092643011   -0.007520917854   3250.0000
 "MMM"    0.96446195   1.53191823   70.71690410   1.203697100563   -0.216942408867   325.0000
 "MMM"    1.00633202   1.79749738   116.28670797   1.424256885721   0.488679681045   3251.0000
 "MMM"    0.89668447   1.67426724   95.25608049   1.406033922532   0.138064120317   3252.0000
 "MMM"    1.14506044   1.91511065   105.44483679   1.582107764815   0.426286935550   3253.0000
 "MMM"    0.85754088   1.78636740   97.89093880   1.365647050189   0.060801391419   3254.0000
 "MMM"    0.99833562   1.74130108   92.55152531   1.495747409848   0.095712210609   3255.0000
 "MMM"    1.38340515   1.80525042   104.65085246   1.691884806154   0.456002717439   3256.0000
 "MMM"    1.11111180   1.71851477   85.00652104   1.557152559260   -0.019111445633   3257.0000
 "MMM"    0.84019616   2.06091045   106.64622106   1.323310974045   0.192056589937   3258.0000
 "MMM"    1.14132591   1.99008519   101.54167612   1.590179407845   0.362940332976   3259.0000
 "MMM"    1.48827861   1.53022231   100.28193269   1.651009396504   0.301753500694   3260.0000
 "MMM"    1.01776010   1.98446143   103.00000000   1.492308555271   0.293869532552   326.0000
 "MMM"    1.40506827   1.69542356   124.49960665   1.427070924196   0.846465127104   3261.0000
 "MMM"    0.90390506   1.76394227   113.03856503   1.370024202201   0.334233128563   3262.0000
 "MMM"    0.80524095   1.67645796   108.68548799   1.306857877977   0.244704472202   3263.0000
 "MMM"    0.98045200   2.01035198   80.36420597   1.425874480696   -0.202849746310   3264.0000
 "MMM"    1.24376407   1.66407100   94.62365403   1.724153648078   0.269840687136   3265.0000
 "MMM"    0.92958840   1.67619420   73.51389629   1.240919142455   -0.320131067807   3266.0000
 "MMM"    1.02547705   1.72363833   60.98988167   1.089162817885   -0.773280580674   3267.0000
 "MMM"    0.97022724   1.58352759   121.54630175   1.406173330015   0.771028772698   3268.0000
 "MMM"    1.10299654   1.75899935   107.13691379   1.576233722675   0.437219184602   3269.0000
 "MMM"    0.77544469   1.55347814   101.84776903   1.290148202933   0.342640310492   3270.0000
 "MMM"    1.00005861   1.59769114   103.00000000   1.540566041044   0.451316974329   327.0000
 "MMM"    0.89703367   1.90447339   111.02877453   1.354292619721   0.270558187866   3271.0000
 "MMM"    0.93389435   1.67337612   87.56726413   1.405090328895   0.014646672161   3272.0000
 "MMM"    0.94601570   1.99077691   73.26576456   1.332767909153   -0.382907455053   3273.0000
 "MMM"    0.92183438   1.68577586   100.62349969   1.440792279307   0.236710240789   3274.0000
 "MMM"    0.88257331   1.62040264   107.26423207   1.401490290267   0.393526814384   3275.0000
 "MMM"    0.92012875   1.70104575   76.42495353   1.278020383426   -0.266164503190   3276.0000
 "MMM"    0.85327277   1.44879926   110.59625562   1.390229920379   0.851260021917   3277.0000
 "MMM"    0.93897335   1.81767287   96.36367701   1.442882125249   0.094744644282   3278.0000
 "MMM"    0.91735855   1.65258031   124.43563264   1.308273152206   0.608957253270   3279.0000
 "MMM"    0.79369845   1.69696814   114.39188419   1.267732876934   0.263850557188   3280.0000
 "MMM"    0.96446195   1.68512231   111.00336134   1.456298958319   0.441951958869   328.0000
 "MMM"    1.01889299   1.71619926   97.80738113   1.532599648537   0.228289077428   3281.0000
 "MMM"    1.10706289   1.70298919   100.43384062   1.615245275559   0.337552458051   3282.0000
 "MMM"    0.96824513   2.07685545   92.99747792   1.471551248985   0.081043635177   3283.0000
 "MMM"    0.89467426   1.65829518   107.73225000   1.406248400895   0.355567837808   3284.0000
 "MMM"    0.90550101   1.61183674   78.31649042   1.277536730721   -0.129790750755   3285.0000
 "MMM"    0.95385730   1.83767997   86.89062536   1.423898299331   -0.081175493993   3286.0000
 "MMM"    0.98737206   1.94523298   96.24248496   1.483562756752   0.126244771129   3287.0000
 "MMM"    0.95192915   1.64749323   125.33985595   1.328446691536   0.677568321234   3288.0000
 "MMM"    1.10791999   1.62953261   111.04232847   1.593789586536   0.617696584640   3289.0000
 "MMM"    0.92326807   1.64706627   108.54206198   1.435518477553   0.411326337225   3290.0000
 "MMM"    1.12294726   1.83220819   103.00000000   1.593402455061   0.352473144948   329.0000
 "MMM"    1.03523401   1.73945647   121.70488497   1.405708572671   0.629398495783   3291.0000
 "MMM"    1.00482206   1.61180937   136.71826079   1.206854359809   0.973183577596   3292.0000
 "MMM"    1.08859402   1.60762772   94.70774264   1.619708717865   0.308378214791   3293.0000
 "MMM"    0.88746226   1.69408913   111.97049265   1.374277973743   0.361621505429   3294.0000
 "MMM"    1.08277643   1.71308150   112.89477944   1.535943892961   0.553913029966   3295.0000
 "MMM"    1.29182222   1.63092838   104.03471822   1.722987947662   0.494282212151   3296.0000
 "MMM"    1.30764126   1.60481139   101.81456240   1.743890882399   0.462827701501   3297.0000
 "MMM"    1.03001011   1.67618686   113.59889029   1.500487458574   0.555124701692   3298.0000
 "MMM"    0.89748311   1.75013072   88.63864589   1.375604947493   -0.045779173867   3299.0000
 "MMM"    1.05860279   1.70250808   79.64634081   1.449346829854   -0.159276599956   3300.0000
 "MMM"    1.06897018   1.73809517   103.00000000   1.570275293083   0.345694314520   330.0000
 "MMM"    1.04446195   1.68888476   103.00000000   1.560207185673   0.365337456909   33.0000
 "MMM"    0.81925045   1.71901395   70.74241966   1.129469822875   -0.433370939589   3301.0000
 "MMM"    1.41162484   1.68337942   121.12741419   1.484127784810   0.774918826780   3302.0000
 "MMM"    0.91120434   1.87623778   108.75590400   1.384060732581   0.255173272393   3303.0000
 "MMM"    1.06391315   1.50655508   110.06330341   1.605793403186   0.800633673409   3304.0000
 "MMM"    1.24355857   2.04935021   102.64791067   1.637009416987   0.473449418761   3305.0000
 "MMM"    1.01752708   1.63192606   137.74795970   1.188601122493   0.959901334877   3306.0000
 "MMM"    1.08842503   1.44541997   101.57862132   1.684607467966   0.791329712724   3307.0000
 "MMM"    0.96764729   1.81080403   120.53020165   1.347284575643   0.490408805011   3308.0000
 "MMM"    0.98721226   1.65220620   110.57812649   1.488573539975   0.495752178026   3309.0000
 "MMM"    1.08538245   1.48171282   95.76433776   1.667346150493   0.573563010075   3310.0000
 "MMM"    0.99308416   1.68888476   82.04180776   1.414476046339   -0.101274438912   331.0000
 "MMM"    0.77750294   1.56348989   96.78575827   1.281166819690   0.245996445564   3311.0000
 "MMM"    0.86140590   1.67972952   99.93893104   1.376712088457   0.180639029930   3312.0000
 "MMM"    0.88256074   1.78097909   85.14056179   1.341222921749   -0.138185251502   3313.0000
 "MMM"    0.96839349   1.46526967   122.01264541   1.431755482635   1.102689010119   3314.0000
 "MMM"    0.91063215   1.70691637   139.76591201   1.059234895625   0.623218274651   3315.0000
 "MMM"    0.86828210   1.94306550   102.21954922   1.368089884805   0.114578123891   3316.0000
 "MMM"    1.02127607   1.95251555   102.07438423   1.501161258084   0.269703497300   3317.0000
 "MMM"    1.28151281   1.61211140   104.08769701   1.725079718117   0.512896951303   3318.0000
 "MMM"    0.91339705   1.53347992   109.01548558   1.449123801055   0.626401673378   3319.0000
 "MMM"    1.03824371   1.60180512   106.87429322   1.567590535318   0.539660679511   3320.0000
 "MMM"    1.11363191   1.68888476   83.18692407   1.545772100699   -0.045740777229   332.0000
 "MMM"    0.92529418   1.70273963   105.23552118   1.436707165647   0.297034639667   3321.0000
 "MMM"    1.00426206   1.66737565   123.44098266   1.386656772487   0.690446463942   3322.0000
 "MMM"    1.06993066   1.66341927   76.71737770   1.419556868478   -0.211944609785   3323.0000
 "MMM"    1.03328833   1.98979294   98.75001282   1.518302778862   0.223784324915   3324.0000
 "MMM"    1.24717592   1.66983848   96.28200448   1.724354825761   0.303235611760   3325.0000
 "MMM"    1.24267375   1.84142640   103.20088889   1.662950930222   0.414081897730   3326.0000
 "MMM"    0.88551986   1.72084810   115.36795453   1.345854595888   0.372497641663   3327.0000
 "MMM"    1.03994602   2.15071021   99.16568377   1.521345644957   0.308508055621   3328.0000
 "MMM"    1.05865099   1.66956579   124.24062977   1.414370198713   0.762448423047   3329.0000
 "MMM"    1.01317727   1.60197542   113.32101667   1.510311032947   0.639203293840   3330.0000
 "MMM"    1.28804454   1.68888476   94.87090038   1.739075452611   0.258216027535   333.0000
 "MMM"    0.97107175   1.69293179   120.85770360   1.381067649692   0.581269459284   3331.0000
 "MMM"    1.02326611   1.77003752   80.72689652   1.430879400086   -0.173224623696   3332.0000
 "MMM"    0.87250617   1.67256807   99.63654014   1.389067359198   0.193929224105   3333.0000
 "MMM"    0.99222067   1.77418703   126.91770514   1.296381779922   0.613214805069   3334.0000
 "MMM"    1.07054359   1.67468391   97.72414729   1.590281392142   0.288407084769   3335.0000
 "MMM"    1.02661597   1.73197721   82.59034111   1.452778733301   -0.108475925782   3336.0000
 "MMM"    0.94455878   1.84122837   127.45924186   1.234500506390   0.520813493279   3337.0000
 "MMM"    0.98092802   1.58891243   104.73095699   1.520311530449   0.485909502275   3338.0000
 "MMM"    0.87205161   2.02783766   101.05854153   1.374929039269   0.123788444409   3339.0000
 "MMM"    1.28747012   1.69384924   96.15776336   1.736542718211   0.285175547362   3340.0000
 "MMM"    0.96446195   1.87550132   84.44021172   1.421147556104   -0.131913162730   334.0000
 "MMM"    1.14862745   1.67876061   121.48395559   1.496589983395   0.785036538539   3341.0000
 "MMM"    0.84348944   1.61188711   116.61624579   1.317888329480   0.491700665108   3342.0000
 "MMM"    1.24779018   1.68048573   119.48648402   1.551340354066   0.787718764286   3343.0000
 "MMM"    0.88843268   1.77328823   89.36554303   1.371694039009   -0.050948260223   3344.0000
 "MMM"    0.87643664   1.96232278   102.75797020   1.373330584679   0.136113905211   3345.0000
 "MMM"    1.02863374   1.88838856   107.42322174   1.489773617237   0.363663997174   3346.0000
 "MMM"    0.99024267   1.84753219   65.59693126   1.209225201523   -0.601729705368   3347.0000
 "MMM"    0.99750975   1.76822419   69.05625960   1.244533381390   -0.495438861679   3348.0000
 "MMM"    0.85535239   1.71848460   113.76205569   1.328142197233   0.316804033332   3349.0000
 "MMM"    1.00463711   1.48186702   118.91703113   1.492336140773   1.015504937524   3350.0000
 "MMM"    0.82791445   2.09976873   103.00000000   1.332097818675   0.138387170327   335.0000
 "MMM"    1.08747273   1.44691736   99.93346884   1.686124882811   0.753690386152   3351.0000
 "MMM"    1.01773952   1.68722147   63.57197011   1.126729260885   -0.661710278715   3352.0000
 "MMM"    0.98004626   1.99084426   133.76710988   1.106495991156   0.729287891252   3353.0000
 "MMM"    1.34768311   1.54650650   102.98129615   1.738843416410   0.513734023064   3354.0000
 "MMM"    1.13610551   1.65233504   88.60602979   1.622566038881   0.127533940288   3355.0000
 "MMM"    0.95201845   1.71080736   82.30674969   1.377346019158   -0.124915301479   3356.0000
 "MMM"    0.88972789   1.50977655   99.65171126   1.433267423578   0.504213299335   3357.0000
 "MMM"    1.21735740   1.69306973   107.95998103   1.658465615708   0.538349103452   3358.0000
 "MMM"    1.01439643   1.48982390   114.97550242   1.533465452619   0.920406608935   3359.0000
 "MMM"    0.94838730   1.61759838   85.33618767   1.404474078255   0.039469462828   3360.0000
 "MMM"    1.19656585   1.68888476   117.45753528   1.562041661149   0.726646619444   336.0000
 "MMM"    0.95393765   1.70708769   83.81920376   1.393875939274   -0.087258196315   3361.0000
 "MMM"    0.99752949   2.04202982   105.86255971   1.457397652432   0.353557390407   3362.0000
 "MMM"    0.96200476   1.64252384   100.00994572   1.490395360706   0.306540973397   3363.0000
 "MMM"    1.03289313   1.61545662   122.48069687   1.436950935004   0.789222440557   3364.0000
 "MMM"    0.97238970   1.84524525   82.36127640   1.408758626832   -0.170656340347   3365.0000
 "MMM"    0.94233713   1.48505186   144.90427381   1.035124864837   1.419525040987   3366.0000
 "MMM"    1.28429277   1.65777694   118.35656363   1.574085990375   0.779407935132   3367.0000
 "MMM"    0.79023655   1.69056215   72.00796716   1.114135955317   -0.389754805852   3368.0000
 "MMM"    1.08381029   1.65651447   97.54948837   1.606986027855   0.308236735290   3369.0000
 "MMM"    0.97205937   1.56053703   96.37389735   1.512928652217   0.375400785182   3370.0000
 "MMM"    0.96446195   1.80772559   95.45947712   1.466478958067   0.100830951328   337.0000
 "MMM"    0.87934883   1.80378534   100.77544085   1.386285498270   0.117982599021   3371.0000
 "MMM"    1.01941790   1.48788896   102.77270433   1.596072887261   0.687298298492   3372.0000
 "MMM"    0.86727995   1.67561891   102.52686931   1.383823066736   0.230073482487   3373.0000
 "MMM"    0.99581087   1.75028956   98.73617772   1.505620200807   0.208867324513   3374.0000
 "MMM"    0.90571259   1.62967251   68.85223625   1.134756120165   -0.406213266458   3375.0000
 "MMM"    1.26483841   1.59395928   105.33033678   1.717891739244   0.560341038225   3376.0000
 "MMM"    0.98719029   2.12133542   91.73921232   1.490069874752   0.085843369661   3377.0000
 "MMM"    1.19399412   1.66664968   86.24150956   1.652928525983   0.062538850703   3378.0000
 "MMM"    1.23561141   1.98379898   104.27014430   1.629976504349   0.476823178835   3379.0000
 "MMM"    0.95940035   1.58755802   141.08974259   1.102713315671   1.014431954243   3380.0000
 "MMM"    0.96446195   1.83579881   88.82188598   1.444095283882   -0.035250270249   338.0000
 "MMM"    1.11079423   1.71036028   95.75217494   1.615425612709   0.235739124350   3381.0000
 "MMM"    0.95859337   1.69029821   61.58205476   1.053731035205   -0.701925557504   3382.0000
 "MMM"    0.82868823   1.62560039   88.95748754   1.301216874385   0.042230260447   3383.0000
 "MMM"    0.94329416   1.86870523   98.59766977   1.445256161820   0.128548894474   3384.0000
 "MMM"    1.00225496   1.61173473   127.95349751   1.345313143076   0.847372018040   3385.0000
 "MMM"    0.91616694   1.52623211   119.91230346   1.386016529800   0.827992720850   3386.0000
 "MMM"    0.85428205   1.70035051   112.54253366   1.337209763572   0.320933884944   3387.0000
 "MMM"    0.92827979   1.72067463   110.32596820   1.417327600317   0.359302092169   3388.0000
 "MMM"    1.15891186   1.65503860   111.21095810   1.616673715963   0.615584583179   3389.0000
 "MMM"    1.27534719   1.72160136   110.61215642   1.647305029086   0.591144054700   3390.0000
 "MMM"    0.88301665   1.73513150   103.00000000   1.393238775576   0.194245233845   339.0000
 "MMM"    1.37756100   1.70616605   103.48745132   1.715357676856   0.425947313002   3391.0000
 "MMM"    0.89690075   2.08400814   104.44091610   1.382436343083   0.237507116656   3392.0000
 "MMM"    1.01175278   1.72958023   138.42282961   1.134440667076   0.788064477200   3393.0000
 "MMM"    0.88393715   1.67561573   116.45246514   1.346270908415   0.435715841049   3394.0000
 "MMM"    0.90841039   1.59685646   122.76391166   1.333252041650   0.684762393362   3395.0000
 "MMM"    0.96547318   1.68048762   92.95427919   1.470251503891   0.132754001601   3396.0000
 "MMM"    1.03403957   1.63489888   111.80009477   1.528794775782   0.578118897042   3397.0000
 "MMM"    0.76349767   1.73054897   116.39296352   1.222598359955   0.197797627309   3398.0000
 "MMM"    0.87774266   1.51969912   112.42184227   1.397537116760   0.686280210707   3399.0000
 "MMM"    0.94199601   1.59017416   67.18961519   1.120971827519   -0.420400359444   3400.0000
 "MMM"    1.11018672   1.78251754   103.00000000   1.593833282266   0.352809492170   340.0000
 "MMM"    0.87946195   1.68888476   103.00000000   1.394885265116   0.233644501004   34.0000
 "MMM"    0.93258323   1.68706402   127.03244874   1.279457222138   0.605851566806   3401.0000
 "MMM"    0.96595680   1.70014658   141.63564619   1.058898345276   0.760077266961   3402.0000
 "MMM"    0.86873441   1.78879450   105.64826069   1.367789918836   0.182654372768   3403.0000
 "MMM"    0.96885718   1.76780974   108.74184333   1.453619339860   0.346574073884   3404.0000
 "MMM"    1.21397320   1.69355516   87.70139633   1.671788203705   0.081387750519   3405.0000
 "MMM"    1.06477332   1.63413606   109.94691702   1.566286215659   0.566812368898   3406.0000
 "MMM"    0.99952293   1.67002787   132.88654873   1.248550448693   0.799915053742   3407.0000
 "MMM"    1.06899918   1.74544837   102.42586669   1.570025923409   0.330716999329   3408.0000
 "MMM"    1.08244594   1.72916338   128.68057542   1.341705618048   0.793293771291   3409.0000
 "MMM"    0.73266075   1.83360159   102.76520946   1.242646772002   -0.035866697867   3410.0000
 "MMM"    1.41160176   1.69184291   103.00000000   1.713656358423   0.401862228210   341.0000
 "MMM"    1.02455718   1.65129131   113.12448600   1.506776296573   0.571762739380   3411.0000
 "MMM"    1.01724672   2.22408476   103.17748881   1.486374634503   0.427469438793   3412.0000
 "MMM"    0.93014136   1.63857653   106.80228031   1.450084338092   0.402556280108   3413.0000
 "MMM"    1.40421680   1.58929243   104.44706085   1.703816295883   0.462174143977   3414.0000
 "MMM"    0.84475849   1.64419332   96.54339589   1.354859163435   0.157515510672   3415.0000
 "MMM"    1.00212988   1.67711843   107.33125487   1.511124927482   0.424517339026   3416.0000
 "MMM"    0.75796149   1.66905869   111.02920181   1.250745270372   0.220817476714   3417.0000
 "MMM"    0.97588658   1.96936974   99.69304623   1.468877602136   0.187553990203   3418.0000
 "MMM"    0.78163861   1.60396975   112.42296256   1.276372808468   0.379927488496   3419.0000
 "MMM"    1.00593452   1.73980036   65.26970990   1.172279497333   -0.612164097362   3420.0000
 "MMM"    0.84541152   1.67663767   103.00000000   1.360024643190   0.214585927391   342.0000
 "MMM"    1.02768986   1.54912543   89.10944857   1.542218093192   0.264516878244   3421.0000
 "MMM"    1.02013469   1.72323567   79.43145266   1.410456453519   -0.184616112413   3422.0000
 "MMM"    0.73432744   1.70236493   127.64007636   1.105267458380   0.243688901988   3423.0000
 "MMM"    0.80271287   1.73617795   109.39581099   1.295698500008   0.183480628625   3424.0000
 "MMM"    0.92848298   1.65040867   65.90879140   1.104390041920   -0.520726831837   3425.0000
 "MMM"    1.29007636   1.69058861   81.04366513   1.672859729841   -0.101202821638   3426.0000
 "MMM"    0.90176910   1.62246511   75.02673846   1.229087790815   -0.227323498893   3427.0000
 "MMM"    0.98015009   1.73804365   111.38474720   1.455623374000   0.416705257021   3428.0000
 "MMM"    0.88007866   1.63542090   95.33162778   1.391126053055   0.175962692531   3429.0000
 "MMM"    0.98817256   1.92458237   125.49418338   1.266145864679   0.594949600406   3430.0000
 "MMM"    0.96446195   1.77656005   99.54433475   1.472123094826   0.186463887556   343.0000
 "MMM"    0.85832107   1.73513719   86.54823659   1.322838308876   -0.099265723153   3431.0000
 "MMM"    1.13176151   1.82308498   99.81703085   1.610291744027   0.291726959785   3432.0000
 "MMM"    1.02826045   1.63936070   108.11593637   1.542294153995   0.502363120465   3433.0000
 "MMM"    0.89621707   1.72706795   85.46191897   1.351695516500   -0.093226055457   3434.0000
 "MMM"    1.34189195   1.67224991   124.05984558   1.471300504948   0.875821616858   3435.0000
 "MMM"    0.90039382   1.80962507   102.82022170   1.403381411373   0.167994260367   3436.0000
 "MMM"    1.01339785   1.80655215   112.30049638   1.461269522966   0.433965816449   3437.0000
 "MMM"    0.98446094   1.62041962   76.04437009   1.324603212802   -0.190179113064   3438.0000
 "MMM"    1.28718956   1.66758041   96.26504120   1.743277484505   0.302201084495   3439.0000
 "MMM"    1.03552358   1.69740636   94.25816800   1.544415531550   0.180737468593   3440.0000
 "MMM"    1.42105697   1.68888476   97.58045143   1.746736705025   0.281657328772   344.0000
 "MMM"    0.95302121   1.92333813   123.85943116   1.266293397272   0.518920286429   3441.0000
 "MMM"    0.82537624   1.64898009   75.42339710   1.171129773508   -0.263739559565   3442.0000
 "MMM"    1.02520921   1.76779201   100.05887002   1.530362543632   0.245530161151   3443.0000
 "MMM"    1.43966732   1.60054722   106.87340507   1.657066052241   0.469017572214   3444.0000
 "MMM"    0.97290634   1.84472597   95.57095627   1.472803664298   0.100702262519   3445.0000
 "MMM"    1.51917437   1.89337678   103.30488119   1.660257962975   0.422288001662   3446.0000
 "MMM"    1.05788224   1.73438216   105.33071884   1.554500141430   0.384371900071   3447.0000
 "MMM"    0.87606536   2.05560984   97.62973652   1.387934034401   0.078796233167   3448.0000
 "MMM"    0.93823238   1.91937570   82.96274821   1.394467631969   -0.177673043216   3449.0000
 "MMM"    1.00895247   1.96006007   106.74451146   1.468196979209   0.347763486505   3450.0000
 "MMM"    1.11616959   1.68888476   95.45653855   1.624533309062   0.246668326774   345.0000
 "MMM"    1.08821098   1.92039650   98.03310985   1.567432931575   0.232332101166   3451.0000
 "MMM"    0.95715949   1.69240603   103.83464100   1.473641655913   0.312795285311   3452.0000
 "MMM"    1.22010262   2.00409400   102.37183638   1.631634414552   0.433396546546   3453.0000
 "MMM"    1.12358178   1.72666962   93.15424650   1.616631288987   0.173295483359   3454.0000
 "MMM"    1.04077786   1.87403708   95.01651214   1.531664765122   0.134621901563   3455.0000
 "MMM"    1.16575543   1.83621727   100.80684796   1.629730594782   0.329479806173   3456.0000
 "MMM"    0.79036027   1.66801162   121.53168566   1.218093324710   0.362271323293   3457.0000
 "MMM"    0.95636372   1.45614596   117.46248466   1.466127658128   1.035127947727   3458.0000
 "MMM"    0.95129781   1.91687694   97.20298561   1.451738126217   0.110879413422   3459.0000
 "MMM"    1.00477266   1.81243143   123.29474339   1.340864000907   0.576321621109   3460.0000
 "MMM"    1.26560411   1.68888476   105.84260583   1.691599023444   0.501318115650   346.0000
 "MMM"    0.96488777   1.79476285   96.91768139   1.469719482217   0.132339801978   3461.0000
 "MMM"    1.34046852   1.67844874   114.54806269   1.613244361149   0.678993072832   3462.0000
 "MMM"    1.02836303   1.76277030   117.65688808   1.437757446004   0.548575238198   3463.0000
 "MMM"    0.92908963   1.82336568   103.23014414   1.428447355946   0.199325074152   3464.0000
 "MMM"    1.02251010   1.62158643   121.03880016   1.443317800794   0.744682097292   3465.0000
 "MMM"    0.89271322   1.57522003   90.19153282   1.384352849815   0.184937292520   3466.0000
 "MMM"    1.30505453   1.81479549   102.80110928   1.693549630502   0.416253669031   3467.0000
 "MMM"    0.97867422   1.56366045   110.37647466   1.505882508391   0.633191541764   3468.0000
 "MMM"    0.86394863   1.79871329   108.65361366   1.350955648311   0.211409062559   3469.0000
 "MMM"    0.74068272   1.59962306   103.00000000   1.249289257468   0.226481854591   347.0000
 "MMM"    1.00004910   1.72824684   113.16586260   1.463569974552   0.471722850795   3471.0000
 "MMM"    1.53482466   1.73375886   108.13869874   1.588364653388   0.426820567510   3472.0000
 "MMM"    0.91689314   1.76116194   75.16588608   1.271467867092   -0.332021982114   3473.0000
 "MMM"    0.96178009   1.96815164   142.01934024   0.944189324031   0.734930056256   3474.0000
 "MMM"    0.84332436   1.80143336   94.35324552   1.346591080107   -0.014022357956   3475.0000
 "MMM"    1.15207783   1.69382055   59.09380937   1.101277862446   -0.971073058130   3476.0000
 "MMM"    0.94818479   1.64816313   79.89103439   1.343326261674   -0.126294920717   3477.0000
 "MMM"    0.80316385   1.74311586   113.90005321   1.273520098424   0.223271783425   3478.0000
 "MMM"    0.93651102   1.71489603   106.47690868   1.442338620211   0.315849688803   3479.0000
 "MMM"    0.93133524   1.74229424   121.66646139   1.325234621165   0.487211773030   3480.0000
 "MMM"    1.07119347   1.68888476   103.84416908   1.581990385716   0.397636032924   348.0000
 "MMM"    0.89920600   1.94016188   99.70133711   1.401810155100   0.107500653458   3481.0000
 "MMM"    1.14790573   1.70361187   122.70218250   1.471121827204   0.785242169431   3482.0000
 "MMM"    0.74470400   1.86318051   105.83685949   1.246423480067   0.004287398722   3483.0000
 "MMM"    0.94270558   1.70137016   90.19120500   1.430637541516   0.046288892661   3484.0000
 "MMM"    1.04161083   1.58989439   100.84886652   1.586757819561   0.444318770101   3485.0000
 "MMM"    0.99655252   1.84717364   96.66062140   1.495378433170   0.138604296140   3486.0000
 "MMM"    0.85677546   1.70698758   73.13961252   1.183791145949   -0.362328384282   3487.0000
 "MMM"    1.05324102   1.67182965   82.22707994   1.477800231900   -0.067681263032   3488.0000
 "MMM"    1.36605991   1.67989251   86.53771150   1.756921817207   0.049822828081   3489.0000
 "MMM"    1.17103289   1.71525991   77.00458514   1.514651214116   -0.238245982064   3490.0000
 "MMM"    0.90832772   1.74827032   103.00000000   1.417257590439   0.209514980063   349.0000
 "MMM"    0.86920520   2.22055412   98.74052976   1.390952835635   0.178175733298   3491.0000
 "MMM"    0.93085645   1.80266383   93.55516698   1.430078309968   0.042807360882   3492.0000
 "MMM"    0.82807787   1.77656993   105.18064389   1.330425441181   0.136066390217   3493.0000
 "MMM"    0.97205639   1.65667596   130.60901512   1.269817630958   0.753902818356   3494.0000
 "MMM"    1.16903369   1.68325481   89.80032983   1.650613558707   0.135046117147   3495.0000
 "MMM"    1.10993420   1.66512069   132.20003829   1.322314806288   0.949362314745   3496.0000
 "MMM"    1.14666943   1.62754700   113.29419774   1.601295226754   0.681361774770   3497.0000
 "MMM"    1.10765258   1.69128370   92.56927051   1.607898492524   0.178325136660   3498.0000
 "MMM"    0.84572907   1.62116724   85.26661747   1.291287754044   -0.011667251131   3499.0000
 "MMM"    0.96036119   1.44829285   112.91693560   1.505870663846   0.975329001810   3500.0000
 "MMM"    0.96446195   1.57553055   145.13078965   1.026005723838   1.109545060016   350.0000
 "MMM"    1.04946195   1.68888476   103.00000000   1.564758004125   0.368454239986   35.0000
 "MMM"    0.97758932   1.51155580   108.78356934   1.527098958123   0.722934903597   3501.0000
 "MMM"    0.92277143   1.72306816   66.54073789   1.137936333571   -0.544875145130   3502.0000
 "MMM"    0.92648707   1.83715251   112.68904145   1.378666763850   0.330815183143   3503.0000
 "MMM"    0.97629535   1.87136759   140.73943407   1.013217250915   0.668814837088   3504.0000
 "MMM"    1.07871887   1.65191301   79.21588758   1.466897190628   -0.127431752285   3505.0000
 "MMM"    0.99231356   1.72590263   128.20808318   1.295102344137   0.663977805255   3506.0000
 "MMM"    1.01105549   1.74428828   69.38523985   1.253283048582   -0.480967147682   3507.0000
 "MMM"    0.92112546   1.56132571   110.33470267   1.445942424793   0.590691389959   3508.0000
 "MMM"    1.28238816   1.87575752   100.55043496   1.686322544622   0.369687367696   3509.0000
 "MMM"    0.83875773   2.15092838   105.78064396   1.328527742260   0.233639130832   3510.0000
 "MMM"    0.96446195   1.66779931   80.09511065   1.362908211607   -0.137544988155   351.0000
 "MMM"    1.21167806   1.71650150   122.13205303   1.496256518536   0.806982153390   3511.0000
 "MMM"    1.09759786   1.49116572   104.31223427   1.666880429087   0.727241674872   3512.0000
 "MMM"    0.91341649   1.71051893   127.32246754   1.253451399605   0.546661442196   3513.0000
 "MMM"    0.96960179   2.26138961   109.42460381   1.405186067519   0.553878078265   3514.0000
 "MMM"    0.92999546   1.77354161   119.65552200   1.336410166428   0.441758511888   3515.0000
 "MMM"    1.11279033   1.69788408   141.35592907   1.130771319404   1.034513036922   3516.0000
 "MMM"    0.95345649   1.92241991   117.33653743   1.343694077808   0.437243587961   3517.0000
 "MMM"    1.11447319   1.75457766   108.57212886   1.577388133174   0.474036404122   3518.0000
 "MMM"    0.74070008   1.90259971   103.72442431   1.249245913238   -0.027262521589   3519.0000
 "MMM"    0.73463084   1.74036855   107.27384396   1.235335469147   0.069164430622   3520.0000
 "MMM"    0.97655834   1.70238104   103.00000000   1.492436071977   0.305095056203   352.0000
 "MMM"    0.92176253   1.79967563   84.78948579   1.377271667316   -0.131325496762   3521.0000
 "MMM"    0.94324783   1.90182347   73.08856419   1.303416450352   -0.398554636357   3522.0000
 "MMM"    0.92807476   1.72063833   115.50949820   1.384276290584   0.429068160367   3523.0000
 "MMM"    1.07332248   1.69018195   109.52719833   1.558843703391   0.504496084971   3524.0000
 "MMM"    0.97271245   1.87687371   120.70322929   1.331343585048   0.496924023996   3525.0000
 "MMM"    1.26707008   1.70206507   95.07831424   1.725964181493   0.256948645779   3526.0000
 "MMM"    0.92820093   2.04192724   96.20221546   1.434245975129   0.098673432778   3527.0000
 "MMM"    1.14263619   1.50772799   97.77639514   1.711306987285   0.556445463287   3528.0000
 "MMM"    1.10884305   1.71764769   124.18090223   1.426784172945   0.764747004730   3529.0000
 "MMM"    1.02810563   1.76869001   101.88422689   1.530588485710   0.281391247288   3530.0000
 "MMM"    1.08467740   1.68888476   134.40876646   1.262271744859   0.917193152933   353.0000
 "MMM"    1.04467350   1.64435013   71.49831174   1.302978208405   -0.360167655272   3531.0000
 "MMM"    1.04457735   1.75096998   123.77062405   1.382171450749   0.662065663314   3532.0000
 "MMM"    1.19454766   1.68897221   100.51108704   1.682713350942   0.378173388916   3533.0000
 "MMM"    1.18461145   1.62265660   106.93663009   1.669856033742   0.568087307555   3534.0000
 "MMM"    0.89646724   2.12315792   103.23320081   1.388713733402   0.237058726990   3535.0000
 "MMM"    0.84066267   1.70290075   83.48523256   1.278913425555   -0.142284827830   3536.0000
 "MMM"    0.83997025   1.40782835   108.36619554   1.387493471510   0.951024934016   3537.0000
 "MMM"    1.11420564   1.67786537   126.36448111   1.413155166566   0.843318748919   3538.0000
 "MMM"    1.34345662   1.75519770   106.91077353   1.681518077377   0.505988810258   3539.0000
 "MMM"    0.71203318   1.80416109   104.17974594   1.220389867459   -0.035661442026   3540.0000
 "MMM"    0.71200863   1.59726291   103.00000000   1.217338899224   0.199816985316   354.0000
 "MMM"    0.78237460   1.66940676   96.63509228   1.286423688591   0.072015826548   3541.0000
 "MMM"    0.95077294   2.16066570   96.30309112   1.459688127064   0.172505254364   3542.0000
 "MMM"    1.43242390   1.66177396   102.27064155   1.712806244443   0.376730147923   3543.0000
 "MMM"    1.41020405   1.67102619   87.08021974   1.770651450280   0.055895487426   3544.0000
 "MMM"    0.99981211   1.60922037   96.65587574   1.532855081127   0.311530863355   3545.0000
 "MMM"    1.02082859   1.73820613   93.34703512   1.521033480631   0.125987976168   3546.0000
 "MMM"    1.07366521   1.70841627   76.02516642   1.411604742736   -0.264903060826   3547.0000
 "MMM"    0.95603836   1.62290044   70.92305322   1.210818271493   -0.343424160900   3548.0000
 "MMM"    1.23556215   1.67874600   126.40712482   1.446604721435   0.922497005028   3549.0000
 "MMM"    0.97689052   1.87338513   70.89199848   1.290280745968   -0.450385977935   3550.0000
 "MMM"    0.96446195   1.98523692   94.98372717   1.464110273032   0.090827800740   355.0000
 "MMM"    0.93929007   1.94011004   101.77708069   1.432792335756   0.183535122200   3551.0000
 "MMM"    1.18986719   1.64312349   96.34990343   1.697138496525   0.323340078692   3552.0000
 "MMM"    1.01941225   1.58398223   121.25760977   1.450593610178   0.815264680316   3553.0000
 "MMM"    0.84086929   1.79230280   105.72262447   1.340222459704   0.149540679983   3554.0000
 "MMM"    1.04940589   1.67444649   64.76903460   1.169876637279   -0.627825920046   3555.0000
 "MMM"    1.32875489   1.69214734   75.06836991   1.621869262095   -0.313133712930   3556.0000
 "MMM"    0.96456858   1.89085554   127.86872036   1.226402112474   0.567182322207   3557.0000
 "MMM"    1.50622248   1.62327241   98.78891019   1.687427291538   0.245184595887   3558.0000
 "MMM"    0.80005035   1.64894510   97.40443328   1.307415122889   0.126377444768   3559.0000
 "MMM"    1.01133801   1.63511969   107.85199192   1.528856992979   0.491205093166   3560.0000
 "MMM"    0.96446195   1.90380906   120.82655036   1.317208605747   0.492646722861   356.0000
 "MMM"    1.23500716   1.70552643   116.37745386   1.581068734789   0.708870491981   3561.0000
 "MMM"    0.96316444   1.44019986   106.58252453   1.540555921785   0.879874528266   3562.0000
 "MMM"    0.78603225   1.74403064   100.66460596   1.295374124900   0.054113740798   3563.0000
 "MMM"    1.05732743   1.60888195   96.54600712   1.592997690622   0.335125504531   3564.0000
 "MMM"    1.03344148   1.85444644   95.51340669   1.527012650493   0.140879492704   3565.0000
 "MMM"    0.83090144   1.74954318   84.84190404   1.286426144328   -0.157241818253   3566.0000
 "MMM"    1.02330467   1.83994472   96.53953266   1.519970624411   0.156177801055   3567.0000
 "MMM"    0.82813737   1.71479684   132.96726685   1.110164042045   0.419711995557   3568.0000
 "MMM"    1.18277683   1.82412614   107.57774401   1.609435494029   0.481905005344   3569.0000
 "MMM"    0.98786687   1.74052307   125.18020270   1.328252964712   0.610284219363   3570.0000
 "MMM"    1.30085042   1.68888476   107.34764212   1.687832109720   0.531870393145   357.0000
 "MMM"    0.94068523   1.56450288   134.51593396   1.213470776585   0.969360291728   3571.0000
 "MMM"    0.84005144   2.18601887   100.05280735   1.359414369216   0.150666421729   3572.0000
 "MMM"    0.97456886   1.58676886   79.24809038   1.363159555203   -0.056606466830   3573.0000
 "MMM"    1.35427022   1.70007693   91.43240797   1.758015075269   0.163061349049   3574.0000
 "MMM"    0.97788563   1.76309301   66.73069171   1.189895434425   -0.562108278265   3575.0000
 "MMM"    1.11926035   1.64302547   93.97894635   1.635749048340   0.257513654044   3576.0000
 "MMM"    0.88603828   2.05366038   97.32708457   1.396964180155   0.082848251015   3577.0000
 "MMM"    0.95359322   1.70409657   84.65879820   1.401163272475   -0.066450352679   3578.0000
 "MMM"    0.93148865   2.09737109   107.56302292   1.391454267076   0.343789325248   3579.0000
 "MMM"    1.50916956   1.74349831   100.61281251   1.687734129756   0.297375031963   3580.0000
 "MMM"    0.96446195   1.53907888   138.97079834   1.159762384904   1.152185771757   358.0000
 "MMM"    1.14664511   1.70130778   86.41212274   1.604395310734   0.034527929126   3581.0000
 "MMM"    0.95972890   1.50659304   116.06410744   1.467357434519   0.857428949666   3582.0000
 "MMM"    0.92639138   1.65424763   84.01340000   1.366706899078   -0.044081160377   3583.0000
 "MMM"    0.75778198   1.64049228   116.79688773   1.225132423932   0.322047942798   3584.0000
 "MMM"    0.86033074   1.81155326   104.60998346   1.360534434942   0.149440485984   3585.0000
 "MMM"    1.04103040   1.90692400   103.91715682   1.514769939262   0.313085161493   3586.0000
 "MMM"    0.89533005   1.43908425   105.29917836   1.459231590471   0.821127737521   3587.0000
 "MMM"    1.08482281   1.68602965   56.89452083   1.005060818079   -1.000450883667   3588.0000
 "MMM"    0.87364795   1.62921977   120.25232085   1.316207616090   0.541247441685   3589.0000
 "MMM"    0.91762828   1.69671450   126.94524190   1.265695695550   0.567919961480   3590.0000
 "MMM"    0.88346431   1.68888476   104.93891285   1.396445981571   0.266259602525   359.0000
 "MMM"    0.97981823   1.77336312   82.20530929   1.406746350125   -0.152372868055   3591.0000
 "MMM"    0.95785222   2.03824453   71.37105146   1.334370076243   -0.414384480812   3592.0000
 "MMM"    1.06157415   1.72008941   138.51684806   1.160566221870   0.889917695746   3593.0000
 "MMM"    1.05478972   1.68046768   113.97009380   1.516303293714   0.578267157486   3594.0000
 "MMM"    1.41912773   1.69929129   127.12947226   1.365397102193   0.885853581683   3595.0000
 "MMM"    0.95141464   1.91985095   102.78225968   1.441589293723   0.209888739779   3596.0000
 "MMM"    1.33219972   1.84096956   101.09487977   1.704895789077   0.382739485870   3597.0000
 "MMM"    1.39492337   1.64726242   99.72227108   1.744472493975   0.351857426255   3598.0000
 "MMM"    1.00042857   1.75759678   120.49552216   1.388333423177   0.557470613012   3599.0000
 "MMM"    0.92873329   1.58478319   86.58433884   1.396749069872   0.109897829402   3600.0000
 "MMM"    0.96446195   1.76228692   107.78603218   1.455162028365   0.330215780406   360.0000
 "MMM"    0.87446195   1.68888476   103.00000000   1.389606443245   0.228871650177   36.0000
 "MMM"    0.99574574   1.68323938   120.83760657   1.404372971336   0.623059603837   3601.0000
 "MMM"    1.09875109   1.70426744   76.33936405   1.439461730595   -0.252544650707   3602.0000
 "MMM"    1.34448452   1.67139172   99.29558552   1.746690247855   0.355261646681   3603.0000
 "MMM"    0.99565985   1.75300671   140.11320217   1.083766817153   0.741594232328   3604.0000
 "MMM"    0.87233156   1.67381692   66.81378070   1.092244011850   -0.500306957469   3605.0000
 "MMM"    0.84154588   1.67615512   84.92558090   1.288451589089   -0.088389551813   3606.0000
 "MMM"    1.07839996   1.60936956   109.99853364   1.584792145219   0.609667409472   3607.0000
 "MMM"    1.30867241   1.72100009   95.07662888   1.738888962539   0.247776965046   3608.0000
 "MMM"    0.88828731   1.70525268   116.14641192   1.346151325393   0.401362779649   3609.0000
 "MMM"    0.94926758   1.51782298   63.52222420   1.027467032945   -0.445364498143   3610.0000
 "MMM"    0.96446195   1.84409723   110.10989770   1.427568762472   0.339513893438   361.0000
 "MMM"    0.92884855   1.98221955   92.35556413   1.431048358325   0.010139478648   3611.0000
 "MMM"    1.06310738   1.57823411   112.50437842   1.566176198424   0.699349455325   3612.0000
 "MMM"    0.96676450   2.01509334   140.31858505   0.965657713163   0.804731765720   3613.0000
 "MMM"    0.90205607   1.82513485   97.89108666   1.408173897547   0.087151121543   3614.0000
 "MMM"    0.98942011   1.65815057   90.19653831   1.483680064771   0.111622694909   3615.0000
 "MMM"    0.94531675   2.07843592   120.23148538   1.278566493152   0.573382054874   3616.0000
 "MMM"    0.82348409   2.14898595   103.57366746   1.328012245160   0.173259992632   3617.0000
 "MMM"    0.89377249   1.58441369   82.29438661   1.312887001089   0.002445359266   3618.0000
 "MMM"    1.20491235   1.75987316   100.99773238   1.669615164662   0.359369024213   3619.0000
 "MMM"    0.97826137   1.78812003   83.72390769   1.420126371271   -0.123952089542   3620.0000
 "MMM"    0.96446195   1.97570767   82.67777388   1.423147826313   -0.165106874998   362.0000
 "MMM"    1.14413881   1.79564803   97.55311591   1.626674503710   0.252911166447   3621.0000
 "MMM"    1.29810075   1.66470081   92.95684617   1.749866388160   0.227400425951   3622.0000
 "MMM"    1.22794891   1.68890912   138.63271453   1.207669972262   1.133696231690   3623.0000
 "MMM"    0.95091034   1.81270836   78.71321322   1.350945851947   -0.255645805081   3624.0000
 "MMM"    0.84037827   1.76883554   109.40490668   1.328798394263   0.206813748868   3625.0000
 "MMM"    1.09663800   1.84451194   108.88145528   1.540708504689   0.448914799506   3626.0000
 "MMM"    0.84809699   1.64947703   119.60549116   1.292652674980   0.462357012567   3627.0000
 "MMM"    1.27183275   1.74309720   101.28490384   1.705163368736   0.383084118566   3628.0000
 "MMM"    0.99981638   1.85987579   123.44654495   1.320833728342   0.568276306674   3629.0000
 "MMM"    1.27385982   1.68226777   66.28959197   1.389434700740   -0.698839529792   3630.0000
 "MMM"    0.89698607   1.68888476   63.23285936   1.052694630670   -0.620307257980   363.0000
 "MMM"    0.92740143   1.88875212   106.09683159   1.410252814320   0.235224581633   3631.0000
 "MMM"    1.06179407   1.68442481   130.30911540   1.322513037463   0.836497957725   3632.0000
 "MMM"    0.93356609   1.77086076   145.30020125   0.941438639026   0.595288593201   3633.0000
 "MMM"    0.85704282   2.13602560   107.00566099   1.335300416444   0.268327485964   3634.0000
 "MMM"    1.13667803   1.66784285   73.20411184   1.421684170112   -0.335384208836   3635.0000
 "MMM"    0.94755125   2.02134677   77.49435714   1.380855802744   -0.279994700110   3636.0000
 "MMM"    0.93793943   1.50005744   94.96273200   1.481777774238   0.466834469100   3637.0000
 "MMM"    1.00739530   1.75927233   82.91483638   1.438330274544   -0.120352095700   3638.0000
 "MMM"    1.06262246   1.66677215   121.44559739   1.452647561161   0.725550898567   3639.0000
 "MMM"    0.97827481   1.65821775   85.80575564   1.438246366162   0.011117272009   3640.0000
 "MMM"    1.10642725   1.68888476   93.96683367   1.612207664780   0.210791976148   364.0000
 "MMM"    1.53528126   1.70813423   115.86827620   1.468017243640   0.558674197768   3641.0000
 "MMM"    1.01537036   1.74020458   70.86797930   1.281272072668   -0.434342255833   3642.0000
 "MMM"    0.96820779   2.18885690   81.06259342   1.453721727379   -0.140605732961   3643.0000
 "MMM"    0.80886521   1.66246840   122.86532297   1.224242194531   0.411362753584   3644.0000
 "MMM"    1.01241675   1.64651132   107.08301926   1.529745776360   0.463445018201   3645.0000
 "MMM"    0.99041383   1.67265291   77.68768800   1.356944315768   -0.198806231946   3646.0000
 "MMM"    0.92942880   1.68405583   146.37324688   0.946977689093   0.728096120413   3647.0000
 "MMM"    0.92780837   1.71922114   120.97827097   1.335810935180   0.495740539065   3648.0000
 "MMM"    1.04990031   1.71245770   73.92283225   1.356791977311   -0.330695070487   3649.0000
 "MMM"    0.98490766   1.78076494   95.41803993   1.487824539849   0.124110832881   3650.0000
 "MMM"    1.39285832   1.77296741   103.00000000   1.708431707376   0.411079794437   365.0000
 "MMM"    1.09658709   1.69929867   124.37124451   1.424455483421   0.771330073590   3651.0000
 "MMM"    0.94677031   1.54839389   114.70060730   1.452500736625   0.715383854065   3652.0000
 "MMM"    0.95759089   1.65000260   94.97143969   1.473863999625   0.200701031745   3653.0000
 "MMM"    0.94061094   1.45897860   67.28217155   1.097291827750   -0.167872217708   3654.0000
 "MMM"    0.98555942   1.44949191   78.54750280   1.388984702955   0.228783856796   3655.0000
 "MMM"    1.01339207   1.64603847   98.86889893   1.542398527283   0.312602698227   3656.0000
 "MMM"    0.76676416   1.67121768   121.02200144   1.199919067689   0.315893725488   3657.0000
 "MMM"    0.95764194   1.61368471   97.95380971   1.488623819587   0.306413076440   3658.0000
 "MMM"    0.81023578   1.79436082   112.90413178   1.279345693291   0.188598132519   3659.0000
 "MMM"    1.07938209   1.70752399   143.04772753   1.078909126243   0.982529220504   3660.0000
 "MMM"    0.91719236   1.68888476   99.06721293   1.434548254674   0.203668675554   366.0000
 "MMM"    1.28105741   1.69134808   76.99034593   1.613909170594   -0.233983074541   3661.0000
 "MMM"    0.98207268   1.78531947   99.00679883   1.488051588584   0.187021792562   3662.0000
 "MMM"    0.94994987   1.65941031   94.47138075   1.462460483606   0.175517636992   3663.0000
 "MMM"    0.83386338   1.62669739   93.87015339   1.333890413568   0.130017766117   3664.0000
 "MMM"    0.73603064   1.75391780   100.29059319   1.245613393238   -0.014263953587   3665.0000
 "MMM"    0.82957392   1.70886752   103.30269019   1.340251168188   0.166976251175   3666.0000
 "MMM"    0.88440024   1.59163517   91.73162635   1.382924535968   0.181118786078   3667.0000
 "MMM"    0.90656108   1.58543526   97.20792577   1.433687347473   0.307025403218   3668.0000
 "MMM"    0.98404609   1.74546687   90.92191006   1.474068858024   0.052314672688   3669.0000
 "MMM"    0.85654111   1.61640116   86.82368589   1.315942862883   0.031547226195   3670.0000
 "MMM"    1.06508114   1.78967098   103.00000000   1.556240894967   0.321424951524   367.0000
 "MMM"    0.85931404   1.66487516   96.55283444   1.369779261464   0.142554320589   3671.0000
 "MMM"    1.00772299   1.51979872   88.81008011   1.524998295411   0.313876240851   3672.0000
 "MMM"    1.01950228   1.83637519   117.27308488   1.414066058222   0.511677495276   3673.0000
 "MMM"    0.84799635   1.68319866   79.49526248   1.245252952549   -0.202260206250   3674.0000
 "MMM"    0.89715604   1.81936767   94.87605261   1.400337354827   0.034183514438   3675.0000
 "MMM"    0.90114550   1.91381304   99.39113521   1.404368548467   0.101707989994   3676.0000
 "MMM"    0.94765435   1.45849944   135.05878237   1.233572450004   1.361307115634   3677.0000
 "MMM"    1.38381089   1.71265993   102.17936268   1.723081940341   0.394507624323   3678.0000
 "MMM"    1.37798392   1.68236027   132.38958573   1.287777556256   1.016342967713   3679.0000
 "MMM"    0.87446810   1.71643072   77.48274692   1.253514000231   -0.264180594157   3680.0000
 "MMM"    0.96446195   1.53667837   125.85125086   1.365236210265   0.949890384674   368.0000
 "MMM"    1.28212539   2.16399015   101.58210890   1.652763236468   0.532524701491   3681.0000
 "MMM"    1.02866528   1.84742232   108.32171574   1.491723171672   0.378032214106   3682.0000
 "MMM"    0.97896259   1.54456547   138.05626569   1.185631184178   1.143086864075   3683.0000
 "MMM"    1.07733547   1.67735560   122.14910976   1.450060547149   0.738992733833   3684.0000
 "MMM"    1.17741403   1.62732222   93.39376255   1.688618959368   0.272199164495   3685.0000
 "MMM"    1.26813425   1.67338032   96.39822132   1.733539643631   0.303082667386   3686.0000
 "MMM"    1.01065319   1.66278971   88.39710725   1.493235094555   0.076438186624   3687.0000
 "MMM"    1.11796192   1.69531055   91.81026730   1.613160740266   0.161326884671   3688.0000
 "MMM"    1.06154553   1.91446292   98.10516741   1.546440596783   0.214925360825   3689.0000
 "MMM"    0.93332518   1.66164668   107.71627363   1.445657674914   0.388649436839   3690.0000
 "MMM"    0.92498533   1.68888476   83.22461620   1.358587257362   -0.096674395927   369.0000
 "MMM"    1.21198571   1.62042040   104.05417366   1.699794359581   0.512703872726   3691.0000
 "MMM"    1.03631518   1.57681994   93.13329105   1.568551410708   0.305605992608   3692.0000
 "MMM"    1.37079162   1.70206299   127.46317424   1.389990928569   0.924116639516   3693.0000
 "MMM"    0.90745139   1.69982720   138.27193557   1.086145945931   0.622812349668   3694.0000
 "MMM"    1.11084821   1.84260401   99.27283504   1.592192412546   0.267280919406   3695.0000
 "MMM"    0.96839367   1.58915424   111.98064019   1.479933914144   0.602470587462   3696.0000
 "MMM"    0.98881633   1.51825558   107.82937671   1.540675310636   0.695032906901   3697.0000
 "MMM"    0.86078179   1.85634881   102.20088067   1.363843160034   0.104846443596   3698.0000
 "MMM"    0.92608979   1.95501792   114.36966641   1.345309674879   0.370303033080   3699.0000
 "MMM"    0.95381277   1.67805434   107.31277718   1.464153297689   0.381715008662   3700.0000
 "MMM"    0.96446195   1.95937939   88.87678292   1.451982627181   -0.036109220286   370.0000
 "MMM"    1.05446195   1.68888476   103.00000000   1.569269981688   0.371513500342   37.0000
 "MMM"    1.26021116   2.02477452   103.35780648   1.642144730679   0.485644328798   3701.0000
 "MMM"    0.85628165   1.71115345   73.42598123   1.188252848233   -0.358549178728   3702.0000
 "MMM"    0.96158315   1.66489952   83.70183953   1.400301286646   -0.049667384484   3703.0000
 "MMM"    0.82620205   1.74486499   99.87900987   1.336104474741   0.085006311625   3704.0000
 "MMM"    0.96788532   1.79892334   75.65123320   1.327052884560   -0.322075670605   3705.0000
 "MMM"    0.95779686   1.65619349   107.72022499   1.471626996139   0.417952183117   3706.0000
 "MMM"    0.82663183   1.85360687   102.18414661   1.331747654287   0.066455446765   3707.0000
 "MMM"    0.93291359   1.57184132   98.14000592   1.469465438870   0.365935405390   3708.0000
 "MMM"    1.01678070   1.69865375   70.38970396   1.265406809146   -0.430705857624   3709.0000
 "MMM"    1.00731692   1.57282634   97.09408406   1.551662090825   0.383340631374   3710.0000
 "MMM"    1.49634362   1.59740909   103.00000000   1.647406224421   0.330227617005   371.0000
 "MMM"    1.47829162   2.03282882   102.61086869   1.673982538947   0.505468998065   3711.0000
 "MMM"    0.96409184   1.96982945   92.00000353   1.460513906018   0.028450675424   3712.0000
 "MMM"    0.89805265   1.72037311   107.12158116   1.401048047310   0.281513397724   3713.0000
 "MMM"    1.18872693   1.55381853   107.53848610   1.688610855784   0.670914813992   3714.0000
 "MMM"    1.06121231   1.81919265   95.61954555   1.554533269170   0.164735024047   3715.0000
 "MMM"    0.88500084   1.96652528   97.27785856   1.392517281349   0.056674336064   3716.0000
 "MMM"    0.96361283   2.15630121   71.22710515   1.369881384310   -0.382164258949   3717.0000
 "MMM"    0.97806741   2.09594552   133.59717738   1.082640233713   0.863283124870   3718.0000
 "MMM"    0.86399488   1.65652564   134.97903764   1.122029361821   0.602830206682   3719.0000
 "MMM"    0.93638729   1.66916110   117.91255131   1.385621057951   0.529115782544   3720.0000
 "MMM"    0.99184828   1.68888476   77.13997334   1.351621761472   -0.226577280578   372.0000
 "MMM"    0.94799494   2.06670183   83.01939613   1.426884923018   -0.148305150713   3721.0000
 "MMM"    1.00482707   2.01404339   114.06021643   1.399239468747   0.498492755619   3722.0000
 "MMM"    0.95020715   1.58091622   110.36027153   1.471901669378   0.575659739102   3723.0000
 "MMM"    1.21390509   1.67825535   111.98700363   1.628659327685   0.629729011388   3724.0000
 "MMM"    1.04309505   1.73078444   126.02694766   1.357891401730   0.705252741218   3725.0000
 "MMM"    0.98286506   1.94195867   106.80011775   1.448658905018   0.316085171531   3726.0000
 "MMM"    0.86047251   1.84419093   110.17083943   1.334685128133   0.211769517694   3727.0000
 "MMM"    0.97869153   1.53114941   65.77833635   1.107205697472   -0.400516709299   3728.0000
 "MMM"    0.95191916   1.87446431   126.29216637   1.245816167772   0.525797631369   3729.0000
 "MMM"    0.87446877   1.64892717   73.66009456   1.190124224627   -0.296054136443   3730.0000
 "MMM"    0.96446195   1.77721965   114.45121314   1.410939405823   0.420492751517   373.0000
 "MMM"    0.90344639   1.67728514   93.09270926   1.405002924721   0.100771885501   3731.0000
 "MMM"    0.88770463   1.65950499   85.60148392   1.340582691775   -0.033174849123   3732.0000
 "MMM"    0.97785585   1.91280873   111.03851283   1.420698307840   0.373601373084   3733.0000
 "MMM"    0.97437036   1.94882768   55.73325708   1.085434040316   -0.864518732444   3734.0000
 "MMM"    1.08726379   1.72017382   80.80402412   1.490210141410   -0.134563286344   3735.0000
 "MMM"    0.86926041   2.06853757   102.40789158   1.368473076237   0.161211738388   3736.0000
 "MMM"    1.12484609   1.88515477   106.15560836   1.569665381590   0.420698600850   3737.0000
 "MMM"    0.92729464   1.71664456   133.03055664   1.180837548439   0.607555319739   3738.0000
 "MMM"    0.98203245   1.62205048   117.26047984   1.445930553954   0.642657292560   3739.0000
 "MMM"    0.76991484   1.67239557   81.20063430   1.186790011045   -0.193803002302   3740.0000
 "MMM"    0.84195862   1.68888476   125.96052309   1.216349996536   0.446247879423   374.0000
 "MMM"    0.85326279   1.57259831   109.02012081   1.372484977507   0.481542965928   3741.0000
 "MMM"    0.95861885   2.11948503   69.40581496   1.338001598230   -0.438490677744   3742.0000
 "MMM"    0.96290568   1.77389193   101.87772410   1.469053627516   0.226705630022   3743.0000
 "MMM"    1.13575485   1.72242615   108.44398936   1.601633622012   0.499969023366   3744.0000
 "MMM"    1.04569022   1.95050505   109.49942014   1.479131470756   0.432526129325   3745.0000
 "MMM"    0.90227144   1.77551544   98.81836421   1.411104306419   0.121910726557   3746.0000
 "MMM"    0.91923755   1.74158001   73.91126872   1.252508194019   -0.353593169355   3747.0000
 "MMM"    1.14332888   1.71302465   101.14239745   1.639959211702   0.361125452684   3748.0000
 "MMM"    0.99247317   1.58396558   76.31457267   1.337550423863   -0.132381421933   3749.0000
 "MMM"    1.32469377   1.69350207   71.42587660   1.552141531446   -0.467955820049   3750.0000
 "MMM"    0.96446195   1.52314447   96.22526525   1.513454300504   0.448085161991   375.0000
 "MMM"    1.03128255   1.68652360   115.08369391   1.486702053638   0.569887901723   3751.0000
 "MMM"    0.95226016   1.55763123   125.11091142   1.357804411469   0.867450640502   3752.0000
 "MMM"    0.95443092   1.48474223   105.33103918   1.519417410847   0.716024477147   3753.0000
 "MMM"    0.89864259   1.83330129   93.86374400   1.399843479133   0.014100576594   3754.0000
 "MMM"    0.84914757   1.82321586   104.70841960   1.348689973326   0.133858501614   3755.0000
 "MMM"    0.91135911   1.62926494   109.39044031   1.423723418459   0.439234440468   3756.0000
 "MMM"    1.02214900   1.85898347   106.42298929   1.494704083510   0.338384250802   3757.0000
 "MMM"    1.12363611   1.66427357   107.70633586   1.614728496703   0.522538362254   3758.0000
 "MMM"    1.11196392   1.73861403   107.41108116   1.586654780906   0.457430058122   3759.0000
 "MMM"    0.94951197   1.67864477   107.62871470   1.458632463820   0.382124947514   3760.0000
 "MMM"    1.05635938   1.68888476   121.26166144   1.442880601213   0.691093168866   376.0000
 "MMM"    0.98952317   1.60819112   111.74411226   1.496519652933   0.582434478658   3761.0000
 "MMM"    0.74130355   1.69865817   101.89842372   1.249678952745   0.063308850715   3762.0000
 "MMM"    1.03798650   1.74469238   90.56210222   1.524778416970   0.072015893294   3763.0000
 "MMM"    1.12150703   1.69680134   87.64749282   1.591920303976   0.063184284562   3764.0000
 "MMM"    0.89295031   1.68696576   103.22894679   1.409127303874   0.251886965759   3765.0000
 "MMM"    0.70203843   1.67089232   114.58103522   1.179884628116   0.170684778235   3766.0000
 "MMM"    0.99692893   1.53926294   114.00180099   1.509545263078   0.765030782890   3767.0000
 "MMM"    1.17030020   1.71609560   120.46677584   1.505844334673   0.752313441959   3768.0000
 "MMM"    1.01209057   1.64988052   103.01542151   1.539084823538   0.385498405496   3769.0000
 "MMM"    1.18993953   1.72514374   101.14350408   1.668637182331   0.370690182325   3770.0000
 "MMM"    1.10876062   1.68888476   67.62726827   1.281380240805   -0.550013395073   377.0000
 "MMM"    0.85227145   1.52505224   97.21087574   1.376915794546   0.397291190599   3771.0000
 "MMM"    1.02198234   1.66055495   83.74219748   1.463703309006   -0.026049041072   3772.0000
 "MMM"    1.02331453   1.63144415   89.97362249   1.522886960255   0.151877377018   3773.0000
 "MMM"    0.98415367   1.67604926   75.11689364   1.313558462607   -0.272549734272   3774.0000
 "MMM"    1.04803689   1.73097869   79.68051875   1.439698272591   -0.177186972192   3775.0000
 "MMM"    1.06455461   1.75563860   104.36385579   1.558630266816   0.359771910804   3776.0000
 "MMM"    1.10496374   1.72624938   116.57449790   1.513506690131   0.627610323903   3777.0000
 "MMM"    1.29888452   1.75278064   108.94365983   1.659681060611   0.551625884549   3778.0000
 "MMM"    0.98323611   2.06726457   105.16669813   1.449027436578   0.338033036534   3779.0000
 "MMM"    1.01214521   1.52747885   94.53319709   1.562766819333   0.422841192977   3780.0000
 "MMM"    0.86880709   1.68888476   105.34634849   1.380340116241   0.257298280966   378.0000
 "MMM"    0.96687631   1.96566187   98.99610831   1.462612345450   0.165353764808   3781.0000
 "MMM"    0.86234777   1.72637110   127.29202989   1.208581857598   0.440673507373   3782.0000
 "MMM"    0.91117551   1.73486618   87.16671946   1.379323704766   -0.056580402330   3783.0000
 "MMM"    1.27558946   1.71012156   80.54881064   1.650935978963   -0.126594201166   3784.0000
 "MMM"    1.01328076   1.91037766   110.62023033   1.452466812554   0.406628472184   3785.0000
 "MMM"    0.82535615   1.59664069   90.40811496   1.306317903836   0.111879188213   3786.0000
 "MMM"    1.02026238   1.93961815   101.92638682   1.501864605750   0.262954739605   3787.0000
 "MMM"    0.91846290   1.57402053   113.19237693   1.425810332196   0.606757701863   3788.0000
 "MMM"    1.01820531   1.70087410   102.02759778   1.534499713767   0.319640498500   3789.0000
 "MMM"    1.03267727   1.77333237   109.07921605   1.506365696762   0.411195595468   3790.0000
 "MMM"    0.90104912   1.87850592   103.00000000   1.398319646403   0.158567668155   379.0000
 "MMM"    1.13363742   2.11497571   104.50017145   1.559254331085   0.486627367797   3791.0000
 "MMM"    0.89711389   1.68036593   130.22847048   1.210666283091   0.586213198930   3792.0000
 "MMM"    0.82017319   1.75705783   89.10758203   1.302356242449   -0.094515876185   3793.0000
 "MMM"    1.11253737   1.70392772   81.45811921   1.523116567446   -0.103101142944   3794.0000
 "MMM"    0.86823302   1.71583660   111.20894790   1.355268475422   0.305854260538   3795.0000
 "MMM"    1.09675203   1.65834615   131.32013897   1.334213639834   0.930578049579   3796.0000
 "MMM"    1.10428378   1.72597546   125.51432950   1.402258630150   0.774710903405   3797.0000
 "MMM"    0.95271008   1.89391467   73.17036063   1.308786811765   -0.394922437663   3798.0000
 "MMM"    0.94215779   2.00300281   103.26372468   1.427382090509   0.229826179197   3799.0000
 "MMM"    1.02206325   1.64770207   58.76423301   1.004611484576   -0.840791330513   3800.0000
 "MMM"    0.96446195   1.99580254   93.49791184   1.463920953474   0.063907704314   380.0000
 "MMM"    0.86946195   1.68888476   103.00000000   1.384322444362   0.224057623502   38.0000
 "MMM"    0.90222095   1.58261042   84.51999475   1.346407874464   0.058143766381   3801.0000
 "MMM"    1.04298941   2.20343289   106.65181518   1.480116261768   0.517924323390   3802.0000
 "MMM"    0.85961182   1.87806888   105.54257878   1.352018773683   0.147792363187   3803.0000
 "MMM"    0.96640957   1.87542555   80.72622567   1.393855042830   -0.212784455121   3804.0000
 "MMM"    1.25368080   1.55931758   98.65768752   1.757335162133   0.465929908499   3805.0000
 "MMM"    1.08728401   1.68966660   73.24653720   1.376646926918   -0.341570698468   3806.0000
 "MMM"    0.98752767   1.47353317   124.07254754   1.423431223644   1.131686865807   3807.0000
 "MMM"    1.30506566   1.69092711   68.62830181   1.474253414192   -0.595402273526   3808.0000
 "MMM"    0.97613946   1.61109100   129.87624413   1.298572798084   0.840849166450   3809.0000
 "MMM"    0.89161803   1.51343367   111.01080044   1.421229853044   0.692964056800   3810.0000
 "MMM"    0.96446195   1.57887797   90.91720304   1.473440048136   0.227348141643   381.0000
 "MMM"    1.33906226   1.70889258   104.07107882   1.711981199696   0.449068920461   3811.0000
 "MMM"    1.15440545   1.72224561   89.28196198   1.626551892120   0.094167728916   3812.0000
 "MMM"    0.89706851   1.86807757   110.64617050   1.361583211779   0.263273213461   3813.0000
 "MMM"    1.25155571   1.75673842   100.20057063   1.697336247619   0.353149739705   3814.0000
 "MMM"    0.89751630   1.96611282   111.34191368   1.345398788735   0.292585952585   3815.0000
 "MMM"    1.05246879   1.65879872   58.65778199   1.021782232636   -0.880200052794   3816.0000
 "MMM"    1.00848018   1.74850811   144.00893519   1.011623986341   0.791297667513   3817.0000
 "MMM"    1.11306472   1.69963401   104.87839236   1.609785677343   0.432315449279   3818.0000
 "MMM"    1.11803950   1.78472117   104.76112237   1.592607203927   0.392162950117   3819.0000
 "MMM"    1.03857547   1.58739542   95.12189412   1.575858047837   0.330974677737   3820.0000
 "MMM"    1.10962220   1.68888476   93.26865167   1.612813701532   0.196431700847   382.0000
 "MMM"    1.08686100   1.81683073   103.16187917   1.568297861168   0.333748636330   3821.0000
 "MMM"    1.05261464   1.66561630   119.27424802   1.470256731180   0.681811849126   3822.0000
 "MMM"    0.93342338   1.63091174   96.93137629   1.456269408141   0.247206344184   3823.0000
 "MMM"    1.09099610   1.64929554   89.96175212   1.588749768177   0.152520919881   3824.0000
 "MMM"    1.00891594   1.71523452   103.54217596   1.520090995816   0.329013172859   3825.0000
 "MMM"    0.87488238   1.47244135   104.50559283   1.425693230338   0.685211305584   3826.0000
 "MMM"    1.43631987   1.73734867   106.61528165   1.669911871485   0.468904364168   3827.0000
 "MMM"    0.86259639   2.09744777   107.48705311   1.336460635299   0.257390712769   3828.0000
 "MMM"    1.17724232   1.87559927   104.78135470   1.612972847948   0.424111638986   3829.0000
 "MMM"    0.86390356   1.66198053   112.04094880   1.356231459094   0.375583753169   3830.0000
 "MMM"    1.46885765   1.66815306   103.00000000   1.686843826384   0.362957151117   383.0000
 "MMM"    1.12930338   1.64092042   120.59181427   1.511691005852   0.796959634440   3831.0000
 "MMM"    0.97227470   1.63388871   119.01110656   1.418084152722   0.639402512481   3832.0000
 "MMM"    0.89304978   1.76107593   125.56773494   1.244764543968   0.448321269849   3833.0000
 "MMM"    1.14911137   1.61580473   101.46823835   1.671897838667   0.456077139639   3834.0000
 "MMM"    1.07174045   1.78682368   104.44620758   1.557560714314   0.354575601138   3835.0000
 "MMM"    0.88869070   1.54723576   92.02229695   1.394674262752   0.273728532961   3836.0000
 "MMM"    0.95671278   1.64396351   93.98398314   1.470029260586   0.188570671985   3837.0000
 "MMM"    1.09632525   1.74819490   116.03792975   1.506323828171   0.598562581856   3838.0000
 "MMM"    0.90244962   1.82228027   109.76353388   1.378086922490   0.265013604084   3839.0000
 "MMM"    0.98673454   1.80330545   89.44925079   1.467491398871   -0.001604827687   3840.0000
 "MMM"    1.05355857   1.68888476   129.65675612   1.326382141068   0.811020508079   384.0000
 "MMM"    0.94979147   2.08676543   117.63877527   1.312168586139   0.542800383519   3841.0000
 "MMM"    1.01540801   1.74594579   104.05679756   1.518541646281   0.322656929236   3842.0000
 "MMM"    1.08735288   1.62873468   98.06631387   1.618512470125   0.351581897018   3843.0000
 "MMM"    1.44757330   1.65715900   114.12296648   1.568238529367   0.601920930513   3844.0000
 "MMM"    0.96469684   1.95200313   115.00030834   1.370020812164   0.430556989819   3845.0000
 "MMM"    1.03274899   1.47605803   108.81949942   1.594539955101   0.843821957367   3846.0000
 "MMM"    1.00370296   1.53692745   105.04350477   1.558841188854   0.607348843830   3847.0000
 "MMM"    0.96683725   1.91427479   76.44907226   1.360860642100   -0.311401618617   3848.0000
 "MMM"    0.91598515   1.89219798   111.33687401   1.370104887411   0.298003589314   3849.0000
 "MMM"    1.19530017   1.57933375   104.42457970   1.702154307088   0.568988750736   3850.0000
 "MMM"    1.37703132   1.56942207   103.00000000   1.728558909882   0.470153827772   385.0000
 "MMM"    1.24118955   1.71633550   84.91698674   1.666404618472   -0.003456040978   3851.0000
 "MMM"    0.88494853   2.18669554   104.97974214   1.371779556233   0.300109371973   3852.0000
 "MMM"    1.29996263   1.76273787   97.31201562   1.723473399478   0.290233127697   3853.0000
 "MMM"    1.01400829   1.84983248   105.84996934   1.492099527262   0.321073342703   3854.0000
 "MMM"    0.90381971   1.66379492   70.30011181   1.167051172939   -0.397708282842   3855.0000
 "MMM"    0.95346710   1.99894487   107.53736949   1.414598366673   0.315865127092   3856.0000
 "MMM"    0.99129636   1.61112908   119.21343557   1.439656265451   0.701897961455   3857.0000
 "MMM"    1.31416305   1.70276884   132.29623235   1.318012932184   1.031963834147   3858.0000
 "MMM"    0.97822089   1.95800347   105.33411852   1.451023423622   0.289963660221   3859.0000
 "MMM"    0.98473024   1.77562583   78.98057210   1.377456832723   -0.228494798181   3860.0000
 "MMM"    1.13279242   1.68888476   118.32595662   1.523532585828   0.707626908391   386.0000
 "MMM"    1.01264190   2.09896430   95.62849262   1.507516079957   0.181649717710   3861.0000
 "MMM"    0.92468287   1.75484131   125.35505808   1.273906842425   0.503547907089   3862.0000
 "MMM"    0.90487272   1.68489408   130.54815243   1.210958457247   0.594930407866   3863.0000
 "MMM"    0.97584287   1.67481741   64.24550753   1.110732413332   -0.610596741692   3864.0000
 "MMM"    0.97699101   1.51715588   113.39330241   1.500612996736   0.793636567458   3865.0000
 "MMM"    0.92381012   1.80866480   122.80369536   1.288400800212   0.449657495737   3866.0000
 "MMM"    0.92127101   1.68821597   99.92370343   1.439604068260   0.222033696277   3867.0000
 "MMM"    1.04240056   1.70595575   85.80261579   1.499925200480   -0.009655693896   3868.0000
 "MMM"    1.20043165   1.71640027   98.76020154   1.682270558269   0.325586533109   3869.0000
 "MMM"    0.94793098   2.13053999   81.64435337   1.430939255598   -0.159979833923   3870.0000
 "MMM"    1.03620008   1.68888476   91.40826281   1.534515244228   0.127979857604   387.0000
 "MMM"    1.14001777   1.65732016   120.78011734   1.509035330899   0.788110219088   3871.0000
 "MMM"    0.85570239   1.64622548   116.41460080   1.324997821864   0.442754863412   3872.0000
 "MMM"    0.90425166   1.48272890   101.68832323   1.460561007678   0.623903616326   3873.0000
 "MMM"    0.92223587   1.85902498   118.90563813   1.316917486526   0.399437202670   3874.0000
 "MMM"    1.02082759   1.67823010   138.67737532   1.155247630155   0.883017146710   3875.0000
 "MMM"    1.05950984   1.81383850   93.05887458   1.548313166805   0.110887021612   3876.0000
 "MMM"    1.05187378   1.67903424   104.43474953   1.565993880562   0.406028850427   3877.0000
 "MMM"    0.92802993   1.61812207   139.50917520   1.102645072687   0.851251510344   3878.0000
 "MMM"    0.98224887   1.97212886   78.57525242   1.405452891445   -0.249973448588   3879.0000
 "MMM"    1.03707843   1.65844208   95.94961769   1.558545631017   0.252771934931   3880.0000
 "MMM"    0.95025529   1.68888476   136.63541985   1.146377714935   0.716980634801   388.0000
 "MMM"    1.05499535   1.78955637   112.80250527   1.494226900988   0.489130946139   3881.0000
 "MMM"    0.92061303   1.80294779   114.44325118   1.367269388617   0.354232964323   3882.0000
 "MMM"    1.06252927   1.70471356   78.01389568   1.430859898375   -0.205491229770   3883.0000
 "MMM"    0.92290767   1.59415453   113.82802706   1.421720801157   0.579929458051   3884.0000
 "MMM"    0.96530041   1.57300228   145.50105247   1.019140633021   1.124268436025   3885.0000
 "MMM"    0.86598882   1.60812688   106.37953515   1.387286012324   0.385325798903   3886.0000
 "MMM"    0.90685066   1.57136714   88.12684019   1.385834503771   0.157020091437   3887.0000
 "MMM"    1.10946224   1.77759508   94.50588557   1.599363992681   0.175809800745   3888.0000
 "MMM"    0.94894612   1.83532280   99.29630943   1.452063088893   0.150185155992   3889.0000
 "MMM"    0.99768162   1.58634613   136.46186105   1.215183454137   1.023774606145   3890.0000
 "MMM"    1.25857837   1.68888476   105.59793732   1.691037040713   0.495879944669   389.0000
 "MMM"    0.92321145   1.65730745   103.93823377   1.444960949560   0.325085702817   3891.0000
 "MMM"    0.89179638   1.53971135   96.91922335   1.422834644614   0.384145637697   3892.0000
 "MMM"    1.02845397   2.05319494   109.88306880   1.450462429081   0.470948711369   3893.0000
 "MMM"    1.12460520   1.80625646   102.52628825   1.601276776223   0.346494144263   3894.0000
 "MMM"    0.96886953   1.71200788   115.65398260   1.421888021396   0.488023845773   3895.0000
 "MMM"    0.83097483   1.74253103   99.07757795   1.340699331033   0.080122092315   3896.0000
 "MMM"    1.01992500   1.63058431   62.56751089   1.086928000406   -0.671667170494   3897.0000
 "MMM"    0.94244300   2.15631249   87.53934313   1.452202582770   -0.025476728009   3898.0000
 "MMM"    1.06054288   1.72092752   120.69870432   1.441249525258   0.657243408375   3899.0000
 "MMM"    0.99187508   1.74712405   127.73621622   1.294033405352   0.639371087055   3900.0000
 "MMM"    1.07581452   1.68888476   115.16657255   1.519338046979   0.608150059639   390.0000
 "MMM"    1.05946195   1.68888476   103.00000000   1.573741741108   0.374514939497   39.0000
 "MMM"    1.12418948   1.48944817   107.02395551   1.675087937721   0.787591226631   3901.0000
 "MMM"    0.97582909   1.66528031   134.49576510   1.208028828525   0.786222704583   3902.0000
 "MMM"    0.90303073   1.74170191   123.25914193   1.284709682763   0.460768495924   3903.0000
 "MMM"    0.93932375   1.74132935   118.27591906   1.365851938494   0.460362408987   3904.0000
 "MMM"    1.00000706   1.71267945   135.91110458   1.181118149368   0.767349124166   3905.0000
 "MMM"    0.89643335   1.53611864   101.93286139   1.438884873161   0.485208540132   3906.0000
 "MMM"    0.83025762   1.75195270   88.99029593   1.311167298870   -0.085771481212   3907.0000
 "MMM"    0.97202368   1.95797873   116.20134511   1.362564192772   0.461106516854   3908.0000
 "MMM"    1.05211486   1.64896110   78.56667199   1.430871318028   -0.145295034997   3909.0000
 "MMM"    0.87961312   1.67517933   93.14118154   1.379643108734   0.087778133476   3910.0000
 "MMM"    0.90653562   1.68888476   85.23399102   1.358072695863   -0.061764768777   391.0000
 "MMM"    1.03954848   1.66294461   94.75211485   1.556647482499   0.224559982454   3911.0000
 "MMM"    0.94639588   1.51265559   89.54664200   1.455844322257   0.327078204905   3912.0000
 "MMM"    1.03366820   1.59480483   104.12572429   1.573426195123   0.496194640291   3913.0000
 "MMM"    1.14294650   1.68495160   128.47006464   1.389933364385   0.897348041587   3914.0000
 "MMM"    0.95149172   2.15193387   93.47610071   1.463506921295   0.108188713665   3915.0000
 "MMM"    1.49556548   1.79155566   100.43939400   1.697486035422   0.317851558174   3916.0000
 "MMM"    1.10606892   1.82251706   97.32635594   1.592794181592   0.225135461335   3917.0000
 "MMM"    0.71377635   1.65042367   100.04010952   1.218681490697   0.074186313781   3918.0000
 "MMM"    1.02034483   1.58485447   92.91229575   1.547523862865   0.281795312916   3919.0000
 "MMM"    0.94001995   1.86651069   121.94819976   1.295422556570   0.460653421732   3920.0000
 "MMM"    0.82424072   1.83341889   103.00000000   1.328484048119   0.079287736197   392.0000
 "MMM"    1.04592451   1.66867559   60.67092416   1.070892214878   -0.789733442119   3921.0000
 "MMM"    0.97872650   1.72568764   124.69417815   1.332624768367   0.604483155569   3922.0000
 "MMM"    0.95583575   1.99940356   93.38882186   1.456579348752   0.055702281279   3923.0000
 "MMM"    0.99025364   1.69397772   90.30562292   1.481053797402   0.079432721314   3924.0000
 "MMM"    0.97650415   1.80077781   100.79463412   1.479892498328   0.208892647582   3925.0000
 "MMM"    1.04815070   1.72273064   110.40257600   1.524056735651   0.475307271411   3926.0000
 "MMM"    0.93735958   1.50390779   136.36473712   1.194212468997   1.193578842843   3927.0000
 "MMM"    1.02116910   2.03092323   95.52677798   1.512621810965   0.159923405578   3928.0000
 "MMM"    0.91584155   1.72612704   77.59302488   1.293057596893   -0.256052874572   3929.0000
 "MMM"    0.84144123   1.66464174   94.43679160   1.343673224416   0.094016644476   3930.0000
 "MMM"    0.69264051   1.93752806   103.00000000   1.210615796451   -0.098867559934   393.0000
 "MMM"    0.91224051   1.70796106   110.40798644   1.403937889283   0.354524609711   3931.0000
 "MMM"    0.95383587   1.51161066   146.92661671   0.993668272115   1.358441569966   3932.0000
 "MMM"    0.78425126   1.67594228   66.43223159   1.033945987410   -0.507629692546   3933.0000
 "MMM"    0.97526069   1.99041089   131.22138947   1.149522980397   0.691351295283   3934.0000
 "MMM"    1.09098529   1.60867568   99.56531749   1.628448440032   0.409841454607   3935.0000
 "MMM"    0.88938920   1.70429185   86.07547100   1.348122904888   -0.066856812064   3936.0000
 "MMM"    0.96353368   2.04540867   56.35858386   1.141265740711   -0.796857630494   3937.0000
 "MMM"    1.05099664   1.64899527   90.36846369   1.550949415174   0.149771960450   3938.0000
 "MMM"    0.96152610   1.60386124   122.42276834   1.383213091387   0.731893862748   3939.0000
 "MMM"    1.07892895   1.50363849   108.38221932   1.628824328833   0.777660640765   3940.0000
 "MMM"    1.05468918   1.68888476   84.56391326   1.502372378216   -0.022944340919   394.0000
 "MMM"    1.00165965   1.67912896   142.79403531   1.062586533987   0.880615274556   3941.0000
 "MMM"    0.96720590   2.09354176   65.08367800   1.284118618377   -0.550590583925   3942.0000
 "MMM"    1.42217794   1.70429139   129.57534283   1.311504249696   0.928666074214   3943.0000
 "MMM"    0.98079203   1.82235377   100.54571102   1.481715515288   0.202165362486   3944.0000
 "MMM"    0.94176494   1.56482012   69.01108836   1.151835832023   -0.324134028999   3945.0000
 "MMM"    0.87370266   1.48144761   97.51055144   1.412759576250   0.531437569335   3946.0000
 "MMM"    0.96590461   1.48007179   115.35901551   1.486241946995   0.925703413392   3947.0000
 "MMM"    1.28588488   1.51626745   105.18113396   1.733904741667   0.640352392822   3948.0000
 "MMM"    0.81809815   1.69363093   115.46568554   1.285616841549   0.312545982383   3949.0000
 "MMM"    1.00753410   1.58097936   107.87351927   1.540651417263   0.574587015582   3950.0000
 "MMM"    0.77910691   2.01406734   103.00000000   1.287760847047   0.036086043495   395.0000
 "MMM"    0.97870996   1.71393930   137.61898864   1.137386444311   0.739595069209   3951.0000
 "MMM"    0.98601372   1.70839138   117.01698901   1.426132770511   0.530497629252   3952.0000
 "MMM"    0.78406103   1.67110541   82.19296362   1.208367500303   -0.166196287356   3953.0000
 "MMM"    1.01216699   1.81836475   90.56845936   1.496232752009   0.031686245770   3954.0000
 "MMM"    1.05783386   1.66014812   114.22807443   1.522951155131   0.607267006744   3955.0000
 "MMM"    1.12402639   1.70193065   113.64446388   1.561090111288   0.605304694557   3956.0000
 "MMM"    0.98966752   1.75084367   98.98119659   1.499693799812   0.208690894033   3957.0000
 "MMM"    0.95259126   1.74772642   98.15535061   1.463225304438   0.168018972608   3958.0000
 "MMM"    0.89294208   1.79531975   92.27145588   1.389182103849   -0.005586862818   3959.0000
 "MMM"    0.98006194   2.08894633   115.44771901   1.357849831185   0.545278816782   3960.0000
 "MMM"    0.91527669   2.05700789   103.00000000   1.404745722492   0.218478871636   396.0000
 "MMM"    0.79463639   1.83974573   101.88231341   1.302206359728   0.028424961847   3961.0000
 "MMM"    0.98613002   1.58934627   133.79963054   1.252014319047   0.960783032768   3962.0000
 "MMM"    0.94304841   1.57070718   76.29859490   1.284909601950   -0.114173264101   3963.0000
 "MMM"    1.07872563   1.92522083   105.17795650   1.535669050112   0.373117106084   3964.0000
 "MMM"    1.04154368   2.01562362   104.13605063   1.503354726782   0.350208207204   3965.0000
 "MMM"    0.91458463   1.95229620   107.48818922   1.386119478738   0.252188973408   3966.0000
 "MMM"    0.83151155   1.64330804   111.92507707   1.326352814966   0.363673695153   3967.0000
 "MMM"    1.09309810   1.83724419   99.44924615   1.578716388537   0.260706771843   3968.0000
 "MMM"    1.13413661   1.66482425   115.18199277   1.565002935472   0.671844908446   3969.0000
 "MMM"    0.97278877   1.73314306   108.64638534   1.464951619867   0.370381546874   3970.0000
 "MMM"    1.02632760   1.92991572   103.00000000   1.503902458208   0.286801575462   397.0000
 "MMM"    0.99773382   1.88932112   108.54502535   1.457724981994   0.351671344605   3971.0000
 "MMM"    0.97464877   1.83505460   126.44590817   1.270894515852   0.562118244094   3972.0000
 "MMM"    0.79815638   1.67926400   140.17839345   0.985896907115   0.433414687907   3973.0000
 "MMM"    0.96529890   1.99557235   85.69856557   1.443503597400   -0.096294049873   3974.0000
 "MMM"    1.17802364   2.04587618   104.55022367   1.590853816594   0.480528800271   3975.0000
 "MMM"    1.38228611   1.70814962   86.53839159   1.753150558341   0.032614435504   3976.0000
 "MMM"    0.97921197   1.51075456   102.23074069   1.543763121567   0.601795833569   3977.0000
 "MMM"    0.98097409   1.89318055   126.99158511   1.248947763139   0.586646130372   3978.0000
 "MMM"    1.14417349   1.65285819   84.37273188   1.594894057365   0.021113661737   3979.0000
 "MMM"    0.95965473   1.60657207   103.46794583   1.495025120734   0.418957875485   3980.0000
 "MMM"    0.95033699   1.84365509   103.00000000   1.446648757975   0.212526486901   398.0000
 "MMM"    1.06132036   1.66341238   93.71376403   1.574617093495   0.211446617502   3981.0000
 "MMM"    1.00193040   1.71102550   88.28537634   1.478555583597   0.027970438618   3982.0000
 "MMM"    0.98553507   1.96906321   96.31757932   1.481809484419   0.130733211731   3983.0000
 "MMM"    1.05228442   1.71601469   61.87533347   1.119923004885   -0.755910587244   3984.0000
 "MMM"    0.80142083   1.97555309   105.94606834   1.294762560358   0.092266373117   3985.0000
 "MMM"    1.16409105   1.61772897   102.00827876   1.680516511854   0.467918854118   3986.0000
 "MMM"    1.20684844   1.70816372   122.67361958   1.490114947012   0.819405298134   3987.0000
 "MMM"    1.33221787   1.67151833   89.30742781   1.756008318407   0.130940740264   3988.0000
 "MMM"    0.77192523   1.71999980   108.79908656   1.268671733477   0.152991084671   3989.0000
 "MMM"    1.30678342   1.69282431   74.60965190   1.596534233763   -0.327456828563   3990.0000
 "MMM"    1.06759687   1.68888476   106.89301545   1.568108666433   0.453144621331   399.0000
 "MMM"    1.03598632   1.73630174   79.12329278   1.421780472756   -0.196828167098   3991.0000
 "MMM"    0.93266941   1.88366469   95.06185927   1.434238164534   0.055765533475   3992.0000
 "MMM"    0.96078498   1.84632485   106.47409523   1.443514135917   0.278964571154   3993.0000
 "MMM"    0.98988051   1.85183416   94.75150312   1.487009121277   0.096401793840   3994.0000
 "MMM"    0.81282123   1.70448290   92.41185812   1.305997437855   -0.004509379232   3995.0000
 "MMM"    1.07058268   1.80937256   112.40561803   1.503800154916   0.492509684577   3996.0000
 "MMM"    1.17121596   1.74379252   100.48337034   1.653426379717   0.342476847972   3997.0000
 "MMM"    1.46151163   2.03040406   102.57228587   1.677638682158   0.504550224878   3998.0000
 "MMM"    1.17961577   1.77662227   109.39177354   1.606429840334   0.521949327412   3999.0000
 "MMM"    0.94019319   1.92515345   92.02514679   1.437244656312   0.005658331142   4000.0000
 "MMM"    0.96446195   1.84583643   102.35746992   1.460945862706   0.214952653916   400.0000
 "MMM"    0.86446195   1.68888476   103.00000000   1.379033671254   0.219202744453   40.0000
 "MMM"    0.95446195   1.68888476   103.00000000   1.472828757223   0.300029682321   4.0000
 "MMM"    1.32595681   1.64317148   107.75497804   1.693823868447   0.554651412982   4001.0000
 "MMM"    1.01478785   1.74630803   60.47286701   1.082929712164   -0.787139834256   4002.0000
 "MMM"    0.99531147   1.58371742   103.30233230   1.539106836751   0.477787799664   4003.0000
 "MMM"    1.06858840   1.62876337   125.26656952   1.421627677333   0.848423718991   4004.0000
 "MMM"    1.12235995   1.61685676   104.38521348   1.643270760213   0.507681740352   4005.0000
 "MMM"    0.98929929   1.44365934   114.60945197   1.525636889816   1.040179661484   4006.0000
 "MMM"    1.04586826   1.69018804   90.71027661   1.540216966986   0.115650700917   4007.0000
 "MMM"    1.22852449   1.66582257   111.97696267   1.637258833181   0.640738186341   4008.0000
 "MMM"    0.96975051   1.70319269   119.74664721   1.388255724784   0.553603467727   4009.0000
 "MMM"    0.92984434   1.62614682   105.26548583   1.455983082215   0.395808698994   4010.0000
 "MMM"    0.96446195   1.71922132   115.51099791   1.417234673698   0.474333610674   401.0000
 "MMM"    1.07835543   1.71516450   97.02951500   1.587603979050   0.245649957557   4011.0000
 "MMM"    0.96161204   1.43835179   86.43891478   1.469282879306   0.468127899319   4012.0000
 "MMM"    0.93742758   1.98187532   106.06533991   1.411098189615   0.265600053742   4013.0000
 "MMM"    0.94825171   2.05399344   106.07619915   1.416055297553   0.310239866335   4014.0000
 "MMM"    0.93652944   1.72948186   105.99628740   1.441222767436   0.296483211201   4015.0000
 "MMM"    1.00678301   1.78182483   120.36456582   1.387091561117   0.551528661618   4016.0000
 "MMM"    0.87171306   1.95828970   106.02021697   1.356166590833   0.179055372172   4017.0000
 "MMM"    1.03083662   1.77386609   81.62630711   1.447527440877   -0.150281342913   4018.0000
 "MMM"    0.76634272   1.55323430   107.67919565   1.277651578959   0.415486665371   4019.0000
 "MMM"    0.96109186   1.64459842   55.43417023   0.903209192482   -0.912088858412   4020.0000
 "MMM"    0.96446195   2.01738289   111.03005457   1.396290046770   0.398215674190   402.0000
 "MMM"    0.95569706   1.75463037   82.53197614   1.385997705086   -0.145365718115   4021.0000
 "MMM"    1.07891021   1.66892582   86.51432283   1.547246657897   0.048242917352   4022.0000
 "MMM"    0.78458399   1.70583367   106.58245960   1.288574306721   0.159956559468   4023.0000
 "MMM"    1.17813314   1.66827256   107.75372177   1.647691011863   0.540825017700   4024.0000
 "MMM"    0.98039762   2.20801438   89.28147180   1.491595163471   0.064284217379   4025.0000
 "MMM"    1.32298942   1.77885188   100.28057387   1.717663689028   0.357815421997   4026.0000
 "MMM"    0.96066292   1.95984226   106.04916839   1.432465616011   0.284131949705   4027.0000
 "MMM"    0.91883583   2.06874087   109.11679932   1.371338093715   0.338589239081   4028.0000
 "MMM"    0.99607065   1.75130856   118.71334548   1.405702511922   0.531933489744   4029.0000
 "MMM"    1.02005335   1.68679927   108.54991345   1.519833068916   0.450156668645   4030.0000
 "MMM"    0.94652754   1.99957264   103.00000000   1.432308643177   0.228509958360   403.0000
 "MMM"    0.91072634   1.83114197   116.66613029   1.334724714498   0.359577484880   4031.0000
 "MMM"    0.98567881   1.67644744   93.94562952   1.496063901691   0.167536331064   4032.0000
 "MMM"    1.16834778   1.78941868   105.58510006   1.621515338831   0.436051082626   4033.0000
 "MMM"    1.01330633   1.92418074   106.31887492   1.478445963949   0.334770504083   4034.0000
 "MMM"    1.50240686   1.52246143   104.69318312   1.573377521607   0.342063196477   4035.0000
 "MMM"    0.87749564   1.73494376   116.93907977   1.323703316484   0.365871111984   4036.0000
 "MMM"    0.99803459   2.14083551   113.31587764   1.389057723342   0.567750189575   4037.0000
 "MMM"    0.98451477   1.88530128   100.08818799   1.479998512386   0.190888072026   4038.0000
 "MMM"    1.17568183   1.77946513   98.84117550   1.651348970799   0.297340255507   4039.0000
 "MMM"    1.01356945   1.52755663   121.35186598   1.462032994718   0.942063315711   4040.0000
 "MMM"    0.96446195   1.86747381   74.55024988   1.326684026783   -0.358797994351   404.0000
 "MMM"    1.18399279   1.92888276   104.15784106   1.611413414694   0.426612533325   4041.0000
 "MMM"    1.05819839   1.79470458   93.90293466   1.551218553398   0.132890245289   4042.0000
 "MMM"    1.52286394   1.50357160   105.38982772   1.512053562624   0.306360945707   4043.0000
 "MMM"    0.78795083   1.74524616   112.08358910   1.268568451386   0.182914100658   4044.0000
 "MMM"    0.92136221   1.52861920   111.06268980   1.451098229684   0.679841538962   4045.0000
 "MMM"    1.16727375   1.95971377   104.76178441   1.593341492748   0.440052436710   4046.0000
 "MMM"    1.06341432   1.85851905   107.49791625   1.522011254055   0.395179022129   4047.0000
 "MMM"    0.96013514   1.77082750   135.26296501   1.146628275348   0.629028063693   4048.0000
 "MMM"    1.05365418   1.83915219   112.90116564   1.479768628242   0.481108382737   4049.0000
 "MMM"    1.06458871   1.98531231   102.19034701   1.532573839608   0.318735222330   4050.0000
 "MMM"    1.09417273   1.63504518   103.00000000   1.618894666144   0.447073940098   405.0000
 "MMM"    1.06422159   1.65739063   127.91635847   1.371083762724   0.842007900999   4051.0000
 "MMM"    1.00739326   1.93870089   110.07015895   1.447397026494   0.398203979752   4052.0000
 "MMM"    0.87379805   1.67762846   115.72815049   1.341172474404   0.411305196045   4053.0000
 "MMM"    1.09935074   1.71089806   85.98513181   1.555818278689   0.007389592284   4054.0000
 "MMM"    0.96995554   1.54634780   87.69441954   1.461838348329   0.220542236132   4055.0000
 "MMM"    0.98791092   1.86182548   87.03281434   1.457055456113   -0.063196975425   4056.0000
 "MMM"    1.01879335   1.80425782   91.00819497   1.504706587585   0.048102771327   4057.0000
 "MMM"    0.99774538   2.00480955   113.19361672   1.403872871639   0.469380347427   4058.0000
 "MMM"    0.86316605   1.64138033   114.14997574   1.347928726011   0.432706524986   4059.0000
 "MMM"    1.07986448   2.09214392   104.50415105   1.524578501684   0.430051690427   4060.0000
 "MMM"    0.96446195   2.09006776   96.77572905   1.466079140064   0.161513625114   406.0000
 "MMM"    0.97370533   1.75252186   96.50008780   1.481545989130   0.150566148703   4061.0000
 "MMM"    1.41851754   1.71444609   111.64629442   1.621016570445   0.581178957051   4062.0000
 "MMM"    0.88293234   1.64543647   65.82610005   1.071724339336   -0.506772083355   4063.0000
 "MMM"    0.92771611   1.86252898   102.65893365   1.424944317040   0.182210674833   4064.0000
 "MMM"    1.06912960   1.52414778   99.91495985   1.636732562363   0.558105993058   4065.0000
 "MMM"    0.71143688   1.41988459   107.14122736   1.215469394610   0.763130520745   4066.0000
 "MMM"    0.98129384   1.68391545   129.27132906   1.286815098897   0.709558405259   4067.0000
 "MMM"    1.09858295   1.72253483   82.91979077   1.524578192225   -0.077713130338   4068.0000
 "MMM"    1.01432573   1.66525685   110.46301202   1.510603538377   0.501058143024   4069.0000
 "MMM"    0.96427325   1.70489945   86.71054782   1.429136537401   -0.017893088317   4070.0000
 "MMM"    0.84061709   1.68888476   130.08145898   1.165276784709   0.470586952805   407.0000
 "MMM"    1.09943037   1.63533622   115.48159275   1.550326706631   0.689847518170   4071.0000
 "MMM"    0.90700691   1.64512551   90.30637962   1.396103367584   0.087662507979   4072.0000
 "MMM"    1.28041338   1.79204797   104.58269333   1.680100063957   0.452028992198   4073.0000
 "MMM"    1.17526114   1.50037933   102.40845525   1.725898519503   0.662960403134   4074.0000
 "MMM"    1.16552569   1.69334279   84.56463045   1.606842889381   -0.005044697614   4075.0000
 "MMM"    0.83988947   1.77332813   92.43335324   1.336744482083   -0.033874474466   4076.0000
 "MMM"    1.40030290   1.59287621   100.54172666   1.739474508091   0.388890747282   4077.0000
 "MMM"    0.94982879   2.08831713   106.92244490   1.410667871529   0.347355331451   4078.0000
 "MMM"    0.97286451   1.53483994   104.47359888   1.527145078529   0.584175453816   4079.0000
 "MMM"    0.96706722   2.05981507   127.61493290   1.188804029507   0.705532703726   4080.0000
 "MMM"    0.96446195   2.09515493   108.69267776   1.409099282789   0.402506459194   408.0000
 "MMM"    1.08578129   1.82385781   104.02294087   1.563019313361   0.348897629592   4081.0000
 "MMM"    0.99694821   1.83281311   119.40826159   1.375602104860   0.512860145303   4082.0000
 "MMM"    0.95235887   1.47061911   67.84810538   1.123488275724   -0.182130324509   4083.0000
 "MMM"    0.97162323   1.54679304   108.73742401   1.510611520460   0.634837751894   4084.0000
 "MMM"    0.96711431   1.55772655   78.53011387   1.346349482310   -0.028146260726   4085.0000
 "MMM"    0.79251950   1.63349215   97.22957244   1.298854633094   0.139511327936   4086.0000
 "MMM"    0.70824178   1.81980631   96.94439767   1.222227377282   -0.124835679584   4087.0000
 "MMM"    0.80639133   1.72098910   112.63756916   1.286478933854   0.236730230382   4088.0000
 "MMM"    1.00961321   1.63101398   102.34462895   1.542195102914   0.395460805851   4089.0000
 "MMM"    1.00193456   1.67850702   123.47921367   1.380715740514   0.673208040962   4090.0000
 "MMM"    0.96446195   2.05371038   95.96348081   1.465806366199   0.130615294617   409.0000
 "MMM"    0.97136033   1.80041527   69.26308553   1.239925793927   -0.492598723163   4091.0000
 "MMM"    0.85904522   1.73845654   106.97161027   1.359916319312   0.221216949862   4092.0000
 "MMM"    1.01494970   1.70444788   124.69074770   1.366375294442   0.675613250565   4093.0000
 "MMM"    0.91850273   1.51663016   109.83795823   1.456073438099   0.687178117789   4094.0000
 "MMM"    0.92848846   1.48645739   87.75831582   1.423318872173   0.347657761103   4095.0000
 "MMM"    0.84941428   1.63795811   125.23728220   1.242486330538   0.541210463330   4096.0000
 "MMM"    0.96871548   1.87038646   90.28545561   1.455592012142   -0.007876228338   4097.0000
 "MMM"    0.96137519   1.74037363   103.68781593   1.469502837206   0.274713852308   4098.0000
 "MMM"    1.09089115   1.57640467   113.19680756   1.582853354533   0.730053089012   4099.0000
 "MMM"    0.87329499   1.76330387   103.72411382   1.379452104631   0.175121005898   4100.0000
 "MMM"    0.99668657   2.13979133   103.00000000   1.470539719366   0.348213933021   410.0000
 "MMM"    1.06446195   1.68888476   103.00000000   1.578172284662   0.377457774124   41.0000
 "MMM"    0.97351178   1.75365194   97.05720702   1.482072991843   0.160119627579   4101.0000
 "MMM"    0.92498436   1.73660755   59.94600349   1.029764410020   -0.752528546897   4102.0000
 "MMM"    1.21573971   1.70243309   80.21764188   1.600998665559   -0.131132914012   4103.0000
 "MMM"    1.00071135   1.62420773   113.73404549   1.489540394198   0.599711217228   4104.0000
 "MMM"    0.83099895   1.80052499   102.48226761   1.337199877780   0.092269401975   4105.0000
 "MMM"    1.09294761   1.87275031   97.80942755   1.575877634931   0.225650564893   4106.0000
 "MMM"    0.90566862   1.74377594   95.50481041   1.411858404531   0.088112556763   4107.0000
 "MMM"    0.95631259   1.78826874   103.57291419   1.457556890299   0.242736736965   4108.0000
 "MMM"    1.13042999   1.78901873   96.96732443   1.617335781883   0.235569979020   4109.0000
 "MMM"    0.78762250   1.69583250   119.57550701   1.227098832338   0.300849177172   4110.0000
 "MMM"    1.33814712   1.68888476   84.69093646   1.733473474111   0.000668725939   411.0000
 "MMM"    0.90780650   1.55932604   92.96044515   1.421677715388   0.277571751067   4111.0000
 "MMM"    1.25811144   1.68303576   110.59390802   1.653476338168   0.604569740441   4112.0000
 "MMM"    1.24082614   1.71470111   96.17376934   1.708770394757   0.274732884051   4113.0000
 "MMM"    0.71815142   1.71125225   83.67321435   1.166760039994   -0.222897132028   4114.0000
 "MMM"    0.92821967   1.60659971   119.11757232   1.384310772317   0.639362787133   4115.0000
 "MMM"    0.91212493   1.64133030   123.02504620   1.322206704031   0.604741921997   4116.0000
 "MMM"    0.93669812   1.63211518   115.99470115   1.411058873123   0.558599304444   4117.0000
 "MMM"    1.14892075   1.70277809   104.67040764   1.635673290062   0.442572707937   4118.0000
 "MMM"    0.96031649   2.23534038   83.91991911   1.467754668639   -0.059924011655   4119.0000
 "MMM"    0.97833458   1.74673087   105.11214982   1.480988167774   0.309293310297   4120.0000
 "MMM"    0.96446195   1.58571683   95.95690419   1.496819142867   0.317312101966   412.0000
 "MMM"    0.95524143   1.99061236   147.95989926   0.803838835557   0.790095168176   4121.0000
 "MMM"    0.83548284   1.69955241   129.77808964   1.162522293008   0.442774360644   4122.0000
 "MMM"    1.14685705   1.66140462   94.26510406   1.655314730426   0.252373468464   4123.0000
 "MMM"    0.95778928   1.78497660   99.11308500   1.464840239971   0.169823928534   4124.0000
 "MMM"    0.96072311   1.75464590   64.74835094   1.141571056915   -0.617651437110   4125.0000
 "MMM"    0.97944015   1.93542965   120.16501031   1.328280295365   0.518116818734   4126.0000
 "MMM"    0.84848669   1.85523468   98.38740248   1.356454689142   0.036163427373   4127.0000
 "MMM"    1.00542594   1.75467484   105.05764864   1.504733992064   0.327233918664   4128.0000
 "MMM"    1.00032594   1.69625177   65.84189340   1.165604181739   -0.576220318864   4129.0000
 "MMM"    0.96316616   1.86230247   132.04794043   1.169322546626   0.592570634737   4130.0000
 "MMM"    0.89451941   1.99861005   103.00000000   1.387640507119   0.171208358404   413.0000
 "MMM"    0.96572131   1.85797980   81.86244197   1.400445421111   -0.186182549819   4131.0000
 "MMM"    0.93826246   1.83371626   102.62065501   1.437410284902   0.196292430180   4132.0000
 "MMM"    0.88319435   1.86027598   101.40712339   1.386252568167   0.116807629420   4133.0000
 "MMM"    0.82940089   1.61738326   111.61734932   1.329462505041   0.402048059056   4134.0000
 "MMM"    0.99009365   1.73614221   79.70854391   1.386707987701   -0.191513962856   4135.0000
 "MMM"    0.90705855   1.61025804   137.96198012   1.117518561995   0.818875409446   4136.0000
 "MMM"    1.03783990   1.78458509   97.55408774   1.539625358808   0.198898022725   4137.0000
 "MMM"    1.06051477   2.17565695   99.11219334   1.537396182242   0.338329121261   4138.0000
 "MMM"    1.01500736   1.74579072   74.67836370   1.342927829736   -0.324885377374   4139.0000
 "MMM"    0.94249909   1.59019555   125.88357759   1.330784450007   0.786965683835   4140.0000
 "MMM"    0.95323347   1.68888476   126.32874397   1.304248295979   0.627556289172   414.0000
 "MMM"    0.94123123   1.59861742   75.21611655   1.267156133056   -0.187139589764   4141.0000
 "MMM"    0.93417758   1.59989999   118.63235095   1.396024718563   0.652527163160   4142.0000
 "MMM"    0.84955120   1.70272183   108.08985663   1.351347882974   0.258121625277   4143.0000
 "MMM"    1.00580859   1.52447274   108.21975587   1.554849334099   0.697032052828   4144.0000
 "MMM"    0.92199075   1.66324247   83.75208264   1.359712388857   -0.061345039485   4145.0000
 "MMM"    0.96716506   2.10740382   132.86737321   1.089228982060   0.850451318842   4146.0000
 "MMM"    0.89004718   1.58187438   97.42656945   1.415465275533   0.306335071188   4147.0000
 "MMM"    1.22574584   1.70281900   82.89887603   1.639518991499   -0.052470548401   4148.0000
 "MMM"    0.96199896   1.61813828   145.05337832   1.014153624271   0.967393392262   4149.0000
 "MMM"    0.88912346   1.74917603   114.80983442   1.347323513184   0.346401832517   4150.0000
 "MMM"    1.01858333   1.68888476   111.70280573   1.500288866075   0.500294391720   415.0000
 "MMM"    1.37806312   1.67682324   73.76475454   1.644741692317   -0.369680690918   4151.0000
 "MMM"    0.97814851   1.77158694   108.01321032   1.464830796263   0.342670268660   4152.0000
 "MMM"    1.02927617   1.56775209   85.89468110   1.510291191582   0.154777443570   4153.0000
 "MMM"    0.89641132   1.77762250   121.86952116   1.284918249472   0.411405667287   4154.0000
 "MMM"    0.95404597   1.97141269   112.24728056   1.383471930340   0.382587568838   4155.0000
 "MMM"    0.96987611   2.09311067   93.98563107   1.473868266608   0.109247318794   4156.0000
 "MMM"    1.13524594   1.69868006   140.17296761   1.161650216092   1.050904439215   4157.0000
 "MMM"    1.05138634   1.57899287   90.11933016   1.567454167817   0.240130027939   4158.0000
 "MMM"    1.00880339   1.80018108   110.05588530   1.474412089774   0.395112580134   4159.0000
 "MMM"    0.83518918   1.76224657   110.38834402   1.320165138352   0.215770052333   4160.0000
 "MMM"    0.96446195   1.50537085   147.47114792   0.989138727324   1.414671968127   416.0000
 "MMM"    1.00844124   1.67498877   75.92743588   1.348390443662   -0.247340443762   4161.0000
 "MMM"    1.04100456   1.87772021   106.40014186   1.507133538650   0.355948393347   4162.0000
 "MMM"    0.95239675   1.65786346   99.86885016   1.477200374798   0.278215395639   4163.0000
 "MMM"    1.19934000   1.71603449   90.92878825   1.671643541483   0.145891904416   4164.0000
 "MMM"    1.05252918   1.67397655   86.13568580   1.516614469129   0.027375101614   4165.0000
 "MMM"    1.26866001   1.86988882   102.39284068   1.673135091200   0.408003211010   4166.0000
 "MMM"    0.99245901   1.62278338   117.89150471   1.449389513702   0.661938314195   4167.0000
 "MMM"    1.07174399   1.67803923   100.93846277   1.590619208790   0.350704070113   4168.0000
 "MMM"    0.98768056   1.83151707   139.41271003   1.060931827308   0.681192193279   4169.0000
 "MMM"    0.95766012   2.14636552   108.70433384   1.402084751769   0.430519474172   4170.0000
 "MMM"    1.05213398   1.69766461   103.00000000   1.565019311529   0.362675907865   417.0000
 "MMM"    0.87026260   1.66495017   115.51162851   1.341800843797   0.421888500775   4171.0000
 "MMM"    0.93607428   1.45858134   84.43448994   1.404797317379   0.351707631084   4172.0000
 "MMM"    0.96818195   1.58467460   92.99899908   1.488757544260   0.262026173377   4173.0000
 "MMM"    1.40775681   1.69892087   63.67318620   1.439562049562   -0.962774003741   4174.0000
 "MMM"    1.04082364   1.71869421   71.86643635   1.314783247198   -0.396968282172   4175.0000
 "MMM"    1.03033129   1.71517184   101.65596552   1.543327586017   0.309689849072   4176.0000
 "MMM"    1.48195975   1.67890449   115.68631330   1.518645426367   0.602105619307   4177.0000
 "MMM"    0.93088137   1.86649450   116.12415773   1.348935509288   0.379037291456   4178.0000
 "MMM"    1.07372450   1.85835259   96.14146692   1.561796413119   0.178847244370   4179.0000
 "MMM"    0.97668344   2.23678228   101.79178061   1.464309451944   0.365498294516   4180.0000
 "MMM"    0.96446195   1.55581521   118.05341857   1.442162002351   0.770665946920   418.0000
 "MMM"    1.44620967   1.87481010   105.11223308   1.670610370378   0.479240209434   4181.0000
 "MMM"    0.96941089   1.73873321   104.15459803   1.476513937158   0.290612218289   4182.0000
 "MMM"    1.29660000   1.69568448   121.01005471   1.526236299343   0.814974867124   4183.0000
 "MMM"    1.02819398   1.60940469   110.61158103   1.538532471462   0.590111901978   4184.0000
 "MMM"    0.95768004   1.89863349   101.73506786   1.451673648753   0.196056716586   4185.0000
 "MMM"    1.29189814   1.70043766   103.57164824   1.710047730062   0.446832214731   4186.0000
 "MMM"    1.05792426   1.86715074   99.28689146   1.546320403077   0.233085723243   4187.0000
 "MMM"    0.92208218   1.76256529   140.22516313   1.038711633125   0.575713275838   4188.0000
 "MMM"    0.97268103   1.76137810   110.89826208   1.446532844255   0.386860355796   4189.0000
 "MMM"    1.47055839   1.66373178   98.18064899   1.724518890586   0.265505680813   4190.0000
 "MMM"    0.96446195   1.45046350   113.82803515   1.503754223046   0.988436933166   419.0000
 "MMM"    1.29549929   1.68689003   104.46960278   1.708412064227   0.471357535329   4191.0000
 "MMM"    1.07003308   1.66353236   125.87039832   1.401679472865   0.808124496713   4192.0000
 "MMM"    1.00728721   1.63513624   92.40418597   1.519095709774   0.193037006045   4193.0000
 "MMM"    0.93443161   1.72983110   100.96428423   1.447760611618   0.213685394239   4194.0000
 "MMM"    0.99886213   1.88731230   93.36534285   1.491805540415   0.073150900613   4195.0000
 "MMM"    1.10338395   1.75171081   95.15448142   1.599745433834   0.197141795360   4196.0000
 "MMM"    1.00720252   1.69820986   125.36886327   1.354202998045   0.681152141713   4197.0000
 "MMM"    1.17701744   1.99272908   101.16277205   1.614449725946   0.377160622038   4198.0000
 "MMM"    0.95379314   1.69508207   94.92958801   1.463784281571   0.149971284846   4199.0000
 "MMM"    1.29290697   1.64947470   108.75191139   1.683396854932   0.581696425328   4200.0000
 "MMM"    0.96446195   1.62171354   69.84907089   1.197947037585   -0.376976233313   420.0000
 "MMM"    0.85446195   1.68888476   103.00000000   1.368445069888   0.209371881030   42.0000
 "MMM"    0.85734516   1.66852189   113.12810578   1.342694167502   0.371930653263   4201.0000
 "MMM"    1.05056717   1.69573160   138.35346625   1.169354865467   0.902684421140   4202.0000
 "MMM"    0.94937754   1.90441834   74.61984661   1.325862006847   -0.360279330758   4203.0000
 "MMM"    1.07535385   1.57315536   91.43798552   1.603483133276   0.285695991908   4204.0000
 "MMM"    0.92788090   1.94657525   103.96881979   1.414916926201   0.209744469365   4205.0000
 "MMM"    1.04057742   1.68782140   110.85584227   1.524715027093   0.505656144474   4206.0000
 "MMM"    1.17986030   2.11720312   101.86720665   1.603807392084   0.456532260694   4207.0000
 "MMM"    1.23136496   1.66660818   112.01022299   1.637591929925   0.641279531233   4208.0000
 "MMM"    1.31245342   1.69322764   101.38484528   1.727930359899   0.399542837055   4209.0000
 "MMM"    1.07416699   1.77482328   107.77599762   1.546874429007   0.422400774847   4210.0000
 "MMM"    0.83971918   1.68888476   107.93176679   1.343539167458   0.260400564968   421.0000
 "MMM"    1.22113645   1.70885569   114.26377991   1.599824098890   0.660605675982   4211.0000
 "MMM"    1.32866543   1.60146413   106.63032576   1.708975482144   0.555053301126   4212.0000
 "MMM"    1.15528425   1.71011579   104.41048749   1.639022981662   0.435333207713   4213.0000
 "MMM"    1.14926831   1.77916458   98.82882819   1.632733419858   0.286640055659   4214.0000
 "MMM"    1.16307607   1.61481931   107.05034040   1.659501160490   0.575397354514   4215.0000
 "MMM"    1.22899489   1.70440646   91.44226586   1.697386560605   0.168269385227   4216.0000
 "MMM"    1.32431747   1.66482779   89.28431293   1.754967674338   0.136154448560   4217.0000
 "MMM"    0.85020318   1.93656717   107.88362334   1.329293985708   0.172447675732   4218.0000
 "MMM"    0.89960556   1.64939438   118.20075358   1.353830393961   0.515874498241   4219.0000
 "MMM"    0.80204270   1.96732792   102.06689804   1.309467311313   0.038230040757   4220.0000
 "MMM"    0.96446195   1.82814406   91.90658753   1.456865167581   0.027758335954   422.0000
 "MMM"    0.92009954   1.59463316   76.20690387   1.261058661207   -0.156405130933   4221.0000
 "MMM"    0.81784463   1.66513266   83.66472904   1.252887838950   -0.113432495562   4222.0000
 "MMM"    1.03326137   1.76200718   110.84354233   1.498682634552   0.446503222295   4223.0000
 "MMM"    1.00310420   1.72208692   83.12536273   1.435658376096   -0.096582479312   4224.0000
 "MMM"    0.97950339   1.87081763   97.16729050   1.478699837974   0.133052140865   4225.0000
 "MMM"    1.10935542   1.69509153   91.65086330   1.604724929890   0.155257772406   4226.0000
 "MMM"    1.04921033   1.74786031   79.27666448   1.436202274388   -0.195883084097   4227.0000
 "MMM"    1.12648979   1.75667036   99.19608369   1.619724242114   0.291678838730   4228.0000
 "MMM"    0.84111414   1.73872724   91.99671603   1.334822149803   -0.017804449485   4229.0000
 "MMM"    0.98137383   1.57780948   83.51516348   1.426848442080   0.067911459380   4230.0000
 "MMM"    1.08631244   1.75749660   103.00000000   1.580400700582   0.347094410221   423.0000
 "MMM"    1.08156374   1.48951610   101.30934839   1.660951949861   0.668349712207   4231.0000
 "MMM"    1.02558234   1.58928503   102.49927085   1.569669947919   0.469797313690   4232.0000
 "MMM"    1.03442110   1.63063255   95.74770892   1.561810152849   0.279986503197   4233.0000
 "MMM"    0.76231489   1.73506614   100.89973110   1.271408847929   0.038426598657   4234.0000
 "MMM"    0.72822720   1.60761678   94.85029889   1.219336033810   0.089200647491   4235.0000
 "MMM"    0.86526392   2.02563164   105.69313918   1.349938685675   0.190833849192   4236.0000
 "MMM"    0.77904079   1.72177170   93.44584782   1.276086183197   -0.033189853851   4237.0000
 "MMM"    0.86869866   1.78764146   98.39221396   1.376985576880   0.078390197085   4238.0000
 "MMM"    0.97961041   1.92104881   59.61556010   1.137408655740   -0.760932220900   4239.0000
 "MMM"    0.95469724   1.78297144   65.23626447   1.157936632654   -0.605545415842   4240.0000
 "MMM"    0.95859978   1.68888476   115.00281405   1.423936238137   0.490869186873   424.0000
 "MMM"    1.06071444   1.60865341   95.38360670   1.593576567630   0.312402836829   4241.0000
 "MMM"    1.48469738   1.66203762   90.71133858   1.755896041773   0.104510046676   4242.0000
 "MMM"    1.44678794   1.54639419   101.74167232   1.689484234683   0.382044123466   4243.0000
 "MMM"    0.93309503   1.84982342   132.16961306   1.153700628868   0.534723205186   4244.0000
 "MMM"    1.06971681   1.72848734   86.30701625   1.528459188484   -0.003799658902   4245.0000
 "MMM"    0.76309493   1.71160022   130.77800375   1.090534927463   0.291648620368   4246.0000
 "MMM"    0.96296612   1.97203453   85.23879667   1.436281728407   -0.111297420896   4247.0000
 "MMM"    0.90105592   1.64480335   91.37046893   1.395825063038   0.105050651582   4248.0000
 "MMM"    0.99407609   1.85104638   103.32809849   1.484282243684   0.258457864578   4249.0000
 "MMM"    1.01690568   1.47937258   98.82366783   1.596875595611   0.629911958138   4250.0000
 "MMM"    0.96446195   1.68915089   97.67638750   1.482196768167   0.213505519544   425.0000
 "MMM"    1.27750170   1.71189200   91.33594356   1.724297904478   0.163776891027   4251.0000
 "MMM"    0.85764900   1.67613485   94.72441921   1.361961319382   0.097892771592   4252.0000
 "MMM"    0.93942294   1.80434808   61.73844686   1.100473480676   -0.707505766516   4253.0000
 "MMM"    1.03608501   1.68828668   113.60810760   1.501811151074   0.548189812649   4254.0000
 "MMM"    1.13887876   1.68350225   102.21176779   1.642165974578   0.401789554267   4255.0000
 "MMM"    1.18691934   1.65825790   120.86037594   1.526453765244   0.813818873499   4256.0000
 "MMM"    0.87406502   1.78575576   118.24182426   1.299147827079   0.338266391332   4257.0000
 "MMM"    0.96046147   1.71362021   81.47343051   1.376995208979   -0.143386825009   4258.0000
 "MMM"    0.96293143   1.74049482   129.12974374   1.256320986879   0.612572245049   4259.0000
 "MMM"    1.36939133   1.61611438   108.39912320   1.681253932252   0.557826463100   4260.0000
 "MMM"    1.18270466   1.79555388   103.00000000   1.641191624420   0.387426409751   426.0000
 "MMM"    1.16632795   1.49748757   103.61824949   1.716389798372   0.695416992038   4261.0000
 "MMM"    1.17271595   1.73667500   99.77751632   1.657492422338   0.330704618792   4262.0000
 "MMM"    1.14949833   1.64169610   114.53697216   1.587104641010   0.690934779050   4263.0000
 "MMM"    1.39191991   1.69383383   94.04276751   1.762171848967   0.215192221736   4264.0000
 "MMM"    0.95890651   1.66117621   73.93796850   1.270486356463   -0.293939639949   4265.0000
 "MMM"    1.25925642   1.82126121   104.09952936   1.669205294146   0.437505819553   4266.0000
 "MMM"    1.26649527   1.65286566   97.20790277   1.737537646396   0.335291436368   4267.0000
 "MMM"    0.97488588   1.70136825   111.01841111   1.461956064193   0.435968685133   4268.0000
 "MMM"    0.97417669   1.61849650   89.66683833   1.469194843934   0.142988488711   4269.0000
 "MMM"    1.47499857   1.66458544   102.02094754   1.691368781297   0.338058959885   4270.0000
 "MMM"    0.99285205   1.68888476   107.88389634   1.497265234994   0.414177972397   427.0000
 "MMM"    0.88473017   1.55955864   100.03281995   1.418381733457   0.392060309194   4271.0000
 "MMM"    1.04883783   1.68292232   96.44638631   1.565910500658   0.244529797925   4272.0000
 "MMM"    1.19078750   2.26701275   101.82586800   1.607898315690   0.565163995298   4273.0000
 "MMM"    1.03211548   1.52044991   108.14021535   1.582474826949   0.717786598974   4274.0000
 "MMM"    0.89280309   1.71598054   115.64656725   1.351716613905   0.390143837713   4275.0000
 "MMM"    1.03599497   1.70405277   86.81335655   1.502185578973   0.013258150120   4276.0000
 "MMM"    0.94935497   1.52428066   97.37733703   1.498363940954   0.460797772616   4277.0000
 "MMM"    0.90632165   1.54863023   112.62574818   1.421990308796   0.643305854384   4278.0000
 "MMM"    0.95174814   1.71737337   72.58703875   1.253961927876   -0.372522976145   4279.0000
 "MMM"    0.95262420   1.89311799   57.36750299   1.077064701697   -0.827323261715   4280.0000
 "MMM"    0.81320022   1.70317408   103.00000000   1.323817705444   0.151385231954   428.0000
 "MMM"    0.94544165   1.70955348   124.75507880   1.311197104041   0.573144213639   4281.0000
 "MMM"    0.89949646   1.90270648   96.31192439   1.404601057670   0.048268414654   4282.0000
 "MMM"    1.05179861   1.62210893   110.37351253   1.556660755873   0.582701261121   4283.0000
 "MMM"    0.94259540   1.42624564   103.79746822   1.525445980487   0.862965588494   4284.0000
 "MMM"    1.04590466   1.71026094   83.42930092   1.480645943861   -0.069086194359   4285.0000
 "MMM"    1.47505516   1.61241872   103.02951210   1.672239846739   0.356773263861   4286.0000
 "MMM"    0.97804563   1.65680310   113.84003353   1.458775686955   0.533357096256   4287.0000
 "MMM"    0.80346154   1.63874277   112.30386195   1.295873300987   0.341084491063   4288.0000
 "MMM"    0.85001924   1.68946921   91.88921550   1.342258459740   0.029925303125   4289.0000
 "MMM"    0.74735251   1.84618564   102.59829707   1.256780307738   -0.022885875518   4290.0000
 "MMM"    1.42626419   1.68888476   112.53908442   1.606217701553   0.591728154808   429.0000
 "MMM"    1.06674277   1.62643105   99.78082577   1.600562320097   0.381400062670   4291.0000
 "MMM"    1.34926910   1.69862283   75.18128387   1.636701653570   -0.315588175383   4292.0000
 "MMM"    0.97006625   1.75174824   100.69906378   1.480234117192   0.224030604764   4293.0000
 "MMM"    0.85399048   1.66004802   76.67970630   1.214349121567   -0.239458882237   4294.0000
 "MMM"    1.01400465   1.59475702   83.78326085   1.464386390704   0.055280949647   4295.0000
 "MMM"    1.25303213   1.78956082   100.02620812   1.691412687379   0.344501927074   4296.0000
 "MMM"    0.94486813   1.89228817   71.64967011   1.284422720005   -0.433866165665   4297.0000
 "MMM"    1.21475695   1.48351587   101.97927278   1.751631860583   0.675229833901   4298.0000
 "MMM"    0.98845312   1.42620875   124.21629315   1.433078806009   1.302178125691   4299.0000
 "MMM"    1.39842065   1.85449116   103.17603916   1.695952562503   0.433795094928   4300.0000
 "MMM"    0.96446195   1.57501813   111.62327636   1.481867472629   0.620593117550   430.0000
 "MMM"    1.07446195   1.68888476   103.00000000   1.586905205660   0.383165593750   43.0000
 "MMM"    1.00507197   1.70363069   76.38613663   1.354271370476   -0.255955966446   4301.0000
 "MMM"    1.32267231   1.58730280   101.56346206   1.749214345858   0.465750768879   4302.0000
 "MMM"    0.92930408   1.75020489   100.36165932   1.440357702618   0.185314177457   4303.0000
 "MMM"    0.94428913   1.61351815   131.17880024   1.254101882474   0.804610157055   4304.0000
 "MMM"    1.27936022   1.68062214   129.32949020   1.392314899490   0.986933546851   4305.0000
 "MMM"    0.97214643   1.66643002   99.43810123   1.496094743305   0.274299277925   4306.0000
 "MMM"    0.73789357   1.51133387   105.14692231   1.248159646760   0.459282228251   4307.0000
 "MMM"    0.90278646   1.94996381   94.08967083   1.407945119626   0.015306567099   4308.0000
 "MMM"    1.14162471   1.83236777   102.23038852   1.609460699498   0.347466785461   4309.0000
 "MMM"    1.02280385   1.63517618   111.79418665   1.518932806360   0.568952677788   4310.0000
 "MMM"    0.93302760   1.68888476   104.19069785   1.449145305149   0.301390134156   431.0000
 "MMM"    1.05385108   1.71665958   124.17881079   1.395080544003   0.705206961478   4311.0000
 "MMM"    1.08541396   1.52075674   104.88470552   1.643887827264   0.669966296023   4312.0000
 "MMM"    0.85244605   1.71317156   87.02231770   1.318265301677   -0.077197928828   4313.0000
 "MMM"    0.99693287   1.73491572   143.56648779   1.021651770288   0.781432795647   4314.0000
 "MMM"    0.68299540   1.70465820   123.38345528   1.102938136646   0.135280154719   4315.0000
 "MMM"    0.97282490   1.52555686   83.13597407   1.421317017106   0.157074107387   4316.0000
 "MMM"    1.00684180   1.75607801   70.40590269   1.270721516440   -0.452680180959   4317.0000
 "MMM"    0.90274906   1.72460463   121.43335801   1.308276920905   0.458790821584   4318.0000
 "MMM"    0.98919343   1.67932899   87.52176639   1.462418986019   0.032369820263   4319.0000
 "MMM"    0.99634301   1.90892544   99.68193169   1.489436430344   0.194877656547   4320.0000
 "MMM"    0.90941147   1.68888476   97.08813893   1.423241357114   0.163874253517   432.0000
 "MMM"    0.84349071   1.59454056   94.43137151   1.348687472947   0.198601008610   4321.0000
 "MMM"    0.92403158   1.89718061   111.81065731   1.372872806060   0.315574111458   4322.0000
 "MMM"    1.14098859   1.68250239   81.34075967   1.551652565057   -0.088045270184   4323.0000
 "MMM"    0.88791302   1.72634313   81.23880593   1.306928756710   -0.183955798362   4324.0000
 "MMM"    1.03001553   1.64543998   119.61069684   1.456507115305   0.691951407233   4325.0000
 "MMM"    0.96791517   1.47202446   110.49745805   1.520768969559   0.858510319552   4326.0000
 "MMM"    0.84199590   1.67615547   105.57495003   1.353234858598   0.247436415709   4327.0000
 "MMM"    1.04598095   1.73762262   107.89228611   1.532520594273   0.419908068608   4328.0000
 "MMM"    1.50411566   1.70045506   103.17938255   1.664332092856   0.341856362277   4329.0000
 "MMM"    1.00694132   1.56239511   80.01679054   1.413460838027   0.008788930519   4330.0000
 "MMM"    1.37081013   1.71557573   103.00000000   1.718144785733   0.416436009720   433.0000
 "MMM"    0.83207798   1.64976778   128.49272169   1.187133244673   0.516197204696   4331.0000
 "MMM"    0.92513322   1.86919069   95.41543421   1.427614238387   0.056885424389   4332.0000
 "MMM"    1.17910273   1.65326649   96.56202718   1.686384721223   0.317075119474   4333.0000
 "MMM"    0.80024134   1.70089455   123.60757139   1.202213248752   0.342770010028   4334.0000
 "MMM"    0.95009571   1.81626022   87.91804375   1.425121218932   -0.057309099503   4335.0000
 "MMM"    1.30560465   1.94672802   102.18890757   1.675777883577   0.437078186337   4336.0000
 "MMM"    1.43954214   1.58676246   99.52689574   1.726048144342   0.336370225260   4337.0000
 "MMM"    1.11913482   1.71959393   116.14950235   1.528726849625   0.635542120688   4338.0000
 "MMM"    0.91029022   1.80647952   109.56413182   1.388757436645   0.276671398361   4339.0000
 "MMM"    1.28555464   1.73791542   103.75370392   1.698718962027   0.439955627548   4340.0000
 "MMM"    0.96446195   1.49998838   71.97331450   1.228869926893   -0.108964239301   434.0000
 "MMM"    1.11677856   1.64122080   112.54441222   1.584942230779   0.637125793038   4341.0000
 "MMM"    0.98304723   1.64468717   130.30762338   1.286332138358   0.788670775301   4342.0000
 "MMM"    1.10136951   1.87242824   106.72654529   1.552212248225   0.412817644518   4343.0000
 "MMM"    0.92971430   1.79036557   85.26781801   1.387301595374   -0.113971950614   4344.0000
 "MMM"    0.85934084   1.72236414   99.78071196   1.371269058012   0.133901887307   4345.0000
 "MMM"    0.89090745   2.25934390   99.96793624   1.407164964670   0.253900250881   4346.0000
 "MMM"    0.74095758   1.55927591   107.60421952   1.248086039382   0.371706782769   4347.0000
 "MMM"    0.93991693   1.72214272   135.91862142   1.140442145741   0.642623527264   4348.0000
 "MMM"    1.01049496   1.53706612   117.85747108   1.491541361485   0.851000738713   4349.0000
 "MMM"    0.91781495   1.56922697   112.41590670   1.430552275096   0.604149073814   4350.0000
 "MMM"    0.89673879   1.82481889   103.00000000   1.398213587126   0.162189655562   435.0000
 "MMM"    0.98179619   1.70625554   109.03119290   1.477614211940   0.406777224844   4351.0000
 "MMM"    1.07264158   1.67907148   83.49027635   1.510437592959   -0.037532844858   4352.0000
 "MMM"    0.96571393   2.11798863   87.59872298   1.466080867083   -0.021857109367   4353.0000
 "MMM"    1.18978957   1.70519179   115.59062237   1.575270927251   0.676900098924   4354.0000
 "MMM"    1.03644620   1.69944703   96.69659964   1.551069008164   0.229222489684   4355.0000
 "MMM"    0.94094269   1.85243323   73.81914073   1.296577892847   -0.380963202166   4356.0000
 "MMM"    1.01707740   1.67753407   73.78467816   1.322136219851   -0.311688084392   4357.0000
 "MMM"    1.20846723   1.69791571   86.49567130   1.658142628688   0.047122336727   4358.0000
 "MMM"    0.99980657   1.68331976   108.30365288   1.503347493787   0.432727060106   4359.0000
 "MMM"    1.04916679   1.77017513   95.65711813   1.549728620468   0.172929989903   4360.0000
 "MMM"    0.79543332   1.51129336   103.00000000   1.318635630758   0.483423979333   436.0000
 "MMM"    1.21887891   1.74531309   111.95164323   1.611554431451   0.599157398615   4361.0000
 "MMM"    1.05401819   1.73268243   133.12035373   1.251876864538   0.806658295926   4362.0000
 "MMM"    0.93554521   1.86759668   84.21085999   1.393302397909   -0.151042829185   4363.0000
 "MMM"    1.07966279   1.68901150   72.12123503   1.349109435489   -0.377783482999   4364.0000
 "MMM"    0.90174361   1.57238930   84.61338301   1.347260104237   0.077883775433   4365.0000
 "MMM"    1.15346609   1.71759946   122.40473370   1.472487000099   0.774279766308   4366.0000
 "MMM"    0.92172728   1.81073966   117.79171479   1.338273989243   0.393049417610   4367.0000
 "MMM"    0.89341065   1.67313149   109.65942892   1.395222488127   0.362436185893   4368.0000
 "MMM"    1.04244527   1.69000934   70.25713645   1.282211583814   -0.434667244658   4369.0000
 "MMM"    1.11373218   1.76784938   96.04724428   1.606955706052   0.214523323008   4370.0000
 "MMM"    1.27557638   1.66692373   103.00000000   1.716875831688   0.451467881068   437.0000
 "MMM"    0.91497233   1.86941355   108.15417741   1.391468503501   0.251244223126   4371.0000
 "MMM"    1.09235516   1.85431007   96.63437225   1.577728559277   0.200304872931   4372.0000
 "MMM"    1.08797414   1.71967238   108.68066418   1.566811497565   0.476661639383   4373.0000
 "MMM"    0.78269045   1.74335204   86.70878814   1.251635616941   -0.152847155356   4374.0000
 "MMM"    0.83008278   1.81859889   108.41657244   1.317932505146   0.157860187721   4375.0000
 "MMM"    0.84799138   1.73987058   89.71899457   1.331543117483   -0.052244586385   4376.0000
 "MMM"    1.01796053   1.55662217   95.44297688   1.563538276057   0.384085944717   4377.0000
 "MMM"    0.93880343   1.89803335   90.83762268   1.431528130942   -0.018710029480   4378.0000
 "MMM"    0.92975443   2.01587825   110.41552911   1.373872661610   0.343767870564   4379.0000
 "MMM"    0.81740877   1.64506863   127.09802253   1.191647873154   0.490426004992   4380.0000
 "MMM"    0.89838963   1.68888476   99.77478286   1.415234396410   0.200110449752   438.0000
 "MMM"    0.95172712   1.75247089   116.23713540   1.391581450774   0.442783563806   4381.0000
 "MMM"    1.00510164   1.94060706   98.45069884   1.497211502354   0.182990497214   4382.0000
 "MMM"    0.98509920   1.84857357   108.28690931   1.455325473115   0.333365360671   4383.0000
 "MMM"    1.00611990   1.77734133   142.07150536   1.038779005520   0.751418134075   4384.0000
 "MMM"    0.98329448   2.18545084   107.31743605   1.431866465089   0.458770319549   4385.0000
 "MMM"    1.20866526   1.71527987   90.74308488   1.677922612880   0.143177242372   4386.0000
 "MMM"    0.97988640   2.12189535   96.56849013   1.480545731224   0.185024964112   4387.0000
 "MMM"    0.87144509   1.68505376   114.17028072   1.347557329570   0.380175461269   4388.0000
 "MMM"    0.92942712   1.78301424   74.71056094   1.280962325071   -0.348575016321   4389.0000
 "MMM"    0.97872401   1.59843686   101.52332304   1.518671446080   0.409705156308   4390.0000
 "MMM"    0.96446195   1.73504416   112.30114430   1.436448560016   0.415763222237   439.0000
 "MMM"    1.05889469   1.65696582   98.02612809   1.583953086678   0.306794059616   4391.0000
 "MMM"    1.05395356   2.13867795   98.66521321   1.533432015420   0.301952439493   4392.0000
 "MMM"    0.88898711   1.80940258   93.40221185   1.389023444737   0.005614052323   4393.0000
 "MMM"    0.94986602   1.71184162   75.40716523   1.292308014978   -0.294169527416   4394.0000
 "MMM"    1.14282326   1.77224608   111.69923527   1.568102952418   0.546466356901   4395.0000
 "MMM"    0.94987721   1.70276934   88.48672562   1.427369211978   0.014421786463   4396.0000
 "MMM"    0.74870834   1.61459131   99.46492545   1.254753216863   0.160843536369   4397.0000
 "MMM"    1.07550274   1.56802859   96.30612995   1.623819862219   0.400185059299   4398.0000
 "MMM"    1.36127624   1.67821862   126.14361674   1.424266528366   0.907045355437   4399.0000
 "MMM"    0.71426750   1.74145429   101.62507970   1.223603463166   -0.014745948474   4400.0000
 "MMM"    0.96446195   1.70337148   91.83038838   1.461727810416   0.089263151610   440.0000
 "MMM"    0.84446195   1.68888476   103.00000000   1.357847235743   0.199381800110   44.0000
 "MMM"    0.91953196   1.64469065   146.73128070   0.945529692223   0.806866356260   4401.0000
 "MMM"    1.42675599   1.67696453   96.05244764   1.753913589308   0.248350543974   4402.0000
 "MMM"    1.00249710   1.66651350   143.90160210   1.044582840145   0.917324268006   4403.0000
 "MMM"    0.86582614   1.59863531   87.19271270   1.329196060210   0.071179039397   4404.0000
 "MMM"    1.03058749   1.79980749   102.58882842   1.525968033441   0.285222212282   4405.0000
 "MMM"    0.85329592   1.63504142   121.88057676   1.280632098555   0.519614427755   4406.0000
 "MMM"    0.91799117   1.69525437   77.76953080   1.292198158829   -0.229546086954   4407.0000
 "MMM"    0.97039253   1.64411961   60.05768956   1.007413301579   -0.741688179210   4408.0000
 "MMM"    0.81780202   1.69023534   109.06222915   1.317090490128   0.246829631892   4409.0000
 "MMM"    0.86073177   1.60256411   120.73244135   1.305284349880   0.583088334518   4410.0000
 "MMM"    0.98607389   1.68888476   112.10828674   1.468856398111   0.476429744909   441.0000
 "MMM"    1.39630850   1.53522554   105.76871727   1.685632869651   0.523486765223   4411.0000
 "MMM"    1.52667506   1.67971744   100.25723568   1.669774825832   0.258346153407   4412.0000
 "MMM"    1.00782803   1.63704354   122.99321873   1.404747246384   0.733884023233   4413.0000
 "MMM"    1.25060398   1.69949144   132.04413480   1.337529332093   1.018856248801   4414.0000
 "MMM"    1.17681274   1.43914092   102.05736457   1.748502491098   0.796375375845   4415.0000
 "MMM"    0.86702634   1.78178851   87.99729189   1.344290154797   -0.094477480125   4416.0000
 "MMM"    0.98895947   1.56962182   102.53228336   1.537009995759   0.485346225797   4417.0000
 "MMM"    0.85725376   1.96288954   103.35715876   1.354270433141   0.122972671303   4418.0000
 "MMM"    1.09487148   2.17747293   102.58375060   1.544438516483   0.449681378708   4419.0000
 "MMM"    1.26459648   1.71190445   83.10350177   1.668823438647   -0.051377641840   4420.0000
 "MMM"    1.13321381   1.68888476   93.93896335   1.635615025766   0.218613692274   442.0000
 "MMM"    0.93862632   1.74380639   143.85456108   0.983655912153   0.638924219402   4421.0000
 "MMM"    0.94418288   1.80410768   85.05300264   1.400342685848   -0.115902927093   4422.0000
 "MMM"    0.94477694   2.16380084   90.75023338   1.459341225144   0.049131275406   4423.0000
 "MMM"    1.13285652   1.57505263   97.92515361   1.676656633660   0.435090387393   4424.0000
 "MMM"    0.94404732   1.83269951   99.82157648   1.447270688246   0.155404612544   4425.0000
 "MMM"    1.19385137   1.69238076   105.76006323   1.660945195068   0.487115158472   4426.0000
 "MMM"    0.93892506   1.59879193   112.61862390   1.444055044503   0.568150417445   4427.0000
 "MMM"    0.89613560   1.55807858   103.25175488   1.434242521090   0.458909252441   4428.0000
 "MMM"    1.24623001   1.69641829   103.68689115   1.695574876469   0.450298284529   4429.0000
 "MMM"    1.03129421   1.60466383   117.39719445   1.492283318885   0.720298595850   4430.0000
 "MMM"    1.02310789   1.68888476   84.27072776   1.467903325514   -0.038844206376   443.0000
 "MMM"    0.89105332   1.63371546   65.57744723   1.068101380355   -0.505167298431   4431.0000
 "MMM"    0.95336425   1.88611114   88.40368586   1.434703527215   -0.056425334505   4432.0000
 "MMM"    0.80840734   1.72492663   96.70684541   1.314673223317   0.038575214068   4433.0000
 "MMM"    0.84376484   1.69399025   78.54510858   1.233363367241   -0.233856509183   4434.0000
 "MMM"    0.92668504   1.89023970   121.55279184   1.284367142311   0.439366411538   4435.0000
 "MMM"    0.90336878   1.70459046   71.82543087   1.201297573914   -0.387631718903   4436.0000
 "MMM"    0.95603254   1.49432644   86.02395559   1.440306655425   0.296402750212   4437.0000
 "MMM"    1.04705099   1.63782660   134.95655283   1.254047593906   0.956207519556   4438.0000
 "MMM"    0.80439179   1.63841089   86.77599067   1.260580807468   -0.030345887836   4439.0000
 "MMM"    0.97499586   1.88190867   75.94048773   1.354165591185   -0.322397958669   4440.0000
 "MMM"    0.96446195   1.78279902   88.85462036   1.443108478351   -0.018834757875   444.0000
 "MMM"    1.27549064   1.66617007   120.38473206   1.544150912124   0.816780229738   4441.0000
 "MMM"    1.15149667   1.48570557   98.06901451   1.727499385188   0.610518031993   4442.0000
 "MMM"    1.41829315   1.65291321   102.04542213   1.720586171149   0.383358181700   4443.0000
 "MMM"    1.07889324   1.73009076   100.75539050   1.584723210358   0.312268277108   4444.0000
 "MMM"    0.82357846   1.76036614   108.89840154   1.315584898157   0.185354828726   4445.0000
 "MMM"    0.99038572   1.76399559   115.50253574   1.427472962447   0.472755806781   4446.0000
 "MMM"    0.95369704   1.96720313   115.32976838   1.355935881898   0.427635495021   4447.0000
 "MMM"    0.89556088   1.74432250   80.00259714   1.304420057121   -0.218845399079   4448.0000
 "MMM"    0.99727216   1.49377276   94.83527282   1.557722451838   0.504125176412   4449.0000
 "MMM"    1.12541541   1.70387862   116.15951927   1.537510812182   0.651154195995   4450.0000
 "MMM"    1.24115296   1.75079548   103.00000000   1.683054614260   0.414754984704   445.0000
 "MMM"    1.12116499   1.71968154   95.53362679   1.621850553681   0.229089609017   4451.0000
 "MMM"    1.05628316   1.67328466   68.57202927   1.257221055698   -0.487082880516   4452.0000
 "MMM"    0.75335974   1.56970928   102.36476794   1.263971364589   0.292308479188   4453.0000
 "MMM"    0.89626728   1.51847318   93.81457881   1.418909119165   0.377435252514   4454.0000
 "MMM"    0.93621422   1.55107734   136.91581025   1.173011595090   1.036067884632   4455.0000
 "MMM"    0.79281664   1.67808427   78.95455653   1.188260457289   -0.231469632511   4456.0000
 "MMM"    1.07286679   1.72071255   95.26395124   1.578523278175   0.202566858677   4457.0000
 "MMM"    0.98421107   1.90369912   138.54391380   1.047403504255   0.694053423505   4458.0000
 "MMM"    0.99135407   1.83625940   113.76898060   1.424964265458   0.426233448224   4459.0000
 "MMM"    0.86121984   1.57626066   105.42937636   1.388592731809   0.427094733219   4460.0000
 "MMM"    0.96446195   1.48139639   133.06523435   1.275873088588   1.255975516534   446.0000
 "MMM"    0.94149075   1.48982749   122.67282239   1.392964721256   1.010190177642   4461.0000
 "MMM"    1.05718487   1.99568328   106.86368544   1.500580591066   0.410933052250   4462.0000
 "MMM"    0.95626472   1.56776997   91.18274804   1.467695918483   0.249320383568   4463.0000
 "MMM"    0.97538408   1.86112877   72.63984773   1.309106702459   -0.405076905002   4464.0000
 "MMM"    1.05896526   1.73239053   74.76211325   1.380074565982   -0.315120091425   4465.0000
 "MMM"    0.79791829   1.78943270   94.29519358   1.301534986772   -0.050695201454   4466.0000
 "MMM"    0.84659253   1.60060556   88.15086806   1.314953701734   0.076336420768   4467.0000
 "MMM"    0.78601008   1.71803035   87.88719558   1.258030165895   -0.110934575614   4468.0000
 "MMM"    0.93270470   1.59076391   74.34775011   1.244029240230   -0.200418659154   4469.0000
 "MMM"    0.95488124   1.74228931   56.83776476   0.984842756494   -0.876150712158   4470.0000
 "MMM"    0.84387899   1.68888476   88.58263154   1.317901169004   -0.031901084013   447.0000
 "MMM"    0.93697579   1.75450392   70.61143767   1.222590751043   -0.443734256947   4471.0000
 "MMM"    1.01075870   1.69098891   132.83237789   1.248767672892   0.784906739607   4472.0000
 "MMM"    1.47641220   1.70858137   104.70347167   1.668900937958   0.397277998130   4473.0000
 "MMM"    1.14397964   1.76998563   110.51331891   1.579036811177   0.525111660085   4474.0000
 "MMM"    0.82655651   1.69844802   112.38459552   1.310773449731   0.285825073104   4475.0000
 "MMM"    0.81648097   1.67308100   89.85217629   1.295836672110   -0.011310817376   4476.0000
 "MMM"    0.98441781   1.87026375   99.34059534   1.482058464307   0.177310323191   4477.0000
 "MMM"    0.76594600   1.68587560   65.82245671   1.020093331435   -0.531138845104   4478.0000
 "MMM"    1.08287791   1.78730433   97.25110236   1.578761297977   0.218457112116   4479.0000
 "MMM"    1.13860461   1.65429867   122.89476269   1.482152299945   0.829574116753   4480.0000
 "MMM"    1.24688122   1.63501494   103.00000000   1.715656438361   0.476177054544   448.0000
 "MMM"    1.00124097   1.73349742   104.46598119   1.506887935797   0.326252591371   4481.0000
 "MMM"    1.06393390   1.66589467   111.09978249   1.548802402634   0.549914506379   4482.0000
 "MMM"    1.01634255   1.63223847   90.10490762   1.516099390420   0.151168616560   4483.0000
 "MMM"    1.20630451   1.80094627   107.57232065   1.627448442176   0.494117375701   4484.0000
 "MMM"    0.79653693   1.83682111   108.87673614   1.283280125011   0.112623595138   4485.0000
 "MMM"    1.01922712   1.64920794   112.91518687   1.504248273552   0.566378546786   4486.0000
 "MMM"    1.22357558   1.65512387   115.91390040   1.598264955158   0.728679379549   4487.0000
 "MMM"    0.90105958   1.73959258   128.83679022   1.215386513714   0.505078451992   4488.0000
 "MMM"    0.97272711   1.75107352   100.79554950   1.482852187215   0.228238419876   4489.0000
 "MMM"    0.78157510   1.67416807   122.21058444   1.203074708125   0.343147171484   4490.0000
 "MMM"    1.19086353   1.47054190   103.00000000   1.740427393596   0.733636890710   449.0000
 "MMM"    1.09657483   1.68759037   84.36627734   1.541730020219   -0.017152966290   4491.0000
 "MMM"    1.05127149   1.73631771   116.37537654   1.475398120646   0.568662308666   4492.0000
 "MMM"    1.02534639   1.66092314   102.46360465   1.550019025708   0.370967001408   4493.0000
 "MMM"    1.00130097   1.58802066   115.85965419   1.485004964480   0.698559755098   4494.0000
 "MMM"    1.00469510   1.91269810   110.66474139   1.444985845136   0.398373079140   4495.0000
 "MMM"    1.06022312   1.74667625   108.95880006   1.536179902723   0.445146157608   4496.0000
 "MMM"    1.31788163   1.68269012   108.08218600   1.684165177767   0.547110259500   4497.0000
 "MMM"    1.12070132   1.72336912   76.93008935   1.468003927792   -0.244417552496   4498.0000
 "MMM"    0.83302600   1.90365979   99.03026098   1.342123578857   0.024491007897   4499.0000
 "MMM"    0.94898384   1.70668123   117.02686725   1.394451843481   0.488261538923   4500.0000
 "MMM"    1.01998570   1.80494165   103.00000000   1.514753185845   0.282919564287   450.0000
 "MMM"    1.08446195   1.68888476   103.00000000   1.595459654210   0.388632312417   45.0000
 "MMM"    1.12815018   1.69168014   126.41562240   1.413504186591   0.842666653741   4501.0000
 "MMM"    0.90670375   1.70599030   115.07951041   1.371048634912   0.411433550257   4502.0000
 "MMM"    1.16692455   1.72411183   107.72382169   1.625244186613   0.500222844370   4503.0000
 "MMM"    0.90210203   1.79623917   106.24084296   1.397099364140   0.224999393613   4504.0000
 "MMM"    1.20542529   1.62782871   111.84772290   1.641279586545   0.666939411430   4505.0000
 "MMM"    0.97628290   1.57963670   142.45845689   1.088499258268   1.086943579699   4506.0000
 "MMM"    1.05411246   1.69127412   120.17905031   1.452863167706   0.669243569303   4507.0000
 "MMM"    1.03122745   1.72322800   121.36385866   1.412342559710   0.632215336728   4508.0000
 "MMM"    1.18574546   1.72024775   119.57959702   1.521795883867   0.742960145209   4509.0000
 "MMM"    1.00466133   1.78322377   94.93669381   1.505442262038   0.126723144390   4510.0000
 "MMM"    0.96446195   1.70909926   66.48721528   1.158504366385   -0.549443128457   451.0000
 "MMM"    0.93484687   1.61208469   123.38208002   1.346792150014   0.695463053498   4511.0000
 "MMM"    1.20864523   1.69896007   124.91628430   1.459946306068   0.868217023655   4512.0000
 "MMM"    0.92532420   1.88938632   107.12172455   1.403533018080   0.248486205151   4513.0000
 "MMM"    0.92559535   1.76111680   59.04452160   1.026564297460   -0.784729176321   4514.0000
 "MMM"    0.95561466   1.82679852   137.26784240   1.087585910008   0.605944321793   4515.0000
 "MMM"    1.25785866   1.67857834   111.26270010   1.648327190695   0.620894843622   4516.0000
 "MMM"    1.02680187   1.96531189   107.39082322   1.477622852239   0.379578579859   4517.0000
 "MMM"    0.92004585   1.85128714   91.52515280   1.414307229105   -0.015049794386   4518.0000
 "MMM"    1.04965429   1.55306806   101.40737496   1.606321016149   0.523652655164   4519.0000
 "MMM"    1.35267839   1.75220449   103.68215922   1.707620756171   0.433223565193   4520.0000
 "MMM"    0.91178467   1.66444954   103.00000000   1.432626577575   0.291191305938   452.0000
 "MMM"    1.01058988   1.89550940   116.54897898   1.400244392812   0.494827905797   4521.0000
 "MMM"    1.02288077   1.68736658   84.41220286   1.469167210901   -0.034255895248   4522.0000
 "MMM"    0.97039136   1.81259810   131.84327603   1.194438937821   0.605746938525   4523.0000
 "MMM"    1.05554612   1.65011725   114.22879097   1.524323871203   0.617524002319   4524.0000
 "MMM"    1.34596263   1.73831778   103.67504141   1.709767996543   0.434810135219   4525.0000
 "MMM"    1.19029780   1.79854124   105.41147842   1.633285908027   0.441668376325   4526.0000
 "MMM"    0.98708384   1.70294950   113.35199573   1.457725723714   0.482681317920   4527.0000
 "MMM"    1.21486437   1.60043726   104.14516707   1.706587784581   0.536191662194   4528.0000
 "MMM"    1.30822428   1.72392352   107.59066311   1.679222463583   0.526580529128   4529.0000
 "MMM"    0.70231980   1.60395840   99.27757270   1.202744326445   0.130296908311   4530.0000
 "MMM"    0.96446195   1.72955201   89.30447940   1.446475313733   0.018698708068   453.0000
 "MMM"    0.86823988   1.70037431   102.37483037   1.382234152795   0.201556166996   4531.0000
 "MMM"    0.98731151   1.63476594   100.98122143   1.519079251512   0.351174279689   4532.0000
 "MMM"    0.86991408   1.87159018   103.24983216   1.369232297764   0.128260045632   4533.0000
 "MMM"    1.20931155   1.85151259   103.12531778   1.644539684497   0.400793602641   4534.0000
 "MMM"    1.13062763   1.59265858   96.64721450   1.667665625541   0.381127514615   4535.0000
 "MMM"    0.98330168   1.60327881   94.14701758   1.507427864573   0.262284270610   4536.0000
 "MMM"    1.13247629   1.70183941   86.59209253   1.592957935368   0.035981127136   4537.0000
 "MMM"    0.92427191   1.81316043   119.21303687   1.326161600368   0.411919342305   4538.0000
 "MMM"    1.04279258   1.57721746   92.91028853   1.574490830518   0.302257525698   4539.0000
 "MMM"    1.11131174   1.46416526   105.21552681   1.683704558537   0.813058810856   4540.0000
 "MMM"    0.92975068   1.68888476   109.69926678   1.428408170057   0.383003836578   454.0000
 "MMM"    0.98563708   1.72749996   101.79689368   1.498261515727   0.271206480539   4541.0000
 "MMM"    1.07877269   1.68176562   125.21985208   1.409159682383   0.784620541828   4542.0000
 "MMM"    0.95975026   1.70543920   125.78980714   1.310907162991   0.610486132554   4543.0000
 "MMM"    1.21013976   1.62226222   104.03173414   1.698464662965   0.510303288974   4544.0000
 "MMM"    0.99270818   1.70142398   88.49597713   1.471396254986   0.035905741307   4545.0000
 "MMM"    1.18285217   1.71743145   116.02645462   1.563755618001   0.675219410673   4546.0000
 "MMM"    1.09848889   1.71481620   79.71954455   1.487346105043   -0.159798918740   4547.0000
 "MMM"    1.00166462   1.82141275   90.27161311   1.485189741113   0.018974239761   4548.0000
 "MMM"    0.90219156   1.73328988   136.63741577   1.100074885051   0.556301916100   4549.0000
 "MMM"    0.87895865   1.71328747   109.82538413   1.372794562428   0.303631112648   4550.0000
 "MMM"    0.96446195   1.79214483   88.95135022   1.443723133875   -0.020463369426   455.0000
 "MMM"    0.98411672   1.77600186   103.41356831   1.485861004705   0.270275741306   4551.0000
 "MMM"    1.06166195   1.76863915   102.73747013   1.558195775654   0.321301007323   4552.0000
 "MMM"    0.98666396   1.86527611   74.78394259   1.345621543181   -0.348424734424   4553.0000
 "MMM"    1.20254884   1.68799604   95.99271329   1.692392829423   0.280814938705   4554.0000
 "MMM"    0.98309074   1.92954567   130.87401237   1.177621303547   0.648869770988   4555.0000
 "MMM"    0.91680623   1.62511805   118.74330447   1.371809920800   0.585678069806   4556.0000
 "MMM"    1.22202293   1.51434525   104.33262946   1.732409551542   0.661733400752   4557.0000
 "MMM"    0.93690612   2.08221838   116.45280540   1.316949905920   0.500398328124   4558.0000
 "MMM"    1.03849804   1.67674511   138.80002709   1.162675895597   0.917748664470   4559.0000
 "MMM"    0.94809525   1.68461029   99.53548196   1.468002573655   0.239738866993   4560.0000
 "MMM"    0.78901865   1.68888476   91.93915235   1.278424177157   -0.015372454466   456.0000
 "MMM"    1.27759210   1.77615954   104.17006314   1.685206241672   0.442998374598   4561.0000
 "MMM"    0.86352477   1.60602658   92.87215487   1.363887716240   0.165378706615   4562.0000
 "MMM"    1.08684953   1.80218919   103.41291617   1.570245778011   0.341307590364   4563.0000
 "MMM"    0.98306362   1.70953101   102.41214758   1.498292979149   0.293826456030   4564.0000
 "MMM"    1.02471188   1.74623859   122.78204318   1.382972848882   0.626458943273   4565.0000
 "MMM"    1.41050019   1.68172529   95.23016970   1.759671513879   0.237529003456   4566.0000
 "MMM"    0.88862813   1.70216498   98.20276898   1.401961712397   0.153172206593   4567.0000
 "MMM"    0.98431548   1.68341132   90.52674903   1.477285742349   0.090650816932   4568.0000
 "MMM"    0.87544931   1.60584939   119.93924562   1.326007559162   0.586079225477   4569.0000
 "MMM"    1.19309675   1.65529748   96.57407369   1.695675195004   0.317528150885   4570.0000
 "MMM"    1.25695861   1.68888476   107.12999681   1.680077802829   0.528475480912   457.0000
 "MMM"    0.99724180   1.95763321   101.05542434   1.484067121121   0.229908929347   4571.0000
 "MMM"    1.01162960   1.57446997   79.49036857   1.409283530943   -0.025698519982   4572.0000
 "MMM"    1.06923876   1.68725288   74.42540102   1.380928920361   -0.300699688716   4573.0000
 "MMM"    1.00801398   1.60021573   82.94883844   1.447159134550   0.024959838776   4574.0000
 "MMM"    1.22287661   1.90980784   101.95725390   1.647354771406   0.391044572547   4575.0000
 "MMM"    0.87633609   1.43427920   93.27739954   1.406625682262   0.597688244674   4576.0000
 "MMM"    1.23911671   1.75365904   104.72913831   1.672509198204   0.451305555110   4577.0000
 "MMM"    1.04450625   1.62512523   84.11028075   1.496210189224   0.028376165096   4578.0000
 "MMM"    0.98335247   1.95718153   121.87403145   1.304529018698   0.558741652512   4579.0000
 "MMM"    0.95321958   1.63482124   107.40279050   1.473076065714   0.437863127219   4580.0000
 "MMM"    0.96446195   1.72246138   83.05842220   1.397472615892   -0.111460167268   458.0000
 "MMM"    0.88036275   1.79286063   116.51139572   1.317756829099   0.326504156876   4581.0000
 "MMM"    0.86412881   1.47180869   104.35671803   1.412120035841   0.676551205024   4582.0000
 "MMM"    0.87187749   1.80941718   95.34634712   1.376569772606   0.023826405625   4583.0000
 "MMM"    1.10127742   1.76194886   95.39389758   1.596602425315   0.197073669110   4584.0000
 "MMM"    0.91069913   1.66421769   145.18732233   0.967325833931   0.728927804665   4585.0000
 "MMM"    1.01488484   1.68373943   100.93496222   1.535949195376   0.312397947171   4586.0000
 "MMM"    0.97431521   1.78509052   90.61609274   1.461576486730   0.021553702939   4587.0000
 "MMM"    0.71450524   1.59874824   101.41350950   1.219030643925   0.180027895625   4588.0000
 "MMM"    0.97898230   1.87966922   134.30583084   1.133261242533   0.643774902115   4589.0000
 "MMM"    0.87310444   1.67844328   110.45422853   1.370127456987   0.343872620346   4590.0000
 "MMM"    1.05025317   1.68888476   129.71048633   1.323608370867   0.807350862506   459.0000
 "MMM"    0.97045118   1.54617456   98.34452413   1.519954527185   0.442040146226   4591.0000
 "MMM"    0.72840405   1.99906932   105.24149675   1.235837010531   -0.008877148504   4592.0000
 "MMM"    0.79273148   1.71941467   107.52548738   1.293461922859   0.166254276144   4593.0000
 "MMM"    0.83319850   1.66653685   142.12675238   0.977766048151   0.541452871471   4594.0000
 "MMM"    1.08034315   1.70654110   112.58384150   1.538573562071   0.551389498438   4595.0000
 "MMM"    0.90199343   1.53929200   99.33548926   1.441790453347   0.435590528842   4596.0000
 "MMM"    0.93599201   1.44920589   95.06416188   1.494606905510   0.612551738101   4597.0000
 "MMM"    0.95560219   1.80810159   94.67328655   1.456500655813   0.079647815561   4598.0000
 "MMM"    0.83383896   1.76028808   101.68514228   1.342772230977   0.106969667361   4599.0000
 "MMM"    0.95565860   1.80909432   136.11463788   1.114945897385   0.604833026246   4600.0000
 "MMM"    0.96446195   1.70284956   112.46093851   1.443275819658   0.445714946130   460.0000
 "MMM"    1.08946195   1.68888476   103.00000000   1.599666747540   0.391273690701   46.0000
 "MMM"    0.99334366   1.83202188   122.52758008   1.336547083646   0.547550528823   4601.0000
 "MMM"    1.27048169   1.65036766   97.03681129   1.740235799902   0.332991516728   4602.0000
 "MMM"    1.03947726   1.72850406   108.28269166   1.527340611254   0.427302050677   4603.0000
 "MMM"    0.97251102   1.75173830   113.33624291   1.432479978127   0.428270211073   4604.0000
 "MMM"    1.03045745   1.82333960   91.46782346   1.516407254824   0.059574095903   4605.0000
 "MMM"    0.78194447   1.70449357   138.81063463   0.992345732647   0.347349791668   4606.0000
 "MMM"    1.34094178   1.70723393   92.91501419   1.753171708767   0.197957747467   4607.0000
 "MMM"    0.97894786   1.75258391   146.17886540   0.950227148553   0.724428345898   4608.0000
 "MMM"    1.12171647   1.55257254   102.00300770   1.671182040541   0.555811413829   4609.0000
 "MMM"    1.28809703   1.68987946   62.07625081   1.285460671981   -0.953674290627   4610.0000
 "MMM"    0.85428147   1.69313713   103.00000000   1.367826388216   0.204533173320   461.0000
 "MMM"    1.20728070   1.75493250   103.69192102   1.661955374739   0.419839179256   4611.0000
 "MMM"    1.00572056   1.72583873   130.09393186   1.276053795298   0.705148803802   4612.0000
 "MMM"    0.92489939   1.85523919   105.47139219   1.414154303079   0.223902275257   4613.0000
 "MMM"    0.96284343   2.11219900   62.29485271   1.252866613110   -0.614170292805   4614.0000
 "MMM"    1.07011091   1.62883250   118.49574431   1.503154901214   0.732762113321   4615.0000
 "MMM"    0.94918708   1.94256844   114.35451749   1.365593092606   0.396557156627   4616.0000
 "MMM"    1.06869397   1.74514461   100.08425369   1.573406040255   0.284818652163   4617.0000
 "MMM"    1.05443662   1.70341903   80.36593439   1.454496321171   -0.141200507824   4618.0000
 "MMM"    1.01613841   1.93635987   103.73442546   1.491921232515   0.292776433844   4619.0000
 "MMM"    1.37175561   1.68694121   123.29373379   1.469121442429   0.843535334840   4620.0000
 "MMM"    1.05183713   1.68888476   128.55996498   1.342191694706   0.793739929730   462.0000
 "MMM"    1.05864923   1.93935502   109.12015946   1.493330164418   0.434695477973   4621.0000
 "MMM"    1.04829567   1.60245241   122.62186688   1.450788978205   0.829673257840   4622.0000
 "MMM"    1.39344873   1.68379037   86.81191968   1.763753606194   0.047853563029   4623.0000
 "MMM"    0.99607852   1.86954222   89.08585079   1.475262746535   -0.015844382537   4624.0000
 "MMM"    1.01138829   1.64227824   100.35591451   1.542040349027   0.344548154244   4625.0000
 "MMM"    1.20949321   1.69047926   94.50816599   1.695020062878   0.246469886259   4626.0000
 "MMM"    1.22148467   1.84843422   99.25613329   1.666086409144   0.318044025057   4627.0000
 "MMM"    0.91236831   1.62423183   87.07769521   1.379741469960   0.053043613153   4628.0000
 "MMM"    0.97907984   1.57037373   70.49527467   1.216353391486   -0.292857590032   4629.0000
 "MMM"    1.01581079   1.92955766   107.08567064   1.475397965194   0.352254353371   4630.0000
 "MMM"    1.36959764   1.68888476   117.16370761   1.568055050671   0.720024934927   463.0000
 "MMM"    1.05733919   1.61057446   118.81546375   1.496765437966   0.756558690081   4631.0000
 "MMM"    0.80847685   1.59459196   91.11568750   1.291295643521   0.116652290711   4632.0000
 "MMM"    1.04034189   1.47855452   97.38125663   1.622123986771   0.608623257043   4633.0000
 "MMM"    0.94068676   1.96832048   105.48292383   1.417798837957   0.254956563237   4634.0000
 "MMM"    0.84799788   1.74694361   94.33034860   1.349935369029   0.020006231829   4635.0000
 "MMM"    0.94317437   1.97034465   103.94112446   1.426897872630   0.232010530261   4636.0000
 "MMM"    0.91284121   1.67010568   82.84070628   1.341577707800   -0.092023446754   4637.0000
 "MMM"    1.30866594   1.66148644   108.40565829   1.685034521560   0.564637689518   4638.0000
 "MMM"    0.97022449   1.58597280   91.27851883   1.481056472014   0.225252492979   4639.0000
 "MMM"    0.91191001   1.67945069   145.79819137   0.950863122090   0.696384750512   4640.0000
 "MMM"    1.11224197   1.68760962   103.00000000   1.618557661863   0.403518551387   464.0000
 "MMM"    0.94760990   1.81723487   67.52050780   1.203692383982   -0.541614826570   4641.0000
 "MMM"    0.96860675   1.63814834   135.47860277   1.195843386034   0.837986759150   4642.0000
 "MMM"    0.94323541   1.75644468   98.93897660   1.453483459375   0.169149574829   4643.0000
 "MMM"    0.98434922   1.67850522   78.13593003   1.357586600424   -0.192943272549   4644.0000
 "MMM"    0.97543044   1.70528144   103.81278984   1.489353719924   0.315620995831   4645.0000
 "MMM"    0.84253856   1.65817271   118.52151582   1.294223880398   0.428762792009   4646.0000
 "MMM"    0.97518974   1.84980267   135.94215869   1.113097098946   0.639275028425   4647.0000
 "MMM"    0.98581864   1.78074301   97.18833574   1.491294859004   0.158185058223   4648.0000
 "MMM"    1.05607222   1.70195724   121.22204494   1.438630717849   0.677060409208   4649.0000
 "MMM"    1.03290383   1.58094197   85.87074780   1.510889214756   0.132694167471   4650.0000
 "MMM"    1.25323038   1.76308860   103.00000000   1.685423111625   0.414579709568   465.0000
 "MMM"    0.82701448   2.20432737   105.35264918   1.324175594322   0.251228684285   4651.0000
 "MMM"    0.97501317   1.58504900   104.88564430   1.514788465642   0.491606835104   4652.0000
 "MMM"    1.05274076   1.66128192   137.89925173   1.193478749974   0.958737908741   4653.0000
 "MMM"    0.99078225   1.96595655   122.46008140   1.299584705353   0.583313116197   4654.0000
 "MMM"    0.92940849   1.81972007   80.49909392   1.351354863721   -0.224766340907   4655.0000
 "MMM"    0.77786645   1.83134735   106.57366667   1.275229810397   0.064522895251   4656.0000
 "MMM"    1.03673905   1.62962666   129.40468801   1.342020424625   0.877540365850   4657.0000
 "MMM"    0.94077006   1.75505749   110.06991472   1.423489691790   0.343699548842   4658.0000
 "MMM"    0.91794674   1.69277341   55.78215038   0.925934903199   -0.876850114291   4659.0000
 "MMM"    0.77871312   1.72839790   117.94865468   1.226255764985   0.235116144345   4660.0000
 "MMM"    0.96446195   1.74948984   141.56549860   1.040684757460   0.685593968393   466.0000
 "MMM"    0.97831547   1.69318233   121.41364114   1.381006024108   0.597533595240   4661.0000
 "MMM"    0.98446751   1.66639902   132.40005676   1.247650687889   0.776603040006   4662.0000
 "MMM"    0.96305028   1.63401327   128.37403337   1.302361197120   0.755555303054   4663.0000
 "MMM"    0.95757067   2.10558332   91.14864463   1.464103661122   0.044130551197   4664.0000
 "MMM"    0.93534751   1.69079245   102.17267705   1.453719525047   0.268497234465   4665.0000
 "MMM"    1.13560357   1.68382401   66.67459681   1.280518177395   -0.599586134009   4666.0000
 "MMM"    1.29682580   1.79716528   105.09088883   1.680393035598   0.465874978619   4667.0000
 "MMM"    0.98663966   1.84147889   88.28839524   1.461921461681   -0.034688408009   4668.0000
 "MMM"    0.90307566   2.11261621   106.10850628   1.377982413687   0.292524284382   4669.0000
 "MMM"    1.01183590   1.59689927   130.58352999   1.318699756721   0.931046930301   4670.0000
 "MMM"    1.10623984   1.74425893   103.00000000   1.599375903539   0.364828393730   467.0000
 "MMM"    0.90196314   1.63084117   102.81472727   1.427649049806   0.325312959158   4671.0000
 "MMM"    1.07064485   1.55922701   95.97279245   1.621178455329   0.407417240421   4672.0000
 "MMM"    1.03610845   1.68458403   77.95540214   1.404993928299   -0.195644682745   4673.0000
 "MMM"    0.92158783   1.56557974   74.51563815   1.233477346190   -0.156197456051   4674.0000
 "MMM"    1.46445606   1.69894917   81.09208657   1.747260767731   -0.134910814694   4675.0000
 "MMM"    0.96849328   1.93125668   121.28639620   1.307935011508   0.515100333099   4676.0000
 "MMM"    0.96876605   1.47525795   120.46430846   1.445772898923   1.040213453074   4677.0000
 "MMM"    0.97291699   1.70252359   54.57431457   0.921286322502   -0.973130863485   4678.0000
 "MMM"    1.13366511   1.78775470   95.97653772   1.619547935447   0.215617798680   4679.0000
 "MMM"    1.00478550   1.58476658   96.87880134   1.545052425374   0.357143091479   4680.0000
 "MMM"    0.81212687   1.72333609   103.00000000   1.321525599867   0.130329000332   468.0000
 "MMM"    0.95952855   1.46842117   101.29372256   1.533815745588   0.687967888374   4681.0000
 "MMM"    1.17156919   1.59365698   104.03701888   1.686064490008   0.540983521649   4682.0000
 "MMM"    0.99149746   1.69944561   95.23964359   1.503030690462   0.175166024415   4683.0000
 "MMM"    0.77106682   1.74802815   111.96081891   1.252753375302   0.155685449974   4684.0000
 "MMM"    1.18598751   1.54450350   105.99474577   1.699662383021   0.654021252263   4685.0000
 "MMM"    1.12982827   1.80061777   96.96597502   1.614920114234   0.232723541665   4686.0000
 "MMM"    0.89283463   1.93676221   106.00326976   1.376010327817   0.199495003966   4687.0000
 "MMM"    0.88339256   1.72322689   134.61584130   1.123268005765   0.523424972341   4688.0000
 "MMM"    0.77322207   1.66381629   123.40988836   1.186327036920   0.355484518150   4689.0000
 "MMM"    0.80052092   1.72758758   77.23475344   1.190392867456   -0.304442196190   4690.0000
 "MMM"    1.12812877   1.79232834   103.00000000   1.605150000894   0.360796820561   469.0000
 "MMM"    0.84038334   1.68555982   71.52452196   1.143517917957   -0.387401295733   4691.0000
 "MMM"    1.11190450   1.58357621   100.94661736   1.654111613182   0.480908188475   4692.0000
 "MMM"    0.99487364   1.64625581   69.56045464   1.222301987151   -0.416550639227   4693.0000
 "MMM"    0.94038455   1.93281265   120.55978409   1.296382445938   0.463967236576   4694.0000
 "MMM"    1.43932486   1.67162800   114.55554393   1.569427514784   0.620131106765   4695.0000
 "MMM"    1.08854042   1.82017696   96.66078901   1.578622162535   0.201845375284   4696.0000
 "MMM"    0.85594739   1.73780630   103.36542879   1.364938228909   0.169758710651   4697.0000
 "MMM"    0.86817477   1.78156383   118.95965132   1.288574177130   0.338467497791   4698.0000
 "MMM"    1.29085200   1.69623090   110.78145001   1.654150985873   0.603080113503   4699.0000
 "MMM"    1.10605972   1.75954218   101.80081412   1.598871034384   0.334009225130   4700.0000
 "MMM"    0.97262954   1.68888476   82.51555301   1.399177114590   -0.095976496015   470.0000
 "MMM"    0.83946195   1.68888476   103.00000000   1.352546862393   0.194327903235   47.0000
 "MMM"    0.89586488   1.68885396   89.38813133   1.377190880398   0.015221148117   4701.0000
 "MMM"    0.94389381   1.67168745   103.55385572   1.464467155084   0.318952224042   4702.0000
 "MMM"    1.04168721   1.72114552   106.23751084   1.540309825271   0.397684112516   4703.0000
 "MMM"    0.96847463   1.64761542   134.28361453   1.212628814010   0.805391263359   4704.0000
 "MMM"    1.40399047   1.79371317   105.10273366   1.687691458044   0.459588600980   4705.0000
 "MMM"    1.19734243   1.72327780   96.05129828   1.679756063326   0.261082655298   4706.0000
 "MMM"    0.95334204   1.57112946   126.40148766   1.339157982362   0.854250551840   4707.0000
 "MMM"    1.02054139   1.52233825   114.08559120   1.536003950301   0.822197401122   4708.0000
 "MMM"    0.95258686   2.20734254   92.45997068   1.470276945427   0.114100171189   4709.0000
 "MMM"    1.01389841   1.78965518   85.09118788   1.464330465411   -0.079217332922   4710.0000
 "MMM"    1.11443449   1.68888476   142.55700511   1.109311408906   1.065700020644   471.0000
 "MMM"    1.39566928   1.78652004   100.55314406   1.722374682538   0.356387480310   4711.0000
 "MMM"    1.23496143   1.54418513   100.71220026   1.747327404330   0.535512690728   4712.0000
 "MMM"    1.04419766   1.69694704   93.86190124   1.551657983050   0.176981984347   4713.0000
 "MMM"    0.97052562   1.90547669   100.98679862   1.464402581836   0.195532956260   4714.0000
 "MMM"    1.24713320   1.64488036   92.75889481   1.730002127904   0.242558598247   4715.0000
 "MMM"    0.96249047   2.23422139   107.43114363   1.416142883039   0.477137100520   4716.0000
 "MMM"    1.22945769   1.60618505   101.96043702   1.721347168382   0.482965722078   4717.0000
 "MMM"    0.81986594   1.80278478   111.91384454   1.292859353293   0.188434321677   4718.0000
 "MMM"    0.92495854   1.68320261   65.16684443   1.100416562426   -0.566285864180   4719.0000
 "MMM"    0.93307661   1.77153855   113.12179191   1.394464521774   0.367246703196   4720.0000
 "MMM"    0.96446195   1.93539607   106.37188797   1.436287404137   0.287276776405   472.0000
 "MMM"    0.96052609   1.81258159   72.53425603   1.283700566840   -0.405809007382   4721.0000
 "MMM"    0.98557439   1.67015287   125.70680406   1.343352650225   0.692726657217   4722.0000
 "MMM"    1.08327736   1.89695225   97.77603639   1.565794025521   0.220549233638   4723.0000
 "MMM"    0.97871692   1.84290486   114.39438612   1.408020791220   0.419422034281   4724.0000
 "MMM"    0.99156434   2.11648374   109.57898018   1.421347958983   0.465429442276   4725.0000
 "MMM"    1.12544877   1.82753628   98.26917199   1.606847196527   0.254928310708   4726.0000
 "MMM"    1.14748151   1.69824192   65.28824075   1.258608425430   -0.670568830048   4727.0000
 "MMM"    0.91434777   1.57723896   95.05347530   1.436681705618   0.287031025179   4728.0000
 "MMM"    0.77534065   1.71199535   70.35294246   1.092132505685   -0.446239479093   4729.0000
 "MMM"    1.00367941   1.63995078   116.46650615   1.466313918056   0.623498000513   4730.0000
 "MMM"    0.78082601   1.68888476   85.21091603   1.231821146248   -0.132522693106   473.0000
 "MMM"    0.98013757   1.74549992   79.24313203   1.372983156592   -0.210370767317   4731.0000
 "MMM"    1.13781655   1.82204812   107.25493794   1.584685723027   0.448484741182   4732.0000
 "MMM"    1.01960360   1.53907518   84.77713334   1.494821928388   0.179388771007   4733.0000
 "MMM"    0.97324766   2.12387932   92.98497452   1.479149118167   0.103189297362   4734.0000
 "MMM"    0.89409203   1.72809412   94.01991969   1.396420945713   0.064794148258   4735.0000
 "MMM"    1.21776278   1.68243258   85.70381693   1.663710151749   0.037570642948   4736.0000
 "MMM"    0.93022659   1.60265526   123.90201089   1.339547602225   0.716008083032   4737.0000
 "MMM"    1.00375489   1.66793038   65.23109128   1.146814256301   -0.584428172642   4738.0000
 "MMM"    1.23404957   1.66971227   84.96934483   1.674534690351   0.028061795259   4739.0000
 "MMM"    1.41977991   1.67015840   118.28790218   1.525911499198   0.711200870961   4740.0000
 "MMM"    0.96446195   1.54260551   141.85860794   1.102685606790   1.182454238730   474.0000
 "MMM"    0.79915684   1.72447450   102.57610345   1.308491150486   0.109636268450   4741.0000
 "MMM"    1.14979298   1.63673012   115.00021865   1.584445043206   0.705645239109   4742.0000
 "MMM"    0.96396346   1.78235415   89.47995927   1.446025842548   -0.006225118726   4743.0000
 "MMM"    0.93274850   1.79190807   95.32895077   1.436366855411   0.080296852120   4744.0000
 "MMM"    0.97730783   1.98572440   89.58444090   1.467345089379   -0.008574419650   4745.0000
 "MMM"    0.73062297   1.68965095   97.05175133   1.233767458006   0.002853425759   4746.0000
 "MMM"    1.09622617   1.67161247   68.85385931   1.296015053108   -0.488973035393   4747.0000
 "MMM"    0.99450103   1.89374871   96.19896314   1.490997666754   0.126008833604   4748.0000
 "MMM"    1.19443721   1.76127599   107.93222336   1.629017688698   0.502664382927   4749.0000
 "MMM"    1.36590275   1.68642815   63.58400481   1.400445715257   -0.934423990839   4750.0000
 "MMM"    1.11604825   1.63555700   103.00000000   1.636708480454   0.455051616309   475.0000
 "MMM"    1.06169368   1.52966182   113.13364464   1.575971894739   0.807919780764   4751.0000
 "MMM"    1.02884308   1.82221736   99.63289928   1.526208924337   0.223116458007   4752.0000
 "MMM"    0.95519126   1.93464006   78.37734743   1.375009173173   -0.269370569444   4753.0000
 "MMM"    1.19578899   1.68153495   108.21093779   1.650036301375   0.545438277425   4754.0000
 "MMM"    0.95501915   1.72259061   70.57155002   1.226236237992   -0.431615113278   4755.0000
 "MMM"    0.97588361   1.68088314   144.90151404   1.004201234965   0.835776498171   4756.0000
 "MMM"    0.94003310   1.66531112   56.22186236   0.925013967843   -0.870408680096   4757.0000
 "MMM"    1.27844880   1.70120896   135.98683292   1.251513543075   1.097989928478   4758.0000
 "MMM"    1.04836230   1.84057791   97.59854729   1.542261069307   0.194085246746   4759.0000
 "MMM"    0.96891078   1.80994539   94.36773884   1.468459512602   0.082845741535   4760.0000
 "MMM"    1.05583113   1.68888476   135.40226341   1.230412625656   0.887915518073   476.0000
 "MMM"    1.14184952   1.68518836   88.87784761   1.621233540951   0.106208937834   4761.0000
 "MMM"    1.27869078   1.46891889   102.78908333   1.757182448192   0.674235954294   4762.0000
 "MMM"    0.98262701   1.47756524   86.28147238   1.482991418731   0.353465514822   4763.0000
 "MMM"    1.28690700   1.85912549   102.06736653   1.683640709094   0.402806487286   4764.0000
 "MMM"    0.90817209   1.64716272   55.99435982   0.900836044849   -0.841433754874   4765.0000
 "MMM"    1.49164789   1.86071077   103.40661912   1.672766417336   0.417841916523   4766.0000
 "MMM"    1.14902386   1.58749219   103.34624283   1.675900146845   0.532194545621   4767.0000
 "MMM"    0.98440035   1.72040012   68.93763319   1.219737120134   -0.481980750476   4768.0000
 "MMM"    0.96566596   1.41661072   94.03275088   1.542275902979   0.709715480234   4769.0000
 "MMM"    0.86548976   1.65719983   139.67124016   1.045541312097   0.627304486444   4770.0000
 "MMM"    0.96446195   1.89970342   120.45549549   1.322573693929   0.486780857697   477.0000
 "MMM"    0.95220466   1.77876348   95.56424625   1.456541414136   0.104710912011   4771.0000
 "MMM"    0.73954732   1.74896179   95.87375812   1.244689705255   -0.060453195174   4772.0000
 "MMM"    1.11335351   1.67622802   113.47229716   1.563917405512   0.616445870052   4773.0000
 "MMM"    0.80778455   1.62978352   101.71408676   1.322810054035   0.224731445406   4774.0000
 "MMM"    1.40830703   1.73391682   105.55843986   1.689466300495   0.458640728801   4775.0000
 "MMM"    1.12376761   1.74738128   100.47810242   1.618026944195   0.321086381888   4776.0000
 "MMM"    0.97675960   1.77481323   83.06787627   1.412077663764   -0.134335523628   4777.0000
 "MMM"    0.94541534   2.22120994   84.52600755   1.456098678241   -0.062757314762   4778.0000
 "MMM"    0.97146547   1.95366850   78.63045300   1.393861656474   -0.255386950669   4779.0000
 "MMM"    1.18294664   1.68045096   81.11644963   1.588263849139   -0.090315409646   4780.0000
 "MMM"    0.96446195   1.87190234   120.08629351   1.333653045336   0.476556459362   478.0000
 "MMM"    1.10077293   1.74667313   102.15404195   1.596702401884   0.343723497548   4781.0000
 "MMM"    0.93210016   1.65533028   95.50959562   1.447223305010   0.188619313284   4782.0000
 "MMM"    0.95826822   1.87913512   133.30917711   1.139682607098   0.596891416771   4783.0000
 "MMM"    0.94353616   2.27839388   84.99361926   1.464857000468   -0.024736538225   4784.0000
 "MMM"    0.97274987   1.89198440   68.79440728   1.264438568424   -0.504942058920   4785.0000
 "MMM"    0.89328390   1.63818691   119.15004545   1.342550436836   0.538079005211   4786.0000
 "MMM"    1.07685979   1.45548200   100.10406636   1.671847231970   0.732666755958   4787.0000
 "MMM"    0.95277436   1.71988561   130.35497713   1.238286960831   0.627826881219   4788.0000
 "MMM"    0.98535586   1.66675534   123.85475401   1.367250889109   0.673128511818   4789.0000
 "MMM"    0.93879695   1.69698705   136.36490691   1.140748333979   0.679832983903   4790.0000
 "MMM"    0.95716289   1.68888476   122.10863115   1.357399341183   0.583812499168   479.0000
 "MMM"    1.01559335   1.75181774   94.26976962   1.517354878077   0.134271169399   4791.0000
 "MMM"    1.00442671   1.78885727   80.96649171   1.417941415013   -0.179039928105   4792.0000
 "MMM"    1.08040481   1.56645734   101.25534473   1.631597124281   0.506502294139   4793.0000
 "MMM"    0.94331591   1.74282477   73.91911183   1.272258879126   -0.350703793160   4794.0000
 "MMM"    0.99880366   1.74994094   82.77364967   1.428587235997   -0.122101316747   4795.0000
 "MMM"    1.12465577   1.66641438   85.48176378   1.583458950356   0.034462249366   4796.0000
 "MMM"    1.06882203   1.87422898   103.06199832   1.544849277092   0.316071298597   4797.0000
 "MMM"    0.96306363   1.63522434   116.36872405   1.432203098509   0.587800115979   4798.0000
 "MMM"    0.95985852   1.66848967   68.88999560   1.186977304237   -0.448927215005   4799.0000
 "MMM"    1.19900271   1.62939170   108.71419262   1.663285442937   0.599891532129   4800.0000
 "MMM"    0.74665586   1.68888476   84.43759384   1.193518731760   -0.168515775019   480.0000
 "MMM"    1.11446195   1.68888476   103.00000000   1.619958215397   0.403537118074   48.0000
 "MMM"    0.93514039   1.61654653   100.66251497   1.466696591556   0.336300184899   4801.0000
 "MMM"    0.97344639   1.86080277   109.64742494   1.435238909888   0.341599007486   4802.0000
 "MMM"    1.08156903   1.84391462   106.94811811   1.541907264222   0.400283762780   4803.0000
 "MMM"    0.91506764   1.56525999   77.16091082   1.268338097563   -0.084578796154   4804.0000
 "MMM"    0.76289207   2.14385670   102.55778798   1.282892751545   0.076450004731   4805.0000
 "MMM"    0.97132268   2.11355709   121.23587289   1.277795470278   0.662765846752   4806.0000
 "MMM"    0.89851713   1.80515746   92.47239114   1.395480719719   -0.001665917713   4807.0000
 "MMM"    1.22395162   1.69337075   85.65607639   1.665162480904   0.029059924224   4808.0000
 "MMM"    0.94748972   1.65229383   75.87297572   1.288345754754   -0.233468977520   4809.0000
 "MMM"    0.99094119   1.83426412   69.23326295   1.263198250048   -0.496471302478   4810.0000
 "MMM"    0.96446195   1.67211211   120.49752607   1.385485188012   0.594268653717   481.0000
 "MMM"    1.05578365   1.47685906   105.89981529   1.629010486764   0.789232662825   4811.0000
 "MMM"    0.90169332   1.64140391   65.53156715   1.076904862392   -0.516795478095   4812.0000
 "MMM"    1.42138535   1.67236174   115.05970682   1.573981168212   0.645263965901   4813.0000
 "MMM"    0.95362000   1.79925711   101.48082021   1.457607391387   0.201403993526   4814.0000
 "MMM"    1.01306802   1.80429803   87.63664592   1.481763710313   -0.027131738801   4815.0000
 "MMM"    0.77769820   1.56516962   104.88278406   1.292967870764   0.361821087707   4816.0000
 "MMM"    0.82089090   1.69854155   76.36159848   1.190742777285   -0.292614140536   4817.0000
 "MMM"    0.94566918   1.98102280   94.47302615   1.447522076051   0.064379064322   4818.0000
 "MMM"    1.00414235   1.66169326   143.42495352   1.057332941279   0.927610288892   4819.0000
 "MMM"    1.15392764   1.69033473   102.88277970   1.649145936603   0.416086060162   4820.0000
 "MMM"    0.84037473   1.81962997   103.00000000   1.344515287832   0.102191777636   482.0000
 "MMM"    1.17849812   1.71754434   98.44986717   1.667834603572   0.312700324235   4821.0000
 "MMM"    0.74107641   1.65509924   87.76418212   1.203741375192   -0.078950954981   4822.0000
 "MMM"    1.38356186   1.72610810   109.77612943   1.653925132356   0.558573930521   4823.0000
 "MMM"    1.46006368   1.70224478   124.62325630   1.381122713931   0.801620270466   4824.0000
 "MMM"    0.79975899   1.69021714   105.64599988   1.307278348266   0.184598940026   4825.0000
 "MMM"    1.00850959   1.82274474   110.11996590   1.468923972044   0.390630543980   4826.0000
 "MMM"    0.92396317   2.22108598   94.27630084   1.446758446247   0.136881952394   4827.0000
 "MMM"    0.71757648   1.67260110   76.62399793   1.100082604918   -0.306326865173   4828.0000
 "MMM"    0.94566425   1.65551765   140.11816585   1.091587609381   0.798494240598   4829.0000
 "MMM"    1.08206470   1.85318995   99.79390081   1.567095272402   0.259941250466   4830.0000
 "MMM"    0.97929929   2.10052189   103.00000000   1.456985577560   0.308455146905   483.0000
 "MMM"    1.10142073   1.73009324   101.85872133   1.601728719758   0.346635914876   4831.0000
 "MMM"    0.97737667   1.95166281   120.65286216   1.317251965579   0.529925836722   4832.0000
 "MMM"    0.95403153   1.92949462   55.24656952   1.062269447785   -0.877347706241   4833.0000
 "MMM"    1.18190166   1.64076197   95.39861665   1.691401715446   0.303622406471   4834.0000
 "MMM"    1.02938005   1.71788838   86.53822379   1.492292215332   -0.005167116334   4835.0000
 "MMM"    1.14033294   1.66520446   101.89092581   1.649255837972   0.410854568940   4836.0000
 "MMM"    1.05236135   1.75814232   86.17100846   1.508943615967   -0.027819172576   4837.0000
 "MMM"    0.96936874   1.62720211   68.96945642   1.186297053903   -0.412103500164   4838.0000
 "MMM"    1.09748395   2.06729643   101.16613737   1.556339021715   0.356710704698   4839.0000
 "MMM"    0.96728236   2.02295300   90.71531729   1.464425885908   0.016217154064   4840.0000
 "MMM"    0.91454990   1.61428226   103.00000000   1.444410990086   0.364341091226   484.0000
 "MMM"    0.95628374   1.81592480   103.64836344   1.453641425598   0.234672637835   4841.0000
 "MMM"    0.93293781   1.62432382   142.18805067   1.053155272003   0.866137293938   4842.0000
 "MMM"    1.02088894   1.50572315   104.07324513   1.589236883156   0.668489834249   4843.0000
 "MMM"    0.77489912   1.70418800   70.94949305   1.095751472180   -0.427604020186   4844.0000
 "MMM"    0.93449355   1.46380161   86.77882305   1.427367073646   0.390832479275   4845.0000
 "MMM"    1.20163596   1.68672628   99.18644059   1.690316506791   0.352246584096   4846.0000
 "MMM"    1.01510808   1.60880598   72.26333985   1.288150790960   -0.292813149549   4847.0000
 "MMM"    0.96107903   1.70061761   114.45650623   1.427141191090   0.473320788319   4848.0000
 "MMM"    0.77372017   1.70917524   93.73374317   1.270747507981   -0.022003115901   4849.0000
 "MMM"    1.07665967   1.77185835   115.48429812   1.491217388587   0.560744136756   4850.0000
 "MMM"    0.96446195   1.85754342   64.41546288   1.180330947497   -0.630481498782   485.0000
 "MMM"    1.10485749   1.68188016   61.12010708   1.121337526269   -0.824564292247   4851.0000
 "MMM"    1.40533011   1.62996044   109.65727792   1.651651580030   0.551651603616   4852.0000
 "MMM"    1.50704248   1.67578414   90.04921084   1.746242348816   0.072548298397   4853.0000
 "MMM"    1.06214575   1.77147436   102.93725190   1.557522255553   0.324336364770   4854.0000
 "MMM"    0.97122715   1.81088016   100.54276017   1.474084887925   0.196949968055   4855.0000
 "MMM"    0.98735615   1.50948718   99.00897094   1.551898967997   0.545806669569   4856.0000
 "MMM"    0.82017490   1.88767931   108.14742696   1.304556342561   0.130143695653   4857.0000
 "MMM"    1.17248089   1.76736780   103.61478993   1.638782127896   0.401735298349   4858.0000
 "MMM"    0.92896562   1.57318896   70.24715230   1.165974918232   -0.294825188454   4859.0000
 "MMM"    0.98812359   1.51240338   104.70748755   1.550448967588   0.649699671298   4860.0000
 "MMM"    1.15747150   1.63982932   103.00000000   1.666094307434   0.463090310743   486.0000
 "MMM"    1.00767092   1.86090834   119.78527544   1.371348940535   0.532108062168   4861.0000
 "MMM"    1.02052929   1.69790609   136.67272934   1.184839680072   0.831011109039   4862.0000
 "MMM"    0.89664889   1.66543639   95.64742402   1.407936023952   0.154894730063   4863.0000
 "MMM"    1.12693773   1.58998558   99.40819336   1.666069329942   0.442779252614   4864.0000
 "MMM"    0.96089384   1.70206730   105.59650635   1.471474518699   0.335954286482   4865.0000
 "MMM"    0.96439159   2.00112186   103.81295115   1.443782016656   0.262530497872   4866.0000
 "MMM"    0.84503874   2.00819259   105.54455722   1.333734538289   0.155456862756   4867.0000
 "MMM"    1.48811548   1.65600242   97.82867479   1.715528832371   0.244508888189   4868.0000
 "MMM"    1.05437433   1.68345283   97.92948642   1.573260129938   0.276868625600   4869.0000
 "MMM"    1.04948084   2.07292709   107.83643850   1.480593941996   0.462744960309   4870.0000
 "MMM"    1.24502184   1.68888476   114.65704994   1.607871402850   0.684399782125   487.0000
 "MMM"    0.82280969   1.65619762   74.33948487   1.157392044942   -0.296923958583   4871.0000
 "MMM"    1.15173867   1.69662375   95.80542968   1.652712863960   0.259759877451   4872.0000
 "MMM"    0.86647903   1.75196283   121.34589157   1.271250062404   0.377494974100   4873.0000
 "MMM"    0.67647433   1.72901471   89.67095834   1.163292829445   -0.186971928451   4874.0000
 "MMM"    1.04948938   1.66039188   99.32839011   1.574960632249   0.324718107003   4875.0000
 "MMM"    0.99317752   1.75027150   102.35189200   1.500770206503   0.272363088748   4876.0000
 "MMM"    1.00119359   1.79931818   76.84216220   1.369329463917   -0.285439796795   4877.0000
 "MMM"    1.19175136   1.81225504   100.67322145   1.651344339024   0.338900724533   4878.0000
 "MMM"    1.00298692   1.62902926   70.44903954   1.243736679900   -0.372765703570   4879.0000
 "MMM"    1.37096420   1.63558685   101.60108722   1.738118077347   0.408908511307   4880.0000
 "MMM"    0.96446195   1.81901346   119.74512210   1.351131807906   0.474536378995   488.0000
 "MMM"    0.96765006   1.75907907   83.18545014   1.403612156860   -0.128254202603   4881.0000
 "MMM"    0.97960550   2.15404860   116.66315128   1.338027928125   0.625130269664   4882.0000
 "MMM"    1.20469328   1.65254848   101.77145580   1.695677941852   0.433991665686   4883.0000
 "MMM"    0.94536991   1.83620636   138.43092068   1.057365101490   0.587751613806   4884.0000
 "MMM"    0.99616055   1.67493478   128.18932203   1.316043776642   0.731754678186   4885.0000
 "MMM"    1.08201793   1.69466226   115.43451277   1.519479418705   0.612664690576   4886.0000
 "MMM"    1.05278139   1.68511956   125.74300122   1.384813375282   0.759340369407   4887.0000
 "MMM"    0.92631226   1.82531662   115.68562980   1.357520026960   0.370854966765   4888.0000
 "MMM"    1.28968322   1.62338241   107.57399429   1.698403698197   0.574846752718   4889.0000
 "MMM"    0.74303788   1.72035121   79.56821889   1.160940259550   -0.283716410248   4890.0000
 "MMM"    0.83557492   1.43670057   103.00000000   1.381061021457   0.745760277957   489.0000
 "MMM"    0.97979674   1.82674875   93.55479505   1.476135627438   0.070400933923   4891.0000
 "MMM"    1.45903045   1.69262610   115.03846865   1.549422226213   0.616572401026   4892.0000
 "MMM"    1.33294974   1.69185746   132.82749678   1.302533047257   1.043424015300   4893.0000
 "MMM"    0.86379107   1.72467885   110.87896809   1.351060009030   0.287932458681   4894.0000
 "MMM"    0.95998075   1.75107782   93.54594833   1.460663793074   0.086546525757   4895.0000
 "MMM"    0.70280624   1.70313829   81.72934858   1.137899504600   -0.257524708905   4896.0000
 "MMM"    1.13651214   1.79591964   109.83660251   1.572540466027   0.501199209914   4897.0000
 "MMM"    0.92493982   1.91226875   103.22080335   1.417160452892   0.188786066734   4898.0000
 "MMM"    1.31045316   1.92681482   104.75632010   1.662671444473   0.491770435017   4899.0000
 "MMM"    1.44903326   1.70454982   101.77794680   1.709322574333   0.354394215554   4900.0000
 "MMM"    0.96446195   1.77397734   115.62879986   1.402157212183   0.438100383919   490.0000
 "MMM"    0.81446195   1.68888476   103.00000000   1.326059113596   0.168482631098   49.0000
 "MMM"    1.11725315   1.88480472   103.73738208   1.577113670431   0.365969383060   4901.0000
 "MMM"    1.09133052   1.67695603   70.59681878   1.328774392247   -0.425951418465   4902.0000
 "MMM"    0.96999938   1.61770377   110.50484839   1.481564934478   0.529549010442   4903.0000
 "MMM"    1.00478071   1.87417662   90.66520365   1.489578141434   0.022030002303   4904.0000
 "MMM"    0.97314078   1.66339734   106.48890049   1.489366668669   0.401882554134   4905.0000
 "MMM"    0.97032101   1.83249968   134.53114581   1.142080157080   0.620841344305   4906.0000
 "MMM"    0.93692285   1.85084278   122.88667832   1.286037477259   0.464864748527   4907.0000
 "MMM"    0.99058081   1.47067464   91.80972080   1.542156551258   0.499900395509   4908.0000
 "MMM"    1.01485965   1.63150709   81.36078366   1.431522651260   -0.055612661048   4909.0000
 "MMM"    0.79358623   1.88904087   100.43067575   1.303755924238   -0.000068057771   4910.0000
 "MMM"    0.96446195   1.90526423   88.55669889   1.446601326052   -0.046696535995   491.0000
 "MMM"    1.25019514   1.70225374   106.54728157   1.678543456143   0.509288904009   4911.0000
 "MMM"    1.00095782   1.61234273   124.66189469   1.387392961550   0.795133787416   4912.0000
 "MMM"    0.85664664   1.64286217   130.12809210   1.188956653008   0.585080158455   4913.0000
 "MMM"    0.97209337   1.99176184   88.57801970   1.460324194219   -0.031914699497   4914.0000
 "MMM"    0.86314758   1.74952374   116.56741312   1.310479262501   0.329436264450   4915.0000
 "MMM"    0.88879255   1.63113975   119.95771959   1.332926013926   0.554551082167   4916.0000
 "MMM"    1.19891271   1.69712345   126.17720509   1.438643897316   0.887489114603   4917.0000
 "MMM"    0.94175730   1.90661616   135.01475727   1.092047612148   0.588990512744   4918.0000
 "MMM"    0.89168118   1.71053358   91.96260334   1.386315372643   0.040713803451   4919.0000
 "MMM"    0.97609062   1.58885122   86.63189192   1.451394530975   0.121560059983   4920.0000
 "MMM"    0.85297880   1.68888476   122.30948364   1.264340476060   0.434480311346   492.0000
 "MMM"    0.94799125   1.91375558   73.89121016   1.319280763537   -0.377481289848   4921.0000
 "MMM"    1.14741503   1.62553838   114.59388925   1.590610518215   0.709749041247   4922.0000
 "MMM"    0.96992462   1.97087514   125.49070465   1.242713306748   0.595091063727   4923.0000
 "MMM"    1.26238661   1.70803190   113.72008903   1.616494972052   0.659081656161   4924.0000
 "MMM"    0.86992111   1.74984500   117.18788122   1.311733452943   0.345199189864   4925.0000
 "MMM"    0.98882038   1.70637129   74.76435516   1.316093848215   -0.303910676412   4926.0000
 "MMM"    1.00025679   1.54451838   134.85033995   1.257623463074   1.122489284550   4927.0000
 "MMM"    0.99529615   1.88549712   121.94304795   1.329841075966   0.547174094929   4928.0000
 "MMM"    0.97101797   1.72364346   97.79028674   1.484166186071   0.191155534230   4929.0000
 "MMM"    1.09215628   2.06565121   103.84020004   1.538806256053   0.411425826779   4930.0000
 "MMM"    1.10668410   1.68888476   89.56651020   1.592529209076   0.111204046702   493.0000
 "MMM"    0.99390433   2.28024942   107.47003077   1.440181154826   0.550794420762   4931.0000
 "MMM"    1.07909723   1.90894639   103.65650206   1.545601577105   0.339847288661   4932.0000
 "MMM"    1.00403125   1.56651777   116.96487190   1.484823822187   0.763292162050   4933.0000
 "MMM"    0.98848447   1.72370167   108.08409952   1.484149443055   0.383228346072   4934.0000
 "MMM"    1.02907604   1.71508542   104.24649824   1.537104388048   0.356716014770   4935.0000
 "MMM"    1.14933644   1.69255583   132.26391410   1.323935587307   0.957754111986   4936.0000
 "MMM"    0.82356408   2.17323471   100.74260224   1.342206357035   0.136924064421   4937.0000
 "MMM"    0.82773641   1.77491067   91.76884376   1.322545644671   -0.055483888156   4938.0000
 "MMM"    1.45078284   1.63160213   95.79509242   1.749210568780   0.240064779428   4939.0000
 "MMM"    0.78045051   1.92967857   104.42294048   1.282681656286   0.035025053854   4940.0000
 "MMM"    0.86270200   1.68888476   129.57280828   1.189703798401   0.507226650070   494.0000
 "MMM"    0.95198128   1.78594896   109.34719026   1.431620830307   0.329313094620   4941.0000
 "MMM"    0.88434172   1.67399781   97.05993121   1.397606308492   0.160029238468   4942.0000
 "MMM"    0.92086934   1.80132438   120.14948398   1.316856318486   0.420800621988   4943.0000
 "MMM"    1.01665825   1.74009415   112.14903372   1.481725915401   0.464205351151   4944.0000
 "MMM"    0.96084665   1.64727343   104.75343795   1.485007783998   0.382686895138   4945.0000
 "MMM"    1.13151873   1.68572759   124.57694380   1.444256922731   0.820333662679   4946.0000
 "MMM"    1.00155713   1.74853954   82.97594269   1.433109191525   -0.115720525581   4947.0000
 "MMM"    1.01625605   1.54219467   103.41479814   1.573422885123   0.570979594574   4948.0000
 "MMM"    0.87127523   1.83790434   110.06466500   1.345864004344   0.225821384365   4949.0000
 "MMM"    1.08818948   1.66514557   85.40870767   1.547311364493   0.026728806702   4950.0000
 "MMM"    1.27074519   1.66248212   103.00000000   1.716552674335   0.454523249345   495.0000
 "MMM"    0.96284864   1.90206491   128.38348122   1.214202433269   0.573623675209   4951.0000
 "MMM"    0.98754520   1.84822514   92.10035139   1.478782350179   0.042987967473   4952.0000
 "MMM"    1.10956616   1.55015395   101.44633742   1.663084927947   0.546644177925   4953.0000
 "MMM"    0.68509041   1.61953944   92.76641198   1.166096327092   0.000067525680   4954.0000
 "MMM"    1.11901154   1.54023627   104.36039973   1.666407934684   0.626210869802   4955.0000
 "MMM"    0.98200380   1.53388755   134.84359096   1.247595863473   1.130367153802   4956.0000
 "MMM"    0.85430119   1.80917607   113.93215521   1.310859432155   0.255289857619   4957.0000
 "MMM"    1.14379258   1.55767067   96.80340410   1.691980374590   0.440724597618   4958.0000
 "MMM"    0.78438550   1.70355859   125.67252497   1.167206059595   0.323944044580   4959.0000
 "MMM"    1.10368456   1.72467745   94.32207671   1.603159937205   0.193062282449   4960.0000
 "MMM"    0.80541931   1.68888476   135.39429890   1.064322347445   0.423598901158   496.0000
 "MMM"    1.26452488   1.70590914   87.64418067   1.703775116134   0.074703096971   4961.0000
 "MMM"    0.89547327   1.63877789   116.96663584   1.362054676528   0.512400934965   4962.0000
 "MMM"    1.01399488   1.77988908   77.91799695   1.390786255551   -0.250001164259   4963.0000
 "MMM"    0.96513671   1.43368246   113.69065463   1.510046296209   1.042733185131   4964.0000
 "MMM"    0.98805854   1.54827099   112.62929486   1.507312115263   0.713254752165   4965.0000
 "MMM"    0.83677067   1.70403749   75.99339003   1.201386332369   -0.299845888387   4966.0000
 "MMM"    0.95012498   1.90705700   94.71472182   1.449954562130   0.063426874016   4967.0000
 "MMM"    0.95195352   1.69098379   108.42905343   1.455268452146   0.383705401892   4968.0000
 "MMM"    1.00358453   1.95557797   92.80836248   1.495410407445   0.070991037136   4969.0000
 "MMM"    0.96293917   1.89666971   92.85441390   1.458544372826   0.037696715945   4970.0000
 "MMM"    0.96446195   1.63361534   129.76092581   1.284128909414   0.775502748754   497.0000
 "MMM"    1.15615289   1.73420624   110.81081111   1.594205440508   0.551463838578   4971.0000
 "MMM"    1.06672161   1.67078983   88.75145088   1.552058497842   0.096033953290   4972.0000
 "MMM"    0.98932039   1.92326387   84.38579911   1.447516149661   -0.120611575243   4973.0000
 "MMM"    1.19192370   1.69731564   88.24460192   1.656868934513   0.090302439230   4974.0000
 "MMM"    1.06370236   2.06801763   107.47188052   1.493912017841   0.466001868606   4975.0000
 "MMM"    1.06772917   1.78713364   102.86152102   1.559326388855   0.321372946048   4976.0000
 "MMM"    0.96405653   1.84600340   58.92936145   1.082379323319   -0.798637689543   4977.0000
 "MMM"    1.05692302   1.69790408   100.09382263   1.572965192031   0.309117444414   4978.0000
 "MMM"    0.90492438   1.61669900   104.82630181   1.431533193534   0.382308146222   4979.0000
 "MMM"    1.35679518   1.71176894   121.30420936   1.505068264377   0.807383911798   4980.0000
 "MMM"    0.91901005   1.72716987   103.00000000   1.430719776767   0.234987177860   498.0000
 "MMM"    1.34352344   1.62260290   107.19249454   1.699479312892   0.545687313369   4981.0000
 "MMM"    1.07110142   1.63695590   118.43718120   1.501738513683   0.720995317737   4982.0000
 "MMM"    1.09037971   1.84466475   100.41610011   1.573815838968   0.278378883297   4983.0000
 "MMM"    1.40645664   1.79963558   106.10842459   1.677493939609   0.483124283526   4984.0000
 "MMM"    1.00270328   1.67536309   105.17065852   1.519240386876   0.389203999772   4985.0000
 "MMM"    0.84719853   1.60711337   88.66641162   1.319449497700   0.076027848885   4986.0000
 "MMM"    0.96925853   1.81604126   100.51513369   1.471724902856   0.193379785164   4987.0000
 "MMM"    1.18276075   1.68672635   87.49725447   1.647164888840   0.077731055858   4988.0000
 "MMM"    1.09138392   1.68740519   59.37529604   1.071348916747   -0.892545860179   4989.0000
 "MMM"    1.08880466   1.72010258   92.93271761   1.586346324168   0.159577022747   4990.0000
 "MMM"    1.06976553   1.68888476   96.10224447   1.583867378751   0.242068315284   499.0000
 "MMM"    0.99874898   1.56198973   100.59386780   1.550149950511   0.468181673278   4991.0000
 "MMM"    1.06514443   1.59320239   101.39628737   1.608339304918   0.459975499277   4992.0000
 "MMM"    1.11498040   1.70755446   59.38088520   1.091930746791   -0.915976290469   4993.0000
 "MMM"    1.14435065   1.70018989   79.18991635   1.524117230163   -0.162543455446   4994.0000
 "MMM"    1.09725080   1.78206979   105.85658382   1.572757499957   0.400837831184   4995.0000
 "MMM"    1.12669948   1.68253807   116.58268992   1.541007988989   0.677043829734   4996.0000
 "MMM"    0.85369340   1.69281720   103.20674435   1.367061109552   0.207245904349   4997.0000
 "MMM"    0.79025756   1.64678439   100.36872655   1.301577619476   0.162888944862   4998.0000
 "MMM"    1.09018555   1.81349089   103.49513896   1.570397094040   0.343091732484   4999.0000
 "MMM"    0.82683537   2.00736085   98.71897468   1.340573431114   0.027922400345   5000.0000
 "MMM"    0.96446195   1.55266882   129.84877701   1.307230894817   0.969979068173   500.0000
 "MMM"    0.76446195   1.68888476   103.00000000   1.273434146773   0.114029604660   50.0000
 "MMM"    0.97446195   1.68888476   103.00000000   1.492996477651   0.315978123341   5.0000
 "MMM"    0.85678106   1.76331866   96.37061941   1.363416278362   0.049299808319   5001.0000
 "MMM"    1.16580691   1.56974835   109.56321341   1.658868403479   0.688266824979   5002.0000
 "MMM"    0.97945654   1.87164602   127.95659292   1.240358038548   0.587863307785   5003.0000
 "MMM"    0.97846722   1.95658448   137.33202143   1.049346136599   0.722076329332   5004.0000
 "MMM"    1.17883718   1.69004488   87.69144719   1.644360245096   0.079710195578   5005.0000
 "MMM"    1.09181259   1.69802695   111.82288975   1.555285200924   0.552841157242   5006.0000
 "MMM"    0.91996157   1.62946908   74.96076321   1.246120212477   -0.235594402461   5007.0000
 "MMM"    1.14554771   1.71055205   105.26061030   1.628656658852   0.448285876208   5008.0000
 "MMM"    1.13402707   1.75174372   99.15658072   1.626658119997   0.296172117558   5009.0000
 "MMM"    0.93787172   1.89713862   127.56592198   1.212018455376   0.520264041914   5010.0000
 "MMM"    0.79209693   1.69829825   103.00000000   1.302006165322   0.133823684706   501.0000
 "MMM"    0.93193823   1.58989430   134.33011091   1.202749531197   0.880894991894   5011.0000
 "MMM"    0.84012321   1.69493831   70.79866413   1.136646791241   -0.412386864555   5012.0000
 "MMM"    1.46218761   1.73965755   106.66705650   1.657505061624   0.455827541844   5013.0000
 "MMM"    0.96775296   1.87283496   73.08168677   1.312535417117   -0.394893063162   5014.0000
 "MMM"    0.95010681   1.42112080   88.73861897   1.481740546090   0.575220877948   5015.0000
 "MMM"    1.19998437   1.78683856   103.86080615   1.649513358328   0.414178730298   5016.0000
 "MMM"    1.27731881   1.81255139   103.28267682   1.682512325388   0.422797610224   5017.0000
 "MMM"    0.91799108   1.46724676   91.26485466   1.442827400375   0.472509244778   5018.0000
 "MMM"    0.71144523   1.76409199   96.47663394   1.219617033338   -0.094356334637   5019.0000
 "MMM"    0.91101461   1.90402172   94.31013260   1.413794170694   0.023649911288   5020.0000
 "MMM"    0.87327577   1.50607963   103.00000000   1.416929771550   0.561691815920   502.0000
 "MMM"    1.21527469   1.67178989   68.39506152   1.390091891883   -0.557945844005   5021.0000
 "MMM"    0.84896832   1.63986810   85.09082953   1.294411300293   -0.038960879874   5022.0000
 "MMM"    0.95017931   1.53879238   113.48188860   1.466470495469   0.720474163687   5023.0000
 "MMM"    0.97294415   1.71569905   77.51474556   1.341812028104   -0.238503336133   5024.0000
 "MMM"    0.98672344   1.79293558   81.82593248   1.411023803388   -0.165692373596   5025.0000
 "MMM"    1.06148491   1.75019864   107.04984082   1.546413977943   0.409930660492   5026.0000
 "MMM"    1.05950204   1.62794190   121.23229519   1.466326407669   0.772827286757   5027.0000
 "MMM"    0.87576480   1.62585487   111.70022849   1.377006131214   0.441005573308   5028.0000
 "MMM"    0.86643287   1.78237058   93.34949495   1.366220958658   -0.001921901898   5029.0000
 "MMM"    0.90919675   1.74281503   101.27032227   1.420577132880   0.187081939185   5030.0000
 "MMM"    0.96446195   1.71945240   84.99531466   1.415139096547   -0.066002615448   503.0000
 "MMM"    0.98369313   1.55340573   115.00940345   1.485513109395   0.740780039747   5031.0000
 "MMM"    0.97139374   1.93274528   128.94833748   1.201408111682   0.610809729969   5032.0000
 "MMM"    0.95180224   1.64853650   138.89841567   1.120548322738   0.816814881226   5033.0000
 "MMM"    0.89672567   1.83498700   107.19047698   1.383613165539   0.220156698040   5034.0000
 "MMM"    0.98083238   1.93739409   84.66755785   1.443772791390   -0.117701717527   5035.0000
 "MMM"    1.20639749   1.52523329   100.70303490   1.740814493142   0.573895886066   5036.0000
 "MMM"    1.12431230   1.88391117   101.47522845   1.591110008240   0.323349489604   5037.0000
 "MMM"    1.01873845   1.95155775   108.26068551   1.467327171949   0.382588380915   5038.0000
 "MMM"    1.04774694   1.63223604   98.61468268   1.580088838491   0.342118195126   5039.0000
 "MMM"    0.95831321   1.80272992   90.76918397   1.446740867171   0.008594079269   5040.0000
 "MMM"    0.93338078   1.68888476   87.01441628   1.400039517366   -0.012040275195   504.0000
 "MMM"    0.98951387   1.64823057   102.17952739   1.517777044902   0.357255208472   5041.0000
 "MMM"    0.95306469   1.79529921   86.34278107   1.417086078078   -0.081475986418   5042.0000
 "MMM"    1.12450646   1.70263636   100.58450371   1.629227487320   0.348513182842   5043.0000
 "MMM"    0.97135025   1.57508404   91.17372644   1.483924855547   0.242323643132   5044.0000
 "MMM"    1.34628252   1.74381461   96.15311825   1.742910183704   0.263405468275   5045.0000
 "MMM"    1.05291313   1.67262904   74.11399216   1.360087989581   -0.299221264867   5046.0000
 "MMM"    0.91715728   1.70105476   101.30268768   1.433775990929   0.228820546496   5047.0000
 "MMM"    1.07147174   1.62791573   110.87250015   1.568017918020   0.596334625212   5048.0000
 "MMM"    0.86290229   1.74383293   110.93011570   1.346905288858   0.271036093904   5049.0000
 "MMM"    0.84909840   1.72752176   69.44410715   1.135982584533   -0.465705496669   5050.0000
 "MMM"    0.79534612   1.68888476   101.09205818   1.306155136805   0.123107245471   505.0000
 "MMM"    0.96415448   1.78971079   64.98235355   1.161571779301   -0.615988582638   5051.0000
 "MMM"    0.99359349   1.85215569   99.95319666   1.491101442940   0.197400267932   5052.0000
 "MMM"    0.98442021   1.87680378   119.19829659   1.357105557030   0.494234733419   5053.0000
 "MMM"    0.97108585   2.10150330   97.01456021   1.471556507625   0.177374964630   5054.0000
 "MMM"    1.00700169   1.76763923   90.61341241   1.493616063862   0.046816755416   5055.0000
 "MMM"    0.91611172   1.75929767   115.52116472   1.364406110295   0.383388818308   5056.0000
 "MMM"    1.05264730   1.81744839   98.69007563   1.548384785090   0.222180656472   5057.0000
 "MMM"    1.10408467   2.02726360   103.93770750   1.549389282241   0.404489605270   5058.0000
 "MMM"    0.82295849   1.66531332   74.41999677   1.161005726936   -0.304456634153   5059.0000
 "MMM"    0.95842506   1.90798163   103.10704186   1.447601516633   0.221109680775   5060.0000
 "MMM"    1.22584748   1.68888476   126.67200186   1.437902898777   0.916384727100   506.0000
 "MMM"    1.44826935   1.68597677   119.47181012   1.485873060034   0.711529256037   5061.0000
 "MMM"    1.11991535   1.63301569   95.20788473   1.642563942183   0.295761573946   5062.0000
 "MMM"    0.81910943   1.62533186   117.33817041   1.285631137497   0.441679243805   5063.0000
 "MMM"    1.16007634   1.70300443   126.80012540   1.415636124912   0.866702489150   5064.0000
 "MMM"    0.95700032   1.99601726   83.12048381   1.423049190589   -0.156261949695   5065.0000
 "MMM"    0.75506333   1.71526661   86.16880887   1.217595149670   -0.159371718218   5066.0000
 "MMM"    0.99214402   1.64995457   143.39594501   1.055859240945   0.930463094576   5067.0000
 "MMM"    1.13352233   1.89413355   102.92592599   1.590674671050   0.361242902431   5068.0000
 "MMM"    0.95596486   1.54089951   71.13909091   1.204439430990   -0.217633635469   5069.0000
 "MMM"    0.91819825   1.51818924   88.00846498   1.405908931920   0.269940735508   5070.0000
 "MMM"    0.86391990   1.68888476   90.43649549   1.349627338771   0.014585137306   507.0000
 "MMM"    1.02742895   2.21973041   108.92463044   1.449906317407   0.568058199750   5071.0000
 "MMM"    0.79534376   1.70148348   112.99278357   1.276293141786   0.247020581529   5072.0000
 "MMM"    0.98241393   1.80377314   74.81220683   1.328874877502   -0.342100019380   5073.0000
 "MMM"    1.27090985   1.66110103   116.47177487   1.597534143924   0.739325835922   5074.0000
 "MMM"    0.94169217   1.59213473   133.38519198   1.224727419959   0.879455001090   5075.0000
 "MMM"    0.90073321   1.93728357   102.43606668   1.396696581425   0.153292861453   5076.0000
 "MMM"    1.05986951   1.83381499   97.71984274   1.552900678280   0.204808796896   5077.0000
 "MMM"    1.36625325   1.56161123   99.08134861   1.762196461956   0.410589891291   5078.0000
 "MMM"    0.83676364   1.79136488   97.91728509   1.345017659931   0.038741209907   5079.0000
 "MMM"    0.96032517   1.70460245   59.49543426   1.019396127445   -0.781061778445   5080.0000
 "MMM"    0.93187938   1.59750199   103.00000000   1.467041333762   0.405744385158   508.0000
 "MMM"    1.19394921   1.74901752   111.21839742   1.606441393045   0.572850100524   5081.0000
 "MMM"    1.32538841   1.59659062   103.96022280   1.731422841073   0.505579214816   5082.0000
 "MMM"    1.29239553   2.09864505   103.55884761   1.646069837302   0.545513752971   5083.0000
 "MMM"    1.10648431   1.60460257   101.54647812   1.641649104126   0.461090082575   5084.0000
 "MMM"    1.15415054   2.22681219   101.55451557   1.588488951257   0.502288185822   5085.0000
 "MMM"    1.02543039   1.63974540   127.25566865   1.362064763570   0.813713680187   5086.0000
 "MMM"    0.91441287   2.01124804   107.24810585   1.383236641494   0.270104291501   5087.0000
 "MMM"    1.04265142   1.68468263   113.09165651   1.512110124894   0.548785459690   5088.0000
 "MMM"    0.90752238   1.69733857   128.72012953   1.234402371263   0.566051954609   5089.0000
 "MMM"    1.08036160   1.56097745   105.87063011   1.622168076477   0.608797022735   5090.0000
 "MMM"    0.96446195   1.81686916   108.26920419   1.442850039731   0.316223756100   509.0000
 "MMM"    0.97700095   1.71210167   72.01472201   1.264140976998   -0.385434767993   5091.0000
 "MMM"    1.28532593   1.69821609   126.85272460   1.430846537451   0.929579572870   5092.0000
 "MMM"    1.21478674   1.83481542   102.32030820   1.654412452196   0.383989902267   5093.0000
 "MMM"    0.90666212   1.68964074   118.62226856   1.347001317438   0.473010096597   5094.0000
 "MMM"    0.87139545   1.69285292   56.60043418   0.928689285535   -0.816601804243   5095.0000
 "MMM"    0.93983532   1.68537927   143.89140195   1.004100421036   0.741841431309   5096.0000
 "MMM"    0.87844633   1.92844317   95.73854881   1.385833122040   0.019694314406   5097.0000
 "MMM"    1.03781433   1.72800689   93.41865600   1.538995351391   0.142421229571   5098.0000
 "MMM"    0.88255796   2.22318545   104.65098314   1.373618374684   0.318076363402   5099.0000
 "MMM"    1.29506022   1.61267891   106.65216245   1.708288244706   0.561980640057   5100.0000
 "MMM"    0.80272138   1.70355790   103.00000000   1.312848803533   0.139694199271   510.0000
 "MMM"    1.26446195   1.68888476   103.00000000   1.707839388106   0.440058462930   51.0000
 "MMM"    1.30063979   1.73926870   96.68982507   1.729899222885   0.280358899096   5101.0000
 "MMM"    1.29474455   1.68906543   87.68594537   1.727041344352   0.084377450305   5102.0000
 "MMM"    1.42738377   1.69678460   116.09229184   1.555214617203   0.664188832034   5103.0000
 "MMM"    1.03103162   1.66668264   89.53679357   1.521831073658   0.105515869358   5104.0000
 "MMM"    0.92688305   1.64589531   112.83094602   1.419044314420   0.480689023005   5105.0000
 "MMM"    0.97462432   1.78046716   68.30328919   1.220311081335   -0.517539175228   5106.0000
 "MMM"    1.14030710   1.63157251   99.17026663   1.663391619960   0.387499903862   5107.0000
 "MMM"    0.94336309   1.52936156   117.52932101   1.433142742425   0.807435780170   5108.0000
 "MMM"    1.15878067   1.95175676   103.38717139   1.597028816504   0.401616213612   5109.0000
 "MMM"    0.99404410   1.66106222   64.32989696   1.119280795210   -0.608238159446   5110.0000
 "MMM"    0.98889606   1.68888476   134.35930318   1.210323593111   0.767660197439   511.0000
 "MMM"    1.01350961   1.78461679   109.05513479   1.487788641278   0.388527699594   5111.0000
 "MMM"    0.90961170   1.73093073   82.98943894   1.344412292663   -0.140509095865   5112.0000
 "MMM"    1.19183063   1.74331664   106.84732962   1.639535937065   0.484579939873   5113.0000
 "MMM"    0.86303660   1.81070473   94.73736299   1.366864501232   0.005741759733   5114.0000
 "MMM"    1.23376848   1.57581552   108.44174486   1.692283893562   0.652847099218   5115.0000
 "MMM"    0.97799458   1.55381633   125.68088893   1.374109145963   0.916448862453   5116.0000
 "MMM"    1.02329777   1.80484351   88.31096574   1.495252596384   -0.007707911122   5117.0000
 "MMM"    0.95226615   1.56359687   117.98897078   1.428833139497   0.739706444193   5118.0000
 "MMM"    0.88633591   1.68611939   72.15954600   1.187815873018   -0.366992012181   5119.0000
 "MMM"    1.30422224   2.10667731   102.40894257   1.657871302867   0.525526340655   5120.0000
 "MMM"    1.23489172   1.68888476   111.83335440   1.634159035544   0.624542834273   512.0000
 "MMM"    0.98762586   1.62726316   120.98313532   1.413807138943   0.697080373110   5121.0000
 "MMM"    0.95775728   1.84146063   102.82770559   1.454134115177   0.217164030653   5122.0000
 "MMM"    0.94408794   1.87973969   116.12160149   1.356919733697   0.398302206764   5123.0000
 "MMM"    0.92474176   1.60923923   118.86375629   1.382502367987   0.626536557295   5124.0000
 "MMM"    1.12380276   1.61928432   105.56774804   1.639047074985   0.528996400049   5125.0000
 "MMM"    0.96251256   1.52543411   98.34835566   1.516345456884   0.483623310374   5126.0000
 "MMM"    0.89212149   1.65911828   132.40809882   1.181734200637   0.632427567972   5127.0000
 "MMM"    1.15892580   1.68484934   110.78765149   1.610775084383   0.582043576751   5128.0000
 "MMM"    1.06557890   1.96119109   101.36895184   1.538416387843   0.295021321750   5129.0000
 "MMM"    1.01122168   1.77393651   130.08132882   1.261627323605   0.676155211486   5130.0000
 "MMM"    0.96446195   1.80131760   107.81677413   1.447806025121   0.313684600204   513.0000
 "MMM"    1.09178301   1.85931616   104.22199086   1.560431161053   0.355582175941   5131.0000
 "MMM"    0.72422210   1.73499101   85.94866164   1.191143464721   -0.203091544202   5132.0000
 "MMM"    1.14108870   1.61777182   100.10761302   1.667537115588   0.423491865394   5133.0000
 "MMM"    0.89865684   1.68906537   69.26855045   1.154402969708   -0.445737390448   5134.0000
 "MMM"    0.84312214   1.62837974   98.61945466   1.358962950692   0.212349881610   5135.0000
 "MMM"    0.93387641   2.00829323   119.28126993   1.292436287563   0.482324892545   5136.0000
 "MMM"    0.99080189   1.76315800   73.41267672   1.307445999610   -0.368018943537   5137.0000
 "MMM"    1.00865138   1.99251315   110.59193828   1.436718966272   0.429861503458   5138.0000
 "MMM"    0.93886778   1.72457423   89.47286615   1.421749351299   0.011705259428   5139.0000
 "MMM"    0.81214457   1.56257177   103.95064216   1.334016445969   0.388087673128   5140.0000
 "MMM"    1.24254906   1.68888476   96.71156401   1.716267624532   0.300592505301   514.0000
 "MMM"    0.91190468   1.78792377   108.01537259   1.400573223728   0.264613669059   5141.0000
 "MMM"    1.04539243   1.59873201   109.50879861   1.563151337164   0.598010036476   5142.0000
 "MMM"    1.37067588   1.70753275   94.26923326   1.757694902854   0.222875160278   5143.0000
 "MMM"    0.97889255   1.89267263   133.27241082   1.146729272179   0.641362132865   5144.0000
 "MMM"    0.92537237   1.72808125   98.36802199   1.437989298870   0.163835788400   5145.0000
 "MMM"    1.20264728   1.62789452   105.89139137   1.683471759091   0.543138555713   5146.0000
 "MMM"    1.05117906   1.63344445   124.24202181   1.422195906025   0.806432100010   5147.0000
 "MMM"    0.91402242   1.67850760   118.91332403   1.354006067986   0.500654075086   5148.0000
 "MMM"    1.00913288   1.87980501   105.53050874   1.484926056277   0.310727998108   5149.0000
 "MMM"    1.02933223   1.68425858   106.75420209   1.536630508013   0.428213467345   5150.0000
 "MMM"    1.40370846   1.67293627   103.00000000   1.717188148721   0.408459255097   515.0000
 "MMM"    0.91048777   1.53744148   86.69942275   1.381376645167   0.195499492478   5151.0000
 "MMM"    1.13232874   1.75549313   96.47373082   1.624759966711   0.236275110627   5152.0000
 "MMM"    0.97979749   2.16189828   123.94138727   1.238487907937   0.778842162176   5153.0000
 "MMM"    0.67472289   1.72964748   115.68961151   1.146130878146   0.055849579394   5154.0000
 "MMM"    0.95219865   2.22025427   125.92399904   1.187797594552   0.852466303534   5155.0000
 "MMM"    0.98434977   1.79568914   112.66291635   1.437078163056   0.410707636050   5156.0000
 "MMM"    0.94523724   2.13808157   89.00739354   1.454885672170   0.001230464367   5157.0000
 "MMM"    0.95111652   1.71685547   92.95074691   1.451877238832   0.092504305802   5158.0000
 "MMM"    1.00425040   2.08127090   100.97223998   1.486199836557   0.280757864136   5159.0000
 "MMM"    1.04471725   1.79813098   107.35917145   1.520151752834   0.383554419882   5160.0000
 "MMM"    1.35337202   1.68888476   85.61275374   1.745374901075   0.023127654194   516.0000
 "MMM"    0.87497160   1.67197349   126.67058482   1.240525766752   0.533315678996   5161.0000
 "MMM"    1.19828394   1.70299101   119.21104616   1.536625329555   0.752380618739   5162.0000
 "MMM"    0.99886921   1.93615891   99.49384803   1.490370477699   0.197137817899   5163.0000
 "MMM"    0.94535043   2.20795344   99.40301538   1.449106610320   0.261739782150   5164.0000
 "MMM"    1.22477651   1.71016980   118.51347516   1.550814069957   0.745933527161   5165.0000
 "MMM"    1.08162213   1.76027700   114.55265113   1.506827419614   0.554364003516   5166.0000
 "MMM"    1.08283661   1.86155548   98.29390375   1.568584731319   0.229397605612   5167.0000
 "MMM"    1.12571789   1.71352097   103.58209824   1.620217841289   0.403355379111   5168.0000
 "MMM"    0.90281423   1.70895065   59.08334929   0.991452550813   -0.761570642950   5169.0000
 "MMM"    1.01517751   1.60162974   111.60908432   1.523253209300   0.611192297715   5170.0000
 "MMM"    0.96446195   1.75948066   79.78242676   1.366463144601   -0.208257964325   517.0000
 "MMM"    1.04175802   1.66228651   67.43221386   1.219739377366   -0.516719472914   5171.0000
 "MMM"    0.96864354   1.71446126   130.24411017   1.252974152504   0.659653971247   5172.0000
 "MMM"    0.93785896   2.02366564   102.89164506   1.424686117665   0.226492618918   5173.0000
 "MMM"    1.13427741   1.77088637   98.92844655   1.623056887740   0.284556435597   5174.0000
 "MMM"    1.11197309   1.69451855   70.54091098   1.346616679407   -0.442651354645   5175.0000
 "MMM"    0.98327293   1.64927645   93.87050706   1.497481481261   0.194285057145   5176.0000
 "MMM"    1.10588396   1.66012286   102.75534720   1.621798262150   0.420104624051   5177.0000
 "MMM"    0.98694530   2.17104572   101.64490962   1.470428740958   0.328328207245   5178.0000
 "MMM"    0.93211956   1.84589655   85.11135941   1.393736591892   -0.131236789739   5179.0000
 "MMM"    0.94041230   1.68982108   131.10242088   1.228301575977   0.653244921917   5180.0000
 "MMM"    0.83250669   1.68888476   130.12982349   1.158123736588   0.456032683697   518.0000
 "MMM"    1.47684542   1.70078787   116.98121452   1.505122015076   0.640497032940   5181.0000
 "MMM"    0.97197470   2.08838014   122.70222254   1.261090569892   0.664002192289   5182.0000
 "MMM"    0.92591654   1.57057244   118.79098740   1.394391416437   0.708554074685   5183.0000
 "MMM"    0.86872037   1.50070579   105.20046684   1.411511222047   0.610604261175   5184.0000
 "MMM"    1.06171537   1.65116725   137.26629573   1.214031865755   0.983392875419   5185.0000
 "MMM"    1.38210545   1.64473991   93.48826407   1.773214135624   0.228017748284   5186.0000
 "MMM"    0.92257576   1.85591869   82.72032449   1.369677471915   -0.187322994923   5187.0000
 "MMM"    1.00083759   1.78747398   82.68736071   1.431514244573   -0.138891392102   5188.0000
 "MMM"    1.00177332   1.61483162   123.32517874   1.403328179040   0.770826179911   5189.0000
 "MMM"    0.98625758   1.75296124   114.04637101   1.438739405508   0.453298236777   5190.0000
 "MMM"    0.78679170   1.98862165   103.00000000   1.293678393058   0.037429913979   519.0000
 "MMM"    0.94354507   1.89358259   112.89006702   1.381607637268   0.355442369860   5191.0000
 "MMM"    0.97200685   1.85559290   92.36863354   1.465256475927   0.037075840609   5192.0000
 "MMM"    1.02052323   1.60476730   72.83409541   1.304175026522   -0.269969520128   5193.0000
 "MMM"    0.87468056   2.06308866   105.35126217   1.359188096730   0.215509100187   5194.0000
 "MMM"    0.96328436   1.58566365   134.77097686   1.220508947429   0.948648025919   5195.0000
 "MMM"    0.87649527   1.76959810   104.70338844   1.379907819900   0.188536256565   5196.0000
 "MMM"    1.08086211   1.74631306   98.67562973   1.584427336705   0.262732407017   5197.0000
 "MMM"    1.13779164   1.71157978   142.18809283   1.112113580444   1.063348598291   5198.0000
 "MMM"    1.14690759   1.67297593   95.73112395   1.655001299079   0.274779204550   5199.0000
 "MMM"    0.85264197   1.77711355   113.76817602   1.315586393877   0.266591464321   5200.0000
 "MMM"    0.89886995   1.70770821   103.00000000   1.412762068682   0.232986627376   520.0000
 "MMM"    0.66446195   1.68888476   103.00000000   1.171609005800   -0.005134830721   52.0000
 "MMM"    0.83461964   1.53248026   94.71550348   1.343909236345   0.323427251854   5201.0000
 "MMM"    0.93328778   1.73776351   148.79604752   0.878108447326   0.631340811877   5202.0000
 "MMM"    0.89364505   1.79500768   90.96776570   1.385020944266   -0.028166052103   5203.0000
 "MMM"    1.06943874   1.42326207   101.67949568   1.675495045786   0.860578360321   5204.0000
 "MMM"    1.01407004   1.49610538   91.76459362   1.562208680283   0.437875170124   5205.0000
 "MMM"    0.87512818   1.72563298   123.08250515   1.267280910717   0.430748733619   5206.0000
 "MMM"    1.05749363   1.61609744   118.92051925   1.493982221600   0.749588013421   5207.0000
 "MMM"    1.06456286   1.69189689   135.78012746   1.226511130829   0.901499553900   5208.0000
 "MMM"    0.87910898   1.68613527   118.39153601   1.324239343068   0.437404563683   5209.0000
 "MMM"    0.94955527   2.04002385   124.93603978   1.223321472993   0.616294345406   5210.0000
 "MMM"    1.00599790   2.08943051   103.00000000   1.478235271767   0.328803105952   521.0000
 "MMM"    1.15372936   1.57802003   98.10337263   1.692549834330   0.436859098303   5211.0000
 "MMM"    0.91549377   1.65800809   136.88196209   1.128547285034   0.710956169470   5212.0000
 "MMM"    1.21900819   1.67151060   86.92241624   1.676891656676   0.077737162549   5213.0000
 "MMM"    0.80498966   1.69860042   75.22484872   1.165043246865   -0.322311293904   5214.0000
 "MMM"    1.18656920   1.76335386   96.23507351   1.663452177173   0.247004279298   5215.0000
 "MMM"    0.98160111   1.69597872   66.84995393   1.172506539856   -0.536176968082   5216.0000
 "MMM"    0.95639631   1.68987233   95.93719148   1.470025171015   0.175322875025   5217.0000
 "MMM"    0.83683463   1.76031689   114.55877853   1.298520471447   0.263603286982   5218.0000
 "MMM"    0.97778958   1.94210871   57.08657007   1.105329634258   -0.828198958380   5219.0000
 "MMM"    0.97611193   1.82369116   76.95897839   1.354435553334   -0.292738026226   5220.0000
 "MMM"    0.88575849   1.68888476   108.47945186   1.389143873209   0.318975468013   522.0000
 "MMM"    0.95334118   2.10395875   73.42598112   1.370114499573   -0.350455664501   5221.0000
 "MMM"    1.05608983   1.85691250   94.20007652   1.544763366326   0.127547787794   5222.0000
 "MMM"    0.71533949   1.68631332   78.20150047   1.116473611790   -0.293103087854   5223.0000
 "MMM"    1.11756131   1.74048992   102.34115315   1.610895394822   0.359429006283   5224.0000
 "MMM"    0.98665265   1.67782478   117.79669767   1.428646351090   0.575487586585   5225.0000
 "MMM"    0.96628652   2.16851257   61.33714424   1.261912164935   -0.616519368642   5226.0000
 "MMM"    0.78165153   1.64667769   84.90787746   1.223987188422   -0.088873007169   5227.0000
 "MMM"    0.89055185   1.94627431   105.08266352   1.377547344925   0.184856327324   5228.0000
 "MMM"    1.46374777   1.72689452   98.61715468   1.725097743901   0.279885701837   5229.0000
 "MMM"    1.14760776   1.76249330   111.34940228   1.576655362466   0.545809306618   5230.0000
 "MMM"    0.96446195   1.68853397   107.72342388   1.470813534875   0.386784554610   523.0000
 "MMM"    0.90432207   1.51933231   116.37920160   1.403667870502   0.777435066368   5231.0000
 "MMM"    1.26392357   1.86272336   100.30754994   1.681730432144   0.356904863060   5232.0000
 "MMM"    0.91467546   1.70324627   119.34636668   1.344358686147   0.476066062700   5233.0000
 "MMM"    0.85502682   1.71675022   74.04086761   1.196517836680   -0.348239478433   5234.0000
 "MMM"    0.89854256   1.72275366   56.81623335   0.957276287285   -0.835718966348   5235.0000
 "MMM"    0.94794212   1.74084787   127.22533603   1.271860501943   0.570040698591   5236.0000
 "MMM"    0.84581506   1.62536017   106.07516247   1.362869575145   0.331529812201   5238.0000
 "MMM"    1.06300211   1.74720605   115.60002255   1.487916983932   0.561054537656   5239.0000
 "MMM"    0.94639107   1.86659692   118.56108030   1.337682924858   0.431165584594   5240.0000
 "MMM"    0.96446195   1.47931079   124.75004602   1.393414838808   1.105322275428   524.0000
 "MMM"    0.92883770   1.89405937   97.16415144   1.431667336020   0.089595914478   5241.0000
 "MMM"    0.94851244   1.54473019   97.13043415   1.491413866449   0.410188720018   5242.0000
 "MMM"    1.42214897   1.78574631   106.57168239   1.671258463824   0.485187136158   5243.0000
 "MMM"    0.96509453   1.51793361   114.44589876   1.481344687201   0.801917052271   5244.0000
 "MMM"    0.77970497   1.61478844   103.73208484   1.292520917872   0.249324645929   5245.0000
 "MMM"    0.99896217   1.59578419   124.87386826   1.388504402292   0.829364453356   5246.0000
 "MMM"    0.85576882   1.49814751   112.16624032   1.377486408762   0.721939884827   5247.0000
 "MMM"    1.30393001   1.68484463   129.02796832   1.391221606611   0.978627709496   5248.0000
 "MMM"    0.90932852   1.72963148   73.72252637   1.239123025766   -0.353586027233   5249.0000
 "MMM"    0.98321250   1.91752299   116.64006211   1.374257887354   0.466635122745   5250.0000
 "MMM"    1.23246644   1.73416338   103.00000000   1.683102250466   0.417799698742   525.0000
 "MMM"    0.95219717   1.75061435   99.83669123   1.463157432169   0.195332039205   5251.0000
 "MMM"    1.18026992   1.72588178   91.86271946   1.658510985147   0.159503960607   5252.0000
 "MMM"    0.96527864   1.58896469   139.71930904   1.132687359491   1.004931700766   5253.0000
 "MMM"    0.96316227   1.91528675   108.76085246   1.423829726373   0.320776780497   5254.0000
 "MMM"    1.21956179   1.66143310   111.57814030   1.639209657381   0.634284931873   5255.0000
 "MMM"    1.08040611   1.72925138   89.31155014   1.559628658576   0.069639681408   5256.0000
 "MMM"    1.10114160   1.66777644   88.58016661   1.585339289798   0.104515707815   5257.0000
 "MMM"    0.78055639   1.74583998   111.09944965   1.266051575399   0.162801724746   5258.0000
 "MMM"    0.87347024   1.99136611   101.47486691   1.374513839032   0.120015518624   5259.0000
 "MMM"    1.03774359   1.70208103   111.15091682   1.516432937484   0.495490385485   5260.0000
 "MMM"    0.80654463   1.68888476   98.45750980   1.315783165594   0.097741652334   526.0000
 "MMM"    1.03597351   1.70471853   93.84705280   1.542242019650   0.166666485086   5261.0000
 "MMM"    1.15767149   1.50501712   99.64709871   1.721563936194   0.599738347643   5262.0000
 "MMM"    1.01043494   2.14708684   102.34628634   1.484633585809   0.351552454039   5263.0000
 "MMM"    0.98428212   1.55306814   72.10199050   1.252668027689   -0.212850803498   5264.0000
 "MMM"    0.93030134   1.62369747   73.41385077   1.230713848243   -0.270203589774   5265.0000
 "MMM"    0.93121136   1.71445071   113.11963933   1.405389757428   0.407057842677   5266.0000
 "MMM"    1.37496155   1.68411448   110.71991304   1.650253983695   0.583938240457   5267.0000
 "MMM"    0.92282713   1.64051872   138.08324897   1.118147588446   0.773051670271   5268.0000
 "MMM"    1.14386315   1.65187582   93.57232721   1.653633607458   0.245203843182   5269.0000
 "MMM"    1.16869235   1.81431703   104.58823270   1.621205605393   0.412513511829   5270.0000
 "MMM"    1.22501083   1.68888476   106.70943180   1.671337511587   0.515979295410   527.0000
 "MMM"    1.10163119   1.80553301   110.35354336   1.542950281245   0.483483753218   5271.0000
 "MMM"    0.95774332   1.73792412   100.76897627   1.470058585677   0.223985031619   5272.0000
 "MMM"    1.24943240   1.83697504   104.10672862   1.661849496774   0.436110146431   5273.0000
 "MMM"    0.95066922   1.57915652   99.54271457   1.490919934988   0.389184363413   5274.0000
 "MMM"    1.14313481   1.70603484   72.11950003   1.405301075254   -0.397412398643   5275.0000
 "MMM"    1.25411086   1.64715471   111.38247700   1.654325687311   0.643069208512   5276.0000
 "MMM"    1.01824842   1.75973830   99.19292266   1.525543335609   0.228076345733   5277.0000
 "MMM"    1.03562659   1.60182289   93.90251100   1.564125516700   0.281872764407   5278.0000
 "MMM"    1.36767871   1.56312963   104.09011416   1.722569812764   0.503802186792   5279.0000
 "MMM"    1.18977631   1.84289182   107.36877954   1.610431396968   0.482043031674   5280.0000
 "MMM"    1.12579858   1.68888476   130.17016458   1.353759540511   0.904382275422   528.0000
 "MMM"    1.00464491   1.49400314   115.30574566   1.520634888762   0.909727042303   5281.0000
 "MMM"    1.35012159   1.67910929   122.47753702   1.493781943545   0.838591451877   5282.0000
 "MMM"    0.73297700   1.73873497   115.17798224   1.200986495006   0.133910853534   5283.0000
 "MMM"    0.94285033   1.65849844   133.21189499   1.208071828478   0.729769633458   5284.0000
 "MMM"    1.05232276   1.41075630   111.04758158   1.619477756681   1.093476816376   5285.0000
 "MMM"    0.95301278   1.77915316   116.36419403   1.384907757747   0.430732370854   5286.0000
 "MMM"    0.97150783   1.55249134   100.90096538   1.522607926414   0.478463095616   5287.0000
 "MMM"    0.99495553   1.63392147   93.05927637   1.509223727569   0.202552206461   5288.0000
 "MMM"    0.95955816   2.07221474   105.28346741   1.429249655729   0.317613220678   5289.0000
 "MMM"    0.91033771   1.72080154   104.52105342   1.420260341546   0.255471440263   5290.0000
 "MMM"    0.85786925   1.68888476   134.30377596   1.119303884018   0.524675905804   529.0000
 "MMM"    1.17563996   1.69729926   136.41919742   1.248241976351   1.044891552455   5291.0000
 "MMM"    0.79052813   1.94146937   99.70145863   1.303701431386   -0.012619894501   5292.0000
 "MMM"    1.33091416   1.70021853   71.76488801   1.562044660100   -0.456618061372   5293.0000
 "MMM"    0.99653796   1.79492483   115.77858142   1.421871209467   0.470515324407   5294.0000
 "MMM"    0.78996241   1.77474107   105.26426992   1.292964073026   0.092320853978   5295.0000
 "MMM"    1.21527498   1.81652150   107.07933590   1.631588681621   0.487176627881   5296.0000
 "MMM"    1.05904381   1.71952520   64.14775423   1.175558940676   -0.671676904301   5297.0000
 "MMM"    0.77761065   1.70642766   132.13964525   1.085317481962   0.330825651880   5298.0000
 "MMM"    0.98761676   1.89054078   132.70666607   1.161898543255   0.651934591497   5299.0000
 "MMM"    0.88023741   1.75401504   109.38341200   1.369466665311   0.265476305157   5300.0000
 "MMM"    0.96446195   1.69626897   131.38464221   1.239172623615   0.687058129668   530.0000
 "MMM"    1.36446195   1.68888476   103.00000000   1.722474226991   0.423131469347   53.0000
 "MMM"    1.03268964   1.69361612   83.32078321   1.467544998741   -0.063081614744   5301.0000
 "MMM"    1.16356056   1.69149322   113.18464742   1.591187005511   0.626451487212   5302.0000
 "MMM"    1.02299114   1.73076510   73.93318300   1.336065226151   -0.339342155412   5303.0000
 "MMM"    0.95711830   1.70119352   124.14972714   1.330354144490   0.593185180462   5304.0000
 "MMM"    1.12991729   1.57942938   102.08414506   1.668109071661   0.514677788912   5305.0000
 "MMM"    0.94063322   1.95098513   79.92772036   1.379903841716   -0.239699759407   5306.0000
 "MMM"    1.04762733   1.72503358   126.99752300   1.349017525808   0.729014808651   5307.0000
 "MMM"    0.96492083   1.73376559   91.53284771   1.458616821248   0.061082526462   5308.0000
 "MMM"    1.02972360   1.91870345   110.55495950   1.464219787071   0.425230924418   5309.0000
 "MMM"    1.20283013   1.50403723   99.79574010   1.749481451505   0.595478446583   5310.0000
 "MMM"    0.96446195   1.98760759   105.35375874   1.437115500424   0.285383872802   531.0000
 "MMM"    0.75038368   1.67262655   115.29366264   1.223086304204   0.244239796196   5311.0000
 "MMM"    0.95967195   1.81615295   121.21537313   1.332048633872   0.485579780977   5312.0000
 "MMM"    1.00029671   1.69757088   127.09034026   1.326387492026   0.694002625960   5313.0000
 "MMM"    0.96827791   1.67527327   138.73063039   1.124957350784   0.791498158087   5314.0000
 "MMM"    0.92840388   1.70970803   141.98683689   1.027238240720   0.663982809335   5315.0000
 "MMM"    0.89699595   1.90930470   113.05434695   1.339085933261   0.298038768703   5316.0000
 "MMM"    0.92467413   1.71140410   137.82861453   1.101301393773   0.637507779284   5317.0000
 "MMM"    0.88932002   1.86363093   92.72604176   1.389359349729   -0.019325811885   5318.0000
 "MMM"    0.99070687   1.81459173   76.40623654   1.357972911876   -0.301750070926   5319.0000
 "MMM"    0.96483168   1.68860969   107.20725858   1.473066533445   0.378718545704   5320.0000
 "MMM"    0.80697444   1.68888476   76.56761850   1.178707177784   -0.284808747011   532.0000
 "MMM"    1.01971691   1.82033620   92.18269276   1.509305319341   0.069165531499   5321.0000
 "MMM"    0.98716689   1.53480703   74.47548060   1.302012875329   -0.103566847014   5322.0000
 "MMM"    1.06910143   1.69304258   102.94160171   1.581312742670   0.375528945078   5323.0000
 "MMM"    0.86089739   1.69539218   69.56619811   1.134361225771   -0.441976578070   5324.0000
 "MMM"    0.91826030   1.67280547   114.24544666   1.395417433573   0.453622073004   5325.0000
 "MMM"    0.97098424   1.89475922   115.07613946   1.384821669136   0.422292279770   5326.0000
 "MMM"    0.91629203   2.01116891   92.59385652   1.422419894842   0.010365471581   5327.0000
 "MMM"    0.87846358   1.73078748   105.53624253   1.384381685723   0.229481808284   5328.0000
 "MMM"    1.00090993   1.63071103   100.85990891   1.534143714295   0.362785934201   5329.0000
 "MMM"    1.02410682   1.71772366   93.25129842   1.526494891682   0.138904429408   5330.0000
 "MMM"    1.17799649   1.67324051   103.00000000   1.669556466082   0.438434199990   533.0000
 "MMM"    0.94641058   1.81675713   63.11464969   1.132465862530   -0.667960052037   5331.0000
 "MMM"    1.27607863   2.15009353   103.71459100   1.635611961946   0.575856437861   5332.0000
 "MMM"    1.03442097   1.64844175   112.65547237   1.519319693389   0.575478822908   5333.0000
 "MMM"    1.07536080   1.73030936   103.48471172   1.576199252789   0.363512068729   5334.0000
 "MMM"    0.97224824   2.12351885   70.39681610   1.357850300141   -0.410038134296   5335.0000
 "MMM"    0.97660438   1.56966830   78.55692560   1.356493320692   -0.047231693869   5336.0000
 "MMM"    0.96281612   1.73415758   104.61468710   1.469845673248   0.295547060332   5337.0000
 "MMM"    1.11849115   1.72679682   121.74494839   1.461249261044   0.727440048352   5338.0000
 "MMM"    0.85702732   2.03945543   104.10613990   1.350466846043   0.161476989879   5339.0000
 "MMM"    0.98677044   1.69822900   86.14841695   1.447683713599   -0.015492006715   5340.0000
 "MMM"    0.92312862   1.85822534   103.00000000   1.420191372445   0.183361298430   534.0000
 "MMM"    0.99339396   1.70367565   124.56654274   1.352508261615   0.646086583806   5341.0000
 "MMM"    0.99432438   1.70621792   108.25211097   1.492863537317   0.405495535872   5342.0000
 "MMM"    1.06606886   1.78447573   102.69305569   1.558909039451   0.317808125383   5343.0000
 "MMM"    0.97004442   2.07250246   117.89298779   1.324766916013   0.562741828571   5344.0000
 "MMM"    0.95608335   1.44043775   82.83922256   1.417111157134   0.371802768441   5345.0000
 "MMM"    0.98381818   1.78306458   108.03837294   1.467535598809   0.343606400025   5346.0000
 "MMM"    0.98225699   1.99885156   121.63383637   1.297915487608   0.581610423400   5347.0000
 "MMM"    0.89651812   1.69353257   77.38401634   1.267645183817   -0.242791390903   5348.0000
 "MMM"    1.20421541   1.66538317   91.22969662   1.690170597631   0.187994442572   5349.0000
 "MMM"    0.96059713   1.78962115   130.98465249   1.210016787255   0.589958898516   5350.0000
 "MMM"    0.90363489   1.68888476   92.80149991   1.403315865394   0.083761059672   535.0000
 "MMM"    1.13012924   1.71538538   86.15367829   1.584901323216   0.015794794513   5351.0000
 "MMM"    1.03497341   1.64220561   105.54880210   1.557289009110   0.456349575150   5352.0000
 "MMM"    0.88282687   1.81376966   111.77522207   1.349898406565   0.268144409767   5353.0000
 "MMM"    0.96014995   1.66430487   81.64098616   1.376726644743   -0.097752371586   5354.0000
 "MMM"    0.93881673   1.56666818   112.33042964   1.453847215698   0.627672735560   5355.0000
 "MMM"    0.86506668   1.66550207   111.83880680   1.357784067197   0.369450105651   5356.0000
 "MMM"    0.71527766   1.69669415   98.05593901   1.220256431586   -0.008896546194   5357.0000
 "MMM"    1.07854593   1.70224887   119.36727279   1.474768086212   0.669711935849   5358.0000
 "MMM"    0.97820971   1.65216536   107.98330228   1.491870492181   0.444998026033   5359.0000
 "MMM"    0.94912589   1.56918108   109.74610520   1.476555566504   0.587919373505   5360.0000
 "MMM"    0.96446195   1.65106835   121.66470948   1.379717286198   0.640513719178   536.0000
 "MMM"    1.43883438   1.66935299   111.37044605   1.613303186575   0.556405210615   5361.0000
 "MMM"    0.98858299   1.73572036   101.59840756   1.499901801924   0.264353214474   5362.0000
 "MMM"    1.05266434   1.61422242   108.06087173   1.571900911750   0.551581460824   5363.0000
 "MMM"    0.99911501   2.06304850   110.36913891   1.423853644307   0.453988731194   5364.0000
 "MMM"    1.08115550   1.82256000   102.84119637   1.563765447594   0.322693954834   5365.0000
 "MMM"    0.68644959   1.70734472   79.69946105   1.110575789832   -0.305709958196   5366.0000
 "MMM"    1.18914644   1.75808944   95.66746596   1.666043788576   0.236474988495   5367.0000
 "MMM"    0.97521815   1.44396535   98.26427579   1.558590847894   0.708621618424   5368.0000
 "MMM"    0.80694414   1.70732655   111.50524605   1.294262328613   0.240525557721   5369.0000
 "MMM"    0.99255251   1.44363443   88.95064303   1.534581317819   0.517043588695   5370.0000
 "MMM"    0.96446195   1.79484242   127.75127205   1.258735514355   0.567129734364   537.0000
 "MMM"    0.99152322   1.73192022   83.58609328   1.429022184124   -0.095697605058   5371.0000
 "MMM"    0.98094529   1.60659845   119.55544387   1.428724287862   0.704846073793   5372.0000
 "MMM"    0.95354808   1.91973142   134.44002112   1.103868179379   0.617613314102   5373.0000
 "MMM"    1.14696415   1.52767965   97.27391721   1.706723556279   0.505248247013   5374.0000
 "MMM"    0.87459062   1.64001929   126.73021037   1.247576606499   0.590984969829   5375.0000
 "MMM"    0.97753253   2.21204370   94.98344109   1.487613371920   0.194648026240   5376.0000
 "MMM"    0.97090900   1.56908280   75.70909093   1.304851061159   -0.126963406254   5377.0000
 "MMM"    1.21404792   1.65870999   89.40555582   1.691715588588   0.150392066473   5378.0000
 "MMM"    1.06157966   1.58653248   90.27188219   1.577365794610   0.234115321698   5379.0000
 "MMM"    0.95804699   1.43430685   74.72515253   1.283419160478   0.157265990313   5380.0000
 "MMM"    1.11389060   1.79715601   103.00000000   1.593577996893   0.351477188121   538.0000
 "MMM"    1.34750013   1.63755573   108.87173769   1.681154356738   0.571326530011   5381.0000
 "MMM"    0.95515685   1.86118987   91.86372376   1.448291522445   0.015010082330   5382.0000
 "MMM"    0.80253363   1.73904090   113.15836644   1.277654761390   0.219011495181   5383.0000
 "MMM"    1.00254234   1.64408587   107.02606257   1.521171097671   0.458256633407   5384.0000
 "MMM"    0.88142927   1.98495039   107.28929246   1.356626068878   0.218905166029   5385.0000
 "MMM"    0.98464747   1.89477397   117.38488509   1.372575328911   0.473098340731   5386.0000
 "MMM"    1.21668275   1.65372632   88.24989474   1.689145769789   0.126348930599   5387.0000
 "MMM"    0.86310978   1.83872052   101.59510212   1.367876117245   0.102192726673   5388.0000
 "MMM"    1.19733288   2.06323759   103.67948036   1.605887728584   0.481092119802   5389.0000
 "MMM"    1.34549706   1.60816552   107.74411507   1.695123031464   0.563989815670   5390.0000
 "MMM"    0.96446195   1.70405028   129.14285103   1.269634453053   0.654775506695   539.0000
 "MMM"    0.94214417   1.73778784   97.83217153   1.453472563578   0.160739234595   5391.0000
 "MMM"    1.14619977   1.66054678   80.47790719   1.550024278424   -0.094357975696   5392.0000
 "MMM"    0.98600623   1.73256490   70.76947939   1.255405759326   -0.432062801244   5393.0000
 "MMM"    0.97033735   1.68397336   119.64602672   1.395445749237   0.574892735297   5394.0000
 "MMM"    0.96939675   1.71467200   126.06481987   1.311725325232   0.617485972062   5395.0000
 "MMM"    0.89718440   1.61346245   79.62352536   1.285927912800   -0.102663605155   5396.0000
 "MMM"    0.85831121   1.89494752   104.20698617   1.354528661266   0.127557600773   5397.0000
 "MMM"    1.47692154   1.53720344   100.19057012   1.669988838272   0.316822922192   5398.0000
 "MMM"    0.73070654   1.73212020   85.56365884   1.194358977573   -0.201649050563   5399.0000
 "MMM"    0.94588373   1.97575900   89.94293103   1.440557085669   -0.025031848292   5400.0000
 "MMM"    1.11224783   1.68888476   68.84117008   1.310819871939   -0.503907260192   540.0000
 "MMM"    0.56446195   1.68888476   103.00000000   1.076514047168   -0.137281972947   54.0000
 "MMM"    1.00296952   1.70809469   80.81594469   1.410393694407   -0.143485733351   5401.0000
 "MMM"    0.93020458   1.71759471   113.13031724   1.403662509431   0.403109363502   5402.0000
 "MMM"    1.44160826   1.92508403   102.55994809   1.689023832884   0.444106303079   5403.0000
 "MMM"    0.96478624   1.93886357   93.00533362   1.461491650982   0.044441401261   5404.0000
 "MMM"    0.84743824   1.57268646   106.20928462   1.372139179787   0.433660460659   5405.0000
 "MMM"    0.88279923   1.71720377   109.78198088   1.376140156366   0.303752940188   5406.0000
 "MMM"    1.20045485   1.68337291   141.98304076   1.136859902319   1.174949755156   5407.0000
 "MMM"    0.95688146   1.74082865   93.38349805   1.457679278969   0.087638768468   5408.0000
 "MMM"    0.96214119   1.73520080   135.65152784   1.154353297023   0.667961769666   5409.0000
 "MMM"    0.93856714   1.76424439   133.29316345   1.168244233480   0.580949365607   5410.0000
 "MMM"    0.79781698   1.68888476   77.40910626   1.179750694826   -0.270871268579   541.0000
 "MMM"    0.87830273   1.80107747   114.46995367   1.329987218305   0.297949774758   5411.0000
 "MMM"    0.80694889   1.68703020   71.32903016   1.116819199881   -0.398558777794   5412.0000
 "MMM"    0.74266235   1.73034435   111.08218974   1.230875570164   0.124490724137   5413.0000
 "MMM"    0.93064632   1.79632806   142.00486987   0.996981080278   0.571057706447   5414.0000
 "MMM"    0.71850033   1.71317710   97.38546086   1.223651819855   -0.031415500294   5415.0000
 "MMM"    1.32748781   1.74200503   97.88032280   1.734690375582   0.305838245373   5416.0000
 "MMM"    1.02799607   1.70813411   145.81736759   0.997760465920   0.901065421463   5417.0000
 "MMM"    0.79440832   1.81321234   105.76492412   1.294105419347   0.083637398203   5418.0000
 "MMM"    1.02909553   1.79922858   93.04906530   1.521979855357   0.097812858152   5419.0000
 "MMM"    1.01168209   2.08104054   103.68680335   1.479265554731   0.344122310748   5420.0000
 "MMM"    0.96446195   1.82730699   139.09418871   1.057823532979   0.631258209089   542.0000
 "MMM"    0.97269690   1.78903564   97.83670552   1.478431723913   0.157145941080   5421.0000
 "MMM"    1.04518489   1.71010979   71.57644829   1.311952844513   -0.402546781790   5422.0000
 "MMM"    0.89473482   1.84569350   100.41136530   1.399257951640   0.115702713039   5423.0000
 "MMM"    1.01370048   1.76277437   112.07659341   1.473891970579   0.447120899308   5424.0000
 "MMM"    0.92869646   2.06390353   98.80221498   1.430767036046   0.157197552725   5425.0000
 "MMM"    0.95628190   1.70455338   85.39185845   1.410274828111   -0.049634631071   5426.0000
 "MMM"    0.96694035   2.13450152   70.93094211   1.363132092069   -0.395271217575   5427.0000
 "MMM"    0.97896014   1.54127146   120.87589430   1.433163698680   0.867967506187   5428.0000
 "MMM"    0.87549386   1.82109284   109.87611023   1.352936668480   0.233063251619   5429.0000
 "MMM"    0.94367471   1.68276737   148.17363817   0.915542247893   0.768830059230   5430.0000
 "MMM"    0.96446195   1.72577300   127.33629359   1.287494468673   0.611822204435   543.0000
 "MMM"    1.09464366   1.71654922   96.53603777   1.601198969186   0.241847129660   5431.0000
 "MMM"    0.90405928   1.51982564   104.82340985   1.450880355361   0.580689298641   5432.0000
 "MMM"    0.94809579   2.08190407   75.00811737   1.374935681807   -0.322099368652   5433.0000
 "MMM"    0.67862685   1.57393936   96.67448047   1.167644846202   0.131532268116   5434.0000
 "MMM"    1.45579146   1.65878262   91.56089939   1.764637928999   0.141685036752   5435.0000
 "MMM"    1.05889124   1.77597916   93.30870755   1.552225795374   0.126812932354   5436.0000
 "MMM"    0.93994990   1.76751394   115.42814738   1.384309888148   0.408094338952   5437.0000
 "MMM"    0.98803951   1.51213934   145.11400351   1.056039765475   1.391553133666   5438.0000
 "MMM"    0.96351617   1.49009461   86.69012879   1.458104667377   0.324901414210   5439.0000
 "MMM"    1.08062804   1.69894510   146.25674435   1.011044420056   1.028547665734   5440.0000
 "MMM"    0.96446195   1.56423497   87.99378034   1.454215635003   0.190730690337   544.0000
 "MMM"    0.69156221   1.47498474   102.98835072   1.189706807322   0.488534774376   5441.0000
 "MMM"    1.16768957   1.63135053   98.71253331   1.684569557910   0.383595546899   5442.0000
 "MMM"    1.01784447   1.88346318   100.45602409   1.508676920187   0.225750397134   5443.0000
 "MMM"    1.12310459   1.91016068   104.25744318   1.574759269930   0.385119643867   5444.0000
 "MMM"    1.06767501   1.66225028   94.17837917   1.582748825070   0.225036699487   5445.0000
 "MMM"    1.06808742   1.64611720   129.25726275   1.357275370977   0.884459686724   5446.0000
 "MMM"    0.98710567   1.53835967   119.35584444   1.456372318938   0.855983303935   5447.0000
 "MMM"    0.93656839   1.91411666   87.06064730   1.415971599378   -0.094451509387   5448.0000
 "MMM"    1.06642397   1.53943137   105.74761790   1.617600373571   0.642919142889   5449.0000
 "MMM"    0.78226842   1.69791596   110.89129180   1.273282140312   0.212721094860   5450.0000
 "MMM"    0.96446195   1.87248988   123.42594668   1.293251816945   0.515892954696   545.0000
 "MMM"    0.97509614   1.84378764   131.26774297   1.195460066888   0.606379525491   5451.0000
 "MMM"    0.94365711   1.70456395   127.25076320   1.279862294303   0.602160314853   5452.0000
 "MMM"    0.94936814   1.90665615   132.65595179   1.136620146396   0.588033596756   5453.0000
 "MMM"    1.08343258   1.58590963   100.01908533   1.628738454474   0.450105955761   5454.0000
 "MMM"    0.98485215   2.17620269   106.73222126   1.437486717142   0.440868934778   5455.0000
 "MMM"    0.98365771   1.71148791   81.83315049   1.403199748981   -0.126242700411   5456.0000
 "MMM"    0.90647210   1.67214963   94.02474987   1.412427817606   0.125260377705   5457.0000
 "MMM"    1.15900064   1.44480342   104.09864461   1.726689878992   0.829986355889   5458.0000
 "MMM"    1.03935190   1.62677337   93.14624140   1.558481147775   0.232607370497   5459.0000
 "MMM"    1.02401835   1.58101670   122.79417581   1.437793548426   0.852167623366   5460.0000
 "MMM"    1.16315867   1.68888476   106.31042196   1.641155472012   0.490931869560   546.0000
 "MMM"    1.08201512   1.60259385   109.45750537   1.592991797316   0.611136979060   5461.0000
 "MMM"    0.95880074   1.51267584   108.90390257   1.505909006451   0.710341570435   5462.0000
 "MMM"    0.82007206   1.91878202   99.23324547   1.330344958377   0.013278030925   5463.0000
 "MMM"    0.96190142   1.84247461   75.79048318   1.333393920906   -0.327331234491   5464.0000
 "MMM"    1.06271761   1.95087894   98.66826687   1.544067826944   0.234208866080   5465.0000
 "MMM"    0.89840688   1.93155093   106.80523175   1.377410516992   0.217167815099   5466.0000
 "MMM"    0.93915345   1.77176846   74.01582640   1.276974306628   -0.360451805447   5467.0000
 "MMM"    1.04067540   1.81302321   101.27833532   1.535500178123   0.265052003901   5468.0000
 "MMM"    0.92763494   1.73729155   135.93255996   1.127078670551   0.599945087646   5469.0000
 "MMM"    1.04233379   2.18401679   107.70532604   1.471273514237   0.527087574465   5470.0000
 "MMM"    1.02774095   1.68888476   126.28405735   1.359569312217   0.731400400821   547.0000
 "MMM"    0.96204569   1.61683122   126.96685948   1.325701307356   0.770063592762   5471.0000
 "MMM"    1.28443291   1.77384739   104.26393964   1.687304562636   0.446152747725   5472.0000
 "MMM"    0.97218387   1.59016437   81.51462659   1.390735778590   -0.003790974251   5473.0000
 "MMM"    1.02233682   1.75266599   93.73291654   1.522109765388   0.126731131675   5474.0000
 "MMM"    0.91210121   1.66325285   117.58188670   1.367331846505   0.502910834120   5475.0000
 "MMM"    1.11329380   1.70233816   91.99655364   1.608267580012   0.159079108768   5476.0000
 "MMM"    0.95630030   1.63046764   91.56507131   1.459595937396   0.157806000427   5477.0000
 "MMM"    1.01505788   1.95952542   93.50227457   1.506172109209   0.094099881352   5478.0000
 "MMM"    0.96702476   1.72059684   133.82013643   1.193644023163   0.680841570336   5479.0000
 "MMM"    1.03166076   1.63428023   106.21524799   1.554279879271   0.476672277441   5480.0000
 "MMM"    0.96446195   1.92605300   76.34206801   1.360711339146   -0.313822171446   548.0000
 "MMM"    0.88260714   1.66025080   74.95458334   1.217617699887   -0.274239594912   5481.0000
 "MMM"    1.03838091   1.98733881   96.41472996   1.525963959906   0.178305053739   5482.0000
 "MMM"    0.97205082   1.71040123   71.99195307   1.259432037881   -0.385045679210   5483.0000
 "MMM"    1.11992688   1.44178696   98.96239128   1.719522271696   0.745832029012   5484.0000
 "MMM"    0.79488465   1.69291977   90.66760781   1.278978372553   -0.035168100878   5485.0000
 "MMM"    0.98698173   1.74349356   89.64612839   1.470304214391   0.028681463386   5486.0000
 "MMM"    0.99064534   1.89959640   91.54271783   1.480204221581   0.030899378352   5487.0000
 "MMM"    1.16746744   1.60637441   107.40561385   1.662639969927   0.593760023376   5488.0000
 "MMM"    0.98439640   1.62989820   90.80745330   1.486211955455   0.156148339727   5489.0000
 "MMM"    0.97619240   1.76772715   109.81068395   1.454610356464   0.370665481930   5490.0000
 "MMM"    0.96446195   1.79339116   68.77387499   1.225435509488   -0.505121049445   549.0000
 "MMM"    1.20119890   1.92260320   101.25921518   1.636612062088   0.368636990976   5491.0000
 "MMM"    0.95552891   1.63552324   95.05513294   1.474166427832   0.219417846068   5492.0000
 "MMM"    1.07772918   1.70525315   67.60114746   1.259292892326   -0.545352952205   5493.0000
 "MMM"    1.20252222   1.78292282   103.18750032   1.654912604770   0.401238112365   5494.0000
 "MMM"    0.90884263   1.65508531   121.52268285   1.330959874527   0.559206358857   5495.0000
 "MMM"    1.10795069   2.15366664   105.88732276   1.530881300022   0.523251902859   5496.0000
 "MMM"    0.98938830   1.61108922   93.53439604   1.509851072943   0.240989612497   5497.0000
 "MMM"    1.04230264   1.78462120   91.16787594   1.528266647631   0.069689963621   5498.0000
 "MMM"    0.68345377   1.88827205   103.01730935   1.200084580846   -0.111371065258   5499.0000
 "MMM"    0.97719294   1.66138776   106.75383811   1.493007401619   0.412084663025   5500.0000
 "MMM"    1.06630963   1.99329679   103.00000000   1.529676303774   0.339760038495   550.0000
 "MMM"    1.46446195   1.68888476   103.00000000   1.691038731759   0.368091182185   55.0000
 "MMM"    1.20776286   1.69714956   119.51213693   1.537575671918   0.766018373771   5501.0000
 "MMM"    1.34310772   1.67370902   89.12326919   1.758823763897   0.122975408616   5502.0000
 "MMM"    0.94654078   1.52684659   119.51771846   1.419792221325   0.851005151324   5503.0000
 "MMM"    1.28117152   1.63835837   111.84282600   1.655402418198   0.655998068872   5504.0000
 "MMM"    1.27200693   1.65898983   101.80613122   1.723639141768   0.430900253065   5505.0000
 "MMM"    0.83350734   1.64235792   109.68919637   1.337607342258   0.339659885092   5506.0000
 "MMM"    1.26103022   1.72563761   104.13857502   1.691452517325   0.449773560285   5507.0000
 "MMM"    0.93174938   1.51535150   92.52719521   1.457315124480   0.377026889708   5508.0000
 "MMM"    1.11720100   1.56567942   108.12052863   1.639169135270   0.656845725525   5509.0000
 "MMM"    0.95658245   1.57922369   74.93561239   1.276938293347   -0.165827741783   5510.0000
 "MMM"    1.35031298   1.66463315   103.00000000   1.726912277748   0.435658553674   551.0000
 "MMM"    0.91437741   1.71726786   58.26398799   0.985121841478   -0.797152111291   5511.0000
 "MMM"    0.78986658   1.72507142   108.96512487   1.285579352485   0.172761800545   5512.0000
 "MMM"    0.97639674   2.05842020   111.86493650   1.394136631949   0.452331817848   5513.0000
 "MMM"    0.84584608   1.74668239   91.38708846   1.337463360066   -0.029987032006   5514.0000
 "MMM"    0.97077446   1.84401664   134.03671536   1.146629731771   0.618512946181   5515.0000
 "MMM"    0.96883061   1.49869291   80.79531017   1.390457427091   0.158020372025   5516.0000
 "MMM"    1.08543088   1.64541187   130.16677693   1.352613330970   0.919577409604   5517.0000
 "MMM"    1.01815887   1.55919847   120.67761392   1.463537216804   0.857082739190   5518.0000
 "MMM"    0.94482568   1.64119986   96.90542492   1.467139395931   0.240245174656   5519.0000
 "MMM"    0.95753524   2.04503066   120.40637196   1.289238502304   0.563776569077   5520.0000
 "MMM"    0.93113910   1.65264600   103.00000000   1.455256573795   0.322298727432   552.0000
 "MMM"    0.89558005   1.58925578   86.75442993   1.359679891737   0.091974679909   5521.0000
 "MMM"    0.91569603   1.55226827   83.36628847   1.351283181001   0.092287521232   5522.0000
 "MMM"    1.01587490   1.64220610   59.20986510   1.009788918385   -0.813533590229   5523.0000
 "MMM"    1.07196268   1.66015841   114.90241732   1.528048513980   0.630127350575   5524.0000
 "MMM"    1.07626833   1.92421028   103.71470079   1.541179547581   0.341778519556   5525.0000
 "MMM"    0.86689550   1.83986736   100.22374524   1.373154825272   0.085770470486   5526.0000
 "MMM"    1.18151395   1.67921639   112.08417052   1.613721554073   0.621194025830   5527.0000
 "MMM"    1.10492028   1.92851420   105.84616145   1.550427942419   0.408545834190   5528.0000
 "MMM"    0.74492799   1.67904618   118.84233223   1.194975964875   0.253630099185   5529.0000
 "MMM"    0.96553896   1.74321603   113.90767196   1.424307507588   0.434139882643   5530.0000
 "MMM"    1.18161620   1.66135740   103.00000000   1.675281511549   0.448778409323   553.0000
 "MMM"    0.91686539   2.14688598   110.40300134   1.357016875290   0.415700334111   5531.0000
 "MMM"    1.00706772   1.78729955   105.07768126   1.499924372221   0.314344027052   5532.0000
 "MMM"    0.95819484   1.83993529   94.08840727   1.456788453620   0.062744218078   5533.0000
 "MMM"    0.89076684   1.69604355   109.06180768   1.390782703994   0.324529727380   5534.0000
 "MMM"    0.75002145   1.70747346   121.67033394   1.174332977337   0.238340460025   5535.0000
 "MMM"    1.18342310   1.60492802   104.07175135   1.689375572451   0.528644552994   5536.0000
 "MMM"    1.11300055   1.79074612   96.32713241   1.602803225197   0.213262259740   5537.0000
 "MMM"    0.99993394   1.78797962   92.61229263   1.494041886554   0.075735245792   5538.0000
 "MMM"    0.90108560   1.72123152   91.30177549   1.392853080587   0.026237037410   5539.0000
 "MMM"    0.89757750   1.63463735   101.33481862   1.422304108258   0.291960526667   5540.0000
 "MMM"    0.84367807   1.68888476   69.37104248   1.117359474234   -0.442890665016   554.0000
 "MMM"    1.22899751   1.72858164   89.06695442   1.681712061072   0.097787803367   5541.0000
 "MMM"    1.29085880   1.43038699   100.10589324   1.777356415159   0.685574882762   5542.0000
 "MMM"    0.97540579   1.93359590   119.86297738   1.329463529926   0.507336247036   5543.0000
 "MMM"    0.89297920   1.71356231   113.74466837   1.365368896328   0.369901654055   5544.0000
 "MMM"    1.25409091   1.78660329   102.19962631   1.684255710773   0.394008223726   5545.0000
 "MMM"    1.23418303   1.67827306   71.42735681   1.475168977643   -0.433629020353   5546.0000
 "MMM"    0.95672705   1.58358090   72.12804273   1.227934228366   -0.256121951016   5547.0000
 "MMM"    1.17253039   1.69437858   132.43421139   1.326050131477   0.980326334681   5548.0000
 "MMM"    0.93838882   1.71248252   74.92514930   1.275860076420   -0.308654053776   5549.0000
 "MMM"    1.16684445   1.67769524   119.12343119   1.534404056191   0.753100605256   5550.0000
 "MMM"    0.82089829   1.90845701   103.00000000   1.323566190938   0.066340187504   555.0000
 "MMM"    1.32706816   1.68866019   139.38333900   1.160075721332   1.168186379485   5551.0000
 "MMM"    0.98307283   1.89389482   90.93757805   1.471510616497   0.013597781336   5552.0000
 "MMM"    1.03173064   1.66878075   106.22111247   1.544852167400   0.435953275306   5553.0000
 "MMM"    1.03132364   1.61035357   103.46465556   1.567852703920   0.458342432640   5554.0000
 "MMM"    1.08430838   1.59177637   109.72836979   1.596707994977   0.634101037675   5555.0000
 "MMM"    1.19306910   1.70148794   63.41297618   1.246437662170   -0.790997694175   5556.0000
 "MMM"    1.08683799   1.67638396   93.47170556   1.595393456951   0.203571226669   5557.0000
 "MMM"    0.96969205   1.57793758   80.32992127   1.373455515913   -0.014908573923   5558.0000
 "MMM"    1.00614146   1.73400790   80.37139053   1.409177020335   -0.169891474440   5559.0000
 "MMM"    0.94048011   1.67744806   69.14602232   1.179360527847   -0.444729061175   5560.0000
 "MMM"    0.89361370   1.68888476   92.94090422   1.393252725802   0.079559540943   556.0000
 "MMM"    0.80964821   1.68633376   105.07118868   1.318907380749   0.193220690324   5561.0000
 "MMM"    1.37265765   1.67716712   91.97384981   1.767247493805   0.180940915933   5562.0000
 "MMM"    1.31043368   1.62647472   103.19863766   1.731476210944   0.474275936402   5563.0000
 "MMM"    0.90139235   1.89504392   104.29842223   1.393470351923   0.178725706641   5564.0000
 "MMM"    0.97031203   1.98003738   83.77539954   1.435356890281   -0.137449348205   5565.0000
 "MMM"    0.92542624   1.63311415   56.47082360   0.907673354837   -0.830820384634   5566.0000
 "MMM"    1.26991130   1.70022746   124.77531488   1.467063229953   0.886080790493   5567.0000
 "MMM"    1.04883123   1.92114746   101.57635011   1.528082326952   0.276592128978   5568.0000
 "MMM"    0.91138650   1.96412085   112.43433878   1.348623668146   0.326251717315   5569.0000
 "MMM"    1.04014817   1.77131402   117.34549562   1.447049033521   0.553052832701   5570.0000
 "MMM"    1.14318105   1.68888476   66.60256021   1.285483882290   -0.608304765561   557.0000
 "MMM"    0.98913845   1.71007940   81.11651620   1.400558789955   -0.141011917127   5571.0000
 "MMM"    1.30098092   1.65361405   92.58659915   1.754175984008   0.226128963147   5572.0000
 "MMM"    0.95462404   2.03021302   73.44438379   1.351406070411   -0.368198960247   5573.0000
 "MMM"    0.80535552   1.68541854   124.20011830   1.203814874505   0.377962259561   5574.0000
 "MMM"    0.83924357   1.79178281   99.39266338   1.347928439379   0.062434660461   5575.0000
 "MMM"    1.03356372   1.90153617   95.18692071   1.524296794387   0.134183721017   5576.0000
 "MMM"    0.98578843   1.52084953   75.68643421   1.324061595003   -0.037631171122   5577.0000
 "MMM"    1.01905340   1.50471367   119.22106787   1.495402786542   0.965791739782   5578.0000
 "MMM"    1.11298098   1.70186857   109.18904172   1.587303708678   0.514475202048   5579.0000
 "MMM"    0.95870671   1.75217774   133.16717723   1.187539367294   0.627723541340   5580.0000
 "MMM"    1.18328573   1.72295801   103.00000000   1.659101738629   0.409312457023   558.0000
 "MMM"    1.18984317   1.70849167   99.28153787   1.676798120674   0.338705906367   5581.0000
 "MMM"    1.06261360   1.68800521   91.19956290   1.559726305821   0.134719384254   5582.0000
 "MMM"    0.99729336   1.94130767   109.49657852   1.443236036522   0.377976096376   5583.0000
 "MMM"    1.08092502   2.01356349   104.46021187   1.531151319382   0.390657336764   5584.0000
 "MMM"    0.99359483   2.16746636   100.51873817   1.480713946154   0.307606884191   5585.0000
 "MMM"    1.31947640   1.49737297   101.00431474   1.762889779357   0.558867662808   5586.0000
 "MMM"    1.00335007   2.12255592   104.91160268   1.464595610571   0.385177401211   5587.0000
 "MMM"    0.73912297   2.04947144   104.69594424   1.248810182072   0.021570969955   5588.0000
 "MMM"    0.96998964   1.75419952   148.69556942   0.889768393659   0.700142546457   5589.0000
 "MMM"    0.82386793   1.71571464   77.03850655   1.204903589930   -0.290641103029   5590.0000
 "MMM"    0.96446195   1.80212410   123.59488253   1.311546212194   0.523043489869   559.0000
 "MMM"    1.04029045   1.61598773   92.61312772   1.559641348572   0.235864927184   5591.0000
 "MMM"    1.52396084   1.72381756   109.23014197   1.582260334428   0.453653462890   5592.0000
 "MMM"    0.88110247   2.08410518   102.52346751   1.378316368450   0.184702540244   5593.0000
 "MMM"    0.85484967   1.75216917   102.54116610   1.363671226104   0.146429113216   5594.0000
 "MMM"    1.05467296   1.63556287   100.69109915   1.586321199892   0.382592833545   5595.0000
 "MMM"    0.99677098   1.82584980   113.83982426   1.431132754878   0.435013830473   5596.0000
 "MMM"    0.77734731   1.77021533   98.89923450   1.286529009328   0.003156555523   5597.0000
 "MMM"    1.12293288   1.71365725   71.94332988   1.384646015627   -0.403339465799   5598.0000
 "MMM"    1.39377023   1.57495608   101.92224472   1.730607118966   0.431028115638   5599.0000
 "MMM"    1.01246152   1.71001512   102.54868898   1.526373669336   0.317754325130   5600.0000
 "MMM"    0.79046451   1.68888476   98.63544003   1.298966176388   0.084764699236   560.0000
 "MMM"    1.56446195   1.68888476   103.00000000   1.608283373990   0.273811706270   56.0000
 "MMM"    1.04333587   1.62965425   105.76156443   1.567910053274   0.481560630820   5601.0000
 "MMM"    1.30119297   1.66138375   90.29225649   1.748405389090   0.166541546484   5602.0000
 "MMM"    0.95313926   1.72064964   103.90707915   1.464358263142   0.285512988670   5603.0000
 "MMM"    0.92364488   1.81897367   77.26882094   1.314198314353   -0.299137376710   5604.0000
 "MMM"    1.03781136   1.49983513   99.52391021   1.613162118963   0.597649897445   5605.0000
 "MMM"    1.07067775   1.65850585   100.83891150   1.594859877579   0.367247039382   5606.0000
 "MMM"    0.95382653   1.54974511   118.62934179   1.428645209182   0.784455022314   5607.0000
 "MMM"    0.97758830   1.65784031   143.24281525   1.048200476630   0.880751702880   5608.0000
 "MMM"    1.41613850   1.67227733   110.66339861   1.635331050980   0.559636529003   5609.0000
 "MMM"    1.26278443   1.78798382   100.01975621   1.696199764518   0.346314671345   5610.0000
 "MMM"    1.08799723   1.68888476   104.73086106   1.593416067510   0.424350748107   561.0000
 "MMM"    1.35619121   1.55174493   102.36863269   1.741158015426   0.489990107105   5611.0000
 "MMM"    1.43424420   1.65075931   112.18009177   1.604200237720   0.575479269326   5612.0000
 "MMM"    0.88555917   1.89835839   100.28969002   1.389026913367   0.099713078255   5613.0000
 "MMM"    1.00009414   1.87859160   95.49765731   1.496122575999   0.116439066510   5614.0000
 "MMM"    1.10889032   1.88819440   99.40753691   1.584432766256   0.270382654702   5615.0000
 "MMM"    0.93820866   1.70297029   108.15782351   1.440357712586   0.354127825911   5616.0000
 "MMM"    0.90467666   1.59586860   87.51889201   1.376264453657   0.101134557705   5617.0000
 "MMM"    0.99273996   1.96836238   114.81010442   1.390137004162   0.471357106102   5618.0000
 "MMM"    1.00474460   1.69655413   76.52737396   1.355426417808   -0.247297000569   5619.0000
 "MMM"    1.10611178   1.71951482   104.31354764   1.601190094265   0.404226295628   5620.0000
 "MMM"    0.96446195   1.69102895   100.37362833   1.484189880361   0.260325827963   562.0000
 "MMM"    0.86379985   1.78526920   89.72166368   1.350121191062   -0.067532151936   5621.0000
 "MMM"    0.91808192   1.97145186   106.84871887   1.391175469591   0.252276149171   5622.0000
 "MMM"    0.90983867   1.74079054   84.75205775   1.360477638482   -0.109875588645   5623.0000
 "MMM"    1.37640211   1.69245575   96.04309999   1.756828628949   0.265822947605   5624.0000
 "MMM"    0.99055757   1.87205409   93.41345937   1.484638375782   0.068869419757   5625.0000
 "MMM"    0.86522061   1.70604125   102.51662500   1.378398252201   0.195069236515   5626.0000
 "MMM"    0.84666401   1.69958412   124.28775416   1.236210930178   0.426146575852   5627.0000
 "MMM"    1.30986001   1.66582732   86.80067017   1.738621201278   0.075464799084   5628.0000
 "MMM"    0.86740000   1.65174339   81.01385540   1.275358876278   -0.129481787641   5629.0000
 "MMM"    1.04450437   1.61638891   81.48854164   1.466793064098   -0.028337001456   5630.0000
 "MMM"    0.96446195   1.59005736   85.96649422   1.431559225961   0.100572232142   563.0000
 "MMM"    1.26936723   1.90509744   103.19778503   1.663014789634   0.435891149704   5631.0000
 "MMM"    0.94834718   1.68903124   93.79915913   1.454773202377   0.130797392738   5632.0000
 "MMM"    1.11470641   1.63368807   93.74518563   1.633578643746   0.261541236893   5633.0000
 "MMM"    1.24577717   1.67529730   115.91659441   1.597455369358   0.718003021642   5634.0000
 "MMM"    1.07645923   2.04077637   99.67246806   1.547784218775   0.295571560777   5635.0000
 "MMM"    1.12139841   1.67898236   67.86707946   1.295942676055   -0.541382102393   5636.0000
 "MMM"    1.12913319   1.54810595   97.82045302   1.683555452210   0.477686519957   5637.0000
 "MMM"    1.09751369   1.80581263   101.41860381   1.583708214276   0.307822652545   5638.0000
 "MMM"    0.96081235   1.77161760   66.33207488   1.175645090399   -0.572379035095   5639.0000
 "MMM"    0.90589978   1.90555753   100.66114317   1.406851589957   0.126867839696   5640.0000
 "MMM"    0.96446195   1.96618249   96.91808329   1.463178119995   0.124063838420   564.0000
 "MMM"    1.07922770   1.74028753   103.43139918   1.577245383763   0.359308936679   5641.0000
 "MMM"    0.92710484   1.55143903   118.54160245   1.402645710626   0.751554886594   5642.0000
 "MMM"    1.41562428   1.65824174   90.30725337   1.774836822085   0.135807926458   5643.0000
 "MMM"    0.90586188   1.58192234   109.86747302   1.426368969531   0.526139706909   5644.0000
 "MMM"    0.99847886   1.86134569   92.45655613   1.489631693195   0.055723817012   5645.0000
 "MMM"    1.07700600   1.75826917   108.70454912   1.547910072463   0.448124776529   5646.0000
 "MMM"    0.78416288   1.57079387   110.64929672   1.289302423261   0.433094753005   5647.0000
 "MMM"    1.17593194   1.52222408   106.96943468   1.695408701919   0.714088159968   5648.0000
 "MMM"    1.13533499   1.79560960   99.25513729   1.618719846672   0.285641018975   5649.0000
 "MMM"    1.17941099   1.68646336   99.75305705   1.675111565555   0.360106022753   5650.0000
 "MMM"    0.96446195   1.81431134   121.51362239   1.332797280330   0.496451065838   565.0000
 "MMM"    0.90415428   1.69266507   119.70748127   1.334293665818   0.478297859701   5651.0000
 "MMM"    0.90574847   1.45756004   89.58185495   1.415582952679   0.460881825326   5652.0000
 "MMM"    1.12099635   1.95060836   103.19679584   1.572974797403   0.371808480723   5653.0000
 "MMM"    1.02421632   1.70043884   103.91487227   1.536833888896   0.358792152044   5654.0000
 "MMM"    0.93298664   1.84870838   111.02253903   1.393655126966   0.314926159739   5655.0000
 "MMM"    0.80780554   1.73587095   89.32984325   1.289226233878   -0.085346333639   5656.0000
 "MMM"    0.73416889   1.69576459   132.24950962   1.053099420969   0.263592888025   5657.0000
 "MMM"    0.97931320   1.50740472   95.22452843   1.532613763894   0.471562126021   5658.0000
 "MMM"    1.27047465   1.70392938   105.73632082   1.690010677133   0.492669467826   5659.0000
 "MMM"    0.98460899   1.68950995   134.90366251   1.198125391422   0.764423073729   5660.0000
 "MMM"    0.98167118   1.85682255   103.00000000   1.473560737380   0.240884889876   566.0000
 "MMM"    0.86859541   1.84140751   94.97153621   1.373304139206   0.005085301497   5661.0000
 "MMM"    0.90131329   1.67324028   90.89162259   1.392057914114   0.062874049083   5662.0000
 "MMM"    0.94803122   1.91047667   101.37434409   1.443179663365   0.181331787791   5663.0000
 "MMM"    1.05585412   2.08563075   100.15071161   1.529444215996   0.310046293229   5664.0000
 "MMM"    1.28737342   1.51351749   100.40751499   1.768258053293   0.550357814817   5665.0000
 "MMM"    1.02413891   1.96276488   98.16915430   1.512804368217   0.197353315367   5666.0000
 "MMM"    0.94845133   1.63080268   136.65745596   1.163997818169   0.831174607677   5667.0000
 "MMM"    0.93541979   1.86765289   110.51743065   1.395967411828   0.309816779800   5668.0000
 "MMM"    1.19197304   1.68618516   79.70442843   1.577100114036   -0.136480293382   5669.0000
 "MMM"    1.06241630   1.74421703   92.16870131   1.555292262287   0.118076739207   5670.0000
 "MMM"    1.23991653   1.45152596   103.00000000   1.757850173662   0.745078807267   567.0000
 "MMM"    1.29999882   1.67636451   69.83704712   1.501234122875   -0.528455067293   5671.0000
 "MMM"    1.01493054   1.44959558   112.39406385   1.564789996460   0.987333065219   5672.0000
 "MMM"    1.02958526   1.73490583   110.52144478   1.504673447709   0.453020369260   5673.0000
 "MMM"    0.95999745   1.64945861   78.60385682   1.338604367745   -0.157398161911   5674.0000
 "MMM"    0.89529676   1.73833940   134.50465628   1.128640781596   0.527908813818   5675.0000
 "MMM"    1.19204170   1.57937370   103.84463920   1.703184107371   0.556942838962   5676.0000
 "MMM"    0.92593426   1.68462993   103.76583653   1.443258717196   0.292763481631   5677.0000
 "MMM"    0.86465455   1.72631055   117.89086421   1.306172066045   0.365634352413   5678.0000
 "MMM"    1.32810683   1.72114595   109.63816758   1.662345817081   0.569348278361   5679.0000
 "MMM"    1.30769179   1.64778973   111.45832707   1.657908210720   0.636121483990   5680.0000
 "MMM"    1.12574705   1.95719618   103.00000000   1.576419962088   0.372988396471   568.0000
 "MMM"    1.06448648   2.10500517   104.22667274   1.514804382277   0.417792090264   5681.0000
 "MMM"    1.12852273   1.70974766   114.76357693   1.551127116575   0.623534220245   5682.0000
 "MMM"    1.48936723   1.66769789   89.12128710   1.758079054303   0.066369586420   5683.0000
 "MMM"    0.92835363   1.95880389   115.86908734   1.332583870917   0.396254401335   5684.0000
 "MMM"    1.04724182   1.72810741   112.23596691   1.509420177547   0.502182175087   5685.0000
 "MMM"    0.75747066   1.71448532   87.06487806   1.225045550405   -0.142445869865   5686.0000
 "MMM"    1.03519248   1.74233728   79.35487187   1.424214596282   -0.193843217988   5687.0000
 "MMM"    1.05864691   1.68555895   133.20957096   1.272126057259   0.869471316095   5688.0000
 "MMM"    0.95120069   1.64011176   95.59594693   1.470531063465   0.221165369856   5689.0000
 "MMM"    0.98174630   1.44665614   79.98045054   1.408560987414   0.278726533149   5690.0000
 "MMM"    0.96446195   1.84566596   113.72842244   1.401292585259   0.392076570106   569.0000
 "MMM"    0.90189680   1.60677415   88.68662220   1.381608542964   0.106454682848   5691.0000
 "MMM"    0.75052622   1.67590872   135.80428919   1.020997147571   0.338136467865   5692.0000
 "MMM"    1.07156675   1.45656259   96.58371383   1.665369703155   0.656991847204   5693.0000
 "MMM"    0.98107898   2.10552392   92.62179324   1.484130124969   0.094034660435   5694.0000
 "MMM"    0.92535569   1.67887269   99.93898819   1.445210829076   0.235320031602   5695.0000
 "MMM"    0.89545283   1.67271201   97.39401087   1.410470693556   0.175719237834   5696.0000
 "MMM"    0.94849397   1.89386507   93.07238454   1.445833426375   0.031152419785   5697.0000
 "MMM"    0.80689946   1.72111289   122.56274860   1.214263903545   0.321038225582   5698.0000
 "MMM"    0.89956691   1.79377331   97.28772649   1.406517378177   0.085990286225   5699.0000
 "MMM"    0.97837102   1.83506370   118.02520959   1.375656666915   0.469478872629   5700.0000
 "MMM"    1.19690306   1.68888476   109.44859103   1.639557909248   0.566352340125   570.0000
 "MMM"    1.66446195   1.68888476   103.00000000   1.476370639475   0.144635362113   57.0000
 "MMM"    1.14188729   1.61036218   109.56987303   1.632488729924   0.626592545578   5701.0000
 "MMM"    1.28210585   1.70220353   63.81499079   1.329131112634   -0.842531707267   5702.0000
 "MMM"    1.04648286   1.76961239   110.16180596   1.511946112658   0.443652532116   5703.0000
 "MMM"    0.96713268   1.44813454   65.27509263   1.071230050018   -0.237711419993   5704.0000
 "MMM"    0.87862283   1.71845045   127.51745716   1.220970025213   0.479817373437   5705.0000
 "MMM"    1.33969078   1.69001283   115.13734137   1.603995569301   0.688787577107   5706.0000
 "MMM"    0.99140010   1.80797783   96.15497548   1.492968628053   0.133193418394   5707.0000
 "MMM"    1.23480592   2.14044054   101.55201694   1.633685019273   0.493879720114   5708.0000
 "MMM"    1.09150627   1.70968791   86.50364623   1.552893271918   0.018885345213   5709.0000
 "MMM"    1.15207415   1.67092273   129.41957056   1.382990828579   0.936976624104   5710.0000
 "MMM"    1.09493162   1.69838729   103.00000000   1.601701694952   0.386664905565   571.0000
 "MMM"    1.08389670   1.80402478   103.75187565   1.566366582019   0.345505118052   5711.0000
 "MMM"    0.96708064   1.85847593   132.39743525   1.167126673768   0.601755240522   5712.0000
 "MMM"    1.14112362   1.62927644   96.84759129   1.664532052784   0.340653116742   5713.0000
 "MMM"    0.69999490   1.45417174   102.54219600   1.198964130102   0.558519855049   5714.0000
 "MMM"    0.93384712   1.99107130   92.68587491   1.436392771249   0.022291632601   5715.0000
 "MMM"    0.89851766   1.64823361   76.98068194   1.257149546055   -0.208936534882   5716.0000
 "MMM"    1.30271325   1.70449290   93.28363049   1.740935799572   0.212612292924   5717.0000
 "MMM"    1.21482782   1.68915021   89.03152815   1.681307499183   0.117773015085   5718.0000
 "MMM"    0.79268689   1.67810930   124.93330839   1.186619427639   0.373273266551   5719.0000
 "MMM"    0.85963116   1.85646416   109.97092922   1.333585256861   0.206470835678   5720.0000
 "MMM"    1.14671276   1.68888476   73.50384249   1.435272624330   -0.339779855588   572.0000
 "MMM"    0.91015491   1.64715501   107.70842368   1.424674772849   0.385860006151   5721.0000
 "MMM"    0.99795273   1.67153806   80.86755982   1.405907214580   -0.113945136015   5722.0000
 "MMM"    1.01124501   1.76185123   108.02668911   1.496309531416   0.379177018367   5723.0000
 "MMM"    0.86315775   1.66249484   114.92466550   1.339066267575   0.409424511892   5724.0000
 "MMM"    0.96096368   1.55414159   70.82666533   1.204218716345   -0.252013852134   5725.0000
 "MMM"    0.97812171   1.50308915   102.67234299   1.544694408494   0.628891746035   5726.0000
 "MMM"    1.05400770   1.62962115   109.84119612   1.559274930205   0.563970900661   5727.0000
 "MMM"    0.84038665   2.03975430   100.62425719   1.349179526126   0.084989434106   5728.0000
 "MMM"    0.95305991   1.85633589   58.78720087   1.081594891989   -0.795396643993   5729.0000
 "MMM"    0.90972047   1.83434612   100.22536319   1.414295678416   0.129840435287   5730.0000
 "MMM"    1.16583222   1.68888476   103.90268790   1.653938967582   0.442330018797   573.0000
 "MMM"    1.41240949   1.67955482   95.55449798   1.758508692647   0.244288669084   5731.0000
 "MMM"    0.94692881   1.68454071   88.17047437   1.422808267332   0.022521657028   5732.0000
 "MMM"    1.00983814   1.82371393   104.02282142   1.499805836044   0.288437116184   5733.0000
 "MMM"    0.92568308   1.67618685   115.77783895   1.390926802196   0.478562441998   5734.0000
 "MMM"    1.07307083   1.66893732   73.05384757   1.359609337055   -0.332302504595   5735.0000
 "MMM"    1.04358650   1.59916211   122.82465425   1.446096560628   0.834962320326   5736.0000
 "MMM"    0.88986281   2.02350902   97.36417126   1.398780976580   0.077166493578   5737.0000
 "MMM"    1.26724159   1.71205028   97.45507114   1.721555761530   0.306766377462   5738.0000
 "MMM"    0.80415922   1.61361838   117.15663655   1.273468930308   0.442551839520   5739.0000
 "MMM"    0.92233957   1.89617203   89.92571181   1.413516590532   -0.047906647134   5740.0000
 "MMM"    1.13185607   1.68888476   81.29015801   1.541331253828   -0.095092429938   574.0000
 "MMM"    0.89747288   1.59364721   106.29126180   1.425215129840   0.439294881091   5741.0000
 "MMM"    0.97560309   1.67410683   103.02305509   1.497120247854   0.332396433129   5742.0000
 "MMM"    1.13656446   1.54710417   105.04967222   1.674197834444   0.629959540745   5743.0000
 "MMM"    0.93017460   1.53785251   97.20306202   1.471141742538   0.416445641530   5744.0000
 "MMM"    1.04705351   1.77593313   109.12002039   1.517318235764   0.423648401344   5745.0000
 "MMM"    1.12762044   1.68705892   64.32688793   1.218283014262   -0.698134714723   5746.0000
 "MMM"    0.99823640   1.66103102   88.58726035   1.481774665343   0.077609220228   5747.0000
 "MMM"    0.76732554   1.71240625   109.20522473   1.263298708576   0.159249390371   5748.0000
 "MMM"    0.86753336   1.72317481   140.79948481   1.008823862262   0.504331011732   5749.0000
 "MMM"    0.95428301   1.91696747   59.79511063   1.129244857716   -0.748313104236   5750.0000
 "MMM"    1.41953836   1.68888476   95.20426187   1.757459746778   0.230932601989   575.0000
 "MMM"    1.18980229   1.68791702   97.51630564   1.683919076630   0.312600942602   5751.0000
 "MMM"    0.99724338   1.84592174   110.94262611   1.449312855507   0.388967407210   5752.0000
 "MMM"    1.13564665   1.51802156   98.23817550   1.700996178021   0.544683792416   5753.0000
 "MMM"    1.06615723   1.71169718   95.09122171   1.573598635429   0.201858943092   5754.0000
 "MMM"    0.95927211   2.02355988   109.92762643   1.400417656319   0.376117249325   5755.0000
 "MMM"    0.93563295   1.78088553   105.89319454   1.432313788118   0.262382321222   5756.0000
 "MMM"    0.95310614   1.51445967   120.10642616   1.423976106079   0.901765592476   5757.0000
 "MMM"    1.20510428   1.69450102   114.50320383   1.596034580629   0.667835328554   5758.0000
 "MMM"    0.84765273   1.69453851   117.57202196   1.299251457780   0.373971210094   5759.0000
 "MMM"    1.23260765   1.77819447   99.21096763   1.685727556952   0.322990341652   5760.0000
 "MMM"    0.96446195   1.72011441   137.56951398   1.127511110642   0.703177274584   576.0000
 "MMM"    0.92212326   1.95048795   106.82936624   1.396341576788   0.250398307506   5761.0000
 "MMM"    0.95733237   1.62219204   106.99559888   1.481615338048   0.453357182837   5762.0000
 "MMM"    1.00205758   1.70248221   81.12162225   1.412957218990   -0.132102733670   5763.0000
 "MMM"    1.03645879   1.66085358   95.11501754   1.555108996687   0.232822029883   5764.0000
 "MMM"    1.28091156   1.73084199   100.40721501   1.714756380957   0.367151580167   5765.0000
 "MMM"    0.84328851   1.64137065   90.04263834   1.324516697710   0.049170333871   5766.0000
 "MMM"    1.05668725   1.67671237   90.57292915   1.552509455211   0.128482357994   5767.0000
 "MMM"    0.86557499   1.79023416   89.32822487   1.350359551240   -0.075496578755   5768.0000
 "MMM"    0.83609984   1.67052749   143.16860285   0.959581492436   0.539223611401   5769.0000
 "MMM"    0.92887386   1.75828119   77.54039351   1.309498450540   -0.271036569940   5770.0000
 "MMM"    0.96446195   1.81197073   130.46026201   1.212817812840   0.584583567407   577.0000
 "MMM"    1.00104124   1.76191771   97.53579963   1.508314397800   0.183854963484   5771.0000
 "MMM"    0.93887063   2.21532063   90.42137222   1.460373884818   0.061498928995   5772.0000
 "MMM"    1.05987787   1.60888408   90.54012840   1.570850176160   0.206470089625   5773.0000
 "MMM"    0.86233506   1.71176498   90.83532571   1.350498311632   -0.000610339997   5774.0000
 "MMM"    1.00134864   1.64567908   84.68884808   1.453206522691   0.006814176394   5775.0000
 "MMM"    0.90267636   1.60744010   107.84627030   1.424300633172   0.443627522984   5776.0000
 "MMM"    0.92038147   1.76006740   125.98635155   1.261187418929   0.498143458352   5777.0000
 "MMM"    1.03979965   1.73708325   141.56484822   1.081710793573   0.855950729522   5778.0000
 "MMM"    0.94926897   1.61163813   107.11630154   1.475394763403   0.465531758282   5779.0000
 "MMM"    0.96782856   1.87665668   106.44608269   1.445685635321   0.284550512096   5780.0000
 "MMM"    0.77704976   1.72389248   103.00000000   1.285556509568   0.090664321606   578.0000
 "MMM"    0.92595267   1.75155615   119.66158540   1.338672333487   0.450299505607   5781.0000
 "MMM"    0.96125298   1.62224943   132.62327922   1.242428928307   0.828726872712   5782.0000
 "MMM"    0.82991450   1.47697821   108.65480370   1.361670501241   0.704929938545   5783.0000
 "MMM"    1.01808249   1.58689435   93.73913477   1.548330582483   0.295038487780   5784.0000
 "MMM"    0.84202217   1.75143041   114.37094936   1.306031951083   0.275698055174   5785.0000
 "MMM"    0.99548740   1.90344786   103.32454117   1.479498907650   0.260474706314   5786.0000
 "MMM"    1.08357988   2.00322890   99.41289558   1.555568929674   0.280729625187   5787.0000
 "MMM"    1.00156095   1.47549842   89.69200331   1.539864452904   0.442715255231   5788.0000
 "MMM"    1.22224975   1.78421393   104.27905013   1.659797518124   0.431494771778   5789.0000
 "MMM"    0.92749029   1.80059714   101.43409290   1.432547217896   0.176207964254   5790.0000
 "MMM"    0.84390889   1.80701218   103.00000000   1.348588190422   0.110881562300   579.0000
 "MMM"    1.14342709   1.73996564   112.16941839   1.573922549815   0.567577220791   5791.0000
 "MMM"    0.99288944   1.70528249   68.75882354   1.218719667882   -0.482024249868   5792.0000
 "MMM"    0.97375476   1.51748673   85.10527352   1.447363664419   0.223487207936   5793.0000
 "MMM"    1.01149709   1.70250367   112.40072834   1.485762893704   0.492320379755   5794.0000
 "MMM"    0.96089279   1.59343043   87.32128861   1.439422057257   0.124273323393   5795.0000
 "MMM"    0.99711198   1.84301472   92.45328016   1.488699966206   0.056926868522   5796.0000
 "MMM"    1.03194095   2.13153988   104.29422698   1.489816232460   0.405227112351   5797.0000
 "MMM"    1.02141466   1.65156344   66.90661102   1.190651433646   -0.520682915064   5798.0000
 "MMM"    1.04798835   2.04598625   97.83943385   1.530804342048   0.235759217385   5799.0000
 "MMM"    0.91963648   1.76561305   61.37591490   1.067127643914   -0.709865028358   5800.0000
 "MMM"    0.96446195   1.72323207   74.54744024   1.294655738701   -0.321834584239   580.0000
 "MMM"    1.76446195   1.68888476   103.00000000   1.306906319182   -0.008498264074   58.0000
 "MMM"    0.92948600   1.71171811   124.28738801   1.303215889131   0.541781855239   5801.0000
 "MMM"    0.85810910   1.59566447   90.07646499   1.341787210110   0.127629455704   5802.0000
 "MMM"    0.75621858   1.77800767   112.51697167   1.233405804186   0.116145953720   5803.0000
 "MMM"    1.02740796   1.73119307   82.02877855   1.447604615415   -0.121656716439   5804.0000
 "MMM"    0.95520143   2.04735694   85.71423793   1.442118517550   -0.090934749821   5805.0000
 "MMM"    1.12059629   1.80123338   95.70804694   1.606782656219   0.200926435810   5806.0000
 "MMM"    0.84425571   1.70043093   136.52565106   1.072081921211   0.485188136483   5807.0000
 "MMM"    1.16028834   1.49191956   104.97540862   1.707961370231   0.736121688691   5808.0000
 "MMM"    0.88293634   1.78206704   102.69228398   1.389043299826   0.159789004342   5809.0000
 "MMM"    0.92043884   1.80116755   107.51564374   1.408746694737   0.261689412965   5810.0000
 "MMM"    1.03500792   1.68888476   113.67371010   1.500253005211   0.547731951103   581.0000
 "MMM"    0.99912757   1.65472462   84.44802107   1.447611568135   -0.009513226350   5811.0000
 "MMM"    0.76859598   1.61253969   92.44522823   1.254125739441   0.078927660589   5812.0000
 "MMM"    0.94475444   1.45840879   90.50826275   1.476150982077   0.492791688908   5813.0000
 "MMM"    0.93439245   2.02367009   108.55452642   1.390495932083   0.322344263592   5814.0000
 "MMM"    0.94687427   1.65361114   134.12646303   1.197979276823   0.754830032037   5815.0000
 "MMM"    1.45055804   1.65285783   102.77162493   1.698798474702   0.373671324451   5816.0000
 "MMM"    0.95516933   1.60686342   88.74794523   1.442716363456   0.132186095948   5817.0000
 "MMM"    0.93445332   1.99618367   93.41135312   1.437887920488   0.037862551709   5818.0000
 "MMM"    0.98738493   2.04922147   89.75148401   1.481450413759   0.017452451890   5819.0000
 "MMM"    1.12928484   2.02913497   103.99141221   1.565970144230   0.425784316404   5820.0000
 "MMM"    0.96446195   1.88474423   111.03672672   1.414334054539   0.353315732654   582.0000
 "MMM"    0.80738407   1.68811028   96.88285127   1.313830714927   0.076465490839   5821.0000
 "MMM"    0.86650567   1.68110787   144.02236185   0.959572678338   0.584503192234   5822.0000
 "MMM"    1.01251130   1.53981315   95.15002118   1.561561357740   0.409498889161   5823.0000
 "MMM"    0.99089573   1.50685946   96.30044329   1.550734463521   0.499313289080   5824.0000
 "MMM"    1.03667496   1.84048985   109.91673532   1.489361999475   0.413577855968   5825.0000
 "MMM"    0.97265039   2.00778318   86.87252892   1.456197306451   -0.064350456680   5826.0000
 "MMM"    0.93654084   1.74557316   64.08643118   1.112935638953   -0.629071097308   5827.0000
 "MMM"    1.01521330   1.62083154   94.29863291   1.539105942758   0.254624337227   5828.0000
 "MMM"    0.89179795   1.63222109   96.49779928   1.408353298663   0.209165678607   5829.0000
 "MMM"    0.93938494   1.60445584   91.77122579   1.445364551577   0.190950457534   5830.0000
 "MMM"    0.85455870   1.68888476   102.35065939   1.368947248538   0.200085314496   583.0000
 "MMM"    0.79648662   1.70872025   77.09005074   1.180548998944   -0.294919347710   5831.0000
 "MMM"    0.98250409   1.83618445   91.76755612   1.473171102204   0.035044894785   5832.0000
 "MMM"    1.16042487   1.69014057   132.78879050   1.318438150260   0.979604002804   5833.0000
 "MMM"    0.99124897   1.81986026   120.07940365   1.367553200439   0.515710232023   5834.0000
 "MMM"    1.04632750   1.95825804   104.34373686   1.511115806814   0.337690254670   5835.0000
 "MMM"    0.90833747   1.70392837   72.76805069   1.218662335286   -0.362282909522   5836.0000
 "MMM"    1.23721487   2.08063180   103.67812966   1.624472546699   0.512792689258   5837.0000
 "MMM"    0.75370879   1.82089452   105.89413246   1.255145597587   0.029031218052   5838.0000
 "MMM"    1.24096252   1.89813062   101.53644322   1.660236248964   0.385565428847   5839.0000
 "MMM"    0.95951305   1.96095196   130.75526996   1.157306693861   0.630036031063   5840.0000
 "MMM"    0.96446195   1.59484513   82.67351842   1.395807058925   0.015716799662   584.0000
 "MMM"    0.94718104   1.48834750   119.16809272   1.433639455118   0.956642406716   5841.0000
 "MMM"    1.11782751   1.57392506   99.19177505   1.664060744931   0.460936639629   5842.0000
 "MMM"    1.01243197   1.60514683   119.00960840   1.461399438777   0.730134253724   5843.0000
 "MMM"    0.96844723   1.91856789   105.98719046   1.443409990317   0.281726028288   5844.0000
 "MMM"    0.97563048   1.55052712   105.10743185   1.524545610155   0.563373947881   5845.0000
 "MMM"    0.87193548   1.70067140   115.89718127   1.333428422432   0.382002427952   5846.0000
 "MMM"    1.12692428   1.48220486   99.88655221   1.706543687074   0.658470340111   5847.0000
 "MMM"    0.86426918   1.71098924   98.53255668   1.376102978350   0.129354187285   5848.0000
 "MMM"    1.10745522   1.67329162   145.38325104   1.050957161272   1.116820799909   5849.0000
 "MMM"    1.34258474   1.69786060   105.24302365   1.705368466814   0.476155294012   5850.0000
 "MMM"    1.28264774   1.53756959   103.00000000   1.747312466059   0.570552748442   585.0000
 "MMM"    0.97206722   1.63360213   79.97054244   1.368646024939   -0.102304382944   5851.0000
 "MMM"    1.03768185   1.58354159   112.05288654   1.546189030410   0.666154565755   5852.0000
 "MMM"    0.83316888   1.70105598   98.91040378   1.344251761627   0.116425820731   5853.0000
 "MMM"    0.76778044   1.75945315   91.63534982   1.262089568868   -0.099331581481   5854.0000
 "MMM"    0.94911604   1.68979777   95.35325055   1.460778982843   0.159787907510   5855.0000
 "MMM"    0.92837346   1.69343868   118.56477504   1.366229920262   0.496396147660   5856.0000
 "MMM"    1.09724789   1.70707638   110.43418864   1.566355507655   0.524160497554   5857.0000
 "MMM"    0.96086210   1.73577325   115.13084019   1.412774625619   0.451163634968   5858.0000
 "MMM"    0.89475255   1.54305376   112.67346947   1.410311001035   0.646459031571   5859.0000
 "MMM"    0.86361688   1.54115110   100.64283135   1.396789909677   0.427123659566   5860.0000
 "MMM"    0.94538759   1.68888476   69.20168653   1.187136834949   -0.451524964449   586.0000
 "MMM"    0.87327310   1.78068999   101.76230305   1.380845663404   0.136972457950   5861.0000
 "MMM"    1.40022706   1.61305399   102.08002080   1.727687353210   0.409388896342   5862.0000
 "MMM"    1.19329623   1.66119947   95.40813537   1.693329407929   0.286532354744   5863.0000
 "MMM"    0.88981481   1.97651931   104.24837303   1.379113431987   0.178952559327   5864.0000
 "MMM"    0.94633311   1.86682200   125.95387098   1.248925442922   0.511774369885   5865.0000
 "MMM"    1.08353315   1.72694384   98.63725956   1.590681057439   0.273871202046   5866.0000
 "MMM"    0.96412112   1.54136775   99.91471877   1.516373307204   0.479093499320   5867.0000
 "MMM"    0.99645460   1.53497974   132.38078046   1.298484972197   1.104134517879   5868.0000
 "MMM"    0.98519046   1.82639116   105.96655248   1.470384520072   0.298462266260   5869.0000
 "MMM"    1.01098130   1.48848636   109.97698076   1.563317180873   0.824169579743   5870.0000
 "MMM"    1.31840478   1.52328336   103.00000000   1.746608445731   0.563557106282   587.0000
 "MMM"    1.36083098   1.66800529   115.66707431   1.594486404063   0.696569533935   5871.0000
 "MMM"    1.03438997   1.49445834   98.55718803   1.610709943793   0.590316122389   5872.0000
 "MMM"    0.97656742   1.93358194   109.04372387   1.430683271702   0.344858740646   5873.0000
 "MMM"    0.97586149   1.61752531   83.69775863   1.418004056236   0.010729392747   5874.0000
 "MMM"    1.05172868   1.65922769   136.17950280   1.226130902809   0.939255435792   5875.0000
 "MMM"    0.90888651   1.71421445   115.22074410   1.370222769418   0.407492591721   5876.0000
 "MMM"    1.01702538   1.62221680   109.99910985   1.527875888028   0.551647596538   5877.0000
 "MMM"    1.00834451   1.74334698   72.62296670   1.305364839186   -0.382863167854   5878.0000
 "MMM"    0.95014138   1.87754367   84.27604180   1.407758239335   -0.142876951774   5879.0000
 "MMM"    0.95247282   2.09109028   88.01636030   1.453088584773   -0.031285708296   5880.0000
 "MMM"    1.05213757   1.68888476   135.14712109   1.233157162651   0.879194559219   588.0000
 "MMM"    0.85745733   1.71612596   111.10904517   1.345071704053   0.291115323584   5881.0000
 "MMM"    1.01030808   1.61027235   119.01615702   1.457956534936   0.719094616541   5882.0000
 "MMM"    1.01991737   1.74281773   137.30389122   1.154320975148   0.780075093404   5883.0000
 "MMM"    1.03794885   1.78647572   89.35569101   1.515254694723   0.027587582361   5884.0000
 "MMM"    0.98607915   1.62834342   74.78051411   1.306034197479   -0.235814165902   5885.0000
 "MMM"    1.19063719   1.69928395   97.28785680   1.681473488520   0.300403709598   5886.0000
 "MMM"    1.08174719   1.76622608   103.61303081   1.572944791416   0.352544823479   5887.0000
 "MMM"    0.87840264   1.96660960   99.19154183   1.384110260939   0.081944971738   5888.0000
 "MMM"    0.81425840   1.62804372   120.73165695   1.254531432546   0.464584512245   5889.0000
 "MMM"    0.95053671   1.75854926   107.95439400   1.442165976200   0.320757027983   5890.0000
 "MMM"    1.22042088   1.65013977   103.00000000   1.699979567753   0.463609011945   589.0000
 "MMM"    1.09418443   1.80406713   96.06364935   1.585058647550   0.195181859883   5891.0000
 "MMM"    1.10421226   1.90241337   105.95747511   1.553435117983   0.404217757616   5892.0000
 "MMM"    0.95368370   1.54998671   123.94170559   1.374820134035   0.870443920018   5893.0000
 "MMM"    1.04088731   1.66636561   66.98985933   1.210446330826   -0.535207964981   5894.0000
 "MMM"    1.00752244   1.86321613   104.12663188   1.491685490171   0.284154286681   5895.0000
 "MMM"    1.01936210   1.69502431   129.70787516   1.302244525933   0.756412288704   5896.0000
 "MMM"    1.25223351   1.43643260   104.92088041   1.743224804489   0.801210942443   5897.0000
 "MMM"    0.87414807   1.64989680   123.48261937   1.280831367039   0.539683250098   5898.0000
 "MMM"    1.03778593   1.74931574   125.08568319   1.360760930349   0.672013132622   5899.0000
 "MMM"    1.00557399   1.66146278   81.77466015   1.424774228452   -0.079764195636   5900.0000
 "MMM"    0.96446195   1.83741225   111.80173763   1.417532556235   0.365338922434   590.0000
 "MMM"    1.86446195   1.68888476   103.00000000   1.119610104906   -0.169463800050   59.0000
 "MMM"    1.34486789   1.69437019   116.19856195   1.588114748879   0.708531157365   5901.0000
 "MMM"    1.03893558   1.93610092   108.86141675   1.480974925895   0.409402455915   5902.0000
 "MMM"    0.78962710   1.65111400   87.18717711   1.249327327021   -0.049179186976   5903.0000
 "MMM"    0.93054255   1.57616086   86.26796383   1.396803093912   0.118522401529   5904.0000
 "MMM"    0.96268324   1.97371236   103.23222697   1.446300757923   0.241039465484   5905.0000
 "MMM"    0.93882998   1.57881846   113.21769508   1.445647333457   0.616650980266   5906.0000
 "MMM"    1.01382579   1.81306362   91.13764784   1.500307032574   0.045781626859   5907.0000
 "MMM"    0.86903730   1.61939737   80.63597718   1.269447131111   -0.096389508800   5908.0000
 "MMM"    0.96147847   1.72660859   118.20721970   1.389388593916   0.500485662662   5909.0000
 "MMM"    0.95484987   1.67412137   90.50075266   1.447004116279   0.084417685784   5910.0000
 "MMM"    1.31438715   1.53085109   103.00000000   1.746839903177   0.557725825715   591.0000
 "MMM"    0.98337607   1.75894357   122.93745507   1.346934252479   0.564291957533   5911.0000
 "MMM"    0.98562025   1.68528379   115.66810642   1.443851130229   0.534294334278   5912.0000
 "MMM"    0.92217796   1.80961703   79.41806778   1.333129067290   -0.248846025909   5913.0000
 "MMM"    1.09834612   1.65595063   133.50321709   1.298187218529   0.970072123229   5914.0000
 "MMM"    0.98348902   1.90223918   139.88169691   1.021035646928   0.698549109816   5915.0000
 "MMM"    0.99676470   1.75502944   112.81677914   1.456318999055   0.445193075499   5916.0000
 "MMM"    1.01044796   1.85723485   116.45413506   1.410285678833   0.488220270035   5917.0000
 "MMM"    0.94957895   1.93084725   87.98538792   1.433151582672   -0.066839720582   5918.0000
 "MMM"    1.14712175   1.70207765   65.92043689   1.274082553289   -0.643455156905   5919.0000
 "MMM"    0.95444481   1.73181016   123.61091110   1.325155501455   0.551295785312   5920.0000
 "MMM"    1.03703048   1.68888476   75.51378509   1.369302869060   -0.268535627780   592.0000
 "MMM"    1.05582339   1.64797494   92.79737466   1.568893376161   0.205956954788   5921.0000
 "MMM"    0.84180883   1.77717558   94.78323717   1.345367237618   0.003181709270   5922.0000
 "MMM"    0.87081774   1.87946010   95.41278135   1.376963359528   0.007922455797   5923.0000
 "MMM"    1.26627158   1.70633400   96.50464825   1.723766441478   0.287634447564   5924.0000
 "MMM"    1.26257017   1.68160836   78.18811858   1.618952762130   -0.184889496961   5925.0000
 "MMM"    1.08381664   1.67672935   107.74742362   1.580789784742   0.490317871240   5926.0000
 "MMM"    1.25598262   2.00100985   102.61896977   1.647687729890   0.454393203655   5927.0000
 "MMM"    0.82783487   1.69117426   84.07806980   1.269684034143   -0.127124493364   5928.0000
 "MMM"    1.12973918   1.64778187   88.25413369   1.615404169005   0.122452922822   5929.0000
 "MMM"    1.07643200   1.72510819   77.52015270   1.436743737602   -0.230046883007   5930.0000
 "MMM"    0.83693024   1.68888476   111.82067653   1.325393754868   0.304267556442   593.0000
 "MMM"    0.97807789   1.43681750   95.90523899   1.558722775912   0.684451273713   5931.0000
 "MMM"    0.92916351   1.57236363   79.53255662   1.317656765992   -0.033628992247   5932.0000
 "MMM"    0.80662079   1.76684955   92.82926216   1.304754028065   -0.051938257576   5933.0000
 "MMM"    0.91039250   1.75463941   113.98825351   1.371494024326   0.360344793665   5934.0000
 "MMM"    1.08365048   1.71686321   66.25661242   1.237368886311   -0.602019400671   5935.0000
 "MMM"    1.07061220   1.78625302   114.90974810   1.488193201144   0.540423233720   5936.0000
 "MMM"    0.81065883   1.67570574   95.41711152   1.313545145602   0.071375653207   5937.0000
 "MMM"    1.45057782   1.71649367   114.97255824   1.557342043227   0.628911609504   5938.0000
 "MMM"    0.94812266   1.77356062   132.10804550   1.190020812945   0.584508706734   5939.0000
 "MMM"    0.99319787   1.44004176   79.84845906   1.424525212879   0.295805221711   5940.0000
 "MMM"    0.96446195   1.70909283   114.73353984   1.425919652642   0.472723146552   594.0000
 "MMM"    0.83673910   1.70009656   134.04062759   1.104689370189   0.463018362338   5941.0000
 "MMM"    0.95730963   1.60564490   109.98627285   1.474462596352   0.530073099875   5942.0000
 "MMM"    1.30080015   1.69553024   138.85315640   1.182509087995   1.156735784488   5943.0000
 "MMM"    0.87033460   1.69986649   68.65344946   1.129003923335   -0.468687784892   5944.0000
 "MMM"    0.91334359   1.77303526   134.25813878   1.133425031127   0.530348521913   5945.0000
 "MMM"    0.92496778   1.67840062   78.84667450   1.309808975397   -0.187680351422   5946.0000
 "MMM"    0.98215980   1.57195544   110.72681258   1.505261187936   0.625199047339   5947.0000
 "MMM"    1.21033092   1.55421314   104.39153558   1.716875554301   0.602331611084   5948.0000
 "MMM"    1.10869969   1.64862353   118.45506412   1.522095605967   0.734384780278   5949.0000
 "MMM"    0.95576045   1.71793835   138.19226557   1.111807023802   0.692614550048   5950.0000
 "MMM"    1.19496072   1.68888476   86.23874728   1.647575226435   0.045315402401   595.0000
 "MMM"    1.21297121   1.67528216   61.27047065   1.199502450615   -0.923549108623   5951.0000
 "MMM"    1.01019936   1.54578355   101.97690423   1.567343592776   0.532801411209   5952.0000
 "MMM"    0.97867809   1.67045815   79.55162561   1.370313436928   -0.150424274070   5953.0000
 "MMM"    0.95202297   2.06571149   124.16986999   1.231397019803   0.634936973452   5954.0000
 "MMM"    1.16156923   1.67876139   106.90031690   1.639939127336   0.509771600887   5955.0000
 "MMM"    0.97063427   1.94714333   122.18764717   1.294281691197   0.538136643365   5956.0000
 "MMM"    1.07450681   1.64603507   77.75181200   1.441582202021   -0.164661825670   5957.0000
 "MMM"    1.21932826   1.85277968   100.93436026   1.659008112186   0.355897731606   5958.0000
 "MMM"    1.28132104   1.59572908   102.52364997   1.738088068325   0.495200349372   5959.0000
 "MMM"    0.90323704   1.95461660   102.58318335   1.397858054010   0.161729656551   5960.0000
 "MMM"    0.77920873   1.71407888   103.00000000   1.288049162786   0.102752080011   596.0000
 "MMM"    1.04336462   1.81252784   116.21150207   1.448736986552   0.526534934167   5961.0000
 "MMM"    1.04107511   1.81499986   107.04040238   1.515289757667   0.370891993663   5962.0000
 "MMM"    1.24174801   1.65306289   103.64738646   1.705549966387   0.475874860959   5963.0000
 "MMM"    1.13260713   1.67325680   77.03857762   1.484598694931   -0.209946554334   5964.0000
 "MMM"    0.96230201   1.87770370   113.62638353   1.393922014171   0.388106816692   5965.0000
 "MMM"    1.20307366   1.57422863   105.44095602   1.702048152892   0.596626780297   5966.0000
 "MMM"    0.90095136   1.48049310   108.64537793   1.448594308365   0.753756263839   5967.0000
 "MMM"    1.00268753   1.78169462   83.41731079   1.439560753359   -0.119248542846   5968.0000
 "MMM"    0.89036263   1.54733951   89.33038291   1.378127708407   0.221005176595   5969.0000
 "MMM"    0.97349982   1.80131471   103.74652550   1.471295677268   0.256777849566   5970.0000
 "MMM"    0.96446195   2.05018291   90.61304356   1.464129959089   0.019552327952   597.0000
 "MMM"    1.05874232   1.74529434   106.32160303   1.548648025241   0.397106769367   5971.0000
 "MMM"    1.01756930   1.75932600   70.28530300   1.277412389800   -0.458214311751   5972.0000
 "MMM"    1.12338486   2.05740067   104.21946461   1.558309603775   0.440348966266   5973.0000
 "MMM"    1.11261402   1.71565910   140.04137921   1.150312135964   0.994567422958   5974.0000
 "MMM"    1.00049357   1.59904986   91.25471138   1.512700638408   0.216218031554   5975.0000
 "MMM"    0.94806331   1.56349701   61.61966106   0.997345179289   -0.588706251325   5976.0000
 "MMM"    1.02907079   1.61157544   118.24634938   1.480324144112   0.721215126975   5977.0000
 "MMM"    1.13731638   1.52795576   100.21922116   1.696222946510   0.566064408826   5978.0000
 "MMM"    0.94989347   1.72625264   102.74867185   1.462163119290   0.259216854660   5979.0000
 "MMM"    1.13933314   1.69153660   124.66782327   1.444240710650   0.822913021548   5980.0000
 "MMM"    0.96446195   1.83161783   119.69149402   1.348362499580   0.471769488266   598.0000
 "MMM"    0.85823460   1.60978510   119.86867500   1.308691953987   0.554187014796   5981.0000
 "MMM"    1.17334575   1.73733686   106.62245091   1.632031671932   0.474658531453   5982.0000
 "MMM"    0.75711552   1.48135184   105.47678981   1.273269547979   0.571753598052   5983.0000
 "MMM"    1.24011757   1.61601604   99.82191995   1.730690596966   0.426394730949   5984.0000
 "MMM"    0.97213815   1.75355079   88.38798026   1.447879597103   -0.010699550880   5985.0000
 "MMM"    1.11805333   2.05528541   104.64591686   1.552232736102   0.444717328163   5986.0000
 "MMM"    1.35090587   1.69955295   103.80581094   1.715696937935   0.442435114734   5987.0000
 "MMM"    1.04323152   1.79478265   118.17507831   1.433572233841   0.560538987823   5988.0000
 "MMM"    1.01692728   1.85012779   103.73183927   1.502995831367   0.286094686786   5989.0000
 "MMM"    0.95012640   1.54857746   99.24558227   1.497183919886   0.443284643024   5990.0000
 "MMM"    1.37802705   1.72104615   103.00000000   1.716826444335   0.413684547600   599.0000
 "MMM"    1.04541467   1.84505911   109.28675926   1.499504574738   0.410918950907   5991.0000
 "MMM"    1.39809357   1.61900270   106.63766184   1.687495308134   0.499621843916   5992.0000
 "MMM"    0.87573530   1.80346908   90.12244461   1.364619806918   -0.059605309822   5993.0000
 "MMM"    1.01309775   1.62637589   58.85103771   0.993209003844   -0.817613500004   5994.0000
 "MMM"    1.05038785   1.46325125   104.19712603   1.634432339621   0.790846239598   5995.0000
 "MMM"    1.23627588   1.67959443   100.33975541   1.708997776355   0.386276548822   5996.0000
 "MMM"    0.97684044   1.81767522   110.15346266   1.442912787718   0.358387384571   5997.0000
 "MMM"    0.95122180   1.80614905   130.42005442   1.206922758823   0.562301781012   5998.0000
 "MMM"    0.99151748   1.72228933   72.22436692   1.281310428854   -0.384991335598   5999.0000
 "MMM"    0.86712302   1.70001289   71.80160027   1.171903136253   -0.388337186696   6000.0000
 "MMM"    1.00967418   1.68888476   98.47416439   1.529219537181   0.257796281917   600.0000
 "MMM"    1.96446195   1.68888476   103.00000000   0.937676725626   -0.320717536824   60.0000
 "MMM"    0.94946195   1.68888476   103.00000000   1.467735550791   0.295922087502   6.0000
 "MMM"    1.01796809   1.51299602   91.46638657   1.559005421699   0.391655443191   6001.0000
 "MMM"    1.20387481   1.66332859   97.18034180   1.700403374481   0.325510858047   6002.0000
 "MMM"    0.92803476   1.68529528   63.83797115   1.078784914913   -0.610347110090   6003.0000
 "MMM"    1.46185906   1.69492173   86.61087262   1.763217013279   0.014417092709   6004.0000
 "MMM"    0.99077196   1.70652497   131.14321121   1.257202932973   0.714252492499   6005.0000
 "MMM"    0.95125988   1.51991065   94.64807209   1.491839149104   0.418018784898   6006.0000
 "MMM"    0.92176803   1.62902604   129.37228903   1.257059210109   0.714889585984   6007.0000
 "MMM"    1.16401024   1.50700131   102.38604085   1.716976785610   0.651002290954   6008.0000
 "MMM"    1.12182608   1.73604544   107.53509724   1.593713085960   0.467100898472   6009.0000
 "MMM"    0.93051407   1.74410684   114.37005215   1.389425643351   0.397947423892   6010.0000
 "MMM"    0.96446195   1.53386676   114.12744839   1.478358241070   0.755468882013   601.0000
 "MMM"    0.85330256   2.06087271   107.39236351   1.329792674058   0.221075274745   6011.0000
 "MMM"    1.02887979   1.65714723   111.68258896   1.518445544454   0.543429230681   6012.0000
 "MMM"    0.97205709   1.93319764   84.77203841   1.436482599809   -0.120433276450   6013.0000
 "MMM"    0.93438637   1.78625522   105.04110474   1.433081473109   0.245628394953   6014.0000
 "MMM"    1.03036949   1.63930403   121.49955649   1.438382348211   0.731659933096   6015.0000
 "MMM"    0.85112281   2.01459477   102.35370666   1.352274293823   0.115967181925   6016.0000
 "MMM"    1.19475274   1.65654902   87.02457303   1.662498366901   0.091616936515   6017.0000
 "MMM"    1.07788934   1.57564190   98.49180848   1.626637733395   0.433569078591   6018.0000
 "MMM"    1.15058027   1.98434291   102.63907347   1.591725163781   0.391356419180   6019.0000
 "MMM"    0.96919977   1.70141834   78.36203888   1.347868029961   -0.207998739198   6020.0000
 "MMM"    0.96446195   1.58372458   127.23482553   1.334190479079   0.850190912078   602.0000
 "MMM"    1.03578315   1.82370230   104.86651327   1.519072780607   0.325831031906   6021.0000
 "MMM"    0.87839392   1.64692715   119.95240918   1.319308069197   0.512695074664   6022.0000
 "MMM"    0.96197900   1.66817604   59.31920874   0.998822715213   -0.775633705052   6023.0000
 "MMM"    0.96535550   1.67792788   127.23201230   1.305379707098   0.671131266421   6024.0000
 "MMM"    1.00912052   1.56988827   123.23473610   1.424446310743   0.869504477497   6025.0000
 "MMM"    1.02352220   1.67107748   117.30544285   1.465743151133   0.615145232265   6026.0000
 "MMM"    1.09702068   1.79171406   99.26437778   1.589342832779   0.266733422170   6027.0000
 "MMM"    0.94774520   1.51540851   103.51193752   1.505088675106   0.597290412295   6028.0000
 "MMM"    1.00156952   1.68641058   115.10042366   1.461861012967   0.541130279872   6029.0000
 "MMM"    0.90156023   1.56225429   106.72330482   1.435427823769   0.512448113918   6030.0000
 "MMM"    0.94423529   1.68888476   90.23392549   1.433153052098   0.059085596159   603.0000
 "MMM"    1.00621403   1.89924180   115.16883475   1.410000661536   0.469223650246   6031.0000
 "MMM"    1.25568040   1.69884529   102.22505469   1.705661748059   0.418118812610   6032.0000
 "MMM"    0.87520534   1.72678821   72.15730718   1.190836888864   -0.395687574021   6033.0000
 "MMM"    0.80816430   1.86339752   97.23976199   1.318545785295   -0.024004619613   6034.0000
 "MMM"    0.96590642   1.61031814   122.68036981   1.382296684363   0.728061935281   6035.0000
 "MMM"    1.06555695   1.62375960   90.02083775   1.569663339766   0.176508088854   6036.0000
 "MMM"    0.94172779   1.57310351   69.89561401   1.170604138079   -0.308198053030   6037.0000
 "MMM"    0.93767508   2.06542809   116.65891056   1.316996007978   0.491092222751   6038.0000
 "MMM"    0.97036439   1.70836115   68.73389515   1.202683379158   -0.480367847665   6039.0000
 "MMM"    1.26598319   1.69667369   127.92533276   1.414299205413   0.948102421267   6040.0000
 "MMM"    0.84199212   1.68888476   82.96088741   1.273837062547   -0.139170747537   604.0000
 "MMM"    0.95459773   2.10261463   130.76523911   1.121735336977   0.789041297253   6041.0000
 "MMM"    1.03726535   1.68483918   122.02280332   1.421986818061   0.686589447306   6042.0000
 "MMM"    1.03322605   1.66239321   115.65736142   1.490902753355   0.608042358147   6043.0000
 "MMM"    0.85640744   2.11845417   106.96146576   1.334848016376   0.254411852724   6044.0000
 "MMM"    0.96790543   1.49354950   98.88933876   1.533487435783   0.575177743058   6045.0000
 "MMM"    1.04058989   1.70697421   88.78662732   1.520887708286   0.057729834465   6046.0000
 "MMM"    1.21623438   1.68240570   106.54687316   1.670313721922   0.514889581538   6047.0000
 "MMM"    1.03077745   1.60502861   113.22894313   1.525535531082   0.645891698316   6048.0000
 "MMM"    1.15979706   2.08467502   103.49820905   1.583892928353   0.464442904308   6049.0000
 "MMM"    0.86503093   1.74701941   85.39570586   1.322599689082   -0.124963914461   6050.0000
 "MMM"    1.23718921   1.68888476   100.93853401   1.705066055077   0.393884848167   605.0000
 "MMM"    1.06662633   1.76572651   119.17844071   1.447747693934   0.612667808140   6051.0000
 "MMM"    1.03669236   1.69022642   149.27196942   0.928785479680   0.975272002078   6052.0000
 "MMM"    1.01014605   1.70743516   132.57183988   1.246401428135   0.759194273589   6053.0000
 "MMM"    0.88827056   1.83942852   105.00469860   1.383499269806   0.178734091946   6054.0000
 "MMM"    1.07146349   1.53886718   110.04337978   1.601678300730   0.731053440391   6055.0000
 "MMM"    1.09919968   1.65812190   96.44679351   1.619134459051   0.289240603527   6056.0000
 "MMM"    1.01873550   1.64073491   64.79870221   1.140121223516   -0.590224367149   6057.0000
 "MMM"    1.05175819   1.73989892   102.55752124   1.555987393246   0.324991017972   6058.0000
 "MMM"    1.33641469   1.69089743   120.54367417   1.527381231462   0.801113196090   6059.0000
 "MMM"    0.96312918   1.50435894   133.62526071   1.260699023494   1.182271864813   6060.0000
 "MMM"    0.83637350   1.89492156   103.00000000   1.337981552004   0.084758770968   606.0000
 "MMM"    0.81758457   1.63457978   120.35690846   1.259713170612   0.453055438705   6061.0000
 "MMM"    1.06592730   1.70882405   123.66219035   1.412376704968   0.718655257970   6062.0000
 "MMM"    0.95336085   1.82953145   126.66919387   1.255102955781   0.529673414641   6063.0000
 "MMM"    0.88493135   1.72876848   102.44946172   1.396493093778   0.192985421560   6064.0000
 "MMM"    0.92882897   1.73696891   95.88660593   1.436751232814   0.116931230933   6065.0000
 "MMM"    0.82658256   1.69704544   113.37564374   1.305780188228   0.298286957028   6066.0000
 "MMM"    0.95835598   1.55820232   76.83213542   1.310024755886   -0.076717650414   6067.0000
 "MMM"    0.96464303   1.46822874   139.05401092   1.173200231006   1.422430139213   6068.0000
 "MMM"    0.96573790   1.50812517   79.84117320   1.370700970035   0.109522317095   6069.0000
 "MMM"    1.42995165   1.84086937   102.24527022   1.701388967168   0.401671415677   6070.0000
 "MMM"    0.67427139   1.76969838   103.00000000   1.185693530533   -0.074632328326   607.0000
 "MMM"    1.31741462   1.69365695   102.34344067   1.723643256911   0.419611421018   6071.0000
 "MMM"    0.88026357   1.54696351   106.12932309   1.415070897483   0.518625732096   6072.0000
 "MMM"    0.88516989   1.70329532   134.37849915   1.134104694759   0.554533801426   6073.0000
 "MMM"    0.80457725   1.67340779   100.83519096   1.316485886540   0.147551834339   6074.0000
 "MMM"    1.02823422   1.80290475   117.78120708   1.424536979698   0.534958264321   6075.0000
 "MMM"    0.92807638   1.70276062   63.74098119   1.084253725392   -0.622205338019   6076.0000
 "MMM"    0.91731462   1.72290660   104.54637546   1.426928714677   0.260844123054   6077.0000
 "MMM"    0.92421046   1.72294737   114.27932887   1.389150221169   0.406335570611   6078.0000
 "MMM"    0.88774620   1.76041994   98.22858478   1.397110213850   0.107951218875   6079.0000
 "MMM"    0.95339800   2.08886206   83.16092894   1.435559644877   -0.136004871831   6080.0000
 "MMM"    1.01288721   1.68888476   63.17342845   1.115807115345   -0.674528467670   608.0000
 "MMM"    0.91003988   2.15255720   110.52455003   1.350684817018   0.414049823047   6081.0000
 "MMM"    1.00226672   1.63628310   69.68166711   1.229148539309   -0.405206211140   6082.0000
 "MMM"    0.94357121   1.65575793   112.42395164   1.435434302186   0.478205189230   6083.0000
 "MMM"    1.08560294   2.14769572   105.09185078   1.522237513395   0.481836955953   6084.0000
 "MMM"    1.12722288   1.69454008   142.97420859   1.100598909472   1.081612213038   6085.0000
 "MMM"    0.93771826   1.58390144   106.03254978   1.472440620222   0.486723234424   6086.0000
 "MMM"    1.28817198   1.68253108   120.32322755   1.540393337510   0.806657926944   6087.0000
 "MMM"    0.98025695   1.57535900   118.08420464   1.450990550875   0.742660746438   6088.0000
 "MMM"    1.16245483   1.59630813   107.79079002   1.660579137160   0.613682547928   6089.0000
 "MMM"    0.76642123   1.49203948   103.53046656   1.284039740369   0.519030383124   6090.0000
 "MMM"    0.92639136   1.68888476   86.63080387   1.389834010780   -0.023356042475   609.0000
 "MMM"    1.17924049   1.73136151   113.52205041   1.583538422000   0.618008653904   6091.0000
 "MMM"    0.91224048   1.79204731   91.24510739   1.404147337416   -0.008757707643   6092.0000
 "MMM"    1.03561808   1.70957665   105.42179411   1.540746585222   0.386974244161   6093.0000
 "MMM"    1.00130934   1.57378198   103.53839963   1.547929966994   0.503536829547   6094.0000
 "MMM"    0.82731462   1.71960515   118.53278467   1.267991713142   0.323725875245   6095.0000
 "MMM"    0.99264340   1.81291184   60.04557409   1.096505412963   -0.783592271939   6096.0000
 "MMM"    1.03967640   1.67371026   110.08328607   1.532606314191   0.505533158990   6097.0000
 "MMM"    1.17313375   1.62045884   102.65919221   1.683634103108   0.479880090941   6098.0000
 "MMM"    0.85209995   1.73379500   77.78014544   1.241072896450   -0.276853061043   6099.0000
 "MMM"    0.77491518   1.66679742   115.53833592   1.246529589043   0.290520226259   6100.0000
 "MMM"    0.96446195   1.55131726   94.32493951   1.498414715816   0.349175103279   610.0000
 "MMM"    0.96446195   1.68388476   103.00000000   1.483920210480   0.313119742768   61.0000
 "MMM"    1.41981197   1.64503910   104.66043325   1.697332551445   0.436779429165   6101.0000
 "MMM"    0.99753629   1.73167685   89.02405675   1.477658954660   0.027840695451   6102.0000
 "MMM"    1.01497519   1.77318534   123.77948347   1.354524461606   0.610562190034   6103.0000
 "MMM"    1.18258661   1.83571285   101.89175198   1.637164682016   0.361011627453   6104.0000
 "MMM"    0.98660063   2.00200523   88.62618151   1.473617703161   -0.019301634191   6105.0000
 "MMM"    0.89974396   1.88296050   99.63851671   1.403439967070   0.104106817109   6106.0000
 "MMM"    0.95875969   1.55645581   96.21179607   1.497835423595   0.373581991141   6107.0000
 "MMM"    0.85054132   1.86933097   97.92482268   1.358594274661   0.029005427760   6108.0000
 "MMM"    1.03331273   2.17429878   98.26406458   1.520192424619   0.295505739001   6109.0000
 "MMM"    0.89778183   1.76132857   86.29112400   1.361781867990   -0.097286727906   6110.0000
 "MMM"    0.96446195   1.69905492   137.23284891   1.141289985151   0.731713018068   611.0000
 "MMM"    0.97466221   1.98909634   143.35508534   0.912187723268   0.803742583045   6111.0000
 "MMM"    1.04768497   1.74991595   115.58531282   1.475961689969   0.544212548709   6112.0000
 "MMM"    1.10686106   1.83314836   101.48451061   1.586028989907   0.311383140347   6113.0000
 "MMM"    0.95026985   1.94143386   77.05336832   1.360559107887   -0.300761309243   6114.0000
 "MMM"    0.89458101   1.53696658   116.02467557   1.391525892152   0.714482917836   6115.0000
 "MMM"    0.89767477   1.72557279   75.44982983   1.251089020777   -0.311104525909   6116.0000
 "MMM"    1.01577693   1.83456671   107.69209112   1.487083124653   0.355882786401   6117.0000
 "MMM"    0.81215435   1.68840950   60.15411107   0.964439548283   -0.682640564476   6118.0000
 "MMM"    0.99115805   1.54826403   121.82178541   1.431945905671   0.878611073262   6119.0000
 "MMM"    0.90229959   1.61043370   106.13114525   1.427571901562   0.411215123617   6120.0000
 "MMM"    1.08758838   1.62015116   103.00000000   1.617795343144   0.462786802607   612.0000
 "MMM"    1.06824703   1.65283430   86.21084741   1.536769137369   0.054041591289   6121.0000
 "MMM"    0.99808492   1.82327392   115.38290816   1.419432902029   0.459649219882   6122.0000
 "MMM"    0.95311224   1.85531480   115.41127328   1.375726361410   0.400036192072   6123.0000
 "MMM"    0.93684159   1.58147996   137.29981975   1.158896103486   0.947919564379   6124.0000
 "MMM"    1.05899210   1.68376220   111.50085232   1.536820203199   0.535354865653   6125.0000
 "MMM"    0.99812362   1.66089609   88.92764693   1.484109246150   0.085139880846   6126.0000
 "MMM"    0.98835183   1.80976437   100.30641302   1.490387704552   0.207279743615   6127.0000
 "MMM"    1.05453552   1.75243314   86.51885497   1.513977806559   -0.016305843317   6128.0000
 "MMM"    0.96579691   1.59721361   108.31793437   1.492251315426   0.523616630902   6129.0000
 "MMM"    0.93034728   1.81079199   131.98039841   1.167870584864   0.532645182696   6130.0000
 "MMM"    0.96446195   1.53508306   132.09761088   1.278436879288   1.057433895779   613.0000
 "MMM"    0.97215888   1.76486380   132.68100907   1.199345191871   0.638417834013   6131.0000
 "MMM"    0.94688230   1.56366899   112.96460962   1.459433074869   0.651838191768   6132.0000
 "MMM"    1.05097642   1.60466653   107.98635417   1.573690154745   0.563443234965   6133.0000
 "MMM"    0.98462819   1.84080533   123.17376623   1.319676415399   0.541846379800   6134.0000
 "MMM"    0.92521319   1.69865078   110.60235505   1.417558514114   0.380882639468   6135.0000
 "MMM"    0.73859579   1.81071339   105.99884617   1.240951249211   0.014233524007   6136.0000
 "MMM"    0.99062056   1.82760277   127.59449869   1.267301083067   0.600284777807   6137.0000
 "MMM"    1.15432535   1.72281017   104.79951274   1.633277638011   0.435871157510   6138.0000
 "MMM"    0.96820514   1.91963075   122.40200778   1.296519334116   0.523697220327   6139.0000
 "MMM"    0.87791843   1.69935056   126.11895499   1.242452197850   0.492393681429   6140.0000
 "MMM"    0.96446195   1.82905814   87.00174516   1.433759496261   -0.071292234874   614.0000
 "MMM"    0.95164432   1.53233255   132.09810965   1.268799722607   1.048460197440   6141.0000
 "MMM"    1.02706868   1.56337218   112.08138945   1.542906455201   0.698012290369   6142.0000
 "MMM"    0.98301806   1.68005800   139.06782784   1.125784685126   0.813443340822   6143.0000
 "MMM"    0.99999862   1.66384072   108.17701155   1.509069185623   0.451979217516   6144.0000
 "MMM"    1.11891519   1.77143103   96.23057841   1.610768577938   0.219546231774   6145.0000
 "MMM"    0.95132899   1.78438834   86.83994178   1.418249206313   -0.067947514992   6146.0000
 "MMM"    1.02804741   1.50633645   103.05409966   1.598364123839   0.649549103202   6147.0000
 "MMM"    1.04253991   1.92721125   97.39965537   1.530627169703   0.188714133933   6148.0000
 "MMM"    1.01666449   1.69364340   115.53116786   1.468884061339   0.555630732402   6149.0000
 "MMM"    0.91483501   2.06876663   101.16410927   1.411846718617   0.189695203344   6150.0000
 "MMM"    0.96552386   1.81418031   103.00000000   1.464078783316   0.233098905599   615.0000
 "MMM"    1.00707471   1.90973877   94.32689868   1.500280761190   0.098943769542   6151.0000
 "MMM"    1.01102704   1.73251539   128.00465074   1.308268981874   0.683596306050   6152.0000
 "MMM"    0.96325634   1.79520044   86.87346532   1.430204921990   -0.065111678711   6153.0000
 "MMM"    0.90975965   1.66715687   104.24029139   1.428594241016   0.305775960707   6154.0000
 "MMM"    0.98708859   1.89452780   123.01331068   1.308015466573   0.550897949900   6155.0000
 "MMM"    1.01684244   1.81067377   118.83184292   1.402799084371   0.534290197464   6156.0000
 "MMM"    1.25890908   1.62217183   103.23467334   1.722034327661   0.490910469341   6157.0000
 "MMM"    0.93975495   1.73778835   146.87817221   0.923073705709   0.650345650828   6158.0000
 "MMM"    0.92221831   1.65914049   152.59125876   0.809409260051   0.785126304543   6159.0000
 "MMM"    1.35632644   1.73671527   95.75180493   1.747032706246   0.253654962977   6160.0000
 "MMM"    0.99522109   1.68888476   109.12791848   1.493866204728   0.436932380040   616.0000
 "MMM"    0.98214442   1.69171103   74.33398129   1.301627676746   -0.306515757527   6161.0000
 "MMM"    0.90735935   1.64527547   112.50814649   1.401449245166   0.455893065285   6162.0000
 "MMM"    0.50000000   1.68888476   103.00000000   1.018262617002   -0.229652782920   6163.0000
 "MMM"    0.50753769   1.68888476   103.00000000   1.025016498544   -0.218534861942   6164.0000
 "MMM"    0.51507538   1.68888476   103.00000000   1.031776609434   -0.207504188241   6165.0000
 "MMM"    0.52261307   1.68888476   103.00000000   1.038547194840   -0.196559094753   6166.0000
 "MMM"    0.53015075   1.68888476   103.00000000   1.045333069728   -0.185697959779   6167.0000
 "MMM"    0.53768844   1.68888476   103.00000000   1.052138117075   -0.174919265930   6168.0000
 "MMM"    0.54522613   1.68888476   103.00000000   1.058966157155   -0.164221750517   6169.0000
 "MMM"    0.55276382   1.68888476   103.00000000   1.065819688471   -0.153604183363   6170.0000
 "MMM"    0.96446195   1.55310318   121.76841684   1.407458822504   0.838973207401   617.0000
 "MMM"    0.56030151   1.68888476   103.00000000   1.072702195543   -0.143065439606   6171.0000
 "MMM"    0.56783920   1.68888476   103.00000000   1.079615505367   -0.132604566599   6172.0000
 "MMM"    0.57537688   1.68888476   103.00000000   1.086562412899   -0.122220702998   6173.0000
 "MMM"    0.58291457   1.68888476   103.00000000   1.093544289035   -0.111913019533   6174.0000
 "MMM"    0.59045226   1.68888476   103.00000000   1.100563141504   -0.101680808869   6175.0000
 "MMM"    0.59798995   1.68888476   103.00000000   1.107620144719   -0.091523543973   6176.0000
 "MMM"    0.60552764   1.68888476   103.00000000   1.114716197153   -0.081440643776   6177.0000
 "MMM"    0.61306533   1.68888476   103.00000000   1.121852386392   -0.071431685843   6178.0000
 "MMM"    0.62060302   1.68888476   103.00000000   1.129029362126   -0.061496290935   6179.0000
 "MMM"    0.62814070   1.68888476   103.00000000   1.136247658902   -0.051634201312   6180.0000
 "MMM"    0.90220003   1.68888476   116.19419714   1.362608706070   0.438980792252   618.0000
 "MMM"    0.63567839   1.68888476   103.00000000   1.143507194949   -0.041845156204   6181.0000
 "MMM"    0.64321608   1.68888476   103.00000000   1.150808157647   -0.032129043789   6182.0000
 "MMM"    0.65075377   1.68888476   103.00000000   1.158150680778   -0.022485735053   6183.0000
 "MMM"    0.65829146   1.68888476   103.00000000   1.165534396660   -0.012915204424   6184.0000
 "MMM"    0.66582915   1.68888476   103.00000000   1.172958645200   -0.003417539019   6185.0000
 "MMM"    0.67336683   1.68888476   103.00000000   1.180423213879   0.006007178089   6186.0000
 "MMM"    0.68090452   1.68888476   103.00000000   1.187927214339   0.015358839704   6187.0000
 "MMM"    0.68844221   1.68888476   103.00000000   1.195469919019   0.024637175807   6188.0000
 "MMM"    0.69597990   1.68888476   103.00000000   1.203050379602   0.033841927069   6189.0000
 "MMM"    0.70351759   1.68888476   103.00000000   1.210667453027   0.042972852513   6190.0000
 "MMM"    0.93482421   1.76334593   103.00000000   1.441520134208   0.225392537439   619.0000
 "MMM"    0.71105528   1.68888476   103.00000000   1.218320178119   0.052029491271   6191.0000
 "MMM"    0.71859296   1.68888476   103.00000000   1.226006788131   0.061011453559   6192.0000
 "MMM"    0.72613065   1.68888476   103.00000000   1.233726624124   0.069918349445   6193.0000
 "MMM"    0.73366834   1.68888476   103.00000000   1.241477667102   0.078749572147   6194.0000
 "MMM"    0.74120603   1.68888476   103.00000000   1.249258559603   0.087504596221   6195.0000
 "MMM"    0.74874372   1.68888476   103.00000000   1.257067281621   0.096182870504   6196.0000
 "MMM"    0.75628141   1.68888476   103.00000000   1.264902732565   0.104783685929   6197.0000
 "MMM"    0.76381910   1.68888476   103.00000000   1.272762961630   0.113306404795   6198.0000
 "MMM"    0.77135678   1.68888476   103.00000000   1.280645503976   0.121750250419   6199.0000
 "MMM"    0.77889447   1.68888476   103.00000000   1.288549004601   0.130114475738   6200.0000
 "MMM"    0.96446195   1.76841453   135.77370444   1.141242398065   0.642165774361   620.0000
 "MMM"    0.96446195   1.69388476   103.00000000   1.482004734412   0.303252550824   62.0000
 "MMM"    0.78643216   1.68888476   103.00000000   1.296471239933   0.138398281965   6201.0000
 "MMM"    0.79396985   1.68888476   103.00000000   1.304410106894   0.146600879414   6202.0000
 "MMM"    0.80150754   1.68888476   103.00000000   1.312363272547   0.154721304314   6203.0000
 "MMM"    0.80904523   1.68888476   103.00000000   1.320328667184   0.162758633776   6204.0000
 "MMM"    0.81658291   1.68888476   103.00000000   1.328304104078   0.170711974673   6205.0000
 "MMM"    0.82412060   1.68888476   103.00000000   1.336286708810   0.178580367856   6206.0000
 "MMM"    0.83165829   1.68888476   103.00000000   1.344274445190   0.186362716781   6207.0000
 "MMM"    0.83919598   1.68888476   103.00000000   1.352264829167   0.194057975037   6208.0000
 "MMM"    0.84673367   1.68888476   103.00000000   1.360255256196   0.201665110804   6209.0000
 "MMM"    0.85427136   1.68888476   103.00000000   1.368243180390   0.209182913261   6210.0000
 "MMM"    0.96446195   1.66900781   72.88098631   1.259629087419   -0.330632426375   621.0000
 "MMM"    0.86180905   1.68888476   103.00000000   1.376225829186   0.216610362291   6211.0000
 "MMM"    0.86934673   1.68888476   103.00000000   1.384200627079   0.223946209511   6212.0000
 "MMM"    0.87688442   1.68888476   103.00000000   1.392164871430   0.231189247567   6213.0000
 "MMM"    0.88442211   1.68888476   103.00000000   1.400115447276   0.238338206261   6214.0000
 "MMM"    0.89195980   1.68888476   103.00000000   1.408050230155   0.245391878094   6215.0000
 "MMM"    0.89949749   1.68888476   103.00000000   1.415965677466   0.252348923233   6216.0000
 "MMM"    0.90703518   1.68888476   103.00000000   1.423859219051   0.259208037239   6217.0000
 "MMM"    0.91457286   1.68888476   103.00000000   1.431727737347   0.265967809631   6218.0000
 "MMM"    0.92211055   1.68888476   103.00000000   1.439568305493   0.272626930192   6219.0000
 "MMM"    0.92964824   1.68888476   103.00000000   1.447377857647   0.279183946687   6220.0000
 "MMM"    0.96446195   1.52604205   101.42446825   1.522137830104   0.542252494331   622.0000
 "MMM"    0.93718593   1.68888476   103.00000000   1.455153287225   0.285637350540   6221.0000
 "MMM"    0.94472362   1.68888476   103.00000000   1.462891599466   0.291985785446   6222.0000
 "MMM"    0.95226131   1.68888476   103.00000000   1.470589417334   0.298227663513   6223.0000
 "MMM"    0.95979899   1.68888476   103.00000000   1.478243682644   0.304361498122   6224.0000
 "MMM"    0.96733668   1.68888476   103.00000000   1.485851216720   0.310385710194   6225.0000
 "MMM"    0.97487437   1.68888476   103.00000000   1.493408617245   0.316298683953   6226.0000
 "MMM"    0.98241206   1.68888476   103.00000000   1.500912611060   0.322098876291   6227.0000
 "MMM"    0.98994975   1.68888476   103.00000000   1.508359705261   0.327784551523   6228.0000
 "MMM"    0.99748744   1.68888476   103.00000000   1.515746515446   0.333354130566   6229.0000
 "MMM"    1.00502513   1.68888476   103.00000000   1.523069803996   0.338805735285   6230.0000
 "MMM"    0.96446195   1.98282577   102.37500449   1.450654452145   0.230102502741   623.0000
 "MMM"    1.01256281   1.68888476   103.00000000   1.530325847575   0.344137759005   6231.0000
 "MMM"    1.02010050   1.68888476   103.00000000   1.537511252822   0.349348452747   6232.0000
 "MMM"    1.02763819   1.68888476   103.00000000   1.544622292502   0.354435947764   6233.0000
 "MMM"    1.03517588   1.68888476   103.00000000   1.551655352791   0.359398427030   6234.0000
 "MMM"    1.04271357   1.68888476   103.00000000   1.558606915069   0.364234143156   6235.0000
 "MMM"    1.05025126   1.68888476   103.00000000   1.565472943799   0.368941049117   6236.0000
 "MMM"    1.05778894   1.68888476   103.00000000   1.572250190958   0.373517169401   6237.0000
 "MMM"    1.06532663   1.68888476   103.00000000   1.578934341742   0.377960754306   6238.0000
 "MMM"    1.07286432   1.68888476   103.00000000   1.585521888803   0.382269763887   6239.0000
 "MMM"    1.08040201   1.68888476   103.00000000   1.592008627425   0.386442299925   6240.0000
 "MMM"    0.82876066   1.68888476   121.20557067   1.252646146957   0.387433698512   624.0000
 "MMM"    1.08793970   1.68888476   103.00000000   1.598391016019   0.390476003334   6241.0000
 "MMM"    1.09547739   1.68888476   103.00000000   1.604664864461   0.394369097831   6242.0000
 "MMM"    1.10301508   1.68888476   103.00000000   1.610825731388   0.398119584643   6243.0000
 "MMM"    1.11055276   1.68888476   103.00000000   1.616870653102   0.401724985208   6244.0000
 "MMM"    1.11809045   1.68888476   103.00000000   1.622794515000   0.405183636074   6245.0000
 "MMM"    1.12562814   1.68888476   103.00000000   1.628593600538   0.408492903515   6246.0000
 "MMM"    1.13316583   1.68888476   103.00000000   1.634263353355   0.411650991887   6247.0000
 "MMM"    1.14070352   1.68888476   103.00000000   1.639800167716   0.414655550195   6248.0000
 "MMM"    1.14824121   1.68888476   103.00000000   1.645199434818   0.417504412080   6249.0000
 "MMM"    1.15577889   1.68888476   103.00000000   1.650456845490   0.420195513325   6250.0000
 "MMM"    0.96446195   1.73573538   134.02343903   1.183138935771   0.660447165677   625.0000
 "MMM"    1.16331658   1.68888476   103.00000000   1.655568081173   0.422726136266   6251.0000
 "MMM"    1.17085427   1.68888476   103.00000000   1.660529256579   0.425094642300   6252.0000
 "MMM"    1.17839196   1.68888476   103.00000000   1.665335222578   0.427298147619   6253.0000
 "MMM"    1.18592965   1.68888476   103.00000000   1.669982249478   0.429334814683   6254.0000
 "MMM"    1.19346734   1.68888476   103.00000000   1.674465716483   0.431202429890   6255.0000
 "MMM"    1.20100503   1.68888476   103.00000000   1.678781191190   0.432898123158   6256.0000
 "MMM"    1.20854271   1.68888476   103.00000000   1.682924557878   0.434420174691   6257.0000
 "MMM"    1.21608040   1.68888476   103.00000000   1.686890370237   0.435766067785   6258.0000
 "MMM"    1.22361809   1.68888476   103.00000000   1.690675625416   0.436933561533   6259.0000
 "MMM"    1.23115578   1.68888476   103.00000000   1.694274345591   0.437920306241   6260.0000
 "MMM"    0.96446195   1.78743251   107.84439569   1.450170356922   0.319188190317   626.0000
 "MMM"    1.23869347   1.68888476   103.00000000   1.697683463621   0.438724465091   6261.0000
 "MMM"    1.24623116   1.68888476   103.00000000   1.700897498668   0.439342447373   6262.0000
 "MMM"    1.25376884   1.68888476   103.00000000   1.703912043176   0.439773360828   6263.0000
 "MMM"    1.26130653   1.68888476   103.00000000   1.706724116542   0.440014640065   6264.0000
 "MMM"    1.26884422   1.68888476   103.00000000   1.709327316341   0.440063526100   6265.0000
 "MMM"    1.27638191   1.68888476   103.00000000   1.711717241374   0.439918374695   6266.0000
 "MMM"    1.28391960   1.68888476   103.00000000   1.713892066960   0.439577280410   6267.0000
 "MMM"    1.29145729   1.68888476   103.00000000   1.715844707752   0.439036994065   6268.0000
 "MMM"    1.29899497   1.68888476   103.00000000   1.717572118569   0.438296210790   6269.0000
 "MMM"    1.30653266   1.68888476   103.00000000   1.719070076634   0.437352628710   6270.0000
 "MMM"    0.74436980   1.64460524   103.00000000   1.252857850299   0.152455619938   627.0000
 "MMM"    1.31407035   1.68888476   103.00000000   1.720333896864   0.436204520805   6271.0000
 "MMM"    1.32160804   1.68888476   103.00000000   1.721359617543   0.434849894951   6272.0000
 "MMM"    1.32914573   1.68888476   103.00000000   1.722143170193   0.433286541302   6273.0000
 "MMM"    1.33668342   1.68888476   103.00000000   1.722679954823   0.431512648466   6274.0000
 "MMM"    1.34422111   1.68888476   103.00000000   1.722968671906   0.429526749331   6275.0000
 "MMM"    1.35175879   1.68888476   103.00000000   1.723001332713   0.427327125688   6276.0000
 "MMM"    1.35929648   1.68888476   103.00000000   1.722778553562   0.424911777755   6277.0000
 "MMM"    1.36683417   1.68888476   103.00000000   1.722293527650   0.422279572438   6278.0000
 "MMM"    1.37437186   1.68888476   103.00000000   1.721542720467   0.419428947704   6279.0000
 "MMM"    1.38190955   1.68888476   103.00000000   1.720525958213   0.416358505497   6280.0000
 "MMM"    1.23775051   1.54325402   103.00000000   1.737569591922   0.582857401795   628.0000
 "MMM"    1.38944724   1.68888476   103.00000000   1.719236773740   0.413067182358   6281.0000
 "MMM"    1.39698492   1.68888476   103.00000000   1.717673763357   0.409553708521   6282.0000
 "MMM"    1.40452261   1.68888476   103.00000000   1.715833258483   0.405817162543   6283.0000
 "MMM"    1.41206030   1.68888476   103.00000000   1.713712204111   0.401856619948   6284.0000
 "MMM"    1.41959799   1.68888476   103.00000000   1.711309423662   0.397671346094   6285.0000
 "MMM"    1.42713568   1.68888476   103.00000000   1.708620597274   0.393260989338   6286.0000
 "MMM"    1.43467337   1.68888476   103.00000000   1.705645504484   0.388624876005   6287.0000
 "MMM"    1.44221106   1.68888476   103.00000000   1.702380566139   0.383762876792   6288.0000
 "MMM"    1.44974874   1.68888476   103.00000000   1.698824544114   0.378674314560   6289.0000
 "MMM"    1.45728643   1.68888476   103.00000000   1.694975714423   0.373359909212   6290.0000
 "MMM"    0.96446195   1.84116974   84.69665540   1.419460224592   -0.122397298754   629.0000
 "MMM"    1.46482412   1.68888476   103.00000000   1.690832992225   0.367819489405   6291.0000
 "MMM"    1.47236181   1.68888476   103.00000000   1.686394329195   0.362053291351   6292.0000
 "MMM"    1.47989950   1.68888476   103.00000000   1.681659882085   0.356062250650   6293.0000
 "MMM"    1.48743719   1.68888476   103.00000000   1.676629288848   0.349846675173   6294.0000
 "MMM"    1.49497487   1.68888476   103.00000000   1.671302178191   0.343408394515   6295.0000
 "MMM"    1.50251256   1.68888476   103.00000000   1.665676812114   0.336747820276   6296.0000
 "MMM"    1.51005025   1.68888476   103.00000000   1.659754166526   0.329866307317   6297.0000
 "MMM"    1.51758794   1.68888476   103.00000000   1.653535973215   0.322764893234   6298.0000
 "MMM"    1.52512563   1.68888476   103.00000000   1.647022089297   0.315447290817   6299.0000
 "MMM"    1.53266332   1.68888476   103.00000000   1.640213219075   0.307913354294   6300.0000
 "MMM"    1.06672193   1.68888476   94.04994259   1.575601866593   0.197492695256   630.0000
 "MMM"    0.96446195   1.67888476   103.00000000   1.484898712766   0.318310426257   63.0000
 "MMM"    1.54020101   1.68888476   103.00000000   1.633110836018   0.300166068892   6301.0000
 "MMM"    1.54773869   1.68888476   103.00000000   1.625717425914   0.292208172356   6302.0000
 "MMM"    1.55527638   1.68888476   103.00000000   1.618035241227   0.284041759676   6303.0000
 "MMM"    1.56281407   1.68888476   103.00000000   1.610063438385   0.275669904208   6304.0000
 "MMM"    1.57035176   1.68888476   103.00000000   1.601807594588   0.267095925342   6305.0000
 "MMM"    1.57788945   1.68888476   103.00000000   1.593272022618   0.258322933563   6306.0000
 "MMM"    1.58542714   1.68888476   103.00000000   1.584456947995   0.249354556565   6307.0000
 "MMM"    1.59296482   1.68888476   103.00000000   1.575366851089   0.240194768775   6308.0000
 "MMM"    1.60050251   1.68888476   103.00000000   1.566006243617   0.230847342071   6309.0000
 "MMM"    1.60804020   1.68888476   103.00000000   1.556381152523   0.221316206671   6310.0000
 "MMM"    1.04565522   2.08179924   103.00000000   1.508893252127   0.361603154294   631.0000
 "MMM"    1.61557789   1.68888476   103.00000000   1.546490849090   0.211606443226   6311.0000
 "MMM"    1.62311558   1.68888476   103.00000000   1.536344408187   0.201722473016   6312.0000
 "MMM"    1.63065327   1.68888476   103.00000000   1.525947471017   0.191669269203   6313.0000
 "MMM"    1.63819095   1.68888476   103.00000000   1.515303178114   0.181451559493   6314.0000
 "MMM"    1.64572864   1.68888476   103.00000000   1.504417672142   0.171075350313   6315.0000
 "MMM"    1.65326633   1.68888476   103.00000000   1.493301939627   0.160545141823   6316.0000
 "MMM"    1.66080402   1.68888476   103.00000000   1.481956258967   0.149867939043   6317.0000
 "MMM"    1.66834171   1.68888476   103.00000000   1.470390084559   0.139048983854   6318.0000
 "MMM"    1.67587940   1.68888476   103.00000000   1.458609814641   0.128094797292   6319.0000
 "MMM"    1.68341709   1.68888476   103.00000000   1.446623323373   0.117011397344   6320.0000
 "MMM"    0.85974026   1.45776269   103.00000000   1.409309987107   0.693288239037   632.0000
 "MMM"    1.69095477   1.68888476   103.00000000   1.434437083829   0.105804824098   6321.0000
 "MMM"    1.69849246   1.68888476   103.00000000   1.422061909890   0.094481316726   6322.0000
 "MMM"    1.70603015   1.68888476   103.00000000   1.409502754636   0.083049926549   6323.0000
 "MMM"    1.71356784   1.68888476   103.00000000   1.396770797608   0.071514441771   6324.0000
 "MMM"    1.72110553   1.68888476   103.00000000   1.383870048484   0.059884396539   6325.0000
 "MMM"    1.72864322   1.68888476   103.00000000   1.370816414365   0.048166791537   6326.0000
 "MMM"    1.73618090   1.68888476   103.00000000   1.357608428424   0.036367503311   6327.0000
 "MMM"    1.74371859   1.68888476   103.00000000   1.344266046738   0.024494447055   6328.0000
 "MMM"    1.75125628   1.68888476   103.00000000   1.330792023523   0.012554348234   6329.0000
 "MMM"    1.75879397   1.68888476   103.00000000   1.317200565875   0.000557083537   6330.0000
 "MMM"    0.96446195   1.84128745   114.54467133   1.395494276403   0.403821437860   633.0000
 "MMM"    1.76633166   1.68888476   103.00000000   1.303497529537   -0.011492293400   6331.0000
 "MMM"    1.77386935   1.68888476   103.00000000   1.289692430887   -0.023583548030   6332.0000
 "MMM"    1.78140704   1.68888476   103.00000000   1.275802722442   -0.035710452451   6333.0000
 "MMM"    1.78894472   1.68888476   103.00000000   1.261824242395   -0.047866917307   6334.0000
 "MMM"    1.79648241   1.68888476   103.00000000   1.247778625009   -0.060041077539   6335.0000
 "MMM"    1.80402010   1.68888476   103.00000000   1.233672685900   -0.072228505366   6336.0000
 "MMM"    1.81155779   1.68888476   103.00000000   1.219519844069   -0.084420373832   6337.0000
 "MMM"    1.81909548   1.68888476   103.00000000   1.205323543154   -0.096608606802   6338.0000
 "MMM"    1.82663317   1.68888476   103.00000000   1.191093548600   -0.108786859495   6339.0000
 "MMM"    1.83417085   1.68888476   103.00000000   1.176847712826   -0.120944826716   6340.0000
 "MMM"    1.29322280   1.68888476   111.20261015   1.651850536744   0.614531605816   634.0000
 "MMM"    1.84170854   1.68888476   103.00000000   1.162596876728   -0.133077455410   6341.0000
 "MMM"    1.84924623   1.68888476   103.00000000   1.148339126051   -0.145175198716   6342.0000
 "MMM"    1.85678392   1.68888476   103.00000000   1.134096019788   -0.157231338681   6343.0000
 "MMM"    1.86432161   1.68888476   103.00000000   1.119872481403   -0.169240865591   6344.0000
 "MMM"    1.87185930   1.68888476   103.00000000   1.105689199302   -0.181191744776   6345.0000
 "MMM"    1.87939698   1.68888476   103.00000000   1.091535575443   -0.193079011596   6346.0000
 "MMM"    1.88693467   1.68888476   103.00000000   1.077438078128   -0.204893126559   6347.0000
 "MMM"    1.89447236   1.68888476   103.00000000   1.063402119857   -0.216631539445   6348.0000
 "MMM"    1.90201005   1.68888476   103.00000000   1.049436470666   -0.228286062873   6349.0000
 "MMM"    1.90954774   1.68888476   103.00000000   1.035551024149   -0.239848370629   6350.0000
 "MMM"    1.30661389   1.74167126   103.00000000   1.707671507195   0.422849294972   635.0000
 "MMM"    1.91708543   1.68888476   103.00000000   1.021760614121   -0.251310811038   6351.0000
 "MMM"    1.92462312   1.68888476   103.00000000   1.008059492616   -0.262670182452   6352.0000
 "MMM"    1.93216080   1.68888476   103.00000000   0.994471277644   -0.273919000350   6353.0000
 "MMM"    1.93969849   1.68888476   103.00000000   0.981000164241   -0.285049676481   6354.0000
 "MMM"    1.94723618   1.68888476   103.00000000   0.967655372616   -0.296056471834   6355.0000
 "MMM"    1.95477387   1.68888476   103.00000000   0.954444571059   -0.306937710822   6356.0000
 "MMM"    1.96231156   1.68888476   103.00000000   0.941377015031   -0.317678419635   6357.0000
 "MMM"    1.96984925   1.68888476   103.00000000   0.928460547487   -0.328281024970   6358.0000
 "MMM"    1.97738693   1.68888476   103.00000000   0.915703430933   -0.338738946268   6359.0000
 "MMM"    1.98492462   1.68888476   103.00000000   0.903113064939   -0.349046547962   6360.0000
 "MMM"    0.97961951   1.84065488   103.00000000   1.473643303183   0.240703710887   636.0000
 "MMM"    1.99246231   1.68888476   103.00000000   0.890698400996   -0.359197396564   6361.0000
 "MMM"    2.00000000   1.68888476   103.00000000   0.878463943023   -0.369188921627   6362.0000
 "MMM"    0.96446195   1.25000000   103.00000000   1.624172949567   1.647015630383   6363.0000
 "MMM"    0.96446195   1.25628141   103.00000000   1.621421953657   1.611988010994   6364.0000
 "MMM"    0.96446195   1.26256281   103.00000000   1.618683319936   1.577480408803   6365.0000
 "MMM"    0.96446195   1.26884422   103.00000000   1.615957828553   1.543492373779   6366.0000
 "MMM"    0.96446195   1.27512563   103.00000000   1.613246398206   1.510023526685   6367.0000
 "MMM"    0.96446195   1.28140704   103.00000000   1.610549685664   1.477073033192   6368.0000
 "MMM"    0.96446195   1.28768844   103.00000000   1.607868398119   1.444640002197   6369.0000
 "MMM"    0.96446195   1.29396985   103.00000000   1.605203247530   1.412723294394   6370.0000
 "MMM"    1.19061695   1.68888476   105.57035833   1.661183041503   0.484488354533   637.0000
 "MMM"    0.96446195   1.30025126   103.00000000   1.602554847035   1.381321684948   6371.0000
 "MMM"    0.96446195   1.30653266   103.00000000   1.599923933587   1.350433564584   6372.0000
 "MMM"    0.96446195   1.31281407   103.00000000   1.597310932513   1.320057110064   6373.0000
 "MMM"    0.96446195   1.31909548   103.00000000   1.594716431090   1.290190680330   6374.0000
 "MMM"    0.96446195   1.32537688   103.00000000   1.592141294418   1.260832213187   6375.0000
 "MMM"    0.96446195   1.33165829   103.00000000   1.589585607880   1.231979448658   6376.0000
 "MMM"    0.96446195   1.33793970   103.00000000   1.587050011632   1.203630104373   6377.0000
 "MMM"    0.96446195   1.34422111   103.00000000   1.584534922331   1.175781762447   6378.0000
 "MMM"    0.96446195   1.35050251   103.00000000   1.582040814568   1.148431692212   6379.0000
 "MMM"    0.96446195   1.35678392   103.00000000   1.579568036954   1.121577242029   6380.0000
 "MMM"    1.10718892   1.68888476   84.44207053   1.552496672898   -0.014120441507   638.0000
 "MMM"    0.96446195   1.36306533   103.00000000   1.577116941135   1.095215546870   6381.0000
 "MMM"    0.96446195   1.36934673   103.00000000   1.574688011236   1.069343739688   6382.0000
 "MMM"    0.96446195   1.37562814   103.00000000   1.572281388262   1.043958397793   6383.0000
 "MMM"    0.96446195   1.38190955   103.00000000   1.569897504474   1.019056618452   6384.0000
 "MMM"    0.96446195   1.38819095   103.00000000   1.567536668753   0.994635040955   6385.0000
 "MMM"    0.96446195   1.39447236   103.00000000   1.565199021381   0.970690227012   6386.0000
 "MMM"    0.96446195   1.40075377   103.00000000   1.562884780367   0.947218662626   6387.0000
 "MMM"    0.96446195   1.40703518   103.00000000   1.560594364246   0.924216827881   6388.0000
 "MMM"    0.96446195   1.41331658   103.00000000   1.558327926448   0.901681072543   6389.0000
 "MMM"    0.96446195   1.41959799   103.00000000   1.556085237840   0.879607592230   6390.0000
 "MMM"    1.43532186   1.68888476   117.33276531   1.530852074617   0.681583128993   639.0000
 "MMM"    0.96446195   1.42587940   103.00000000   1.553866957649   0.857992614629   6391.0000
 "MMM"    0.96446195   1.43216080   103.00000000   1.551673038342   0.836832280026   6392.0000
 "MMM"    0.96446195   1.43844221   103.00000000   1.549503617458   0.816122550424   6393.0000
 "MMM"    0.96446195   1.44472362   103.00000000   1.547358823721   0.795859494883   6394.0000
 "MMM"    0.96446195   1.45100503   103.00000000   1.545238666232   0.776038990747   6395.0000
 "MMM"    0.96446195   1.45728643   103.00000000   1.543143398107   0.756656999153   6396.0000
 "MMM"    0.96446195   1.46356784   103.00000000   1.541072955634   0.737709252107   6397.0000
 "MMM"    0.96446195   1.46984925   103.00000000   1.539027377242   0.719191562663   6398.0000
 "MMM"    0.96446195   1.47613065   103.00000000   1.537006751782   0.701099703857   6399.0000
 "MMM"    0.96446195   1.48241206   103.00000000   1.535011091678   0.683429316388   6400.0000
 "MMM"    1.10318967   1.62440555   103.00000000   1.629707926243   0.463539097997   640.0000
 "MMM"    0.96446195   1.69888476   103.00000000   1.481067662244   0.298571492944   64.0000
 "MMM"    0.96446195   1.48869347   103.00000000   1.533040387539   0.666176071727   6401.0000
 "MMM"    0.96446195   1.49497487   103.00000000   1.531094674617   0.649335605227   6402.0000
 "MMM"    0.96446195   1.50125628   103.00000000   1.529173871719   0.632903480295   6403.0000
 "MMM"    0.96446195   1.50753769   103.00000000   1.527278062060   0.616875273196   6404.0000
 "MMM"    0.96446195   1.51381910   103.00000000   1.525407265143   0.601246508761   6405.0000
 "MMM"    0.96446195   1.52010050   103.00000000   1.523561217308   0.586012737829   6406.0000
 "MMM"    0.96446195   1.52638191   103.00000000   1.521740058693   0.571169395224   6407.0000
 "MMM"    0.96446195   1.53266332   103.00000000   1.519943673286   0.556711971974   6408.0000
 "MMM"    0.96446195   1.53894472   103.00000000   1.518171941753   0.542635973985   6409.0000
 "MMM"    0.96446195   1.54522613   103.00000000   1.516424907869   0.528936728450   6410.0000
 "MMM"    0.96446195   1.82329105   91.68290257   1.456108724397   0.024532192702   641.0000
 "MMM"    0.96446195   1.55150754   103.00000000   1.514702599951   0.515609763815   6411.0000
 "MMM"    0.96446195   1.55778894   103.00000000   1.513004535318   0.502650431112   6412.0000
 "MMM"    0.96446195   1.56407035   103.00000000   1.511330754856   0.490054208652   6413.0000
 "MMM"    0.96446195   1.57035176   103.00000000   1.509681367206   0.477816385924   6414.0000
 "MMM"    0.96446195   1.57663317   103.00000000   1.508056209983   0.465932444129   6415.0000
 "MMM"    0.96446195   1.58291457   103.00000000   1.506455101007   0.454397824306   6416.0000
 "MMM"    0.96446195   1.58919598   103.00000000   1.504877962842   0.443207791236   6417.0000
 "MMM"    0.96446195   1.59547739   103.00000000   1.503324637001   0.432357862530   6418.0000
 "MMM"    0.96446195   1.60175879   103.00000000   1.501795117561   0.421843396876   6419.0000
 "MMM"    0.96446195   1.60804020   103.00000000   1.500289133203   0.411659700231   6420.0000
 "MMM"    1.22463627   1.68888476   96.14989531   1.706234490349   0.286551366839   642.0000
 "MMM"    0.96446195   1.61432161   103.00000000   1.498806879110   0.401802262610   6421.0000
 "MMM"    0.96446195   1.62060302   103.00000000   1.497347559962   0.392266554091   6422.0000
 "MMM"    0.96446195   1.62688442   103.00000000   1.495911815626   0.383047891032   6423.0000
 "MMM"    0.96446195   1.63316583   103.00000000   1.494498854107   0.374141741344   6424.0000
 "MMM"    0.96446195   1.63944724   103.00000000   1.493108983995   0.365543524540   6425.0000
 "MMM"    0.96446195   1.64572864   103.00000000   1.491742008955   0.357248678044   6426.0000
 "MMM"    0.96446195   1.65201005   103.00000000   1.490397622272   0.349252751107   6427.0000
 "MMM"    0.96446195   1.65829146   103.00000000   1.489075823657   0.341551144458   6428.0000
 "MMM"    0.96446195   1.66457286   103.00000000   1.487776412004   0.334139319219   6429.0000
 "MMM"    0.96446195   1.67085427   103.00000000   1.486499221460   0.327012787795   6430.0000
 "MMM"    0.96446195   2.09422637   104.45382146   1.437434499726   0.318891716528   643.0000
 "MMM"    0.96446195   1.67713568   103.00000000   1.485244246246   0.320167195077   6431.0000
 "MMM"    0.96446195   1.68341709   103.00000000   1.484011169534   0.313597927926   6432.0000
 "MMM"    0.96446195   1.68969849   103.00000000   1.482799948850   0.307300647122   6433.0000
 "MMM"    0.96446195   1.69597990   103.00000000   1.481610473672   0.301270789080   6434.0000
 "MMM"    0.96446195   1.70226131   103.00000000   1.480442517614   0.295504072516   6435.0000
 "MMM"    0.96446195   1.70854271   103.00000000   1.479295994713   0.289996067479   6436.0000
 "MMM"    0.96446195   1.71482412   103.00000000   1.478170736660   0.284742431863   6437.0000
 "MMM"    0.96446195   1.72110553   103.00000000   1.477066622242   0.279738801020   6438.0000
 "MMM"    0.96446195   1.72738693   103.00000000   1.475983448333   0.274980900599   6439.0000
 "MMM"    0.96446195   1.73366834   103.00000000   1.474921194128   0.270464363786   6440.0000
 "MMM"    0.96446195   1.67137754   102.46500521   1.486959297619   0.317177302710   644.0000
 "MMM"    0.96446195   1.73994975   103.00000000   1.473879720789   0.266184939201   6441.0000
 "MMM"    0.96446195   1.74623116   103.00000000   1.472858790516   0.262138414616   6442.0000
 "MMM"    0.96446195   1.75251256   103.00000000   1.471858318647   0.258320552952   6443.0000
 "MMM"    0.96446195   1.75879397   103.00000000   1.470878177325   0.254727157296   6444.0000
 "MMM"    0.96446195   1.76507538   103.00000000   1.469918203297   0.251354029143   6445.0000
 "MMM"    0.96446195   1.77135678   103.00000000   1.468978157605   0.248197129343   6446.0000
 "MMM"    0.96446195   1.77763819   103.00000000   1.468058460518   0.245252235700   6447.0000
 "MMM"    0.96446195   1.78391960   103.00000000   1.467158292159   0.242515327843   6448.0000
 "MMM"    0.96446195   1.79020101   103.00000000   1.466277837450   0.239982323568   6449.0000
 "MMM"    0.96446195   1.79648241   103.00000000   1.465416936318   0.237649200196   6450.0000
 "MMM"    0.96446195   1.73342804   125.32672201   1.311382897324   0.583402489236   645.0000
 "MMM"    0.96446195   1.80276382   103.00000000   1.464575480551   0.235511993844   6451.0000
 "MMM"    0.96446195   1.80904523   103.00000000   1.463753400082   0.233566692523   6452.0000
 "MMM"    0.96446195   1.81532663   103.00000000   1.462950470401   0.231809493583   6453.0000
 "MMM"    0.96446195   1.82160804   103.00000000   1.462166898825   0.230236339235   6454.0000
 "MMM"    0.96446195   1.82788945   103.00000000   1.461401749174   0.228843507302   6455.0000
 "MMM"    0.96446195   1.83417085   103.00000000   1.460655864734   0.227627089667   6456.0000
 "MMM"    0.96446195   1.84045226   103.00000000   1.459928518519   0.226583378167   6457.0000
 "MMM"    0.96446195   1.84673367   103.00000000   1.459219971014   0.225708603668   6458.0000
 "MMM"    0.96446195   1.85301508   103.00000000   1.458529897155   0.224999015674   6459.0000
 "MMM"    0.96446195   1.85929648   103.00000000   1.457858238433   0.224450919457   6460.0000
 "MMM"    0.96446195   1.89212759   108.92697224   1.427126619056   0.321498659887   646.0000
 "MMM"    0.96446195   1.86557789   103.00000000   1.457204930700   0.224060787875   6461.0000
 "MMM"    0.96446195   1.87185930   103.00000000   1.456570044172   0.223825068358   6462.0000
 "MMM"    0.96446195   1.87814070   103.00000000   1.455953062503   0.223739970681   6463.0000
 "MMM"    0.96446195   1.88442211   103.00000000   1.455353874307   0.223802198569   6464.0000
 "MMM"    0.96446195   1.89070352   103.00000000   1.454772899852   0.224008153223   6465.0000
 "MMM"    0.96446195   1.89698492   103.00000000   1.454209419524   0.224354701619   6466.0000
 "MMM"    0.96446195   1.90326633   103.00000000   1.453664144702   0.224838034029   6467.0000
 "MMM"    0.96446195   1.90954774   103.00000000   1.453136153222   0.225455192242   6468.0000
 "MMM"    0.96446195   1.91582915   103.00000000   1.452625844693   0.226202837220   6469.0000
 "MMM"    0.96446195   1.92211055   103.00000000   1.452133001685   0.227077633390   6470.0000
 "MMM"    0.93579461   1.73800135   103.00000000   1.445996401013   0.242264367964   647.0000
 "MMM"    0.96446195   1.92839196   103.00000000   1.451657719693   0.228076434150   6471.0000
 "MMM"    0.96446195   1.93467337   103.00000000   1.451199562846   0.229196156755   6472.0000
 "MMM"    0.96446195   1.94095477   103.00000000   1.450758684718   0.230433732039   6473.0000
 "MMM"    0.96446195   1.94723618   103.00000000   1.450334745798   0.231786188211   6474.0000
 "MMM"    0.96446195   1.95351759   103.00000000   1.449928036186   0.233250420421   6475.0000
 "MMM"    0.96446195   1.95979899   103.00000000   1.449538187769   0.234823768072   6476.0000
 "MMM"    0.96446195   1.96608040   103.00000000   1.449165121808   0.236503180347   6477.0000
 "MMM"    0.96446195   1.97236181   103.00000000   1.448808755088   0.238285906928   6478.0000
 "MMM"    0.96446195   1.97864322   103.00000000   1.448469521748   0.240169307590   6479.0000
 "MMM"    0.96446195   1.98492462   103.00000000   1.448146908766   0.242150861583   6480.0000
 "MMM"    0.96446195   2.08558695   119.18539789   1.303601483567   0.589278413704   648.0000
 "MMM"    0.96446195   1.99120603   103.00000000   1.447840323808   0.244227613731   6481.0000
 "MMM"    0.96446195   1.99748744   103.00000000   1.447550832210   0.246397302755   6482.0000
 "MMM"    0.96446195   2.00376884   103.00000000   1.447277595312   0.248657442148   6483.0000
 "MMM"    0.96446195   2.01005025   103.00000000   1.447020638686   0.251005508414   6484.0000
 "MMM"    0.96446195   2.01633166   103.00000000   1.446780108971   0.253439215427   6485.0000
 "MMM"    0.96446195   2.02261307   103.00000000   1.446555792925   0.255956532488   6486.0000
 "MMM"    0.96446195   2.02889447   103.00000000   1.446347574395   0.258555207276   6487.0000
 "MMM"    0.96446195   2.03517588   103.00000000   1.446155239559   0.261232873050   6488.0000
 "MMM"    0.96446195   2.04145729   103.00000000   1.445979232527   0.263987886439   6489.0000
 "MMM"    0.96446195   2.04773869   103.00000000   1.445819207287   0.266817994691   6490.0000
 "MMM"    0.96446195   1.65593531   124.66669764   1.344247304084   0.672390467444   649.0000
 "MMM"    0.96446195   2.05402010   103.00000000   1.445675011999   0.269721533919   6491.0000
 "MMM"    0.96446195   2.06030151   103.00000000   1.445546676858   0.272696463456   6492.0000
 "MMM"    0.96446195   2.06658291   103.00000000   1.445434156355   0.275741409950   6493.0000
 "MMM"    0.96446195   2.07286432   103.00000000   1.445337440521   0.278854540916   6494.0000
 "MMM"    0.96446195   2.07914573   103.00000000   1.445256208051   0.282034187414   6495.0000
 "MMM"    0.96446195   2.08542714   103.00000000   1.445190794842   0.285279266480   6496.0000
 "MMM"    0.96446195   2.09170854   103.00000000   1.445140834079   0.288588180687   6497.0000
 "MMM"    0.96446195   2.09798995   103.00000000   1.445106316372   0.291959580230   6498.0000
 "MMM"    0.96446195   2.10427136   103.00000000   1.445087423756   0.295392270906   6499.0000
 "MMM"    0.96446195   2.11055276   103.00000000   1.445083787394   0.298885316966   6500.0000
 "MMM"    0.87526068   1.91759560   103.00000000   1.372788450969   0.131020467190   650.0000
 "MMM"    0.96446195   1.67388476   103.00000000   1.485890969662   0.323675387303   65.0000
 "MMM"    0.96446195   2.11683417   103.00000000   1.445095442247   0.302437551655   6501.0000
 "MMM"    0.96446195   2.12311558   103.00000000   1.445122730136   0.306048206237   6502.0000
 "MMM"    0.96446195   2.12939698   103.00000000   1.445164979123   0.309716189225   6503.0000
 "MMM"    0.96446195   2.13567839   103.00000000   1.445222630713   0.313440959282   6504.0000
 "MMM"    0.96446195   2.14195980   103.00000000   1.445294989996   0.317221865561   6505.0000
 "MMM"    0.96446195   2.14824121   103.00000000   1.445383066687   0.321058215319   6506.0000
 "MMM"    0.96446195   2.15452261   103.00000000   1.445486094796   0.324949703431   6507.0000
 "MMM"    0.96446195   2.16080402   103.00000000   1.445604013210   0.328895854582   6508.0000
 "MMM"    0.96446195   2.16708543   103.00000000   1.445736306020   0.332896522424   6509.0000
 "MMM"    0.96446195   2.17336683   103.00000000   1.445884684786   0.336951405009   6510.0000
 "MMM"    0.99059429   1.68888476   84.31198879   1.435450487540   -0.048131887656   651.0000
 "MMM"    0.96446195   2.17964824   103.00000000   1.446047424079   0.341060441660   6511.0000
 "MMM"    0.96446195   2.18592965   103.00000000   1.446225151485   0.345223820045   6512.0000
 "MMM"    0.96446195   2.19221106   103.00000000   1.446417280158   0.349441302218   6513.0000
 "MMM"    0.96446195   2.19849246   103.00000000   1.446624509922   0.353713413914   6514.0000
 "MMM"    0.96446195   2.20477387   103.00000000   1.446845571445   0.358040313475   6515.0000
 "MMM"    0.96446195   2.21105528   103.00000000   1.447083060745   0.362422485315   6516.0000
 "MMM"    0.96446195   2.21733668   103.00000000   1.447334557337   0.366860487529   6517.0000
 "MMM"    0.96446195   2.22361809   103.00000000   1.447600070468   0.371354731864   6518.0000
 "MMM"    0.96446195   2.22989950   103.00000000   1.447879408278   0.375906162445   6519.0000
 "MMM"    0.96446195   2.23618090   103.00000000   1.448175446195   0.380515391688   6520.0000
 "MMM"    1.12311785   1.69916042   103.00000000   1.623872668359   0.399846327132   652.0000
 "MMM"    0.96446195   2.24246231   103.00000000   1.448483879529   0.385183380767   6521.0000
 "MMM"    0.96446195   2.24874372   103.00000000   1.448809570056   0.389910933668   6522.0000
 "MMM"    0.96446195   2.25502513   103.00000000   1.449148076557   0.394699475610   6523.0000
 "MMM"    0.96446195   2.26130653   103.00000000   1.449500967856   0.399549798154   6524.0000
 "MMM"    0.96446195   2.26758794   103.00000000   1.449867421474   0.404463452353   6525.0000
 "MMM"    0.96446195   2.28015075   103.00000000   1.450645334222   0.414485720645   6527.0000
 "MMM"    0.96446195   2.29271357   103.00000000   1.451479550925   0.424778513804   6529.0000
 "MMM"    0.96446195   2.29899497   103.00000000   1.451919274722   0.430030317225   6530.0000
 "MMM"    1.03263439   2.06411220   103.00000000   1.499663121451   0.340907908598   653.0000
 "MMM"    0.96446195   2.30527638   103.00000000   1.452370994037   0.435354825795   6531.0000
 "MMM"    0.96446195   2.31155779   103.00000000   1.452838073192   0.440753636509   6532.0000
 "MMM"    0.96446195   2.31783920   103.00000000   1.453320193337   0.446229144715   6533.0000
 "MMM"    0.96446195   2.32412060   103.00000000   1.453814398861   0.451783069051   6534.0000
 "MMM"    0.96446195   2.33040201   103.00000000   1.454323833623   0.457417626876   6535.0000
 "MMM"    0.96446195   2.33668342   103.00000000   1.454848143232   0.463134487276   6536.0000
 "MMM"    0.96446195   2.34296482   103.00000000   1.455385207560   0.468937549264   6537.0000
 "MMM"    0.96446195   2.34924623   103.00000000   1.455937579862   0.474827476400   6538.0000
 "MMM"    0.96446195   2.35552764   103.00000000   1.456501773160   0.480807353598   6539.0000
 "MMM"    0.96446195   2.36180905   103.00000000   1.457080428259   0.486879282491   6540.0000
 "MMM"    1.00577772   1.68888476   73.96764099   1.316295910934   -0.314402855945   654.0000
 "MMM"    0.96446195   2.36809045   103.00000000   1.457673588213   0.493046145733   6541.0000
 "MMM"    0.96446195   2.37437186   103.00000000   1.458280864101   0.499310599443   6542.0000
 "MMM"    0.96446195   2.38693467   103.00000000   1.459537051726   0.512141817614   6544.0000
 "MMM"    0.96446195   2.39321608   103.00000000   1.460185680151   0.518715149777   6545.0000
 "MMM"    0.96446195   2.39949749   103.00000000   1.460847002473   0.525396717834   6546.0000
 "MMM"    0.96446195   2.41834171   103.00000000   1.462916951863   0.546119916714   6549.0000
 "MMM"    0.96446195   2.42462312   103.00000000   1.463632347924   0.553264669102   6550.0000
 "MMM"    0.96446195   1.80978098   83.17398869   1.404676121037   -0.148657420349   655.0000
 "MMM"    0.96446195   2.43718593   103.00000000   1.465109912742   0.567927268157   6552.0000
 "MMM"    0.96446195   2.44346734   103.00000000   1.465867873894   0.575450841841   6553.0000
 "MMM"    0.96446195   2.44974874   103.00000000   1.466638608835   0.583106317393   6554.0000
 "MMM"    0.96446195   2.45603015   103.00000000   1.467423444542   0.590899526719   6555.0000
 "MMM"    0.96446195   2.46231156   103.00000000   1.468217644497   0.598831812831   6556.0000
 "MMM"    0.96446195   2.46859296   103.00000000   1.469033219966   0.606905313772   6557.0000
 "MMM"    0.96446195   2.48115578   103.00000000   1.470690582186   0.623492522420   6559.0000
 "MMM"    0.96446195   2.48743719   103.00000000   1.471544572351   0.632014147343   6560.0000
 "MMM"    1.35069859   1.71241979   103.00000000   1.719037541085   0.422346720757   656.0000
 "MMM"    0.96446195   2.49371859   103.00000000   1.472405958621   0.640690201524   6561.0000
 "MMM"    0.96446195   2.50000000   103.00000000   1.473288508320   0.649525244791   6562.0000
 "MMM"    0.96446195   1.68888476   40.00000000   0.623702595973   -1.504206032367   6563.0000
 "MMM"    0.96446195   1.68888476   40.70351759   0.636381039236   -1.480872015531   6564.0000
 "MMM"    0.96446195   1.68888476   41.40703518   0.649205018199   -1.457020164758   6565.0000
 "MMM"    0.96446195   1.68888476   42.11055276   0.662174045847   -1.432691134787   6566.0000
 "MMM"    0.96446195   1.68888476   42.81407035   0.675285973013   -1.407924876485   6567.0000
 "MMM"    0.96446195   1.68888476   43.51758794   0.688539014166   -1.382760696953   6568.0000
 "MMM"    0.96446195   1.68888476   44.22110553   0.701929929374   -1.357237812999   6569.0000
 "MMM"    0.96446195   1.68888476   44.92462312   0.715455117383   -1.331393734780   6570.0000
 "MMM"    1.11364398   1.91281494   103.00000000   1.573576333127   0.352858259015   657.0000
 "MMM"    0.96446195   1.68888476   45.62814070   0.729110273067   -1.305265924776   6571.0000
 "MMM"    0.96446195   1.68888476   46.33165829   0.742890053560   -1.278890796313   6572.0000
 "MMM"    0.96446195   1.68888476   47.03517588   0.756789938909   -1.252304217767   6573.0000
 "MMM"    0.96446195   1.68888476   47.73869347   0.770802196531   -1.225540618861   6574.0000
 "MMM"    0.96446195   1.68888476   48.44221106   0.784921489197   -1.198633766048   6575.0000
 "MMM"    0.96446195   1.68888476   49.14572864   0.799138857033   -1.171616482520   6576.0000
 "MMM"    0.96446195   1.68888476   49.84924623   0.813446778102   -1.144520858565   6577.0000
 "MMM"    0.96446195   1.68888476   50.55276382   0.827837157198   -1.117376826922   6578.0000
 "MMM"    0.96446195   1.68888476   51.25628141   0.842300171518   -1.090214025898   6579.0000
 "MMM"    0.96446195   1.68888476   51.95979899   0.856826506513   -1.063060837036   6580.0000
 "MMM"    1.05990995   2.01875962   103.00000000   1.522913286394   0.344411873282   658.0000
 "MMM"    0.96446195   1.68888476   52.66331658   0.871405787209   -1.035944129978   6581.0000
 "MMM"    0.96446195   1.68888476   53.36683417   0.886028101664   -1.008889499980   6582.0000
 "MMM"    0.96446195   1.68888476   54.07035176   0.900681921872   -0.981922062793   6583.0000
 "MMM"    0.96446195   1.68888476   54.77386935   0.915356401878   -0.955064297987   6584.0000
 "MMM"    0.96446195   1.68888476   55.47738693   0.930039742502   -0.928338597146   6585.0000
 "MMM"    0.96446195   1.68888476   56.18090452   0.944720924569   -0.901764968067   6586.0000
 "MMM"    0.96446195   1.68888476   56.88442211   0.959387365136   -0.875362786482   6587.0000
 "MMM"    0.96446195   1.68888476   57.58793970   0.974027223849   -0.849150136973   6588.0000
 "MMM"    0.96446195   1.68888476   58.29145729   0.988628351182   -0.823143215296   6589.0000
 "MMM"    0.96446195   1.68888476   58.99497487   1.003178598621   -0.797357254300   6590.0000
 "MMM"    1.01480848   1.68888476   139.70066466   1.127958905806   0.863096038706   659.0000
 "MMM"    0.96446195   1.68888476   59.69849246   1.017665720133   -0.771806056849   6591.0000
 "MMM"    0.96446195   1.68888476   60.40201005   1.032077486300   -0.746502315250   6592.0000
 "MMM"    0.96446195   1.68888476   61.10552764   1.046402153129   -0.721457021663   6593.0000
 "MMM"    0.96446195   1.68888476   61.80904523   1.060627521975   -0.696680255472   6594.0000
 "MMM"    0.96446195   1.68888476   62.51256281   1.074741877017   -0.672181080134   6595.0000
 "MMM"    0.96446195   1.68888476   63.21608040   1.088733755406   -0.647966820385   6596.0000
 "MMM"    0.96446195   1.68888476   63.91959799   1.102591717264   -0.624044103448   6597.0000
 "MMM"    0.96446195   1.68888476   64.62311558   1.116305195178   -0.600418154591   6598.0000
 "MMM"    0.96446195   1.68888476   65.32663317   1.129863018999   -0.577093778089   6599.0000
 "MMM"    0.96446195   1.68888476   66.03015075   1.143254939300   -0.554073778433   6600.0000
 "MMM"    0.87006977   1.68888476   69.44453355   1.136788756602   -0.440284053220   660.0000
 "MMM"    0.96446195   1.70388476   103.00000000   1.480144109776   0.294055881331   66.0000
 "MMM"    0.96446195   1.68888476   66.73366834   1.156470957022   -0.531360818390   6601.0000
 "MMM"    0.96446195   1.68888476   67.43718593   1.169501802113   -0.508956779129   6602.0000
 "MMM"    0.96446195   1.68888476   68.14070352   1.182337715050   -0.486861698359   6603.0000
 "MMM"    0.96446195   1.68888476   68.84422111   1.194971409815   -0.465075780363   6604.0000
 "MMM"    0.96446195   1.68888476   69.54773869   1.207391252793   -0.443598198183   6605.0000
 "MMM"    0.96446195   1.68888476   70.25125628   1.219593155135   -0.422427252537   6606.0000
 "MMM"    0.96446195   1.68888476   70.95477387   1.231566084806   -0.401561010535   6607.0000
 "MMM"    0.96446195   1.68888476   71.65829146   1.243306339855   -0.380996592412   6608.0000
 "MMM"    0.96446195   1.68888476   72.36180905   1.254803992737   -0.360730727611   6609.0000
 "MMM"    0.96446195   1.68888476   73.06532663   1.266056291112   -0.340759810252   6610.0000
 "MMM"    1.07400071   1.91590042   103.00000000   1.543534939882   0.323994302522   661.0000
 "MMM"    0.96446195   1.68888476   73.76884422   1.277053985446   -0.321079615826   6611.0000
 "MMM"    0.96446195   1.68888476   74.47236181   1.287794660452   -0.301685591585   6612.0000
 "MMM"    0.96446195   1.68888476   75.17587940   1.298272112355   -0.282572897279   6613.0000
 "MMM"    0.96446195   1.68888476   75.87939698   1.308482576501   -0.263736495456   6614.0000
 "MMM"    0.96446195   1.68888476   76.58291457   1.318420271694   -0.245170827552   6615.0000
 "MMM"    0.96446195   1.68888476   77.28643216   1.328083129672   -0.226870463582   6616.0000
 "MMM"    0.96446195   1.68888476   77.98994975   1.337467542100   -0.208829671184   6617.0000
 "MMM"    0.96446195   1.68888476   78.69346734   1.346570246364   -0.191042437572   6618.0000
 "MMM"    0.96446195   1.68888476   79.39698492   1.355388492005   -0.173502942689   6619.0000
 "MMM"    0.96446195   1.68888476   80.10050251   1.363920523397   -0.156205114083   6620.0000
 "MMM"    0.97836319   1.68888476   81.73234928   1.396398632864   -0.112889455290   662.0000
 "MMM"    0.96446195   1.68888476   80.80402010   1.372164235005   -0.139142915132   6621.0000
 "MMM"    0.96446195   1.68888476   81.50753769   1.380117103190   -0.122310218631   6622.0000
 "MMM"    0.96446195   1.68888476   82.21105528   1.387778472626   -0.105701116103   6623.0000
 "MMM"    0.96446195   1.68888476   82.91457286   1.395147189270   -0.089309448849   6624.0000
 "MMM"    0.96446195   1.68888476   83.61809045   1.402222343960   -0.073129469767   6625.0000
 "MMM"    0.96446195   1.68888476   84.32160804   1.409002926980   -0.057155215050   6626.0000
 "MMM"    0.96446195   1.68888476   85.02512563   1.415488770597   -0.041380908703   6627.0000
 "MMM"    0.96446195   1.68888476   85.72864322   1.421679942425   -0.025801122331   6628.0000
 "MMM"    0.96446195   1.68888476   86.43216080   1.427575567686   -0.010410205632   6629.0000
 "MMM"    0.96446195   1.68888476   87.13567839   1.433176349957   0.004797245663   6630.0000
 "MMM"    0.96446195   1.81460882   123.80771861   1.305145675738   0.521803067040   663.0000
 "MMM"    0.96446195   1.68888476   87.83919598   1.438482166150   0.019826167443   6631.0000
 "MMM"    0.96446195   1.68888476   88.54271357   1.443494081890   0.034681882926   6632.0000
 "MMM"    0.96446195   1.68888476   89.24623116   1.448211864432   0.049368949053   6633.0000
 "MMM"    0.96446195   1.68888476   89.94974874   1.452636848411   0.063892251290   6634.0000
 "MMM"    0.96446195   1.68888476   90.65326633   1.456769427222   0.078256222186   6635.0000
 "MMM"    0.96446195   1.68888476   91.35678392   1.460610976387   0.092465166867   6636.0000
 "MMM"    0.96446195   1.68888476   92.06030151   1.464161675482   0.106523155687   6637.0000
 "MMM"    0.96446195   1.68888476   92.76381910   1.467423293569   0.120434091706   6638.0000
 "MMM"    0.96446195   1.68888476   93.46733668   1.470396782286   0.134201684533   6639.0000
 "MMM"    0.96446195   1.68888476   94.17085427   1.473083177497   0.147829532824   6640.0000
 "MMM"    0.85859636   1.73950169   103.00000000   1.367962653431   0.166080945458   664.0000
 "MMM"    0.96446195   1.68888476   94.87437186   1.475483911355   0.161320914362   6641.0000
 "MMM"    0.96446195   1.68888476   95.57788945   1.477600291043   0.174678713677   6642.0000
 "MMM"    0.96446195   1.68888476   96.28140704   1.479433472048   0.187906131258   6643.0000
 "MMM"    0.96446195   1.68888476   96.98492462   1.480984870631   0.201005749835   6644.0000
 "MMM"    0.96446195   1.68888476   97.68844221   1.482256139553   0.213980135519   6645.0000
 "MMM"    0.96446195   1.68888476   98.39195980   1.483248334616   0.226831580795   6646.0000
 "MMM"    0.96446195   1.68888476   99.09547739   1.483963205665   0.239562234252   6647.0000
 "MMM"    0.96446195   1.68888476   99.79899497   1.484402184130   0.252174036004   6648.0000
 "MMM"    0.96446195   1.68888476   100.50251256   1.484566614469   0.264668746734   6649.0000
 "MMM"    0.96446195   1.68888476   101.20603015   1.484458091075   0.277047956935   6650.0000
 "MMM"    0.89315411   1.96466320   103.00000000   1.387226041524   0.159572566071   665.0000
 "MMM"    0.96446195   1.68888476   101.90954774   1.484077974443   0.289313083589   6651.0000
 "MMM"    0.96446195   1.68888476   102.61306533   1.483427752201   0.301465243755   6652.0000
 "MMM"    0.96446195   1.68888476   103.31658291   1.482509110483   0.313505591908   6653.0000
 "MMM"    0.96446195   1.68888476   104.02010050   1.481323199432   0.325435001239   6654.0000
 "MMM"    0.96446195   1.68888476   104.72361809   1.479871782908   0.337254189485   6655.0000
 "MMM"    0.96446195   1.68888476   105.42713568   1.478156031134   0.348963715463   6656.0000
 "MMM"    0.96446195   1.68888476   106.13065327   1.476177568121   0.360563997421   6657.0000
 "MMM"    0.96446195   1.68888476   106.83417085   1.473937663491   0.372055255245   6658.0000
 "MMM"    0.96446195   1.68888476   107.53768844   1.471438179343   0.383437621849   6659.0000
 "MMM"    0.96446195   1.68888476   108.24120603   1.468679858988   0.394711029621   6660.0000
 "MMM"    0.96446195   1.82128550   120.52165581   1.342056055200   0.483376460293   666.0000
 "MMM"    0.96446195   1.68888476   108.94472362   1.465664615812   0.405875349402   6661.0000
 "MMM"    0.96446195   1.68888476   109.64824121   1.462393587680   0.416930241972   6662.0000
 "MMM"    0.96446195   1.68888476   110.35175879   1.458867961572   0.427875251088   6663.0000
 "MMM"    0.96446195   1.68888476   111.05527638   1.455088996998   0.438709820533   6664.0000
 "MMM"    0.96446195   1.68888476   111.75879397   1.451058381535   0.449433224622   6665.0000
 "MMM"    0.96446195   1.68888476   112.46231156   1.446777218662   0.460044663415   6666.0000
 "MMM"    0.96446195   1.68888476   113.16582915   1.442246573427   0.470543134274   6667.0000
 "MMM"    0.96446195   1.68888476   113.86934673   1.437468230637   0.480927729049   6668.0000
 "MMM"    0.96446195   1.68888476   114.57286432   1.432443033722   0.491197213802   6669.0000
 "MMM"    0.96446195   1.68888476   115.27638191   1.427172045851   0.501350046439   6670.0000
 "MMM"    0.96446195   2.08097710   98.67262656   1.461512842293   0.196353122763   667.0000
 "MMM"    0.96446195   1.68888476   115.97989950   1.421656190635   0.511385295693   6671.0000
 "MMM"    0.96446195   1.68888476   116.68341709   1.415897651046   0.521301141938   6672.0000
 "MMM"    0.96446195   1.68888476   117.38693467   1.409896997317   0.531096152877   6673.0000
 "MMM"    0.96446195   1.68888476   118.09045226   1.403654807913   0.540768587910   6674.0000
 "MMM"    0.96446195   1.68888476   118.79396985   1.397173141850   0.550316667720   6675.0000
 "MMM"    0.96446195   1.68888476   119.49748744   1.390452236642   0.559738623967   6676.0000
 "MMM"    0.96446195   1.68888476   120.20100503   1.383493627448   0.569032297949   6677.0000
 "MMM"    0.96446195   1.68888476   120.90452261   1.376298283821   0.578195796938   6678.0000
 "MMM"    0.96446195   1.68888476   121.60804020   1.368867329031   0.587226948652   6679.0000
 "MMM"    0.96446195   1.68888476   122.31155779   1.361201566776   0.596123561014   6680.0000
 "MMM"    1.15804522   1.68888476   130.59806278   1.357556458344   0.942470256622   668.0000
 "MMM"    0.96446195   1.68888476   123.01507538   1.353302008217   0.604883356712   6681.0000
 "MMM"    0.96446195   1.68888476   123.71859296   1.345169809997   0.613503885499   6682.0000
 "MMM"    0.96446195   1.68888476   124.42211055   1.336805730162   0.621982809526   6683.0000
 "MMM"    0.96446195   1.68888476   125.12562814   1.328210862509   0.630317549968   6684.0000
 "MMM"    0.96446195   1.68888476   125.82914573   1.319385735518   0.638505607313   6685.0000
 "MMM"    0.96446195   1.68888476   126.53266332   1.310331801711   0.646544205818   6686.0000
 "MMM"    0.96446195   1.68888476   127.23618090   1.301049448995   0.654430626951   6687.0000
 "MMM"    0.96446195   1.68888476   127.93969849   1.291540423316   0.662162207948   6688.0000
 "MMM"    0.96446195   1.68888476   128.64321608   1.281803935567   0.669736061967   6689.0000
 "MMM"    0.96446195   1.68888476   129.34673367   1.271842227956   0.677149255213   6690.0000
 "MMM"    1.09971838   1.68888476   106.84932749   1.594117723408   0.471890569030   669.0000
 "MMM"    0.96446195   1.68888476   130.05025126   1.261655939626   0.684398848257   6691.0000
 "MMM"    0.96446195   1.68888476   130.75376884   1.251244724568   0.691481869308   6692.0000
 "MMM"    0.96446195   1.68888476   131.45728643   1.240610623015   0.698395287486   6693.0000
 "MMM"    0.96446195   1.68888476   132.16080402   1.229754378422   0.705135867049   6694.0000
 "MMM"    0.96446195   1.68888476   132.86432161   1.218675264816   0.711700514560   6695.0000
 "MMM"    0.96446195   1.68888476   133.56783920   1.207375271000   0.718086113757   6696.0000
 "MMM"    0.96446195   1.68888476   134.27135678   1.195855686822   0.724289432655   6697.0000
 "MMM"    0.96446195   1.68888476   134.97487437   1.184115510943   0.730307174833   6698.0000
 "MMM"    0.96446195   1.68888476   135.67839196   1.172155546053   0.736136216805   6699.0000
 "MMM"    0.96446195   1.68888476   136.38190955   1.159978056173   0.741772912817   6700.0000
 "MMM"    1.14974437   1.68888476   138.73586339   1.199756641756   1.062472937745   670.0000
 "MMM"    0.96446195   1.66888476   103.00000000   1.486897309265   0.329216874615   67.0000
 "MMM"    0.96446195   1.68888476   137.08542714   1.147581940136   0.747214288333   6701.0000
 "MMM"    0.96446195   1.68888476   137.78894472   1.134967727722   0.752456928178   6702.0000
 "MMM"    0.96446195   1.68888476   138.49246231   1.122137094374   0.757497618859   6703.0000
 "MMM"    0.96446195   1.68888476   139.19597990   1.109089670099   0.762332686594   6704.0000
 "MMM"    0.96446195   1.68888476   139.89949749   1.095827450345   0.766959219261   6705.0000
 "MMM"    0.96446195   1.68888476   140.60301508   1.082347738107   0.771373941097   6706.0000
 "MMM"    0.96446195   1.68888476   141.30653266   1.068654114704   0.775573364692   6707.0000
 "MMM"    0.96446195   1.68888476   142.01005025   1.054745008424   0.779554473179   6708.0000
 "MMM"    0.96446195   1.68888476   142.71356784   1.040622126784   0.783313931709   6709.0000
 "MMM"    0.96446195   1.68888476   143.41708543   1.026284728929   0.786848936222   6710.0000
 "MMM"    0.96446195   1.84510569   151.35703887   0.788128067605   0.618065948070   671.0000
 "MMM"    0.96446195   1.68888476   144.12060302   1.011733016398   0.790156479533   6711.0000
 "MMM"    0.96446195   1.68888476   144.82412060   0.996968579830   0.793233790233   6712.0000
 "MMM"    0.96446195   1.68888476   145.52763819   0.981990178931   0.796077795977   6713.0000
 "MMM"    0.96446195   1.68888476   146.23115578   0.966798375553   0.798686295446   6714.0000
 "MMM"    0.96446195   1.68888476   146.93467337   0.951393695431   0.801056695076   6715.0000
 "MMM"    0.96446195   1.68888476   147.63819095   0.935775721906   0.803186852056   6716.0000
 "MMM"    0.96446195   1.68888476   148.34170854   0.919945056561   0.805074758080   6717.0000
 "MMM"    0.96446195   1.68888476   149.04522613   0.903901206456   0.806718698843   6718.0000
 "MMM"    0.96446195   1.68888476   149.74874372   0.887644586950   0.808117273542   6719.0000
 "MMM"    0.96446195   1.68888476   150.45226131   0.871174523790   0.809269249253   6720.0000
 "MMM"    1.04603956   1.57862612   103.00000000   1.592555861433   0.507305850829   672.0000
 "MMM"    0.96446195   1.68888476   151.15577889   0.854492554882   0.810173970795   6721.0000
 "MMM"    0.96446195   1.68888476   151.85929648   0.837597063295   0.810831166850   6722.0000
 "MMM"    0.96446195   1.68888476   152.56281407   0.820488397640   0.811240928145   6723.0000
 "MMM"    0.96446195   1.68888476   153.26633166   0.803165988118   0.811403641433   6724.0000
 "MMM"    0.96446195   1.68888476   153.96984925   0.785631588043   0.811320833206   6725.0000
 "MMM"    0.96446195   1.68888476   154.67336683   0.767883076710   0.810994018686   6726.0000
 "MMM"    0.96446195   1.68888476   155.37688442   0.749921137904   0.810425887079   6727.0000
 "MMM"    0.96446195   1.68888476   156.08040201   0.731745409145   0.809619289829   6728.0000
 "MMM"    0.96446195   1.68888476   156.78391960   0.713356475257   0.808578342080   6729.0000
 "MMM"    0.96446195   1.68888476   157.48743719   0.694753686981   0.807307940857   6730.0000
 "MMM"    0.81395861   1.49251145   103.00000000   1.344110908700   0.551889361056   673.0000
 "MMM"    0.96446195   1.68888476   158.19095477   0.675937657601   0.805813738488   6731.0000
 "MMM"    0.96446195   1.68888476   158.89447236   0.656908249148   0.804102509847   6732.0000
 "MMM"    0.96446195   1.68888476   159.59798995   0.637665874376   0.802182006005   6733.0000
 "MMM"    0.96446195   1.68888476   160.30150754   0.618211084593   0.800060951201   6734.0000
 "MMM"    0.96446195   1.68888476   161.00502513   0.598543376891   0.797749481884   6735.0000
 "MMM"    0.96446195   1.68888476   161.70854271   0.578665724361   0.795258943015   6736.0000
 "MMM"    0.96446195   1.68888476   162.41206030   0.558577196602   0.792601676846   6737.0000
 "MMM"    0.96446195   1.68888476   163.11557789   0.538279615119   0.789791687923   6738.0000
 "MMM"    0.96446195   1.68888476   163.81909548   0.517774501348   0.786844126024   6739.0000
 "MMM"    0.96446195   1.68888476   164.52261307   0.497063098759   0.783775342501   6740.0000
 "MMM"    1.12818834   1.68888476   110.34425205   1.593922035231   0.555082360966   674.0000
 "MMM"    0.96446195   1.68888476   165.22613065   0.476149586209   0.780603415725   6741.0000
 "MMM"    0.96446195   1.68888476   165.92964824   0.455034409537   0.777347450109   6742.0000
 "MMM"    0.96446195   1.68888476   166.63316583   0.433721144863   0.774027629271   6743.0000
 "MMM"    0.96446195   1.68888476   167.33668342   0.412214464124   0.770666053396   6744.0000
 "MMM"    0.96446195   1.68888476   168.04020101   0.390519197890   0.767285157412   6745.0000
 "MMM"    0.96446195   1.68888476   168.74371859   0.368636206348   0.763908876878   6746.0000
 "MMM"    0.96446195   1.68888476   169.44723618   0.346575307387   0.760561711951   6747.0000
 "MMM"    0.96446195   1.68888476   170.15075377   0.324340586823   0.757268841226   6748.0000
 "MMM"    0.96446195   1.68888476   170.85427136   0.301939061666   0.754056073056   6749.0000
 "MMM"    0.96446195   1.68888476   171.55778894   0.279379034872   0.750949189785   6750.0000
 "MMM"    1.14694018   1.68888476   117.63321704   1.538651859012   0.704173298734   675.0000
 "MMM"    0.96446195   1.68888476   172.26130653   0.256666518357   0.747974057409   6751.0000
 "MMM"    0.96446195   1.68888476   172.96482412   0.233813757722   0.745155783301   6752.0000
 "MMM"    0.96446195   1.68888476   173.66834171   0.210828775213   0.742519027546   6753.0000
 "MMM"    0.96446195   1.68888476   174.37185930   0.187723151858   0.740088260251   6754.0000
 "MMM"    0.96446195   1.68888476   175.07537688   0.164506528280   0.737884527532   6755.0000
 "MMM"    0.96446195   1.68888476   175.77889447   0.141193090915   0.735929610871   6756.0000
 "MMM"    0.96446195   1.68888476   176.48241206   0.117793316015   0.734241792344   6757.0000
 "MMM"    0.96446195   1.68888476   177.18592965   0.094322531201   0.732837438183   6758.0000
 "MMM"    0.96446195   1.68888476   177.88944724   0.070793405087   0.731730380002   6759.0000
 "MMM"    0.96446195   1.68888476   178.59296482   0.047220548280   0.730931588724   6760.0000
 "MMM"    1.03493339   2.17699541   103.00000000   1.499583737212   0.407596791643   676.0000
 "MMM"    0.96446195   1.68888476   179.29648241   0.023617361436   0.730449076915   6761.0000
 "MMM"    2.01000000   1.68888476   103.00000000   0.862527078551   -0.382189280505   6762.0000
 "MMM"    2.02000000   1.68888476   103.00000000   0.846941543057   -0.394886787439   6763.0000
 "MMM"    2.03000000   1.68888476   103.00000000   0.831718446735   -0.407277365427   6764.0000
 "MMM"    2.04000000   1.68888476   103.00000000   0.816872481240   -0.419347679116   6765.0000
 "MMM"    2.05000000   1.68888476   103.00000000   0.802421539730   -0.431089574501   6766.0000
 "MMM"    2.06000000   1.68888476   103.00000000   0.788377794269   -0.442496865720   6767.0000
 "MMM"    2.07000000   1.68888476   103.00000000   0.774754200248   -0.453563292654   6768.0000
 "MMM"    2.08000000   1.68888476   103.00000000   0.761561860058   -0.464280257044   6769.0000
 "MMM"    2.09000000   1.68888476   103.00000000   0.748810677261   -0.474642884981   6770.0000
 "MMM"    1.09803529   1.68888476   79.86590793   1.490870318791   -0.138683728922   677.0000
 "MMM"    2.11000000   1.68888476   103.00000000   0.724679571750   -0.494290486790   6772.0000
 "MMM"    2.12000000   1.68888476   103.00000000   0.713316854218   -0.503551692836   6773.0000
 "MMM"    2.13000000   1.68888476   103.00000000   0.702436968789   -0.512447660998   6774.0000
 "MMM"    2.14000000   1.68888476   103.00000000   0.692044093596   -0.520969082793   6775.0000
 "MMM"    2.15000000   1.68888476   103.00000000   0.682149272664   -0.529114101466   6776.0000
 "MMM"    2.16000000   1.68888476   103.00000000   0.672754951618   -0.536862356710   6777.0000
 "MMM"    2.17000000   1.68888476   103.00000000   0.663872007471   -0.544236675982   6778.0000
 "MMM"    2.18000000   1.68888476   103.00000000   0.655502949128   -0.551230756543   6779.0000
 "MMM"    2.19000000   1.68888476   103.00000000   0.647660646161   -0.557830224720   6780.0000
 "MMM"    1.28922210   1.68888476   116.25162577   1.594250476650   0.720305320304   678.0000
 "MMM"    2.20000000   1.68888476   103.00000000   0.640325598594   -0.564046566621   6781.0000
 "MMM"    2.23000000   1.68888476   103.00000000   0.621529530924   -0.580373438718   6784.0000
 "MMM"    2.24000000   1.68888476   103.00000000   0.616334365332   -0.585045995571   6785.0000
 "MMM"    2.25000000   1.68888476   103.00000000   0.611686918886   -0.589332994973   6786.0000
 "MMM"    2.26000000   1.68888476   103.00000000   0.607561222580   -0.593234376533   6787.0000
 "MMM"    1.41370752   1.68888476   101.91999210   1.721508979153   0.378087148754   679.0000
 "MMM"    2.31000000   1.68888476   103.00000000   0.595121349990   -0.607086186480   6792.0000
 "MMM"    2.33000000   1.68888476   103.00000000   0.593933306820   -0.610020694891   6794.0000
 "MMM"    2.38000000   1.68888476   103.00000000   0.600405819997   -0.611089918719   6799.0000
 "MMM"    0.83550419   1.68888476   105.78786158   1.344560791342   0.227973638931   680.0000
 "MMM"    0.96446195   1.70888476   103.00000000   1.479234009104   0.289703526798   68.0000
 "MMM"    2.40000000   1.68888476   103.00000000   0.606714211572   -0.609075191043   6801.0000
 "MMM"    2.41000000   1.68888476   103.00000000   0.610658288972   -0.607568164897   6802.0000
 "MMM"    2.42000000   1.68888476   103.00000000   0.615125896119   -0.605746600604   6803.0000
 "MMM"    2.46000000   1.68888476   103.00000000   0.638146066541   -0.595181343473   6807.0000
 "MMM"    2.47000000   1.68888476   103.00000000   0.645171412742   -0.591737249182   6808.0000
 "MMM"    2.48000000   1.68888476   103.00000000   0.652700792904   -0.588024579963   6809.0000
 "MMM"    1.22073069   1.68888476   113.85529393   1.609811862189   0.662867269197   681.0000
 "MMM"    2.51000000   1.68888476   103.00000000   0.678232553224   -0.575068098995   6812.0000
 "MMM"    2.55040816   1.68888476   103.00000000   0.719472624170   -0.553599985660   6814.0000
 "MMM"    2.65142857   1.68888476   103.00000000   0.855030752160   -0.481728012001   6819.0000
 "MMM"    1.11838612   1.68888476   129.11756733   1.368053599193   0.879960735055   682.0000
 "MMM"    2.69183673   1.68888476   103.00000000   0.921334485454   -0.446514404436   6821.0000
 "MMM"    2.77265306   1.68888476   103.00000000   1.072665976533   -0.366747883232   6825.0000
 "MMM"    2.79285714   1.68888476   103.00000000   1.114116747174   -0.345055157685   6826.0000
 "MMM"    0.96446195   1.75523046   130.96658906   1.224911647164   0.618546271993   683.0000
 "MMM"    2.93428571   1.68888476   103.00000000   1.439557855248   -0.177786483573   6833.0000
 "MMM"    2.99489796   1.68888476   103.00000000   1.595265159517   -0.099553229994   6836.0000
 "MMM"    3.01510204   1.68888476   103.00000000   1.648971247734   -0.072840274481   6837.0000
 "MMM"    0.96446195   1.68132645   102.83178342   1.484625290221   0.312863807270   684.0000
 "MMM"    3.19693878   1.68888476   103.00000000   2.164372425771   0.176908755919   6846.0000
 "MMM"    3.25755102   1.68888476   103.00000000   2.345585641700   0.262019045846   6849.0000
 "MMM"    0.96124704   1.86812440   103.00000000   1.454057121952   0.220829861006   685.0000
 "MMM"    3.29795918   1.68888476   103.00000000   2.468075799461   0.318776108511   6851.0000
 "MMM"    0.75190899   1.68888476   117.24245552   1.211164480380   0.238021892696   686.0000
 "MMM"    0.96446195   2.53000000   103.00000000   1.477660273112   0.694012314837   6864.0000
 "MMM"    0.96446195   1.44375189   89.43526196   1.499739775167   0.520458229748   687.0000
 "MMM"    0.81590014   1.68888476   130.35773173   1.141848053410   0.426552422531   688.0000
 "MMM"    0.96446195   2.00628585   91.72719817   1.462535439486   0.030738203114   689.0000
 "MMM"    0.96446195   2.81000000   103.00000000   1.531388908367   1.345667959032   6892.0000
 "MMM"    0.96446195   1.67632682   112.69912131   1.448500327822   0.477747462621   690.0000
 "MMM"    0.96446195   1.66388476   103.00000000   1.487917658183   0.334937249154   69.0000
 "MMM"    0.96446195   1.59322078   85.51935980   1.426776699259   0.085322035888   691.0000
 "MMM"    1.09295988   1.56823384   103.00000000   1.639328395819   0.542534576822   692.0000
 "MMM"    0.96446195   1.67760620   116.44500618   1.421000667134   0.531229367852   693.0000
 "MMM"    0.96446195   1.73930311   78.94845470   1.354626054963   -0.218382094691   694.0000
 "MMM"    1.15900629   1.68888476   112.03482246   1.599571496075   0.603663560020   695.0000
 "MMM"    0.95457881   1.94537734   103.00000000   1.441915087980   0.221335465813   696.0000
 "MMM"    0.96446195   1.68888476   179.40000000   0.020142950831   0.730405105388   6962.0000
 "MMM"    0.96446195   1.68888476   179.50000000   0.016786173741   0.730369257816   6963.0000
 "MMM"    0.96446195   1.68888476   179.60000000   0.013429220396   0.730339886638   6964.0000
 "MMM"    0.96446195   1.68888476   179.70000000   0.010072055399   0.730317046756   6965.0000
 "MMM"    0.96446195   1.68888476   179.80000000   0.006715003957   0.730300738890   6966.0000
 "MMM"    0.96446195   1.68888476   179.90000000   0.003357252836   0.730290955095   6967.0000
 "MMM"    0.96446195   1.68888476   179.99000000   0.000335753441   0.730287716753   6968.0000
 "MMM"    0.96446195   1.68888476   179.91000000   0.003021935412   0.730290334587   6969.0000
 "MMM"    0.96446195   1.68888476   179.92000000   0.002685940413   0.730289779814   6970.0000
 "MMM"    0.96446195   1.74102432   120.40597994   1.366047171873   0.520305568396   697.0000
 "MMM"    0.96446195   1.68888476   179.93000000   0.002350190295   0.730289279652   6971.0000
 "MMM"    0.96446195   1.68888476   179.94000000   0.002014475717   0.730288861983   6972.0000
 "MMM"    0.96446195   1.68888476   179.96000000   0.001342820317   0.730288203479   6973.0000
 "MMM"    0.96446195   1.68888476   179.97000000   0.001007076122   0.730287976658   6974.0000
 "MMM"    0.96446195   1.68888476   179.98000000   0.000671498359   0.730287820773   6975.0000
 "MMM"    1.25635136   1.62580069   103.00000000   1.721479506412   0.483125261602   698.0000
 "MMM"    0.86539253   1.80459724   103.00000000   1.369599630927   0.135516201177   699.0000
 "MMM"    0.96446195   1.83785828   111.19790339   1.421619728767   0.356437885036   700.0000
 "MMM"    0.96446195   1.71388476   103.00000000   1.478337628081   0.285512082541   70.0000
 "MMM"    0.97946195   1.68888476   103.00000000   1.497982277603   0.319842391032   7.0000
 "MMM"    0.91380283   1.50440340   103.00000000   1.467479729860   0.594610509660   701.0000
 "MMM"    0.90579268   1.68888476   133.36186542   1.169077446391   0.610749273164   702.0000
 "MMM"    1.38118121   1.68888476   96.96547117   1.754310894652   0.285673670247   703.0000
 "MMM"    0.81195539   2.14649562   103.00000000   1.321176147726   0.147184713694   704.0000
 "MMM"    1.24198709   1.61086543   103.00000000   1.720486275051   0.498801305686   705.0000
 "MMM"    0.91169783   1.43261052   103.00000000   1.484036353043   0.809864401621   706.0000
 "MMM"    1.13695796   1.68888476   117.70661611   1.532648515790   0.699110562479   707.0000
 "MMM"    0.96446195   1.64362173   83.87836578   1.405824564117   -0.021393290658   708.0000
 "MMM"    1.07526710   1.68888476   138.74848410   1.175569616875   0.958031345415   709.0000
 "MMM"    0.86050315   2.05519506   103.00000000   1.358361594692   0.154680678038   710.0000
 "MMM"    0.96446195   1.65888476   103.00000000   1.488952126792   0.340838737814   71.0000
 "MMM"    1.13470737   1.68888476   95.57027194   1.640505658626   0.255161517999   711.0000
 "MMM"    1.32209806   1.66793391   103.00000000   1.725593726288   0.443132851248   712.0000
 "MMM"    0.89687567   1.69043297   103.00000000   1.413001838763   0.248300302069   713.0000
 "MMM"    0.95480681   1.68888476   135.64658416   1.166372954316   0.718125144194   714.0000
 "MMM"    1.12412423   1.68888476   100.30862615   1.632893151675   0.352566802886   715.0000
 "MMM"    0.96446195   1.73675022   66.89777077   1.175223769891   -0.547334416048   716.0000
 "MMM"    1.21675198   1.66688342   103.00000000   1.693380513778   0.450396309135   717.0000
 "MMM"    0.96446195   1.79506507   111.67594669   1.427021621504   0.373806565069   718.0000
 "MMM"    1.00109608   1.82515415   103.00000000   1.494933031620   0.262456311595   719.0000
 "MMM"    0.81812247   1.68888476   78.27755864   1.206501451462   -0.244839703141   720.0000
 "MMM"    0.96446195   1.71888476   103.00000000   1.477454566518   0.281479516416   72.0000
 "MMM"    0.88953358   2.15159459   103.00000000   1.385078661880   0.242162561945   721.0000
 "MMM"    1.16215569   1.88220093   103.00000000   1.611438617851   0.378310085524   722.0000
 "MMM"    0.96446195   1.62043024   120.40257055   1.401784910913   0.674110495014   723.0000
 "MMM"    0.92039554   1.41930894   103.00000000   1.499446976603   0.860943291636   724.0000
 "MMM"    0.96446195   1.68574450   104.37583481   1.481257108649   0.334589516376   725.0000
 "MMM"    0.96446195   1.74517606   80.48690029   1.372617586999   -0.184599239083   726.0000
 "MMM"    0.96446195   1.56063088   76.89319356   1.317630734720   -0.078906931155   727.0000
 "MMM"    0.96446195   1.80020396   117.30565867   1.380591523694   0.449191731278   728.0000
 "MMM"    0.75010381   1.68888476   104.92037381   1.256820051723   0.119682589757   729.0000
 "MMM"    0.96446195   1.69267806   84.97073003   1.414944048959   -0.045866236509   730.0000
 "MMM"    0.96446195   1.65388476   103.00000000   1.490000778516   0.346923612130   73.0000
 "MMM"    0.90211790   2.00816303   103.00000000   1.394048065642   0.183186071836   731.0000
 "MMM"    0.96446195   1.69830932   71.53325870   1.243274395775   -0.390816248846   732.0000
 "MMM"    0.93683790   1.56983116   103.00000000   1.478827572834   0.460379227417   733.0000
 "MMM"    0.99415086   1.68888476   72.41396062   1.280557399257   -0.360038671451   734.0000
 "MMM"    0.96446195   1.70734730   127.61326337   1.289862282252   0.634993625873   735.0000
 "MMM"    0.77703118   1.68888476   112.50762159   1.261933637534   0.233223294630   736.0000
 "MMM"    0.96446195   1.55195111   106.13111877   1.509724541103   0.571834786025   737.0000
 "MMM"    1.09048478   1.68888476   75.55240003   1.419451546442   -0.267156805450   738.0000
 "MMM"    0.90651856   1.52554842   103.00000000   1.453595518723   0.536234088304   739.0000
 "MMM"    0.95131379   1.59610653   103.00000000   1.488831098905   0.422226429100   740.0000
 "MMM"    0.96446195   1.72388476   103.00000000   1.476584647292   0.277603613232   74.0000
 "MMM"    0.96446195   1.76600175   90.75933577   1.453142691451   0.027072767169   741.0000
 "MMM"    0.97354681   1.68888476   112.74850528   1.453335175815   0.473744196738   742.0000
 "MMM"    1.02175520   1.75372302   103.00000000   1.525386678014   0.304288931955   743.0000
 "MMM"    0.96446195   1.76883576   103.94411146   1.467250873057   0.265136256994   744.0000
 "MMM"    0.96446195   2.11595493   120.47650894   1.283405664617   0.641697996394   745.0000
 "MMM"    0.85743270   1.68888476   131.33312244   1.161859635908   0.508572519037   746.0000
 "MMM"    0.83299217   1.71436778   103.00000000   1.343680060691   0.161098570650   747.0000
 "MMM"    0.86772205   1.64716156   103.00000000   1.387528242621   0.274406490812   748.0000
 "MMM"    0.96446195   1.61633018   86.74757175   1.435519726948   0.078661384501   749.0000
 "MMM"    0.96446195   1.68904528   127.07581840   1.303132698486   0.652429744036   750.0000
 "MMM"    0.96446195   1.64888476   103.00000000   1.491063845955   0.353194034849   75.0000
 "MMM"    0.86830020   2.09453381   103.00000000   1.365725463286   0.183916865877   751.0000
 "MMM"    1.01052957   1.66573117   103.00000000   1.533719749225   0.366049410344   752.0000
 "MMM"    1.01990968   2.14573882   103.00000000   1.488307069861   0.374050863628   753.0000
 "MMM"    1.12566964   1.71289761   103.00000000   1.622161017426   0.391922774214   754.0000
 "MMM"    0.97320610   1.68888476   112.79606184   1.452713503716   0.474116092330   755.0000
 "MMM"    1.02107641   1.74299859   103.00000000   1.526857245470   0.309703212886   756.0000
 "MMM"    1.05304622   1.68888476   116.18097936   1.493414247179   0.605741179433   757.0000
 "MMM"    0.96446195   1.78649420   145.52548966   0.944243707229   0.656398060241   758.0000
 "MMM"    1.04893605   1.63337531   103.00000000   1.578952775081   0.427423998707   759.0000
 "MMM"    0.90871276   1.90457543   103.00000000   1.403720615530   0.167197601209   760.0000
 "MMM"    0.96446195   1.72888476   103.00000000   1.475728266258   0.273882157799   76.0000
 "MMM"    1.31464132   1.68888476   107.31079312   1.689457495787   0.529121034538   761.0000
 "MMM"    0.96446195   1.83575875   102.50964026   1.461682695681   0.219079118813   762.0000
 "MMM"    1.00132935   1.68888476   129.32976651   1.298206275554   0.733459717354   763.0000
 "MMM"    0.96446195   2.17509581   112.55880240   1.371627205062   0.541001218469   764.0000
 "MMM"    0.79559854   1.68888476   93.69872460   1.292224613404   0.017350213610   765.0000
 "MMM"    1.07554794   1.68888476   108.08382501   1.568962407240   0.480507205449   766.0000
 "MMM"    0.70584622   1.68888476   128.41054029   1.076195886816   0.215403814846   767.0000
 "MMM"    0.87100867   1.68888476   88.50016494   1.345584949411   -0.016458446447   768.0000
 "MMM"    0.78727020   1.68888476   75.27930204   1.148425419523   -0.318863911428   769.0000
 "MMM"    0.96446195   1.87261458   106.59302215   1.442584237945   0.283314668455   770.0000
 "MMM"    0.96446195   1.64388476   103.00000000   1.492140887746   0.359652433103   77.0000
 "MMM"    0.73643653   1.68888476   146.72181837   0.832063265367   0.251710790127   771.0000
 "MMM"    0.96446195   1.66415801   112.92023195   1.450266624315   0.496000526860   772.0000
 "MMM"    0.96446195   1.75796138   111.56029010   1.435870017171   0.389696909237   773.0000
 "MMM"    1.15455349   1.71376369   103.00000000   1.642798488008   0.403801343091   774.0000
 "MMM"    1.00418267   1.83641904   103.00000000   1.496104053521   0.263286042006   775.0000
 "MMM"    1.38793888   1.68888476   114.40689195   1.599608615435   0.654019698466   776.0000
 "MMM"    0.96446195   1.67403057   65.09147020   1.120167134411   -0.576545649943   777.0000
 "MMM"    0.92269316   1.76622176   103.00000000   1.429284323109   0.212328542937   778.0000
 "MMM"    0.96446195   1.77536309   87.20709558   1.432930379712   -0.049797609610   779.0000
 "MMM"    0.73793827   1.49454263   103.00000000   1.247736172462   0.476298977580   780.0000
 "MMM"    0.96446195   1.73388476   103.00000000   1.474885018315   0.270313008461   78.0000
 "MMM"    0.96446195   1.79741259   80.22969215   1.375956450705   -0.211838667385   781.0000
 "MMM"    1.19633766   1.42391849   103.00000000   1.754623254883   0.842040880367   782.0000
 "MMM"    0.89255383   1.53838775   103.00000000   1.434010724279   0.495660230638   783.0000
 "MMM"    1.28505796   1.61789328   103.00000000   1.730987871709   0.484233101666   784.0000
 "MMM"    0.96446195   1.67555604   100.87645427   1.486939711103   0.284822912067   785.0000
 "MMM"    1.21080238   1.72321595   103.00000000   1.674914436991   0.417099525129   786.0000
 "MMM"    0.96446195   1.74773622   102.89769501   1.472797916042   0.259483443530   787.0000
 "MMM"    0.96446195   1.66598753   108.91407896   1.471202755994   0.431052450662   788.0000
 "MMM"    0.96562428   1.68888476   100.23154051   1.485726180310   0.260720846459   789.0000
 "MMM"    1.03451058   1.60380827   103.00000000   1.573628818250   0.460988569979   790.0000
 "MMM"    0.96446195   1.63888476   103.00000000   1.493232512983   0.366301027715   79.0000
 "MMM"    0.96446195   1.75072609   71.27584008   1.251831510412   -0.423891824402   791.0000
 "MMM"    0.96446195   1.60949223   104.37079153   1.498255296059   0.433616754816   792.0000
 "MMM"    0.91294101   1.68888476   107.13455655   1.421405970887   0.328002448095   793.0000
 "MMM"    1.00658767   1.68888476   107.25417412   1.512658098021   0.414929707380   794.0000
 "MMM"    0.70178476   1.71829738   103.00000000   1.209864555129   0.006802372157   795.0000
 "MMM"    1.06028045   1.68888476   63.59813489   1.154725010002   -0.686111621016   796.0000
 "MMM"    0.90231259   1.68888476   116.28198619   1.362057763175   0.440200594723   797.0000
 "MMM"    1.44401301   1.66951658   103.00000000   1.701222672995   0.382646865098   798.0000
 "MMM"    0.96446195   1.73027836   101.86300788   1.477017837049   0.253544391547   799.0000
 "MMM"    1.22823220   1.71959675   103.00000000   1.684772661695   0.422423993536   800.0000
 "MMM"    0.96446195   1.73888476   103.00000000   1.474054690657   0.266893999293   80.0000
 "MMM"    0.94446195   1.68888476   103.00000000   1.462623621786   0.291767163768   8.0000
 "MMM"    1.15003807   1.68888476   107.87371174   1.624120458231   0.517237952496   801.0000
 "MMM"    0.96446195   2.07070578   107.32090292   1.420262485656   0.361112309480   802.0000
 "MMM"    0.96446195   1.71161709   127.48668089   1.290162251833   0.628672709723   803.0000
 "MMM"    0.72655220   1.63443274   103.00000000   1.233688722592   0.148845966692   804.0000
 "MMM"    0.81776617   1.61776891   103.00000000   1.335201438755   0.272483562006   805.0000
 "MMM"    0.90722119   1.63045819   103.00000000   1.433396260615   0.333301249156   806.0000
 "MMM"    0.91366944   1.68888476   113.82589684   1.390017848055   0.422854016176   807.0000
 "MMM"    0.91183356   1.68888476   145.80465100   0.947828157751   0.674744893516   808.0000
 "MMM"    1.04011270   2.16986785   103.00000000   1.503346131271   0.407714079725   809.0000
 "MMM"    0.84360429   1.84223019   103.00000000   1.346545470266   0.099396590746   810.0000
 "MMM"    0.96446195   1.63388476   103.00000000   1.494338643364   0.373142170548   81.0000
 "MMM"    1.26734004   1.73711352   103.00000000   1.697050251090   0.422196073923   811.0000
 "MMM"    0.96446195   1.72041225   145.10809102   0.979310918907   0.735434094696   812.0000
 "MMM"    1.06721379   1.78863953   103.00000000   1.558216257753   0.323224507660   813.0000
 "MMM"    0.96446195   1.49947930   135.59642501   1.229791840615   1.236316405066   814.0000
 "MMM"    1.10158033   1.68888476   77.84529523   1.465839400900   -0.197039429367   815.0000
 "MMM"    0.96446195   1.82522280   102.91448726   1.461936188300   0.227978187057   816.0000
 "MMM"    1.18375683   1.68888476   126.09160145   1.439387060625   0.883211650793   817.0000
 "MMM"    1.03990987   1.43524433   103.00000000   1.637515006479   0.847762230238   818.0000
 "MMM"    1.02733648   1.68888476   110.80980409   1.513429990040   0.492884639943   819.0000
 "MMM"    0.70092094   1.68888476   84.68974795   1.152333606153   -0.197560549321   820.0000
 "MMM"    0.96446195   1.74388476   103.00000000   1.473237676680   0.263622998466   82.0000
 "MMM"    1.10014403   1.72050699   103.00000000   1.600295522610   0.374358304728   821.0000
 "MMM"    0.84027246   1.68888476   70.50855718   1.130773945329   -0.414841159709   822.0000
 "MMM"    0.96446195   1.91698100   105.97098020   1.440252172975   0.276927151102   823.0000
 "MMM"    0.74135461   1.68888476   98.21770649   1.246842375177   0.029722829238   824.0000
 "MMM"    1.13290516   1.68888476   135.61566350   1.257999375424   0.996132177264   825.0000
 "MMM"    0.73980667   1.72311102   103.00000000   1.247846543220   0.048000456044   826.0000
 "MMM"    1.26741875   1.62220165   103.00000000   1.725774357583   0.484527301609   827.0000
 "MMM"    0.96446195   1.71630219   101.55817289   1.479560437594   0.258883598997   828.0000
 "MMM"    0.95385636   1.96473422   103.00000000   1.440159314546   0.225282320688   829.0000
 "MMM"    1.19156114   1.68888476   122.73202864   1.491890346258   0.825609285504   830.0000
 "MMM"    0.96446195   1.62888476   103.00000000   1.495459268631   0.380177964971   83.0000
 "MMM"    1.16469385   1.68888476   100.91527286   1.662215474356   0.379321589282   831.0000
 "MMM"    1.18539558   1.68888476   79.93056191   1.573582291878   -0.131541537734   832.0000
 "MMM"    0.96446195   1.63412477   132.27832920   1.246353022904   0.804302381069   833.0000
 "MMM"    1.03025065   1.68888476   98.22308813   1.549214964087   0.265007585521   834.0000
 "MMM"    0.71479938   1.71699067   103.00000000   1.222740359990   0.024146303109   835.0000
 "MMM"    0.84522257   1.68888476   110.23285986   1.340927533956   0.295539383519   836.0000
 "MMM"    0.95452387   1.69343257   103.00000000   1.472060277636   0.295609387328   837.0000
 "MMM"    0.76532257   1.88109503   103.00000000   1.272924476232   -0.002057802320   838.0000
 "MMM"    0.96446195   1.93559245   76.04671309   1.359968986037   -0.319918314008   839.0000
 "MMM"    0.96446195   1.97967777   111.71677087   1.395001907986   0.390845257543   840.0000
 "MMM"    0.96446195   1.74888476   103.00000000   1.472433654645   0.260497934827   84.0000
 "MMM"    1.01146715   1.68888476   127.36922501   1.333398131689   0.723920363081   841.0000
 "MMM"    0.96446195   1.57328287   88.70687661   1.458439713050   0.189963336620   842.0000
 "MMM"    1.16062320   1.68888476   121.27069458   1.500952738040   0.780181922429   843.0000
 "MMM"    1.07444425   2.07900986   103.00000000   1.530238157057   0.385081799546   844.0000
 "MMM"    1.11721086   1.68888476   72.66925506   1.392822485732   -0.364636048781   845.0000
 "MMM"    0.96446195   1.52489862   126.62148993   1.358650825662   0.996636679459   846.0000
 "MMM"    0.96446195   1.54881686   138.48408104   1.166366582808   1.112255421993   847.0000
 "MMM"    1.02364694   1.68888476   104.90470070   1.536476715588   0.386516895058   848.0000
 "MMM"    1.11474522   1.68888476   118.82151225   1.507883132700   0.703302781250   849.0000
 "MMM"    0.96446195   1.64769859   95.34952103   1.482948760599   0.214777933696   850.0000
 "MMM"    0.96446195   1.62388476   103.00000000   1.496594538744   0.387410930432   85.0000
 "MMM"    0.96446195   1.68621320   87.17937193   1.433635058543   0.008139148050   851.0000
 "MMM"    1.11607813   1.68888476   84.46851401   1.561236573488   -0.011782309576   852.0000
 "MMM"    0.96446195   1.92701589   98.76516201   1.461915970730   0.152058397665   853.0000
 "MMM"    1.01931029   1.64377182   103.00000000   1.547739578775   0.397237372865   854.0000
 "MMM"    1.08701666   1.68888476   79.68704934   1.477880135083   -0.144889473650   855.0000
 "MMM"    1.29316457   1.54657934   103.00000000   1.746257652600   0.553174895875   856.0000
 "MMM"    1.12277160   1.68888476   69.36257864   1.330855669694   -0.487333632788   857.0000
 "MMM"    1.20481966   1.68888476   81.39738934   1.609069851767   -0.087433333192   858.0000
 "MMM"    0.96446195   1.68977182   77.09021777   1.325510108505   -0.232642295181   859.0000
 "MMM"    1.06716198   1.68888476   70.04377873   1.298291072151   -0.446679573894   860.0000
 "MMM"    0.96446195   1.75388476   103.00000000   1.471642188824   0.257516540886   86.0000
 "MMM"    1.30179044   1.68888476   93.41824875   1.744738270623   0.223363911403   861.0000
 "MMM"    0.96446195   1.69870891   123.35124925   1.346383991637   0.597055655540   862.0000
 "MMM"    0.96446195   1.92128539   105.43523801   1.442359224966   0.268664674157   863.0000
 "MMM"    1.10903518   1.68888476   78.50616090   1.482587273210   -0.177068468955   864.0000
 "MMM"    0.96446195   1.70395953   114.23758439   1.430919582255   0.470603537769   865.0000
 "MMM"    0.96446195   1.75198162   119.27171861   1.374501638653   0.498283066217   866.0000
 "MMM"    0.96446195   1.74796859   84.78920756   1.414048759278   -0.088214738120   867.0000
 "MMM"    0.96446195   1.73310053   104.64173031   1.471559141351   0.298207038098   868.0000
 "MMM"    0.96446195   1.84605993   118.22457437   1.360084624826   0.452298863763   869.0000
 "MMM"    0.96446195   1.57460901   109.14901392   1.493693968273   0.578902242808   870.0000
 "MMM"    0.96446195   1.61888476   103.00000000   1.497744415998   0.394843320119   87.0000
 "MMM"    0.97491916   1.68888476   125.73712345   1.328626324818   0.652479684862   871.0000
 "MMM"    1.02247540   1.68888476   60.39605778   1.059991533702   -0.787900437225   872.0000
 "MMM"    0.96446195   1.84520140   80.13156785   1.381986667759   -0.224257325548   873.0000
 "MMM"    0.84422668   1.68888476   103.03048642   1.357575232060   0.199574626295   874.0000
 "MMM"    1.01095992   1.68888476   102.35861448   1.529740496193   0.331318380322   875.0000
 "MMM"    0.75201562   1.68888476   96.89108523   1.255547041479   0.023183372603   876.0000
 "MMM"    0.97048750   1.52092027   103.00000000   1.530242408438   0.587385174203   877.0000
 "MMM"    1.11054181   1.77841878   103.00000000   1.594985703095   0.354198355310   878.0000
 "MMM"    1.10552863   1.68888476   105.95848279   1.602619838386   0.457801358345   879.0000
 "MMM"    0.96446195   1.78108988   84.51644613   1.413427745393   -0.109683052993   880.0000
 "MMM"    0.96446195   1.75888476   103.00000000   1.470864099531   0.254676844310   88.0000
 "MMM"    1.08779699   1.66573730   103.00000000   1.604570915268   0.411169534580   881.0000
 "MMM"    0.74522380   1.86472214   103.00000000   1.254368981909   -0.025488101574   882.0000
 "MMM"    0.96446195   1.67121298   72.30697843   1.250578531658   -0.348998336756   883.0000
 "MMM"    0.96446195   1.69280758   92.47519653   1.465724386664   0.111167674551   884.0000
 "MMM"    0.96446195   2.00183476   86.31689860   1.446369757507   -0.082483594775   885.0000
 "MMM"    0.83895340   1.95842614   103.00000000   1.339297298105   0.094696161036   886.0000
 "MMM"    1.21755861   1.68888476   108.93698567   1.652577632588   0.561120845147   887.0000
 "MMM"    0.96446195   1.84783178   109.59199921   1.430110688332   0.331321524613   888.0000
 "MMM"    0.96446195   1.72556489   96.42881084   1.475139586673   0.160163773773   889.0000
 "MMM"    0.96446195   1.98347357   125.16144919   1.241100980092   0.591830912898   890.0000
 "MMM"    0.96446195   1.61388476   103.00000000   1.498909068991   0.402477380862   89.0000
 "MMM"    0.96446195   1.94357385   125.02157590   1.252823953389   0.561927025739   891.0000
 "MMM"    0.96446195   2.11191466   85.87599909   1.459137936435   -0.062530672860   892.0000
 "MMM"    0.96446195   1.96713668   119.74374894   1.316040919273   0.507022344999   893.0000
 "MMM"    0.96346635   1.81973754   103.00000000   1.461478680132   0.229758077218   894.0000
 "MMM"    1.00419311   1.61198491   103.00000000   1.540963732562   0.431421140852   895.0000
 "MMM"    0.84781629   1.68888476   119.80050747   1.282571323235   0.403541385780   896.0000
 "MMM"    1.34286253   1.54806251   103.00000000   1.740056790162   0.516687714625   897.0000
 "MMM"    1.06589150   1.68888476   108.62612485   1.558284019067   0.483990648738   898.0000
 "MMM"    1.31811315   1.68888476   82.83447736   1.709097703948   -0.049189763490   899.0000
 "MMM"    0.75161873   1.68888476   78.41514863   1.149789418727   -0.272256851770   900.0000
 "MMM"    0.96446195   1.76388476   103.00000000   1.470098508518   0.251976660104   90.0000
 "MMM"    0.98446195   1.68888476   103.00000000   1.502943627965   0.323656505523   9.0000
 "MMM"    1.44504725   1.59735260   103.00000000   1.692884379406   0.391111697895   901.0000
 "MMM"    0.96446195   1.94599513   98.37118294   1.461904933640   0.147595450176   902.0000
 "MMM"    1.16604673   1.89424411   103.00000000   1.611949732245   0.382547472341   903.0000
 "MMM"    1.00031668   1.57526281   103.00000000   1.547123992274   0.490127769076   904.0000
 "MMM"    0.96446195   1.58380540   81.35878952   1.380647110489   0.000681916964   905.0000
 "MMM"    1.11663509   1.68888476   111.36274258   1.578864360325   0.567904419317   906.0000
 "MMM"    0.88783056   1.68888476   137.18209236   1.094952453359   0.597192868058   907.0000
 "MMM"    1.13572503   1.82588562   103.00000000   1.603772463788   0.360506788638   908.0000
 "MMM"    1.09916429   1.64748449   103.00000000   1.619372629393   0.435151127218   909.0000
 "MMM"    1.05180238   1.84903065   103.00000000   1.535016841234   0.301556554020   910.0000
 "MMM"    0.96446195   1.60888476   103.00000000   1.500088499746   0.410315452819   91.0000
 "MMM"    0.99450899   1.68888476   89.48484247   1.480918283009   0.068476286189   911.0000
 "MMM"    0.99496317   1.80913944   103.00000000   1.491728451838   0.260803079254   912.0000
 "MMM"    0.81526699   1.95762233   103.00000000   1.318262698579   0.065515855293   913.0000
 "MMM"    1.15103825   1.68888476   99.64280012   1.654452615294   0.348119388169   914.0000
 "MMM"    0.96491781   1.67135836   103.00000000   1.486863398630   0.326806741547   915.0000
 "MMM"    0.81472831   1.68888476   64.72058033   1.033106865735   -0.561271821377   916.0000
 "MMM"    0.77345432   1.68888476   98.17058879   1.280323949253   0.061651244771   917.0000
 "MMM"    0.96446195   1.82747295   59.35729151   1.080518179161   -0.789295490706   918.0000
 "MMM"    0.85382286   1.68888476   97.51211800   1.364690787215   0.126137723229   919.0000
 "MMM"    0.96446195   1.83331308   78.54385066   1.364140029100   -0.259387238694   920.0000
 "MMM"    0.96446195   1.76888476   103.00000000   1.469345736370   0.249413992963   92.0000
 "MMM"    1.33766955   1.68888476   85.85878176   1.739823521759   0.032179130242   921.0000
 "MMM"    0.96446195   1.59692753   97.64042743   1.499081323217   0.330913150539   922.0000
 "MMM"    0.96446195   2.06069161   90.29763153   1.464540887141   0.016117442457   923.0000
 "MMM"    0.96446195   1.73730892   132.75171581   1.203302320735   0.649161344862   924.0000
 "MMM"    1.10595161   2.00929630   103.00000000   1.557307647455   0.377708091680   925.0000
 "MMM"    0.83971957   1.44071601   103.00000000   1.385933556008   0.735035755509   926.0000
 "MMM"    0.96446195   1.55746830   144.52159840   1.043712442139   1.165598379018   927.0000
 "MMM"    1.01982148   1.68888476   82.38509535   1.444922015919   -0.085769569413   928.0000
 "MMM"    0.96446195   1.73524695   116.75474981   1.402612205235   0.477935981948   929.0000
 "MMM"    0.96446195   1.61518859   98.95108370   1.497552033198   0.326923216107   930.0000
 "MMM"    0.96446195   1.60388476   103.00000000   1.501282780933   0.418359826885   93.0000
 "MMM"    0.96446195   1.89606064   90.04393448   1.451905585702   -0.016620029530   931.0000
 "MMM"    0.92051207   2.09011000   103.00000000   1.409162718608   0.240899310213   932.0000
 "MMM"    1.06346344   1.68888476   113.69646990   1.522580602696   0.572528802238   933.0000
 "MMM"    1.24093147   1.59834037   103.00000000   1.723582845759   0.511995798511   934.0000
 "MMM"    1.17836859   1.65470074   103.00000000   1.675247336241   0.453775878865   935.0000
 "MMM"    0.96446195   1.72543836   143.73525028   1.006139529823   0.723839331138   936.0000
 "MMM"    1.17752246   1.68888476   127.10124587   1.421641491899   0.897249420744   937.0000
 "MMM"    0.96446195   1.55369855   110.30947501   1.494394349349   0.642475172480   938.0000
 "MMM"    0.96446195   1.81031798   67.77054772   1.215417045002   -0.535473678638   939.0000
 "MMM"    0.89672909   1.68888476   128.99193216   1.224676656654   0.562273750825   940.0000
 "MMM"    0.96446195   1.77388476   103.00000000   1.468605638182   0.246986639110   94.0000
 "MMM"    0.80470600   1.68888476   117.99662644   1.256225717211   0.323299645431   941.0000
 "MMM"    1.03256918   1.68888476   128.78589657   1.326892036407   0.771186401435   942.0000
 "MMM"    1.10674335   1.68888476   94.17421697   1.613105779758   0.215451919142   943.0000
 "MMM"    0.75579918   1.68888476   110.99830178   1.247102460636   0.189996303997   944.0000
 "MMM"    1.00259815   1.58640914   103.00000000   1.546341793038   0.471691710124   945.0000
 "MMM"    0.93123743   1.68888476   147.91789762   0.912909402565   0.723859067616   946.0000
 "MMM"    1.15687354   1.65110123   103.00000000   1.662242207039   0.451832852113   947.0000
 "MMM"    0.96446195   1.54601075   109.65656342   1.499483738973   0.647919595924   948.0000
 "MMM"    0.88372967   1.68888476   89.46816640   1.364927509224   0.009417477468   949.0000
 "MMM"    1.14948000   1.68888476   95.55977800   1.652561632303   0.259200711782   950.0000
 "MMM"    0.96446195   1.59888476   103.00000000   1.502492241224   0.426612894506   95.0000
 "MMM"    1.03092308   1.68888476   83.51303603   1.468093492401   -0.055042190582   951.0000
 "MMM"    1.04405702   1.68888476   84.23096048   1.488508166640   -0.033925014561   952.0000
 "MMM"    0.96446195   1.60068162   101.25890536   1.502624013357   0.392146553834   953.0000
 "MMM"    1.14616230   1.94481632   103.00000000   1.591727989800   0.382887026554   954.0000
 "MMM"    1.05561204   1.63505537   103.00000000   1.584692029234   0.428845076669   955.0000
 "MMM"    0.96446195   1.83435555   139.41654992   1.048861071101   0.631815579115   956.0000
 "MMM"    1.37121143   1.62685684   103.00000000   1.728812653882   0.441583876185   957.0000
 "MMM"    0.88672000   2.03611008   103.00000000   1.380588542657   0.176776273562   958.0000
 "MMM"    0.94537973   1.52806813   103.00000000   1.499166135127   0.555892438548   959.0000
 "MMM"    1.40324561   1.68888476   93.44558567   1.764232679278   0.199033701528   960.0000
 "MMM"    0.96446195   1.77888476   103.00000000   1.467878143883   0.244692708417   96.0000
 "MMM"    0.96446195   1.80118802   71.24624301   1.265228902594   -0.437884490453   961.0000
 "MMM"    1.13298904   1.68888476   78.76485596   1.508998243611   -0.168224759530   962.0000
 "MMM"    1.44097423   1.68888476   98.66816082   1.734812664277   0.293839223318   963.0000
 "MMM"    0.81854562   1.50379613   103.00000000   1.348494886730   0.524078278917   964.0000
 "MMM"    0.96446195   1.72953081   76.66885764   1.324925890074   -0.269900505808   965.0000
 "MMM"    0.96446195   1.61596209   68.53193840   1.171441198571   -0.413338749591   966.0000
 "MMM"    0.96446195   1.77709363   82.88183515   1.399196572381   -0.144236897091   967.0000
 "MMM"    0.96446195   2.09455168   95.38566351   1.468358338215   0.134590236024   968.0000
 "MMM"    0.81767784   1.68888476   122.72586315   1.228520368565   0.382232985192   969.0000
 "MMM"    1.14513811   1.68888476   94.20487628   1.646335567574   0.227872461510   970.0000
 "MMM"    0.96446195   1.59388476   103.00000000   1.503716294353   0.435076938774   97.0000
 "MMM"    1.50086580   1.68888476   109.40853141   1.594184518059   0.464565682330   971.0000
 "MMM"    0.70623880   1.68888476   100.52473145   1.213143302839   0.019162116043   972.0000
 "MMM"    1.10445515   1.61488748   103.00000000   1.633742256950   0.476128931755   973.0000
 "MMM"    1.00752498   1.98974436   103.00000000   1.483649704394   0.286100073139   974.0000
 "MMM"    0.96446195   1.41217047   107.01358521   1.549826893567   0.985283851042   975.0000
 "MMM"    0.96446195   1.69127444   126.05276373   1.315759121392   0.637937084042   976.0000
 "MMM"    0.96724651   1.68888476   134.00430232   1.202120171015   0.726848827358   977.0000
 "MMM"    0.96446195   1.76242078   97.73107945   1.473022192936   0.161075467394   978.0000
 "MMM"    0.89748897   1.67509919   103.00000000   1.415805341900   0.265837662088   979.0000
 "MMM"    0.83013656   1.98318537   103.00000000   1.331470444406   0.090237124984   980.0000
 "MMM"    0.96446195   1.78388476   103.00000000   1.467163130096   0.242529916635   98.0000
 "MMM"    1.05641791   1.84601870   103.00000000   1.539283723474   0.305321507835   981.0000
 "MMM"    0.96446195   1.86730460   111.02650261   1.417404948222   0.352231970743   982.0000
 "MMM"    1.06614104   1.68410083   103.00000000   1.580879289251   0.382591307053   983.0000
 "MMM"    0.96446195   2.07031619   104.87918212   1.435583566278   0.314119121994   984.0000
 "MMM"    1.17708510   1.68888476   110.49106383   1.621726184298   0.580747157548   985.0000
 "MMM"    0.81658427   2.10204449   103.00000000   1.322734893149   0.125729418357   986.0000
 "MMM"    1.01523126   1.68888476   127.72846470   1.330904913297   0.733700899939   987.0000
 "MMM"    0.79966262   1.68888476   109.84975341   1.295855031480   0.235142081131   988.0000
 "MMM"    0.80919746   1.68888476   66.05285777   1.048917920293   -0.526947919935   989.0000
 "MMM"    0.83303809   1.62733090   103.00000000   1.351426191618   0.271500974050   990.0000
 "MMM"    0.96446195   1.58888476   103.00000000   1.504955579609   0.443754216778   99.0000
 "MMM"    1.06357118   1.52023609   103.00000000   1.629271157623   0.627680009586   991.0000
 "MMM"    0.86450002   1.68888476   62.99807939   1.032240693538   -0.617404286527   992.0000
 "MMM"    0.96446195   1.61563960   97.69815535   1.495233602349   0.302796194244   993.0000
 "MMM"    1.39880032   1.68888476   97.42119670   1.751278221497   0.288654278693   994.0000
 "MMM"    0.96446195   1.41235601   110.88688062   1.532589267784   1.061974186261   995.0000
 "MMM"    0.96446195   1.84829987   107.55111907   1.441362088958   0.299697771693   996.0000
 "MMM"    1.11608482   1.72649779   103.00000000   1.611360877560   0.379237732043   997.0000
 "MMM"    1.39759717   1.72520680   103.00000000   1.713800991316   0.406733147563   998.0000
 "MMM"    1.03871293   1.68888476   125.90183531   1.372138278426   0.740045892942   999.0000