(Transcript of the input --->)
mem 1300 gb

KinOrder   2  (Max order in the kinetic energy expansion)
PotOrder   8   (Max order in the potential energy expansion)

Natoms 3      (Number of atoms)
Nmodes 3      (Number of modes = 3*Natoms-6)

(ACTIVE SPACE CUTOFFS:)
PRIMITIVES
  Npolyads       32           (how many polyads we calculate)
  enercut       100000.      (energy cut in the primitive matrix for the diagonalization)
END



CONTRACTION
  Npolyads        32      (how many polyads in the contracted represent.)
  enercut       48000.    (energy cut in the primitive matrix for the diagonalization)
  degeneracy    1e-2       (threashold to define degeneracy)
  sample_points   40
  sample_attempts 500
  symm_toler      1e-3
  coeff_thresh    1e-18   (  rotsym        euler )
END

verbose 4


dstep 0.001   (finite difference element for each mode )

COORDS       local   (type of the internal coordinates: linear or local)
TRANSFORM    R2-Z-R1-RHO
MOLTYPE      XY2    (Identifying type of the Molecule (e.g. XY3))
MOLECULE     HOCl   (Identifying the Molecule, e.g. PH3, BiH3 - optional)
REFER-CONF   NON-RIGID  (Reference configuarion: RIGID or NON-RIGID)


SINGULAR-AXIS 3


SYMGROUP Csn 16


ZMAT
    O   0  0  0  0   15.99059462
    H   1  0  0  0   1.00782503224
   Cl   1  2  0  0   34.965012622636
end


DIAGONALIZER
 SYEV
 enermax 30000
end


CHECK_POINT
ascii
 kinetic     save
 potential   save
 external    none
 basis_set   save
 contract    save
 matelem     save    split
 extmatelem  none    split 1 174
 eigenfunc   save
END

     (type     chi_kin   chi_pot)

BASIS
 0,'JKtau', Jrot 0 krot 16
  1,'numerov','rational', 'morse',  range 0,18,  resc 1.5, points  2000, borders -0.34,2.5
  2,'numerov','rational', 'morse',  range 0,28,  resc 1.0, points  2000, borders -0.40,1.8
  3,'laguerre-k','linear','linear', range 0,28,  resc 1.0, points  4000, borders  0.,140.0 deg
END


sparse


KINETIC
  kinetic_type  KINETIC_XYZ_EKE_BOND-R2
END


EQUILIBRIUM
RE12          9     0.964019248686
RE32          9     1.691876826655
alphae        9     102.680065681085    deg
end



SPECPARAM
a1             0      1.661752293125
a2             0      2.682425041374
fm             0      5.0
END




POTEN
NPARAM  167
POT_TYPE  poten_xyz_morse_powers
COEFF  powers  (powers or list)
reOH   0    0    0  1  0.964019248686
reOCl  0    0    0  1  1.691876826655
alphae 0    0    0  1  1.792105222298967
a1     0    0    0  1  1.661752293125
a2     0    0    0  1  2.682425041374
f      0    0    0  1  -0.916224122452
f      0    0    2  1  22205.305170031133
f      0    0    3  1  1178.392398286099
f      0    0    4  1  8563.904170594631
f      0    0    5  1  726.006338791340
f      0    0    6  1  -4522.036355563683
f      0    0    7  1  -4393.215808576219
f      0    0    8  1  14676.387119877980
f      0    2    0  1  13349.179921410734
f      0    3    0  1  3870.428744981063
f      0    4    0  1  1999.865142665715
f      0    5    0  1  1221.420301256471
f      0    6    0  1  446.551288106811
f      0    7    0  1  -34.271198651069
f      0    8    0  1  -29.129694713747
f      2    0    0  1  73260.831608276756
f      3    0    0  1  -30254.411863399026
f      4    0    0  1  7974.156359990522
f      5    0    0  1  -2231.404676829192
f      6    0    0  1  2470.083822347296
f      7    0    0  1  -4760.849464535168
f      8    0    0  1  -10028.039770024165
f      0    1    1  1  -9229.311263879528
f      0    1    2  1  -8952.014144670538
f      0    1    3  1  -6689.942913658953
f      0    1    4  1  -2094.045953432969
f      0    1    5  1  7502.060979946512
f      0    1    6  1  7163.226031811085
f      0    1    7  1  -18972.072299560641
f      0    2    1  1  1166.002849824737
f      0    2    2  1  -3111.632295478668
f      0    2    3  1  -162.725893796922
f      0    2    4  1  -9151.250219103107
f      0    2    5  1  -5427.613328715028
f      0    2    6  1  16244.497979486563
f      0    3    1  1  1437.550285391910
f      0    3    2  1  -2777.536791508408
f      0    3    3  1  5260.190858918215
f      0    3    4  1  -3894.160112930646
f      0    3    5  1  -5659.844389714708
f      0    4    1  1  1511.328547469876
f      0    4    2  1  -2971.452487033856
f      0    4    3  1  2373.520781612063
f      0    4    4  1  -1670.153065288237
f      0    5    1  1  2435.840311938229
f      0    5    2  1  -1059.588695010827
f      0    5    3  1  -149.531189441724
f      0    6    1  1  1968.102365878559
f      0    6    2  1  359.761229341120
f      0    7    1  1  408.403435801003
f      1    0    1  1  -1301.754383639321
f      1    0    2  1  -3226.078390711888
f      1    0    3  1  -5624.775995992699
f      1    0    4  1  -4577.258052977638
f      1    0    5  1  -6816.410495970842
f      1    0    6  1  767.637904438096
f      1    0    7  1  -4151.437996839155
f      1    1    0  1  -1690.982848598343
f      1    2    0  1  -1384.879411563838
f      1    3    0  1  384.390505151943
f      1    4    0  1  238.626582322347
f      1    5    0  1  -528.415432320271
f      1    6    0  1  488.444778567897
f      1    7    0  1  593.761788103401
f      2    0    1  1  123.811479297481
f      2    0    2  1  -3592.031327043605
f      2    0    3  1  -3113.951531697226
f      2    0    4  1  -14676.259478470047
f      2    0    5  1  -23608.299310979568
f      2    0    6  1  813.812302680709
f      2    1    0  1  785.708997458003
f      2    2    0  1  -313.712597277266
f      2    3    0  1  819.830712596348
f      2    4    0  1  -322.302015094949
f      2    5    0  1  642.933697515127
f      2    6    0  1  722.296355225222
f      3    0    1  1  2778.922039287713
f      3    0    2  1  -941.477744289178
f      3    0    3  1  1821.822745561946
f      3    0    4  1  -11899.285258397334
f      3    0    5  1  -5653.550256140973
f      3    1    0  1  2149.237082391123
f      3    2    0  1  791.256389878907
f      3    3    0  1  -2079.529869782272
f      3    4    0  1  -2427.241233147407
f      3    5    0  1  1205.495035789421
f      4    0    1  1  6407.121951264007
f      4    0    2  1  1951.994160149748
f      4    0    3  1  4035.519841980634
f      4    0    4  1  1722.774660727894
f      4    1    0  1  3197.815292823466
f      4    2    0  1  -3770.080405461699
f      4    3    0  1  -7508.674378252404
f      4    4    0  1  670.289729756434
f      5    0    1  1  5601.985637917422
f      5    0    2  1  4873.561124298448
f      5    0    3  1  1852.647955684950
f      5    1    0  1  2082.784707007737
f      5    2    0  1  -7388.117483030617
f      5    3    0  1  -1193.752933045459
f      6    0    1  1  -3835.741401359443
f      6    0    2  1  -1216.349189384746
f      6    1    0  1  1954.772955282829
f      6    2    0  1  3668.340102117813
f      7    0    1  1  -3182.883426381809
f      7    1    0  1  -1484.988185351270
f      1    1    1  1  2881.480979958914
f      1    1    2  1  2362.707354233196
f      1    1    3  1  6680.157623547582
f      1    1    4  1  2947.519937443672
f      1    1    5  1  7073.705209032564
f      1    1    6  1  6610.891464336019
f      1    2    1  1  -137.548515941057
f      1    2    2  1  -18.963258547897
f      1    2    3  1  167.508943340156
f      1    2    4  1  5521.193527815099
f      1    2    5  1  5767.303738765874
f      1    3    1  1  -2987.457236265432
f      1    3    2  1  874.023575987466
f      1    3    3  1  -5693.334884389341
f      1    3    4  1  -8075.730872550443
f      1    4    1  1  1144.768741852822
f      1    4    2  1  564.856876479201
f      1    4    3  1  -639.721000132168
f      1    5    1  1  7013.324084067261
f      1    5    2  1  2758.305483370447
f      1    6    1  1  2990.198078120045
f      2    1    1  1  -1252.679476761203
f      2    1    2  1  265.925554968427
f      2    1    3  1  12234.789155278653
f      2    1    4  1  16715.752731415676
f      2    1    5  1  4655.380401671356
f      2    2    1  1  5950.439145073109
f      2    2    2  1  5261.427466456839
f      2    2    3  1  3592.405746720234
f      2    2    4  1  324.770970162835
f      2    3    1  1  4625.759748598841
f      2    3    2  1  2585.549265217239
f      2    3    3  1  -372.761006085559
f      2    4    1  1  -259.377851476213
f      2    4    2  1  -3064.509040707151
f      2    5    1  1  -2148.829068453897
f      3    1    1  1  -6441.159499295529
f      3    1    2  1  -3773.862070659856
f      3    1    3  1  8629.943184162590
f      3    1    4  1  5621.024266175426
f      3    2    1  1  13755.232427983221
f      3    2    2  1  5735.629782093706
f      3    2    3  1  -1404.377985418464
f      3    3    1  1  -1468.583076265424
f      3    3    2  1  -730.797293379093
f      3    4    1  1  -122.706082898755
f      4    1    1  1  5762.649958202726
f      4    1    2  1  -1924.577560034358
f      4    1    3  1  834.417922629735
f      4    2    1  1  -7477.415604307367
f      4    2    2  1  56.262901939683
f      4    3    1  1  783.088643826602
f      5    1    1  1  4309.641418705281
f      5    1    2  1  -2691.432640537651
f      5    2    1  1  3703.711953019525
f      6    1    1  1  2608.178173896276
end

external
dimension 167
Nparam  1
compact
TYPE  potential
COEFF   powers  (powers or list)
dstep   0.005
Order   8
COORDS  morse morse linear
parameters
reOH   0    0    0    0.964019248686    fix
reOCl  0    0    0    1.691876826655    fix
alphae 0    0    0    1.792105222298967 fix
a1     0    0    0    1.661752293125    fix
a2     0    0    0    2.682425041374    fix
f      0    0    0    0.000000000000    fix
f      0    0    2    0.000000000000    fix
f      0    0    3    0.000000000000    fix
f      0    0    4    0.000000000000    fix
f      0    0    5    0.000000000000    fix
f      0    0    6    0.000000000000    fix
f      0    0    7    0.000000000000    fix
f      0    0    8    0.000000000000    fix
f      0    2    0    0.000000000000    fix
f      0    3    0    0.000000000000    fix
f      0    4    0    0.000000000000    fix
f      0    5    0    0.000000000000    fix
f      0    6    0    0.000000000000    fix
f      0    7    0    0.000000000000    fix
f      0    8    0    0.000000000000    fix
f      2    0    0    0.000000000000    fix
f      3    0    0    0.000000000000    fix
f      4    0    0    0.000000000000    fix
f      5    0    0    0.000000000000    fix
f      6    0    0    0.000000000000    fix
f      7    0    0    0.000000000000    fix
f      8    0    0    0.000000000000    fix
f      0    1    1    0.000000000000    fix
f      0    1    2    0.000000000000    fix
f      0    1    3    0.000000000000    fix
f      0    1    4    0.000000000000    fix
f      0    1    5    0.000000000000    fix
f      0    1    6    0.000000000000    fix
f      0    1    7    0.000000000000    fix
f      0    2    1    0.000000000000    fix
f      0    2    2    0.000000000000    fix
f      0    2    3    0.000000000000    fix
f      0    2    4    0.000000000000    fix
f      0    2    5    0.000000000000    fix
f      0    2    6    0.000000000000    fix
f      0    3    1    0.000000000000    fix
f      0    3    2    0.000000000000    fix
f      0    3    3    0.000000000000    fix
f      0    3    4    0.000000000000    fix
f      0    3    5    0.000000000000    fix
f      0    4    1    0.000000000000    fix
f      0    4    2    0.000000000000    fix
f      0    4    3    0.000000000000    fix
f      0    4    4    0.000000000000    fix
f      0    5    1    0.000000000000    fix
f      0    5    2    0.000000000000    fix
f      0    5    3    0.000000000000    fix
f      0    6    1    0.000000000000    fix
f      0    6    2    0.000000000000    fix
f      0    7    1    0.000000000000    fix
f      1    0    1    0.000000000000    fix
f      1    0    2    0.000000000000    fix
f      1    0    3    0.000000000000    fix
f      1    0    4    0.000000000000    fix
f      1    0    5    0.000000000000    fix
f      1    0    6    0.000000000000    fix
f      1    0    7    0.000000000000    fix
f      1    1    0    0.000000000000    fix
f      1    2    0    0.000000000000    fix
f      1    3    0    0.000000000000    fix
f      1    4    0    0.000000000000    fix
f      1    5    0    0.000000000000    fix
f      1    6    0    0.000000000000    fix
f      1    7    0    0.000000000000    fix
f      2    0    1    0.000000000000    fix
f      2    0    2    0.000000000000    fix
f      2    0    3    0.000000000000    fix
f      2    0    4    0.000000000000    fix
f      2    0    5    0.000000000000    fix
f      2    0    6    0.000000000000    fix
f      2    1    0    0.000000000000    fix
f      2    2    0    0.000000000000    fix
f      2    3    0    0.000000000000    fix
f      2    4    0    0.000000000000    fix
f      2    5    0    0.000000000000    fix
f      2    6    0    0.000000000000    fix
f      3    0    1    0.000000000000    fix
f      3    0    2    0.000000000000    fix
f      3    0    3    0.000000000000    fix
f      3    0    4    0.000000000000    fix
f      3    0    5    0.000000000000    fix
f      3    1    0    0.000000000000    fix
f      3    2    0    0.000000000000    fix
f      3    3    0    0.000000000000    fix
f      3    4    0    0.000000000000    fix
f      3    5    0    0.000000000000    fix
f      4    0    1    0.000000000000    fix
f      4    0    2    0.000000000000    fix
f      4    0    3    0.000000000000    fix
f      4    0    4    0.000000000000    fix
f      4    1    0    0.000000000000    fix
f      4    2    0    0.000000000000    fix
f      4    3    0    0.000000000000    fix
f      4    4    0    0.000000000000    fix
f      5    0    1    0.000000000000    fix
f      5    0    2    0.000000000000    fix
f      5    0    3    0.000000000000    fix
f      5    1    0    0.000000000000    fix
f      5    2    0    0.000000000000    fix
f      5    3    0    0.000000000000    fix
f      6    0    1    0.000000000000    fix
f      6    0    2    0.000000000000    fix
f      6    1    0    0.000000000000    fix
f      6    2    0    0.000000000000    fix
f      7    0    1    0.000000000000    fix
f      7    1    0    0.000000000000    fix
f      1    1    1    0.000000000000    fix
f      1    1    2    0.000000000000    fix
f      1    1    3    0.000000000000    fix
f      1    1    4    0.000000000000    fix
f      1    1    5    0.000000000000    fix
f      1    1    6    0.000000000000    fix
f      1    2    1    0.000000000000    fix
f      1    2    2    0.000000000000    fix
f      1    2    3    0.000000000000    fix
f      1    2    4    0.000000000000    fix
f      1    2    5    0.000000000000    fix
f      1    3    1    0.000000000000    fix
f      1    3    2    0.000000000000    fix
f      1    3    3    0.000000000000    fix
f      1    3    4    0.000000000000    fix
f      1    4    1    0.000000000000    fix
f      1    4    2    0.000000000000    fix
f      1    4    3    0.000000000000    fix
f      1    5    1    0.000000000000    fix
f      1    5    2    0.000000000000    fix
f      1    6    1    0.000000000000    fix
f      2    1    1    0.000000000000    fix
f      2    1    2    0.000000000000    fix
f      2    1    3    0.000000000000    fix
f      2    1    4    0.000000000000    fix
f      2    1    5    0.000000000000    fix
f      2    2    1    0.000000000000    fix
f      2    2    2    0.000000000000    fix
f      2    2    3    0.000000000000    fix
f      2    2    4    0.000000000000    fix
f      2    3    1    0.000000000000    fix
f      2    3    2    0.000000000000    fix
f      2    3    3    0.000000000000    fix
f      2    4    1    0.000000000000    fix
f      2    4    2    0.000000000000    fix
f      2    5    1    0.000000000000    fix
f      3    1    1    0.000000000000    fix
f      3    1    2    0.000000000000    fix
f      3    1    3    0.000000000000    fix
f      3    1    4    0.000000000000    fix
f      3    2    1    0.000000000000    fix
f      3    2    2    0.000000000000    fix
f      3    2    3    0.000000000000    fix
f      3    3    1    0.000000000000    fix
f      3    3    2    0.000000000000    fix
f      3    4    1    0.000000000000    fix
f      4    1    1    0.000000000000    fix
f      4    1    2    0.000000000000    fix
f      4    1    3    0.000000000000    fix
f      4    2    1    0.000000000000    fix
f      4    2    2    0.000000000000    fix
f      4    3    1    0.000000000000    fix
f      5    1    1    0.000000000000    fix
f      5    1    2    0.000000000000    fix
f      5    2    1    0.000000000000    fix
f      6    1    1    0.000000000000    fix
end
FLReadInput/end

FLsetMolecule/start
Warning: number of dihedrals is not (Natoms-3):        0       2
/Molecular parameters:
Number of atoms (Natoms):    3
Number of bonds (Nbonds):    2
Number of angles (Nangles):    1
Number of dihedral angles (Ndihedrals):    0
The molecular type (Moltype):XY2
The kinetic   coordinates (Molecule): RATIONAL RATIONAL LINEAR
The potential coordinates (Molecule): MORSE MORSE LINEAR
The externalF coordinates (Molecule): MORSE MORSE LINEAR
fdstep:      0.001000      0.001000      0.001000
The coordinates type (internal_coords):LOCAL
The coordinate-transformation type (coords_transform):R2-Z-R1-RHO
The body-fixed frame is R2-Z-R1-RHO
Bonds  connections are 
   1 -    2   1
   2 -    3   1
Angles  connections are 
   1 -    3   1   2
Angles  connections are 
   1 -    3   1   2
The coordinate   3 is given explicitly by 1d numerical table of size    4000

Calculations control parameters:
Maximal order of the kinetic   energy expansion (NKinOrder):    2
Maximal order of the potential energy expansion (NPotOrder):    8
A small number:    0.2220446049D-15

MLinitialize_molec/start: molecular and potential parameters
MLinitialize_molec/end
ML_b0_XY2/start
     3

O      -0.01824104    0.00000000    1.13432134
H       0.92226671    0.00000000    1.34593010
CL      -0.01824104    0.00000000   -0.55755549
ML_b0_XY2/end

MLequilibrium_xyz_1d/start: a0 equilibrium cartesian coords
ML_b0_XY2/start
     3

O       0.00000000    0.00000000    1.11972842
H       0.00000000    0.00000000    2.08374767
CL       0.00000000    0.00000000   -0.57214841
     3

O      -0.00001142    0.00000000    1.11972842
H       0.00057746    0.00000000    2.08374749
CL      -0.00001142    0.00000000   -0.57214840
     3

O      -0.00002284    0.00000000    1.11972843
H       0.00115493    0.00000000    2.08374696
CL      -0.00002284    0.00000000   -0.57214839
     3

O      -0.00003426    0.00000000    1.11972845
H       0.00173239    0.00000000    2.08374608
CL      -0.00003426    0.00000000   -0.57214838
     3

O      -0.00004569    0.00000000    1.11972847
H       0.00230986    0.00000000    2.08374485
CL      -0.00004569    0.00000000   -0.57214835
     3

O      -0.00005711    0.00000000    1.11972851
H       0.00288732    0.00000000    2.08374326
CL      -0.00005711    0.00000000   -0.57214832
     3

O      -0.00006853    0.00000000    1.11972854
H       0.00346478    0.00000000    2.08374132
CL      -0.00006853    0.00000000   -0.57214828
     3

O      -0.00007995    0.00000000    1.11972859
H       0.00404224    0.00000000    2.08373903
CL      -0.00007995    0.00000000   -0.57214824
     3

O      -0.00009137    0.00000000    1.11972864
H       0.00461970    0.00000000    2.08373638
CL      -0.00009137    0.00000000   -0.57214818
     3

O      -0.00010279    0.00000000    1.11972870
H       0.00519715    0.00000000    2.08373338
CL      -0.00010279    0.00000000   -0.57214813
     3

O      -0.00011421    0.00000000    1.11972877
H       0.00577461    0.00000000    2.08373003
CL      -0.00011421    0.00000000   -0.57214806
     3

O      -0.00012563    0.00000000    1.11972884
H       0.00635206    0.00000000    2.08372633
CL      -0.00012563    0.00000000   -0.57214799
     3

O      -0.00013706    0.00000000    1.11972892
H       0.00692951    0.00000000    2.08372227
CL      -0.00013706    0.00000000   -0.57214791
     3

O      -0.00014848    0.00000000    1.11972901
H       0.00750696    0.00000000    2.08371786
CL      -0.00014848    0.00000000   -0.57214782
     3

O      -0.00015990    0.00000000    1.11972910
H       0.00808440    0.00000000    2.08371310
CL      -0.00015990    0.00000000   -0.57214772
     3

O      -0.00017132    0.00000000    1.11972920
H       0.00866185    0.00000000    2.08370798
CL      -0.00017132    0.00000000   -0.57214762
     3

O      -0.00018274    0.00000000    1.11972931
H       0.00923928    0.00000000    2.08370252
CL      -0.00018274    0.00000000   -0.57214751
     3

O      -0.00019416    0.00000000    1.11972943
H       0.00981672    0.00000000    2.08369670
CL      -0.00019416    0.00000000   -0.57214740
     3

O      -0.00020558    0.00000000    1.11972955
H       0.01039415    0.00000000    2.08369052
CL      -0.00020558    0.00000000   -0.57214728
     3

O      -0.00021700    0.00000000    1.11972968
H       0.01097158    0.00000000    2.08368400
CL      -0.00021700    0.00000000   -0.57214715
     3

O      -0.00022842    0.00000000    1.11972981
H       0.01154900    0.00000000    2.08367712
CL      -0.00022842    0.00000000   -0.57214701
     3

O      -0.00023984    0.00000000    1.11972996
H       0.01212642    0.00000000    2.08366989
CL      -0.00023984    0.00000000   -0.57214687
     3

O      -0.00025126    0.00000000    1.11973011
H       0.01270384    0.00000000    2.08366230
CL      -0.00025126    0.00000000   -0.57214672
     3

O      -0.00026268    0.00000000    1.11973026
H       0.01328125    0.00000000    2.08365437
CL      -0.00026268    0.00000000   -0.57214656
     3

O      -0.00027410    0.00000000    1.11973043
H       0.01385865    0.00000000    2.08364608
CL      -0.00027410    0.00000000   -0.57214640
     3

O      -0.00028552    0.00000000    1.11973060
H       0.01443605    0.00000000    2.08363743
CL      -0.00028552    0.00000000   -0.57214623
     3

O      -0.00029694    0.00000000    1.11973078
H       0.01501345    0.00000000    2.08362844
CL      -0.00029694    0.00000000   -0.57214605
     3

O      -0.00030836    0.00000000    1.11973096
H       0.01559083    0.00000000    2.08361909
CL      -0.00030836    0.00000000   -0.57214586
     3

O      -0.00031978    0.00000000    1.11973115
H       0.01616822    0.00000000    2.08360939
CL      -0.00031978    0.00000000   -0.57214567
     3

O      -0.00033120    0.00000000    1.11973135
H       0.01674559    0.00000000    2.08359934
CL      -0.00033120    0.00000000   -0.57214547
     3

O      -0.00034262    0.00000000    1.11973156
H       0.01732296    0.00000000    2.08358893
CL      -0.00034262    0.00000000   -0.57214527
     3

O      -0.00035404    0.00000000    1.11973177
H       0.01790033    0.00000000    2.08357817
CL      -0.00035404    0.00000000   -0.57214506
     3

O      -0.00036546    0.00000000    1.11973199
H       0.01847769    0.00000000    2.08356706
CL      -0.00036546    0.00000000   -0.57214484
     3

O      -0.00037688    0.00000000    1.11973222
H       0.01905504    0.00000000    2.08355560
CL      -0.00037688    0.00000000   -0.57214461
     3

O      -0.00038830    0.00000000    1.11973245
H       0.01963238    0.00000000    2.08354378
CL      -0.00038830    0.00000000   -0.57214438
     3

O      -0.00039972    0.00000000    1.11973269
H       0.02020972    0.00000000    2.08353161
CL      -0.00039972    0.00000000   -0.57214413
     3

O      -0.00041114    0.00000000    1.11973294
H       0.02078705    0.00000000    2.08351909
CL      -0.00041114    0.00000000   -0.57214389
     3

O      -0.00042255    0.00000000    1.11973319
H       0.02136437    0.00000000    2.08350622
CL      -0.00042255    0.00000000   -0.57214363
     3

O      -0.00043397    0.00000000    1.11973346
H       0.02194168    0.00000000    2.08349299
CL      -0.00043397    0.00000000   -0.57214337
     3

O      -0.00044539    0.00000000    1.11973372
H       0.02251898    0.00000000    2.08347941
CL      -0.00044539    0.00000000   -0.57214310
     3

O      -0.00045681    0.00000000    1.11973400
H       0.02309628    0.00000000    2.08346548
CL      -0.00045681    0.00000000   -0.57214283
     3

O      -0.00046823    0.00000000    1.11973428
H       0.02367357    0.00000000    2.08345119
CL      -0.00046823    0.00000000   -0.57214254
     3

O      -0.00047965    0.00000000    1.11973457
H       0.02425085    0.00000000    2.08343656
CL      -0.00047965    0.00000000   -0.57214225
     3

O      -0.00049106    0.00000000    1.11973487
H       0.02482812    0.00000000    2.08342157
CL      -0.00049106    0.00000000   -0.57214196
     3

O      -0.00050248    0.00000000    1.11973517
H       0.02540538    0.00000000    2.08340622
CL      -0.00050248    0.00000000   -0.57214165
     3

O      -0.00051390    0.00000000    1.11973548
H       0.02598263    0.00000000    2.08339053
CL      -0.00051390    0.00000000   -0.57214134
     3

O      -0.00052531    0.00000000    1.11973580
H       0.02655987    0.00000000    2.08337448
CL      -0.00052531    0.00000000   -0.57214103
     3

O      -0.00053673    0.00000000    1.11973612
H       0.02713710    0.00000000    2.08335808
CL      -0.00053673    0.00000000   -0.57214070
     3

O      -0.00054815    0.00000000    1.11973646
H       0.02771432    0.00000000    2.08334133
CL      -0.00054815    0.00000000   -0.57214037
     3

O      -0.00055956    0.00000000    1.11973679
H       0.02829153    0.00000000    2.08332422
CL      -0.00055956    0.00000000   -0.57214003
     3

O      -0.00057098    0.00000000    1.11973714
H       0.02886873    0.00000000    2.08330676
CL      -0.00057098    0.00000000   -0.57213969
     3

O      -0.00058240    0.00000000    1.11973749
H       0.02944592    0.00000000    2.08328895
CL      -0.00058240    0.00000000   -0.57213933
     3

O      -0.00059381    0.00000000    1.11973785
H       0.03002310    0.00000000    2.08327079
CL      -0.00059381    0.00000000   -0.57213898
     3

O      -0.00060523    0.00000000    1.11973822
H       0.03060027    0.00000000    2.08325227
CL      -0.00060523    0.00000000   -0.57213861
     3

O      -0.00061664    0.00000000    1.11973859
H       0.03117743    0.00000000    2.08323340
CL      -0.00061664    0.00000000   -0.57213824
     3

O      -0.00062806    0.00000000    1.11973897
H       0.03175457    0.00000000    2.08321418
CL      -0.00062806    0.00000000   -0.57213786
     3

O      -0.00063947    0.00000000    1.11973936
H       0.03233170    0.00000000    2.08319461
CL      -0.00063947    0.00000000   -0.57213747
     3

O      -0.00065089    0.00000000    1.11973975
H       0.03290882    0.00000000    2.08317468
CL      -0.00065089    0.00000000   -0.57213707
     3

O      -0.00066230    0.00000000    1.11974015
H       0.03348593    0.00000000    2.08315440
CL      -0.00066230    0.00000000   -0.57213667
     3

O      -0.00067372    0.00000000    1.11974056
H       0.03406303    0.00000000    2.08313377
CL      -0.00067372    0.00000000   -0.57213627
     3

O      -0.00068513    0.00000000    1.11974098
H       0.03464011    0.00000000    2.08311278
CL      -0.00068513    0.00000000   -0.57213585
     3

O      -0.00069654    0.00000000    1.11974140
H       0.03521718    0.00000000    2.08309145
CL      -0.00069654    0.00000000   -0.57213543
     3

O      -0.00070796    0.00000000    1.11974183
H       0.03579424    0.00000000    2.08306976
CL      -0.00070796    0.00000000   -0.57213500
     3

O      -0.00071937    0.00000000    1.11974226
H       0.03637128    0.00000000    2.08304772
CL      -0.00071937    0.00000000   -0.57213456
     3

O      -0.00073078    0.00000000    1.11974271
H       0.03694831    0.00000000    2.08302532
CL      -0.00073078    0.00000000   -0.57213412
     3

O      -0.00074219    0.00000000    1.11974316
H       0.03752533    0.00000000    2.08300257
CL      -0.00074219    0.00000000   -0.57213367
     3

O      -0.00075361    0.00000000    1.11974361
H       0.03810233    0.00000000    2.08297948
CL      -0.00075361    0.00000000   -0.57213321
     3

O      -0.00076502    0.00000000    1.11974408
H       0.03867932    0.00000000    2.08295602
CL      -0.00076502    0.00000000   -0.57213275
     3

O      -0.00077643    0.00000000    1.11974455
H       0.03925629    0.00000000    2.08293222
CL      -0.00077643    0.00000000   -0.57213228
     3

O      -0.00078784    0.00000000    1.11974503
H       0.03983325    0.00000000    2.08290806
CL      -0.00078784    0.00000000   -0.57213180
     3

O      -0.00079925    0.00000000    1.11974551
H       0.04041020    0.00000000    2.08288355
CL      -0.00079925    0.00000000   -0.57213132
     3

O      -0.00081066    0.00000000    1.11974600
H       0.04098712    0.00000000    2.08285869
CL      -0.00081066    0.00000000   -0.57213083
     3

O      -0.00082207    0.00000000    1.11974650
H       0.04156404    0.00000000    2.08283348
CL      -0.00082207    0.00000000   -0.57213033
     3

O      -0.00083348    0.00000000    1.11974701
H       0.04214094    0.00000000    2.08280791
CL      -0.00083348    0.00000000   -0.57212982
     3

O      -0.00084489    0.00000000    1.11974752
H       0.04271782    0.00000000    2.08278199
CL      -0.00084489    0.00000000   -0.57212931
     3

O      -0.00085630    0.00000000    1.11974804
H       0.04329469    0.00000000    2.08275572
CL      -0.00085630    0.00000000   -0.57212879
     3

O      -0.00086771    0.00000000    1.11974856
H       0.04387154    0.00000000    2.08272910
CL      -0.00086771    0.00000000   -0.57212826
     3

O      -0.00087912    0.00000000    1.11974910
H       0.04444837    0.00000000    2.08270212
CL      -0.00087912    0.00000000   -0.57212773
     3

O      -0.00089053    0.00000000    1.11974964
H       0.04502519    0.00000000    2.08267480
CL      -0.00089053    0.00000000   -0.57212719
     3

O      -0.00090194    0.00000000    1.11975019
H       0.04560199    0.00000000    2.08264712
CL      -0.00090194    0.00000000   -0.57212664
     3

O      -0.00091335    0.00000000    1.11975074
H       0.04617877    0.00000000    2.08261908
CL      -0.00091335    0.00000000   -0.57212609
     3

O      -0.00092475    0.00000000    1.11975130
H       0.04675554    0.00000000    2.08259070
CL      -0.00092475    0.00000000   -0.57212552
     3

O      -0.00093616    0.00000000    1.11975187
H       0.04733229    0.00000000    2.08256196
CL      -0.00093616    0.00000000   -0.57212496
     3

O      -0.00094757    0.00000000    1.11975245
H       0.04790902    0.00000000    2.08253287
CL      -0.00094757    0.00000000   -0.57212438
     3

O      -0.00095897    0.00000000    1.11975303
H       0.04848573    0.00000000    2.08250343
CL      -0.00095897    0.00000000   -0.57212380
     3

O      -0.00097038    0.00000000    1.11975362
H       0.04906243    0.00000000    2.08247363
CL      -0.00097038    0.00000000   -0.57212321
     3

O      -0.00098179    0.00000000    1.11975421
H       0.04963910    0.00000000    2.08244349
CL      -0.00098179    0.00000000   -0.57212261
     3

O      -0.00099319    0.00000000    1.11975482
H       0.05021576    0.00000000    2.08241299
CL      -0.00099319    0.00000000   -0.57212201
     3

O      -0.00100460    0.00000000    1.11975543
H       0.05079240    0.00000000    2.08238214
CL      -0.00100460    0.00000000   -0.57212140
     3

O      -0.00101600    0.00000000    1.11975604
H       0.05136902    0.00000000    2.08235093
CL      -0.00101600    0.00000000   -0.57212078
     3

O      -0.00102741    0.00000000    1.11975667
H       0.05194563    0.00000000    2.08231938
CL      -0.00102741    0.00000000   -0.57212016
     3

O      -0.00103881    0.00000000    1.11975730
H       0.05252221    0.00000000    2.08228747
CL      -0.00103881    0.00000000   -0.57211953
     3

O      -0.00105021    0.00000000    1.11975794
H       0.05309877    0.00000000    2.08225521
CL      -0.00105021    0.00000000   -0.57211889
     3

O      -0.00106162    0.00000000    1.11975858
H       0.05367531    0.00000000    2.08222260
CL      -0.00106162    0.00000000   -0.57211824
     3

O      -0.00107302    0.00000000    1.11975923
H       0.05425184    0.00000000    2.08218963
CL      -0.00107302    0.00000000   -0.57211759
     3

O      -0.00108442    0.00000000    1.11975989
H       0.05482834    0.00000000    2.08215632
CL      -0.00108442    0.00000000   -0.57211693
     3

O      -0.00109582    0.00000000    1.11976056
H       0.05540482    0.00000000    2.08212265
CL      -0.00109582    0.00000000   -0.57211627
     3

O      -0.00110723    0.00000000    1.11976123
H       0.05598128    0.00000000    2.08208863
CL      -0.00110723    0.00000000   -0.57211559
     3

O      -0.00111863    0.00000000    1.11976191
H       0.05655772    0.00000000    2.08205425
CL      -0.00111863    0.00000000   -0.57211491
     3

O      -0.00113003    0.00000000    1.11976260
H       0.05713414    0.00000000    2.08201953
CL      -0.00113003    0.00000000   -0.57211423
     3

O      -0.00114143    0.00000000    1.11976329
H       0.05771054    0.00000000    2.08198445
CL      -0.00114143    0.00000000   -0.57211353
     3

O      -0.00115283    0.00000000    1.11976399
H       0.05828692    0.00000000    2.08194902
CL      -0.00115283    0.00000000   -0.57211283
     3

O      -0.00116423    0.00000000    1.11976470
H       0.05886327    0.00000000    2.08191324
CL      -0.00116423    0.00000000   -0.57211213
     3

O      -0.00117563    0.00000000    1.11976542
H       0.05943960    0.00000000    2.08187711
CL      -0.00117563    0.00000000   -0.57211141
     3

O      -0.00118702    0.00000000    1.11976614
H       0.06001591    0.00000000    2.08184062
CL      -0.00118702    0.00000000   -0.57211069
     3

O      -0.00119842    0.00000000    1.11976687
H       0.06059220    0.00000000    2.08180378
CL      -0.00119842    0.00000000   -0.57210996
     3

O      -0.00120982    0.00000000    1.11976760
H       0.06116847    0.00000000    2.08176659
CL      -0.00120982    0.00000000   -0.57210922
     3

O      -0.00122122    0.00000000    1.11976834
H       0.06174471    0.00000000    2.08172905
CL      -0.00122122    0.00000000   -0.57210848
     3

O      -0.00123261    0.00000000    1.11976909
H       0.06232093    0.00000000    2.08169116
CL      -0.00123261    0.00000000   -0.57210773
     3

O      -0.00124401    0.00000000    1.11976985
H       0.06289713    0.00000000    2.08165291
CL      -0.00124401    0.00000000   -0.57210698
     3

O      -0.00125541    0.00000000    1.11977061
H       0.06347330    0.00000000    2.08161432
CL      -0.00125541    0.00000000   -0.57210621
     3

O      -0.00126680    0.00000000    1.11977138
H       0.06404945    0.00000000    2.08157537
CL      -0.00126680    0.00000000   -0.57210544
     3

O      -0.00127820    0.00000000    1.11977216
H       0.06462558    0.00000000    2.08153606
CL      -0.00127820    0.00000000   -0.57210467
     3

O      -0.00128959    0.00000000    1.11977295
H       0.06520168    0.00000000    2.08149641
CL      -0.00128959    0.00000000   -0.57210388
     3

O      -0.00130098    0.00000000    1.11977374
H       0.06577775    0.00000000    2.08145641
CL      -0.00130098    0.00000000   -0.57210309
     3

O      -0.00131238    0.00000000    1.11977453
H       0.06635381    0.00000000    2.08141605
CL      -0.00131238    0.00000000   -0.57210229
     3

O      -0.00132377    0.00000000    1.11977534
H       0.06692983    0.00000000    2.08137534
CL      -0.00132377    0.00000000   -0.57210149
     3

O      -0.00133516    0.00000000    1.11977615
H       0.06750584    0.00000000    2.08133428
CL      -0.00133516    0.00000000   -0.57210067
     3

O      -0.00134656    0.00000000    1.11977697
H       0.06808182    0.00000000    2.08129286
CL      -0.00134656    0.00000000   -0.57209986
     3

O      -0.00135795    0.00000000    1.11977780
H       0.06865777    0.00000000    2.08125110
CL      -0.00135795    0.00000000   -0.57209903
     3

O      -0.00136934    0.00000000    1.11977863
H       0.06923369    0.00000000    2.08120898
CL      -0.00136934    0.00000000   -0.57209820
     3

O      -0.00138073    0.00000000    1.11977947
H       0.06980959    0.00000000    2.08116652
CL      -0.00138073    0.00000000   -0.57209736
     3

O      -0.00139212    0.00000000    1.11978032
H       0.07038547    0.00000000    2.08112369
CL      -0.00139212    0.00000000   -0.57209651
     3

O      -0.00140351    0.00000000    1.11978117
H       0.07096132    0.00000000    2.08108052
CL      -0.00140351    0.00000000   -0.57209566
     3

O      -0.00141490    0.00000000    1.11978203
H       0.07153714    0.00000000    2.08103700
CL      -0.00141490    0.00000000   -0.57209479
     3

O      -0.00142629    0.00000000    1.11978290
H       0.07211293    0.00000000    2.08099312
CL      -0.00142629    0.00000000   -0.57209393
     3

O      -0.00143767    0.00000000    1.11978377
H       0.07268870    0.00000000    2.08094890
CL      -0.00143767    0.00000000   -0.57209305
     3

O      -0.00144906    0.00000000    1.11978466
H       0.07326444    0.00000000    2.08090432
CL      -0.00144906    0.00000000   -0.57209217
     3

O      -0.00146045    0.00000000    1.11978554
H       0.07384016    0.00000000    2.08085939
CL      -0.00146045    0.00000000   -0.57209128
     3

O      -0.00147183    0.00000000    1.11978644
H       0.07441584    0.00000000    2.08081411
CL      -0.00147183    0.00000000   -0.57209039
     3

O      -0.00148322    0.00000000    1.11978734
H       0.07499150    0.00000000    2.08076847
CL      -0.00148322    0.00000000   -0.57208948
     3

O      -0.00149460    0.00000000    1.11978825
H       0.07556713    0.00000000    2.08072249
CL      -0.00149460    0.00000000   -0.57208857
     3

O      -0.00150599    0.00000000    1.11978917
H       0.07614274    0.00000000    2.08067615
CL      -0.00150599    0.00000000   -0.57208766
     3

O      -0.00151737    0.00000000    1.11979009
H       0.07671831    0.00000000    2.08062946
CL      -0.00151737    0.00000000   -0.57208673
     3

O      -0.00152876    0.00000000    1.11979102
H       0.07729386    0.00000000    2.08058242
CL      -0.00152876    0.00000000   -0.57208580
     3

O      -0.00154014    0.00000000    1.11979196
H       0.07786937    0.00000000    2.08053503
CL      -0.00154014    0.00000000   -0.57208487
     3

O      -0.00155152    0.00000000    1.11979290
H       0.07844486    0.00000000    2.08048728
CL      -0.00155152    0.00000000   -0.57208392
     3

O      -0.00156290    0.00000000    1.11979386
H       0.07902032    0.00000000    2.08043919
CL      -0.00156290    0.00000000   -0.57208297
     3

O      -0.00157428    0.00000000    1.11979481
H       0.07959575    0.00000000    2.08039074
CL      -0.00157428    0.00000000   -0.57208201
     3

O      -0.00158566    0.00000000    1.11979578
H       0.08017114    0.00000000    2.08034194
CL      -0.00158566    0.00000000   -0.57208105
     3

O      -0.00159704    0.00000000    1.11979675
H       0.08074651    0.00000000    2.08029280
CL      -0.00159704    0.00000000   -0.57208008
     3

O      -0.00160842    0.00000000    1.11979773
H       0.08132185    0.00000000    2.08024329
CL      -0.00160842    0.00000000   -0.57207910
     3

O      -0.00161980    0.00000000    1.11979872
H       0.08189716    0.00000000    2.08019344
CL      -0.00161980    0.00000000   -0.57207811
     3

O      -0.00163118    0.00000000    1.11979971
H       0.08247244    0.00000000    2.08014324
CL      -0.00163118    0.00000000   -0.57207712
     3

O      -0.00164256    0.00000000    1.11980071
H       0.08304769    0.00000000    2.08009268
CL      -0.00164256    0.00000000   -0.57207612
     3

O      -0.00165393    0.00000000    1.11980172
H       0.08362290    0.00000000    2.08004178
CL      -0.00165393    0.00000000   -0.57207511
     3

O      -0.00166531    0.00000000    1.11980273
H       0.08419809    0.00000000    2.07999052
CL      -0.00166531    0.00000000   -0.57207410
     3

O      -0.00167669    0.00000000    1.11980375
H       0.08477324    0.00000000    2.07993891
CL      -0.00167669    0.00000000   -0.57207308
     3

O      -0.00168806    0.00000000    1.11980478
H       0.08534836    0.00000000    2.07988695
CL      -0.00168806    0.00000000   -0.57207205
     3

O      -0.00169944    0.00000000    1.11980581
H       0.08592345    0.00000000    2.07983464
CL      -0.00169944    0.00000000   -0.57207101
     3

O      -0.00171081    0.00000000    1.11980685
H       0.08649851    0.00000000    2.07978197
CL      -0.00171081    0.00000000   -0.57206997
     3

O      -0.00172218    0.00000000    1.11980790
H       0.08707354    0.00000000    2.07972896
CL      -0.00172218    0.00000000   -0.57206892
     3

O      -0.00173356    0.00000000    1.11980896
H       0.08764853    0.00000000    2.07967559
CL      -0.00173356    0.00000000   -0.57206787
     3

O      -0.00174493    0.00000000    1.11981002
H       0.08822349    0.00000000    2.07962188
CL      -0.00174493    0.00000000   -0.57206681
     3

O      -0.00175630    0.00000000    1.11981109
H       0.08879842    0.00000000    2.07956781
CL      -0.00175630    0.00000000   -0.57206574
     3

O      -0.00176767    0.00000000    1.11981217
H       0.08937331    0.00000000    2.07951339
CL      -0.00176767    0.00000000   -0.57206466
     3

O      -0.00177904    0.00000000    1.11981325
H       0.08994817    0.00000000    2.07945862
CL      -0.00177904    0.00000000   -0.57206358
     3

O      -0.00179041    0.00000000    1.11981434
H       0.09052300    0.00000000    2.07940350
CL      -0.00179041    0.00000000   -0.57206249
     3

O      -0.00180178    0.00000000    1.11981544
H       0.09109780    0.00000000    2.07934802
CL      -0.00180178    0.00000000   -0.57206139
     3

O      -0.00181314    0.00000000    1.11981654
H       0.09167256    0.00000000    2.07929220
CL      -0.00181314    0.00000000   -0.57206029
     3

O      -0.00182451    0.00000000    1.11981765
H       0.09224728    0.00000000    2.07923602
CL      -0.00182451    0.00000000   -0.57205917
     3

O      -0.00183588    0.00000000    1.11981877
H       0.09282197    0.00000000    2.07917950
CL      -0.00183588    0.00000000   -0.57205806
     3

O      -0.00184724    0.00000000    1.11981990
H       0.09339663    0.00000000    2.07912262
CL      -0.00184724    0.00000000   -0.57205693
     3

O      -0.00185861    0.00000000    1.11982103
H       0.09397125    0.00000000    2.07906539
CL      -0.00185861    0.00000000   -0.57205580
     3

O      -0.00186997    0.00000000    1.11982217
H       0.09454584    0.00000000    2.07900781
CL      -0.00186997    0.00000000   -0.57205466
     3

O      -0.00188134    0.00000000    1.11982331
H       0.09512039    0.00000000    2.07894988
CL      -0.00188134    0.00000000   -0.57205351
     3

O      -0.00189270    0.00000000    1.11982446
H       0.09569491    0.00000000    2.07889160
CL      -0.00189270    0.00000000   -0.57205236
     3

O      -0.00190406    0.00000000    1.11982562
H       0.09626939    0.00000000    2.07883297
CL      -0.00190406    0.00000000   -0.57205120
     3

O      -0.00191542    0.00000000    1.11982679
H       0.09684383    0.00000000    2.07877399
CL      -0.00191542    0.00000000   -0.57205004
     3

O      -0.00192679    0.00000000    1.11982796
H       0.09741824    0.00000000    2.07871465
CL      -0.00192679    0.00000000   -0.57204886
     3

O      -0.00193815    0.00000000    1.11982914
H       0.09799261    0.00000000    2.07865497
CL      -0.00193815    0.00000000   -0.57204768
     3

O      -0.00194951    0.00000000    1.11983033
H       0.09856694    0.00000000    2.07859493
CL      -0.00194951    0.00000000   -0.57204649
     3

O      -0.00196086    0.00000000    1.11983153
H       0.09914124    0.00000000    2.07853454
CL      -0.00196086    0.00000000   -0.57204530
     3

O      -0.00197222    0.00000000    1.11983273
H       0.09971550    0.00000000    2.07847381
CL      -0.00197222    0.00000000   -0.57204410
     3

O      -0.00198358    0.00000000    1.11983394
H       0.10028973    0.00000000    2.07841272
CL      -0.00198358    0.00000000   -0.57204289
     3

O      -0.00199494    0.00000000    1.11983515
H       0.10086392    0.00000000    2.07835128
CL      -0.00199494    0.00000000   -0.57204168
     3

O      -0.00200629    0.00000000    1.11983637
H       0.10143806    0.00000000    2.07828949
CL      -0.00200629    0.00000000   -0.57204045
     3

O      -0.00201765    0.00000000    1.11983760
H       0.10201218    0.00000000    2.07822735
CL      -0.00201765    0.00000000   -0.57203922
     3

O      -0.00202900    0.00000000    1.11983884
H       0.10258625    0.00000000    2.07816486
CL      -0.00202900    0.00000000   -0.57203799
     3

O      -0.00204035    0.00000000    1.11984008
H       0.10316028    0.00000000    2.07810202
CL      -0.00204035    0.00000000   -0.57203675
     3

O      -0.00205171    0.00000000    1.11984133
H       0.10373428    0.00000000    2.07803882
CL      -0.00205171    0.00000000   -0.57203550
     3

O      -0.00206306    0.00000000    1.11984259
H       0.10430824    0.00000000    2.07797528
CL      -0.00206306    0.00000000   -0.57203424
     3

O      -0.00207441    0.00000000    1.11984385
H       0.10488216    0.00000000    2.07791139
CL      -0.00207441    0.00000000   -0.57203297
     3

O      -0.00208576    0.00000000    1.11984512
H       0.10545604    0.00000000    2.07784714
CL      -0.00208576    0.00000000   -0.57203170
     3

O      -0.00209711    0.00000000    1.11984640
H       0.10602988    0.00000000    2.07778255
CL      -0.00209711    0.00000000   -0.57203043
     3

O      -0.00210846    0.00000000    1.11984768
H       0.10660368    0.00000000    2.07771760
CL      -0.00210846    0.00000000   -0.57202914
     3

O      -0.00211981    0.00000000    1.11984898
H       0.10717744    0.00000000    2.07765231
CL      -0.00211981    0.00000000   -0.57202785
     3

O      -0.00213116    0.00000000    1.11985027
H       0.10775116    0.00000000    2.07758666
CL      -0.00213116    0.00000000   -0.57202655
     3

O      -0.00214250    0.00000000    1.11985158
H       0.10832484    0.00000000    2.07752067
CL      -0.00214250    0.00000000   -0.57202525
     3

O      -0.00215385    0.00000000    1.11985289
H       0.10889848    0.00000000    2.07745432
CL      -0.00215385    0.00000000   -0.57202393
     3

O      -0.00216519    0.00000000    1.11985421
H       0.10947208    0.00000000    2.07738762
CL      -0.00216519    0.00000000   -0.57202262
     3

O      -0.00217654    0.00000000    1.11985554
H       0.11004564    0.00000000    2.07732057
CL      -0.00217654    0.00000000   -0.57202129
     3

O      -0.00218788    0.00000000    1.11985687
H       0.11061916    0.00000000    2.07725317
CL      -0.00218788    0.00000000   -0.57201996
     3

O      -0.00219922    0.00000000    1.11985821
H       0.11119263    0.00000000    2.07718543
CL      -0.00219922    0.00000000   -0.57201862
     3

O      -0.00221056    0.00000000    1.11985956
H       0.11176607    0.00000000    2.07711733
CL      -0.00221056    0.00000000   -0.57201727
     3

O      -0.00222191    0.00000000    1.11986091
H       0.11233946    0.00000000    2.07704888
CL      -0.00222191    0.00000000   -0.57201592
     3

O      -0.00223325    0.00000000    1.11986227
H       0.11291281    0.00000000    2.07698008
CL      -0.00223325    0.00000000   -0.57201455
     3

O      -0.00224458    0.00000000    1.11986364
H       0.11348612    0.00000000    2.07691093
CL      -0.00224458    0.00000000   -0.57201319
     3

O      -0.00225592    0.00000000    1.11986501
H       0.11405939    0.00000000    2.07684143
CL      -0.00225592    0.00000000   -0.57201181
     3

O      -0.00226726    0.00000000    1.11986640
H       0.11463261    0.00000000    2.07677158
CL      -0.00226726    0.00000000   -0.57201043
     3

O      -0.00227860    0.00000000    1.11986778
H       0.11520580    0.00000000    2.07670138
CL      -0.00227860    0.00000000   -0.57200904
     3

O      -0.00228993    0.00000000    1.11986918
H       0.11577893    0.00000000    2.07663083
CL      -0.00228993    0.00000000   -0.57200765
     3

O      -0.00230127    0.00000000    1.11987058
H       0.11635203    0.00000000    2.07655993
CL      -0.00230127    0.00000000   -0.57200624
     3

O      -0.00231260    0.00000000    1.11987199
H       0.11692508    0.00000000    2.07648868
CL      -0.00231260    0.00000000   -0.57200484
     3

O      -0.00232393    0.00000000    1.11987341
H       0.11749809    0.00000000    2.07641708
CL      -0.00232393    0.00000000   -0.57200342
     3

O      -0.00233527    0.00000000    1.11987483
H       0.11807105    0.00000000    2.07634513
CL      -0.00233527    0.00000000   -0.57200200
     3

O      -0.00234660    0.00000000    1.11987626
H       0.11864398    0.00000000    2.07627283
CL      -0.00234660    0.00000000   -0.57200057
     3

O      -0.00235793    0.00000000    1.11987770
H       0.11921685    0.00000000    2.07620018
CL      -0.00235793    0.00000000   -0.57199913
     3

O      -0.00236926    0.00000000    1.11987914
H       0.11978968    0.00000000    2.07612718
CL      -0.00236926    0.00000000   -0.57199769
     3

O      -0.00238059    0.00000000    1.11988059
H       0.12036247    0.00000000    2.07605383
CL      -0.00238059    0.00000000   -0.57199624
     3

O      -0.00239192    0.00000000    1.11988205
H       0.12093521    0.00000000    2.07598013
CL      -0.00239192    0.00000000   -0.57199478
     3

O      -0.00240324    0.00000000    1.11988351
H       0.12150791    0.00000000    2.07590608
CL      -0.00240324    0.00000000   -0.57199331
     3

O      -0.00241457    0.00000000    1.11988499
H       0.12208056    0.00000000    2.07583168
CL      -0.00241457    0.00000000   -0.57199184
     3

O      -0.00242589    0.00000000    1.11988646
H       0.12265317    0.00000000    2.07575693
CL      -0.00242589    0.00000000   -0.57199036
     3

O      -0.00243722    0.00000000    1.11988795
H       0.12322573    0.00000000    2.07568183
CL      -0.00243722    0.00000000   -0.57198888
     3

O      -0.00244854    0.00000000    1.11988944
H       0.12379824    0.00000000    2.07560638
CL      -0.00244854    0.00000000   -0.57198739
     3

O      -0.00245986    0.00000000    1.11989094
H       0.12437071    0.00000000    2.07553058
CL      -0.00245986    0.00000000   -0.57198589
     3

O      -0.00247119    0.00000000    1.11989245
H       0.12494313    0.00000000    2.07545443
CL      -0.00247119    0.00000000   -0.57198438
     3

O      -0.00248251    0.00000000    1.11989396
H       0.12551551    0.00000000    2.07537793
CL      -0.00248251    0.00000000   -0.57198287
     3

O      -0.00249383    0.00000000    1.11989548
H       0.12608783    0.00000000    2.07530108
CL      -0.00249383    0.00000000   -0.57198135
     3

O      -0.00250515    0.00000000    1.11989701
H       0.12666012    0.00000000    2.07522389
CL      -0.00250515    0.00000000   -0.57197982
     3

O      -0.00251646    0.00000000    1.11989854
H       0.12723235    0.00000000    2.07514634
CL      -0.00251646    0.00000000   -0.57197829
     3

O      -0.00252778    0.00000000    1.11990008
H       0.12780454    0.00000000    2.07506844
CL      -0.00252778    0.00000000   -0.57197675
     3

O      -0.00253910    0.00000000    1.11990163
H       0.12837667    0.00000000    2.07499020
CL      -0.00253910    0.00000000   -0.57197520
     3

O      -0.00255041    0.00000000    1.11990318
H       0.12894877    0.00000000    2.07491160
CL      -0.00255041    0.00000000   -0.57197364
     3

O      -0.00256173    0.00000000    1.11990474
H       0.12952081    0.00000000    2.07483266
CL      -0.00256173    0.00000000   -0.57197208
     3

O      -0.00257304    0.00000000    1.11990631
H       0.13009280    0.00000000    2.07475336
CL      -0.00257304    0.00000000   -0.57197051
     3

O      -0.00258435    0.00000000    1.11990789
H       0.13066475    0.00000000    2.07467372
CL      -0.00258435    0.00000000   -0.57196894
     3

O      -0.00259566    0.00000000    1.11990947
H       0.13123665    0.00000000    2.07459372
CL      -0.00259566    0.00000000   -0.57196736
     3

O      -0.00260697    0.00000000    1.11991106
H       0.13180849    0.00000000    2.07451338
CL      -0.00260697    0.00000000   -0.57196577
     3

O      -0.00261828    0.00000000    1.11991266
H       0.13238029    0.00000000    2.07443269
CL      -0.00261828    0.00000000   -0.57196417
     3

O      -0.00262959    0.00000000    1.11991426
H       0.13295204    0.00000000    2.07435165
CL      -0.00262959    0.00000000   -0.57196257
     3

O      -0.00264090    0.00000000    1.11991587
H       0.13352374    0.00000000    2.07427026
CL      -0.00264090    0.00000000   -0.57196096
     3

O      -0.00265220    0.00000000    1.11991748
H       0.13409539    0.00000000    2.07418852
CL      -0.00265220    0.00000000   -0.57195934
     3

O      -0.00266351    0.00000000    1.11991911
H       0.13466699    0.00000000    2.07410643
CL      -0.00266351    0.00000000   -0.57195772
     3

O      -0.00267481    0.00000000    1.11992074
H       0.13523854    0.00000000    2.07402399
CL      -0.00267481    0.00000000   -0.57195609
     3

O      -0.00268612    0.00000000    1.11992238
H       0.13581004    0.00000000    2.07394120
CL      -0.00268612    0.00000000   -0.57195445
     3

O      -0.00269742    0.00000000    1.11992402
H       0.13638149    0.00000000    2.07385807
CL      -0.00269742    0.00000000   -0.57195281
     3

O      -0.00270872    0.00000000    1.11992567
H       0.13695289    0.00000000    2.07377458
CL      -0.00270872    0.00000000   -0.57195116
     3

O      -0.00272002    0.00000000    1.11992733
H       0.13752423    0.00000000    2.07369075
CL      -0.00272002    0.00000000   -0.57194950
     3

O      -0.00273132    0.00000000    1.11992899
H       0.13809553    0.00000000    2.07360657
CL      -0.00273132    0.00000000   -0.57194783
     3

O      -0.00274262    0.00000000    1.11993067
H       0.13866677    0.00000000    2.07352203
CL      -0.00274262    0.00000000   -0.57194616
     3

O      -0.00275392    0.00000000    1.11993235
H       0.13923797    0.00000000    2.07343715
CL      -0.00275392    0.00000000   -0.57194448
     3

O      -0.00276521    0.00000000    1.11993403
H       0.13980911    0.00000000    2.07335192
CL      -0.00276521    0.00000000   -0.57194280
     3

O      -0.00277651    0.00000000    1.11993572
H       0.14038019    0.00000000    2.07326634
CL      -0.00277651    0.00000000   -0.57194110
     3

O      -0.00278780    0.00000000    1.11993742
H       0.14095123    0.00000000    2.07318042
CL      -0.00278780    0.00000000   -0.57193940
     3

O      -0.00279910    0.00000000    1.11993913
H       0.14152221    0.00000000    2.07309414
CL      -0.00279910    0.00000000   -0.57193770
     3

O      -0.00281039    0.00000000    1.11994084
H       0.14209314    0.00000000    2.07300751
CL      -0.00281039    0.00000000   -0.57193598
     3

O      -0.00282168    0.00000000    1.11994256
H       0.14266402    0.00000000    2.07292054
CL      -0.00282168    0.00000000   -0.57193426
     3

O      -0.00283297    0.00000000    1.11994429
H       0.14323484    0.00000000    2.07283322
CL      -0.00283297    0.00000000   -0.57193254
     3

O      -0.00284426    0.00000000    1.11994602
H       0.14380561    0.00000000    2.07274555
CL      -0.00284426    0.00000000   -0.57193080
     3

O      -0.00285555    0.00000000    1.11994777
H       0.14437633    0.00000000    2.07265753
CL      -0.00285555    0.00000000   -0.57192906
     3

O      -0.00286683    0.00000000    1.11994951
H       0.14494699    0.00000000    2.07256916
CL      -0.00286683    0.00000000   -0.57192731
     3

O      -0.00287812    0.00000000    1.11995127
H       0.14551760    0.00000000    2.07248044
CL      -0.00287812    0.00000000   -0.57192556
     3

O      -0.00288940    0.00000000    1.11995303
H       0.14608816    0.00000000    2.07239137
CL      -0.00288940    0.00000000   -0.57192380
     3

O      -0.00290069    0.00000000    1.11995480
H       0.14665866    0.00000000    2.07230196
CL      -0.00290069    0.00000000   -0.57192203
     3

O      -0.00291197    0.00000000    1.11995657
H       0.14722910    0.00000000    2.07221220
CL      -0.00291197    0.00000000   -0.57192025
     3

O      -0.00292325    0.00000000    1.11995836
H       0.14779949    0.00000000    2.07212208
CL      -0.00292325    0.00000000   -0.57191847
     3

O      -0.00293453    0.00000000    1.11996014
H       0.14836983    0.00000000    2.07203162
CL      -0.00293453    0.00000000   -0.57191668
     3

O      -0.00294581    0.00000000    1.11996194
H       0.14894011    0.00000000    2.07194082
CL      -0.00294581    0.00000000   -0.57191489
     3

O      -0.00295709    0.00000000    1.11996374
H       0.14951033    0.00000000    2.07184966
CL      -0.00295709    0.00000000   -0.57191308
     3

O      -0.00296837    0.00000000    1.11996555
H       0.15008050    0.00000000    2.07175816
CL      -0.00296837    0.00000000   -0.57191127
     3

O      -0.00297964    0.00000000    1.11996737
H       0.15065061    0.00000000    2.07166630
CL      -0.00297964    0.00000000   -0.57190946
     3

O      -0.00299092    0.00000000    1.11996919
H       0.15122067    0.00000000    2.07157410
CL      -0.00299092    0.00000000   -0.57190763
     3

O      -0.00300219    0.00000000    1.11997102
H       0.15179067    0.00000000    2.07148155
CL      -0.00300219    0.00000000   -0.57190580
     3

O      -0.00301346    0.00000000    1.11997286
H       0.15236061    0.00000000    2.07138865
CL      -0.00301346    0.00000000   -0.57190396
     3

O      -0.00302473    0.00000000    1.11997471
H       0.15293050    0.00000000    2.07129541
CL      -0.00302473    0.00000000   -0.57190212
     3

O      -0.00303600    0.00000000    1.11997656
H       0.15350033    0.00000000    2.07120181
CL      -0.00303600    0.00000000   -0.57190027
     3

O      -0.00304727    0.00000000    1.11997842
H       0.15407010    0.00000000    2.07110787
CL      -0.00304727    0.00000000   -0.57189841
     3

O      -0.00305854    0.00000000    1.11998028
H       0.15463981    0.00000000    2.07101358
CL      -0.00305854    0.00000000   -0.57189655
     3

O      -0.00306981    0.00000000    1.11998215
H       0.15520947    0.00000000    2.07091894
CL      -0.00306981    0.00000000   -0.57189467
     3

O      -0.00308107    0.00000000    1.11998403
H       0.15577907    0.00000000    2.07082396
CL      -0.00308107    0.00000000   -0.57189280
     3

O      -0.00309234    0.00000000    1.11998592
H       0.15634861    0.00000000    2.07072862
CL      -0.00309234    0.00000000   -0.57189091
     3

O      -0.00310360    0.00000000    1.11998781
H       0.15691809    0.00000000    2.07063294
CL      -0.00310360    0.00000000   -0.57188902
     3

O      -0.00311487    0.00000000    1.11998971
H       0.15748752    0.00000000    2.07053691
CL      -0.00311487    0.00000000   -0.57188712
     3

O      -0.00312613    0.00000000    1.11999161
H       0.15805688    0.00000000    2.07044053
CL      -0.00312613    0.00000000   -0.57188521
     3

O      -0.00313739    0.00000000    1.11999353
H       0.15862619    0.00000000    2.07034381
CL      -0.00313739    0.00000000   -0.57188330
     3

O      -0.00314865    0.00000000    1.11999545
H       0.15919544    0.00000000    2.07024674
CL      -0.00314865    0.00000000   -0.57188138
     3

O      -0.00315990    0.00000000    1.11999737
H       0.15976462    0.00000000    2.07014931
CL      -0.00315990    0.00000000   -0.57187945
     3

O      -0.00317116    0.00000000    1.11999931
H       0.16033375    0.00000000    2.07005155
CL      -0.00317116    0.00000000   -0.57187752
     3

O      -0.00318241    0.00000000    1.12000125
H       0.16090282    0.00000000    2.06995343
CL      -0.00318241    0.00000000   -0.57187558
     3

O      -0.00319367    0.00000000    1.12000320
H       0.16147183    0.00000000    2.06985497
CL      -0.00319367    0.00000000   -0.57187363
     3

O      -0.00320492    0.00000000    1.12000515
H       0.16204077    0.00000000    2.06975616
CL      -0.00320492    0.00000000   -0.57187168
     3

O      -0.00321617    0.00000000    1.12000711
H       0.16260966    0.00000000    2.06965700
CL      -0.00321617    0.00000000   -0.57186972
     3

O      -0.00322742    0.00000000    1.12000908
H       0.16317849    0.00000000    2.06955749
CL      -0.00322742    0.00000000   -0.57186775
     3

O      -0.00323867    0.00000000    1.12001105
H       0.16374725    0.00000000    2.06945764
CL      -0.00323867    0.00000000   -0.57186577
     3

O      -0.00324992    0.00000000    1.12001304
H       0.16431596    0.00000000    2.06935743
CL      -0.00324992    0.00000000   -0.57186379
     3

O      -0.00326117    0.00000000    1.12001502
H       0.16488460    0.00000000    2.06925689
CL      -0.00326117    0.00000000   -0.57186180
     3

O      -0.00327241    0.00000000    1.12001702
H       0.16545318    0.00000000    2.06915599
CL      -0.00327241    0.00000000   -0.57185981
     3

O      -0.00328366    0.00000000    1.12001902
H       0.16602170    0.00000000    2.06905475
CL      -0.00328366    0.00000000   -0.57185780
     3

O      -0.00329490    0.00000000    1.12002103
H       0.16659016    0.00000000    2.06895316
CL      -0.00329490    0.00000000   -0.57185579
     3

O      -0.00330614    0.00000000    1.12002305
H       0.16715856    0.00000000    2.06885122
CL      -0.00330614    0.00000000   -0.57185378
     3

O      -0.00331738    0.00000000    1.12002507
H       0.16772689    0.00000000    2.06874893
CL      -0.00331738    0.00000000   -0.57185176
     3

O      -0.00332862    0.00000000    1.12002710
H       0.16829516    0.00000000    2.06864630
CL      -0.00332862    0.00000000   -0.57184973
     3

O      -0.00333986    0.00000000    1.12002914
H       0.16886337    0.00000000    2.06854332
CL      -0.00333986    0.00000000   -0.57184769
     3

O      -0.00335110    0.00000000    1.12003118
H       0.16943152    0.00000000    2.06844000
CL      -0.00335110    0.00000000   -0.57184564
     3

O      -0.00336234    0.00000000    1.12003323
H       0.16999960    0.00000000    2.06833632
CL      -0.00336234    0.00000000   -0.57184359
     3

O      -0.00337357    0.00000000    1.12003529
H       0.17056762    0.00000000    2.06823230
CL      -0.00337357    0.00000000   -0.57184154
     3

O      -0.00338480    0.00000000    1.12003735
H       0.17113557    0.00000000    2.06812794
CL      -0.00338480    0.00000000   -0.57183947
     3

O      -0.00339604    0.00000000    1.12003942
H       0.17170346    0.00000000    2.06802322
CL      -0.00339604    0.00000000   -0.57183740
     3

O      -0.00340727    0.00000000    1.12004150
H       0.17227129    0.00000000    2.06791816
CL      -0.00340727    0.00000000   -0.57183532
     3

O      -0.00341850    0.00000000    1.12004359
H       0.17283905    0.00000000    2.06781275
CL      -0.00341850    0.00000000   -0.57183324
     3

O      -0.00342972    0.00000000    1.12004568
H       0.17340675    0.00000000    2.06770700
CL      -0.00342972    0.00000000   -0.57183115
     3

O      -0.00344095    0.00000000    1.12004778
H       0.17397438    0.00000000    2.06760090
CL      -0.00344095    0.00000000   -0.57182905
     3

O      -0.00345218    0.00000000    1.12004988
H       0.17454195    0.00000000    2.06749445
CL      -0.00345218    0.00000000   -0.57182694
     3

O      -0.00346340    0.00000000    1.12005200
H       0.17510945    0.00000000    2.06738765
CL      -0.00346340    0.00000000   -0.57182483
     3

O      -0.00347462    0.00000000    1.12005411
H       0.17567689    0.00000000    2.06728051
CL      -0.00347462    0.00000000   -0.57182271
     3

O      -0.00348585    0.00000000    1.12005624
H       0.17624426    0.00000000    2.06717302
CL      -0.00348585    0.00000000   -0.57182059
     3

O      -0.00349707    0.00000000    1.12005837
H       0.17681157    0.00000000    2.06706519
CL      -0.00349707    0.00000000   -0.57181845
     3

O      -0.00350829    0.00000000    1.12006051
H       0.17737881    0.00000000    2.06695701
CL      -0.00350829    0.00000000   -0.57181631
     3

O      -0.00351950    0.00000000    1.12006266
H       0.17794599    0.00000000    2.06684848
CL      -0.00351950    0.00000000   -0.57181417
     3

O      -0.00353072    0.00000000    1.12006481
H       0.17851309    0.00000000    2.06673960
CL      -0.00353072    0.00000000   -0.57181201
     3

O      -0.00354193    0.00000000    1.12006697
H       0.17908014    0.00000000    2.06663038
CL      -0.00354193    0.00000000   -0.57180985
     3

O      -0.00355315    0.00000000    1.12006914
H       0.17964711    0.00000000    2.06652082
CL      -0.00355315    0.00000000   -0.57180769
     3

O      -0.00356436    0.00000000    1.12007131
H       0.18021402    0.00000000    2.06641090
CL      -0.00356436    0.00000000   -0.57180551
     3

O      -0.00357557    0.00000000    1.12007349
H       0.18078086    0.00000000    2.06630064
CL      -0.00357557    0.00000000   -0.57180333
     3

O      -0.00358678    0.00000000    1.12007568
H       0.18134763    0.00000000    2.06619004
CL      -0.00358678    0.00000000   -0.57180114
     3

O      -0.00359799    0.00000000    1.12007788
H       0.18191434    0.00000000    2.06607909
CL      -0.00359799    0.00000000   -0.57179895
     3

O      -0.00360920    0.00000000    1.12008008
H       0.18248097    0.00000000    2.06596779
CL      -0.00360920    0.00000000   -0.57179675
     3

O      -0.00362040    0.00000000    1.12008229
H       0.18304754    0.00000000    2.06585614
CL      -0.00362040    0.00000000   -0.57179454
     3

O      -0.00363161    0.00000000    1.12008450
H       0.18361404    0.00000000    2.06574415
CL      -0.00363161    0.00000000   -0.57179233
     3

O      -0.00364281    0.00000000    1.12008672
H       0.18418048    0.00000000    2.06563182
CL      -0.00364281    0.00000000   -0.57179010
     3

O      -0.00365401    0.00000000    1.12008895
H       0.18474684    0.00000000    2.06551913
CL      -0.00365401    0.00000000   -0.57178787
     3

O      -0.00366521    0.00000000    1.12009119
H       0.18531314    0.00000000    2.06540611
CL      -0.00366521    0.00000000   -0.57178564
     3

O      -0.00367641    0.00000000    1.12009343
H       0.18587936    0.00000000    2.06529273
CL      -0.00367641    0.00000000   -0.57178340
     3

O      -0.00368761    0.00000000    1.12009568
H       0.18644552    0.00000000    2.06517901
CL      -0.00368761    0.00000000   -0.57178115
     3

O      -0.00369881    0.00000000    1.12009794
H       0.18701160    0.00000000    2.06506495
CL      -0.00369881    0.00000000   -0.57177889
     3

O      -0.00371000    0.00000000    1.12010020
H       0.18757762    0.00000000    2.06495053
CL      -0.00371000    0.00000000   -0.57177663
     3

O      -0.00372120    0.00000000    1.12010247
H       0.18814357    0.00000000    2.06483578
CL      -0.00372120    0.00000000   -0.57177436
     3

O      -0.00373239    0.00000000    1.12010474
H       0.18870944    0.00000000    2.06472067
CL      -0.00373239    0.00000000   -0.57177208
     3

O      -0.00374358    0.00000000    1.12010703
H       0.18927525    0.00000000    2.06460522
CL      -0.00374358    0.00000000   -0.57176980
     3

O      -0.00375477    0.00000000    1.12010932
H       0.18984099    0.00000000    2.06448943
CL      -0.00375477    0.00000000   -0.57176751
     3

O      -0.00376596    0.00000000    1.12011162
H       0.19040665    0.00000000    2.06437329
CL      -0.00376596    0.00000000   -0.57176521
     3

O      -0.00377714    0.00000000    1.12011392
H       0.19097225    0.00000000    2.06425680
CL      -0.00377714    0.00000000   -0.57176291
     3

O      -0.00378833    0.00000000    1.12011623
H       0.19153777    0.00000000    2.06413997
CL      -0.00378833    0.00000000   -0.57176060
     3

O      -0.00379951    0.00000000    1.12011855
H       0.19210322    0.00000000    2.06402280
CL      -0.00379951    0.00000000   -0.57175828
     3

O      -0.00381069    0.00000000    1.12012087
H       0.19266860    0.00000000    2.06390527
CL      -0.00381069    0.00000000   -0.57175596
     3

O      -0.00382188    0.00000000    1.12012320
H       0.19323391    0.00000000    2.06378741
CL      -0.00382188    0.00000000   -0.57175362
     3

O      -0.00383305    0.00000000    1.12012554
H       0.19379914    0.00000000    2.06366919
CL      -0.00383305    0.00000000   -0.57175129
     3

O      -0.00384423    0.00000000    1.12012789
H       0.19436430    0.00000000    2.06355064
CL      -0.00384423    0.00000000   -0.57174894
     3

O      -0.00385541    0.00000000    1.12013024
H       0.19492939    0.00000000    2.06343173
CL      -0.00385541    0.00000000   -0.57174659
     3

O      -0.00386658    0.00000000    1.12013260
H       0.19549441    0.00000000    2.06331249
CL      -0.00386658    0.00000000   -0.57174423
     3

O      -0.00387776    0.00000000    1.12013496
H       0.19605936    0.00000000    2.06319289
CL      -0.00387776    0.00000000   -0.57174187
     3

O      -0.00388893    0.00000000    1.12013733
H       0.19662423    0.00000000    2.06307295
CL      -0.00388893    0.00000000   -0.57173949
     3

O      -0.00390010    0.00000000    1.12013971
H       0.19718903    0.00000000    2.06295267
CL      -0.00390010    0.00000000   -0.57173711
     3

O      -0.00391127    0.00000000    1.12014210
H       0.19775375    0.00000000    2.06283204
CL      -0.00391127    0.00000000   -0.57173473
     3

O      -0.00392244    0.00000000    1.12014449
H       0.19831840    0.00000000    2.06271107
CL      -0.00392244    0.00000000   -0.57173234
     3

O      -0.00393361    0.00000000    1.12014689
H       0.19888298    0.00000000    2.06258975
CL      -0.00393361    0.00000000   -0.57172994
     3

O      -0.00394477    0.00000000    1.12014930
H       0.19944748    0.00000000    2.06246809
CL      -0.00394477    0.00000000   -0.57172753
     3

O      -0.00395593    0.00000000    1.12015171
H       0.20001191    0.00000000    2.06234608
CL      -0.00395593    0.00000000   -0.57172512
     3

O      -0.00396710    0.00000000    1.12015413
H       0.20057626    0.00000000    2.06222373
CL      -0.00396710    0.00000000   -0.57172270
     3

O      -0.00397826    0.00000000    1.12015656
H       0.20114054    0.00000000    2.06210103
CL      -0.00397826    0.00000000   -0.57172027
     3

O      -0.00398942    0.00000000    1.12015899
H       0.20170475    0.00000000    2.06197799
CL      -0.00398942    0.00000000   -0.57171784
     3

O      -0.00400057    0.00000000    1.12016143
H       0.20226888    0.00000000    2.06185460
CL      -0.00400057    0.00000000   -0.57171540
     3

O      -0.00401173    0.00000000    1.12016388
H       0.20283293    0.00000000    2.06173087
CL      -0.00401173    0.00000000   -0.57171295
     3

O      -0.00402288    0.00000000    1.12016633
H       0.20339691    0.00000000    2.06160679
CL      -0.00402288    0.00000000   -0.57171049
     3

O      -0.00403404    0.00000000    1.12016879
H       0.20396081    0.00000000    2.06148237
CL      -0.00403404    0.00000000   -0.57170803
     3

O      -0.00404519    0.00000000    1.12017126
H       0.20452463    0.00000000    2.06135761
CL      -0.00404519    0.00000000   -0.57170557
     3

O      -0.00405634    0.00000000    1.12017374
H       0.20508838    0.00000000    2.06123250
CL      -0.00405634    0.00000000   -0.57170309
     3

O      -0.00406749    0.00000000    1.12017622
H       0.20565205    0.00000000    2.06110705
CL      -0.00406749    0.00000000   -0.57170061
     3

O      -0.00407863    0.00000000    1.12017870
H       0.20621565    0.00000000    2.06098125
CL      -0.00407863    0.00000000   -0.57169812
     3

O      -0.00408978    0.00000000    1.12018120
H       0.20677917    0.00000000    2.06085511
CL      -0.00408978    0.00000000   -0.57169563
     3

O      -0.00410092    0.00000000    1.12018370
H       0.20734261    0.00000000    2.06072862
CL      -0.00410092    0.00000000   -0.57169313
     3

O      -0.00411207    0.00000000    1.12018621
H       0.20790597    0.00000000    2.06060179
CL      -0.00411207    0.00000000   -0.57169062
     3

O      -0.00412321    0.00000000    1.12018872
H       0.20846926    0.00000000    2.06047461
CL      -0.00412321    0.00000000   -0.57168810
     3

O      -0.00413435    0.00000000    1.12019125
H       0.20903247    0.00000000    2.06034710
CL      -0.00413435    0.00000000   -0.57168558
     3

O      -0.00414548    0.00000000    1.12019378
H       0.20959560    0.00000000    2.06021923
CL      -0.00414548    0.00000000   -0.57168305
     3

O      -0.00415662    0.00000000    1.12019631
H       0.21015865    0.00000000    2.06009103
CL      -0.00415662    0.00000000   -0.57168051
     3

O      -0.00416776    0.00000000    1.12019885
H       0.21072163    0.00000000    2.05996248
CL      -0.00416776    0.00000000   -0.57167797
     3

O      -0.00417889    0.00000000    1.12020140
H       0.21128452    0.00000000    2.05983358
CL      -0.00417889    0.00000000   -0.57167542
     3

O      -0.00419002    0.00000000    1.12020396
H       0.21184734    0.00000000    2.05970434
CL      -0.00419002    0.00000000   -0.57167287
     3

O      -0.00420115    0.00000000    1.12020652
H       0.21241008    0.00000000    2.05957476
CL      -0.00420115    0.00000000   -0.57167030
     3

O      -0.00421228    0.00000000    1.12020909
H       0.21297274    0.00000000    2.05944484
CL      -0.00421228    0.00000000   -0.57166773
     3

O      -0.00422341    0.00000000    1.12021167
H       0.21353531    0.00000000    2.05931457
CL      -0.00422341    0.00000000   -0.57166516
     3

O      -0.00423453    0.00000000    1.12021425
H       0.21409781    0.00000000    2.05918395
CL      -0.00423453    0.00000000   -0.57166257
     3

O      -0.00424566    0.00000000    1.12021684
H       0.21466023    0.00000000    2.05905300
CL      -0.00424566    0.00000000   -0.57165998
     3

O      -0.00425678    0.00000000    1.12021944
H       0.21522257    0.00000000    2.05892170
CL      -0.00425678    0.00000000   -0.57165739
     3

O      -0.00426790    0.00000000    1.12022204
H       0.21578483    0.00000000    2.05879005
CL      -0.00426790    0.00000000   -0.57165478
     3

O      -0.00427902    0.00000000    1.12022465
H       0.21634701    0.00000000    2.05865807
CL      -0.00427902    0.00000000   -0.57165217
     3

O      -0.00429013    0.00000000    1.12022727
H       0.21690911    0.00000000    2.05852573
CL      -0.00429013    0.00000000   -0.57164956
     3

O      -0.00430125    0.00000000    1.12022989
H       0.21747112    0.00000000    2.05839306
CL      -0.00430125    0.00000000   -0.57164693
     3

O      -0.00431236    0.00000000    1.12023253
H       0.21803306    0.00000000    2.05826004
CL      -0.00431236    0.00000000   -0.57164430
     3

O      -0.00432348    0.00000000    1.12023516
H       0.21859491    0.00000000    2.05812668
CL      -0.00432348    0.00000000   -0.57164166
     3

O      -0.00433459    0.00000000    1.12023781
H       0.21915669    0.00000000    2.05799298
CL      -0.00433459    0.00000000   -0.57163902
     3

O      -0.00434570    0.00000000    1.12024046
H       0.21971838    0.00000000    2.05785893
CL      -0.00434570    0.00000000   -0.57163637
     3

O      -0.00435681    0.00000000    1.12024312
H       0.22027999    0.00000000    2.05772454
CL      -0.00435681    0.00000000   -0.57163371
     3

O      -0.00436791    0.00000000    1.12024578
H       0.22084151    0.00000000    2.05758981
CL      -0.00436791    0.00000000   -0.57163104
     3

O      -0.00437902    0.00000000    1.12024845
H       0.22140296    0.00000000    2.05745473
CL      -0.00437902    0.00000000   -0.57162837
     3

O      -0.00439012    0.00000000    1.12025113
H       0.22196432    0.00000000    2.05731932
CL      -0.00439012    0.00000000   -0.57162569
     3

O      -0.00440122    0.00000000    1.12025382
H       0.22252560    0.00000000    2.05718355
CL      -0.00440122    0.00000000   -0.57162301
     3

O      -0.00441232    0.00000000    1.12025651
H       0.22308679    0.00000000    2.05704745
CL      -0.00441232    0.00000000   -0.57162032
     3

O      -0.00442342    0.00000000    1.12025921
H       0.22364791    0.00000000    2.05691100
CL      -0.00442342    0.00000000   -0.57161762
     3

O      -0.00443451    0.00000000    1.12026191
H       0.22420894    0.00000000    2.05677421
CL      -0.00443451    0.00000000   -0.57161491
     3

O      -0.00444561    0.00000000    1.12026463
H       0.22476988    0.00000000    2.05663708
CL      -0.00444561    0.00000000   -0.57161220
     3

O      -0.00445670    0.00000000    1.12026734
H       0.22533074    0.00000000    2.05649960
CL      -0.00445670    0.00000000   -0.57160948
     3

O      -0.00446779    0.00000000    1.12027007
H       0.22589152    0.00000000    2.05636179
CL      -0.00446779    0.00000000   -0.57160676
     3

O      -0.00447888    0.00000000    1.12027280
H       0.22645221    0.00000000    2.05622362
CL      -0.00447888    0.00000000   -0.57160402
     3

O      -0.00448997    0.00000000    1.12027554
H       0.22701282    0.00000000    2.05608512
CL      -0.00448997    0.00000000   -0.57160128
     3

O      -0.00450106    0.00000000    1.12027829
H       0.22757335    0.00000000    2.05594628
CL      -0.00450106    0.00000000   -0.57159854
     3

O      -0.00451214    0.00000000    1.12028104
H       0.22813379    0.00000000    2.05580709
CL      -0.00451214    0.00000000   -0.57159579
     3

O      -0.00452323    0.00000000    1.12028380
H       0.22869414    0.00000000    2.05566756
CL      -0.00452323    0.00000000   -0.57159303
     3

O      -0.00453431    0.00000000    1.12028657
H       0.22925441    0.00000000    2.05552769
CL      -0.00453431    0.00000000   -0.57159026
     3

O      -0.00454539    0.00000000    1.12028934
H       0.22981459    0.00000000    2.05538747
CL      -0.00454539    0.00000000   -0.57158749
     3

O      -0.00455646    0.00000000    1.12029212
H       0.23037469    0.00000000    2.05524691
CL      -0.00455646    0.00000000   -0.57158471
     3

O      -0.00456754    0.00000000    1.12029491
H       0.23093470    0.00000000    2.05510602
CL      -0.00456754    0.00000000   -0.57158192
     3

O      -0.00457861    0.00000000    1.12029770
H       0.23149462    0.00000000    2.05496477
CL      -0.00457861    0.00000000   -0.57157913
     3

O      -0.00458969    0.00000000    1.12030050
H       0.23205446    0.00000000    2.05482319
CL      -0.00458969    0.00000000   -0.57157633
     3

O      -0.00460076    0.00000000    1.12030331
H       0.23261422    0.00000000    2.05468127
CL      -0.00460076    0.00000000   -0.57157352
     3

O      -0.00461183    0.00000000    1.12030612
H       0.23317388    0.00000000    2.05453900
CL      -0.00461183    0.00000000   -0.57157070
     3

O      -0.00462290    0.00000000    1.12030894
H       0.23373346    0.00000000    2.05439639
CL      -0.00462290    0.00000000   -0.57156788
     3

O      -0.00463396    0.00000000    1.12031177
H       0.23429295    0.00000000    2.05425344
CL      -0.00463396    0.00000000   -0.57156506
     3

O      -0.00464503    0.00000000    1.12031460
H       0.23485235    0.00000000    2.05411015
CL      -0.00464503    0.00000000   -0.57156222
     3

O      -0.00465609    0.00000000    1.12031745
H       0.23541167    0.00000000    2.05396651
CL      -0.00465609    0.00000000   -0.57155938
     3

O      -0.00466715    0.00000000    1.12032029
H       0.23597090    0.00000000    2.05382254
CL      -0.00466715    0.00000000   -0.57155653
     3

O      -0.00467821    0.00000000    1.12032315
H       0.23653004    0.00000000    2.05367822
CL      -0.00467821    0.00000000   -0.57155368
     3

O      -0.00468926    0.00000000    1.12032601
H       0.23708909    0.00000000    2.05353356
CL      -0.00468926    0.00000000   -0.57155082
     3

O      -0.00470032    0.00000000    1.12032888
H       0.23764805    0.00000000    2.05338856
CL      -0.00470032    0.00000000   -0.57154795
     3

O      -0.00471137    0.00000000    1.12033175
H       0.23820693    0.00000000    2.05324322
CL      -0.00471137    0.00000000   -0.57154508
     3

O      -0.00472243    0.00000000    1.12033463
H       0.23876571    0.00000000    2.05309754
CL      -0.00472243    0.00000000   -0.57154219
     3

O      -0.00473348    0.00000000    1.12033752
H       0.23932441    0.00000000    2.05295151
CL      -0.00473348    0.00000000   -0.57153931
     3

O      -0.00474452    0.00000000    1.12034042
H       0.23988302    0.00000000    2.05280515
CL      -0.00474452    0.00000000   -0.57153641
     3

O      -0.00475557    0.00000000    1.12034332
H       0.24044154    0.00000000    2.05265844
CL      -0.00475557    0.00000000   -0.57153351
     3

O      -0.00476662    0.00000000    1.12034623
H       0.24099997    0.00000000    2.05251139
CL      -0.00476662    0.00000000   -0.57153060
     3

O      -0.00477766    0.00000000    1.12034914
H       0.24155830    0.00000000    2.05236400
CL      -0.00477766    0.00000000   -0.57152769
     3

O      -0.00478870    0.00000000    1.12035206
H       0.24211655    0.00000000    2.05221627
CL      -0.00478870    0.00000000   -0.57152476
     3

O      -0.00479974    0.00000000    1.12035499
H       0.24267471    0.00000000    2.05206820
CL      -0.00479974    0.00000000   -0.57152184
     3

O      -0.00481078    0.00000000    1.12035793
H       0.24323278    0.00000000    2.05191979
CL      -0.00481078    0.00000000   -0.57151890
     3

O      -0.00482181    0.00000000    1.12036087
H       0.24379075    0.00000000    2.05177104
CL      -0.00482181    0.00000000   -0.57151596
     3

O      -0.00483285    0.00000000    1.12036382
H       0.24434864    0.00000000    2.05162194
CL      -0.00483285    0.00000000   -0.57151301
     3

O      -0.00484388    0.00000000    1.12036677
H       0.24490643    0.00000000    2.05147251
CL      -0.00484388    0.00000000   -0.57151005
     3

O      -0.00485491    0.00000000    1.12036974
H       0.24546414    0.00000000    2.05132273
CL      -0.00485491    0.00000000   -0.57150709
     3

O      -0.00486594    0.00000000    1.12037270
H       0.24602175    0.00000000    2.05117262
CL      -0.00486594    0.00000000   -0.57150412
     3

O      -0.00487697    0.00000000    1.12037568
H       0.24657927    0.00000000    2.05102216
CL      -0.00487697    0.00000000   -0.57150115
     3

O      -0.00488799    0.00000000    1.12037866
H       0.24713669    0.00000000    2.05087137
CL      -0.00488799    0.00000000   -0.57149816
     3

O      -0.00489901    0.00000000    1.12038165
H       0.24769403    0.00000000    2.05072023
CL      -0.00489901    0.00000000   -0.57149517
     3

O      -0.00491004    0.00000000    1.12038465
H       0.24825127    0.00000000    2.05056875
CL      -0.00491004    0.00000000   -0.57149218
     3

O      -0.00492106    0.00000000    1.12038765
H       0.24880842    0.00000000    2.05041693
CL      -0.00492106    0.00000000   -0.57148918
     3

O      -0.00493207    0.00000000    1.12039066
H       0.24936548    0.00000000    2.05026477
CL      -0.00493207    0.00000000   -0.57148617
     3

O      -0.00494309    0.00000000    1.12039368
H       0.24992244    0.00000000    2.05011227
CL      -0.00494309    0.00000000   -0.57148315
     3

O      -0.00495410    0.00000000    1.12039670
H       0.25047932    0.00000000    2.04995944
CL      -0.00495410    0.00000000   -0.57148013
     3

O      -0.00496512    0.00000000    1.12039973
H       0.25103609    0.00000000    2.04980626
CL      -0.00496512    0.00000000   -0.57147710
     3

O      -0.00497613    0.00000000    1.12040277
H       0.25159278    0.00000000    2.04965274
CL      -0.00497613    0.00000000   -0.57147406
     3

O      -0.00498713    0.00000000    1.12040581
H       0.25214937    0.00000000    2.04949888
CL      -0.00498713    0.00000000   -0.57147102
     3

O      -0.00499814    0.00000000    1.12040886
H       0.25270586    0.00000000    2.04934468
CL      -0.00499814    0.00000000   -0.57146797
     3

O      -0.00500915    0.00000000    1.12041191
H       0.25326227    0.00000000    2.04919014
CL      -0.00500915    0.00000000   -0.57146491
     3

O      -0.00502015    0.00000000    1.12041498
H       0.25381857    0.00000000    2.04903526
CL      -0.00502015    0.00000000   -0.57146185
     3

O      -0.00503115    0.00000000    1.12041805
H       0.25437479    0.00000000    2.04888004
CL      -0.00503115    0.00000000   -0.57145878
     3

O      -0.00504215    0.00000000    1.12042112
H       0.25493090    0.00000000    2.04872448
CL      -0.00504215    0.00000000   -0.57145570
     3

O      -0.00505315    0.00000000    1.12042421
H       0.25548693    0.00000000    2.04856858
CL      -0.00505315    0.00000000   -0.57145262
     3

O      -0.00506414    0.00000000    1.12042730
H       0.25604285    0.00000000    2.04841235
CL      -0.00506414    0.00000000   -0.57144953
     3

O      -0.00507513    0.00000000    1.12043040
H       0.25659868    0.00000000    2.04825577
CL      -0.00507513    0.00000000   -0.57144643
     3

O      -0.00508613    0.00000000    1.12043350
H       0.25715442    0.00000000    2.04809885
CL      -0.00508613    0.00000000   -0.57144333
     3

O      -0.00509712    0.00000000    1.12043661
H       0.25771006    0.00000000    2.04794160
CL      -0.00509712    0.00000000   -0.57144022
     3

O      -0.00510810    0.00000000    1.12043973
H       0.25826560    0.00000000    2.04778400
CL      -0.00510810    0.00000000   -0.57143710
     3

O      -0.00511909    0.00000000    1.12044285
H       0.25882105    0.00000000    2.04762606
CL      -0.00511909    0.00000000   -0.57143398
     3

O      -0.00513007    0.00000000    1.12044598
H       0.25937640    0.00000000    2.04746779
CL      -0.00513007    0.00000000   -0.57143085
     3

O      -0.00514106    0.00000000    1.12044912
H       0.25993165    0.00000000    2.04730918
CL      -0.00514106    0.00000000   -0.57142771
     3

O      -0.00515204    0.00000000    1.12045226
H       0.26048681    0.00000000    2.04715022
CL      -0.00515204    0.00000000   -0.57142457
     3

O      -0.00516301    0.00000000    1.12045541
H       0.26104187    0.00000000    2.04699093
CL      -0.00516301    0.00000000   -0.57142141
     3

O      -0.00517399    0.00000000    1.12045857
H       0.26159683    0.00000000    2.04683130
CL      -0.00517399    0.00000000   -0.57141826
     3

O      -0.00518497    0.00000000    1.12046173
H       0.26215170    0.00000000    2.04667133
CL      -0.00518497    0.00000000   -0.57141509
     3

O      -0.00519594    0.00000000    1.12046490
H       0.26270647    0.00000000    2.04651102
CL      -0.00519594    0.00000000   -0.57141192
     3

O      -0.00520691    0.00000000    1.12046808
H       0.26326113    0.00000000    2.04635037
CL      -0.00520691    0.00000000   -0.57140875
     3

O      -0.00521788    0.00000000    1.12047127
H       0.26381570    0.00000000    2.04618939
CL      -0.00521788    0.00000000   -0.57140556
     3

O      -0.00522884    0.00000000    1.12047446
H       0.26437018    0.00000000    2.04602806
CL      -0.00522884    0.00000000   -0.57140237
     3

O      -0.00523981    0.00000000    1.12047765
H       0.26492455    0.00000000    2.04586640
CL      -0.00523981    0.00000000   -0.57139917
     3

O      -0.00525077    0.00000000    1.12048086
H       0.26547883    0.00000000    2.04570440
CL      -0.00525077    0.00000000   -0.57139597
     3

O      -0.00526173    0.00000000    1.12048407
H       0.26603300    0.00000000    2.04554206
CL      -0.00526173    0.00000000   -0.57139276
     3

O      -0.00527269    0.00000000    1.12048729
H       0.26658708    0.00000000    2.04537938
CL      -0.00527269    0.00000000   -0.57138954
     3

O      -0.00528365    0.00000000    1.12049051
H       0.26714105    0.00000000    2.04521636
CL      -0.00528365    0.00000000   -0.57138632
     3

O      -0.00529460    0.00000000    1.12049374
H       0.26769493    0.00000000    2.04505300
CL      -0.00529460    0.00000000   -0.57138309
     3

O      -0.00530555    0.00000000    1.12049698
H       0.26824871    0.00000000    2.04488931
CL      -0.00530555    0.00000000   -0.57137985
     3

O      -0.00531651    0.00000000    1.12050022
H       0.26880239    0.00000000    2.04472527
CL      -0.00531651    0.00000000   -0.57137660
     3

O      -0.00532745    0.00000000    1.12050347
H       0.26935596    0.00000000    2.04456090
CL      -0.00532745    0.00000000   -0.57137335
     3

O      -0.00533840    0.00000000    1.12050673
H       0.26990944    0.00000000    2.04439619
CL      -0.00533840    0.00000000   -0.57137009
     3

O      -0.00534935    0.00000000    1.12051000
H       0.27046281    0.00000000    2.04423115
CL      -0.00534935    0.00000000   -0.57136683
     3

O      -0.00536029    0.00000000    1.12051327
H       0.27101609    0.00000000    2.04406576
CL      -0.00536029    0.00000000   -0.57136356
     3

O      -0.00537123    0.00000000    1.12051655
H       0.27156926    0.00000000    2.04390004
CL      -0.00537123    0.00000000   -0.57136028
     3

O      -0.00538217    0.00000000    1.12051983
H       0.27212234    0.00000000    2.04373398
CL      -0.00538217    0.00000000   -0.57135700
     3

O      -0.00539311    0.00000000    1.12052312
H       0.27267531    0.00000000    2.04356758
CL      -0.00539311    0.00000000   -0.57135371
     3

O      -0.00540404    0.00000000    1.12052642
H       0.27322817    0.00000000    2.04340084
CL      -0.00540404    0.00000000   -0.57135041
     3

O      -0.00541497    0.00000000    1.12052972
H       0.27378094    0.00000000    2.04323377
CL      -0.00541497    0.00000000   -0.57134710
     3

O      -0.00542590    0.00000000    1.12053303
H       0.27433361    0.00000000    2.04306635
CL      -0.00542590    0.00000000   -0.57134379
     3

O      -0.00543683    0.00000000    1.12053635
H       0.27488617    0.00000000    2.04289861
CL      -0.00543683    0.00000000   -0.57134047
     3

O      -0.00544776    0.00000000    1.12053968
H       0.27543863    0.00000000    2.04273052
CL      -0.00544776    0.00000000   -0.57133715
     3

O      -0.00545869    0.00000000    1.12054301
H       0.27599099    0.00000000    2.04256209
CL      -0.00545869    0.00000000   -0.57133382
     3

O      -0.00546961    0.00000000    1.12054635
H       0.27654324    0.00000000    2.04239333
CL      -0.00546961    0.00000000   -0.57133048
     3

O      -0.00548053    0.00000000    1.12054969
H       0.27709539    0.00000000    2.04222423
CL      -0.00548053    0.00000000   -0.57132714
     3

O      -0.00549145    0.00000000    1.12055304
H       0.27764744    0.00000000    2.04205480
CL      -0.00549145    0.00000000   -0.57132379
     3

O      -0.00550236    0.00000000    1.12055640
H       0.27819938    0.00000000    2.04188502
CL      -0.00550236    0.00000000   -0.57132043
     3

O      -0.00551328    0.00000000    1.12055976
H       0.27875122    0.00000000    2.04171491
CL      -0.00551328    0.00000000   -0.57131706
     3

O      -0.00552419    0.00000000    1.12056313
H       0.27930296    0.00000000    2.04154446
CL      -0.00552419    0.00000000   -0.57131369
     3

O      -0.00553510    0.00000000    1.12056651
H       0.27985459    0.00000000    2.04137368
CL      -0.00553510    0.00000000   -0.57131031
     3

O      -0.00554601    0.00000000    1.12056990
H       0.28040612    0.00000000    2.04120256
CL      -0.00554601    0.00000000   -0.57130693
     3

O      -0.00555692    0.00000000    1.12057329
H       0.28095754    0.00000000    2.04103110
CL      -0.00555692    0.00000000   -0.57130354
     3

O      -0.00556782    0.00000000    1.12057669
H       0.28150886    0.00000000    2.04085930
CL      -0.00556782    0.00000000   -0.57130014
     3

O      -0.00557872    0.00000000    1.12058009
H       0.28206007    0.00000000    2.04068717
CL      -0.00557872    0.00000000   -0.57129674
     3

O      -0.00558962    0.00000000    1.12058350
H       0.28261118    0.00000000    2.04051470
CL      -0.00558962    0.00000000   -0.57129332
     3

O      -0.00560052    0.00000000    1.12058692
H       0.28316218    0.00000000    2.04034189
CL      -0.00560052    0.00000000   -0.57128991
     3

O      -0.00561142    0.00000000    1.12059034
H       0.28371308    0.00000000    2.04016875
CL      -0.00561142    0.00000000   -0.57128648
     3

O      -0.00562231    0.00000000    1.12059378
H       0.28426387    0.00000000    2.03999527
CL      -0.00562231    0.00000000   -0.57128305
     3

O      -0.00563320    0.00000000    1.12059721
H       0.28481455    0.00000000    2.03982146
CL      -0.00563320    0.00000000   -0.57127961
     3

O      -0.00564409    0.00000000    1.12060066
H       0.28536513    0.00000000    2.03964731
CL      -0.00564409    0.00000000   -0.57127617
     3

O      -0.00565498    0.00000000    1.12060411
H       0.28591560    0.00000000    2.03947282
CL      -0.00565498    0.00000000   -0.57127272
     3

O      -0.00566586    0.00000000    1.12060757
H       0.28646597    0.00000000    2.03929800
CL      -0.00566586    0.00000000   -0.57126926
     3

O      -0.00567675    0.00000000    1.12061103
H       0.28701623    0.00000000    2.03912284
CL      -0.00567675    0.00000000   -0.57126580
     3

O      -0.00568763    0.00000000    1.12061450
H       0.28756638    0.00000000    2.03894734
CL      -0.00568763    0.00000000   -0.57126232
     3

O      -0.00569851    0.00000000    1.12061798
H       0.28811642    0.00000000    2.03877151
CL      -0.00569851    0.00000000   -0.57125885
     3

O      -0.00570939    0.00000000    1.12062146
H       0.28866636    0.00000000    2.03859534
CL      -0.00570939    0.00000000   -0.57125536
     3

O      -0.00572026    0.00000000    1.12062495
H       0.28921619    0.00000000    2.03841883
CL      -0.00572026    0.00000000   -0.57125187
     3

O      -0.00573113    0.00000000    1.12062845
H       0.28976591    0.00000000    2.03824199
CL      -0.00573113    0.00000000   -0.57124837
     3

O      -0.00574200    0.00000000    1.12063196
H       0.29031552    0.00000000    2.03806482
CL      -0.00574200    0.00000000   -0.57124487
     3

O      -0.00575287    0.00000000    1.12063547
H       0.29086502    0.00000000    2.03788731
CL      -0.00575287    0.00000000   -0.57124136
     3

O      -0.00576374    0.00000000    1.12063899
H       0.29141442    0.00000000    2.03770946
CL      -0.00576374    0.00000000   -0.57123784
     3

O      -0.00577460    0.00000000    1.12064251
H       0.29196371    0.00000000    2.03753128
CL      -0.00577460    0.00000000   -0.57123432
     3

O      -0.00578546    0.00000000    1.12064604
H       0.29251288    0.00000000    2.03735276
CL      -0.00578546    0.00000000   -0.57123079
     3

O      -0.00579632    0.00000000    1.12064958
H       0.29306195    0.00000000    2.03717391
CL      -0.00579632    0.00000000   -0.57122725
     3

O      -0.00580718    0.00000000    1.12065312
H       0.29361091    0.00000000    2.03699472
CL      -0.00580718    0.00000000   -0.57122370
     3

O      -0.00581804    0.00000000    1.12065667
H       0.29415976    0.00000000    2.03681519
CL      -0.00581804    0.00000000   -0.57122015
     3

O      -0.00582889    0.00000000    1.12066023
H       0.29470850    0.00000000    2.03663533
CL      -0.00582889    0.00000000   -0.57121660
     3

O      -0.00583974    0.00000000    1.12066379
H       0.29525713    0.00000000    2.03645514
CL      -0.00583974    0.00000000   -0.57121303
     3

O      -0.00585059    0.00000000    1.12066736
H       0.29580565    0.00000000    2.03627461
CL      -0.00585059    0.00000000   -0.57120946
     3

O      -0.00586144    0.00000000    1.12067094
H       0.29635406    0.00000000    2.03609374
CL      -0.00586144    0.00000000   -0.57120588
     3

O      -0.00587228    0.00000000    1.12067453
H       0.29690236    0.00000000    2.03591254
CL      -0.00587228    0.00000000   -0.57120230
     3

O      -0.00588312    0.00000000    1.12067812
H       0.29745055    0.00000000    2.03573101
CL      -0.00588312    0.00000000   -0.57119871
     3

O      -0.00589396    0.00000000    1.12068171
H       0.29799863    0.00000000    2.03554914
CL      -0.00589396    0.00000000   -0.57119511
     3

O      -0.00590480    0.00000000    1.12068532
H       0.29854659    0.00000000    2.03536693
CL      -0.00590480    0.00000000   -0.57119151
     3

O      -0.00591564    0.00000000    1.12068893
H       0.29909445    0.00000000    2.03518439
CL      -0.00591564    0.00000000   -0.57118790
     3

O      -0.00592647    0.00000000    1.12069254
H       0.29964219    0.00000000    2.03500152
CL      -0.00592647    0.00000000   -0.57118428
     3

O      -0.00593730    0.00000000    1.12069617
H       0.30018982    0.00000000    2.03481831
CL      -0.00593730    0.00000000   -0.57118066
     3

O      -0.00594813    0.00000000    1.12069980
H       0.30073734    0.00000000    2.03463477
CL      -0.00594813    0.00000000   -0.57117703
     3

O      -0.00595896    0.00000000    1.12070343
H       0.30128475    0.00000000    2.03445089
CL      -0.00595896    0.00000000   -0.57117339
     3

O      -0.00596978    0.00000000    1.12070708
H       0.30183204    0.00000000    2.03426668
CL      -0.00596978    0.00000000   -0.57116975
     3

O      -0.00598060    0.00000000    1.12071073
H       0.30237922    0.00000000    2.03408214
CL      -0.00598060    0.00000000   -0.57116610
     3

O      -0.00599143    0.00000000    1.12071438
H       0.30292629    0.00000000    2.03389726
CL      -0.00599143    0.00000000   -0.57116244
     3

O      -0.00600224    0.00000000    1.12071805
H       0.30347325    0.00000000    2.03371204
CL      -0.00600224    0.00000000   -0.57115878
     3

O      -0.00601306    0.00000000    1.12072172
H       0.30402009    0.00000000    2.03352649
CL      -0.00601306    0.00000000   -0.57115511
     3

O      -0.00602387    0.00000000    1.12072539
H       0.30456682    0.00000000    2.03334061
CL      -0.00602387    0.00000000   -0.57115143
     3

O      -0.00603468    0.00000000    1.12072908
H       0.30511344    0.00000000    2.03315439
CL      -0.00603468    0.00000000   -0.57114775
     3

O      -0.00604549    0.00000000    1.12073277
H       0.30565994    0.00000000    2.03296784
CL      -0.00604549    0.00000000   -0.57114406
     3

O      -0.00605630    0.00000000    1.12073646
H       0.30620633    0.00000000    2.03278096
CL      -0.00605630    0.00000000   -0.57114036
     3

O      -0.00606710    0.00000000    1.12074017
H       0.30675260    0.00000000    2.03259374
CL      -0.00606710    0.00000000   -0.57113666
     3

O      -0.00607791    0.00000000    1.12074388
H       0.30729876    0.00000000    2.03240619
CL      -0.00607791    0.00000000   -0.57113295
     3

O      -0.00608871    0.00000000    1.12074759
H       0.30784480    0.00000000    2.03221831
CL      -0.00608871    0.00000000   -0.57112923
     3

O      -0.00609950    0.00000000    1.12075131
H       0.30839073    0.00000000    2.03203009
CL      -0.00609950    0.00000000   -0.57112551
     3

O      -0.00611030    0.00000000    1.12075504
H       0.30893655    0.00000000    2.03184154
CL      -0.00611030    0.00000000   -0.57112178
     3

O      -0.00612109    0.00000000    1.12075878
H       0.30948225    0.00000000    2.03165265
CL      -0.00612109    0.00000000   -0.57111805
     3

O      -0.00613188    0.00000000    1.12076252
H       0.31002783    0.00000000    2.03146343
CL      -0.00613188    0.00000000   -0.57111430
     3

O      -0.00614267    0.00000000    1.12076627
H       0.31057330    0.00000000    2.03127388
CL      -0.00614267    0.00000000   -0.57111056
     3

O      -0.00615346    0.00000000    1.12077003
H       0.31111865    0.00000000    2.03108400
CL      -0.00615346    0.00000000   -0.57110680
     3

O      -0.00616424    0.00000000    1.12077379
H       0.31166389    0.00000000    2.03089378
CL      -0.00616424    0.00000000   -0.57110304
     3

O      -0.00617502    0.00000000    1.12077756
H       0.31220901    0.00000000    2.03070323
CL      -0.00617502    0.00000000   -0.57109927
     3

O      -0.00618580    0.00000000    1.12078133
H       0.31275401    0.00000000    2.03051234
CL      -0.00618580    0.00000000   -0.57109549
     3

O      -0.00619658    0.00000000    1.12078512
H       0.31329890    0.00000000    2.03032113
CL      -0.00619658    0.00000000   -0.57109171
     3

O      -0.00620735    0.00000000    1.12078890
H       0.31384367    0.00000000    2.03012958
CL      -0.00620735    0.00000000   -0.57108792
     3

O      -0.00621813    0.00000000    1.12079270
H       0.31438832    0.00000000    2.02993769
CL      -0.00621813    0.00000000   -0.57108413
     3

O      -0.00622890    0.00000000    1.12079650
H       0.31493285    0.00000000    2.02974548
CL      -0.00622890    0.00000000   -0.57108033
     3

O      -0.00623966    0.00000000    1.12080031
H       0.31547727    0.00000000    2.02955293
CL      -0.00623966    0.00000000   -0.57107652
     3

O      -0.00625043    0.00000000    1.12080412
H       0.31602157    0.00000000    2.02936005
CL      -0.00625043    0.00000000   -0.57107270
     3

O      -0.00626119    0.00000000    1.12080795
H       0.31656575    0.00000000    2.02916684
CL      -0.00626119    0.00000000   -0.57106888
     3

O      -0.00627195    0.00000000    1.12081177
H       0.31710982    0.00000000    2.02897329
CL      -0.00627195    0.00000000   -0.57106505
     3

O      -0.00628271    0.00000000    1.12081561
H       0.31765376    0.00000000    2.02877941
CL      -0.00628271    0.00000000   -0.57106122
     3

O      -0.00629347    0.00000000    1.12081945
H       0.31819759    0.00000000    2.02858520
CL      -0.00629347    0.00000000   -0.57105738
     3

O      -0.00630422    0.00000000    1.12082330
H       0.31874130    0.00000000    2.02839066
CL      -0.00630422    0.00000000   -0.57105353
     3

O      -0.00631497    0.00000000    1.12082715
H       0.31928489    0.00000000    2.02819579
CL      -0.00631497    0.00000000   -0.57104968
     3

O      -0.00632572    0.00000000    1.12083101
H       0.31982836    0.00000000    2.02800058
CL      -0.00632572    0.00000000   -0.57104581
     3

O      -0.00633647    0.00000000    1.12083488
H       0.32037171    0.00000000    2.02780504
CL      -0.00633647    0.00000000   -0.57104195
     3

O      -0.00634721    0.00000000    1.12083875
H       0.32091494    0.00000000    2.02760917
CL      -0.00634721    0.00000000   -0.57103807
     3

O      -0.00635796    0.00000000    1.12084263
H       0.32145805    0.00000000    2.02741297
CL      -0.00635796    0.00000000   -0.57103419
     3

O      -0.00636869    0.00000000    1.12084652
H       0.32200104    0.00000000    2.02721644
CL      -0.00636869    0.00000000   -0.57103031
     3

O      -0.00637943    0.00000000    1.12085042
H       0.32254391    0.00000000    2.02701957
CL      -0.00637943    0.00000000   -0.57102641
     3

O      -0.00639017    0.00000000    1.12085432
H       0.32308666    0.00000000    2.02682238
CL      -0.00639017    0.00000000   -0.57102251
     3

O      -0.00640090    0.00000000    1.12085822
H       0.32362929    0.00000000    2.02662485
CL      -0.00640090    0.00000000   -0.57101860
     3

O      -0.00641163    0.00000000    1.12086214
H       0.32417180    0.00000000    2.02642699
CL      -0.00641163    0.00000000   -0.57101469
     3

O      -0.00642236    0.00000000    1.12086606
H       0.32471419    0.00000000    2.02622880
CL      -0.00642236    0.00000000   -0.57101077
     3

O      -0.00643308    0.00000000    1.12086998
H       0.32525646    0.00000000    2.02603028
CL      -0.00643308    0.00000000   -0.57100684
     3

O      -0.00644380    0.00000000    1.12087391
H       0.32579861    0.00000000    2.02583142
CL      -0.00644380    0.00000000   -0.57100291
     3

O      -0.00645453    0.00000000    1.12087785
H       0.32634063    0.00000000    2.02563224
CL      -0.00645453    0.00000000   -0.57099897
     3

O      -0.00646524    0.00000000    1.12088180
H       0.32688253    0.00000000    2.02543272
CL      -0.00646524    0.00000000   -0.57099503
     3

O      -0.00647596    0.00000000    1.12088575
H       0.32742432    0.00000000    2.02523288
CL      -0.00647596    0.00000000   -0.57099107
     3

O      -0.00648667    0.00000000    1.12088971
H       0.32796597    0.00000000    2.02503270
CL      -0.00648667    0.00000000   -0.57098711
     3

O      -0.00649738    0.00000000    1.12089368
H       0.32850751    0.00000000    2.02483219
CL      -0.00649738    0.00000000   -0.57098315
     3

O      -0.00650809    0.00000000    1.12089765
H       0.32904892    0.00000000    2.02463135
CL      -0.00650809    0.00000000   -0.57097918
     3

O      -0.00651880    0.00000000    1.12090163
H       0.32959022    0.00000000    2.02443018
CL      -0.00651880    0.00000000   -0.57097520
     3

O      -0.00652950    0.00000000    1.12090561
H       0.33013138    0.00000000    2.02422868
CL      -0.00652950    0.00000000   -0.57097121
     3

O      -0.00654020    0.00000000    1.12090961
H       0.33067243    0.00000000    2.02402685
CL      -0.00654020    0.00000000   -0.57096722
     3

O      -0.00655090    0.00000000    1.12091361
H       0.33121335    0.00000000    2.02382469
CL      -0.00655090    0.00000000   -0.57096322
     3

O      -0.00656160    0.00000000    1.12091761
H       0.33175415    0.00000000    2.02362220
CL      -0.00656160    0.00000000   -0.57095922
     3

O      -0.00657229    0.00000000    1.12092162
H       0.33229482    0.00000000    2.02341937
CL      -0.00657229    0.00000000   -0.57095520
     3

O      -0.00658298    0.00000000    1.12092564
H       0.33283537    0.00000000    2.02321622
CL      -0.00658298    0.00000000   -0.57095119
     3

O      -0.00659367    0.00000000    1.12092966
H       0.33337580    0.00000000    2.02301274
CL      -0.00659367    0.00000000   -0.57094716
     3

O      -0.00660436    0.00000000    1.12093370
H       0.33391610    0.00000000    2.02280893
CL      -0.00660436    0.00000000   -0.57094313
     3

O      -0.00661504    0.00000000    1.12093773
H       0.33445627    0.00000000    2.02260478
CL      -0.00661504    0.00000000   -0.57093909
     3

O      -0.00662572    0.00000000    1.12094178
H       0.33499633    0.00000000    2.02240031
CL      -0.00662572    0.00000000   -0.57093505
     3

O      -0.00663640    0.00000000    1.12094583
H       0.33553625    0.00000000    2.02219551
CL      -0.00663640    0.00000000   -0.57093100
     3

O      -0.00664708    0.00000000    1.12094989
H       0.33607606    0.00000000    2.02199038
CL      -0.00664708    0.00000000   -0.57092694
     3

O      -0.00665775    0.00000000    1.12095395
H       0.33661573    0.00000000    2.02178491
CL      -0.00665775    0.00000000   -0.57092288
     3

O      -0.00666842    0.00000000    1.12095802
H       0.33715528    0.00000000    2.02157912
CL      -0.00666842    0.00000000   -0.57091881
     3

O      -0.00667909    0.00000000    1.12096210
H       0.33769471    0.00000000    2.02137300
CL      -0.00667909    0.00000000   -0.57091473
     3

O      -0.00668976    0.00000000    1.12096618
H       0.33823401    0.00000000    2.02116655
CL      -0.00668976    0.00000000   -0.57091065
     3

O      -0.00670042    0.00000000    1.12097027
H       0.33877318    0.00000000    2.02095977
CL      -0.00670042    0.00000000   -0.57090656
     3

O      -0.00671108    0.00000000    1.12097437
H       0.33931223    0.00000000    2.02075266
CL      -0.00671108    0.00000000   -0.57090246
     3

O      -0.00672174    0.00000000    1.12097847
H       0.33985115    0.00000000    2.02054522
CL      -0.00672174    0.00000000   -0.57089836
     3

O      -0.00673240    0.00000000    1.12098258
H       0.34038994    0.00000000    2.02033745
CL      -0.00673240    0.00000000   -0.57089425
     3

O      -0.00674305    0.00000000    1.12098669
H       0.34092860    0.00000000    2.02012936
CL      -0.00674305    0.00000000   -0.57089013
     3

O      -0.00675370    0.00000000    1.12099082
H       0.34146714    0.00000000    2.01992093
CL      -0.00675370    0.00000000   -0.57088601
     3

O      -0.00676435    0.00000000    1.12099494
H       0.34200555    0.00000000    2.01971218
CL      -0.00676435    0.00000000   -0.57088188
     3

O      -0.00677500    0.00000000    1.12099908
H       0.34254384    0.00000000    2.01950309
CL      -0.00677500    0.00000000   -0.57087775
     3

O      -0.00678564    0.00000000    1.12100322
H       0.34308199    0.00000000    2.01929368
CL      -0.00678564    0.00000000   -0.57087360
     3

O      -0.00679629    0.00000000    1.12100737
H       0.34362002    0.00000000    2.01908394
CL      -0.00679629    0.00000000   -0.57086946
     3

O      -0.00680692    0.00000000    1.12101152
H       0.34415792    0.00000000    2.01887387
CL      -0.00680692    0.00000000   -0.57086530
     3

O      -0.00681756    0.00000000    1.12101569
H       0.34469569    0.00000000    2.01866347
CL      -0.00681756    0.00000000   -0.57086114
     3

O      -0.00682819    0.00000000    1.12101985
H       0.34523333    0.00000000    2.01845274
CL      -0.00682819    0.00000000   -0.57085697
     3

O      -0.00683883    0.00000000    1.12102403
H       0.34577085    0.00000000    2.01824169
CL      -0.00683883    0.00000000   -0.57085280
     3

O      -0.00684945    0.00000000    1.12102821
H       0.34630823    0.00000000    2.01803031
CL      -0.00684945    0.00000000   -0.57084862
     3

O      -0.00686008    0.00000000    1.12103240
H       0.34684549    0.00000000    2.01781859
CL      -0.00686008    0.00000000   -0.57084443
     3

O      -0.00687070    0.00000000    1.12103659
H       0.34738261    0.00000000    2.01760655
CL      -0.00687070    0.00000000   -0.57084024
     3

O      -0.00688132    0.00000000    1.12104079
H       0.34791961    0.00000000    2.01739419
CL      -0.00688132    0.00000000   -0.57083604
     3

O      -0.00689194    0.00000000    1.12104500
H       0.34845648    0.00000000    2.01718149
CL      -0.00689194    0.00000000   -0.57083183
     3

O      -0.00690256    0.00000000    1.12104921
H       0.34899321    0.00000000    2.01696847
CL      -0.00690256    0.00000000   -0.57082762
     3

O      -0.00691317    0.00000000    1.12105343
H       0.34952982    0.00000000    2.01675511
CL      -0.00691317    0.00000000   -0.57082340
     3

O      -0.00692378    0.00000000    1.12105766
H       0.35006629    0.00000000    2.01654143
CL      -0.00692378    0.00000000   -0.57081917
     3

O      -0.00693439    0.00000000    1.12106189
H       0.35060264    0.00000000    2.01632743
CL      -0.00693439    0.00000000   -0.57081494
     3

O      -0.00694500    0.00000000    1.12106613
H       0.35113885    0.00000000    2.01611309
CL      -0.00694500    0.00000000   -0.57081070
     3

O      -0.00695560    0.00000000    1.12107037
H       0.35167494    0.00000000    2.01589843
CL      -0.00695560    0.00000000   -0.57080645
     3

O      -0.00696620    0.00000000    1.12107463
H       0.35221089    0.00000000    2.01568344
CL      -0.00696620    0.00000000   -0.57080220
     3

O      -0.00697680    0.00000000    1.12107889
H       0.35274671    0.00000000    2.01546812
CL      -0.00697680    0.00000000   -0.57079794
     3

O      -0.00698739    0.00000000    1.12108315
H       0.35328240    0.00000000    2.01525248
CL      -0.00698739    0.00000000   -0.57079368
     3

O      -0.00699799    0.00000000    1.12108742
H       0.35381796    0.00000000    2.01503651
CL      -0.00699799    0.00000000   -0.57078940
     3

O      -0.00700858    0.00000000    1.12109170
H       0.35435338    0.00000000    2.01482021
CL      -0.00700858    0.00000000   -0.57078513
     3

O      -0.00701916    0.00000000    1.12109598
H       0.35488867    0.00000000    2.01460358
CL      -0.00701916    0.00000000   -0.57078084
     3

O      -0.00702975    0.00000000    1.12110028
H       0.35542383    0.00000000    2.01438663
CL      -0.00702975    0.00000000   -0.57077655
     3

O      -0.00704033    0.00000000    1.12110457
H       0.35595886    0.00000000    2.01416935
CL      -0.00704033    0.00000000   -0.57077225
     3

O      -0.00705091    0.00000000    1.12110888
H       0.35649376    0.00000000    2.01395175
CL      -0.00705091    0.00000000   -0.57076795
     3

O      -0.00706149    0.00000000    1.12111319
H       0.35702852    0.00000000    2.01373381
CL      -0.00706149    0.00000000   -0.57076364
     3

O      -0.00707206    0.00000000    1.12111750
H       0.35756315    0.00000000    2.01351555
CL      -0.00707206    0.00000000   -0.57075932
     3

O      -0.00708263    0.00000000    1.12112183
H       0.35809764    0.00000000    2.01329697
CL      -0.00708263    0.00000000   -0.57075500
     3

O      -0.00709320    0.00000000    1.12112616
H       0.35863201    0.00000000    2.01307805
CL      -0.00709320    0.00000000   -0.57075067
     3

O      -0.00710377    0.00000000    1.12113049
H       0.35916623    0.00000000    2.01285881
CL      -0.00710377    0.00000000   -0.57074633
     3

O      -0.00711433    0.00000000    1.12113484
H       0.35970033    0.00000000    2.01263925
CL      -0.00711433    0.00000000   -0.57074199
     3

O      -0.00712489    0.00000000    1.12113919
H       0.36023429    0.00000000    2.01241936
CL      -0.00712489    0.00000000   -0.57073764
     3

O      -0.00713545    0.00000000    1.12114354
H       0.36076811    0.00000000    2.01219914
CL      -0.00713545    0.00000000   -0.57073329
     3

O      -0.00714600    0.00000000    1.12114790
H       0.36130180    0.00000000    2.01197860
CL      -0.00714600    0.00000000   -0.57072892
     3

O      -0.00715656    0.00000000    1.12115227
H       0.36183536    0.00000000    2.01175773
CL      -0.00715656    0.00000000   -0.57072456
     3

O      -0.00716711    0.00000000    1.12115665
H       0.36236878    0.00000000    2.01153653
CL      -0.00716711    0.00000000   -0.57072018
     3

O      -0.00717766    0.00000000    1.12116103
H       0.36290207    0.00000000    2.01131501
CL      -0.00717766    0.00000000   -0.57071580
     3

O      -0.00718820    0.00000000    1.12116542
H       0.36343522    0.00000000    2.01109316
CL      -0.00718820    0.00000000   -0.57071141
     3

O      -0.00719874    0.00000000    1.12116981
H       0.36396823    0.00000000    2.01087099
CL      -0.00719874    0.00000000   -0.57070702
     3

O      -0.00720928    0.00000000    1.12117421
H       0.36450111    0.00000000    2.01064849
CL      -0.00720928    0.00000000   -0.57070262
     3

O      -0.00721982    0.00000000    1.12117862
H       0.36503385    0.00000000    2.01042567
CL      -0.00721982    0.00000000   -0.57069821
     3

O      -0.00723035    0.00000000    1.12118303
H       0.36556646    0.00000000    2.01020252
CL      -0.00723035    0.00000000   -0.57069380
     3

O      -0.00724088    0.00000000    1.12118745
H       0.36609893    0.00000000    2.00997904
CL      -0.00724088    0.00000000   -0.57068938
     3

O      -0.00725141    0.00000000    1.12119188
H       0.36663126    0.00000000    2.00975524
CL      -0.00725141    0.00000000   -0.57068495
     3

O      -0.00726194    0.00000000    1.12119631
H       0.36716346    0.00000000    2.00953112
CL      -0.00726194    0.00000000   -0.57068052
     3

O      -0.00727246    0.00000000    1.12120075
H       0.36769552    0.00000000    2.00930667
CL      -0.00727246    0.00000000   -0.57067608
     3

O      -0.00728298    0.00000000    1.12120520
H       0.36822744    0.00000000    2.00908190
CL      -0.00728298    0.00000000   -0.57067163
     3

O      -0.00729350    0.00000000    1.12120965
H       0.36875922    0.00000000    2.00885680
CL      -0.00729350    0.00000000   -0.57066718
     3

O      -0.00730402    0.00000000    1.12121411
H       0.36929087    0.00000000    2.00863137
CL      -0.00730402    0.00000000   -0.57066272
     3

O      -0.00731453    0.00000000    1.12121857
H       0.36982238    0.00000000    2.00840562
CL      -0.00731453    0.00000000   -0.57065826
     3

O      -0.00732504    0.00000000    1.12122304
H       0.37035375    0.00000000    2.00817955
CL      -0.00732504    0.00000000   -0.57065378
     3

O      -0.00733555    0.00000000    1.12122752
H       0.37088499    0.00000000    2.00795315
CL      -0.00733555    0.00000000   -0.57064931
     3

O      -0.00734605    0.00000000    1.12123200
H       0.37141608    0.00000000    2.00772643
CL      -0.00734605    0.00000000   -0.57064482
     3

O      -0.00735655    0.00000000    1.12123650
H       0.37194704    0.00000000    2.00749938
CL      -0.00735655    0.00000000   -0.57064033
     3

O      -0.00736705    0.00000000    1.12124099
H       0.37247786    0.00000000    2.00727201
CL      -0.00736705    0.00000000   -0.57063583
     3

O      -0.00737755    0.00000000    1.12124550
H       0.37300853    0.00000000    2.00704431
CL      -0.00737755    0.00000000   -0.57063133
     3

O      -0.00738804    0.00000000    1.12125001
H       0.37353907    0.00000000    2.00681629
CL      -0.00738804    0.00000000   -0.57062682
     3

O      -0.00739853    0.00000000    1.12125452
H       0.37406947    0.00000000    2.00658795
CL      -0.00739853    0.00000000   -0.57062230
     3

O      -0.00740902    0.00000000    1.12125904
H       0.37459973    0.00000000    2.00635928
CL      -0.00740902    0.00000000   -0.57061778
     3

O      -0.00741950    0.00000000    1.12126357
H       0.37512986    0.00000000    2.00613029
CL      -0.00741950    0.00000000   -0.57061325
     3

O      -0.00742998    0.00000000    1.12126811
H       0.37565984    0.00000000    2.00590097
CL      -0.00742998    0.00000000   -0.57060872
     3

O      -0.00744046    0.00000000    1.12127265
H       0.37618968    0.00000000    2.00567133
CL      -0.00744046    0.00000000   -0.57060418
     3

O      -0.00745094    0.00000000    1.12127720
H       0.37671938    0.00000000    2.00544137
CL      -0.00745094    0.00000000   -0.57059963
     3

O      -0.00746141    0.00000000    1.12128175
H       0.37724894    0.00000000    2.00521108
CL      -0.00746141    0.00000000   -0.57059507
     3

O      -0.00747189    0.00000000    1.12128632
H       0.37777835    0.00000000    2.00498047
CL      -0.00747189    0.00000000   -0.57059051
     3

O      -0.00748235    0.00000000    1.12129088
H       0.37830763    0.00000000    2.00474954
CL      -0.00748235    0.00000000   -0.57058594
     3

O      -0.00749282    0.00000000    1.12129546
H       0.37883677    0.00000000    2.00451828
CL      -0.00749282    0.00000000   -0.57058137
     3

O      -0.00750328    0.00000000    1.12130004
H       0.37936576    0.00000000    2.00428670
CL      -0.00750328    0.00000000   -0.57057679
     3

O      -0.00751374    0.00000000    1.12130462
H       0.37989462    0.00000000    2.00405480
CL      -0.00751374    0.00000000   -0.57057220
     3

O      -0.00752420    0.00000000    1.12130922
H       0.38042333    0.00000000    2.00382257
CL      -0.00752420    0.00000000   -0.57056761
     3

O      -0.00753465    0.00000000    1.12131382
H       0.38095190    0.00000000    2.00359003
CL      -0.00753465    0.00000000   -0.57056301
     3

O      -0.00754511    0.00000000    1.12131842
H       0.38148033    0.00000000    2.00335715
CL      -0.00754511    0.00000000   -0.57055840
     3

O      -0.00755555    0.00000000    1.12132303
H       0.38200861    0.00000000    2.00312396
CL      -0.00755555    0.00000000   -0.57055379
     3

O      -0.00756600    0.00000000    1.12132765
H       0.38253676    0.00000000    2.00289044
CL      -0.00756600    0.00000000   -0.57054917
     3

O      -0.00757644    0.00000000    1.12133228
H       0.38306476    0.00000000    2.00265660
CL      -0.00757644    0.00000000   -0.57054455
     3

O      -0.00758688    0.00000000    1.12133691
H       0.38359261    0.00000000    2.00242244
CL      -0.00758688    0.00000000   -0.57053992
     3

O      -0.00759732    0.00000000    1.12134155
H       0.38412033    0.00000000    2.00218796
CL      -0.00759732    0.00000000   -0.57053528
     3

O      -0.00760776    0.00000000    1.12134619
H       0.38464790    0.00000000    2.00195315
CL      -0.00760776    0.00000000   -0.57053064
     3

O      -0.00761819    0.00000000    1.12135084
H       0.38517533    0.00000000    2.00171802
CL      -0.00761819    0.00000000   -0.57052598
     3

O      -0.00762862    0.00000000    1.12135550
H       0.38570261    0.00000000    2.00148257
CL      -0.00762862    0.00000000   -0.57052133
     3

O      -0.00763904    0.00000000    1.12136016
H       0.38622975    0.00000000    2.00124680
CL      -0.00763904    0.00000000   -0.57051666
     3

O      -0.00764946    0.00000000    1.12136483
H       0.38675674    0.00000000    2.00101070
CL      -0.00764946    0.00000000   -0.57051200
     3

O      -0.00765989    0.00000000    1.12136951
H       0.38728360    0.00000000    2.00077428
CL      -0.00765989    0.00000000   -0.57050732
     3

O      -0.00767030    0.00000000    1.12137419
H       0.38781030    0.00000000    2.00053754
CL      -0.00767030    0.00000000   -0.57050264
     3

O      -0.00768072    0.00000000    1.12137888
H       0.38833686    0.00000000    2.00030048
CL      -0.00768072    0.00000000   -0.57049795
     3

O      -0.00769113    0.00000000    1.12138357
H       0.38886328    0.00000000    2.00006310
CL      -0.00769113    0.00000000   -0.57049325
     3

O      -0.00770154    0.00000000    1.12138827
H       0.38938955    0.00000000    1.99982540
CL      -0.00770154    0.00000000   -0.57048855
     3

O      -0.00771194    0.00000000    1.12139298
H       0.38991568    0.00000000    1.99958737
CL      -0.00771194    0.00000000   -0.57048384
     3

O      -0.00772235    0.00000000    1.12139770
H       0.39044166    0.00000000    1.99934903
CL      -0.00772235    0.00000000   -0.57047913
     3

O      -0.00773275    0.00000000    1.12140242
H       0.39096750    0.00000000    1.99911036
CL      -0.00773275    0.00000000   -0.57047441
     3

O      -0.00774314    0.00000000    1.12140714
H       0.39149319    0.00000000    1.99887137
CL      -0.00774314    0.00000000   -0.57046968
     3

O      -0.00775354    0.00000000    1.12141188
H       0.39201873    0.00000000    1.99863206
CL      -0.00775354    0.00000000   -0.57046495
     3

O      -0.00776393    0.00000000    1.12141662
H       0.39254413    0.00000000    1.99839243
CL      -0.00776393    0.00000000   -0.57046021
     3

O      -0.00777432    0.00000000    1.12142136
H       0.39306938    0.00000000    1.99815247
CL      -0.00777432    0.00000000   -0.57045546
     3

O      -0.00778470    0.00000000    1.12142612
H       0.39359448    0.00000000    1.99791220
CL      -0.00778470    0.00000000   -0.57045071
     3

O      -0.00779509    0.00000000    1.12143087
H       0.39411944    0.00000000    1.99767161
CL      -0.00779509    0.00000000   -0.57044595
     3

O      -0.00780547    0.00000000    1.12143564
H       0.39464425    0.00000000    1.99743069
CL      -0.00780547    0.00000000   -0.57044119
     3

O      -0.00781584    0.00000000    1.12144041
H       0.39516891    0.00000000    1.99718946
CL      -0.00781584    0.00000000   -0.57043642
     3

O      -0.00782622    0.00000000    1.12144519
H       0.39569343    0.00000000    1.99694790
CL      -0.00782622    0.00000000   -0.57043164
     3

O      -0.00783659    0.00000000    1.12144997
H       0.39621779    0.00000000    1.99670603
CL      -0.00783659    0.00000000   -0.57042686
     3

O      -0.00784696    0.00000000    1.12145476
H       0.39674201    0.00000000    1.99646383
CL      -0.00784696    0.00000000   -0.57042207
     3

O      -0.00785732    0.00000000    1.12145956
H       0.39726609    0.00000000    1.99622132
CL      -0.00785732    0.00000000   -0.57041727
     3

O      -0.00786769    0.00000000    1.12146436
H       0.39779001    0.00000000    1.99597848
CL      -0.00786769    0.00000000   -0.57041247
     3

O      -0.00787805    0.00000000    1.12146917
H       0.39831378    0.00000000    1.99573533
CL      -0.00787805    0.00000000   -0.57040766
     3

O      -0.00788840    0.00000000    1.12147399
H       0.39883741    0.00000000    1.99549185
CL      -0.00788840    0.00000000   -0.57040284
     3

O      -0.00789876    0.00000000    1.12147881
H       0.39936089    0.00000000    1.99524805
CL      -0.00789876    0.00000000   -0.57039802
     3

O      -0.00790911    0.00000000    1.12148364
H       0.39988422    0.00000000    1.99500394
CL      -0.00790911    0.00000000   -0.57039319
     3

O      -0.00791945    0.00000000    1.12148847
H       0.40040740    0.00000000    1.99475950
CL      -0.00791945    0.00000000   -0.57038836
     3

O      -0.00792980    0.00000000    1.12149331
H       0.40093043    0.00000000    1.99451475
CL      -0.00792980    0.00000000   -0.57038352
     3

O      -0.00794014    0.00000000    1.12149816
H       0.40145331    0.00000000    1.99426967
CL      -0.00794014    0.00000000   -0.57037867
     3

O      -0.00795048    0.00000000    1.12150301
H       0.40197604    0.00000000    1.99402428
CL      -0.00795048    0.00000000   -0.57037381
     3

O      -0.00796082    0.00000000    1.12150787
H       0.40249862    0.00000000    1.99377857
CL      -0.00796082    0.00000000   -0.57036895
     3

O      -0.00797115    0.00000000    1.12151274
H       0.40302105    0.00000000    1.99353254
CL      -0.00797115    0.00000000   -0.57036409
     3

O      -0.00798148    0.00000000    1.12151761
H       0.40354333    0.00000000    1.99328618
CL      -0.00798148    0.00000000   -0.57035922
     3

O      -0.00799181    0.00000000    1.12152249
H       0.40406546    0.00000000    1.99303951
CL      -0.00799181    0.00000000   -0.57035434
     3

O      -0.00800213    0.00000000    1.12152737
H       0.40458744    0.00000000    1.99279253
CL      -0.00800213    0.00000000   -0.57034945
     3

O      -0.00801245    0.00000000    1.12153227
H       0.40510926    0.00000000    1.99254522
CL      -0.00801245    0.00000000   -0.57034456
     3

O      -0.00802277    0.00000000    1.12153716
H       0.40563094    0.00000000    1.99229759
CL      -0.00802277    0.00000000   -0.57033966
     3

O      -0.00803308    0.00000000    1.12154207
H       0.40615246    0.00000000    1.99204965
CL      -0.00803308    0.00000000   -0.57033476
     3

O      -0.00804339    0.00000000    1.12154698
H       0.40667384    0.00000000    1.99180138
CL      -0.00804339    0.00000000   -0.57032985
     3

O      -0.00805370    0.00000000    1.12155189
H       0.40719506    0.00000000    1.99155280
CL      -0.00805370    0.00000000   -0.57032493
     3

O      -0.00806401    0.00000000    1.12155682
H       0.40771613    0.00000000    1.99130390
CL      -0.00806401    0.00000000   -0.57032001
     3

O      -0.00807431    0.00000000    1.12156175
H       0.40823705    0.00000000    1.99105468
CL      -0.00807431    0.00000000   -0.57031508
     3

O      -0.00808461    0.00000000    1.12156668
H       0.40875781    0.00000000    1.99080514
CL      -0.00808461    0.00000000   -0.57031014
     3

O      -0.00809491    0.00000000    1.12157162
H       0.40927843    0.00000000    1.99055529
CL      -0.00809491    0.00000000   -0.57030520
     3

O      -0.00810520    0.00000000    1.12157657
H       0.40979889    0.00000000    1.99030512
CL      -0.00810520    0.00000000   -0.57030025
     3

O      -0.00811549    0.00000000    1.12158153
H       0.41031919    0.00000000    1.99005463
CL      -0.00811549    0.00000000   -0.57029530
     3

O      -0.00812578    0.00000000    1.12158649
H       0.41083935    0.00000000    1.98980382
CL      -0.00812578    0.00000000   -0.57029034
     3

O      -0.00813607    0.00000000    1.12159145
H       0.41135935    0.00000000    1.98955269
CL      -0.00813607    0.00000000   -0.57028537
     3

O      -0.00814635    0.00000000    1.12159643
H       0.41187920    0.00000000    1.98930125
CL      -0.00814635    0.00000000   -0.57028040
     3

O      -0.00815663    0.00000000    1.12160141
H       0.41239889    0.00000000    1.98904949
CL      -0.00815663    0.00000000   -0.57027542
     3

O      -0.00816690    0.00000000    1.12160639
H       0.41291843    0.00000000    1.98879741
CL      -0.00816690    0.00000000   -0.57027043
     3

O      -0.00817718    0.00000000    1.12161138
H       0.41343781    0.00000000    1.98854501
CL      -0.00817718    0.00000000   -0.57026544
     3

O      -0.00818745    0.00000000    1.12161638
H       0.41395705    0.00000000    1.98829230
CL      -0.00818745    0.00000000   -0.57026044
     3

O      -0.00819771    0.00000000    1.12162139
H       0.41447612    0.00000000    1.98803927
CL      -0.00819771    0.00000000   -0.57025544
     3

O      -0.00820798    0.00000000    1.12162640
H       0.41499504    0.00000000    1.98778592
CL      -0.00820798    0.00000000   -0.57025043
     3

O      -0.00821824    0.00000000    1.12163141
H       0.41551381    0.00000000    1.98753225
CL      -0.00821824    0.00000000   -0.57024541
     3

O      -0.00822849    0.00000000    1.12163644
H       0.41603242    0.00000000    1.98727827
CL      -0.00822849    0.00000000   -0.57024039
     3

O      -0.00823875    0.00000000    1.12164147
H       0.41655088    0.00000000    1.98702397
CL      -0.00823875    0.00000000   -0.57023536
     3

O      -0.00824900    0.00000000    1.12164650
H       0.41706918    0.00000000    1.98676936
CL      -0.00824900    0.00000000   -0.57023032
     3

O      -0.00825925    0.00000000    1.12165155
H       0.41758733    0.00000000    1.98651443
CL      -0.00825925    0.00000000   -0.57022528
     3

O      -0.00826949    0.00000000    1.12165659
H       0.41810532    0.00000000    1.98625918
CL      -0.00826949    0.00000000   -0.57022023
     3

O      -0.00827973    0.00000000    1.12166165
H       0.41862315    0.00000000    1.98600362
CL      -0.00827973    0.00000000   -0.57021518
     3

O      -0.00828997    0.00000000    1.12166671
H       0.41914083    0.00000000    1.98574774
CL      -0.00828997    0.00000000   -0.57021012
     3

O      -0.00830021    0.00000000    1.12167178
H       0.41965835    0.00000000    1.98549154
CL      -0.00830021    0.00000000   -0.57020505
     3

O      -0.00831044    0.00000000    1.12167685
H       0.42017572    0.00000000    1.98523503
CL      -0.00831044    0.00000000   -0.57019998
     3

O      -0.00832067    0.00000000    1.12168193
H       0.42069292    0.00000000    1.98497820
CL      -0.00832067    0.00000000   -0.57019490
     3

O      -0.00833090    0.00000000    1.12168702
H       0.42120998    0.00000000    1.98472105
CL      -0.00833090    0.00000000   -0.57018981
     3

O      -0.00834112    0.00000000    1.12169211
H       0.42172687    0.00000000    1.98446359
CL      -0.00834112    0.00000000   -0.57018472
     3

O      -0.00835134    0.00000000    1.12169721
H       0.42224361    0.00000000    1.98420582
CL      -0.00835134    0.00000000   -0.57017962
     3

O      -0.00836156    0.00000000    1.12170231
H       0.42276019    0.00000000    1.98394773
CL      -0.00836156    0.00000000   -0.57017452
     3

O      -0.00837177    0.00000000    1.12170742
H       0.42327661    0.00000000    1.98368932
CL      -0.00837177    0.00000000   -0.57016940
     3

O      -0.00838198    0.00000000    1.12171254
H       0.42379287    0.00000000    1.98343060
CL      -0.00838198    0.00000000   -0.57016429
     3

O      -0.00839219    0.00000000    1.12171766
H       0.42430898    0.00000000    1.98317156
CL      -0.00839219    0.00000000   -0.57015916
     3

O      -0.00840240    0.00000000    1.12172279
H       0.42482492    0.00000000    1.98291220
CL      -0.00840240    0.00000000   -0.57015403
     3

O      -0.00841260    0.00000000    1.12172793
H       0.42534071    0.00000000    1.98265254
CL      -0.00841260    0.00000000   -0.57014890
     3

O      -0.00842280    0.00000000    1.12173307
H       0.42585634    0.00000000    1.98239255
CL      -0.00842280    0.00000000   -0.57014376
     3

O      -0.00843299    0.00000000    1.12173822
H       0.42637181    0.00000000    1.98213225
CL      -0.00843299    0.00000000   -0.57013861
     3

O      -0.00844318    0.00000000    1.12174337
H       0.42688712    0.00000000    1.98187164
CL      -0.00844318    0.00000000   -0.57013345
     3

O      -0.00845337    0.00000000    1.12174853
H       0.42740227    0.00000000    1.98161071
CL      -0.00845337    0.00000000   -0.57012829
     3

O      -0.00846356    0.00000000    1.12175370
H       0.42791727    0.00000000    1.98134947
CL      -0.00846356    0.00000000   -0.57012313
     3

O      -0.00847374    0.00000000    1.12175887
H       0.42843210    0.00000000    1.98108791
CL      -0.00847374    0.00000000   -0.57011795
     3

O      -0.00848392    0.00000000    1.12176405
H       0.42894677    0.00000000    1.98082604
CL      -0.00848392    0.00000000   -0.57011277
     3

O      -0.00849410    0.00000000    1.12176924
H       0.42946129    0.00000000    1.98056386
CL      -0.00849410    0.00000000   -0.57010759
     3

O      -0.00850427    0.00000000    1.12177443
H       0.42997564    0.00000000    1.98030136
CL      -0.00850427    0.00000000   -0.57010240
     3

O      -0.00851444    0.00000000    1.12177963
H       0.43048983    0.00000000    1.98003854
CL      -0.00851444    0.00000000   -0.57009720
     3

O      -0.00852461    0.00000000    1.12178483
H       0.43100386    0.00000000    1.97977541
CL      -0.00852461    0.00000000   -0.57009199
     3

O      -0.00853477    0.00000000    1.12179004
H       0.43151773    0.00000000    1.97951197
CL      -0.00853477    0.00000000   -0.57008678
     3

O      -0.00854493    0.00000000    1.12179526
H       0.43203144    0.00000000    1.97924822
CL      -0.00854493    0.00000000   -0.57008157
     3

O      -0.00855509    0.00000000    1.12180048
H       0.43254499    0.00000000    1.97898415
CL      -0.00855509    0.00000000   -0.57007634
     3

O      -0.00856524    0.00000000    1.12180571
H       0.43305838    0.00000000    1.97871976
CL      -0.00856524    0.00000000   -0.57007111
     3

O      -0.00857539    0.00000000    1.12181095
H       0.43357161    0.00000000    1.97845506
CL      -0.00857539    0.00000000   -0.57006588
     3

O      -0.00858554    0.00000000    1.12181619
H       0.43408467    0.00000000    1.97819005
CL      -0.00858554    0.00000000   -0.57006064
     3

O      -0.00859568    0.00000000    1.12182144
H       0.43459757    0.00000000    1.97792473
CL      -0.00859568    0.00000000   -0.57005539
     3

O      -0.00860583    0.00000000    1.12182669
H       0.43511031    0.00000000    1.97765909
CL      -0.00860583    0.00000000   -0.57005014
     3

O      -0.00861596    0.00000000    1.12183195
H       0.43562289    0.00000000    1.97739314
CL      -0.00861596    0.00000000   -0.57004488
     3

O      -0.00862610    0.00000000    1.12183722
H       0.43613530    0.00000000    1.97712688
CL      -0.00862610    0.00000000   -0.57003961
     3

O      -0.00863623    0.00000000    1.12184249
H       0.43664756    0.00000000    1.97686030
CL      -0.00863623    0.00000000   -0.57003434
     3

O      -0.00864636    0.00000000    1.12184777
H       0.43715965    0.00000000    1.97659341
CL      -0.00864636    0.00000000   -0.57002906
     3

O      -0.00865648    0.00000000    1.12185305
H       0.43767157    0.00000000    1.97632621
CL      -0.00865648    0.00000000   -0.57002377
     3

O      -0.00866661    0.00000000    1.12185834
H       0.43818333    0.00000000    1.97605870
CL      -0.00866661    0.00000000   -0.57001848
     3

O      -0.00867672    0.00000000    1.12186364
H       0.43869493    0.00000000    1.97579087
CL      -0.00867672    0.00000000   -0.57001319
     3

O      -0.00868684    0.00000000    1.12186895
H       0.43920637    0.00000000    1.97552273
CL      -0.00868684    0.00000000   -0.57000788
     3

O      -0.00869695    0.00000000    1.12187425
H       0.43971764    0.00000000    1.97525428
CL      -0.00869695    0.00000000   -0.57000257
     3

O      -0.00870706    0.00000000    1.12187957
H       0.44022875    0.00000000    1.97498551
CL      -0.00870706    0.00000000   -0.56999726
     3

O      -0.00871717    0.00000000    1.12188489
H       0.44073969    0.00000000    1.97471644
CL      -0.00871717    0.00000000   -0.56999193
     3

O      -0.00872727    0.00000000    1.12189022
H       0.44125047    0.00000000    1.97444705
CL      -0.00872727    0.00000000   -0.56998661
     3

O      -0.00873737    0.00000000    1.12189555
H       0.44176109    0.00000000    1.97417735
CL      -0.00873737    0.00000000   -0.56998127
     3

O      -0.00874746    0.00000000    1.12190090
H       0.44227153    0.00000000    1.97390734
CL      -0.00874746    0.00000000   -0.56997593
     3

O      -0.00875756    0.00000000    1.12190624
H       0.44278182    0.00000000    1.97363701
CL      -0.00875756    0.00000000   -0.56997058
     3

O      -0.00876765    0.00000000    1.12191159
H       0.44329194    0.00000000    1.97336638
CL      -0.00876765    0.00000000   -0.56996523
     3

O      -0.00877773    0.00000000    1.12191695
H       0.44380189    0.00000000    1.97309543
CL      -0.00877773    0.00000000   -0.56995987
     3

O      -0.00878781    0.00000000    1.12192232
H       0.44431168    0.00000000    1.97282417
CL      -0.00878781    0.00000000   -0.56995451
     3

O      -0.00879789    0.00000000    1.12192769
H       0.44482130    0.00000000    1.97255260
CL      -0.00879789    0.00000000   -0.56994914
     3

O      -0.00880797    0.00000000    1.12193307
H       0.44533076    0.00000000    1.97228072
CL      -0.00880797    0.00000000   -0.56994376
     3

O      -0.00881804    0.00000000    1.12193845
H       0.44584005    0.00000000    1.97200853
CL      -0.00881804    0.00000000   -0.56993838
     3

O      -0.00882811    0.00000000    1.12194384
H       0.44634917    0.00000000    1.97173602
CL      -0.00882811    0.00000000   -0.56993299
     3

O      -0.00883818    0.00000000    1.12194924
H       0.44685813    0.00000000    1.97146321
CL      -0.00883818    0.00000000   -0.56992759
     3

O      -0.00884824    0.00000000    1.12195464
H       0.44736692    0.00000000    1.97119008
CL      -0.00884824    0.00000000   -0.56992219
     3

O      -0.00885830    0.00000000    1.12196005
H       0.44787554    0.00000000    1.97091665
CL      -0.00885830    0.00000000   -0.56991678
     3

O      -0.00886836    0.00000000    1.12196546
H       0.44838400    0.00000000    1.97064290
CL      -0.00886836    0.00000000   -0.56991137
     3

O      -0.00887841    0.00000000    1.12197088
H       0.44889229    0.00000000    1.97036884
CL      -0.00887841    0.00000000   -0.56990595
     3

O      -0.00888846    0.00000000    1.12197631
H       0.44940041    0.00000000    1.97009447
CL      -0.00888846    0.00000000   -0.56990052
     3

O      -0.00889851    0.00000000    1.12198174
H       0.44990836    0.00000000    1.96981979
CL      -0.00889851    0.00000000   -0.56989509
     3

O      -0.00890855    0.00000000    1.12198718
H       0.45041615    0.00000000    1.96954481
CL      -0.00890855    0.00000000   -0.56988965
     3

O      -0.00891859    0.00000000    1.12199262
H       0.45092377    0.00000000    1.96926951
CL      -0.00891859    0.00000000   -0.56988420
     3

O      -0.00892863    0.00000000    1.12199808
H       0.45143122    0.00000000    1.96899390
CL      -0.00892863    0.00000000   -0.56987875
     3

O      -0.00893866    0.00000000    1.12200353
H       0.45193850    0.00000000    1.96871798
CL      -0.00893866    0.00000000   -0.56987329
     3

O      -0.00894869    0.00000000    1.12200900
H       0.45244561    0.00000000    1.96844175
CL      -0.00894869    0.00000000   -0.56986783
     3

O      -0.00895872    0.00000000    1.12201447
H       0.45295255    0.00000000    1.96816521
CL      -0.00895872    0.00000000   -0.56986236
     3

O      -0.00896874    0.00000000    1.12201994
H       0.45345933    0.00000000    1.96788837
CL      -0.00896874    0.00000000   -0.56985689
     3

O      -0.00897876    0.00000000    1.12202542
H       0.45396593    0.00000000    1.96761121
CL      -0.00897876    0.00000000   -0.56985140
     3

O      -0.00898878    0.00000000    1.12203091
H       0.45447237    0.00000000    1.96733374
CL      -0.00898878    0.00000000   -0.56984592
     3

O      -0.00899879    0.00000000    1.12203640
H       0.45497864    0.00000000    1.96705597
CL      -0.00899879    0.00000000   -0.56984042
     3

O      -0.00900880    0.00000000    1.12204190
H       0.45548473    0.00000000    1.96677788
CL      -0.00900880    0.00000000   -0.56983492
     3

O      -0.00901881    0.00000000    1.12204741
H       0.45599066    0.00000000    1.96649949
CL      -0.00901881    0.00000000   -0.56982942
     3

O      -0.00902881    0.00000000    1.12205292
H       0.45649642    0.00000000    1.96622078
CL      -0.00902881    0.00000000   -0.56982390
     3

O      -0.00903881    0.00000000    1.12205844
H       0.45700200    0.00000000    1.96594177
CL      -0.00903881    0.00000000   -0.56981838
     3

O      -0.00904881    0.00000000    1.12206397
H       0.45750742    0.00000000    1.96566245
CL      -0.00904881    0.00000000   -0.56981286
     3

O      -0.00905880    0.00000000    1.12206950
H       0.45801266    0.00000000    1.96538282
CL      -0.00905880    0.00000000   -0.56980733
     3

O      -0.00906879    0.00000000    1.12207503
H       0.45851774    0.00000000    1.96510288
CL      -0.00906879    0.00000000   -0.56980179
     3

O      -0.00907878    0.00000000    1.12208058
H       0.45902264    0.00000000    1.96482264
CL      -0.00907878    0.00000000   -0.56979625
     3

O      -0.00908876    0.00000000    1.12208613
H       0.45952737    0.00000000    1.96454208
CL      -0.00908876    0.00000000   -0.56979070
     3

O      -0.00909874    0.00000000    1.12209168
H       0.46003193    0.00000000    1.96426122
CL      -0.00909874    0.00000000   -0.56978515
     3

O      -0.00910871    0.00000000    1.12209724
H       0.46053632    0.00000000    1.96398004
CL      -0.00910871    0.00000000   -0.56977958
     3

O      -0.00911869    0.00000000    1.12210281
H       0.46104054    0.00000000    1.96369857
CL      -0.00911869    0.00000000   -0.56977402
     3

O      -0.00912866    0.00000000    1.12210838
H       0.46154458    0.00000000    1.96341678
CL      -0.00912866    0.00000000   -0.56976844
     3

O      -0.00913862    0.00000000    1.12211396
H       0.46204845    0.00000000    1.96313468
CL      -0.00913862    0.00000000   -0.56976286
     3

O      -0.00914858    0.00000000    1.12211955
H       0.46255215    0.00000000    1.96285228
CL      -0.00914858    0.00000000   -0.56975728
     3

O      -0.00915854    0.00000000    1.12212514
H       0.46305568    0.00000000    1.96256957
CL      -0.00915854    0.00000000   -0.56975169
     3

O      -0.00916850    0.00000000    1.12213074
H       0.46355904    0.00000000    1.96228655
CL      -0.00916850    0.00000000   -0.56974609
     3

O      -0.00917845    0.00000000    1.12213634
H       0.46406222    0.00000000    1.96200322
CL      -0.00917845    0.00000000   -0.56974049
     3

O      -0.00918840    0.00000000    1.12214195
H       0.46456523    0.00000000    1.96171959
CL      -0.00918840    0.00000000   -0.56973488
     3

O      -0.00919834    0.00000000    1.12214757
H       0.46506806    0.00000000    1.96143565
CL      -0.00919834    0.00000000   -0.56972926
     3

O      -0.00920829    0.00000000    1.12215319
H       0.46557072    0.00000000    1.96115140
CL      -0.00920829    0.00000000   -0.56972364
     3

O      -0.00921822    0.00000000    1.12215882
H       0.46607321    0.00000000    1.96086685
CL      -0.00921822    0.00000000   -0.56971801
     3

O      -0.00922816    0.00000000    1.12216445
H       0.46657552    0.00000000    1.96058199
CL      -0.00922816    0.00000000   -0.56971238
     3

O      -0.00923809    0.00000000    1.12217009
H       0.46707766    0.00000000    1.96029682
CL      -0.00923809    0.00000000   -0.56970674
     3

O      -0.00924802    0.00000000    1.12217574
H       0.46757963    0.00000000    1.96001134
CL      -0.00924802    0.00000000   -0.56970109
     3

O      -0.00925794    0.00000000    1.12218139
H       0.46808142    0.00000000    1.95972556
CL      -0.00925794    0.00000000   -0.56969544
     3

O      -0.00926787    0.00000000    1.12218705
H       0.46858304    0.00000000    1.95943948
CL      -0.00926787    0.00000000   -0.56968978
     3

O      -0.00927778    0.00000000    1.12219271
H       0.46908448    0.00000000    1.95915308
CL      -0.00927778    0.00000000   -0.56968411
     3

O      -0.00928770    0.00000000    1.12219838
H       0.46958574    0.00000000    1.95886638
CL      -0.00928770    0.00000000   -0.56967844
     3

O      -0.00929761    0.00000000    1.12220406
H       0.47008684    0.00000000    1.95857937
CL      -0.00929761    0.00000000   -0.56967277
     3

O      -0.00930752    0.00000000    1.12220974
H       0.47058775    0.00000000    1.95829206
CL      -0.00930752    0.00000000   -0.56966708
     3

O      -0.00931742    0.00000000    1.12221543
H       0.47108849    0.00000000    1.95800444
CL      -0.00931742    0.00000000   -0.56966140
     3

O      -0.00932732    0.00000000    1.12222113
H       0.47158906    0.00000000    1.95771652
CL      -0.00932732    0.00000000   -0.56965570
     3

O      -0.00933722    0.00000000    1.12222683
H       0.47208944    0.00000000    1.95742829
CL      -0.00933722    0.00000000   -0.56965000
     3

O      -0.00934711    0.00000000    1.12223253
H       0.47258966    0.00000000    1.95713975
CL      -0.00934711    0.00000000   -0.56964429
     3

O      -0.00935700    0.00000000    1.12223825
H       0.47308969    0.00000000    1.95685091
CL      -0.00935700    0.00000000   -0.56963858
     3

O      -0.00936689    0.00000000    1.12224396
H       0.47358955    0.00000000    1.95656176
CL      -0.00936689    0.00000000   -0.56963286
     3

O      -0.00937677    0.00000000    1.12224969
H       0.47408923    0.00000000    1.95627231
CL      -0.00937677    0.00000000   -0.56962714
     3

O      -0.00938665    0.00000000    1.12225542
H       0.47458874    0.00000000    1.95598255
CL      -0.00938665    0.00000000   -0.56962141
     3

O      -0.00939653    0.00000000    1.12226116
H       0.47508807    0.00000000    1.95569249
CL      -0.00939653    0.00000000   -0.56961567
     3

O      -0.00940640    0.00000000    1.12226690
H       0.47558722    0.00000000    1.95540212
CL      -0.00940640    0.00000000   -0.56960993
     3

O      -0.00941627    0.00000000    1.12227265
H       0.47608619    0.00000000    1.95511145
CL      -0.00941627    0.00000000   -0.56960418
     3

O      -0.00942613    0.00000000    1.12227840
H       0.47658499    0.00000000    1.95482048
CL      -0.00942613    0.00000000   -0.56959842
     3

O      -0.00943599    0.00000000    1.12228417
H       0.47708361    0.00000000    1.95452919
CL      -0.00943599    0.00000000   -0.56959266
     3

O      -0.00944585    0.00000000    1.12228993
H       0.47758205    0.00000000    1.95423761
CL      -0.00944585    0.00000000   -0.56958689
     3

O      -0.00945571    0.00000000    1.12229571
H       0.47808031    0.00000000    1.95394572
CL      -0.00945571    0.00000000   -0.56958112
     3

O      -0.00946556    0.00000000    1.12230148
H       0.47857839    0.00000000    1.95365352
CL      -0.00946556    0.00000000   -0.56957534
     3

O      -0.00947541    0.00000000    1.12230727
H       0.47907630    0.00000000    1.95336102
CL      -0.00947541    0.00000000   -0.56956956
     3

O      -0.00948525    0.00000000    1.12231306
H       0.47957403    0.00000000    1.95306822
CL      -0.00948525    0.00000000   -0.56956377
     3

O      -0.00949509    0.00000000    1.12231886
H       0.48007157    0.00000000    1.95277511
CL      -0.00949509    0.00000000   -0.56955797
     3

O      -0.00950493    0.00000000    1.12232466
H       0.48056894    0.00000000    1.95248170
CL      -0.00950493    0.00000000   -0.56955216
     3

O      -0.00951476    0.00000000    1.12233047
H       0.48106613    0.00000000    1.95218799
CL      -0.00951476    0.00000000   -0.56954636
     3

O      -0.00952459    0.00000000    1.12233629
H       0.48156314    0.00000000    1.95189397
CL      -0.00952459    0.00000000   -0.56954054
     3

O      -0.00953442    0.00000000    1.12234211
H       0.48205997    0.00000000    1.95159965
CL      -0.00953442    0.00000000   -0.56953472
     3

O      -0.00954424    0.00000000    1.12234793
H       0.48255662    0.00000000    1.95130502
CL      -0.00954424    0.00000000   -0.56952889
     3

O      -0.00955406    0.00000000    1.12235377
H       0.48305309    0.00000000    1.95101009
CL      -0.00955406    0.00000000   -0.56952306
     3

O      -0.00956388    0.00000000    1.12235961
H       0.48354938    0.00000000    1.95071486
CL      -0.00956388    0.00000000   -0.56951722
     3

O      -0.00957369    0.00000000    1.12236545
H       0.48404549    0.00000000    1.95041933
CL      -0.00957369    0.00000000   -0.56951137
     3

O      -0.00958350    0.00000000    1.12237130
H       0.48454142    0.00000000    1.95012349
CL      -0.00958350    0.00000000   -0.56950552
     3

O      -0.00959330    0.00000000    1.12237716
H       0.48503716    0.00000000    1.94982735
CL      -0.00959330    0.00000000   -0.56949967
     3

O      -0.00960310    0.00000000    1.12238302
H       0.48553273    0.00000000    1.94953090
CL      -0.00960310    0.00000000   -0.56949380
     3

O      -0.00961290    0.00000000    1.12238889
H       0.48602812    0.00000000    1.94923416
CL      -0.00961290    0.00000000   -0.56948793
     3

O      -0.00962270    0.00000000    1.12239477
H       0.48652332    0.00000000    1.94893711
CL      -0.00962270    0.00000000   -0.56948206
     3

O      -0.00963249    0.00000000    1.12240065
H       0.48701834    0.00000000    1.94863976
CL      -0.00963249    0.00000000   -0.56947618
     3

O      -0.00964228    0.00000000    1.12240654
H       0.48751318    0.00000000    1.94834210
CL      -0.00964228    0.00000000   -0.56947029
     3

O      -0.00965206    0.00000000    1.12241243
H       0.48800784    0.00000000    1.94804415
CL      -0.00965206    0.00000000   -0.56946440
     3

O      -0.00966184    0.00000000    1.12241833
H       0.48850232    0.00000000    1.94774589
CL      -0.00966184    0.00000000   -0.56945850
     3

O      -0.00967162    0.00000000    1.12242423
H       0.48899661    0.00000000    1.94744733
CL      -0.00967162    0.00000000   -0.56945259
     3

O      -0.00968139    0.00000000    1.12243015
H       0.48949073    0.00000000    1.94714847
CL      -0.00968139    0.00000000   -0.56944668
     3

O      -0.00969116    0.00000000    1.12243606
H       0.48998466    0.00000000    1.94684930
CL      -0.00969116    0.00000000   -0.56944076
     3

O      -0.00970092    0.00000000    1.12244199
H       0.49047840    0.00000000    1.94654984
CL      -0.00970092    0.00000000   -0.56943484
     3

O      -0.00971068    0.00000000    1.12244791
H       0.49097197    0.00000000    1.94625007
CL      -0.00971068    0.00000000   -0.56942891
     3

O      -0.00972044    0.00000000    1.12245385
H       0.49146535    0.00000000    1.94595000
CL      -0.00972044    0.00000000   -0.56942298
     3

O      -0.00973020    0.00000000    1.12245979
H       0.49195854    0.00000000    1.94564963
CL      -0.00973020    0.00000000   -0.56941704
     3

O      -0.00973995    0.00000000    1.12246574
H       0.49245156    0.00000000    1.94534896
CL      -0.00973995    0.00000000   -0.56941109
     3

O      -0.00974970    0.00000000    1.12247169
H       0.49294439    0.00000000    1.94504799
CL      -0.00974970    0.00000000   -0.56940514
     3

O      -0.00975944    0.00000000    1.12247765
H       0.49343703    0.00000000    1.94474672
CL      -0.00975944    0.00000000   -0.56939918
     3

O      -0.00976918    0.00000000    1.12248361
H       0.49392949    0.00000000    1.94444514
CL      -0.00976918    0.00000000   -0.56939321
     3

O      -0.00977892    0.00000000    1.12248958
H       0.49442177    0.00000000    1.94414327
CL      -0.00977892    0.00000000   -0.56938724
     3

O      -0.00978865    0.00000000    1.12249556
H       0.49491386    0.00000000    1.94384109
CL      -0.00978865    0.00000000   -0.56938127
     3

O      -0.00979838    0.00000000    1.12250154
H       0.49540577    0.00000000    1.94353862
CL      -0.00979838    0.00000000   -0.56937528
     3

O      -0.00980810    0.00000000    1.12250753
H       0.49589749    0.00000000    1.94323584
CL      -0.00980810    0.00000000   -0.56936930
     3

O      -0.00981783    0.00000000    1.12251353
H       0.49638903    0.00000000    1.94293276
CL      -0.00981783    0.00000000   -0.56936330
     3

O      -0.00982754    0.00000000    1.12251953
H       0.49688039    0.00000000    1.94262939
CL      -0.00982754    0.00000000   -0.56935730
     3

O      -0.00983726    0.00000000    1.12252553
H       0.49737155    0.00000000    1.94232571
CL      -0.00983726    0.00000000   -0.56935129
     3

O      -0.00984697    0.00000000    1.12253154
H       0.49786254    0.00000000    1.94202173
CL      -0.00984697    0.00000000   -0.56934528
     3

O      -0.00985668    0.00000000    1.12253756
H       0.49835333    0.00000000    1.94171746
CL      -0.00985668    0.00000000   -0.56933926
     3

O      -0.00986638    0.00000000    1.12254359
H       0.49884394    0.00000000    1.94141288
CL      -0.00986638    0.00000000   -0.56933324
     3

O      -0.00987608    0.00000000    1.12254962
H       0.49933437    0.00000000    1.94110800
CL      -0.00987608    0.00000000   -0.56932721
     3

O      -0.00988578    0.00000000    1.12255565
H       0.49982460    0.00000000    1.94080283
CL      -0.00988578    0.00000000   -0.56932117
     3

O      -0.00989547    0.00000000    1.12256169
H       0.50031465    0.00000000    1.94049735
CL      -0.00989547    0.00000000   -0.56931513
     3

O      -0.00990516    0.00000000    1.12256774
H       0.50080452    0.00000000    1.94019158
CL      -0.00990516    0.00000000   -0.56930908
     3

O      -0.00991484    0.00000000    1.12257380
H       0.50129420    0.00000000    1.93988550
CL      -0.00991484    0.00000000   -0.56930303
     3

O      -0.00992452    0.00000000    1.12257986
H       0.50178369    0.00000000    1.93957913
CL      -0.00992452    0.00000000   -0.56929697
     3

O      -0.00993420    0.00000000    1.12258592
H       0.50227299    0.00000000    1.93927246
CL      -0.00993420    0.00000000   -0.56929091
     3

O      -0.00994388    0.00000000    1.12259199
H       0.50276211    0.00000000    1.93896549
CL      -0.00994388    0.00000000   -0.56928483
     3

O      -0.00995355    0.00000000    1.12259807
H       0.50325103    0.00000000    1.93865822
CL      -0.00995355    0.00000000   -0.56927876
     3

O      -0.00996321    0.00000000    1.12260415
H       0.50373977    0.00000000    1.93835065
CL      -0.00996321    0.00000000   -0.56927267
     3

O      -0.00997288    0.00000000    1.12261024
H       0.50422833    0.00000000    1.93804279
CL      -0.00997288    0.00000000   -0.56926658
     3

O      -0.00998253    0.00000000    1.12261634
H       0.50471669    0.00000000    1.93773462
CL      -0.00998253    0.00000000   -0.56926049
     3

O      -0.00999219    0.00000000    1.12262244
H       0.50520487    0.00000000    1.93742616
CL      -0.00999219    0.00000000   -0.56925439
     3

O      -0.01000184    0.00000000    1.12262854
H       0.50569285    0.00000000    1.93711740
CL      -0.01000184    0.00000000   -0.56924828
     3

O      -0.01001149    0.00000000    1.12263466
H       0.50618065    0.00000000    1.93680834
CL      -0.01001149    0.00000000   -0.56924217
     3

O      -0.01002113    0.00000000    1.12264078
H       0.50666826    0.00000000    1.93649898
CL      -0.01002113    0.00000000   -0.56923605
     3

O      -0.01003077    0.00000000    1.12264690
H       0.50715568    0.00000000    1.93618933
CL      -0.01003077    0.00000000   -0.56922993
     3

O      -0.01004041    0.00000000    1.12265303
H       0.50764292    0.00000000    1.93587937
CL      -0.01004041    0.00000000   -0.56922380
     3

O      -0.01005004    0.00000000    1.12265917
H       0.50812996    0.00000000    1.93556912
CL      -0.01005004    0.00000000   -0.56921766
     3

O      -0.01005967    0.00000000    1.12266531
H       0.50861681    0.00000000    1.93525858
CL      -0.01005967    0.00000000   -0.56921152
     3

O      -0.01006930    0.00000000    1.12267146
H       0.50910347    0.00000000    1.93494773
CL      -0.01006930    0.00000000   -0.56920537
     3

O      -0.01007892    0.00000000    1.12267761
H       0.50958995    0.00000000    1.93463659
CL      -0.01007892    0.00000000   -0.56919922
     3

O      -0.01008854    0.00000000    1.12268377
H       0.51007623    0.00000000    1.93432515
CL      -0.01008854    0.00000000   -0.56919306
     3

O      -0.01009815    0.00000000    1.12268994
H       0.51056232    0.00000000    1.93401341
CL      -0.01009815    0.00000000   -0.56918689
     3

O      -0.01010776    0.00000000    1.12269611
H       0.51104822    0.00000000    1.93370138
CL      -0.01010776    0.00000000   -0.56918072
     3

O      -0.01011737    0.00000000    1.12270229
H       0.51153393    0.00000000    1.93338905
CL      -0.01011737    0.00000000   -0.56917454
     3

O      -0.01012697    0.00000000    1.12270847
H       0.51201945    0.00000000    1.93307642
CL      -0.01012697    0.00000000   -0.56916836
     3

O      -0.01013657    0.00000000    1.12271466
H       0.51250478    0.00000000    1.93276350
CL      -0.01013657    0.00000000   -0.56916217
     3

O      -0.01014617    0.00000000    1.12272085
H       0.51298992    0.00000000    1.93245028
CL      -0.01014617    0.00000000   -0.56915597
     3

O      -0.01015576    0.00000000    1.12272705
H       0.51347487    0.00000000    1.93213676
CL      -0.01015576    0.00000000   -0.56914977
     3

O      -0.01016535    0.00000000    1.12273326
H       0.51395962    0.00000000    1.93182295
CL      -0.01016535    0.00000000   -0.56914357
     3

O      -0.01017493    0.00000000    1.12273947
H       0.51444418    0.00000000    1.93150884
CL      -0.01017493    0.00000000   -0.56913735
     3

O      -0.01018451    0.00000000    1.12274569
H       0.51492856    0.00000000    1.93119444
CL      -0.01018451    0.00000000   -0.56913113
     3

O      -0.01019409    0.00000000    1.12275192
H       0.51541273    0.00000000    1.93087974
CL      -0.01019409    0.00000000   -0.56912491
     3

O      -0.01020366    0.00000000    1.12275815
H       0.51589672    0.00000000    1.93056475
CL      -0.01020366    0.00000000   -0.56911868
     3

O      -0.01021323    0.00000000    1.12276438
H       0.51638052    0.00000000    1.93024945
CL      -0.01021323    0.00000000   -0.56911244
     3

O      -0.01022279    0.00000000    1.12277062
H       0.51686412    0.00000000    1.92993387
CL      -0.01022279    0.00000000   -0.56910620
     3

O      -0.01023235    0.00000000    1.12277687
H       0.51734753    0.00000000    1.92961799
CL      -0.01023235    0.00000000   -0.56909996
     3

O      -0.01024191    0.00000000    1.12278313
H       0.51783074    0.00000000    1.92930181
CL      -0.01024191    0.00000000   -0.56909370
     3

O      -0.01025146    0.00000000    1.12278938
H       0.51831376    0.00000000    1.92898534
CL      -0.01025146    0.00000000   -0.56908744
     3

O      -0.01026101    0.00000000    1.12279565
H       0.51879659    0.00000000    1.92866857
CL      -0.01026101    0.00000000   -0.56908118
     3

O      -0.01027056    0.00000000    1.12280192
H       0.51927923    0.00000000    1.92835151
CL      -0.01027056    0.00000000   -0.56907491
     3

O      -0.01028010    0.00000000    1.12280820
H       0.51976167    0.00000000    1.92803415
CL      -0.01028010    0.00000000   -0.56906863
     3

O      -0.01028964    0.00000000    1.12281448
H       0.52024392    0.00000000    1.92771650
CL      -0.01028964    0.00000000   -0.56906235
     3

O      -0.01029917    0.00000000    1.12282077
H       0.52072597    0.00000000    1.92739855
CL      -0.01029917    0.00000000   -0.56905606
     3

O      -0.01030870    0.00000000    1.12282706
H       0.52120783    0.00000000    1.92708031
CL      -0.01030870    0.00000000   -0.56904976
     3

O      -0.01031823    0.00000000    1.12283336
H       0.52168949    0.00000000    1.92676178
CL      -0.01031823    0.00000000   -0.56904346
     3

O      -0.01032775    0.00000000    1.12283967
H       0.52217096    0.00000000    1.92644295
CL      -0.01032775    0.00000000   -0.56903716
     3

O      -0.01033727    0.00000000    1.12284598
H       0.52265224    0.00000000    1.92612382
CL      -0.01033727    0.00000000   -0.56903085
     3

O      -0.01034679    0.00000000    1.12285230
H       0.52313332    0.00000000    1.92580441
CL      -0.01034679    0.00000000   -0.56902453
     3

O      -0.01035630    0.00000000    1.12285862
H       0.52361420    0.00000000    1.92548470
CL      -0.01035630    0.00000000   -0.56901820
     3

O      -0.01036581    0.00000000    1.12286495
H       0.52409489    0.00000000    1.92516469
CL      -0.01036581    0.00000000   -0.56901188
     3

O      -0.01037531    0.00000000    1.12287129
H       0.52457539    0.00000000    1.92484439
CL      -0.01037531    0.00000000   -0.56900554
     3

O      -0.01038481    0.00000000    1.12287763
H       0.52505568    0.00000000    1.92452380
CL      -0.01038481    0.00000000   -0.56899920
     3

O      -0.01039430    0.00000000    1.12288397
H       0.52553579    0.00000000    1.92420292
CL      -0.01039430    0.00000000   -0.56899285
     3

O      -0.01040380    0.00000000    1.12289033
H       0.52601569    0.00000000    1.92388174
CL      -0.01040380    0.00000000   -0.56898650
     3

O      -0.01041328    0.00000000    1.12289668
H       0.52649540    0.00000000    1.92356027
CL      -0.01041328    0.00000000   -0.56898014
     3

O      -0.01042277    0.00000000    1.12290305
H       0.52697492    0.00000000    1.92323850
CL      -0.01042277    0.00000000   -0.56897378
     3

O      -0.01043225    0.00000000    1.12290942
H       0.52745423    0.00000000    1.92291645
CL      -0.01043225    0.00000000   -0.56896741
     3

O      -0.01044173    0.00000000    1.12291579
H       0.52793335    0.00000000    1.92259410
CL      -0.01044173    0.00000000   -0.56896103
     3

O      -0.01045120    0.00000000    1.12292217
H       0.52841227    0.00000000    1.92227145
CL      -0.01045120    0.00000000   -0.56895465
     3

O      -0.01046067    0.00000000    1.12292856
H       0.52889100    0.00000000    1.92194852
CL      -0.01046067    0.00000000   -0.56894826
     3

O      -0.01047013    0.00000000    1.12293496
H       0.52936953    0.00000000    1.92162529
CL      -0.01047013    0.00000000   -0.56894187
     3

O      -0.01047959    0.00000000    1.12294135
H       0.52984786    0.00000000    1.92130177
CL      -0.01047959    0.00000000   -0.56893547
     3

O      -0.01048905    0.00000000    1.12294776
H       0.53032599    0.00000000    1.92097796
CL      -0.01048905    0.00000000   -0.56892907
     3

O      -0.01049850    0.00000000    1.12295417
H       0.53080393    0.00000000    1.92065386
CL      -0.01049850    0.00000000   -0.56892266
     3

O      -0.01050795    0.00000000    1.12296058
H       0.53128166    0.00000000    1.92032946
CL      -0.01050795    0.00000000   -0.56891624
     3

O      -0.01051739    0.00000000    1.12296701
H       0.53175920    0.00000000    1.92000477
CL      -0.01051739    0.00000000   -0.56890982
     3

O      -0.01052684    0.00000000    1.12297343
H       0.53223654    0.00000000    1.91967980
CL      -0.01052684    0.00000000   -0.56890339
     3

O      -0.01053627    0.00000000    1.12297987
H       0.53271369    0.00000000    1.91935452
CL      -0.01053627    0.00000000   -0.56889696
     3

O      -0.01054571    0.00000000    1.12298631
H       0.53319063    0.00000000    1.91902896
CL      -0.01054571    0.00000000   -0.56889052
     3

O      -0.01055514    0.00000000    1.12299275
H       0.53366737    0.00000000    1.91870311
CL      -0.01055514    0.00000000   -0.56888408
     3

O      -0.01056456    0.00000000    1.12299920
H       0.53414392    0.00000000    1.91837696
CL      -0.01056456    0.00000000   -0.56887762
     3

O      -0.01057398    0.00000000    1.12300566
H       0.53462026    0.00000000    1.91805053
CL      -0.01057398    0.00000000   -0.56887117
     3

O      -0.01058340    0.00000000    1.12301212
H       0.53509641    0.00000000    1.91772380
CL      -0.01058340    0.00000000   -0.56886471
     3

O      -0.01059281    0.00000000    1.12301859
H       0.53557236    0.00000000    1.91739679
CL      -0.01059281    0.00000000   -0.56885824
     3

O      -0.01060222    0.00000000    1.12302506
H       0.53604810    0.00000000    1.91706948
CL      -0.01060222    0.00000000   -0.56885176
     3

O      -0.01061163    0.00000000    1.12303154
H       0.53652365    0.00000000    1.91674188
CL      -0.01061163    0.00000000   -0.56884529
     3

O      -0.01062103    0.00000000    1.12303803
H       0.53699899    0.00000000    1.91641399
CL      -0.01062103    0.00000000   -0.56883880
     3

O      -0.01063043    0.00000000    1.12304452
H       0.53747414    0.00000000    1.91608581
CL      -0.01063043    0.00000000   -0.56883231
     3

O      -0.01063982    0.00000000    1.12305101
H       0.53794909    0.00000000    1.91575734
CL      -0.01063982    0.00000000   -0.56882581
     3

O      -0.01064921    0.00000000    1.12305752
H       0.53842383    0.00000000    1.91542858
CL      -0.01064921    0.00000000   -0.56881931
     3

O      -0.01065860    0.00000000    1.12306402
H       0.53889837    0.00000000    1.91509953
CL      -0.01065860    0.00000000   -0.56881280
     3

O      -0.01066798    0.00000000    1.12307054
H       0.53937272    0.00000000    1.91477019
CL      -0.01066798    0.00000000   -0.56880629
     3

O      -0.01067736    0.00000000    1.12307706
H       0.53984686    0.00000000    1.91444057
CL      -0.01067736    0.00000000   -0.56879977
     3

O      -0.01068673    0.00000000    1.12308358
H       0.54032080    0.00000000    1.91411065
CL      -0.01068673    0.00000000   -0.56879324
     3

O      -0.01069610    0.00000000    1.12309011
H       0.54079454    0.00000000    1.91378044
CL      -0.01069610    0.00000000   -0.56878671
     3

O      -0.01070547    0.00000000    1.12309665
H       0.54126807    0.00000000    1.91344994
CL      -0.01070547    0.00000000   -0.56878018
     3

O      -0.01071483    0.00000000    1.12310319
H       0.54174141    0.00000000    1.91311916
CL      -0.01071483    0.00000000   -0.56877363
     3

O      -0.01072419    0.00000000    1.12310974
H       0.54221454    0.00000000    1.91278808
CL      -0.01072419    0.00000000   -0.56876708
     3

O      -0.01073354    0.00000000    1.12311630
H       0.54268747    0.00000000    1.91245672
CL      -0.01073354    0.00000000   -0.56876053
     3

O      -0.01074289    0.00000000    1.12312286
H       0.54316020    0.00000000    1.91212506
CL      -0.01074289    0.00000000   -0.56875397
     3

O      -0.01075224    0.00000000    1.12312942
H       0.54363272    0.00000000    1.91179312
CL      -0.01075224    0.00000000   -0.56874741
     3

O      -0.01076158    0.00000000    1.12313599
H       0.54410504    0.00000000    1.91146089
CL      -0.01076158    0.00000000   -0.56874084
     3

O      -0.01077091    0.00000000    1.12314257
H       0.54457716    0.00000000    1.91112837
CL      -0.01077091    0.00000000   -0.56873426
     3

O      -0.01078025    0.00000000    1.12314915
H       0.54504908    0.00000000    1.91079556
CL      -0.01078025    0.00000000   -0.56872768
     3

O      -0.01078958    0.00000000    1.12315574
H       0.54552079    0.00000000    1.91046247
CL      -0.01078958    0.00000000   -0.56872109
     3

O      -0.01079890    0.00000000    1.12316233
H       0.54599230    0.00000000    1.91012908
CL      -0.01079890    0.00000000   -0.56871449
     3

O      -0.01080823    0.00000000    1.12316893
H       0.54646360    0.00000000    1.90979541
CL      -0.01080823    0.00000000   -0.56870789
     3

O      -0.01081754    0.00000000    1.12317554
H       0.54693471    0.00000000    1.90946145
CL      -0.01081754    0.00000000   -0.56870129
     3

O      -0.01082686    0.00000000    1.12318215
H       0.54740560    0.00000000    1.90912721
CL      -0.01082686    0.00000000   -0.56869468
     3

O      -0.01083617    0.00000000    1.12318876
H       0.54787630    0.00000000    1.90879267
CL      -0.01083617    0.00000000   -0.56868806
     3

O      -0.01084547    0.00000000    1.12319539
H       0.54834678    0.00000000    1.90845785
CL      -0.01084547    0.00000000   -0.56868144
     3

O      -0.01085477    0.00000000    1.12320202
H       0.54881707    0.00000000    1.90812274
CL      -0.01085477    0.00000000   -0.56867481
     3

O      -0.01086407    0.00000000    1.12320865
H       0.54928715    0.00000000    1.90778734
CL      -0.01086407    0.00000000   -0.56866818
     3

O      -0.01087336    0.00000000    1.12321529
H       0.54975702    0.00000000    1.90745166
CL      -0.01087336    0.00000000   -0.56866154
     3

O      -0.01088265    0.00000000    1.12322193
H       0.55022669    0.00000000    1.90711569
CL      -0.01088265    0.00000000   -0.56865489
     3

O      -0.01089194    0.00000000    1.12322858
H       0.55069615    0.00000000    1.90677943
CL      -0.01089194    0.00000000   -0.56864824
     3

O      -0.01090122    0.00000000    1.12323524
H       0.55116541    0.00000000    1.90644288
CL      -0.01090122    0.00000000   -0.56864159
     3

O      -0.01091050    0.00000000    1.12324190
H       0.55163446    0.00000000    1.90610605
CL      -0.01091050    0.00000000   -0.56863492
     3

O      -0.01091977    0.00000000    1.12324857
H       0.55210331    0.00000000    1.90576894
CL      -0.01091977    0.00000000   -0.56862826
     3

O      -0.01092904    0.00000000    1.12325524
H       0.55257195    0.00000000    1.90543153
CL      -0.01092904    0.00000000   -0.56862158
     3

O      -0.01093830    0.00000000    1.12326192
H       0.55304038    0.00000000    1.90509384
CL      -0.01093830    0.00000000   -0.56861490
     3

O      -0.01094757    0.00000000    1.12326861
H       0.55350861    0.00000000    1.90475587
CL      -0.01094757    0.00000000   -0.56860822
     3

O      -0.01095682    0.00000000    1.12327530
H       0.55397663    0.00000000    1.90441760
CL      -0.01095682    0.00000000   -0.56860153
     3

O      -0.01096607    0.00000000    1.12328199
H       0.55444445    0.00000000    1.90407906
CL      -0.01096607    0.00000000   -0.56859483
     3

O      -0.01097532    0.00000000    1.12328869
H       0.55491206    0.00000000    1.90374022
CL      -0.01097532    0.00000000   -0.56858813
     3

O      -0.01098457    0.00000000    1.12329540
H       0.55537946    0.00000000    1.90340110
CL      -0.01098457    0.00000000   -0.56858142
     3

O      -0.01099381    0.00000000    1.12330211
H       0.55584665    0.00000000    1.90306170
CL      -0.01099381    0.00000000   -0.56857471
     3

O      -0.01100304    0.00000000    1.12330883
H       0.55631364    0.00000000    1.90272201
CL      -0.01100304    0.00000000   -0.56856799
     3

O      -0.01101228    0.00000000    1.12331556
H       0.55678041    0.00000000    1.90238203
CL      -0.01101228    0.00000000   -0.56856127
     3

O      -0.01102150    0.00000000    1.12332229
H       0.55724698    0.00000000    1.90204177
CL      -0.01102150    0.00000000   -0.56855454
     3

O      -0.01103073    0.00000000    1.12332902
H       0.55771335    0.00000000    1.90170123
CL      -0.01103073    0.00000000   -0.56854780
     3

O      -0.01103995    0.00000000    1.12333576
H       0.55817950    0.00000000    1.90136040
CL      -0.01103995    0.00000000   -0.56854106
     3

O      -0.01104916    0.00000000    1.12334251
H       0.55864545    0.00000000    1.90101928
CL      -0.01104916    0.00000000   -0.56853432
     3

O      -0.01105838    0.00000000    1.12334926
H       0.55911119    0.00000000    1.90067788
CL      -0.01105838    0.00000000   -0.56852756
     3

O      -0.01106758    0.00000000    1.12335602
H       0.55957671    0.00000000    1.90033620
CL      -0.01106758    0.00000000   -0.56852081
     3

O      -0.01107679    0.00000000    1.12336278
H       0.56004203    0.00000000    1.89999423
CL      -0.01107679    0.00000000   -0.56851404
     3

O      -0.01108599    0.00000000    1.12336955
H       0.56050715    0.00000000    1.89965198
CL      -0.01108599    0.00000000   -0.56850727
     3

O      -0.01109518    0.00000000    1.12337633
H       0.56097205    0.00000000    1.89930944
CL      -0.01109518    0.00000000   -0.56850050
     3

O      -0.01110437    0.00000000    1.12338311
H       0.56143674    0.00000000    1.89896662
CL      -0.01110437    0.00000000   -0.56849372
     3

O      -0.01111356    0.00000000    1.12338990
H       0.56190122    0.00000000    1.89862352
CL      -0.01111356    0.00000000   -0.56848693
     3

O      -0.01112274    0.00000000    1.12339669
H       0.56236550    0.00000000    1.89828013
CL      -0.01112274    0.00000000   -0.56848014
     3

O      -0.01113192    0.00000000    1.12340348
H       0.56282956    0.00000000    1.89793646
CL      -0.01113192    0.00000000   -0.56847334
     3

O      -0.01114109    0.00000000    1.12341029
H       0.56329342    0.00000000    1.89759250
CL      -0.01114109    0.00000000   -0.56846654
     3

O      -0.01115026    0.00000000    1.12341710
H       0.56375706    0.00000000    1.89724827
CL      -0.01115026    0.00000000   -0.56845973
     3

O      -0.01115943    0.00000000    1.12342391
H       0.56422049    0.00000000    1.89690375
CL      -0.01115943    0.00000000   -0.56845292
     3

O      -0.01116859    0.00000000    1.12343073
H       0.56468372    0.00000000    1.89655894
CL      -0.01116859    0.00000000   -0.56844610
     3

O      -0.01117775    0.00000000    1.12343755
H       0.56514673    0.00000000    1.89621385
CL      -0.01117775    0.00000000   -0.56843927
     3

O      -0.01118690    0.00000000    1.12344439
H       0.56560953    0.00000000    1.89586848
CL      -0.01118690    0.00000000   -0.56843244
     3

O      -0.01119605    0.00000000    1.12345122
H       0.56607212    0.00000000    1.89552283
CL      -0.01119605    0.00000000   -0.56842560
     3

O      -0.01120520    0.00000000    1.12345806
H       0.56653450    0.00000000    1.89517690
CL      -0.01120520    0.00000000   -0.56841876
     3

O      -0.01121434    0.00000000    1.12346491
H       0.56699667    0.00000000    1.89483068
CL      -0.01121434    0.00000000   -0.56841191
     3

O      -0.01122348    0.00000000    1.12347177
H       0.56745862    0.00000000    1.89448418
CL      -0.01122348    0.00000000   -0.56840506
     3

O      -0.01123261    0.00000000    1.12347862
H       0.56792036    0.00000000    1.89413740
CL      -0.01123261    0.00000000   -0.56839820
     3

O      -0.01124174    0.00000000    1.12348549
H       0.56838190    0.00000000    1.89379033
CL      -0.01124174    0.00000000   -0.56839134
     3

O      -0.01125086    0.00000000    1.12349236
H       0.56884322    0.00000000    1.89344299
CL      -0.01125086    0.00000000   -0.56838447
     3

O      -0.01125998    0.00000000    1.12349923
H       0.56930433    0.00000000    1.89309536
CL      -0.01125998    0.00000000   -0.56837759
     3

O      -0.01126910    0.00000000    1.12350612
H       0.56976522    0.00000000    1.89274745
CL      -0.01126910    0.00000000   -0.56837071
     3

O      -0.01127821    0.00000000    1.12351300
H       0.57022590    0.00000000    1.89239926
CL      -0.01127821    0.00000000   -0.56836382
     3

O      -0.01128732    0.00000000    1.12351989
H       0.57068637    0.00000000    1.89205079
CL      -0.01128732    0.00000000   -0.56835693
     3

O      -0.01129642    0.00000000    1.12352679
H       0.57114663    0.00000000    1.89170204
CL      -0.01129642    0.00000000   -0.56835003
     3

O      -0.01130552    0.00000000    1.12353370
H       0.57160667    0.00000000    1.89135300
CL      -0.01130552    0.00000000   -0.56834313
     3

O      -0.01131461    0.00000000    1.12354060
H       0.57206650    0.00000000    1.89100369
CL      -0.01131461    0.00000000   -0.56833622
     3

O      -0.01132370    0.00000000    1.12354752
H       0.57252612    0.00000000    1.89065409
CL      -0.01132370    0.00000000   -0.56832931
     3

O      -0.01133279    0.00000000    1.12355444
H       0.57298553    0.00000000    1.89030421
CL      -0.01133279    0.00000000   -0.56832239
     3

O      -0.01134187    0.00000000    1.12356136
H       0.57344471    0.00000000    1.88995406
CL      -0.01134187    0.00000000   -0.56831546
     3

O      -0.01135095    0.00000000    1.12356830
H       0.57390369    0.00000000    1.88960362
CL      -0.01135095    0.00000000   -0.56830853
     3

O      -0.01136002    0.00000000    1.12357523
H       0.57436245    0.00000000    1.88925290
CL      -0.01136002    0.00000000   -0.56830159
     3

O      -0.01136909    0.00000000    1.12358217
H       0.57482100    0.00000000    1.88890190
CL      -0.01136909    0.00000000   -0.56829465
     3

O      -0.01137816    0.00000000    1.12358912
H       0.57527933    0.00000000    1.88855063
CL      -0.01137816    0.00000000   -0.56828770
     3

O      -0.01138722    0.00000000    1.12359608
H       0.57573745    0.00000000    1.88819907
CL      -0.01138722    0.00000000   -0.56828075
     3

O      -0.01139627    0.00000000    1.12360303
H       0.57619535    0.00000000    1.88784723
CL      -0.01139627    0.00000000   -0.56827379
     3

O      -0.01140533    0.00000000    1.12361000
H       0.57665304    0.00000000    1.88749511
CL      -0.01140533    0.00000000   -0.56826683
     3

O      -0.01141438    0.00000000    1.12361697
H       0.57711051    0.00000000    1.88714272
CL      -0.01141438    0.00000000   -0.56825986
     3

O      -0.01142342    0.00000000    1.12362394
H       0.57756777    0.00000000    1.88679004
CL      -0.01142342    0.00000000   -0.56825288
     3

O      -0.01143246    0.00000000    1.12363092
H       0.57802481    0.00000000    1.88643708
CL      -0.01143246    0.00000000   -0.56824590
     3

O      -0.01144149    0.00000000    1.12363791
H       0.57848164    0.00000000    1.88608385
CL      -0.01144149    0.00000000   -0.56823892
     3

O      -0.01145053    0.00000000    1.12364490
H       0.57893825    0.00000000    1.88573033
CL      -0.01145053    0.00000000   -0.56823192
     3

O      -0.01145955    0.00000000    1.12365190
H       0.57939465    0.00000000    1.88537654
CL      -0.01145955    0.00000000   -0.56822493
     3

O      -0.01146857    0.00000000    1.12365890
H       0.57985082    0.00000000    1.88502247
CL      -0.01146857    0.00000000   -0.56821792
     3

O      -0.01147759    0.00000000    1.12366591
H       0.58030679    0.00000000    1.88466812
CL      -0.01147759    0.00000000   -0.56821091
     3

O      -0.01148661    0.00000000    1.12367293
H       0.58076253    0.00000000    1.88431349
CL      -0.01148661    0.00000000   -0.56820390
     3

O      -0.01149562    0.00000000    1.12367995
H       0.58121806    0.00000000    1.88395859
CL      -0.01149562    0.00000000   -0.56819688
     3

O      -0.01150462    0.00000000    1.12368697
H       0.58167337    0.00000000    1.88360340
CL      -0.01150462    0.00000000   -0.56818986
     3

O      -0.01151362    0.00000000    1.12369400
H       0.58212847    0.00000000    1.88324794
CL      -0.01151362    0.00000000   -0.56818283
     3

O      -0.01152262    0.00000000    1.12370104
H       0.58258334    0.00000000    1.88289220
CL      -0.01152262    0.00000000   -0.56817579
     3

O      -0.01153161    0.00000000    1.12370808
H       0.58303800    0.00000000    1.88253618
CL      -0.01153161    0.00000000   -0.56816875
     3

O      -0.01154060    0.00000000    1.12371513
H       0.58349245    0.00000000    1.88217988
CL      -0.01154060    0.00000000   -0.56816170
     3

O      -0.01154958    0.00000000    1.12372218
H       0.58394667    0.00000000    1.88182331
CL      -0.01154958    0.00000000   -0.56815465
     3

O      -0.01155856    0.00000000    1.12372924
H       0.58440068    0.00000000    1.88146646
CL      -0.01155856    0.00000000   -0.56814759
     3

O      -0.01156754    0.00000000    1.12373630
H       0.58485447    0.00000000    1.88110933
CL      -0.01156754    0.00000000   -0.56814053
     3

O      -0.01157651    0.00000000    1.12374337
H       0.58530804    0.00000000    1.88075192
CL      -0.01157651    0.00000000   -0.56813346
     3

O      -0.01158548    0.00000000    1.12375044
H       0.58576139    0.00000000    1.88039424
CL      -0.01158548    0.00000000   -0.56812638
     3

O      -0.01159444    0.00000000    1.12375752
H       0.58621452    0.00000000    1.88003628
CL      -0.01159444    0.00000000   -0.56811930
     3

O      -0.01160340    0.00000000    1.12376461
H       0.58666744    0.00000000    1.87967804
CL      -0.01160340    0.00000000   -0.56811222
     3

O      -0.01161235    0.00000000    1.12377170
H       0.58712013    0.00000000    1.87931953
CL      -0.01161235    0.00000000   -0.56810513
     3

O      -0.01162130    0.00000000    1.12377880
H       0.58757261    0.00000000    1.87896074
CL      -0.01162130    0.00000000   -0.56809803
     3

O      -0.01163024    0.00000000    1.12378590
H       0.58802487    0.00000000    1.87860167
CL      -0.01163024    0.00000000   -0.56809093
     3

O      -0.01163919    0.00000000    1.12379300
H       0.58847691    0.00000000    1.87824233
CL      -0.01163919    0.00000000   -0.56808382
     3

O      -0.01164812    0.00000000    1.12380012
H       0.58892873    0.00000000    1.87788271
CL      -0.01164812    0.00000000   -0.56807671
     3

O      -0.01165705    0.00000000    1.12380724
H       0.58938032    0.00000000    1.87752282
CL      -0.01165705    0.00000000   -0.56806959
     3

O      -0.01166598    0.00000000    1.12381436
H       0.58983170    0.00000000    1.87716265
CL      -0.01166598    0.00000000   -0.56806247
     3

O      -0.01167490    0.00000000    1.12382149
H       0.59028286    0.00000000    1.87680220
CL      -0.01167490    0.00000000   -0.56805534
     3

O      -0.01168382    0.00000000    1.12382862
H       0.59073380    0.00000000    1.87644148
CL      -0.01168382    0.00000000   -0.56804820
     3

O      -0.01169274    0.00000000    1.12383576
H       0.59118452    0.00000000    1.87608049
CL      -0.01169274    0.00000000   -0.56804106
     3

O      -0.01170165    0.00000000    1.12384291
H       0.59163502    0.00000000    1.87571922
CL      -0.01170165    0.00000000   -0.56803392
     3

O      -0.01171055    0.00000000    1.12385006
H       0.59208529    0.00000000    1.87535767
CL      -0.01171055    0.00000000   -0.56802677
     3

O      -0.01171946    0.00000000    1.12385722
H       0.59253535    0.00000000    1.87499585
CL      -0.01171946    0.00000000   -0.56801961
     3

O      -0.01172835    0.00000000    1.12386438
H       0.59298518    0.00000000    1.87463375
CL      -0.01172835    0.00000000   -0.56801245
     3

O      -0.01173724    0.00000000    1.12387154
H       0.59343480    0.00000000    1.87427138
CL      -0.01173724    0.00000000   -0.56800528
     3

O      -0.01174613    0.00000000    1.12387872
H       0.59388419    0.00000000    1.87390873
CL      -0.01174613    0.00000000   -0.56799811
     3

O      -0.01175502    0.00000000    1.12388589
H       0.59433336    0.00000000    1.87354581
CL      -0.01175502    0.00000000   -0.56799093
     3

O      -0.01176390    0.00000000    1.12389308
H       0.59478231    0.00000000    1.87318262
CL      -0.01176390    0.00000000   -0.56798375
     3

O      -0.01177277    0.00000000    1.12390027
H       0.59523103    0.00000000    1.87281915
CL      -0.01177277    0.00000000   -0.56797656
     3

O      -0.01178164    0.00000000    1.12390746
H       0.59567954    0.00000000    1.87245541
CL      -0.01178164    0.00000000   -0.56796937
     3

O      -0.01179051    0.00000000    1.12391466
H       0.59612782    0.00000000    1.87209139
CL      -0.01179051    0.00000000   -0.56796217
     3

O      -0.01179937    0.00000000    1.12392187
H       0.59657588    0.00000000    1.87172710
CL      -0.01179937    0.00000000   -0.56795496
     3

O      -0.01180823    0.00000000    1.12392908
H       0.59702372    0.00000000    1.87136253
CL      -0.01180823    0.00000000   -0.56794775
     3

O      -0.01181708    0.00000000    1.12393629
H       0.59747133    0.00000000    1.87099770
CL      -0.01181708    0.00000000   -0.56794053
     3

O      -0.01182593    0.00000000    1.12394351
H       0.59791872    0.00000000    1.87063259
CL      -0.01182593    0.00000000   -0.56793331
     3

O      -0.01183477    0.00000000    1.12395074
H       0.59836589    0.00000000    1.87026720
CL      -0.01183477    0.00000000   -0.56792609
     3

O      -0.01184361    0.00000000    1.12395797
H       0.59881284    0.00000000    1.86990154
CL      -0.01184361    0.00000000   -0.56791885
     3

O      -0.01185245    0.00000000    1.12396521
H       0.59925956    0.00000000    1.86953561
CL      -0.01185245    0.00000000   -0.56791162
     3

O      -0.01186128    0.00000000    1.12397245
H       0.59970606    0.00000000    1.86916941
CL      -0.01186128    0.00000000   -0.56790437
     3

O      -0.01187011    0.00000000    1.12397970
H       0.60015233    0.00000000    1.86880293
CL      -0.01187011    0.00000000   -0.56789713
     3

O      -0.01187893    0.00000000    1.12398696
H       0.60059838    0.00000000    1.86843619
CL      -0.01187893    0.00000000   -0.56788987
     3

O      -0.01188775    0.00000000    1.12399421
H       0.60104421    0.00000000    1.86806916
CL      -0.01188775    0.00000000   -0.56788261
     3

O      -0.01189656    0.00000000    1.12400148
H       0.60148981    0.00000000    1.86770187
CL      -0.01189656    0.00000000   -0.56787535
     3

O      -0.01190537    0.00000000    1.12400875
H       0.60193519    0.00000000    1.86733431
CL      -0.01190537    0.00000000   -0.56786808
     3

O      -0.01191417    0.00000000    1.12401602
H       0.60238034    0.00000000    1.86696647
CL      -0.01191417    0.00000000   -0.56786080
     3

O      -0.01192297    0.00000000    1.12402330
H       0.60282527    0.00000000    1.86659836
CL      -0.01192297    0.00000000   -0.56785352
     3

O      -0.01193177    0.00000000    1.12403059
H       0.60326997    0.00000000    1.86622998
CL      -0.01193177    0.00000000   -0.56784624
     3

O      -0.01194056    0.00000000    1.12403788
H       0.60371445    0.00000000    1.86586133
CL      -0.01194056    0.00000000   -0.56783894
     3

O      -0.01194935    0.00000000    1.12404518
H       0.60415870    0.00000000    1.86549240
CL      -0.01194935    0.00000000   -0.56783165
     3

O      -0.01195813    0.00000000    1.12405248
H       0.60460273    0.00000000    1.86512321
CL      -0.01195813    0.00000000   -0.56782435
     3

O      -0.01196691    0.00000000    1.12405979
H       0.60504653    0.00000000    1.86475374
CL      -0.01196691    0.00000000   -0.56781704
     3

O      -0.01197568    0.00000000    1.12406710
H       0.60549010    0.00000000    1.86438400
CL      -0.01197568    0.00000000   -0.56780973
     3

O      -0.01198445    0.00000000    1.12407442
H       0.60593345    0.00000000    1.86401400
CL      -0.01198445    0.00000000   -0.56780241
     3

O      -0.01199321    0.00000000    1.12408174
H       0.60637658    0.00000000    1.86364372
CL      -0.01199321    0.00000000   -0.56779508
     3

O      -0.01200197    0.00000000    1.12408907
H       0.60681948    0.00000000    1.86327317
CL      -0.01200197    0.00000000   -0.56778775
     3

O      -0.01201073    0.00000000    1.12409641
H       0.60726215    0.00000000    1.86290235
CL      -0.01201073    0.00000000   -0.56778042
     3

O      -0.01201948    0.00000000    1.12410375
H       0.60770459    0.00000000    1.86253126
CL      -0.01201948    0.00000000   -0.56777308
     3

O      -0.01202823    0.00000000    1.12411109
H       0.60814681    0.00000000    1.86215990
CL      -0.01202823    0.00000000   -0.56776574
     3

O      -0.01203697    0.00000000    1.12411844
H       0.60858880    0.00000000    1.86178826
CL      -0.01203697    0.00000000   -0.56775839
     3

O      -0.01204571    0.00000000    1.12412580
H       0.60903056    0.00000000    1.86141636
CL      -0.01204571    0.00000000   -0.56775103
     3

O      -0.01205444    0.00000000    1.12413316
H       0.60947210    0.00000000    1.86104419
CL      -0.01205444    0.00000000   -0.56774367
     3

O      -0.01206317    0.00000000    1.12414052
H       0.60991341    0.00000000    1.86067175
CL      -0.01206317    0.00000000   -0.56773630
     3

O      -0.01207189    0.00000000    1.12414790
H       0.61035449    0.00000000    1.86029904
CL      -0.01207189    0.00000000   -0.56772893
     3

O      -0.01208061    0.00000000    1.12415527
H       0.61079534    0.00000000    1.85992606
CL      -0.01208061    0.00000000   -0.56772155
     3

O      -0.01208933    0.00000000    1.12416265
H       0.61123597    0.00000000    1.85955282
CL      -0.01208933    0.00000000   -0.56771417
     3

O      -0.01209804    0.00000000    1.12417004
H       0.61167637    0.00000000    1.85917930
CL      -0.01209804    0.00000000   -0.56770678
     3

O      -0.01210674    0.00000000    1.12417744
H       0.61211654    0.00000000    1.85880551
CL      -0.01210674    0.00000000   -0.56769939
     3

O      -0.01211544    0.00000000    1.12418483
H       0.61255648    0.00000000    1.85843146
CL      -0.01211544    0.00000000   -0.56769199
     3

O      -0.01212414    0.00000000    1.12419224
H       0.61299619    0.00000000    1.85805713
CL      -0.01212414    0.00000000   -0.56768459
     3

O      -0.01213283    0.00000000    1.12419965
H       0.61343567    0.00000000    1.85768254
CL      -0.01213283    0.00000000   -0.56767718
     3

O      -0.01214152    0.00000000    1.12420706
H       0.61387493    0.00000000    1.85730768
CL      -0.01214152    0.00000000   -0.56766977
     3

O      -0.01215020    0.00000000    1.12421448
H       0.61431395    0.00000000    1.85693255
CL      -0.01215020    0.00000000   -0.56766235
     3

O      -0.01215888    0.00000000    1.12422190
H       0.61475275    0.00000000    1.85655716
CL      -0.01215888    0.00000000   -0.56765492
     3

O      -0.01216756    0.00000000    1.12422933
H       0.61519132    0.00000000    1.85618149
CL      -0.01216756    0.00000000   -0.56764749
     3

O      -0.01217623    0.00000000    1.12423677
H       0.61562965    0.00000000    1.85580556
CL      -0.01217623    0.00000000   -0.56764006
     3

O      -0.01218489    0.00000000    1.12424421
H       0.61606776    0.00000000    1.85542936
CL      -0.01218489    0.00000000   -0.56763262
     3

O      -0.01219355    0.00000000    1.12425166
H       0.61650564    0.00000000    1.85505289
CL      -0.01219355    0.00000000   -0.56762517
     3

O      -0.01220221    0.00000000    1.12425911
H       0.61694329    0.00000000    1.85467615
CL      -0.01220221    0.00000000   -0.56761772
     3

O      -0.01221086    0.00000000    1.12426656
H       0.61738070    0.00000000    1.85429915
CL      -0.01221086    0.00000000   -0.56761026
     3

O      -0.01221951    0.00000000    1.12427403
H       0.61781789    0.00000000    1.85392188
CL      -0.01221951    0.00000000   -0.56760280
     3

O      -0.01222815    0.00000000    1.12428149
H       0.61825485    0.00000000    1.85354434
CL      -0.01222815    0.00000000   -0.56759533
     3

O      -0.01223679    0.00000000    1.12428897
H       0.61869157    0.00000000    1.85316654
CL      -0.01223679    0.00000000   -0.56758786
     3

O      -0.01224542    0.00000000    1.12429644
H       0.61912807    0.00000000    1.85278847
CL      -0.01224542    0.00000000   -0.56758038
     3

O      -0.01225405    0.00000000    1.12430393
H       0.61956433    0.00000000    1.85241013
CL      -0.01225405    0.00000000   -0.56757290
     3

O      -0.01226267    0.00000000    1.12431141
H       0.62000037    0.00000000    1.85203153
CL      -0.01226267    0.00000000   -0.56756541
     3

O      -0.01227129    0.00000000    1.12431891
H       0.62043617    0.00000000    1.85165266
CL      -0.01227129    0.00000000   -0.56755792
     3

O      -0.01227991    0.00000000    1.12432641
H       0.62087174    0.00000000    1.85127352
CL      -0.01227991    0.00000000   -0.56755042
     3

O      -0.01228852    0.00000000    1.12433391
H       0.62130707    0.00000000    1.85089412
CL      -0.01228852    0.00000000   -0.56754292
     3

O      -0.01229712    0.00000000    1.12434142
H       0.62174218    0.00000000    1.85051445
CL      -0.01229712    0.00000000   -0.56753541
     3

O      -0.01230572    0.00000000    1.12434893
H       0.62217706    0.00000000    1.85013452
CL      -0.01230572    0.00000000   -0.56752789
     3

O      -0.01231432    0.00000000    1.12435645
H       0.62261170    0.00000000    1.84975432
CL      -0.01231432    0.00000000   -0.56752037
     3

O      -0.01232291    0.00000000    1.12436398
H       0.62304611    0.00000000    1.84937386
CL      -0.01232291    0.00000000   -0.56751285
     3

O      -0.01233150    0.00000000    1.12437151
H       0.62348029    0.00000000    1.84899313
CL      -0.01233150    0.00000000   -0.56750532
     3

O      -0.01234008    0.00000000    1.12437905
H       0.62391423    0.00000000    1.84861213
CL      -0.01234008    0.00000000   -0.56749778
     3

O      -0.01234866    0.00000000    1.12438659
H       0.62434794    0.00000000    1.84823087
CL      -0.01234866    0.00000000   -0.56749024
     3

O      -0.01235723    0.00000000    1.12439413
H       0.62478142    0.00000000    1.84784935
CL      -0.01235723    0.00000000   -0.56748269
     3

O      -0.01236580    0.00000000    1.12440168
H       0.62521467    0.00000000    1.84746756
CL      -0.01236580    0.00000000   -0.56747514
     3

O      -0.01237437    0.00000000    1.12440924
H       0.62564768    0.00000000    1.84708550
CL      -0.01237437    0.00000000   -0.56746759
     3

O      -0.01238293    0.00000000    1.12441680
H       0.62608046    0.00000000    1.84670318
CL      -0.01238293    0.00000000   -0.56746003
     3

O      -0.01239148    0.00000000    1.12442437
H       0.62651300    0.00000000    1.84632060
CL      -0.01239148    0.00000000   -0.56745246
     3

O      -0.01240003    0.00000000    1.12443194
H       0.62694532    0.00000000    1.84593775
CL      -0.01240003    0.00000000   -0.56744489
     3

O      -0.01240858    0.00000000    1.12443952
H       0.62737739    0.00000000    1.84555464
CL      -0.01240858    0.00000000   -0.56743731
     3

O      -0.01241712    0.00000000    1.12444710
H       0.62780924    0.00000000    1.84517127
CL      -0.01241712    0.00000000   -0.56742973
     3

O      -0.01242566    0.00000000    1.12445469
H       0.62824085    0.00000000    1.84478763
CL      -0.01242566    0.00000000   -0.56742214
     3

O      -0.01243419    0.00000000    1.12446228
H       0.62867222    0.00000000    1.84440373
CL      -0.01243419    0.00000000   -0.56741455
     3

O      -0.01244272    0.00000000    1.12446988
H       0.62910336    0.00000000    1.84401956
CL      -0.01244272    0.00000000   -0.56740695
     3

O      -0.01245124    0.00000000    1.12447748
H       0.62953427    0.00000000    1.84363513
CL      -0.01245124    0.00000000   -0.56739934
     3

O      -0.01245976    0.00000000    1.12448509
H       0.62996494    0.00000000    1.84325044
CL      -0.01245976    0.00000000   -0.56739174
     3

O      -0.01246827    0.00000000    1.12449271
H       0.63039537    0.00000000    1.84286548
CL      -0.01246827    0.00000000   -0.56738412
     3

O      -0.01247678    0.00000000    1.12450032
H       0.63082557    0.00000000    1.84248027
CL      -0.01247678    0.00000000   -0.56737650
     3

O      -0.01248528    0.00000000    1.12450795
H       0.63125554    0.00000000    1.84209479
CL      -0.01248528    0.00000000   -0.56736888
     3

O      -0.01249378    0.00000000    1.12451558
H       0.63168527    0.00000000    1.84170904
CL      -0.01249378    0.00000000   -0.56736125
     3

O      -0.01250228    0.00000000    1.12452321
H       0.63211476    0.00000000    1.84132304
CL      -0.01250228    0.00000000   -0.56735361
     3

O      -0.01251077    0.00000000    1.12453085
H       0.63254402    0.00000000    1.84093677
CL      -0.01251077    0.00000000   -0.56734597
     3

O      -0.01251925    0.00000000    1.12453850
H       0.63297304    0.00000000    1.84055024
CL      -0.01251925    0.00000000   -0.56733833
     3

O      -0.01252773    0.00000000    1.12454615
H       0.63340183    0.00000000    1.84016345
CL      -0.01252773    0.00000000   -0.56733068
     3

O      -0.01253621    0.00000000    1.12455380
H       0.63383037    0.00000000    1.83977639
CL      -0.01253621    0.00000000   -0.56732302
     3

O      -0.01254468    0.00000000    1.12456146
H       0.63425869    0.00000000    1.83938908
CL      -0.01254468    0.00000000   -0.56731536
     3

O      -0.01255315    0.00000000    1.12456913
H       0.63468676    0.00000000    1.83900150
CL      -0.01255315    0.00000000   -0.56730770
     3

O      -0.01256161    0.00000000    1.12457680
H       0.63511460    0.00000000    1.83861366
CL      -0.01256161    0.00000000   -0.56730003
     3

O      -0.01257007    0.00000000    1.12458448
H       0.63554220    0.00000000    1.83822556
CL      -0.01257007    0.00000000   -0.56729235
     3

O      -0.01257852    0.00000000    1.12459216
H       0.63596957    0.00000000    1.83783720
CL      -0.01257852    0.00000000   -0.56728467
     3

O      -0.01258697    0.00000000    1.12459984
H       0.63639670    0.00000000    1.83744858
CL      -0.01258697    0.00000000   -0.56727698
     3

O      -0.01259541    0.00000000    1.12460753
H       0.63682359    0.00000000    1.83705969
CL      -0.01259541    0.00000000   -0.56726929
     3

O      -0.01260385    0.00000000    1.12461523
H       0.63725024    0.00000000    1.83667055
CL      -0.01260385    0.00000000   -0.56726159
     3

O      -0.01261228    0.00000000    1.12462293
H       0.63767665    0.00000000    1.83628115
CL      -0.01261228    0.00000000   -0.56725389
     3

O      -0.01262071    0.00000000    1.12463064
H       0.63810283    0.00000000    1.83589148
CL      -0.01262071    0.00000000   -0.56724619
     3

O      -0.01262914    0.00000000    1.12463835
H       0.63852877    0.00000000    1.83550156
CL      -0.01262914    0.00000000   -0.56723847
     3

O      -0.01263756    0.00000000    1.12464607
H       0.63895447    0.00000000    1.83511137
CL      -0.01263756    0.00000000   -0.56723076
     3

O      -0.01264597    0.00000000    1.12465379
H       0.63937993    0.00000000    1.83472093
CL      -0.01264597    0.00000000   -0.56722303
     3

O      -0.01265438    0.00000000    1.12466152
H       0.63980516    0.00000000    1.83433022
CL      -0.01265438    0.00000000   -0.56721531
     3

O      -0.01266279    0.00000000    1.12466925
H       0.64023014    0.00000000    1.83393926
CL      -0.01266279    0.00000000   -0.56720757
     3

O      -0.01267119    0.00000000    1.12467699
H       0.64065489    0.00000000    1.83354803
CL      -0.01267119    0.00000000   -0.56719984
     3

O      -0.01267958    0.00000000    1.12468473
H       0.64107939    0.00000000    1.83315655
CL      -0.01267958    0.00000000   -0.56719209
     3

O      -0.01268797    0.00000000    1.12469248
H       0.64150366    0.00000000    1.83276481
CL      -0.01268797    0.00000000   -0.56718435
     3

O      -0.01269636    0.00000000    1.12470023
H       0.64192769    0.00000000    1.83237280
CL      -0.01269636    0.00000000   -0.56717659
     3

O      -0.01270474    0.00000000    1.12470799
H       0.64235148    0.00000000    1.83198054
CL      -0.01270474    0.00000000   -0.56716883
     3

O      -0.01271312    0.00000000    1.12471576
H       0.64277503    0.00000000    1.83158802
CL      -0.01271312    0.00000000   -0.56716107
     3

O      -0.01272149    0.00000000    1.12472352
H       0.64319833    0.00000000    1.83119525
CL      -0.01272149    0.00000000   -0.56715330
     3

O      -0.01272986    0.00000000    1.12473130
H       0.64362140    0.00000000    1.83080221
CL      -0.01272986    0.00000000   -0.56714553
     3

O      -0.01273822    0.00000000    1.12473908
H       0.64404423    0.00000000    1.83040891
CL      -0.01273822    0.00000000   -0.56713775
     3

O      -0.01274658    0.00000000    1.12474686
H       0.64446682    0.00000000    1.83001536
CL      -0.01274658    0.00000000   -0.56712997
     3

O      -0.01275493    0.00000000    1.12475465
H       0.64488917    0.00000000    1.82962155
CL      -0.01275493    0.00000000   -0.56712218
     3

O      -0.01276328    0.00000000    1.12476244
H       0.64531128    0.00000000    1.82922748
CL      -0.01276328    0.00000000   -0.56711438
     3

O      -0.01277163    0.00000000    1.12477024
H       0.64573314    0.00000000    1.82883315
CL      -0.01277163    0.00000000   -0.56710658
     3

O      -0.01277997    0.00000000    1.12477805
H       0.64615477    0.00000000    1.82843857
CL      -0.01277997    0.00000000   -0.56709878
     3

O      -0.01278830    0.00000000    1.12478586
H       0.64657615    0.00000000    1.82804373
CL      -0.01278830    0.00000000   -0.56709097
     3

O      -0.01279663    0.00000000    1.12479367
H       0.64699730    0.00000000    1.82764863
CL      -0.01279663    0.00000000   -0.56708315
     3

O      -0.01280496    0.00000000    1.12480149
H       0.64741820    0.00000000    1.82725327
CL      -0.01280496    0.00000000   -0.56707534
     3

O      -0.01281328    0.00000000    1.12480932
H       0.64783886    0.00000000    1.82685766
CL      -0.01281328    0.00000000   -0.56706751
     3

O      -0.01282159    0.00000000    1.12481715
H       0.64825928    0.00000000    1.82646179
CL      -0.01282159    0.00000000   -0.56705968
     3

O      -0.01282990    0.00000000    1.12482498
H       0.64867945    0.00000000    1.82606566
CL      -0.01282990    0.00000000   -0.56705185
     3

O      -0.01283821    0.00000000    1.12483282
H       0.64909939    0.00000000    1.82566927
CL      -0.01283821    0.00000000   -0.56704401
     3

O      -0.01284651    0.00000000    1.12484067
H       0.64951908    0.00000000    1.82527263
CL      -0.01284651    0.00000000   -0.56703616
     3

O      -0.01285480    0.00000000    1.12484852
H       0.64993853    0.00000000    1.82487574
CL      -0.01285480    0.00000000   -0.56702831
     3

O      -0.01286309    0.00000000    1.12485637
H       0.65035774    0.00000000    1.82447858
CL      -0.01286309    0.00000000   -0.56702046
     3

O      -0.01287138    0.00000000    1.12486423
H       0.65077670    0.00000000    1.82408118
CL      -0.01287138    0.00000000   -0.56701260
     3

O      -0.01287966    0.00000000    1.12487210
H       0.65119542    0.00000000    1.82368351
CL      -0.01287966    0.00000000   -0.56700473
     3

O      -0.01288794    0.00000000    1.12487997
H       0.65161390    0.00000000    1.82328559
CL      -0.01288794    0.00000000   -0.56699686
     3

O      -0.01289621    0.00000000    1.12488784
H       0.65203214    0.00000000    1.82288741
CL      -0.01289621    0.00000000   -0.56698899
     3

O      -0.01290448    0.00000000    1.12489572
H       0.65245013    0.00000000    1.82248898
CL      -0.01290448    0.00000000   -0.56698110
     3

O      -0.01291274    0.00000000    1.12490361
H       0.65286788    0.00000000    1.82209030
CL      -0.01291274    0.00000000   -0.56697322
     3

O      -0.01292100    0.00000000    1.12491150
H       0.65328538    0.00000000    1.82169135
CL      -0.01292100    0.00000000   -0.56696533
     3

O      -0.01292925    0.00000000    1.12491939
H       0.65370264    0.00000000    1.82129216
CL      -0.01292925    0.00000000   -0.56695743
     3

O      -0.01293750    0.00000000    1.12492729
H       0.65411966    0.00000000    1.82089271
CL      -0.01293750    0.00000000   -0.56694953
     3

O      -0.01294574    0.00000000    1.12493520
H       0.65453644    0.00000000    1.82049300
CL      -0.01294574    0.00000000   -0.56694163
     3

O      -0.01295398    0.00000000    1.12494311
H       0.65495296    0.00000000    1.82009304
CL      -0.01295398    0.00000000   -0.56693372
     3

O      -0.01296221    0.00000000    1.12495103
H       0.65536925    0.00000000    1.81969282
CL      -0.01296221    0.00000000   -0.56692580
     3

O      -0.01297044    0.00000000    1.12495895
H       0.65578529    0.00000000    1.81929235
CL      -0.01297044    0.00000000   -0.56691788
     3

O      -0.01297867    0.00000000    1.12496687
H       0.65620109    0.00000000    1.81889163
CL      -0.01297867    0.00000000   -0.56690995
     3

O      -0.01298689    0.00000000    1.12497480
H       0.65661664    0.00000000    1.81849065
CL      -0.01298689    0.00000000   -0.56690202
     3

O      -0.01299510    0.00000000    1.12498274
H       0.65703194    0.00000000    1.81808942
CL      -0.01299510    0.00000000   -0.56689409
     3

O      -0.01300331    0.00000000    1.12499068
H       0.65744700    0.00000000    1.81768794
CL      -0.01300331    0.00000000   -0.56688615
     3

O      -0.01301151    0.00000000    1.12499862
H       0.65786182    0.00000000    1.81728620
CL      -0.01301151    0.00000000   -0.56687820
     3

O      -0.01301971    0.00000000    1.12500658
H       0.65827639    0.00000000    1.81688421
CL      -0.01301971    0.00000000   -0.56687025
     3

O      -0.01302791    0.00000000    1.12501453
H       0.65869071    0.00000000    1.81648196
CL      -0.01302791    0.00000000   -0.56686230
     3

O      -0.01303610    0.00000000    1.12502249
H       0.65910479    0.00000000    1.81607946
CL      -0.01303610    0.00000000   -0.56685433
     3

O      -0.01304428    0.00000000    1.12503046
H       0.65951862    0.00000000    1.81567671
CL      -0.01304428    0.00000000   -0.56684637
     3

O      -0.01305246    0.00000000    1.12503843
H       0.65993221    0.00000000    1.81527371
CL      -0.01305246    0.00000000   -0.56683840
     3

O      -0.01306064    0.00000000    1.12504640
H       0.66034555    0.00000000    1.81487046
CL      -0.01306064    0.00000000   -0.56683042
     3

O      -0.01306881    0.00000000    1.12505439
H       0.66075864    0.00000000    1.81446695
CL      -0.01306881    0.00000000   -0.56682244
     3

O      -0.01307697    0.00000000    1.12506237
H       0.66117149    0.00000000    1.81406319
CL      -0.01307697    0.00000000   -0.56681446
     3

O      -0.01308514    0.00000000    1.12507036
H       0.66158409    0.00000000    1.81365917
CL      -0.01308514    0.00000000   -0.56680646
     3

O      -0.01309329    0.00000000    1.12507836
H       0.66199644    0.00000000    1.81325491
CL      -0.01309329    0.00000000   -0.56679847
     3

O      -0.01310144    0.00000000    1.12508636
H       0.66240855    0.00000000    1.81285039
CL      -0.01310144    0.00000000   -0.56679047
     3

O      -0.01310959    0.00000000    1.12509436
H       0.66282041    0.00000000    1.81244562
CL      -0.01310959    0.00000000   -0.56678246
     3

O      -0.01311773    0.00000000    1.12510237
H       0.66323202    0.00000000    1.81204060
CL      -0.01311773    0.00000000   -0.56677445
     3

O      -0.01312586    0.00000000    1.12511039
H       0.66364338    0.00000000    1.81163533
CL      -0.01312586    0.00000000   -0.56676644
     3

O      -0.01313400    0.00000000    1.12511841
H       0.66405450    0.00000000    1.81122981
CL      -0.01313400    0.00000000   -0.56675842
     3

O      -0.01314212    0.00000000    1.12512644
H       0.66446537    0.00000000    1.81082404
CL      -0.01314212    0.00000000   -0.56675039
     3

O      -0.01315024    0.00000000    1.12513447
H       0.66487599    0.00000000    1.81041801
CL      -0.01315024    0.00000000   -0.56674236
     3

O      -0.01315836    0.00000000    1.12514250
H       0.66528636    0.00000000    1.81001174
CL      -0.01315836    0.00000000   -0.56673432
     3

O      -0.01316647    0.00000000    1.12515054
H       0.66569649    0.00000000    1.80960521
CL      -0.01316647    0.00000000   -0.56672628
     3

O      -0.01317458    0.00000000    1.12515859
H       0.66610636    0.00000000    1.80919844
CL      -0.01317458    0.00000000   -0.56671824
     3

O      -0.01318268    0.00000000    1.12516664
H       0.66651599    0.00000000    1.80879141
CL      -0.01318268    0.00000000   -0.56671019
     3

O      -0.01319078    0.00000000    1.12517469
H       0.66692537    0.00000000    1.80838413
CL      -0.01319078    0.00000000   -0.56670213
     3

O      -0.01319887    0.00000000    1.12518275
H       0.66733450    0.00000000    1.80797661
CL      -0.01319887    0.00000000   -0.56669407
     3

O      -0.01320696    0.00000000    1.12519082
H       0.66774338    0.00000000    1.80756883
CL      -0.01320696    0.00000000   -0.56668601
     3

O      -0.01321504    0.00000000    1.12519889
H       0.66815201    0.00000000    1.80716081
CL      -0.01321504    0.00000000   -0.56667794
     3

O      -0.01322312    0.00000000    1.12520696
H       0.66856039    0.00000000    1.80675253
CL      -0.01322312    0.00000000   -0.56666986
     3

O      -0.01323119    0.00000000    1.12521504
H       0.66896853    0.00000000    1.80634400
CL      -0.01323119    0.00000000   -0.56666178
     3

O      -0.01323926    0.00000000    1.12522313
H       0.66937641    0.00000000    1.80593523
CL      -0.01323926    0.00000000   -0.56665370
     3

O      -0.01324732    0.00000000    1.12523122
H       0.66978404    0.00000000    1.80552621
CL      -0.01324732    0.00000000   -0.56664561
     3

O      -0.01325538    0.00000000    1.12523931
H       0.67019143    0.00000000    1.80511693
CL      -0.01325538    0.00000000   -0.56663751
     3

O      -0.01326343    0.00000000    1.12524741
H       0.67059856    0.00000000    1.80470741
CL      -0.01326343    0.00000000   -0.56662941
     3

O      -0.01327148    0.00000000    1.12525552
H       0.67100545    0.00000000    1.80429764
CL      -0.01327148    0.00000000   -0.56662131
     3

O      -0.01327952    0.00000000    1.12526363
H       0.67141208    0.00000000    1.80388763
CL      -0.01327952    0.00000000   -0.56661320
     3

O      -0.01328756    0.00000000    1.12527174
H       0.67181846    0.00000000    1.80347736
CL      -0.01328756    0.00000000   -0.56660508
     3

O      -0.01329559    0.00000000    1.12527986
H       0.67222459    0.00000000    1.80306685
CL      -0.01329559    0.00000000   -0.56659696
     3

O      -0.01330362    0.00000000    1.12528799
H       0.67263047    0.00000000    1.80265608
CL      -0.01330362    0.00000000   -0.56658884
     3

O      -0.01331164    0.00000000    1.12529612
H       0.67303610    0.00000000    1.80224507
CL      -0.01331164    0.00000000   -0.56658071
     3

O      -0.01331966    0.00000000    1.12530425
H       0.67344148    0.00000000    1.80183381
CL      -0.01331966    0.00000000   -0.56657258
     3

O      -0.01332767    0.00000000    1.12531239
H       0.67384661    0.00000000    1.80142231
CL      -0.01332767    0.00000000   -0.56656444
     3

O      -0.01333568    0.00000000    1.12532053
H       0.67425149    0.00000000    1.80101055
CL      -0.01333568    0.00000000   -0.56655629
     3

O      -0.01334368    0.00000000    1.12532868
H       0.67465611    0.00000000    1.80059855
CL      -0.01334368    0.00000000   -0.56654815
     3

O      -0.01335168    0.00000000    1.12533683
H       0.67506048    0.00000000    1.80018631
CL      -0.01335168    0.00000000   -0.56653999
     3

O      -0.01335967    0.00000000    1.12534499
H       0.67546460    0.00000000    1.79977381
CL      -0.01335967    0.00000000   -0.56653183
     3

O      -0.01336766    0.00000000    1.12535316
H       0.67586847    0.00000000    1.79936107
CL      -0.01336766    0.00000000   -0.56652367
     3

O      -0.01337564    0.00000000    1.12536133
H       0.67627209    0.00000000    1.79894808
CL      -0.01337564    0.00000000   -0.56651550
     3

O      -0.01338362    0.00000000    1.12536950
H       0.67667545    0.00000000    1.79853485
CL      -0.01338362    0.00000000   -0.56650733
     3

O      -0.01339159    0.00000000    1.12537768
H       0.67707856    0.00000000    1.79812137
CL      -0.01339159    0.00000000   -0.56649915
     3

O      -0.01339956    0.00000000    1.12538586
H       0.67748142    0.00000000    1.79770764
CL      -0.01339956    0.00000000   -0.56649097
     3

O      -0.01340752    0.00000000    1.12539405
H       0.67788403    0.00000000    1.79729367
CL      -0.01340752    0.00000000   -0.56648278
     3

O      -0.01341548    0.00000000    1.12540224
H       0.67828638    0.00000000    1.79687945
CL      -0.01341548    0.00000000   -0.56647459
     3

O      -0.01342343    0.00000000    1.12541044
H       0.67868848    0.00000000    1.79646499
CL      -0.01342343    0.00000000   -0.56646639
     3

O      -0.01343138    0.00000000    1.12541864
H       0.67909033    0.00000000    1.79605028
CL      -0.01343138    0.00000000   -0.56645819
     3

O      -0.01343933    0.00000000    1.12542685
H       0.67949192    0.00000000    1.79563532
CL      -0.01343933    0.00000000   -0.56644998
     3

O      -0.01344726    0.00000000    1.12543506
H       0.67989326    0.00000000    1.79522012
CL      -0.01344726    0.00000000   -0.56644177
     3

O      -0.01345520    0.00000000    1.12544328
H       0.68029435    0.00000000    1.79480467
CL      -0.01345520    0.00000000   -0.56643355
     3

O      -0.01346312    0.00000000    1.12545150
H       0.68069518    0.00000000    1.79438898
CL      -0.01346312    0.00000000   -0.56642533
     3

O      -0.01347105    0.00000000    1.12545972
H       0.68109576    0.00000000    1.79397305
CL      -0.01347105    0.00000000   -0.56641710
     3

O      -0.01347896    0.00000000    1.12546796
H       0.68149608    0.00000000    1.79355687
CL      -0.01347896    0.00000000   -0.56640887
     3

O      -0.01348688    0.00000000    1.12547619
H       0.68189615    0.00000000    1.79314044
CL      -0.01348688    0.00000000   -0.56640064
     3

O      -0.01349478    0.00000000    1.12548443
H       0.68229597    0.00000000    1.79272378
CL      -0.01349478    0.00000000   -0.56639239
     3

O      -0.01350269    0.00000000    1.12549268
H       0.68269553    0.00000000    1.79230686
CL      -0.01350269    0.00000000   -0.56638415
     3

O      -0.01351059    0.00000000    1.12550093
H       0.68309483    0.00000000    1.79188971
CL      -0.01351059    0.00000000   -0.56637590
     3

O      -0.01351848    0.00000000    1.12550918
H       0.68349389    0.00000000    1.79147230
CL      -0.01351848    0.00000000   -0.56636764
     3

O      -0.01352637    0.00000000    1.12551745
H       0.68389268    0.00000000    1.79105466
CL      -0.01352637    0.00000000   -0.56635938
     3

O      -0.01353425    0.00000000    1.12552571
H       0.68429122    0.00000000    1.79063677
CL      -0.01353425    0.00000000   -0.56635112
     3

O      -0.01354213    0.00000000    1.12553398
H       0.68468951    0.00000000    1.79021864
CL      -0.01354213    0.00000000   -0.56634285
     3

O      -0.01355000    0.00000000    1.12554226
H       0.68508754    0.00000000    1.78980027
CL      -0.01355000    0.00000000   -0.56633457
     3

O      -0.01355787    0.00000000    1.12555053
H       0.68548531    0.00000000    1.78938165
CL      -0.01355787    0.00000000   -0.56632629
     3

O      -0.01356573    0.00000000    1.12555882
H       0.68588283    0.00000000    1.78896279
CL      -0.01356573    0.00000000   -0.56631801
     3

O      -0.01357358    0.00000000    1.12556711
H       0.68628009    0.00000000    1.78854368
CL      -0.01357358    0.00000000   -0.56630972
     3

O      -0.01358144    0.00000000    1.12557540
H       0.68667710    0.00000000    1.78812434
CL      -0.01358144    0.00000000   -0.56630142
     3

O      -0.01358928    0.00000000    1.12558370
H       0.68707385    0.00000000    1.78770475
CL      -0.01358928    0.00000000   -0.56629313
     3

O      -0.01359713    0.00000000    1.12559200
H       0.68747034    0.00000000    1.78728492
CL      -0.01359713    0.00000000   -0.56628482
     3

O      -0.01360496    0.00000000    1.12560031
H       0.68786658    0.00000000    1.78686485
CL      -0.01360496    0.00000000   -0.56627651
     3

O      -0.01361280    0.00000000    1.12560863
H       0.68826256    0.00000000    1.78644453
CL      -0.01361280    0.00000000   -0.56626820
     3

O      -0.01362062    0.00000000    1.12561694
H       0.68865829    0.00000000    1.78602398
CL      -0.01362062    0.00000000   -0.56625988
     3

O      -0.01362844    0.00000000    1.12562527
H       0.68905375    0.00000000    1.78560318
CL      -0.01362844    0.00000000   -0.56625156
     3

O      -0.01363626    0.00000000    1.12563359
H       0.68944896    0.00000000    1.78518214
CL      -0.01363626    0.00000000   -0.56624323
     3

O      -0.01364407    0.00000000    1.12564193
H       0.68984392    0.00000000    1.78476086
CL      -0.01364407    0.00000000   -0.56623490
     3

O      -0.01365188    0.00000000    1.12565026
H       0.69023861    0.00000000    1.78433933
CL      -0.01365188    0.00000000   -0.56622656
     3

O      -0.01365968    0.00000000    1.12565861
H       0.69063305    0.00000000    1.78391757
CL      -0.01365968    0.00000000   -0.56621822
     3

O      -0.01366748    0.00000000    1.12566695
H       0.69102723    0.00000000    1.78349557
CL      -0.01366748    0.00000000   -0.56620987
     3

O      -0.01367527    0.00000000    1.12567530
H       0.69142115    0.00000000    1.78307332
CL      -0.01367527    0.00000000   -0.56620152
     3

O      -0.01368305    0.00000000    1.12568366
H       0.69181481    0.00000000    1.78265084
CL      -0.01368305    0.00000000   -0.56619317
     3

O      -0.01369083    0.00000000    1.12569202
H       0.69220822    0.00000000    1.78222811
CL      -0.01369083    0.00000000   -0.56618481
     3

O      -0.01369861    0.00000000    1.12570039
H       0.69260137    0.00000000    1.78180514
CL      -0.01369861    0.00000000   -0.56617644
     3

O      -0.01370638    0.00000000    1.12570876
H       0.69299426    0.00000000    1.78138194
CL      -0.01370638    0.00000000   -0.56616807
     3

O      -0.01371415    0.00000000    1.12571713
H       0.69338689    0.00000000    1.78095849
CL      -0.01371415    0.00000000   -0.56615969
     3

O      -0.01372191    0.00000000    1.12572551
H       0.69377926    0.00000000    1.78053481
CL      -0.01372191    0.00000000   -0.56615131
     3

O      -0.01372966    0.00000000    1.12573390
H       0.69417137    0.00000000    1.78011088
CL      -0.01372966    0.00000000   -0.56614293
     3

O      -0.01373741    0.00000000    1.12574229
H       0.69456323    0.00000000    1.77968672
CL      -0.01373741    0.00000000   -0.56613454
     3

O      -0.01374516    0.00000000    1.12575068
H       0.69495482    0.00000000    1.77926231
CL      -0.01374516    0.00000000   -0.56612615
     3

O      -0.01375290    0.00000000    1.12575908
H       0.69534616    0.00000000    1.77883767
CL      -0.01375290    0.00000000   -0.56611775
     3

O      -0.01376063    0.00000000    1.12576748
H       0.69573723    0.00000000    1.77841279
CL      -0.01376063    0.00000000   -0.56610934
     3

O      -0.01376836    0.00000000    1.12577589
H       0.69612805    0.00000000    1.77798767
CL      -0.01376836    0.00000000   -0.56610094
     3

O      -0.01377609    0.00000000    1.12578430
H       0.69651860    0.00000000    1.77756231
CL      -0.01377609    0.00000000   -0.56609252
     3

O      -0.01378381    0.00000000    1.12579272
H       0.69690890    0.00000000    1.77713671
CL      -0.01378381    0.00000000   -0.56608411
     3

O      -0.01379152    0.00000000    1.12580114
H       0.69729894    0.00000000    1.77671087
CL      -0.01379152    0.00000000   -0.56607568
     3

O      -0.01379923    0.00000000    1.12580957
H       0.69768871    0.00000000    1.77628480
CL      -0.01379923    0.00000000   -0.56606726
     3

O      -0.01380693    0.00000000    1.12581800
H       0.69807823    0.00000000    1.77585848
CL      -0.01380693    0.00000000   -0.56605882
     3

O      -0.01381463    0.00000000    1.12582644
H       0.69846748    0.00000000    1.77543193
CL      -0.01381463    0.00000000   -0.56605039
     3

O      -0.01382233    0.00000000    1.12583488
H       0.69885648    0.00000000    1.77500514
CL      -0.01382233    0.00000000   -0.56604195
     3

O      -0.01383002    0.00000000    1.12584333
H       0.69924521    0.00000000    1.77457812
CL      -0.01383002    0.00000000   -0.56603350
     3

O      -0.01383770    0.00000000    1.12585178
H       0.69963369    0.00000000    1.77415086
CL      -0.01383770    0.00000000   -0.56602505
     3

O      -0.01384538    0.00000000    1.12586023
H       0.70002190    0.00000000    1.77372336
CL      -0.01384538    0.00000000   -0.56601659
     3

O      -0.01385305    0.00000000    1.12586869
H       0.70040985    0.00000000    1.77329562
CL      -0.01385305    0.00000000   -0.56600813
     3

O      -0.01386072    0.00000000    1.12587716
H       0.70079754    0.00000000    1.77286764
CL      -0.01386072    0.00000000   -0.56599967
     3

O      -0.01386838    0.00000000    1.12588563
H       0.70118497    0.00000000    1.77243943
CL      -0.01386838    0.00000000   -0.56599120
     3

O      -0.01387604    0.00000000    1.12589410
H       0.70157213    0.00000000    1.77201098
CL      -0.01387604    0.00000000   -0.56598273
     3

O      -0.01388369    0.00000000    1.12590258
H       0.70195904    0.00000000    1.77158230
CL      -0.01388369    0.00000000   -0.56597425
     3

O      -0.01389134    0.00000000    1.12591106
H       0.70234568    0.00000000    1.77115338
CL      -0.01389134    0.00000000   -0.56596576
     3

O      -0.01389898    0.00000000    1.12591955
H       0.70273206    0.00000000    1.77072422
CL      -0.01389898    0.00000000   -0.56595728
     3

O      -0.01390662    0.00000000    1.12592804
H       0.70311818    0.00000000    1.77029483
CL      -0.01390662    0.00000000   -0.56594878
     3

O      -0.01391425    0.00000000    1.12593654
H       0.70350403    0.00000000    1.76986520
CL      -0.01391425    0.00000000   -0.56594029
     3

O      -0.01392187    0.00000000    1.12594504
H       0.70388963    0.00000000    1.76943534
CL      -0.01392187    0.00000000   -0.56593178
     3

O      -0.01392950    0.00000000    1.12595355
H       0.70427496    0.00000000    1.76900524
CL      -0.01392950    0.00000000   -0.56592328
     3

O      -0.01393711    0.00000000    1.12596206
H       0.70466003    0.00000000    1.76857490
CL      -0.01393711    0.00000000   -0.56591477
     3

O      -0.01394472    0.00000000    1.12597058
H       0.70504483    0.00000000    1.76814433
CL      -0.01394472    0.00000000   -0.56590625
     3

O      -0.01395233    0.00000000    1.12597910
H       0.70542937    0.00000000    1.76771353
CL      -0.01395233    0.00000000   -0.56589773
     3

O      -0.01395993    0.00000000    1.12598762
H       0.70581365    0.00000000    1.76728249
CL      -0.01395993    0.00000000   -0.56588920
     3

O      -0.01396752    0.00000000    1.12599615
H       0.70619767    0.00000000    1.76685122
CL      -0.01396752    0.00000000   -0.56588067
     3

O      -0.01397511    0.00000000    1.12600469
H       0.70658142    0.00000000    1.76641971
CL      -0.01397511    0.00000000   -0.56587214
     3

O      -0.01398270    0.00000000    1.12601323
H       0.70696491    0.00000000    1.76598796
CL      -0.01398270    0.00000000   -0.56586360
     3

O      -0.01399028    0.00000000    1.12602177
H       0.70734813    0.00000000    1.76555599
CL      -0.01399028    0.00000000   -0.56585506
     3

O      -0.01399785    0.00000000    1.12603032
H       0.70773109    0.00000000    1.76512377
CL      -0.01399785    0.00000000   -0.56584651
     3

O      -0.01400542    0.00000000    1.12603887
H       0.70811379    0.00000000    1.76469133
CL      -0.01400542    0.00000000   -0.56583795
     3

O      -0.01401299    0.00000000    1.12604743
H       0.70849622    0.00000000    1.76425865
CL      -0.01401299    0.00000000   -0.56582940
     3

O      -0.01402054    0.00000000    1.12605599
H       0.70887839    0.00000000    1.76382574
CL      -0.01402054    0.00000000   -0.56582083
     3

O      -0.01402810    0.00000000    1.12606456
H       0.70926029    0.00000000    1.76339259
CL      -0.01402810    0.00000000   -0.56581227
     3

O      -0.01403565    0.00000000    1.12607313
H       0.70964193    0.00000000    1.76295921
CL      -0.01403565    0.00000000   -0.56580370
     3

O      -0.01404319    0.00000000    1.12608171
H       0.71002330    0.00000000    1.76252560
CL      -0.01404319    0.00000000   -0.56579512
     3

O      -0.01405073    0.00000000    1.12609029
H       0.71040441    0.00000000    1.76209176
CL      -0.01405073    0.00000000   -0.56578654
     3

O      -0.01405826    0.00000000    1.12609887
H       0.71078525    0.00000000    1.76165768
CL      -0.01405826    0.00000000   -0.56577795
     3

O      -0.01406579    0.00000000    1.12610746
H       0.71116583    0.00000000    1.76122337
CL      -0.01406579    0.00000000   -0.56576936
     3

O      -0.01407331    0.00000000    1.12611606
H       0.71154614    0.00000000    1.76078883
CL      -0.01407331    0.00000000   -0.56576077
     3

O      -0.01408083    0.00000000    1.12612466
H       0.71192619    0.00000000    1.76035405
CL      -0.01408083    0.00000000   -0.56575217
     3

O      -0.01408834    0.00000000    1.12613326
H       0.71230597    0.00000000    1.75991904
CL      -0.01408834    0.00000000   -0.56574357
     3

O      -0.01409584    0.00000000    1.12614187
H       0.71268549    0.00000000    1.75948380
CL      -0.01409584    0.00000000   -0.56573496
     3

O      -0.01410334    0.00000000    1.12615048
H       0.71306474    0.00000000    1.75904833
CL      -0.01410334    0.00000000   -0.56572634
     3

O      -0.01411084    0.00000000    1.12615910
H       0.71344372    0.00000000    1.75861263
CL      -0.01411084    0.00000000   -0.56571773
     3

O      -0.01411833    0.00000000    1.12616772
H       0.71382244    0.00000000    1.75817670
CL      -0.01411833    0.00000000   -0.56570911
     3

O      -0.01412582    0.00000000    1.12617635
H       0.71420089    0.00000000    1.75774053
CL      -0.01412582    0.00000000   -0.56570048
     3

O      -0.01413330    0.00000000    1.12618498
H       0.71457908    0.00000000    1.75730414
CL      -0.01413330    0.00000000   -0.56569185
     3

O      -0.01414077    0.00000000    1.12619362
H       0.71495699    0.00000000    1.75686751
CL      -0.01414077    0.00000000   -0.56568321
     3

O      -0.01414824    0.00000000    1.12620226
H       0.71533465    0.00000000    1.75643065
CL      -0.01414824    0.00000000   -0.56567457
     3

O      -0.01415570    0.00000000    1.12621090
H       0.71571203    0.00000000    1.75599356
CL      -0.01415570    0.00000000   -0.56566593
     3

O      -0.01416316    0.00000000    1.12621955
H       0.71608915    0.00000000    1.75555625
CL      -0.01416316    0.00000000   -0.56565728
     3

O      -0.01417062    0.00000000    1.12622820
H       0.71646600    0.00000000    1.75511870
CL      -0.01417062    0.00000000   -0.56564862
     3

O      -0.01417806    0.00000000    1.12623686
H       0.71684258    0.00000000    1.75468092
CL      -0.01417806    0.00000000   -0.56563996
     3

O      -0.01418551    0.00000000    1.12624553
H       0.71721890    0.00000000    1.75424291
CL      -0.01418551    0.00000000   -0.56563130
     3

O      -0.01419295    0.00000000    1.12625419
H       0.71759494    0.00000000    1.75380467
CL      -0.01419295    0.00000000   -0.56562263
     3

O      -0.01420038    0.00000000    1.12626287
H       0.71797072    0.00000000    1.75336620
CL      -0.01420038    0.00000000   -0.56561396
     3

O      -0.01420780    0.00000000    1.12627154
H       0.71834623    0.00000000    1.75292750
CL      -0.01420780    0.00000000   -0.56560528
     3

O      -0.01421523    0.00000000    1.12628022
H       0.71872148    0.00000000    1.75248857
CL      -0.01421523    0.00000000   -0.56559660
     3

O      -0.01422264    0.00000000    1.12628891
H       0.71909645    0.00000000    1.75204942
CL      -0.01422264    0.00000000   -0.56558792
     3

O      -0.01423005    0.00000000    1.12629760
H       0.71947116    0.00000000    1.75161003
CL      -0.01423005    0.00000000   -0.56557923
     3

O      -0.01423746    0.00000000    1.12630630
H       0.71984560    0.00000000    1.75117042
CL      -0.01423746    0.00000000   -0.56557053
     3

O      -0.01424486    0.00000000    1.12631499
H       0.72021977    0.00000000    1.75073058
CL      -0.01424486    0.00000000   -0.56556183
     3

O      -0.01425226    0.00000000    1.12632370
H       0.72059367    0.00000000    1.75029050
CL      -0.01425226    0.00000000   -0.56555313
     3

O      -0.01425965    0.00000000    1.12633241
H       0.72096730    0.00000000    1.74985020
CL      -0.01425965    0.00000000   -0.56554442
     3

O      -0.01426703    0.00000000    1.12634112
H       0.72134067    0.00000000    1.74940968
CL      -0.01426703    0.00000000   -0.56553571
     3

O      -0.01427441    0.00000000    1.12634984
H       0.72171376    0.00000000    1.74896892
CL      -0.01427441    0.00000000   -0.56552699
     3

O      -0.01428178    0.00000000    1.12635856
H       0.72208659    0.00000000    1.74852794
CL      -0.01428178    0.00000000   -0.56551827
     3

O      -0.01428915    0.00000000    1.12636729
H       0.72245914    0.00000000    1.74808673
CL      -0.01428915    0.00000000   -0.56550954
     3

O      -0.01429652    0.00000000    1.12637602
H       0.72283143    0.00000000    1.74764529
CL      -0.01429652    0.00000000   -0.56550081
     3

O      -0.01430387    0.00000000    1.12638475
H       0.72320345    0.00000000    1.74720362
CL      -0.01430387    0.00000000   -0.56549207
     3

O      -0.01431123    0.00000000    1.12639349
H       0.72357519    0.00000000    1.74676173
CL      -0.01431123    0.00000000   -0.56548333
     3

O      -0.01431857    0.00000000    1.12640224
H       0.72394667    0.00000000    1.74631961
CL      -0.01431857    0.00000000   -0.56547459
     3

O      -0.01432591    0.00000000    1.12641099
H       0.72431787    0.00000000    1.74587726
CL      -0.01432591    0.00000000   -0.56546584
     3

O      -0.01433325    0.00000000    1.12641974
H       0.72468881    0.00000000    1.74543469
CL      -0.01433325    0.00000000   -0.56545709
     3

O      -0.01434058    0.00000000    1.12642850
H       0.72505948    0.00000000    1.74499188
CL      -0.01434058    0.00000000   -0.56544833
     3

O      -0.01434791    0.00000000    1.12643726
H       0.72542987    0.00000000    1.74454886
CL      -0.01434791    0.00000000   -0.56543957
     3

O      -0.01435523    0.00000000    1.12644603
H       0.72580000    0.00000000    1.74410561
CL      -0.01435523    0.00000000   -0.56543080
     3

O      -0.01436254    0.00000000    1.12645480
H       0.72616985    0.00000000    1.74366213
CL      -0.01436254    0.00000000   -0.56542203
     3

O      -0.01436985    0.00000000    1.12646357
H       0.72653943    0.00000000    1.74321842
CL      -0.01436985    0.00000000   -0.56541325
     3

O      -0.01437716    0.00000000    1.12647235
H       0.72690874    0.00000000    1.74277449
CL      -0.01437716    0.00000000   -0.56540447
     3

O      -0.01438446    0.00000000    1.12648114
H       0.72727778    0.00000000    1.74233033
CL      -0.01438446    0.00000000   -0.56539569
     3

O      -0.01439175    0.00000000    1.12648993
H       0.72764655    0.00000000    1.74188595
CL      -0.01439175    0.00000000   -0.56538690
     3

O      -0.01439904    0.00000000    1.12649872
H       0.72801505    0.00000000    1.74144135
CL      -0.01439904    0.00000000   -0.56537811
     3

O      -0.01440632    0.00000000    1.12650752
H       0.72838328    0.00000000    1.74099652
CL      -0.01440632    0.00000000   -0.56536931
     3

O      -0.01441360    0.00000000    1.12651632
H       0.72875123    0.00000000    1.74055146
CL      -0.01441360    0.00000000   -0.56536050
     3

O      -0.01442087    0.00000000    1.12652513
H       0.72911891    0.00000000    1.74010618
CL      -0.01442087    0.00000000   -0.56535170
     3

O      -0.01442814    0.00000000    1.12653394
H       0.72948632    0.00000000    1.73966067
CL      -0.01442814    0.00000000   -0.56534289
     3

O      -0.01443540    0.00000000    1.12654276
H       0.72985346    0.00000000    1.73921494
CL      -0.01443540    0.00000000   -0.56533407
     3

O      -0.01444266    0.00000000    1.12655158
H       0.73022032    0.00000000    1.73876899
CL      -0.01444266    0.00000000   -0.56532525
     3

O      -0.01444991    0.00000000    1.12656040
H       0.73058692    0.00000000    1.73832281
CL      -0.01444991    0.00000000   -0.56531643
     3

O      -0.01445715    0.00000000    1.12656923
H       0.73095324    0.00000000    1.73787641
CL      -0.01445715    0.00000000   -0.56530760
     3

O      -0.01446439    0.00000000    1.12657806
H       0.73131928    0.00000000    1.73742978
CL      -0.01446439    0.00000000   -0.56529876
     3

O      -0.01447163    0.00000000    1.12658690
H       0.73168506    0.00000000    1.73698293
CL      -0.01447163    0.00000000   -0.56528992
     3

O      -0.01447886    0.00000000    1.12659574
H       0.73205056    0.00000000    1.73653586
CL      -0.01447886    0.00000000   -0.56528108
     3

O      -0.01448608    0.00000000    1.12660459
H       0.73241579    0.00000000    1.73608856
CL      -0.01448608    0.00000000   -0.56527224
     3

O      -0.01449330    0.00000000    1.12661344
H       0.73278074    0.00000000    1.73564105
CL      -0.01449330    0.00000000   -0.56526338
     3

O      -0.01450051    0.00000000    1.12662230
H       0.73314542    0.00000000    1.73519330
CL      -0.01450051    0.00000000   -0.56525453
     3

O      -0.01450772    0.00000000    1.12663116
H       0.73350983    0.00000000    1.73474534
CL      -0.01450772    0.00000000   -0.56524567
     3

O      -0.01451492    0.00000000    1.12664002
H       0.73387397    0.00000000    1.73429715
CL      -0.01451492    0.00000000   -0.56523680
     3

O      -0.01452212    0.00000000    1.12664889
H       0.73423783    0.00000000    1.73384874
CL      -0.01452212    0.00000000   -0.56522793
     3

O      -0.01452931    0.00000000    1.12665777
H       0.73460141    0.00000000    1.73340011
CL      -0.01452931    0.00000000   -0.56521906
     3

O      -0.01453649    0.00000000    1.12666664
H       0.73496473    0.00000000    1.73295126
CL      -0.01453649    0.00000000   -0.56521018
     3

O      -0.01454367    0.00000000    1.12667552
H       0.73532776    0.00000000    1.73250218
CL      -0.01454367    0.00000000   -0.56520130
     3

O      -0.01455085    0.00000000    1.12668441
H       0.73569053    0.00000000    1.73205289
CL      -0.01455085    0.00000000   -0.56519242
     3

O      -0.01455802    0.00000000    1.12669330
H       0.73605302    0.00000000    1.73160337
CL      -0.01455802    0.00000000   -0.56518352
     3

O      -0.01456518    0.00000000    1.12670220
H       0.73641523    0.00000000    1.73115363
CL      -0.01456518    0.00000000   -0.56517463
     3

O      -0.01457234    0.00000000    1.12671110
H       0.73677717    0.00000000    1.73070367
CL      -0.01457234    0.00000000   -0.56516573
     3

O      -0.01457949    0.00000000    1.12672000
H       0.73713883    0.00000000    1.73025348
CL      -0.01457949    0.00000000   -0.56515683
     3

O      -0.01458664    0.00000000    1.12672891
H       0.73750022    0.00000000    1.72980308
CL      -0.01458664    0.00000000   -0.56514792
     3

O      -0.01459378    0.00000000    1.12673782
H       0.73786134    0.00000000    1.72935246
CL      -0.01459378    0.00000000   -0.56513901
     3

O      -0.01460092    0.00000000    1.12674674
H       0.73822218    0.00000000    1.72890161
CL      -0.01460092    0.00000000   -0.56513009
     3

O      -0.01460805    0.00000000    1.12675566
H       0.73858274    0.00000000    1.72845055
CL      -0.01460805    0.00000000   -0.56512117
     3

O      -0.01461518    0.00000000    1.12676459
H       0.73894303    0.00000000    1.72799927
CL      -0.01461518    0.00000000   -0.56511224
     3

O      -0.01462230    0.00000000    1.12677352
H       0.73930304    0.00000000    1.72754776
CL      -0.01462230    0.00000000   -0.56510331
     3

O      -0.01462941    0.00000000    1.12678245
H       0.73966278    0.00000000    1.72709604
CL      -0.01462941    0.00000000   -0.56509438
     3

O      -0.01463652    0.00000000    1.12679139
H       0.74002224    0.00000000    1.72664409
CL      -0.01463652    0.00000000   -0.56508544
     3

O      -0.01464363    0.00000000    1.12680033
H       0.74038142    0.00000000    1.72619193
CL      -0.01464363    0.00000000   -0.56507649
     3

O      -0.01465073    0.00000000    1.12680928
H       0.74074033    0.00000000    1.72573955
CL      -0.01465073    0.00000000   -0.56506755
     3

O      -0.01465782    0.00000000    1.12681823
H       0.74109896    0.00000000    1.72528694
CL      -0.01465782    0.00000000   -0.56505860
     3

O      -0.01466491    0.00000000    1.12682719
H       0.74145732    0.00000000    1.72483412
CL      -0.01466491    0.00000000   -0.56504964
     3

O      -0.01467199    0.00000000    1.12683615
H       0.74181540    0.00000000    1.72438108
CL      -0.01467199    0.00000000   -0.56504068
     3

O      -0.01467907    0.00000000    1.12684511
H       0.74217320    0.00000000    1.72392782
CL      -0.01467907    0.00000000   -0.56503171
     3

O      -0.01468614    0.00000000    1.12685408
H       0.74253072    0.00000000    1.72347435
CL      -0.01468614    0.00000000   -0.56502274
     3

O      -0.01469320    0.00000000    1.12686306
H       0.74288797    0.00000000    1.72302065
CL      -0.01469320    0.00000000   -0.56501377
     3

O      -0.01470026    0.00000000    1.12687203
H       0.74324494    0.00000000    1.72256674
CL      -0.01470026    0.00000000   -0.56500479
     3

O      -0.01470732    0.00000000    1.12688101
H       0.74360163    0.00000000    1.72211261
CL      -0.01470732    0.00000000   -0.56499581
     3

O      -0.01471437    0.00000000    1.12689000
H       0.74395805    0.00000000    1.72165826
CL      -0.01471437    0.00000000   -0.56498683
     3

O      -0.01472141    0.00000000    1.12689899
H       0.74431418    0.00000000    1.72120369
CL      -0.01472141    0.00000000   -0.56497783
     3

O      -0.01472845    0.00000000    1.12690799
H       0.74467004    0.00000000    1.72074891
CL      -0.01472845    0.00000000   -0.56496884
     3

O      -0.01473548    0.00000000    1.12691699
H       0.74502563    0.00000000    1.72029390
CL      -0.01473548    0.00000000   -0.56495984
     3

O      -0.01474251    0.00000000    1.12692599
H       0.74538093    0.00000000    1.71983869
CL      -0.01474251    0.00000000   -0.56495084
     3

O      -0.01474953    0.00000000    1.12693500
H       0.74573596    0.00000000    1.71938325
CL      -0.01474953    0.00000000   -0.56494183
     3

O      -0.01475655    0.00000000    1.12694401
H       0.74609071    0.00000000    1.71892760
CL      -0.01475655    0.00000000   -0.56493282
     3

O      -0.01476356    0.00000000    1.12695303
H       0.74644517    0.00000000    1.71847173
CL      -0.01476356    0.00000000   -0.56492380
     3

O      -0.01477056    0.00000000    1.12696205
H       0.74679937    0.00000000    1.71801564
CL      -0.01477056    0.00000000   -0.56491478
     3

O      -0.01477756    0.00000000    1.12697107
H       0.74715328    0.00000000    1.71755934
CL      -0.01477756    0.00000000   -0.56490575
     3

O      -0.01478456    0.00000000    1.12698010
H       0.74750691    0.00000000    1.71710282
CL      -0.01478456    0.00000000   -0.56489673
     3

O      -0.01479155    0.00000000    1.12698913
H       0.74786027    0.00000000    1.71664609
CL      -0.01479155    0.00000000   -0.56488769
     3

O      -0.01479853    0.00000000    1.12699817
H       0.74821334    0.00000000    1.71618914
CL      -0.01479853    0.00000000   -0.56487865
     3

O      -0.01480551    0.00000000    1.12700721
H       0.74856614    0.00000000    1.71573197
CL      -0.01480551    0.00000000   -0.56486961
     3

O      -0.01481248    0.00000000    1.12701626
H       0.74891865    0.00000000    1.71527459
CL      -0.01481248    0.00000000   -0.56486057
     3

O      -0.01481945    0.00000000    1.12702531
H       0.74927089    0.00000000    1.71481700
CL      -0.01481945    0.00000000   -0.56485152
     3

O      -0.01482641    0.00000000    1.12703437
H       0.74962285    0.00000000    1.71435919
CL      -0.01482641    0.00000000   -0.56484246
     3

O      -0.01483336    0.00000000    1.12704342
H       0.74997453    0.00000000    1.71390116
CL      -0.01483336    0.00000000   -0.56483340
     3

O      -0.01484031    0.00000000    1.12705249
H       0.75032592    0.00000000    1.71344292
CL      -0.01484031    0.00000000   -0.56482434
     3

O      -0.01484726    0.00000000    1.12706156
H       0.75067704    0.00000000    1.71298446
CL      -0.01484726    0.00000000   -0.56481527
     3

O      -0.01485420    0.00000000    1.12707063
H       0.75102788    0.00000000    1.71252579
CL      -0.01485420    0.00000000   -0.56480620
     3

O      -0.01486113    0.00000000    1.12707970
H       0.75137844    0.00000000    1.71206691
CL      -0.01486113    0.00000000   -0.56479712
     3

O      -0.01486806    0.00000000    1.12708878
H       0.75172872    0.00000000    1.71160781
CL      -0.01486806    0.00000000   -0.56478804
     3

O      -0.01487498    0.00000000    1.12709787
H       0.75207871    0.00000000    1.71114850
CL      -0.01487498    0.00000000   -0.56477896
     3

O      -0.01488190    0.00000000    1.12710696
H       0.75242843    0.00000000    1.71068898
CL      -0.01488190    0.00000000   -0.56476987
     3

O      -0.01488881    0.00000000    1.12711605
H       0.75277786    0.00000000    1.71022924
CL      -0.01488881    0.00000000   -0.56476078
     3

O      -0.01489572    0.00000000    1.12712515
H       0.75312702    0.00000000    1.70976928
CL      -0.01489572    0.00000000   -0.56475168
     3

O      -0.01490262    0.00000000    1.12713425
H       0.75347589    0.00000000    1.70930912
CL      -0.01490262    0.00000000   -0.56474258
     3

O      -0.01490951    0.00000000    1.12714335
H       0.75382449    0.00000000    1.70884874
CL      -0.01490951    0.00000000   -0.56473347
     3

O      -0.01491640    0.00000000    1.12715246
H       0.75417280    0.00000000    1.70838815
CL      -0.01491640    0.00000000   -0.56472436
     3

O      -0.01492328    0.00000000    1.12716158
H       0.75452083    0.00000000    1.70792734
CL      -0.01492328    0.00000000   -0.56471525
     3

O      -0.01493016    0.00000000    1.12717070
H       0.75486857    0.00000000    1.70746633
CL      -0.01493016    0.00000000   -0.56470613
     3

O      -0.01493703    0.00000000    1.12717982
H       0.75521604    0.00000000    1.70700510
CL      -0.01493703    0.00000000   -0.56469701
     3

O      -0.01494390    0.00000000    1.12718895
H       0.75556322    0.00000000    1.70654366
CL      -0.01494390    0.00000000   -0.56468788
     3

O      -0.01495076    0.00000000    1.12719808
H       0.75591013    0.00000000    1.70608200
CL      -0.01495076    0.00000000   -0.56467875
     3

O      -0.01495762    0.00000000    1.12720721
H       0.75625675    0.00000000    1.70562014
CL      -0.01495762    0.00000000   -0.56466962
     3

O      -0.01496447    0.00000000    1.12721635
H       0.75660309    0.00000000    1.70515806
CL      -0.01496447    0.00000000   -0.56466048
     3

O      -0.01497131    0.00000000    1.12722549
H       0.75694914    0.00000000    1.70469577
CL      -0.01497131    0.00000000   -0.56465133
     3

O      -0.01497815    0.00000000    1.12723464
H       0.75729492    0.00000000    1.70423327
CL      -0.01497815    0.00000000   -0.56464219
     3

O      -0.01498498    0.00000000    1.12724379
H       0.75764041    0.00000000    1.70377056
CL      -0.01498498    0.00000000   -0.56463303
     3

O      -0.01499181    0.00000000    1.12725295
H       0.75798562    0.00000000    1.70330764
CL      -0.01499181    0.00000000   -0.56462388
     3

O      -0.01499863    0.00000000    1.12726211
H       0.75833054    0.00000000    1.70284451
CL      -0.01499863    0.00000000   -0.56461472
     3

O      -0.01500545    0.00000000    1.12727127
H       0.75867518    0.00000000    1.70238117
CL      -0.01500545    0.00000000   -0.56460555
     3

O      -0.01501226    0.00000000    1.12728044
H       0.75901954    0.00000000    1.70191761
CL      -0.01501226    0.00000000   -0.56459639
     3

O      -0.01501907    0.00000000    1.12728961
H       0.75936362    0.00000000    1.70145385
CL      -0.01501907    0.00000000   -0.56458721
     3

O      -0.01502587    0.00000000    1.12729879
H       0.75970741    0.00000000    1.70098987
CL      -0.01502587    0.00000000   -0.56457804
     3

O      -0.01503266    0.00000000    1.12730797
H       0.76005092    0.00000000    1.70052569
CL      -0.01503266    0.00000000   -0.56456886
     3

O      -0.01503945    0.00000000    1.12731716
H       0.76039415    0.00000000    1.70006130
CL      -0.01503945    0.00000000   -0.56455967
     3

O      -0.01504623    0.00000000    1.12732635
H       0.76073709    0.00000000    1.69959669
CL      -0.01504623    0.00000000   -0.56455048
     3

O      -0.01505301    0.00000000    1.12733554
H       0.76107975    0.00000000    1.69913188
CL      -0.01505301    0.00000000   -0.56454129
     3

O      -0.01505978    0.00000000    1.12734474
H       0.76142212    0.00000000    1.69866686
CL      -0.01505978    0.00000000   -0.56453209
     3

O      -0.01506655    0.00000000    1.12735394
H       0.76176421    0.00000000    1.69820163
CL      -0.01506655    0.00000000   -0.56452289
     3

O      -0.01507331    0.00000000    1.12736314
H       0.76210602    0.00000000    1.69773619
CL      -0.01507331    0.00000000   -0.56451368
     3

O      -0.01508006    0.00000000    1.12737235
H       0.76244754    0.00000000    1.69727054
CL      -0.01508006    0.00000000   -0.56450447
     3

O      -0.01508681    0.00000000    1.12738157
H       0.76278877    0.00000000    1.69680468
CL      -0.01508681    0.00000000   -0.56449526
     3

O      -0.01509355    0.00000000    1.12739079
H       0.76312973    0.00000000    1.69633862
CL      -0.01509355    0.00000000   -0.56448604
     3

O      -0.01510029    0.00000000    1.12740001
H       0.76347039    0.00000000    1.69587235
CL      -0.01510029    0.00000000   -0.56447682
     3

O      -0.01510702    0.00000000    1.12740923
H       0.76381078    0.00000000    1.69540586
CL      -0.01510702    0.00000000   -0.56446759
     3

O      -0.01511375    0.00000000    1.12741846
H       0.76415087    0.00000000    1.69493917
CL      -0.01511375    0.00000000   -0.56445836
     3

O      -0.01512047    0.00000000    1.12742770
H       0.76449069    0.00000000    1.69447228
CL      -0.01512047    0.00000000   -0.56444913
     3

O      -0.01512719    0.00000000    1.12743694
H       0.76483021    0.00000000    1.69400517
CL      -0.01512719    0.00000000   -0.56443989
     3

O      -0.01513390    0.00000000    1.12744618
H       0.76516945    0.00000000    1.69353786
CL      -0.01513390    0.00000000   -0.56443065
     3

O      -0.01514060    0.00000000    1.12745543
H       0.76550841    0.00000000    1.69307034
CL      -0.01514060    0.00000000   -0.56442140
     3

O      -0.01514730    0.00000000    1.12746468
H       0.76584708    0.00000000    1.69260262
CL      -0.01514730    0.00000000   -0.56441215
     3

O      -0.01515399    0.00000000    1.12747393
H       0.76618547    0.00000000    1.69213468
CL      -0.01515399    0.00000000   -0.56440289
     3

O      -0.01516068    0.00000000    1.12748319
H       0.76652356    0.00000000    1.69166654
CL      -0.01516068    0.00000000   -0.56439363
     3

O      -0.01516736    0.00000000    1.12749246
H       0.76686138    0.00000000    1.69119820
CL      -0.01516736    0.00000000   -0.56438437
     3

O      -0.01517404    0.00000000    1.12750172
H       0.76719890    0.00000000    1.69072965
CL      -0.01517404    0.00000000   -0.56437510
     3

O      -0.01518071    0.00000000    1.12751099
H       0.76753614    0.00000000    1.69026089
CL      -0.01518071    0.00000000   -0.56436583
     3

O      -0.01518737    0.00000000    1.12752027
H       0.76787310    0.00000000    1.68979192
CL      -0.01518737    0.00000000   -0.56435656
     3

O      -0.01519403    0.00000000    1.12752955
H       0.76820976    0.00000000    1.68932275
CL      -0.01519403    0.00000000   -0.56434728
     3

O      -0.01520068    0.00000000    1.12753883
H       0.76854615    0.00000000    1.68885338
CL      -0.01520068    0.00000000   -0.56433799
     3

O      -0.01520733    0.00000000    1.12754812
H       0.76888224    0.00000000    1.68838380
CL      -0.01520733    0.00000000   -0.56432871
     3

O      -0.01521397    0.00000000    1.12755741
H       0.76921805    0.00000000    1.68791401
CL      -0.01521397    0.00000000   -0.56431942
     3

O      -0.01522061    0.00000000    1.12756671
H       0.76955357    0.00000000    1.68744402
CL      -0.01522061    0.00000000   -0.56431012
     3

O      -0.01522724    0.00000000    1.12757601
H       0.76988880    0.00000000    1.68697383
CL      -0.01522724    0.00000000   -0.56430082
     3

O      -0.01523386    0.00000000    1.12758531
H       0.77022374    0.00000000    1.68650342
CL      -0.01523386    0.00000000   -0.56429152
     3

O      -0.01524048    0.00000000    1.12759462
H       0.77055840    0.00000000    1.68603282
CL      -0.01524048    0.00000000   -0.56428221
     3

O      -0.01524710    0.00000000    1.12760393
H       0.77089277    0.00000000    1.68556201
CL      -0.01524710    0.00000000   -0.56427290
     3

O      -0.01525370    0.00000000    1.12761325
H       0.77122686    0.00000000    1.68509100
CL      -0.01525370    0.00000000   -0.56426358
     3

O      -0.01526031    0.00000000    1.12762257
H       0.77156065    0.00000000    1.68461978
CL      -0.01526031    0.00000000   -0.56425426
     3

O      -0.01526690    0.00000000    1.12763189
H       0.77189416    0.00000000    1.68414836
CL      -0.01526690    0.00000000   -0.56424494
     3

O      -0.01527349    0.00000000    1.12764122
H       0.77222738    0.00000000    1.68367673
CL      -0.01527349    0.00000000   -0.56423561
     3

O      -0.01528008    0.00000000    1.12765055
H       0.77256031    0.00000000    1.68320490
CL      -0.01528008    0.00000000   -0.56422628
     3

O      -0.01528666    0.00000000    1.12765989
H       0.77289295    0.00000000    1.68273287
CL      -0.01528666    0.00000000   -0.56421694
     3

O      -0.01529323    0.00000000    1.12766923
H       0.77322531    0.00000000    1.68226064
CL      -0.01529323    0.00000000   -0.56420760
     3

O      -0.01529980    0.00000000    1.12767857
H       0.77355737    0.00000000    1.68178820
CL      -0.01529980    0.00000000   -0.56419826
     3

O      -0.01530636    0.00000000    1.12768792
H       0.77388915    0.00000000    1.68131556
CL      -0.01530636    0.00000000   -0.56418891
     3

O      -0.01531292    0.00000000    1.12769727
H       0.77422064    0.00000000    1.68084271
CL      -0.01531292    0.00000000   -0.56417956
     3

O      -0.01531947    0.00000000    1.12770663
H       0.77455184    0.00000000    1.68036967
CL      -0.01531947    0.00000000   -0.56417020
     3

O      -0.01532601    0.00000000    1.12771599
H       0.77488275    0.00000000    1.67989642
CL      -0.01532601    0.00000000   -0.56416084
     3

O      -0.01533255    0.00000000    1.12772535
H       0.77521337    0.00000000    1.67942297
CL      -0.01533255    0.00000000   -0.56415148
     3

O      -0.01533908    0.00000000    1.12773472
H       0.77554370    0.00000000    1.67894932
CL      -0.01533908    0.00000000   -0.56414211
     3

O      -0.01534561    0.00000000    1.12774409
H       0.77587374    0.00000000    1.67847547
CL      -0.01534561    0.00000000   -0.56413273
     3

O      -0.01535213    0.00000000    1.12775347
H       0.77620349    0.00000000    1.67800141
CL      -0.01535213    0.00000000   -0.56412336
     3

O      -0.01535865    0.00000000    1.12776285
H       0.77653296    0.00000000    1.67752715
CL      -0.01535865    0.00000000   -0.56411398
     3

O      -0.01536516    0.00000000    1.12777223
H       0.77686213    0.00000000    1.67705270
CL      -0.01536516    0.00000000   -0.56410459
     3

O      -0.01537167    0.00000000    1.12778162
H       0.77719102    0.00000000    1.67657804
CL      -0.01537167    0.00000000   -0.56409521
     3

O      -0.01537816    0.00000000    1.12779101
H       0.77751961    0.00000000    1.67610318
CL      -0.01537816    0.00000000   -0.56408581
     3

O      -0.01538466    0.00000000    1.12780041
H       0.77784791    0.00000000    1.67562812
CL      -0.01538466    0.00000000   -0.56407642
     3

O      -0.01539115    0.00000000    1.12780981
H       0.77817593    0.00000000    1.67515286
CL      -0.01539115    0.00000000   -0.56406702
     3

O      -0.01539763    0.00000000    1.12781921
H       0.77850365    0.00000000    1.67467740
CL      -0.01539763    0.00000000   -0.56405761
     3

O      -0.01540410    0.00000000    1.12782862
H       0.77883108    0.00000000    1.67420174
CL      -0.01540410    0.00000000   -0.56404821
     3

O      -0.01541057    0.00000000    1.12783803
H       0.77915822    0.00000000    1.67372588
CL      -0.01541057    0.00000000   -0.56403880
     3

O      -0.01541704    0.00000000    1.12784745
H       0.77948507    0.00000000    1.67324982
CL      -0.01541704    0.00000000   -0.56402938
     3

O      -0.01542350    0.00000000    1.12785687
H       0.77981163    0.00000000    1.67277356
CL      -0.01542350    0.00000000   -0.56401996
     3

O      -0.01542995    0.00000000    1.12786629
H       0.78013790    0.00000000    1.67229710
CL      -0.01542995    0.00000000   -0.56401054
     3

O      -0.01543640    0.00000000    1.12787572
H       0.78046388    0.00000000    1.67182044
CL      -0.01543640    0.00000000   -0.56400111
     3

O      -0.01544284    0.00000000    1.12788515
H       0.78078957    0.00000000    1.67134358
CL      -0.01544284    0.00000000   -0.56399168
     3

O      -0.01544928    0.00000000    1.12789459
H       0.78111496    0.00000000    1.67086652
CL      -0.01544928    0.00000000   -0.56398224
     3

O      -0.01545571    0.00000000    1.12790402
H       0.78144007    0.00000000    1.67038927
CL      -0.01545571    0.00000000   -0.56397280
     3

O      -0.01546213    0.00000000    1.12791347
H       0.78176488    0.00000000    1.66991181
CL      -0.01546213    0.00000000   -0.56396336
     3

O      -0.01546855    0.00000000    1.12792292
H       0.78208940    0.00000000    1.66943416
CL      -0.01546855    0.00000000   -0.56395391
     3

O      -0.01547496    0.00000000    1.12793237
H       0.78241363    0.00000000    1.66895631
CL      -0.01547496    0.00000000   -0.56394446
     3

O      -0.01548137    0.00000000    1.12794182
H       0.78273757    0.00000000    1.66847826
CL      -0.01548137    0.00000000   -0.56393501
     3

O      -0.01548777    0.00000000    1.12795128
H       0.78306121    0.00000000    1.66800002
CL      -0.01548777    0.00000000   -0.56392555
     3

O      -0.01549416    0.00000000    1.12796074
H       0.78338456    0.00000000    1.66752157
CL      -0.01549416    0.00000000   -0.56391608
     3

O      -0.01550055    0.00000000    1.12797021
H       0.78370762    0.00000000    1.66704293
CL      -0.01550055    0.00000000   -0.56390662
     3

O      -0.01550694    0.00000000    1.12797968
H       0.78403039    0.00000000    1.66656409
CL      -0.01550694    0.00000000   -0.56389715
     3

O      -0.01551332    0.00000000    1.12798916
H       0.78435287    0.00000000    1.66608506
CL      -0.01551332    0.00000000   -0.56388767
     3

O      -0.01551969    0.00000000    1.12799863
H       0.78467505    0.00000000    1.66560583
CL      -0.01551969    0.00000000   -0.56387819
     3

O      -0.01552606    0.00000000    1.12800812
H       0.78499694    0.00000000    1.66512640
CL      -0.01552606    0.00000000   -0.56386871
     3

O      -0.01553242    0.00000000    1.12801760
H       0.78531854    0.00000000    1.66464677
CL      -0.01553242    0.00000000   -0.56385922
     3

O      -0.01553877    0.00000000    1.12802709
H       0.78563984    0.00000000    1.66416695
CL      -0.01553877    0.00000000   -0.56384973
     3

O      -0.01554512    0.00000000    1.12803659
H       0.78596085    0.00000000    1.66368693
CL      -0.01554512    0.00000000   -0.56384024
     3

O      -0.01555146    0.00000000    1.12804608
H       0.78628157    0.00000000    1.66320672
CL      -0.01555146    0.00000000   -0.56383074
     3

O      -0.01555780    0.00000000    1.12805559
H       0.78660199    0.00000000    1.66272631
CL      -0.01555780    0.00000000   -0.56382124
     3

O      -0.01556413    0.00000000    1.12806509
H       0.78692212    0.00000000    1.66224570
CL      -0.01556413    0.00000000   -0.56381173
     3

O      -0.01557046    0.00000000    1.12807460
H       0.78724196    0.00000000    1.66176490
CL      -0.01557046    0.00000000   -0.56380223
     3

O      -0.01557678    0.00000000    1.12808411
H       0.78756150    0.00000000    1.66128390
CL      -0.01557678    0.00000000   -0.56379271
     3

O      -0.01558309    0.00000000    1.12809363
H       0.78788075    0.00000000    1.66080271
CL      -0.01558309    0.00000000   -0.56378319
     3

O      -0.01558940    0.00000000    1.12810315
H       0.78819971    0.00000000    1.66032133
CL      -0.01558940    0.00000000   -0.56377367
     3

O      -0.01559570    0.00000000    1.12811268
H       0.78851837    0.00000000    1.65983975
CL      -0.01559570    0.00000000   -0.56376415
     3

O      -0.01560200    0.00000000    1.12812221
H       0.78883673    0.00000000    1.65935797
CL      -0.01560200    0.00000000   -0.56375462
     3

O      -0.01560829    0.00000000    1.12813174
H       0.78915481    0.00000000    1.65887600
CL      -0.01560829    0.00000000   -0.56374509
     3

O      -0.01561458    0.00000000    1.12814128
H       0.78947258    0.00000000    1.65839384
CL      -0.01561458    0.00000000   -0.56373555
     3

O      -0.01562086    0.00000000    1.12815082
H       0.78979007    0.00000000    1.65791148
CL      -0.01562086    0.00000000   -0.56372601
     3

O      -0.01562713    0.00000000    1.12816036
H       0.79010726    0.00000000    1.65742893
CL      -0.01562713    0.00000000   -0.56371647
     3

O      -0.01563340    0.00000000    1.12816991
H       0.79042415    0.00000000    1.65694618
CL      -0.01563340    0.00000000   -0.56370692
     3

O      -0.01563966    0.00000000    1.12817946
H       0.79074075    0.00000000    1.65646324
CL      -0.01563966    0.00000000   -0.56369737
     3

O      -0.01564591    0.00000000    1.12818902
H       0.79105705    0.00000000    1.65598011
CL      -0.01564591    0.00000000   -0.56368781
     3

O      -0.01565217    0.00000000    1.12819858
H       0.79137306    0.00000000    1.65549678
CL      -0.01565217    0.00000000   -0.56367825
     3

O      -0.01565841    0.00000000    1.12820814
H       0.79168877    0.00000000    1.65501326
CL      -0.01565841    0.00000000   -0.56366869
     3

O      -0.01566465    0.00000000    1.12821771
H       0.79200419    0.00000000    1.65452955
CL      -0.01566465    0.00000000   -0.56365912
     3

O      -0.01567088    0.00000000    1.12822728
H       0.79231931    0.00000000    1.65404565
CL      -0.01567088    0.00000000   -0.56364955
     3

O      -0.01567711    0.00000000    1.12823685
H       0.79263414    0.00000000    1.65356155
CL      -0.01567711    0.00000000   -0.56363998
     3

O      -0.01568333    0.00000000    1.12824643
H       0.79294867    0.00000000    1.65307726
CL      -0.01568333    0.00000000   -0.56363040
     3

O      -0.01568954    0.00000000    1.12825601
H       0.79326291    0.00000000    1.65259278
CL      -0.01568954    0.00000000   -0.56362081
     3

O      -0.01569575    0.00000000    1.12826560
H       0.79357684    0.00000000    1.65210811
CL      -0.01569575    0.00000000   -0.56361123
     3

O      -0.01570196    0.00000000    1.12827519
H       0.79389049    0.00000000    1.65162324
CL      -0.01570196    0.00000000   -0.56360164
     3

O      -0.01570815    0.00000000    1.12828478
H       0.79420383    0.00000000    1.65113819
CL      -0.01570815    0.00000000   -0.56359204
     3

O      -0.01571435    0.00000000    1.12829438
H       0.79451688    0.00000000    1.65065294
CL      -0.01571435    0.00000000   -0.56358245
     3

O      -0.01572053    0.00000000    1.12830398
H       0.79482964    0.00000000    1.65016750
CL      -0.01572053    0.00000000   -0.56357285
     3

O      -0.01572671    0.00000000    1.12831359
H       0.79514209    0.00000000    1.64968187
CL      -0.01572671    0.00000000   -0.56356324
     3

O      -0.01573289    0.00000000    1.12832319
H       0.79545426    0.00000000    1.64919605
CL      -0.01573289    0.00000000   -0.56355363
     3

O      -0.01573905    0.00000000    1.12833281
H       0.79576612    0.00000000    1.64871004
CL      -0.01573905    0.00000000   -0.56354402
     3

O      -0.01574522    0.00000000    1.12834242
H       0.79607769    0.00000000    1.64822384
CL      -0.01574522    0.00000000   -0.56353440
     3

O      -0.01575137    0.00000000    1.12835204
H       0.79638895    0.00000000    1.64773745
CL      -0.01575137    0.00000000   -0.56352478
     3

O      -0.01575752    0.00000000    1.12836167
H       0.79669993    0.00000000    1.64725087
CL      -0.01575752    0.00000000   -0.56351516
     3

O      -0.01576367    0.00000000    1.12837129
H       0.79701060    0.00000000    1.64676410
CL      -0.01576367    0.00000000   -0.56350553
     3

O      -0.01576981    0.00000000    1.12838093
H       0.79732098    0.00000000    1.64627714
CL      -0.01576981    0.00000000   -0.56349590
     3

O      -0.01577594    0.00000000    1.12839056
H       0.79763106    0.00000000    1.64578999
CL      -0.01577594    0.00000000   -0.56348627
     3

O      -0.01578207    0.00000000    1.12840020
H       0.79794084    0.00000000    1.64530265
CL      -0.01578207    0.00000000   -0.56347663
     3

O      -0.01578819    0.00000000    1.12840984
H       0.79825033    0.00000000    1.64481512
CL      -0.01578819    0.00000000   -0.56346698
     3

O      -0.01579430    0.00000000    1.12841949
H       0.79855951    0.00000000    1.64432740
CL      -0.01579430    0.00000000   -0.56345734
     3

O      -0.01580041    0.00000000    1.12842914
H       0.79886840    0.00000000    1.64383949
CL      -0.01580041    0.00000000   -0.56344769
     3

O      -0.01580652    0.00000000    1.12843879
H       0.79917699    0.00000000    1.64335140
CL      -0.01580652    0.00000000   -0.56343803
     3

O      -0.01581261    0.00000000    1.12844845
H       0.79948529    0.00000000    1.64286312
CL      -0.01581261    0.00000000   -0.56342838
     3

O      -0.01581870    0.00000000    1.12845811
H       0.79979328    0.00000000    1.64237464
CL      -0.01581870    0.00000000   -0.56341872
     3

O      -0.01582479    0.00000000    1.12846778
H       0.80010098    0.00000000    1.64188598
CL      -0.01582479    0.00000000   -0.56340905
     3

O      -0.01583087    0.00000000    1.12847745
H       0.80040837    0.00000000    1.64139714
CL      -0.01583087    0.00000000   -0.56339938
     3

O      -0.01583694    0.00000000    1.12848712
H       0.80071547    0.00000000    1.64090810
CL      -0.01583694    0.00000000   -0.56338971
     3

O      -0.01584301    0.00000000    1.12849679
H       0.80102227    0.00000000    1.64041888
CL      -0.01584301    0.00000000   -0.56338003
     3

O      -0.01584907    0.00000000    1.12850647
H       0.80132877    0.00000000    1.63992947
CL      -0.01584907    0.00000000   -0.56337035
     3

O      -0.01585513    0.00000000    1.12851616
H       0.80163497    0.00000000    1.63943987
CL      -0.01585513    0.00000000   -0.56336067
     3

O      -0.01586118    0.00000000    1.12852584
H       0.80194088    0.00000000    1.63895008
CL      -0.01586118    0.00000000   -0.56335098
     3

O      -0.01586723    0.00000000    1.12853554
H       0.80224648    0.00000000    1.63846011
CL      -0.01586723    0.00000000   -0.56334129
     3

O      -0.01587326    0.00000000    1.12854523
H       0.80255179    0.00000000    1.63796996
CL      -0.01587326    0.00000000   -0.56333160
     3

O      -0.01587930    0.00000000    1.12855493
H       0.80285679    0.00000000    1.63747961
CL      -0.01587930    0.00000000   -0.56332190
     3

O      -0.01588532    0.00000000    1.12856463
H       0.80316149    0.00000000    1.63698908
CL      -0.01588532    0.00000000   -0.56331220
     3

O      -0.01589134    0.00000000    1.12857434
H       0.80346590    0.00000000    1.63649837
CL      -0.01589134    0.00000000   -0.56330249
     3

O      -0.01589736    0.00000000    1.12858404
H       0.80377001    0.00000000    1.63600746
CL      -0.01589736    0.00000000   -0.56329278
     3

O      -0.01590337    0.00000000    1.12859376
H       0.80407381    0.00000000    1.63551637
CL      -0.01590337    0.00000000   -0.56328307
     3

O      -0.01590937    0.00000000    1.12860347
H       0.80437732    0.00000000    1.63502510
CL      -0.01590937    0.00000000   -0.56327335
     3

O      -0.01591537    0.00000000    1.12861319
H       0.80468052    0.00000000    1.63453364
CL      -0.01591537    0.00000000   -0.56326363
     3

O      -0.01592136    0.00000000    1.12862292
H       0.80498343    0.00000000    1.63404200
CL      -0.01592136    0.00000000   -0.56325391
     3

O      -0.01592734    0.00000000    1.12863265
H       0.80528603    0.00000000    1.63355017
CL      -0.01592734    0.00000000   -0.56324418
     3

O      -0.01593332    0.00000000    1.12864238
H       0.80558834    0.00000000    1.63305816
CL      -0.01593332    0.00000000   -0.56323445
     3

O      -0.01593930    0.00000000    1.12865211
H       0.80589034    0.00000000    1.63256596
CL      -0.01593930    0.00000000   -0.56322471
     3

O      -0.01594526    0.00000000    1.12866185
H       0.80619204    0.00000000    1.63207358
CL      -0.01594526    0.00000000   -0.56321498
     3

O      -0.01595122    0.00000000    1.12867159
H       0.80649344    0.00000000    1.63158101
CL      -0.01595122    0.00000000   -0.56320523
     3

O      -0.01595718    0.00000000    1.12868134
H       0.80679455    0.00000000    1.63108826
CL      -0.01595718    0.00000000   -0.56319549
     3

O      -0.01596313    0.00000000    1.12869109
H       0.80709535    0.00000000    1.63059532
CL      -0.01596313    0.00000000   -0.56318574
     3

O      -0.01596907    0.00000000    1.12870084
H       0.80739584    0.00000000    1.63010221
CL      -0.01596907    0.00000000   -0.56317598
     3

O      -0.01597501    0.00000000    1.12871060
H       0.80769604    0.00000000    1.62960890
CL      -0.01597501    0.00000000   -0.56316623
     3

O      -0.01598094    0.00000000    1.12872036
H       0.80799594    0.00000000    1.62911542
CL      -0.01598094    0.00000000   -0.56315647
     3

O      -0.01598687    0.00000000    1.12873012
H       0.80829553    0.00000000    1.62862175
CL      -0.01598687    0.00000000   -0.56314670
     3

O      -0.01599279    0.00000000    1.12873989
H       0.80859483    0.00000000    1.62812790
CL      -0.01599279    0.00000000   -0.56313694
     3

O      -0.01599870    0.00000000    1.12874966
H       0.80889382    0.00000000    1.62763387
CL      -0.01599870    0.00000000   -0.56312716
     3

O      -0.01600461    0.00000000    1.12875944
H       0.80919251    0.00000000    1.62713965
CL      -0.01600461    0.00000000   -0.56311739
     3

O      -0.01601051    0.00000000    1.12876922
H       0.80949089    0.00000000    1.62664525
CL      -0.01601051    0.00000000   -0.56310761
     3

O      -0.01601640    0.00000000    1.12877900
H       0.80978898    0.00000000    1.62615067
CL      -0.01601640    0.00000000   -0.56309783
     3

O      -0.01602229    0.00000000    1.12878878
H       0.81008676    0.00000000    1.62565591
CL      -0.01602229    0.00000000   -0.56308804
     3

O      -0.01602818    0.00000000    1.12879857
H       0.81038424    0.00000000    1.62516096
CL      -0.01602818    0.00000000   -0.56307825
     3

O      -0.01603406    0.00000000    1.12880837
H       0.81068142    0.00000000    1.62466584
CL      -0.01603406    0.00000000   -0.56306846
     3

O      -0.01603993    0.00000000    1.12881816
H       0.81097830    0.00000000    1.62417053
CL      -0.01603993    0.00000000   -0.56305867
     3

O      -0.01604579    0.00000000    1.12882796
H       0.81127487    0.00000000    1.62367504
CL      -0.01604579    0.00000000   -0.56304887
     3

O      -0.01605165    0.00000000    1.12883777
H       0.81157114    0.00000000    1.62317937
CL      -0.01605165    0.00000000   -0.56303906
     3

O      -0.01605751    0.00000000    1.12884757
H       0.81186711    0.00000000    1.62268352
CL      -0.01605751    0.00000000   -0.56302925
     3

O      -0.01606335    0.00000000    1.12885738
H       0.81216278    0.00000000    1.62218749
CL      -0.01606335    0.00000000   -0.56301944
     3

O      -0.01606920    0.00000000    1.12886720
H       0.81245814    0.00000000    1.62169127
CL      -0.01606920    0.00000000   -0.56300963
     3

O      -0.01607503    0.00000000    1.12887702
H       0.81275320    0.00000000    1.62119488
CL      -0.01607503    0.00000000   -0.56299981
     3

O      -0.01608086    0.00000000    1.12888684
H       0.81304795    0.00000000    1.62069831
CL      -0.01608086    0.00000000   -0.56298999
     3

O      -0.01608669    0.00000000    1.12889666
H       0.81334240    0.00000000    1.62020156
CL      -0.01608669    0.00000000   -0.56298016
     3

O      -0.01609250    0.00000000    1.12890649
H       0.81363655    0.00000000    1.61970462
CL      -0.01609250    0.00000000   -0.56297034
     3

O      -0.01609832    0.00000000    1.12891632
H       0.81393040    0.00000000    1.61920751
CL      -0.01609832    0.00000000   -0.56296050
     3

O      -0.01610412    0.00000000    1.12892616
H       0.81422394    0.00000000    1.61871022
CL      -0.01610412    0.00000000   -0.56295067
     3

O      -0.01610992    0.00000000    1.12893600
H       0.81451718    0.00000000    1.61821275
CL      -0.01610992    0.00000000   -0.56294083
     3

O      -0.01611571    0.00000000    1.12894584
H       0.81481011    0.00000000    1.61771510
CL      -0.01611571    0.00000000   -0.56293099
     3

O      -0.01612150    0.00000000    1.12895569
H       0.81510274    0.00000000    1.61721727
CL      -0.01612150    0.00000000   -0.56292114
     3

O      -0.01612728    0.00000000    1.12896554
H       0.81539506    0.00000000    1.61671926
CL      -0.01612728    0.00000000   -0.56291129
     3

O      -0.01613306    0.00000000    1.12897539
H       0.81568708    0.00000000    1.61622108
CL      -0.01613306    0.00000000   -0.56290144
     3

O      -0.01613883    0.00000000    1.12898525
H       0.81597880    0.00000000    1.61572271
CL      -0.01613883    0.00000000   -0.56289158
     3

O      -0.01614459    0.00000000    1.12899511
H       0.81627021    0.00000000    1.61522417
CL      -0.01614459    0.00000000   -0.56288172
     3

O      -0.01615035    0.00000000    1.12900497
H       0.81656132    0.00000000    1.61472545
CL      -0.01615035    0.00000000   -0.56287186
     3

O      -0.01615610    0.00000000    1.12901484
H       0.81685212    0.00000000    1.61422655
CL      -0.01615610    0.00000000   -0.56286199
     3

O      -0.01616185    0.00000000    1.12902471
H       0.81714262    0.00000000    1.61372748
CL      -0.01616185    0.00000000   -0.56285212
     3

O      -0.01616759    0.00000000    1.12903458
H       0.81743281    0.00000000    1.61322823
CL      -0.01616759    0.00000000   -0.56284224
     3

O      -0.01617332    0.00000000    1.12904446
H       0.81772270    0.00000000    1.61272880
CL      -0.01617332    0.00000000   -0.56283236
     3

O      -0.01617905    0.00000000    1.12905434
H       0.81801228    0.00000000    1.61222919
CL      -0.01617905    0.00000000   -0.56282248
     3

O      -0.01618477    0.00000000    1.12906423
H       0.81830156    0.00000000    1.61172941
CL      -0.01618477    0.00000000   -0.56281260
     3

O      -0.01619049    0.00000000    1.12907412
H       0.81859053    0.00000000    1.61122945
CL      -0.01619049    0.00000000   -0.56280271
     3

O      -0.01619620    0.00000000    1.12908401
H       0.81887920    0.00000000    1.61072931
CL      -0.01619620    0.00000000   -0.56279282
     3

O      -0.01620190    0.00000000    1.12909390
H       0.81916756    0.00000000    1.61022900
CL      -0.01620190    0.00000000   -0.56278292
     3

O      -0.01620760    0.00000000    1.12910380
H       0.81945562    0.00000000    1.60972851
CL      -0.01620760    0.00000000   -0.56277302
     3

O      -0.01621329    0.00000000    1.12911371
H       0.81974337    0.00000000    1.60922784
CL      -0.01621329    0.00000000   -0.56276312
     3

O      -0.01621897    0.00000000    1.12912361
H       0.82003081    0.00000000    1.60872700
CL      -0.01621897    0.00000000   -0.56275322
     3

O      -0.01622465    0.00000000    1.12913352
H       0.82031795    0.00000000    1.60822599
CL      -0.01622465    0.00000000   -0.56274331
     3

O      -0.01623032    0.00000000    1.12914343
H       0.82060478    0.00000000    1.60772479
CL      -0.01623032    0.00000000   -0.56273339
     3

O      -0.01623599    0.00000000    1.12915335
H       0.82089131    0.00000000    1.60722343
CL      -0.01623599    0.00000000   -0.56272348
     3

O      -0.01624165    0.00000000    1.12916327
H       0.82117753    0.00000000    1.60672189
CL      -0.01624165    0.00000000   -0.56271356
     3

O      -0.01624731    0.00000000    1.12917319
H       0.82146344    0.00000000    1.60622017
CL      -0.01624731    0.00000000   -0.56270363
     3

O      -0.01625296    0.00000000    1.12918312
H       0.82174904    0.00000000    1.60571828
CL      -0.01625296    0.00000000   -0.56269371
     3

O      -0.01625860    0.00000000    1.12919305
H       0.82203434    0.00000000    1.60521621
CL      -0.01625860    0.00000000   -0.56268378
     3

O      -0.01626424    0.00000000    1.12920298
H       0.82231934    0.00000000    1.60471397
CL      -0.01626424    0.00000000   -0.56267384
     3

O      -0.01626987    0.00000000    1.12921292
H       0.82260402    0.00000000    1.60421156
CL      -0.01626987    0.00000000   -0.56266391
     3

O      -0.01627549    0.00000000    1.12922286
H       0.82288840    0.00000000    1.60370897
CL      -0.01627549    0.00000000   -0.56265397
     3

O      -0.01628111    0.00000000    1.12923280
H       0.82317247    0.00000000    1.60320621
CL      -0.01628111    0.00000000   -0.56264402
     3

O      -0.01628672    0.00000000    1.12924275
H       0.82345624    0.00000000    1.60270328
CL      -0.01628672    0.00000000   -0.56263408
     3

O      -0.01629233    0.00000000    1.12925270
H       0.82373970    0.00000000    1.60220017
CL      -0.01629233    0.00000000   -0.56262412
     3

O      -0.01629793    0.00000000    1.12926266
H       0.82402285    0.00000000    1.60169689
CL      -0.01629793    0.00000000   -0.56261417
     3

O      -0.01630352    0.00000000    1.12927261
H       0.82430569    0.00000000    1.60119344
CL      -0.01630352    0.00000000   -0.56260421
     3

O      -0.01630911    0.00000000    1.12928257
H       0.82458822    0.00000000    1.60068981
CL      -0.01630911    0.00000000   -0.56259425
     3

O      -0.01631469    0.00000000    1.12929254
H       0.82487045    0.00000000    1.60018601
CL      -0.01631469    0.00000000   -0.56258429
     3

O      -0.01632027    0.00000000    1.12930251
H       0.82515237    0.00000000    1.59968204
CL      -0.01632027    0.00000000   -0.56257432
     3

O      -0.01632584    0.00000000    1.12931248
H       0.82543398    0.00000000    1.59917790
CL      -0.01632584    0.00000000   -0.56256435
     3

O      -0.01633140    0.00000000    1.12932245
H       0.82571529    0.00000000    1.59867359
CL      -0.01633140    0.00000000   -0.56255437
     3

O      -0.01633696    0.00000000    1.12933243
H       0.82599628    0.00000000    1.59816910
CL      -0.01633696    0.00000000   -0.56254440
     3

O      -0.01634251    0.00000000    1.12934241
H       0.82627697    0.00000000    1.59766444
CL      -0.01634251    0.00000000   -0.56253441
     3

O      -0.01634806    0.00000000    1.12935240
H       0.82655735    0.00000000    1.59715961
CL      -0.01634806    0.00000000   -0.56252443
     3

O      -0.01635360    0.00000000    1.12936238
H       0.82683742    0.00000000    1.59665461
CL      -0.01635360    0.00000000   -0.56251444
     3

O      -0.01635913    0.00000000    1.12937238
H       0.82711718    0.00000000    1.59614944
CL      -0.01635913    0.00000000   -0.56250445
     3

O      -0.01636466    0.00000000    1.12938237
H       0.82739663    0.00000000    1.59564410
CL      -0.01636466    0.00000000   -0.56249446
     3

O      -0.01637018    0.00000000    1.12939237
H       0.82767578    0.00000000    1.59513858
CL      -0.01637018    0.00000000   -0.56248446
     3

O      -0.01637569    0.00000000    1.12940237
H       0.82795461    0.00000000    1.59463290
CL      -0.01637569    0.00000000   -0.56247446
     3

O      -0.01638120    0.00000000    1.12941238
H       0.82823314    0.00000000    1.59412705
CL      -0.01638120    0.00000000   -0.56246445
     3

O      -0.01638670    0.00000000    1.12942238
H       0.82851136    0.00000000    1.59362102
CL      -0.01638670    0.00000000   -0.56245444
     3

O      -0.01639220    0.00000000    1.12943240
H       0.82878927    0.00000000    1.59311483
CL      -0.01639220    0.00000000   -0.56244443
     3

O      -0.01639769    0.00000000    1.12944241
H       0.82906687    0.00000000    1.59260846
CL      -0.01639769    0.00000000   -0.56243442
     3

O      -0.01640318    0.00000000    1.12945243
H       0.82934416    0.00000000    1.59210193
CL      -0.01640318    0.00000000   -0.56242440
     3

O      -0.01640865    0.00000000    1.12946245
H       0.82962114    0.00000000    1.59159523
CL      -0.01640865    0.00000000   -0.56241437
     3

O      -0.01641413    0.00000000    1.12947248
H       0.82989781    0.00000000    1.59108836
CL      -0.01641413    0.00000000   -0.56240435
     3

O      -0.01641959    0.00000000    1.12948251
H       0.83017417    0.00000000    1.59058132
CL      -0.01641959    0.00000000   -0.56239432
     3

O      -0.01642505    0.00000000    1.12949254
H       0.83045022    0.00000000    1.59007411
CL      -0.01642505    0.00000000   -0.56238429
     3

O      -0.01643051    0.00000000    1.12950257
H       0.83072596    0.00000000    1.58956673
CL      -0.01643051    0.00000000   -0.56237425
     3

O      -0.01643595    0.00000000    1.12951261
H       0.83100139    0.00000000    1.58905919
CL      -0.01643595    0.00000000   -0.56236422
     3

O      -0.01644140    0.00000000    1.12952265
H       0.83127651    0.00000000    1.58855147
CL      -0.01644140    0.00000000   -0.56235417
     3

O      -0.01644683    0.00000000    1.12953270
H       0.83155133    0.00000000    1.58804359
CL      -0.01644683    0.00000000   -0.56234413
     3

O      -0.01645226    0.00000000    1.12954275
H       0.83182583    0.00000000    1.58753554
CL      -0.01645226    0.00000000   -0.56233408
     3

O      -0.01645768    0.00000000    1.12955280
H       0.83210002    0.00000000    1.58702732
CL      -0.01645768    0.00000000   -0.56232403
     3

O      -0.01646310    0.00000000    1.12956285
H       0.83237390    0.00000000    1.58651894
CL      -0.01646310    0.00000000   -0.56231397
     3

O      -0.01646851    0.00000000    1.12957291
H       0.83264747    0.00000000    1.58601039
CL      -0.01646851    0.00000000   -0.56230392
     3

O      -0.01647392    0.00000000    1.12958297
H       0.83292073    0.00000000    1.58550167
CL      -0.01647392    0.00000000   -0.56229385
     3

O      -0.01647931    0.00000000    1.12959304
H       0.83319367    0.00000000    1.58499278
CL      -0.01647931    0.00000000   -0.56228379
     3

O      -0.01648471    0.00000000    1.12960311
H       0.83346631    0.00000000    1.58448373
CL      -0.01648471    0.00000000   -0.56227372
     3

O      -0.01649009    0.00000000    1.12961318
H       0.83373864    0.00000000    1.58397451
CL      -0.01649009    0.00000000   -0.56226365
     3

O      -0.01649547    0.00000000    1.12962325
H       0.83401065    0.00000000    1.58346513
CL      -0.01649547    0.00000000   -0.56225357
     3

O      -0.01650085    0.00000000    1.12963333
H       0.83428235    0.00000000    1.58295558
CL      -0.01650085    0.00000000   -0.56224350
     3

O      -0.01650621    0.00000000    1.12964341
H       0.83455375    0.00000000    1.58244586
CL      -0.01650621    0.00000000   -0.56223341
     3

O      -0.01651158    0.00000000    1.12965350
H       0.83482483    0.00000000    1.58193598
CL      -0.01651158    0.00000000   -0.56222333
     3

O      -0.01651693    0.00000000    1.12966359
H       0.83509560    0.00000000    1.58142593
CL      -0.01651693    0.00000000   -0.56221324
     3

O      -0.01652228    0.00000000    1.12967368
H       0.83536605    0.00000000    1.58091571
CL      -0.01652228    0.00000000   -0.56220315
     3

O      -0.01652762    0.00000000    1.12968377
H       0.83563620    0.00000000    1.58040534
CL      -0.01652762    0.00000000   -0.56219306
     3

O      -0.01653296    0.00000000    1.12969387
H       0.83590604    0.00000000    1.57989479
CL      -0.01653296    0.00000000   -0.56218296
     3

O      -0.01653829    0.00000000    1.12970397
H       0.83617556    0.00000000    1.57938408
CL      -0.01653829    0.00000000   -0.56217286
     3

O      -0.01654362    0.00000000    1.12971407
H       0.83644477    0.00000000    1.57887321
CL      -0.01654362    0.00000000   -0.56216275
     3

O      -0.01654893    0.00000000    1.12972418
H       0.83671367    0.00000000    1.57836217
CL      -0.01654893    0.00000000   -0.56215265
     3

O      -0.01655425    0.00000000    1.12973429
H       0.83698225    0.00000000    1.57785097
CL      -0.01655425    0.00000000   -0.56214253
     3

O      -0.01655955    0.00000000    1.12974441
H       0.83725053    0.00000000    1.57733961
CL      -0.01655955    0.00000000   -0.56213242
     3

O      -0.01656485    0.00000000    1.12975452
H       0.83751849    0.00000000    1.57682808
CL      -0.01656485    0.00000000   -0.56212230
     3

O      -0.01657015    0.00000000    1.12976464
H       0.83778614    0.00000000    1.57631638
CL      -0.01657015    0.00000000   -0.56211218
     3

O      -0.01657543    0.00000000    1.12977477
H       0.83805347    0.00000000    1.57580453
CL      -0.01657543    0.00000000   -0.56210206
     3

O      -0.01658071    0.00000000    1.12978489
H       0.83832049    0.00000000    1.57529251
CL      -0.01658071    0.00000000   -0.56209193
     3

O      -0.01658599    0.00000000    1.12979503
H       0.83858720    0.00000000    1.57478033
CL      -0.01658599    0.00000000   -0.56208180
     3

O      -0.01659126    0.00000000    1.12980516
H       0.83885360    0.00000000    1.57426798
CL      -0.01659126    0.00000000   -0.56207167
     3

O      -0.01659652    0.00000000    1.12981530
H       0.83911969    0.00000000    1.57375547
CL      -0.01659652    0.00000000   -0.56206153
     3

O      -0.01660178    0.00000000    1.12982544
H       0.83938546    0.00000000    1.57324280
CL      -0.01660178    0.00000000   -0.56205139
     3

O      -0.01660703    0.00000000    1.12983558
H       0.83965092    0.00000000    1.57272997
CL      -0.01660703    0.00000000   -0.56204125
     3

O      -0.01661227    0.00000000    1.12984572
H       0.83991606    0.00000000    1.57221698
CL      -0.01661227    0.00000000   -0.56203110
     3

O      -0.01661751    0.00000000    1.12985587
H       0.84018089    0.00000000    1.57170382
CL      -0.01661751    0.00000000   -0.56202095
     3

O      -0.01662274    0.00000000    1.12986603
H       0.84044541    0.00000000    1.57119050
CL      -0.01662274    0.00000000   -0.56201080
     3

O      -0.01662797    0.00000000    1.12987618
H       0.84070961    0.00000000    1.57067702
CL      -0.01662797    0.00000000   -0.56200064
     3

O      -0.01663319    0.00000000    1.12988634
H       0.84097351    0.00000000    1.57016338
CL      -0.01663319    0.00000000   -0.56199049
     3

O      -0.01663840    0.00000000    1.12989650
H       0.84123708    0.00000000    1.56964958
CL      -0.01663840    0.00000000   -0.56198032
     3

O      -0.01664361    0.00000000    1.12990667
H       0.84150035    0.00000000    1.56913562
CL      -0.01664361    0.00000000   -0.56197016
     3

O      -0.01664881    0.00000000    1.12991684
H       0.84176329    0.00000000    1.56862149
CL      -0.01664881    0.00000000   -0.56195999
     3

O      -0.01665400    0.00000000    1.12992701
H       0.84202593    0.00000000    1.56810721
CL      -0.01665400    0.00000000   -0.56194982
     3

O      -0.01665919    0.00000000    1.12993718
H       0.84228825    0.00000000    1.56759276
CL      -0.01665919    0.00000000   -0.56193964
     3

O      -0.01666437    0.00000000    1.12994736
H       0.84255026    0.00000000    1.56707816
CL      -0.01666437    0.00000000   -0.56192946
     3

O      -0.01666955    0.00000000    1.12995754
H       0.84281195    0.00000000    1.56656340
CL      -0.01666955    0.00000000   -0.56191928
     3

O      -0.01667472    0.00000000    1.12996773
H       0.84307332    0.00000000    1.56604847
CL      -0.01667472    0.00000000   -0.56190910
     3

O      -0.01667988    0.00000000    1.12997792
H       0.84333439    0.00000000    1.56553339
CL      -0.01667988    0.00000000   -0.56189891
     3

O      -0.01668504    0.00000000    1.12998811
H       0.84359514    0.00000000    1.56501814
CL      -0.01668504    0.00000000   -0.56188872
     3

O      -0.01669019    0.00000000    1.12999830
H       0.84385557    0.00000000    1.56450274
CL      -0.01669019    0.00000000   -0.56187853
     3

O      -0.01669533    0.00000000    1.13000850
H       0.84411569    0.00000000    1.56398718
CL      -0.01669533    0.00000000   -0.56186833
     3

O      -0.01670047    0.00000000    1.13001870
H       0.84437549    0.00000000    1.56347146
CL      -0.01670047    0.00000000   -0.56185813
     3

O      -0.01670561    0.00000000    1.13002890
H       0.84463498    0.00000000    1.56295558
CL      -0.01670561    0.00000000   -0.56184793
     3

O      -0.01671073    0.00000000    1.13003911
H       0.84489415    0.00000000    1.56243954
CL      -0.01671073    0.00000000   -0.56183772
     3

O      -0.01671585    0.00000000    1.13004932
H       0.84515301    0.00000000    1.56192335
CL      -0.01671585    0.00000000   -0.56182751
     3

O      -0.01672096    0.00000000    1.13005953
H       0.84541155    0.00000000    1.56140699
CL      -0.01672096    0.00000000   -0.56181730
     3

O      -0.01672607    0.00000000    1.13006975
H       0.84566978    0.00000000    1.56089048
CL      -0.01672607    0.00000000   -0.56180708
     3

O      -0.01673117    0.00000000    1.13007996
H       0.84592769    0.00000000    1.56037381
CL      -0.01673117    0.00000000   -0.56179686
     3

O      -0.01673627    0.00000000    1.13009019
H       0.84618529    0.00000000    1.55985699
CL      -0.01673627    0.00000000   -0.56178664
     3

O      -0.01674136    0.00000000    1.13010041
H       0.84644257    0.00000000    1.55934000
CL      -0.01674136    0.00000000   -0.56177642
     3

O      -0.01674644    0.00000000    1.13011064
H       0.84669953    0.00000000    1.55882286
CL      -0.01674644    0.00000000   -0.56176619
     3

O      -0.01675152    0.00000000    1.13012087
H       0.84695618    0.00000000    1.55830556
CL      -0.01675152    0.00000000   -0.56175596
     3

O      -0.01675659    0.00000000    1.13013111
H       0.84721251    0.00000000    1.55778811
CL      -0.01675659    0.00000000   -0.56174572
     3

O      -0.01676165    0.00000000    1.13014134
H       0.84746853    0.00000000    1.55727050
CL      -0.01676165    0.00000000   -0.56173548
     3

O      -0.01676671    0.00000000    1.13015158
H       0.84772423    0.00000000    1.55675273
CL      -0.01676671    0.00000000   -0.56172524
     3

O      -0.01677176    0.00000000    1.13016183
H       0.84797961    0.00000000    1.55623481
CL      -0.01677176    0.00000000   -0.56171500
     3

O      -0.01677680    0.00000000    1.13017207
H       0.84823468    0.00000000    1.55571673
CL      -0.01677680    0.00000000   -0.56170475
     3

O      -0.01678184    0.00000000    1.13018232
H       0.84848943    0.00000000    1.55519850
CL      -0.01678184    0.00000000   -0.56169450
     3

O      -0.01678687    0.00000000    1.13019258
H       0.84874386    0.00000000    1.55468010
CL      -0.01678687    0.00000000   -0.56168425
     3

O      -0.01679190    0.00000000    1.13020283
H       0.84899798    0.00000000    1.55416156
CL      -0.01679190    0.00000000   -0.56167399
     3

O      -0.01679692    0.00000000    1.13021309
H       0.84925178    0.00000000    1.55364286
CL      -0.01679692    0.00000000   -0.56166373
     3

O      -0.01680193    0.00000000    1.13022335
H       0.84950526    0.00000000    1.55312400
CL      -0.01680193    0.00000000   -0.56165347
     3

O      -0.01680694    0.00000000    1.13023362
H       0.84975843    0.00000000    1.55260499
CL      -0.01680694    0.00000000   -0.56164321
     3

O      -0.01681194    0.00000000    1.13024389
H       0.85001128    0.00000000    1.55208583
CL      -0.01681194    0.00000000   -0.56163294
     3

O      -0.01681694    0.00000000    1.13025416
H       0.85026381    0.00000000    1.55156651
CL      -0.01681694    0.00000000   -0.56162267
     3

O      -0.01682192    0.00000000    1.13026443
H       0.85051602    0.00000000    1.55104703
CL      -0.01682192    0.00000000   -0.56161239
     3

O      -0.01682691    0.00000000    1.13027471
H       0.85076792    0.00000000    1.55052741
CL      -0.01682691    0.00000000   -0.56160212
     3

O      -0.01683188    0.00000000    1.13028499
H       0.85101950    0.00000000    1.55000762
CL      -0.01683188    0.00000000   -0.56159183
     3

O      -0.01683685    0.00000000    1.13029528
H       0.85127076    0.00000000    1.54948769
CL      -0.01683685    0.00000000   -0.56158155
     3

O      -0.01684181    0.00000000    1.13030556
H       0.85152171    0.00000000    1.54896760
CL      -0.01684181    0.00000000   -0.56157126
     3

O      -0.01684677    0.00000000    1.13031585
H       0.85177234    0.00000000    1.54844736
CL      -0.01684677    0.00000000   -0.56156098
     3

O      -0.01685172    0.00000000    1.13032614
H       0.85202265    0.00000000    1.54792696
CL      -0.01685172    0.00000000   -0.56155068
     3

O      -0.01685667    0.00000000    1.13033644
H       0.85227264    0.00000000    1.54740642
CL      -0.01685667    0.00000000   -0.56154039
     3

O      -0.01686161    0.00000000    1.13034674
H       0.85252231    0.00000000    1.54688572
CL      -0.01686161    0.00000000   -0.56153009
     3

O      -0.01686654    0.00000000    1.13035704
H       0.85277166    0.00000000    1.54636486
CL      -0.01686654    0.00000000   -0.56151979
     3

O      -0.01687146    0.00000000    1.13036734
H       0.85302070    0.00000000    1.54584386
CL      -0.01687146    0.00000000   -0.56150948
     3

O      -0.01687638    0.00000000    1.13037765
H       0.85326942    0.00000000    1.54532270
CL      -0.01687638    0.00000000   -0.56149917
     3

O      -0.01688129    0.00000000    1.13038796
H       0.85351782    0.00000000    1.54480140
CL      -0.01688129    0.00000000   -0.56148886
     3

O      -0.01688620    0.00000000    1.13039828
H       0.85376590    0.00000000    1.54427993
CL      -0.01688620    0.00000000   -0.56147855
     3

O      -0.01689110    0.00000000    1.13040859
H       0.85401366    0.00000000    1.54375832
CL      -0.01689110    0.00000000   -0.56146823
     3

O      -0.01689600    0.00000000    1.13041891
H       0.85426111    0.00000000    1.54323656
CL      -0.01689600    0.00000000   -0.56145791
     3

O      -0.01690088    0.00000000    1.13042924
H       0.85450823    0.00000000    1.54271465
CL      -0.01690088    0.00000000   -0.56144759
     3

O      -0.01690577    0.00000000    1.13043956
H       0.85475504    0.00000000    1.54219258
CL      -0.01690577    0.00000000   -0.56143727
     3

O      -0.01691064    0.00000000    1.13044989
H       0.85500153    0.00000000    1.54167037
CL      -0.01691064    0.00000000   -0.56142694
     3

O      -0.01691551    0.00000000    1.13046022
H       0.85524770    0.00000000    1.54114800
CL      -0.01691551    0.00000000   -0.56141660
     3

O      -0.01692037    0.00000000    1.13047056
H       0.85549355    0.00000000    1.54062548
CL      -0.01692037    0.00000000   -0.56140627
     3

O      -0.01692523    0.00000000    1.13048089
H       0.85573908    0.00000000    1.54010282
CL      -0.01692523    0.00000000   -0.56139593
     3

O      -0.01693008    0.00000000    1.13049123
H       0.85598429    0.00000000    1.53958000
CL      -0.01693008    0.00000000   -0.56138559
     3

O      -0.01693492    0.00000000    1.13050158
H       0.85622918    0.00000000    1.53905704
CL      -0.01693492    0.00000000   -0.56137525
     3

O      -0.01693976    0.00000000    1.13051192
H       0.85647375    0.00000000    1.53853392
CL      -0.01693976    0.00000000   -0.56136490
     3

O      -0.01694459    0.00000000    1.13052227
H       0.85671801    0.00000000    1.53801066
CL      -0.01694459    0.00000000   -0.56135455
     3

O      -0.01694941    0.00000000    1.13053263
H       0.85696194    0.00000000    1.53748724
CL      -0.01694941    0.00000000   -0.56134420
     3

O      -0.01695423    0.00000000    1.13054298
H       0.85720555    0.00000000    1.53696368
CL      -0.01695423    0.00000000   -0.56133385
     3

O      -0.01695904    0.00000000    1.13055334
H       0.85744884    0.00000000    1.53643997
CL      -0.01695904    0.00000000   -0.56132349
     3

O      -0.01696385    0.00000000    1.13056370
H       0.85769182    0.00000000    1.53591611
CL      -0.01696385    0.00000000   -0.56131313
     3

O      -0.01696865    0.00000000    1.13057406
H       0.85793447    0.00000000    1.53539210
CL      -0.01696865    0.00000000   -0.56130276
     3

O      -0.01697344    0.00000000    1.13058443
H       0.85817680    0.00000000    1.53486794
CL      -0.01697344    0.00000000   -0.56129239
     3

O      -0.01697823    0.00000000    1.13059480
H       0.85841882    0.00000000    1.53434364
CL      -0.01697823    0.00000000   -0.56128202
     3

O      -0.01698301    0.00000000    1.13060517
H       0.85866051    0.00000000    1.53381919
CL      -0.01698301    0.00000000   -0.56127165
     3

O      -0.01698778    0.00000000    1.13061555
H       0.85890188    0.00000000    1.53329459
CL      -0.01698778    0.00000000   -0.56126128
     3

O      -0.01699255    0.00000000    1.13062593
H       0.85914293    0.00000000    1.53276984
CL      -0.01699255    0.00000000   -0.56125090
     3

O      -0.01699731    0.00000000    1.13063631
H       0.85938366    0.00000000    1.53224495
CL      -0.01699731    0.00000000   -0.56124052
     3

O      -0.01700207    0.00000000    1.13064670
H       0.85962407    0.00000000    1.53171991
CL      -0.01700207    0.00000000   -0.56123013
     3

O      -0.01700682    0.00000000    1.13065708
H       0.85986416    0.00000000    1.53119472
CL      -0.01700682    0.00000000   -0.56121974
     3

O      -0.01701156    0.00000000    1.13066747
H       0.86010393    0.00000000    1.53066938
CL      -0.01701156    0.00000000   -0.56120935
     3

O      -0.01701629    0.00000000    1.13067787
H       0.86034338    0.00000000    1.53014390
CL      -0.01701629    0.00000000   -0.56119896
     3

O      -0.01702102    0.00000000    1.13068826
H       0.86058251    0.00000000    1.52961828
CL      -0.01702102    0.00000000   -0.56118856
     3

O      -0.01702575    0.00000000    1.13069866
H       0.86082131    0.00000000    1.52909250
CL      -0.01702575    0.00000000   -0.56117817
     3

O      -0.01703046    0.00000000    1.13070906
H       0.86105980    0.00000000    1.52856658
CL      -0.01703046    0.00000000   -0.56116776
     3

O      -0.01703517    0.00000000    1.13071947
H       0.86129796    0.00000000    1.52804052
CL      -0.01703517    0.00000000   -0.56115736
     3

O      -0.01703988    0.00000000    1.13072988
H       0.86153580    0.00000000    1.52751431
CL      -0.01703988    0.00000000   -0.56114695
     3

O      -0.01704458    0.00000000    1.13074029
H       0.86177332    0.00000000    1.52698796
CL      -0.01704458    0.00000000   -0.56113654
     3

O      -0.01704927    0.00000000    1.13075070
H       0.86201052    0.00000000    1.52646146
CL      -0.01704927    0.00000000   -0.56112613
     3

O      -0.01705395    0.00000000    1.13076112
H       0.86224740    0.00000000    1.52593481
CL      -0.01705395    0.00000000   -0.56111571
     3

O      -0.01705863    0.00000000    1.13077153
H       0.86248395    0.00000000    1.52540802
CL      -0.01705863    0.00000000   -0.56110529
     3

O      -0.01706330    0.00000000    1.13078196
H       0.86272018    0.00000000    1.52488109
CL      -0.01706330    0.00000000   -0.56109487
     3

O      -0.01706797    0.00000000    1.13079238
H       0.86295610    0.00000000    1.52435401
CL      -0.01706797    0.00000000   -0.56108445
     3

O      -0.01707263    0.00000000    1.13080281
H       0.86319169    0.00000000    1.52382679
CL      -0.01707263    0.00000000   -0.56107402
     3

O      -0.01707728    0.00000000    1.13081324
H       0.86342695    0.00000000    1.52329942
CL      -0.01707728    0.00000000   -0.56106359
     3

O      -0.01708193    0.00000000    1.13082367
H       0.86366190    0.00000000    1.52277191
CL      -0.01708193    0.00000000   -0.56105315
     3

O      -0.01708657    0.00000000    1.13083411
H       0.86389652    0.00000000    1.52224426
CL      -0.01708657    0.00000000   -0.56104272
     3

O      -0.01709120    0.00000000    1.13084455
H       0.86413082    0.00000000    1.52171646
CL      -0.01709120    0.00000000   -0.56103228
     3

O      -0.01709583    0.00000000    1.13085499
H       0.86436480    0.00000000    1.52118853
CL      -0.01709583    0.00000000   -0.56102184
     3

O      -0.01710045    0.00000000    1.13086543
H       0.86459845    0.00000000    1.52066044
CL      -0.01710045    0.00000000   -0.56101139
     3

O      -0.01710507    0.00000000    1.13087588
H       0.86483179    0.00000000    1.52013222
CL      -0.01710507    0.00000000   -0.56100094
     3

O      -0.01710968    0.00000000    1.13088633
H       0.86506480    0.00000000    1.51960385
CL      -0.01710968    0.00000000   -0.56099049
     3

O      -0.01711428    0.00000000    1.13089679
H       0.86529748    0.00000000    1.51907534
CL      -0.01711428    0.00000000   -0.56098004
     3

O      -0.01711887    0.00000000    1.13090724
H       0.86552985    0.00000000    1.51854669
CL      -0.01711887    0.00000000   -0.56096959
     3

O      -0.01712346    0.00000000    1.13091770
H       0.86576189    0.00000000    1.51801790
CL      -0.01712346    0.00000000   -0.56095913
     3

O      -0.01712805    0.00000000    1.13092816
H       0.86599361    0.00000000    1.51748896
CL      -0.01712805    0.00000000   -0.56094866
     3

O      -0.01713262    0.00000000    1.13093863
H       0.86622500    0.00000000    1.51695989
CL      -0.01713262    0.00000000   -0.56093820
     3

O      -0.01713719    0.00000000    1.13094909
H       0.86645607    0.00000000    1.51643067
CL      -0.01713719    0.00000000   -0.56092773
     3

O      -0.01714176    0.00000000    1.13095956
H       0.86668682    0.00000000    1.51590131
CL      -0.01714176    0.00000000   -0.56091726
     3

O      -0.01714632    0.00000000    1.13097004
H       0.86691725    0.00000000    1.51537181
CL      -0.01714632    0.00000000   -0.56090679
     3

O      -0.01715087    0.00000000    1.13098051
H       0.86714735    0.00000000    1.51484217
CL      -0.01715087    0.00000000   -0.56089632
     3

O      -0.01715541    0.00000000    1.13099099
H       0.86737713    0.00000000    1.51431239
CL      -0.01715541    0.00000000   -0.56088584
     3

O      -0.01715995    0.00000000    1.13100147
H       0.86760658    0.00000000    1.51378247
CL      -0.01715995    0.00000000   -0.56087536
     3

O      -0.01716448    0.00000000    1.13101195
H       0.86783571    0.00000000    1.51325241
CL      -0.01716448    0.00000000   -0.56086487
     3

O      -0.01716901    0.00000000    1.13102244
H       0.86806452    0.00000000    1.51272221
CL      -0.01716901    0.00000000   -0.56085439
     3

O      -0.01717353    0.00000000    1.13103293
H       0.86829300    0.00000000    1.51219187
CL      -0.01717353    0.00000000   -0.56084390
     3

O      -0.01717804    0.00000000    1.13104342
H       0.86852116    0.00000000    1.51166139
CL      -0.01717804    0.00000000   -0.56083340
     3

O      -0.01718254    0.00000000    1.13105392
H       0.86874900    0.00000000    1.51113077
CL      -0.01718254    0.00000000   -0.56082291
     3

O      -0.01718704    0.00000000    1.13106441
H       0.86897651    0.00000000    1.51060001
CL      -0.01718704    0.00000000   -0.56081241
     3

O      -0.01719154    0.00000000    1.13107492
H       0.86920369    0.00000000    1.51006912
CL      -0.01719154    0.00000000   -0.56080191
     3

O      -0.01719602    0.00000000    1.13108542
H       0.86943056    0.00000000    1.50953808
CL      -0.01719602    0.00000000   -0.56079141
     3

O      -0.01720051    0.00000000    1.13109592
H       0.86965709    0.00000000    1.50900691
CL      -0.01720051    0.00000000   -0.56078090
     3

O      -0.01720498    0.00000000    1.13110643
H       0.86988331    0.00000000    1.50847560
CL      -0.01720498    0.00000000   -0.56077039
     3

O      -0.01720945    0.00000000    1.13111694
H       0.87010919    0.00000000    1.50794414
CL      -0.01720945    0.00000000   -0.56075988
     3

O      -0.01721391    0.00000000    1.13112746
H       0.87033476    0.00000000    1.50741256
CL      -0.01721391    0.00000000   -0.56074937
     3

O      -0.01721836    0.00000000    1.13113797
H       0.87056000    0.00000000    1.50688083
CL      -0.01721836    0.00000000   -0.56073885
     3

O      -0.01722281    0.00000000    1.13114849
H       0.87078491    0.00000000    1.50634897
CL      -0.01722281    0.00000000   -0.56072833
     3

O      -0.01722725    0.00000000    1.13115902
H       0.87100950    0.00000000    1.50581697
CL      -0.01722725    0.00000000   -0.56071781
     3

O      -0.01723169    0.00000000    1.13116954
H       0.87123377    0.00000000    1.50528483
CL      -0.01723169    0.00000000   -0.56070729
     3

O      -0.01723612    0.00000000    1.13118007
H       0.87145770    0.00000000    1.50475255
CL      -0.01723612    0.00000000   -0.56069676
     3

O      -0.01724054    0.00000000    1.13119060
H       0.87168132    0.00000000    1.50422014
CL      -0.01724054    0.00000000   -0.56068623
     3

O      -0.01724496    0.00000000    1.13120113
H       0.87190461    0.00000000    1.50368759
CL      -0.01724496    0.00000000   -0.56067569
     3

O      -0.01724937    0.00000000    1.13121167
H       0.87212757    0.00000000    1.50315491
CL      -0.01724937    0.00000000   -0.56066516
     3

O      -0.01725377    0.00000000    1.13122221
H       0.87235021    0.00000000    1.50262209
CL      -0.01725377    0.00000000   -0.56065462
     3

O      -0.01725817    0.00000000    1.13123275
H       0.87257252    0.00000000    1.50208913
CL      -0.01725817    0.00000000   -0.56064408
     3

O      -0.01726256    0.00000000    1.13124329
H       0.87279451    0.00000000    1.50155604
CL      -0.01726256    0.00000000   -0.56063354
     3

O      -0.01726694    0.00000000    1.13125384
H       0.87301617    0.00000000    1.50102281
CL      -0.01726694    0.00000000   -0.56062299
     3

O      -0.01727132    0.00000000    1.13126439
H       0.87323750    0.00000000    1.50048945
CL      -0.01727132    0.00000000   -0.56061244
     3

O      -0.01727569    0.00000000    1.13127494
H       0.87345851    0.00000000    1.49995595
CL      -0.01727569    0.00000000   -0.56060189
     3

O      -0.01728006    0.00000000    1.13128549
H       0.87367920    0.00000000    1.49942232
CL      -0.01728006    0.00000000   -0.56059133
     3

O      -0.01728441    0.00000000    1.13129605
H       0.87389955    0.00000000    1.49888855
CL      -0.01728441    0.00000000   -0.56058078
     3

O      -0.01728877    0.00000000    1.13130661
H       0.87411958    0.00000000    1.49835465
CL      -0.01728877    0.00000000   -0.56057022
     3

O      -0.01729311    0.00000000    1.13131717
H       0.87433929    0.00000000    1.49782061
CL      -0.01729311    0.00000000   -0.56055965
     3

O      -0.01729745    0.00000000    1.13132774
H       0.87455867    0.00000000    1.49728644
CL      -0.01729745    0.00000000   -0.56054909
     3

O      -0.01730178    0.00000000    1.13133830
H       0.87477772    0.00000000    1.49675214
CL      -0.01730178    0.00000000   -0.56053852
     3

O      -0.01730611    0.00000000    1.13134888
H       0.87499645    0.00000000    1.49621770
CL      -0.01730611    0.00000000   -0.56052795
     3

O      -0.01731043    0.00000000    1.13135945
H       0.87521485    0.00000000    1.49568313
CL      -0.01731043    0.00000000   -0.56051738
     3

O      -0.01731474    0.00000000    1.13137002
H       0.87543292    0.00000000    1.49514842
CL      -0.01731474    0.00000000   -0.56050680
     3

O      -0.01731905    0.00000000    1.13138060
H       0.87565067    0.00000000    1.49461359
CL      -0.01731905    0.00000000   -0.56049622
     3

O      -0.01732335    0.00000000    1.13139118
H       0.87586809    0.00000000    1.49407861
CL      -0.01732335    0.00000000   -0.56048564
     3

O      -0.01732764    0.00000000    1.13140177
H       0.87608518    0.00000000    1.49354351
CL      -0.01732764    0.00000000   -0.56047506
     3

O      -0.01733193    0.00000000    1.13141235
H       0.87630194    0.00000000    1.49300827
CL      -0.01733193    0.00000000   -0.56046447
     3

O      -0.01733621    0.00000000    1.13142294
H       0.87651838    0.00000000    1.49247291
CL      -0.01733621    0.00000000   -0.56045388
     3

O      -0.01734049    0.00000000    1.13143353
H       0.87673449    0.00000000    1.49193741
CL      -0.01734049    0.00000000   -0.56044329
     3

O      -0.01734475    0.00000000    1.13144413
H       0.87695028    0.00000000    1.49140177
CL      -0.01734475    0.00000000   -0.56043270
     3

O      -0.01734901    0.00000000    1.13145472
H       0.87716574    0.00000000    1.49086601
CL      -0.01734901    0.00000000   -0.56042210
     3

O      -0.01735327    0.00000000    1.13146532
H       0.87738087    0.00000000    1.49033011
CL      -0.01735327    0.00000000   -0.56041150
     3

O      -0.01735752    0.00000000    1.13147592
H       0.87759567    0.00000000    1.48979409
CL      -0.01735752    0.00000000   -0.56040090
     3

O      -0.01736176    0.00000000    1.13148653
H       0.87781014    0.00000000    1.48925793
CL      -0.01736176    0.00000000   -0.56039030
     3

O      -0.01736600    0.00000000    1.13149714
H       0.87802429    0.00000000    1.48872164
CL      -0.01736600    0.00000000   -0.56037969
     3

O      -0.01737022    0.00000000    1.13150775
H       0.87823811    0.00000000    1.48818522
CL      -0.01737022    0.00000000   -0.56036908
     3

O      -0.01737445    0.00000000    1.13151836
H       0.87845160    0.00000000    1.48764867
CL      -0.01737445    0.00000000   -0.56035847
     3

O      -0.01737866    0.00000000    1.13152897
H       0.87866477    0.00000000    1.48711199
CL      -0.01737866    0.00000000   -0.56034785
     3

O      -0.01738287    0.00000000    1.13153959
H       0.87887760    0.00000000    1.48657518
CL      -0.01738287    0.00000000   -0.56033724
     3

O      -0.01738708    0.00000000    1.13155021
H       0.87909011    0.00000000    1.48603824
CL      -0.01738708    0.00000000   -0.56032662
     3

O      -0.01739127    0.00000000    1.13156083
H       0.87930229    0.00000000    1.48550117
CL      -0.01739127    0.00000000   -0.56031599
     3

O      -0.01739546    0.00000000    1.13157146
H       0.87951415    0.00000000    1.48496397
CL      -0.01739546    0.00000000   -0.56030537
     3

O      -0.01739965    0.00000000    1.13158208
H       0.87972567    0.00000000    1.48442664
CL      -0.01739965    0.00000000   -0.56029474
     3

O      -0.01740382    0.00000000    1.13159271
H       0.87993687    0.00000000    1.48388918
CL      -0.01740382    0.00000000   -0.56028411
     3

O      -0.01740799    0.00000000    1.13160335
H       0.88014773    0.00000000    1.48335159
CL      -0.01740799    0.00000000   -0.56027348
     3

O      -0.01741216    0.00000000    1.13161398
H       0.88035827    0.00000000    1.48281388
CL      -0.01741216    0.00000000   -0.56026284
     3

O      -0.01741632    0.00000000    1.13162462
H       0.88056848    0.00000000    1.48227603
CL      -0.01741632    0.00000000   -0.56025221
     3

O      -0.01742047    0.00000000    1.13163526
H       0.88077837    0.00000000    1.48173806
CL      -0.01742047    0.00000000   -0.56024157
     3

O      -0.01742461    0.00000000    1.13164590
H       0.88098792    0.00000000    1.48119996
CL      -0.01742461    0.00000000   -0.56023092
     3

O      -0.01742875    0.00000000    1.13165655
H       0.88119714    0.00000000    1.48066173
CL      -0.01742875    0.00000000   -0.56022028
     3

O      -0.01743288    0.00000000    1.13166720
H       0.88140604    0.00000000    1.48012337
CL      -0.01743288    0.00000000   -0.56020963
     3

O      -0.01743701    0.00000000    1.13167785
H       0.88161461    0.00000000    1.47958489
CL      -0.01743701    0.00000000   -0.56019898
     3

O      -0.01744113    0.00000000    1.13168850
H       0.88182284    0.00000000    1.47904628
CL      -0.01744113    0.00000000   -0.56018833
     3

O      -0.01744524    0.00000000    1.13169916
H       0.88203075    0.00000000    1.47850754
CL      -0.01744524    0.00000000   -0.56017767
     3

O      -0.01744934    0.00000000    1.13170981
H       0.88223833    0.00000000    1.47796867
CL      -0.01744934    0.00000000   -0.56016701
     3

O      -0.01745344    0.00000000    1.13172047
H       0.88244558    0.00000000    1.47742968
CL      -0.01745344    0.00000000   -0.56015635
     3

O      -0.01745753    0.00000000    1.13173114
H       0.88265250    0.00000000    1.47689056
CL      -0.01745753    0.00000000   -0.56014569
     3

O      -0.01746162    0.00000000    1.13174180
H       0.88285910    0.00000000    1.47635132
CL      -0.01746162    0.00000000   -0.56013502
     3

O      -0.01746570    0.00000000    1.13175247
H       0.88306536    0.00000000    1.47581195
CL      -0.01746570    0.00000000   -0.56012436
     3

O      -0.01746977    0.00000000    1.13176314
H       0.88327129    0.00000000    1.47527245
CL      -0.01746977    0.00000000   -0.56011369
     3

O      -0.01747384    0.00000000    1.13177381
H       0.88347690    0.00000000    1.47473283
CL      -0.01747384    0.00000000   -0.56010301
     3

O      -0.01747790    0.00000000    1.13178449
H       0.88368217    0.00000000    1.47419308
CL      -0.01747790    0.00000000   -0.56009234
     3

O      -0.01748195    0.00000000    1.13179517
H       0.88388711    0.00000000    1.47365321
CL      -0.01748195    0.00000000   -0.56008166
     3

O      -0.01748600    0.00000000    1.13180585
H       0.88409173    0.00000000    1.47311321
CL      -0.01748600    0.00000000   -0.56007098
     3

O      -0.01749004    0.00000000    1.13181653
H       0.88429601    0.00000000    1.47257308
CL      -0.01749004    0.00000000   -0.56006030
     3

O      -0.01749407    0.00000000    1.13182722
H       0.88449997    0.00000000    1.47203284
CL      -0.01749407    0.00000000   -0.56004961
     3

O      -0.01749810    0.00000000    1.13183790
H       0.88470359    0.00000000    1.47149246
CL      -0.01749810    0.00000000   -0.56003892
     3

O      -0.01750212    0.00000000    1.13184859
H       0.88490688    0.00000000    1.47095197
CL      -0.01750212    0.00000000   -0.56002823
     3

O      -0.01750614    0.00000000    1.13185929
H       0.88510985    0.00000000    1.47041135
CL      -0.01750614    0.00000000   -0.56001754
     3

O      -0.01751015    0.00000000    1.13186998
H       0.88531248    0.00000000    1.46987060
CL      -0.01751015    0.00000000   -0.56000685
     3

O      -0.01751415    0.00000000    1.13188068
H       0.88551478    0.00000000    1.46932973
CL      -0.01751415    0.00000000   -0.55999615
     3

O      -0.01751814    0.00000000    1.13189138
H       0.88571676    0.00000000    1.46878874
CL      -0.01751814    0.00000000   -0.55998545
     3

O      -0.01752213    0.00000000    1.13190208
H       0.88591840    0.00000000    1.46824763
CL      -0.01752213    0.00000000   -0.55997475
     3

O      -0.01752611    0.00000000    1.13191279
H       0.88611971    0.00000000    1.46770639
CL      -0.01752611    0.00000000   -0.55996404
     3

O      -0.01753009    0.00000000    1.13192349
H       0.88632069    0.00000000    1.46716503
CL      -0.01753009    0.00000000   -0.55995333
     3

O      -0.01753405    0.00000000    1.13193420
H       0.88652134    0.00000000    1.46662354
CL      -0.01753405    0.00000000   -0.55994262
     3

O      -0.01753802    0.00000000    1.13194492
H       0.88672166    0.00000000    1.46608194
CL      -0.01753802    0.00000000   -0.55993191
     3

O      -0.01754197    0.00000000    1.13195563
H       0.88692165    0.00000000    1.46554021
CL      -0.01754197    0.00000000   -0.55992120
     3

O      -0.01754592    0.00000000    1.13196635
H       0.88712131    0.00000000    1.46499836
CL      -0.01754592    0.00000000   -0.55991048
     3

O      -0.01754986    0.00000000    1.13197707
H       0.88732063    0.00000000    1.46445638
CL      -0.01754986    0.00000000   -0.55989976
     3

O      -0.01755380    0.00000000    1.13198779
H       0.88751963    0.00000000    1.46391429
CL      -0.01755380    0.00000000   -0.55988904
     3

O      -0.01755773    0.00000000    1.13199851
H       0.88771829    0.00000000    1.46337207
CL      -0.01755773    0.00000000   -0.55987831
     3

O      -0.01756165    0.00000000    1.13200924
H       0.88791663    0.00000000    1.46282974
CL      -0.01756165    0.00000000   -0.55986759
     3

O      -0.01756557    0.00000000    1.13201997
H       0.88811463    0.00000000    1.46228728
CL      -0.01756557    0.00000000   -0.55985686
     3

O      -0.01756948    0.00000000    1.13203070
H       0.88831230    0.00000000    1.46174470
CL      -0.01756948    0.00000000   -0.55984613
     3

O      -0.01757338    0.00000000    1.13204143
H       0.88850964    0.00000000    1.46120200
CL      -0.01757338    0.00000000   -0.55983539
     3

O      -0.01757728    0.00000000    1.13205217
H       0.88870664    0.00000000    1.46065918
CL      -0.01757728    0.00000000   -0.55982466
     3

O      -0.01758117    0.00000000    1.13206291
H       0.88890332    0.00000000    1.46011624
CL      -0.01758117    0.00000000   -0.55981392
     3

O      -0.01758505    0.00000000    1.13207365
H       0.88909966    0.00000000    1.45957318
CL      -0.01758505    0.00000000   -0.55980318
     3

O      -0.01758893    0.00000000    1.13208439
H       0.88929567    0.00000000    1.45903000
CL      -0.01758893    0.00000000   -0.55979243
     3

O      -0.01759280    0.00000000    1.13209514
H       0.88949135    0.00000000    1.45848670
CL      -0.01759280    0.00000000   -0.55978169
     3

O      -0.01759666    0.00000000    1.13210589
H       0.88968670    0.00000000    1.45794328
CL      -0.01759666    0.00000000   -0.55977094
     3

O      -0.01760052    0.00000000    1.13211664
H       0.88988172    0.00000000    1.45739974
CL      -0.01760052    0.00000000   -0.55976019
     3

O      -0.01760437    0.00000000    1.13212739
H       0.89007640    0.00000000    1.45685609
CL      -0.01760437    0.00000000   -0.55974944
     3

O      -0.01760821    0.00000000    1.13213814
H       0.89027076    0.00000000    1.45631231
CL      -0.01760821    0.00000000   -0.55973868
     3

O      -0.01761205    0.00000000    1.13214890
H       0.89046478    0.00000000    1.45576842
CL      -0.01761205    0.00000000   -0.55972793
     3

O      -0.01761588    0.00000000    1.13215966
H       0.89065846    0.00000000    1.45522440
CL      -0.01761588    0.00000000   -0.55971717
     3

O      -0.01761970    0.00000000    1.13217042
H       0.89085182    0.00000000    1.45468027
CL      -0.01761970    0.00000000   -0.55970640
     3

O      -0.01762352    0.00000000    1.13218119
H       0.89104484    0.00000000    1.45413602
CL      -0.01762352    0.00000000   -0.55969564
     3

O      -0.01762733    0.00000000    1.13219195
H       0.89123753    0.00000000    1.45359166
CL      -0.01762733    0.00000000   -0.55968487
     3

O      -0.01763114    0.00000000    1.13220272
H       0.89142989    0.00000000    1.45304717
CL      -0.01763114    0.00000000   -0.55967410
     3

O      -0.01763494    0.00000000    1.13221349
H       0.89162191    0.00000000    1.45250257
CL      -0.01763494    0.00000000   -0.55966333
     3

O      -0.01763873    0.00000000    1.13222427
H       0.89181361    0.00000000    1.45195785
CL      -0.01763873    0.00000000   -0.55965256
     3

O      -0.01764251    0.00000000    1.13223504
H       0.89200497    0.00000000    1.45141301
CL      -0.01764251    0.00000000   -0.55964178
     3

O      -0.01764629    0.00000000    1.13224582
H       0.89219599    0.00000000    1.45086806
CL      -0.01764629    0.00000000   -0.55963100
     3

O      -0.01765006    0.00000000    1.13225660
H       0.89238669    0.00000000    1.45032299
CL      -0.01765006    0.00000000   -0.55962022
     3

O      -0.01765383    0.00000000    1.13226739
H       0.89257705    0.00000000    1.44977780
CL      -0.01765383    0.00000000   -0.55960944
     3

O      -0.01765759    0.00000000    1.13227817
H       0.89276708    0.00000000    1.44923250
CL      -0.01765759    0.00000000   -0.55959865
     3

O      -0.01766134    0.00000000    1.13228896
H       0.89295677    0.00000000    1.44868708
CL      -0.01766134    0.00000000   -0.55958787
     3

O      -0.01766508    0.00000000    1.13229975
H       0.89314613    0.00000000    1.44814155
CL      -0.01766508    0.00000000   -0.55957708
     3

O      -0.01766882    0.00000000    1.13231054
H       0.89333516    0.00000000    1.44759590
CL      -0.01766882    0.00000000   -0.55956629
     3

O      -0.01767255    0.00000000    1.13232134
H       0.89352386    0.00000000    1.44705013
CL      -0.01767255    0.00000000   -0.55955549
     3

O      -0.01767628    0.00000000    1.13233213
H       0.89371222    0.00000000    1.44650425
CL      -0.01767628    0.00000000   -0.55954469
     3

O      -0.01768000    0.00000000    1.13234293
H       0.89390024    0.00000000    1.44595826
CL      -0.01768000    0.00000000   -0.55953390
     3

O      -0.01768371    0.00000000    1.13235373
H       0.89408794    0.00000000    1.44541215
CL      -0.01768371    0.00000000   -0.55952309
     3

O      -0.01768742    0.00000000    1.13236454
H       0.89427530    0.00000000    1.44486592
CL      -0.01768742    0.00000000   -0.55951229
     3

O      -0.01769112    0.00000000    1.13237534
H       0.89446233    0.00000000    1.44431959
CL      -0.01769112    0.00000000   -0.55950148
     3

O      -0.01769481    0.00000000    1.13238615
H       0.89464902    0.00000000    1.44377313
CL      -0.01769481    0.00000000   -0.55949068
     3

O      -0.01769849    0.00000000    1.13239696
H       0.89483538    0.00000000    1.44322657
CL      -0.01769849    0.00000000   -0.55947987
     3

O      -0.01770217    0.00000000    1.13240777
H       0.89502140    0.00000000    1.44267988
CL      -0.01770217    0.00000000   -0.55946905
     3

O      -0.01770585    0.00000000    1.13241859
H       0.89520710    0.00000000    1.44213309
CL      -0.01770585    0.00000000   -0.55945824
     3

O      -0.01770951    0.00000000    1.13242940
H       0.89539245    0.00000000    1.44158618
CL      -0.01770951    0.00000000   -0.55944742
     3

O      -0.01771317    0.00000000    1.13244022
H       0.89557748    0.00000000    1.44103916
CL      -0.01771317    0.00000000   -0.55943660
     3

O      -0.01771682    0.00000000    1.13245105
H       0.89576217    0.00000000    1.44049203
CL      -0.01771682    0.00000000   -0.55942578
     3

O      -0.01772047    0.00000000    1.13246187
H       0.89594652    0.00000000    1.43994478
CL      -0.01772047    0.00000000   -0.55941496
     3

O      -0.01772411    0.00000000    1.13247269
H       0.89613054    0.00000000    1.43939742
CL      -0.01772411    0.00000000   -0.55940413
     3

O      -0.01772774    0.00000000    1.13248352
H       0.89631423    0.00000000    1.43884995
CL      -0.01772774    0.00000000   -0.55939330
     3

O      -0.01773137    0.00000000    1.13249435
H       0.89649758    0.00000000    1.43830237
CL      -0.01773137    0.00000000   -0.55938247
     3

O      -0.01773499    0.00000000    1.13250519
H       0.89668060    0.00000000    1.43775467
CL      -0.01773499    0.00000000   -0.55937164
     3

O      -0.01773860    0.00000000    1.13251602
H       0.89686328    0.00000000    1.43720687
CL      -0.01773860    0.00000000   -0.55936081
     3

O      -0.01774221    0.00000000    1.13252686
H       0.89704563    0.00000000    1.43665895
CL      -0.01774221    0.00000000   -0.55934997
     3

O      -0.01774581    0.00000000    1.13253770
H       0.89722764    0.00000000    1.43611092
CL      -0.01774581    0.00000000   -0.55933913
     3

O      -0.01774940    0.00000000    1.13254854
H       0.89740932    0.00000000    1.43556278
CL      -0.01774940    0.00000000   -0.55932829
     3

O      -0.01775299    0.00000000    1.13255938
H       0.89759066    0.00000000    1.43501453
CL      -0.01775299    0.00000000   -0.55931744
     3

O      -0.01775657    0.00000000    1.13257023
H       0.89777167    0.00000000    1.43446617
CL      -0.01775657    0.00000000   -0.55930660
     3

O      -0.01776014    0.00000000    1.13258108
H       0.89795234    0.00000000    1.43391769
CL      -0.01776014    0.00000000   -0.55929575
     3

O      -0.01776371    0.00000000    1.13259193
H       0.89813268    0.00000000    1.43336911
CL      -0.01776371    0.00000000   -0.55928490
     3

O      -0.01776727    0.00000000    1.13260278
H       0.89831268    0.00000000    1.43282042
CL      -0.01776727    0.00000000   -0.55927405
     3

O      -0.01777082    0.00000000    1.13261363
H       0.89849235    0.00000000    1.43227161
CL      -0.01777082    0.00000000   -0.55926319
     3

O      -0.01777437    0.00000000    1.13262449
H       0.89867168    0.00000000    1.43172270
CL      -0.01777437    0.00000000   -0.55925234
     3

O      -0.01777791    0.00000000    1.13263535
H       0.89885068    0.00000000    1.43117368
CL      -0.01777791    0.00000000   -0.55924148
     3

O      -0.01778144    0.00000000    1.13264621
H       0.89902934    0.00000000    1.43062455
CL      -0.01778144    0.00000000   -0.55923062
     3

O      -0.01778497    0.00000000    1.13265707
H       0.89920767    0.00000000    1.43007531
CL      -0.01778497    0.00000000   -0.55921975
     3

O      -0.01778849    0.00000000    1.13266794
H       0.89938566    0.00000000    1.42952596
CL      -0.01778849    0.00000000   -0.55920889
     3

O      -0.01779201    0.00000000    1.13267880
H       0.89956332    0.00000000    1.42897650
CL      -0.01779201    0.00000000   -0.55919802
     3

O      -0.01779551    0.00000000    1.13268967
H       0.89974064    0.00000000    1.42842693
CL      -0.01779551    0.00000000   -0.55918715
     3

O      -0.01779901    0.00000000    1.13270055
H       0.89991762    0.00000000    1.42787726
CL      -0.01779901    0.00000000   -0.55917628
     3

O      -0.01780251    0.00000000    1.13271142
H       0.90009427    0.00000000    1.42732748
CL      -0.01780251    0.00000000   -0.55916541
     3

O      -0.01780599    0.00000000    1.13272230
H       0.90027058    0.00000000    1.42677759
CL      -0.01780599    0.00000000   -0.55915453
     3

O      -0.01780947    0.00000000    1.13273317
H       0.90044656    0.00000000    1.42622759
CL      -0.01780947    0.00000000   -0.55914365
     3

O      -0.01781295    0.00000000    1.13274405
H       0.90062220    0.00000000    1.42567748
CL      -0.01781295    0.00000000   -0.55913277
     3

O      -0.01781642    0.00000000    1.13275494
H       0.90079750    0.00000000    1.42512727
CL      -0.01781642    0.00000000   -0.55912189
     3

O      -0.01781988    0.00000000    1.13276582
H       0.90097247    0.00000000    1.42457695
CL      -0.01781988    0.00000000   -0.55911101
     3

O      -0.01782333    0.00000000    1.13277671
H       0.90114710    0.00000000    1.42402653
CL      -0.01782333    0.00000000   -0.55910012
     3

O      -0.01782678    0.00000000    1.13278760
H       0.90132140    0.00000000    1.42347599
CL      -0.01782678    0.00000000   -0.55908923
     3

O      -0.01783022    0.00000000    1.13279849
H       0.90149536    0.00000000    1.42292536
CL      -0.01783022    0.00000000   -0.55907834
     3

O      -0.01783365    0.00000000    1.13280938
H       0.90166898    0.00000000    1.42237461
CL      -0.01783365    0.00000000   -0.55906745
     3

O      -0.01783708    0.00000000    1.13282028
H       0.90184227    0.00000000    1.42182376
CL      -0.01783708    0.00000000   -0.55905655
     3

O      -0.01784050    0.00000000    1.13283117
H       0.90201522    0.00000000    1.42127280
CL      -0.01784050    0.00000000   -0.55904565
     3

O      -0.01784391    0.00000000    1.13284207
H       0.90218783    0.00000000    1.42072174
CL      -0.01784391    0.00000000   -0.55903476
     3

O      -0.01784732    0.00000000    1.13285297
H       0.90236011    0.00000000    1.42017057
CL      -0.01784732    0.00000000   -0.55902385
     3

O      -0.01785072    0.00000000    1.13286388
H       0.90253205    0.00000000    1.41961930
CL      -0.01785072    0.00000000   -0.55901295
     3

O      -0.01785412    0.00000000    1.13287478
H       0.90270365    0.00000000    1.41906792
CL      -0.01785412    0.00000000   -0.55900205
     3

O      -0.01785750    0.00000000    1.13288569
H       0.90287492    0.00000000    1.41851644
CL      -0.01785750    0.00000000   -0.55899114
     3

O      -0.01786088    0.00000000    1.13289660
H       0.90304584    0.00000000    1.41796485
CL      -0.01786088    0.00000000   -0.55898023
     3

O      -0.01786426    0.00000000    1.13290751
H       0.90321644    0.00000000    1.41741316
CL      -0.01786426    0.00000000   -0.55896932
     3

O      -0.01786763    0.00000000    1.13291842
H       0.90338669    0.00000000    1.41686136
CL      -0.01786763    0.00000000   -0.55895840
     3

O      -0.01787099    0.00000000    1.13292934
H       0.90355661    0.00000000    1.41630946
CL      -0.01787099    0.00000000   -0.55894749
     3

O      -0.01787434    0.00000000    1.13294026
H       0.90372619    0.00000000    1.41575746
CL      -0.01787434    0.00000000   -0.55893657
     3

O      -0.01787769    0.00000000    1.13295118
H       0.90389544    0.00000000    1.41520535
CL      -0.01787769    0.00000000   -0.55892565
     3

O      -0.01788103    0.00000000    1.13296210
H       0.90406434    0.00000000    1.41465314
CL      -0.01788103    0.00000000   -0.55891473
     3

O      -0.01788436    0.00000000    1.13297302
H       0.90423291    0.00000000    1.41410083
CL      -0.01788436    0.00000000   -0.55890380
     3

O      -0.01788769    0.00000000    1.13298395
H       0.90440114    0.00000000    1.41354842
CL      -0.01788769    0.00000000   -0.55889288
     3

O      -0.01789101    0.00000000    1.13299488
H       0.90456904    0.00000000    1.41299590
CL      -0.01789101    0.00000000   -0.55888195
     3

O      -0.01789432    0.00000000    1.13300581
H       0.90473659    0.00000000    1.41244328
CL      -0.01789432    0.00000000   -0.55887102
     3

O      -0.01789763    0.00000000    1.13301674
H       0.90490381    0.00000000    1.41189055
CL      -0.01789763    0.00000000   -0.55886009
     3

O      -0.01790093    0.00000000    1.13302767
H       0.90507069    0.00000000    1.41133773
CL      -0.01790093    0.00000000   -0.55884915
     3

O      -0.01790423    0.00000000    1.13303861
H       0.90523724    0.00000000    1.41078480
CL      -0.01790423    0.00000000   -0.55883822
     3

O      -0.01790751    0.00000000    1.13304955
H       0.90540344    0.00000000    1.41023177
CL      -0.01790751    0.00000000   -0.55882728
     3

O      -0.01791079    0.00000000    1.13306049
H       0.90556931    0.00000000    1.40967864
CL      -0.01791079    0.00000000   -0.55881634
     3

O      -0.01791407    0.00000000    1.13307143
H       0.90573484    0.00000000    1.40912541
CL      -0.01791407    0.00000000   -0.55880540
     3

O      -0.01791734    0.00000000    1.13308237
H       0.90590003    0.00000000    1.40857208
CL      -0.01791734    0.00000000   -0.55879445
     3

O      -0.01792060    0.00000000    1.13309332
H       0.90606489    0.00000000    1.40801864
CL      -0.01792060    0.00000000   -0.55878351
     3

O      -0.01792385    0.00000000    1.13310427
H       0.90622941    0.00000000    1.40746511
CL      -0.01792385    0.00000000   -0.55877256
     3

O      -0.01792710    0.00000000    1.13311522
H       0.90639358    0.00000000    1.40691148
CL      -0.01792710    0.00000000   -0.55876161
     3

O      -0.01793034    0.00000000    1.13312617
H       0.90655742    0.00000000    1.40635774
CL      -0.01793034    0.00000000   -0.55875066
     3

O      -0.01793357    0.00000000    1.13313712
H       0.90672092    0.00000000    1.40580391
CL      -0.01793357    0.00000000   -0.55873970
     3

O      -0.01793680    0.00000000    1.13314808
H       0.90688409    0.00000000    1.40524997
CL      -0.01793680    0.00000000   -0.55872875
     3

O      -0.01794002    0.00000000    1.13315904
H       0.90704691    0.00000000    1.40469594
CL      -0.01794002    0.00000000   -0.55871779
     3

O      -0.01794323    0.00000000    1.13317000
H       0.90720940    0.00000000    1.40414181
CL      -0.01794323    0.00000000   -0.55870683
     3

O      -0.01794644    0.00000000    1.13318096
H       0.90737155    0.00000000    1.40358758
CL      -0.01794644    0.00000000   -0.55869587
     3

O      -0.01794964    0.00000000    1.13319192
H       0.90753335    0.00000000    1.40303324
CL      -0.01794964    0.00000000   -0.55868490
     3

O      -0.01795283    0.00000000    1.13320289
H       0.90769482    0.00000000    1.40247881
CL      -0.01795283    0.00000000   -0.55867394
     3

O      -0.01795602    0.00000000    1.13321386
H       0.90785596    0.00000000    1.40192429
CL      -0.01795602    0.00000000   -0.55866297
     3

O      -0.01795920    0.00000000    1.13322483
H       0.90801675    0.00000000    1.40136966
CL      -0.01795920    0.00000000   -0.55865200
     3

O      -0.01796237    0.00000000    1.13323580
H       0.90817720    0.00000000    1.40081493
CL      -0.01796237    0.00000000   -0.55864103
     3

O      -0.01796554    0.00000000    1.13324677
H       0.90833732    0.00000000    1.40026011
CL      -0.01796554    0.00000000   -0.55863005
     3

O      -0.01796870    0.00000000    1.13325775
H       0.90849709    0.00000000    1.39970519
CL      -0.01796870    0.00000000   -0.55861908
     3

O      -0.01797186    0.00000000    1.13326872
H       0.90865653    0.00000000    1.39915017
CL      -0.01797186    0.00000000   -0.55860810
     3

O      -0.01797500    0.00000000    1.13327970
H       0.90881563    0.00000000    1.39859506
CL      -0.01797500    0.00000000   -0.55859712
     3

O      -0.01797814    0.00000000    1.13329069
H       0.90897439    0.00000000    1.39803984
CL      -0.01797814    0.00000000   -0.55858614
     3

O      -0.01798128    0.00000000    1.13330167
H       0.90913281    0.00000000    1.39748454
CL      -0.01798128    0.00000000   -0.55857516
     3

O      -0.01798440    0.00000000    1.13331265
H       0.90929089    0.00000000    1.39692913
CL      -0.01798440    0.00000000   -0.55856417
     3

O      -0.01798752    0.00000000    1.13332364
H       0.90944863    0.00000000    1.39637363
CL      -0.01798752    0.00000000   -0.55855319
     3

O      -0.01799063    0.00000000    1.13333463
H       0.90960603    0.00000000    1.39581803
CL      -0.01799063    0.00000000   -0.55854220
     3

O      -0.01799374    0.00000000    1.13334562
H       0.90976309    0.00000000    1.39526233
CL      -0.01799374    0.00000000   -0.55853121
     3

O      -0.01799684    0.00000000    1.13335661
H       0.90991982    0.00000000    1.39470654
CL      -0.01799684    0.00000000   -0.55852021
     3

O      -0.01799993    0.00000000    1.13336761
H       0.91007620    0.00000000    1.39415066
CL      -0.01799993    0.00000000   -0.55850922
     3

O      -0.01800302    0.00000000    1.13337860
H       0.91023224    0.00000000    1.39359468
CL      -0.01800302    0.00000000   -0.55849822
     3

O      -0.01800610    0.00000000    1.13338960
H       0.91038795    0.00000000    1.39303860
CL      -0.01800610    0.00000000   -0.55848722
     3

O      -0.01800917    0.00000000    1.13340060
H       0.91054331    0.00000000    1.39248243
CL      -0.01800917    0.00000000   -0.55847622
     3

O      -0.01801224    0.00000000    1.13341160
H       0.91069834    0.00000000    1.39192616
CL      -0.01801224    0.00000000   -0.55846522
     3

O      -0.01801530    0.00000000    1.13342261
H       0.91085302    0.00000000    1.39136980
CL      -0.01801530    0.00000000   -0.55845422
     3

O      -0.01801835    0.00000000    1.13343361
H       0.91100737    0.00000000    1.39081334
CL      -0.01801835    0.00000000   -0.55844321
     3

O      -0.01802140    0.00000000    1.13344462
H       0.91116137    0.00000000    1.39025679
CL      -0.01802140    0.00000000   -0.55843220
     3

O      -0.01802444    0.00000000    1.13345563
H       0.91131504    0.00000000    1.38970015
CL      -0.01802444    0.00000000   -0.55842119
     3

O      -0.01802747    0.00000000    1.13346664
H       0.91146836    0.00000000    1.38914341
CL      -0.01802747    0.00000000   -0.55841018
     3

O      -0.01803049    0.00000000    1.13347766
H       0.91162135    0.00000000    1.38858658
CL      -0.01803049    0.00000000   -0.55839917
     3

O      -0.01803351    0.00000000    1.13348867
H       0.91177399    0.00000000    1.38802966
CL      -0.01803351    0.00000000   -0.55838816
     3

O      -0.01803653    0.00000000    1.13349969
H       0.91192630    0.00000000    1.38747264
CL      -0.01803653    0.00000000   -0.55837714
     3

O      -0.01803953    0.00000000    1.13351071
H       0.91207826    0.00000000    1.38691553
CL      -0.01803953    0.00000000   -0.55836612
     3

O      -0.01804253    0.00000000    1.13352173
H       0.91222988    0.00000000    1.38635833
CL      -0.01804253    0.00000000   -0.55835510
     3

O      -0.01804552    0.00000000    1.13353275
H       0.91238117    0.00000000    1.38580103
CL      -0.01804552    0.00000000   -0.55834408
     3

O      -0.01804851    0.00000000    1.13354377
H       0.91253211    0.00000000    1.38524364
CL      -0.01804851    0.00000000   -0.55833305
     3

O      -0.01805149    0.00000000    1.13355480
H       0.91268271    0.00000000    1.38468616
CL      -0.01805149    0.00000000   -0.55832203
     3

O      -0.01805446    0.00000000    1.13356583
H       0.91283297    0.00000000    1.38412859
CL      -0.01805446    0.00000000   -0.55831100
     3

O      -0.01805742    0.00000000    1.13357686
H       0.91298290    0.00000000    1.38357093
CL      -0.01805742    0.00000000   -0.55829997
     3

O      -0.01806038    0.00000000    1.13358789
H       0.91313248    0.00000000    1.38301317
CL      -0.01806038    0.00000000   -0.55828894
     3

O      -0.01806333    0.00000000    1.13359892
H       0.91328172    0.00000000    1.38245532
CL      -0.01806333    0.00000000   -0.55827790
     3

O      -0.01806628    0.00000000    1.13360996
H       0.91343062    0.00000000    1.38189739
CL      -0.01806628    0.00000000   -0.55826687
     3

O      -0.01806922    0.00000000    1.13362100
H       0.91357917    0.00000000    1.38133936
CL      -0.01806922    0.00000000   -0.55825583
     3

O      -0.01807215    0.00000000    1.13363203
H       0.91372739    0.00000000    1.38078124
CL      -0.01807215    0.00000000   -0.55824479
     3

O      -0.01807507    0.00000000    1.13364307
H       0.91387527    0.00000000    1.38022303
CL      -0.01807507    0.00000000   -0.55823375
     3

O      -0.01807799    0.00000000    1.13365412
H       0.91402280    0.00000000    1.37966473
CL      -0.01807799    0.00000000   -0.55822271
     3

O      -0.01808090    0.00000000    1.13366516
H       0.91417000    0.00000000    1.37910634
CL      -0.01808090    0.00000000   -0.55821167
     3

O      -0.01808381    0.00000000    1.13367621
H       0.91431685    0.00000000    1.37854786
CL      -0.01808381    0.00000000   -0.55820062
     3

O      -0.01808671    0.00000000    1.13368725
H       0.91446336    0.00000000    1.37798929
CL      -0.01808671    0.00000000   -0.55818957
     3

O      -0.01808960    0.00000000    1.13369830
H       0.91460953    0.00000000    1.37743063
CL      -0.01808960    0.00000000   -0.55817852
     3

O      -0.01809248    0.00000000    1.13370936
H       0.91475536    0.00000000    1.37687189
CL      -0.01809248    0.00000000   -0.55816747
     3

O      -0.01809536    0.00000000    1.13372041
H       0.91490085    0.00000000    1.37631305
CL      -0.01809536    0.00000000   -0.55815642
     3

O      -0.01809823    0.00000000    1.13373146
H       0.91504600    0.00000000    1.37575412
CL      -0.01809823    0.00000000   -0.55814536
     3

O      -0.01810109    0.00000000    1.13374252
H       0.91519080    0.00000000    1.37519511
CL      -0.01810109    0.00000000   -0.55813431
     3

O      -0.01810395    0.00000000    1.13375358
H       0.91533526    0.00000000    1.37463601
CL      -0.01810395    0.00000000   -0.55812325
     3

O      -0.01810680    0.00000000    1.13376464
H       0.91547939    0.00000000    1.37407682
CL      -0.01810680    0.00000000   -0.55811219
     3

O      -0.01810964    0.00000000    1.13377570
H       0.91562317    0.00000000    1.37351754
CL      -0.01810964    0.00000000   -0.55810113
     3

O      -0.01811248    0.00000000    1.13378676
H       0.91576661    0.00000000    1.37295817
CL      -0.01811248    0.00000000   -0.55809006
     3

O      -0.01811531    0.00000000    1.13379783
H       0.91590970    0.00000000    1.37239872
CL      -0.01811531    0.00000000   -0.55807900
     3

O      -0.01811814    0.00000000    1.13380889
H       0.91605246    0.00000000    1.37183918
CL      -0.01811814    0.00000000   -0.55806793
     3

O      -0.01812095    0.00000000    1.13381996
H       0.91619487    0.00000000    1.37127955
CL      -0.01812095    0.00000000   -0.55805686
     3

O      -0.01812376    0.00000000    1.13383103
H       0.91633694    0.00000000    1.37071983
CL      -0.01812376    0.00000000   -0.55804579
     3

O      -0.01812657    0.00000000    1.13384211
H       0.91647867    0.00000000    1.37016003
CL      -0.01812657    0.00000000   -0.55803472
     3

O      -0.01812936    0.00000000    1.13385318
H       0.91662006    0.00000000    1.36960014
CL      -0.01812936    0.00000000   -0.55802365
     3

O      -0.01813215    0.00000000    1.13386426
H       0.91676111    0.00000000    1.36904017
CL      -0.01813215    0.00000000   -0.55801257
     3

O      -0.01813493    0.00000000    1.13387533
H       0.91690181    0.00000000    1.36848011
CL      -0.01813493    0.00000000   -0.55800149
     3

O      -0.01813771    0.00000000    1.13388641
H       0.91704217    0.00000000    1.36791996
CL      -0.01813771    0.00000000   -0.55799042
     3

O      -0.01814048    0.00000000    1.13389749
H       0.91718219    0.00000000    1.36735973
CL      -0.01814048    0.00000000   -0.55797934
     3

O      -0.01814324    0.00000000    1.13390857
H       0.91732187    0.00000000    1.36679941
CL      -0.01814324    0.00000000   -0.55796825
     3

O      -0.01814600    0.00000000    1.13391966
H       0.91746120    0.00000000    1.36623901
CL      -0.01814600    0.00000000   -0.55795717
     3

O      -0.01814875    0.00000000    1.13393074
H       0.91760019    0.00000000    1.36567852
CL      -0.01814875    0.00000000   -0.55794608
     3

O      -0.01815149    0.00000000    1.13394183
H       0.91773884    0.00000000    1.36511795
CL      -0.01815149    0.00000000   -0.55793500
     3

O      -0.01815423    0.00000000    1.13395292
H       0.91787715    0.00000000    1.36455729
CL      -0.01815423    0.00000000   -0.55792391
     3

O      -0.01815695    0.00000000    1.13396401
H       0.91801511    0.00000000    1.36399655
CL      -0.01815695    0.00000000   -0.55791282
     3

O      -0.01815968    0.00000000    1.13397510
H       0.91815274    0.00000000    1.36343573
CL      -0.01815968    0.00000000   -0.55790172
     3

O      -0.01816239    0.00000000    1.13398620
H       0.91829002    0.00000000    1.36287482
CL      -0.01816239    0.00000000   -0.55789063
     3

O      -0.01816510    0.00000000    1.13399729
H       0.91842695    0.00000000    1.36231382
CL      -0.01816510    0.00000000   -0.55787953
     3

O      -0.01816780    0.00000000    1.13400839
H       0.91856355    0.00000000    1.36175275
CL      -0.01816780    0.00000000   -0.55786844
     3

O      -0.01817050    0.00000000    1.13401949
H       0.91869980    0.00000000    1.36119159
CL      -0.01817050    0.00000000   -0.55785734
     3

O      -0.01817318    0.00000000    1.13403059
H       0.91883571    0.00000000    1.36063034
CL      -0.01817318    0.00000000   -0.55784624
     3

O      -0.01817587    0.00000000    1.13404169
H       0.91897127    0.00000000    1.36006902
CL      -0.01817587    0.00000000   -0.55783514
     3

O      -0.01817854    0.00000000    1.13405279
H       0.91910650    0.00000000    1.35950761
CL      -0.01817854    0.00000000   -0.55782403
     3

O      -0.01818121    0.00000000    1.13406390
H       0.91924138    0.00000000    1.35894612
CL      -0.01818121    0.00000000   -0.55781293
     3

O      -0.01818387    0.00000000    1.13407501
H       0.91937591    0.00000000    1.35838454
CL      -0.01818387    0.00000000   -0.55780182
     3

O      -0.01818652    0.00000000    1.13408612
H       0.91951011    0.00000000    1.35782289
CL      -0.01818652    0.00000000   -0.55779071
     3

O      -0.01818917    0.00000000    1.13409723
H       0.91964396    0.00000000    1.35726115
CL      -0.01818917    0.00000000   -0.55777960
     3

O      -0.01819181    0.00000000    1.13410834
H       0.91977747    0.00000000    1.35669933
CL      -0.01819181    0.00000000   -0.55776849
     3

O      -0.01819444    0.00000000    1.13411945
H       0.91991063    0.00000000    1.35613743
CL      -0.01819444    0.00000000   -0.55775737
     3

O      -0.01819707    0.00000000    1.13413057
H       0.92004345    0.00000000    1.35557545
CL      -0.01819707    0.00000000   -0.55774626
     3

O      -0.01819969    0.00000000    1.13414168
H       0.92017593    0.00000000    1.35501338
CL      -0.01819969    0.00000000   -0.55773514
     3

O      -0.01820230    0.00000000    1.13415280
H       0.92030806    0.00000000    1.35445124
CL      -0.01820230    0.00000000   -0.55772402
     3

O      -0.01820491    0.00000000    1.13416392
H       0.92043985    0.00000000    1.35388902
CL      -0.01820491    0.00000000   -0.55771290
     3

O      -0.01820751    0.00000000    1.13417504
H       0.92057130    0.00000000    1.35332671
CL      -0.01820751    0.00000000   -0.55770178
     3

O      -0.01821010    0.00000000    1.13418617
H       0.92070240    0.00000000    1.35276433
CL      -0.01821010    0.00000000   -0.55769066
     3

O      -0.01821269    0.00000000    1.13419729
H       0.92083317    0.00000000    1.35220186
CL      -0.01821269    0.00000000   -0.55767954
     3

O      -0.01821527    0.00000000    1.13420842
H       0.92096358    0.00000000    1.35163932
CL      -0.01821527    0.00000000   -0.55766841
     3

O      -0.01821784    0.00000000    1.13421955
H       0.92109365    0.00000000    1.35107669
CL      -0.01821784    0.00000000   -0.55765728
     3

O      -0.01822041    0.00000000    1.13423067
H       0.92122338    0.00000000    1.35051399
CL      -0.01822041    0.00000000   -0.55764615
     3

O      -0.01822297    0.00000000    1.13424181
H       0.92135277    0.00000000    1.34995121
CL      -0.01822297    0.00000000   -0.55763502
     3

O      -0.01822552    0.00000000    1.13425294
H       0.92148181    0.00000000    1.34938834
CL      -0.01822552    0.00000000   -0.55762389
     3

O      -0.01822807    0.00000000    1.13426407
H       0.92161051    0.00000000    1.34882540
CL      -0.01822807    0.00000000   -0.55761275
     3

O      -0.01823060    0.00000000    1.13427521
H       0.92173886    0.00000000    1.34826238
CL      -0.01823060    0.00000000   -0.55760162
     3

O      -0.01823314    0.00000000    1.13428635
H       0.92186687    0.00000000    1.34769929
CL      -0.01823314    0.00000000   -0.55759048
     3

O      -0.01823566    0.00000000    1.13429748
H       0.92199454    0.00000000    1.34713611
CL      -0.01823566    0.00000000   -0.55757934
     3

O      -0.01823818    0.00000000    1.13430862
H       0.92212186    0.00000000    1.34657286
CL      -0.01823818    0.00000000   -0.55756820
     3

O      -0.01824069    0.00000000    1.13431977
H       0.92224884    0.00000000    1.34600953
CL      -0.01824069    0.00000000   -0.55755706
     3

O      -0.01824320    0.00000000    1.13433091
H       0.92237547    0.00000000    1.34544612
CL      -0.01824320    0.00000000   -0.55754592
     3

O      -0.01824569    0.00000000    1.13434205
H       0.92250176    0.00000000    1.34488263
CL      -0.01824569    0.00000000   -0.55753477
     3

O      -0.01824818    0.00000000    1.13435320
H       0.92262771    0.00000000    1.34431907
CL      -0.01824818    0.00000000   -0.55752363
     3

O      -0.01825067    0.00000000    1.13436435
H       0.92275331    0.00000000    1.34375543
CL      -0.01825067    0.00000000   -0.55751248
     3

O      -0.01825315    0.00000000    1.13437550
H       0.92287857    0.00000000    1.34319171
CL      -0.01825315    0.00000000   -0.55750133
     3

O      -0.01825562    0.00000000    1.13438665
H       0.92300348    0.00000000    1.34262792
CL      -0.01825562    0.00000000   -0.55749018
     3

O      -0.01825808    0.00000000    1.13439780
H       0.92312805    0.00000000    1.34206405
CL      -0.01825808    0.00000000   -0.55747902
     3

O      -0.01826054    0.00000000    1.13440896
H       0.92325227    0.00000000    1.34150011
CL      -0.01826054    0.00000000   -0.55746787
     3

O      -0.01826299    0.00000000    1.13442011
H       0.92337615    0.00000000    1.34093609
CL      -0.01826299    0.00000000   -0.55745672
     3

O      -0.01826543    0.00000000    1.13443127
H       0.92349968    0.00000000    1.34037199
CL      -0.01826543    0.00000000   -0.55744556
     3

O      -0.01826787    0.00000000    1.13444243
H       0.92362287    0.00000000    1.33980782
CL      -0.01826787    0.00000000   -0.55743440
     3

O      -0.01827030    0.00000000    1.13445359
H       0.92374572    0.00000000    1.33924357
CL      -0.01827030    0.00000000   -0.55742324
     3

O      -0.01827272    0.00000000    1.13446475
H       0.92386822    0.00000000    1.33867925
CL      -0.01827272    0.00000000   -0.55741208
     3

O      -0.01827514    0.00000000    1.13447591
H       0.92399037    0.00000000    1.33811486
CL      -0.01827514    0.00000000   -0.55740092
     3

O      -0.01827754    0.00000000    1.13448708
H       0.92411219    0.00000000    1.33755038
CL      -0.01827754    0.00000000   -0.55738975
     3

O      -0.01827995    0.00000000    1.13449824
H       0.92423365    0.00000000    1.33698584
CL      -0.01827995    0.00000000   -0.55737859
     3

O      -0.01828234    0.00000000    1.13450941
H       0.92435477    0.00000000    1.33642122
CL      -0.01828234    0.00000000   -0.55736742
     3

O      -0.01828473    0.00000000    1.13452058
H       0.92447555    0.00000000    1.33585653
CL      -0.01828473    0.00000000   -0.55735625
     3

O      -0.01828711    0.00000000    1.13453175
H       0.92459598    0.00000000    1.33529176
CL      -0.01828711    0.00000000   -0.55734508
     3

O      -0.01828949    0.00000000    1.13454292
H       0.92471607    0.00000000    1.33472692
CL      -0.01828949    0.00000000   -0.55733391
     3

O      -0.01829186    0.00000000    1.13455409
H       0.92483581    0.00000000    1.33416201
CL      -0.01829186    0.00000000   -0.55732273
     3

O      -0.01829422    0.00000000    1.13456527
H       0.92495520    0.00000000    1.33359702
CL      -0.01829422    0.00000000   -0.55731156
     3

O      -0.01829657    0.00000000    1.13457644
H       0.92507426    0.00000000    1.33303196
CL      -0.01829657    0.00000000   -0.55730038
     3

O      -0.01829892    0.00000000    1.13458762
H       0.92519296    0.00000000    1.33246683
CL      -0.01829892    0.00000000   -0.55728921
     3

O      -0.01830126    0.00000000    1.13459880
H       0.92531132    0.00000000    1.33190162
CL      -0.01830126    0.00000000   -0.55727803
     3

O      -0.01830360    0.00000000    1.13460998
H       0.92542934    0.00000000    1.33133635
CL      -0.01830360    0.00000000   -0.55726685
     3

O      -0.01830592    0.00000000    1.13462116
H       0.92554701    0.00000000    1.33077100
CL      -0.01830592    0.00000000   -0.55725567
     3

O      -0.01830824    0.00000000    1.13463234
H       0.92566433    0.00000000    1.33020558
CL      -0.01830824    0.00000000   -0.55724448
     3

O      -0.01831056    0.00000000    1.13464353
H       0.92578131    0.00000000    1.32964009
CL      -0.01831056    0.00000000   -0.55723330
     3

O      -0.01831286    0.00000000    1.13465472
H       0.92589794    0.00000000    1.32907452
CL      -0.01831286    0.00000000   -0.55722211
     3

O      -0.01831516    0.00000000    1.13466590
H       0.92601423    0.00000000    1.32850889
CL      -0.01831516    0.00000000   -0.55721092
     3

O      -0.01831746    0.00000000    1.13467709
H       0.92613017    0.00000000    1.32794318
CL      -0.01831746    0.00000000   -0.55719974
     3

O      -0.01831974    0.00000000    1.13468828
H       0.92624577    0.00000000    1.32737741
CL      -0.01831974    0.00000000   -0.55718855
     3

O      -0.01832202    0.00000000    1.13469947
H       0.92636102    0.00000000    1.32681156
CL      -0.01832202    0.00000000   -0.55717735
     3

O      -0.01832430    0.00000000    1.13471067
H       0.92647593    0.00000000    1.32624564
CL      -0.01832430    0.00000000   -0.55716616
     3

O      -0.01832656    0.00000000    1.13472186
H       0.92659049    0.00000000    1.32567966
CL      -0.01832656    0.00000000   -0.55715497
     3

O      -0.01832882    0.00000000    1.13473306
H       0.92670470    0.00000000    1.32511360
CL      -0.01832882    0.00000000   -0.55714377
     3

O      -0.01833107    0.00000000    1.13474425
H       0.92681857    0.00000000    1.32454747
CL      -0.01833107    0.00000000   -0.55713257
     3

O      -0.01833332    0.00000000    1.13475545
H       0.92693209    0.00000000    1.32398128
CL      -0.01833332    0.00000000   -0.55712137
     3

O      -0.01833556    0.00000000    1.13476665
H       0.92704527    0.00000000    1.32341501
CL      -0.01833556    0.00000000   -0.55711017
     3

O      -0.01833779    0.00000000    1.13477785
H       0.92715810    0.00000000    1.32284868
CL      -0.01833779    0.00000000   -0.55709897
     3

O      -0.01834001    0.00000000    1.13478906
H       0.92727059    0.00000000    1.32228228
CL      -0.01834001    0.00000000   -0.55708777
     3

O      -0.01834223    0.00000000    1.13480026
H       0.92738272    0.00000000    1.32171580
CL      -0.01834223    0.00000000   -0.55707657
     3

O      -0.01834444    0.00000000    1.13481146
H       0.92749452    0.00000000    1.32114926
CL      -0.01834444    0.00000000   -0.55706536
     3

O      -0.01834665    0.00000000    1.13482267
H       0.92760596    0.00000000    1.32058266
CL      -0.01834665    0.00000000   -0.55705416
     3

O      -0.01834884    0.00000000    1.13483388
H       0.92771706    0.00000000    1.32001598
CL      -0.01834884    0.00000000   -0.55704295
     3

O      -0.01835103    0.00000000    1.13484509
H       0.92782782    0.00000000    1.31944924
CL      -0.01835103    0.00000000   -0.55703174
     3

O      -0.01835322    0.00000000    1.13485630
H       0.92793823    0.00000000    1.31888242
CL      -0.01835322    0.00000000   -0.55702053
     3

O      -0.01835539    0.00000000    1.13486751
H       0.92804829    0.00000000    1.31831555
CL      -0.01835539    0.00000000   -0.55700932
     3

O      -0.01835756    0.00000000    1.13487872
H       0.92815800    0.00000000    1.31774860
CL      -0.01835756    0.00000000   -0.55699810
     3

O      -0.01835973    0.00000000    1.13488994
H       0.92826737    0.00000000    1.31718159
CL      -0.01835973    0.00000000   -0.55698689
     3

O      -0.01836188    0.00000000    1.13490116
H       0.92837640    0.00000000    1.31661451
CL      -0.01836188    0.00000000   -0.55697567
     3

O      -0.01836403    0.00000000    1.13491237
H       0.92848507    0.00000000    1.31604736
CL      -0.01836403    0.00000000   -0.55696445
     3

O      -0.01836618    0.00000000    1.13492359
H       0.92859340    0.00000000    1.31548015
CL      -0.01836618    0.00000000   -0.55695324
     3

O      -0.01836831    0.00000000    1.13493481
H       0.92870138    0.00000000    1.31491287
CL      -0.01836831    0.00000000   -0.55694202
     3

O      -0.01837044    0.00000000    1.13494603
H       0.92880902    0.00000000    1.31434553
CL      -0.01837044    0.00000000   -0.55693079
     3

O      -0.01837256    0.00000000    1.13495726
H       0.92891631    0.00000000    1.31377812
CL      -0.01837256    0.00000000   -0.55691957
     3

O      -0.01837468    0.00000000    1.13496848
H       0.92902325    0.00000000    1.31321064
CL      -0.01837468    0.00000000   -0.55690835
     3

O      -0.01837679    0.00000000    1.13497970
H       0.92912985    0.00000000    1.31264310
CL      -0.01837679    0.00000000   -0.55689712
     3

O      -0.01837889    0.00000000    1.13499093
H       0.92923610    0.00000000    1.31207549
CL      -0.01837889    0.00000000   -0.55688590
     3

O      -0.01838098    0.00000000    1.13500216
H       0.92934201    0.00000000    1.31150782
CL      -0.01838098    0.00000000   -0.55687467
     3

O      -0.01838307    0.00000000    1.13501339
H       0.92944756    0.00000000    1.31094009
CL      -0.01838307    0.00000000   -0.55686344
     3

O      -0.01838515    0.00000000    1.13502462
H       0.92955277    0.00000000    1.31037229
CL      -0.01838515    0.00000000   -0.55685221
     3

O      -0.01838723    0.00000000    1.13503585
H       0.92965763    0.00000000    1.30980443
CL      -0.01838723    0.00000000   -0.55684098
     3

O      -0.01838929    0.00000000    1.13504708
H       0.92976215    0.00000000    1.30923650
CL      -0.01838929    0.00000000   -0.55682975
     3

O      -0.01839135    0.00000000    1.13505832
H       0.92986632    0.00000000    1.30866851
CL      -0.01839135    0.00000000   -0.55681851
     3

O      -0.01839341    0.00000000    1.13506955
H       0.92997014    0.00000000    1.30810045
CL      -0.01839341    0.00000000   -0.55680728
     3

O      -0.01839545    0.00000000    1.13508079
H       0.93007362    0.00000000    1.30753233
CL      -0.01839545    0.00000000   -0.55679604
     3

O      -0.01839749    0.00000000    1.13509202
H       0.93017674    0.00000000    1.30696415
CL      -0.01839749    0.00000000   -0.55678480
     3

O      -0.01839953    0.00000000    1.13510326
H       0.93027953    0.00000000    1.30639591
CL      -0.01839953    0.00000000   -0.55677356
     3

O      -0.01840155    0.00000000    1.13511450
H       0.93038196    0.00000000    1.30582760
CL      -0.01840155    0.00000000   -0.55676232
     3

O      -0.01840357    0.00000000    1.13512575
H       0.93048405    0.00000000    1.30525923
CL      -0.01840357    0.00000000   -0.55675108
     3

O      -0.01840558    0.00000000    1.13513699
H       0.93058578    0.00000000    1.30469080
CL      -0.01840558    0.00000000   -0.55673984
     3

O      -0.01840759    0.00000000    1.13514823
H       0.93068718    0.00000000    1.30412231
CL      -0.01840759    0.00000000   -0.55672859
     3

O      -0.01840959    0.00000000    1.13515948
H       0.93078822    0.00000000    1.30355375
CL      -0.01840959    0.00000000   -0.55671735
     3

O      -0.01841158    0.00000000    1.13517072
H       0.93088892    0.00000000    1.30298514
CL      -0.01841158    0.00000000   -0.55670610
     3

O      -0.01841356    0.00000000    1.13518197
H       0.93098927    0.00000000    1.30241646
CL      -0.01841356    0.00000000   -0.55669486
     3

O      -0.01841554    0.00000000    1.13519322
H       0.93108927    0.00000000    1.30184772
CL      -0.01841554    0.00000000   -0.55668361
     3

O      -0.01841751    0.00000000    1.13520447
H       0.93118893    0.00000000    1.30127892
CL      -0.01841751    0.00000000   -0.55667236
     3

O      -0.01841948    0.00000000    1.13521572
H       0.93128824    0.00000000    1.30071006
CL      -0.01841948    0.00000000   -0.55666111
     3

O      -0.01842143    0.00000000    1.13522697
H       0.93138720    0.00000000    1.30014113
CL      -0.01842143    0.00000000   -0.55664985
     3

O      -0.01842338    0.00000000    1.13523823
H       0.93148581    0.00000000    1.29957215
CL      -0.01842338    0.00000000   -0.55663860
     3

O      -0.01842533    0.00000000    1.13524948
H       0.93158407    0.00000000    1.29900311
CL      -0.01842533    0.00000000   -0.55662734
     3

O      -0.01842726    0.00000000    1.13526074
H       0.93168199    0.00000000    1.29843401
CL      -0.01842726    0.00000000   -0.55661609
     3

O      -0.01842919    0.00000000    1.13527200
H       0.93177956    0.00000000    1.29786485
CL      -0.01842919    0.00000000   -0.55660483
     3

O      -0.01843112    0.00000000    1.13528325
H       0.93187678    0.00000000    1.29729562
CL      -0.01843112    0.00000000   -0.55659357
     3

O      -0.01843303    0.00000000    1.13529451
H       0.93197366    0.00000000    1.29672634
CL      -0.01843303    0.00000000   -0.55658231
     3

O      -0.01843494    0.00000000    1.13530577
H       0.93207018    0.00000000    1.29615700
CL      -0.01843494    0.00000000   -0.55657105
     3

O      -0.01843684    0.00000000    1.13531704
H       0.93216636    0.00000000    1.29558761
CL      -0.01843684    0.00000000   -0.55655979
     3

O      -0.01843874    0.00000000    1.13532830
H       0.93226219    0.00000000    1.29501815
CL      -0.01843874    0.00000000   -0.55654853
     3

O      -0.01844063    0.00000000    1.13533956
H       0.93235768    0.00000000    1.29444863
CL      -0.01844063    0.00000000   -0.55653726
     3

O      -0.01844251    0.00000000    1.13535083
H       0.93245281    0.00000000    1.29387906
CL      -0.01844251    0.00000000   -0.55652600
     3

O      -0.01844438    0.00000000    1.13536209
H       0.93254760    0.00000000    1.29330943
CL      -0.01844438    0.00000000   -0.55651473
     3

O      -0.01844625    0.00000000    1.13537336
H       0.93264204    0.00000000    1.29273974
CL      -0.01844625    0.00000000   -0.55650346
     3

O      -0.01844811    0.00000000    1.13538463
H       0.93273613    0.00000000    1.29216999
CL      -0.01844811    0.00000000   -0.55649220
     3

O      -0.01844997    0.00000000    1.13539590
H       0.93282987    0.00000000    1.29160018
CL      -0.01844997    0.00000000   -0.55648093
     3

O      -0.01845181    0.00000000    1.13540717
H       0.93292327    0.00000000    1.29103032
CL      -0.01845181    0.00000000   -0.55646965
     3

O      -0.01845366    0.00000000    1.13541844
H       0.93301631    0.00000000    1.29046040
CL      -0.01845366    0.00000000   -0.55645838
     3

O      -0.01845549    0.00000000    1.13542972
H       0.93310901    0.00000000    1.28989043
CL      -0.01845549    0.00000000   -0.55644711
     3

O      -0.01845732    0.00000000    1.13544099
H       0.93320136    0.00000000    1.28932040
CL      -0.01845732    0.00000000   -0.55643583
     3

O      -0.01845913    0.00000000    1.13545227
H       0.93329337    0.00000000    1.28875031
CL      -0.01845913    0.00000000   -0.55642456
     3

O      -0.01846095    0.00000000    1.13546354
H       0.93338502    0.00000000    1.28818016
CL      -0.01846095    0.00000000   -0.55641328
     3

O      -0.01846275    0.00000000    1.13547482
H       0.93347633    0.00000000    1.28760996
CL      -0.01846275    0.00000000   -0.55640200
     3

O      -0.01846455    0.00000000    1.13548610
H       0.93356728    0.00000000    1.28703971
CL      -0.01846455    0.00000000   -0.55639073
     3

O      -0.01846634    0.00000000    1.13549738
H       0.93365789    0.00000000    1.28646940
CL      -0.01846634    0.00000000   -0.55637945
     3

O      -0.01846813    0.00000000    1.13550866
H       0.93374815    0.00000000    1.28589903
CL      -0.01846813    0.00000000   -0.55636817
     3

O      -0.01846991    0.00000000    1.13551994
H       0.93383807    0.00000000    1.28532861
CL      -0.01846991    0.00000000   -0.55635688
     3

O      -0.01847168    0.00000000    1.13553123
H       0.93392763    0.00000000    1.28475813
CL      -0.01847168    0.00000000   -0.55634560
     3

O      -0.01847344    0.00000000    1.13554251
H       0.93401684    0.00000000    1.28418760
CL      -0.01847344    0.00000000   -0.55633432
     3

O      -0.01847520    0.00000000    1.13555380
H       0.93410571    0.00000000    1.28361701
CL      -0.01847520    0.00000000   -0.55632303
     3

O      -0.01847695    0.00000000    1.13556508
H       0.93419423    0.00000000    1.28304637
CL      -0.01847695    0.00000000   -0.55631174
     3

O      -0.01847870    0.00000000    1.13557637
H       0.93428240    0.00000000    1.28247568
CL      -0.01847870    0.00000000   -0.55630046
     3

O      -0.01848043    0.00000000    1.13558766
H       0.93437022    0.00000000    1.28190493
CL      -0.01848043    0.00000000   -0.55628917
     3

O      -0.01848216    0.00000000    1.13559895
H       0.93445769    0.00000000    1.28133413
CL      -0.01848216    0.00000000   -0.55627788
     3

O      -0.01848389    0.00000000    1.13561024
H       0.93454482    0.00000000    1.28076328
CL      -0.01848389    0.00000000   -0.55626659
     3

O      -0.01848560    0.00000000    1.13562153
H       0.93463159    0.00000000    1.28019237
CL      -0.01848560    0.00000000   -0.55625530
     3

O      -0.01848731    0.00000000    1.13563282
H       0.93471802    0.00000000    1.27962141
CL      -0.01848731    0.00000000   -0.55624400
     3

O      -0.01848901    0.00000000    1.13564412
H       0.93480409    0.00000000    1.27905040
CL      -0.01848901    0.00000000   -0.55623271
     3

O      -0.01849071    0.00000000    1.13565541
H       0.93488982    0.00000000    1.27847933
CL      -0.01849071    0.00000000   -0.55622141
     3

O      -0.01849240    0.00000000    1.13566671
H       0.93497520    0.00000000    1.27790821
CL      -0.01849240    0.00000000   -0.55621012
     3

O      -0.01849408    0.00000000    1.13567800
H       0.93506023    0.00000000    1.27733704
CL      -0.01849408    0.00000000   -0.55619882
     3

O      -0.01849576    0.00000000    1.13568930
H       0.93514491    0.00000000    1.27676582
CL      -0.01849576    0.00000000   -0.55618752
     3

O      -0.01849742    0.00000000    1.13570060
H       0.93522925    0.00000000    1.27619455
CL      -0.01849742    0.00000000   -0.55617623
     3

O      -0.01849908    0.00000000    1.13571190
H       0.93531323    0.00000000    1.27562322
CL      -0.01849908    0.00000000   -0.55616493
     3

O      -0.01850074    0.00000000    1.13572320
H       0.93539687    0.00000000    1.27505185
CL      -0.01850074    0.00000000   -0.55615362
     3

O      -0.01850239    0.00000000    1.13573450
H       0.93548015    0.00000000    1.27448042
CL      -0.01850239    0.00000000   -0.55614232
     3

O      -0.01850403    0.00000000    1.13574581
H       0.93556309    0.00000000    1.27390894
CL      -0.01850403    0.00000000   -0.55613102
     3

O      -0.01850566    0.00000000    1.13575711
H       0.93564568    0.00000000    1.27333741
CL      -0.01850566    0.00000000   -0.55611972
     3

O      -0.01850729    0.00000000    1.13576842
H       0.93572791    0.00000000    1.27276584
CL      -0.01850729    0.00000000   -0.55610841
     3

O      -0.01850891    0.00000000    1.13577972
H       0.93580980    0.00000000    1.27219421
CL      -0.01850891    0.00000000   -0.55609710
     3

O      -0.01851052    0.00000000    1.13579103
H       0.93589134    0.00000000    1.27162253
CL      -0.01851052    0.00000000   -0.55608580
     3

O      -0.01851212    0.00000000    1.13580234
H       0.93597253    0.00000000    1.27105080
CL      -0.01851212    0.00000000   -0.55607449
     3

O      -0.01851372    0.00000000    1.13581365
H       0.93605338    0.00000000    1.27047902
CL      -0.01851372    0.00000000   -0.55606318
     3

O      -0.01851532    0.00000000    1.13582496
H       0.93613387    0.00000000    1.26990720
CL      -0.01851532    0.00000000   -0.55605187
     3

O      -0.01851690    0.00000000    1.13583627
H       0.93621401    0.00000000    1.26933532
CL      -0.01851690    0.00000000   -0.55604056
     3

O      -0.01851848    0.00000000    1.13584758
H       0.93629381    0.00000000    1.26876339
CL      -0.01851848    0.00000000   -0.55602925
     3

O      -0.01852005    0.00000000    1.13585889
H       0.93637325    0.00000000    1.26819142
CL      -0.01852005    0.00000000   -0.55601794
     3

O      -0.01852161    0.00000000    1.13587020
H       0.93645234    0.00000000    1.26761940
CL      -0.01852161    0.00000000   -0.55600662
     3

O      -0.01852317    0.00000000    1.13588152
H       0.93653109    0.00000000    1.26704733
CL      -0.01852317    0.00000000   -0.55599531
     3

O      -0.01852472    0.00000000    1.13589284
H       0.93660949    0.00000000    1.26647521
CL      -0.01852472    0.00000000   -0.55598399
     3

O      -0.01852627    0.00000000    1.13590415
H       0.93668753    0.00000000    1.26590304
CL      -0.01852627    0.00000000   -0.55597267
     3

O      -0.01852780    0.00000000    1.13591547
H       0.93676523    0.00000000    1.26533083
CL      -0.01852780    0.00000000   -0.55596136
     3

O      -0.01852933    0.00000000    1.13592679
H       0.93684258    0.00000000    1.26475857
CL      -0.01852933    0.00000000   -0.55595004
     3

O      -0.01853086    0.00000000    1.13593811
H       0.93691957    0.00000000    1.26418626
CL      -0.01853086    0.00000000   -0.55593872
     3

O      -0.01853237    0.00000000    1.13594943
H       0.93699622    0.00000000    1.26361391
CL      -0.01853237    0.00000000   -0.55592740
     3

O      -0.01853388    0.00000000    1.13596075
H       0.93707252    0.00000000    1.26304150
CL      -0.01853388    0.00000000   -0.55591608
     3

O      -0.01853538    0.00000000    1.13597207
H       0.93714847    0.00000000    1.26246906
CL      -0.01853538    0.00000000   -0.55590476
     3

O      -0.01853688    0.00000000    1.13598339
H       0.93722407    0.00000000    1.26189656
CL      -0.01853688    0.00000000   -0.55589343
     3

O      -0.01853837    0.00000000    1.13599472
H       0.93729932    0.00000000    1.26132402
CL      -0.01853837    0.00000000   -0.55588211
     3

O      -0.01853985    0.00000000    1.13600604
H       0.93737422    0.00000000    1.26075143
CL      -0.01853985    0.00000000   -0.55587078
     3

O      -0.01854132    0.00000000    1.13601737
H       0.93744877    0.00000000    1.26017880
CL      -0.01854132    0.00000000   -0.55585946
     3

O      -0.01854279    0.00000000    1.13602870
H       0.93752297    0.00000000    1.25960613
CL      -0.01854279    0.00000000   -0.55584813
     3

O      -0.01854425    0.00000000    1.13604002
H       0.93759682    0.00000000    1.25903340
CL      -0.01854425    0.00000000   -0.55583680
     3

O      -0.01854570    0.00000000    1.13605135
H       0.93767032    0.00000000    1.25846063
CL      -0.01854570    0.00000000   -0.55582548
     3

O      -0.01854715    0.00000000    1.13606268
H       0.93774347    0.00000000    1.25788782
CL      -0.01854715    0.00000000   -0.55581415
     3

O      -0.01854859    0.00000000    1.13607401
H       0.93781627    0.00000000    1.25731497
CL      -0.01854859    0.00000000   -0.55580282
     3

O      -0.01855002    0.00000000    1.13608534
H       0.93788872    0.00000000    1.25674206
CL      -0.01855002    0.00000000   -0.55579148
     3

O      -0.01855145    0.00000000    1.13609667
H       0.93796082    0.00000000    1.25616912
CL      -0.01855145    0.00000000   -0.55578015
     3

O      -0.01855287    0.00000000    1.13610801
H       0.93803257    0.00000000    1.25559613
CL      -0.01855287    0.00000000   -0.55576882
     3

O      -0.01855428    0.00000000    1.13611934
H       0.93810397    0.00000000    1.25502310
CL      -0.01855428    0.00000000   -0.55575749
     3

O      -0.01855569    0.00000000    1.13613068
H       0.93817502    0.00000000    1.25445002
CL      -0.01855569    0.00000000   -0.55574615
     3

O      -0.01855708    0.00000000    1.13614201
H       0.93824572    0.00000000    1.25387690
CL      -0.01855708    0.00000000   -0.55573482
     3

O      -0.01855848    0.00000000    1.13615335
H       0.93831607    0.00000000    1.25330373
CL      -0.01855848    0.00000000   -0.55572348
     3

O      -0.01855986    0.00000000    1.13616468
H       0.93838607    0.00000000    1.25273053
CL      -0.01855986    0.00000000   -0.55571214
     3

O      -0.01856124    0.00000000    1.13617602
H       0.93845572    0.00000000    1.25215728
CL      -0.01856124    0.00000000   -0.55570080
     3

O      -0.01856261    0.00000000    1.13618736
H       0.93852502    0.00000000    1.25158399
CL      -0.01856261    0.00000000   -0.55568947
     3

O      -0.01856397    0.00000000    1.13619870
H       0.93859397    0.00000000    1.25101066
CL      -0.01856397    0.00000000   -0.55567813
     3

O      -0.01856533    0.00000000    1.13621004
H       0.93866257    0.00000000    1.25043728
CL      -0.01856533    0.00000000   -0.55566679
     3

O      -0.01856668    0.00000000    1.13622138
H       0.93873082    0.00000000    1.24986386
CL      -0.01856668    0.00000000   -0.55565544
     3

O      -0.01856802    0.00000000    1.13623272
H       0.93879872    0.00000000    1.24929040
CL      -0.01856802    0.00000000   -0.55564410
     3

O      -0.01856936    0.00000000    1.13624407
H       0.93886627    0.00000000    1.24871690
CL      -0.01856936    0.00000000   -0.55563276
     3

O      -0.01857069    0.00000000    1.13625541
H       0.93893346    0.00000000    1.24814336
CL      -0.01857069    0.00000000   -0.55562142
     3

O      -0.01857201    0.00000000    1.13626676
H       0.93900031    0.00000000    1.24756978
CL      -0.01857201    0.00000000   -0.55561007
     3

O      -0.01857332    0.00000000    1.13627810
H       0.93906681    0.00000000    1.24699616
CL      -0.01857332    0.00000000   -0.55559873
     3

O      -0.01857463    0.00000000    1.13628945
H       0.93913295    0.00000000    1.24642249
CL      -0.01857463    0.00000000   -0.55558738
     3

O      -0.01857593    0.00000000    1.13630079
H       0.93919875    0.00000000    1.24584879
CL      -0.01857593    0.00000000   -0.55557603
     3

O      -0.01857723    0.00000000    1.13631214
H       0.93926420    0.00000000    1.24527505
CL      -0.01857723    0.00000000   -0.55556468
     3

O      -0.01857852    0.00000000    1.13632349
H       0.93932929    0.00000000    1.24470126
CL      -0.01857852    0.00000000   -0.55555334
     3

O      -0.01857980    0.00000000    1.13633484
H       0.93939404    0.00000000    1.24412744
CL      -0.01857980    0.00000000   -0.55554199
     3

O      -0.01858107    0.00000000    1.13634619
H       0.93945843    0.00000000    1.24355358
CL      -0.01858107    0.00000000   -0.55553064
     3

O      -0.01858234    0.00000000    1.13635754
H       0.93952248    0.00000000    1.24297967
CL      -0.01858234    0.00000000   -0.55551929
     3

O      -0.01858360    0.00000000    1.13636889
H       0.93958617    0.00000000    1.24240573
CL      -0.01858360    0.00000000   -0.55550793
     3

O      -0.01858485    0.00000000    1.13638025
H       0.93964951    0.00000000    1.24183175
CL      -0.01858485    0.00000000   -0.55549658
     3

O      -0.01858610    0.00000000    1.13639160
H       0.93971250    0.00000000    1.24125773
CL      -0.01858610    0.00000000   -0.55548523
     3

O      -0.01858733    0.00000000    1.13640295
H       0.93977515    0.00000000    1.24068368
CL      -0.01858733    0.00000000   -0.55547387
     3

O      -0.01858857    0.00000000    1.13641431
H       0.93983744    0.00000000    1.24010958
CL      -0.01858857    0.00000000   -0.55546252
     3

O      -0.01858979    0.00000000    1.13642566
H       0.93989938    0.00000000    1.23953545
CL      -0.01858979    0.00000000   -0.55545116
     3

O      -0.01859101    0.00000000    1.13643702
H       0.93996096    0.00000000    1.23896128
CL      -0.01859101    0.00000000   -0.55543981
     3

O      -0.01859222    0.00000000    1.13644838
H       0.94002220    0.00000000    1.23838707
CL      -0.01859222    0.00000000   -0.55542845
     3

O      -0.01859343    0.00000000    1.13645973
H       0.94008309    0.00000000    1.23781283
CL      -0.01859343    0.00000000   -0.55541709
     3

O      -0.01859462    0.00000000    1.13647109
H       0.94014363    0.00000000    1.23723854
CL      -0.01859462    0.00000000   -0.55540573
     3

O      -0.01859581    0.00000000    1.13648245
H       0.94020381    0.00000000    1.23666422
CL      -0.01859581    0.00000000   -0.55539438
     3

O      -0.01859700    0.00000000    1.13649381
H       0.94026365    0.00000000    1.23608987
CL      -0.01859700    0.00000000   -0.55538302
     3

O      -0.01859817    0.00000000    1.13650517
H       0.94032313    0.00000000    1.23551547
CL      -0.01859817    0.00000000   -0.55537165
     3

O      -0.01859934    0.00000000    1.13651653
H       0.94038227    0.00000000    1.23494105
CL      -0.01859934    0.00000000   -0.55536029
     3

O      -0.01860051    0.00000000    1.13652790
H       0.94044105    0.00000000    1.23436658
CL      -0.01860051    0.00000000   -0.55534893
     3

O      -0.01860166    0.00000000    1.13653926
H       0.94049948    0.00000000    1.23379208
CL      -0.01860166    0.00000000   -0.55533757
     3

O      -0.01860281    0.00000000    1.13655062
H       0.94055756    0.00000000    1.23321754
CL      -0.01860281    0.00000000   -0.55532620
     3

O      -0.01860395    0.00000000    1.13656199
H       0.94061529    0.00000000    1.23264297
CL      -0.01860395    0.00000000   -0.55531484
     3

O      -0.01860509    0.00000000    1.13657335
H       0.94067267    0.00000000    1.23206837
CL      -0.01860509    0.00000000   -0.55530348
     3

O      -0.01860621    0.00000000    1.13658472
H       0.94072970    0.00000000    1.23149372
CL      -0.01860621    0.00000000   -0.55529211
     3

O      -0.01860734    0.00000000    1.13659608
H       0.94078637    0.00000000    1.23091905
CL      -0.01860734    0.00000000   -0.55528074
     3

O      -0.01860845    0.00000000    1.13660745
H       0.94084270    0.00000000    1.23034434
CL      -0.01860845    0.00000000   -0.55526938
     3

O      -0.01860956    0.00000000    1.13661882
H       0.94089867    0.00000000    1.22976959
CL      -0.01860956    0.00000000   -0.55525801
     3

O      -0.01861066    0.00000000    1.13663019
H       0.94095430    0.00000000    1.22919481
CL      -0.01861066    0.00000000   -0.55524664
     3

O      -0.01861175    0.00000000    1.13664155
H       0.94100957    0.00000000    1.22862000
CL      -0.01861175    0.00000000   -0.55523527
     3

O      -0.01861284    0.00000000    1.13665292
H       0.94106449    0.00000000    1.22804515
CL      -0.01861284    0.00000000   -0.55522390
     3

O      -0.01861392    0.00000000    1.13666429
H       0.94111906    0.00000000    1.22747027
CL      -0.01861392    0.00000000   -0.55521253
     3

O      -0.01861499    0.00000000    1.13667566
H       0.94117328    0.00000000    1.22689536
CL      -0.01861499    0.00000000   -0.55520116
     3

O      -0.01861605    0.00000000    1.13668704
H       0.94122715    0.00000000    1.22632041
CL      -0.01861605    0.00000000   -0.55518979
     3

O      -0.01861711    0.00000000    1.13669841
H       0.94128066    0.00000000    1.22574543
CL      -0.01861711    0.00000000   -0.55517842
     3

O      -0.01861816    0.00000000    1.13670978
H       0.94133383    0.00000000    1.22517042
CL      -0.01861816    0.00000000   -0.55516705
     3

O      -0.01861921    0.00000000    1.13672116
H       0.94138664    0.00000000    1.22459538
CL      -0.01861921    0.00000000   -0.55515567
     3

O      -0.01862025    0.00000000    1.13673253
H       0.94143911    0.00000000    1.22402030
CL      -0.01862025    0.00000000   -0.55514430
     3

O      -0.01862128    0.00000000    1.13674390
H       0.94149122    0.00000000    1.22344519
CL      -0.01862128    0.00000000   -0.55513292
     3

O      -0.01862230    0.00000000    1.13675528
H       0.94154298    0.00000000    1.22287005
CL      -0.01862230    0.00000000   -0.55512155
     3

O      -0.01862332    0.00000000    1.13676666
H       0.94159439    0.00000000    1.22229488
CL      -0.01862332    0.00000000   -0.55511017
     3

O      -0.01862433    0.00000000    1.13677803
H       0.94164544    0.00000000    1.22171968
CL      -0.01862433    0.00000000   -0.55509879
     3

O      -0.01862533    0.00000000    1.13678941
H       0.94169615    0.00000000    1.22114444
CL      -0.01862533    0.00000000   -0.55508742
     3

O      -0.01862632    0.00000000    1.13680079
H       0.94174650    0.00000000    1.22056918
CL      -0.01862632    0.00000000   -0.55507604
     3

O      -0.01862731    0.00000000    1.13681217
H       0.94179651    0.00000000    1.21999388
CL      -0.01862731    0.00000000   -0.55506466
     3

O      -0.01862830    0.00000000    1.13682354
H       0.94184616    0.00000000    1.21941856
CL      -0.01862830    0.00000000   -0.55505328
     3

O      -0.01862927    0.00000000    1.13683492
H       0.94189546    0.00000000    1.21884320
CL      -0.01862927    0.00000000   -0.55504190
     3

O      -0.01863024    0.00000000    1.13684630
H       0.94194441    0.00000000    1.21826782
CL      -0.01863024    0.00000000   -0.55503052
     3

O      -0.01863120    0.00000000    1.13685769
H       0.94199300    0.00000000    1.21769240
CL      -0.01863120    0.00000000   -0.55501914
     3

O      -0.01863215    0.00000000    1.13686907
H       0.94204125    0.00000000    1.21711695
CL      -0.01863215    0.00000000   -0.55500776
     3

O      -0.01863310    0.00000000    1.13688045
H       0.94208914    0.00000000    1.21654148
CL      -0.01863310    0.00000000   -0.55499638
     3

O      -0.01863404    0.00000000    1.13689183
H       0.94213669    0.00000000    1.21596597
CL      -0.01863404    0.00000000   -0.55498499
     3

O      -0.01863498    0.00000000    1.13690321
H       0.94218388    0.00000000    1.21539044
CL      -0.01863498    0.00000000   -0.55497361
     3

O      -0.01863590    0.00000000    1.13691460
H       0.94223072    0.00000000    1.21481488
CL      -0.01863590    0.00000000   -0.55496223
     3

O      -0.01863682    0.00000000    1.13692598
H       0.94227720    0.00000000    1.21423929
CL      -0.01863682    0.00000000   -0.55495084
     3

O      -0.01863773    0.00000000    1.13693737
H       0.94232334    0.00000000    1.21366367
CL      -0.01863773    0.00000000   -0.55493946
     3

O      -0.01863864    0.00000000    1.13694875
H       0.94236912    0.00000000    1.21308802
CL      -0.01863864    0.00000000   -0.55492807
     3

O      -0.01863954    0.00000000    1.13696014
H       0.94241456    0.00000000    1.21251235
CL      -0.01863954    0.00000000   -0.55491669
     3

O      -0.01864043    0.00000000    1.13697153
H       0.94245964    0.00000000    1.21193665
CL      -0.01864043    0.00000000   -0.55490530
     3

O      -0.01864131    0.00000000    1.13698291
H       0.94250437    0.00000000    1.21136092
CL      -0.01864131    0.00000000   -0.55489391
     3

O      -0.01864219    0.00000000    1.13699430
H       0.94254875    0.00000000    1.21078516
CL      -0.01864219    0.00000000   -0.55488253
     3

O      -0.01864306    0.00000000    1.13700569
H       0.94259277    0.00000000    1.21020938
CL      -0.01864306    0.00000000   -0.55487114
     3

O      -0.01864393    0.00000000    1.13701708
H       0.94263645    0.00000000    1.20963357
CL      -0.01864393    0.00000000   -0.55485975
     3

O      -0.01864478    0.00000000    1.13702847
H       0.94267977    0.00000000    1.20905773
CL      -0.01864478    0.00000000   -0.55484836
     3

O      -0.01864563    0.00000000    1.13703986
H       0.94272274    0.00000000    1.20848187
CL      -0.01864563    0.00000000   -0.55483697
     3

O      -0.01864648    0.00000000    1.13705125
H       0.94276536    0.00000000    1.20790598
CL      -0.01864648    0.00000000   -0.55482558
     3

O      -0.01864731    0.00000000    1.13706264
H       0.94280763    0.00000000    1.20733006
CL      -0.01864731    0.00000000   -0.55481419
     3

O      -0.01864814    0.00000000    1.13707403
H       0.94284954    0.00000000    1.20675412
CL      -0.01864814    0.00000000   -0.55480280
     3

O      -0.01864896    0.00000000    1.13708542
H       0.94289111    0.00000000    1.20617815
CL      -0.01864896    0.00000000   -0.55479141
     3

O      -0.01864978    0.00000000    1.13709681
H       0.94293232    0.00000000    1.20560216
CL      -0.01864978    0.00000000   -0.55478001
     3

O      -0.01865059    0.00000000    1.13710821
H       0.94297318    0.00000000    1.20502614
CL      -0.01865059    0.00000000   -0.55476862
     3

O      -0.01865139    0.00000000    1.13711960
H       0.94301369    0.00000000    1.20445010
CL      -0.01865139    0.00000000   -0.55475723
     3

O      -0.01865218    0.00000000    1.13713099
H       0.94305384    0.00000000    1.20387404
CL      -0.01865218    0.00000000   -0.55474583
     3

O      -0.01865297    0.00000000    1.13714239
H       0.94309365    0.00000000    1.20329795
CL      -0.01865297    0.00000000   -0.55473444
     3

O      -0.01865375    0.00000000    1.13715378
H       0.94313310    0.00000000    1.20272183
CL      -0.01865375    0.00000000   -0.55472305
     3

O      -0.01865452    0.00000000    1.13716518
H       0.94317220    0.00000000    1.20214569
CL      -0.01865452    0.00000000   -0.55471165
     3

O      -0.01865529    0.00000000    1.13717657
H       0.94321095    0.00000000    1.20156953
CL      -0.01865529    0.00000000   -0.55470025
     3

O      -0.01865605    0.00000000    1.13718797
H       0.94324934    0.00000000    1.20099334
CL      -0.01865605    0.00000000   -0.55468886
     3

O      -0.01865680    0.00000000    1.13719936
H       0.94328739    0.00000000    1.20041713
CL      -0.01865680    0.00000000   -0.55467746
     3

O      -0.01865755    0.00000000    1.13721076
H       0.94332508    0.00000000    1.19984090
CL      -0.01865755    0.00000000   -0.55466607
     3

O      -0.01865829    0.00000000    1.13722216
H       0.94336242    0.00000000    1.19926464
CL      -0.01865829    0.00000000   -0.55465467
     3

O      -0.01865902    0.00000000    1.13723356
H       0.94339941    0.00000000    1.19868836
CL      -0.01865902    0.00000000   -0.55464327
     3

O      -0.01865974    0.00000000    1.13724496
H       0.94343605    0.00000000    1.19811206
CL      -0.01865974    0.00000000   -0.55463187
     3

O      -0.01866046    0.00000000    1.13725635
H       0.94347233    0.00000000    1.19753574
CL      -0.01866046    0.00000000   -0.55462047
     3

O      -0.01866117    0.00000000    1.13726775
H       0.94350826    0.00000000    1.19695939
CL      -0.01866117    0.00000000   -0.55460907
     3

O      -0.01866187    0.00000000    1.13727915
H       0.94354384    0.00000000    1.19638303
CL      -0.01866187    0.00000000   -0.55459767
     3

O      -0.01866257    0.00000000    1.13729055
H       0.94357907    0.00000000    1.19580664
CL      -0.01866257    0.00000000   -0.55458627
     3

O      -0.01866326    0.00000000    1.13730195
H       0.94361395    0.00000000    1.19523023
CL      -0.01866326    0.00000000   -0.55457487
     3

O      -0.01866394    0.00000000    1.13731335
H       0.94364847    0.00000000    1.19465380
CL      -0.01866394    0.00000000   -0.55456347
     3

O      -0.01866462    0.00000000    1.13732476
H       0.94368264    0.00000000    1.19407734
CL      -0.01866462    0.00000000   -0.55455207
     3

O      -0.01866529    0.00000000    1.13733616
H       0.94371646    0.00000000    1.19350087
CL      -0.01866529    0.00000000   -0.55454067
     3

O      -0.01866595    0.00000000    1.13734756
H       0.94374993    0.00000000    1.19292438
CL      -0.01866595    0.00000000   -0.55452927
     3

O      -0.01866660    0.00000000    1.13735896
H       0.94378305    0.00000000    1.19234786
CL      -0.01866660    0.00000000   -0.55451786
     3

O      -0.01866725    0.00000000    1.13737037
H       0.94381581    0.00000000    1.19177133
CL      -0.01866725    0.00000000   -0.55450646
     3

O      -0.01866789    0.00000000    1.13738177
H       0.94384822    0.00000000    1.19119477
CL      -0.01866789    0.00000000   -0.55449506
     3

O      -0.01866853    0.00000000    1.13739317
H       0.94388028    0.00000000    1.19061820
CL      -0.01866853    0.00000000   -0.55448365
     3

O      -0.01866915    0.00000000    1.13740458
H       0.94391199    0.00000000    1.19004161
CL      -0.01866915    0.00000000   -0.55447225
     3

O      -0.01866978    0.00000000    1.13741598
H       0.94394334    0.00000000    1.18946499
CL      -0.01866978    0.00000000   -0.55446085
     3

O      -0.01867039    0.00000000    1.13742739
H       0.94397434    0.00000000    1.18888836
CL      -0.01867039    0.00000000   -0.55444944
     3

O      -0.01867099    0.00000000    1.13743879
H       0.94400499    0.00000000    1.18831171
CL      -0.01867099    0.00000000   -0.55443804
     3

O      -0.01867159    0.00000000    1.13745020
H       0.94403529    0.00000000    1.18773504
CL      -0.01867159    0.00000000   -0.55442663
     3

O      -0.01867219    0.00000000    1.13746160
H       0.94406524    0.00000000    1.18715836
CL      -0.01867219    0.00000000   -0.55441522
     3

O      -0.01867277    0.00000000    1.13747301
H       0.94409483    0.00000000    1.18658165
CL      -0.01867277    0.00000000   -0.55440382
     3

O      -0.01867335    0.00000000    1.13748442
H       0.94412407    0.00000000    1.18600493
CL      -0.01867335    0.00000000   -0.55439241
     3

O      -0.01867392    0.00000000    1.13749582
H       0.94415296    0.00000000    1.18542818
CL      -0.01867392    0.00000000   -0.55438100
     3

O      -0.01867449    0.00000000    1.13750723
H       0.94418149    0.00000000    1.18485143
CL      -0.01867449    0.00000000   -0.55436960
     3

O      -0.01867504    0.00000000    1.13751864
H       0.94420968    0.00000000    1.18427465
CL      -0.01867504    0.00000000   -0.55435819
     3

O      -0.01867559    0.00000000    1.13753005
H       0.94423751    0.00000000    1.18369786
CL      -0.01867559    0.00000000   -0.55434678
     3

O      -0.01867614    0.00000000    1.13754145
H       0.94426499    0.00000000    1.18312105
CL      -0.01867614    0.00000000   -0.55433537
     3

O      -0.01867667    0.00000000    1.13755286
H       0.94429212    0.00000000    1.18254422
CL      -0.01867667    0.00000000   -0.55432396
     3

O      -0.01867720    0.00000000    1.13756427
H       0.94431889    0.00000000    1.18196738
CL      -0.01867720    0.00000000   -0.55431255
     3

O      -0.01867773    0.00000000    1.13757568
H       0.94434531    0.00000000    1.18139052
CL      -0.01867773    0.00000000   -0.55430114
     3

O      -0.01867824    0.00000000    1.13758709
H       0.94437138    0.00000000    1.18081364
CL      -0.01867824    0.00000000   -0.55428973
     3

O      -0.01867875    0.00000000    1.13759850
H       0.94439710    0.00000000    1.18023675
CL      -0.01867875    0.00000000   -0.55427832
     3

O      -0.01867925    0.00000000    1.13760991
H       0.94442246    0.00000000    1.17965984
CL      -0.01867925    0.00000000   -0.55426691
     3

O      -0.01867975    0.00000000    1.13762132
H       0.94444748    0.00000000    1.17908292
CL      -0.01867975    0.00000000   -0.55425550
     3

O      -0.01868023    0.00000000    1.13763273
H       0.94447214    0.00000000    1.17850598
CL      -0.01868023    0.00000000   -0.55424409
     3

O      -0.01868071    0.00000000    1.13764415
H       0.94449644    0.00000000    1.17792903
CL      -0.01868071    0.00000000   -0.55423268
     3

O      -0.01868119    0.00000000    1.13765556
H       0.94452040    0.00000000    1.17735206
CL      -0.01868119    0.00000000   -0.55422127
     3

O      -0.01868166    0.00000000    1.13766697
H       0.94454400    0.00000000    1.17677508
CL      -0.01868166    0.00000000   -0.55420986
     3

O      -0.01868212    0.00000000    1.13767838
H       0.94456725    0.00000000    1.17619808
CL      -0.01868212    0.00000000   -0.55419845
     3

O      -0.01868257    0.00000000    1.13768979
H       0.94459015    0.00000000    1.17562107
CL      -0.01868257    0.00000000   -0.55418703
     3

O      -0.01868301    0.00000000    1.13770121
H       0.94461270    0.00000000    1.17504405
CL      -0.01868301    0.00000000   -0.55417562
     3

O      -0.01868345    0.00000000    1.13771262
H       0.94463489    0.00000000    1.17446701
CL      -0.01868345    0.00000000   -0.55416421
     3

O      -0.01868388    0.00000000    1.13772403
H       0.94465673    0.00000000    1.17388996
CL      -0.01868388    0.00000000   -0.55415279
     3

O      -0.01868431    0.00000000    1.13773545
H       0.94467822    0.00000000    1.17331289
CL      -0.01868431    0.00000000   -0.55414138
     3

O      -0.01868473    0.00000000    1.13774686
H       0.94469935    0.00000000    1.17273582
CL      -0.01868473    0.00000000   -0.55412997
     3

O      -0.01868514    0.00000000    1.13775827
H       0.94472013    0.00000000    1.17215873
CL      -0.01868514    0.00000000   -0.55411855
     3

O      -0.01868554    0.00000000    1.13776969
H       0.94474056    0.00000000    1.17158162
CL      -0.01868554    0.00000000   -0.55410714
     3

O      -0.01868594    0.00000000    1.13778110
H       0.94476064    0.00000000    1.17100451
CL      -0.01868594    0.00000000   -0.55409573
     3

O      -0.01868633    0.00000000    1.13779252
H       0.94478037    0.00000000    1.17042738
CL      -0.01868633    0.00000000   -0.55408431
     3

O      -0.01868671    0.00000000    1.13780393
H       0.94479974    0.00000000    1.16985024
CL      -0.01868671    0.00000000   -0.55407290
     3

O      -0.01868709    0.00000000    1.13781535
H       0.94481876    0.00000000    1.16927309
CL      -0.01868709    0.00000000   -0.55406148
     3

O      -0.01868746    0.00000000    1.13782676
H       0.94483743    0.00000000    1.16869593
CL      -0.01868746    0.00000000   -0.55405006
     3

O      -0.01868782    0.00000000    1.13783818
H       0.94485574    0.00000000    1.16811875
CL      -0.01868782    0.00000000   -0.55403865
     3

O      -0.01868818    0.00000000    1.13784959
H       0.94487370    0.00000000    1.16754157
CL      -0.01868818    0.00000000   -0.55402723
     3

O      -0.01868852    0.00000000    1.13786101
H       0.94489131    0.00000000    1.16696437
CL      -0.01868852    0.00000000   -0.55401582
     3

O      -0.01868887    0.00000000    1.13787243
H       0.94490857    0.00000000    1.16638717
CL      -0.01868887    0.00000000   -0.55400440
     3

O      -0.01868920    0.00000000    1.13788384
H       0.94492548    0.00000000    1.16580995
CL      -0.01868920    0.00000000   -0.55399298
     3

O      -0.01868953    0.00000000    1.13789526
H       0.94494203    0.00000000    1.16523272
CL      -0.01868953    0.00000000   -0.55398157
     3

O      -0.01868985    0.00000000    1.13790668
H       0.94495823    0.00000000    1.16465549
CL      -0.01868985    0.00000000   -0.55397015
     3

O      -0.01869016    0.00000000    1.13791809
H       0.94497407    0.00000000    1.16407824
CL      -0.01869016    0.00000000   -0.55395873
     3

O      -0.01869047    0.00000000    1.13792951
H       0.94498957    0.00000000    1.16350098
CL      -0.01869047    0.00000000   -0.55394732
     3

O      -0.01869077    0.00000000    1.13794093
H       0.94500471    0.00000000    1.16292372
CL      -0.01869077    0.00000000   -0.55393590
     3

O      -0.01869106    0.00000000    1.13795235
H       0.94501950    0.00000000    1.16234644
CL      -0.01869106    0.00000000   -0.55392448
     3

O      -0.01869135    0.00000000    1.13796376
H       0.94503393    0.00000000    1.16176916
CL      -0.01869135    0.00000000   -0.55391306
     3

O      -0.01869162    0.00000000    1.13797518
H       0.94504802    0.00000000    1.16119186
CL      -0.01869162    0.00000000   -0.55390165
     3

O      -0.01869190    0.00000000    1.13798660
H       0.94506175    0.00000000    1.16061456
CL      -0.01869190    0.00000000   -0.55389023
     3

O      -0.01869216    0.00000000    1.13799802
H       0.94507513    0.00000000    1.16003725
CL      -0.01869216    0.00000000   -0.55387881
     3

O      -0.01869242    0.00000000    1.13800944
H       0.94508815    0.00000000    1.15945994
CL      -0.01869242    0.00000000   -0.55386739
     3

O      -0.01869267    0.00000000    1.13802085
H       0.94510083    0.00000000    1.15888261
CL      -0.01869267    0.00000000   -0.55385597
     3

O      -0.01869291    0.00000000    1.13803227
H       0.94511315    0.00000000    1.15830528
CL      -0.01869291    0.00000000   -0.55384455
     3

O      -0.01869315    0.00000000    1.13804369
H       0.94512511    0.00000000    1.15772794
CL      -0.01869315    0.00000000   -0.55383313
     3

O      -0.01869338    0.00000000    1.13805511
H       0.94513673    0.00000000    1.15715059
CL      -0.01869338    0.00000000   -0.55382172
     3

O      -0.01869360    0.00000000    1.13806653
H       0.94514799    0.00000000    1.15657323
CL      -0.01869360    0.00000000   -0.55381030
     3

O      -0.01869382    0.00000000    1.13807795
H       0.94515890    0.00000000    1.15599587
CL      -0.01869382    0.00000000   -0.55379888
     3

O      -0.01869403    0.00000000    1.13808937
H       0.94516946    0.00000000    1.15541851
CL      -0.01869403    0.00000000   -0.55378746
     3

O      -0.01869423    0.00000000    1.13810079
H       0.94517966    0.00000000    1.15484113
CL      -0.01869423    0.00000000   -0.55377604
     3

O      -0.01869442    0.00000000    1.13811221
H       0.94518951    0.00000000    1.15426375
CL      -0.01869442    0.00000000   -0.55376462
     3

O      -0.01869461    0.00000000    1.13812363
H       0.94519901    0.00000000    1.15368636
CL      -0.01869461    0.00000000   -0.55375320
     3

O      -0.01869479    0.00000000    1.13813505
H       0.94520816    0.00000000    1.15310897
CL      -0.01869479    0.00000000   -0.55374178
     3

O      -0.01869497    0.00000000    1.13814647
H       0.94521695    0.00000000    1.15253157
CL      -0.01869497    0.00000000   -0.55373036
     3

O      -0.01869513    0.00000000    1.13815789
H       0.94522539    0.00000000    1.15195417
CL      -0.01869513    0.00000000   -0.55371894
     3

O      -0.01869529    0.00000000    1.13816931
H       0.94523348    0.00000000    1.15137676
CL      -0.01869529    0.00000000   -0.55370752
     3

O      -0.01869545    0.00000000    1.13818073
H       0.94524121    0.00000000    1.15079935
CL      -0.01869545    0.00000000   -0.55369610
     3

O      -0.01869559    0.00000000    1.13819215
H       0.94524860    0.00000000    1.15022193
CL      -0.01869559    0.00000000   -0.55368468
     3

O      -0.01869573    0.00000000    1.13820357
H       0.94525563    0.00000000    1.14964451
CL      -0.01869573    0.00000000   -0.55367326
     3

O      -0.01869586    0.00000000    1.13821499
H       0.94526230    0.00000000    1.14906709
CL      -0.01869586    0.00000000   -0.55366184
     3

O      -0.01869599    0.00000000    1.13822641
H       0.94526863    0.00000000    1.14848966
CL      -0.01869599    0.00000000   -0.55365042
     3

O      -0.01869611    0.00000000    1.13823783
H       0.94527460    0.00000000    1.14791222
CL      -0.01869611    0.00000000   -0.55363899
     3

O      -0.01869622    0.00000000    1.13824925
H       0.94528022    0.00000000    1.14733479
CL      -0.01869622    0.00000000   -0.55362757
     3

O      -0.01869632    0.00000000    1.13826067
H       0.94528548    0.00000000    1.14675735
CL      -0.01869632    0.00000000   -0.55361615
     3

O      -0.01869642    0.00000000    1.13827209
H       0.94529040    0.00000000    1.14617990
CL      -0.01869642    0.00000000   -0.55360473
     3

O      -0.01869651    0.00000000    1.13828352
H       0.94529496    0.00000000    1.14560246
CL      -0.01869651    0.00000000   -0.55359331
     3

O      -0.01869659    0.00000000    1.13829494
H       0.94529916    0.00000000    1.14502501
CL      -0.01869659    0.00000000   -0.55358189
     3

O      -0.01869667    0.00000000    1.13830636
H       0.94530302    0.00000000    1.14444755
CL      -0.01869667    0.00000000   -0.55357047
     3

O      -0.01869674    0.00000000    1.13831778
H       0.94530652    0.00000000    1.14387010
CL      -0.01869674    0.00000000   -0.55355905
     3

O      -0.01869680    0.00000000    1.13832920
H       0.94530967    0.00000000    1.14329264
CL      -0.01869680    0.00000000   -0.55354763
     3

O      -0.01869685    0.00000000    1.13834062
H       0.94531247    0.00000000    1.14271519
CL      -0.01869685    0.00000000   -0.55353620
     3

O      -0.01869690    0.00000000    1.13835204
H       0.94531491    0.00000000    1.14213773
CL      -0.01869690    0.00000000   -0.55352478
     3

O      -0.01869694    0.00000000    1.13836346
H       0.94531700    0.00000000    1.14156027
CL      -0.01869694    0.00000000   -0.55351336
     3

O      -0.01869698    0.00000000    1.13837489
H       0.94531874    0.00000000    1.14098281
CL      -0.01869698    0.00000000   -0.55350194
     3

O      -0.01869701    0.00000000    1.13838631
H       0.94532013    0.00000000    1.14040534
CL      -0.01869701    0.00000000   -0.55349052
     3

O      -0.01869703    0.00000000    1.13839773
H       0.94532116    0.00000000    1.13982788
CL      -0.01869703    0.00000000   -0.55347910
     3

O      -0.01869704    0.00000000    1.13840915
H       0.94532184    0.00000000    1.13925042
CL      -0.01869704    0.00000000   -0.55346768
     3

O      -0.01869705    0.00000000    1.13842057
H       0.94532217    0.00000000    1.13867295
CL      -0.01869705    0.00000000   -0.55345626
     3

O      -0.01869705    0.00000000    1.13843199
H       0.94532214    0.00000000    1.13809549
CL      -0.01869705    0.00000000   -0.55344483
     3

O      -0.01869704    0.00000000    1.13844341
H       0.94532177    0.00000000    1.13751802
CL      -0.01869704    0.00000000   -0.55343341
     3

O      -0.01869702    0.00000000    1.13845484
H       0.94532104    0.00000000    1.13694056
CL      -0.01869702    0.00000000   -0.55342199
     3

O      -0.01869700    0.00000000    1.13846626
H       0.94531995    0.00000000    1.13636309
CL      -0.01869700    0.00000000   -0.55341057
     3

O      -0.01869697    0.00000000    1.13847768
H       0.94531852    0.00000000    1.13578563
CL      -0.01869697    0.00000000   -0.55339915
     3

O      -0.01869694    0.00000000    1.13848910
H       0.94531673    0.00000000    1.13520817
CL      -0.01869694    0.00000000   -0.55338773
     3

O      -0.01869690    0.00000000    1.13850052
H       0.94531459    0.00000000    1.13463071
CL      -0.01869690    0.00000000   -0.55337631
     3

O      -0.01869685    0.00000000    1.13851194
H       0.94531209    0.00000000    1.13405325
CL      -0.01869685    0.00000000   -0.55336488
     3

O      -0.01869679    0.00000000    1.13852336
H       0.94530924    0.00000000    1.13347579
CL      -0.01869679    0.00000000   -0.55335346
     3

O      -0.01869673    0.00000000    1.13853478
H       0.94530604    0.00000000    1.13289834
CL      -0.01869673    0.00000000   -0.55334204
     3

O      -0.01869666    0.00000000    1.13854621
H       0.94530249    0.00000000    1.13232088
CL      -0.01869666    0.00000000   -0.55333062
     3

O      -0.01869658    0.00000000    1.13855763
H       0.94529859    0.00000000    1.13174343
CL      -0.01869658    0.00000000   -0.55331920
     3

O      -0.01869650    0.00000000    1.13856905
H       0.94529433    0.00000000    1.13116598
CL      -0.01869650    0.00000000   -0.55330778
     3

O      -0.01869640    0.00000000    1.13858047
H       0.94528972    0.00000000    1.13058854
CL      -0.01869640    0.00000000   -0.55329636
     3

O      -0.01869631    0.00000000    1.13859189
H       0.94528475    0.00000000    1.13001109
CL      -0.01869631    0.00000000   -0.55328494
     3

O      -0.01869620    0.00000000    1.13860331
H       0.94527944    0.00000000    1.12943365
CL      -0.01869620    0.00000000   -0.55327352
     3

O      -0.01869609    0.00000000    1.13861473
H       0.94527377    0.00000000    1.12885622
CL      -0.01869609    0.00000000   -0.55326210
     3

O      -0.01869597    0.00000000    1.13862615
H       0.94526775    0.00000000    1.12827879
CL      -0.01869597    0.00000000   -0.55325067
     3

O      -0.01869584    0.00000000    1.13863757
H       0.94526137    0.00000000    1.12770136
CL      -0.01869584    0.00000000   -0.55323925
     3

O      -0.01869571    0.00000000    1.13864899
H       0.94525464    0.00000000    1.12712393
CL      -0.01869571    0.00000000   -0.55322783
     3

O      -0.01869557    0.00000000    1.13866041
H       0.94524756    0.00000000    1.12654651
CL      -0.01869557    0.00000000   -0.55321641
     3

O      -0.01869542    0.00000000    1.13867183
H       0.94524013    0.00000000    1.12596909
CL      -0.01869542    0.00000000   -0.55320499
     3

O      -0.01869527    0.00000000    1.13868325
H       0.94523234    0.00000000    1.12539168
CL      -0.01869527    0.00000000   -0.55319357
     3

O      -0.01869511    0.00000000    1.13869467
H       0.94522421    0.00000000    1.12481427
CL      -0.01869511    0.00000000   -0.55318215
     3

O      -0.01869494    0.00000000    1.13870609
H       0.94521572    0.00000000    1.12423687
CL      -0.01869494    0.00000000   -0.55317073
     3

O      -0.01869477    0.00000000    1.13871751
H       0.94520687    0.00000000    1.12365947
CL      -0.01869477    0.00000000   -0.55315931
     3

O      -0.01869458    0.00000000    1.13872893
H       0.94519768    0.00000000    1.12308208
CL      -0.01869458    0.00000000   -0.55314789
     3

O      -0.01869440    0.00000000    1.13874035
H       0.94518813    0.00000000    1.12250470
CL      -0.01869440    0.00000000   -0.55313647
     3

O      -0.01869420    0.00000000    1.13875177
H       0.94517822    0.00000000    1.12192732
CL      -0.01869420    0.00000000   -0.55312505
     3

O      -0.01869400    0.00000000    1.13876319
H       0.94516797    0.00000000    1.12134995
CL      -0.01869400    0.00000000   -0.55311363
     3

O      -0.01869379    0.00000000    1.13877461
H       0.94515736    0.00000000    1.12077258
CL      -0.01869379    0.00000000   -0.55310221
     3

O      -0.01869357    0.00000000    1.13878603
H       0.94514640    0.00000000    1.12019522
CL      -0.01869357    0.00000000   -0.55309079
     3

O      -0.01869335    0.00000000    1.13879745
H       0.94513509    0.00000000    1.11961786
CL      -0.01869335    0.00000000   -0.55307937
     3

O      -0.01869312    0.00000000    1.13880887
H       0.94512343    0.00000000    1.11904052
CL      -0.01869312    0.00000000   -0.55306796
     3

O      -0.01869288    0.00000000    1.13882029
H       0.94511141    0.00000000    1.11846318
CL      -0.01869288    0.00000000   -0.55305654
     3

O      -0.01869263    0.00000000    1.13883171
H       0.94509904    0.00000000    1.11788585
CL      -0.01869263    0.00000000   -0.55304512
     3

O      -0.01869238    0.00000000    1.13884313
H       0.94508631    0.00000000    1.11730852
CL      -0.01869238    0.00000000   -0.55303370
     3

O      -0.01869212    0.00000000    1.13885455
H       0.94507324    0.00000000    1.11673121
CL      -0.01869212    0.00000000   -0.55302228
     3

O      -0.01869186    0.00000000    1.13886596
H       0.94505981    0.00000000    1.11615390
CL      -0.01869186    0.00000000   -0.55301086
     3

O      -0.01869158    0.00000000    1.13887738
H       0.94504603    0.00000000    1.11557660
CL      -0.01869158    0.00000000   -0.55299944
     3

O      -0.01869131    0.00000000    1.13888880
H       0.94503189    0.00000000    1.11499931
CL      -0.01869131    0.00000000   -0.55298803
     3

O      -0.01869102    0.00000000    1.13890022
H       0.94501741    0.00000000    1.11442202
CL      -0.01869102    0.00000000   -0.55297661
     3

O      -0.01869073    0.00000000    1.13891164
H       0.94500257    0.00000000    1.11384475
CL      -0.01869073    0.00000000   -0.55296519
     3

O      -0.01869042    0.00000000    1.13892305
H       0.94498738    0.00000000    1.11326748
CL      -0.01869042    0.00000000   -0.55295377
     3

O      -0.01869012    0.00000000    1.13893447
H       0.94497183    0.00000000    1.11269023
CL      -0.01869012    0.00000000   -0.55294236
     3

O      -0.01868980    0.00000000    1.13894589
H       0.94495593    0.00000000    1.11211298
CL      -0.01868980    0.00000000   -0.55293094
     3

O      -0.01868948    0.00000000    1.13895730
H       0.94493968    0.00000000    1.11153575
CL      -0.01868948    0.00000000   -0.55291952
     3

O      -0.01868915    0.00000000    1.13896872
H       0.94492308    0.00000000    1.11095852
CL      -0.01868915    0.00000000   -0.55290811
     3

O      -0.01868882    0.00000000    1.13898014
H       0.94490613    0.00000000    1.11038131
CL      -0.01868882    0.00000000   -0.55289669
     3

O      -0.01868848    0.00000000    1.13899155
H       0.94488882    0.00000000    1.10980410
CL      -0.01868848    0.00000000   -0.55288527
     3

O      -0.01868813    0.00000000    1.13900297
H       0.94487116    0.00000000    1.10922691
CL      -0.01868813    0.00000000   -0.55287386
     3

O      -0.01868777    0.00000000    1.13901439
H       0.94485315    0.00000000    1.10864972
CL      -0.01868777    0.00000000   -0.55286244
     3

O      -0.01868741    0.00000000    1.13902580
H       0.94483478    0.00000000    1.10807255
CL      -0.01868741    0.00000000   -0.55285103
     3

O      -0.01868704    0.00000000    1.13903722
H       0.94481606    0.00000000    1.10749539
CL      -0.01868704    0.00000000   -0.55283961
     3

O      -0.01868666    0.00000000    1.13904863
H       0.94479699    0.00000000    1.10691824
CL      -0.01868666    0.00000000   -0.55282820
     3

O      -0.01868627    0.00000000    1.13906005
H       0.94477757    0.00000000    1.10634110
CL      -0.01868627    0.00000000   -0.55281678
     3

O      -0.01868588    0.00000000    1.13907146
H       0.94475780    0.00000000    1.10576398
CL      -0.01868588    0.00000000   -0.55280537
     3

O      -0.01868549    0.00000000    1.13908288
H       0.94473767    0.00000000    1.10518686
CL      -0.01868549    0.00000000   -0.55279395
     3

O      -0.01868508    0.00000000    1.13909429
H       0.94471719    0.00000000    1.10460976
CL      -0.01868508    0.00000000   -0.55278254
     3

O      -0.01868467    0.00000000    1.13910570
H       0.94469635    0.00000000    1.10403267
CL      -0.01868467    0.00000000   -0.55277112
     3

O      -0.01868425    0.00000000    1.13911712
H       0.94467517    0.00000000    1.10345560
CL      -0.01868425    0.00000000   -0.55275971
     3

O      -0.01868382    0.00000000    1.13912853
H       0.94465363    0.00000000    1.10287854
CL      -0.01868382    0.00000000   -0.55274830
     3

O      -0.01868339    0.00000000    1.13913994
H       0.94463174    0.00000000    1.10230149
CL      -0.01868339    0.00000000   -0.55273688
     3

O      -0.01868295    0.00000000    1.13915136
H       0.94460950    0.00000000    1.10172445
CL      -0.01868295    0.00000000   -0.55272547
     3

O      -0.01868250    0.00000000    1.13916277
H       0.94458690    0.00000000    1.10114743
CL      -0.01868250    0.00000000   -0.55271406
     3

O      -0.01868205    0.00000000    1.13917418
H       0.94456395    0.00000000    1.10057042
CL      -0.01868205    0.00000000   -0.55270265
     3

O      -0.01868159    0.00000000    1.13918559
H       0.94454065    0.00000000    1.09999343
CL      -0.01868159    0.00000000   -0.55269123
     3

O      -0.01868112    0.00000000    1.13919701
H       0.94451700    0.00000000    1.09941645
CL      -0.01868112    0.00000000   -0.55267982
     3

O      -0.01868065    0.00000000    1.13920842
H       0.94449299    0.00000000    1.09883948
CL      -0.01868065    0.00000000   -0.55266841
     3

O      -0.01868016    0.00000000    1.13921983
H       0.94446864    0.00000000    1.09826253
CL      -0.01868016    0.00000000   -0.55265700
     3

O      -0.01867968    0.00000000    1.13923124
H       0.94444393    0.00000000    1.09768559
CL      -0.01867968    0.00000000   -0.55264559
     3

O      -0.01867918    0.00000000    1.13924265
H       0.94441886    0.00000000    1.09710867
CL      -0.01867918    0.00000000   -0.55263418
     3

O      -0.01867868    0.00000000    1.13925406
H       0.94439345    0.00000000    1.09653177
CL      -0.01867868    0.00000000   -0.55262277
     3

O      -0.01867817    0.00000000    1.13926547
H       0.94436768    0.00000000    1.09595488
CL      -0.01867817    0.00000000   -0.55261136
     3

O      -0.01867765    0.00000000    1.13927688
H       0.94434156    0.00000000    1.09537801
CL      -0.01867765    0.00000000   -0.55259995
     3

O      -0.01867713    0.00000000    1.13928829
H       0.94431509    0.00000000    1.09480115
CL      -0.01867713    0.00000000   -0.55258854
     3

O      -0.01867660    0.00000000    1.13929970
H       0.94428826    0.00000000    1.09422431
CL      -0.01867660    0.00000000   -0.55257713
     3

O      -0.01867606    0.00000000    1.13931111
H       0.94426109    0.00000000    1.09364748
CL      -0.01867606    0.00000000   -0.55256572
     3

O      -0.01867552    0.00000000    1.13932252
H       0.94423356    0.00000000    1.09307068
CL      -0.01867552    0.00000000   -0.55255431
     3

O      -0.01867496    0.00000000    1.13933392
H       0.94420567    0.00000000    1.09249388
CL      -0.01867496    0.00000000   -0.55254290
     3

O      -0.01867441    0.00000000    1.13934533
H       0.94417744    0.00000000    1.09191711
CL      -0.01867441    0.00000000   -0.55253150
     3

O      -0.01867384    0.00000000    1.13935674
H       0.94414885    0.00000000    1.09134035
CL      -0.01867384    0.00000000   -0.55252009
     3

O      -0.01867327    0.00000000    1.13936815
H       0.94411991    0.00000000    1.09076362
CL      -0.01867327    0.00000000   -0.55250868
     3

O      -0.01867269    0.00000000    1.13937955
H       0.94409062    0.00000000    1.09018689
CL      -0.01867269    0.00000000   -0.55249727
     3

O      -0.01867210    0.00000000    1.13939096
H       0.94406098    0.00000000    1.08961019
CL      -0.01867210    0.00000000   -0.55248587
     3

O      -0.01867151    0.00000000    1.13940236
H       0.94403098    0.00000000    1.08903351
CL      -0.01867151    0.00000000   -0.55247446
     3

O      -0.01867091    0.00000000    1.13941377
H       0.94400064    0.00000000    1.08845684
CL      -0.01867091    0.00000000   -0.55246306
     3

O      -0.01867030    0.00000000    1.13942518
H       0.94396994    0.00000000    1.08788019
CL      -0.01867030    0.00000000   -0.55245165
     3

O      -0.01866969    0.00000000    1.13943658
H       0.94393888    0.00000000    1.08730356
CL      -0.01866969    0.00000000   -0.55244025
     3

O      -0.01866907    0.00000000    1.13944798
H       0.94390748    0.00000000    1.08672695
CL      -0.01866907    0.00000000   -0.55242884
     3

O      -0.01866844    0.00000000    1.13945939
H       0.94387572    0.00000000    1.08615036
CL      -0.01866844    0.00000000   -0.55241744
     3

O      -0.01866780    0.00000000    1.13947079
H       0.94384361    0.00000000    1.08557379
CL      -0.01866780    0.00000000   -0.55240603
     3

O      -0.01866716    0.00000000    1.13948220
H       0.94381115    0.00000000    1.08499724
CL      -0.01866716    0.00000000   -0.55239463
     3

O      -0.01866651    0.00000000    1.13949360
H       0.94377834    0.00000000    1.08442071
CL      -0.01866651    0.00000000   -0.55238323
     3

O      -0.01866586    0.00000000    1.13950500
H       0.94374517    0.00000000    1.08384420
CL      -0.01866586    0.00000000   -0.55237183
     3

O      -0.01866519    0.00000000    1.13951640
H       0.94371165    0.00000000    1.08326771
CL      -0.01866519    0.00000000   -0.55236042
     3

O      -0.01866452    0.00000000    1.13952780
H       0.94367778    0.00000000    1.08269124
CL      -0.01866452    0.00000000   -0.55234902
     3

O      -0.01866385    0.00000000    1.13953921
H       0.94364356    0.00000000    1.08211479
CL      -0.01866385    0.00000000   -0.55233762
     3

O      -0.01866316    0.00000000    1.13955061
H       0.94360899    0.00000000    1.08153836
CL      -0.01866316    0.00000000   -0.55232622
     3

O      -0.01866247    0.00000000    1.13956201
H       0.94357406    0.00000000    1.08096195
CL      -0.01866247    0.00000000   -0.55231482
     3

O      -0.01866177    0.00000000    1.13957341
H       0.94353878    0.00000000    1.08038557
CL      -0.01866177    0.00000000   -0.55230342
     3

O      -0.01866107    0.00000000    1.13958481
H       0.94350315    0.00000000    1.07980920
CL      -0.01866107    0.00000000   -0.55229202
     3

O      -0.01866036    0.00000000    1.13959621
H       0.94346717    0.00000000    1.07923286
CL      -0.01866036    0.00000000   -0.55228062
     3

O      -0.01865964    0.00000000    1.13960761
H       0.94343084    0.00000000    1.07865654
CL      -0.01865964    0.00000000   -0.55226922
     3

O      -0.01865891    0.00000000    1.13961900
H       0.94339415    0.00000000    1.07808024
CL      -0.01865891    0.00000000   -0.55225782
     3

O      -0.01865818    0.00000000    1.13963040
H       0.94335711    0.00000000    1.07750397
CL      -0.01865818    0.00000000   -0.55224643
     3

O      -0.01865744    0.00000000    1.13964180
H       0.94331972    0.00000000    1.07692771
CL      -0.01865744    0.00000000   -0.55223503
     3

O      -0.01865669    0.00000000    1.13965320
H       0.94328198    0.00000000    1.07635148
CL      -0.01865669    0.00000000   -0.55222363
     3

O      -0.01865594    0.00000000    1.13966459
H       0.94324388    0.00000000    1.07577528
CL      -0.01865594    0.00000000   -0.55221223
     3

O      -0.01865518    0.00000000    1.13967599
H       0.94320543    0.00000000    1.07519909
CL      -0.01865518    0.00000000   -0.55220084
     3

O      -0.01865441    0.00000000    1.13968738
H       0.94316664    0.00000000    1.07462293
CL      -0.01865441    0.00000000   -0.55218944
     3

O      -0.01865364    0.00000000    1.13969878
H       0.94312748    0.00000000    1.07404680
CL      -0.01865364    0.00000000   -0.55217805
     3

O      -0.01865286    0.00000000    1.13971017
H       0.94308798    0.00000000    1.07347069
CL      -0.01865286    0.00000000   -0.55216665
     3

O      -0.01865207    0.00000000    1.13972157
H       0.94304813    0.00000000    1.07289460
CL      -0.01865207    0.00000000   -0.55215526
     3

O      -0.01865127    0.00000000    1.13973296
H       0.94300792    0.00000000    1.07231854
CL      -0.01865127    0.00000000   -0.55214387
     3

O      -0.01865047    0.00000000    1.13974435
H       0.94296736    0.00000000    1.07174250
CL      -0.01865047    0.00000000   -0.55213247
     3

O      -0.01864966    0.00000000    1.13975575
H       0.94292645    0.00000000    1.07116648
CL      -0.01864966    0.00000000   -0.55212108
     3

O      -0.01864885    0.00000000    1.13976714
H       0.94288519    0.00000000    1.07059050
CL      -0.01864885    0.00000000   -0.55210969
     3

O      -0.01864802    0.00000000    1.13977853
H       0.94284358    0.00000000    1.07001453
CL      -0.01864802    0.00000000   -0.55209830
     3

O      -0.01864719    0.00000000    1.13978992
H       0.94280161    0.00000000    1.06943859
CL      -0.01864719    0.00000000   -0.55208690
     3

O      -0.01864636    0.00000000    1.13980131
H       0.94275929    0.00000000    1.06886268
CL      -0.01864636    0.00000000   -0.55207551
     3

O      -0.01864551    0.00000000    1.13981270
H       0.94271662    0.00000000    1.06828680
CL      -0.01864551    0.00000000   -0.55206412
     3

O      -0.01864466    0.00000000    1.13982409
H       0.94267360    0.00000000    1.06771094
CL      -0.01864466    0.00000000   -0.55205273
     3

O      -0.01864380    0.00000000    1.13983548
H       0.94263023    0.00000000    1.06713510
CL      -0.01864380    0.00000000   -0.55204134
     3

O      -0.01864294    0.00000000    1.13984687
H       0.94258650    0.00000000    1.06655930
CL      -0.01864294    0.00000000   -0.55202996
     3

O      -0.01864207    0.00000000    1.13985826
H       0.94254243    0.00000000    1.06598352
CL      -0.01864207    0.00000000   -0.55201857
     3

O      -0.01864119    0.00000000    1.13986965
H       0.94249800    0.00000000    1.06540776
CL      -0.01864119    0.00000000   -0.55200718
     3

O      -0.01864030    0.00000000    1.13988103
H       0.94245322    0.00000000    1.06483204
CL      -0.01864030    0.00000000   -0.55199579
     3

O      -0.01863941    0.00000000    1.13989242
H       0.94240809    0.00000000    1.06425634
CL      -0.01863941    0.00000000   -0.55198441
     3

O      -0.01863851    0.00000000    1.13990381
H       0.94236261    0.00000000    1.06368067
CL      -0.01863851    0.00000000   -0.55197302
     3

O      -0.01863760    0.00000000    1.13991519
H       0.94231677    0.00000000    1.06310503
CL      -0.01863760    0.00000000   -0.55196164
     3

O      -0.01863669    0.00000000    1.13992658
H       0.94227058    0.00000000    1.06252941
CL      -0.01863669    0.00000000   -0.55195025
     3

O      -0.01863577    0.00000000    1.13993796
H       0.94222405    0.00000000    1.06195383
CL      -0.01863577    0.00000000   -0.55193887
     3

O      -0.01863484    0.00000000    1.13994934
H       0.94217716    0.00000000    1.06137827
CL      -0.01863484    0.00000000   -0.55192748
     3

O      -0.01863391    0.00000000    1.13996073
H       0.94212992    0.00000000    1.06080274
CL      -0.01863391    0.00000000   -0.55191610
     3

O      -0.01863297    0.00000000    1.13997211
H       0.94208232    0.00000000    1.06022724
CL      -0.01863297    0.00000000   -0.55190472
     3

O      -0.01863202    0.00000000    1.13998349
H       0.94203438    0.00000000    1.05965177
CL      -0.01863202    0.00000000   -0.55189334
     3

O      -0.01863106    0.00000000    1.13999487
H       0.94198608    0.00000000    1.05907633
CL      -0.01863106    0.00000000   -0.55188195
     3

O      -0.01863010    0.00000000    1.14000625
H       0.94193744    0.00000000    1.05850092
CL      -0.01863010    0.00000000   -0.55187057
     3

O      -0.01862913    0.00000000    1.14001763
H       0.94188844    0.00000000    1.05792554
CL      -0.01862913    0.00000000   -0.55185919
     3

O      -0.01862816    0.00000000    1.14002901
H       0.94183909    0.00000000    1.05735018
CL      -0.01862816    0.00000000   -0.55184781
     3

O      -0.01862717    0.00000000    1.14004039
H       0.94178938    0.00000000    1.05677486
CL      -0.01862717    0.00000000   -0.55183643
     3

O      -0.01862618    0.00000000    1.14005177
H       0.94173933    0.00000000    1.05619957
CL      -0.01862618    0.00000000   -0.55182506
     3

O      -0.01862519    0.00000000    1.14006315
H       0.94168893    0.00000000    1.05562431
CL      -0.01862519    0.00000000   -0.55181368
     3

O      -0.01862418    0.00000000    1.14007453
H       0.94163817    0.00000000    1.05504908
CL      -0.01862418    0.00000000   -0.55180230
     3

O      -0.01862317    0.00000000    1.14008590
H       0.94158706    0.00000000    1.05447388
CL      -0.01862317    0.00000000   -0.55179093
     3

O      -0.01862215    0.00000000    1.14009728
H       0.94153560    0.00000000    1.05389872
CL      -0.01862215    0.00000000   -0.55177955
     3

O      -0.01862113    0.00000000    1.14010865
H       0.94148379    0.00000000    1.05332358
CL      -0.01862113    0.00000000   -0.55176817
     3

O      -0.01862010    0.00000000    1.14012003
H       0.94143163    0.00000000    1.05274848
CL      -0.01862010    0.00000000   -0.55175680
     3

O      -0.01861906    0.00000000    1.14013140
H       0.94137912    0.00000000    1.05217340
CL      -0.01861906    0.00000000   -0.55174543
     3

O      -0.01861801    0.00000000    1.14014278
H       0.94132626    0.00000000    1.05159836
CL      -0.01861801    0.00000000   -0.55173405
     3

O      -0.01861696    0.00000000    1.14015415
H       0.94127304    0.00000000    1.05102336
CL      -0.01861696    0.00000000   -0.55172268
     3

O      -0.01861590    0.00000000    1.14016552
H       0.94121947    0.00000000    1.05044838
CL      -0.01861590    0.00000000   -0.55171131
     3

O      -0.01861483    0.00000000    1.14017689
H       0.94116556    0.00000000    1.04987344
CL      -0.01861483    0.00000000   -0.55169994
     3

O      -0.01861376    0.00000000    1.14018826
H       0.94111129    0.00000000    1.04929853
CL      -0.01861376    0.00000000   -0.55168856
     3

O      -0.01861268    0.00000000    1.14019963
H       0.94105667    0.00000000    1.04872366
CL      -0.01861268    0.00000000   -0.55167719
     3

O      -0.01861159    0.00000000    1.14021100
H       0.94100170    0.00000000    1.04814881
CL      -0.01861159    0.00000000   -0.55166582
     3

O      -0.01861050    0.00000000    1.14022237
H       0.94094637    0.00000000    1.04757401
CL      -0.01861050    0.00000000   -0.55165446
     3

O      -0.01860940    0.00000000    1.14023374
H       0.94089070    0.00000000    1.04699923
CL      -0.01860940    0.00000000   -0.55164309
     3

O      -0.01860829    0.00000000    1.14024511
H       0.94083468    0.00000000    1.04642449
CL      -0.01860829    0.00000000   -0.55163172
     3

O      -0.01860718    0.00000000    1.14025647
H       0.94077830    0.00000000    1.04584979
CL      -0.01860718    0.00000000   -0.55162035
     3

O      -0.01860605    0.00000000    1.14026784
H       0.94072157    0.00000000    1.04527511
CL      -0.01860605    0.00000000   -0.55160899
     3

O      -0.01860492    0.00000000    1.14027920
H       0.94066449    0.00000000    1.04470048
CL      -0.01860492    0.00000000   -0.55159762
     3

O      -0.01860379    0.00000000    1.14029057
H       0.94060707    0.00000000    1.04412588
CL      -0.01860379    0.00000000   -0.55158626
     3

O      -0.01860265    0.00000000    1.14030193
H       0.94054929    0.00000000    1.04355131
CL      -0.01860265    0.00000000   -0.55157489
     3

O      -0.01860150    0.00000000    1.14031330
H       0.94049116    0.00000000    1.04297678
CL      -0.01860150    0.00000000   -0.55156353
     3

O      -0.01860034    0.00000000    1.14032466
H       0.94043267    0.00000000    1.04240228
CL      -0.01860034    0.00000000   -0.55155217
     3

O      -0.01859918    0.00000000    1.14033602
H       0.94037384    0.00000000    1.04182782
CL      -0.01859918    0.00000000   -0.55154081
     3

O      -0.01859801    0.00000000    1.14034738
H       0.94031466    0.00000000    1.04125340
CL      -0.01859801    0.00000000   -0.55152944
     3

O      -0.01859683    0.00000000    1.14035874
H       0.94025512    0.00000000    1.04067901
CL      -0.01859683    0.00000000   -0.55151808
     3

O      -0.01859564    0.00000000    1.14037010
H       0.94019524    0.00000000    1.04010466
CL      -0.01859564    0.00000000   -0.55150672
     3

O      -0.01859445    0.00000000    1.14038146
H       0.94013500    0.00000000    1.03953035
CL      -0.01859445    0.00000000   -0.55149536
     3

O      -0.01859325    0.00000000    1.14039282
H       0.94007441    0.00000000    1.03895607
CL      -0.01859325    0.00000000   -0.55148401
     3

O      -0.01859205    0.00000000    1.14040418
H       0.94001348    0.00000000    1.03838183
CL      -0.01859205    0.00000000   -0.55147265
     3

O      -0.01859084    0.00000000    1.14041554
H       0.93995219    0.00000000    1.03780763
CL      -0.01859084    0.00000000   -0.55146129
     3

O      -0.01858962    0.00000000    1.14042689
H       0.93989055    0.00000000    1.03723346
CL      -0.01858962    0.00000000   -0.55144994
     3

O      -0.01858839    0.00000000    1.14043825
H       0.93982856    0.00000000    1.03665933
CL      -0.01858839    0.00000000   -0.55143858
     3

O      -0.01858716    0.00000000    1.14044960
H       0.93976622    0.00000000    1.03608524
CL      -0.01858716    0.00000000   -0.55142723
     3

O      -0.01858592    0.00000000    1.14046096
H       0.93970353    0.00000000    1.03551119
CL      -0.01858592    0.00000000   -0.55141587
     3

O      -0.01858467    0.00000000    1.14047231
H       0.93964048    0.00000000    1.03493718
CL      -0.01858467    0.00000000   -0.55140452
     3

O      -0.01858342    0.00000000    1.14048366
H       0.93957709    0.00000000    1.03436320
CL      -0.01858342    0.00000000   -0.55139317
     3

O      -0.01858216    0.00000000    1.14049501
H       0.93951335    0.00000000    1.03378927
CL      -0.01858216    0.00000000   -0.55138181
     3

O      -0.01858089    0.00000000    1.14050636
H       0.93944925    0.00000000    1.03321537
CL      -0.01858089    0.00000000   -0.55137046
     3

O      -0.01857961    0.00000000    1.14051771
H       0.93938481    0.00000000    1.03264152
CL      -0.01857961    0.00000000   -0.55135911
     3

O      -0.01857833    0.00000000    1.14052906
H       0.93932001    0.00000000    1.03206770
CL      -0.01857833    0.00000000   -0.55134776
     3

O      -0.01857704    0.00000000    1.14054041
H       0.93925487    0.00000000    1.03149392
CL      -0.01857704    0.00000000   -0.55133642
     3

O      -0.01857575    0.00000000    1.14055176
H       0.93918937    0.00000000    1.03092018
CL      -0.01857575    0.00000000   -0.55132507
     3

O      -0.01857445    0.00000000    1.14056311
H       0.93912353    0.00000000    1.03034648
CL      -0.01857445    0.00000000   -0.55131372
     3

O      -0.01857314    0.00000000    1.14057445
H       0.93905733    0.00000000    1.02977283
CL      -0.01857314    0.00000000   -0.55130238
     3

O      -0.01857182    0.00000000    1.14058580
H       0.93899078    0.00000000    1.02919921
CL      -0.01857182    0.00000000   -0.55129103
     3

O      -0.01857050    0.00000000    1.14059714
H       0.93892388    0.00000000    1.02862563
CL      -0.01857050    0.00000000   -0.55127969
     3

O      -0.01856917    0.00000000    1.14060848
H       0.93885664    0.00000000    1.02805210
CL      -0.01856917    0.00000000   -0.55126834
     3

O      -0.01856783    0.00000000    1.14061983
H       0.93878904    0.00000000    1.02747860
CL      -0.01856783    0.00000000   -0.55125700
     3

O      -0.01856649    0.00000000    1.14063117
H       0.93872109    0.00000000    1.02690515
CL      -0.01856649    0.00000000   -0.55124566
     3

O      -0.01856514    0.00000000    1.14064251
H       0.93865279    0.00000000    1.02633174
CL      -0.01856514    0.00000000   -0.55123432
     3

O      -0.01856378    0.00000000    1.14065385
H       0.93858414    0.00000000    1.02575837
CL      -0.01856378    0.00000000   -0.55122298
     3

O      -0.01856241    0.00000000    1.14066519
H       0.93851514    0.00000000    1.02518504
CL      -0.01856241    0.00000000   -0.55121164
     3

O      -0.01856104    0.00000000    1.14067653
H       0.93844579    0.00000000    1.02461176
CL      -0.01856104    0.00000000   -0.55120030
     3

O      -0.01855966    0.00000000    1.14068787
H       0.93837609    0.00000000    1.02403851
CL      -0.01855966    0.00000000   -0.55118896
     3

O      -0.01855828    0.00000000    1.14069920
H       0.93830604    0.00000000    1.02346531
CL      -0.01855828    0.00000000   -0.55117762
     3

O      -0.01855689    0.00000000    1.14071054
H       0.93823564    0.00000000    1.02289216
CL      -0.01855689    0.00000000   -0.55116629
     3

O      -0.01855549    0.00000000    1.14072188
H       0.93816489    0.00000000    1.02231904
CL      -0.01855549    0.00000000   -0.55115495
     3

O      -0.01855408    0.00000000    1.14073321
H       0.93809379    0.00000000    1.02174597
CL      -0.01855408    0.00000000   -0.55114362
     3

O      -0.01855267    0.00000000    1.14074454
H       0.93802234    0.00000000    1.02117295
CL      -0.01855267    0.00000000   -0.55113228
     3

O      -0.01855125    0.00000000    1.14075588
H       0.93795054    0.00000000    1.02059996
CL      -0.01855125    0.00000000   -0.55112095
     3

O      -0.01854982    0.00000000    1.14076721
H       0.93787839    0.00000000    1.02002702
CL      -0.01854982    0.00000000   -0.55110962
     3

O      -0.01854839    0.00000000    1.14077854
H       0.93780589    0.00000000    1.01945413
CL      -0.01854839    0.00000000   -0.55109829
     3

O      -0.01854694    0.00000000    1.14078987
H       0.93773304    0.00000000    1.01888128
CL      -0.01854694    0.00000000   -0.55108696
     3

O      -0.01854550    0.00000000    1.14080120
H       0.93765984    0.00000000    1.01830847
CL      -0.01854550    0.00000000   -0.55107563
     3

O      -0.01854404    0.00000000    1.14081253
H       0.93758629    0.00000000    1.01773571
CL      -0.01854404    0.00000000   -0.55106430
     3

O      -0.01854258    0.00000000    1.14082385
H       0.93751239    0.00000000    1.01716299
CL      -0.01854258    0.00000000   -0.55105297
     3

O      -0.01854111    0.00000000    1.14083518
H       0.93743814    0.00000000    1.01659032
CL      -0.01854111    0.00000000   -0.55104165
     3

O      -0.01853964    0.00000000    1.14084651
H       0.93736354    0.00000000    1.01601770
CL      -0.01853964    0.00000000   -0.55103032
     3

O      -0.01853815    0.00000000    1.14085783
H       0.93728859    0.00000000    1.01544512
CL      -0.01853815    0.00000000   -0.55101899
     3

O      -0.01853666    0.00000000    1.14086916
H       0.93721329    0.00000000    1.01487258
CL      -0.01853666    0.00000000   -0.55100767
     3

O      -0.01853517    0.00000000    1.14088048
H       0.93713764    0.00000000    1.01430009
CL      -0.01853517    0.00000000   -0.55099635
     3

O      -0.01853367    0.00000000    1.14089180
H       0.93706164    0.00000000    1.01372765
CL      -0.01853367    0.00000000   -0.55098503
     3

O      -0.01853216    0.00000000    1.14090312
H       0.93698529    0.00000000    1.01315526
CL      -0.01853216    0.00000000   -0.55097370
     3

O      -0.01853064    0.00000000    1.14091444
H       0.93690860    0.00000000    1.01258291
CL      -0.01853064    0.00000000   -0.55096238
     3

O      -0.01852911    0.00000000    1.14092576
H       0.93683155    0.00000000    1.01201061
CL      -0.01852911    0.00000000   -0.55095107
     3

O      -0.01852758    0.00000000    1.14093708
H       0.93675415    0.00000000    1.01143835
CL      -0.01852758    0.00000000   -0.55093975
     3

O      -0.01852605    0.00000000    1.14094840
H       0.93667640    0.00000000    1.01086615
CL      -0.01852605    0.00000000   -0.55092843
     3

O      -0.01852450    0.00000000    1.14095971
H       0.93659831    0.00000000    1.01029399
CL      -0.01852450    0.00000000   -0.55091711
     3

O      -0.01852295    0.00000000    1.14097103
H       0.93651986    0.00000000    1.00972188
CL      -0.01852295    0.00000000   -0.55090580
     3

O      -0.01852139    0.00000000    1.14098234
H       0.93644107    0.00000000    1.00914981
CL      -0.01852139    0.00000000   -0.55089448
     3

O      -0.01851983    0.00000000    1.14099366
H       0.93636192    0.00000000    1.00857780
CL      -0.01851983    0.00000000   -0.55088317
     3

O      -0.01851825    0.00000000    1.14100497
H       0.93628243    0.00000000    1.00800583
CL      -0.01851825    0.00000000   -0.55087186
     3

O      -0.01851667    0.00000000    1.14101628
H       0.93620258    0.00000000    1.00743391
CL      -0.01851667    0.00000000   -0.55086055
     3

O      -0.01851509    0.00000000    1.14102759
H       0.93612239    0.00000000    1.00686204
CL      -0.01851509    0.00000000   -0.55084923
     3

O      -0.01851350    0.00000000    1.14103890
H       0.93604185    0.00000000    1.00629022
CL      -0.01851350    0.00000000   -0.55083792
     3

O      -0.01851190    0.00000000    1.14105021
H       0.93596096    0.00000000    1.00571845
CL      -0.01851190    0.00000000   -0.55082662
     3

O      -0.01851029    0.00000000    1.14106152
H       0.93587972    0.00000000    1.00514673
CL      -0.01851029    0.00000000   -0.55081531
     3

O      -0.01850868    0.00000000    1.14107283
H       0.93579813    0.00000000    1.00457506
CL      -0.01850868    0.00000000   -0.55080400
     3

O      -0.01850705    0.00000000    1.14108413
H       0.93571619    0.00000000    1.00400344
CL      -0.01850705    0.00000000   -0.55079270
     3

O      -0.01850543    0.00000000    1.14109544
H       0.93563390    0.00000000    1.00343187
CL      -0.01850543    0.00000000   -0.55078139
     3

O      -0.01850379    0.00000000    1.14110674
H       0.93555126    0.00000000    1.00286035
CL      -0.01850379    0.00000000   -0.55077009
     3

O      -0.01850215    0.00000000    1.14111804
H       0.93546828    0.00000000    1.00228888
CL      -0.01850215    0.00000000   -0.55075878
     3

O      -0.01850050    0.00000000    1.14112934
H       0.93538494    0.00000000    1.00171746
CL      -0.01850050    0.00000000   -0.55074748
     3

O      -0.01849885    0.00000000    1.14114064
H       0.93530125    0.00000000    1.00114609
CL      -0.01849885    0.00000000   -0.55073618
     3

O      -0.01849719    0.00000000    1.14115194
H       0.93521722    0.00000000    1.00057477
CL      -0.01849719    0.00000000   -0.55072488
     3

O      -0.01849552    0.00000000    1.14116324
H       0.93513284    0.00000000    1.00000350
CL      -0.01849552    0.00000000   -0.55071358
     3

O      -0.01849384    0.00000000    1.14117454
H       0.93504811    0.00000000    0.99943229
CL      -0.01849384    0.00000000   -0.55070229
     3

O      -0.01849216    0.00000000    1.14118584
H       0.93496303    0.00000000    0.99886113
CL      -0.01849216    0.00000000   -0.55069099
     3

O      -0.01849047    0.00000000    1.14119713
H       0.93487760    0.00000000    0.99829002
CL      -0.01849047    0.00000000   -0.55067969
     3

O      -0.01848877    0.00000000    1.14120843
H       0.93479182    0.00000000    0.99771896
CL      -0.01848877    0.00000000   -0.55066840
     3

O      -0.01848707    0.00000000    1.14121972
H       0.93470569    0.00000000    0.99714795
CL      -0.01848707    0.00000000   -0.55065710
     3

O      -0.01848536    0.00000000    1.14123101
H       0.93461922    0.00000000    0.99657700
CL      -0.01848536    0.00000000   -0.55064581
     3

O      -0.01848364    0.00000000    1.14124231
H       0.93453239    0.00000000    0.99600610
CL      -0.01848364    0.00000000   -0.55063452
     3

O      -0.01848192    0.00000000    1.14125360
H       0.93444522    0.00000000    0.99543525
CL      -0.01848192    0.00000000   -0.55062323
     3

O      -0.01848019    0.00000000    1.14126489
H       0.93435770    0.00000000    0.99486446
CL      -0.01848019    0.00000000   -0.55061194
     3

O      -0.01847845    0.00000000    1.14127617
H       0.93426982    0.00000000    0.99429372
CL      -0.01847845    0.00000000   -0.55060065
     3

O      -0.01847670    0.00000000    1.14128746
H       0.93418161    0.00000000    0.99372304
CL      -0.01847670    0.00000000   -0.55058936
     3

O      -0.01847495    0.00000000    1.14129875
H       0.93409304    0.00000000    0.99315240
CL      -0.01847495    0.00000000   -0.55057808
     3

O      -0.01847319    0.00000000    1.14131003
H       0.93400412    0.00000000    0.99258183
CL      -0.01847319    0.00000000   -0.55056679
     3

O      -0.01847143    0.00000000    1.14132132
H       0.93391486    0.00000000    0.99201130
CL      -0.01847143    0.00000000   -0.55055551
     3

O      -0.01846965    0.00000000    1.14133260
H       0.93382524    0.00000000    0.99144083
CL      -0.01846965    0.00000000   -0.55054423
     3

O      -0.01846788    0.00000000    1.14134388
H       0.93373528    0.00000000    0.99087042
CL      -0.01846788    0.00000000   -0.55053294
     3

O      -0.01846609    0.00000000    1.14135516
H       0.93364497    0.00000000    0.99030006
CL      -0.01846609    0.00000000   -0.55052166
     3

O      -0.01846430    0.00000000    1.14136644
H       0.93355431    0.00000000    0.98972976
CL      -0.01846430    0.00000000   -0.55051038
     3

O      -0.01846250    0.00000000    1.14137772
H       0.93346330    0.00000000    0.98915951
CL      -0.01846250    0.00000000   -0.55049911
     3

O      -0.01846069    0.00000000    1.14138900
H       0.93337195    0.00000000    0.98858932
CL      -0.01846069    0.00000000   -0.55048783
     3

O      -0.01845888    0.00000000    1.14140028
H       0.93328024    0.00000000    0.98801918
CL      -0.01845888    0.00000000   -0.55047655
     3

O      -0.01845705    0.00000000    1.14141155
H       0.93318819    0.00000000    0.98744910
CL      -0.01845705    0.00000000   -0.55046528
     3

O      -0.01845523    0.00000000    1.14142282
H       0.93309579    0.00000000    0.98687908
CL      -0.01845523    0.00000000   -0.55045400
     3

O      -0.01845339    0.00000000    1.14143410
H       0.93300304    0.00000000    0.98630911
CL      -0.01845339    0.00000000   -0.55044273
     3

O      -0.01845155    0.00000000    1.14144537
H       0.93290995    0.00000000    0.98573920
CL      -0.01845155    0.00000000   -0.55043146
     3

O      -0.01844970    0.00000000    1.14145664
H       0.93281650    0.00000000    0.98516934
CL      -0.01844970    0.00000000   -0.55042019
     3

O      -0.01844785    0.00000000    1.14146791
H       0.93272271    0.00000000    0.98459955
CL      -0.01844785    0.00000000   -0.55040892
     3

O      -0.01844599    0.00000000    1.14147918
H       0.93262857    0.00000000    0.98402981
CL      -0.01844599    0.00000000   -0.55039765
     3

O      -0.01844412    0.00000000    1.14149045
H       0.93253408    0.00000000    0.98346013
CL      -0.01844412    0.00000000   -0.55038638
     3

O      -0.01844224    0.00000000    1.14150171
H       0.93243924    0.00000000    0.98289050
CL      -0.01844224    0.00000000   -0.55037511
     3

O      -0.01844036    0.00000000    1.14151298
H       0.93234406    0.00000000    0.98232094
CL      -0.01844036    0.00000000   -0.55036385
     3

O      -0.01843847    0.00000000    1.14152424
H       0.93224852    0.00000000    0.98175143
CL      -0.01843847    0.00000000   -0.55035258
     3

O      -0.01843657    0.00000000    1.14153550
H       0.93215264    0.00000000    0.98118198
CL      -0.01843657    0.00000000   -0.55034132
     3

O      -0.01843467    0.00000000    1.14154677
H       0.93205642    0.00000000    0.98061259
CL      -0.01843467    0.00000000   -0.55033006
     3

O      -0.01843276    0.00000000    1.14155803
H       0.93195984    0.00000000    0.98004326
CL      -0.01843276    0.00000000   -0.55031880
     3

O      -0.01843084    0.00000000    1.14156929
H       0.93186292    0.00000000    0.97947399
CL      -0.01843084    0.00000000   -0.55030754
     3

O      -0.01842892    0.00000000    1.14158054
H       0.93176564    0.00000000    0.97890477
CL      -0.01842892    0.00000000   -0.55029628
     3

O      -0.01842699    0.00000000    1.14159180
H       0.93166802    0.00000000    0.97833562
CL      -0.01842699    0.00000000   -0.55028503
     3

O      -0.01842505    0.00000000    1.14160306
H       0.93157006    0.00000000    0.97776653
CL      -0.01842505    0.00000000   -0.55027377
     3

O      -0.01842311    0.00000000    1.14161431
H       0.93147174    0.00000000    0.97719749
CL      -0.01842311    0.00000000   -0.55026251
     3

O      -0.01842115    0.00000000    1.14162557
H       0.93137308    0.00000000    0.97662852
CL      -0.01842115    0.00000000   -0.55025126
     3

O      -0.01841920    0.00000000    1.14163682
H       0.93127407    0.00000000    0.97605961
CL      -0.01841920    0.00000000   -0.55024001
     3

O      -0.01841723    0.00000000    1.14164807
H       0.93117471    0.00000000    0.97549075
CL      -0.01841723    0.00000000   -0.55022876
     3

O      -0.01841526    0.00000000    1.14165932
H       0.93107501    0.00000000    0.97492196
CL      -0.01841526    0.00000000   -0.55021751
     3

O      -0.01841328    0.00000000    1.14167057
H       0.93097495    0.00000000    0.97435323
CL      -0.01841328    0.00000000   -0.55020626
     3

O      -0.01841129    0.00000000    1.14168181
H       0.93087456    0.00000000    0.97378456
CL      -0.01841129    0.00000000   -0.55019501
     3

O      -0.01840930    0.00000000    1.14169306
H       0.93077381    0.00000000    0.97321595
CL      -0.01840930    0.00000000   -0.55018377
     3

O      -0.01840730    0.00000000    1.14170431
H       0.93067271    0.00000000    0.97264741
CL      -0.01840730    0.00000000   -0.55017252
     3

O      -0.01840530    0.00000000    1.14171555
H       0.93057127    0.00000000    0.97207892
CL      -0.01840530    0.00000000   -0.55016128
     3

O      -0.01840328    0.00000000    1.14172679
H       0.93046948    0.00000000    0.97151050
CL      -0.01840328    0.00000000   -0.55015003
     3

O      -0.01840126    0.00000000    1.14173803
H       0.93036735    0.00000000    0.97094214
CL      -0.01840126    0.00000000   -0.55013879
     3

O      -0.01839924    0.00000000    1.14174927
H       0.93026486    0.00000000    0.97037384
CL      -0.01839924    0.00000000   -0.55012755
     3

O      -0.01839720    0.00000000    1.14176051
H       0.93016203    0.00000000    0.96980561
CL      -0.01839720    0.00000000   -0.55011631
     3

O      -0.01839516    0.00000000    1.14177175
H       0.93005886    0.00000000    0.96923743
CL      -0.01839516    0.00000000   -0.55010508
     3

O      -0.01839311    0.00000000    1.14178299
H       0.92995533    0.00000000    0.96866932
CL      -0.01839311    0.00000000   -0.55009384
     3

O      -0.01839106    0.00000000    1.14179422
H       0.92985146    0.00000000    0.96810128
CL      -0.01839106    0.00000000   -0.55008261
     3

O      -0.01838900    0.00000000    1.14180546
H       0.92974724    0.00000000    0.96753330
CL      -0.01838900    0.00000000   -0.55007137
     3

O      -0.01838693    0.00000000    1.14181669
H       0.92964268    0.00000000    0.96696538
CL      -0.01838693    0.00000000   -0.55006014
     3

O      -0.01838485    0.00000000    1.14182792
H       0.92953776    0.00000000    0.96639752
CL      -0.01838485    0.00000000   -0.55004891
     3

O      -0.01838277    0.00000000    1.14183915
H       0.92943250    0.00000000    0.96582973
CL      -0.01838277    0.00000000   -0.55003768
     3

O      -0.01838068    0.00000000    1.14185038
H       0.92932690    0.00000000    0.96526201
CL      -0.01838068    0.00000000   -0.55002645
     3

O      -0.01837859    0.00000000    1.14186161
H       0.92922094    0.00000000    0.96469435
CL      -0.01837859    0.00000000   -0.55001522
     3

O      -0.01837649    0.00000000    1.14187283
H       0.92911464    0.00000000    0.96412675
CL      -0.01837649    0.00000000   -0.55000400
     3

O      -0.01837438    0.00000000    1.14188406
H       0.92900800    0.00000000    0.96355922
CL      -0.01837438    0.00000000   -0.54999277
     3

O      -0.01837226    0.00000000    1.14189528
H       0.92890101    0.00000000    0.96299175
CL      -0.01837226    0.00000000   -0.54998155
     3

O      -0.01837014    0.00000000    1.14190650
H       0.92879367    0.00000000    0.96242435
CL      -0.01837014    0.00000000   -0.54997032
     3

O      -0.01836801    0.00000000    1.14191772
H       0.92868598    0.00000000    0.96185702
CL      -0.01836801    0.00000000   -0.54995910
     3

O      -0.01836587    0.00000000    1.14192894
H       0.92857795    0.00000000    0.96128975
CL      -0.01836587    0.00000000   -0.54994788
     3

O      -0.01836373    0.00000000    1.14194016
H       0.92846957    0.00000000    0.96072255
CL      -0.01836373    0.00000000   -0.54993667
     3

O      -0.01836158    0.00000000    1.14195138
H       0.92836084    0.00000000    0.96015541
CL      -0.01836158    0.00000000   -0.54992545
     3

O      -0.01835942    0.00000000    1.14196259
H       0.92825177    0.00000000    0.95958834
CL      -0.01835942    0.00000000   -0.54991423
     3

O      -0.01835726    0.00000000    1.14197381
H       0.92814235    0.00000000    0.95902134
CL      -0.01835726    0.00000000   -0.54990302
     3

O      -0.01835508    0.00000000    1.14198502
H       0.92803259    0.00000000    0.95845440
CL      -0.01835508    0.00000000   -0.54989180
     3

O      -0.01835291    0.00000000    1.14199623
H       0.92792247    0.00000000    0.95788753
CL      -0.01835291    0.00000000   -0.54988059
     3

O      -0.01835072    0.00000000    1.14200744
H       0.92781202    0.00000000    0.95732073
CL      -0.01835072    0.00000000   -0.54986938
     3

O      -0.01834853    0.00000000    1.14201865
H       0.92770121    0.00000000    0.95675399
CL      -0.01834853    0.00000000   -0.54985817
     3

O      -0.01834633    0.00000000    1.14202986
H       0.92759006    0.00000000    0.95618733
CL      -0.01834633    0.00000000   -0.54984697
     3

O      -0.01834413    0.00000000    1.14204107
H       0.92747857    0.00000000    0.95562073
CL      -0.01834413    0.00000000   -0.54983576
     3

O      -0.01834191    0.00000000    1.14205227
H       0.92736673    0.00000000    0.95505420
CL      -0.01834191    0.00000000   -0.54982455
     3

O      -0.01833970    0.00000000    1.14206348
H       0.92725454    0.00000000    0.95448774
CL      -0.01833970    0.00000000   -0.54981335
     3

O      -0.01833747    0.00000000    1.14207468
H       0.92714200    0.00000000    0.95392134
CL      -0.01833747    0.00000000   -0.54980215
     3

O      -0.01833524    0.00000000    1.14208588
H       0.92702912    0.00000000    0.95335502
CL      -0.01833524    0.00000000   -0.54979095
     3

O      -0.01833300    0.00000000    1.14209708
H       0.92691590    0.00000000    0.95278876
CL      -0.01833300    0.00000000   -0.54977975
     3

O      -0.01833075    0.00000000    1.14210828
H       0.92680233    0.00000000    0.95222258
CL      -0.01833075    0.00000000   -0.54976855
     3

O      -0.01832850    0.00000000    1.14211948
H       0.92668841    0.00000000    0.95165646
CL      -0.01832850    0.00000000   -0.54975735
     3

O      -0.01832624    0.00000000    1.14213067
H       0.92657414    0.00000000    0.95109042
CL      -0.01832624    0.00000000   -0.54974616
     3

O      -0.01832397    0.00000000    1.14214186
H       0.92645953    0.00000000    0.95052444
CL      -0.01832397    0.00000000   -0.54973496
     3

O      -0.01832170    0.00000000    1.14215306
H       0.92634458    0.00000000    0.94995853
CL      -0.01832170    0.00000000   -0.54972377
     3

O      -0.01831942    0.00000000    1.14216425
H       0.92622928    0.00000000    0.94939269
CL      -0.01831942    0.00000000   -0.54971258
     3

O      -0.01831713    0.00000000    1.14217544
H       0.92611363    0.00000000    0.94882693
CL      -0.01831713    0.00000000   -0.54970139
     3

O      -0.01831484    0.00000000    1.14218663
H       0.92599764    0.00000000    0.94826123
CL      -0.01831484    0.00000000   -0.54969020
     3

O      -0.01831254    0.00000000    1.14219781
H       0.92588130    0.00000000    0.94769561
CL      -0.01831254    0.00000000   -0.54967901
     3

O      -0.01831023    0.00000000    1.14220900
H       0.92576462    0.00000000    0.94713006
CL      -0.01831023    0.00000000   -0.54966783
     3

O      -0.01830791    0.00000000    1.14222018
H       0.92564759    0.00000000    0.94656457
CL      -0.01830791    0.00000000   -0.54965664
     3

O      -0.01830559    0.00000000    1.14223137
H       0.92553022    0.00000000    0.94599916
CL      -0.01830559    0.00000000   -0.54964546
     3

O      -0.01830326    0.00000000    1.14224255
H       0.92541250    0.00000000    0.94543383
CL      -0.01830326    0.00000000   -0.54963428
     3

O      -0.01830093    0.00000000    1.14225373
H       0.92529443    0.00000000    0.94486856
CL      -0.01830093    0.00000000   -0.54962310
     3

O      -0.01829859    0.00000000    1.14226491
H       0.92517602    0.00000000    0.94430337
CL      -0.01829859    0.00000000   -0.54961192
     3

O      -0.01829624    0.00000000    1.14227609
H       0.92505727    0.00000000    0.94373824
CL      -0.01829624    0.00000000   -0.54960074
     3

O      -0.01829388    0.00000000    1.14228726
H       0.92493817    0.00000000    0.94317320
CL      -0.01829388    0.00000000   -0.54958957
     3

O      -0.01829152    0.00000000    1.14229844
H       0.92481872    0.00000000    0.94260822
CL      -0.01829152    0.00000000   -0.54957839
     3

O      -0.01828915    0.00000000    1.14230961
H       0.92469893    0.00000000    0.94204332
CL      -0.01828915    0.00000000   -0.54956722
     3

O      -0.01828677    0.00000000    1.14232078
H       0.92457880    0.00000000    0.94147849
CL      -0.01828677    0.00000000   -0.54955605
     3

O      -0.01828439    0.00000000    1.14233195
H       0.92445832    0.00000000    0.94091373
CL      -0.01828439    0.00000000   -0.54954488
     3

O      -0.01828200    0.00000000    1.14234312
H       0.92433749    0.00000000    0.94034905
CL      -0.01828200    0.00000000   -0.54953371
     3

O      -0.01827960    0.00000000    1.14235429
H       0.92421632    0.00000000    0.93978444
CL      -0.01827960    0.00000000   -0.54952254
     3

O      -0.01827720    0.00000000    1.14236545
H       0.92409481    0.00000000    0.93921990
CL      -0.01827720    0.00000000   -0.54951138
     3

O      -0.01827479    0.00000000    1.14237662
H       0.92397295    0.00000000    0.93865544
CL      -0.01827479    0.00000000   -0.54950021
     3

O      -0.01827237    0.00000000    1.14238778
H       0.92385074    0.00000000    0.93809106
CL      -0.01827237    0.00000000   -0.54948905
     3

O      -0.01826995    0.00000000    1.14239894
H       0.92372819    0.00000000    0.93752675
CL      -0.01826995    0.00000000   -0.54947789
     3

O      -0.01826752    0.00000000    1.14241010
H       0.92360530    0.00000000    0.93696251
CL      -0.01826752    0.00000000   -0.54946673
     3

O      -0.01826508    0.00000000    1.14242126
H       0.92348206    0.00000000    0.93639835
CL      -0.01826508    0.00000000   -0.54945557
     3

O      -0.01826264    0.00000000    1.14243241
H       0.92335847    0.00000000    0.93583427
CL      -0.01826264    0.00000000   -0.54944441
     3

O      -0.01826019    0.00000000    1.14244357
H       0.92323455    0.00000000    0.93527026
CL      -0.01826019    0.00000000   -0.54943326
     3

O      -0.01825773    0.00000000    1.14245472
H       0.92311027    0.00000000    0.93470632
CL      -0.01825773    0.00000000   -0.54942210
     3

O      -0.01825526    0.00000000    1.14246588
H       0.92298566    0.00000000    0.93414246
CL      -0.01825526    0.00000000   -0.54941095
     3

O      -0.01825279    0.00000000    1.14247703
H       0.92286069    0.00000000    0.93357868
CL      -0.01825279    0.00000000   -0.54939980
     3

O      -0.01825031    0.00000000    1.14248818
H       0.92273539    0.00000000    0.93301498
CL      -0.01825031    0.00000000   -0.54938865
     3

O      -0.01824783    0.00000000    1.14249932
H       0.92260974    0.00000000    0.93245135
CL      -0.01824783    0.00000000   -0.54937750
     3

O      -0.01824534    0.00000000    1.14251047
H       0.92248374    0.00000000    0.93188780
CL      -0.01824534    0.00000000   -0.54936636
     3

O      -0.01824284    0.00000000    1.14252161
H       0.92235740    0.00000000    0.93132432
CL      -0.01824284    0.00000000   -0.54935521
     3

O      -0.01824033    0.00000000    1.14253276
H       0.92223072    0.00000000    0.93076092
CL      -0.01824033    0.00000000   -0.54934407
     3

O      -0.01823782    0.00000000    1.14254390
H       0.92210369    0.00000000    0.93019760
CL      -0.01823782    0.00000000   -0.54933293
     3

O      -0.01823530    0.00000000    1.14255504
H       0.92197632    0.00000000    0.92963436
CL      -0.01823530    0.00000000   -0.54932179
     3

O      -0.01823277    0.00000000    1.14256618
H       0.92184861    0.00000000    0.92907120
CL      -0.01823277    0.00000000   -0.54931065
     3

O      -0.01823024    0.00000000    1.14257731
H       0.92172055    0.00000000    0.92850811
CL      -0.01823024    0.00000000   -0.54929951
     3

O      -0.01822770    0.00000000    1.14258845
H       0.92159215    0.00000000    0.92794510
CL      -0.01822770    0.00000000   -0.54928838
     3

O      -0.01822516    0.00000000    1.14259958
H       0.92146340    0.00000000    0.92738217
CL      -0.01822516    0.00000000   -0.54927724
     3

O      -0.01822260    0.00000000    1.14261072
H       0.92133431    0.00000000    0.92681932
CL      -0.01822260    0.00000000   -0.54926611
     3

O      -0.01822004    0.00000000    1.14262185
H       0.92120487    0.00000000    0.92625655
CL      -0.01822004    0.00000000   -0.54925498
     3

O      -0.01821748    0.00000000    1.14263298
H       0.92107509    0.00000000    0.92569386
CL      -0.01821748    0.00000000   -0.54924385
     3

O      -0.01821490    0.00000000    1.14264410
H       0.92094497    0.00000000    0.92513125
CL      -0.01821490    0.00000000   -0.54923272
     3

O      -0.01821232    0.00000000    1.14265523
H       0.92081451    0.00000000    0.92456871
CL      -0.01821232    0.00000000   -0.54922160
     3

O      -0.01820973    0.00000000    1.14266635
H       0.92068370    0.00000000    0.92400626
CL      -0.01820973    0.00000000   -0.54921047
     3

O      -0.01820714    0.00000000    1.14267748
H       0.92055254    0.00000000    0.92344389
CL      -0.01820714    0.00000000   -0.54919935
     3

O      -0.01820454    0.00000000    1.14268860
H       0.92042105    0.00000000    0.92288159
CL      -0.01820454    0.00000000   -0.54918823
     3

O      -0.01820193    0.00000000    1.14269972
H       0.92028921    0.00000000    0.92231938
CL      -0.01820193    0.00000000   -0.54917711
     3

O      -0.01819932    0.00000000    1.14271084
H       0.92015702    0.00000000    0.92175725
CL      -0.01819932    0.00000000   -0.54916599
     3

O      -0.01819670    0.00000000    1.14272195
H       0.92002450    0.00000000    0.92119520
CL      -0.01819670    0.00000000   -0.54915487
     3

O      -0.01819407    0.00000000    1.14273307
H       0.91989163    0.00000000    0.92063323
CL      -0.01819407    0.00000000   -0.54914376
     3

O      -0.01819143    0.00000000    1.14274418
H       0.91975841    0.00000000    0.92007134
CL      -0.01819143    0.00000000   -0.54913265
     3

O      -0.01818879    0.00000000    1.14275529
H       0.91962486    0.00000000    0.91950953
CL      -0.01818879    0.00000000   -0.54912153
     3

O      -0.01818614    0.00000000    1.14276640
H       0.91949096    0.00000000    0.91894780
CL      -0.01818614    0.00000000   -0.54911042
     3

O      -0.01818349    0.00000000    1.14277751
H       0.91935671    0.00000000    0.91838616
CL      -0.01818349    0.00000000   -0.54909932
     3

O      -0.01818083    0.00000000    1.14278862
H       0.91922213    0.00000000    0.91782460
CL      -0.01818083    0.00000000   -0.54908821
     3

O      -0.01817816    0.00000000    1.14279972
H       0.91908720    0.00000000    0.91726312
CL      -0.01817816    0.00000000   -0.54907710
     3

O      -0.01817548    0.00000000    1.14281083
H       0.91895193    0.00000000    0.91670172
CL      -0.01817548    0.00000000   -0.54906600
     3

O      -0.01817280    0.00000000    1.14282193
H       0.91881631    0.00000000    0.91614041
CL      -0.01817280    0.00000000   -0.54905490
     3

O      -0.01817011    0.00000000    1.14283303
H       0.91868036    0.00000000    0.91557917
CL      -0.01817011    0.00000000   -0.54904380
     3

O      -0.01816742    0.00000000    1.14284413
H       0.91854406    0.00000000    0.91501803
CL      -0.01816742    0.00000000   -0.54903270
     3

O      -0.01816471    0.00000000    1.14285523
H       0.91840741    0.00000000    0.91445696
CL      -0.01816471    0.00000000   -0.54902160
     3

O      -0.01816200    0.00000000    1.14286632
H       0.91827043    0.00000000    0.91389598
CL      -0.01816200    0.00000000   -0.54901051
     3

O      -0.01815929    0.00000000    1.14287741
H       0.91813310    0.00000000    0.91333508
CL      -0.01815929    0.00000000   -0.54899941
     3

O      -0.01815656    0.00000000    1.14288851
H       0.91799543    0.00000000    0.91277427
CL      -0.01815656    0.00000000   -0.54898832
     3

O      -0.01815383    0.00000000    1.14289960
H       0.91785741    0.00000000    0.91221354
CL      -0.01815383    0.00000000   -0.54897723
     3

O      -0.01815110    0.00000000    1.14291069
H       0.91771906    0.00000000    0.91165289
CL      -0.01815110    0.00000000   -0.54896614
     3

O      -0.01814836    0.00000000    1.14292177
H       0.91758036    0.00000000    0.91109233
CL      -0.01814836    0.00000000   -0.54895505
     3

O      -0.01814561    0.00000000    1.14293286
H       0.91744132    0.00000000    0.91053186
CL      -0.01814561    0.00000000   -0.54894397
     3

O      -0.01814285    0.00000000    1.14294394
H       0.91730193    0.00000000    0.90997147
CL      -0.01814285    0.00000000   -0.54893289
     3

O      -0.01814008    0.00000000    1.14295502
H       0.91716221    0.00000000    0.90941116
CL      -0.01814008    0.00000000   -0.54892180
     3

O      -0.01813731    0.00000000    1.14296610
H       0.91702214    0.00000000    0.90885094
CL      -0.01813731    0.00000000   -0.54891072
     3

O      -0.01813454    0.00000000    1.14297718
H       0.91688173    0.00000000    0.90829081
CL      -0.01813454    0.00000000   -0.54889964
     3

O      -0.01813175    0.00000000    1.14298826
H       0.91674098    0.00000000    0.90773076
CL      -0.01813175    0.00000000   -0.54888857
     3

O      -0.01812896    0.00000000    1.14299933
H       0.91659988    0.00000000    0.90717080
CL      -0.01812896    0.00000000   -0.54887749
     3

O      -0.01812617    0.00000000    1.14301041
H       0.91645845    0.00000000    0.90661092
CL      -0.01812617    0.00000000   -0.54886642
     3

O      -0.01812336    0.00000000    1.14302148
H       0.91631667    0.00000000    0.90605113
CL      -0.01812336    0.00000000   -0.54885535
     3

O      -0.01812055    0.00000000    1.14303255
H       0.91617455    0.00000000    0.90549143
CL      -0.01812055    0.00000000   -0.54884428
     3

O      -0.01811773    0.00000000    1.14304362
H       0.91603208    0.00000000    0.90493182
CL      -0.01811773    0.00000000   -0.54883321
     3

O      -0.01811491    0.00000000    1.14305468
H       0.91588928    0.00000000    0.90437229
CL      -0.01811491    0.00000000   -0.54882214
     3

O      -0.01811208    0.00000000    1.14306575
H       0.91574613    0.00000000    0.90381285
CL      -0.01811208    0.00000000   -0.54881108
     3

O      -0.01810924    0.00000000    1.14307681
H       0.91560265    0.00000000    0.90325349
CL      -0.01810924    0.00000000   -0.54880001
     3

O      -0.01810639    0.00000000    1.14308787
H       0.91545882    0.00000000    0.90269423
CL      -0.01810639    0.00000000   -0.54878895
     3

O      -0.01810354    0.00000000    1.14309893
H       0.91531465    0.00000000    0.90213505
CL      -0.01810354    0.00000000   -0.54877789
     3

O      -0.01810068    0.00000000    1.14310999
H       0.91517013    0.00000000    0.90157596
CL      -0.01810068    0.00000000   -0.54876683
     3

O      -0.01809782    0.00000000    1.14312105
H       0.91502528    0.00000000    0.90101696
CL      -0.01809782    0.00000000   -0.54875578
     3

O      -0.01809495    0.00000000    1.14313210
H       0.91488009    0.00000000    0.90045804
CL      -0.01809495    0.00000000   -0.54874472
     3

O      -0.01809207    0.00000000    1.14314316
H       0.91473455    0.00000000    0.89989922
CL      -0.01809207    0.00000000   -0.54873367
     3

O      -0.01808918    0.00000000    1.14315421
H       0.91458867    0.00000000    0.89934049
CL      -0.01808918    0.00000000   -0.54872262
     3

O      -0.01808629    0.00000000    1.14316526
H       0.91444245    0.00000000    0.89878184
CL      -0.01808629    0.00000000   -0.54871157
     3

O      -0.01808339    0.00000000    1.14317630
H       0.91429589    0.00000000    0.89822328
CL      -0.01808339    0.00000000   -0.54870052
     3

O      -0.01808049    0.00000000    1.14318735
H       0.91414899    0.00000000    0.89766482
CL      -0.01808049    0.00000000   -0.54868948
     3

O      -0.01807758    0.00000000    1.14319839
H       0.91400175    0.00000000    0.89710644
CL      -0.01807758    0.00000000   -0.54867843
     3

O      -0.01807466    0.00000000    1.14320943
H       0.91385416    0.00000000    0.89654815
CL      -0.01807466    0.00000000   -0.54866739
     3

O      -0.01807173    0.00000000    1.14322047
H       0.91370624    0.00000000    0.89598996
CL      -0.01807173    0.00000000   -0.54865635
     3

O      -0.01806880    0.00000000    1.14323151
H       0.91355797    0.00000000    0.89543185
CL      -0.01806880    0.00000000   -0.54864531
     3

O      -0.01806586    0.00000000    1.14324255
H       0.91340936    0.00000000    0.89487383
CL      -0.01806586    0.00000000   -0.54863428
     3

O      -0.01806291    0.00000000    1.14325358
H       0.91326042    0.00000000    0.89431591
CL      -0.01806291    0.00000000   -0.54862324
     3

O      -0.01805996    0.00000000    1.14326462
H       0.91311113    0.00000000    0.89375808
CL      -0.01805996    0.00000000   -0.54861221
     3

O      -0.01805700    0.00000000    1.14327565
H       0.91296150    0.00000000    0.89320033
CL      -0.01805700    0.00000000   -0.54860118
     3

O      -0.01805403    0.00000000    1.14328668
H       0.91281153    0.00000000    0.89264268
CL      -0.01805403    0.00000000   -0.54859015
     3

O      -0.01805106    0.00000000    1.14329771
H       0.91266122    0.00000000    0.89208512
CL      -0.01805106    0.00000000   -0.54857912
     3

O      -0.01804808    0.00000000    1.14330873
H       0.91251057    0.00000000    0.89152766
CL      -0.01804808    0.00000000   -0.54856809
     3

O      -0.01804510    0.00000000    1.14331976
H       0.91235958    0.00000000    0.89097028
CL      -0.01804510    0.00000000   -0.54855707
     3

O      -0.01804210    0.00000000    1.14333078
H       0.91220824    0.00000000    0.89041300
CL      -0.01804210    0.00000000   -0.54854605
     3

O      -0.01803910    0.00000000    1.14334180
H       0.91205657    0.00000000    0.88985581
CL      -0.01803910    0.00000000   -0.54853503
     3

O      -0.01803610    0.00000000    1.14335282
H       0.91190456    0.00000000    0.88929871
CL      -0.01803610    0.00000000   -0.54852401
     3

O      -0.01803308    0.00000000    1.14336383
H       0.91175221    0.00000000    0.88874171
CL      -0.01803308    0.00000000   -0.54851299
     3

O      -0.01803006    0.00000000    1.14337485
H       0.91159951    0.00000000    0.88818480
CL      -0.01803006    0.00000000   -0.54850198
     3

O      -0.01802704    0.00000000    1.14338586
H       0.91144648    0.00000000    0.88762798
CL      -0.01802704    0.00000000   -0.54849096
     3

O      -0.01802400    0.00000000    1.14339687
H       0.91129311    0.00000000    0.88707126
CL      -0.01802400    0.00000000   -0.54847995
     3

O      -0.01802096    0.00000000    1.14340788
H       0.91113939    0.00000000    0.88651463
CL      -0.01802096    0.00000000   -0.54846894
     3

O      -0.01801792    0.00000000    1.14341889
H       0.91098534    0.00000000    0.88595809
CL      -0.01801792    0.00000000   -0.54845794
     3

O      -0.01801486    0.00000000    1.14342990
H       0.91083095    0.00000000    0.88540165
CL      -0.01801486    0.00000000   -0.54844693
     3

O      -0.01801180    0.00000000    1.14344090
H       0.91067621    0.00000000    0.88484530
CL      -0.01801180    0.00000000   -0.54843593
     3

O      -0.01800873    0.00000000    1.14345190
H       0.91052114    0.00000000    0.88428905
CL      -0.01800873    0.00000000   -0.54842493
     3

O      -0.01800566    0.00000000    1.14346290
H       0.91036573    0.00000000    0.88373289
CL      -0.01800566    0.00000000   -0.54841393
     3

O      -0.01800258    0.00000000    1.14347390
H       0.91020997    0.00000000    0.88317682
CL      -0.01800258    0.00000000   -0.54840293
     3

O      -0.01799949    0.00000000    1.14348490
H       0.91005388    0.00000000    0.88262086
CL      -0.01799949    0.00000000   -0.54839193
     3

O      -0.01799640    0.00000000    1.14349589
H       0.90989745    0.00000000    0.88206498
CL      -0.01799640    0.00000000   -0.54838094
     3

O      -0.01799330    0.00000000    1.14350688
H       0.90974068    0.00000000    0.88150921
CL      -0.01799330    0.00000000   -0.54836994
     3

O      -0.01799019    0.00000000    1.14351787
H       0.90958357    0.00000000    0.88095353
CL      -0.01799019    0.00000000   -0.54835895
     3

O      -0.01798708    0.00000000    1.14352886
H       0.90942612    0.00000000    0.88039794
CL      -0.01798708    0.00000000   -0.54834797
     3

O      -0.01798396    0.00000000    1.14353985
H       0.90926833    0.00000000    0.87984245
CL      -0.01798396    0.00000000   -0.54833698
     3

O      -0.01798083    0.00000000    1.14355083
H       0.90911020    0.00000000    0.87928706
CL      -0.01798083    0.00000000   -0.54832599
     3

O      -0.01797769    0.00000000    1.14356182
H       0.90895173    0.00000000    0.87873177
CL      -0.01797769    0.00000000   -0.54831501
     3

O      -0.01797455    0.00000000    1.14357280
H       0.90879292    0.00000000    0.87817657
CL      -0.01797455    0.00000000   -0.54830403
     3

O      -0.01797141    0.00000000    1.14358378
H       0.90863378    0.00000000    0.87762147
CL      -0.01797141    0.00000000   -0.54829305
     3

O      -0.01796825    0.00000000    1.14359475
H       0.90847429    0.00000000    0.87706646
CL      -0.01796825    0.00000000   -0.54828207
     3

O      -0.01796509    0.00000000    1.14360573
H       0.90831447    0.00000000    0.87651155
CL      -0.01796509    0.00000000   -0.54827110
     3

O      -0.01796192    0.00000000    1.14361670
H       0.90815430    0.00000000    0.87595675
CL      -0.01796192    0.00000000   -0.54826013
     3

O      -0.01795875    0.00000000    1.14362767
H       0.90799380    0.00000000    0.87540203
CL      -0.01795875    0.00000000   -0.54824915
     3

O      -0.01795557    0.00000000    1.14363864
H       0.90783296    0.00000000    0.87484742
CL      -0.01795557    0.00000000   -0.54823818
     3

O      -0.01795238    0.00000000    1.14364961
H       0.90767178    0.00000000    0.87429291
CL      -0.01795238    0.00000000   -0.54822722
     3

O      -0.01794918    0.00000000    1.14366057
H       0.90751026    0.00000000    0.87373849
CL      -0.01794918    0.00000000   -0.54821625
     3

O      -0.01794598    0.00000000    1.14367154
H       0.90734840    0.00000000    0.87318417
CL      -0.01794598    0.00000000   -0.54820529
     3

O      -0.01794277    0.00000000    1.14368250
H       0.90718621    0.00000000    0.87262996
CL      -0.01794277    0.00000000   -0.54819433
     3

O      -0.01793956    0.00000000    1.14369346
H       0.90702367    0.00000000    0.87207584
CL      -0.01793956    0.00000000   -0.54818337
     3

O      -0.01793634    0.00000000    1.14370442
H       0.90686080    0.00000000    0.87152182
CL      -0.01793634    0.00000000   -0.54817241
     3

O      -0.01793311    0.00000000    1.14371537
H       0.90669759    0.00000000    0.87096790
CL      -0.01793311    0.00000000   -0.54816145
     3

O      -0.01792988    0.00000000    1.14372633
H       0.90653404    0.00000000    0.87041408
CL      -0.01792988    0.00000000   -0.54815050
     3

O      -0.01792663    0.00000000    1.14373728
H       0.90637015    0.00000000    0.86986036
CL      -0.01792663    0.00000000   -0.54813955
     3

O      -0.01792339    0.00000000    1.14374823
H       0.90620592    0.00000000    0.86930674
CL      -0.01792339    0.00000000   -0.54812860
     3

O      -0.01792013    0.00000000    1.14375918
H       0.90604136    0.00000000    0.86875322
CL      -0.01792013    0.00000000   -0.54811765
     3

O      -0.01791687    0.00000000    1.14377012
H       0.90587646    0.00000000    0.86819980
CL      -0.01791687    0.00000000   -0.54810670
     3

O      -0.01791360    0.00000000    1.14378107
H       0.90571122    0.00000000    0.86764648
CL      -0.01791360    0.00000000   -0.54809576
     3

O      -0.01791033    0.00000000    1.14379201
H       0.90554564    0.00000000    0.86709327
CL      -0.01791033    0.00000000   -0.54808482
     3

O      -0.01790704    0.00000000    1.14380295
H       0.90537972    0.00000000    0.86654015
CL      -0.01790704    0.00000000   -0.54807388
     3

O      -0.01790376    0.00000000    1.14381389
H       0.90521347    0.00000000    0.86598714
CL      -0.01790376    0.00000000   -0.54806294
     3

O      -0.01790046    0.00000000    1.14382482
H       0.90504688    0.00000000    0.86543422
CL      -0.01790046    0.00000000   -0.54805201
     3

O      -0.01789716    0.00000000    1.14383575
H       0.90487995    0.00000000    0.86488141
CL      -0.01789716    0.00000000   -0.54804107
     3

O      -0.01789385    0.00000000    1.14384669
H       0.90471268    0.00000000    0.86432870
CL      -0.01789385    0.00000000   -0.54803014
     3

O      -0.01789054    0.00000000    1.14385762
H       0.90454507    0.00000000    0.86377610
CL      -0.01789054    0.00000000   -0.54801921
     3

O      -0.01788722    0.00000000    1.14386854
H       0.90437713    0.00000000    0.86322359
CL      -0.01788722    0.00000000   -0.54800828
     3

O      -0.01788389    0.00000000    1.14387947
H       0.90420885    0.00000000    0.86267119
CL      -0.01788389    0.00000000   -0.54799736
     3

O      -0.01788055    0.00000000    1.14389039
H       0.90404023    0.00000000    0.86211889
CL      -0.01788055    0.00000000   -0.54798643
     3

O      -0.01787721    0.00000000    1.14390131
H       0.90387128    0.00000000    0.86156670
CL      -0.01787721    0.00000000   -0.54797551
     3

O      -0.01787386    0.00000000    1.14391223
H       0.90370199    0.00000000    0.86101461
CL      -0.01787386    0.00000000   -0.54796459
     3

O      -0.01787051    0.00000000    1.14392315
H       0.90353236    0.00000000    0.86046262
CL      -0.01787051    0.00000000   -0.54795367
     3

O      -0.01786715    0.00000000    1.14393407
H       0.90336239    0.00000000    0.85991073
CL      -0.01786715    0.00000000   -0.54794276
     3

O      -0.01786378    0.00000000    1.14394498
H       0.90319209    0.00000000    0.85935895
CL      -0.01786378    0.00000000   -0.54793185
     3

O      -0.01786040    0.00000000    1.14395589
H       0.90302145    0.00000000    0.85880728
CL      -0.01786040    0.00000000   -0.54792093
     3

O      -0.01785702    0.00000000    1.14396680
H       0.90285047    0.00000000    0.85825570
CL      -0.01785702    0.00000000   -0.54791003
     3

O      -0.01785363    0.00000000    1.14397771
H       0.90267915    0.00000000    0.85770424
CL      -0.01785363    0.00000000   -0.54789912
     3

O      -0.01785024    0.00000000    1.14398861
H       0.90250750    0.00000000    0.85715287
CL      -0.01785024    0.00000000   -0.54788821
     3

O      -0.01784684    0.00000000    1.14399952
H       0.90233552    0.00000000    0.85660162
CL      -0.01784684    0.00000000   -0.54787731
     3

O      -0.01784343    0.00000000    1.14401042
H       0.90216319    0.00000000    0.85605046
CL      -0.01784343    0.00000000   -0.54786641
     3

O      -0.01784001    0.00000000    1.14402132
H       0.90199053    0.00000000    0.85549942
CL      -0.01784001    0.00000000   -0.54785551
     3

O      -0.01783659    0.00000000    1.14403221
H       0.90181753    0.00000000    0.85494847
CL      -0.01783659    0.00000000   -0.54784461
     3

O      -0.01783316    0.00000000    1.14404311
H       0.90164420    0.00000000    0.85439764
CL      -0.01783316    0.00000000   -0.54783372
     3

O      -0.01782973    0.00000000    1.14405400
H       0.90147053    0.00000000    0.85384691
CL      -0.01782973    0.00000000   -0.54782283
     3

O      -0.01782629    0.00000000    1.14406489
H       0.90129652    0.00000000    0.85329628
CL      -0.01782629    0.00000000   -0.54781194
     3

O      -0.01782284    0.00000000    1.14407578
H       0.90112218    0.00000000    0.85274577
CL      -0.01782284    0.00000000   -0.54780105
     3

O      -0.01781938    0.00000000    1.14408667
H       0.90094750    0.00000000    0.85219536
CL      -0.01781938    0.00000000   -0.54779016
     3

O      -0.01781592    0.00000000    1.14409755
H       0.90077248    0.00000000    0.85164505
CL      -0.01781592    0.00000000   -0.54777928
     3

O      -0.01781245    0.00000000    1.14410843
H       0.90059713    0.00000000    0.85109485
CL      -0.01781245    0.00000000   -0.54776839
     3

O      -0.01780898    0.00000000    1.14411931
H       0.90042144    0.00000000    0.85054476
CL      -0.01780898    0.00000000   -0.54775751
     3

O      -0.01780550    0.00000000    1.14413019
H       0.90024541    0.00000000    0.84999478
CL      -0.01780550    0.00000000   -0.54774664
     3

O      -0.01780201    0.00000000    1.14414107
H       0.90006905    0.00000000    0.84944491
CL      -0.01780201    0.00000000   -0.54773576
     3

O      -0.01779851    0.00000000    1.14415194
H       0.89989236    0.00000000    0.84889514
CL      -0.01779851    0.00000000   -0.54772489
     3

O      -0.01779501    0.00000000    1.14416281
H       0.89971533    0.00000000    0.84834548
CL      -0.01779501    0.00000000   -0.54771402
     3

O      -0.01779150    0.00000000    1.14417368
H       0.89953796    0.00000000    0.84779593
CL      -0.01779150    0.00000000   -0.54770315
     3

O      -0.01778799    0.00000000    1.14418455
H       0.89936025    0.00000000    0.84724649
CL      -0.01778799    0.00000000   -0.54769228
     3

O      -0.01778447    0.00000000    1.14419541
H       0.89918222    0.00000000    0.84669715
CL      -0.01778447    0.00000000   -0.54768141
     3

O      -0.01778094    0.00000000    1.14420627
H       0.89900384    0.00000000    0.84614793
CL      -0.01778094    0.00000000   -0.54767055
     3

O      -0.01777741    0.00000000    1.14421714
H       0.89882513    0.00000000    0.84559881
CL      -0.01777741    0.00000000   -0.54765969
     3

O      -0.01777386    0.00000000    1.14422799
H       0.89864609    0.00000000    0.84504981
CL      -0.01777386    0.00000000   -0.54764883
     3

O      -0.01777032    0.00000000    1.14423885
H       0.89846671    0.00000000    0.84450091
CL      -0.01777032    0.00000000   -0.54763798
     3

O      -0.01776676    0.00000000    1.14424970
H       0.89828699    0.00000000    0.84395212
CL      -0.01776676    0.00000000   -0.54762712
     3

O      -0.01776320    0.00000000    1.14426056
H       0.89810694    0.00000000    0.84340345
CL      -0.01776320    0.00000000   -0.54761627
     3

O      -0.01775963    0.00000000    1.14427141
H       0.89792655    0.00000000    0.84285488
CL      -0.01775963    0.00000000   -0.54760542
     3

O      -0.01775606    0.00000000    1.14428225
H       0.89774583    0.00000000    0.84230642
CL      -0.01775606    0.00000000   -0.54759457
     3

O      -0.01775248    0.00000000    1.14429310
H       0.89756477    0.00000000    0.84175808
CL      -0.01775248    0.00000000   -0.54758373
     3

O      -0.01774889    0.00000000    1.14430394
H       0.89738338    0.00000000    0.84120984
CL      -0.01774889    0.00000000   -0.54757288
     3

O      -0.01774530    0.00000000    1.14431478
H       0.89720166    0.00000000    0.84066172
CL      -0.01774530    0.00000000   -0.54756204
     3

O      -0.01774169    0.00000000    1.14432562
H       0.89701960    0.00000000    0.84011370
CL      -0.01774169    0.00000000   -0.54755120
     3

O      -0.01773809    0.00000000    1.14433646
H       0.89683720    0.00000000    0.83956580
CL      -0.01773809    0.00000000   -0.54754037
     3

O      -0.01773447    0.00000000    1.14434729
H       0.89665447    0.00000000    0.83901801
CL      -0.01773447    0.00000000   -0.54752953
     3

O      -0.01773085    0.00000000    1.14435813
H       0.89647141    0.00000000    0.83847033
CL      -0.01773085    0.00000000   -0.54751870
     3

O      -0.01772722    0.00000000    1.14436896
H       0.89628801    0.00000000    0.83792276
CL      -0.01772722    0.00000000   -0.54750787
     3

O      -0.01772359    0.00000000    1.14437978
H       0.89610427    0.00000000    0.83737531
CL      -0.01772359    0.00000000   -0.54749704
     3

O      -0.01771995    0.00000000    1.14439061
H       0.89592020    0.00000000    0.83682796
CL      -0.01771995    0.00000000   -0.54748622
     3

O      -0.01771630    0.00000000    1.14440143
H       0.89573580    0.00000000    0.83628073
CL      -0.01771630    0.00000000   -0.54747539
     3

O      -0.01771265    0.00000000    1.14441225
H       0.89555106    0.00000000    0.83573362
CL      -0.01771265    0.00000000   -0.54746457
     3

O      -0.01770899    0.00000000    1.14442307
H       0.89536599    0.00000000    0.83518661
CL      -0.01770899    0.00000000   -0.54745375
     3

O      -0.01770532    0.00000000    1.14443389
H       0.89518059    0.00000000    0.83463972
CL      -0.01770532    0.00000000   -0.54744294
     3

O      -0.01770165    0.00000000    1.14444470
H       0.89499485    0.00000000    0.83409294
CL      -0.01770165    0.00000000   -0.54743212
     3

O      -0.01769797    0.00000000    1.14445552
H       0.89480878    0.00000000    0.83354628
CL      -0.01769797    0.00000000   -0.54742131
     3

O      -0.01769428    0.00000000    1.14446633
H       0.89462237    0.00000000    0.83299973
CL      -0.01769428    0.00000000   -0.54741050
     3

O      -0.01769059    0.00000000    1.14447713
H       0.89443563    0.00000000    0.83245329
CL      -0.01769059    0.00000000   -0.54739969
     3

O      -0.01768689    0.00000000    1.14448794
H       0.89424855    0.00000000    0.83190697
CL      -0.01768689    0.00000000   -0.54738889
     3

O      -0.01768318    0.00000000    1.14449874
H       0.89406115    0.00000000    0.83136076
CL      -0.01768318    0.00000000   -0.54737808
     3

O      -0.01767947    0.00000000    1.14450954
H       0.89387340    0.00000000    0.83081467
CL      -0.01767947    0.00000000   -0.54736728
     3

O      -0.01767575    0.00000000    1.14452034
H       0.89368533    0.00000000    0.83026869
CL      -0.01767575    0.00000000   -0.54735648
     3

O      -0.01767202    0.00000000    1.14453114
H       0.89349692    0.00000000    0.82972282
CL      -0.01767202    0.00000000   -0.54734569
     3

O      -0.01766829    0.00000000    1.14454193
H       0.89330818    0.00000000    0.82917708
CL      -0.01766829    0.00000000   -0.54733489
     3

O      -0.01766455    0.00000000    1.14455272
H       0.89311910    0.00000000    0.82863144
CL      -0.01766455    0.00000000   -0.54732410
     3

O      -0.01766080    0.00000000    1.14456351
H       0.89292969    0.00000000    0.82808593
CL      -0.01766080    0.00000000   -0.54731331
     3

O      -0.01765705    0.00000000    1.14457430
H       0.89273995    0.00000000    0.82754052
CL      -0.01765705    0.00000000   -0.54730253
     3

O      -0.01765329    0.00000000    1.14458509
H       0.89254987    0.00000000    0.82699524
CL      -0.01765329    0.00000000   -0.54729174
     3

O      -0.01764952    0.00000000    1.14459587
H       0.89235947    0.00000000    0.82645007
CL      -0.01764952    0.00000000   -0.54728096
     3

O      -0.01764575    0.00000000    1.14460665
H       0.89216872    0.00000000    0.82590501
CL      -0.01764575    0.00000000   -0.54727018
     3

O      -0.01764197    0.00000000    1.14461743
H       0.89197765    0.00000000    0.82536008
CL      -0.01764197    0.00000000   -0.54725940
     3

O      -0.01763819    0.00000000    1.14462820
H       0.89178624    0.00000000    0.82481526
CL      -0.01763819    0.00000000   -0.54724862
     3

O      -0.01763439    0.00000000    1.14463898
H       0.89159450    0.00000000    0.82427056
CL      -0.01763439    0.00000000   -0.54723785
     3

O      -0.01763060    0.00000000    1.14464975
H       0.89140243    0.00000000    0.82372597
CL      -0.01763060    0.00000000   -0.54722708
     3

O      -0.01762679    0.00000000    1.14466052
H       0.89121003    0.00000000    0.82318150
CL      -0.01762679    0.00000000   -0.54721631
     3

O      -0.01762298    0.00000000    1.14467128
H       0.89101729    0.00000000    0.82263715
CL      -0.01762298    0.00000000   -0.54720554
     3

O      -0.01761916    0.00000000    1.14468205
H       0.89082422    0.00000000    0.82209292
CL      -0.01761916    0.00000000   -0.54719478
     3

O      -0.01761533    0.00000000    1.14469281
H       0.89063081    0.00000000    0.82154881
CL      -0.01761533    0.00000000   -0.54718402
     3

O      -0.01761150    0.00000000    1.14470357
H       0.89043708    0.00000000    0.82100481
CL      -0.01761150    0.00000000   -0.54717326
     3

O      -0.01760766    0.00000000    1.14471432
H       0.89024301    0.00000000    0.82046093
CL      -0.01760766    0.00000000   -0.54716250
     3

O      -0.01760382    0.00000000    1.14472508
H       0.89004861    0.00000000    0.81991717
CL      -0.01760382    0.00000000   -0.54715175
     3

O      -0.01759997    0.00000000    1.14473583
H       0.88985388    0.00000000    0.81937353
CL      -0.01759997    0.00000000   -0.54714099
     3

O      -0.01759611    0.00000000    1.14474658
H       0.88965882    0.00000000    0.81883001
CL      -0.01759611    0.00000000   -0.54713024
     3

O      -0.01759224    0.00000000    1.14475733
H       0.88946342    0.00000000    0.81828661
CL      -0.01759224    0.00000000   -0.54711950
     3

O      -0.01758837    0.00000000    1.14476807
H       0.88926769    0.00000000    0.81774333
CL      -0.01758837    0.00000000   -0.54710875
     3

O      -0.01758450    0.00000000    1.14477882
H       0.88907163    0.00000000    0.81720016
CL      -0.01758450    0.00000000   -0.54709801
     3

O      -0.01758061    0.00000000    1.14478956
H       0.88887524    0.00000000    0.81665712
CL      -0.01758061    0.00000000   -0.54708727
     3

O      -0.01757672    0.00000000    1.14480030
H       0.88867852    0.00000000    0.81611420
CL      -0.01757672    0.00000000   -0.54707653
     3

O      -0.01757282    0.00000000    1.14481103
H       0.88848147    0.00000000    0.81557139
CL      -0.01757282    0.00000000   -0.54706579
     3

O      -0.01756892    0.00000000    1.14482177
H       0.88828408    0.00000000    0.81502871
CL      -0.01756892    0.00000000   -0.54705506
     3

O      -0.01756501    0.00000000    1.14483250
H       0.88808636    0.00000000    0.81448615
CL      -0.01756501    0.00000000   -0.54704433
     3

O      -0.01756109    0.00000000    1.14484323
H       0.88788831    0.00000000    0.81394371
CL      -0.01756109    0.00000000   -0.54703360
     3

O      -0.01755717    0.00000000    1.14485395
H       0.88768993    0.00000000    0.81340139
CL      -0.01755717    0.00000000   -0.54702287
     3

O      -0.01755324    0.00000000    1.14486468
H       0.88749122    0.00000000    0.81285919
CL      -0.01755324    0.00000000   -0.54701215
     3

O      -0.01754930    0.00000000    1.14487540
H       0.88729218    0.00000000    0.81231712
CL      -0.01754930    0.00000000   -0.54700143
     3

O      -0.01754536    0.00000000    1.14488612
H       0.88709280    0.00000000    0.81177516
CL      -0.01754536    0.00000000   -0.54699071
     3

O      -0.01754141    0.00000000    1.14489683
H       0.88689310    0.00000000    0.81123333
CL      -0.01754141    0.00000000   -0.54697999
     3

O      -0.01753745    0.00000000    1.14490755
H       0.88669306    0.00000000    0.81069162
CL      -0.01753745    0.00000000   -0.54696928
     3

O      -0.01753349    0.00000000    1.14491826
H       0.88649270    0.00000000    0.81015003
CL      -0.01753349    0.00000000   -0.54695857
     3

O      -0.01752952    0.00000000    1.14492897
H       0.88629200    0.00000000    0.80960856
CL      -0.01752952    0.00000000   -0.54694786
     3

O      -0.01752554    0.00000000    1.14493968
H       0.88609097    0.00000000    0.80906722
CL      -0.01752554    0.00000000   -0.54693715
     3

O      -0.01752156    0.00000000    1.14495038
H       0.88588961    0.00000000    0.80852600
CL      -0.01752156    0.00000000   -0.54692645
     3

O      -0.01751757    0.00000000    1.14496108
H       0.88568792    0.00000000    0.80798490
CL      -0.01751757    0.00000000   -0.54691574
     3

O      -0.01751358    0.00000000    1.14497178
H       0.88548590    0.00000000    0.80744393
CL      -0.01751358    0.00000000   -0.54690505
     3

O      -0.01750957    0.00000000    1.14498248
H       0.88528355    0.00000000    0.80690307
CL      -0.01750957    0.00000000   -0.54689435
     3

O      -0.01750556    0.00000000    1.14499317
H       0.88508087    0.00000000    0.80636235
CL      -0.01750556    0.00000000   -0.54688365
     3

O      -0.01750155    0.00000000    1.14500387
H       0.88487786    0.00000000    0.80582174
CL      -0.01750155    0.00000000   -0.54687296
     3

O      -0.01749753    0.00000000    1.14501456
H       0.88467452    0.00000000    0.80528127
CL      -0.01749753    0.00000000   -0.54686227
     3

O      -0.01749350    0.00000000    1.14502524
H       0.88447085    0.00000000    0.80474091
CL      -0.01749350    0.00000000   -0.54685158
     3

O      -0.01748946    0.00000000    1.14503593
H       0.88426685    0.00000000    0.80420068
CL      -0.01748946    0.00000000   -0.54684090
     3

O      -0.01748542    0.00000000    1.14504661
H       0.88406252    0.00000000    0.80366057
CL      -0.01748542    0.00000000   -0.54683022
     3

O      -0.01748137    0.00000000    1.14505729
H       0.88385786    0.00000000    0.80312059
CL      -0.01748137    0.00000000   -0.54681954
     3

O      -0.01747732    0.00000000    1.14506797
H       0.88365286    0.00000000    0.80258074
CL      -0.01747732    0.00000000   -0.54680886
     3

O      -0.01747326    0.00000000    1.14507864
H       0.88344754    0.00000000    0.80204101
CL      -0.01747326    0.00000000   -0.54679818
     3

O      -0.01746919    0.00000000    1.14508932
H       0.88324189    0.00000000    0.80150140
CL      -0.01746919    0.00000000   -0.54678751
     3

O      -0.01746512    0.00000000    1.14509999
H       0.88303591    0.00000000    0.80096193
CL      -0.01746512    0.00000000   -0.54677684
     3

O      -0.01746104    0.00000000    1.14511065
H       0.88282960    0.00000000    0.80042257
CL      -0.01746104    0.00000000   -0.54676617
     3

O      -0.01745695    0.00000000    1.14512132
H       0.88262296    0.00000000    0.79988335
CL      -0.01745695    0.00000000   -0.54675551
     3

O      -0.01745286    0.00000000    1.14513198
H       0.88241600    0.00000000    0.79934424
CL      -0.01745286    0.00000000   -0.54674485
     3

O      -0.01744876    0.00000000    1.14514264
H       0.88220870    0.00000000    0.79880527
CL      -0.01744876    0.00000000   -0.54673419
     3

O      -0.01744465    0.00000000    1.14515330
H       0.88200107    0.00000000    0.79826642
CL      -0.01744465    0.00000000   -0.54672353
     3

O      -0.01744054    0.00000000    1.14516395
H       0.88179312    0.00000000    0.79772770
CL      -0.01744054    0.00000000   -0.54671287
     3

O      -0.01743642    0.00000000    1.14517461
H       0.88158483    0.00000000    0.79718911
CL      -0.01743642    0.00000000   -0.54670222
     3

O      -0.01743229    0.00000000    1.14518526
H       0.88137622    0.00000000    0.79665064
CL      -0.01743229    0.00000000   -0.54669157
     3

O      -0.01742816    0.00000000    1.14519590
H       0.88116727    0.00000000    0.79611231
CL      -0.01742816    0.00000000   -0.54668092
     3

O      -0.01742402    0.00000000    1.14520655
H       0.88095800    0.00000000    0.79557410
CL      -0.01742402    0.00000000   -0.54667028
     3

O      -0.01741987    0.00000000    1.14521719
H       0.88074840    0.00000000    0.79503601
CL      -0.01741987    0.00000000   -0.54665964
     3

O      -0.01741572    0.00000000    1.14522783
H       0.88053847    0.00000000    0.79449806
CL      -0.01741572    0.00000000   -0.54664900
     3

O      -0.01741156    0.00000000    1.14523847
H       0.88032822    0.00000000    0.79396023
CL      -0.01741156    0.00000000   -0.54663836
     3

O      -0.01740740    0.00000000    1.14524910
H       0.88011763    0.00000000    0.79342253
CL      -0.01740740    0.00000000   -0.54662772
     3

O      -0.01740323    0.00000000    1.14525974
H       0.87990672    0.00000000    0.79288497
CL      -0.01740323    0.00000000   -0.54661709
     3

O      -0.01739905    0.00000000    1.14527037
H       0.87969547    0.00000000    0.79234753
CL      -0.01739905    0.00000000   -0.54660646
     3

O      -0.01739486    0.00000000    1.14528099
H       0.87948390    0.00000000    0.79181022
CL      -0.01739486    0.00000000   -0.54659583
     3

O      -0.01739067    0.00000000    1.14529162
H       0.87927200    0.00000000    0.79127303
CL      -0.01739067    0.00000000   -0.54658521
     3

O      -0.01738648    0.00000000    1.14530224
H       0.87905977    0.00000000    0.79073598
CL      -0.01738648    0.00000000   -0.54657459
     3

O      -0.01738227    0.00000000    1.14531286
H       0.87884722    0.00000000    0.79019906
CL      -0.01738227    0.00000000   -0.54656397
     3

O      -0.01737806    0.00000000    1.14532348
H       0.87863434    0.00000000    0.78966227
CL      -0.01737806    0.00000000   -0.54655335
     3

O      -0.01737384    0.00000000    1.14533409
H       0.87842112    0.00000000    0.78912561
CL      -0.01737384    0.00000000   -0.54654274
     3

O      -0.01736962    0.00000000    1.14534470
H       0.87820759    0.00000000    0.78858907
CL      -0.01736962    0.00000000   -0.54653212
     3

O      -0.01736539    0.00000000    1.14535531
H       0.87799372    0.00000000    0.78805267
CL      -0.01736539    0.00000000   -0.54652152
     3

O      -0.01736115    0.00000000    1.14536592
H       0.87777952    0.00000000    0.78751640
CL      -0.01736115    0.00000000   -0.54651091
     3

O      -0.01735691    0.00000000    1.14537652
H       0.87756500    0.00000000    0.78698026
CL      -0.01735691    0.00000000   -0.54650030
     3

O      -0.01735266    0.00000000    1.14538712
H       0.87735015    0.00000000    0.78644425
CL      -0.01735266    0.00000000   -0.54648970
     3

O      -0.01734841    0.00000000    1.14539772
H       0.87713498    0.00000000    0.78590838
CL      -0.01734841    0.00000000   -0.54647910
     3

O      -0.01734414    0.00000000    1.14540832
H       0.87691947    0.00000000    0.78537263
CL      -0.01734414    0.00000000   -0.54646851
     3

O      -0.01733988    0.00000000    1.14541891
H       0.87670364    0.00000000    0.78483702
CL      -0.01733988    0.00000000   -0.54645791
     3

O      -0.01733560    0.00000000    1.14542950
H       0.87648748    0.00000000    0.78430154
CL      -0.01733560    0.00000000   -0.54644732
     3

O      -0.01733132    0.00000000    1.14544009
H       0.87627100    0.00000000    0.78376619
CL      -0.01733132    0.00000000   -0.54643674
     3

O      -0.01732703    0.00000000    1.14545068
H       0.87605418    0.00000000    0.78323097
CL      -0.01732703    0.00000000   -0.54642615
     3

O      -0.01732274    0.00000000    1.14546126
H       0.87583705    0.00000000    0.78269588
CL      -0.01732274    0.00000000   -0.54641557
     3

O      -0.01731843    0.00000000    1.14547184
H       0.87561958    0.00000000    0.78216093
CL      -0.01731843    0.00000000   -0.54640499
     3

O      -0.01731413    0.00000000    1.14548242
H       0.87540179    0.00000000    0.78162611
CL      -0.01731413    0.00000000   -0.54639441
     3

O      -0.01730981    0.00000000    1.14549299
H       0.87518367    0.00000000    0.78109143
CL      -0.01730981    0.00000000   -0.54638383
     3

O      -0.01730549    0.00000000    1.14550357
H       0.87496522    0.00000000    0.78055688
CL      -0.01730549    0.00000000   -0.54637326
     3

O      -0.01730116    0.00000000    1.14551414
H       0.87474645    0.00000000    0.78002246
CL      -0.01730116    0.00000000   -0.54636269
     3

O      -0.01729683    0.00000000    1.14552470
H       0.87452735    0.00000000    0.77948817
CL      -0.01729683    0.00000000   -0.54635212
     3

O      -0.01729249    0.00000000    1.14553527
H       0.87430792    0.00000000    0.77895402
CL      -0.01729249    0.00000000   -0.54634156
     3

O      -0.01728815    0.00000000    1.14554583
H       0.87408817    0.00000000    0.77842000
CL      -0.01728815    0.00000000   -0.54633100
     3

O      -0.01728379    0.00000000    1.14555639
H       0.87386809    0.00000000    0.77788612
CL      -0.01728379    0.00000000   -0.54632044
     3

O      -0.01727943    0.00000000    1.14556695
H       0.87364769    0.00000000    0.77735237
CL      -0.01727943    0.00000000   -0.54630988
     3

O      -0.01727507    0.00000000    1.14557750
H       0.87342696    0.00000000    0.77681876
CL      -0.01727507    0.00000000   -0.54629933
     3

O      -0.01727070    0.00000000    1.14558805
H       0.87320590    0.00000000    0.77628528
CL      -0.01727070    0.00000000   -0.54628877
     3

O      -0.01726632    0.00000000    1.14559860
H       0.87298452    0.00000000    0.77575194
CL      -0.01726632    0.00000000   -0.54627823
     3

O      -0.01726193    0.00000000    1.14560915
H       0.87276281    0.00000000    0.77521873
CL      -0.01726193    0.00000000   -0.54626768
     3

O      -0.01725754    0.00000000    1.14561969
H       0.87254078    0.00000000    0.77468565
CL      -0.01725754    0.00000000   -0.54625714
     3

O      -0.01725314    0.00000000    1.14563023
H       0.87231842    0.00000000    0.77415272
CL      -0.01725314    0.00000000   -0.54624660
     3

O      -0.01724874    0.00000000    1.14564077
H       0.87209574    0.00000000    0.77361992
CL      -0.01724874    0.00000000   -0.54623606
     3

O      -0.01724433    0.00000000    1.14565130
H       0.87187273    0.00000000    0.77308725
CL      -0.01724433    0.00000000   -0.54622552
     3

O      -0.01723991    0.00000000    1.14566184
H       0.87164939    0.00000000    0.77255472
CL      -0.01723991    0.00000000   -0.54621499
     3

O      -0.01723549    0.00000000    1.14567237
H       0.87142573    0.00000000    0.77202233
CL      -0.01723549    0.00000000   -0.54620446
     3

O      -0.01723106    0.00000000    1.14568289
H       0.87120175    0.00000000    0.77149008
CL      -0.01723106    0.00000000   -0.54619393
     3

O      -0.01722662    0.00000000    1.14569342
H       0.87097744    0.00000000    0.77095796
CL      -0.01722662    0.00000000   -0.54618341
     3

O      -0.01722218    0.00000000    1.14570394
H       0.87075280    0.00000000    0.77042598
CL      -0.01722218    0.00000000   -0.54617289
     3

O      -0.01721773    0.00000000    1.14571446
H       0.87052784    0.00000000    0.76989413
CL      -0.01721773    0.00000000   -0.54616237
     3

O      -0.01721327    0.00000000    1.14572498
H       0.87030256    0.00000000    0.76936243
CL      -0.01721327    0.00000000   -0.54615185
     3

O      -0.01720881    0.00000000    1.14573549
H       0.87007694    0.00000000    0.76883086
CL      -0.01720881    0.00000000   -0.54614134
     3

O      -0.01720434    0.00000000    1.14574600
H       0.86985101    0.00000000    0.76829943
CL      -0.01720434    0.00000000   -0.54613083
     3

O      -0.01719987    0.00000000    1.14575651
H       0.86962475    0.00000000    0.76776813
CL      -0.01719987    0.00000000   -0.54612032
     3

O      -0.01719538    0.00000000    1.14576701
H       0.86939817    0.00000000    0.76723698
CL      -0.01719538    0.00000000   -0.54610981
     3

O      -0.01719090    0.00000000    1.14577752
H       0.86917126    0.00000000    0.76670596
CL      -0.01719090    0.00000000   -0.54609931
     3

O      -0.01718640    0.00000000    1.14578802
H       0.86894403    0.00000000    0.76617509
CL      -0.01718640    0.00000000   -0.54608881
     3

O      -0.01718190    0.00000000    1.14579851
H       0.86871647    0.00000000    0.76564435
CL      -0.01718190    0.00000000   -0.54607831
     3

O      -0.01717739    0.00000000    1.14580901
H       0.86848859    0.00000000    0.76511375
CL      -0.01717739    0.00000000   -0.54606782
     3

O      -0.01717288    0.00000000    1.14581950
H       0.86826038    0.00000000    0.76458329
CL      -0.01717288    0.00000000   -0.54605733
     3

O      -0.01716836    0.00000000    1.14582999
H       0.86803185    0.00000000    0.76405297
CL      -0.01716836    0.00000000   -0.54604684
     3

O      -0.01716383    0.00000000    1.14584048
H       0.86780300    0.00000000    0.76352279
CL      -0.01716383    0.00000000   -0.54603635
     3

O      -0.01715930    0.00000000    1.14585096
H       0.86757382    0.00000000    0.76299275
CL      -0.01715930    0.00000000   -0.54602587
     3

O      -0.01715476    0.00000000    1.14586144
H       0.86734432    0.00000000    0.76246285
CL      -0.01715476    0.00000000   -0.54601539
     3

O      -0.01715022    0.00000000    1.14587192
H       0.86711450    0.00000000    0.76193309
CL      -0.01715022    0.00000000   -0.54600491
     3

O      -0.01714566    0.00000000    1.14588239
H       0.86688435    0.00000000    0.76140347
CL      -0.01714566    0.00000000   -0.54599443
     3

O      -0.01714111    0.00000000    1.14589286
H       0.86665388    0.00000000    0.76087399
CL      -0.01714111    0.00000000   -0.54598396
     3

O      -0.01713654    0.00000000    1.14590333
H       0.86642308    0.00000000    0.76034465
CL      -0.01713654    0.00000000   -0.54597349
     3

O      -0.01713197    0.00000000    1.14591380
H       0.86619197    0.00000000    0.75981545
CL      -0.01713197    0.00000000   -0.54596303
     3

O      -0.01712739    0.00000000    1.14592426
H       0.86596053    0.00000000    0.75928640
CL      -0.01712739    0.00000000   -0.54595256
     3

O      -0.01712281    0.00000000    1.14593473
H       0.86572876    0.00000000    0.75875748
CL      -0.01712281    0.00000000   -0.54594210
     3

O      -0.01711822    0.00000000    1.14594518
H       0.86549667    0.00000000    0.75822871
CL      -0.01711822    0.00000000   -0.54593164
     3

O      -0.01711362    0.00000000    1.14595564
H       0.86526426    0.00000000    0.75770008
CL      -0.01711362    0.00000000   -0.54592119
     3

O      -0.01710902    0.00000000    1.14596609
H       0.86503153    0.00000000    0.75717159
CL      -0.01710902    0.00000000   -0.54591073
     3

O      -0.01710441    0.00000000    1.14597654
H       0.86479847    0.00000000    0.75664324
CL      -0.01710441    0.00000000   -0.54590028
     3

O      -0.01709979    0.00000000    1.14598699
H       0.86456509    0.00000000    0.75611504
CL      -0.01709979    0.00000000   -0.54588984
     3

O      -0.01709517    0.00000000    1.14599743
H       0.86433139    0.00000000    0.75558698
CL      -0.01709517    0.00000000   -0.54587939
     3

O      -0.01709054    0.00000000    1.14600788
H       0.86409737    0.00000000    0.75505906
CL      -0.01709054    0.00000000   -0.54586895
     3

O      -0.01708591    0.00000000    1.14601831
H       0.86386302    0.00000000    0.75453128
CL      -0.01708591    0.00000000   -0.54585851
     3

O      -0.01708127    0.00000000    1.14602875
H       0.86362835    0.00000000    0.75400365
CL      -0.01708127    0.00000000   -0.54584808
     3

O      -0.01707662    0.00000000    1.14603918
H       0.86339336    0.00000000    0.75347616
CL      -0.01707662    0.00000000   -0.54583764
     3

O      -0.01707196    0.00000000    1.14604961
H       0.86315805    0.00000000    0.75294882
CL      -0.01707196    0.00000000   -0.54582721
     3

O      -0.01706730    0.00000000    1.14606004
H       0.86292241    0.00000000    0.75242162
CL      -0.01706730    0.00000000   -0.54581679
     3

O      -0.01706264    0.00000000    1.14607046
H       0.86268646    0.00000000    0.75189456
CL      -0.01706264    0.00000000   -0.54580636
     3

O      -0.01705796    0.00000000    1.14608089
H       0.86245018    0.00000000    0.75136765
CL      -0.01705796    0.00000000   -0.54579594
     3

O      -0.01705328    0.00000000    1.14609130
H       0.86221358    0.00000000    0.75084088
CL      -0.01705328    0.00000000   -0.54578552
     3

O      -0.01704860    0.00000000    1.14610172
H       0.86197665    0.00000000    0.75031425
CL      -0.01704860    0.00000000   -0.54577511
     3

O      -0.01704391    0.00000000    1.14611213
H       0.86173941    0.00000000    0.74978777
CL      -0.01704391    0.00000000   -0.54576469
     3

O      -0.01703921    0.00000000    1.14612254
H       0.86150184    0.00000000    0.74926144
CL      -0.01703921    0.00000000   -0.54575428
     3

O      -0.01703450    0.00000000    1.14613295
H       0.86126396    0.00000000    0.74873525
CL      -0.01703450    0.00000000   -0.54574388
     3

O      -0.01702979    0.00000000    1.14614335
H       0.86102575    0.00000000    0.74820921
CL      -0.01702979    0.00000000   -0.54573347
     3

O      -0.01702507    0.00000000    1.14615376
H       0.86078722    0.00000000    0.74768331
CL      -0.01702507    0.00000000   -0.54572307
     3

O      -0.01702035    0.00000000    1.14616415
H       0.86054837    0.00000000    0.74715756
CL      -0.01702035    0.00000000   -0.54571267
     3

O      -0.01701562    0.00000000    1.14617455
H       0.86030919    0.00000000    0.74663195
CL      -0.01701562    0.00000000   -0.54570228
     3

O      -0.01701088    0.00000000    1.14618494
H       0.86006970    0.00000000    0.74610649
CL      -0.01701088    0.00000000   -0.54569188
     3

O      -0.01700614    0.00000000    1.14619533
H       0.85982988    0.00000000    0.74558118
CL      -0.01700614    0.00000000   -0.54568149
     3

O      -0.01700139    0.00000000    1.14620572
H       0.85958975    0.00000000    0.74505601
CL      -0.01700139    0.00000000   -0.54567111
     3

O      -0.01699663    0.00000000    1.14621610
H       0.85934929    0.00000000    0.74453099
CL      -0.01699663    0.00000000   -0.54566072
     3

O      -0.01699187    0.00000000    1.14622649
H       0.85910852    0.00000000    0.74400612
CL      -0.01699187    0.00000000   -0.54565034
     3

O      -0.01698710    0.00000000    1.14623686
H       0.85886742    0.00000000    0.74348139
CL      -0.01698710    0.00000000   -0.54563996
     3

O      -0.01698233    0.00000000    1.14624724
H       0.85862600    0.00000000    0.74295681
CL      -0.01698233    0.00000000   -0.54562959
     3

O      -0.01697755    0.00000000    1.14625761
H       0.85838426    0.00000000    0.74243238
CL      -0.01697755    0.00000000   -0.54561921
     3

O      -0.01697276    0.00000000    1.14626798
H       0.85814220    0.00000000    0.74190810
CL      -0.01697276    0.00000000   -0.54560885
     3

O      -0.01696796    0.00000000    1.14627835
H       0.85789983    0.00000000    0.74138396
CL      -0.01696796    0.00000000   -0.54559848
     3

O      -0.01696316    0.00000000    1.14628871
H       0.85765713    0.00000000    0.74085998
CL      -0.01696316    0.00000000   -0.54558812
     3

O      -0.01695836    0.00000000    1.14629907
H       0.85741411    0.00000000    0.74033614
CL      -0.01695836    0.00000000   -0.54557775
     3

O      -0.01695354    0.00000000    1.14630943
H       0.85717077    0.00000000    0.73981245
CL      -0.01695354    0.00000000   -0.54556740
     3

O      -0.01694873    0.00000000    1.14631978
H       0.85692711    0.00000000    0.73928891
CL      -0.01694873    0.00000000   -0.54555704
     3

O      -0.01694390    0.00000000    1.14633014
H       0.85668313    0.00000000    0.73876551
CL      -0.01694390    0.00000000   -0.54554669
     3

O      -0.01693907    0.00000000    1.14634049
H       0.85643883    0.00000000    0.73824227
CL      -0.01693907    0.00000000   -0.54553634
     3

O      -0.01693423    0.00000000    1.14635083
H       0.85619422    0.00000000    0.73771918
CL      -0.01693423    0.00000000   -0.54552599
     3

O      -0.01692939    0.00000000    1.14636117
H       0.85594928    0.00000000    0.73719623
CL      -0.01692939    0.00000000   -0.54551565
     3

O      -0.01692453    0.00000000    1.14637151
H       0.85570402    0.00000000    0.73667344
CL      -0.01692453    0.00000000   -0.54550531
     3

O      -0.01691968    0.00000000    1.14638185
H       0.85545845    0.00000000    0.73615079
CL      -0.01691968    0.00000000   -0.54549497
     3

O      -0.01691481    0.00000000    1.14639219
H       0.85521255    0.00000000    0.73562830
CL      -0.01691481    0.00000000   -0.54548464
     3

O      -0.01690994    0.00000000    1.14640252
H       0.85496634    0.00000000    0.73510595
CL      -0.01690994    0.00000000   -0.54547431
     3

O      -0.01690507    0.00000000    1.14641285
H       0.85471980    0.00000000    0.73458376
CL      -0.01690507    0.00000000   -0.54546398
     3

O      -0.01690019    0.00000000    1.14642317
H       0.85447295    0.00000000    0.73406172
CL      -0.01690019    0.00000000   -0.54545366
     3

O      -0.01689530    0.00000000    1.14643349
H       0.85422578    0.00000000    0.73353982
CL      -0.01689530    0.00000000   -0.54544333
     3

O      -0.01689040    0.00000000    1.14644381
H       0.85397829    0.00000000    0.73301808
CL      -0.01689040    0.00000000   -0.54543301
     3

O      -0.01688550    0.00000000    1.14645413
H       0.85373048    0.00000000    0.73249649
CL      -0.01688550    0.00000000   -0.54542270
     3

O      -0.01688059    0.00000000    1.14646444
H       0.85348235    0.00000000    0.73197505
CL      -0.01688059    0.00000000   -0.54541238
     3

O      -0.01687568    0.00000000    1.14647475
H       0.85323391    0.00000000    0.73145377
CL      -0.01687568    0.00000000   -0.54540207
     3

O      -0.01687076    0.00000000    1.14648506
H       0.85298514    0.00000000    0.73093263
CL      -0.01687076    0.00000000   -0.54539177
     3

O      -0.01686583    0.00000000    1.14649536
H       0.85273606    0.00000000    0.73041165
CL      -0.01686583    0.00000000   -0.54538146
     3

O      -0.01686090    0.00000000    1.14650566
H       0.85248666    0.00000000    0.72989082
CL      -0.01686090    0.00000000   -0.54537116
     3

O      -0.01685596    0.00000000    1.14651596
H       0.85223694    0.00000000    0.72937014
CL      -0.01685596    0.00000000   -0.54536086
     3

O      -0.01685102    0.00000000    1.14652626
H       0.85198691    0.00000000    0.72884962
CL      -0.01685102    0.00000000   -0.54535057
     3

O      -0.01684606    0.00000000    1.14653655
H       0.85173655    0.00000000    0.72832924
CL      -0.01684606    0.00000000   -0.54534028
     3

O      -0.01684111    0.00000000    1.14654684
H       0.85148588    0.00000000    0.72780902
CL      -0.01684111    0.00000000   -0.54532999
     3

O      -0.01683614    0.00000000    1.14655713
H       0.85123489    0.00000000    0.72728896
CL      -0.01683614    0.00000000   -0.54531970
     3

O      -0.01683117    0.00000000    1.14656741
H       0.85098358    0.00000000    0.72676904
CL      -0.01683117    0.00000000   -0.54530942
     3

O      -0.01682619    0.00000000    1.14657769
H       0.85073196    0.00000000    0.72624928
CL      -0.01682619    0.00000000   -0.54529914
     3

O      -0.01682121    0.00000000    1.14658797
H       0.85048001    0.00000000    0.72572968
CL      -0.01682121    0.00000000   -0.54528886
     3

O      -0.01681622    0.00000000    1.14659824
H       0.85022775    0.00000000    0.72521023
CL      -0.01681622    0.00000000   -0.54527859
     3

O      -0.01681123    0.00000000    1.14660851
H       0.84997518    0.00000000    0.72469093
CL      -0.01681123    0.00000000   -0.54526832
     3

O      -0.01680622    0.00000000    1.14661878
H       0.84972228    0.00000000    0.72417179
CL      -0.01680622    0.00000000   -0.54525805
     3

O      -0.01680122    0.00000000    1.14662904
H       0.84946907    0.00000000    0.72365280
CL      -0.01680122    0.00000000   -0.54524778
     3

O      -0.01679620    0.00000000    1.14663931
H       0.84921554    0.00000000    0.72313396
CL      -0.01679620    0.00000000   -0.54523752
     3

O      -0.01679118    0.00000000    1.14664956
H       0.84896169    0.00000000    0.72261529
CL      -0.01679118    0.00000000   -0.54522726
     3

O      -0.01678615    0.00000000    1.14665982
H       0.84870753    0.00000000    0.72209676
CL      -0.01678615    0.00000000   -0.54521701
     3

O      -0.01678112    0.00000000    1.14667007
H       0.84845305    0.00000000    0.72157839
CL      -0.01678112    0.00000000   -0.54520675
     3

O      -0.01677608    0.00000000    1.14668032
H       0.84819826    0.00000000    0.72106018
CL      -0.01677608    0.00000000   -0.54519651
     3

O      -0.01677104    0.00000000    1.14669057
H       0.84794315    0.00000000    0.72054212
CL      -0.01677104    0.00000000   -0.54518626
     3

O      -0.01676598    0.00000000    1.14670081
H       0.84768772    0.00000000    0.72002422
CL      -0.01676598    0.00000000   -0.54517602
     3

O      -0.01676093    0.00000000    1.14671105
H       0.84743197    0.00000000    0.71950648
CL      -0.01676093    0.00000000   -0.54516578
     3

O      -0.01675586    0.00000000    1.14672129
H       0.84717591    0.00000000    0.71898889
CL      -0.01675586    0.00000000   -0.54515554
     3

O      -0.01675079    0.00000000    1.14673152
H       0.84691953    0.00000000    0.71847146
CL      -0.01675079    0.00000000   -0.54514530
     3

O      -0.01674571    0.00000000    1.14674175
H       0.84666284    0.00000000    0.71795418
CL      -0.01674571    0.00000000   -0.54513507
     3

O      -0.01674063    0.00000000    1.14675198
H       0.84640583    0.00000000    0.71743706
CL      -0.01674063    0.00000000   -0.54512485
     3

O      -0.01673554    0.00000000    1.14676221
H       0.84614851    0.00000000    0.71692010
CL      -0.01673554    0.00000000   -0.54511462
     3

O      -0.01673045    0.00000000    1.14677243
H       0.84589087    0.00000000    0.71640330
CL      -0.01673045    0.00000000   -0.54510440
     3

O      -0.01672534    0.00000000    1.14678265
H       0.84563291    0.00000000    0.71588665
CL      -0.01672534    0.00000000   -0.54509418
     3

O      -0.01672023    0.00000000    1.14679286
H       0.84537464    0.00000000    0.71537016
CL      -0.01672023    0.00000000   -0.54508397
     3

O      -0.01671512    0.00000000    1.14680307
H       0.84511605    0.00000000    0.71485383
CL      -0.01671512    0.00000000   -0.54507375
     3

O      -0.01671000    0.00000000    1.14681328
H       0.84485715    0.00000000    0.71433766
CL      -0.01671000    0.00000000   -0.54506354
     3

O      -0.01670487    0.00000000    1.14682349
H       0.84459793    0.00000000    0.71382164
CL      -0.01670487    0.00000000   -0.54505334
     3

O      -0.01669974    0.00000000    1.14683369
H       0.84433839    0.00000000    0.71330579
CL      -0.01669974    0.00000000   -0.54504313
     3

O      -0.01669460    0.00000000    1.14684389
H       0.84407855    0.00000000    0.71279009
CL      -0.01669460    0.00000000   -0.54503294
     3

O      -0.01668945    0.00000000    1.14685409
H       0.84381838    0.00000000    0.71227455
CL      -0.01668945    0.00000000   -0.54502274
     3

O      -0.01668430    0.00000000    1.14686428
H       0.84355790    0.00000000    0.71175917
CL      -0.01668430    0.00000000   -0.54501255
     3

O      -0.01667914    0.00000000    1.14687447
H       0.84329711    0.00000000    0.71124395
CL      -0.01667914    0.00000000   -0.54500235
     3

O      -0.01667398    0.00000000    1.14688466
H       0.84303600    0.00000000    0.71072889
CL      -0.01667398    0.00000000   -0.54499217
     3

O      -0.01666881    0.00000000    1.14689484
H       0.84277458    0.00000000    0.71021399
CL      -0.01666881    0.00000000   -0.54498198
     3

O      -0.01666363    0.00000000    1.14690502
H       0.84251285    0.00000000    0.70969925
CL      -0.01666363    0.00000000   -0.54497180
     3

O      -0.01665845    0.00000000    1.14691520
H       0.84225079    0.00000000    0.70918467
CL      -0.01665845    0.00000000   -0.54496163
     3

O      -0.01665326    0.00000000    1.14692538
H       0.84198843    0.00000000    0.70867024
CL      -0.01665326    0.00000000   -0.54495145
     3

O      -0.01664807    0.00000000    1.14693555
H       0.84172575    0.00000000    0.70815598
CL      -0.01664807    0.00000000   -0.54494128
     3

O      -0.01664286    0.00000000    1.14694572
H       0.84146276    0.00000000    0.70764188
CL      -0.01664286    0.00000000   -0.54493111
     3

O      -0.01663766    0.00000000    1.14695588
H       0.84119945    0.00000000    0.70712794
CL      -0.01663766    0.00000000   -0.54492095
     3

O      -0.01663244    0.00000000    1.14696604
H       0.84093583    0.00000000    0.70661416
CL      -0.01663244    0.00000000   -0.54491078
     3

O      -0.01662722    0.00000000    1.14697620
H       0.84067189    0.00000000    0.70610054
CL      -0.01662722    0.00000000   -0.54490063
     3

O      -0.01662200    0.00000000    1.14698636
H       0.84040764    0.00000000    0.70558709
CL      -0.01662200    0.00000000   -0.54489047
     3

O      -0.01661676    0.00000000    1.14699651
H       0.84014308    0.00000000    0.70507379
CL      -0.01661676    0.00000000   -0.54488032
     3

O      -0.01661152    0.00000000    1.14700666
H       0.83987820    0.00000000    0.70456066
CL      -0.01661152    0.00000000   -0.54487017
     3

O      -0.01660628    0.00000000    1.14701680
H       0.83961301    0.00000000    0.70404769
CL      -0.01660628    0.00000000   -0.54486002
     3

O      -0.01660103    0.00000000    1.14702695
H       0.83934751    0.00000000    0.70353488
CL      -0.01660103    0.00000000   -0.54484988
     3

O      -0.01659577    0.00000000    1.14703709
H       0.83908169    0.00000000    0.70302223
CL      -0.01659577    0.00000000   -0.54483974
     3

O      -0.01659051    0.00000000    1.14704722
H       0.83881556    0.00000000    0.70250975
CL      -0.01659051    0.00000000   -0.54482961
     3

O      -0.01658524    0.00000000    1.14705735
H       0.83854912    0.00000000    0.70199743
CL      -0.01658524    0.00000000   -0.54481947
     3

O      -0.01657996    0.00000000    1.14706748
H       0.83828237    0.00000000    0.70148527
CL      -0.01657996    0.00000000   -0.54480934
     3

O      -0.01657468    0.00000000    1.14707761
H       0.83801530    0.00000000    0.70097327
CL      -0.01657468    0.00000000   -0.54479922
     3

O      -0.01656939    0.00000000    1.14708773
H       0.83774792    0.00000000    0.70046144
CL      -0.01656939    0.00000000   -0.54478909
     3

O      -0.01656410    0.00000000    1.14709785
H       0.83748023    0.00000000    0.69994977
CL      -0.01656410    0.00000000   -0.54477897
     3

O      -0.01655879    0.00000000    1.14710797
H       0.83721222    0.00000000    0.69943826
CL      -0.01655879    0.00000000   -0.54476886
     3

O      -0.01655349    0.00000000    1.14711808
H       0.83694390    0.00000000    0.69892692
CL      -0.01655349    0.00000000   -0.54475874
     3

O      -0.01654817    0.00000000    1.14712819
H       0.83667527    0.00000000    0.69841574
CL      -0.01654817    0.00000000   -0.54474863
     3

O      -0.01654286    0.00000000    1.14713830
H       0.83640633    0.00000000    0.69790473
CL      -0.01654286    0.00000000   -0.54473853
     3

O      -0.01653753    0.00000000    1.14714841
H       0.83613707    0.00000000    0.69739388
CL      -0.01653753    0.00000000   -0.54472842
     3

O      -0.01653220    0.00000000    1.14715851
H       0.83586751    0.00000000    0.69688320
CL      -0.01653220    0.00000000   -0.54471832
     3

O      -0.01652686    0.00000000    1.14716860
H       0.83559763    0.00000000    0.69637268
CL      -0.01652686    0.00000000   -0.54470822
     3

O      -0.01652152    0.00000000    1.14717870
H       0.83532744    0.00000000    0.69586232
CL      -0.01652152    0.00000000   -0.54469813
     3

O      -0.01651617    0.00000000    1.14718879
H       0.83505693    0.00000000    0.69535213
CL      -0.01651617    0.00000000   -0.54468804
     3

O      -0.01651081    0.00000000    1.14719888
H       0.83478612    0.00000000    0.69484211
CL      -0.01651081    0.00000000   -0.54467795
     3

O      -0.01650545    0.00000000    1.14720896
H       0.83451500    0.00000000    0.69433225
CL      -0.01650545    0.00000000   -0.54466787
     3

O      -0.01650008    0.00000000    1.14721904
H       0.83424356    0.00000000    0.69382255
CL      -0.01650008    0.00000000   -0.54465779
     3

O      -0.01649470    0.00000000    1.14722912
H       0.83397181    0.00000000    0.69331303
CL      -0.01649470    0.00000000   -0.54464771
     3

O      -0.01648932    0.00000000    1.14723919
H       0.83369975    0.00000000    0.69280366
CL      -0.01648932    0.00000000   -0.54463763
     3

O      -0.01648394    0.00000000    1.14724926
H       0.83342738    0.00000000    0.69229447
CL      -0.01648394    0.00000000   -0.54462756
     3

O      -0.01647854    0.00000000    1.14725933
H       0.83315470    0.00000000    0.69178544
CL      -0.01647854    0.00000000   -0.54461749
     3

O      -0.01647314    0.00000000    1.14726940
H       0.83288171    0.00000000    0.69127658
CL      -0.01647314    0.00000000   -0.54460743
     3

O      -0.01646774    0.00000000    1.14727946
H       0.83260840    0.00000000    0.69076788
CL      -0.01646774    0.00000000   -0.54459737
     3

O      -0.01646233    0.00000000    1.14728952
H       0.83233479    0.00000000    0.69025936
CL      -0.01646233    0.00000000   -0.54458731
     3

O      -0.01645691    0.00000000    1.14729957
H       0.83206087    0.00000000    0.68975100
CL      -0.01645691    0.00000000   -0.54457726
     3

O      -0.01645148    0.00000000    1.14730962
H       0.83178663    0.00000000    0.68924280
CL      -0.01645148    0.00000000   -0.54456721
     3

O      -0.01644605    0.00000000    1.14731967
H       0.83151209    0.00000000    0.68873478
CL      -0.01644605    0.00000000   -0.54455716
     3

O      -0.01644062    0.00000000    1.14732971
H       0.83123723    0.00000000    0.68822692
CL      -0.01644062    0.00000000   -0.54454711
     3

O      -0.01643518    0.00000000    1.14733976
H       0.83096206    0.00000000    0.68771923
CL      -0.01643518    0.00000000   -0.54453707
     3

O      -0.01642973    0.00000000    1.14734979
H       0.83068659    0.00000000    0.68721171
CL      -0.01642973    0.00000000   -0.54452703
     3

O      -0.01642427    0.00000000    1.14735983
H       0.83041080    0.00000000    0.68670435
CL      -0.01642427    0.00000000   -0.54451700
     3

O      -0.01641881    0.00000000    1.14736986
H       0.83013471    0.00000000    0.68619717
CL      -0.01641881    0.00000000   -0.54450697
     3

O      -0.01641335    0.00000000    1.14737989
H       0.82985830    0.00000000    0.68569015
CL      -0.01641335    0.00000000   -0.54449694
     3

O      -0.01640787    0.00000000    1.14738991
H       0.82958159    0.00000000    0.68518331
CL      -0.01640787    0.00000000   -0.54448691
     3

O      -0.01640239    0.00000000    1.14739993
H       0.82930456    0.00000000    0.68467663
CL      -0.01640239    0.00000000   -0.54447689
     3

O      -0.01639691    0.00000000    1.14740995
H       0.82902723    0.00000000    0.68417012
CL      -0.01639691    0.00000000   -0.54446688
     3

O      -0.01639142    0.00000000    1.14741997
H       0.82874958    0.00000000    0.68366378
CL      -0.01639142    0.00000000   -0.54445686
     3

O      -0.01638592    0.00000000    1.14742998
H       0.82847163    0.00000000    0.68315761
CL      -0.01638592    0.00000000   -0.54444685
     3

O      -0.01638042    0.00000000    1.14743999
H       0.82819337    0.00000000    0.68265161
CL      -0.01638042    0.00000000   -0.54443684
     3

O      -0.01637491    0.00000000    1.14744999
H       0.82791480    0.00000000    0.68214578
CL      -0.01637491    0.00000000   -0.54442684
     3

O      -0.01636939    0.00000000    1.14745999
H       0.82763592    0.00000000    0.68164012
CL      -0.01636939    0.00000000   -0.54441684
     3

O      -0.01636387    0.00000000    1.14746999
H       0.82735673    0.00000000    0.68113463
CL      -0.01636387    0.00000000   -0.54440684
     3

O      -0.01635834    0.00000000    1.14747998
H       0.82707723    0.00000000    0.68062932
CL      -0.01635834    0.00000000   -0.54439684
     3

O      -0.01635281    0.00000000    1.14748997
H       0.82679743    0.00000000    0.68012417
CL      -0.01635281    0.00000000   -0.54438685
     3

O      -0.01634727    0.00000000    1.14749996
H       0.82651731    0.00000000    0.67961919
CL      -0.01634727    0.00000000   -0.54437686
     3

O      -0.01634172    0.00000000    1.14750995
H       0.82623689    0.00000000    0.67911439
CL      -0.01634172    0.00000000   -0.54436688
     3

O      -0.01633617    0.00000000    1.14751993
H       0.82595616    0.00000000    0.67860975
CL      -0.01633617    0.00000000   -0.54435690
     3

O      -0.01633061    0.00000000    1.14752990
H       0.82567512    0.00000000    0.67810529
CL      -0.01633061    0.00000000   -0.54434692
     3

O      -0.01632504    0.00000000    1.14753988
H       0.82539377    0.00000000    0.67760100
CL      -0.01632504    0.00000000   -0.54433695
     3

O      -0.01631947    0.00000000    1.14754985
H       0.82511212    0.00000000    0.67709688
CL      -0.01631947    0.00000000   -0.54432698
     3

O      -0.01631390    0.00000000    1.14755982
H       0.82483015    0.00000000    0.67659294
CL      -0.01631390    0.00000000   -0.54431701
     3

O      -0.01630831    0.00000000    1.14756978
H       0.82454788    0.00000000    0.67608916
CL      -0.01630831    0.00000000   -0.54430705
     3

O      -0.01630272    0.00000000    1.14757974
H       0.82426530    0.00000000    0.67558556
CL      -0.01630272    0.00000000   -0.54429709
     3

O      -0.01629713    0.00000000    1.14758970
H       0.82398242    0.00000000    0.67508213
CL      -0.01629713    0.00000000   -0.54428713
     3

O      -0.01629153    0.00000000    1.14759965
H       0.82369922    0.00000000    0.67457888
CL      -0.01629153    0.00000000   -0.54427717
     3

O      -0.01628592    0.00000000    1.14760960
H       0.82341572    0.00000000    0.67407579
CL      -0.01628592    0.00000000   -0.54426722
     3

O      -0.01628031    0.00000000    1.14761955
H       0.82313191    0.00000000    0.67357288
CL      -0.01628031    0.00000000   -0.54425728
     3

O      -0.01627469    0.00000000    1.14762949
H       0.82284780    0.00000000    0.67307015
CL      -0.01627469    0.00000000   -0.54424733
     3

O      -0.01626906    0.00000000    1.14763943
H       0.82256337    0.00000000    0.67256759
CL      -0.01626906    0.00000000   -0.54423739
     3

O      -0.01626343    0.00000000    1.14764937
H       0.82227864    0.00000000    0.67206520
CL      -0.01626343    0.00000000   -0.54422746
     3

O      -0.01625779    0.00000000    1.14765930
H       0.82199361    0.00000000    0.67156298
CL      -0.01625779    0.00000000   -0.54421753
     3

O      -0.01625215    0.00000000    1.14766923
H       0.82170826    0.00000000    0.67106094
CL      -0.01625215    0.00000000   -0.54420760
     3

O      -0.01624650    0.00000000    1.14767916
H       0.82142261    0.00000000    0.67055908
CL      -0.01624650    0.00000000   -0.54419767
     3

O      -0.01624084    0.00000000    1.14768908
H       0.82113666    0.00000000    0.67005739
CL      -0.01624084    0.00000000   -0.54418775
     3

O      -0.01623518    0.00000000    1.14769900
H       0.82085039    0.00000000    0.66955587
CL      -0.01623518    0.00000000   -0.54417783
     3

O      -0.01622951    0.00000000    1.14770891
H       0.82056382    0.00000000    0.66905453
CL      -0.01622951    0.00000000   -0.54416791
     3

O      -0.01622384    0.00000000    1.14771883
H       0.82027695    0.00000000    0.66855336
CL      -0.01622384    0.00000000   -0.54415800
     3

O      -0.01621816    0.00000000    1.14772874
H       0.81998977    0.00000000    0.66805237
CL      -0.01621816    0.00000000   -0.54414809
     3

O      -0.01621247    0.00000000    1.14773864
H       0.81970228    0.00000000    0.66755156
CL      -0.01621247    0.00000000   -0.54413819
     3

O      -0.01620678    0.00000000    1.14774854
H       0.81941449    0.00000000    0.66705092
CL      -0.01620678    0.00000000   -0.54412828
     3

O      -0.01620108    0.00000000    1.14775844
H       0.81912639    0.00000000    0.66655045
CL      -0.01620108    0.00000000   -0.54411838
     3

O      -0.01619538    0.00000000    1.14776834
H       0.81883798    0.00000000    0.66605016
CL      -0.01619538    0.00000000   -0.54410849
     3

O      -0.01618967    0.00000000    1.14777823
H       0.81854927    0.00000000    0.66555005
CL      -0.01618967    0.00000000   -0.54409860
     3

O      -0.01618395    0.00000000    1.14778812
H       0.81826026    0.00000000    0.66505012
CL      -0.01618395    0.00000000   -0.54408871
     3

O      -0.01617823    0.00000000    1.14779800
H       0.81797093    0.00000000    0.66455036
CL      -0.01617823    0.00000000   -0.54407883
     3

O      -0.01617250    0.00000000    1.14780788
H       0.81768131    0.00000000    0.66405078
CL      -0.01617250    0.00000000   -0.54406895
     3

O      -0.01616677    0.00000000    1.14781776
H       0.81739138    0.00000000    0.66355137
CL      -0.01616677    0.00000000   -0.54405907
     3

O      -0.01616103    0.00000000    1.14782763
H       0.81710114    0.00000000    0.66305215
CL      -0.01616103    0.00000000   -0.54404919
     3

O      -0.01615528    0.00000000    1.14783750
H       0.81681060    0.00000000    0.66255310
CL      -0.01615528    0.00000000   -0.54403932
     3

O      -0.01614953    0.00000000    1.14784737
H       0.81651975    0.00000000    0.66205422
CL      -0.01614953    0.00000000   -0.54402946
     3

O      -0.01614377    0.00000000    1.14785723
H       0.81622860    0.00000000    0.66155553
CL      -0.01614377    0.00000000   -0.54401959
     3

O      -0.01613801    0.00000000    1.14786709
H       0.81593715    0.00000000    0.66105701
CL      -0.01613801    0.00000000   -0.54400973
     3

O      -0.01613224    0.00000000    1.14787695
H       0.81564539    0.00000000    0.66055867
CL      -0.01613224    0.00000000   -0.54399988
     3

O      -0.01612646    0.00000000    1.14788680
H       0.81535332    0.00000000    0.66006051
CL      -0.01612646    0.00000000   -0.54399002
     3

O      -0.01612068    0.00000000    1.14789665
H       0.81506095    0.00000000    0.65956253
CL      -0.01612068    0.00000000   -0.54398017
     3

O      -0.01611489    0.00000000    1.14790650
H       0.81476828    0.00000000    0.65906473
CL      -0.01611489    0.00000000   -0.54397033
     3

O      -0.01610909    0.00000000    1.14791634
H       0.81447530    0.00000000    0.65856710
CL      -0.01610909    0.00000000   -0.54396049
     3

O      -0.01610329    0.00000000    1.14792618
H       0.81418202    0.00000000    0.65806966
CL      -0.01610329    0.00000000   -0.54395065
     3

O      -0.01609749    0.00000000    1.14793601
H       0.81388844    0.00000000    0.65757239
CL      -0.01609749    0.00000000   -0.54394081
     3

O      -0.01609167    0.00000000    1.14794585
H       0.81359455    0.00000000    0.65707531
CL      -0.01609167    0.00000000   -0.54393098
     3

O      -0.01608585    0.00000000    1.14795567
H       0.81330036    0.00000000    0.65657840
CL      -0.01608585    0.00000000   -0.54392115
     3

O      -0.01608003    0.00000000    1.14796550
H       0.81300586    0.00000000    0.65608167
CL      -0.01608003    0.00000000   -0.54391133
     3

O      -0.01607420    0.00000000    1.14797532
H       0.81271106    0.00000000    0.65558513
CL      -0.01607420    0.00000000   -0.54390151
     3

O      -0.01606836    0.00000000    1.14798514
H       0.81241596    0.00000000    0.65508876
CL      -0.01606836    0.00000000   -0.54389169
     3

O      -0.01606252    0.00000000    1.14799495
H       0.81212056    0.00000000    0.65459257
CL      -0.01606252    0.00000000   -0.54388188
     3

O      -0.01605667    0.00000000    1.14800476
H       0.81182485    0.00000000    0.65409657
CL      -0.01605667    0.00000000   -0.54387207
     3

O      -0.01605082    0.00000000    1.14801457
H       0.81152884    0.00000000    0.65360074
CL      -0.01605082    0.00000000   -0.54386226
     3

O      -0.01604496    0.00000000    1.14802437
H       0.81123252    0.00000000    0.65310510
CL      -0.01604496    0.00000000   -0.54385246
     3

O      -0.01603909    0.00000000    1.14803417
H       0.81093591    0.00000000    0.65260964
CL      -0.01603909    0.00000000   -0.54384266
     3

O      -0.01603322    0.00000000    1.14804397
H       0.81063899    0.00000000    0.65211435
CL      -0.01603322    0.00000000   -0.54383286
     3

O      -0.01602734    0.00000000    1.14805376
H       0.81034176    0.00000000    0.65161925
CL      -0.01602734    0.00000000   -0.54382307
     3

O      -0.01602145    0.00000000    1.14806355
H       0.81004424    0.00000000    0.65112433
CL      -0.01602145    0.00000000   -0.54381328
     3

O      -0.01601556    0.00000000    1.14807333
H       0.80974641    0.00000000    0.65062960
CL      -0.01601556    0.00000000   -0.54380349
     3

O      -0.01600967    0.00000000    1.14808311
H       0.80944829    0.00000000    0.65013504
CL      -0.01600967    0.00000000   -0.54379371
     3

O      -0.01600376    0.00000000    1.14809289
H       0.80914986    0.00000000    0.64964067
CL      -0.01600376    0.00000000   -0.54378393
     3

O      -0.01599785    0.00000000    1.14810267
H       0.80885112    0.00000000    0.64914648
CL      -0.01599785    0.00000000   -0.54377416
     3

O      -0.01599194    0.00000000    1.14811244
H       0.80855209    0.00000000    0.64865247
CL      -0.01599194    0.00000000   -0.54376439
     3

O      -0.01598602    0.00000000    1.14812220
H       0.80825275    0.00000000    0.64815865
CL      -0.01598602    0.00000000   -0.54375462
     3

O      -0.01598009    0.00000000    1.14813197
H       0.80795311    0.00000000    0.64766500
CL      -0.01598009    0.00000000   -0.54374486
     3

O      -0.01597416    0.00000000    1.14814173
H       0.80765317    0.00000000    0.64717155
CL      -0.01597416    0.00000000   -0.54373510
     3

O      -0.01596822    0.00000000    1.14815148
H       0.80735293    0.00000000    0.64667827
CL      -0.01596822    0.00000000   -0.54372534
     3

O      -0.01596228    0.00000000    1.14816124
H       0.80705239    0.00000000    0.64618518
CL      -0.01596228    0.00000000   -0.54371559
     3

O      -0.01595633    0.00000000    1.14817099
H       0.80675155    0.00000000    0.64569227
CL      -0.01595633    0.00000000   -0.54370584
     3

O      -0.01595037    0.00000000    1.14818073
H       0.80645041    0.00000000    0.64519955
CL      -0.01595037    0.00000000   -0.54369610
     3

O      -0.01594441    0.00000000    1.14819047
H       0.80614896    0.00000000    0.64470700
CL      -0.01594441    0.00000000   -0.54368635
     3

O      -0.01593844    0.00000000    1.14820021
H       0.80584721    0.00000000    0.64421465
CL      -0.01593844    0.00000000   -0.54367662
     3

O      -0.01593247    0.00000000    1.14820994
H       0.80554517    0.00000000    0.64372248
CL      -0.01593247    0.00000000   -0.54366688
     3

O      -0.01592649    0.00000000    1.14821968
H       0.80524282    0.00000000    0.64323049
CL      -0.01592649    0.00000000   -0.54365715
     3

O      -0.01592050    0.00000000    1.14822940
H       0.80494017    0.00000000    0.64273869
CL      -0.01592050    0.00000000   -0.54364742
     3

O      -0.01591451    0.00000000    1.14823913
H       0.80463723    0.00000000    0.64224707
CL      -0.01591451    0.00000000   -0.54363770
     3

O      -0.01590851    0.00000000    1.14824885
H       0.80433398    0.00000000    0.64175564
CL      -0.01590851    0.00000000   -0.54362798
     3

O      -0.01590251    0.00000000    1.14825856
H       0.80403043    0.00000000    0.64126439
CL      -0.01590251    0.00000000   -0.54361826
     3

O      -0.01589650    0.00000000    1.14826827
H       0.80372658    0.00000000    0.64077333
CL      -0.01589650    0.00000000   -0.54360855
     3

O      -0.01589048    0.00000000    1.14827798
H       0.80342243    0.00000000    0.64028245
CL      -0.01589048    0.00000000   -0.54359884
     3

O      -0.01588446    0.00000000    1.14828769
H       0.80311798    0.00000000    0.63979176
CL      -0.01588446    0.00000000   -0.54358914
     3

O      -0.01587843    0.00000000    1.14829739
H       0.80281324    0.00000000    0.63930126
CL      -0.01587843    0.00000000   -0.54357944
     3

O      -0.01587240    0.00000000    1.14830709
H       0.80250819    0.00000000    0.63881094
CL      -0.01587240    0.00000000   -0.54356974
     3

O      -0.01586636    0.00000000    1.14831678
H       0.80220284    0.00000000    0.63832081
CL      -0.01586636    0.00000000   -0.54356005
     3

O      -0.01586032    0.00000000    1.14832647
H       0.80189720    0.00000000    0.63783087
CL      -0.01586032    0.00000000   -0.54355035
     3

O      -0.01585427    0.00000000    1.14833616
H       0.80159125    0.00000000    0.63734111
CL      -0.01585427    0.00000000   -0.54354067
     3

O      -0.01584821    0.00000000    1.14834584
H       0.80128501    0.00000000    0.63685154
CL      -0.01584821    0.00000000   -0.54353099
     3

O      -0.01584215    0.00000000    1.14835552
H       0.80097846    0.00000000    0.63636215
CL      -0.01584215    0.00000000   -0.54352131
     3

O      -0.01583608    0.00000000    1.14836520
H       0.80067162    0.00000000    0.63587296
CL      -0.01583608    0.00000000   -0.54351163
     3

O      -0.01583000    0.00000000    1.14837487
H       0.80036448    0.00000000    0.63538395
CL      -0.01583000    0.00000000   -0.54350196
     3

O      -0.01582392    0.00000000    1.14838454
H       0.80005704    0.00000000    0.63489513
CL      -0.01582392    0.00000000   -0.54349229
     3

O      -0.01581783    0.00000000    1.14839420
H       0.79974930    0.00000000    0.63440650
CL      -0.01581783    0.00000000   -0.54348263
     3

O      -0.01581174    0.00000000    1.14840386
H       0.79944126    0.00000000    0.63391805
CL      -0.01581174    0.00000000   -0.54347297
     3

O      -0.01580564    0.00000000    1.14841352
H       0.79913293    0.00000000    0.63342979
CL      -0.01580564    0.00000000   -0.54346331
     3

O      -0.01579954    0.00000000    1.14842317
H       0.79882429    0.00000000    0.63294173
CL      -0.01579954    0.00000000   -0.54345365
     3

O      -0.01579343    0.00000000    1.14843282
H       0.79851536    0.00000000    0.63245385
CL      -0.01579343    0.00000000   -0.54344401
     3

O      -0.01578731    0.00000000    1.14844247
H       0.79820613    0.00000000    0.63196616
CL      -0.01578731    0.00000000   -0.54343436
     3

O      -0.01578119    0.00000000    1.14845211
H       0.79789661    0.00000000    0.63147865
CL      -0.01578119    0.00000000   -0.54342472
     3

O      -0.01577506    0.00000000    1.14846175
H       0.79758678    0.00000000    0.63099134
CL      -0.01577506    0.00000000   -0.54341508
     3

O      -0.01576893    0.00000000    1.14847138
H       0.79727666    0.00000000    0.63050422
CL      -0.01576893    0.00000000   -0.54340544
     3

O      -0.01576279    0.00000000    1.14848101
H       0.79696624    0.00000000    0.63001728
CL      -0.01576279    0.00000000   -0.54339581
     3

O      -0.01575664    0.00000000    1.14849064
H       0.79665552    0.00000000    0.62953054
CL      -0.01575664    0.00000000   -0.54338619
     3

O      -0.01575049    0.00000000    1.14850026
H       0.79634451    0.00000000    0.62904399
CL      -0.01575049    0.00000000   -0.54337656
     3

O      -0.01574434    0.00000000    1.14850988
H       0.79603319    0.00000000    0.62855762
CL      -0.01574434    0.00000000   -0.54336694
     3

O      -0.01573817    0.00000000    1.14851950
H       0.79572158    0.00000000    0.62807145
CL      -0.01573817    0.00000000   -0.54335733
     3

O      -0.01573200    0.00000000    1.14852911
H       0.79540968    0.00000000    0.62758546
CL      -0.01573200    0.00000000   -0.54334772
     3

O      -0.01572583    0.00000000    1.14853872
H       0.79509748    0.00000000    0.62709967
CL      -0.01572583    0.00000000   -0.54333811
     3

O      -0.01571965    0.00000000    1.14854832
H       0.79478498    0.00000000    0.62661407
CL      -0.01571965    0.00000000   -0.54332850
     3

O      -0.01571346    0.00000000    1.14855792
H       0.79447218    0.00000000    0.62612866
CL      -0.01571346    0.00000000   -0.54331890
     3

O      -0.01570727    0.00000000    1.14856752
H       0.79415909    0.00000000    0.62564344
CL      -0.01570727    0.00000000   -0.54330931
     3

O      -0.01570107    0.00000000    1.14857711
H       0.79384570    0.00000000    0.62515841
CL      -0.01570107    0.00000000   -0.54329971
     3

O      -0.01569487    0.00000000    1.14858670
H       0.79353201    0.00000000    0.62467357
CL      -0.01569487    0.00000000   -0.54329012
     3

O      -0.01568866    0.00000000    1.14859629
H       0.79321803    0.00000000    0.62418893
CL      -0.01568866    0.00000000   -0.54328054
     3

O      -0.01568244    0.00000000    1.14860587
H       0.79290376    0.00000000    0.62370447
CL      -0.01568244    0.00000000   -0.54327096
     3

O      -0.01567622    0.00000000    1.14861545
H       0.79258918    0.00000000    0.62322021
CL      -0.01567622    0.00000000   -0.54326138
     3

O      -0.01566999    0.00000000    1.14862502
H       0.79227431    0.00000000    0.62273614
CL      -0.01566999    0.00000000   -0.54325180
     3

O      -0.01566376    0.00000000    1.14863459
H       0.79195915    0.00000000    0.62225227
CL      -0.01566376    0.00000000   -0.54324223
     3

O      -0.01565752    0.00000000    1.14864416
H       0.79164369    0.00000000    0.62176858
CL      -0.01565752    0.00000000   -0.54323267
     3

O      -0.01565127    0.00000000    1.14865372
H       0.79132793    0.00000000    0.62128509
CL      -0.01565127    0.00000000   -0.54322310
     3

O      -0.01564502    0.00000000    1.14866328
H       0.79101188    0.00000000    0.62080179
CL      -0.01564502    0.00000000   -0.54321355
     3

O      -0.01563876    0.00000000    1.14867284
H       0.79069554    0.00000000    0.62031869
CL      -0.01563876    0.00000000   -0.54320399
     3

O      -0.01563250    0.00000000    1.14868239
H       0.79037890    0.00000000    0.61983578
CL      -0.01563250    0.00000000   -0.54319444
     3

O      -0.01562623    0.00000000    1.14869194
H       0.79006196    0.00000000    0.61935306
CL      -0.01562623    0.00000000   -0.54318489
     3

O      -0.01561996    0.00000000    1.14870148
H       0.78974473    0.00000000    0.61887053
CL      -0.01561996    0.00000000   -0.54317535
     3

O      -0.01561368    0.00000000    1.14871102
H       0.78942720    0.00000000    0.61838820
CL      -0.01561368    0.00000000   -0.54316581
     3

O      -0.01560739    0.00000000    1.14872055
H       0.78910938    0.00000000    0.61790607
CL      -0.01560739    0.00000000   -0.54315627
     3

O      -0.01560110    0.00000000    1.14873009
H       0.78879127    0.00000000    0.61742412
CL      -0.01560110    0.00000000   -0.54314674
     3

O      -0.01559480    0.00000000    1.14873961
H       0.78847286    0.00000000    0.61694238
CL      -0.01559480    0.00000000   -0.54313721
     3

O      -0.01558850    0.00000000    1.14874914
H       0.78815416    0.00000000    0.61646082
CL      -0.01558850    0.00000000   -0.54312769
     3

O      -0.01558219    0.00000000    1.14875866
H       0.78783516    0.00000000    0.61597947
CL      -0.01558219    0.00000000   -0.54311817
     3

O      -0.01557588    0.00000000    1.14876818
H       0.78751587    0.00000000    0.61549830
CL      -0.01557588    0.00000000   -0.54310865
     3

O      -0.01556955    0.00000000    1.14877769
H       0.78719629    0.00000000    0.61501733
CL      -0.01556955    0.00000000   -0.54309914
     3

O      -0.01556323    0.00000000    1.14878720
H       0.78687641    0.00000000    0.61453656
CL      -0.01556323    0.00000000   -0.54308963
     3

O      -0.01555690    0.00000000    1.14879670
H       0.78655623    0.00000000    0.61405598
CL      -0.01555690    0.00000000   -0.54308012
     3

O      -0.01555056    0.00000000    1.14880620
H       0.78623577    0.00000000    0.61357560
CL      -0.01555056    0.00000000   -0.54307062
     3

O      -0.01554421    0.00000000    1.14881570
H       0.78591501    0.00000000    0.61309541
CL      -0.01554421    0.00000000   -0.54306112
     3

O      -0.01553786    0.00000000    1.14882520
H       0.78559396    0.00000000    0.61261542
CL      -0.01553786    0.00000000   -0.54305163
     3

O      -0.01553151    0.00000000    1.14883468
H       0.78527261    0.00000000    0.61213563
CL      -0.01553151    0.00000000   -0.54304214
     3

O      -0.01552515    0.00000000    1.14884417
H       0.78495097    0.00000000    0.61165603
CL      -0.01552515    0.00000000   -0.54303266
     3

O      -0.01551878    0.00000000    1.14885365
H       0.78462904    0.00000000    0.61117663
CL      -0.01551878    0.00000000   -0.54302317
     3

O      -0.01551241    0.00000000    1.14886313
H       0.78430682    0.00000000    0.61069743
CL      -0.01551241    0.00000000   -0.54301370
     3

O      -0.01550603    0.00000000    1.14887260
H       0.78398430    0.00000000    0.61021842
CL      -0.01550603    0.00000000   -0.54300422
     3

O      -0.01549964    0.00000000    1.14888207
H       0.78366149    0.00000000    0.60973961
CL      -0.01549964    0.00000000   -0.54299475
     3

O      -0.01549325    0.00000000    1.14889154
H       0.78333839    0.00000000    0.60926100
CL      -0.01549325    0.00000000   -0.54298529
     3

O      -0.01548686    0.00000000    1.14890100
H       0.78301499    0.00000000    0.60878258
CL      -0.01548686    0.00000000   -0.54297582
     3

O      -0.01548045    0.00000000    1.14891046
H       0.78269131    0.00000000    0.60830436
CL      -0.01548045    0.00000000   -0.54296637
     3

O      -0.01547405    0.00000000    1.14891992
H       0.78236733    0.00000000    0.60782634
CL      -0.01547405    0.00000000   -0.54295691
     3

O      -0.01546763    0.00000000    1.14892937
H       0.78204306    0.00000000    0.60734852
CL      -0.01546763    0.00000000   -0.54294746
     3

O      -0.01546121    0.00000000    1.14893881
H       0.78171850    0.00000000    0.60687090
CL      -0.01546121    0.00000000   -0.54293801
     3

O      -0.01545479    0.00000000    1.14894826
H       0.78139364    0.00000000    0.60639347
CL      -0.01545479    0.00000000   -0.54292857
     3

O      -0.01544836    0.00000000    1.14895769
H       0.78106850    0.00000000    0.60591625
CL      -0.01544836    0.00000000   -0.54291913
     3

O      -0.01544192    0.00000000    1.14896713
H       0.78074306    0.00000000    0.60543922
CL      -0.01544192    0.00000000   -0.54290970
     3

O      -0.01543548    0.00000000    1.14897656
H       0.78041733    0.00000000    0.60496239
CL      -0.01543548    0.00000000   -0.54290027
     3

O      -0.01542903    0.00000000    1.14898599
H       0.78009131    0.00000000    0.60448576
CL      -0.01542903    0.00000000   -0.54289084
     3

O      -0.01542258    0.00000000    1.14899541
H       0.77976500    0.00000000    0.60400933
CL      -0.01542258    0.00000000   -0.54288142
     3

O      -0.01541612    0.00000000    1.14900483
H       0.77943840    0.00000000    0.60353310
CL      -0.01541612    0.00000000   -0.54287200
     3

O      -0.01540965    0.00000000    1.14901425
H       0.77911151    0.00000000    0.60305706
CL      -0.01540965    0.00000000   -0.54286258
     3

O      -0.01540318    0.00000000    1.14902366
H       0.77878432    0.00000000    0.60258123
CL      -0.01540318    0.00000000   -0.54285317
     3

O      -0.01539670    0.00000000    1.14903306
H       0.77845685    0.00000000    0.60210560
CL      -0.01539670    0.00000000   -0.54284376
     3

O      -0.01539022    0.00000000    1.14904247
H       0.77812908    0.00000000    0.60163017
CL      -0.01539022    0.00000000   -0.54283436
     3

O      -0.01538373    0.00000000    1.14905187
H       0.77780103    0.00000000    0.60115493
CL      -0.01538373    0.00000000   -0.54282496
     3

O      -0.01537724    0.00000000    1.14906126
H       0.77747268    0.00000000    0.60067990
CL      -0.01537724    0.00000000   -0.54281556
     3

O      -0.01537074    0.00000000    1.14907065
H       0.77714405    0.00000000    0.60020507
CL      -0.01537074    0.00000000   -0.54280617
     3

O      -0.01536423    0.00000000    1.14908004
H       0.77681512    0.00000000    0.59973044
CL      -0.01536423    0.00000000   -0.54279679
     3

O      -0.01535772    0.00000000    1.14908942
H       0.77648591    0.00000000    0.59925601
CL      -0.01535772    0.00000000   -0.54278740
     3

O      -0.01535120    0.00000000    1.14909880
H       0.77615640    0.00000000    0.59878179
CL      -0.01535120    0.00000000   -0.54277802
     3

O      -0.01534468    0.00000000    1.14910818
H       0.77582661    0.00000000    0.59830776
CL      -0.01534468    0.00000000   -0.54276865
     3

O      -0.01533815    0.00000000    1.14911755
H       0.77549653    0.00000000    0.59783394
CL      -0.01533815    0.00000000   -0.54275928
     3

O      -0.01533162    0.00000000    1.14912692
H       0.77516615    0.00000000    0.59736031
CL      -0.01533162    0.00000000   -0.54274991
     3

O      -0.01532508    0.00000000    1.14913628
H       0.77483549    0.00000000    0.59688689
CL      -0.01532508    0.00000000   -0.54274054
     3

O      -0.01531853    0.00000000    1.14914564
H       0.77450454    0.00000000    0.59641367
CL      -0.01531853    0.00000000   -0.54273119
     3

O      -0.01531198    0.00000000    1.14915500
H       0.77417330    0.00000000    0.59594066
CL      -0.01531198    0.00000000   -0.54272183
     3

O      -0.01530542    0.00000000    1.14916435
H       0.77384177    0.00000000    0.59546784
CL      -0.01530542    0.00000000   -0.54271248
     3

O      -0.01529886    0.00000000    1.14917370
H       0.77350995    0.00000000    0.59499523
CL      -0.01529886    0.00000000   -0.54270313
     3

O      -0.01529229    0.00000000    1.14918304
H       0.77317784    0.00000000    0.59452282
CL      -0.01529229    0.00000000   -0.54269379
     3

O      -0.01528572    0.00000000    1.14919238
H       0.77284545    0.00000000    0.59405061
CL      -0.01528572    0.00000000   -0.54268445
     3

O      -0.01527914    0.00000000    1.14920171
H       0.77251276    0.00000000    0.59357861
CL      -0.01527914    0.00000000   -0.54267511
     3

O      -0.01527255    0.00000000    1.14921105
H       0.77217979    0.00000000    0.59310681
CL      -0.01527255    0.00000000   -0.54266578
     3

O      -0.01526596    0.00000000    1.14922037
H       0.77184653    0.00000000    0.59263522
CL      -0.01526596    0.00000000   -0.54265645
     3

O      -0.01525936    0.00000000    1.14922970
H       0.77151298    0.00000000    0.59216382
CL      -0.01525936    0.00000000   -0.54264713
     3

O      -0.01525276    0.00000000    1.14923902
H       0.77117915    0.00000000    0.59169264
CL      -0.01525276    0.00000000   -0.54263781
     3

O      -0.01524615    0.00000000    1.14924833
H       0.77084502    0.00000000    0.59122165
CL      -0.01524615    0.00000000   -0.54262849
     3

O      -0.01523954    0.00000000    1.14925764
H       0.77051061    0.00000000    0.59075087
CL      -0.01523954    0.00000000   -0.54261918
     3

O      -0.01523292    0.00000000    1.14926695
H       0.77017591    0.00000000    0.59028029
CL      -0.01523292    0.00000000   -0.54260988
     3

O      -0.01522629    0.00000000    1.14927625
H       0.76984093    0.00000000    0.58980992
CL      -0.01522629    0.00000000   -0.54260057
     3

O      -0.01521966    0.00000000    1.14928555
H       0.76950565    0.00000000    0.58933976
CL      -0.01521966    0.00000000   -0.54259127
     3

O      -0.01521302    0.00000000    1.14929485
H       0.76917009    0.00000000    0.58886980
CL      -0.01521302    0.00000000   -0.54258198
     3

O      -0.01520638    0.00000000    1.14930414
H       0.76883424    0.00000000    0.58840004
CL      -0.01520638    0.00000000   -0.54257269
     3

O      -0.01519973    0.00000000    1.14931343
H       0.76849811    0.00000000    0.58793049
CL      -0.01519973    0.00000000   -0.54256340
     3

O      -0.01519308    0.00000000    1.14932271
H       0.76816169    0.00000000    0.58746114
CL      -0.01519308    0.00000000   -0.54255412
     3

O      -0.01518642    0.00000000    1.14933199
H       0.76782498    0.00000000    0.58699200
CL      -0.01518642    0.00000000   -0.54254484
     3

O      -0.01517975    0.00000000    1.14934126
H       0.76748798    0.00000000    0.58652307
CL      -0.01517975    0.00000000   -0.54253556
     3

O      -0.01517308    0.00000000    1.14935053
H       0.76715070    0.00000000    0.58605434
CL      -0.01517308    0.00000000   -0.54252629
     3

O      -0.01516641    0.00000000    1.14935980
H       0.76681314    0.00000000    0.58558581
CL      -0.01516641    0.00000000   -0.54251703
     3

O      -0.01515972    0.00000000    1.14936906
H       0.76647528    0.00000000    0.58511750
CL      -0.01515972    0.00000000   -0.54250776
     3

O      -0.01515304    0.00000000    1.14937832
H       0.76613714    0.00000000    0.58464939
CL      -0.01515304    0.00000000   -0.54249851
     3

O      -0.01514634    0.00000000    1.14938758
H       0.76579872    0.00000000    0.58418149
CL      -0.01514634    0.00000000   -0.54248925
     3

O      -0.01513964    0.00000000    1.14939683
H       0.76546001    0.00000000    0.58371379
CL      -0.01513964    0.00000000   -0.54248000
     3

O      -0.01513294    0.00000000    1.14940607
H       0.76512101    0.00000000    0.58324630
CL      -0.01513294    0.00000000   -0.54247075
     3

O      -0.01512623    0.00000000    1.14941531
H       0.76478173    0.00000000    0.58277902
CL      -0.01512623    0.00000000   -0.54246151
     3

O      -0.01511951    0.00000000    1.14942455
H       0.76444216    0.00000000    0.58231194
CL      -0.01511951    0.00000000   -0.54245227
     3

O      -0.01511279    0.00000000    1.14943379
H       0.76410231    0.00000000    0.58184507
CL      -0.01511279    0.00000000   -0.54244304
     3

O      -0.01510606    0.00000000    1.14944302
H       0.76376217    0.00000000    0.58137842
CL      -0.01510606    0.00000000   -0.54243381
     3

O      -0.01509933    0.00000000    1.14945224
H       0.76342174    0.00000000    0.58091196
CL      -0.01509933    0.00000000   -0.54242458
     3

O      -0.01509259    0.00000000    1.14946146
H       0.76308104    0.00000000    0.58044572
CL      -0.01509259    0.00000000   -0.54241536
     3

O      -0.01508585    0.00000000    1.14947068
H       0.76274004    0.00000000    0.57997968
CL      -0.01508585    0.00000000   -0.54240615
     3

O      -0.01507910    0.00000000    1.14947989
H       0.76239877    0.00000000    0.57951386
CL      -0.01507910    0.00000000   -0.54239693
     3

O      -0.01507234    0.00000000    1.14948910
H       0.76205720    0.00000000    0.57904824
CL      -0.01507234    0.00000000   -0.54238772
     3

O      -0.01506558    0.00000000    1.14949831
H       0.76171536    0.00000000    0.57858283
CL      -0.01506558    0.00000000   -0.54237852
     3

O      -0.01505881    0.00000000    1.14950751
H       0.76137323    0.00000000    0.57811763
CL      -0.01505881    0.00000000   -0.54236932
     3

O      -0.01505204    0.00000000    1.14951671
H       0.76103081    0.00000000    0.57765264
CL      -0.01505204    0.00000000   -0.54236012
     3

O      -0.01504526    0.00000000    1.14952590
H       0.76068811    0.00000000    0.57718785
CL      -0.01504526    0.00000000   -0.54235093
     3

O      -0.01503848    0.00000000    1.14953509
H       0.76034513    0.00000000    0.57672328
CL      -0.01503848    0.00000000   -0.54234174
     3

O      -0.01503169    0.00000000    1.14954427
H       0.76000187    0.00000000    0.57625892
CL      -0.01503169    0.00000000   -0.54233255
     3

O      -0.01502490    0.00000000    1.14955345
H       0.75965832    0.00000000    0.57579476
CL      -0.01502490    0.00000000   -0.54232337
     3

O      -0.01501809    0.00000000    1.14956263
H       0.75931448    0.00000000    0.57533082
CL      -0.01501809    0.00000000   -0.54231420
     3

O      -0.01501129    0.00000000    1.14957180
H       0.75897037    0.00000000    0.57486708
CL      -0.01501129    0.00000000   -0.54230503
     3

O      -0.01500448    0.00000000    1.14958097
H       0.75862597    0.00000000    0.57440356
CL      -0.01500448    0.00000000   -0.54229586
     3

O      -0.01499766    0.00000000    1.14959013
H       0.75828128    0.00000000    0.57394025
CL      -0.01499766    0.00000000   -0.54228669
     3

O      -0.01499084    0.00000000    1.14959929
H       0.75793632    0.00000000    0.57347715
CL      -0.01499084    0.00000000   -0.54227754
     3

O      -0.01498401    0.00000000    1.14960845
H       0.75759107    0.00000000    0.57301425
CL      -0.01498401    0.00000000   -0.54226838
     3

O      -0.01497717    0.00000000    1.14961760
H       0.75724554    0.00000000    0.57255157
CL      -0.01497717    0.00000000   -0.54225923
     3

O      -0.01497033    0.00000000    1.14962674
H       0.75689972    0.00000000    0.57208910
CL      -0.01497033    0.00000000   -0.54225008
     3

O      -0.01496349    0.00000000    1.14963589
H       0.75655363    0.00000000    0.57162685
CL      -0.01496349    0.00000000   -0.54224094
     3

O      -0.01495664    0.00000000    1.14964503
H       0.75620725    0.00000000    0.57116480
CL      -0.01495664    0.00000000   -0.54223180
     3

O      -0.01494978    0.00000000    1.14965416
H       0.75586059    0.00000000    0.57070297
CL      -0.01494978    0.00000000   -0.54222267
     3

O      -0.01494292    0.00000000    1.14966329
H       0.75551364    0.00000000    0.57024134
CL      -0.01494292    0.00000000   -0.54221354
     3

O      -0.01493605    0.00000000    1.14967242
H       0.75516642    0.00000000    0.56977993
CL      -0.01493605    0.00000000   -0.54220441
     3

O      -0.01492918    0.00000000    1.14968154
H       0.75481891    0.00000000    0.56931873
CL      -0.01492918    0.00000000   -0.54219529
     3

O      -0.01492230    0.00000000    1.14969066
H       0.75447112    0.00000000    0.56885775
CL      -0.01492230    0.00000000   -0.54218617
     3

O      -0.01491542    0.00000000    1.14969977
H       0.75412305    0.00000000    0.56839697
CL      -0.01491542    0.00000000   -0.54217706
     3

O      -0.01490853    0.00000000    1.14970888
H       0.75377470    0.00000000    0.56793641
CL      -0.01490853    0.00000000   -0.54216795
     3

O      -0.01490163    0.00000000    1.14971798
H       0.75342607    0.00000000    0.56747606
CL      -0.01490163    0.00000000   -0.54215884
     3

O      -0.01489473    0.00000000    1.14972708
H       0.75307716    0.00000000    0.56701593
CL      -0.01489473    0.00000000   -0.54214974
     3

O      -0.01488782    0.00000000    1.14973618
H       0.75272796    0.00000000    0.56655601
CL      -0.01488782    0.00000000   -0.54214065
     3

O      -0.01488091    0.00000000    1.14974527
H       0.75237849    0.00000000    0.56609630
CL      -0.01488091    0.00000000   -0.54213155
     3

O      -0.01487399    0.00000000    1.14975436
H       0.75202873    0.00000000    0.56563680
CL      -0.01487399    0.00000000   -0.54212247
     3

O      -0.01486707    0.00000000    1.14976345
H       0.75167869    0.00000000    0.56517752
CL      -0.01486707    0.00000000   -0.54211338
     3

O      -0.01486014    0.00000000    1.14977253
H       0.75132838    0.00000000    0.56471845
CL      -0.01486014    0.00000000   -0.54210430
     3

O      -0.01485321    0.00000000    1.14978160
H       0.75097778    0.00000000    0.56425960
CL      -0.01485321    0.00000000   -0.54209523
     3

O      -0.01484627    0.00000000    1.14979067
H       0.75062690    0.00000000    0.56380096
CL      -0.01484627    0.00000000   -0.54208615
     3

O      -0.01483932    0.00000000    1.14979974
H       0.75027574    0.00000000    0.56334254
CL      -0.01483932    0.00000000   -0.54207709
     3

O      -0.01483237    0.00000000    1.14980880
H       0.74992430    0.00000000    0.56288433
CL      -0.01483237    0.00000000   -0.54206803
     3

O      -0.01482541    0.00000000    1.14981786
H       0.74957259    0.00000000    0.56242633
CL      -0.01482541    0.00000000   -0.54205897
     3

O      -0.01481845    0.00000000    1.14982691
H       0.74922059    0.00000000    0.56196855
CL      -0.01481845    0.00000000   -0.54204991
     3

O      -0.01481149    0.00000000    1.14983596
H       0.74886831    0.00000000    0.56151099
CL      -0.01481149    0.00000000   -0.54204086
     3

O      -0.01480451    0.00000000    1.14984501
H       0.74851575    0.00000000    0.56105364
CL      -0.01480451    0.00000000   -0.54203182
     3

O      -0.01479753    0.00000000    1.14985405
H       0.74816292    0.00000000    0.56059650
CL      -0.01479753    0.00000000   -0.54202278
     3

O      -0.01479055    0.00000000    1.14986309
H       0.74780980    0.00000000    0.56013958
CL      -0.01479055    0.00000000   -0.54201374
     3

O      -0.01478356    0.00000000    1.14987212
H       0.74745641    0.00000000    0.55968288
CL      -0.01478356    0.00000000   -0.54200471
     3

O      -0.01477656    0.00000000    1.14988115
H       0.74710274    0.00000000    0.55922639
CL      -0.01477656    0.00000000   -0.54199568
     3

O      -0.01476956    0.00000000    1.14989017
H       0.74674878    0.00000000    0.55877012
CL      -0.01476956    0.00000000   -0.54198665
     3

O      -0.01476256    0.00000000    1.14989919
H       0.74639455    0.00000000    0.55831407
CL      -0.01476256    0.00000000   -0.54197763
     3

O      -0.01475555    0.00000000    1.14990821
H       0.74604004    0.00000000    0.55785823
CL      -0.01475555    0.00000000   -0.54196862
     3

O      -0.01474853    0.00000000    1.14991722
H       0.74568526    0.00000000    0.55740261
CL      -0.01474853    0.00000000   -0.54195961
     3

O      -0.01474151    0.00000000    1.14992623
H       0.74533019    0.00000000    0.55694720
CL      -0.01474151    0.00000000   -0.54195060
     3

O      -0.01473448    0.00000000    1.14993523
H       0.74497485    0.00000000    0.55649201
CL      -0.01473448    0.00000000   -0.54194160
     3

O      -0.01472744    0.00000000    1.14994423
H       0.74461922    0.00000000    0.55603704
CL      -0.01472744    0.00000000   -0.54193260
     3

O      -0.01472041    0.00000000    1.14995322
H       0.74426333    0.00000000    0.55558229
CL      -0.01472041    0.00000000   -0.54192360
     3

O      -0.01471336    0.00000000    1.14996221
H       0.74390715    0.00000000    0.55512775
CL      -0.01471336    0.00000000   -0.54191461
     3

O      -0.01470631    0.00000000    1.14997120
H       0.74355069    0.00000000    0.55467344
CL      -0.01470631    0.00000000   -0.54190563
     3

O      -0.01469926    0.00000000    1.14998018
H       0.74319396    0.00000000    0.55421934
CL      -0.01469926    0.00000000   -0.54189664
     3

O      -0.01469219    0.00000000    1.14998916
H       0.74283695    0.00000000    0.55376545
CL      -0.01469219    0.00000000   -0.54188767
     3

O      -0.01468513    0.00000000    1.14999813
H       0.74247966    0.00000000    0.55331179
CL      -0.01468513    0.00000000   -0.54187869
     3

O      -0.01467806    0.00000000    1.15000710
H       0.74212210    0.00000000    0.55285834
CL      -0.01467806    0.00000000   -0.54186973
     3

O      -0.01467098    0.00000000    1.15001606
H       0.74176426    0.00000000    0.55240512
CL      -0.01467098    0.00000000   -0.54186076
     3

O      -0.01466389    0.00000000    1.15002502
H       0.74140614    0.00000000    0.55195211
CL      -0.01466389    0.00000000   -0.54185180
     3

O      -0.01465681    0.00000000    1.15003398
H       0.74104775    0.00000000    0.55149932
CL      -0.01465681    0.00000000   -0.54184285
     3

O      -0.01464971    0.00000000    1.15004293
H       0.74068907    0.00000000    0.55104675
CL      -0.01464971    0.00000000   -0.54183390
     3

O      -0.01464261    0.00000000    1.15005188
H       0.74033013    0.00000000    0.55059440
CL      -0.01464261    0.00000000   -0.54182495
     3

O      -0.01463551    0.00000000    1.15006082
H       0.73997090    0.00000000    0.55014226
CL      -0.01463551    0.00000000   -0.54181601
     3

O      -0.01462840    0.00000000    1.15006976
H       0.73961140    0.00000000    0.54969035
CL      -0.01462840    0.00000000   -0.54180707
     3

O      -0.01462128    0.00000000    1.15007869
H       0.73925163    0.00000000    0.54923866
CL      -0.01462128    0.00000000   -0.54179813
     3

O      -0.01461416    0.00000000    1.15008762
H       0.73889158    0.00000000    0.54878718
CL      -0.01461416    0.00000000   -0.54178921
     3

O      -0.01460703    0.00000000    1.15009655
H       0.73853125    0.00000000    0.54833593
CL      -0.01460703    0.00000000   -0.54178028
     3

O      -0.01459990    0.00000000    1.15010547
H       0.73817065    0.00000000    0.54788490
CL      -0.01459990    0.00000000   -0.54177136
     3

O      -0.01459276    0.00000000    1.15011438
H       0.73780977    0.00000000    0.54743409
CL      -0.01459276    0.00000000   -0.54176244
     3

O      -0.01458562    0.00000000    1.15012330
H       0.73744861    0.00000000    0.54698349
CL      -0.01458562    0.00000000   -0.54175353
     3

O      -0.01457847    0.00000000    1.15013220
H       0.73708718    0.00000000    0.54653312
CL      -0.01457847    0.00000000   -0.54174462
     3

O      -0.01457132    0.00000000    1.15014111
H       0.73672548    0.00000000    0.54608297
CL      -0.01457132    0.00000000   -0.54173572
     3

O      -0.01456416    0.00000000    1.15015001
H       0.73636350    0.00000000    0.54563304
CL      -0.01456416    0.00000000   -0.54172682
     3

O      -0.01455699    0.00000000    1.15015890
H       0.73600125    0.00000000    0.54518333
CL      -0.01455699    0.00000000   -0.54171793
     3

O      -0.01454982    0.00000000    1.15016779
H       0.73563872    0.00000000    0.54473385
CL      -0.01454982    0.00000000   -0.54170904
     3

O      -0.01454265    0.00000000    1.15017668
H       0.73527592    0.00000000    0.54428458
CL      -0.01454265    0.00000000   -0.54170015
     3

O      -0.01453547    0.00000000    1.15018556
H       0.73491284    0.00000000    0.54383554
CL      -0.01453547    0.00000000   -0.54169127
     3

O      -0.01452828    0.00000000    1.15019443
H       0.73454949    0.00000000    0.54338672
CL      -0.01452828    0.00000000   -0.54168239
     3

O      -0.01452109    0.00000000    1.15020331
H       0.73418586    0.00000000    0.54293812
CL      -0.01452109    0.00000000   -0.54167352
     3

O      -0.01451389    0.00000000    1.15021218
H       0.73382196    0.00000000    0.54248974
CL      -0.01451389    0.00000000   -0.54166465
     3

O      -0.01450669    0.00000000    1.15022104
H       0.73345779    0.00000000    0.54204158
CL      -0.01450669    0.00000000   -0.54165579
     3

O      -0.01449948    0.00000000    1.15022990
H       0.73309334    0.00000000    0.54159365
CL      -0.01449948    0.00000000   -0.54164693
     3

O      -0.01449227    0.00000000    1.15023875
H       0.73272862    0.00000000    0.54114594
CL      -0.01449227    0.00000000   -0.54163807
     3

O      -0.01448505    0.00000000    1.15024760
H       0.73236363    0.00000000    0.54069845
CL      -0.01448505    0.00000000   -0.54162922
     3

O      -0.01447782    0.00000000    1.15025645
H       0.73199836    0.00000000    0.54025119
CL      -0.01447782    0.00000000   -0.54162038
     3

O      -0.01447059    0.00000000    1.15026529
H       0.73163282    0.00000000    0.53980415
CL      -0.01447059    0.00000000   -0.54161153
     3

O      -0.01446336    0.00000000    1.15027413
H       0.73126701    0.00000000    0.53935733
CL      -0.01446336    0.00000000   -0.54160270
     3

O      -0.01445612    0.00000000    1.15028296
H       0.73090092    0.00000000    0.53891074
CL      -0.01445612    0.00000000   -0.54159386
     3

O      -0.01444887    0.00000000    1.15029179
H       0.73053456    0.00000000    0.53846437
CL      -0.01444887    0.00000000   -0.54158504
     3

O      -0.01444162    0.00000000    1.15030062
H       0.73016793    0.00000000    0.53801822
CL      -0.01444162    0.00000000   -0.54157621
     3

O      -0.01443436    0.00000000    1.15030944
H       0.72980103    0.00000000    0.53757230
CL      -0.01443436    0.00000000   -0.54156739
     3

O      -0.01442710    0.00000000    1.15031825
H       0.72943385    0.00000000    0.53712660
CL      -0.01442710    0.00000000   -0.54155858
     3

O      -0.01441983    0.00000000    1.15032706
H       0.72906640    0.00000000    0.53668113
CL      -0.01441983    0.00000000   -0.54154977
     3

O      -0.01441256    0.00000000    1.15033587
H       0.72869868    0.00000000    0.53623588
CL      -0.01441256    0.00000000   -0.54154096
     3

O      -0.01440528    0.00000000    1.15034467
H       0.72833069    0.00000000    0.53579086
CL      -0.01440528    0.00000000   -0.54153216
     3

O      -0.01439800    0.00000000    1.15035347
H       0.72796242    0.00000000    0.53534606
CL      -0.01439800    0.00000000   -0.54152336
     3

O      -0.01439071    0.00000000    1.15036226
H       0.72759389    0.00000000    0.53490148
CL      -0.01439071    0.00000000   -0.54151457
     3

O      -0.01438341    0.00000000    1.15037105
H       0.72722508    0.00000000    0.53445713
CL      -0.01438341    0.00000000   -0.54150578
     3

O      -0.01437612    0.00000000    1.15037983
H       0.72685600    0.00000000    0.53401301
CL      -0.01437612    0.00000000   -0.54149699
     3

O      -0.01436881    0.00000000    1.15038861
H       0.72648665    0.00000000    0.53356911
CL      -0.01436881    0.00000000   -0.54148821
     3

O      -0.01436150    0.00000000    1.15039739
H       0.72611703    0.00000000    0.53312544
CL      -0.01436150    0.00000000   -0.54147944
     3

O      -0.01435418    0.00000000    1.15040616
H       0.72574714    0.00000000    0.53268199
CL      -0.01435418    0.00000000   -0.54147067
     3

O      -0.01434686    0.00000000    1.15041492
H       0.72537697    0.00000000    0.53223877
CL      -0.01434686    0.00000000   -0.54146190
     3

O      -0.01433954    0.00000000    1.15042369
H       0.72500654    0.00000000    0.53179578
CL      -0.01433954    0.00000000   -0.54145314
     3

O      -0.01433220    0.00000000    1.15043244
H       0.72463584    0.00000000    0.53135301
CL      -0.01433220    0.00000000   -0.54144438
     3

O      -0.01432487    0.00000000    1.15044120
H       0.72426486    0.00000000    0.53091047
CL      -0.01432487    0.00000000   -0.54143563
     3

O      -0.01431752    0.00000000    1.15044994
H       0.72389362    0.00000000    0.53046815
CL      -0.01431752    0.00000000   -0.54142688
     3

O      -0.01431018    0.00000000    1.15045869
H       0.72352210    0.00000000    0.53002606
CL      -0.01431018    0.00000000   -0.54141814
     3

O      -0.01430282    0.00000000    1.15046743
H       0.72315032    0.00000000    0.52958420
CL      -0.01430282    0.00000000   -0.54140940
     3

O      -0.01429546    0.00000000    1.15047616
H       0.72277826    0.00000000    0.52914257
CL      -0.01429546    0.00000000   -0.54140066
     3

O      -0.01428810    0.00000000    1.15048489
H       0.72240594    0.00000000    0.52870116
CL      -0.01428810    0.00000000   -0.54139193
     3

O      -0.01428073    0.00000000    1.15049362
H       0.72203334    0.00000000    0.52825998
CL      -0.01428073    0.00000000   -0.54138321
     3

O      -0.01427336    0.00000000    1.15050234
H       0.72166048    0.00000000    0.52781903
CL      -0.01427336    0.00000000   -0.54137449
     3

O      -0.01426598    0.00000000    1.15051106
H       0.72128735    0.00000000    0.52737831
CL      -0.01426598    0.00000000   -0.54136577
     3

O      -0.01425859    0.00000000    1.15051977
H       0.72091395    0.00000000    0.52693781
CL      -0.01425859    0.00000000   -0.54135706
     3

O      -0.01425120    0.00000000    1.15052848
H       0.72054027    0.00000000    0.52649755
CL      -0.01425120    0.00000000   -0.54134835
     3

O      -0.01424380    0.00000000    1.15053718
H       0.72016633    0.00000000    0.52605751
CL      -0.01424380    0.00000000   -0.54133965
     3

O      -0.01423640    0.00000000    1.15054588
H       0.71979213    0.00000000    0.52561770
CL      -0.01423640    0.00000000   -0.54133095
     3

O      -0.01422900    0.00000000    1.15055457
H       0.71941765    0.00000000    0.52517812
CL      -0.01422900    0.00000000   -0.54132225
     3

O      -0.01422158    0.00000000    1.15056326
H       0.71904290    0.00000000    0.52473876
CL      -0.01422158    0.00000000   -0.54131356
     3

O      -0.01421417    0.00000000    1.15057195
H       0.71866789    0.00000000    0.52429964
CL      -0.01421417    0.00000000   -0.54130488
     3

O      -0.01420674    0.00000000    1.15058063
H       0.71829261    0.00000000    0.52386074
CL      -0.01420674    0.00000000   -0.54129620
     3

O      -0.01419932    0.00000000    1.15058931
H       0.71791706    0.00000000    0.52342208
CL      -0.01419932    0.00000000   -0.54128752
     3

O      -0.01419188    0.00000000    1.15059798
H       0.71754124    0.00000000    0.52298364
CL      -0.01419188    0.00000000   -0.54127885
     3

O      -0.01418444    0.00000000    1.15060664
H       0.71716515    0.00000000    0.52254544
CL      -0.01418444    0.00000000   -0.54127018
     3

O      -0.01417700    0.00000000    1.15061531
H       0.71678880    0.00000000    0.52210746
CL      -0.01417700    0.00000000   -0.54126152
     3

O      -0.01416955    0.00000000    1.15062396
H       0.71641218    0.00000000    0.52166971
CL      -0.01416955    0.00000000   -0.54125286
     3

O      -0.01416210    0.00000000    1.15063262
H       0.71603529    0.00000000    0.52123220
CL      -0.01416210    0.00000000   -0.54124421
     3

O      -0.01415464    0.00000000    1.15064127
H       0.71565813    0.00000000    0.52079491
CL      -0.01415464    0.00000000   -0.54123556
     3

O      -0.01414717    0.00000000    1.15064991
H       0.71528071    0.00000000    0.52035786
CL      -0.01414717    0.00000000   -0.54122692
     3

O      -0.01413970    0.00000000    1.15065855
H       0.71490302    0.00000000    0.51992103
CL      -0.01413970    0.00000000   -0.54121828
     3

O      -0.01413223    0.00000000    1.15066719
H       0.71452507    0.00000000    0.51948444
CL      -0.01413223    0.00000000   -0.54120964
     3

O      -0.01412475    0.00000000    1.15067582
H       0.71414684    0.00000000    0.51904808
CL      -0.01412475    0.00000000   -0.54120101
     3

O      -0.01411726    0.00000000    1.15068444
H       0.71376835    0.00000000    0.51861194
CL      -0.01411726    0.00000000   -0.54119238
     3

O      -0.01410977    0.00000000    1.15069306
H       0.71338960    0.00000000    0.51817604
CL      -0.01410977    0.00000000   -0.54118376
     3

O      -0.01410227    0.00000000    1.15070168
H       0.71301058    0.00000000    0.51774037
CL      -0.01410227    0.00000000   -0.54117515
     3

O      -0.01409477    0.00000000    1.15071029
H       0.71263129    0.00000000    0.51730494
CL      -0.01409477    0.00000000   -0.54116653
     3

O      -0.01408726    0.00000000    1.15071890
H       0.71225173    0.00000000    0.51686973
CL      -0.01408726    0.00000000   -0.54115793
     3

O      -0.01407975    0.00000000    1.15072750
H       0.71187191    0.00000000    0.51643476
CL      -0.01407975    0.00000000   -0.54114932
     3

O      -0.01407223    0.00000000    1.15073610
H       0.71149183    0.00000000    0.51600001
CL      -0.01407223    0.00000000   -0.54114072
     3

O      -0.01406471    0.00000000    1.15074470
H       0.71111148    0.00000000    0.51556551
CL      -0.01406471    0.00000000   -0.54113213
     3

O      -0.01405718    0.00000000    1.15075329
H       0.71073086    0.00000000    0.51513123
CL      -0.01405718    0.00000000   -0.54112354
     3

O      -0.01404965    0.00000000    1.15076187
H       0.71034998    0.00000000    0.51469718
CL      -0.01404965    0.00000000   -0.54111496
     3

O      -0.01404211    0.00000000    1.15077045
H       0.70996883    0.00000000    0.51426337
CL      -0.01404211    0.00000000   -0.54110638
     3

O      -0.01403457    0.00000000    1.15077903
H       0.70958742    0.00000000    0.51382979
CL      -0.01403457    0.00000000   -0.54109780
     3

O      -0.01402702    0.00000000    1.15078760
H       0.70920575    0.00000000    0.51339645
CL      -0.01402702    0.00000000   -0.54108923
     3

O      -0.01401947    0.00000000    1.15079616
H       0.70882381    0.00000000    0.51296334
CL      -0.01401947    0.00000000   -0.54108066
     3

O      -0.01401191    0.00000000    1.15080472
H       0.70844160    0.00000000    0.51253046
CL      -0.01401191    0.00000000   -0.54107210
     3

O      -0.01400434    0.00000000    1.15081328
H       0.70805913    0.00000000    0.51209781
CL      -0.01400434    0.00000000   -0.54106354
     3

O      -0.01399677    0.00000000    1.15082183
H       0.70767640    0.00000000    0.51166540
CL      -0.01399677    0.00000000   -0.54105499
     3

O      -0.01398920    0.00000000    1.15083038
H       0.70729340    0.00000000    0.51123322
CL      -0.01398920    0.00000000   -0.54104644
     3

O      -0.01398162    0.00000000    1.15083893
H       0.70691014    0.00000000    0.51080128
CL      -0.01398162    0.00000000   -0.54103790
     3

O      -0.01397403    0.00000000    1.15084746
H       0.70652661    0.00000000    0.51036957
CL      -0.01397403    0.00000000   -0.54102936
     3

O      -0.01396644    0.00000000    1.15085600
H       0.70614282    0.00000000    0.50993809
CL      -0.01396644    0.00000000   -0.54102083
     3

O      -0.01395884    0.00000000    1.15086453
H       0.70575877    0.00000000    0.50950685
CL      -0.01395884    0.00000000   -0.54101230
     3

O      -0.01395124    0.00000000    1.15087305
H       0.70537445    0.00000000    0.50907584
CL      -0.01395124    0.00000000   -0.54100377
     3

O      -0.01394364    0.00000000    1.15088157
H       0.70498987    0.00000000    0.50864507
CL      -0.01394364    0.00000000   -0.54099525
     3

O      -0.01393602    0.00000000    1.15089009
H       0.70460503    0.00000000    0.50821454
CL      -0.01393602    0.00000000   -0.54098674
     3

O      -0.01392841    0.00000000    1.15089860
H       0.70421993    0.00000000    0.50778424
CL      -0.01392841    0.00000000   -0.54097823
     3

O      -0.01392079    0.00000000    1.15090710
H       0.70383456    0.00000000    0.50735417
CL      -0.01392079    0.00000000   -0.54096972
     3

O      -0.01391316    0.00000000    1.15091561
H       0.70344893    0.00000000    0.50692434
CL      -0.01391316    0.00000000   -0.54096122
     3

O      -0.01390553    0.00000000    1.15092410
H       0.70306303    0.00000000    0.50649475
CL      -0.01390553    0.00000000   -0.54095272
     3

O      -0.01389789    0.00000000    1.15093259
H       0.70267688    0.00000000    0.50606539
CL      -0.01389789    0.00000000   -0.54094423
     3

O      -0.01389025    0.00000000    1.15094108
H       0.70229046    0.00000000    0.50563626
CL      -0.01389025    0.00000000   -0.54093575
     3

O      -0.01388260    0.00000000    1.15094956
H       0.70190378    0.00000000    0.50520738
CL      -0.01388260    0.00000000   -0.54092726
     3

O      -0.01387494    0.00000000    1.15095804
H       0.70151684    0.00000000    0.50477873
CL      -0.01387494    0.00000000   -0.54091878
     3

O      -0.01386729    0.00000000    1.15096652
H       0.70112963    0.00000000    0.50435031
CL      -0.01386729    0.00000000   -0.54091031
     3

O      -0.01385962    0.00000000    1.15097498
H       0.70074217    0.00000000    0.50392214
CL      -0.01385962    0.00000000   -0.54090184
     3

O      -0.01385195    0.00000000    1.15098345
H       0.70035444    0.00000000    0.50349419
CL      -0.01385195    0.00000000   -0.54089338
     3

O      -0.01384428    0.00000000    1.15099191
H       0.69996645    0.00000000    0.50306649
CL      -0.01384428    0.00000000   -0.54088492
     3

O      -0.01383660    0.00000000    1.15100036
H       0.69957821    0.00000000    0.50263902
CL      -0.01383660    0.00000000   -0.54087646
     3

O      -0.01382892    0.00000000    1.15100881
H       0.69918970    0.00000000    0.50221179
CL      -0.01382892    0.00000000   -0.54086801
     3

O      -0.01382123    0.00000000    1.15101726
H       0.69880092    0.00000000    0.50178480
CL      -0.01382123    0.00000000   -0.54085957
     3

O      -0.01381353    0.00000000    1.15102570
H       0.69841189    0.00000000    0.50135805
CL      -0.01381353    0.00000000   -0.54085113
     3

O      -0.01380583    0.00000000    1.15103413
H       0.69802260    0.00000000    0.50093153
CL      -0.01380583    0.00000000   -0.54084269
     3

O      -0.01379813    0.00000000    1.15104257
H       0.69763305    0.00000000    0.50050525
CL      -0.01379813    0.00000000   -0.54083426
     3

O      -0.01379042    0.00000000    1.15105099
H       0.69724323    0.00000000    0.50007921
CL      -0.01379042    0.00000000   -0.54082583
     3

O      -0.01378270    0.00000000    1.15105941
H       0.69685316    0.00000000    0.49965341
CL      -0.01378270    0.00000000   -0.54081741
     3

O      -0.01377498    0.00000000    1.15106783
H       0.69646283    0.00000000    0.49922785
CL      -0.01377498    0.00000000   -0.54080900
     3

O      -0.01376726    0.00000000    1.15107624
H       0.69607223    0.00000000    0.49880252
CL      -0.01376726    0.00000000   -0.54080058
     3

O      -0.01375953    0.00000000    1.15108465
H       0.69568138    0.00000000    0.49837743
CL      -0.01375953    0.00000000   -0.54079218
     3

O      -0.01375179    0.00000000    1.15109305
H       0.69529027    0.00000000    0.49795258
CL      -0.01375179    0.00000000   -0.54078377
     3

O      -0.01374405    0.00000000    1.15110145
H       0.69489889    0.00000000    0.49752798
CL      -0.01374405    0.00000000   -0.54077538
     3

O      -0.01373631    0.00000000    1.15110984
H       0.69450726    0.00000000    0.49710361
CL      -0.01373631    0.00000000   -0.54076698
     3

O      -0.01372855    0.00000000    1.15111823
H       0.69411537    0.00000000    0.49667948
CL      -0.01372855    0.00000000   -0.54075859
     3

O      -0.01372080    0.00000000    1.15112662
H       0.69372322    0.00000000    0.49625558
CL      -0.01372080    0.00000000   -0.54075021
     3

O      -0.01371304    0.00000000    1.15113500
H       0.69333081    0.00000000    0.49583193
CL      -0.01371304    0.00000000   -0.54074183
     3

O      -0.01370527    0.00000000    1.15114337
H       0.69293815    0.00000000    0.49540852
CL      -0.01370527    0.00000000   -0.54073346
     3

O      -0.01369750    0.00000000    1.15115174
H       0.69254522    0.00000000    0.49498535
CL      -0.01369750    0.00000000   -0.54072509
     3

O      -0.01368972    0.00000000    1.15116011
H       0.69215203    0.00000000    0.49456242
CL      -0.01368972    0.00000000   -0.54071672
     3

O      -0.01368194    0.00000000    1.15116847
H       0.69175859    0.00000000    0.49413973
CL      -0.01368194    0.00000000   -0.54070836
     3

O      -0.01367415    0.00000000    1.15117682
H       0.69136489    0.00000000    0.49371727
CL      -0.01367415    0.00000000   -0.54070001
     3

O      -0.01366636    0.00000000    1.15118517
H       0.69097093    0.00000000    0.49329506
CL      -0.01366636    0.00000000   -0.54069165
     3

O      -0.01365857    0.00000000    1.15119352
H       0.69057672    0.00000000    0.49287309
CL      -0.01365857    0.00000000   -0.54068331
     3

O      -0.01365076    0.00000000    1.15120186
H       0.69018224    0.00000000    0.49245137
CL      -0.01365076    0.00000000   -0.54067497
     3

O      -0.01364296    0.00000000    1.15121020
H       0.68978751    0.00000000    0.49202988
CL      -0.01364296    0.00000000   -0.54066663
     3

O      -0.01363514    0.00000000    1.15121853
H       0.68939252    0.00000000    0.49160863
CL      -0.01363514    0.00000000   -0.54065830
     3

O      -0.01362733    0.00000000    1.15122685
H       0.68899727    0.00000000    0.49118763
CL      -0.01362733    0.00000000   -0.54064997
     3

O      -0.01361950    0.00000000    1.15123518
H       0.68860177    0.00000000    0.49076686
CL      -0.01361950    0.00000000   -0.54064165
     3

O      -0.01361168    0.00000000    1.15124349
H       0.68820601    0.00000000    0.49034634
CL      -0.01361168    0.00000000   -0.54063333
     3

O      -0.01360384    0.00000000    1.15125181
H       0.68780999    0.00000000    0.48992606
CL      -0.01360384    0.00000000   -0.54062502
     3

O      -0.01359601    0.00000000    1.15126011
H       0.68741372    0.00000000    0.48950602
CL      -0.01359601    0.00000000   -0.54061671
     3

O      -0.01358816    0.00000000    1.15126842
H       0.68701719    0.00000000    0.48908623
CL      -0.01358816    0.00000000   -0.54060841
     3

O      -0.01358032    0.00000000    1.15127671
H       0.68662040    0.00000000    0.48866667
CL      -0.01358032    0.00000000   -0.54060011
     3

O      -0.01357246    0.00000000    1.15128501
H       0.68622336    0.00000000    0.48824736
CL      -0.01357246    0.00000000   -0.54059182
     3

O      -0.01356460    0.00000000    1.15129330
H       0.68582606    0.00000000    0.48782829
CL      -0.01356460    0.00000000   -0.54058353
     3

O      -0.01355674    0.00000000    1.15130158
H       0.68542850    0.00000000    0.48740947
CL      -0.01355674    0.00000000   -0.54057525
     3

O      -0.01354887    0.00000000    1.15130986
H       0.68503069    0.00000000    0.48699088
CL      -0.01354887    0.00000000   -0.54056697
     3

O      -0.01354100    0.00000000    1.15131813
H       0.68463263    0.00000000    0.48657254
CL      -0.01354100    0.00000000   -0.54055869
     3

O      -0.01353312    0.00000000    1.15132640
H       0.68423430    0.00000000    0.48615445
CL      -0.01353312    0.00000000   -0.54055042
     3

O      -0.01352524    0.00000000    1.15133467
H       0.68383573    0.00000000    0.48573659
CL      -0.01352524    0.00000000   -0.54054216
     3

O      -0.01351735    0.00000000    1.15134293
H       0.68343689    0.00000000    0.48531898
CL      -0.01351735    0.00000000   -0.54053390
     3

O      -0.01350946    0.00000000    1.15135118
H       0.68303781    0.00000000    0.48490162
CL      -0.01350946    0.00000000   -0.54052564
     3

O      -0.01350156    0.00000000    1.15135943
H       0.68263846    0.00000000    0.48448450
CL      -0.01350156    0.00000000   -0.54051739
     3

O      -0.01349366    0.00000000    1.15136768
H       0.68223887    0.00000000    0.48406762
CL      -0.01349366    0.00000000   -0.54050915
     3

O      -0.01348575    0.00000000    1.15137592
H       0.68183902    0.00000000    0.48365098
CL      -0.01348575    0.00000000   -0.54050091
     3

O      -0.01347783    0.00000000    1.15138415
H       0.68143891    0.00000000    0.48323459
CL      -0.01347783    0.00000000   -0.54049267
     3

O      -0.01346991    0.00000000    1.15139238
H       0.68103855    0.00000000    0.48281845
CL      -0.01346991    0.00000000   -0.54048444
     3

O      -0.01346199    0.00000000    1.15140061
H       0.68063793    0.00000000    0.48240255
CL      -0.01346199    0.00000000   -0.54047622
     3

O      -0.01345406    0.00000000    1.15140883
H       0.68023707    0.00000000    0.48198689
CL      -0.01345406    0.00000000   -0.54046800
     3

O      -0.01344613    0.00000000    1.15141705
H       0.67983594    0.00000000    0.48157148
CL      -0.01344613    0.00000000   -0.54045978
     3

O      -0.01343819    0.00000000    1.15142526
H       0.67943457    0.00000000    0.48115632
CL      -0.01343819    0.00000000   -0.54045157
     3

O      -0.01343025    0.00000000    1.15143346
H       0.67903294    0.00000000    0.48074140
CL      -0.01343025    0.00000000   -0.54044336
     3

O      -0.01342230    0.00000000    1.15144167
H       0.67863105    0.00000000    0.48032672
CL      -0.01342230    0.00000000   -0.54043516
     3

O      -0.01341434    0.00000000    1.15144986
H       0.67822892    0.00000000    0.47991229
CL      -0.01341434    0.00000000   -0.54042696
     3

O      -0.01340639    0.00000000    1.15145805
H       0.67782653    0.00000000    0.47949811
CL      -0.01340639    0.00000000   -0.54041877
     3

O      -0.01339842    0.00000000    1.15146624
H       0.67742389    0.00000000    0.47908417
CL      -0.01339842    0.00000000   -0.54041058
     3

O      -0.01339045    0.00000000    1.15147442
H       0.67702099    0.00000000    0.47867048
CL      -0.01339045    0.00000000   -0.54040240
     3

O      -0.01338248    0.00000000    1.15148260
H       0.67661784    0.00000000    0.47825703
CL      -0.01338248    0.00000000   -0.54039423
     3

O      -0.01337450    0.00000000    1.15149077
H       0.67621444    0.00000000    0.47784383
CL      -0.01337450    0.00000000   -0.54038605
     3

O      -0.01336652    0.00000000    1.15149894
H       0.67581079    0.00000000    0.47743088
CL      -0.01336652    0.00000000   -0.54037789
     3

O      -0.01335853    0.00000000    1.15150710
H       0.67540689    0.00000000    0.47701818
CL      -0.01335853    0.00000000   -0.54036972
     3

O      -0.01335054    0.00000000    1.15151526
H       0.67500273    0.00000000    0.47660572
CL      -0.01335054    0.00000000   -0.54036156
     3

O      -0.01334254    0.00000000    1.15152341
H       0.67459832    0.00000000    0.47619351
CL      -0.01334254    0.00000000   -0.54035341
     3

O      -0.01333453    0.00000000    1.15153156
H       0.67419366    0.00000000    0.47578154
CL      -0.01333453    0.00000000   -0.54034526
     3

O      -0.01332652    0.00000000    1.15153971
H       0.67378875    0.00000000    0.47536982
CL      -0.01332652    0.00000000   -0.54033712
     3

O      -0.01331851    0.00000000    1.15154784
H       0.67338359    0.00000000    0.47495835
CL      -0.01331851    0.00000000   -0.54032898
     3

O      -0.01331049    0.00000000    1.15155598
H       0.67297817    0.00000000    0.47454713
CL      -0.01331049    0.00000000   -0.54032085
     3

O      -0.01330247    0.00000000    1.15156411
H       0.67257251    0.00000000    0.47413615
CL      -0.01330247    0.00000000   -0.54031272
     3

O      -0.01329444    0.00000000    1.15157223
H       0.67216659    0.00000000    0.47372543
CL      -0.01329444    0.00000000   -0.54030460
     3

O      -0.01328641    0.00000000    1.15158035
H       0.67176042    0.00000000    0.47331495
CL      -0.01328641    0.00000000   -0.54029648
     3

O      -0.01327837    0.00000000    1.15158846
H       0.67135400    0.00000000    0.47290472
CL      -0.01327837    0.00000000   -0.54028836
     3

O      -0.01327033    0.00000000    1.15159657
H       0.67094733    0.00000000    0.47249473
CL      -0.01327033    0.00000000   -0.54028026
     3

O      -0.01326228    0.00000000    1.15160468
H       0.67054042    0.00000000    0.47208500
CL      -0.01326228    0.00000000   -0.54027215
     3

O      -0.01325422    0.00000000    1.15161277
H       0.67013325    0.00000000    0.47167551
CL      -0.01325422    0.00000000   -0.54026405
     3

O      -0.01324617    0.00000000    1.15162087
H       0.66972583    0.00000000    0.47126628
CL      -0.01324617    0.00000000   -0.54025596
     3

O      -0.01323810    0.00000000    1.15162896
H       0.66931816    0.00000000    0.47085729
CL      -0.01323810    0.00000000   -0.54024787
     3

O      -0.01323004    0.00000000    1.15163704
H       0.66891024    0.00000000    0.47044855
CL      -0.01323004    0.00000000   -0.54023979
     3

O      -0.01322196    0.00000000    1.15164512
H       0.66850207    0.00000000    0.47004006
CL      -0.01322196    0.00000000   -0.54023171
     3

O      -0.01321388    0.00000000    1.15165320
H       0.66809365    0.00000000    0.46963182
CL      -0.01321388    0.00000000   -0.54022363
     3

O      -0.01320580    0.00000000    1.15166126
H       0.66768498    0.00000000    0.46922383
CL      -0.01320580    0.00000000   -0.54021556
     3

O      -0.01319771    0.00000000    1.15166933
H       0.66727607    0.00000000    0.46881609
CL      -0.01319771    0.00000000   -0.54020750
     3

O      -0.01318962    0.00000000    1.15167739
H       0.66686690    0.00000000    0.46840860
CL      -0.01318962    0.00000000   -0.54019944
     3

O      -0.01318152    0.00000000    1.15168544
H       0.66645749    0.00000000    0.46800136
CL      -0.01318152    0.00000000   -0.54019138
     3

O      -0.01317342    0.00000000    1.15169349
H       0.66604782    0.00000000    0.46759437
CL      -0.01317342    0.00000000   -0.54018333
     3

O      -0.01316531    0.00000000    1.15170154
H       0.66563791    0.00000000    0.46718763
CL      -0.01316531    0.00000000   -0.54017529
     3

O      -0.01315720    0.00000000    1.15170958
H       0.66522775    0.00000000    0.46678114
CL      -0.01315720    0.00000000   -0.54016725
     3

O      -0.01314908    0.00000000    1.15171761
H       0.66481734    0.00000000    0.46637490
CL      -0.01314908    0.00000000   -0.54015921
     3

O      -0.01314096    0.00000000    1.15172564
H       0.66440669    0.00000000    0.46596891
CL      -0.01314096    0.00000000   -0.54015118
     3

O      -0.01313283    0.00000000    1.15173367
H       0.66399578    0.00000000    0.46556317
CL      -0.01313283    0.00000000   -0.54014316
     3

O      -0.01312470    0.00000000    1.15174169
H       0.66358463    0.00000000    0.46515769
CL      -0.01312470    0.00000000   -0.54013514
     3

O      -0.01311657    0.00000000    1.15174970
H       0.66317323    0.00000000    0.46475245
CL      -0.01311657    0.00000000   -0.54012712
     3

O      -0.01310842    0.00000000    1.15175771
H       0.66276158    0.00000000    0.46434747
CL      -0.01310842    0.00000000   -0.54011911
     3

O      -0.01310028    0.00000000    1.15176572
H       0.66234969    0.00000000    0.46394274
CL      -0.01310028    0.00000000   -0.54011111
     3

O      -0.01309213    0.00000000    1.15177372
H       0.66193755    0.00000000    0.46353826
CL      -0.01309213    0.00000000   -0.54010311
     3

O      -0.01308397    0.00000000    1.15178171
H       0.66152516    0.00000000    0.46313403
CL      -0.01308397    0.00000000   -0.54009511
     3

O      -0.01307581    0.00000000    1.15178970
H       0.66111252    0.00000000    0.46273005
CL      -0.01307581    0.00000000   -0.54008712
     3

O      -0.01306764    0.00000000    1.15179769
H       0.66069964    0.00000000    0.46232633
CL      -0.01306764    0.00000000   -0.54007914
     3

O      -0.01305947    0.00000000    1.15180567
H       0.66028651    0.00000000    0.46192285
CL      -0.01305947    0.00000000   -0.54007116
     3

O      -0.01305130    0.00000000    1.15181364
H       0.65987314    0.00000000    0.46151963
CL      -0.01305130    0.00000000   -0.54006318
     3

O      -0.01304311    0.00000000    1.15182161
H       0.65945952    0.00000000    0.46111667
CL      -0.01304311    0.00000000   -0.54005521
     3

O      -0.01303493    0.00000000    1.15182958
H       0.65904565    0.00000000    0.46071395
CL      -0.01303493    0.00000000   -0.54004725
     3

O      -0.01302674    0.00000000    1.15183754
H       0.65863154    0.00000000    0.46031149
CL      -0.01302674    0.00000000   -0.54003929
     3

O      -0.01301854    0.00000000    1.15184549
H       0.65821718    0.00000000    0.45990928
CL      -0.01301854    0.00000000   -0.54003133
     3

O      -0.01301034    0.00000000    1.15185344
H       0.65780257    0.00000000    0.45950733
CL      -0.01301034    0.00000000   -0.54002338
     3

O      -0.01300214    0.00000000    1.15186139
H       0.65738772    0.00000000    0.45910562
CL      -0.01300214    0.00000000   -0.54001544
     3

O      -0.01299393    0.00000000    1.15186933
H       0.65697263    0.00000000    0.45870418
CL      -0.01299393    0.00000000   -0.54000750
     3

O      -0.01298571    0.00000000    1.15187726
H       0.65655729    0.00000000    0.45830298
CL      -0.01298571    0.00000000   -0.53999956
     3

O      -0.01297749    0.00000000    1.15188519
H       0.65614170    0.00000000    0.45790204
CL      -0.01297749    0.00000000   -0.53999163
     3

O      -0.01296927    0.00000000    1.15189312
H       0.65572587    0.00000000    0.45750135
CL      -0.01296927    0.00000000   -0.53998371
     3

O      -0.01296104    0.00000000    1.15190104
H       0.65530980    0.00000000    0.45710092
CL      -0.01296104    0.00000000   -0.53997579
     3

O      -0.01295280    0.00000000    1.15190895
H       0.65489348    0.00000000    0.45670074
CL      -0.01295280    0.00000000   -0.53996787
     3

O      -0.01294457    0.00000000    1.15191686
H       0.65447691    0.00000000    0.45630082
CL      -0.01294457    0.00000000   -0.53995996
     3

O      -0.01293632    0.00000000    1.15192477
H       0.65406010    0.00000000    0.45590115
CL      -0.01293632    0.00000000   -0.53995206
     3

O      -0.01292807    0.00000000    1.15193267
H       0.65364305    0.00000000    0.45550173
CL      -0.01292807    0.00000000   -0.53994416
     3

O      -0.01291982    0.00000000    1.15194056
H       0.65322575    0.00000000    0.45510257
CL      -0.01291982    0.00000000   -0.53993626
     3

O      -0.01291156    0.00000000    1.15194845
H       0.65280821    0.00000000    0.45470367
CL      -0.01291156    0.00000000   -0.53992838
     3

O      -0.01290330    0.00000000    1.15195634
H       0.65239043    0.00000000    0.45430502
CL      -0.01290330    0.00000000   -0.53992049
     3

O      -0.01289503    0.00000000    1.15196422
H       0.65197240    0.00000000    0.45390662
CL      -0.01289503    0.00000000   -0.53991261
     3

O      -0.01288676    0.00000000    1.15197209
H       0.65155413    0.00000000    0.45350848
CL      -0.01288676    0.00000000   -0.53990474
     3

O      -0.01287848    0.00000000    1.15197996
H       0.65113562    0.00000000    0.45311060
CL      -0.01287848    0.00000000   -0.53989687
     3

O      -0.01287020    0.00000000    1.15198782
H       0.65071686    0.00000000    0.45271297
CL      -0.01287020    0.00000000   -0.53988900
     3

O      -0.01286191    0.00000000    1.15199568
H       0.65029786    0.00000000    0.45231560
CL      -0.01286191    0.00000000   -0.53988114
     3

O      -0.01285362    0.00000000    1.15200354
H       0.64987862    0.00000000    0.45191848
CL      -0.01285362    0.00000000   -0.53987329
     3

O      -0.01284532    0.00000000    1.15201139
H       0.64945914    0.00000000    0.45152162
CL      -0.01284532    0.00000000   -0.53986544
     3

O      -0.01283702    0.00000000    1.15201923
H       0.64903941    0.00000000    0.45112502
CL      -0.01283702    0.00000000   -0.53985759
     3

O      -0.01282871    0.00000000    1.15202707
H       0.64861944    0.00000000    0.45072867
CL      -0.01282871    0.00000000   -0.53984976
     3

O      -0.01282040    0.00000000    1.15203491
H       0.64819923    0.00000000    0.45033258
CL      -0.01282040    0.00000000   -0.53984192
     3

O      -0.01281209    0.00000000    1.15204273
H       0.64777878    0.00000000    0.44993674
CL      -0.01281209    0.00000000   -0.53983409
     3

O      -0.01280377    0.00000000    1.15205056
H       0.64735808    0.00000000    0.44954117
CL      -0.01280377    0.00000000   -0.53982627
     3

O      -0.01279544    0.00000000    1.15205838
H       0.64693715    0.00000000    0.44914585
CL      -0.01279544    0.00000000   -0.53981845
     3

O      -0.01278711    0.00000000    1.15206619
H       0.64651597    0.00000000    0.44875078
CL      -0.01278711    0.00000000   -0.53981064
     3

O      -0.01277878    0.00000000    1.15207400
H       0.64609455    0.00000000    0.44835598
CL      -0.01277878    0.00000000   -0.53980283
     3

O      -0.01277044    0.00000000    1.15208180
H       0.64567289    0.00000000    0.44796143
CL      -0.01277044    0.00000000   -0.53979502
     3

O      -0.01276209    0.00000000    1.15208960
H       0.64525099    0.00000000    0.44756714
CL      -0.01276209    0.00000000   -0.53978723
     3

O      -0.01275374    0.00000000    1.15209739
H       0.64482885    0.00000000    0.44717311
CL      -0.01275374    0.00000000   -0.53977943
     3

O      -0.01274539    0.00000000    1.15210518
H       0.64440647    0.00000000    0.44677933
CL      -0.01274539    0.00000000   -0.53977164
     3

O      -0.01273703    0.00000000    1.15211297
H       0.64398384    0.00000000    0.44638582
CL      -0.01273703    0.00000000   -0.53976386
     3

O      -0.01272867    0.00000000    1.15212074
H       0.64356098    0.00000000    0.44599256
CL      -0.01272867    0.00000000   -0.53975608
     3

O      -0.01272030    0.00000000    1.15212852
H       0.64313788    0.00000000    0.44559956
CL      -0.01272030    0.00000000   -0.53974831
     3

O      -0.01271192    0.00000000    1.15213628
H       0.64271453    0.00000000    0.44520682
CL      -0.01271192    0.00000000   -0.53974054
     3

O      -0.01270355    0.00000000    1.15214405
H       0.64229095    0.00000000    0.44481433
CL      -0.01270355    0.00000000   -0.53973278
     3

O      -0.01269516    0.00000000    1.15215181
H       0.64186713    0.00000000    0.44442211
CL      -0.01269516    0.00000000   -0.53972502
     3

O      -0.01268678    0.00000000    1.15215956
H       0.64144306    0.00000000    0.44403015
CL      -0.01268678    0.00000000   -0.53971727
     3

O      -0.01267838    0.00000000    1.15216731
H       0.64101876    0.00000000    0.44363844
CL      -0.01267838    0.00000000   -0.53970952
     3

O      -0.01266999    0.00000000    1.15217505
H       0.64059422    0.00000000    0.44324699
CL      -0.01266999    0.00000000   -0.53970178
     3

O      -0.01266159    0.00000000    1.15218278
H       0.64016944    0.00000000    0.44285581
CL      -0.01266159    0.00000000   -0.53969404
     3

O      -0.01265318    0.00000000    1.15219052
H       0.63974442    0.00000000    0.44246488
CL      -0.01265318    0.00000000   -0.53968631
     3

O      -0.01264477    0.00000000    1.15219824
H       0.63931917    0.00000000    0.44207421
CL      -0.01264477    0.00000000   -0.53967858
     3

O      -0.01263635    0.00000000    1.15220596
H       0.63889367    0.00000000    0.44168380
CL      -0.01263635    0.00000000   -0.53967086
     3

O      -0.01262793    0.00000000    1.15221368
H       0.63846794    0.00000000    0.44129366
CL      -0.01262793    0.00000000   -0.53966315
     3

O      -0.01261951    0.00000000    1.15222139
H       0.63804196    0.00000000    0.44090377
CL      -0.01261951    0.00000000   -0.53965543
     3

O      -0.01261108    0.00000000    1.15222910
H       0.63761575    0.00000000    0.44051414
CL      -0.01261108    0.00000000   -0.53964773
     3

O      -0.01260264    0.00000000    1.15223680
H       0.63718930    0.00000000    0.44012477
CL      -0.01260264    0.00000000   -0.53964003
     3

O      -0.01259420    0.00000000    1.15224450
H       0.63676262    0.00000000    0.43973567
CL      -0.01259420    0.00000000   -0.53963233
     3

O      -0.01258576    0.00000000    1.15225219
H       0.63633569    0.00000000    0.43934682
CL      -0.01258576    0.00000000   -0.53962464
     3

O      -0.01257731    0.00000000    1.15225987
H       0.63590853    0.00000000    0.43895824
CL      -0.01257731    0.00000000   -0.53961695
     3

O      -0.01256886    0.00000000    1.15226755
H       0.63548113    0.00000000    0.43856991
CL      -0.01256886    0.00000000   -0.53960927
     3

O      -0.01256040    0.00000000    1.15227523
H       0.63505350    0.00000000    0.43818185
CL      -0.01256040    0.00000000   -0.53960160
     3

O      -0.01255194    0.00000000    1.15228290
H       0.63462562    0.00000000    0.43779405
CL      -0.01255194    0.00000000   -0.53959393
     3

O      -0.01254347    0.00000000    1.15229056
H       0.63419751    0.00000000    0.43740651
CL      -0.01254347    0.00000000   -0.53958626
     3

O      -0.01253500    0.00000000    1.15229822
H       0.63376917    0.00000000    0.43701923
CL      -0.01253500    0.00000000   -0.53957860
     3

O      -0.01252652    0.00000000    1.15230588
H       0.63334058    0.00000000    0.43663221
CL      -0.01252652    0.00000000   -0.53957095
     3

O      -0.01251804    0.00000000    1.15231353
H       0.63291177    0.00000000    0.43624546
CL      -0.01251804    0.00000000   -0.53956330
     3

O      -0.01250955    0.00000000    1.15232117
H       0.63248271    0.00000000    0.43585897
CL      -0.01250955    0.00000000   -0.53955566
     3

O      -0.01250106    0.00000000    1.15232881
H       0.63205342    0.00000000    0.43547274
CL      -0.01250106    0.00000000   -0.53954802
     3

O      -0.01249257    0.00000000    1.15233644
H       0.63162389    0.00000000    0.43508677
CL      -0.01249257    0.00000000   -0.53954038
     3

O      -0.01248407    0.00000000    1.15234407
H       0.63119413    0.00000000    0.43470106
CL      -0.01248407    0.00000000   -0.53953275
     3

O      -0.01247556    0.00000000    1.15235170
H       0.63076413    0.00000000    0.43431562
CL      -0.01247556    0.00000000   -0.53952513
     3

O      -0.01246705    0.00000000    1.15235931
H       0.63033390    0.00000000    0.43393044
CL      -0.01246705    0.00000000   -0.53951751
     3

O      -0.01245854    0.00000000    1.15236693
H       0.62990343    0.00000000    0.43354552
CL      -0.01245854    0.00000000   -0.53950990
     3

O      -0.01245002    0.00000000    1.15237454
H       0.62947272    0.00000000    0.43316087
CL      -0.01245002    0.00000000   -0.53950229
     3

O      -0.01244150    0.00000000    1.15238214
H       0.62904178    0.00000000    0.43277647
CL      -0.01244150    0.00000000   -0.53949469
     3

O      -0.01243297    0.00000000    1.15238974
H       0.62861061    0.00000000    0.43239235
CL      -0.01243297    0.00000000   -0.53948709
     3

O      -0.01242444    0.00000000    1.15239733
H       0.62817920    0.00000000    0.43200848
CL      -0.01242444    0.00000000   -0.53947950
     3

O      -0.01241590    0.00000000    1.15240492
H       0.62774756    0.00000000    0.43162488
CL      -0.01241590    0.00000000   -0.53947191
     3

O      -0.01240736    0.00000000    1.15241250
H       0.62731568    0.00000000    0.43124154
CL      -0.01240736    0.00000000   -0.53946433
     3

O      -0.01239881    0.00000000    1.15242007
H       0.62688357    0.00000000    0.43085847
CL      -0.01239881    0.00000000   -0.53945675
     3

O      -0.01239026    0.00000000    1.15242764
H       0.62645123    0.00000000    0.43047566
CL      -0.01239026    0.00000000   -0.53944918
     3

O      -0.01238170    0.00000000    1.15243521
H       0.62601865    0.00000000    0.43009312
CL      -0.01238170    0.00000000   -0.53944162
     3

O      -0.01237314    0.00000000    1.15244277
H       0.62558583    0.00000000    0.42971083
CL      -0.01237314    0.00000000   -0.53943405
     3

O      -0.01236458    0.00000000    1.15245033
H       0.62515279    0.00000000    0.42932882
CL      -0.01236458    0.00000000   -0.53942650
     3

O      -0.01235601    0.00000000    1.15245788
H       0.62471951    0.00000000    0.42894707
CL      -0.01235601    0.00000000   -0.53941895
     3

O      -0.01234744    0.00000000    1.15246542
H       0.62428600    0.00000000    0.42856558
CL      -0.01234744    0.00000000   -0.53941140
     3

O      -0.01233886    0.00000000    1.15247296
H       0.62385225    0.00000000    0.42818436
CL      -0.01233886    0.00000000   -0.53940386
     3

O      -0.01233027    0.00000000    1.15248050
H       0.62341827    0.00000000    0.42780340
CL      -0.01233027    0.00000000   -0.53939633
     3

O      -0.01232168    0.00000000    1.15248803
H       0.62298406    0.00000000    0.42742271
CL      -0.01232168    0.00000000   -0.53938880
     3

O      -0.01231309    0.00000000    1.15249555
H       0.62254962    0.00000000    0.42704228
CL      -0.01231309    0.00000000   -0.53938127
     3

O      -0.01230450    0.00000000    1.15250307
H       0.62211495    0.00000000    0.42666212
CL      -0.01230450    0.00000000   -0.53937376
     3

O      -0.01229589    0.00000000    1.15251058
H       0.62168004    0.00000000    0.42628222
CL      -0.01229589    0.00000000   -0.53936624
     3

O      -0.01228729    0.00000000    1.15251809
H       0.62124490    0.00000000    0.42590259
CL      -0.01228729    0.00000000   -0.53935873
     3

O      -0.01227868    0.00000000    1.15252560
H       0.62080953    0.00000000    0.42552323
CL      -0.01227868    0.00000000   -0.53935123
     3

O      -0.01227006    0.00000000    1.15253309
H       0.62037392    0.00000000    0.42514413
CL      -0.01227006    0.00000000   -0.53934373
     3

O      -0.01226144    0.00000000    1.15254059
H       0.61993809    0.00000000    0.42476530
CL      -0.01226144    0.00000000   -0.53933624
     3

O      -0.01225282    0.00000000    1.15254807
H       0.61950202    0.00000000    0.42438674
CL      -0.01225282    0.00000000   -0.53932875
     3

O      -0.01224419    0.00000000    1.15255556
H       0.61906573    0.00000000    0.42400844
CL      -0.01224419    0.00000000   -0.53932127
     3

O      -0.01223555    0.00000000    1.15256303
H       0.61862920    0.00000000    0.42363040
CL      -0.01223555    0.00000000   -0.53931379
     3

O      -0.01222691    0.00000000    1.15257051
H       0.61819244    0.00000000    0.42325264
CL      -0.01222691    0.00000000   -0.53930632
     3

O      -0.01221827    0.00000000    1.15257797
H       0.61775545    0.00000000    0.42287514
CL      -0.01221827    0.00000000   -0.53929885
     3

O      -0.01220962    0.00000000    1.15258543
H       0.61731823    0.00000000    0.42249791
CL      -0.01220962    0.00000000   -0.53929139
     3

O      -0.01220097    0.00000000    1.15259289
H       0.61688078    0.00000000    0.42212094
CL      -0.01220097    0.00000000   -0.53928394
     3

O      -0.01219231    0.00000000    1.15260034
H       0.61644310    0.00000000    0.42174425
CL      -0.01219231    0.00000000   -0.53927649
     3

O      -0.01218365    0.00000000    1.15260778
H       0.61600519    0.00000000    0.42136782
CL      -0.01218365    0.00000000   -0.53926904
     3

O      -0.01217499    0.00000000    1.15261522
H       0.61556705    0.00000000    0.42099165
CL      -0.01217499    0.00000000   -0.53926160
     3

O      -0.01216632    0.00000000    1.15262266
H       0.61512868    0.00000000    0.42061576
CL      -0.01216632    0.00000000   -0.53925417
     3

O      -0.01215764    0.00000000    1.15263009
H       0.61469008    0.00000000    0.42024013
CL      -0.01215764    0.00000000   -0.53924674
     3

O      -0.01214896    0.00000000    1.15263751
H       0.61425125    0.00000000    0.41986477
CL      -0.01214896    0.00000000   -0.53923931
     3

O      -0.01214028    0.00000000    1.15264493
H       0.61381219    0.00000000    0.41948968
CL      -0.01214028    0.00000000   -0.53923190
     3

O      -0.01213159    0.00000000    1.15265234
H       0.61337290    0.00000000    0.41911486
CL      -0.01213159    0.00000000   -0.53922448
     3

O      -0.01212290    0.00000000    1.15265975
H       0.61293339    0.00000000    0.41874031
CL      -0.01212290    0.00000000   -0.53921707
     3

O      -0.01211420    0.00000000    1.15266716
H       0.61249364    0.00000000    0.41836602
CL      -0.01211420    0.00000000   -0.53920967
     3

O      -0.01210550    0.00000000    1.15267455
H       0.61205367    0.00000000    0.41799200
CL      -0.01210550    0.00000000   -0.53920227
     3

O      -0.01209679    0.00000000    1.15268195
H       0.61161347    0.00000000    0.41761826
CL      -0.01209679    0.00000000   -0.53919488
     3

O      -0.01208808    0.00000000    1.15268933
H       0.61117304    0.00000000    0.41724478
CL      -0.01208808    0.00000000   -0.53918749
     3

O      -0.01207936    0.00000000    1.15269671
H       0.61073238    0.00000000    0.41687157
CL      -0.01207936    0.00000000   -0.53918011
     3

O      -0.01207064    0.00000000    1.15270409
H       0.61029149    0.00000000    0.41649863
CL      -0.01207064    0.00000000   -0.53917274
     3

O      -0.01206192    0.00000000    1.15271146
H       0.60985038    0.00000000    0.41612596
CL      -0.01206192    0.00000000   -0.53916537
     3

O      -0.01205319    0.00000000    1.15271883
H       0.60940904    0.00000000    0.41575355
CL      -0.01205319    0.00000000   -0.53915800
     3

O      -0.01204446    0.00000000    1.15272619
H       0.60896747    0.00000000    0.41538142
CL      -0.01204446    0.00000000   -0.53915064
     3

O      -0.01203572    0.00000000    1.15273354
H       0.60852567    0.00000000    0.41500956
CL      -0.01203572    0.00000000   -0.53914329
     3

O      -0.01202698    0.00000000    1.15274089
H       0.60808365    0.00000000    0.41463797
CL      -0.01202698    0.00000000   -0.53913594
     3

O      -0.01201823    0.00000000    1.15274823
H       0.60764140    0.00000000    0.41426665
CL      -0.01201823    0.00000000   -0.53912859
ML_b0_XY2/end
MLequilibrium_xyz_1d/end
FLsetMolecule/end

FLinitilize_Kinetic/start
Molecular parameters:
Masses:       15.9905946200        1.0078250322       34.9650126226
Equilibrium bond lengths            0.96401925        1.69187683
Equilibrium interbond angles      102.68006568
Equilibrium dihedral angles

a0 matrix (equilibrium cartesian coordinates in the xyz-system):
       -0.01824104        0.00000000        1.13432134
        0.92226671        0.00000000        1.34593010
       -0.01824104        0.00000000       -0.55755549
Molecular is linear lying along    3 axis
    2-points central finite difference formula is used.
 Optimal spacing / actual spacing :     0.10000000D-02    0.42507352D-03
 Estimation for the finite differences computational error:     0.42507352D-03
Compacting the kinetic energy matrices into a sparse representation ...
... done!

Store Amat and Bmat objects (sparse) ...

Store all objects as ASCII ...


 Memory Report:
 Active Arrays                                        size (Gb)
 trove%Amatrho                                         0.1610E-02                
 trove%dAmatrho                                        0.4829E-02                
 trove%Bmatrho                                         0.1610E-02                
 trove%dBmatrho                                        0.3219E-02                
 trove%b0                                              0.5366E-03                
 trove%db0                                             0.1610E-02                
 trove%qwforce                                         0.5366E-03                
 g_vib                                                 0.1789E-03                
 g_rot                                                 0.1789E-03                
 g_cor                                                 0.1789E-03                
 pseudo                                                0.1789E-03                
 Total memory   =                                     0.01365478 Gb
 Maximal memory =                                     0.02409103 Gb (          1300.0)

 (       17 arrays contributing less than 1% are not shown)


              Timing data at 2025/12/14 00:43:59

                                            Total time (seconds)  Self time (seconds)
 Timer                               Calls  --------------------  -------------------
 -----                               -----       Real       CPU        Real       CPU

 TROVE                          *       1.        1.5      16.1         0.1       0.1
 Kinetic                                1.        1.3      16.0         1.0      13.9
 FLcheck_point_Hamiltonian              1.        0.3       2.1         0.3       2.1

 (  2 timers contributing less than 1% are not shown)

FLinitilize_Kinetic/end

FLinitilize_Potential/start
  Default expansion with finite diff, extended to N+1 with (N+1)s terms set to zero
generated step-left :      0.001000      0.001000
generated step-right:      0.001000      0.001000

Number of different types of finite diff. points :       8
       1 ->    0   0   0
       2 ->    1   0   0
       3 ->    0   1   0
       4 ->    1   1   0
       5 ->    0   0   1
       6 ->    1   0   1
       7 ->    0   1   1
       8 ->    1   1   1

Store all objects as ASCII ...

              Timing data at 2025/12/14 00:44:02

                                            Total time (seconds)  Self time (seconds)
 Timer                               Calls  --------------------  -------------------
 -----                               -----       Real       CPU        Real       CPU

 TROVE                          *       1.        4.9      61.2         0.1       0.1
 Kinetic                                1.        1.3      16.0         1.0      13.9
 FLcheck_point_Hamiltonian              2.        0.7       4.6         0.7       4.6
 Potential                              1.        3.4      45.0         3.1      42.5

 (  2 timers contributing less than 1% are not shown)



 Memory Report:
 Active Arrays                                        size (Gb)
 trove%Amatrho                                         0.1610E-02                
 trove%dAmatrho                                        0.4829E-02                
 trove%Bmatrho                                         0.1610E-02                
 trove%dBmatrho                                        0.3219E-02                
 trove%b0                                              0.5366E-03                
 trove%db0                                             0.1610E-02                
 trove%qwforce                                         0.5366E-03                
 g_vib                                                 0.1789E-03                
 g_rot                                                 0.1789E-03                
 g_cor                                                 0.1789E-03                
 pseudo                                                0.1789E-03                
 poten                                                 0.2683E-02                
 Total memory   =                                     0.01633849 Gb
 Maximal memory =                                     0.02409103 Gb (          1300.0)

 (       19 arrays contributing less than 1% are not shown)

FLinitilize_Potential/end

Store all objects defining the Hamiltonian...

Initilizing the basis set ...
1d basis set, species    1 for the modes     1
1d basis set, species    2 for the modes     2
1d basis set, species    3 for the modes     3

FLbset1DNew/start

Numerov matrix elements calculations
vmax        =       18
maxorder    =        8
icoord      =    1
rho_b (x)   =      -0.3400      2.5000
rhostep (x) =       0.0014
grid values (i,rho,rho_kinet,rho_poten,poten, mu_rr, f): 
       0     -0.340000     -0.340000     -0.759440   58754.9       35.5619      0.107433E-28
       2     -0.337160     -0.337160     -0.751156   57277.2       35.5619      0.107433E-28
       4     -0.334320     -0.334320     -0.742912   55828.8       35.5619      0.107433E-28
       6     -0.331480     -0.331480     -0.734705   54409.1       35.5619      0.107433E-28
       8     -0.328640     -0.328640     -0.726538   53017.9       35.5619      0.107433E-28
      10     -0.325800     -0.325800     -0.718409   51654.8       35.5619      0.107433E-28
      12     -0.322960     -0.322960     -0.710318   50319.3       35.5619      0.107433E-28
      14     -0.320120     -0.320120     -0.702266   49011.0       35.5619      0.107433E-28
      16     -0.317280     -0.317280     -0.694251   47729.6       35.5619      0.107433E-28
      18     -0.314440     -0.314440     -0.686274   46474.6       35.5619      0.107433E-28
      20     -0.311600     -0.311600     -0.678335   45245.8       35.5619      0.107433E-28
      22     -0.308760     -0.308760     -0.670433   44042.5       35.5619      0.107433E-28
      24     -0.305920     -0.305920     -0.662568   42864.5       35.5619      0.107433E-28
      26     -0.303080     -0.303080     -0.654740   41711.3       35.5619      0.107433E-28
      28     -0.300240     -0.300240     -0.646949   40582.6       35.5619      0.107433E-28
      30     -0.297400     -0.297400     -0.639195   39477.9       35.5619      0.107433E-28
      32     -0.294560     -0.294560     -0.631477   38396.8       35.5619      0.107433E-28
      34     -0.291720     -0.291720     -0.623796   37338.9       35.5619      0.107433E-28
      36     -0.288880     -0.288880     -0.616150   36303.9       35.5619      0.107433E-28
      38     -0.286040     -0.286040     -0.608541   35291.4       35.5619      0.107433E-28
      40     -0.283200     -0.283200     -0.600968   34300.9       35.5619      0.107433E-28
      42     -0.280360     -0.280360     -0.593430   33332.0       35.5619      0.107433E-28
      44     -0.277520     -0.277520     -0.585928   32384.5       35.5619      0.107433E-28
      46     -0.274680     -0.274680     -0.578461   31457.9       35.5619      0.107433E-28
      48     -0.271840     -0.271840     -0.571029   30551.8       35.5619      0.107433E-28
      50     -0.269000     -0.269000     -0.563632   29666.0       35.5619      0.107433E-28
      52     -0.266160     -0.266160     -0.556270   28799.9       35.5619      0.107433E-28
      54     -0.263320     -0.263320     -0.548943   27953.3       35.5619      0.107433E-28
      56     -0.260480     -0.260480     -0.541650   27125.8       35.5619      0.107433E-28
      58     -0.257640     -0.257640     -0.534391   26317.1       35.5619      0.107433E-28
      60     -0.254800     -0.254800     -0.527167   25526.8       35.5619      0.107433E-28
      62     -0.251960     -0.251960     -0.519977   24754.6       35.5619      0.107433E-28
      64     -0.249120     -0.249120     -0.512820   24000.1       35.5619      0.107433E-28
      66     -0.246280     -0.246280     -0.505698   23263.1       35.5619      0.107433E-28
      68     -0.243440     -0.243440     -0.498608   22543.2       35.5619      0.107433E-28
      70     -0.240600     -0.240600     -0.491553   21840.0       35.5619      0.107433E-28
      72     -0.237760     -0.237760     -0.484530   21153.3       35.5619      0.107433E-28
      74     -0.234920     -0.234920     -0.477540   20482.8       35.5619      0.107433E-28
      76     -0.232080     -0.232080     -0.470584   19828.2       35.5619      0.107433E-28
      78     -0.229240     -0.229240     -0.463660   19189.1       35.5619      0.107433E-28
      80     -0.226400     -0.226400     -0.456769   18565.3       35.5619      0.107433E-28
      82     -0.223560     -0.223560     -0.449910   17956.5       35.5619      0.107433E-28
      84     -0.220720     -0.220720     -0.443083   17362.5       35.5619      0.107433E-28
      86     -0.217880     -0.217880     -0.436289   16782.8       35.5619      0.107433E-28
      88     -0.215040     -0.215040     -0.429526   16217.4       35.5619      0.107433E-28
      90     -0.212200     -0.212200     -0.422796   15665.8       35.5619      0.107433E-28
      92     -0.209360     -0.209360     -0.416097   15127.9       35.5619      0.107433E-28
      94     -0.206520     -0.206520     -0.409430   14603.4       35.5619      0.107433E-28
      96     -0.203680     -0.203680     -0.402794   14092.0       35.5619      0.107433E-28
      98     -0.200840     -0.200840     -0.396189   13593.5       35.5619      0.107433E-28
     100     -0.198000     -0.198000     -0.389615   13107.6       35.5619      0.107433E-28
     102     -0.195160     -0.195160     -0.383073   12634.2       35.5619      0.107433E-28
     104     -0.192320     -0.192320     -0.376561   12172.9       35.5619      0.107433E-28
     106     -0.189480     -0.189480     -0.370080   11723.6       35.5619      0.107433E-28
     108     -0.186640     -0.186640     -0.363629   11286.0       35.5619      0.107433E-28
     110     -0.183800     -0.183800     -0.357209   10860.0       35.5619      0.107433E-28
     112     -0.180960     -0.180960     -0.350818   10445.2       35.5619      0.107433E-28
     114     -0.178120     -0.178120     -0.344458   10041.5       35.5619      0.107433E-28
     116     -0.175280     -0.175280     -0.338128   9648.62       35.5619      0.107433E-28
     118     -0.172440     -0.172440     -0.331828   9266.44       35.5619      0.107433E-28
     120     -0.169600     -0.169600     -0.325558   8894.72       35.5619      0.107433E-28
     122     -0.166760     -0.166760     -0.319317   8533.27       35.5619      0.107433E-28
     124     -0.163920     -0.163920     -0.313105   8181.90       35.5619      0.107433E-28
     126     -0.161080     -0.161080     -0.306922   7840.42       35.5619      0.107433E-28
     128     -0.158240     -0.158240     -0.300769   7508.64       35.5619      0.107433E-28
     130     -0.155400     -0.155400     -0.294645   7186.38       35.5619      0.107433E-28
     132     -0.152560     -0.152560     -0.288549   6873.46       35.5619      0.107433E-28
     134     -0.149720     -0.149720     -0.282482   6569.70       35.5619      0.107433E-28
     136     -0.146880     -0.146880     -0.276444   6274.94       35.5619      0.107433E-28
     138     -0.144040     -0.144040     -0.270434   5989.01       35.5619      0.107433E-28
     140     -0.141200     -0.141200     -0.264453   5711.73       35.5619      0.107433E-28
     142     -0.138360     -0.138360     -0.258499   5442.96       35.5619      0.107433E-28
     144     -0.135520     -0.135520     -0.252574   5182.52       35.5619      0.107433E-28
     146     -0.132680     -0.132680     -0.246677   4930.27       35.5619      0.107433E-28
     148     -0.129840     -0.129840     -0.240807   4686.05       35.5619      0.107433E-28
     150     -0.127000     -0.127000     -0.234965   4449.70       35.5619      0.107433E-28
     152     -0.124160     -0.124160     -0.229150   4221.09       35.5619      0.107433E-28
     154     -0.121320     -0.121320     -0.223363   4000.06       35.5619      0.107433E-28
     156     -0.118480     -0.118480     -0.217603   3786.48       35.5619      0.107433E-28
     158     -0.115640     -0.115640     -0.211871   3580.20       35.5619      0.107433E-28
     160     -0.112800     -0.112800     -0.206165   3381.08       35.5619      0.107433E-28
     162     -0.109960     -0.109960     -0.200486   3189.01       35.5619      0.107433E-28
     164     -0.107120     -0.107120     -0.194834   3003.83       35.5619      0.107433E-28
     166     -0.104280     -0.104280     -0.189208   2825.42       35.5619      0.107433E-28
     168     -0.101440     -0.101440     -0.183609   2653.66       35.5619      0.107433E-28
     170     -0.098600     -0.098600     -0.178036   2488.42       35.5619      0.107433E-28
     172     -0.095760     -0.095760     -0.172490   2329.57       35.5619      0.107433E-28
     174     -0.092920     -0.092920     -0.166969   2177.00       35.5619      0.107433E-28
     176     -0.090080     -0.090080     -0.161475   2030.59       35.5619      0.107433E-28
     178     -0.087240     -0.087240     -0.156006   1890.22       35.5619      0.107433E-28
     180     -0.084400     -0.084400     -0.150564   1755.77       35.5619      0.107433E-28
     182     -0.081560     -0.081560     -0.145146   1627.15       35.5619      0.107433E-28
     184     -0.078720     -0.078720     -0.139755   1504.23       35.5619      0.107433E-28
     186     -0.075880     -0.075880     -0.134389   1386.91       35.5619      0.107433E-28
     188     -0.073040     -0.073040     -0.129048   1275.08       35.5619      0.107433E-28
     190     -0.070200     -0.070200     -0.123732   1168.64       35.5619      0.107433E-28
     192     -0.067360     -0.067360     -0.118441   1067.49       35.5619      0.107433E-28
     194     -0.064520     -0.064520     -0.113175   971.520       35.5619      0.107433E-28
     196     -0.061680     -0.061680     -0.107934   880.640       35.5619      0.107433E-28
     198     -0.058840     -0.058840     -0.102717   794.751       35.5619      0.107433E-28
     200     -0.056000     -0.056000     -0.097526   713.757       35.5619      0.107433E-28
     202     -0.053160     -0.053160     -0.092358   637.566       35.5619      0.107433E-28
     204     -0.050320     -0.050320     -0.087215   566.086       35.5619      0.107433E-28
     206     -0.047480     -0.047480     -0.082096   499.226       35.5619      0.107433E-28
     208     -0.044640     -0.044640     -0.077001   436.898       35.5619      0.107433E-28
     210     -0.041800     -0.041800     -0.071931   379.016       35.5619      0.107433E-28
     212     -0.038960     -0.038960     -0.066884   325.493       35.5619      0.107433E-28
     214     -0.036120     -0.036120     -0.061860   276.246       35.5619      0.107433E-28
     216     -0.033280     -0.033280     -0.056861   231.192       35.5619      0.107433E-28
     218     -0.030440     -0.030440     -0.051885   190.251       35.5619      0.107433E-28
     220     -0.027600     -0.027600     -0.046932   153.343       35.5619      0.107433E-28
     222     -0.024760     -0.024760     -0.042003   120.389       35.5619      0.107433E-28
     224     -0.021920     -0.021920     -0.037097   91.3136       35.5619      0.107433E-28
     226     -0.019080     -0.019080     -0.032214   66.0407       35.5619      0.107433E-28
     228     -0.016240     -0.016240     -0.027354   44.4964       35.5619      0.107433E-28
     230     -0.013400     -0.013400     -0.022517   26.6076       35.5619      0.107433E-28
     232     -0.010560     -0.010560     -0.017703   12.3030       35.5619      0.107433E-28
     234     -0.007720     -0.007720     -0.012911   1.51224       35.5619      0.107433E-28
     236     -0.004880     -0.004880     -0.008142  -5.83381       35.5619      0.107433E-28
     238     -0.002040     -0.002040     -0.003396  -9.80298       35.5619      0.107433E-28
     240      0.000800      0.000800      0.001329  -10.4620       35.5619      0.107433E-28
     242      0.003640      0.003640      0.006031  -7.87632       35.5619      0.107433E-28
     244      0.006480      0.006480      0.010710  -2.11041       35.5619      0.107433E-28
     246      0.009320      0.009320      0.015368   6.77249       35.5619      0.107433E-28
     248      0.012160      0.012160      0.020004   18.7102       35.5619      0.107433E-28
     250      0.015000      0.015000      0.024618   33.6416       35.5619      0.107433E-28
     252      0.017840      0.017840      0.029211   51.5066       35.5619      0.107433E-28
     254      0.020680      0.020680      0.033781   72.2464       35.5619      0.107433E-28
     256      0.023520      0.023520      0.038330   95.8028       35.5619      0.107433E-28
     258      0.026360      0.026360      0.042858   122.119       35.5619      0.107433E-28
     260      0.029200      0.029200      0.047365   151.139       35.5619      0.107433E-28
     262      0.032040      0.032040      0.051850   182.807       35.5619      0.107433E-28
     264      0.034880      0.034880      0.056314   217.070       35.5619      0.107433E-28
     266      0.037720      0.037720      0.060757   253.875       35.5619      0.107433E-28
     268      0.040560      0.040560      0.065179   293.168       35.5619      0.107433E-28
     270      0.043400      0.043400      0.069581   334.900       35.5619      0.107433E-28
     272      0.046240      0.046240      0.073961   379.019       35.5619      0.107433E-28
     274      0.049080      0.049080      0.078321   425.476       35.5619      0.107433E-28
     276      0.051920      0.051920      0.082661   474.222       35.5619      0.107433E-28
     278      0.054760      0.054760      0.086980   525.210       35.5619      0.107433E-28
     280      0.057600      0.057600      0.091279   578.392       35.5619      0.107433E-28
     282      0.060440      0.060440      0.095557   633.721       35.5619      0.107433E-28
     284      0.063280      0.063280      0.099816   691.154       35.5619      0.107433E-28
     286      0.066120      0.066120      0.104054   750.644       35.5619      0.107433E-28
     288      0.068960      0.068960      0.108272   812.148       35.5619      0.107433E-28
     290      0.071800      0.071800      0.112471   875.623       35.5619      0.107433E-28
     292      0.074640      0.074640      0.116649   941.026       35.5619      0.107433E-28
     294      0.077480      0.077480      0.120809   1008.32       35.5619      0.107433E-28
     296      0.080320      0.080320      0.124948   1077.45       35.5619      0.107433E-28
     298      0.083160      0.083160      0.129068   1148.39       35.5619      0.107433E-28
     300      0.086000      0.086000      0.133169   1221.10       35.5619      0.107433E-28
     302      0.088840      0.088840      0.137250   1295.54       35.5619      0.107433E-28
     304      0.091680      0.091680      0.141312   1371.66       35.5619      0.107433E-28
     306      0.094520      0.094520      0.145355   1449.43       35.5619      0.107433E-28
     308      0.097360      0.097360      0.149379   1528.82       35.5619      0.107433E-28
     310      0.100200      0.100200      0.153384   1609.79       35.5619      0.107433E-28
     312      0.103040      0.103040      0.157370   1692.30       35.5619      0.107433E-28
     314      0.105880      0.105880      0.161337   1776.31       35.5619      0.107433E-28
     316      0.108720      0.108720      0.165286   1861.80       35.5619      0.107433E-28
     318      0.111560      0.111560      0.169216   1948.73       35.5619      0.107433E-28
     320      0.114400      0.114400      0.173127   2037.06       35.5619      0.107433E-28
     322      0.117240      0.117240      0.177020   2126.77       35.5619      0.107433E-28
     324      0.120080      0.120080      0.180895   2217.82       35.5619      0.107433E-28
     326      0.122920      0.122920      0.184752   2310.18       35.5619      0.107433E-28
     328      0.125760      0.125760      0.188590   2403.81       35.5619      0.107433E-28
     330      0.128600      0.128600      0.192410   2498.69       35.5619      0.107433E-28
     332      0.131440      0.131440      0.196213   2594.79       35.5619      0.107433E-28
     334      0.134280      0.134280      0.199997   2692.08       35.5619      0.107433E-28
     336      0.137120      0.137120      0.203764   2790.52       35.5619      0.107433E-28
     338      0.139960      0.139960      0.207513   2890.10       35.5619      0.107433E-28
     340      0.142800      0.142800      0.211244   2990.78       35.5619      0.107433E-28
     342      0.145640      0.145640      0.214958   3092.53       35.5619      0.107433E-28
     344      0.148480      0.148480      0.218654   3195.33       35.5619      0.107433E-28
     346      0.151320      0.151320      0.222333   3299.16       35.5619      0.107433E-28
     348      0.154160      0.154160      0.225994   3403.97       35.5619      0.107433E-28
     350      0.157000      0.157000      0.229638   3509.76       35.5619      0.107433E-28
     352      0.159840      0.159840      0.233265   3616.49       35.5619      0.107433E-28
     354      0.162680      0.162680      0.236875   3724.13       35.5619      0.107433E-28
     356      0.165520      0.165520      0.240468   3832.68       35.5619      0.107433E-28
     358      0.168360      0.168360      0.244044   3942.09       35.5619      0.107433E-28
     360      0.171200      0.171200      0.247604   4052.35       35.5619      0.107433E-28
     362      0.174040      0.174040      0.251146   4163.43       35.5619      0.107433E-28
     364      0.176880      0.176880      0.254672   4275.31       35.5619      0.107433E-28
     366      0.179720      0.179720      0.258181   4387.97       35.5619      0.107433E-28
     368      0.182560      0.182560      0.261674   4501.39       35.5619      0.107433E-28
     370      0.185400      0.185400      0.265150   4615.54       35.5619      0.107433E-28
     372      0.188240      0.188240      0.268610   4730.40       35.5619      0.107433E-28
     374      0.191080      0.191080      0.272053   4845.96       35.5619      0.107433E-28
     376      0.193920      0.193920      0.275481   4962.18       35.5619      0.107433E-28
     378      0.196760      0.196760      0.278892   5079.06       35.5619      0.107433E-28
     380      0.199600      0.199600      0.282287   5196.57       35.5619      0.107433E-28
     382      0.202440      0.202440      0.285666   5314.68       35.5619      0.107433E-28
     384      0.205280      0.205280      0.289030   5433.39       35.5619      0.107433E-28
     386      0.208120      0.208120      0.292377   5552.68       35.5619      0.107433E-28
     388      0.210960      0.210960      0.295709   5672.51       35.5619      0.107433E-28
     390      0.213800      0.213800      0.299025   5792.89       35.5619      0.107433E-28
     392      0.216640      0.216640      0.302325   5913.77       35.5619      0.107433E-28
     394      0.219480      0.219480      0.305610   6035.16       35.5619      0.107433E-28
     396      0.222320      0.222320      0.308879   6157.04       35.5619      0.107433E-28
     398      0.225160      0.225160      0.312133   6279.37       35.5619      0.107433E-28
     400      0.228000      0.228000      0.315372   6402.16       35.5619      0.107433E-28
     402      0.230840      0.230840      0.318595   6525.37       35.5619      0.107433E-28
     404      0.233680      0.233680      0.321804   6649.01       35.5619      0.107433E-28
     406      0.236520      0.236520      0.324997   6773.04       35.5619      0.107433E-28
     408      0.239360      0.239360      0.328175   6897.45       35.5619      0.107433E-28
     410      0.242200      0.242200      0.331338   7022.23       35.5619      0.107433E-28
     412      0.245040      0.245040      0.334486   7147.36       35.5619      0.107433E-28
     414      0.247880      0.247880      0.337620   7272.84       35.5619      0.107433E-28
     416      0.250720      0.250720      0.340738   7398.63       35.5619      0.107433E-28
     418      0.253560      0.253560      0.343842   7524.73       35.5619      0.107433E-28
     420      0.256400      0.256400      0.346932   7651.13       35.5619      0.107433E-28
     422      0.259240      0.259240      0.350006   7777.80       35.5619      0.107433E-28
     424      0.262080      0.262080      0.353067   7904.74       35.5619      0.107433E-28
     426      0.264920      0.264920      0.356113   8031.93       35.5619      0.107433E-28
     428      0.267760      0.267760      0.359144   8159.36       35.5619      0.107433E-28
     430      0.270600      0.270600      0.362162   8287.02       35.5619      0.107433E-28
     432      0.273440      0.273440      0.365165   8414.88       35.5619      0.107433E-28
     434      0.276280      0.276280      0.368154   8542.95       35.5619      0.107433E-28
     436      0.279120      0.279120      0.371128   8671.21       35.5619      0.107433E-28
     438      0.281960      0.281960      0.374089   8799.63       35.5619      0.107433E-28
     440      0.284800      0.284800      0.377036   8928.23       35.5619      0.107433E-28
     442      0.287640      0.287640      0.379969   9056.97       35.5619      0.107433E-28
     444      0.290480      0.290480      0.382889   9185.85       35.5619      0.107433E-28
     446      0.293320      0.293320      0.385794   9314.85       35.5619      0.107433E-28
     448      0.296160      0.296160      0.388686   9443.98       35.5619      0.107433E-28
     450      0.299000      0.299000      0.391564   9573.20       35.5619      0.107433E-28
     452      0.301840      0.301840      0.394429   9702.52       35.5619      0.107433E-28
     454      0.304680      0.304680      0.397280   9831.92       35.5619      0.107433E-28
     456      0.307520      0.307520      0.400118   9961.40       35.5619      0.107433E-28
     458      0.310360      0.310360      0.402942   10090.9       35.5619      0.107433E-28
     460      0.313200      0.313200      0.405753   10220.5       35.5619      0.107433E-28
     462      0.316040      0.316040      0.408551   10350.1       35.5619      0.107433E-28
     464      0.318880      0.318880      0.411336   10479.8       35.5619      0.107433E-28
     466      0.321720      0.321720      0.414107   10609.5       35.5619      0.107433E-28
     468      0.324560      0.324560      0.416866   10739.2       35.5619      0.107433E-28
     470      0.327400      0.327400      0.419612   10868.9       35.5619      0.107433E-28
     472      0.330240      0.330240      0.422344   10998.5       35.5619      0.107433E-28
     474      0.333080      0.333080      0.425064   11128.2       35.5619      0.107433E-28
     476      0.335920      0.335920      0.427771   11257.8       35.5619      0.107433E-28
     478      0.338760      0.338760      0.430465   11387.5       35.5619      0.107433E-28
     480      0.341600      0.341600      0.433147   11517.0       35.5619      0.107433E-28
     482      0.344440      0.344440      0.435816   11646.5       35.5619      0.107433E-28
     484      0.347280      0.347280      0.438472   11776.0       35.5619      0.107433E-28
     486      0.350120      0.350120      0.441116   11905.3       35.5619      0.107433E-28
     488      0.352960      0.352960      0.443747   12034.6       35.5619      0.107433E-28
     490      0.355800      0.355800      0.446366   12163.9       35.5619      0.107433E-28
     492      0.358640      0.358640      0.448973   12293.0       35.5619      0.107433E-28
     494      0.361480      0.361480      0.451567   12422.0       35.5619      0.107433E-28
     496      0.364320      0.364320      0.454149   12550.9       35.5619      0.107433E-28
     498      0.367160      0.367160      0.456719   12679.7       35.5619      0.107433E-28
     500      0.370000      0.370000      0.459277   12808.4       35.5619      0.107433E-28
     502      0.372840      0.372840      0.461823   12936.9       35.5619      0.107433E-28
     504      0.375680      0.375680      0.464357   13065.3       35.5619      0.107433E-28
     506      0.378520      0.378520      0.466879   13193.5       35.5619      0.107433E-28
     508      0.381360      0.381360      0.469389   13321.6       35.5619      0.107433E-28
     510      0.384200      0.384200      0.471887   13449.6       35.5619      0.107433E-28
     512      0.387040      0.387040      0.474374   13577.3       35.5619      0.107433E-28
     514      0.389880      0.389880      0.476848   13704.9       35.5619      0.107433E-28
     516      0.392720      0.392720      0.479312   13832.3       35.5619      0.107433E-28
     518      0.395560      0.395560      0.481763   13959.6       35.5619      0.107433E-28
     520      0.398400      0.398400      0.484203   14086.6       35.5619      0.107433E-28
     522      0.401240      0.401240      0.486632   14213.4       35.5619      0.107433E-28
     524      0.404080      0.404080      0.489049   14340.1       35.5619      0.107433E-28
     526      0.406920      0.406920      0.491454   14466.5       35.5619      0.107433E-28
     528      0.409760      0.409760      0.493849   14592.7       35.5619      0.107433E-28
     530      0.412600      0.412600      0.496232   14718.7       35.5619      0.107433E-28
     532      0.415440      0.415440      0.498604   14844.4       35.5619      0.107433E-28
     534      0.418280      0.418280      0.500964   14969.9       35.5619      0.107433E-28
     536      0.421120      0.421120      0.503314   15095.2       35.5619      0.107433E-28
     538      0.423960      0.423960      0.505652   15220.3       35.5619      0.107433E-28
     540      0.426800      0.426800      0.507980   15345.0       35.5619      0.107433E-28
     542      0.429640      0.429640      0.510297   15469.6       35.5619      0.107433E-28
     544      0.432480      0.432480      0.512602   15593.8       35.5619      0.107433E-28
     546      0.435320      0.435320      0.514897   15717.8       35.5619      0.107433E-28
     548      0.438160      0.438160      0.517181   15841.6       35.5619      0.107433E-28
     550      0.441000      0.441000      0.519454   15965.0       35.5619      0.107433E-28
     552      0.443840      0.443840      0.521717   16088.2       35.5619      0.107433E-28
     554      0.446680      0.446680      0.523969   16211.1       35.5619      0.107433E-28
     556      0.449520      0.449520      0.526210   16333.7       35.5619      0.107433E-28
     558      0.452360      0.452360      0.528441   16456.0       35.5619      0.107433E-28
     560      0.455200      0.455200      0.530661   16578.0       35.5619      0.107433E-28
     562      0.458040      0.458040      0.532871   16699.7       35.5619      0.107433E-28
     564      0.460880      0.460880      0.535070   16821.1       35.5619      0.107433E-28
     566      0.463720      0.463720      0.537259   16942.1       35.5619      0.107433E-28
     568      0.466560      0.466560      0.539438   17062.9       35.5619      0.107433E-28
     570      0.469400      0.469400      0.541606   17183.3       35.5619      0.107433E-28
     572      0.472240      0.472240      0.543764   17303.5       35.5619      0.107433E-28
     574      0.475080      0.475080      0.545912   17423.3       35.5619      0.107433E-28
     576      0.477920      0.477920      0.548050   17542.7       35.5619      0.107433E-28
     578      0.480760      0.480760      0.550178   17661.8       35.5619      0.107433E-28
     580      0.483600      0.483600      0.552296   17780.6       35.5619      0.107433E-28
     582      0.486440      0.486440      0.554404   17899.1       35.5619      0.107433E-28
     584      0.489280      0.489280      0.556502   18017.2       35.5619      0.107433E-28
     586      0.492120      0.492120      0.558590   18134.9       35.5619      0.107433E-28
     588      0.494960      0.494960      0.560668   18252.3       35.5619      0.107433E-28
     590      0.497800      0.497800      0.562737   18369.3       35.5619      0.107433E-28
     592      0.500640      0.500640      0.564796   18486.0       35.5619      0.107433E-28
     594      0.503480      0.503480      0.566845   18602.3       35.5619      0.107433E-28
     596      0.506320      0.506320      0.568884   18718.3       35.5619      0.107433E-28
     598      0.509160      0.509160      0.570914   18833.9       35.5619      0.107433E-28
     600      0.512000      0.512000      0.572934   18949.1       35.5619      0.107433E-28
     602      0.514840      0.514840      0.574945   19063.9       35.5619      0.107433E-28
     604      0.517680      0.517680      0.576946   19178.4       35.5619      0.107433E-28
     606      0.520520      0.520520      0.578938   19292.4       35.5619      0.107433E-28
     608      0.523360      0.523360      0.580921   19406.1       35.5619      0.107433E-28
     610      0.526200      0.526200      0.582894   19519.4       35.5619      0.107433E-28
     612      0.529040      0.529040      0.584857   19632.3       35.5619      0.107433E-28
     614      0.531880      0.531880      0.586812   19744.9       35.5619      0.107433E-28
     616      0.534720      0.534720      0.588757   19857.0       35.5619      0.107433E-28
     618      0.537560      0.537560      0.590694   19968.7       35.5619      0.107433E-28
     620      0.540400      0.540400      0.592621   20080.1       35.5619      0.107433E-28
     622      0.543240      0.543240      0.594539   20191.0       35.5619      0.107433E-28
     624      0.546080      0.546080      0.596448   20301.5       35.5619      0.107433E-28
     626      0.548920      0.548920      0.598348   20411.7       35.5619      0.107433E-28
     628      0.551760      0.551760      0.600239   20521.4       35.5619      0.107433E-28
     630      0.554600      0.554600      0.602121   20630.7       35.5619      0.107433E-28
     632      0.557440      0.557440      0.603995   20739.6       35.5619      0.107433E-28
     634      0.560280      0.560280      0.605859   20848.1       35.5619      0.107433E-28
     636      0.563120      0.563120      0.607715   20956.1       35.5619      0.107433E-28
     638      0.565960      0.565960      0.609562   21063.8       35.5619      0.107433E-28
     640      0.568800      0.568800      0.611400   21171.0       35.5619      0.107433E-28
     642      0.571640      0.571640      0.613230   21277.8       35.5619      0.107433E-28
     644      0.574480      0.574480      0.615051   21384.2       35.5619      0.107433E-28
     646      0.577320      0.577320      0.616863   21490.2       35.5619      0.107433E-28
     648      0.580160      0.580160      0.618667   21595.7       35.5619      0.107433E-28
     650      0.583000      0.583000      0.620462   21700.8       35.5619      0.107433E-28
     652      0.585840      0.585840      0.622249   21805.5       35.5619      0.107433E-28
     654      0.588680      0.588680      0.624028   21909.8       35.5619      0.107433E-28
     656      0.591520      0.591520      0.625798   22013.6       35.5619      0.107433E-28
     658      0.594360      0.594360      0.627560   22117.0       35.5619      0.107433E-28
     660      0.597200      0.597200      0.629313   22219.9       35.5619      0.107433E-28
     662      0.600040      0.600040      0.631059   22322.5       35.5619      0.107433E-28
     664      0.602880      0.602880      0.632796   22424.5       35.5619      0.107433E-28
     666      0.605720      0.605720      0.634525   22526.2       35.5619      0.107433E-28
     668      0.608560      0.608560      0.636245   22627.4       35.5619      0.107433E-28
     670      0.611400      0.611400      0.637958   22728.2       35.5619      0.107433E-28
     672      0.614240      0.614240      0.639663   22828.5       35.5619      0.107433E-28
     674      0.617080      0.617080      0.641359   22928.4       35.5619      0.107433E-28
     676      0.619920      0.619920      0.643048   23027.8       35.5619      0.107433E-28
     678      0.622760      0.622760      0.644728   23126.8       35.5619      0.107433E-28
     680      0.625600      0.625600      0.646401   23225.3       35.5619      0.107433E-28
     682      0.628440      0.628440      0.648066   23323.4       35.5619      0.107433E-28
     684      0.631280      0.631280      0.649723   23421.1       35.5619      0.107433E-28
     686      0.634120      0.634120      0.651372   23518.3       35.5619      0.107433E-28
     688      0.636960      0.636960      0.653014   23615.1       35.5619      0.107433E-28
     690      0.639800      0.639800      0.654647   23711.4       35.5619      0.107433E-28
     692      0.642640      0.642640      0.656273   23807.2       35.5619      0.107433E-28
     694      0.645480      0.645480      0.657892   23902.6       35.5619      0.107433E-28
     696      0.648320      0.648320      0.659502   23997.6       35.5619      0.107433E-28
     698      0.651160      0.651160      0.661106   24092.1       35.5619      0.107433E-28
     700      0.654000      0.654000      0.662701   24186.2       35.5619      0.107433E-28
     702      0.656840      0.656840      0.664289   24279.8       35.5619      0.107433E-28
     704      0.659680      0.659680      0.665870   24372.9       35.5619      0.107433E-28
     706      0.662520      0.662520      0.667443   24465.6       35.5619      0.107433E-28
     708      0.665360      0.665360      0.669009   24557.9       35.5619      0.107433E-28
     710      0.668200      0.668200      0.670567   24649.7       35.5619      0.107433E-28
     712      0.671040      0.671040      0.672118   24741.0       35.5619      0.107433E-28
     714      0.673880      0.673880      0.673662   24831.9       35.5619      0.107433E-28
     716      0.676720      0.676720      0.675198   24922.3       35.5619      0.107433E-28
     718      0.679560      0.679560      0.676728   25012.3       35.5619      0.107433E-28
     720      0.682400      0.682400      0.678250   25101.8       35.5619      0.107433E-28
     722      0.685240      0.685240      0.679765   25190.9       35.5619      0.107433E-28
     724      0.688080      0.688080      0.681272   25279.5       35.5619      0.107433E-28
     726      0.690920      0.690920      0.682773   25367.7       35.5619      0.107433E-28
     728      0.693760      0.693760      0.684267   25455.4       35.5619      0.107433E-28
     730      0.696600      0.696600      0.685753   25542.6       35.5619      0.107433E-28
     732      0.699440      0.699440      0.687233   25629.4       35.5619      0.107433E-28
     734      0.702280      0.702280      0.688705   25715.8       35.5619      0.107433E-28
     736      0.705120      0.705120      0.690171   25801.7       35.5619      0.107433E-28
     738      0.707960      0.707960      0.691630   25887.1       35.5619      0.107433E-28
     740      0.710800      0.710800      0.693082   25972.1       35.5619      0.107433E-28
     742      0.713640      0.713640      0.694527   26056.6       35.5619      0.107433E-28
     744      0.716480      0.716480      0.695965   26140.7       35.5619      0.107433E-28
     746      0.719320      0.719320      0.697396   26224.4       35.5619      0.107433E-28
     748      0.722160      0.722160      0.698821   26307.5       35.5619      0.107433E-28
     750      0.725000      0.725000      0.700239   26390.3       35.5619      0.107433E-28
     752      0.727840      0.727840      0.701651   26472.5       35.5619      0.107433E-28
     754      0.730680      0.730680      0.703055   26554.3       35.5619      0.107433E-28
     756      0.733520      0.733520      0.704453   26635.7       35.5619      0.107433E-28
     758      0.736360      0.736360      0.705845   26716.6       35.5619      0.107433E-28
     760      0.739200      0.739200      0.707230   26797.1       35.5619      0.107433E-28
     762      0.742040      0.742040      0.708608   26877.1       35.5619      0.107433E-28
     764      0.744880      0.744880      0.709980   26956.7       35.5619      0.107433E-28
     766      0.747720      0.747720      0.711346   27035.8       35.5619      0.107433E-28
     768      0.750560      0.750560      0.712705   27114.5       35.5619      0.107433E-28
     770      0.753400      0.753400      0.714057   27192.7       35.5619      0.107433E-28
     772      0.756240      0.756240      0.715404   27270.5       35.5619      0.107433E-28
     774      0.759080      0.759080      0.716744   27347.9       35.5619      0.107433E-28
     776      0.761920      0.761920      0.718077   27424.8       35.5619      0.107433E-28
     778      0.764760      0.764760      0.719405   27501.2       35.5619      0.107433E-28
     780      0.767600      0.767600      0.720726   27577.2       35.5619      0.107433E-28
     782      0.770440      0.770440      0.722041   27652.8       35.5619      0.107433E-28
     784      0.773280      0.773280      0.723349   27727.9       35.5619      0.107433E-28
     786      0.776120      0.776120      0.724652   27802.6       35.5619      0.107433E-28
     788      0.778960      0.778960      0.725948   27876.8       35.5619      0.107433E-28
     790      0.781800      0.781800      0.727239   27950.6       35.5619      0.107433E-28
     792      0.784640      0.784640      0.728523   28024.0       35.5619      0.107433E-28
     794      0.787480      0.787480      0.729801   28096.9       35.5619      0.107433E-28
     796      0.790320      0.790320      0.731073   28169.4       35.5619      0.107433E-28
     798      0.793160      0.793160      0.732339   28241.4       35.5619      0.107433E-28
     800      0.796000      0.796000      0.733600   28313.1       35.5619      0.107433E-28
     802      0.798840      0.798840      0.734854   28384.2       35.5619      0.107433E-28
     804      0.801680      0.801680      0.736102   28455.0       35.5619      0.107433E-28
     806      0.804520      0.804520      0.737345   28525.3       35.5619      0.107433E-28
     808      0.807360      0.807360      0.738581   28595.2       35.5619      0.107433E-28
     810      0.810200      0.810200      0.739812   28664.7       35.5619      0.107433E-28
     812      0.813040      0.813040      0.741037   28733.7       35.5619      0.107433E-28
     814      0.815880      0.815880      0.742257   28802.3       35.5619      0.107433E-28
     816      0.818720      0.818720      0.743470   28870.5       35.5619      0.107433E-28
     818      0.821560      0.821560      0.744678   28938.2       35.5619      0.107433E-28
     820      0.824400      0.824400      0.745880   29005.5       35.5619      0.107433E-28
     822      0.827240      0.827240      0.747076   29072.4       35.5619      0.107433E-28
     824      0.830080      0.830080      0.748267   29138.9       35.5619      0.107433E-28
     826      0.832920      0.832920      0.749452   29205.0       35.5619      0.107433E-28
     828      0.835760      0.835760      0.750632   29270.6       35.5619      0.107433E-28
     830      0.838600      0.838600      0.751806   29335.8       35.5619      0.107433E-28
     832      0.841440      0.841440      0.752975   29400.6       35.5619      0.107433E-28
     834      0.844280      0.844280      0.754138   29465.0       35.5619      0.107433E-28
     836      0.847120      0.847120      0.755295   29529.0       35.5619      0.107433E-28
     838      0.849960      0.849960      0.756448   29592.6       35.5619      0.107433E-28
     840      0.852800      0.852800      0.757594   29655.7       35.5619      0.107433E-28
     842      0.855640      0.855640      0.758736   29718.4       35.5619      0.107433E-28
     844      0.858480      0.858480      0.759872   29780.8       35.5619      0.107433E-28
     846      0.861320      0.861320      0.761002   29842.7       35.5619      0.107433E-28
     848      0.864160      0.864160      0.762127   29904.2       35.5619      0.107433E-28
     850      0.867000      0.867000      0.763247   29965.3       35.5619      0.107433E-28
     852      0.869840      0.869840      0.764362   30026.0       35.5619      0.107433E-28
     854      0.872680      0.872680      0.765471   30086.3       35.5619      0.107433E-28
     856      0.875520      0.875520      0.766576   30146.2       35.5619      0.107433E-28
     858      0.878360      0.878360      0.767675   30205.7       35.5619      0.107433E-28
     860      0.881200      0.881200      0.768769   30264.8       35.5619      0.107433E-28
     862      0.884040      0.884040      0.769857   30323.5       35.5619      0.107433E-28
     864      0.886880      0.886880      0.770941   30381.8       35.5619      0.107433E-28
     866      0.889720      0.889720      0.772019   30439.7       35.5619      0.107433E-28
     868      0.892560      0.892560      0.773093   30497.2       35.5619      0.107433E-28
     870      0.895400      0.895400      0.774161   30554.3       35.5619      0.107433E-28
     872      0.898240      0.898240      0.775224   30611.0       35.5619      0.107433E-28
     874      0.901080      0.901080      0.776283   30667.4       35.5619      0.107433E-28
     876      0.903920      0.903920      0.777336   30723.3       35.5619      0.107433E-28
     878      0.906760      0.906760      0.778384   30778.9       35.5619      0.107433E-28
     880      0.909600      0.909600      0.779428   30834.1       35.5619      0.107433E-28
     882      0.912440      0.912440      0.780466   30888.9       35.5619      0.107433E-28
     884      0.915280      0.915280      0.781500   30943.3       35.5619      0.107433E-28
     886      0.918120      0.918120      0.782529   30997.3       35.5619      0.107433E-28
     888      0.920960      0.920960      0.783553   31051.0       35.5619      0.107433E-28
     890      0.923800      0.923800      0.784572   31104.3       35.5619      0.107433E-28
     892      0.926640      0.926640      0.785586   31157.2       35.5619      0.107433E-28
     894      0.929480      0.929480      0.786595   31209.7       35.5619      0.107433E-28
     896      0.932320      0.932320      0.787600   31261.9       35.5619      0.107433E-28
     898      0.935160      0.935160      0.788600   31313.7       35.5619      0.107433E-28
     900      0.938000      0.938000      0.789596   31365.1       35.5619      0.107433E-28
     902      0.940840      0.940840      0.790586   31416.2       35.5619      0.107433E-28
     904      0.943680      0.943680      0.791572   31466.8       35.5619      0.107433E-28
     906      0.946520      0.946520      0.792553   31517.2       35.5619      0.107433E-28
     908      0.949360      0.949360      0.793530   31567.1       35.5619      0.107433E-28
     910      0.952200      0.952200      0.794502   31616.7       35.5619      0.107433E-28
     912      0.955040      0.955040      0.795470   31666.0       35.5619      0.107433E-28
     914      0.957880      0.957880      0.796433   31714.8       35.5619      0.107433E-28
     916      0.960720      0.960720      0.797391   31763.4       35.5619      0.107433E-28
     918      0.963560      0.963560      0.798345   31811.5       35.5619      0.107433E-28
     920      0.966400      0.966400      0.799295   31859.3       35.5619      0.107433E-28
     922      0.969240      0.969240      0.800240   31906.8       35.5619      0.107433E-28
     924      0.972080      0.972080      0.801180   31953.9       35.5619      0.107433E-28
     926      0.974920      0.974920      0.802116   32000.7       35.5619      0.107433E-28
     928      0.977760      0.977760      0.803048   32047.1       35.5619      0.107433E-28
     930      0.980600      0.980600      0.803975   32093.2       35.5619      0.107433E-28
     932      0.983440      0.983440      0.804898   32138.9       35.5619      0.107433E-28
     934      0.986280      0.986280      0.805817   32184.3       35.5619      0.107433E-28
     936      0.989120      0.989120      0.806731   32229.3       35.5619      0.107433E-28
     938      0.991960      0.991960      0.807641   32274.0       35.5619      0.107433E-28
     940      0.994800      0.994800      0.808547   32318.4       35.5619      0.107433E-28
     942      0.997640      0.997640      0.809448   32362.4       35.5619      0.107433E-28
     944      1.000480      1.000480      0.810345   32406.1       35.5619      0.107433E-28
     946      1.003320      1.003320      0.811238   32449.5       35.5619      0.107433E-28
     948      1.006160      1.006160      0.812127   32492.5       35.5619      0.107433E-28
     950      1.009000      1.009000      0.813011   32535.2       35.5619      0.107433E-28
     952      1.011840      1.011840      0.813892   32577.6       35.5619      0.107433E-28
     954      1.014680      1.014680      0.814768   32619.6       35.5619      0.107433E-28
     956      1.017520      1.017520      0.815640   32661.4       35.5619      0.107433E-28
     958      1.020360      1.020360      0.816508   32702.8       35.5619      0.107433E-28
     960      1.023200      1.023200      0.817372   32743.9       35.5619      0.107433E-28
     962      1.026040      1.026040      0.818232   32784.6       35.5619      0.107433E-28
     964      1.028880      1.028880      0.819088   32825.1       35.5619      0.107433E-28
     966      1.031720      1.031720      0.819940   32865.2       35.5619      0.107433E-28
     968      1.034560      1.034560      0.820787   32905.0       35.5619      0.107433E-28
     970      1.037400      1.037400      0.821631   32944.5       35.5619      0.107433E-28
     972      1.040240      1.040240      0.822471   32983.7       35.5619      0.107433E-28
     974      1.043080      1.043080      0.823307   33022.6       35.5619      0.107433E-28
     976      1.045920      1.045920      0.824139   33061.2       35.5619      0.107433E-28
     978      1.048760      1.048760      0.824967   33099.5       35.5619      0.107433E-28
     980      1.051600      1.051600      0.825791   33137.4       35.5619      0.107433E-28
     982      1.054440      1.054440      0.826611   33175.1       35.5619      0.107433E-28
     984      1.057280      1.057280      0.827427   33212.5       35.5619      0.107433E-28
     986      1.060120      1.060120      0.828240   33249.5       35.5619      0.107433E-28
     988      1.062960      1.062960      0.829049   33286.3       35.5619      0.107433E-28
     990      1.065800      1.065800      0.829854   33322.8       35.5619      0.107433E-28
     992      1.068640      1.068640      0.830655   33358.9       35.5619      0.107433E-28
     994      1.071480      1.071480      0.831452   33394.8       35.5619      0.107433E-28
     996      1.074320      1.074320      0.832246   33430.4       35.5619      0.107433E-28
     998      1.077160      1.077160      0.833035   33465.7       35.5619      0.107433E-28
    1000      1.080000      1.080000      0.833821   33500.7       35.5619      0.107433E-28
    1002      1.082840      1.082840      0.834604   33535.5       35.5619      0.107433E-28
    1004      1.085680      1.085680      0.835383   33569.9       35.5619      0.107433E-28
    1006      1.088520      1.088520      0.836158   33604.1       35.5619      0.107433E-28
    1008      1.091360      1.091360      0.836929   33638.0       35.5619      0.107433E-28
    1010      1.094200      1.094200      0.837697   33671.6       35.5619      0.107433E-28
    1012      1.097040      1.097040      0.838461   33704.9       35.5619      0.107433E-28
    1014      1.099880      1.099880      0.839222   33737.9       35.5619      0.107433E-28
    1016      1.102720      1.102720      0.839979   33770.7       35.5619      0.107433E-28
    1018      1.105560      1.105560      0.840732   33803.2       35.5619      0.107433E-28
    1020      1.108400      1.108400      0.841482   33835.4       35.5619      0.107433E-28
    1022      1.111240      1.111240      0.842228   33867.4       35.5619      0.107433E-28
    1024      1.114080      1.114080      0.842971   33899.1       35.5619      0.107433E-28
    1026      1.116920      1.116920      0.843710   33930.5       35.5619      0.107433E-28
    1028      1.119760      1.119760      0.844446   33961.7       35.5619      0.107433E-28
    1030      1.122600      1.122600      0.845179   33992.6       35.5619      0.107433E-28
    1032      1.125440      1.125440      0.845908   34023.2       35.5619      0.107433E-28
    1034      1.128280      1.128280      0.846633   34053.6       35.5619      0.107433E-28
    1036      1.131120      1.131120      0.847355   34083.7       35.5619      0.107433E-28
    1038      1.133960      1.133960      0.848074   34113.5       35.5619      0.107433E-28
    1040      1.136800      1.136800      0.848789   34143.1       35.5619      0.107433E-28
    1042      1.139640      1.139640      0.849501   34172.5       35.5619      0.107433E-28
    1044      1.142480      1.142480      0.850210   34201.6       35.5619      0.107433E-28
    1046      1.145320      1.145320      0.850915   34230.4       35.5619      0.107433E-28
    1048      1.148160      1.148160      0.851617   34259.0       35.5619      0.107433E-28
    1050      1.151000      1.151000      0.852315   34287.4       35.5619      0.107433E-28
    1052      1.153840      1.153840      0.853011   34315.5       35.5619      0.107433E-28
    1054      1.156680      1.156680      0.853703   34343.3       35.5619      0.107433E-28
    1056      1.159520      1.159520      0.854392   34370.9       35.5619      0.107433E-28
    1058      1.162360      1.162360      0.855077   34398.3       35.5619      0.107433E-28
    1060      1.165200      1.165200      0.855760   34425.4       35.5619      0.107433E-28
    1062      1.168040      1.168040      0.856439   34452.3       35.5619      0.107433E-28
    1064      1.170880      1.170880      0.857115   34479.0       35.5619      0.107433E-28
    1066      1.173720      1.173720      0.857787   34505.4       35.5619      0.107433E-28
    1068      1.176560      1.176560      0.858457   34531.6       35.5619      0.107433E-28
    1070      1.179400      1.179400      0.859123   34557.5       35.5619      0.107433E-28
    1072      1.182240      1.182240      0.859787   34583.3       35.5619      0.107433E-28
    1074      1.185080      1.185080      0.860447   34608.8       35.5619      0.107433E-28
    1076      1.187920      1.187920      0.861104   34634.0       35.5619      0.107433E-28
    1078      1.190760      1.190760      0.861758   34659.1       35.5619      0.107433E-28
    1080      1.193600      1.193600      0.862409   34683.9       35.5619      0.107433E-28
    1082      1.196440      1.196440      0.863057   34708.5       35.5619      0.107433E-28
    1084      1.199280      1.199280      0.863701   34732.8       35.5619      0.107433E-28
    1086      1.202120      1.202120      0.864343   34757.0       35.5619      0.107433E-28
    1088      1.204960      1.204960      0.864982   34780.9       35.5619      0.107433E-28
    1090      1.207800      1.207800      0.865617   34804.6       35.5619      0.107433E-28
    1092      1.210640      1.210640      0.866250   34828.1       35.5619      0.107433E-28
    1094      1.213480      1.213480      0.866880   34851.4       35.5619      0.107433E-28
    1096      1.216320      1.216320      0.867507   34874.5       35.5619      0.107433E-28
    1098      1.219160      1.219160      0.868130   34897.4       35.5619      0.107433E-28
    1100      1.222000      1.222000      0.868751   34920.0       35.5619      0.107433E-28
    1102      1.224840      1.224840      0.869369   34942.5       35.5619      0.107433E-28
    1104      1.227680      1.227680      0.869984   34964.7       35.5619      0.107433E-28
    1106      1.230520      1.230520      0.870596   34986.7       35.5619      0.107433E-28
    1108      1.233360      1.233360      0.871206   35008.5       35.5619      0.107433E-28
    1110      1.236200      1.236200      0.871812   35030.2       35.5619      0.107433E-28
    1112      1.239040      1.239040      0.872416   35051.6       35.5619      0.107433E-28
    1114      1.241880      1.241880      0.873016   35072.8       35.5619      0.107433E-28
    1116      1.244720      1.244720      0.873614   35093.8       35.5619      0.107433E-28
    1118      1.247560      1.247560      0.874209   35114.7       35.5619      0.107433E-28
    1120      1.250400      1.250400      0.874802   35135.3       35.5619      0.107433E-28
    1122      1.253240      1.253240      0.875391   35155.7       35.5619      0.107433E-28
    1124      1.256080      1.256080      0.875978   35176.0       35.5619      0.107433E-28
    1126      1.258920      1.258920      0.876562   35196.0       35.5619      0.107433E-28
    1128      1.261760      1.261760      0.877143   35215.9       35.5619      0.107433E-28
    1130      1.264600      1.264600      0.877721   35235.5       35.5619      0.107433E-28
    1132      1.267440      1.267440      0.878297   35255.0       35.5619      0.107433E-28
    1134      1.270280      1.270280      0.878870   35274.3       35.5619      0.107433E-28
    1136      1.273120      1.273120      0.879440   35293.4       35.5619      0.107433E-28
    1138      1.275960      1.275960      0.880008   35312.3       35.5619      0.107433E-28
    1140      1.278800      1.278800      0.880573   35331.1       35.5619      0.107433E-28
    1142      1.281640      1.281640      0.881135   35349.7       35.5619      0.107433E-28
    1144      1.284480      1.284480      0.881695   35368.0       35.5619      0.107433E-28
    1146      1.287320      1.287320      0.882252   35386.2       35.5619      0.107433E-28
    1148      1.290160      1.290160      0.882806   35404.3       35.5619      0.107433E-28
    1150      1.293000      1.293000      0.883358   35422.1       35.5619      0.107433E-28
    1152      1.295840      1.295840      0.883907   35439.8       35.5619      0.107433E-28
    1154      1.298680      1.298680      0.884454   35457.3       35.5619      0.107433E-28
    1156      1.301520      1.301520      0.884998   35474.6       35.5619      0.107433E-28
    1158      1.304360      1.304360      0.885539   35491.8       35.5619      0.107433E-28
    1160      1.307200      1.307200      0.886078   35508.8       35.5619      0.107433E-28
    1162      1.310040      1.310040      0.886615   35525.6       35.5619      0.107433E-28
    1164      1.312880      1.312880      0.887148   35542.3       35.5619      0.107433E-28
    1166      1.315720      1.315720      0.887680   35558.8       35.5619      0.107433E-28
    1168      1.318560      1.318560      0.888209   35575.1       35.5619      0.107433E-28
    1170      1.321400      1.321400      0.888735   35591.3       35.5619      0.107433E-28
    1172      1.324240      1.324240      0.889259   35607.3       35.5619      0.107433E-28
    1174      1.327080      1.327080      0.889780   35623.1       35.5619      0.107433E-28
    1176      1.329920      1.329920      0.890299   35638.8       35.5619      0.107433E-28
    1178      1.332760      1.332760      0.890816   35654.3       35.5619      0.107433E-28
    1180      1.335600      1.335600      0.891330   35669.7       35.5619      0.107433E-28
    1182      1.338440      1.338440      0.891841   35684.9       35.5619      0.107433E-28
    1184      1.341280      1.341280      0.892351   35699.9       35.5619      0.107433E-28
    1186      1.344120      1.344120      0.892857   35714.9       35.5619      0.107433E-28
    1188      1.346960      1.346960      0.893362   35729.6       35.5619      0.107433E-28
    1190      1.349800      1.349800      0.893864   35744.2       35.5619      0.107433E-28
    1192      1.352640      1.352640      0.894364   35758.7       35.5619      0.107433E-28
    1194      1.355480      1.355480      0.894861   35773.0       35.5619      0.107433E-28
    1196      1.358320      1.358320      0.895356   35787.1       35.5619      0.107433E-28
    1198      1.361160      1.361160      0.895849   35801.1       35.5619      0.107433E-28
    1200      1.364000      1.364000      0.896339   35815.0       35.5619      0.107433E-28
    1202      1.366840      1.366840      0.896827   35828.7       35.5619      0.107433E-28
    1204      1.369680      1.369680      0.897313   35842.3       35.5619      0.107433E-28
    1206      1.372520      1.372520      0.897796   35855.7       35.5619      0.107433E-28
    1208      1.375360      1.375360      0.898278   35869.0       35.5619      0.107433E-28
    1210      1.378200      1.378200      0.898757   35882.1       35.5619      0.107433E-28
    1212      1.381040      1.381040      0.899233   35895.2       35.5619      0.107433E-28
    1214      1.383880      1.383880      0.899708   35908.0       35.5619      0.107433E-28
    1216      1.386720      1.386720      0.900180   35920.8       35.5619      0.107433E-28
    1218      1.389560      1.389560      0.900650   35933.4       35.5619      0.107433E-28
    1220      1.392400      1.392400      0.901118   35945.8       35.5619      0.107433E-28
    1222      1.395240      1.395240      0.901583   35958.2       35.5619      0.107433E-28
    1224      1.398080      1.398080      0.902047   35970.4       35.5619      0.107433E-28
    1226      1.400920      1.400920      0.902508   35982.5       35.5619      0.107433E-28
    1228      1.403760      1.403760      0.902967   35994.4       35.5619      0.107433E-28
    1230      1.406600      1.406600      0.903424   36006.2       35.5619      0.107433E-28
    1232      1.409440      1.409440      0.903878   36017.9       35.5619      0.107433E-28
    1234      1.412280      1.412280      0.904331   36029.5       35.5619      0.107433E-28
    1236      1.415120      1.415120      0.904781   36040.9       35.5619      0.107433E-28
    1238      1.417960      1.417960      0.905230   36052.2       35.5619      0.107433E-28
    1240      1.420800      1.420800      0.905676   36063.4       35.5619      0.107433E-28
    1242      1.423640      1.423640      0.906120   36074.5       35.5619      0.107433E-28
    1244      1.426480      1.426480      0.906562   36085.4       35.5619      0.107433E-28
    1246      1.429320      1.429320      0.907002   36096.2       35.5619      0.107433E-28
    1248      1.432160      1.432160      0.907440   36106.9       35.5619      0.107433E-28
    1250      1.435000      1.435000      0.907876   36117.5       35.5619      0.107433E-28
    1252      1.437840      1.437840      0.908309   36128.0       35.5619      0.107433E-28
    1254      1.440680      1.440680      0.908741   36138.3       35.5619      0.107433E-28
    1256      1.443520      1.443520      0.909171   36148.6       35.5619      0.107433E-28
    1258      1.446360      1.446360      0.909598   36158.7       35.5619      0.107433E-28
    1260      1.449200      1.449200      0.910024   36168.7       35.5619      0.107433E-28
    1262      1.452040      1.452040      0.910448   36178.6       35.5619      0.107433E-28
    1264      1.454880      1.454880      0.910869   36188.3       35.5619      0.107433E-28
    1266      1.457720      1.457720      0.911289   36198.0       35.5619      0.107433E-28
    1268      1.460560      1.460560      0.911707   36207.6       35.5619      0.107433E-28
    1270      1.463400      1.463400      0.912122   36217.0       35.5619      0.107433E-28
    1272      1.466240      1.466240      0.912536   36226.4       35.5619      0.107433E-28
    1274      1.469080      1.469080      0.912948   36235.6       35.5619      0.107433E-28
    1276      1.471920      1.471920      0.913358   36244.7       35.5619      0.107433E-28
    1278      1.474760      1.474760      0.913766   36253.7       35.5619      0.107433E-28
    1280      1.477600      1.477600      0.914172   36262.7       35.5619      0.107433E-28
    1282      1.480440      1.480440      0.914576   36271.5       35.5619      0.107433E-28
    1284      1.483280      1.483280      0.914978   36280.2       35.5619      0.107433E-28
    1286      1.486120      1.486120      0.915378   36288.8       35.5619      0.107433E-28
    1288      1.488960      1.488960      0.915777   36297.3       35.5619      0.107433E-28
    1290      1.491800      1.491800      0.916173   36305.7       35.5619      0.107433E-28
    1292      1.494640      1.494640      0.916568   36314.0       35.5619      0.107433E-28
    1294      1.497480      1.497480      0.916961   36322.2       35.5619      0.107433E-28
    1296      1.500320      1.500320      0.917352   36330.3       35.5619      0.107433E-28
    1298      1.503160      1.503160      0.917741   36338.3       35.5619      0.107433E-28
    1300      1.506000      1.506000      0.918128   36346.3       35.5619      0.107433E-28
    1302      1.508840      1.508840      0.918514   36354.1       35.5619      0.107433E-28
    1304      1.511680      1.511680      0.918897   36361.8       35.5619      0.107433E-28
    1306      1.514520      1.514520      0.919279   36369.4       35.5619      0.107433E-28
    1308      1.517360      1.517360      0.919659   36377.0       35.5619      0.107433E-28
    1310      1.520200      1.520200      0.920037   36384.4       35.5619      0.107433E-28
    1312      1.523040      1.523040      0.920414   36391.8       35.5619      0.107433E-28
    1314      1.525880      1.525880      0.920789   36399.1       35.5619      0.107433E-28
    1316      1.528720      1.528720      0.921162   36406.2       35.5619      0.107433E-28
    1318      1.531560      1.531560      0.921533   36413.3       35.5619      0.107433E-28
    1320      1.534400      1.534400      0.921902   36420.3       35.5619      0.107433E-28
    1322      1.537240      1.537240      0.922270   36427.3       35.5619      0.107433E-28
    1324      1.540080      1.540080      0.922636   36434.1       35.5619      0.107433E-28
    1326      1.542920      1.542920      0.923000   36440.8       35.5619      0.107433E-28
    1328      1.545760      1.545760      0.923363   36447.5       35.5619      0.107433E-28
    1330      1.548600      1.548600      0.923723   36454.1       35.5619      0.107433E-28
    1332      1.551440      1.551440      0.924083   36460.6       35.5619      0.107433E-28
    1334      1.554280      1.554280      0.924440   36467.0       35.5619      0.107433E-28
    1336      1.557120      1.557120      0.924796   36473.3       35.5619      0.107433E-28
    1338      1.559960      1.559960      0.925150   36479.5       35.5619      0.107433E-28
    1340      1.562800      1.562800      0.925502   36485.7       35.5619      0.107433E-28
    1342      1.565640      1.565640      0.925853   36491.8       35.5619      0.107433E-28
    1344      1.568480      1.568480      0.926202   36497.8       35.5619      0.107433E-28
    1346      1.571320      1.571320      0.926550   36503.7       35.5619      0.107433E-28
    1348      1.574160      1.574160      0.926895   36509.6       35.5619      0.107433E-28
    1350      1.577000      1.577000      0.927240   36515.4       35.5619      0.107433E-28
    1352      1.579840      1.579840      0.927582   36521.1       35.5619      0.107433E-28
    1354      1.582680      1.582680      0.927923   36526.7       35.5619      0.107433E-28
    1356      1.585520      1.585520      0.928262   36532.3       35.5619      0.107433E-28
    1358      1.588360      1.588360      0.928600   36537.7       35.5619      0.107433E-28
    1360      1.591200      1.591200      0.928936   36543.1       35.5619      0.107433E-28
    1362      1.594040      1.594040      0.929271   36548.5       35.5619      0.107433E-28
    1364      1.596880      1.596880      0.929604   36553.7       35.5619      0.107433E-28
    1366      1.599720      1.599720      0.929935   36558.9       35.5619      0.107433E-28
    1368      1.602560      1.602560      0.930265   36564.0       35.5619      0.107433E-28
    1370      1.605400      1.605400      0.930594   36569.1       35.5619      0.107433E-28
    1372      1.608240      1.608240      0.930920   36574.1       35.5619      0.107433E-28
    1374      1.611080      1.611080      0.931246   36579.0       35.5619      0.107433E-28
    1376      1.613920      1.613920      0.931569   36583.8       35.5619      0.107433E-28
    1378      1.616760      1.616760      0.931892   36588.6       35.5619      0.107433E-28
    1380      1.619600      1.619600      0.932212   36593.3       35.5619      0.107433E-28
    1382      1.622440      1.622440      0.932531   36598.0       35.5619      0.107433E-28
    1384      1.625280      1.625280      0.932849   36602.5       35.5619      0.107433E-28
    1386      1.628120      1.628120      0.933165   36607.0       35.5619      0.107433E-28
    1388      1.630960      1.630960      0.933480   36611.5       35.5619      0.107433E-28
    1390      1.633800      1.633800      0.933793   36615.9       35.5619      0.107433E-28
    1392      1.636640      1.636640      0.934105   36620.2       35.5619      0.107433E-28
    1394      1.639480      1.639480      0.934415   36624.5       35.5619      0.107433E-28
    1396      1.642320      1.642320      0.934724   36628.7       35.5619      0.107433E-28
    1398      1.645160      1.645160      0.935031   36632.8       35.5619      0.107433E-28
    1400      1.648000      1.648000      0.935337   36636.9       35.5619      0.107433E-28
    1402      1.650840      1.650840      0.935642   36640.9       35.5619      0.107433E-28
    1404      1.653680      1.653680      0.935945   36644.9       35.5619      0.107433E-28
    1406      1.656520      1.656520      0.936246   36648.8       35.5619      0.107433E-28
    1408      1.659360      1.659360      0.936546   36652.6       35.5619      0.107433E-28
    1410      1.662200      1.662200      0.936845   36656.4       35.5619      0.107433E-28
    1412      1.665040      1.665040      0.937142   36660.1       35.5619      0.107433E-28
    1414      1.667880      1.667880      0.937438   36663.8       35.5619      0.107433E-28
    1416      1.670720      1.670720      0.937733   36667.4       35.5619      0.107433E-28
    1418      1.673560      1.673560      0.938026   36671.0       35.5619      0.107433E-28
    1420      1.676400      1.676400      0.938318   36674.5       35.5619      0.107433E-28
    1422      1.679240      1.679240      0.938608   36677.9       35.5619      0.107433E-28
    1424      1.682080      1.682080      0.938897   36681.3       35.5619      0.107433E-28
    1426      1.684920      1.684920      0.939185   36684.6       35.5619      0.107433E-28
    1428      1.687760      1.687760      0.939471   36687.9       35.5619      0.107433E-28
    1430      1.690600      1.690600      0.939756   36691.2       35.5619      0.107433E-28
    1432      1.693440      1.693440      0.940040   36694.4       35.5619      0.107433E-28
    1434      1.696280      1.696280      0.940322   36697.5       35.5619      0.107433E-28
    1436      1.699120      1.699120      0.940603   36700.6       35.5619      0.107433E-28
    1438      1.701960      1.701960      0.940883   36703.6       35.5619      0.107433E-28
    1440      1.704800      1.704800      0.941161   36706.6       35.5619      0.107433E-28
    1442      1.707640      1.707640      0.941438   36709.5       35.5619      0.107433E-28
    1444      1.710480      1.710480      0.941714   36712.4       35.5619      0.107433E-28
    1446      1.713320      1.713320      0.941988   36715.2       35.5619      0.107433E-28
    1448      1.716160      1.716160      0.942262   36718.0       35.5619      0.107433E-28
    1450      1.719000      1.719000      0.942533   36720.8       35.5619      0.107433E-28
    1452      1.721840      1.721840      0.942804   36723.5       35.5619      0.107433E-28
    1454      1.724680      1.724680      0.943073   36726.1       35.5619      0.107433E-28
    1456      1.727520      1.727520      0.943341   36728.7       35.5619      0.107433E-28
    1458      1.730360      1.730360      0.943608   36731.3       35.5619      0.107433E-28
    1460      1.733200      1.733200      0.943874   36733.8       35.5619      0.107433E-28
    1462      1.736040      1.736040      0.944138   36736.3       35.5619      0.107433E-28
    1464      1.738880      1.738880      0.944401   36738.7       35.5619      0.107433E-28
    1466      1.741720      1.741720      0.944663   36741.1       35.5619      0.107433E-28
    1468      1.744560      1.744560      0.944923   36743.4       35.5619      0.107433E-28
    1470      1.747400      1.747400      0.945183   36745.7       35.5619      0.107433E-28
    1472      1.750240      1.750240      0.945441   36748.0       35.5619      0.107433E-28
    1474      1.753080      1.753080      0.945697   36750.2       35.5619      0.107433E-28
    1476      1.755920      1.755920      0.945953   36752.4       35.5619      0.107433E-28
    1478      1.758760      1.758760      0.946208   36754.5       35.5619      0.107433E-28
    1480      1.761600      1.761600      0.946461   36756.6       35.5619      0.107433E-28
    1482      1.764440      1.764440      0.946713   36758.6       35.5619      0.107433E-28
    1484      1.767280      1.767280      0.946964   36760.6       35.5619      0.107433E-28
    1486      1.770120      1.770120      0.947214   36762.6       35.5619      0.107433E-28
    1488      1.772960      1.772960      0.947462   36764.5       35.5619      0.107433E-28
    1490      1.775800      1.775800      0.947709   36766.4       35.5619      0.107433E-28
    1492      1.778640      1.778640      0.947956   36768.3       35.5619      0.107433E-28
    1494      1.781480      1.781480      0.948201   36770.1       35.5619      0.107433E-28
    1496      1.784320      1.784320      0.948445   36771.9       35.5619      0.107433E-28
    1498      1.787160      1.787160      0.948687   36773.6       35.5619      0.107433E-28
    1500      1.790000      1.790000      0.948929   36775.3       35.5619      0.107433E-28
    1502      1.792840      1.792840      0.949169   36777.0       35.5619      0.107433E-28
    1504      1.795680      1.795680      0.949409   36778.7       35.5619      0.107433E-28
    1506      1.798520      1.798520      0.949647   36780.3       35.5619      0.107433E-28
    1508      1.801360      1.801360      0.949884   36781.8       35.5619      0.107433E-28
    1510      1.804200      1.804200      0.950120   36783.4       35.5619      0.107433E-28
    1512      1.807040      1.807040      0.950355   36784.9       35.5619      0.107433E-28
    1514      1.809880      1.809880      0.950589   36786.3       35.5619      0.107433E-28
    1516      1.812720      1.812720      0.950821   36787.8       35.5619      0.107433E-28
    1518      1.815560      1.815560      0.951053   36789.2       35.5619      0.107433E-28
    1520      1.818400      1.818400      0.951283   36790.5       35.5619      0.107433E-28
    1522      1.821240      1.821240      0.951513   36791.9       35.5619      0.107433E-28
    1524      1.824080      1.824080      0.951741   36793.2       35.5619      0.107433E-28
    1526      1.826920      1.826920      0.951968   36794.4       35.5619      0.107433E-28
    1528      1.829760      1.829760      0.952194   36795.7       35.5619      0.107433E-28
    1530      1.832600      1.832600      0.952419   36796.9       35.5619      0.107433E-28
    1532      1.835440      1.835440      0.952643   36798.1       35.5619      0.107433E-28
    1534      1.838280      1.838280      0.952866   36799.2       35.5619      0.107433E-28
    1536      1.841120      1.841120      0.953088   36800.3       35.5619      0.107433E-28
    1538      1.843960      1.843960      0.953309   36801.4       35.5619      0.107433E-28
    1540      1.846800      1.846800      0.953529   36802.5       35.5619      0.107433E-28
    1542      1.849640      1.849640      0.953748   36803.5       35.5619      0.107433E-28
    1544      1.852480      1.852480      0.953965   36804.5       35.5619      0.107433E-28
    1546      1.855320      1.855320      0.954182   36805.5       35.5619      0.107433E-28
    1548      1.858160      1.858160      0.954398   36806.4       35.5619      0.107433E-28
    1550      1.861000      1.861000      0.954613   36807.3       35.5619      0.107433E-28
    1552      1.863840      1.863840      0.954826   36808.2       35.5619      0.107433E-28
    1554      1.866680      1.866680      0.955039   36809.1       35.5619      0.107433E-28
    1556      1.869520      1.869520      0.955251   36809.9       35.5619      0.107433E-28
    1558      1.872360      1.872360      0.955461   36810.7       35.5619      0.107433E-28
    1560      1.875200      1.875200      0.955671   36811.5       35.5619      0.107433E-28
    1562      1.878040      1.878040      0.955880   36812.3       35.5619      0.107433E-28
    1564      1.880880      1.880880      0.956088   36813.0       35.5619      0.107433E-28
    1566      1.883720      1.883720      0.956294   36813.7       35.5619      0.107433E-28
    1568      1.886560      1.886560      0.956500   36814.4       35.5619      0.107433E-28
    1570      1.889400      1.889400      0.956705   36815.1       35.5619      0.107433E-28
    1572      1.892240      1.892240      0.956909   36815.7       35.5619      0.107433E-28
    1574      1.895080      1.895080      0.957112   36816.3       35.5619      0.107433E-28
    1576      1.897920      1.897920      0.957314   36816.9       35.5619      0.107433E-28
    1578      1.900760      1.900760      0.957514   36817.5       35.5619      0.107433E-28
    1580      1.903600      1.903600      0.957715   36818.0       35.5619      0.107433E-28
    1582      1.906440      1.906440      0.957914   36818.5       35.5619      0.107433E-28
    1584      1.909280      1.909280      0.958112   36819.0       35.5619      0.107433E-28
    1586      1.912120      1.912120      0.958309   36819.5       35.5619      0.107433E-28
    1588      1.914960      1.914960      0.958505   36820.0       35.5619      0.107433E-28
    1590      1.917800      1.917800      0.958701   36820.4       35.5619      0.107433E-28
    1592      1.920640      1.920640      0.958895   36820.8       35.5619      0.107433E-28
    1594      1.923480      1.923480      0.959089   36821.2       35.5619      0.107433E-28
    1596      1.926320      1.926320      0.959281   36821.6       35.5619      0.107433E-28
    1598      1.929160      1.929160      0.959473   36821.9       35.5619      0.107433E-28
    1600      1.932000      1.932000      0.959664   36822.2       35.5619      0.107433E-28
    1602      1.934840      1.934840      0.959854   36822.5       35.5619      0.107433E-28
    1604      1.937680      1.937680      0.960043   36822.8       35.5619      0.107433E-28
    1606      1.940520      1.940520      0.960231   36823.1       35.5619      0.107433E-28
    1608      1.943360      1.943360      0.960418   36823.3       35.5619      0.107433E-28
    1610      1.946200      1.946200      0.960604   36823.6       35.5619      0.107433E-28
    1612      1.949040      1.949040      0.960790   36823.8       35.5619      0.107433E-28
    1614      1.951880      1.951880      0.960975   36823.9       35.5619      0.107433E-28
    1616      1.954720      1.954720      0.961158   36824.1       35.5619      0.107433E-28
    1618      1.957560      1.957560      0.961341   36824.3       35.5619      0.107433E-28
    1620      1.960400      1.960400      0.961523   36824.4       35.5619      0.107433E-28
    1622      1.963240      1.963240      0.961704   36824.5       35.5619      0.107433E-28
    1624      1.966080      1.966080      0.961885   36824.6       35.5619      0.107433E-28
    1626      1.968920      1.968920      0.962064   36824.7       35.5619      0.107433E-28
    1628      1.971760      1.971760      0.962243   36824.8       35.5619      0.107433E-28
    1630      1.974600      1.974600      0.962420   36824.8       35.5619      0.107433E-28
    1632      1.977440      1.977440      0.962597   36824.8       35.5619      0.107433E-28
    1634      1.980280      1.980280      0.962774   36824.9       35.5619      0.107433E-28
    1636      1.983120      1.983120      0.962949   36824.8       35.5619      0.107433E-28
    1638      1.985960      1.985960      0.963123   36824.8       35.5619      0.107433E-28
    1640      1.988800      1.988800      0.963297   36824.8       35.5619      0.107433E-28
    1642      1.991640      1.991640      0.963470   36824.7       35.5619      0.107433E-28
    1644      1.994480      1.994480      0.963642   36824.7       35.5619      0.107433E-28
    1646      1.997320      1.997320      0.963813   36824.6       35.5619      0.107433E-28
    1648      2.000160      2.000160      0.963983   36824.5       35.5619      0.107433E-28
    1650      2.003000      2.003000      0.964153   36824.4       35.5619      0.107433E-28
    1652      2.005840      2.005840      0.964322   36824.3       35.5619      0.107433E-28
    1654      2.008680      2.008680      0.964490   36824.1       35.5619      0.107433E-28
    1656      2.011520      2.011520      0.964657   36824.0       35.5619      0.107433E-28
    1658      2.014360      2.014360      0.964823   36823.8       35.5619      0.107433E-28
    1660      2.017200      2.017200      0.964989   36823.6       35.5619      0.107433E-28
    1662      2.020040      2.020040      0.965154   36823.4       35.5619      0.107433E-28
    1664      2.022880      2.022880      0.965318   36823.2       35.5619      0.107433E-28
    1666      2.025720      2.025720      0.965481   36823.0       35.5619      0.107433E-28
    1668      2.028560      2.028560      0.965644   36822.7       35.5619      0.107433E-28
    1670      2.031400      2.031400      0.965805   36822.5       35.5619      0.107433E-28
    1672      2.034240      2.034240      0.965966   36822.2       35.5619      0.107433E-28
    1674      2.037080      2.037080      0.966127   36822.0       35.5619      0.107433E-28
    1676      2.039920      2.039920      0.966286   36821.7       35.5619      0.107433E-28
    1678      2.042760      2.042760      0.966445   36821.4       35.5619      0.107433E-28
    1680      2.045600      2.045600      0.966603   36821.1       35.5619      0.107433E-28
    1682      2.048440      2.048440      0.966760   36820.7       35.5619      0.107433E-28
    1684      2.051280      2.051280      0.966916   36820.4       35.5619      0.107433E-28
    1686      2.054120      2.054120      0.967072   36820.0       35.5619      0.107433E-28
    1688      2.056960      2.056960      0.967227   36819.7       35.5619      0.107433E-28
    1690      2.059800      2.059800      0.967382   36819.3       35.5619      0.107433E-28
    1692      2.062640      2.062640      0.967535   36818.9       35.5619      0.107433E-28
    1694      2.065480      2.065480      0.967688   36818.5       35.5619      0.107433E-28
    1696      2.068320      2.068320      0.967840   36818.1       35.5619      0.107433E-28
    1698      2.071160      2.071160      0.967992   36817.7       35.5619      0.107433E-28
    1700      2.074000      2.074000      0.968142   36817.3       35.5619      0.107433E-28
    1702      2.076840      2.076840      0.968292   36816.9       35.5619      0.107433E-28
    1704      2.079680      2.079680      0.968442   36816.4       35.5619      0.107433E-28
    1706      2.082520      2.082520      0.968590   36816.0       35.5619      0.107433E-28
    1708      2.085360      2.085360      0.968738   36815.5       35.5619      0.107433E-28
    1710      2.088200      2.088200      0.968885   36815.0       35.5619      0.107433E-28
    1712      2.091040      2.091040      0.969032   36814.5       35.5619      0.107433E-28
    1714      2.093880      2.093880      0.969177   36814.1       35.5619      0.107433E-28
    1716      2.096720      2.096720      0.969323   36813.5       35.5619      0.107433E-28
    1718      2.099560      2.099560      0.969467   36813.0       35.5619      0.107433E-28
    1720      2.102400      2.102400      0.969611   36812.5       35.5619      0.107433E-28
    1722      2.105240      2.105240      0.969754   36812.0       35.5619      0.107433E-28
    1724      2.108080      2.108080      0.969896   36811.4       35.5619      0.107433E-28
    1726      2.110920      2.110920      0.970038   36810.9       35.5619      0.107433E-28
    1728      2.113760      2.113760      0.970179   36810.3       35.5619      0.107433E-28
    1730      2.116600      2.116600      0.970319   36809.8       35.5619      0.107433E-28
    1732      2.119440      2.119440      0.970459   36809.2       35.5619      0.107433E-28
    1734      2.122280      2.122280      0.970598   36808.6       35.5619      0.107433E-28
    1736      2.125120      2.125120      0.970737   36808.0       35.5619      0.107433E-28
    1738      2.127960      2.127960      0.970875   36807.4       35.5619      0.107433E-28
    1740      2.130800      2.130800      0.971012   36806.8       35.5619      0.107433E-28
    1742      2.133640      2.133640      0.971148   36806.2       35.5619      0.107433E-28
    1744      2.136480      2.136480      0.971284   36805.6       35.5619      0.107433E-28
    1746      2.139320      2.139320      0.971419   36805.0       35.5619      0.107433E-28
    1748      2.142160      2.142160      0.971554   36804.3       35.5619      0.107433E-28
    1750      2.145000      2.145000      0.971688   36803.7       35.5619      0.107433E-28
    1752      2.147840      2.147840      0.971821   36803.1       35.5619      0.107433E-28
    1754      2.150680      2.150680      0.971954   36802.4       35.5619      0.107433E-28
    1756      2.153520      2.153520      0.972086   36801.7       35.5619      0.107433E-28
    1758      2.156360      2.156360      0.972217   36801.1       35.5619      0.107433E-28
    1760      2.159200      2.159200      0.972348   36800.4       35.5619      0.107433E-28
    1762      2.162040      2.162040      0.972478   36799.7       35.5619      0.107433E-28
    1764      2.164880      2.164880      0.972608   36799.0       35.5619      0.107433E-28
    1766      2.167720      2.167720      0.972737   36798.3       35.5619      0.107433E-28
    1768      2.170560      2.170560      0.972865   36797.6       35.5619      0.107433E-28
    1770      2.173400      2.173400      0.972993   36796.9       35.5619      0.107433E-28
    1772      2.176240      2.176240      0.973120   36796.2       35.5619      0.107433E-28
    1774      2.179080      2.179080      0.973247   36795.5       35.5619      0.107433E-28
    1776      2.181920      2.181920      0.973372   36794.8       35.5619      0.107433E-28
    1778      2.184760      2.184760      0.973498   36794.1       35.5619      0.107433E-28
    1780      2.187600      2.187600      0.973623   36793.3       35.5619      0.107433E-28
    1782      2.190440      2.190440      0.973747   36792.6       35.5619      0.107433E-28
    1784      2.193280      2.193280      0.973870   36791.8       35.5619      0.107433E-28
    1786      2.196120      2.196120      0.973993   36791.1       35.5619      0.107433E-28
    1788      2.198960      2.198960      0.974116   36790.3       35.5619      0.107433E-28
    1790      2.201800      2.201800      0.974238   36789.6       35.5619      0.107433E-28
    1792      2.204640      2.204640      0.974359   36788.8       35.5619      0.107433E-28
    1794      2.207480      2.207480      0.974480   36788.0       35.5619      0.107433E-28
    1796      2.210320      2.210320      0.974600   36787.3       35.5619      0.107433E-28
    1798      2.213160      2.213160      0.974720   36786.5       35.5619      0.107433E-28
    1800      2.216000      2.216000      0.974839   36785.7       35.5619      0.107433E-28
    1802      2.218840      2.218840      0.974957   36784.9       35.5619      0.107433E-28
    1804      2.221680      2.221680      0.975075   36784.1       35.5619      0.107433E-28
    1806      2.224520      2.224520      0.975192   36783.3       35.5619      0.107433E-28
    1808      2.227360      2.227360      0.975309   36782.5       35.5619      0.107433E-28
    1810      2.230200      2.230200      0.975425   36781.7       35.5619      0.107433E-28
    1812      2.233040      2.233040      0.975541   36780.9       35.5619      0.107433E-28
    1814      2.235880      2.235880      0.975656   36780.1       35.5619      0.107433E-28
    1816      2.238720      2.238720      0.975771   36779.3       35.5619      0.107433E-28
    1818      2.241560      2.241560      0.975885   36778.5       35.5619      0.107433E-28
    1820      2.244400      2.244400      0.975998   36777.7       35.5619      0.107433E-28
    1822      2.247240      2.247240      0.976111   36776.8       35.5619      0.107433E-28
    1824      2.250080      2.250080      0.976224   36776.0       35.5619      0.107433E-28
    1826      2.252920      2.252920      0.976336   36775.2       35.5619      0.107433E-28
    1828      2.255760      2.255760      0.976447   36774.3       35.5619      0.107433E-28
    1830      2.258600      2.258600      0.976558   36773.5       35.5619      0.107433E-28
    1832      2.261440      2.261440      0.976669   36772.7       35.5619      0.107433E-28
    1834      2.264280      2.264280      0.976778   36771.8       35.5619      0.107433E-28
    1836      2.267120      2.267120      0.976888   36771.0       35.5619      0.107433E-28
    1838      2.269960      2.269960      0.976997   36770.1       35.5619      0.107433E-28
    1840      2.272800      2.272800      0.977105   36769.3       35.5619      0.107433E-28
    1842      2.275640      2.275640      0.977213   36768.4       35.5619      0.107433E-28
    1844      2.278480      2.278480      0.977320   36767.6       35.5619      0.107433E-28
    1846      2.281320      2.281320      0.977427   36766.7       35.5619      0.107433E-28
    1848      2.284160      2.284160      0.977533   36765.8       35.5619      0.107433E-28
    1850      2.287000      2.287000      0.977639   36765.0       35.5619      0.107433E-28
    1852      2.289840      2.289840      0.977744   36764.1       35.5619      0.107433E-28
    1854      2.292680      2.292680      0.977849   36763.2       35.5619      0.107433E-28
    1856      2.295520      2.295520      0.977953   36762.4       35.5619      0.107433E-28
    1858      2.298360      2.298360      0.978057   36761.5       35.5619      0.107433E-28
    1860      2.301200      2.301200      0.978160   36760.6       35.5619      0.107433E-28
    1862      2.304040      2.304040      0.978263   36759.7       35.5619      0.107433E-28
    1864      2.306880      2.306880      0.978365   36758.8       35.5619      0.107433E-28
    1866      2.309720      2.309720      0.978467   36758.0       35.5619      0.107433E-28
    1868      2.312560      2.312560      0.978569   36757.1       35.5619      0.107433E-28
    1870      2.315400      2.315400      0.978670   36756.2       35.5619      0.107433E-28
    1872      2.318240      2.318240      0.978770   36755.3       35.5619      0.107433E-28
    1874      2.321080      2.321080      0.978870   36754.4       35.5619      0.107433E-28
    1876      2.323920      2.323920      0.978969   36753.5       35.5619      0.107433E-28
    1878      2.326760      2.326760      0.979068   36752.6       35.5619      0.107433E-28
    1880      2.329600      2.329600      0.979167   36751.7       35.5619      0.107433E-28
    1882      2.332440      2.332440      0.979265   36750.8       35.5619      0.107433E-28
    1884      2.335280      2.335280      0.979363   36749.9       35.5619      0.107433E-28
    1886      2.338120      2.338120      0.979460   36749.0       35.5619      0.107433E-28
    1888      2.340960      2.340960      0.979557   36748.1       35.5619      0.107433E-28
    1890      2.343800      2.343800      0.979653   36747.2       35.5619      0.107433E-28
    1892      2.346640      2.346640      0.979749   36746.3       35.5619      0.107433E-28
    1894      2.349480      2.349480      0.979844   36745.4       35.5619      0.107433E-28
    1896      2.352320      2.352320      0.979939   36744.5       35.5619      0.107433E-28
    1898      2.355160      2.355160      0.980033   36743.6       35.5619      0.107433E-28
    1900      2.358000      2.358000      0.980127   36742.7       35.5619      0.107433E-28
    1902      2.360840      2.360840      0.980221   36741.8       35.5619      0.107433E-28
    1904      2.363680      2.363680      0.980314   36740.9       35.5619      0.107433E-28
    1906      2.366520      2.366520      0.980407   36740.0       35.5619      0.107433E-28
    1908      2.369360      2.369360      0.980499   36739.1       35.5619      0.107433E-28
    1910      2.372200      2.372200      0.980591   36738.2       35.5619      0.107433E-28
    1912      2.375040      2.375040      0.980682   36737.2       35.5619      0.107433E-28
    1914      2.377880      2.377880      0.980773   36736.3       35.5619      0.107433E-28
    1916      2.380720      2.380720      0.980864   36735.4       35.5619      0.107433E-28
    1918      2.383560      2.383560      0.980954   36734.5       35.5619      0.107433E-28
    1920      2.386400      2.386400      0.981043   36733.6       35.5619      0.107433E-28
    1922      2.389240      2.389240      0.981133   36732.7       35.5619      0.107433E-28
    1924      2.392080      2.392080      0.981222   36731.8       35.5619      0.107433E-28
    1926      2.394920      2.394920      0.981310   36730.8       35.5619      0.107433E-28
    1928      2.397760      2.397760      0.981398   36729.9       35.5619      0.107433E-28
    1930      2.400600      2.400600      0.981486   36729.0       35.5619      0.107433E-28
    1932      2.403440      2.403440      0.981573   36728.1       35.5619      0.107433E-28
    1934      2.406280      2.406280      0.981659   36727.2       35.5619      0.107433E-28
    1936      2.409120      2.409120      0.981746   36726.3       35.5619      0.107433E-28
    1938      2.411960      2.411960      0.981832   36725.3       35.5619      0.107433E-28
    1940      2.414800      2.414800      0.981917   36724.4       35.5619      0.107433E-28
    1942      2.417640      2.417640      0.982002   36723.5       35.5619      0.107433E-28
    1944      2.420480      2.420480      0.982087   36722.6       35.5619      0.107433E-28
    1946      2.423320      2.423320      0.982172   36721.7       35.5619      0.107433E-28
    1948      2.426160      2.426160      0.982255   36720.8       35.5619      0.107433E-28
    1950      2.429000      2.429000      0.982339   36719.8       35.5619      0.107433E-28
    1952      2.431840      2.431840      0.982422   36718.9       35.5619      0.107433E-28
    1954      2.434680      2.434680      0.982505   36718.0       35.5619      0.107433E-28
    1956      2.437520      2.437520      0.982587   36717.1       35.5619      0.107433E-28
    1958      2.440360      2.440360      0.982669   36716.2       35.5619      0.107433E-28
    1960      2.443200      2.443200      0.982751   36715.3       35.5619      0.107433E-28
    1962      2.446040      2.446040      0.982832   36714.3       35.5619      0.107433E-28
    1964      2.448880      2.448880      0.982913   36713.4       35.5619      0.107433E-28
    1966      2.451720      2.451720      0.982993   36712.5       35.5619      0.107433E-28
    1968      2.454560      2.454560      0.983073   36711.6       35.5619      0.107433E-28
    1970      2.457400      2.457400      0.983153   36710.7       35.5619      0.107433E-28
    1972      2.460240      2.460240      0.983232   36709.8       35.5619      0.107433E-28
    1974      2.463080      2.463080      0.983311   36708.9       35.5619      0.107433E-28
    1976      2.465920      2.465920      0.983390   36708.0       35.5619      0.107433E-28
    1978      2.468760      2.468760      0.983468   36707.0       35.5619      0.107433E-28
    1980      2.471600      2.471600      0.983546   36706.1       35.5619      0.107433E-28
    1982      2.474440      2.474440      0.983623   36705.2       35.5619      0.107433E-28
    1984      2.477280      2.477280      0.983701   36704.3       35.5619      0.107433E-28
    1986      2.480120      2.480120      0.983777   36703.4       35.5619      0.107433E-28
    1988      2.482960      2.482960      0.983854   36702.5       35.5619      0.107433E-28
    1990      2.485800      2.485800      0.983930   36701.6       35.5619      0.107433E-28
    1992      2.488640      2.488640      0.984005   36700.7       35.5619      0.107433E-28
    1994      2.491480      2.491480      0.984081   36699.8       35.5619      0.107433E-28
    1996      2.494320      2.494320      0.984156   36698.9       35.5619      0.107433E-28
    1998      2.497160      2.497160      0.984230   36698.0       35.5619      0.107433E-28
    2000      2.500000      2.500000      0.984304   36697.1       35.5619      0.107433E-28

 Outmost points of the nonvanishing wave-functions are: [     1...  1999], i.e. [   -0.338580...    2.498580] 

 Numerov-energies are:
       0        0.00000000
       1     3621.00186415
       2     7072.18151182
       3    10355.22601497
       4    13470.48597130
       5    16416.94752028
       6    19192.19859877
       7    21792.34590221
       8    24211.84852196
       9    26443.23676906
      10    28476.66435299
      11    30299.17022912
      12    31893.32822230
      13    33234.34529825
      14    34281.90540898
      15    34938.47904724
      16    35201.15425962
      17    35597.71640147
      18    36102.37677755
Zero-point-energy is :       1867.153105
<   0|H|   0> =      1867.153117<-     1867.153117; <   0|   0> =         1.000000
<   0|H|   1> =         0.65E-04<-        0.0     ; <   0|   1> =         0.30E-34<-        0.0
<   0|H|   2> =        -0.20E-03<-        0.0     ; <   0|   2> =        -0.20E-34<-        0.0
<   0|H|   3> =        -0.39E-03<-        0.0     ; <   0|   3> =        -0.11E-34<-        0.0
<   0|H|   4> =         0.61E-03<-        0.0     ; <   0|   4> =         0.12E-34<-        0.0
<   0|H|   5> =         0.91E-03<-        0.0     ; <   0|   5> =        -0.40E-35<-        0.0
<   0|H|   6> =         0.13E-02<-        0.0     ; <   0|   6> =         0.56E-35<-        0.0
<   0|H|   7> =        -0.18E-02<-        0.0     ; <   0|   7> =        -0.72E-35<-        0.0
<   0|H|   8> =        -0.23E-02<-        0.0     ; <   0|   8> =        -0.42E-35<-        0.0
<   0|H|   9> =        -0.28E-02<-        0.0     ; <   0|   9> =         0.43E-35<-        0.0
<   0|H|  10> =        -0.33E-02<-        0.0     ; <   0|  10> =        -0.18E-35<-        0.0
<   0|H|  11> =        -0.36E-02<-        0.0     ; <   0|  11> =        -0.76E-36<-        0.0
<   0|H|  12> =        -0.38E-02<-        0.0     ; <   0|  12> =         0.47E-35<-        0.0
<   0|H|  13> =         0.39E-02<-        0.0     ; <   0|  13> =         0.12E-35<-        0.0
<   0|H|  14> =         0.36E-02<-        0.0     ; <   0|  14> =         0.93E-37<-        0.0
<   0|H|  15> =         0.25E-02<-        0.0     ; <   0|  15> =         0.69E-36<-        0.0
<   0|H|  16> =         0.22E-02<-        0.0     ; <   0|  16> =         0.73E-36<-        0.0
<   0|H|  17> =         0.28E-02<-        0.0     ; <   0|  17> =         0.15E-35<-        0.0
<   0|H|  18> =         0.32E-02<-        0.0     ; <   0|  18> =         0.46E-36<-        0.0
<   1|H|   1> =      5488.155149<-     5488.155149; <   1|   1> =         1.000000
<   1|H|   2> =        -0.53E-03<-        0.0     ; <   1|   2> =        -0.19E-34<-        0.0
<   1|H|   3> =        -0.12E-02<-        0.0     ; <   1|   3> =        -0.40E-35<-        0.0
<   1|H|   4> =         0.21E-02<-        0.0     ; <   1|   4> =         0.14E-34<-        0.0
<   1|H|   5> =         0.31E-02<-        0.0     ; <   1|   5> =        -0.15E-35<-        0.0
<   1|H|   6> =         0.44E-02<-        0.0     ; <   1|   6> =        -0.48E-35<-        0.0
<   1|H|   7> =        -0.59E-02<-        0.0     ; <   1|   7> =        -0.85E-35<-        0.0
<   1|H|   8> =        -0.76E-02<-        0.0     ; <   1|   8> =         0.50E-35<-        0.0
<   1|H|   9> =        -0.93E-02<-        0.0     ; <   1|   9> =        -0.54E-36<-        0.0
<   1|H|  10> =        -0.11E-01<-        0.0     ; <   1|  10> =         0.23E-35<-        0.0
<   1|H|  11> =        -0.12E-01<-        0.0     ; <   1|  11> =         0.23E-35<-        0.0
<   1|H|  12> =        -0.13E-01<-        0.0     ; <   1|  12> =         0.13E-35<-        0.0
<   1|H|  13> =         0.13E-01<-        0.0     ; <   1|  13> =         0.41E-35<-        0.0
<   1|H|  14> =         0.12E-01<-        0.0     ; <   1|  14> =        -0.10E-35<-        0.0
<   1|H|  15> =         0.82E-02<-        0.0     ; <   1|  15> =         0.36E-36<-        0.0
<   1|H|  16> =         0.73E-02<-        0.0     ; <   1|  16> =         0.31E-35<-        0.0
<   1|H|  17> =         0.93E-02<-        0.0     ; <   1|  17> =        -0.34E-35<-        0.0
<   1|H|  18> =         0.11E-01<-        0.0     ; <   1|  18> =        -0.14E-35<-        0.0
<   2|H|   2> =      8939.335781<-     8939.335781; <   2|   2> =         1.000000
<   2|H|   3> =         0.25E-02<-        0.0     ; <   2|   3> =         0.45E-34<-        0.0
<   2|H|   4> =        -0.48E-02<-        0.0     ; <   2|   4> =         0.11E-34<-        0.0
<   2|H|   5> =        -0.76E-02<-        0.0     ; <   2|   5> =        -0.79E-35<-        0.0
<   2|H|   6> =        -0.11E-01<-        0.0     ; <   2|   6> =         0.84E-35<-        0.0
<   2|H|   7> =         0.14E-01<-        0.0     ; <   2|   7> =        -0.10E-34<-        0.0
<   2|H|   8> =         0.18E-01<-        0.0     ; <   2|   8> =        -0.33E-35<-        0.0
<   2|H|   9> =         0.22E-01<-        0.0     ; <   2|   9> =        -0.56E-35<-        0.0
<   2|H|  10> =         0.26E-01<-        0.0     ; <   2|  10> =        -0.48E-35<-        0.0
<   2|H|  11> =         0.28E-01<-        0.0     ; <   2|  11> =        -0.27E-35<-        0.0
<   2|H|  12> =         0.30E-01<-        0.0     ; <   2|  12> =         0.60E-35<-        0.0
<   2|H|  13> =        -0.30E-01<-        0.0     ; <   2|  13> =         0.47E-35<-        0.0
<   2|H|  14> =        -0.28E-01<-        0.0     ; <   2|  14> =         0.17E-35<-        0.0
<   2|H|  15> =        -0.19E-01<-        0.0     ; <   2|  15> =        -0.31E-35<-        0.0
<   2|H|  16> =        -0.17E-01<-        0.0     ; <   2|  16> =         0.52E-36<-        0.0
<   2|H|  17> =        -0.22E-01<-        0.0     ; <   2|  17> =        -0.13E-35<-        0.0
<   2|H|  18> =        -0.25E-01<-        0.0     ; <   2|  18> =        -0.33E-35<-        0.0
<   3|H|   3> =     12222.383944<-    12222.383944; <   3|   3> =         1.000000
<   3|H|   4> =        -0.88E-02<-        0.0     ; <   3|   4> =         0.16E-34<-        0.0
<   3|H|   5> =        -0.14E-01<-        0.0     ; <   3|   5> =        -0.26E-34<-        0.0
<   3|H|   6> =        -0.21E-01<-        0.0     ; <   3|   6> =         0.42E-35<-        0.0
<   3|H|   7> =         0.28E-01<-        0.0     ; <   3|   7> =         0.60E-35<-        0.0
<   3|H|   8> =         0.36E-01<-        0.0     ; <   3|   8> =         0.74E-35<-        0.0
<   3|H|   9> =         0.43E-01<-        0.0     ; <   3|   9> =         0.49E-35<-        0.0
<   3|H|  10> =         0.50E-01<-        0.0     ; <   3|  10> =        -0.33E-36<-        0.0
<   3|H|  11> =         0.56E-01<-        0.0     ; <   3|  11> =        -0.64E-35<-        0.0
<   3|H|  12> =         0.59E-01<-        0.0     ; <   3|  12> =         0.75E-36<-        0.0
<   3|H|  13> =        -0.59E-01<-        0.0     ; <   3|  13> =        -0.10E-34<-        0.0
<   3|H|  14> =        -0.55E-01<-        0.0     ; <   3|  14> =        -0.50E-35<-        0.0
<   3|H|  15> =        -0.38E-01<-        0.0     ; <   3|  15> =        -0.22E-36<-        0.0
<   3|H|  16> =        -0.34E-01<-        0.0     ; <   3|  16> =        -0.12E-35<-        0.0
<   3|H|  17> =        -0.43E-01<-        0.0     ; <   3|  17> =         0.57E-36<-        0.0
<   3|H|  18> =        -0.49E-01<-        0.0     ; <   3|  18> =        -0.34E-36<-        0.0
<   4|H|   4> =     15337.653990<-    15337.653990; <   4|   4> =         1.000000
<   4|H|   5> =         0.24E-01<-        0.0     ; <   4|   5> =        -0.21E-34<-        0.0
<   4|H|   6> =         0.36E-01<-        0.0     ; <   4|   6> =        -0.27E-34<-        0.0
<   4|H|   7> =        -0.49E-01<-        0.0     ; <   4|   7> =         0.21E-34<-        0.0
<   4|H|   8> =        -0.62E-01<-        0.0     ; <   4|   8> =         0.12E-34<-        0.0
<   4|H|   9> =        -0.75E-01<-        0.0     ; <   4|   9> =         0.17E-35<-        0.0
<   4|H|  10> =        -0.87E-01<-        0.0     ; <   4|  10> =         0.20E-35<-        0.0
<   4|H|  11> =        -0.97E-01<-        0.0     ; <   4|  11> =         0.34E-37<-        0.0
<   4|H|  12> =        -0.10E+00<-        0.0     ; <   4|  12> =        -0.24E-35<-        0.0
<   4|H|  13> =         0.10E+00<-        0.0     ; <   4|  13> =        -0.49E-35<-        0.0
<   4|H|  14> =         0.95E-01<-        0.0     ; <   4|  14> =         0.74E-35<-        0.0
<   4|H|  15> =         0.66E-01<-        0.0     ; <   4|  15> =         0.23E-35<-        0.0
<   4|H|  16> =         0.59E-01<-        0.0     ; <   4|  16> =        -0.42E-36<-        0.0
<   4|H|  17> =         0.74E-01<-        0.0     ; <   4|  17> =         0.26E-35<-        0.0
<   4|H|  18> =         0.85E-01<-        0.0     ; <   4|  18> =        -0.16E-35<-        0.0
<   5|H|   5> =     18284.137880<-    18284.137880; <   5|   5> =         1.000000
<   5|H|   6> =         0.55E-01<-        0.0     ; <   5|   6> =         0.10E-34<-        0.0
<   5|H|   7> =        -0.76E-01<-        0.0     ; <   5|   7> =         0.93E-35<-        0.0
<   5|H|   8> =        -0.98E-01<-        0.0     ; <   5|   8> =        -0.14E-34<-        0.0
<   5|H|   9> =        -0.12E+00<-        0.0     ; <   5|   9> =         0.66E-35<-        0.0
<   5|H|  10> =        -0.14E+00<-        0.0     ; <   5|  10> =         0.21E-35<-        0.0
<   5|H|  11> =        -0.15E+00<-        0.0     ; <   5|  11> =         0.47E-35<-        0.0
<   5|H|  12> =        -0.16E+00<-        0.0     ; <   5|  12> =        -0.14E-34<-        0.0
<   5|H|  13> =         0.16E+00<-        0.0     ; <   5|  13> =         0.50E-36<-        0.0
<   5|H|  14> =         0.15E+00<-        0.0     ; <   5|  14> =         0.29E-35<-        0.0
<   5|H|  15> =         0.10E+00<-        0.0     ; <   5|  15> =         0.38E-35<-        0.0
<   5|H|  16> =         0.92E-01<-        0.0     ; <   5|  16> =        -0.22E-35<-        0.0
<   5|H|  17> =         0.12E+00<-        0.0     ; <   5|  17> =        -0.22E-35<-        0.0
<   5|H|  18> =         0.13E+00<-        0.0     ; <   5|  18> =         0.68E-35<-        0.0
<   6|H|   6> =     21059.430504<-    21059.430504; <   6|   6> =         1.000000
<   6|H|   7> =        -0.11E+00<-        0.0     ; <   6|   7> =         0.15E-33<-        0.0
<   6|H|   8> =        -0.14E+00<-        0.0     ; <   6|   8> =        -0.14E-34<-        0.0
<   6|H|   9> =        -0.17E+00<-        0.0     ; <   6|   9> =         0.73E-35<-        0.0
<   6|H|  10> =        -0.20E+00<-        0.0     ; <   6|  10> =        -0.21E-35<-        0.0
<   6|H|  11> =        -0.22E+00<-        0.0     ; <   6|  11> =         0.11E-34<-        0.0
<   6|H|  12> =        -0.23E+00<-        0.0     ; <   6|  12> =        -0.11E-35<-        0.0
<   6|H|  13> =         0.23E+00<-        0.0     ; <   6|  13> =        -0.11E-35<-        0.0
<   6|H|  14> =         0.21E+00<-        0.0     ; <   6|  14> =         0.35E-35<-        0.0
<   6|H|  15> =         0.15E+00<-        0.0     ; <   6|  15> =        -0.49E-35<-        0.0
<   6|H|  16> =         0.13E+00<-        0.0     ; <   6|  16> =        -0.18E-36<-        0.0
<   6|H|  17> =         0.17E+00<-        0.0     ; <   6|  17> =         0.64E-36<-        0.0
<   6|H|  18> =         0.19E+00<-        0.0     ; <   6|  18> =        -0.61E-35<-        0.0
<   7|H|   7> =     23659.644395<-    23659.644395; <   7|   7> =         1.000000
<   7|H|   8> =         0.19E+00<-        0.0     ; <   7|   8> =         0.31E-34<-        0.0
<   7|H|   9> =         0.23E+00<-        0.0     ; <   7|   9> =        -0.10E-34<-        0.0
<   7|H|  10> =         0.27E+00<-        0.0     ; <   7|  10> =        -0.29E-34<-        0.0
<   7|H|  11> =         0.30E+00<-        0.0     ; <   7|  11> =         0.38E-36<-        0.0
<   7|H|  12> =         0.31E+00<-        0.0     ; <   7|  12> =        -0.85E-35<-        0.0
<   7|H|  13> =        -0.32E+00<-        0.0     ; <   7|  13> =        -0.46E-35<-        0.0
<   7|H|  14> =        -0.29E+00<-        0.0     ; <   7|  14> =         0.62E-35<-        0.0
<   7|H|  15> =        -0.20E+00<-        0.0     ; <   7|  15> =         0.11E-35<-        0.0
<   7|H|  16> =        -0.18E+00<-        0.0     ; <   7|  16> =         0.42E-35<-        0.0
<   7|H|  17> =        -0.23E+00<-        0.0     ; <   7|  17> =        -0.31E-35<-        0.0
<   7|H|  18> =        -0.26E+00<-        0.0     ; <   7|  18> =        -0.70E-38<-        0.0
<   8|H|   8> =     26079.240328<-    26079.240328; <   8|   8> =         1.000000
<   8|H|   9> =         0.29E+00<-        0.0     ; <   8|   9> =        -0.33E-34<-        0.0
<   8|H|  10> =         0.34E+00<-        0.0     ; <   8|  10> =         0.72E-35<-        0.0
<   8|H|  11> =         0.38E+00<-        0.0     ; <   8|  11> =        -0.19E-34<-        0.0
<   8|H|  12> =         0.40E+00<-        0.0     ; <   8|  12> =        -0.72E-35<-        0.0
<   8|H|  13> =        -0.40E+00<-        0.0     ; <   8|  13> =        -0.96E-35<-        0.0
<   8|H|  14> =        -0.37E+00<-        0.0     ; <   8|  14> =         0.36E-35<-        0.0
<   8|H|  15> =        -0.26E+00<-        0.0     ; <   8|  15> =        -0.96E-36<-        0.0
<   8|H|  16> =        -0.23E+00<-        0.0     ; <   8|  16> =         0.13E-35<-        0.0
<   8|H|  17> =        -0.29E+00<-        0.0     ; <   8|  17> =         0.11E-35<-        0.0
<   8|H|  18> =        -0.33E+00<-        0.0     ; <   8|  18> =         0.37E-35<-        0.0
<   9|H|   9> =     28310.743420<-    28310.743420; <   9|   9> =         1.000000
<   9|H|  10> =         0.41E+00<-        0.0     ; <   9|  10> =        -0.16E-34<-        0.0
<   9|H|  11> =         0.46E+00<-        0.0     ; <   9|  11> =         0.15E-34<-        0.0
<   9|H|  12> =         0.49E+00<-        0.0     ; <   9|  12> =        -0.21E-34<-        0.0
<   9|H|  13> =        -0.49E+00<-        0.0     ; <   9|  13> =        -0.73E-35<-        0.0
<   9|H|  14> =        -0.45E+00<-        0.0     ; <   9|  14> =        -0.74E-35<-        0.0
<   9|H|  15> =        -0.32E+00<-        0.0     ; <   9|  15> =         0.86E-35<-        0.0
<   9|H|  16> =        -0.28E+00<-        0.0     ; <   9|  16> =         0.17E-35<-        0.0
<   9|H|  17> =        -0.36E+00<-        0.0     ; <   9|  17> =         0.81E-35<-        0.0
<   9|H|  18> =        -0.41E+00<-        0.0     ; <   9|  18> =         0.56E-35<-        0.0
<  10|H|  10> =     30344.294055<-    30344.294055; <  10|  10> =         1.000000
<  10|H|  11> =         0.53E+00<-        0.0     ; <  10|  11> =        -0.39E-34<-        0.0
<  10|H|  12> =         0.56E+00<-        0.0     ; <  10|  12> =         0.19E-35<-        0.0
<  10|H|  13> =        -0.57E+00<-        0.0     ; <  10|  13> =         0.47E-37<-        0.0
<  10|H|  14> =        -0.52E+00<-        0.0     ; <  10|  14> =         0.13E-34<-        0.0
<  10|H|  15> =        -0.37E+00<-        0.0     ; <  10|  15> =        -0.92E-35<-        0.0
<  10|H|  16> =        -0.33E+00<-        0.0     ; <  10|  16> =        -0.81E-35<-        0.0
<  10|H|  17> =        -0.41E+00<-        0.0     ; <  10|  17> =         0.14E-35<-        0.0
<  10|H|  18> =        -0.47E+00<-        0.0     ; <  10|  18> =        -0.15E-35<-        0.0
<  11|H|  11> =     32166.910468<-    32166.910468; <  11|  11> =         1.000000
<  11|H|  12> =         0.62E+00<-        0.0     ; <  11|  12> =        -0.16E-34<-        0.0
<  11|H|  13> =        -0.63E+00<-        0.0     ; <  11|  13> =        -0.98E-35<-        0.0
<  11|H|  14> =        -0.58E+00<-        0.0     ; <  11|  14> =         0.99E-35<-        0.0
<  11|H|  15> =        -0.40E+00<-        0.0     ; <  11|  15> =         0.66E-35<-        0.0
<  11|H|  16> =        -0.36E+00<-        0.0     ; <  11|  16> =        -0.60E-35<-        0.0
<  11|H|  17> =        -0.46E+00<-        0.0     ; <  11|  17> =        -0.97E-35<-        0.0
<  11|H|  18> =        -0.52E+00<-        0.0     ; <  11|  18> =         0.36E-35<-        0.0
<  12|H|  12> =     33761.140614<-    33761.140614; <  12|  12> =         1.000000
<  12|H|  13> =        -0.66E+00<-        0.0     ; <  12|  13> =        -0.15E-34<-        0.0
<  12|H|  14> =        -0.61E+00<-        0.0     ; <  12|  14> =         0.15E-35<-        0.0
<  12|H|  15> =        -0.43E+00<-        0.0     ; <  12|  15> =        -0.15E-34<-        0.0
<  12|H|  16> =        -0.38E+00<-        0.0     ; <  12|  16> =        -0.17E-35<-        0.0
<  12|H|  17> =        -0.48E+00<-        0.0     ; <  12|  17> =         0.18E-34<-        0.0
<  12|H|  18> =        -0.55E+00<-        0.0     ; <  12|  18> =        -0.19E-35<-        0.0
<  13|H|  13> =     35102.162518<-    35102.162518; <  13|  13> =         1.000000
<  13|H|  14> =         0.61E+00<-        0.0     ; <  13|  14> =         0.92E-34<-        0.0
<  13|H|  15> =         0.43E+00<-        0.0     ; <  13|  15> =        -0.62E-34<-        0.0
<  13|H|  16> =         0.38E+00<-        0.0     ; <  13|  16> =        -0.12E-34<-        0.0
<  13|H|  17> =         0.48E+00<-        0.0     ; <  13|  17> =         0.12E-34<-        0.0
<  13|H|  18> =         0.55E+00<-        0.0     ; <  13|  18> =         0.32E-34<-        0.0
<  14|H|  14> =     36149.624719<-    36149.624719; <  14|  14> =         1.000000
<  14|H|  15> =         0.39E+00<-        0.0     ; <  14|  15> =         0.18E-34<-        0.0
<  14|H|  16> =         0.35E+00<-        0.0     ; <  14|  16> =        -0.46E-34<-        0.0
<  14|H|  17> =         0.44E+00<-        0.0     ; <  14|  17> =        -0.35E-34<-        0.0
<  14|H|  18> =         0.51E+00<-        0.0     ; <  14|  18> =         0.12E-34<-        0.0
<  15|H|  15> =     36805.938491<-    36805.938491; <  15|  15> =         1.000000
<  15|H|  16> =         0.14E+00<-        0.0     ; <  15|  16> =         0.65E-35<-        0.0
<  15|H|  17> =         0.46E+00<-        0.0     ; <  15|  17> =         0.23E-34<-        0.0
<  15|H|  18> =         0.17E+00<-        0.0     ; <  15|  18> =        -0.17E-34<-        0.0
<  16|H|  16> =     37068.891367<-    37068.891367; <  16|  16> =         1.000000
<  16|H|  17> =        -0.22E+00<-        0.0     ; <  16|  17> =         0.67E-34<-        0.0
<  16|H|  18> =         0.94E+00<-        0.0     ; <  16|  18> =        -0.39E-34<-        0.0
<  17|H|  17> =     37465.895190<-    37465.895190; <  17|  17> =         1.000000
<  17|H|  18> =        -0.44E+00<-        0.0     ; <  17|  18> =        -0.17E-34<-        0.0
<  18|H|  18> =     37971.043150<-    37971.043150; <  18|  18> =         1.000000
Maximal deviation sigma =  | <i|H|j>-E delta_ij | is         0.93730842
rms deviation is         0.51016481

Primitive matrix elements...
 1D basis set #        1 (1DNUMEROV #   1)
 Order    =      8
 Size     =     18
 Nmodes   =      1
 Modes:     1
 params  =         0.00000000        0.00000000        0.00000000
FLbset1DNew/end

FLbset1DNew/start

Numerov matrix elements calculations
vmax        =       28
maxorder    =        8
icoord      =    2
rho_b (x)   =      -0.4000      1.8000
rhostep (x) =       0.0011
grid values (i,rho,rho_kinet,rho_poten,poten, mu_rr, f): 
       0     -0.400000     -0.400000     -1.924051   37576.5       3.07270       0.00000    
       2     -0.397800     -0.397800     -1.906846   36863.7       3.07270       0.00000    
       4     -0.395600     -0.395600     -1.889742   36165.5       3.07270       0.00000    
       6     -0.393400     -0.393400     -1.872739   35481.4       3.07270       0.00000    
       8     -0.391200     -0.391200     -1.855836   34811.3       3.07270       0.00000    
      10     -0.389000     -0.389000     -1.839033   34154.8       3.07270       0.00000    
      12     -0.386800     -0.386800     -1.822328   33511.5       3.07270       0.00000    
      14     -0.384600     -0.384600     -1.805721   32881.2       3.07270       0.00000    
      16     -0.382400     -0.382400     -1.789213   32263.5       3.07270       0.00000    
      18     -0.380200     -0.380200     -1.772801   31658.2       3.07270       0.00000    
      20     -0.378000     -0.378000     -1.756486   31064.9       3.07270       0.00000    
      22     -0.375800     -0.375800     -1.740267   30483.3       3.07270       0.00000    
      24     -0.373600     -0.373600     -1.724143   29913.2       3.07270       0.00000    
      26     -0.371400     -0.371400     -1.708115   29354.2       3.07270       0.00000    
      28     -0.369200     -0.369200     -1.692180   28806.1       3.07270       0.00000    
      30     -0.367000     -0.367000     -1.676339   28268.6       3.07270       0.00000    
      32     -0.364800     -0.364800     -1.660592   27741.4       3.07270       0.00000    
      34     -0.362600     -0.362600     -1.644937   27224.3       3.07270       0.00000    
      36     -0.360400     -0.360400     -1.629374   26716.9       3.07270       0.00000    
      38     -0.358200     -0.358200     -1.613903   26219.1       3.07270       0.00000    
      40     -0.356000     -0.356000     -1.598523   25730.6       3.07270       0.00000    
      42     -0.353800     -0.353800     -1.583234   25251.2       3.07270       0.00000    
      44     -0.351600     -0.351600     -1.568034   24780.6       3.07270       0.00000    
      46     -0.349400     -0.349400     -1.552924   24318.6       3.07270       0.00000    
      48     -0.347200     -0.347200     -1.537903   23865.0       3.07270       0.00000    
      50     -0.345000     -0.345000     -1.522970   23419.6       3.07270       0.00000    
      52     -0.342800     -0.342800     -1.508125   22982.1       3.07270       0.00000    
      54     -0.340600     -0.340600     -1.493367   22552.4       3.07270       0.00000    
      56     -0.338400     -0.338400     -1.478696   22130.3       3.07270       0.00000    
      58     -0.336200     -0.336200     -1.464112   21715.6       3.07270       0.00000    
      60     -0.334000     -0.334000     -1.449613   21308.1       3.07270       0.00000    
      62     -0.331800     -0.331800     -1.435199   20907.6       3.07270       0.00000    
      64     -0.329600     -0.329600     -1.420871   20514.0       3.07270       0.00000    
      66     -0.327400     -0.327400     -1.406626   20127.2       3.07270       0.00000    
      68     -0.325200     -0.325200     -1.392466   19746.9       3.07270       0.00000    
      70     -0.323000     -0.323000     -1.378389   19372.9       3.07270       0.00000    
      72     -0.320800     -0.320800     -1.364394   19005.3       3.07270       0.00000    
      74     -0.318600     -0.318600     -1.350482   18643.7       3.07270       0.00000    
      76     -0.316400     -0.316400     -1.336652   18288.1       3.07270       0.00000    
      78     -0.314200     -0.314200     -1.322904   17938.4       3.07270       0.00000    
      80     -0.312000     -0.312000     -1.309236   17594.4       3.07270       0.00000    
      82     -0.309800     -0.309800     -1.295648   17256.0       3.07270       0.00000    
      84     -0.307600     -0.307600     -1.282141   16923.0       3.07270       0.00000    
      86     -0.305400     -0.305400     -1.268713   16595.5       3.07270       0.00000    
      88     -0.303200     -0.303200     -1.255364   16273.1       3.07270       0.00000    
      90     -0.301000     -0.301000     -1.242093   15956.0       3.07270       0.00000    
      92     -0.298800     -0.298800     -1.228901   15643.8       3.07270       0.00000    
      94     -0.296600     -0.296600     -1.215786   15336.7       3.07270       0.00000    
      96     -0.294400     -0.294400     -1.202749   15034.3       3.07270       0.00000    
      98     -0.292200     -0.292200     -1.189788   14736.8       3.07270       0.00000    
     100     -0.290000     -0.290000     -1.176903   14443.9       3.07270       0.00000    
     102     -0.287800     -0.287800     -1.164094   14155.6       3.07270       0.00000    
     104     -0.285600     -0.285600     -1.151361   13871.8       3.07270       0.00000    
     106     -0.283400     -0.283400     -1.138702   13592.4       3.07270       0.00000    
     108     -0.281200     -0.281200     -1.126118   13317.4       3.07270       0.00000    
     110     -0.279000     -0.279000     -1.113608   13046.6       3.07270       0.00000    
     112     -0.276800     -0.276800     -1.101172   12780.1       3.07270       0.00000    
     114     -0.274600     -0.274600     -1.088809   12517.7       3.07270       0.00000    
     116     -0.272400     -0.272400     -1.076518   12259.3       3.07270       0.00000    
     118     -0.270200     -0.270200     -1.064300   12005.0       3.07270       0.00000    
     120     -0.268000     -0.268000     -1.052154   11754.5       3.07270       0.00000    
     122     -0.265800     -0.265800     -1.040079   11508.0       3.07270       0.00000    
     124     -0.263600     -0.263600     -1.028075   11265.3       3.07270       0.00000    
     126     -0.261400     -0.261400     -1.016142   11026.3       3.07270       0.00000    
     128     -0.259200     -0.259200     -1.004279   10791.1       3.07270       0.00000    
     130     -0.257000     -0.257000     -0.992486   10559.5       3.07270       0.00000    
     132     -0.254800     -0.254800     -0.980763   10331.5       3.07270       0.00000    
     134     -0.252600     -0.252600     -0.969108   10107.0       3.07270       0.00000    
     136     -0.250400     -0.250400     -0.957522   9886.10       3.07270       0.00000    
     138     -0.248200     -0.248200     -0.946004   9668.61       3.07270       0.00000    
     140     -0.246000     -0.246000     -0.934554   9454.52       3.07270       0.00000    
     142     -0.243800     -0.243800     -0.923171   9243.80       3.07270       0.00000    
     144     -0.241600     -0.241600     -0.911855   9036.39       3.07270       0.00000    
     146     -0.239400     -0.239400     -0.900606   8832.26       3.07270       0.00000    
     148     -0.237200     -0.237200     -0.889422   8631.36       3.07270       0.00000    
     150     -0.235000     -0.235000     -0.878305   8433.65       3.07270       0.00000    
     152     -0.232800     -0.232800     -0.867253   8239.10       3.07270       0.00000    
     154     -0.230600     -0.230600     -0.856267   8047.66       3.07270       0.00000    
     156     -0.228400     -0.228400     -0.845344   7859.30       3.07270       0.00000    
     158     -0.226200     -0.226200     -0.834486   7673.97       3.07270       0.00000    
     160     -0.224000     -0.224000     -0.823692   7491.65       3.07270       0.00000    
     162     -0.221800     -0.221800     -0.812962   7312.29       3.07270       0.00000    
     164     -0.219600     -0.219600     -0.802294   7135.87       3.07270       0.00000    
     166     -0.217400     -0.217400     -0.791690   6962.35       3.07270       0.00000    
     168     -0.215200     -0.215200     -0.781148   6791.69       3.07270       0.00000    
     170     -0.213000     -0.213000     -0.770667   6623.86       3.07270       0.00000    
     172     -0.210800     -0.210800     -0.760249   6458.83       3.07270       0.00000    
     174     -0.208600     -0.208600     -0.749892   6296.57       3.07270       0.00000    
     176     -0.206400     -0.206400     -0.739595   6137.05       3.07270       0.00000    
     178     -0.204200     -0.204200     -0.729360   5980.24       3.07270       0.00000    
     180     -0.202000     -0.202000     -0.719184   5826.10       3.07270       0.00000    
     182     -0.199800     -0.199800     -0.709069   5674.61       3.07270       0.00000    
     184     -0.197600     -0.197600     -0.699012   5525.73       3.07270       0.00000    
     186     -0.195400     -0.195400     -0.689016   5379.45       3.07270       0.00000    
     188     -0.193200     -0.193200     -0.679077   5235.73       3.07270       0.00000    
     190     -0.191000     -0.191000     -0.669198   5094.54       3.07270       0.00000    
     192     -0.188800     -0.188800     -0.659376   4955.86       3.07270       0.00000    
     194     -0.186600     -0.186600     -0.649613   4819.66       3.07270       0.00000    
     196     -0.184400     -0.184400     -0.639906   4685.91       3.07270       0.00000    
     198     -0.182200     -0.182200     -0.630257   4554.58       3.07270       0.00000    
     200     -0.180000     -0.180000     -0.620665   4425.66       3.07270       0.00000    
     202     -0.177800     -0.177800     -0.611129   4299.11       3.07270       0.00000    
     204     -0.175600     -0.175600     -0.601649   4174.91       3.07270       0.00000    
     206     -0.173400     -0.173400     -0.592225   4053.03       3.07270       0.00000    
     208     -0.171200     -0.171200     -0.582857   3933.45       3.07270       0.00000    
     210     -0.169000     -0.169000     -0.573543   3816.15       3.07270       0.00000    
     212     -0.166800     -0.166800     -0.564284   3701.10       3.07270       0.00000    
     214     -0.164600     -0.164600     -0.555080   3588.27       3.07270       0.00000    
     216     -0.162400     -0.162400     -0.545930   3477.65       3.07270       0.00000    
     218     -0.160200     -0.160200     -0.536834   3369.20       3.07270       0.00000    
     220     -0.158000     -0.158000     -0.527791   3262.91       3.07270       0.00000    
     222     -0.155800     -0.155800     -0.518802   3158.76       3.07270       0.00000    
     224     -0.153600     -0.153600     -0.509865   3056.71       3.07270       0.00000    
     226     -0.151400     -0.151400     -0.500981   2956.75       3.07270       0.00000    
     228     -0.149200     -0.149200     -0.492150   2858.86       3.07270       0.00000    
     230     -0.147000     -0.147000     -0.483370   2763.01       3.07270       0.00000    
     232     -0.144800     -0.144800     -0.474642   2669.18       3.07270       0.00000    
     234     -0.142600     -0.142600     -0.465965   2577.35       3.07270       0.00000    
     236     -0.140400     -0.140400     -0.457339   2487.49       3.07270       0.00000    
     238     -0.138200     -0.138200     -0.448765   2399.60       3.07270       0.00000    
     240     -0.136000     -0.136000     -0.440240   2313.64       3.07270       0.00000    
     242     -0.133800     -0.133800     -0.431766   2229.59       3.07270       0.00000    
     244     -0.131600     -0.131600     -0.423341   2147.44       3.07270       0.00000    
     246     -0.129400     -0.129400     -0.414966   2067.16       3.07270       0.00000    
     248     -0.127200     -0.127200     -0.406641   1988.73       3.07270       0.00000    
     250     -0.125000     -0.125000     -0.398364   1912.13       3.07270       0.00000    
     252     -0.122800     -0.122800     -0.390136   1837.35       3.07270       0.00000    
     254     -0.120600     -0.120600     -0.381957   1764.36       3.07270       0.00000    
     256     -0.118400     -0.118400     -0.373825   1693.15       3.07270       0.00000    
     258     -0.116200     -0.116200     -0.365742   1623.68       3.07270       0.00000    
     260     -0.114000     -0.114000     -0.357706   1555.95       3.07270       0.00000    
     262     -0.111800     -0.111800     -0.349717   1489.94       3.07270       0.00000    
     264     -0.109600     -0.109600     -0.341776   1425.62       3.07270       0.00000    
     266     -0.107400     -0.107400     -0.333881   1362.98       3.07270       0.00000    
     268     -0.105200     -0.105200     -0.326032   1302.00       3.07270       0.00000    
     270     -0.103000     -0.103000     -0.318230   1242.66       3.07270       0.00000    
     272     -0.100800     -0.100800     -0.310473   1184.94       3.07270       0.00000    
     274     -0.098600     -0.098600     -0.302763   1128.82       3.07270       0.00000    
     276     -0.096400     -0.096400     -0.295097   1074.29       3.07270       0.00000    
     278     -0.094200     -0.094200     -0.287477   1021.33       3.07270       0.00000    
     280     -0.092000     -0.092000     -0.279901   969.918       3.07270       0.00000    
     282     -0.089800     -0.089800     -0.272371   920.038       3.07270       0.00000    
     284     -0.087600     -0.087600     -0.264884   871.673       3.07270       0.00000    
     286     -0.085400     -0.085400     -0.257441   824.807       3.07270       0.00000    
     288     -0.083200     -0.083200     -0.250043   779.422       3.07270       0.00000    
     290     -0.081000     -0.081000     -0.242688   735.501       3.07270       0.00000    
     292     -0.078800     -0.078800     -0.235376   693.027       3.07270       0.00000    
     294     -0.076600     -0.076600     -0.228107   651.984       3.07270       0.00000    
     296     -0.074400     -0.074400     -0.220881   612.356       3.07270       0.00000    
     298     -0.072200     -0.072200     -0.213697   574.126       3.07270       0.00000    
     300     -0.070000     -0.070000     -0.206556   537.278       3.07270       0.00000    
     302     -0.067800     -0.067800     -0.199456   501.796       3.07270       0.00000    
     304     -0.065600     -0.065600     -0.192399   467.664       3.07270       0.00000    
     306     -0.063400     -0.063400     -0.185383   434.867       3.07270       0.00000    
     308     -0.061200     -0.061200     -0.178408   403.388       3.07270       0.00000    
     310     -0.059000     -0.059000     -0.171474   373.214       3.07270       0.00000    
     312     -0.056800     -0.056800     -0.164581   344.327       3.07270       0.00000    
     314     -0.054600     -0.054600     -0.157729   316.714       3.07270       0.00000    
     316     -0.052400     -0.052400     -0.150917   290.359       3.07270       0.00000    
     318     -0.050200     -0.050200     -0.144145   265.248       3.07270       0.00000    
     320     -0.048000     -0.048000     -0.137413   241.365       3.07270       0.00000    
     322     -0.045800     -0.045800     -0.130721   218.697       3.07270       0.00000    
     324     -0.043600     -0.043600     -0.124067   197.228       3.07270       0.00000    
     326     -0.041400     -0.041400     -0.117453   176.945       3.07270       0.00000    
     328     -0.039200     -0.039200     -0.110878   157.834       3.07270       0.00000    
     330     -0.037000     -0.037000     -0.104342   139.880       3.07270       0.00000    
     332     -0.034800     -0.034800     -0.097844   123.069       3.07270       0.00000    
     334     -0.032600     -0.032600     -0.091384   107.389       3.07270       0.00000    
     336     -0.030400     -0.030400     -0.084963   92.8241       3.07270       0.00000    
     338     -0.028200     -0.028200     -0.078579   79.3626       3.07270       0.00000    
     340     -0.026000     -0.026000     -0.072233   66.9905       3.07270       0.00000    
     342     -0.023800     -0.023800     -0.065924   55.6948       3.07270       0.00000    
     344     -0.021600     -0.021600     -0.059652   45.4622       3.07270       0.00000    
     346     -0.019400     -0.019400     -0.053417   36.2799       3.07270       0.00000    
     348     -0.017200     -0.017200     -0.047219   28.1351       3.07270       0.00000    
     350     -0.015000     -0.015000     -0.041057   21.0151       3.07270       0.00000    
     352     -0.012800     -0.012800     -0.034931   14.9073       3.07270       0.00000    
     354     -0.010600     -0.010600     -0.028842   9.79920       3.07270       0.00000    
     356     -0.008400     -0.008400     -0.022788   5.67858       3.07270       0.00000    
     358     -0.006200     -0.006200     -0.016770   2.53321       3.07270       0.00000    
     360     -0.004000     -0.004000     -0.010787  0.351008       3.07270       0.00000    
     362     -0.001800     -0.001800     -0.004840 -0.879987       3.07270       0.00000    
     364      0.000400      0.000400      0.001072  -1.17162       3.07270       0.00000    
     366      0.002600      0.002600      0.006950 -0.535604       3.07270       0.00000    
     368      0.004800      0.004800      0.012793   1.01644       3.07270       0.00000    
     370      0.007000      0.007000      0.018602   3.47302       3.07270       0.00000    
     372      0.009200      0.009200      0.024376   6.82275       3.07270       0.00000    
     374      0.011400      0.011400      0.030117   11.0544       3.07270       0.00000    
     376      0.013600      0.013600      0.035824   16.1567       3.07270       0.00000    
     378      0.015800      0.015800      0.041497   22.1187       3.07270       0.00000    
     380      0.018000      0.018000      0.047137   28.9295       3.07270       0.00000    
     382      0.020200      0.020200      0.052743   36.5782       3.07270       0.00000    
     384      0.022400      0.022400      0.058317   45.0540       3.07270       0.00000    
     386      0.024600      0.024600      0.063858   54.3465       3.07270       0.00000    
     388      0.026800      0.026800      0.069366   64.4450       3.07270       0.00000    
     390      0.029000      0.029000      0.074842   75.3391       3.07270       0.00000    
     392      0.031200      0.031200      0.080285   87.0186       3.07270       0.00000    
     394      0.033400      0.033400      0.085697   99.4732       3.07270       0.00000    
     396      0.035600      0.035600      0.091076   112.693       3.07270       0.00000    
     398      0.037800      0.037800      0.096425   126.668       3.07270       0.00000    
     400      0.040000      0.040000      0.101741   141.387       3.07270       0.00000    
     402      0.042200      0.042200      0.107026   156.842       3.07270       0.00000    
     404      0.044400      0.044400      0.112281   173.023       3.07270       0.00000    
     406      0.046600      0.046600      0.117504   189.920       3.07270       0.00000    
     408      0.048800      0.048800      0.122697   207.523       3.07270       0.00000    
     410      0.051000      0.051000      0.127859   225.823       3.07270       0.00000    
     412      0.053200      0.053200      0.132990   244.811       3.07270       0.00000    
     414      0.055400      0.055400      0.138092   264.477       3.07270       0.00000    
     416      0.057600      0.057600      0.143163   284.813       3.07270       0.00000    
     418      0.059800      0.059800      0.148205   305.808       3.07270       0.00000    
     420      0.062000      0.062000      0.153217   327.455       3.07270       0.00000    
     422      0.064200      0.064200      0.158199   349.745       3.07270       0.00000    
     424      0.066400      0.066400      0.163152   372.668       3.07270       0.00000    
     426      0.068600      0.068600      0.168076   396.215       3.07270       0.00000    
     428      0.070800      0.070800      0.172971   420.379       3.07270       0.00000    
     430      0.073000      0.073000      0.177837   445.151       3.07270       0.00000    
     432      0.075200      0.075200      0.182675   470.521       3.07270       0.00000    
     434      0.077400      0.077400      0.187484   496.483       3.07270       0.00000    
     436      0.079600      0.079600      0.192265   523.027       3.07270       0.00000    
     438      0.081800      0.081800      0.197018   550.145       3.07270       0.00000    
     440      0.084000      0.084000      0.201742   577.829       3.07270       0.00000    
     442      0.086200      0.086200      0.206439   606.071       3.07270       0.00000    
     444      0.088400      0.088400      0.211108   634.864       3.07270       0.00000    
     446      0.090600      0.090600      0.215750   664.198       3.07270       0.00000    
     448      0.092800      0.092800      0.220365   694.067       3.07270       0.00000    
     450      0.095000      0.095000      0.224952   724.462       3.07270       0.00000    
     452      0.097200      0.097200      0.229512   755.376       3.07270       0.00000    
     454      0.099400      0.099400      0.234046   786.801       3.07270       0.00000    
     456      0.101600      0.101600      0.238553   818.730       3.07270       0.00000    
     458      0.103800      0.103800      0.243033   851.155       3.07270       0.00000    
     460      0.106000      0.106000      0.247487   884.068       3.07270       0.00000    
     462      0.108200      0.108200      0.251915   917.464       3.07270       0.00000    
     464      0.110400      0.110400      0.256316   951.333       3.07270       0.00000    
     466      0.112600      0.112600      0.260692   985.669       3.07270       0.00000    
     468      0.114800      0.114800      0.265042   1020.47       3.07270       0.00000    
     470      0.117000      0.117000      0.269367   1055.71       3.07270       0.00000    
     472      0.119200      0.119200      0.273666   1091.41       3.07270       0.00000    
     474      0.121400      0.121400      0.277940   1127.54       3.07270       0.00000    
     476      0.123600      0.123600      0.282188   1164.11       3.07270       0.00000    
     478      0.125800      0.125800      0.286412   1201.10       3.07270       0.00000    
     480      0.128000      0.128000      0.290610   1238.51       3.07270       0.00000    
     482      0.130200      0.130200      0.294784   1276.33       3.07270       0.00000    
     484      0.132400      0.132400      0.298934   1314.56       3.07270       0.00000    
     486      0.134600      0.134600      0.303059   1353.18       3.07270       0.00000    
     488      0.136800      0.136800      0.307160   1392.20       3.07270       0.00000    
     490      0.139000      0.139000      0.311236   1431.60       3.07270       0.00000    
     492      0.141200      0.141200      0.315289   1471.38       3.07270       0.00000    
     494      0.143400      0.143400      0.319318   1511.54       3.07270       0.00000    
     496      0.145600      0.145600      0.323323   1552.06       3.07270       0.00000    
     498      0.147800      0.147800      0.327304   1592.95       3.07270       0.00000    
     500      0.150000      0.150000      0.331263   1634.18       3.07270       0.00000    
     502      0.152200      0.152200      0.335197   1675.77       3.07270       0.00000    
     504      0.154400      0.154400      0.339109   1717.70       3.07270       0.00000    
     506      0.156600      0.156600      0.342998   1759.96       3.07270       0.00000    
     508      0.158800      0.158800      0.346863   1802.56       3.07270       0.00000    
     510      0.161000      0.161000      0.350707   1845.48       3.07270       0.00000    
     512      0.163200      0.163200      0.354527   1888.72       3.07270       0.00000    
     514      0.165400      0.165400      0.358325   1932.27       3.07270       0.00000    
     516      0.167600      0.167600      0.362100   1976.13       3.07270       0.00000    
     518      0.169800      0.169800      0.365854   2020.29       3.07270       0.00000    
     520      0.172000      0.172000      0.369585   2064.75       3.07270       0.00000    
     522      0.174200      0.174200      0.373294   2109.50       3.07270       0.00000    
     524      0.176400      0.176400      0.376982   2154.53       3.07270       0.00000    
     526      0.178600      0.178600      0.380648   2199.85       3.07270       0.00000    
     528      0.180800      0.180800      0.384292   2245.44       3.07270       0.00000    
     530      0.183000      0.183000      0.387915   2291.29       3.07270       0.00000    
     532      0.185200      0.185200      0.391516   2337.42       3.07270       0.00000    
     534      0.187400      0.187400      0.395097   2383.80       3.07270       0.00000    
     536      0.189600      0.189600      0.398656   2430.43       3.07270       0.00000    
     538      0.191800      0.191800      0.402194   2477.31       3.07270       0.00000    
     540      0.194000      0.194000      0.405712   2524.44       3.07270       0.00000    
     542      0.196200      0.196200      0.409208   2571.80       3.07270       0.00000    
     544      0.198400      0.198400      0.412685   2619.40       3.07270       0.00000    
     546      0.200600      0.200600      0.416140   2667.22       3.07270       0.00000    
     548      0.202800      0.202800      0.419576   2715.27       3.07270       0.00000    
     550      0.205000      0.205000      0.422991   2763.54       3.07270       0.00000    
     552      0.207200      0.207200      0.426386   2812.02       3.07270       0.00000    
     554      0.209400      0.209400      0.429761   2860.71       3.07270       0.00000    
     556      0.211600      0.211600      0.433116   2909.61       3.07270       0.00000    
     558      0.213800      0.213800      0.436452   2958.70       3.07270       0.00000    
     560      0.216000      0.216000      0.439768   3007.99       3.07270       0.00000    
     562      0.218200      0.218200      0.443064   3057.47       3.07270       0.00000    
     564      0.220400      0.220400      0.446341   3107.14       3.07270       0.00000    
     566      0.222600      0.222600      0.449599   3156.99       3.07270       0.00000    
     568      0.224800      0.224800      0.452837   3207.01       3.07270       0.00000    
     570      0.227000      0.227000      0.456057   3257.21       3.07270       0.00000    
     572      0.229200      0.229200      0.459257   3307.57       3.07270       0.00000    
     574      0.231400      0.231400      0.462439   3358.10       3.07270       0.00000    
     576      0.233600      0.233600      0.465602   3408.79       3.07270       0.00000    
     578      0.235800      0.235800      0.468746   3459.64       3.07270       0.00000    
     580      0.238000      0.238000      0.471872   3510.63       3.07270       0.00000    
     582      0.240200      0.240200      0.474980   3561.78       3.07270       0.00000    
     584      0.242400      0.242400      0.478069   3613.07       3.07270       0.00000    
     586      0.244600      0.244600      0.481140   3664.49       3.07270       0.00000    
     588      0.246800      0.246800      0.484193   3716.05       3.07270       0.00000    
     590      0.249000      0.249000      0.487228   3767.74       3.07270       0.00000    
     592      0.251200      0.251200      0.490245   3819.56       3.07270       0.00000    
     594      0.253400      0.253400      0.493244   3871.50       3.07270       0.00000    
     596      0.255600      0.255600      0.496226   3923.56       3.07270       0.00000    
     598      0.257800      0.257800      0.499190   3975.74       3.07270       0.00000    
     600      0.260000      0.260000      0.502137   4028.03       3.07270       0.00000    
     602      0.262200      0.262200      0.505066   4080.42       3.07270       0.00000    
     604      0.264400      0.264400      0.507979   4132.92       3.07270       0.00000    
     606      0.266600      0.266600      0.510874   4185.53       3.07270       0.00000    
     608      0.268800      0.268800      0.513752   4238.22       3.07270       0.00000    
     610      0.271000      0.271000      0.516613   4291.01       3.07270       0.00000    
     612      0.273200      0.273200      0.519457   4343.89       3.07270       0.00000    
     614      0.275400      0.275400      0.522284   4396.86       3.07270       0.00000    
     616      0.277600      0.277600      0.525095   4449.91       3.07270       0.00000    
     618      0.279800      0.279800      0.527890   4503.04       3.07270       0.00000    
     620      0.282000      0.282000      0.530668   4556.24       3.07270       0.00000    
     622      0.284200      0.284200      0.533429   4609.52       3.07270       0.00000    
     624      0.286400      0.286400      0.536174   4662.86       3.07270       0.00000    
     626      0.288600      0.288600      0.538903   4716.27       3.07270       0.00000    
     628      0.290800      0.290800      0.541617   4769.75       3.07270       0.00000    
     630      0.293000      0.293000      0.544314   4823.28       3.07270       0.00000    
     632      0.295200      0.295200      0.546995   4876.87       3.07270       0.00000    
     634      0.297400      0.297400      0.549660   4930.51       3.07270       0.00000    
     636      0.299600      0.299600      0.552310   4984.20       3.07270       0.00000    
     638      0.301800      0.301800      0.554944   5037.94       3.07270       0.00000    
     640      0.304000      0.304000      0.557563   5091.72       3.07270       0.00000    
     642      0.306200      0.306200      0.560166   5145.55       3.07270       0.00000    
     644      0.308400      0.308400      0.562754   5199.40       3.07270       0.00000    
     646      0.310600      0.310600      0.565327   5253.30       3.07270       0.00000    
     648      0.312800      0.312800      0.567885   5307.22       3.07270       0.00000    
     650      0.315000      0.315000      0.570427   5361.18       3.07270       0.00000    
     652      0.317200      0.317200      0.572955   5415.16       3.07270       0.00000    
     654      0.319400      0.319400      0.575467   5469.16       3.07270       0.00000    
     656      0.321600      0.321600      0.577965   5523.18       3.07270       0.00000    
     658      0.323800      0.323800      0.580449   5577.22       3.07270       0.00000    
     660      0.326000      0.326000      0.582917   5631.28       3.07270       0.00000    
     662      0.328200      0.328200      0.585371   5685.34       3.07270       0.00000    
     664      0.330400      0.330400      0.587811   5739.42       3.07270       0.00000    
     666      0.332600      0.332600      0.590236   5793.50       3.07270       0.00000    
     668      0.334800      0.334800      0.592647   5847.59       3.07270       0.00000    
     670      0.337000      0.337000      0.595044   5901.67       3.07270       0.00000    
     672      0.339200      0.339200      0.597427   5955.76       3.07270       0.00000    
     674      0.341400      0.341400      0.599796   6009.84       3.07270       0.00000    
     676      0.343600      0.343600      0.602150   6063.92       3.07270       0.00000    
     678      0.345800      0.345800      0.604491   6117.98       3.07270       0.00000    
     680      0.348000      0.348000      0.606818   6172.04       3.07270       0.00000    
     682      0.350200      0.350200      0.609132   6226.08       3.07270       0.00000    
     684      0.352400      0.352400      0.611432   6280.11       3.07270       0.00000    
     686      0.354600      0.354600      0.613718   6334.11       3.07270       0.00000    
     688      0.356800      0.356800      0.615991   6388.10       3.07270       0.00000    
     690      0.359000      0.359000      0.618250   6442.06       3.07270       0.00000    
     692      0.361200      0.361200      0.620497   6496.00       3.07270       0.00000    
     694      0.363400      0.363400      0.622730   6549.91       3.07270       0.00000    
     696      0.365600      0.365600      0.624949   6603.79       3.07270       0.00000    
     698      0.367800      0.367800      0.627156   6657.64       3.07270       0.00000    
     700      0.370000      0.370000      0.629350   6711.45       3.07270       0.00000    
     702      0.372200      0.372200      0.631531   6765.23       3.07270       0.00000    
     704      0.374400      0.374400      0.633699   6818.97       3.07270       0.00000    
     706      0.376600      0.376600      0.635854   6872.67       3.07270       0.00000    
     708      0.378800      0.378800      0.637997   6926.33       3.07270       0.00000    
     710      0.381000      0.381000      0.640127   6979.94       3.07270       0.00000    
     712      0.383200      0.383200      0.642244   7033.50       3.07270       0.00000    
     714      0.385400      0.385400      0.644349   7087.02       3.07270       0.00000    
     716      0.387600      0.387600      0.646442   7140.49       3.07270       0.00000    
     718      0.389800      0.389800      0.648522   7193.90       3.07270       0.00000    
     720      0.392000      0.392000      0.650590   7247.26       3.07270       0.00000    
     722      0.394200      0.394200      0.652646   7300.56       3.07270       0.00000    
     724      0.396400      0.396400      0.654690   7353.81       3.07270       0.00000    
     726      0.398600      0.398600      0.656722   7406.99       3.07270       0.00000    
     728      0.400800      0.400800      0.658742   7460.12       3.07270       0.00000    
     730      0.403000      0.403000      0.660750   7513.18       3.07270       0.00000    
     732      0.405200      0.405200      0.662746   7566.17       3.07270       0.00000    
     734      0.407400      0.407400      0.664730   7619.10       3.07270       0.00000    
     736      0.409600      0.409600      0.666703   7671.96       3.07270       0.00000    
     738      0.411800      0.411800      0.668664   7724.75       3.07270       0.00000    
     740      0.414000      0.414000      0.670614   7777.46       3.07270       0.00000    
     742      0.416200      0.416200      0.672552   7830.11       3.07270       0.00000    
     744      0.418400      0.418400      0.674478   7882.67       3.07270       0.00000    
     746      0.420600      0.420600      0.676394   7935.16       3.07270       0.00000    
     748      0.422800      0.422800      0.678298   7987.58       3.07270       0.00000    
     750      0.425000      0.425000      0.680191   8039.91       3.07270       0.00000    
     752      0.427200      0.427200      0.682073   8092.16       3.07270       0.00000    
     754      0.429400      0.429400      0.683943   8144.33       3.07270       0.00000    
     756      0.431600      0.431600      0.685803   8196.41       3.07270       0.00000    
     758      0.433800      0.433800      0.687652   8248.41       3.07270       0.00000    
     760      0.436000      0.436000      0.689489   8300.32       3.07270       0.00000    
     762      0.438200      0.438200      0.691316   8352.15       3.07270       0.00000    
     764      0.440400      0.440400      0.693133   8403.88       3.07270       0.00000    
     766      0.442600      0.442600      0.694938   8455.52       3.07270       0.00000    
     768      0.444800      0.444800      0.696733   8507.07       3.07270       0.00000    
     770      0.447000      0.447000      0.698518   8558.52       3.07270       0.00000    
     772      0.449200      0.449200      0.700292   8609.88       3.07270       0.00000    
     774      0.451400      0.451400      0.702055   8661.14       3.07270       0.00000    
     776      0.453600      0.453600      0.703808   8712.31       3.07270       0.00000    
     778      0.455800      0.455800      0.705551   8763.37       3.07270       0.00000    
     780      0.458000      0.458000      0.707283   8814.33       3.07270       0.00000    
     782      0.460200      0.460200      0.709006   8865.20       3.07270       0.00000    
     784      0.462400      0.462400      0.710718   8915.96       3.07270       0.00000    
     786      0.464600      0.464600      0.712420   8966.61       3.07270       0.00000    
     788      0.466800      0.466800      0.714112   9017.17       3.07270       0.00000    
     790      0.469000      0.469000      0.715794   9067.61       3.07270       0.00000    
     792      0.471200      0.471200      0.717467   9117.95       3.07270       0.00000    
     794      0.473400      0.473400      0.719129   9168.18       3.07270       0.00000    
     796      0.475600      0.475600      0.720782   9218.30       3.07270       0.00000    
     798      0.477800      0.477800      0.722425   9268.31       3.07270       0.00000    
     800      0.480000      0.480000      0.724058   9318.21       3.07270       0.00000    
     802      0.482200      0.482200      0.725681   9368.00       3.07270       0.00000    
     804      0.484400      0.484400      0.727296   9417.67       3.07270       0.00000    
     806      0.486600      0.486600      0.728900   9467.23       3.07270       0.00000    
     808      0.488800      0.488800      0.730495   9516.67       3.07270       0.00000    
     810      0.491000      0.491000      0.732081   9566.00       3.07270       0.00000    
     812      0.493200      0.493200      0.733657   9615.21       3.07270       0.00000    
     814      0.495400      0.495400      0.735225   9664.30       3.07270       0.00000    
     816      0.497600      0.497600      0.736783   9713.27       3.07270       0.00000    
     818      0.499800      0.499800      0.738331   9762.12       3.07270       0.00000    
     820      0.502000      0.502000      0.739871   9810.86       3.07270       0.00000    
     822      0.504200      0.504200      0.741402   9859.47       3.07270       0.00000    
     824      0.506400      0.506400      0.742923   9907.95       3.07270       0.00000    
     826      0.508600      0.508600      0.744436   9956.32       3.07270       0.00000    
     828      0.510800      0.510800      0.745939   10004.6       3.07270       0.00000    
     830      0.513000      0.513000      0.747434   10052.7       3.07270       0.00000    
     832      0.515200      0.515200      0.748920   10100.7       3.07270       0.00000    
     834      0.517400      0.517400      0.750398   10148.5       3.07270       0.00000    
     836      0.519600      0.519600      0.751866   10196.3       3.07270       0.00000    
     838      0.521800      0.521800      0.753326   10243.9       3.07270       0.00000    
     840      0.524000      0.524000      0.754778   10291.4       3.07270       0.00000    
     842      0.526200      0.526200      0.756221   10338.7       3.07270       0.00000    
     844      0.528400      0.528400      0.757655   10385.9       3.07270       0.00000    
     846      0.530600      0.530600      0.759081   10433.0       3.07270       0.00000    
     848      0.532800      0.532800      0.760499   10480.0       3.07270       0.00000    
     850      0.535000      0.535000      0.761908   10526.8       3.07270       0.00000    
     852      0.537200      0.537200      0.763309   10573.5       3.07270       0.00000    
     854      0.539400      0.539400      0.764701   10620.1       3.07270       0.00000    
     856      0.541600      0.541600      0.766086   10666.5       3.07270       0.00000    
     858      0.543800      0.543800      0.767462   10712.8       3.07270       0.00000    
     860      0.546000      0.546000      0.768831   10759.0       3.07270       0.00000    
     862      0.548200      0.548200      0.770191   10805.0       3.07270       0.00000    
     864      0.550400      0.550400      0.771543   10850.9       3.07270       0.00000    
     866      0.552600      0.552600      0.772887   10896.7       3.07270       0.00000    
     868      0.554800      0.554800      0.774223   10942.3       3.07270       0.00000    
     870      0.557000      0.557000      0.775552   10987.8       3.07270       0.00000    
     872      0.559200      0.559200      0.776873   11033.2       3.07270       0.00000    
     874      0.561400      0.561400      0.778185   11078.4       3.07270       0.00000    
     876      0.563600      0.563600      0.779491   11123.4       3.07270       0.00000    
     878      0.565800      0.565800      0.780788   11168.4       3.07270       0.00000    
     880      0.568000      0.568000      0.782078   11213.2       3.07270       0.00000    
     882      0.570200      0.570200      0.783360   11257.8       3.07270       0.00000    
     884      0.572400      0.572400      0.784635   11302.4       3.07270       0.00000    
     886      0.574600      0.574600      0.785902   11346.7       3.07270       0.00000    
     888      0.576800      0.576800      0.787162   11391.0       3.07270       0.00000    
     890      0.579000      0.579000      0.788414   11435.1       3.07270       0.00000    
     892      0.581200      0.581200      0.789659   11479.0       3.07270       0.00000    
     894      0.583400      0.583400      0.790897   11522.9       3.07270       0.00000    
     896      0.585600      0.585600      0.792127   11566.5       3.07270       0.00000    
     898      0.587800      0.587800      0.793350   11610.1       3.07270       0.00000    
     900      0.590000      0.590000      0.794566   11653.5       3.07270       0.00000    
     902      0.592200      0.592200      0.795775   11696.7       3.07270       0.00000    
     904      0.594400      0.594400      0.796976   11739.8       3.07270       0.00000    
     906      0.596600      0.596600      0.798171   11782.8       3.07270       0.00000    
     908      0.598800      0.598800      0.799359   11825.6       3.07270       0.00000    
     910      0.601000      0.601000      0.800539   11868.3       3.07270       0.00000    
     912      0.603200      0.603200      0.801713   11910.8       3.07270       0.00000    
     914      0.605400      0.605400      0.802880   11953.2       3.07270       0.00000    
     916      0.607600      0.607600      0.804039   11995.4       3.07270       0.00000    
     918      0.609800      0.609800      0.805192   12037.5       3.07270       0.00000    
     920      0.612000      0.612000      0.806339   12079.5       3.07270       0.00000    
     922      0.614200      0.614200      0.807478   12121.3       3.07270       0.00000    
     924      0.616400      0.616400      0.808611   12163.0       3.07270       0.00000    
     926      0.618600      0.618600      0.809737   12204.5       3.07270       0.00000    
     928      0.620800      0.620800      0.810857   12245.9       3.07270       0.00000    
     930      0.623000      0.623000      0.811969   12287.1       3.07270       0.00000    
     932      0.625200      0.625200      0.813076   12328.2       3.07270       0.00000    
     934      0.627400      0.627400      0.814176   12369.1       3.07270       0.00000    
     936      0.629600      0.629600      0.815269   12409.9       3.07270       0.00000    
     938      0.631800      0.631800      0.816356   12450.6       3.07270       0.00000    
     940      0.634000      0.634000      0.817437   12491.1       3.07270       0.00000    
     942      0.636200      0.636200      0.818511   12531.4       3.07270       0.00000    
     944      0.638400      0.638400      0.819579   12571.6       3.07270       0.00000    
     946      0.640600      0.640600      0.820640   12611.7       3.07270       0.00000    
     948      0.642800      0.642800      0.821696   12651.6       3.07270       0.00000    
     950      0.645000      0.645000      0.822745   12691.4       3.07270       0.00000    
     952      0.647200      0.647200      0.823788   12731.0       3.07270       0.00000    
     954      0.649400      0.649400      0.824824   12770.5       3.07270       0.00000    
     956      0.651600      0.651600      0.825855   12809.9       3.07270       0.00000    
     958      0.653800      0.653800      0.826880   12849.1       3.07270       0.00000    
     960      0.656000      0.656000      0.827898   12888.1       3.07270       0.00000    
     962      0.658200      0.658200      0.828911   12927.0       3.07270       0.00000    
     964      0.660400      0.660400      0.829918   12965.7       3.07270       0.00000    
     966      0.662600      0.662600      0.830919   13004.4       3.07270       0.00000    
     968      0.664800      0.664800      0.831913   13042.8       3.07270       0.00000    
     970      0.667000      0.667000      0.832902   13081.1       3.07270       0.00000    
     972      0.669200      0.669200      0.833886   13119.3       3.07270       0.00000    
     974      0.671400      0.671400      0.834863   13157.3       3.07270       0.00000    
     976      0.673600      0.673600      0.835835   13195.2       3.07270       0.00000    
     978      0.675800      0.675800      0.836801   13232.9       3.07270       0.00000    
     980      0.678000      0.678000      0.837761   13270.5       3.07270       0.00000    
     982      0.680200      0.680200      0.838716   13308.0       3.07270       0.00000    
     984      0.682400      0.682400      0.839665   13345.3       3.07270       0.00000    
     986      0.684600      0.684600      0.840608   13382.4       3.07270       0.00000    
     988      0.686800      0.686800      0.841546   13419.4       3.07270       0.00000    
     990      0.689000      0.689000      0.842478   13456.3       3.07270       0.00000    
     992      0.691200      0.691200      0.843405   13493.0       3.07270       0.00000    
     994      0.693400      0.693400      0.844326   13529.6       3.07270       0.00000    
     996      0.695600      0.695600      0.845242   13566.0       3.07270       0.00000    
     998      0.697800      0.697800      0.846153   13602.3       3.07270       0.00000    
    1000      0.700000      0.700000      0.847058   13638.4       3.07270       0.00000    
    1002      0.702200      0.702200      0.847958   13674.4       3.07270       0.00000    
    1004      0.704400      0.704400      0.848853   13710.3       3.07270       0.00000    
    1006      0.706600      0.706600      0.849742   13746.0       3.07270       0.00000    
    1008      0.708800      0.708800      0.850626   13781.5       3.07270       0.00000    
    1010      0.711000      0.711000      0.851505   13816.9       3.07270       0.00000    
    1012      0.713200      0.713200      0.852379   13852.2       3.07270       0.00000    
    1014      0.715400      0.715400      0.853247   13887.3       3.07270       0.00000    
    1016      0.717600      0.717600      0.854111   13922.3       3.07270       0.00000    
    1018      0.719800      0.719800      0.854969   13957.2       3.07270       0.00000    
    1020      0.722000      0.722000      0.855823   13991.9       3.07270       0.00000    
    1022      0.724200      0.724200      0.856671   14026.4       3.07270       0.00000    
    1024      0.726400      0.726400      0.857514   14060.8       3.07270       0.00000    
    1026      0.728600      0.728600      0.858353   14095.1       3.07270       0.00000    
    1028      0.730800      0.730800      0.859186   14129.3       3.07270       0.00000    
    1030      0.733000      0.733000      0.860015   14163.2       3.07270       0.00000    
    1032      0.735200      0.735200      0.860838   14197.1       3.07270       0.00000    
    1034      0.737400      0.737400      0.861657   14230.8       3.07270       0.00000    
    1036      0.739600      0.739600      0.862471   14264.4       3.07270       0.00000    
    1038      0.741800      0.741800      0.863280   14297.8       3.07270       0.00000    
    1040      0.744000      0.744000      0.864085   14331.1       3.07270       0.00000    
    1042      0.746200      0.746200      0.864885   14364.2       3.07270       0.00000    
    1044      0.748400      0.748400      0.865680   14397.2       3.07270       0.00000    
    1046      0.750600      0.750600      0.866470   14430.1       3.07270       0.00000    
    1048      0.752800      0.752800      0.867256   14462.8       3.07270       0.00000    
    1050      0.755000      0.755000      0.868037   14495.4       3.07270       0.00000    
    1052      0.757200      0.757200      0.868813   14527.8       3.07270       0.00000    
    1054      0.759400      0.759400      0.869585   14560.2       3.07270       0.00000    
    1056      0.761600      0.761600      0.870352   14592.3       3.07270       0.00000    
    1058      0.763800      0.763800      0.871115   14624.4       3.07270       0.00000    
    1060      0.766000      0.766000      0.871874   14656.2       3.07270       0.00000    
    1062      0.768200      0.768200      0.872627   14688.0       3.07270       0.00000    
    1064      0.770400      0.770400      0.873377   14719.6       3.07270       0.00000    
    1066      0.772600      0.772600      0.874122   14751.1       3.07270       0.00000    
    1068      0.774800      0.774800      0.874863   14782.4       3.07270       0.00000    
    1070      0.777000      0.777000      0.875599   14813.7       3.07270       0.00000    
    1072      0.779200      0.779200      0.876331   14844.7       3.07270       0.00000    
    1074      0.781400      0.781400      0.877059   14875.7       3.07270       0.00000    
    1076      0.783600      0.783600      0.877782   14906.5       3.07270       0.00000    
    1078      0.785800      0.785800      0.878501   14937.1       3.07270       0.00000    
    1080      0.788000      0.788000      0.879216   14967.7       3.07270       0.00000    
    1082      0.790200      0.790200      0.879927   14998.1       3.07270       0.00000    
    1084      0.792400      0.792400      0.880633   15028.3       3.07270       0.00000    
    1086      0.794600      0.794600      0.881335   15058.4       3.07270       0.00000    
    1088      0.796800      0.796800      0.882034   15088.4       3.07270       0.00000    
    1090      0.799000      0.799000      0.882728   15118.3       3.07270       0.00000    
    1092      0.801200      0.801200      0.883418   15148.0       3.07270       0.00000    
    1094      0.803400      0.803400      0.884104   15177.6       3.07270       0.00000    
    1096      0.805600      0.805600      0.884786   15207.1       3.07270       0.00000    
    1098      0.807800      0.807800      0.885464   15236.4       3.07270       0.00000    
    1100      0.810000      0.810000      0.886138   15265.6       3.07270       0.00000    
    1102      0.812200      0.812200      0.886808   15294.7       3.07270       0.00000    
    1104      0.814400      0.814400      0.887474   15323.6       3.07270       0.00000    
    1106      0.816600      0.816600      0.888136   15352.4       3.07270       0.00000    
    1108      0.818800      0.818800      0.888794   15381.1       3.07270       0.00000    
    1110      0.821000      0.821000      0.889448   15409.6       3.07270       0.00000    
    1112      0.823200      0.823200      0.890099   15438.0       3.07270       0.00000    
    1114      0.825400      0.825400      0.890745   15466.3       3.07270       0.00000    
    1116      0.827600      0.827600      0.891388   15494.5       3.07270       0.00000    
    1118      0.829800      0.829800      0.892027   15522.5       3.07270       0.00000    
    1120      0.832000      0.832000      0.892663   15550.4       3.07270       0.00000    
    1122      0.834200      0.834200      0.893294   15578.2       3.07270       0.00000    
    1124      0.836400      0.836400      0.893922   15605.8       3.07270       0.00000    
    1126      0.838600      0.838600      0.894546   15633.3       3.07270       0.00000    
    1128      0.840800      0.840800      0.895167   15660.7       3.07270       0.00000    
    1130      0.843000      0.843000      0.895783   15688.0       3.07270       0.00000    
    1132      0.845200      0.845200      0.896397   15715.1       3.07270       0.00000    
    1134      0.847400      0.847400      0.897006   15742.1       3.07270       0.00000    
    1136      0.849600      0.849600      0.897612   15769.0       3.07270       0.00000    
    1138      0.851800      0.851800      0.898215   15795.8       3.07270       0.00000    
    1140      0.854000      0.854000      0.898814   15822.4       3.07270       0.00000    
    1142      0.856200      0.856200      0.899409   15848.9       3.07270       0.00000    
    1144      0.858400      0.858400      0.900001   15875.3       3.07270       0.00000    
    1146      0.860600      0.860600      0.900589   15901.6       3.07270       0.00000    
    1148      0.862800      0.862800      0.901174   15927.7       3.07270       0.00000    
    1150      0.865000      0.865000      0.901756   15953.8       3.07270       0.00000    
    1152      0.867200      0.867200      0.902334   15979.7       3.07270       0.00000    
    1154      0.869400      0.869400      0.902908   16005.4       3.07270       0.00000    
    1156      0.871600      0.871600      0.903480   16031.1       3.07270       0.00000    
    1158      0.873800      0.873800      0.904048   16056.6       3.07270       0.00000    
    1160      0.876000      0.876000      0.904612   16082.0       3.07270       0.00000    
    1162      0.878200      0.878200      0.905173   16107.3       3.07270       0.00000    
    1164      0.880400      0.880400      0.905731   16132.5       3.07270       0.00000    
    1166      0.882600      0.882600      0.906286   16157.6       3.07270       0.00000    
    1168      0.884800      0.884800      0.906837   16182.5       3.07270       0.00000    
    1170      0.887000      0.887000      0.907386   16207.3       3.07270       0.00000    
    1172      0.889200      0.889200      0.907931   16232.0       3.07270       0.00000    
    1174      0.891400      0.891400      0.908472   16256.6       3.07270       0.00000    
    1176      0.893600      0.893600      0.909011   16281.1       3.07270       0.00000    
    1178      0.895800      0.895800      0.909546   16305.4       3.07270       0.00000    
    1180      0.898000      0.898000      0.910078   16329.6       3.07270       0.00000    
    1182      0.900200      0.900200      0.910608   16353.7       3.07270       0.00000    
    1184      0.902400      0.902400      0.911134   16377.7       3.07270       0.00000    
    1186      0.904600      0.904600      0.911656   16401.6       3.07270       0.00000    
    1188      0.906800      0.906800      0.912176   16425.4       3.07270       0.00000    
    1190      0.909000      0.909000      0.912693   16449.0       3.07270       0.00000    
    1192      0.911200      0.911200      0.913207   16472.6       3.07270       0.00000    
    1194      0.913400      0.913400      0.913717   16496.0       3.07270       0.00000    
    1196      0.915600      0.915600      0.914225   16519.3       3.07270       0.00000    
    1198      0.917800      0.917800      0.914730   16542.5       3.07270       0.00000    
    1200      0.920000      0.920000      0.915231   16565.6       3.07270       0.00000    
    1202      0.922200      0.922200      0.915730   16588.6       3.07270       0.00000    
    1204      0.924400      0.924400      0.916226   16611.4       3.07270       0.00000    
    1206      0.926600      0.926600      0.916719   16634.2       3.07270       0.00000    
    1208      0.928800      0.928800      0.917209   16656.8       3.07270       0.00000    
    1210      0.931000      0.931000      0.917696   16679.3       3.07270       0.00000    
    1212      0.933200      0.933200      0.918180   16701.7       3.07270       0.00000    
    1214      0.935400      0.935400      0.918662   16724.1       3.07270       0.00000    
    1216      0.937600      0.937600      0.919140   16746.3       3.07270       0.00000    
    1218      0.939800      0.939800      0.919616   16768.3       3.07270       0.00000    
    1220      0.942000      0.942000      0.920089   16790.3       3.07270       0.00000    
    1222      0.944200      0.944200      0.920559   16812.2       3.07270       0.00000    
    1224      0.946400      0.946400      0.921027   16834.0       3.07270       0.00000    
    1226      0.948600      0.948600      0.921492   16855.6       3.07270       0.00000    
    1228      0.950800      0.950800      0.921953   16877.2       3.07270       0.00000    
    1230      0.953000      0.953000      0.922413   16898.6       3.07270       0.00000    
    1232      0.955200      0.955200      0.922869   16919.9       3.07270       0.00000    
    1234      0.957400      0.957400      0.923323   16941.2       3.07270       0.00000    
    1236      0.959600      0.959600      0.923774   16962.3       3.07270       0.00000    
    1238      0.961800      0.961800      0.924223   16983.3       3.07270       0.00000    
    1240      0.964000      0.964000      0.924669   17004.2       3.07270       0.00000    
    1242      0.966200      0.966200      0.925112   17025.0       3.07270       0.00000    
    1244      0.968400      0.968400      0.925552   17045.7       3.07270       0.00000    
    1246      0.970600      0.970600      0.925990   17066.3       3.07270       0.00000    
    1248      0.972800      0.972800      0.926426   17086.8       3.07270       0.00000    
    1250      0.975000      0.975000      0.926859   17107.2       3.07270       0.00000    
    1252      0.977200      0.977200      0.927289   17127.5       3.07270       0.00000    
    1254      0.979400      0.979400      0.927717   17147.7       3.07270       0.00000    
    1256      0.981600      0.981600      0.928142   17167.8       3.07270       0.00000    
    1258      0.983800      0.983800      0.928565   17187.8       3.07270       0.00000    
    1260      0.986000      0.986000      0.928985   17207.7       3.07270       0.00000    
    1262      0.988200      0.988200      0.929403   17227.5       3.07270       0.00000    
    1264      0.990400      0.990400      0.929819   17247.2       3.07270       0.00000    
    1266      0.992600      0.992600      0.930232   17266.8       3.07270       0.00000    
    1268      0.994800      0.994800      0.930642   17286.3       3.07270       0.00000    
    1270      0.997000      0.997000      0.931050   17305.7       3.07270       0.00000    
    1272      0.999200      0.999200      0.931456   17325.0       3.07270       0.00000    
    1274      1.001400      1.001400      0.931859   17344.2       3.07270       0.00000    
    1276      1.003600      1.003600      0.932260   17363.3       3.07270       0.00000    
    1278      1.005800      1.005800      0.932659   17382.3       3.07270       0.00000    
    1280      1.008000      1.008000      0.933055   17401.2       3.07270       0.00000    
    1282      1.010200      1.010200      0.933449   17420.0       3.07270       0.00000    
    1284      1.012400      1.012400      0.933841   17438.7       3.07270       0.00000    
    1286      1.014600      1.014600      0.934230   17457.3       3.07270       0.00000    
    1288      1.016800      1.016800      0.934617   17475.8       3.07270       0.00000    
    1290      1.019000      1.019000      0.935002   17494.3       3.07270       0.00000    
    1292      1.021200      1.021200      0.935384   17512.6       3.07270       0.00000    
    1294      1.023400      1.023400      0.935764   17530.9       3.07270       0.00000    
    1296      1.025600      1.025600      0.936142   17549.0       3.07270       0.00000    
    1298      1.027800      1.027800      0.936518   17567.1       3.07270       0.00000    
    1300      1.030000      1.030000      0.936891   17585.0       3.07270       0.00000    
    1302      1.032200      1.032200      0.937263   17602.9       3.07270       0.00000    
    1304      1.034400      1.034400      0.937632   17620.7       3.07270       0.00000    
    1306      1.036600      1.036600      0.937999   17638.4       3.07270       0.00000    
    1308      1.038800      1.038800      0.938364   17656.0       3.07270       0.00000    
    1310      1.041000      1.041000      0.938726   17673.5       3.07270       0.00000    
    1312      1.043200      1.043200      0.939087   17690.9       3.07270       0.00000    
    1314      1.045400      1.045400      0.939445   17708.2       3.07270       0.00000    
    1316      1.047600      1.047600      0.939802   17725.5       3.07270       0.00000    
    1318      1.049800      1.049800      0.940156   17742.6       3.07270       0.00000    
    1320      1.052000      1.052000      0.940508   17759.7       3.07270       0.00000    
    1322      1.054200      1.054200      0.940858   17776.6       3.07270       0.00000    
    1324      1.056400      1.056400      0.941206   17793.5       3.07270       0.00000    
    1326      1.058600      1.058600      0.941552   17810.3       3.07270       0.00000    
    1328      1.060800      1.060800      0.941896   17827.0       3.07270       0.00000    
    1330      1.063000      1.063000      0.942238   17843.7       3.07270       0.00000    
    1332      1.065200      1.065200      0.942578   17860.2       3.07270       0.00000    
    1334      1.067400      1.067400      0.942915   17876.6       3.07270       0.00000    
    1336      1.069600      1.069600      0.943251   17893.0       3.07270       0.00000    
    1338      1.071800      1.071800      0.943585   17909.3       3.07270       0.00000    
    1340      1.074000      1.074000      0.943917   17925.5       3.07270       0.00000    
    1342      1.076200      1.076200      0.944247   17941.6       3.07270       0.00000    
    1344      1.078400      1.078400      0.944575   17957.6       3.07270       0.00000    
    1346      1.080600      1.080600      0.944901   17973.6       3.07270       0.00000    
    1348      1.082800      1.082800      0.945225   17989.4       3.07270       0.00000    
    1350      1.085000      1.085000      0.945548   18005.2       3.07270       0.00000    
    1352      1.087200      1.087200      0.945868   18020.9       3.07270       0.00000    
    1354      1.089400      1.089400      0.946187   18036.5       3.07270       0.00000    
    1356      1.091600      1.091600      0.946503   18052.0       3.07270       0.00000    
    1358      1.093800      1.093800      0.946818   18067.5       3.07270       0.00000    
    1360      1.096000      1.096000      0.947131   18082.8       3.07270       0.00000    
    1362      1.098200      1.098200      0.947442   18098.1       3.07270       0.00000    
    1364      1.100400      1.100400      0.947751   18113.3       3.07270       0.00000    
    1366      1.102600      1.102600      0.948059   18128.5       3.07270       0.00000    
    1368      1.104800      1.104800      0.948364   18143.5       3.07270       0.00000    
    1370      1.107000      1.107000      0.948668   18158.5       3.07270       0.00000    
    1372      1.109200      1.109200      0.948970   18173.4       3.07270       0.00000    
    1374      1.111400      1.111400      0.949270   18188.2       3.07270       0.00000    
    1376      1.113600      1.113600      0.949569   18202.9       3.07270       0.00000    
    1378      1.115800      1.115800      0.949866   18217.5       3.07270       0.00000    
    1380      1.118000      1.118000      0.950161   18232.1       3.07270       0.00000    
    1382      1.120200      1.120200      0.950454   18246.6       3.07270       0.00000    
    1384      1.122400      1.122400      0.950745   18261.0       3.07270       0.00000    
    1386      1.124600      1.124600      0.951035   18275.4       3.07270       0.00000    
    1388      1.126800      1.126800      0.951323   18289.7       3.07270       0.00000    
    1390      1.129000      1.129000      0.951610   18303.8       3.07270       0.00000    
    1392      1.131200      1.131200      0.951895   18318.0       3.07270       0.00000    
    1394      1.133400      1.133400      0.952178   18332.0       3.07270       0.00000    
    1396      1.135600      1.135600      0.952459   18346.0       3.07270       0.00000    
    1398      1.137800      1.137800      0.952739   18359.9       3.07270       0.00000    
    1400      1.140000      1.140000      0.953017   18373.7       3.07270       0.00000    
    1402      1.142200      1.142200      0.953293   18387.4       3.07270       0.00000    
    1404      1.144400      1.144400      0.953568   18401.1       3.07270       0.00000    
    1406      1.146600      1.146600      0.953841   18414.7       3.07270       0.00000    
    1408      1.148800      1.148800      0.954113   18428.2       3.07270       0.00000    
    1410      1.151000      1.151000      0.954383   18441.7       3.07270       0.00000    
    1412      1.153200      1.153200      0.954651   18455.1       3.07270       0.00000    
    1414      1.155400      1.155400      0.954918   18468.4       3.07270       0.00000    
    1416      1.157600      1.157600      0.955183   18481.6       3.07270       0.00000    
    1418      1.159800      1.159800      0.955447   18494.8       3.07270       0.00000    
    1420      1.162000      1.162000      0.955709   18507.9       3.07270       0.00000    
    1422      1.164200      1.164200      0.955970   18520.9       3.07270       0.00000    
    1424      1.166400      1.166400      0.956229   18533.9       3.07270       0.00000    
    1426      1.168600      1.168600      0.956486   18546.8       3.07270       0.00000    
    1428      1.170800      1.170800      0.956742   18559.6       3.07270       0.00000    
    1430      1.173000      1.173000      0.956997   18572.3       3.07270       0.00000    
    1432      1.175200      1.175200      0.957250   18585.0       3.07270       0.00000    
    1434      1.177400      1.177400      0.957502   18597.6       3.07270       0.00000    
    1436      1.179600      1.179600      0.957752   18610.2       3.07270       0.00000    
    1438      1.181800      1.181800      0.958000   18622.7       3.07270       0.00000    
    1440      1.184000      1.184000      0.958247   18635.1       3.07270       0.00000    
    1442      1.186200      1.186200      0.958493   18647.4       3.07270       0.00000    
    1444      1.188400      1.188400      0.958737   18659.7       3.07270       0.00000    
    1446      1.190600      1.190600      0.958980   18671.9       3.07270       0.00000    
    1448      1.192800      1.192800      0.959221   18684.1       3.07270       0.00000    
    1450      1.195000      1.195000      0.959461   18696.1       3.07270       0.00000    
    1452      1.197200      1.197200      0.959700   18708.2       3.07270       0.00000    
    1454      1.199400      1.199400      0.959937   18720.1       3.07270       0.00000    
    1456      1.201600      1.201600      0.960173   18732.0       3.07270       0.00000    
    1458      1.203800      1.203800      0.960407   18743.8       3.07270       0.00000    
    1460      1.206000      1.206000      0.960640   18755.6       3.07270       0.00000    
    1462      1.208200      1.208200      0.960872   18767.3       3.07270       0.00000    
    1464      1.210400      1.210400      0.961102   18778.9       3.07270       0.00000    
    1466      1.212600      1.212600      0.961331   18790.5       3.07270       0.00000    
    1468      1.214800      1.214800      0.961558   18802.0       3.07270       0.00000    
    1470      1.217000      1.217000      0.961784   18813.4       3.07270       0.00000    
    1472      1.219200      1.219200      0.962009   18824.8       3.07270       0.00000    
    1474      1.221400      1.221400      0.962233   18836.1       3.07270       0.00000    
    1476      1.223600      1.223600      0.962455   18847.4       3.07270       0.00000    
    1478      1.225800      1.225800      0.962676   18858.6       3.07270       0.00000    
    1480      1.228000      1.228000      0.962896   18869.7       3.07270       0.00000    
    1482      1.230200      1.230200      0.963114   18880.8       3.07270       0.00000    
    1484      1.232400      1.232400      0.963331   18891.8       3.07270       0.00000    
    1486      1.234600      1.234600      0.963547   18902.7       3.07270       0.00000    
    1488      1.236800      1.236800      0.963761   18913.6       3.07270       0.00000    
    1490      1.239000      1.239000      0.963974   18924.5       3.07270       0.00000    
    1492      1.241200      1.241200      0.964186   18935.2       3.07270       0.00000    
    1494      1.243400      1.243400      0.964397   18946.0       3.07270       0.00000    
    1496      1.245600      1.245600      0.964607   18956.6       3.07270       0.00000    
    1498      1.247800      1.247800      0.964815   18967.2       3.07270       0.00000    
    1500      1.250000      1.250000      0.965022   18977.8       3.07270       0.00000    
    1502      1.252200      1.252200      0.965228   18988.2       3.07270       0.00000    
    1504      1.254400      1.254400      0.965432   18998.7       3.07270       0.00000    
    1506      1.256600      1.256600      0.965636   19009.0       3.07270       0.00000    
    1508      1.258800      1.258800      0.965838   19019.3       3.07270       0.00000    
    1510      1.261000      1.261000      0.966039   19029.6       3.07270       0.00000    
    1512      1.263200      1.263200      0.966239   19039.8       3.07270       0.00000    
    1514      1.265400      1.265400      0.966437   19049.9       3.07270       0.00000    
    1516      1.267600      1.267600      0.966635   19060.0       3.07270       0.00000    
    1518      1.269800      1.269800      0.966831   19070.1       3.07270       0.00000    
    1520      1.272000      1.272000      0.967026   19080.0       3.07270       0.00000    
    1522      1.274200      1.274200      0.967220   19090.0       3.07270       0.00000    
    1524      1.276400      1.276400      0.967413   19099.8       3.07270       0.00000    
    1526      1.278600      1.278600      0.967605   19109.6       3.07270       0.00000    
    1528      1.280800      1.280800      0.967796   19119.4       3.07270       0.00000    
    1530      1.283000      1.283000      0.967985   19129.1       3.07270       0.00000    
    1532      1.285200      1.285200      0.968173   19138.8       3.07270       0.00000    
    1534      1.287400      1.287400      0.968361   19148.4       3.07270       0.00000    
    1536      1.289600      1.289600      0.968547   19157.9       3.07270       0.00000    
    1538      1.291800      1.291800      0.968732   19167.4       3.07270       0.00000    
    1540      1.294000      1.294000      0.968916   19176.9       3.07270       0.00000    
    1542      1.296200      1.296200      0.969099   19186.2       3.07270       0.00000    
    1544      1.298400      1.298400      0.969281   19195.6       3.07270       0.00000    
    1546      1.300600      1.300600      0.969461   19204.9       3.07270       0.00000    
    1548      1.302800      1.302800      0.969641   19214.1       3.07270       0.00000    
    1550      1.305000      1.305000      0.969820   19223.3       3.07270       0.00000    
    1552      1.307200      1.307200      0.969997   19232.4       3.07270       0.00000    
    1554      1.309400      1.309400      0.970174   19241.5       3.07270       0.00000    
    1556      1.311600      1.311600      0.970349   19250.5       3.07270       0.00000    
    1558      1.313800      1.313800      0.970524   19259.5       3.07270       0.00000    
    1560      1.316000      1.316000      0.970697   19268.4       3.07270       0.00000    
    1562      1.318200      1.318200      0.970870   19277.3       3.07270       0.00000    
    1564      1.320400      1.320400      0.971041   19286.2       3.07270       0.00000    
    1566      1.322600      1.322600      0.971211   19294.9       3.07270       0.00000    
    1568      1.324800      1.324800      0.971381   19303.7       3.07270       0.00000    
    1570      1.327000      1.327000      0.971549   19312.4       3.07270       0.00000    
    1572      1.329200      1.329200      0.971717   19321.0       3.07270       0.00000    
    1574      1.331400      1.331400      0.971883   19329.6       3.07270       0.00000    
    1576      1.333600      1.333600      0.972048   19338.1       3.07270       0.00000    
    1578      1.335800      1.335800      0.972213   19346.6       3.07270       0.00000    
    1580      1.338000      1.338000      0.972376   19355.1       3.07270       0.00000    
    1582      1.340200      1.340200      0.972539   19363.5       3.07270       0.00000    
    1584      1.342400      1.342400      0.972701   19371.9       3.07270       0.00000    
    1586      1.344600      1.344600      0.972861   19380.2       3.07270       0.00000    
    1588      1.346800      1.346800      0.973021   19388.4       3.07270       0.00000    
    1590      1.349000      1.349000      0.973180   19396.6       3.07270       0.00000    
    1592      1.351200      1.351200      0.973337   19404.8       3.07270       0.00000    
    1594      1.353400      1.353400      0.973494   19412.9       3.07270       0.00000    
    1596      1.355600      1.355600      0.973650   19421.0       3.07270       0.00000    
    1598      1.357800      1.357800      0.973805   19429.1       3.07270       0.00000    
    1600      1.360000      1.360000      0.973959   19437.0       3.07270       0.00000    
    1602      1.362200      1.362200      0.974113   19445.0       3.07270       0.00000    
    1604      1.364400      1.364400      0.974265   19452.9       3.07270       0.00000    
    1606      1.366600      1.366600      0.974416   19460.8       3.07270       0.00000    
    1608      1.368800      1.368800      0.974567   19468.6       3.07270       0.00000    
    1610      1.371000      1.371000      0.974717   19476.3       3.07270       0.00000    
    1612      1.373200      1.373200      0.974865   19484.1       3.07270       0.00000    
    1614      1.375400      1.375400      0.975013   19491.7       3.07270       0.00000    
    1616      1.377600      1.377600      0.975160   19499.4       3.07270       0.00000    
    1618      1.379800      1.379800      0.975306   19507.0       3.07270       0.00000    
    1620      1.382000      1.382000      0.975452   19514.5       3.07270       0.00000    
    1622      1.384200      1.384200      0.975596   19522.1       3.07270       0.00000    
    1624      1.386400      1.386400      0.975740   19529.5       3.07270       0.00000    
    1626      1.388600      1.388600      0.975882   19537.0       3.07270       0.00000    
    1628      1.390800      1.390800      0.976024   19544.3       3.07270       0.00000    
    1630      1.393000      1.393000      0.976165   19551.7       3.07270       0.00000    
    1632      1.395200      1.395200      0.976306   19559.0       3.07270       0.00000    
    1634      1.397400      1.397400      0.976445   19566.3       3.07270       0.00000    
    1636      1.399600      1.399600      0.976584   19573.5       3.07270       0.00000    
    1638      1.401800      1.401800      0.976721   19580.7       3.07270       0.00000    
    1640      1.404000      1.404000      0.976858   19587.8       3.07270       0.00000    
    1642      1.406200      1.406200      0.976995   19594.9       3.07270       0.00000    
    1644      1.408400      1.408400      0.977130   19602.0       3.07270       0.00000    
    1646      1.410600      1.410600      0.977265   19609.0       3.07270       0.00000    
    1648      1.412800      1.412800      0.977398   19616.0       3.07270       0.00000    
    1650      1.415000      1.415000      0.977531   19622.9       3.07270       0.00000    
    1652      1.417200      1.417200      0.977663   19629.8       3.07270       0.00000    
    1654      1.419400      1.419400      0.977795   19636.7       3.07270       0.00000    
    1656      1.421600      1.421600      0.977926   19643.5       3.07270       0.00000    
    1658      1.423800      1.423800      0.978055   19650.3       3.07270       0.00000    
    1660      1.426000      1.426000      0.978185   19657.1       3.07270       0.00000    
    1662      1.428200      1.428200      0.978313   19663.8       3.07270       0.00000    
    1664      1.430400      1.430400      0.978441   19670.4       3.07270       0.00000    
    1666      1.432600      1.432600      0.978567   19677.1       3.07270       0.00000    
    1668      1.434800      1.434800      0.978694   19683.7       3.07270       0.00000    
    1670      1.437000      1.437000      0.978819   19690.3       3.07270       0.00000    
    1672      1.439200      1.439200      0.978944   19696.8       3.07270       0.00000    
    1674      1.441400      1.441400      0.979067   19703.3       3.07270       0.00000    
    1676      1.443600      1.443600      0.979191   19709.7       3.07270       0.00000    
    1678      1.445800      1.445800      0.979313   19716.1       3.07270       0.00000    
    1680      1.448000      1.448000      0.979435   19722.5       3.07270       0.00000    
    1682      1.450200      1.450200      0.979556   19728.9       3.07270       0.00000    
    1684      1.452400      1.452400      0.979676   19735.2       3.07270       0.00000    
    1686      1.454600      1.454600      0.979796   19741.4       3.07270       0.00000    
    1688      1.456800      1.456800      0.979914   19747.7       3.07270       0.00000    
    1690      1.459000      1.459000      0.980033   19753.9       3.07270       0.00000    
    1692      1.461200      1.461200      0.980150   19760.0       3.07270       0.00000    
    1694      1.463400      1.463400      0.980267   19766.2       3.07270       0.00000    
    1696      1.465600      1.465600      0.980383   19772.3       3.07270       0.00000    
    1698      1.467800      1.467800      0.980498   19778.3       3.07270       0.00000    
    1700      1.470000      1.470000      0.980613   19784.4       3.07270       0.00000    
    1702      1.472200      1.472200      0.980727   19790.4       3.07270       0.00000    
    1704      1.474400      1.474400      0.980841   19796.3       3.07270       0.00000    
    1706      1.476600      1.476600      0.980953   19802.3       3.07270       0.00000    
    1708      1.478800      1.478800      0.981066   19808.1       3.07270       0.00000    
    1710      1.481000      1.481000      0.981177   19814.0       3.07270       0.00000    
    1712      1.483200      1.483200      0.981288   19819.8       3.07270       0.00000    
    1714      1.485400      1.485400      0.981398   19825.6       3.07270       0.00000    
    1716      1.487600      1.487600      0.981507   19831.4       3.07270       0.00000    
    1718      1.489800      1.489800      0.981616   19837.1       3.07270       0.00000    
    1720      1.492000      1.492000      0.981724   19842.8       3.07270       0.00000    
    1722      1.494200      1.494200      0.981832   19848.5       3.07270       0.00000    
    1724      1.496400      1.496400      0.981939   19854.1       3.07270       0.00000    
    1726      1.498600      1.498600      0.982045   19859.7       3.07270       0.00000    
    1728      1.500800      1.500800      0.982151   19865.3       3.07270       0.00000    
    1730      1.503000      1.503000      0.982256   19870.8       3.07270       0.00000    
    1732      1.505200      1.505200      0.982360   19876.3       3.07270       0.00000    
    1734      1.507400      1.507400      0.982464   19881.8       3.07270       0.00000    
    1736      1.509600      1.509600      0.982567   19887.2       3.07270       0.00000    
    1738      1.511800      1.511800      0.982670   19892.6       3.07270       0.00000    
    1740      1.514000      1.514000      0.982772   19898.0       3.07270       0.00000    
    1742      1.516200      1.516200      0.982873   19903.4       3.07270       0.00000    
    1744      1.518400      1.518400      0.982974   19908.7       3.07270       0.00000    
    1746      1.520600      1.520600      0.983074   19914.0       3.07270       0.00000    
    1748      1.522800      1.522800      0.983173   19919.3       3.07270       0.00000    
    1750      1.525000      1.525000      0.983272   19924.5       3.07270       0.00000    
    1752      1.527200      1.527200      0.983371   19929.7       3.07270       0.00000    
    1754      1.529400      1.529400      0.983469   19934.9       3.07270       0.00000    
    1756      1.531600      1.531600      0.983566   19940.0       3.07270       0.00000    
    1758      1.533800      1.533800      0.983663   19945.1       3.07270       0.00000    
    1760      1.536000      1.536000      0.983759   19950.2       3.07270       0.00000    
    1762      1.538200      1.538200      0.983854   19955.2       3.07270       0.00000    
    1764      1.540400      1.540400      0.983949   19960.3       3.07270       0.00000    
    1766      1.542600      1.542600      0.984044   19965.3       3.07270       0.00000    
    1768      1.544800      1.544800      0.984138   19970.2       3.07270       0.00000    
    1770      1.547000      1.547000      0.984231   19975.2       3.07270       0.00000    
    1772      1.549200      1.549200      0.984324   19980.1       3.07270       0.00000    
    1774      1.551400      1.551400      0.984416   19985.0       3.07270       0.00000    
    1776      1.553600      1.553600      0.984508   19989.8       3.07270       0.00000    
    1778      1.555800      1.555800      0.984599   19994.6       3.07270       0.00000    
    1780      1.558000      1.558000      0.984690   19999.4       3.07270       0.00000    
    1782      1.560200      1.560200      0.984780   20004.2       3.07270       0.00000    
    1784      1.562400      1.562400      0.984869   20009.0       3.07270       0.00000    
    1786      1.564600      1.564600      0.984958   20013.7       3.07270       0.00000    
    1788      1.566800      1.566800      0.985047   20018.4       3.07270       0.00000    
    1790      1.569000      1.569000      0.985135   20023.0       3.07270       0.00000    
    1792      1.571200      1.571200      0.985222   20027.7       3.07270       0.00000    
    1794      1.573400      1.573400      0.985309   20032.3       3.07270       0.00000    
    1796      1.575600      1.575600      0.985396   20036.9       3.07270       0.00000    
    1798      1.577800      1.577800      0.985481   20041.4       3.07270       0.00000    
    1800      1.580000      1.580000      0.985567   20046.0       3.07270       0.00000    
    1802      1.582200      1.582200      0.985652   20050.5       3.07270       0.00000    
    1804      1.584400      1.584400      0.985736   20055.0       3.07270       0.00000    
    1806      1.586600      1.586600      0.985820   20059.4       3.07270       0.00000    
    1808      1.588800      1.588800      0.985904   20063.8       3.07270       0.00000    
    1810      1.591000      1.591000      0.985987   20068.3       3.07270       0.00000    
    1812      1.593200      1.593200      0.986069   20072.6       3.07270       0.00000    
    1814      1.595400      1.595400      0.986151   20077.0       3.07270       0.00000    
    1816      1.597600      1.597600      0.986232   20081.3       3.07270       0.00000    
    1818      1.599800      1.599800      0.986313   20085.6       3.07270       0.00000    
    1820      1.602000      1.602000      0.986394   20089.9       3.07270       0.00000    
    1822      1.604200      1.604200      0.986474   20094.2       3.07270       0.00000    
    1824      1.606400      1.606400      0.986554   20098.4       3.07270       0.00000    
    1826      1.608600      1.608600      0.986633   20102.6       3.07270       0.00000    
    1828      1.610800      1.610800      0.986711   20106.8       3.07270       0.00000    
    1830      1.613000      1.613000      0.986790   20110.9       3.07270       0.00000    
    1832      1.615200      1.615200      0.986867   20115.1       3.07270       0.00000    
    1834      1.617400      1.617400      0.986945   20119.2       3.07270       0.00000    
    1836      1.619600      1.619600      0.987021   20123.3       3.07270       0.00000    
    1838      1.621800      1.621800      0.987098   20127.3       3.07270       0.00000    
    1840      1.624000      1.624000      0.987174   20131.4       3.07270       0.00000    
    1842      1.626200      1.626200      0.987249   20135.4       3.07270       0.00000    
    1844      1.628400      1.628400      0.987324   20139.4       3.07270       0.00000    
    1846      1.630600      1.630600      0.987399   20143.4       3.07270       0.00000    
    1848      1.632800      1.632800      0.987473   20147.3       3.07270       0.00000    
    1850      1.635000      1.635000      0.987547   20151.2       3.07270       0.00000    
    1852      1.637200      1.637200      0.987620   20155.2       3.07270       0.00000    
    1854      1.639400      1.639400      0.987693   20159.0       3.07270       0.00000    
    1856      1.641600      1.641600      0.987765   20162.9       3.07270       0.00000    
    1858      1.643800      1.643800      0.987837   20166.7       3.07270       0.00000    
    1860      1.646000      1.646000      0.987909   20170.5       3.07270       0.00000    
    1862      1.648200      1.648200      0.987980   20174.3       3.07270       0.00000    
    1864      1.650400      1.650400      0.988051   20178.1       3.07270       0.00000    
    1866      1.652600      1.652600      0.988121   20181.9       3.07270       0.00000    
    1868      1.654800      1.654800      0.988191   20185.6       3.07270       0.00000    
    1870      1.657000      1.657000      0.988260   20189.3       3.07270       0.00000    
    1872      1.659200      1.659200      0.988329   20193.0       3.07270       0.00000    
    1874      1.661400      1.661400      0.988398   20196.7       3.07270       0.00000    
    1876      1.663600      1.663600      0.988466   20200.3       3.07270       0.00000    
    1878      1.665800      1.665800      0.988534   20203.9       3.07270       0.00000    
    1880      1.668000      1.668000      0.988602   20207.5       3.07270       0.00000    
    1882      1.670200      1.670200      0.988669   20211.1       3.07270       0.00000    
    1884      1.672400      1.672400      0.988735   20214.7       3.07270       0.00000    
    1886      1.674600      1.674600      0.988802   20218.2       3.07270       0.00000    
    1888      1.676800      1.676800      0.988868   20221.7       3.07270       0.00000    
    1890      1.679000      1.679000      0.988933   20225.2       3.07270       0.00000    
    1892      1.681200      1.681200      0.988998   20228.7       3.07270       0.00000    
    1894      1.683400      1.683400      0.989063   20232.2       3.07270       0.00000    
    1896      1.685600      1.685600      0.989127   20235.6       3.07270       0.00000    
    1898      1.687800      1.687800      0.989191   20239.0       3.07270       0.00000    
    1900      1.690000      1.690000      0.989255   20242.4       3.07270       0.00000    
    1902      1.692200      1.692200      0.989318   20245.8       3.07270       0.00000    
    1904      1.694400      1.694400      0.989381   20249.2       3.07270       0.00000    
    1906      1.696600      1.696600      0.989443   20252.5       3.07270       0.00000    
    1908      1.698800      1.698800      0.989505   20255.8       3.07270       0.00000    
    1910      1.701000      1.701000      0.989567   20259.1       3.07270       0.00000    
    1912      1.703200      1.703200      0.989629   20262.4       3.07270       0.00000    
    1914      1.705400      1.705400      0.989690   20265.7       3.07270       0.00000    
    1916      1.707600      1.707600      0.989750   20268.9       3.07270       0.00000    
    1918      1.709800      1.709800      0.989811   20272.2       3.07270       0.00000    
    1920      1.712000      1.712000      0.989871   20275.4       3.07270       0.00000    
    1922      1.714200      1.714200      0.989930   20278.6       3.07270       0.00000    
    1924      1.716400      1.716400      0.989989   20281.7       3.07270       0.00000    
    1926      1.718600      1.718600      0.990048   20284.9       3.07270       0.00000    
    1928      1.720800      1.720800      0.990107   20288.0       3.07270       0.00000    
    1930      1.723000      1.723000      0.990165   20291.1       3.07270       0.00000    
    1932      1.725200      1.725200      0.990223   20294.2       3.07270       0.00000    
    1934      1.727400      1.727400      0.990280   20297.3       3.07270       0.00000    
    1936      1.729600      1.729600      0.990338   20300.4       3.07270       0.00000    
    1938      1.731800      1.731800      0.990395   20303.4       3.07270       0.00000    
    1940      1.734000      1.734000      0.990451   20306.5       3.07270       0.00000    
    1942      1.736200      1.736200      0.990507   20309.5       3.07270       0.00000    
    1944      1.738400      1.738400      0.990563   20312.5       3.07270       0.00000    
    1946      1.740600      1.740600      0.990619   20315.4       3.07270       0.00000    
    1948      1.742800      1.742800      0.990674   20318.4       3.07270       0.00000    
    1950      1.745000      1.745000      0.990729   20321.3       3.07270       0.00000    
    1952      1.747200      1.747200      0.990783   20324.3       3.07270       0.00000    
    1954      1.749400      1.749400      0.990837   20327.2       3.07270       0.00000    
    1956      1.751600      1.751600      0.990891   20330.1       3.07270       0.00000    
    1958      1.753800      1.753800      0.990945   20332.9       3.07270       0.00000    
    1960      1.756000      1.756000      0.990998   20335.8       3.07270       0.00000    
    1962      1.758200      1.758200      0.991051   20338.6       3.07270       0.00000    
    1964      1.760400      1.760400      0.991104   20341.5       3.07270       0.00000    
    1966      1.762600      1.762600      0.991156   20344.3       3.07270       0.00000    
    1968      1.764800      1.764800      0.991208   20347.1       3.07270       0.00000    
    1970      1.767000      1.767000      0.991260   20349.8       3.07270       0.00000    
    1972      1.769200      1.769200      0.991311   20352.6       3.07270       0.00000    
    1974      1.771400      1.771400      0.991363   20355.3       3.07270       0.00000    
    1976      1.773600      1.773600      0.991413   20358.1       3.07270       0.00000    
    1978      1.775800      1.775800      0.991464   20360.8       3.07270       0.00000    
    1980      1.778000      1.778000      0.991514   20363.5       3.07270       0.00000    
    1982      1.780200      1.780200      0.991564   20366.2       3.07270       0.00000    
    1984      1.782400      1.782400      0.991614   20368.8       3.07270       0.00000    
    1986      1.784600      1.784600      0.991663   20371.5       3.07270       0.00000    
    1988      1.786800      1.786800      0.991712   20374.1       3.07270       0.00000    
    1990      1.789000      1.789000      0.991761   20376.7       3.07270       0.00000    
    1992      1.791200      1.791200      0.991809   20379.3       3.07270       0.00000    
    1994      1.793400      1.793400      0.991858   20381.9       3.07270       0.00000    
    1996      1.795600      1.795600      0.991905   20384.5       3.07270       0.00000    
    1998      1.797800      1.797800      0.991953   20387.1       3.07270       0.00000    
    2000      1.800000      1.800000      0.992000   20389.6       3.07270       0.00000    

 Outmost points of the nonvanishing wave-functions are: [     1...  1656], i.e. [   -0.398900...    1.421600] 

 Numerov-energies are:
       0        0.00000000
       1      757.19946104
       2     1503.17675109
       3     2237.78294194
       4     2960.86602997
       5     3672.27091663
       6     4371.83934099
       7     5059.40978536
       8     5734.81736953
       9     6397.89374547
      10     7048.46700067
      11     7686.36157586
      12     8311.39820095
      13     8923.39385097
      14     9522.16172252
      15    10107.51123033
      16    10679.24802223
      17    11237.17401049
      18    11781.08741674
      19    12310.78282761
      20    12826.05125766
      21    13326.68021652
      22    13812.45377696
      23    14283.15264066
      24    14738.55419891
      25    15178.43258534
      26    15602.55871838
      27    16010.70033109
      28    16402.62198651
Zero-point-energy is :        381.592011
<   0|H|   0> =       381.592007<-      381.592007; <   0|   0> =         1.000000
<   0|H|   1> =         0.20E-05<-        0.0     ; <   0|   1> =         0.21E-34<-        0.0
<   0|H|   2> =        -0.15E-04<-        0.0     ; <   0|   2> =         0.14E-34<-        0.0
<   0|H|   3> =        -0.14E-04<-        0.0     ; <   0|   3> =        -0.11E-34<-        0.0
<   0|H|   4> =        -0.92E-05<-        0.0     ; <   0|   4> =         0.30E-35<-        0.0
<   0|H|   5> =         0.15E-04<-        0.0     ; <   0|   5> =        -0.48E-35<-        0.0
<   0|H|   6> =         0.62E-05<-        0.0     ; <   0|   6> =         0.12E-34<-        0.0
<   0|H|   7> =        -0.32E-06<-        0.0     ; <   0|   7> =         0.16E-35<-        0.0
<   0|H|   8> =         0.23E-05<-        0.0     ; <   0|   8> =         0.80E-35<-        0.0
<   0|H|   9> =         0.22E-05<-        0.0     ; <   0|   9> =        -0.49E-35<-        0.0
<   0|H|  10> =         0.16E-05<-        0.0     ; <   0|  10> =         0.10E-34<-        0.0
<   0|H|  11> =        -0.97E-06<-        0.0     ; <   0|  11> =         0.96E-35<-        0.0
<   0|H|  12> =        -0.55E-06<-        0.0     ; <   0|  12> =        -0.59E-35<-        0.0
<   0|H|  13> =        -0.31E-06<-        0.0     ; <   0|  13> =        -0.16E-36<-        0.0
<   0|H|  14> =        -0.16E-06<-        0.0     ; <   0|  14> =        -0.84E-35<-        0.0
<   0|H|  15> =        -0.87E-07<-        0.0     ; <   0|  15> =        -0.16E-34<-        0.0
<   0|H|  16> =         0.46E-07<-        0.0     ; <   0|  16> =         0.27E-35<-        0.0
<   0|H|  17> =         0.24E-07<-        0.0     ; <   0|  17> =        -0.55E-35<-        0.0
<   0|H|  18> =        -0.13E-07<-        0.0     ; <   0|  18> =         0.27E-35<-        0.0
<   0|H|  19> =        -0.75E-08<-        0.0     ; <   0|  19> =         0.25E-38<-        0.0
<   0|H|  20> =        -0.44E-08<-        0.0     ; <   0|  20> =         0.56E-37<-        0.0
<   0|H|  21> =        -0.28E-08<-        0.0     ; <   0|  21> =        -0.57E-35<-        0.0
<   0|H|  22> =        -0.18E-08<-        0.0     ; <   0|  22> =         0.61E-35<-        0.0
<   0|H|  23> =         0.12E-08<-        0.0     ; <   0|  23> =        -0.18E-35<-        0.0
<   0|H|  24> =         0.86E-09<-        0.0     ; <   0|  24> =        -0.21E-35<-        0.0
<   0|H|  25> =         0.62E-09<-        0.0     ; <   0|  25> =        -0.10E-35<-        0.0
<   0|H|  26> =         0.45E-09<-        0.0     ; <   0|  26> =        -0.11E-35<-        0.0
<   0|H|  27> =         0.34E-09<-        0.0     ; <   0|  27> =        -0.37E-35<-        0.0
<   0|H|  28> =        -0.25E-09<-        0.0     ; <   0|  28> =         0.15E-35<-        0.0
<   1|H|   1> =      1138.791444<-     1138.791444; <   1|   1> =         1.000000
<   1|H|   2> =        -0.11E-04<-        0.0     ; <   1|   2> =        -0.94E-35<-        0.0
<   1|H|   3> =         0.58E-04<-        0.0     ; <   1|   3> =         0.50E-37<-        0.0
<   1|H|   4> =        -0.52E-04<-        0.0     ; <   1|   4> =        -0.14E-34<-        0.0
<   1|H|   5> =        -0.20E-04<-        0.0     ; <   1|   5> =         0.77E-35<-        0.0
<   1|H|   6> =        -0.44E-04<-        0.0     ; <   1|   6> =        -0.23E-35<-        0.0
<   1|H|   7> =        -0.23E-04<-        0.0     ; <   1|   7> =         0.12E-36<-        0.0
<   1|H|   8> =         0.39E-05<-        0.0     ; <   1|   8> =         0.15E-34<-        0.0
<   1|H|   9> =        -0.40E-05<-        0.0     ; <   1|   9> =        -0.53E-35<-        0.0
<   1|H|  10> =        -0.53E-05<-        0.0     ; <   1|  10> =         0.28E-35<-        0.0
<   1|H|  11> =         0.43E-05<-        0.0     ; <   1|  11> =        -0.91E-35<-        0.0
<   1|H|  12> =         0.29E-05<-        0.0     ; <   1|  12> =        -0.16E-34<-        0.0
<   1|H|  13> =         0.18E-05<-        0.0     ; <   1|  13> =        -0.65E-35<-        0.0
<   1|H|  14> =         0.10E-05<-        0.0     ; <   1|  14> =         0.25E-35<-        0.0
<   1|H|  15> =         0.58E-06<-        0.0     ; <   1|  15> =        -0.33E-35<-        0.0
<   1|H|  16> =        -0.32E-06<-        0.0     ; <   1|  16> =        -0.78E-36<-        0.0
<   1|H|  17> =        -0.18E-06<-        0.0     ; <   1|  17> =        -0.31E-35<-        0.0
<   1|H|  18> =         0.99E-07<-        0.0     ; <   1|  18> =        -0.20E-35<-        0.0
<   1|H|  19> =         0.56E-07<-        0.0     ; <   1|  19> =         0.12E-35<-        0.0
<   1|H|  20> =         0.32E-07<-        0.0     ; <   1|  20> =         0.53E-35<-        0.0
<   1|H|  21> =         0.19E-07<-        0.0     ; <   1|  21> =        -0.18E-35<-        0.0
<   1|H|  22> =         0.12E-07<-        0.0     ; <   1|  22> =        -0.29E-35<-        0.0
<   1|H|  23> =        -0.79E-08<-        0.0     ; <   1|  23> =         0.15E-34<-        0.0
<   1|H|  24> =        -0.54E-08<-        0.0     ; <   1|  24> =        -0.22E-36<-        0.0
<   1|H|  25> =        -0.38E-08<-        0.0     ; <   1|  25> =        -0.19E-35<-        0.0
<   1|H|  26> =        -0.28E-08<-        0.0     ; <   1|  26> =        -0.85E-36<-        0.0
<   1|H|  27> =        -0.21E-08<-        0.0     ; <   1|  27> =        -0.59E-35<-        0.0
<   1|H|  28> =         0.16E-08<-        0.0     ; <   1|  28> =        -0.40E-35<-        0.0
<   2|H|   2> =      1884.768667<-     1884.768667; <   2|   2> =         1.000000
<   2|H|   3> =        -0.37E-04<-        0.0     ; <   2|   3> =        -0.15E-34<-        0.0
<   2|H|   4> =        -0.14E-03<-        0.0     ; <   2|   4> =         0.27E-34<-        0.0
<   2|H|   5> =         0.13E-03<-        0.0     ; <   2|   5> =         0.44E-36<-        0.0
<   2|H|   6> =        -0.24E-04<-        0.0     ; <   2|   6> =         0.72E-36<-        0.0
<   2|H|   7> =        -0.88E-04<-        0.0     ; <   2|   7> =         0.38E-35<-        0.0
<   2|H|   8> =         0.56E-04<-        0.0     ; <   2|   8> =        -0.14E-35<-        0.0
<   2|H|   9> =         0.17E-04<-        0.0     ; <   2|   9> =        -0.79E-35<-        0.0
<   2|H|  10> =        -0.31E-05<-        0.0     ; <   2|  10> =        -0.36E-35<-        0.0
<   2|H|  11> =         0.89E-05<-        0.0     ; <   2|  11> =         0.23E-35<-        0.0
<   2|H|  12> =         0.85E-05<-        0.0     ; <   2|  12> =         0.15E-36<-        0.0
<   2|H|  13> =         0.62E-05<-        0.0     ; <   2|  13> =         0.14E-34<-        0.0
<   2|H|  14> =         0.41E-05<-        0.0     ; <   2|  14> =        -0.57E-36<-        0.0
<   2|H|  15> =         0.25E-05<-        0.0     ; <   2|  15> =        -0.48E-35<-        0.0
<   2|H|  16> =        -0.15E-05<-        0.0     ; <   2|  16> =        -0.77E-35<-        0.0
<   2|H|  17> =        -0.87E-06<-        0.0     ; <   2|  17> =        -0.27E-35<-        0.0
<   2|H|  18> =         0.50E-06<-        0.0     ; <   2|  18> =        -0.78E-35<-        0.0
<   2|H|  19> =         0.29E-06<-        0.0     ; <   2|  19> =        -0.24E-36<-        0.0
<   2|H|  20> =         0.17E-06<-        0.0     ; <   2|  20> =        -0.87E-35<-        0.0
<   2|H|  21> =         0.99E-07<-        0.0     ; <   2|  21> =         0.70E-36<-        0.0
<   2|H|  22> =         0.61E-07<-        0.0     ; <   2|  22> =        -0.98E-36<-        0.0
<   2|H|  23> =        -0.39E-07<-        0.0     ; <   2|  23> =        -0.28E-35<-        0.0
<   2|H|  24> =        -0.25E-07<-        0.0     ; <   2|  24> =         0.16E-36<-        0.0
<   2|H|  25> =        -0.17E-07<-        0.0     ; <   2|  25> =        -0.42E-35<-        0.0
<   2|H|  26> =        -0.12E-07<-        0.0     ; <   2|  26> =        -0.46E-35<-        0.0
<   2|H|  27> =        -0.91E-08<-        0.0     ; <   2|  27> =        -0.88E-36<-        0.0
<   2|H|  28> =         0.69E-08<-        0.0     ; <   2|  28> =         0.16E-35<-        0.0
<   3|H|   3> =      2619.374721<-     2619.374721; <   3|   3> =         1.000000
<   3|H|   4> =         0.89E-04<-        0.0     ; <   3|   4> =        -0.48E-34<-        0.0
<   3|H|   5> =         0.27E-03<-        0.0     ; <   3|   5> =        -0.84E-35<-        0.0
<   3|H|   6> =         0.27E-03<-        0.0     ; <   3|   6> =         0.62E-35<-        0.0
<   3|H|   7> =        -0.11E-04<-        0.0     ; <   3|   7> =        -0.21E-34<-        0.0
<   3|H|   8> =         0.15E-03<-        0.0     ; <   3|   8> =         0.20E-35<-        0.0
<   3|H|   9> =         0.11E-03<-        0.0     ; <   3|   9> =         0.45E-35<-        0.0
<   3|H|  10> =         0.44E-04<-        0.0     ; <   3|  10> =         0.12E-34<-        0.0
<   3|H|  11> =        -0.39E-05<-        0.0     ; <   3|  11> =         0.98E-35<-        0.0
<   3|H|  12> =         0.11E-04<-        0.0     ; <   3|  12> =        -0.91E-35<-        0.0
<   3|H|  13> =         0.14E-04<-        0.0     ; <   3|  13> =         0.60E-35<-        0.0
<   3|H|  14> =         0.11E-04<-        0.0     ; <   3|  14> =        -0.69E-36<-        0.0
<   3|H|  15> =         0.79E-05<-        0.0     ; <   3|  15> =        -0.24E-35<-        0.0
<   3|H|  16> =        -0.52E-05<-        0.0     ; <   3|  16> =        -0.47E-35<-        0.0
<   3|H|  17> =        -0.32E-05<-        0.0     ; <   3|  17> =         0.13E-35<-        0.0
<   3|H|  18> =         0.20E-05<-        0.0     ; <   3|  18> =        -0.39E-36<-        0.0
<   3|H|  19> =         0.12E-05<-        0.0     ; <   3|  19> =         0.42E-36<-        0.0
<   3|H|  20> =         0.70E-06<-        0.0     ; <   3|  20> =        -0.34E-35<-        0.0
<   3|H|  21> =         0.42E-06<-        0.0     ; <   3|  21> =         0.68E-36<-        0.0
<   3|H|  22> =         0.26E-06<-        0.0     ; <   3|  22> =         0.23E-35<-        0.0
<   3|H|  23> =        -0.16E-06<-        0.0     ; <   3|  23> =        -0.50E-35<-        0.0
<   3|H|  24> =        -0.10E-06<-        0.0     ; <   3|  24> =         0.80E-35<-        0.0
<   3|H|  25> =        -0.69E-07<-        0.0     ; <   3|  25> =        -0.35E-35<-        0.0
<   3|H|  26> =        -0.48E-07<-        0.0     ; <   3|  26> =        -0.66E-35<-        0.0
<   3|H|  27> =        -0.34E-07<-        0.0     ; <   3|  27> =        -0.49E-35<-        0.0
<   3|H|  28> =         0.25E-07<-        0.0     ; <   3|  28> =        -0.37E-35<-        0.0
<   4|H|   4> =      3342.457584<-     3342.457584; <   4|   4> =         1.000000
<   4|H|   5> =         0.18E-03<-        0.0     ; <   4|   5> =         0.17E-34<-        0.0
<   4|H|   6> =        -0.46E-03<-        0.0     ; <   4|   6> =         0.23E-35<-        0.0
<   4|H|   7> =        -0.48E-03<-        0.0     ; <   4|   7> =        -0.49E-35<-        0.0
<   4|H|   8> =         0.35E-04<-        0.0     ; <   4|   8> =        -0.36E-35<-        0.0
<   4|H|   9> =        -0.21E-03<-        0.0     ; <   4|   9> =        -0.39E-35<-        0.0
<   4|H|  10> =        -0.19E-03<-        0.0     ; <   4|  10> =        -0.41E-35<-        0.0
<   4|H|  11> =         0.90E-04<-        0.0     ; <   4|  11> =        -0.62E-35<-        0.0
<   4|H|  12> =         0.22E-04<-        0.0     ; <   4|  12> =         0.25E-35<-        0.0
<   4|H|  13> =        -0.10E-04<-        0.0     ; <   4|  13> =        -0.39E-35<-        0.0
<   4|H|  14> =        -0.19E-04<-        0.0     ; <   4|  14> =        -0.10E-36<-        0.0
<   4|H|  15> =        -0.18E-04<-        0.0     ; <   4|  15> =        -0.32E-35<-        0.0
<   4|H|  16> =         0.13E-04<-        0.0     ; <   4|  16> =        -0.21E-35<-        0.0
<   4|H|  17> =         0.94E-05<-        0.0     ; <   4|  17> =         0.83E-36<-        0.0
<   4|H|  18> =        -0.62E-05<-        0.0     ; <   4|  18> =        -0.16E-36<-        0.0
<   4|H|  19> =        -0.39E-05<-        0.0     ; <   4|  19> =        -0.12E-34<-        0.0
<   4|H|  20> =        -0.24E-05<-        0.0     ; <   4|  20> =        -0.10E-34<-        0.0
<   4|H|  21> =        -0.15E-05<-        0.0     ; <   4|  21> =        -0.10E-34<-        0.0
<   4|H|  22> =        -0.94E-06<-        0.0     ; <   4|  22> =         0.27E-35<-        0.0
<   4|H|  23> =         0.59E-06<-        0.0     ; <   4|  23> =         0.25E-35<-        0.0
<   4|H|  24> =         0.38E-06<-        0.0     ; <   4|  24> =         0.20E-35<-        0.0
<   4|H|  25> =         0.25E-06<-        0.0     ; <   4|  25> =         0.32E-35<-        0.0
<   4|H|  26> =         0.17E-06<-        0.0     ; <   4|  26> =        -0.42E-35<-        0.0
<   4|H|  27> =         0.12E-06<-        0.0     ; <   4|  27> =        -0.46E-35<-        0.0
<   4|H|  28> =        -0.83E-07<-        0.0     ; <   4|  28> =         0.22E-35<-        0.0
<   5|H|   5> =      4053.862138<-     4053.862138; <   5|   5> =         1.000000
<   5|H|   6> =        -0.32E-03<-        0.0     ; <   5|   6> =         0.24E-34<-        0.0
<   5|H|   7> =         0.69E-03<-        0.0     ; <   5|   7> =        -0.18E-34<-        0.0
<   5|H|   8> =        -0.78E-03<-        0.0     ; <   5|   8> =         0.42E-35<-        0.0
<   5|H|   9> =        -0.13E-03<-        0.0     ; <   5|   9> =         0.20E-35<-        0.0
<   5|H|  10> =         0.28E-03<-        0.0     ; <   5|  10> =        -0.39E-35<-        0.0
<   5|H|  11> =        -0.29E-03<-        0.0     ; <   5|  11> =        -0.42E-35<-        0.0
<   5|H|  12> =        -0.16E-03<-        0.0     ; <   5|  12> =         0.44E-35<-        0.0
<   5|H|  13> =        -0.55E-04<-        0.0     ; <   5|  13> =        -0.64E-35<-        0.0
<   5|H|  14> =         0.11E-05<-        0.0     ; <   5|  14> =        -0.68E-35<-        0.0
<   5|H|  15> =         0.22E-04<-        0.0     ; <   5|  15> =         0.62E-35<-        0.0
<   5|H|  16> =        -0.25E-04<-        0.0     ; <   5|  16> =        -0.60E-35<-        0.0
<   5|H|  17> =        -0.21E-04<-        0.0     ; <   5|  17> =        -0.23E-35<-        0.0
<   5|H|  18> =         0.15E-04<-        0.0     ; <   5|  18> =         0.10E-34<-        0.0
<   5|H|  19> =         0.11E-04<-        0.0     ; <   5|  19> =         0.61E-35<-        0.0
<   5|H|  20> =         0.71E-05<-        0.0     ; <   5|  20> =         0.63E-37<-        0.0
<   5|H|  21> =         0.46E-05<-        0.0     ; <   5|  21> =         0.52E-35<-        0.0
<   5|H|  22> =         0.30E-05<-        0.0     ; <   5|  22> =        -0.70E-35<-        0.0
<   5|H|  23> =        -0.19E-05<-        0.0     ; <   5|  23> =        -0.52E-35<-        0.0
<   5|H|  24> =        -0.12E-05<-        0.0     ; <   5|  24> =         0.77E-35<-        0.0
<   5|H|  25> =        -0.80E-06<-        0.0     ; <   5|  25> =        -0.87E-35<-        0.0
<   5|H|  26> =        -0.53E-06<-        0.0     ; <   5|  26> =        -0.87E-35<-        0.0
<   5|H|  27> =        -0.37E-06<-        0.0     ; <   5|  27> =        -0.12E-35<-        0.0
<   5|H|  28> =         0.26E-06<-        0.0     ; <   5|  28> =         0.55E-35<-        0.0
<   6|H|   6> =      4753.430111<-     4753.430111; <   6|   6> =         1.000000
<   6|H|   7> =        -0.53E-03<-        0.0     ; <   6|   7> =         0.15E-34<-        0.0
<   6|H|   8> =        -0.96E-03<-        0.0     ; <   6|   8> =         0.13E-34<-        0.0
<   6|H|   9> =        -0.12E-02<-        0.0     ; <   6|   9> =        -0.30E-35<-        0.0
<   6|H|  10> =        -0.29E-03<-        0.0     ; <   6|  10> =         0.76E-35<-        0.0
<   6|H|  11> =        -0.33E-03<-        0.0     ; <   6|  11> =        -0.22E-35<-        0.0
<   6|H|  12> =        -0.41E-03<-        0.0     ; <   6|  12> =         0.45E-35<-        0.0
<   6|H|  13> =        -0.26E-03<-        0.0     ; <   6|  13> =         0.29E-35<-        0.0
<   6|H|  14> =        -0.11E-03<-        0.0     ; <   6|  14> =        -0.25E-36<-        0.0
<   6|H|  15> =        -0.20E-04<-        0.0     ; <   6|  15> =         0.19E-36<-        0.0
<   6|H|  16> =        -0.20E-04<-        0.0     ; <   6|  16> =        -0.39E-35<-        0.0
<   6|H|  17> =        -0.31E-04<-        0.0     ; <   6|  17> =         0.75E-35<-        0.0
<   6|H|  18> =         0.29E-04<-        0.0     ; <   6|  18> =         0.38E-35<-        0.0
<   6|H|  19> =         0.23E-04<-        0.0     ; <   6|  19> =         0.98E-35<-        0.0
<   6|H|  20> =         0.17E-04<-        0.0     ; <   6|  20> =        -0.53E-35<-        0.0
<   6|H|  21> =         0.12E-04<-        0.0     ; <   6|  21> =        -0.68E-36<-        0.0
<   6|H|  22> =         0.81E-05<-        0.0     ; <   6|  22> =         0.29E-35<-        0.0
<   6|H|  23> =        -0.54E-05<-        0.0     ; <   6|  23> =         0.15E-34<-        0.0
<   6|H|  24> =        -0.36E-05<-        0.0     ; <   6|  24> =        -0.12E-35<-        0.0
<   6|H|  25> =        -0.24E-05<-        0.0     ; <   6|  25> =         0.48E-35<-        0.0
<   6|H|  26> =        -0.16E-05<-        0.0     ; <   6|  26> =         0.79E-35<-        0.0
<   6|H|  27> =        -0.11E-05<-        0.0     ; <   6|  27> =         0.84E-35<-        0.0
<   6|H|  28> =         0.75E-06<-        0.0     ; <   6|  28> =        -0.29E-35<-        0.0
<   7|H|   7> =      5440.999974<-     5440.999974; <   7|   7> =         1.000000
<   7|H|   8> =         0.81E-03<-        0.0     ; <   7|   8> =         0.37E-34<-        0.0
<   7|H|   9> =        -0.13E-02<-        0.0     ; <   7|   9> =         0.36E-34<-        0.0
<   7|H|  10> =        -0.16E-02<-        0.0     ; <   7|  10> =         0.13E-35<-        0.0
<   7|H|  11> =         0.53E-03<-        0.0     ; <   7|  11> =        -0.11E-34<-        0.0
<   7|H|  12> =        -0.35E-03<-        0.0     ; <   7|  12> =         0.59E-35<-        0.0
<   7|H|  13> =        -0.54E-03<-        0.0     ; <   7|  13> =        -0.38E-35<-        0.0
<   7|H|  14> =        -0.38E-03<-        0.0     ; <   7|  14> =        -0.12E-35<-        0.0
<   7|H|  15> =        -0.19E-03<-        0.0     ; <   7|  15> =        -0.54E-35<-        0.0
<   7|H|  16> =         0.59E-04<-        0.0     ; <   7|  16> =        -0.97E-35<-        0.0
<   7|H|  17> =        -0.86E-05<-        0.0     ; <   7|  17> =         0.86E-35<-        0.0
<   7|H|  18> =         0.34E-04<-        0.0     ; <   7|  18> =         0.59E-35<-        0.0
<   7|H|  19> =         0.38E-04<-        0.0     ; <   7|  19> =        -0.29E-35<-        0.0
<   7|H|  20> =         0.33E-04<-        0.0     ; <   7|  20> =         0.30E-35<-        0.0
<   7|H|  21> =         0.25E-04<-        0.0     ; <   7|  21> =        -0.35E-35<-        0.0
<   7|H|  22> =         0.19E-04<-        0.0     ; <   7|  22> =         0.68E-37<-        0.0
<   7|H|  23> =        -0.13E-04<-        0.0     ; <   7|  23> =        -0.47E-35<-        0.0
<   7|H|  24> =        -0.92E-05<-        0.0     ; <   7|  24> =         0.45E-35<-        0.0
<   7|H|  25> =        -0.63E-05<-        0.0     ; <   7|  25> =        -0.32E-35<-        0.0
<   7|H|  26> =        -0.43E-05<-        0.0     ; <   7|  26> =         0.70E-35<-        0.0
<   7|H|  27> =        -0.30E-05<-        0.0     ; <   7|  27> =         0.24E-35<-        0.0
<   7|H|  28> =         0.21E-05<-        0.0     ; <   7|  28> =        -0.17E-35<-        0.0
<   8|H|   8> =      6116.406842<-     6116.406842; <   8|   8> =         1.000000
<   8|H|   9> =        -0.12E-02<-        0.0     ; <   8|   9> =         0.30E-34<-        0.0
<   8|H|  10> =         0.16E-02<-        0.0     ; <   8|  10> =         0.17E-34<-        0.0
<   8|H|  11> =        -0.22E-02<-        0.0     ; <   8|  11> =         0.35E-35<-        0.0
<   8|H|  12> =        -0.87E-03<-        0.0     ; <   8|  12> =         0.73E-35<-        0.0
<   8|H|  13> =         0.33E-03<-        0.0     ; <   8|  13> =         0.14E-34<-        0.0
<   8|H|  14> =         0.67E-03<-        0.0     ; <   8|  14> =        -0.71E-36<-        0.0
<   8|H|  15> =         0.54E-03<-        0.0     ; <   8|  15> =        -0.86E-35<-        0.0
<   8|H|  16> =        -0.30E-03<-        0.0     ; <   8|  16> =         0.35E-35<-        0.0
<   8|H|  17> =        -0.12E-03<-        0.0     ; <   8|  17> =         0.19E-35<-        0.0
<   8|H|  18> =         0.17E-04<-        0.0     ; <   8|  18> =        -0.59E-35<-        0.0
<   8|H|  19> =        -0.30E-04<-        0.0     ; <   8|  19> =         0.96E-35<-        0.0
<   8|H|  20> =        -0.44E-04<-        0.0     ; <   8|  20> =         0.40E-36<-        0.0
<   8|H|  21> =        -0.43E-04<-        0.0     ; <   8|  21> =        -0.71E-35<-        0.0
<   8|H|  22> =        -0.36E-04<-        0.0     ; <   8|  22> =         0.22E-35<-        0.0
<   8|H|  23> =         0.28E-04<-        0.0     ; <   8|  23> =        -0.28E-35<-        0.0
<   8|H|  24> =         0.20E-04<-        0.0     ; <   8|  24> =         0.15E-35<-        0.0
<   8|H|  25> =         0.15E-04<-        0.0     ; <   8|  25> =         0.18E-35<-        0.0
<   8|H|  26> =         0.10E-04<-        0.0     ; <   8|  26> =        -0.12E-35<-        0.0
<   8|H|  27> =         0.74E-05<-        0.0     ; <   8|  27> =        -0.16E-35<-        0.0
<   8|H|  28> =        -0.52E-05<-        0.0     ; <   8|  28> =         0.24E-35<-        0.0
<   9|H|   9> =      6779.482364<-     6779.482364; <   9|   9> =         1.000000
<   9|H|  10> =        -0.16E-02<-        0.0     ; <   9|  10> =         0.52E-36<-        0.0
<   9|H|  11> =        -0.19E-02<-        0.0     ; <   9|  11> =         0.28E-35<-        0.0
<   9|H|  12> =        -0.29E-02<-        0.0     ; <   9|  12> =        -0.33E-34<-        0.0
<   9|H|  13> =        -0.13E-02<-        0.0     ; <   9|  13> =         0.40E-37<-        0.0
<   9|H|  14> =         0.24E-03<-        0.0     ; <   9|  14> =         0.72E-35<-        0.0
<   9|H|  15> =         0.80E-03<-        0.0     ; <   9|  15> =         0.10E-34<-        0.0
<   9|H|  16> =        -0.72E-03<-        0.0     ; <   9|  16> =         0.82E-35<-        0.0
<   9|H|  17> =        -0.45E-03<-        0.0     ; <   9|  17> =         0.60E-35<-        0.0
<   9|H|  18> =         0.21E-03<-        0.0     ; <   9|  18> =        -0.13E-35<-        0.0
<   9|H|  19> =         0.62E-04<-        0.0     ; <   9|  19> =         0.86E-35<-        0.0
<   9|H|  20> =        -0.15E-04<-        0.0     ; <   9|  20> =        -0.16E-35<-        0.0
<   9|H|  21> =        -0.45E-04<-        0.0     ; <   9|  21> =        -0.35E-35<-        0.0
<   9|H|  22> =        -0.52E-04<-        0.0     ; <   9|  22> =        -0.14E-35<-        0.0
<   9|H|  23> =         0.47E-04<-        0.0     ; <   9|  23> =        -0.68E-35<-        0.0
<   9|H|  24> =         0.38E-04<-        0.0     ; <   9|  24> =        -0.85E-36<-        0.0
<   9|H|  25> =         0.30E-04<-        0.0     ; <   9|  25> =        -0.19E-35<-        0.0
<   9|H|  26> =         0.22E-04<-        0.0     ; <   9|  26> =        -0.33E-35<-        0.0
<   9|H|  27> =         0.16E-04<-        0.0     ; <   9|  27> =         0.75E-35<-        0.0
<   9|H|  28> =        -0.12E-04<-        0.0     ; <   9|  28> =         0.14E-36<-        0.0
<  10|H|  10> =      7430.054627<-     7430.054627; <  10|  10> =         1.000000
<  10|H|  11> =         0.22E-02<-        0.0     ; <  10|  11> =        -0.33E-34<-        0.0
<  10|H|  12> =        -0.23E-02<-        0.0     ; <  10|  12> =        -0.98E-35<-        0.0
<  10|H|  13> =        -0.36E-02<-        0.0     ; <  10|  13> =         0.13E-34<-        0.0
<  10|H|  14> =        -0.19E-02<-        0.0     ; <  10|  14> =        -0.16E-36<-        0.0
<  10|H|  15> =         0.58E-04<-        0.0     ; <  10|  15> =         0.11E-35<-        0.0
<  10|H|  16> =        -0.89E-03<-        0.0     ; <  10|  16> =         0.28E-35<-        0.0
<  10|H|  17> =        -0.91E-03<-        0.0     ; <  10|  17> =        -0.23E-35<-        0.0
<  10|H|  18> =         0.62E-03<-        0.0     ; <  10|  18> =        -0.60E-35<-        0.0
<  10|H|  19> =         0.33E-03<-        0.0     ; <  10|  19> =        -0.76E-35<-        0.0
<  10|H|  20> =         0.13E-03<-        0.0     ; <  10|  20> =        -0.14E-35<-        0.0
<  10|H|  21> =         0.17E-04<-        0.0     ; <  10|  21> =        -0.67E-36<-        0.0
<  10|H|  22> =        -0.37E-04<-        0.0     ; <  10|  22> =         0.28E-35<-        0.0
<  10|H|  23> =         0.56E-04<-        0.0     ; <  10|  23> =         0.37E-35<-        0.0
<  10|H|  24> =         0.57E-04<-        0.0     ; <  10|  24> =         0.13E-35<-        0.0
<  10|H|  25> =         0.50E-04<-        0.0     ; <  10|  25> =         0.68E-36<-        0.0
<  10|H|  26> =         0.41E-04<-        0.0     ; <  10|  26> =         0.11E-35<-        0.0
<  10|H|  27> =         0.32E-04<-        0.0     ; <  10|  27> =        -0.28E-35<-        0.0
<  10|H|  28> =        -0.25E-04<-        0.0     ; <  10|  28> =        -0.85E-36<-        0.0
<  11|H|  11> =      8067.948076<-     8067.948076; <  11|  11> =         1.000000
<  11|H|  12> =        -0.28E-02<-        0.0     ; <  11|  12> =         0.61E-34<-        0.0
<  11|H|  13> =         0.25E-02<-        0.0     ; <  11|  13> =        -0.30E-35<-        0.0
<  11|H|  14> =         0.44E-02<-        0.0     ; <  11|  14> =         0.19E-34<-        0.0
<  11|H|  15> =         0.26E-02<-        0.0     ; <  11|  15> =        -0.49E-36<-        0.0
<  11|H|  16> =        -0.23E-03<-        0.0     ; <  11|  16> =        -0.16E-36<-        0.0
<  11|H|  17> =         0.94E-03<-        0.0     ; <  11|  17> =         0.10E-34<-        0.0
<  11|H|  18> =        -0.11E-02<-        0.0     ; <  11|  18> =         0.18E-35<-        0.0
<  11|H|  19> =        -0.83E-03<-        0.0     ; <  11|  19> =         0.20E-35<-        0.0
<  11|H|  20> =        -0.50E-03<-        0.0     ; <  11|  20> =        -0.19E-35<-        0.0
<  11|H|  21> =        -0.24E-03<-        0.0     ; <  11|  21> =        -0.45E-35<-        0.0
<  11|H|  22> =        -0.73E-04<-        0.0     ; <  11|  22> =         0.83E-36<-        0.0
<  11|H|  23> =        -0.15E-04<-        0.0     ; <  11|  23> =        -0.45E-36<-        0.0
<  11|H|  24> =        -0.53E-04<-        0.0     ; <  11|  24> =        -0.15E-35<-        0.0
<  11|H|  25> =        -0.64E-04<-        0.0     ; <  11|  25> =        -0.67E-35<-        0.0
<  11|H|  26> =        -0.62E-04<-        0.0     ; <  11|  26> =         0.42E-36<-        0.0
<  11|H|  27> =        -0.54E-04<-        0.0     ; <  11|  27> =        -0.73E-36<-        0.0
<  11|H|  28> =         0.44E-04<-        0.0     ; <  11|  28> =        -0.63E-36<-        0.0
<  12|H|  12> =      8692.983445<-     8692.983445; <  12|  12> =         1.000000
<  12|H|  13> =        -0.36E-02<-        0.0     ; <  12|  13> =         0.36E-34<-        0.0
<  12|H|  14> =         0.28E-02<-        0.0     ; <  12|  14> =         0.49E-34<-        0.0
<  12|H|  15> =         0.53E-02<-        0.0     ; <  12|  15> =        -0.23E-35<-        0.0
<  12|H|  16> =        -0.34E-02<-        0.0     ; <  12|  16> =        -0.11E-34<-        0.0
<  12|H|  17> =        -0.63E-03<-        0.0     ; <  12|  17> =         0.24E-35<-        0.0
<  12|H|  18> =        -0.91E-03<-        0.0     ; <  12|  18> =         0.25E-35<-        0.0
<  12|H|  19> =        -0.13E-02<-        0.0     ; <  12|  19> =         0.15E-35<-        0.0
<  12|H|  20> =        -0.11E-02<-        0.0     ; <  12|  20> =         0.64E-35<-        0.0
<  12|H|  21> =        -0.69E-03<-        0.0     ; <  12|  21> =        -0.26E-35<-        0.0
<  12|H|  22> =        -0.38E-03<-        0.0     ; <  12|  22> =         0.31E-35<-        0.0
<  12|H|  23> =         0.16E-03<-        0.0     ; <  12|  23> =        -0.10E-35<-        0.0
<  12|H|  24> =         0.29E-04<-        0.0     ; <  12|  24> =        -0.62E-35<-        0.0
<  12|H|  25> =        -0.37E-04<-        0.0     ; <  12|  25> =        -0.19E-36<-        0.0
<  12|H|  26> =        -0.64E-04<-        0.0     ; <  12|  26> =        -0.87E-36<-        0.0
<  12|H|  27> =        -0.70E-04<-        0.0     ; <  12|  27> =         0.60E-35<-        0.0
<  12|H|  28> =         0.66E-04<-        0.0     ; <  12|  28> =        -0.59E-35<-        0.0
<  13|H|  13> =      9304.977720<-     9304.977720; <  13|  13> =         1.000000
<  13|H|  14> =        -0.45E-02<-        0.0     ; <  13|  14> =         0.26E-34<-        0.0
<  13|H|  15> =         0.30E-02<-        0.0     ; <  13|  15> =        -0.24E-34<-        0.0
<  13|H|  16> =        -0.62E-02<-        0.0     ; <  13|  16> =        -0.11E-34<-        0.0
<  13|H|  17> =        -0.43E-02<-        0.0     ; <  13|  17> =        -0.88E-35<-        0.0
<  13|H|  18> =         0.12E-02<-        0.0     ; <  13|  18> =         0.54E-35<-        0.0
<  13|H|  19> =        -0.79E-03<-        0.0     ; <  13|  19> =         0.72E-36<-        0.0
<  13|H|  20> =        -0.14E-02<-        0.0     ; <  13|  20> =         0.53E-35<-        0.0
<  13|H|  21> =        -0.13E-02<-        0.0     ; <  13|  21> =         0.97E-35<-        0.0
<  13|H|  22> =        -0.93E-03<-        0.0     ; <  13|  22> =        -0.43E-38<-        0.0
<  13|H|  23> =         0.56E-03<-        0.0     ; <  13|  23> =        -0.51E-35<-        0.0
<  13|H|  24> =         0.28E-03<-        0.0     ; <  13|  24> =        -0.98E-35<-        0.0
<  13|H|  25> =         0.10E-03<-        0.0     ; <  13|  25> =         0.69E-35<-        0.0
<  13|H|  26> =        -0.41E-06<-        0.0     ; <  13|  26> =         0.69E-35<-        0.0
<  13|H|  27> =        -0.51E-04<-        0.0     ; <  13|  27> =        -0.17E-35<-        0.0
<  13|H|  28> =         0.72E-04<-        0.0     ; <  13|  28> =         0.34E-35<-        0.0
<  14|H|  14> =      9903.744106<-     9903.744106; <  14|  14> =         1.000000
<  14|H|  15> =        -0.55E-02<-        0.0     ; <  14|  15> =        -0.11E-34<-        0.0
<  14|H|  16> =        -0.31E-02<-        0.0     ; <  14|  16> =        -0.65E-35<-        0.0
<  14|H|  17> =        -0.71E-02<-        0.0     ; <  14|  17> =         0.17E-34<-        0.0
<  14|H|  18> =         0.54E-02<-        0.0     ; <  14|  18> =        -0.12E-34<-        0.0
<  14|H|  19> =         0.19E-02<-        0.0     ; <  14|  19> =         0.10E-34<-        0.0
<  14|H|  20> =        -0.56E-03<-        0.0     ; <  14|  20> =         0.15E-34<-        0.0
<  14|H|  21> =        -0.15E-02<-        0.0     ; <  14|  21> =        -0.94E-35<-        0.0
<  14|H|  22> =        -0.15E-02<-        0.0     ; <  14|  22> =         0.22E-35<-        0.0
<  14|H|  23> =         0.12E-02<-        0.0     ; <  14|  23> =         0.35E-35<-        0.0
<  14|H|  24> =         0.78E-03<-        0.0     ; <  14|  24> =         0.56E-35<-        0.0
<  14|H|  25> =         0.44E-03<-        0.0     ; <  14|  25> =        -0.52E-36<-        0.0
<  14|H|  26> =         0.21E-03<-        0.0     ; <  14|  26> =        -0.77E-35<-        0.0
<  14|H|  27> =         0.63E-04<-        0.0     ; <  14|  27> =         0.75E-36<-        0.0
<  14|H|  28> =         0.19E-04<-        0.0     ; <  14|  28> =         0.73E-35<-        0.0
<  15|H|  15> =     10489.092034<-    10489.092034; <  15|  15> =         1.000000
<  15|H|  16> =         0.66E-02<-        0.0     ; <  15|  16> =        -0.22E-34<-        0.0
<  15|H|  17> =        -0.31E-02<-        0.0     ; <  15|  17> =         0.29E-34<-        0.0
<  15|H|  18> =         0.80E-02<-        0.0     ; <  15|  18> =         0.48E-35<-        0.0
<  15|H|  19> =         0.65E-02<-        0.0     ; <  15|  19> =        -0.23E-35<-        0.0
<  15|H|  20> =         0.27E-02<-        0.0     ; <  15|  20> =         0.10E-34<-        0.0
<  15|H|  21> =        -0.17E-03<-        0.0     ; <  15|  21> =        -0.44E-35<-        0.0
<  15|H|  22> =        -0.15E-02<-        0.0     ; <  15|  22> =         0.27E-35<-        0.0
<  15|H|  23> =         0.17E-02<-        0.0     ; <  15|  23> =        -0.14E-35<-        0.0
<  15|H|  24> =         0.15E-02<-        0.0     ; <  15|  24> =        -0.60E-37<-        0.0
<  15|H|  25> =         0.10E-02<-        0.0     ; <  15|  25> =         0.25E-35<-        0.0
<  15|H|  26> =         0.65E-03<-        0.0     ; <  15|  26> =        -0.28E-35<-        0.0
<  15|H|  27> =         0.36E-03<-        0.0     ; <  15|  27> =        -0.43E-35<-        0.0
<  15|H|  28> =        -0.16E-03<-        0.0     ; <  15|  28> =         0.13E-34<-        0.0
<  16|H|  16> =     11060.827164<-    11060.827164; <  16|  16> =         1.000000
<  16|H|  17> =        -0.78E-02<-        0.0     ; <  16|  17> =         0.18E-34<-        0.0
<  16|H|  18> =        -0.29E-02<-        0.0     ; <  16|  18> =        -0.16E-34<-        0.0
<  16|H|  19> =        -0.88E-02<-        0.0     ; <  16|  19> =         0.84E-35<-        0.0
<  16|H|  20> =        -0.77E-02<-        0.0     ; <  16|  20> =         0.17E-34<-        0.0
<  16|H|  21> =        -0.37E-02<-        0.0     ; <  16|  21> =         0.85E-35<-        0.0
<  16|H|  22> =        -0.37E-03<-        0.0     ; <  16|  22> =        -0.23E-34<-        0.0
<  16|H|  23> =        -0.14E-02<-        0.0     ; <  16|  23> =        -0.10E-35<-        0.0
<  16|H|  24> =        -0.19E-02<-        0.0     ; <  16|  24> =         0.65E-35<-        0.0
<  16|H|  25> =        -0.17E-02<-        0.0     ; <  16|  25> =         0.14E-35<-        0.0
<  16|H|  26> =        -0.13E-02<-        0.0     ; <  16|  26> =        -0.30E-35<-        0.0
<  16|H|  27> =        -0.90E-03<-        0.0     ; <  16|  27> =         0.93E-35<-        0.0
<  16|H|  28> =         0.55E-03<-        0.0     ; <  16|  28> =        -0.25E-35<-        0.0
<  17|H|  17> =     11618.751427<-    11618.751427; <  17|  17> =         1.000000
<  17|H|  18> =         0.91E-02<-        0.0     ; <  17|  18> =         0.24E-34<-        0.0
<  17|H|  19> =        -0.26E-02<-        0.0     ; <  17|  19> =        -0.52E-36<-        0.0
<  17|H|  20> =        -0.96E-02<-        0.0     ; <  17|  20> =        -0.22E-34<-        0.0
<  17|H|  21> =        -0.90E-02<-        0.0     ; <  17|  21> =         0.16E-34<-        0.0
<  17|H|  22> =        -0.49E-02<-        0.0     ; <  17|  22> =        -0.45E-35<-        0.0
<  17|H|  23> =         0.11E-02<-        0.0     ; <  17|  23> =        -0.20E-35<-        0.0
<  17|H|  24> =        -0.11E-02<-        0.0     ; <  17|  24> =         0.15E-34<-        0.0
<  17|H|  25> =        -0.20E-02<-        0.0     ; <  17|  25> =        -0.84E-36<-        0.0
<  17|H|  26> =        -0.20E-02<-        0.0     ; <  17|  26> =        -0.86E-35<-        0.0
<  17|H|  27> =        -0.16E-02<-        0.0     ; <  17|  27> =        -0.98E-35<-        0.0
<  17|H|  28> =         0.12E-02<-        0.0     ; <  17|  28> =         0.23E-35<-        0.0
<  18|H|  18> =     12162.663064<-    12162.663064; <  18|  18> =         1.000000
<  18|H|  19> =        -0.10E-01<-        0.0     ; <  18|  19> =         0.80E-34<-        0.0
<  18|H|  20> =         0.22E-02<-        0.0     ; <  18|  20> =         0.41E-34<-        0.0
<  18|H|  21> =         0.10E-01<-        0.0     ; <  18|  21> =        -0.35E-34<-        0.0
<  18|H|  22> =         0.10E-01<-        0.0     ; <  18|  22> =         0.98E-35<-        0.0
<  18|H|  23> =        -0.62E-02<-        0.0     ; <  18|  23> =        -0.11E-34<-        0.0
<  18|H|  24> =        -0.20E-02<-        0.0     ; <  18|  24> =        -0.11E-34<-        0.0
<  18|H|  25> =         0.70E-03<-        0.0     ; <  18|  25> =         0.28E-35<-        0.0
<  18|H|  26> =         0.19E-02<-        0.0     ; <  18|  26> =        -0.17E-35<-        0.0
<  18|H|  27> =         0.22E-02<-        0.0     ; <  18|  27> =        -0.51E-35<-        0.0
<  18|H|  28> =        -0.19E-02<-        0.0     ; <  18|  28> =        -0.25E-35<-        0.0
<  19|H|  19> =     12692.356680<-    12692.356680; <  19|  19> =         1.000000
<  19|H|  20> =        -0.12E-01<-        0.0     ; <  19|  20> =        -0.22E-34<-        0.0
<  19|H|  21> =         0.16E-02<-        0.0     ; <  19|  21> =        -0.19E-34<-        0.0
<  19|H|  22> =         0.11E-01<-        0.0     ; <  19|  22> =         0.36E-35<-        0.0
<  19|H|  23> =        -0.11E-01<-        0.0     ; <  19|  23> =         0.13E-34<-        0.0
<  19|H|  24> =        -0.76E-02<-        0.0     ; <  19|  24> =        -0.30E-35<-        0.0
<  19|H|  25> =        -0.31E-02<-        0.0     ; <  19|  25> =         0.41E-35<-        0.0
<  19|H|  26> =         0.65E-04<-        0.0     ; <  19|  26> =        -0.37E-36<-        0.0
<  19|H|  27> =         0.17E-02<-        0.0     ; <  19|  27> =        -0.40E-35<-        0.0
<  19|H|  28> =        -0.23E-02<-        0.0     ; <  19|  28> =         0.14E-34<-        0.0
<  20|H|  20> =     13207.623312<-    13207.623312; <  20|  20> =         1.000000
<  20|H|  21> =        -0.13E-01<-        0.0     ; <  20|  21> =        -0.24E-34<-        0.0
<  20|H|  22> =         0.90E-03<-        0.0     ; <  20|  22> =        -0.16E-34<-        0.0
<  20|H|  23> =        -0.11E-01<-        0.0     ; <  20|  23> =         0.87E-35<-        0.0
<  20|H|  24> =        -0.13E-01<-        0.0     ; <  20|  24> =        -0.75E-35<-        0.0
<  20|H|  25> =        -0.90E-02<-        0.0     ; <  20|  25> =         0.48E-35<-        0.0
<  20|H|  26> =        -0.44E-02<-        0.0     ; <  20|  26> =         0.11E-34<-        0.0
<  20|H|  27> =        -0.78E-03<-        0.0     ; <  20|  27> =        -0.79E-37<-        0.0
<  20|H|  28> =        -0.13E-02<-        0.0     ; <  20|  28> =         0.94E-35<-        0.0
<  21|H|  21> =     13708.250490<-    13708.250490; <  21|  21> =         1.000000
<  21|H|  22> =        -0.15E-01<-        0.0     ; <  21|  22> =         0.70E-34<-        0.0
<  21|H|  23> =         0.66E-05<-        0.0     ; <  21|  23> =        -0.37E-34<-        0.0
<  21|H|  24> =        -0.11E-01<-        0.0     ; <  21|  24> =        -0.21E-34<-        0.0
<  21|H|  25> =        -0.14E-01<-        0.0     ; <  21|  25> =         0.13E-34<-        0.0
<  21|H|  26> =        -0.11E-01<-        0.0     ; <  21|  26> =         0.18E-34<-        0.0
<  21|H|  27> =        -0.58E-02<-        0.0     ; <  21|  27> =         0.18E-34<-        0.0
<  21|H|  28> =         0.19E-02<-        0.0     ; <  21|  28> =        -0.28E-35<-        0.0
<  22|H|  22> =     14194.022312<-    14194.022312; <  22|  22> =         1.000000
<  22|H|  23> =         0.17E-01<-        0.0     ; <  22|  23> =        -0.40E-34<-        0.0
<  22|H|  24> =         0.11E-02<-        0.0     ; <  22|  24> =         0.21E-34<-        0.0
<  22|H|  25> =        -0.11E-01<-        0.0     ; <  22|  25> =        -0.28E-34<-        0.0
<  22|H|  26> =        -0.14E-01<-        0.0     ; <  22|  26> =         0.92E-35<-        0.0
<  22|H|  27> =        -0.12E-01<-        0.0     ; <  22|  27> =        -0.17E-34<-        0.0
<  22|H|  28> =         0.74E-02<-        0.0     ; <  22|  28> =         0.42E-35<-        0.0
<  23|H|  23> =     14664.719501<-    14664.719501; <  23|  23> =         1.000000
<  23|H|  24> =        -0.18E-01<-        0.0     ; <  23|  24> =        -0.35E-34<-        0.0
<  23|H|  25> =        -0.23E-02<-        0.0     ; <  23|  25> =         0.16E-34<-        0.0
<  23|H|  26> =         0.11E-01<-        0.0     ; <  23|  26> =         0.12E-34<-        0.0
<  23|H|  27> =         0.15E-01<-        0.0     ; <  23|  27> =         0.41E-34<-        0.0
<  23|H|  28> =        -0.13E-01<-        0.0     ; <  23|  28> =        -0.26E-35<-        0.0
<  24|H|  24> =     15120.119472<-    15120.119472; <  24|  24> =         1.000000
<  24|H|  25> =        -0.20E-01<-        0.0     ; <  24|  25> =        -0.85E-34<-        0.0
<  24|H|  26> =        -0.37E-02<-        0.0     ; <  24|  26> =        -0.41E-34<-        0.0
<  24|H|  27> =         0.98E-02<-        0.0     ; <  24|  27> =         0.17E-34<-        0.0
<  24|H|  28> =        -0.16E-01<-        0.0     ; <  24|  28> =         0.37E-34<-        0.0
<  25|H|  25> =     15559.996383<-    15559.996383; <  25|  25> =         1.000000
<  25|H|  26> =        -0.21E-01<-        0.0     ; <  25|  26> =         0.35E-34<-        0.0
<  25|H|  27> =        -0.52E-02<-        0.0     ; <  25|  27> =        -0.18E-35<-        0.0
<  25|H|  28> =        -0.89E-02<-        0.0     ; <  25|  28> =        -0.32E-35<-        0.0
<  26|H|  26> =     15984.121173<-    15984.121173; <  26|  26> =         1.000000
<  26|H|  27> =        -0.23E-01<-        0.0     ; <  26|  27> =         0.25E-35<-        0.0
<  26|H|  28> =         0.68E-02<-        0.0     ; <  26|  28> =        -0.32E-34<-        0.0
<  27|H|  27> =     16392.261600<-    16392.261600; <  27|  27> =         1.000000
<  27|H|  28> =         0.24E-01<-        0.0     ; <  27|  28> =        -0.57E-34<-        0.0
<  28|H|  28> =     16784.182247<-    16784.182247; <  28|  28> =         1.000000
Maximal deviation sigma =  | <i|H|j>-E delta_ij | is         0.02405617
rms deviation is         0.06396616

Primitive matrix elements...
 1D basis set #        2 (1DNUMEROV #   2)
 Order    =      8
 Size     =     28
 Nmodes   =      1
 Modes:     2
 params  =         0.00000000        0.00000000        0.00000000
FLbset1DNew/end

FLbset1DNew/start

******************** Associate laguerre functions primitive matrix elements calculations
nmax =       28
kmax =       16
lmax =       44
maxorder =        8
icoord =    3
rho_b (x) =       0.0000    140.0000
rhostep (x) =       0.0006
Laguerre parameter sqrt(f/g) =       5.0000
 K =        0

 Optimized energies are:
       0       0        0.00000000
       0       1     1294.64984053
       0       2     2583.44717441
       0       3     3864.51989129
       0       4     5136.64321067
       0       5     6398.92453582
       0       6     7650.51316295
       0       7     8890.46172082
       0       8    10117.01179265
       0       9    11329.44926588
       0      10    12523.46618118
       0      11    13693.78271825
       0      12    14855.00451473
       0      13    15921.02776807
       0      14    16985.90045644
       0      15    18114.02460322
       0      16    19203.64615650
       0      17    20822.82569522
       0      18    22262.35542070
       0      19    24237.94879110
       0      20    26230.62574942
       0      21    28935.64639010
       0      22    30830.66747111
       0      23    35053.99360292
       0      24    41644.41776337
       0      25    53534.94967773
       0      26    78316.73284333
       0      27   158648.18116870
       0      28  1129782.89904415
 K =        1

 Optimized energies are:
       1       0       20.89224429
       1       1     1316.54318220
       1       2     2606.48626999
       1       3     3888.88709308
       1       4     5162.57111559
       1       5     6426.71570267
       1       6     7680.58345086
       1       7     8923.28788639
       1       8    10153.78864080
       1       9    11369.73483759
       1      10    12572.66941280
       1      11    13752.72493430
       1      12    14923.29729979
       1      13    16094.69920456
       1      14    17219.62074822
       1      15    18542.40387368
       1      16    19781.62239032
       1      17    21326.79513243
       1      18    23059.90414778
       1      19    24778.65087876
       1      20    27167.26121156
       1      21    29504.44818215
       1      22    31744.75404419
       1      23    36150.56746579
       1      24    43323.80503854
       1      25    56112.32535487
       1      26    82896.13227715
       1      27   170536.37970922
       1      28  1234317.64054155
